system	regime	round	iter	us	exit_layer	binary
ours	stable	1	0	621660.9	4	ddc8008cdeaf
ours	stable	1	1	17407.2	4	ddc8008cdeaf
ours	stable	1	2	4158.0	4	ddc8008cdeaf
ours	stable	1	3	1631.0	4	ddc8008cdeaf
ours	stable	1	4	17127.0	4	ddc8008cdeaf
ours	stable	1	5	5136.0	4	ddc8008cdeaf
ours	stable	1	6	1073.8	4	ddc8008cdeaf
ours	stable	1	7	3716.0	4	ddc8008cdeaf
ours	stable	1	8	1089.1	4	ddc8008cdeaf
ours	stable	1	9	1074.1	4	ddc8008cdeaf
ours	stable	1	10	3650.2	4	ddc8008cdeaf
ours	stable	1	11	1101.0	4	ddc8008cdeaf
ours	stable	1	12	1088.1	4	ddc8008cdeaf
ours	stable	1	13	1086.0	4	ddc8008cdeaf
ours	stable	1	14	3924.1	4	ddc8008cdeaf
ours	stable	1	15	1068.1	4	ddc8008cdeaf
ours	stable	1	16	1114.8	4	ddc8008cdeaf
ours	stable	1	17	1087.0	4	ddc8008cdeaf
ours	stable	1	18	1062.2	4	ddc8008cdeaf
ours	stable	1	19	4169.0	4	ddc8008cdeaf
ours	stable	1	20	1091.0	4	ddc8008cdeaf
ours	stable	1	21	1060.0	4	ddc8008cdeaf
ours	stable	1	22	1066.9	4	ddc8008cdeaf
ours	stable	1	23	1098.2	4	ddc8008cdeaf
ours	stable	1	24	1316.1	4	ddc8008cdeaf
ours	stable	1	25	4400.0	4	ddc8008cdeaf
ours	stable	1	26	1072.9	4	ddc8008cdeaf
ours	stable	1	27	1132.0	4	ddc8008cdeaf
ours	stable	1	28	1098.9	4	ddc8008cdeaf
ours	stable	1	29	1133.0	4	ddc8008cdeaf
ours	stable	1	30	1121.0	4	ddc8008cdeaf
ours	stable	1	31	1067.9	4	ddc8008cdeaf
ours	stable	1	32	4108.9	4	ddc8008cdeaf
ours	stable	1	33	1093.9	4	ddc8008cdeaf
ours	stable	1	34	1040.0	4	ddc8008cdeaf
ours	stable	1	35	1061.0	4	ddc8008cdeaf
ours	stable	1	36	1090.0	4	ddc8008cdeaf
ours	stable	1	37	1066.0	4	ddc8008cdeaf
ours	stable	1	38	1133.9	4	ddc8008cdeaf
ours	stable	1	39	1123.2	4	ddc8008cdeaf
ours	stable	1	40	4330.9	4	ddc8008cdeaf
ours	stable	1	41	1087.9	4	ddc8008cdeaf
ours	stable	1	42	1059.1	4	ddc8008cdeaf
ours	stable	1	43	1083.1	4	ddc8008cdeaf
ours	stable	1	44	1082.9	4	ddc8008cdeaf
ours	stable	1	45	1069.8	4	ddc8008cdeaf
ours	stable	1	46	1066.9	4	ddc8008cdeaf
ours	stable	1	47	1079.1	4	ddc8008cdeaf
ours	stable	1	48	1066.0	4	ddc8008cdeaf
ours	stable	1	49	4775.0	4	ddc8008cdeaf
ours	stable	1	50	1111.0	4	ddc8008cdeaf
ours	stable	1	51	1068.1	4	ddc8008cdeaf
ours	stable	1	52	1137.0	4	ddc8008cdeaf
ours	stable	1	53	1081.0	4	ddc8008cdeaf
ours	stable	1	54	1076.0	4	ddc8008cdeaf
ours	stable	1	55	1090.0	4	ddc8008cdeaf
ours	stable	1	56	1121.0	4	ddc8008cdeaf
ours	stable	1	57	1092.2	4	ddc8008cdeaf
ours	stable	1	58	1049.0	4	ddc8008cdeaf
ours	stable	1	59	4909.0	4	ddc8008cdeaf
ours	stable	1	60	1077.9	4	ddc8008cdeaf
ours	stable	1	61	1065.0	4	ddc8008cdeaf
ours	stable	1	62	1102.9	4	ddc8008cdeaf
ours	stable	1	63	1061.0	4	ddc8008cdeaf
ours	stable	1	64	1068.8	4	ddc8008cdeaf
ours	stable	1	65	1098.9	4	ddc8008cdeaf
ours	stable	1	66	1127.0	4	ddc8008cdeaf
ours	stable	1	67	1076.2	4	ddc8008cdeaf
ours	stable	1	68	1077.9	4	ddc8008cdeaf
ours	stable	1	69	1074.8	4	ddc8008cdeaf
ours	stable	1	70	4920.0	4	ddc8008cdeaf
ours	stable	1	71	1085.0	4	ddc8008cdeaf
ours	stable	1	72	1078.1	4	ddc8008cdeaf
ours	stable	1	73	1083.1	4	ddc8008cdeaf
ours	stable	1	74	1078.1	4	ddc8008cdeaf
ours	stable	1	75	1066.0	4	ddc8008cdeaf
ours	stable	1	76	1046.2	4	ddc8008cdeaf
ours	stable	1	77	1056.0	4	ddc8008cdeaf
ours	stable	1	78	1064.1	4	ddc8008cdeaf
ours	stable	1	79	1067.2	4	ddc8008cdeaf
ours	stable	1	80	1066.0	4	ddc8008cdeaf
ours	stable	1	81	1095.1	4	ddc8008cdeaf
ours	stable	1	82	1084.1	4	ddc8008cdeaf
ours	stable	1	83	1095.1	4	ddc8008cdeaf
ours	stable	1	84	1130.1	4	ddc8008cdeaf
ours	stable	1	85	4861.8	4	ddc8008cdeaf
ours	stable	1	86	1076.0	4	ddc8008cdeaf
ours	stable	1	87	1106.0	4	ddc8008cdeaf
ours	stable	1	88	1066.9	4	ddc8008cdeaf
ours	stable	1	89	1054.0	4	ddc8008cdeaf
ours	stable	1	90	1139.2	4	ddc8008cdeaf
ours	stable	1	91	1092.9	4	ddc8008cdeaf
ours	stable	1	92	1089.1	4	ddc8008cdeaf
ours	stable	1	93	1094.1	4	ddc8008cdeaf
ours	stable	1	94	1102.0	4	ddc8008cdeaf
ours	stable	1	95	1051.9	4	ddc8008cdeaf
ours	stable	1	96	1032.8	4	ddc8008cdeaf
ours	stable	1	97	1096.0	4	ddc8008cdeaf
ours	stable	1	98	1066.0	4	ddc8008cdeaf
ours	stable	1	99	1046.9	4	ddc8008cdeaf
ours	stable	1	100	1045.0	4	ddc8008cdeaf
ours	stable	1	101	1055.0	4	ddc8008cdeaf
ours	stable	1	102	1023.1	4	ddc8008cdeaf
ours	stable	1	103	1079.1	4	ddc8008cdeaf
ours	stable	1	104	4783.2	4	ddc8008cdeaf
ours	stable	1	105	1087.0	4	ddc8008cdeaf
ours	stable	1	106	1044.0	4	ddc8008cdeaf
ours	stable	1	107	1054.0	4	ddc8008cdeaf
ours	stable	1	108	1101.0	4	ddc8008cdeaf
ours	stable	1	109	1072.9	4	ddc8008cdeaf
ours	stable	1	110	1039.0	4	ddc8008cdeaf
ours	stable	1	111	1052.9	4	ddc8008cdeaf
ours	stable	1	112	1030.9	4	ddc8008cdeaf
ours	stable	1	113	1051.9	4	ddc8008cdeaf
ours	stable	1	114	1052.9	4	ddc8008cdeaf
ours	stable	1	115	1049.0	4	ddc8008cdeaf
ours	stable	1	116	1047.8	4	ddc8008cdeaf
ours	stable	1	117	1039.0	4	ddc8008cdeaf
ours	stable	1	118	1067.9	4	ddc8008cdeaf
ours	stable	1	119	1045.2	4	ddc8008cdeaf
ours	stable	1	120	1103.9	4	ddc8008cdeaf
ours	stable	1	121	1098.9	4	ddc8008cdeaf
ours	stable	1	122	4900.0	4	ddc8008cdeaf
ours	stable	1	123	1067.2	4	ddc8008cdeaf
ours	stable	1	124	1103.9	4	ddc8008cdeaf
ours	stable	1	125	1064.1	4	ddc8008cdeaf
ours	stable	1	126	1086.0	4	ddc8008cdeaf
ours	stable	1	127	1039.0	4	ddc8008cdeaf
ours	stable	1	128	1107.0	4	ddc8008cdeaf
ours	stable	1	129	1038.1	4	ddc8008cdeaf
ours	stable	1	130	1056.0	4	ddc8008cdeaf
ours	stable	1	131	1025.0	4	ddc8008cdeaf
ours	stable	1	132	1044.0	4	ddc8008cdeaf
ours	stable	1	133	1044.0	4	ddc8008cdeaf
ours	stable	1	134	1044.0	4	ddc8008cdeaf
ours	stable	1	135	1040.9	4	ddc8008cdeaf
ours	stable	1	136	1037.8	4	ddc8008cdeaf
ours	stable	1	137	1057.1	4	ddc8008cdeaf
ours	stable	1	138	1116.0	4	ddc8008cdeaf
ours	stable	1	139	1071.9	4	ddc8008cdeaf
ours	stable	1	140	4818.0	4	ddc8008cdeaf
ours	stable	1	141	1064.1	4	ddc8008cdeaf
ours	stable	1	142	1035.0	4	ddc8008cdeaf
ours	stable	1	143	1040.0	4	ddc8008cdeaf
ours	stable	1	144	1041.9	4	ddc8008cdeaf
ours	stable	1	145	1060.0	4	ddc8008cdeaf
ours	stable	1	146	1040.0	4	ddc8008cdeaf
ours	stable	1	147	1107.9	4	ddc8008cdeaf
ours	stable	1	148	1100.1	4	ddc8008cdeaf
ours	stable	1	149	1041.2	4	ddc8008cdeaf
ours	stable	1	150	1035.0	4	ddc8008cdeaf
ours	stable	1	151	1041.2	4	ddc8008cdeaf
ours	stable	1	152	1037.8	4	ddc8008cdeaf
ours	stable	1	153	1044.0	4	ddc8008cdeaf
ours	stable	1	154	1085.0	4	ddc8008cdeaf
ours	stable	1	155	1068.8	4	ddc8008cdeaf
ours	stable	1	156	1040.9	4	ddc8008cdeaf
ours	stable	1	157	1058.1	4	ddc8008cdeaf
ours	stable	1	158	1053.1	4	ddc8008cdeaf
ours	stable	1	159	1038.1	4	ddc8008cdeaf
ours	stable	1	160	1036.9	4	ddc8008cdeaf
ours	stable	1	161	1050.9	4	ddc8008cdeaf
ours	stable	1	162	1028.1	4	ddc8008cdeaf
ours	stable	1	163	1054.0	4	ddc8008cdeaf
ours	stable	1	164	1102.9	4	ddc8008cdeaf
ours	stable	1	165	1260.0	4	ddc8008cdeaf
ours	stable	1	166	1112.0	4	ddc8008cdeaf
ours	stable	1	167	1182.1	4	ddc8008cdeaf
ours	stable	1	168	4747.2	4	ddc8008cdeaf
ours	stable	1	169	1066.9	4	ddc8008cdeaf
ours	stable	1	170	1056.0	4	ddc8008cdeaf
ours	stable	1	171	1033.1	4	ddc8008cdeaf
ours	stable	1	172	1071.0	4	ddc8008cdeaf
ours	stable	1	173	1083.1	4	ddc8008cdeaf
ours	stable	1	174	1100.1	4	ddc8008cdeaf
ours	stable	1	175	1045.0	4	ddc8008cdeaf
ours	stable	1	176	1041.2	4	ddc8008cdeaf
ours	stable	1	177	1067.9	4	ddc8008cdeaf
ours	stable	1	178	1052.9	4	ddc8008cdeaf
ours	stable	1	179	1038.8	4	ddc8008cdeaf
ours	stable	1	180	1068.8	4	ddc8008cdeaf
ours	stable	1	181	1033.1	4	ddc8008cdeaf
ours	stable	1	182	1030.2	4	ddc8008cdeaf
ours	stable	1	183	1100.1	4	ddc8008cdeaf
ours	stable	1	184	1040.0	4	ddc8008cdeaf
ours	stable	1	185	1064.1	4	ddc8008cdeaf
ours	stable	1	186	1060.0	4	ddc8008cdeaf
ours	stable	1	187	1088.1	4	ddc8008cdeaf
ours	stable	1	188	1023.1	4	ddc8008cdeaf
ours	stable	1	189	1025.9	4	ddc8008cdeaf
ours	stable	1	190	1096.0	4	ddc8008cdeaf
ours	stable	1	191	1048.1	4	ddc8008cdeaf
ours	stable	1	192	1050.0	4	ddc8008cdeaf
ours	stable	1	193	1063.8	4	ddc8008cdeaf
ours	stable	1	194	1056.0	4	ddc8008cdeaf
ours	stable	1	195	4735.9	4	ddc8008cdeaf
ours	stable	1	196	1062.9	4	ddc8008cdeaf
ours	stable	1	197	1046.9	4	ddc8008cdeaf
ours	stable	1	198	1023.1	4	ddc8008cdeaf
ours	stable	1	199	1051.9	4	ddc8008cdeaf
torch-eager	stable	1	0	128904.6	4	torch-2.14.0+cu130
torch-eager	stable	1	1	2418.3	4	torch-2.14.0+cu130
torch-eager	stable	1	2	2236.1	4	torch-2.14.0+cu130
torch-eager	stable	1	3	2344.8	4	torch-2.14.0+cu130
torch-eager	stable	1	4	2208.5	4	torch-2.14.0+cu130
torch-eager	stable	1	5	2184.9	4	torch-2.14.0+cu130
torch-eager	stable	1	6	2205.6	4	torch-2.14.0+cu130
torch-eager	stable	1	7	2196.3	4	torch-2.14.0+cu130
torch-eager	stable	1	8	2239.2	4	torch-2.14.0+cu130
torch-eager	stable	1	9	2221.6	4	torch-2.14.0+cu130
torch-eager	stable	1	10	2317.4	4	torch-2.14.0+cu130
torch-eager	stable	1	11	2171.5	4	torch-2.14.0+cu130
torch-eager	stable	1	12	2185.6	4	torch-2.14.0+cu130
torch-eager	stable	1	13	2171.5	4	torch-2.14.0+cu130
torch-eager	stable	1	14	2179.9	4	torch-2.14.0+cu130
torch-eager	stable	1	15	2195.6	4	torch-2.14.0+cu130
torch-eager	stable	1	16	2163.2	4	torch-2.14.0+cu130
torch-eager	stable	1	17	2197.3	4	torch-2.14.0+cu130
torch-eager	stable	1	18	2334.8	4	torch-2.14.0+cu130
torch-eager	stable	1	19	2183.2	4	torch-2.14.0+cu130
torch-eager	stable	1	20	2178.7	4	torch-2.14.0+cu130
torch-eager	stable	1	21	2171.3	4	torch-2.14.0+cu130
torch-eager	stable	1	22	2214.4	4	torch-2.14.0+cu130
torch-eager	stable	1	23	2188.9	4	torch-2.14.0+cu130
torch-eager	stable	1	24	2176.3	4	torch-2.14.0+cu130
torch-eager	stable	1	25	2248.0	4	torch-2.14.0+cu130
torch-eager	stable	1	26	2178.0	4	torch-2.14.0+cu130
torch-eager	stable	1	27	2189.9	4	torch-2.14.0+cu130
torch-eager	stable	1	28	2203.5	4	torch-2.14.0+cu130
torch-eager	stable	1	29	2176.8	4	torch-2.14.0+cu130
torch-eager	stable	1	30	2211.1	4	torch-2.14.0+cu130
torch-eager	stable	1	31	2176.0	4	torch-2.14.0+cu130
torch-eager	stable	1	32	2187.5	4	torch-2.14.0+cu130
torch-eager	stable	1	33	2332.7	4	torch-2.14.0+cu130
torch-eager	stable	1	34	2178.9	4	torch-2.14.0+cu130
torch-eager	stable	1	35	2162.2	4	torch-2.14.0+cu130
torch-eager	stable	1	36	2164.8	4	torch-2.14.0+cu130
torch-eager	stable	1	37	2174.4	4	torch-2.14.0+cu130
torch-eager	stable	1	38	2190.1	4	torch-2.14.0+cu130
torch-eager	stable	1	39	2180.6	4	torch-2.14.0+cu130
torch-eager	stable	1	40	2189.9	4	torch-2.14.0+cu130
torch-eager	stable	1	41	2247.3	4	torch-2.14.0+cu130
torch-eager	stable	1	42	2209.7	4	torch-2.14.0+cu130
torch-eager	stable	1	43	2204.4	4	torch-2.14.0+cu130
torch-eager	stable	1	44	2184.6	4	torch-2.14.0+cu130
torch-eager	stable	1	45	2211.6	4	torch-2.14.0+cu130
torch-eager	stable	1	46	2148.4	4	torch-2.14.0+cu130
torch-eager	stable	1	47	2151.7	4	torch-2.14.0+cu130
torch-eager	stable	1	48	1948.4	4	torch-2.14.0+cu130
torch-eager	stable	1	49	1948.6	4	torch-2.14.0+cu130
torch-eager	stable	1	50	2019.6	4	torch-2.14.0+cu130
torch-eager	stable	1	51	1941.9	4	torch-2.14.0+cu130
torch-eager	stable	1	52	3789.4	4	torch-2.14.0+cu130
torch-eager	stable	1	53	2824.5	4	torch-2.14.0+cu130
torch-eager	stable	1	54	2137.2	4	torch-2.14.0+cu130
torch-eager	stable	1	55	2126.2	4	torch-2.14.0+cu130
torch-eager	stable	1	56	2173.7	4	torch-2.14.0+cu130
torch-eager	stable	1	57	2147.7	4	torch-2.14.0+cu130
torch-eager	stable	1	58	2149.1	4	torch-2.14.0+cu130
torch-eager	stable	1	59	2124.1	4	torch-2.14.0+cu130
torch-eager	stable	1	60	2183.9	4	torch-2.14.0+cu130
torch-eager	stable	1	61	2172.0	4	torch-2.14.0+cu130
torch-eager	stable	1	62	2588.3	4	torch-2.14.0+cu130
torch-eager	stable	1	63	2352.2	4	torch-2.14.0+cu130
torch-eager	stable	1	64	2195.1	4	torch-2.14.0+cu130
torch-eager	stable	1	65	2240.2	4	torch-2.14.0+cu130
torch-eager	stable	1	66	2202.3	4	torch-2.14.0+cu130
torch-eager	stable	1	67	2212.8	4	torch-2.14.0+cu130
torch-eager	stable	1	68	2180.8	4	torch-2.14.0+cu130
torch-eager	stable	1	69	2237.6	4	torch-2.14.0+cu130
torch-eager	stable	1	70	2370.6	4	torch-2.14.0+cu130
torch-eager	stable	1	71	2229.9	4	torch-2.14.0+cu130
torch-eager	stable	1	72	2266.6	4	torch-2.14.0+cu130
torch-eager	stable	1	73	2202.5	4	torch-2.14.0+cu130
torch-eager	stable	1	74	2245.4	4	torch-2.14.0+cu130
torch-eager	stable	1	75	2220.4	4	torch-2.14.0+cu130
torch-eager	stable	1	76	2240.4	4	torch-2.14.0+cu130
torch-eager	stable	1	77	2190.4	4	torch-2.14.0+cu130
torch-eager	stable	1	78	2231.4	4	torch-2.14.0+cu130
torch-eager	stable	1	79	2178.4	4	torch-2.14.0+cu130
torch-eager	stable	1	80	2188.2	4	torch-2.14.0+cu130
torch-eager	stable	1	81	2190.6	4	torch-2.14.0+cu130
torch-eager	stable	1	82	2193.7	4	torch-2.14.0+cu130
torch-eager	stable	1	83	2193.2	4	torch-2.14.0+cu130
torch-eager	stable	1	84	2182.7	4	torch-2.14.0+cu130
torch-eager	stable	1	85	2326.7	4	torch-2.14.0+cu130
torch-eager	stable	1	86	2181.3	4	torch-2.14.0+cu130
torch-eager	stable	1	87	2205.8	4	torch-2.14.0+cu130
torch-eager	stable	1	88	2215.1	4	torch-2.14.0+cu130
torch-eager	stable	1	89	2224.4	4	torch-2.14.0+cu130
torch-eager	stable	1	90	2199.2	4	torch-2.14.0+cu130
torch-eager	stable	1	91	2208.2	4	torch-2.14.0+cu130
torch-eager	stable	1	92	2245.2	4	torch-2.14.0+cu130
torch-eager	stable	1	93	2284.3	4	torch-2.14.0+cu130
torch-eager	stable	1	94	2247.1	4	torch-2.14.0+cu130
torch-eager	stable	1	95	2227.3	4	torch-2.14.0+cu130
torch-eager	stable	1	96	2201.3	4	torch-2.14.0+cu130
torch-eager	stable	1	97	2206.6	4	torch-2.14.0+cu130
torch-eager	stable	1	98	2203.2	4	torch-2.14.0+cu130
torch-eager	stable	1	99	2203.9	4	torch-2.14.0+cu130
torch-eager	stable	1	100	2360.6	4	torch-2.14.0+cu130
torch-eager	stable	1	101	2186.3	4	torch-2.14.0+cu130
torch-eager	stable	1	102	2207.3	4	torch-2.14.0+cu130
torch-eager	stable	1	103	2215.6	4	torch-2.14.0+cu130
torch-eager	stable	1	104	2216.8	4	torch-2.14.0+cu130
torch-eager	stable	1	105	2228.0	4	torch-2.14.0+cu130
torch-eager	stable	1	106	2188.4	4	torch-2.14.0+cu130
torch-eager	stable	1	107	2202.5	4	torch-2.14.0+cu130
torch-eager	stable	1	108	2274.0	4	torch-2.14.0+cu130
torch-eager	stable	1	109	2219.7	4	torch-2.14.0+cu130
torch-eager	stable	1	110	2200.1	4	torch-2.14.0+cu130
torch-eager	stable	1	111	2220.2	4	torch-2.14.0+cu130
torch-eager	stable	1	112	2200.1	4	torch-2.14.0+cu130
torch-eager	stable	1	113	2222.1	4	torch-2.14.0+cu130
torch-eager	stable	1	114	2221.8	4	torch-2.14.0+cu130
torch-eager	stable	1	115	2358.2	4	torch-2.14.0+cu130
torch-eager	stable	1	116	2172.5	4	torch-2.14.0+cu130
torch-eager	stable	1	117	2185.6	4	torch-2.14.0+cu130
torch-eager	stable	1	118	2169.4	4	torch-2.14.0+cu130
torch-eager	stable	1	119	2191.1	4	torch-2.14.0+cu130
torch-eager	stable	1	120	2186.3	4	torch-2.14.0+cu130
torch-eager	stable	1	121	2176.3	4	torch-2.14.0+cu130
torch-eager	stable	1	122	2179.4	4	torch-2.14.0+cu130
torch-eager	stable	1	123	2268.1	4	torch-2.14.0+cu130
torch-eager	stable	1	124	2197.3	4	torch-2.14.0+cu130
torch-eager	stable	1	125	2208.2	4	torch-2.14.0+cu130
torch-eager	stable	1	126	2202.5	4	torch-2.14.0+cu130
torch-eager	stable	1	127	2191.1	4	torch-2.14.0+cu130
torch-eager	stable	1	128	2195.8	4	torch-2.14.0+cu130
torch-eager	stable	1	129	2229.5	4	torch-2.14.0+cu130
torch-eager	stable	1	130	2319.8	4	torch-2.14.0+cu130
torch-eager	stable	1	131	2197.7	4	torch-2.14.0+cu130
torch-eager	stable	1	132	2195.1	4	torch-2.14.0+cu130
torch-eager	stable	1	133	2187.5	4	torch-2.14.0+cu130
torch-eager	stable	1	134	2210.4	4	torch-2.14.0+cu130
torch-eager	stable	1	135	2194.2	4	torch-2.14.0+cu130
torch-eager	stable	1	136	2191.8	4	torch-2.14.0+cu130
torch-eager	stable	1	137	2217.3	4	torch-2.14.0+cu130
torch-eager	stable	1	138	2306.2	4	torch-2.14.0+cu130
torch-eager	stable	1	139	2195.6	4	torch-2.14.0+cu130
torch-eager	stable	1	140	2211.1	4	torch-2.14.0+cu130
torch-eager	stable	1	141	2211.8	4	torch-2.14.0+cu130
torch-eager	stable	1	142	2207.8	4	torch-2.14.0+cu130
torch-eager	stable	1	143	2218.7	4	torch-2.14.0+cu130
torch-eager	stable	1	144	2173.7	4	torch-2.14.0+cu130
torch-eager	stable	1	145	2357.2	4	torch-2.14.0+cu130
torch-eager	stable	1	146	2196.3	4	torch-2.14.0+cu130
torch-eager	stable	1	147	2202.3	4	torch-2.14.0+cu130
torch-eager	stable	1	148	2236.1	4	torch-2.14.0+cu130
torch-eager	stable	1	149	2239.9	4	torch-2.14.0+cu130
torch-eager	stable	1	150	2196.1	4	torch-2.14.0+cu130
torch-eager	stable	1	151	2224.0	4	torch-2.14.0+cu130
torch-eager	stable	1	152	2199.6	4	torch-2.14.0+cu130
torch-eager	stable	1	153	2296.9	4	torch-2.14.0+cu130
torch-eager	stable	1	154	2261.2	4	torch-2.14.0+cu130
torch-eager	stable	1	155	2183.2	4	torch-2.14.0+cu130
torch-eager	stable	1	156	2214.4	4	torch-2.14.0+cu130
torch-eager	stable	1	157	2196.8	4	torch-2.14.0+cu130
torch-eager	stable	1	158	2206.6	4	torch-2.14.0+cu130
torch-eager	stable	1	159	2175.1	4	torch-2.14.0+cu130
torch-eager	stable	1	160	2347.9	4	torch-2.14.0+cu130
torch-eager	stable	1	161	2204.7	4	torch-2.14.0+cu130
torch-eager	stable	1	162	2212.0	4	torch-2.14.0+cu130
torch-eager	stable	1	163	2193.9	4	torch-2.14.0+cu130
torch-eager	stable	1	164	2192.5	4	torch-2.14.0+cu130
torch-eager	stable	1	165	2183.7	4	torch-2.14.0+cu130
torch-eager	stable	1	166	2204.7	4	torch-2.14.0+cu130
torch-eager	stable	1	167	2248.0	4	torch-2.14.0+cu130
torch-eager	stable	1	168	2247.1	4	torch-2.14.0+cu130
torch-eager	stable	1	169	2248.5	4	torch-2.14.0+cu130
torch-eager	stable	1	170	2208.2	4	torch-2.14.0+cu130
torch-eager	stable	1	171	2204.9	4	torch-2.14.0+cu130
torch-eager	stable	1	172	2250.4	4	torch-2.14.0+cu130
torch-eager	stable	1	173	2203.7	4	torch-2.14.0+cu130
torch-eager	stable	1	174	2179.1	4	torch-2.14.0+cu130
torch-eager	stable	1	175	2377.5	4	torch-2.14.0+cu130
torch-eager	stable	1	176	2192.0	4	torch-2.14.0+cu130
torch-eager	stable	1	177	2191.3	4	torch-2.14.0+cu130
torch-eager	stable	1	178	2212.3	4	torch-2.14.0+cu130
torch-eager	stable	1	179	2187.7	4	torch-2.14.0+cu130
torch-eager	stable	1	180	2225.2	4	torch-2.14.0+cu130
torch-eager	stable	1	181	2240.9	4	torch-2.14.0+cu130
torch-eager	stable	1	182	2242.6	4	torch-2.14.0+cu130
torch-eager	stable	1	183	2237.8	4	torch-2.14.0+cu130
torch-eager	stable	1	184	2204.7	4	torch-2.14.0+cu130
torch-eager	stable	1	185	2189.9	4	torch-2.14.0+cu130
torch-eager	stable	1	186	2201.1	4	torch-2.14.0+cu130
torch-eager	stable	1	187	2182.5	4	torch-2.14.0+cu130
torch-eager	stable	1	188	2179.1	4	torch-2.14.0+cu130
torch-eager	stable	1	189	2187.5	4	torch-2.14.0+cu130
torch-eager	stable	1	190	2336.3	4	torch-2.14.0+cu130
torch-eager	stable	1	191	2184.4	4	torch-2.14.0+cu130
torch-eager	stable	1	192	2161.0	4	torch-2.14.0+cu130
torch-eager	stable	1	193	2201.8	4	torch-2.14.0+cu130
torch-eager	stable	1	194	2206.3	4	torch-2.14.0+cu130
torch-eager	stable	1	195	2189.9	4	torch-2.14.0+cu130
torch-eager	stable	1	196	2180.3	4	torch-2.14.0+cu130
torch-eager	stable	1	197	2231.6	4	torch-2.14.0+cu130
torch-eager	stable	1	198	2269.3	4	torch-2.14.0+cu130
torch-eager	stable	1	199	2214.0	4	torch-2.14.0+cu130
torch-compile	stable	1	0	841002.9	4	torch-2.14.0+cu130
torch-compile	stable	1	1	1827.7	4	torch-2.14.0+cu130
torch-compile	stable	1	2	1487.0	4	torch-2.14.0+cu130
torch-compile	stable	1	3	1440.8	4	torch-2.14.0+cu130
torch-compile	stable	1	4	1455.3	4	torch-2.14.0+cu130
torch-compile	stable	1	5	1443.1	4	torch-2.14.0+cu130
torch-compile	stable	1	6	1453.2	4	torch-2.14.0+cu130
torch-compile	stable	1	7	1462.9	4	torch-2.14.0+cu130
torch-compile	stable	1	8	1425.3	4	torch-2.14.0+cu130
torch-compile	stable	1	9	1432.7	4	torch-2.14.0+cu130
torch-compile	stable	1	10	1435.8	4	torch-2.14.0+cu130
torch-compile	stable	1	11	1445.1	4	torch-2.14.0+cu130
torch-compile	stable	1	12	1420.7	4	torch-2.14.0+cu130
torch-compile	stable	1	13	1437.2	4	torch-2.14.0+cu130
torch-compile	stable	1	14	1431.0	4	torch-2.14.0+cu130
torch-compile	stable	1	15	1439.1	4	torch-2.14.0+cu130
torch-compile	stable	1	16	1425.3	4	torch-2.14.0+cu130
torch-compile	stable	1	17	1440.5	4	torch-2.14.0+cu130
torch-compile	stable	1	18	1429.8	4	torch-2.14.0+cu130
torch-compile	stable	1	19	1428.1	4	torch-2.14.0+cu130
torch-compile	stable	1	20	1433.4	4	torch-2.14.0+cu130
torch-compile	stable	1	21	1432.2	4	torch-2.14.0+cu130
torch-compile	stable	1	22	1421.2	4	torch-2.14.0+cu130
torch-compile	stable	1	23	1472.2	4	torch-2.14.0+cu130
torch-compile	stable	1	24	1429.6	4	torch-2.14.0+cu130
torch-compile	stable	1	25	1425.7	4	torch-2.14.0+cu130
torch-compile	stable	1	26	1446.0	4	torch-2.14.0+cu130
torch-compile	stable	1	27	1425.7	4	torch-2.14.0+cu130
torch-compile	stable	1	28	1452.0	4	torch-2.14.0+cu130
torch-compile	stable	1	29	1428.8	4	torch-2.14.0+cu130
torch-compile	stable	1	30	1415.5	4	torch-2.14.0+cu130
torch-compile	stable	1	31	1435.0	4	torch-2.14.0+cu130
torch-compile	stable	1	32	1443.9	4	torch-2.14.0+cu130
torch-compile	stable	1	33	1459.8	4	torch-2.14.0+cu130
torch-compile	stable	1	34	1439.6	4	torch-2.14.0+cu130
torch-compile	stable	1	35	1418.4	4	torch-2.14.0+cu130
torch-compile	stable	1	36	1438.4	4	torch-2.14.0+cu130
torch-compile	stable	1	37	1447.9	4	torch-2.14.0+cu130
torch-compile	stable	1	38	1417.6	4	torch-2.14.0+cu130
torch-compile	stable	1	39	1436.5	4	torch-2.14.0+cu130
torch-compile	stable	1	40	1494.9	4	torch-2.14.0+cu130
torch-compile	stable	1	41	1434.3	4	torch-2.14.0+cu130
torch-compile	stable	1	42	1431.0	4	torch-2.14.0+cu130
torch-compile	stable	1	43	1416.4	4	torch-2.14.0+cu130
torch-compile	stable	1	44	1443.6	4	torch-2.14.0+cu130
torch-compile	stable	1	45	1431.7	4	torch-2.14.0+cu130
torch-compile	stable	1	46	1423.8	4	torch-2.14.0+cu130
torch-compile	stable	1	47	1433.6	4	torch-2.14.0+cu130
torch-compile	stable	1	48	1424.6	4	torch-2.14.0+cu130
torch-compile	stable	1	49	1425.5	4	torch-2.14.0+cu130
torch-compile	stable	1	50	1451.0	4	torch-2.14.0+cu130
torch-compile	stable	1	51	1421.9	4	torch-2.14.0+cu130
torch-compile	stable	1	52	1478.0	4	torch-2.14.0+cu130
torch-compile	stable	1	53	1415.3	4	torch-2.14.0+cu130
torch-compile	stable	1	54	1424.6	4	torch-2.14.0+cu130
torch-compile	stable	1	55	1426.9	4	torch-2.14.0+cu130
torch-compile	stable	1	56	1434.8	4	torch-2.14.0+cu130
torch-compile	stable	1	57	1426.9	4	torch-2.14.0+cu130
torch-compile	stable	1	58	1431.7	4	torch-2.14.0+cu130
torch-compile	stable	1	59	1413.8	4	torch-2.14.0+cu130
torch-compile	stable	1	60	1418.8	4	torch-2.14.0+cu130
torch-compile	stable	1	61	1461.3	4	torch-2.14.0+cu130
torch-compile	stable	1	62	1417.2	4	torch-2.14.0+cu130
torch-compile	stable	1	63	1422.9	4	torch-2.14.0+cu130
torch-compile	stable	1	64	1422.9	4	torch-2.14.0+cu130
torch-compile	stable	1	65	1392.4	4	torch-2.14.0+cu130
torch-compile	stable	1	66	1432.2	4	torch-2.14.0+cu130
torch-compile	stable	1	67	1428.1	4	torch-2.14.0+cu130
torch-compile	stable	1	68	1431.5	4	torch-2.14.0+cu130
torch-compile	stable	1	69	1422.2	4	torch-2.14.0+cu130
torch-compile	stable	1	70	1450.1	4	torch-2.14.0+cu130
torch-compile	stable	1	71	1450.1	4	torch-2.14.0+cu130
torch-compile	stable	1	72	1423.4	4	torch-2.14.0+cu130
torch-compile	stable	1	73	1413.1	4	torch-2.14.0+cu130
torch-compile	stable	1	74	1417.4	4	torch-2.14.0+cu130
torch-compile	stable	1	75	1416.0	4	torch-2.14.0+cu130
torch-compile	stable	1	76	1429.6	4	torch-2.14.0+cu130
torch-compile	stable	1	77	1425.0	4	torch-2.14.0+cu130
torch-compile	stable	1	78	1412.6	4	torch-2.14.0+cu130
torch-compile	stable	1	79	1417.6	4	torch-2.14.0+cu130
torch-compile	stable	1	80	1407.1	4	torch-2.14.0+cu130
torch-compile	stable	1	81	1419.8	4	torch-2.14.0+cu130
torch-compile	stable	1	82	1409.8	4	torch-2.14.0+cu130
torch-compile	stable	1	83	1423.1	4	torch-2.14.0+cu130
torch-compile	stable	1	84	1436.5	4	torch-2.14.0+cu130
torch-compile	stable	1	85	1437.2	4	torch-2.14.0+cu130
torch-compile	stable	1	86	1427.2	4	torch-2.14.0+cu130
torch-compile	stable	1	87	1464.8	4	torch-2.14.0+cu130
torch-compile	stable	1	88	1423.8	4	torch-2.14.0+cu130
torch-compile	stable	1	89	1455.8	4	torch-2.14.0+cu130
torch-compile	stable	1	90	1422.2	4	torch-2.14.0+cu130
torch-compile	stable	1	91	1394.7	4	torch-2.14.0+cu130
torch-compile	stable	1	92	1386.4	4	torch-2.14.0+cu130
torch-compile	stable	1	93	1393.1	4	torch-2.14.0+cu130
torch-compile	stable	1	94	1380.4	4	torch-2.14.0+cu130
torch-compile	stable	1	95	1407.4	4	torch-2.14.0+cu130
torch-compile	stable	1	96	1380.4	4	torch-2.14.0+cu130
torch-compile	stable	1	97	1375.4	4	torch-2.14.0+cu130
torch-compile	stable	1	98	1395.7	4	torch-2.14.0+cu130
torch-compile	stable	1	99	1407.1	4	torch-2.14.0+cu130
torch-compile	stable	1	100	1359.2	4	torch-2.14.0+cu130
torch-compile	stable	1	101	1384.3	4	torch-2.14.0+cu130
torch-compile	stable	1	102	1395.2	4	torch-2.14.0+cu130
torch-compile	stable	1	103	1386.9	4	torch-2.14.0+cu130
torch-compile	stable	1	104	1398.6	4	torch-2.14.0+cu130
torch-compile	stable	1	105	1380.2	4	torch-2.14.0+cu130
torch-compile	stable	1	106	1403.6	4	torch-2.14.0+cu130
torch-compile	stable	1	107	1411.9	4	torch-2.14.0+cu130
torch-compile	stable	1	108	1376.2	4	torch-2.14.0+cu130
torch-compile	stable	1	109	1390.7	4	torch-2.14.0+cu130
torch-compile	stable	1	110	1391.6	4	torch-2.14.0+cu130
torch-compile	stable	1	111	1446.7	4	torch-2.14.0+cu130
torch-compile	stable	1	112	1391.2	4	torch-2.14.0+cu130
torch-compile	stable	1	113	1392.8	4	torch-2.14.0+cu130
torch-compile	stable	1	114	1393.3	4	torch-2.14.0+cu130
torch-compile	stable	1	115	1370.9	4	torch-2.14.0+cu130
torch-compile	stable	1	116	1386.9	4	torch-2.14.0+cu130
torch-compile	stable	1	117	1398.6	4	torch-2.14.0+cu130
torch-compile	stable	1	118	1404.0	4	torch-2.14.0+cu130
torch-compile	stable	1	119	1380.2	4	torch-2.14.0+cu130
torch-compile	stable	1	120	1421.2	4	torch-2.14.0+cu130
torch-compile	stable	1	121	1425.0	4	torch-2.14.0+cu130
torch-compile	stable	1	122	1427.4	4	torch-2.14.0+cu130
torch-compile	stable	1	123	1399.5	4	torch-2.14.0+cu130
torch-compile	stable	1	124	1425.5	4	torch-2.14.0+cu130
torch-compile	stable	1	125	1391.6	4	torch-2.14.0+cu130
torch-compile	stable	1	126	1396.4	4	torch-2.14.0+cu130
torch-compile	stable	1	127	1385.9	4	torch-2.14.0+cu130
torch-compile	stable	1	128	1411.0	4	torch-2.14.0+cu130
torch-compile	stable	1	129	1382.4	4	torch-2.14.0+cu130
torch-compile	stable	1	130	1403.6	4	torch-2.14.0+cu130
torch-compile	stable	1	131	1385.2	4	torch-2.14.0+cu130
torch-compile	stable	1	132	1394.5	4	torch-2.14.0+cu130
torch-compile	stable	1	133	1403.6	4	torch-2.14.0+cu130
torch-compile	stable	1	134	1400.7	4	torch-2.14.0+cu130
torch-compile	stable	1	135	1387.6	4	torch-2.14.0+cu130
torch-compile	stable	1	136	1398.3	4	torch-2.14.0+cu130
torch-compile	stable	1	137	1385.7	4	torch-2.14.0+cu130
torch-compile	stable	1	138	1394.5	4	torch-2.14.0+cu130
torch-compile	stable	1	139	1437.2	4	torch-2.14.0+cu130
torch-compile	stable	1	140	1405.5	4	torch-2.14.0+cu130
torch-compile	stable	1	141	1425.7	4	torch-2.14.0+cu130
torch-compile	stable	1	142	1393.1	4	torch-2.14.0+cu130
torch-compile	stable	1	143	1380.9	4	torch-2.14.0+cu130
torch-compile	stable	1	144	1373.5	4	torch-2.14.0+cu130
torch-compile	stable	1	145	1416.4	4	torch-2.14.0+cu130
torch-compile	stable	1	146	1427.7	4	torch-2.14.0+cu130
torch-compile	stable	1	147	1413.1	4	torch-2.14.0+cu130
torch-compile	stable	1	148	1443.4	4	torch-2.14.0+cu130
torch-compile	stable	1	149	1388.1	4	torch-2.14.0+cu130
torch-compile	stable	1	150	1399.3	4	torch-2.14.0+cu130
torch-compile	stable	1	151	1400.2	4	torch-2.14.0+cu130
torch-compile	stable	1	152	1409.8	4	torch-2.14.0+cu130
torch-compile	stable	1	153	1412.9	4	torch-2.14.0+cu130
torch-compile	stable	1	154	1396.2	4	torch-2.14.0+cu130
torch-compile	stable	1	155	1378.3	4	torch-2.14.0+cu130
torch-compile	stable	1	156	1389.7	4	torch-2.14.0+cu130
torch-compile	stable	1	157	1386.4	4	torch-2.14.0+cu130
torch-compile	stable	1	158	1390.5	4	torch-2.14.0+cu130
torch-compile	stable	1	159	1374.5	4	torch-2.14.0+cu130
torch-compile	stable	1	160	1382.4	4	torch-2.14.0+cu130
torch-compile	stable	1	161	1391.9	4	torch-2.14.0+cu130
torch-compile	stable	1	162	1395.5	4	torch-2.14.0+cu130
torch-compile	stable	1	163	1414.5	4	torch-2.14.0+cu130
torch-compile	stable	1	164	1441.2	4	torch-2.14.0+cu130
torch-compile	stable	1	165	1390.2	4	torch-2.14.0+cu130
torch-compile	stable	1	166	1447.0	4	torch-2.14.0+cu130
torch-compile	stable	1	167	1402.1	4	torch-2.14.0+cu130
torch-compile	stable	1	168	1404.5	4	torch-2.14.0+cu130
torch-compile	stable	1	169	1405.2	4	torch-2.14.0+cu130
torch-compile	stable	1	170	1405.0	4	torch-2.14.0+cu130
torch-compile	stable	1	171	1375.7	4	torch-2.14.0+cu130
torch-compile	stable	1	172	1428.8	4	torch-2.14.0+cu130
torch-compile	stable	1	173	1387.1	4	torch-2.14.0+cu130
torch-compile	stable	1	174	1379.5	4	torch-2.14.0+cu130
torch-compile	stable	1	175	1395.5	4	torch-2.14.0+cu130
torch-compile	stable	1	176	1399.8	4	torch-2.14.0+cu130
torch-compile	stable	1	177	1402.9	4	torch-2.14.0+cu130
torch-compile	stable	1	178	1371.9	4	torch-2.14.0+cu130
torch-compile	stable	1	179	1379.3	4	torch-2.14.0+cu130
torch-compile	stable	1	180	1429.8	4	torch-2.14.0+cu130
torch-compile	stable	1	181	1404.8	4	torch-2.14.0+cu130
torch-compile	stable	1	182	1413.8	4	torch-2.14.0+cu130
torch-compile	stable	1	183	1402.4	4	torch-2.14.0+cu130
torch-compile	stable	1	184	1385.2	4	torch-2.14.0+cu130
torch-compile	stable	1	185	1375.2	4	torch-2.14.0+cu130
torch-compile	stable	1	186	1433.1	4	torch-2.14.0+cu130
torch-compile	stable	1	187	1416.9	4	torch-2.14.0+cu130
torch-compile	stable	1	188	1403.8	4	torch-2.14.0+cu130
torch-compile	stable	1	189	1372.1	4	torch-2.14.0+cu130
torch-compile	stable	1	190	1421.9	4	torch-2.14.0+cu130
torch-compile	stable	1	191	1381.6	4	torch-2.14.0+cu130
torch-compile	stable	1	192	1400.9	4	torch-2.14.0+cu130
torch-compile	stable	1	193	1384.5	4	torch-2.14.0+cu130
torch-compile	stable	1	194	1389.0	4	torch-2.14.0+cu130
torch-compile	stable	1	195	1434.6	4	torch-2.14.0+cu130
torch-compile	stable	1	196	1368.5	4	torch-2.14.0+cu130
torch-compile	stable	1	197	1379.3	4	torch-2.14.0+cu130
torch-compile	stable	1	198	1402.6	4	torch-2.14.0+cu130
torch-compile	stable	1	199	1392.6	4	torch-2.14.0+cu130
torch-compile-ro	stable	1	0	918664.0	4	torch-2.14.0+cu130
torch-compile-ro	stable	1	1	56894.3	4	torch-2.14.0+cu130
torch-compile-ro	stable	1	2	1925.7	4	torch-2.14.0+cu130
torch-compile-ro	stable	1	3	1581.0	4	torch-2.14.0+cu130
torch-compile-ro	stable	1	4	1573.3	4	torch-2.14.0+cu130
torch-compile-ro	stable	1	5	1560.9	4	torch-2.14.0+cu130
torch-compile-ro	stable	1	6	1543.0	4	torch-2.14.0+cu130
torch-compile-ro	stable	1	7	1531.4	4	torch-2.14.0+cu130
torch-compile-ro	stable	1	8	1546.9	4	torch-2.14.0+cu130
torch-compile-ro	stable	1	9	1535.4	4	torch-2.14.0+cu130
torch-compile-ro	stable	1	10	1522.8	4	torch-2.14.0+cu130
torch-compile-ro	stable	1	11	1520.4	4	torch-2.14.0+cu130
torch-compile-ro	stable	1	12	1495.4	4	torch-2.14.0+cu130
torch-compile-ro	stable	1	13	1528.0	4	torch-2.14.0+cu130
torch-compile-ro	stable	1	14	1518.0	4	torch-2.14.0+cu130
torch-compile-ro	stable	1	15	1490.8	4	torch-2.14.0+cu130
torch-compile-ro	stable	1	16	1502.0	4	torch-2.14.0+cu130
torch-compile-ro	stable	1	17	1467.2	4	torch-2.14.0+cu130
torch-compile-ro	stable	1	18	1488.4	4	torch-2.14.0+cu130
torch-compile-ro	stable	1	19	1511.3	4	torch-2.14.0+cu130
torch-compile-ro	stable	1	20	1509.0	4	torch-2.14.0+cu130
torch-compile-ro	stable	1	21	1486.5	4	torch-2.14.0+cu130
torch-compile-ro	stable	1	22	1503.7	4	torch-2.14.0+cu130
torch-compile-ro	stable	1	23	1510.6	4	torch-2.14.0+cu130
torch-compile-ro	stable	1	24	1515.9	4	torch-2.14.0+cu130
torch-compile-ro	stable	1	25	1435.8	4	torch-2.14.0+cu130
torch-compile-ro	stable	1	26	1422.6	4	torch-2.14.0+cu130
torch-compile-ro	stable	1	27	1429.3	4	torch-2.14.0+cu130
torch-compile-ro	stable	1	28	1410.0	4	torch-2.14.0+cu130
torch-compile-ro	stable	1	29	1383.8	4	torch-2.14.0+cu130
torch-compile-ro	stable	1	30	1412.6	4	torch-2.14.0+cu130
torch-compile-ro	stable	1	31	1412.9	4	torch-2.14.0+cu130
torch-compile-ro	stable	1	32	1416.9	4	torch-2.14.0+cu130
torch-compile-ro	stable	1	33	1416.0	4	torch-2.14.0+cu130
torch-compile-ro	stable	1	34	1658.0	4	torch-2.14.0+cu130
torch-compile-ro	stable	1	35	1416.7	4	torch-2.14.0+cu130
torch-compile-ro	stable	1	36	1421.5	4	torch-2.14.0+cu130
torch-compile-ro	stable	1	37	1402.4	4	torch-2.14.0+cu130
torch-compile-ro	stable	1	38	1389.7	4	torch-2.14.0+cu130
torch-compile-ro	stable	1	39	1400.7	4	torch-2.14.0+cu130
torch-compile-ro	stable	1	40	1402.1	4	torch-2.14.0+cu130
torch-compile-ro	stable	1	41	1429.3	4	torch-2.14.0+cu130
torch-compile-ro	stable	1	42	1417.4	4	torch-2.14.0+cu130
torch-compile-ro	stable	1	43	1418.4	4	torch-2.14.0+cu130
torch-compile-ro	stable	1	44	1418.6	4	torch-2.14.0+cu130
torch-compile-ro	stable	1	45	1862.5	4	torch-2.14.0+cu130
torch-compile-ro	stable	1	46	1450.5	4	torch-2.14.0+cu130
torch-compile-ro	stable	1	47	1406.7	4	torch-2.14.0+cu130
torch-compile-ro	stable	1	48	1421.5	4	torch-2.14.0+cu130
torch-compile-ro	stable	1	49	1413.8	4	torch-2.14.0+cu130
torch-compile-ro	stable	1	50	1385.9	4	torch-2.14.0+cu130
torch-compile-ro	stable	1	51	1427.7	4	torch-2.14.0+cu130
torch-compile-ro	stable	1	52	1395.7	4	torch-2.14.0+cu130
torch-compile-ro	stable	1	53	1415.0	4	torch-2.14.0+cu130
torch-compile-ro	stable	1	54	1436.7	4	torch-2.14.0+cu130
torch-compile-ro	stable	1	55	1451.5	4	torch-2.14.0+cu130
torch-compile-ro	stable	1	56	4402.9	4	torch-2.14.0+cu130
torch-compile-ro	stable	1	57	1443.1	4	torch-2.14.0+cu130
torch-compile-ro	stable	1	58	1434.6	4	torch-2.14.0+cu130
torch-compile-ro	stable	1	59	1412.4	4	torch-2.14.0+cu130
torch-compile-ro	stable	1	60	1407.1	4	torch-2.14.0+cu130
torch-compile-ro	stable	1	61	1420.3	4	torch-2.14.0+cu130
torch-compile-ro	stable	1	62	1422.2	4	torch-2.14.0+cu130
torch-compile-ro	stable	1	63	1409.1	4	torch-2.14.0+cu130
torch-compile-ro	stable	1	64	1390.2	4	torch-2.14.0+cu130
torch-compile-ro	stable	1	65	1425.5	4	torch-2.14.0+cu130
torch-compile-ro	stable	1	66	1404.0	4	torch-2.14.0+cu130
torch-compile-ro	stable	1	67	1410.7	4	torch-2.14.0+cu130
torch-compile-ro	stable	1	68	1436.0	4	torch-2.14.0+cu130
torch-compile-ro	stable	1	69	1436.9	4	torch-2.14.0+cu130
torch-compile-ro	stable	1	70	1395.9	4	torch-2.14.0+cu130
torch-compile-ro	stable	1	71	1383.5	4	torch-2.14.0+cu130
torch-compile-ro	stable	1	72	1407.6	4	torch-2.14.0+cu130
torch-compile-ro	stable	1	73	1407.6	4	torch-2.14.0+cu130
torch-compile-ro	stable	1	74	1412.9	4	torch-2.14.0+cu130
torch-compile-ro	stable	1	75	1415.5	4	torch-2.14.0+cu130
torch-compile-ro	stable	1	76	1405.0	4	torch-2.14.0+cu130
torch-compile-ro	stable	1	77	1388.5	4	torch-2.14.0+cu130
torch-compile-ro	stable	1	78	1383.5	4	torch-2.14.0+cu130
torch-compile-ro	stable	1	79	1414.3	4	torch-2.14.0+cu130
torch-compile-ro	stable	1	80	1406.0	4	torch-2.14.0+cu130
torch-compile-ro	stable	1	81	1399.8	4	torch-2.14.0+cu130
torch-compile-ro	stable	1	82	1443.4	4	torch-2.14.0+cu130
torch-compile-ro	stable	1	83	1414.8	4	torch-2.14.0+cu130
torch-compile-ro	stable	1	84	1475.3	4	torch-2.14.0+cu130
torch-compile-ro	stable	1	85	1445.5	4	torch-2.14.0+cu130
torch-compile-ro	stable	1	86	1431.9	4	torch-2.14.0+cu130
torch-compile-ro	stable	1	87	1430.7	4	torch-2.14.0+cu130
torch-compile-ro	stable	1	88	1414.3	4	torch-2.14.0+cu130
torch-compile-ro	stable	1	89	1412.9	4	torch-2.14.0+cu130
torch-compile-ro	stable	1	90	1393.3	4	torch-2.14.0+cu130
torch-compile-ro	stable	1	91	1390.9	4	torch-2.14.0+cu130
torch-compile-ro	stable	1	92	1403.3	4	torch-2.14.0+cu130
torch-compile-ro	stable	1	93	1384.7	4	torch-2.14.0+cu130
torch-compile-ro	stable	1	94	1402.1	4	torch-2.14.0+cu130
torch-compile-ro	stable	1	95	1398.8	4	torch-2.14.0+cu130
torch-compile-ro	stable	1	96	1420.5	4	torch-2.14.0+cu130
torch-compile-ro	stable	1	97	1420.5	4	torch-2.14.0+cu130
torch-compile-ro	stable	1	98	1415.7	4	torch-2.14.0+cu130
torch-compile-ro	stable	1	99	1436.5	4	torch-2.14.0+cu130
torch-compile-ro	stable	1	100	1399.3	4	torch-2.14.0+cu130
torch-compile-ro	stable	1	101	1418.8	4	torch-2.14.0+cu130
torch-compile-ro	stable	1	102	1403.8	4	torch-2.14.0+cu130
torch-compile-ro	stable	1	103	1426.0	4	torch-2.14.0+cu130
torch-compile-ro	stable	1	104	1397.8	4	torch-2.14.0+cu130
torch-compile-ro	stable	1	105	1390.5	4	torch-2.14.0+cu130
torch-compile-ro	stable	1	106	1426.5	4	torch-2.14.0+cu130
torch-compile-ro	stable	1	107	1433.8	4	torch-2.14.0+cu130
torch-compile-ro	stable	1	108	1405.7	4	torch-2.14.0+cu130
torch-compile-ro	stable	1	109	1410.2	4	torch-2.14.0+cu130
torch-compile-ro	stable	1	110	1418.4	4	torch-2.14.0+cu130
torch-compile-ro	stable	1	111	1430.5	4	torch-2.14.0+cu130
torch-compile-ro	stable	1	112	1401.7	4	torch-2.14.0+cu130
torch-compile-ro	stable	1	113	1421.5	4	torch-2.14.0+cu130
torch-compile-ro	stable	1	114	1400.5	4	torch-2.14.0+cu130
torch-compile-ro	stable	1	115	1402.9	4	torch-2.14.0+cu130
torch-compile-ro	stable	1	116	1400.7	4	torch-2.14.0+cu130
torch-compile-ro	stable	1	117	1395.0	4	torch-2.14.0+cu130
torch-compile-ro	stable	1	118	1391.6	4	torch-2.14.0+cu130
torch-compile-ro	stable	1	119	1405.7	4	torch-2.14.0+cu130
torch-compile-ro	stable	1	120	1386.4	4	torch-2.14.0+cu130
torch-compile-ro	stable	1	121	1446.7	4	torch-2.14.0+cu130
torch-compile-ro	stable	1	122	1395.5	4	torch-2.14.0+cu130
torch-compile-ro	stable	1	123	1398.6	4	torch-2.14.0+cu130
torch-compile-ro	stable	1	124	1379.7	4	torch-2.14.0+cu130
torch-compile-ro	stable	1	125	1383.1	4	torch-2.14.0+cu130
torch-compile-ro	stable	1	126	1392.8	4	torch-2.14.0+cu130
torch-compile-ro	stable	1	127	1444.3	4	torch-2.14.0+cu130
torch-compile-ro	stable	1	128	1394.5	4	torch-2.14.0+cu130
torch-compile-ro	stable	1	129	1420.5	4	torch-2.14.0+cu130
torch-compile-ro	stable	1	130	1383.1	4	torch-2.14.0+cu130
torch-compile-ro	stable	1	131	1441.2	4	torch-2.14.0+cu130
torch-compile-ro	stable	1	132	1401.2	4	torch-2.14.0+cu130
torch-compile-ro	stable	1	133	1412.4	4	torch-2.14.0+cu130
torch-compile-ro	stable	1	134	1375.9	4	torch-2.14.0+cu130
torch-compile-ro	stable	1	135	1403.6	4	torch-2.14.0+cu130
torch-compile-ro	stable	1	136	1401.2	4	torch-2.14.0+cu130
torch-compile-ro	stable	1	137	1391.6	4	torch-2.14.0+cu130
torch-compile-ro	stable	1	138	1409.1	4	torch-2.14.0+cu130
torch-compile-ro	stable	1	139	1444.3	4	torch-2.14.0+cu130
torch-compile-ro	stable	1	140	1405.2	4	torch-2.14.0+cu130
torch-compile-ro	stable	1	141	1451.7	4	torch-2.14.0+cu130
torch-compile-ro	stable	1	142	1390.5	4	torch-2.14.0+cu130
torch-compile-ro	stable	1	143	1403.6	4	torch-2.14.0+cu130
torch-compile-ro	stable	1	144	1395.0	4	torch-2.14.0+cu130
torch-compile-ro	stable	1	145	1406.7	4	torch-2.14.0+cu130
torch-compile-ro	stable	1	146	1397.4	4	torch-2.14.0+cu130
torch-compile-ro	stable	1	147	1412.2	4	torch-2.14.0+cu130
torch-compile-ro	stable	1	148	1396.4	4	torch-2.14.0+cu130
torch-compile-ro	stable	1	149	1387.6	4	torch-2.14.0+cu130
torch-compile-ro	stable	1	150	1375.9	4	torch-2.14.0+cu130
torch-compile-ro	stable	1	151	1408.1	4	torch-2.14.0+cu130
torch-compile-ro	stable	1	152	1386.4	4	torch-2.14.0+cu130
torch-compile-ro	stable	1	153	1399.0	4	torch-2.14.0+cu130
torch-compile-ro	stable	1	154	1431.0	4	torch-2.14.0+cu130
torch-compile-ro	stable	1	155	1396.2	4	torch-2.14.0+cu130
torch-compile-ro	stable	1	156	1400.9	4	torch-2.14.0+cu130
torch-compile-ro	stable	1	157	1405.0	4	torch-2.14.0+cu130
torch-compile-ro	stable	1	158	1404.5	4	torch-2.14.0+cu130
torch-compile-ro	stable	1	159	1436.5	4	torch-2.14.0+cu130
torch-compile-ro	stable	1	160	1399.3	4	torch-2.14.0+cu130
torch-compile-ro	stable	1	161	1392.1	4	torch-2.14.0+cu130
torch-compile-ro	stable	1	162	1390.9	4	torch-2.14.0+cu130
torch-compile-ro	stable	1	163	1421.2	4	torch-2.14.0+cu130
torch-compile-ro	stable	1	164	1398.1	4	torch-2.14.0+cu130
torch-compile-ro	stable	1	165	1378.3	4	torch-2.14.0+cu130
torch-compile-ro	stable	1	166	1364.5	4	torch-2.14.0+cu130
torch-compile-ro	stable	1	167	1405.5	4	torch-2.14.0+cu130
torch-compile-ro	stable	1	168	1376.6	4	torch-2.14.0+cu130
torch-compile-ro	stable	1	169	1378.3	4	torch-2.14.0+cu130
torch-compile-ro	stable	1	170	1379.0	4	torch-2.14.0+cu130
torch-compile-ro	stable	1	171	1379.3	4	torch-2.14.0+cu130
torch-compile-ro	stable	1	172	1367.3	4	torch-2.14.0+cu130
torch-compile-ro	stable	1	173	1378.1	4	torch-2.14.0+cu130
torch-compile-ro	stable	1	174	1390.5	4	torch-2.14.0+cu130
torch-compile-ro	stable	1	175	1362.3	4	torch-2.14.0+cu130
torch-compile-ro	stable	1	176	1351.6	4	torch-2.14.0+cu130
torch-compile-ro	stable	1	177	1373.5	4	torch-2.14.0+cu130
torch-compile-ro	stable	1	178	1385.5	4	torch-2.14.0+cu130
torch-compile-ro	stable	1	179	4459.4	4	torch-2.14.0+cu130
torch-compile-ro	stable	1	180	1452.2	4	torch-2.14.0+cu130
torch-compile-ro	stable	1	181	1373.5	4	torch-2.14.0+cu130
torch-compile-ro	stable	1	182	1358.3	4	torch-2.14.0+cu130
torch-compile-ro	stable	1	183	1376.4	4	torch-2.14.0+cu130
torch-compile-ro	stable	1	184	4438.2	4	torch-2.14.0+cu130
torch-compile-ro	stable	1	185	1410.5	4	torch-2.14.0+cu130
torch-compile-ro	stable	1	186	1389.7	4	torch-2.14.0+cu130
torch-compile-ro	stable	1	187	1368.8	4	torch-2.14.0+cu130
torch-compile-ro	stable	1	188	1360.2	4	torch-2.14.0+cu130
torch-compile-ro	stable	1	189	1360.7	4	torch-2.14.0+cu130
torch-compile-ro	stable	1	190	1383.8	4	torch-2.14.0+cu130
torch-compile-ro	stable	1	191	4494.9	4	torch-2.14.0+cu130
torch-compile-ro	stable	1	192	1408.8	4	torch-2.14.0+cu130
torch-compile-ro	stable	1	193	1397.1	4	torch-2.14.0+cu130
torch-compile-ro	stable	1	194	1388.8	4	torch-2.14.0+cu130
torch-compile-ro	stable	1	195	1409.8	4	torch-2.14.0+cu130
torch-compile-ro	stable	1	196	1358.0	4	torch-2.14.0+cu130
torch-compile-ro	stable	1	197	1380.0	4	torch-2.14.0+cu130
torch-compile-ro	stable	1	198	1385.7	4	torch-2.14.0+cu130
torch-compile-ro	stable	1	199	1359.2	4	torch-2.14.0+cu130
torch-compile-mat	stable	1	0	963394.6	4	torch-2.14.0+cu130
torch-compile-mat	stable	1	1	49938.2	4	torch-2.14.0+cu130
torch-compile-mat	stable	1	2	1616.7	4	torch-2.14.0+cu130
torch-compile-mat	stable	1	3	1459.6	4	torch-2.14.0+cu130
torch-compile-mat	stable	1	4	1410.5	4	torch-2.14.0+cu130
torch-compile-mat	stable	1	5	1519.4	4	torch-2.14.0+cu130
torch-compile-mat	stable	1	6	1421.5	4	torch-2.14.0+cu130
torch-compile-mat	stable	1	7	1414.5	4	torch-2.14.0+cu130
torch-compile-mat	stable	1	8	1447.2	4	torch-2.14.0+cu130
torch-compile-mat	stable	1	9	1395.5	4	torch-2.14.0+cu130
torch-compile-mat	stable	1	10	1375.2	4	torch-2.14.0+cu130
torch-compile-mat	stable	1	11	1391.2	4	torch-2.14.0+cu130
torch-compile-mat	stable	1	12	1406.4	4	torch-2.14.0+cu130
torch-compile-mat	stable	1	13	1413.8	4	torch-2.14.0+cu130
torch-compile-mat	stable	1	14	1399.3	4	torch-2.14.0+cu130
torch-compile-mat	stable	1	15	1393.3	4	torch-2.14.0+cu130
torch-compile-mat	stable	1	16	1395.2	4	torch-2.14.0+cu130
torch-compile-mat	stable	1	17	1517.8	4	torch-2.14.0+cu130
torch-compile-mat	stable	1	18	1416.9	4	torch-2.14.0+cu130
torch-compile-mat	stable	1	19	1396.7	4	torch-2.14.0+cu130
torch-compile-mat	stable	1	20	1400.9	4	torch-2.14.0+cu130
torch-compile-mat	stable	1	21	1417.9	4	torch-2.14.0+cu130
torch-compile-mat	stable	1	22	1381.4	4	torch-2.14.0+cu130
torch-compile-mat	stable	1	23	1404.8	4	torch-2.14.0+cu130
torch-compile-mat	stable	1	24	1384.5	4	torch-2.14.0+cu130
torch-compile-mat	stable	1	25	1385.7	4	torch-2.14.0+cu130
torch-compile-mat	stable	1	26	1405.2	4	torch-2.14.0+cu130
torch-compile-mat	stable	1	27	1412.2	4	torch-2.14.0+cu130
torch-compile-mat	stable	1	28	1400.5	4	torch-2.14.0+cu130
torch-compile-mat	stable	1	29	1395.2	4	torch-2.14.0+cu130
torch-compile-mat	stable	1	30	1387.1	4	torch-2.14.0+cu130
torch-compile-mat	stable	1	31	1408.3	4	torch-2.14.0+cu130
torch-compile-mat	stable	1	32	1405.5	4	torch-2.14.0+cu130
torch-compile-mat	stable	1	33	1397.1	4	torch-2.14.0+cu130
torch-compile-mat	stable	1	34	1453.6	4	torch-2.14.0+cu130
torch-compile-mat	stable	1	35	1404.0	4	torch-2.14.0+cu130
torch-compile-mat	stable	1	36	1409.3	4	torch-2.14.0+cu130
torch-compile-mat	stable	1	37	1409.8	4	torch-2.14.0+cu130
torch-compile-mat	stable	1	38	1414.8	4	torch-2.14.0+cu130
torch-compile-mat	stable	1	39	1433.4	4	torch-2.14.0+cu130
torch-compile-mat	stable	1	40	1385.0	4	torch-2.14.0+cu130
torch-compile-mat	stable	1	41	1400.0	4	torch-2.14.0+cu130
torch-compile-mat	stable	1	42	1409.3	4	torch-2.14.0+cu130
torch-compile-mat	stable	1	43	1409.1	4	torch-2.14.0+cu130
torch-compile-mat	stable	1	44	1389.5	4	torch-2.14.0+cu130
torch-compile-mat	stable	1	45	1414.5	4	torch-2.14.0+cu130
torch-compile-mat	stable	1	46	1389.3	4	torch-2.14.0+cu130
torch-compile-mat	stable	1	47	1385.9	4	torch-2.14.0+cu130
torch-compile-mat	stable	1	48	1380.9	4	torch-2.14.0+cu130
torch-compile-mat	stable	1	49	1403.1	4	torch-2.14.0+cu130
torch-compile-mat	stable	1	50	1470.6	4	torch-2.14.0+cu130
torch-compile-mat	stable	1	51	1435.0	4	torch-2.14.0+cu130
torch-compile-mat	stable	1	52	1409.1	4	torch-2.14.0+cu130
torch-compile-mat	stable	1	53	1450.5	4	torch-2.14.0+cu130
torch-compile-mat	stable	1	54	1404.3	4	torch-2.14.0+cu130
torch-compile-mat	stable	1	55	1408.3	4	torch-2.14.0+cu130
torch-compile-mat	stable	1	56	1402.9	4	torch-2.14.0+cu130
torch-compile-mat	stable	1	57	1407.4	4	torch-2.14.0+cu130
torch-compile-mat	stable	1	58	1395.7	4	torch-2.14.0+cu130
torch-compile-mat	stable	1	59	1392.1	4	torch-2.14.0+cu130
torch-compile-mat	stable	1	60	1498.5	4	torch-2.14.0+cu130
torch-compile-mat	stable	1	61	1433.1	4	torch-2.14.0+cu130
torch-compile-mat	stable	1	62	1404.5	4	torch-2.14.0+cu130
torch-compile-mat	stable	1	63	1391.6	4	torch-2.14.0+cu130
torch-compile-mat	stable	1	64	1401.2	4	torch-2.14.0+cu130
torch-compile-mat	stable	1	65	1413.6	4	torch-2.14.0+cu130
torch-compile-mat	stable	1	66	1440.0	4	torch-2.14.0+cu130
torch-compile-mat	stable	1	67	1377.1	4	torch-2.14.0+cu130
torch-compile-mat	stable	1	68	1402.6	4	torch-2.14.0+cu130
torch-compile-mat	stable	1	69	1396.2	4	torch-2.14.0+cu130
torch-compile-mat	stable	1	70	1386.4	4	torch-2.14.0+cu130
torch-compile-mat	stable	1	71	1405.0	4	torch-2.14.0+cu130
torch-compile-mat	stable	1	72	1391.4	4	torch-2.14.0+cu130
torch-compile-mat	stable	1	73	1400.2	4	torch-2.14.0+cu130
torch-compile-mat	stable	1	74	1385.2	4	torch-2.14.0+cu130
torch-compile-mat	stable	1	75	1380.4	4	torch-2.14.0+cu130
torch-compile-mat	stable	1	76	1380.9	4	torch-2.14.0+cu130
torch-compile-mat	stable	1	77	1390.5	4	torch-2.14.0+cu130
torch-compile-mat	stable	1	78	1399.3	4	torch-2.14.0+cu130
torch-compile-mat	stable	1	79	1376.9	4	torch-2.14.0+cu130
torch-compile-mat	stable	1	80	1408.6	4	torch-2.14.0+cu130
torch-compile-mat	stable	1	81	1387.4	4	torch-2.14.0+cu130
torch-compile-mat	stable	1	82	1418.1	4	torch-2.14.0+cu130
torch-compile-mat	stable	1	83	1387.8	4	torch-2.14.0+cu130
torch-compile-mat	stable	1	84	1483.2	4	torch-2.14.0+cu130
torch-compile-mat	stable	1	85	1407.6	4	torch-2.14.0+cu130
torch-compile-mat	stable	1	86	1378.5	4	torch-2.14.0+cu130
torch-compile-mat	stable	1	87	1376.9	4	torch-2.14.0+cu130
torch-compile-mat	stable	1	88	1409.3	4	torch-2.14.0+cu130
torch-compile-mat	stable	1	89	1398.6	4	torch-2.14.0+cu130
torch-compile-mat	stable	1	90	1442.0	4	torch-2.14.0+cu130
torch-compile-mat	stable	1	91	1415.5	4	torch-2.14.0+cu130
torch-compile-mat	stable	1	92	1410.7	4	torch-2.14.0+cu130
torch-compile-mat	stable	1	93	1402.4	4	torch-2.14.0+cu130
torch-compile-mat	stable	1	94	1449.6	4	torch-2.14.0+cu130
torch-compile-mat	stable	1	95	1405.2	4	torch-2.14.0+cu130
torch-compile-mat	stable	1	96	1390.2	4	torch-2.14.0+cu130
torch-compile-mat	stable	1	97	1384.0	4	torch-2.14.0+cu130
torch-compile-mat	stable	1	98	1416.0	4	torch-2.14.0+cu130
torch-compile-mat	stable	1	99	1413.1	4	torch-2.14.0+cu130
torch-compile-mat	stable	1	100	1397.4	4	torch-2.14.0+cu130
torch-compile-mat	stable	1	101	1386.9	4	torch-2.14.0+cu130
torch-compile-mat	stable	1	102	1387.6	4	torch-2.14.0+cu130
torch-compile-mat	stable	1	103	1393.8	4	torch-2.14.0+cu130
torch-compile-mat	stable	1	104	1388.8	4	torch-2.14.0+cu130
torch-compile-mat	stable	1	105	1392.8	4	torch-2.14.0+cu130
torch-compile-mat	stable	1	106	1384.5	4	torch-2.14.0+cu130
torch-compile-mat	stable	1	107	1416.4	4	torch-2.14.0+cu130
torch-compile-mat	stable	1	108	1390.5	4	torch-2.14.0+cu130
torch-compile-mat	stable	1	109	1397.8	4	torch-2.14.0+cu130
torch-compile-mat	stable	1	110	1403.8	4	torch-2.14.0+cu130
torch-compile-mat	stable	1	111	1400.7	4	torch-2.14.0+cu130
torch-compile-mat	stable	1	112	1384.7	4	torch-2.14.0+cu130
torch-compile-mat	stable	1	113	1391.6	4	torch-2.14.0+cu130
torch-compile-mat	stable	1	114	1407.6	4	torch-2.14.0+cu130
torch-compile-mat	stable	1	115	1382.6	4	torch-2.14.0+cu130
torch-compile-mat	stable	1	116	1396.9	4	torch-2.14.0+cu130
torch-compile-mat	stable	1	117	1388.8	4	torch-2.14.0+cu130
torch-compile-mat	stable	1	118	1427.9	4	torch-2.14.0+cu130
torch-compile-mat	stable	1	119	1378.3	4	torch-2.14.0+cu130
torch-compile-mat	stable	1	120	1413.1	4	torch-2.14.0+cu130
torch-compile-mat	stable	1	121	1375.7	4	torch-2.14.0+cu130
torch-compile-mat	stable	1	122	1390.9	4	torch-2.14.0+cu130
torch-compile-mat	stable	1	123	1369.0	4	torch-2.14.0+cu130
torch-compile-mat	stable	1	124	1368.8	4	torch-2.14.0+cu130
torch-compile-mat	stable	1	125	1382.6	4	torch-2.14.0+cu130
torch-compile-mat	stable	1	126	1375.2	4	torch-2.14.0+cu130
torch-compile-mat	stable	1	127	1364.0	4	torch-2.14.0+cu130
torch-compile-mat	stable	1	128	1349.4	4	torch-2.14.0+cu130
torch-compile-mat	stable	1	129	1355.4	4	torch-2.14.0+cu130
torch-compile-mat	stable	1	130	1361.6	4	torch-2.14.0+cu130
torch-compile-mat	stable	1	131	1386.6	4	torch-2.14.0+cu130
torch-compile-mat	stable	1	132	1370.2	4	torch-2.14.0+cu130
torch-compile-mat	stable	1	133	1370.9	4	torch-2.14.0+cu130
torch-compile-mat	stable	1	134	1358.0	4	torch-2.14.0+cu130
torch-compile-mat	stable	1	135	1385.7	4	torch-2.14.0+cu130
torch-compile-mat	stable	1	136	1416.0	4	torch-2.14.0+cu130
torch-compile-mat	stable	1	137	1364.7	4	torch-2.14.0+cu130
torch-compile-mat	stable	1	138	1350.2	4	torch-2.14.0+cu130
torch-compile-mat	stable	1	139	1403.6	4	torch-2.14.0+cu130
torch-compile-mat	stable	1	140	1369.2	4	torch-2.14.0+cu130
torch-compile-mat	stable	1	141	1349.7	4	torch-2.14.0+cu130
torch-compile-mat	stable	1	142	1359.9	4	torch-2.14.0+cu130
torch-compile-mat	stable	1	143	1377.6	4	torch-2.14.0+cu130
torch-compile-mat	stable	1	144	1379.5	4	torch-2.14.0+cu130
torch-compile-mat	stable	1	145	1388.1	4	torch-2.14.0+cu130
torch-compile-mat	stable	1	146	1351.8	4	torch-2.14.0+cu130
torch-compile-mat	stable	1	147	1370.2	4	torch-2.14.0+cu130
torch-compile-mat	stable	1	148	1381.4	4	torch-2.14.0+cu130
torch-compile-mat	stable	1	149	1652.2	4	torch-2.14.0+cu130
torch-compile-mat	stable	1	150	1329.4	4	torch-2.14.0+cu130
torch-compile-mat	stable	1	151	1354.0	4	torch-2.14.0+cu130
torch-compile-mat	stable	1	152	1412.6	4	torch-2.14.0+cu130
torch-compile-mat	stable	1	153	1325.6	4	torch-2.14.0+cu130
torch-compile-mat	stable	1	154	1306.5	4	torch-2.14.0+cu130
torch-compile-mat	stable	1	155	1303.2	4	torch-2.14.0+cu130
torch-compile-mat	stable	1	156	1314.2	4	torch-2.14.0+cu130
torch-compile-mat	stable	1	157	1300.6	4	torch-2.14.0+cu130
torch-compile-mat	stable	1	158	1292.5	4	torch-2.14.0+cu130
torch-compile-mat	stable	1	159	1291.3	4	torch-2.14.0+cu130
torch-compile-mat	stable	1	160	1292.7	4	torch-2.14.0+cu130
torch-compile-mat	stable	1	161	1304.4	4	torch-2.14.0+cu130
torch-compile-mat	stable	1	162	1311.8	4	torch-2.14.0+cu130
torch-compile-mat	stable	1	163	1334.0	4	torch-2.14.0+cu130
torch-compile-mat	stable	1	164	1446.7	4	torch-2.14.0+cu130
torch-compile-mat	stable	1	165	1300.8	4	torch-2.14.0+cu130
torch-compile-mat	stable	1	166	1290.3	4	torch-2.14.0+cu130
torch-compile-mat	stable	1	167	1294.9	4	torch-2.14.0+cu130
torch-compile-mat	stable	1	168	1298.0	4	torch-2.14.0+cu130
torch-compile-mat	stable	1	169	1291.8	4	torch-2.14.0+cu130
torch-compile-mat	stable	1	170	1309.6	4	torch-2.14.0+cu130
torch-compile-mat	stable	1	171	1293.7	4	torch-2.14.0+cu130
torch-compile-mat	stable	1	172	1280.8	4	torch-2.14.0+cu130
torch-compile-mat	stable	1	173	1299.1	4	torch-2.14.0+cu130
torch-compile-mat	stable	1	174	1336.3	4	torch-2.14.0+cu130
torch-compile-mat	stable	1	175	1303.0	4	torch-2.14.0+cu130
torch-compile-mat	stable	1	176	1319.4	4	torch-2.14.0+cu130
torch-compile-mat	stable	1	177	1273.6	4	torch-2.14.0+cu130
torch-compile-mat	stable	1	178	1306.1	4	torch-2.14.0+cu130
torch-compile-mat	stable	1	179	1338.5	4	torch-2.14.0+cu130
torch-compile-mat	stable	1	180	1287.9	4	torch-2.14.0+cu130
torch-compile-mat	stable	1	181	1288.4	4	torch-2.14.0+cu130
torch-compile-mat	stable	1	182	1292.7	4	torch-2.14.0+cu130
torch-compile-mat	stable	1	183	1310.1	4	torch-2.14.0+cu130
torch-compile-mat	stable	1	184	1307.0	4	torch-2.14.0+cu130
torch-compile-mat	stable	1	185	1324.9	4	torch-2.14.0+cu130
torch-compile-mat	stable	1	186	1301.5	4	torch-2.14.0+cu130
torch-compile-mat	stable	1	187	1276.0	4	torch-2.14.0+cu130
torch-compile-mat	stable	1	188	1311.3	4	torch-2.14.0+cu130
torch-compile-mat	stable	1	189	1284.1	4	torch-2.14.0+cu130
torch-compile-mat	stable	1	190	1640.6	4	torch-2.14.0+cu130
torch-compile-mat	stable	1	191	1575.2	4	torch-2.14.0+cu130
torch-compile-mat	stable	1	192	1437.7	4	torch-2.14.0+cu130
torch-compile-mat	stable	1	193	1448.2	4	torch-2.14.0+cu130
torch-compile-mat	stable	1	194	1399.5	4	torch-2.14.0+cu130
torch-compile-mat	stable	1	195	1403.1	4	torch-2.14.0+cu130
torch-compile-mat	stable	1	196	1361.6	4	torch-2.14.0+cu130
torch-compile-mat	stable	1	197	1404.3	4	torch-2.14.0+cu130
torch-compile-mat	stable	1	198	1349.9	4	torch-2.14.0+cu130
torch-compile-mat	stable	1	199	1358.7	4	torch-2.14.0+cu130
jax-perlayer	stable	1	0	13050916.2	4	jax-0.11.1
jax-perlayer	stable	1	1	2438.1	4	jax-0.11.1
jax-perlayer	stable	1	2	1840.8	4	jax-0.11.1
jax-perlayer	stable	1	3	1776.0	4	jax-0.11.1
jax-perlayer	stable	1	4	1651.5	4	jax-0.11.1
jax-perlayer	stable	1	5	1638.4	4	jax-0.11.1
jax-perlayer	stable	1	6	1637.0	4	jax-0.11.1
jax-perlayer	stable	1	7	1635.1	4	jax-0.11.1
jax-perlayer	stable	1	8	1622.4	4	jax-0.11.1
jax-perlayer	stable	1	9	1638.9	4	jax-0.11.1
jax-perlayer	stable	1	10	1620.5	4	jax-0.11.1
jax-perlayer	stable	1	11	1683.7	4	jax-0.11.1
jax-perlayer	stable	1	12	1660.8	4	jax-0.11.1
jax-perlayer	stable	1	13	1674.4	4	jax-0.11.1
jax-perlayer	stable	1	14	1698.5	4	jax-0.11.1
jax-perlayer	stable	1	15	1653.4	4	jax-0.11.1
jax-perlayer	stable	1	16	1659.9	4	jax-0.11.1
jax-perlayer	stable	1	17	1658.4	4	jax-0.11.1
jax-perlayer	stable	1	18	1650.6	4	jax-0.11.1
jax-perlayer	stable	1	19	1647.0	4	jax-0.11.1
jax-perlayer	stable	1	20	1647.0	4	jax-0.11.1
jax-perlayer	stable	1	21	1655.1	4	jax-0.11.1
jax-perlayer	stable	1	22	1634.4	4	jax-0.11.1
jax-perlayer	stable	1	23	1686.6	4	jax-0.11.1
jax-perlayer	stable	1	24	1643.2	4	jax-0.11.1
jax-perlayer	stable	1	25	1643.4	4	jax-0.11.1
jax-perlayer	stable	1	26	1665.8	4	jax-0.11.1
jax-perlayer	stable	1	27	1637.2	4	jax-0.11.1
jax-perlayer	stable	1	28	1647.2	4	jax-0.11.1
jax-perlayer	stable	1	29	1671.1	4	jax-0.11.1
jax-perlayer	stable	1	30	1667.7	4	jax-0.11.1
jax-perlayer	stable	1	31	1700.4	4	jax-0.11.1
jax-perlayer	stable	1	32	1685.4	4	jax-0.11.1
jax-perlayer	stable	1	33	1633.9	4	jax-0.11.1
jax-perlayer	stable	1	34	1656.8	4	jax-0.11.1
jax-perlayer	stable	1	35	1659.9	4	jax-0.11.1
jax-perlayer	stable	1	36	1657.2	4	jax-0.11.1
jax-perlayer	stable	1	37	1669.9	4	jax-0.11.1
jax-perlayer	stable	1	38	1624.8	4	jax-0.11.1
jax-perlayer	stable	1	39	1622.2	4	jax-0.11.1
jax-perlayer	stable	1	40	1769.5	4	jax-0.11.1
jax-perlayer	stable	1	41	1683.7	4	jax-0.11.1
jax-perlayer	stable	1	42	1664.2	4	jax-0.11.1
jax-perlayer	stable	1	43	1650.3	4	jax-0.11.1
jax-perlayer	stable	1	44	1652.5	4	jax-0.11.1
jax-perlayer	stable	1	45	1638.7	4	jax-0.11.1
jax-perlayer	stable	1	46	1625.8	4	jax-0.11.1
jax-perlayer	stable	1	47	1630.3	4	jax-0.11.1
jax-perlayer	stable	1	48	1642.9	4	jax-0.11.1
jax-perlayer	stable	1	49	1639.8	4	jax-0.11.1
jax-perlayer	stable	1	50	1662.0	4	jax-0.11.1
jax-perlayer	stable	1	51	1666.8	4	jax-0.11.1
jax-perlayer	stable	1	52	1660.3	4	jax-0.11.1
jax-perlayer	stable	1	53	1650.6	4	jax-0.11.1
jax-perlayer	stable	1	54	1656.3	4	jax-0.11.1
jax-perlayer	stable	1	55	1628.6	4	jax-0.11.1
jax-perlayer	stable	1	56	1660.3	4	jax-0.11.1
jax-perlayer	stable	1	57	1660.1	4	jax-0.11.1
jax-perlayer	stable	1	58	1666.5	4	jax-0.11.1
jax-perlayer	stable	1	59	1670.8	4	jax-0.11.1
jax-perlayer	stable	1	60	1673.0	4	jax-0.11.1
jax-perlayer	stable	1	61	1658.0	4	jax-0.11.1
jax-perlayer	stable	1	62	1667.7	4	jax-0.11.1
jax-perlayer	stable	1	63	1684.7	4	jax-0.11.1
jax-perlayer	stable	1	64	1671.6	4	jax-0.11.1
jax-perlayer	stable	1	65	1656.5	4	jax-0.11.1
jax-perlayer	stable	1	66	1656.8	4	jax-0.11.1
jax-perlayer	stable	1	67	1652.7	4	jax-0.11.1
jax-perlayer	stable	1	68	1673.2	4	jax-0.11.1
jax-perlayer	stable	1	69	1658.4	4	jax-0.11.1
jax-perlayer	stable	1	70	1652.7	4	jax-0.11.1
jax-perlayer	stable	1	71	1658.9	4	jax-0.11.1
jax-perlayer	stable	1	72	1677.5	4	jax-0.11.1
jax-perlayer	stable	1	73	1665.8	4	jax-0.11.1
jax-perlayer	stable	1	74	1666.8	4	jax-0.11.1
jax-perlayer	stable	1	75	1661.5	4	jax-0.11.1
jax-perlayer	stable	1	76	1642.2	4	jax-0.11.1
jax-perlayer	stable	1	77	1673.7	4	jax-0.11.1
jax-perlayer	stable	1	78	1756.4	4	jax-0.11.1
jax-perlayer	stable	1	79	1659.4	4	jax-0.11.1
jax-perlayer	stable	1	80	1728.8	4	jax-0.11.1
jax-perlayer	stable	1	81	1880.4	4	jax-0.11.1
jax-perlayer	stable	1	82	1721.9	4	jax-0.11.1
jax-perlayer	stable	1	83	1729.2	4	jax-0.11.1
jax-perlayer	stable	1	84	1724.5	4	jax-0.11.1
jax-perlayer	stable	1	85	1713.3	4	jax-0.11.1
jax-perlayer	stable	1	86	1721.9	4	jax-0.11.1
jax-perlayer	stable	1	87	1757.6	4	jax-0.11.1
jax-perlayer	stable	1	88	1718.8	4	jax-0.11.1
jax-perlayer	stable	1	89	1674.9	4	jax-0.11.1
jax-perlayer	stable	1	90	1715.4	4	jax-0.11.1
jax-perlayer	stable	1	91	1737.8	4	jax-0.11.1
jax-perlayer	stable	1	92	1734.3	4	jax-0.11.1
jax-perlayer	stable	1	93	1721.1	4	jax-0.11.1
jax-perlayer	stable	1	94	1742.6	4	jax-0.11.1
jax-perlayer	stable	1	95	1742.4	4	jax-0.11.1
jax-perlayer	stable	1	96	1750.5	4	jax-0.11.1
jax-perlayer	stable	1	97	2667.9	4	jax-0.11.1
jax-perlayer	stable	1	98	1719.2	4	jax-0.11.1
jax-perlayer	stable	1	99	1725.7	4	jax-0.11.1
jax-perlayer	stable	1	100	1719.5	4	jax-0.11.1
jax-perlayer	stable	1	101	1725.0	4	jax-0.11.1
jax-perlayer	stable	1	102	1771.2	4	jax-0.11.1
jax-perlayer	stable	1	103	1755.0	4	jax-0.11.1
jax-perlayer	stable	1	104	1731.6	4	jax-0.11.1
jax-perlayer	stable	1	105	1713.3	4	jax-0.11.1
jax-perlayer	stable	1	106	1731.4	4	jax-0.11.1
jax-perlayer	stable	1	107	1714.2	4	jax-0.11.1
jax-perlayer	stable	1	108	1760.0	4	jax-0.11.1
jax-perlayer	stable	1	109	1766.4	4	jax-0.11.1
jax-perlayer	stable	1	110	1724.2	4	jax-0.11.1
jax-perlayer	stable	1	111	1737.8	4	jax-0.11.1
jax-perlayer	stable	1	112	1725.2	4	jax-0.11.1
jax-perlayer	stable	1	113	1707.8	4	jax-0.11.1
jax-perlayer	stable	1	114	1730.7	4	jax-0.11.1
jax-perlayer	stable	1	115	1734.3	4	jax-0.11.1
jax-perlayer	stable	1	116	1736.2	4	jax-0.11.1
jax-perlayer	stable	1	117	1728.3	4	jax-0.11.1
jax-perlayer	stable	1	118	1717.8	4	jax-0.11.1
jax-perlayer	stable	1	119	1728.8	4	jax-0.11.1
jax-perlayer	stable	1	120	1733.5	4	jax-0.11.1
jax-perlayer	stable	1	121	1721.9	4	jax-0.11.1
jax-perlayer	stable	1	122	1740.7	4	jax-0.11.1
jax-perlayer	stable	1	123	1737.6	4	jax-0.11.1
jax-perlayer	stable	1	124	1744.3	4	jax-0.11.1
jax-perlayer	stable	1	125	1745.7	4	jax-0.11.1
jax-perlayer	stable	1	126	1728.5	4	jax-0.11.1
jax-perlayer	stable	1	127	1731.4	4	jax-0.11.1
jax-perlayer	stable	1	128	1794.8	4	jax-0.11.1
jax-perlayer	stable	1	129	1741.2	4	jax-0.11.1
jax-perlayer	stable	1	130	1745.7	4	jax-0.11.1
jax-perlayer	stable	1	131	1733.5	4	jax-0.11.1
jax-perlayer	stable	1	132	1734.7	4	jax-0.11.1
jax-perlayer	stable	1	133	1721.4	4	jax-0.11.1
jax-perlayer	stable	1	134	1727.6	4	jax-0.11.1
jax-perlayer	stable	1	135	1747.1	4	jax-0.11.1
jax-perlayer	stable	1	136	1714.7	4	jax-0.11.1
jax-perlayer	stable	1	137	1724.5	4	jax-0.11.1
jax-perlayer	stable	1	138	1726.2	4	jax-0.11.1
jax-perlayer	stable	1	139	1706.6	4	jax-0.11.1
jax-perlayer	stable	1	140	1733.3	4	jax-0.11.1
jax-perlayer	stable	1	141	1715.4	4	jax-0.11.1
jax-perlayer	stable	1	142	1718.5	4	jax-0.11.1
jax-perlayer	stable	1	143	1725.0	4	jax-0.11.1
jax-perlayer	stable	1	144	1730.7	4	jax-0.11.1
jax-perlayer	stable	1	145	1700.2	4	jax-0.11.1
jax-perlayer	stable	1	146	1742.1	4	jax-0.11.1
jax-perlayer	stable	1	147	1688.0	4	jax-0.11.1
jax-perlayer	stable	1	148	1729.5	4	jax-0.11.1
jax-perlayer	stable	1	149	1730.2	4	jax-0.11.1
jax-perlayer	stable	1	150	1744.7	4	jax-0.11.1
jax-perlayer	stable	1	151	1726.2	4	jax-0.11.1
jax-perlayer	stable	1	152	1740.5	4	jax-0.11.1
jax-perlayer	stable	1	153	1683.5	4	jax-0.11.1
jax-perlayer	stable	1	154	1783.4	4	jax-0.11.1
jax-perlayer	stable	1	155	1774.5	4	jax-0.11.1
jax-perlayer	stable	1	156	1733.8	4	jax-0.11.1
jax-perlayer	stable	1	157	1758.1	4	jax-0.11.1
jax-perlayer	stable	1	158	1770.7	4	jax-0.11.1
jax-perlayer	stable	1	159	1729.5	4	jax-0.11.1
jax-perlayer	stable	1	160	1762.2	4	jax-0.11.1
jax-perlayer	stable	1	161	1733.8	4	jax-0.11.1
jax-perlayer	stable	1	162	1728.5	4	jax-0.11.1
jax-perlayer	stable	1	163	1715.2	4	jax-0.11.1
jax-perlayer	stable	1	164	1716.1	4	jax-0.11.1
jax-perlayer	stable	1	165	1707.1	4	jax-0.11.1
jax-perlayer	stable	1	166	1720.7	4	jax-0.11.1
jax-perlayer	stable	1	167	1767.2	4	jax-0.11.1
jax-perlayer	stable	1	168	1783.4	4	jax-0.11.1
jax-perlayer	stable	1	169	1732.3	4	jax-0.11.1
jax-perlayer	stable	1	170	1712.8	4	jax-0.11.1
jax-perlayer	stable	1	171	1715.9	4	jax-0.11.1
jax-perlayer	stable	1	172	1724.5	4	jax-0.11.1
jax-perlayer	stable	1	173	1718.8	4	jax-0.11.1
jax-perlayer	stable	1	174	1721.1	4	jax-0.11.1
jax-perlayer	stable	1	175	1720.4	4	jax-0.11.1
jax-perlayer	stable	1	176	1725.2	4	jax-0.11.1
jax-perlayer	stable	1	177	1704.0	4	jax-0.11.1
jax-perlayer	stable	1	178	1715.2	4	jax-0.11.1
jax-perlayer	stable	1	179	1791.2	4	jax-0.11.1
jax-perlayer	stable	1	180	1740.7	4	jax-0.11.1
jax-perlayer	stable	1	181	1711.6	4	jax-0.11.1
jax-perlayer	stable	1	182	1735.4	4	jax-0.11.1
jax-perlayer	stable	1	183	1779.1	4	jax-0.11.1
jax-perlayer	stable	1	184	1755.0	4	jax-0.11.1
jax-perlayer	stable	1	185	1758.8	4	jax-0.11.1
jax-perlayer	stable	1	186	1725.4	4	jax-0.11.1
jax-perlayer	stable	1	187	1731.4	4	jax-0.11.1
jax-perlayer	stable	1	188	1734.7	4	jax-0.11.1
jax-perlayer	stable	1	189	1718.3	4	jax-0.11.1
jax-perlayer	stable	1	190	1757.9	4	jax-0.11.1
jax-perlayer	stable	1	191	1755.5	4	jax-0.11.1
jax-perlayer	stable	1	192	1730.0	4	jax-0.11.1
jax-perlayer	stable	1	193	1702.1	4	jax-0.11.1
jax-perlayer	stable	1	194	1742.4	4	jax-0.11.1
jax-perlayer	stable	1	195	1695.4	4	jax-0.11.1
jax-perlayer	stable	1	196	1702.5	4	jax-0.11.1
jax-perlayer	stable	1	197	1710.2	4	jax-0.11.1
jax-perlayer	stable	1	198	1695.9	4	jax-0.11.1
jax-perlayer	stable	1	199	1810.8	4	jax-0.11.1
jax-while	stable	1	0	8846180.2	4	jax-0.11.1
jax-while	stable	1	1	1932.4	4	jax-0.11.1
jax-while	stable	1	2	1545.2	4	jax-0.11.1
jax-while	stable	1	3	1516.6	4	jax-0.11.1
jax-while	stable	1	4	1422.2	4	jax-0.11.1
jax-while	stable	1	5	1466.5	4	jax-0.11.1
jax-while	stable	1	6	1476.8	4	jax-0.11.1
jax-while	stable	1	7	1473.4	4	jax-0.11.1
jax-while	stable	1	8	1476.3	4	jax-0.11.1
jax-while	stable	1	9	1442.0	4	jax-0.11.1
jax-while	stable	1	10	1472.0	4	jax-0.11.1
jax-while	stable	1	11	1472.9	4	jax-0.11.1
jax-while	stable	1	12	1482.5	4	jax-0.11.1
jax-while	stable	1	13	1439.6	4	jax-0.11.1
jax-while	stable	1	14	1444.1	4	jax-0.11.1
jax-while	stable	1	15	1442.7	4	jax-0.11.1
jax-while	stable	1	16	1444.1	4	jax-0.11.1
jax-while	stable	1	17	1454.8	4	jax-0.11.1
jax-while	stable	1	18	1459.6	4	jax-0.11.1
jax-while	stable	1	19	1420.5	4	jax-0.11.1
jax-while	stable	1	20	1395.0	4	jax-0.11.1
jax-while	stable	1	21	1409.1	4	jax-0.11.1
jax-while	stable	1	22	1449.6	4	jax-0.11.1
jax-while	stable	1	23	1382.6	4	jax-0.11.1
jax-while	stable	1	24	1408.8	4	jax-0.11.1
jax-while	stable	1	25	1403.8	4	jax-0.11.1
jax-while	stable	1	26	1447.2	4	jax-0.11.1
jax-while	stable	1	27	1403.3	4	jax-0.11.1
jax-while	stable	1	28	1440.0	4	jax-0.11.1
jax-while	stable	1	29	1403.6	4	jax-0.11.1
jax-while	stable	1	30	1404.0	4	jax-0.11.1
jax-while	stable	1	31	1418.8	4	jax-0.11.1
jax-while	stable	1	32	1458.9	4	jax-0.11.1
jax-while	stable	1	33	1404.5	4	jax-0.11.1
jax-while	stable	1	34	1439.3	4	jax-0.11.1
jax-while	stable	1	35	1431.2	4	jax-0.11.1
jax-while	stable	1	36	1421.5	4	jax-0.11.1
jax-while	stable	1	37	1400.0	4	jax-0.11.1
jax-while	stable	1	38	1467.7	4	jax-0.11.1
jax-while	stable	1	39	1420.5	4	jax-0.11.1
jax-while	stable	1	40	1438.9	4	jax-0.11.1
jax-while	stable	1	41	1437.2	4	jax-0.11.1
jax-while	stable	1	42	1408.8	4	jax-0.11.1
jax-while	stable	1	43	1414.8	4	jax-0.11.1
jax-while	stable	1	44	1412.2	4	jax-0.11.1
jax-while	stable	1	45	1422.2	4	jax-0.11.1
jax-while	stable	1	46	1418.6	4	jax-0.11.1
jax-while	stable	1	47	1452.9	4	jax-0.11.1
jax-while	stable	1	48	1453.9	4	jax-0.11.1
jax-while	stable	1	49	1409.1	4	jax-0.11.1
jax-while	stable	1	50	1425.0	4	jax-0.11.1
jax-while	stable	1	51	1444.3	4	jax-0.11.1
jax-while	stable	1	52	1413.3	4	jax-0.11.1
jax-while	stable	1	53	1411.7	4	jax-0.11.1
jax-while	stable	1	54	1429.1	4	jax-0.11.1
jax-while	stable	1	55	1431.2	4	jax-0.11.1
jax-while	stable	1	56	1423.8	4	jax-0.11.1
jax-while	stable	1	57	1391.4	4	jax-0.11.1
jax-while	stable	1	58	1390.7	4	jax-0.11.1
jax-while	stable	1	59	1451.0	4	jax-0.11.1
jax-while	stable	1	60	1435.3	4	jax-0.11.1
jax-while	stable	1	61	1394.0	4	jax-0.11.1
jax-while	stable	1	62	1411.4	4	jax-0.11.1
jax-while	stable	1	63	1419.8	4	jax-0.11.1
jax-while	stable	1	64	1427.4	4	jax-0.11.1
jax-while	stable	1	65	1431.5	4	jax-0.11.1
jax-while	stable	1	66	1422.9	4	jax-0.11.1
jax-while	stable	1	67	1434.1	4	jax-0.11.1
jax-while	stable	1	68	1440.3	4	jax-0.11.1
jax-while	stable	1	69	1402.6	4	jax-0.11.1
jax-while	stable	1	70	1452.9	4	jax-0.11.1
jax-while	stable	1	71	1417.9	4	jax-0.11.1
jax-while	stable	1	72	1425.5	4	jax-0.11.1
jax-while	stable	1	73	1406.4	4	jax-0.11.1
jax-while	stable	1	74	1428.1	4	jax-0.11.1
jax-while	stable	1	75	1436.7	4	jax-0.11.1
jax-while	stable	1	76	1409.1	4	jax-0.11.1
jax-while	stable	1	77	1420.0	4	jax-0.11.1
jax-while	stable	1	78	1400.9	4	jax-0.11.1
jax-while	stable	1	79	1406.4	4	jax-0.11.1
jax-while	stable	1	80	1426.5	4	jax-0.11.1
jax-while	stable	1	81	1426.5	4	jax-0.11.1
jax-while	stable	1	82	1397.6	4	jax-0.11.1
jax-while	stable	1	83	1439.3	4	jax-0.11.1
jax-while	stable	1	84	1422.2	4	jax-0.11.1
jax-while	stable	1	85	1436.2	4	jax-0.11.1
jax-while	stable	1	86	1406.4	4	jax-0.11.1
jax-while	stable	1	87	1432.7	4	jax-0.11.1
jax-while	stable	1	88	1427.7	4	jax-0.11.1
jax-while	stable	1	89	1439.6	4	jax-0.11.1
jax-while	stable	1	90	1440.0	4	jax-0.11.1
jax-while	stable	1	91	1439.3	4	jax-0.11.1
jax-while	stable	1	92	1435.0	4	jax-0.11.1
jax-while	stable	1	93	1435.8	4	jax-0.11.1
jax-while	stable	1	94	1443.9	4	jax-0.11.1
jax-while	stable	1	95	1432.7	4	jax-0.11.1
jax-while	stable	1	96	1418.1	4	jax-0.11.1
jax-while	stable	1	97	1422.9	4	jax-0.11.1
jax-while	stable	1	98	1425.5	4	jax-0.11.1
jax-while	stable	1	99	1439.6	4	jax-0.11.1
jax-while	stable	1	100	1438.1	4	jax-0.11.1
jax-while	stable	1	101	1406.7	4	jax-0.11.1
jax-while	stable	1	102	1392.8	4	jax-0.11.1
jax-while	stable	1	103	1396.7	4	jax-0.11.1
jax-while	stable	1	104	1441.0	4	jax-0.11.1
jax-while	stable	1	105	1418.4	4	jax-0.11.1
jax-while	stable	1	106	1400.5	4	jax-0.11.1
jax-while	stable	1	107	1424.3	4	jax-0.11.1
jax-while	stable	1	108	1430.0	4	jax-0.11.1
jax-while	stable	1	109	1375.7	4	jax-0.11.1
jax-while	stable	1	110	1441.2	4	jax-0.11.1
jax-while	stable	1	111	1433.1	4	jax-0.11.1
jax-while	stable	1	112	1402.9	4	jax-0.11.1
jax-while	stable	1	113	1425.7	4	jax-0.11.1
jax-while	stable	1	114	1416.9	4	jax-0.11.1
jax-while	stable	1	115	1456.3	4	jax-0.11.1
jax-while	stable	1	116	1426.2	4	jax-0.11.1
jax-while	stable	1	117	1416.4	4	jax-0.11.1
jax-while	stable	1	118	1431.0	4	jax-0.11.1
jax-while	stable	1	119	1394.0	4	jax-0.11.1
jax-while	stable	1	120	1434.6	4	jax-0.11.1
jax-while	stable	1	121	1420.0	4	jax-0.11.1
jax-while	stable	1	122	1420.7	4	jax-0.11.1
jax-while	stable	1	123	1439.8	4	jax-0.11.1
jax-while	stable	1	124	1429.8	4	jax-0.11.1
jax-while	stable	1	125	1410.7	4	jax-0.11.1
jax-while	stable	1	126	1438.1	4	jax-0.11.1
jax-while	stable	1	127	1416.0	4	jax-0.11.1
jax-while	stable	1	128	1439.6	4	jax-0.11.1
jax-while	stable	1	129	1437.4	4	jax-0.11.1
jax-while	stable	1	130	1430.0	4	jax-0.11.1
jax-while	stable	1	131	1419.5	4	jax-0.11.1
jax-while	stable	1	132	1429.6	4	jax-0.11.1
jax-while	stable	1	133	1407.6	4	jax-0.11.1
jax-while	stable	1	134	1445.1	4	jax-0.11.1
jax-while	stable	1	135	1487.0	4	jax-0.11.1
jax-while	stable	1	136	1652.0	4	jax-0.11.1
jax-while	stable	1	137	1395.0	4	jax-0.11.1
jax-while	stable	1	138	1401.2	4	jax-0.11.1
jax-while	stable	1	139	1372.1	4	jax-0.11.1
jax-while	stable	1	140	1375.7	4	jax-0.11.1
jax-while	stable	1	141	1339.4	4	jax-0.11.1
jax-while	stable	1	142	1398.8	4	jax-0.11.1
jax-while	stable	1	143	1340.4	4	jax-0.11.1
jax-while	stable	1	144	1324.2	4	jax-0.11.1
jax-while	stable	1	145	1348.5	4	jax-0.11.1
jax-while	stable	1	146	1341.3	4	jax-0.11.1
jax-while	stable	1	147	1327.5	4	jax-0.11.1
jax-while	stable	1	148	1347.8	4	jax-0.11.1
jax-while	stable	1	149	1353.3	4	jax-0.11.1
jax-while	stable	1	150	1362.6	4	jax-0.11.1
jax-while	stable	1	151	1369.2	4	jax-0.11.1
jax-while	stable	1	152	1343.0	4	jax-0.11.1
jax-while	stable	1	153	1331.1	4	jax-0.11.1
jax-while	stable	1	154	1310.8	4	jax-0.11.1
jax-while	stable	1	155	1372.1	4	jax-0.11.1
jax-while	stable	1	156	1617.0	4	jax-0.11.1
jax-while	stable	1	157	1482.7	4	jax-0.11.1
jax-while	stable	1	158	1462.9	4	jax-0.11.1
jax-while	stable	1	159	1533.0	4	jax-0.11.1
jax-while	stable	1	160	1392.8	4	jax-0.11.1
jax-while	stable	1	161	1443.6	4	jax-0.11.1
jax-while	stable	1	162	1409.5	4	jax-0.11.1
jax-while	stable	1	163	1432.4	4	jax-0.11.1
jax-while	stable	1	164	1426.9	4	jax-0.11.1
jax-while	stable	1	165	1424.1	4	jax-0.11.1
jax-while	stable	1	166	1440.5	4	jax-0.11.1
jax-while	stable	1	167	1423.6	4	jax-0.11.1
jax-while	stable	1	168	1439.8	4	jax-0.11.1
jax-while	stable	1	169	1426.0	4	jax-0.11.1
jax-while	stable	1	170	1441.7	4	jax-0.11.1
jax-while	stable	1	171	1417.4	4	jax-0.11.1
jax-while	stable	1	172	1414.8	4	jax-0.11.1
jax-while	stable	1	173	1359.9	4	jax-0.11.1
jax-while	stable	1	174	1454.1	4	jax-0.11.1
jax-while	stable	1	175	1425.3	4	jax-0.11.1
jax-while	stable	1	176	1403.3	4	jax-0.11.1
jax-while	stable	1	177	1400.5	4	jax-0.11.1
jax-while	stable	1	178	1406.4	4	jax-0.11.1
jax-while	stable	1	179	1432.2	4	jax-0.11.1
jax-while	stable	1	180	1418.1	4	jax-0.11.1
jax-while	stable	1	181	1414.3	4	jax-0.11.1
jax-while	stable	1	182	1523.5	4	jax-0.11.1
jax-while	stable	1	183	1383.5	4	jax-0.11.1
jax-while	stable	1	184	1399.8	4	jax-0.11.1
jax-while	stable	1	185	1422.4	4	jax-0.11.1
jax-while	stable	1	186	1388.5	4	jax-0.11.1
jax-while	stable	1	187	1411.0	4	jax-0.11.1
jax-while	stable	1	188	1387.6	4	jax-0.11.1
jax-while	stable	1	189	1418.1	4	jax-0.11.1
jax-while	stable	1	190	1409.3	4	jax-0.11.1
jax-while	stable	1	191	1455.8	4	jax-0.11.1
jax-while	stable	1	192	1423.1	4	jax-0.11.1
jax-while	stable	1	193	1395.7	4	jax-0.11.1
jax-while	stable	1	194	1412.2	4	jax-0.11.1
jax-while	stable	1	195	1397.4	4	jax-0.11.1
jax-while	stable	1	196	1414.5	4	jax-0.11.1
jax-while	stable	1	197	1400.2	4	jax-0.11.1
jax-while	stable	1	198	1395.2	4	jax-0.11.1
jax-while	stable	1	199	1400.9	4	jax-0.11.1
ours	varying	1	0	534416.9	2	ddc8008cdeaf
ours	varying	1	1	18219.0	3	ddc8008cdeaf
ours	varying	1	2	45230.9	5	ddc8008cdeaf
ours	varying	1	3	17829.9	6	ddc8008cdeaf
ours	varying	1	4	13886.0	2	ddc8008cdeaf
ours	varying	1	5	5076.9	3	ddc8008cdeaf
ours	varying	1	6	5164.1	5	ddc8008cdeaf
ours	varying	1	7	1498.2	6	ddc8008cdeaf
ours	varying	1	8	2835.0	2	ddc8008cdeaf
ours	varying	1	9	922.9	3	ddc8008cdeaf
ours	varying	1	10	1210.0	5	ddc8008cdeaf
ours	varying	1	11	4836.1	6	ddc8008cdeaf
ours	varying	1	12	1338.0	2	ddc8008cdeaf
ours	varying	1	13	923.9	3	ddc8008cdeaf
ours	varying	1	14	1241.0	5	ddc8008cdeaf
ours	varying	1	15	4122.0	6	ddc8008cdeaf
ours	varying	1	16	768.2	2	ddc8008cdeaf
ours	varying	1	17	897.9	3	ddc8008cdeaf
ours	varying	1	18	1284.8	5	ddc8008cdeaf
ours	varying	1	19	1412.9	6	ddc8008cdeaf
ours	varying	1	20	3255.1	2	ddc8008cdeaf
ours	varying	1	21	930.1	3	ddc8008cdeaf
ours	varying	1	22	1220.9	5	ddc8008cdeaf
ours	varying	1	23	1391.9	6	ddc8008cdeaf
ours	varying	1	24	757.0	2	ddc8008cdeaf
ours	varying	1	25	904.8	3	ddc8008cdeaf
ours	varying	1	26	4335.9	5	ddc8008cdeaf
ours	varying	1	27	1452.9	6	ddc8008cdeaf
ours	varying	1	28	752.0	2	ddc8008cdeaf
ours	varying	1	29	901.0	3	ddc8008cdeaf
ours	varying	1	30	1208.1	5	ddc8008cdeaf
ours	varying	1	31	1386.9	6	ddc8008cdeaf
ours	varying	1	32	735.0	2	ddc8008cdeaf
ours	varying	1	33	4068.9	3	ddc8008cdeaf
ours	varying	1	34	1236.0	5	ddc8008cdeaf
ours	varying	1	35	1400.0	6	ddc8008cdeaf
ours	varying	1	36	813.0	2	ddc8008cdeaf
ours	varying	1	37	899.1	3	ddc8008cdeaf
ours	varying	1	38	1283.9	5	ddc8008cdeaf
ours	varying	1	39	1380.0	6	ddc8008cdeaf
ours	varying	1	40	754.1	2	ddc8008cdeaf
ours	varying	1	41	4009.0	3	ddc8008cdeaf
ours	varying	1	42	1219.0	5	ddc8008cdeaf
ours	varying	1	43	1429.1	6	ddc8008cdeaf
ours	varying	1	44	749.1	2	ddc8008cdeaf
ours	varying	1	45	895.0	3	ddc8008cdeaf
ours	varying	1	46	1206.2	5	ddc8008cdeaf
ours	varying	1	47	1384.0	6	ddc8008cdeaf
ours	varying	1	48	760.1	2	ddc8008cdeaf
ours	varying	1	49	911.0	3	ddc8008cdeaf
ours	varying	1	50	4342.1	5	ddc8008cdeaf
ours	varying	1	51	1411.9	6	ddc8008cdeaf
ours	varying	1	52	770.1	2	ddc8008cdeaf
ours	varying	1	53	956.1	3	ddc8008cdeaf
ours	varying	1	54	1227.9	5	ddc8008cdeaf
ours	varying	1	55	1399.0	6	ddc8008cdeaf
ours	varying	1	56	746.0	2	ddc8008cdeaf
ours	varying	1	57	913.9	3	ddc8008cdeaf
ours	varying	1	58	1237.9	5	ddc8008cdeaf
ours	varying	1	59	1379.0	6	ddc8008cdeaf
ours	varying	1	60	743.9	2	ddc8008cdeaf
ours	varying	1	61	4238.1	3	ddc8008cdeaf
ours	varying	1	62	1289.8	5	ddc8008cdeaf
ours	varying	1	63	1400.0	6	ddc8008cdeaf
ours	varying	1	64	750.1	2	ddc8008cdeaf
ours	varying	1	65	915.1	3	ddc8008cdeaf
ours	varying	1	66	1210.0	5	ddc8008cdeaf
ours	varying	1	67	1399.0	6	ddc8008cdeaf
ours	varying	1	68	757.0	2	ddc8008cdeaf
ours	varying	1	69	911.0	3	ddc8008cdeaf
ours	varying	1	70	1226.9	5	ddc8008cdeaf
ours	varying	1	71	1379.0	6	ddc8008cdeaf
ours	varying	1	72	741.0	2	ddc8008cdeaf
ours	varying	1	73	4000.2	3	ddc8008cdeaf
ours	varying	1	74	1290.1	5	ddc8008cdeaf
ours	varying	1	75	1374.0	6	ddc8008cdeaf
ours	varying	1	76	742.2	2	ddc8008cdeaf
ours	varying	1	77	913.9	3	ddc8008cdeaf
ours	varying	1	78	1220.0	5	ddc8008cdeaf
ours	varying	1	79	1390.0	6	ddc8008cdeaf
ours	varying	1	80	768.9	2	ddc8008cdeaf
ours	varying	1	81	934.8	3	ddc8008cdeaf
ours	varying	1	82	1215.9	5	ddc8008cdeaf
ours	varying	1	83	1373.1	6	ddc8008cdeaf
ours	varying	1	84	747.0	2	ddc8008cdeaf
ours	varying	1	85	1095.8	3	ddc8008cdeaf
ours	varying	1	86	4277.9	5	ddc8008cdeaf
ours	varying	1	87	1407.9	6	ddc8008cdeaf
ours	varying	1	88	741.0	2	ddc8008cdeaf
ours	varying	1	89	938.9	3	ddc8008cdeaf
ours	varying	1	90	1234.1	5	ddc8008cdeaf
ours	varying	1	91	1378.1	6	ddc8008cdeaf
ours	varying	1	92	741.0	2	ddc8008cdeaf
ours	varying	1	93	895.0	3	ddc8008cdeaf
ours	varying	1	94	1217.8	5	ddc8008cdeaf
ours	varying	1	95	1383.8	6	ddc8008cdeaf
ours	varying	1	96	742.0	2	ddc8008cdeaf
ours	varying	1	97	905.0	3	ddc8008cdeaf
ours	varying	1	98	1230.0	5	ddc8008cdeaf
ours	varying	1	99	1388.1	6	ddc8008cdeaf
ours	varying	1	100	733.1	2	ddc8008cdeaf
ours	varying	1	101	889.1	3	ddc8008cdeaf
ours	varying	1	102	1233.1	5	ddc8008cdeaf
ours	varying	1	103	1385.0	6	ddc8008cdeaf
ours	varying	1	104	746.0	2	ddc8008cdeaf
ours	varying	1	105	4265.1	3	ddc8008cdeaf
ours	varying	1	106	1257.9	5	ddc8008cdeaf
ours	varying	1	107	1539.9	6	ddc8008cdeaf
ours	varying	1	108	772.0	2	ddc8008cdeaf
ours	varying	1	109	897.2	3	ddc8008cdeaf
ours	varying	1	110	1241.0	5	ddc8008cdeaf
ours	varying	1	111	1418.1	6	ddc8008cdeaf
ours	varying	1	112	739.1	2	ddc8008cdeaf
ours	varying	1	113	913.9	3	ddc8008cdeaf
ours	varying	1	114	1225.2	5	ddc8008cdeaf
ours	varying	1	115	1375.9	6	ddc8008cdeaf
ours	varying	1	116	758.2	2	ddc8008cdeaf
ours	varying	1	117	897.9	3	ddc8008cdeaf
ours	varying	1	118	1205.0	5	ddc8008cdeaf
ours	varying	1	119	1371.9	6	ddc8008cdeaf
ours	varying	1	120	742.0	2	ddc8008cdeaf
ours	varying	1	121	911.0	3	ddc8008cdeaf
ours	varying	1	122	1220.9	5	ddc8008cdeaf
ours	varying	1	123	4716.9	6	ddc8008cdeaf
ours	varying	1	124	769.9	2	ddc8008cdeaf
ours	varying	1	125	958.9	3	ddc8008cdeaf
ours	varying	1	126	1215.0	5	ddc8008cdeaf
ours	varying	1	127	1391.9	6	ddc8008cdeaf
ours	varying	1	128	743.2	2	ddc8008cdeaf
ours	varying	1	129	923.9	3	ddc8008cdeaf
ours	varying	1	130	1261.9	5	ddc8008cdeaf
ours	varying	1	131	1426.9	6	ddc8008cdeaf
ours	varying	1	132	751.0	2	ddc8008cdeaf
ours	varying	1	133	896.0	3	ddc8008cdeaf
ours	varying	1	134	1201.9	5	ddc8008cdeaf
ours	varying	1	135	1372.8	6	ddc8008cdeaf
ours	varying	1	136	747.0	2	ddc8008cdeaf
ours	varying	1	137	899.1	3	ddc8008cdeaf
ours	varying	1	138	1290.1	5	ddc8008cdeaf
ours	varying	1	139	1400.9	6	ddc8008cdeaf
ours	varying	1	140	754.1	2	ddc8008cdeaf
ours	varying	1	141	897.9	3	ddc8008cdeaf
ours	varying	1	142	1205.9	5	ddc8008cdeaf
ours	varying	1	143	1381.2	6	ddc8008cdeaf
ours	varying	1	144	736.0	2	ddc8008cdeaf
ours	varying	1	145	4521.8	3	ddc8008cdeaf
ours	varying	1	146	1221.9	5	ddc8008cdeaf
ours	varying	1	147	1402.9	6	ddc8008cdeaf
ours	varying	1	148	805.9	2	ddc8008cdeaf
ours	varying	1	149	927.0	3	ddc8008cdeaf
ours	varying	1	150	1267.9	5	ddc8008cdeaf
ours	varying	1	151	1389.0	6	ddc8008cdeaf
ours	varying	1	152	734.8	2	ddc8008cdeaf
ours	varying	1	153	904.8	3	ddc8008cdeaf
ours	varying	1	154	1237.9	5	ddc8008cdeaf
ours	varying	1	155	1432.2	6	ddc8008cdeaf
ours	varying	1	156	748.9	2	ddc8008cdeaf
ours	varying	1	157	930.8	3	ddc8008cdeaf
ours	varying	1	158	1221.9	5	ddc8008cdeaf
ours	varying	1	159	1391.2	6	ddc8008cdeaf
ours	varying	1	160	790.8	2	ddc8008cdeaf
ours	varying	1	161	904.8	3	ddc8008cdeaf
ours	varying	1	162	1220.0	5	ddc8008cdeaf
ours	varying	1	163	1404.0	6	ddc8008cdeaf
ours	varying	1	164	4153.0	2	ddc8008cdeaf
ours	varying	1	165	916.0	3	ddc8008cdeaf
ours	varying	1	166	1215.0	5	ddc8008cdeaf
ours	varying	1	167	1374.0	6	ddc8008cdeaf
ours	varying	1	168	739.8	2	ddc8008cdeaf
ours	varying	1	169	899.8	3	ddc8008cdeaf
ours	varying	1	170	1237.9	5	ddc8008cdeaf
ours	varying	1	171	1393.1	6	ddc8008cdeaf
ours	varying	1	172	742.0	2	ddc8008cdeaf
ours	varying	1	173	927.9	3	ddc8008cdeaf
ours	varying	1	174	1221.9	5	ddc8008cdeaf
ours	varying	1	175	1366.1	6	ddc8008cdeaf
ours	varying	1	176	796.1	2	ddc8008cdeaf
ours	varying	1	177	903.8	3	ddc8008cdeaf
ours	varying	1	178	1231.0	5	ddc8008cdeaf
ours	varying	1	179	1389.0	6	ddc8008cdeaf
ours	varying	1	180	741.0	2	ddc8008cdeaf
ours	varying	1	181	907.9	3	ddc8008cdeaf
ours	varying	1	182	1277.9	5	ddc8008cdeaf
ours	varying	1	183	1395.9	6	ddc8008cdeaf
ours	varying	1	184	738.1	2	ddc8008cdeaf
ours	varying	1	185	897.9	3	ddc8008cdeaf
ours	varying	1	186	1232.9	5	ddc8008cdeaf
ours	varying	1	187	5330.8	6	ddc8008cdeaf
ours	varying	1	188	789.9	2	ddc8008cdeaf
ours	varying	1	189	895.0	3	ddc8008cdeaf
ours	varying	1	190	1213.1	5	ddc8008cdeaf
ours	varying	1	191	1414.1	6	ddc8008cdeaf
ours	varying	1	192	780.1	2	ddc8008cdeaf
ours	varying	1	193	896.9	3	ddc8008cdeaf
ours	varying	1	194	1247.2	5	ddc8008cdeaf
ours	varying	1	195	1373.1	6	ddc8008cdeaf
ours	varying	1	196	756.0	2	ddc8008cdeaf
ours	varying	1	197	899.1	3	ddc8008cdeaf
ours	varying	1	198	1239.1	5	ddc8008cdeaf
ours	varying	1	199	1386.9	6	ddc8008cdeaf
torch-eager	varying	1	0	130102.4	2	torch-2.14.0+cu130
torch-eager	varying	1	1	1752.9	3	torch-2.14.0+cu130
torch-eager	varying	1	2	2353.4	5	torch-2.14.0+cu130
torch-eager	varying	1	3	2723.2	6	torch-2.14.0+cu130
torch-eager	varying	1	4	1252.4	2	torch-2.14.0+cu130
torch-eager	varying	1	5	1599.6	3	torch-2.14.0+cu130
torch-eager	varying	1	6	2316.0	5	torch-2.14.0+cu130
torch-eager	varying	1	7	2691.5	6	torch-2.14.0+cu130
torch-eager	varying	1	8	1226.4	2	torch-2.14.0+cu130
torch-eager	varying	1	9	1586.4	3	torch-2.14.0+cu130
torch-eager	varying	1	10	2326.7	5	torch-2.14.0+cu130
torch-eager	varying	1	11	2712.0	6	torch-2.14.0+cu130
torch-eager	varying	1	12	1220.9	2	torch-2.14.0+cu130
torch-eager	varying	1	13	1586.4	3	torch-2.14.0+cu130
torch-eager	varying	1	14	2318.1	5	torch-2.14.0+cu130
torch-eager	varying	1	15	2692.7	6	torch-2.14.0+cu130
torch-eager	varying	1	16	1227.1	2	torch-2.14.0+cu130
torch-eager	varying	1	17	1613.6	3	torch-2.14.0+cu130
torch-eager	varying	1	18	2322.2	5	torch-2.14.0+cu130
torch-eager	varying	1	19	2689.1	6	torch-2.14.0+cu130
torch-eager	varying	1	20	1219.5	2	torch-2.14.0+cu130
torch-eager	varying	1	21	1606.7	3	torch-2.14.0+cu130
torch-eager	varying	1	22	2376.6	5	torch-2.14.0+cu130
torch-eager	varying	1	23	2697.0	6	torch-2.14.0+cu130
torch-eager	varying	1	24	1222.6	2	torch-2.14.0+cu130
torch-eager	varying	1	25	1624.6	3	torch-2.14.0+cu130
torch-eager	varying	1	26	2377.0	5	torch-2.14.0+cu130
torch-eager	varying	1	27	2719.4	6	torch-2.14.0+cu130
torch-eager	varying	1	28	1210.7	2	torch-2.14.0+cu130
torch-eager	varying	1	29	1582.4	3	torch-2.14.0+cu130
torch-eager	varying	1	30	2359.2	5	torch-2.14.0+cu130
torch-eager	varying	1	31	2705.8	6	torch-2.14.0+cu130
torch-eager	varying	1	32	1246.2	2	torch-2.14.0+cu130
torch-eager	varying	1	33	1604.6	3	torch-2.14.0+cu130
torch-eager	varying	1	34	2328.6	5	torch-2.14.0+cu130
torch-eager	varying	1	35	2696.8	6	torch-2.14.0+cu130
torch-eager	varying	1	36	1237.4	2	torch-2.14.0+cu130
torch-eager	varying	1	37	1582.4	3	torch-2.14.0+cu130
torch-eager	varying	1	38	5564.7	5	torch-2.14.0+cu130
torch-eager	varying	1	39	2814.5	6	torch-2.14.0+cu130
torch-eager	varying	1	40	1287.2	2	torch-2.14.0+cu130
torch-eager	varying	1	41	1654.1	3	torch-2.14.0+cu130
torch-eager	varying	1	42	2406.1	5	torch-2.14.0+cu130
torch-eager	varying	1	43	2761.8	6	torch-2.14.0+cu130
torch-eager	varying	1	44	1233.1	2	torch-2.14.0+cu130
torch-eager	varying	1	45	1616.0	3	torch-2.14.0+cu130
torch-eager	varying	1	46	2334.8	5	torch-2.14.0+cu130
torch-eager	varying	1	47	2710.6	6	torch-2.14.0+cu130
torch-eager	varying	1	48	1268.1	2	torch-2.14.0+cu130
torch-eager	varying	1	49	1890.4	3	torch-2.14.0+cu130
torch-eager	varying	1	50	2689.4	5	torch-2.14.0+cu130
torch-eager	varying	1	51	3177.6	6	torch-2.14.0+cu130
torch-eager	varying	1	52	1428.1	2	torch-2.14.0+cu130
torch-eager	varying	1	53	1789.6	3	torch-2.14.0+cu130
torch-eager	varying	1	54	2657.9	5	torch-2.14.0+cu130
torch-eager	varying	1	55	3112.3	6	torch-2.14.0+cu130
torch-eager	varying	1	56	1378.1	2	torch-2.14.0+cu130
torch-eager	varying	1	57	1801.0	3	torch-2.14.0+cu130
torch-eager	varying	1	58	2664.6	5	torch-2.14.0+cu130
torch-eager	varying	1	59	3120.2	6	torch-2.14.0+cu130
torch-eager	varying	1	60	1392.6	2	torch-2.14.0+cu130
torch-eager	varying	1	61	1823.9	3	torch-2.14.0+cu130
torch-eager	varying	1	62	2659.3	5	torch-2.14.0+cu130
torch-eager	varying	1	63	3082.8	6	torch-2.14.0+cu130
torch-eager	varying	1	64	1391.6	2	torch-2.14.0+cu130
torch-eager	varying	1	65	1814.8	3	torch-2.14.0+cu130
torch-eager	varying	1	66	2659.8	5	torch-2.14.0+cu130
torch-eager	varying	1	67	3096.3	6	torch-2.14.0+cu130
torch-eager	varying	1	68	1414.5	2	torch-2.14.0+cu130
torch-eager	varying	1	69	1814.6	3	torch-2.14.0+cu130
torch-eager	varying	1	70	2631.2	5	torch-2.14.0+cu130
torch-eager	varying	1	71	3073.5	6	torch-2.14.0+cu130
torch-eager	varying	1	72	1380.2	2	torch-2.14.0+cu130
torch-eager	varying	1	73	1834.4	3	torch-2.14.0+cu130
torch-eager	varying	1	74	2694.6	5	torch-2.14.0+cu130
torch-eager	varying	1	75	3122.8	6	torch-2.14.0+cu130
torch-eager	varying	1	76	1363.8	2	torch-2.14.0+cu130
torch-eager	varying	1	77	1789.3	3	torch-2.14.0+cu130
torch-eager	varying	1	78	2658.6	5	torch-2.14.0+cu130
torch-eager	varying	1	79	3148.1	6	torch-2.14.0+cu130
torch-eager	varying	1	80	1349.7	2	torch-2.14.0+cu130
torch-eager	varying	1	81	1817.2	3	torch-2.14.0+cu130
torch-eager	varying	1	82	2675.5	5	torch-2.14.0+cu130
torch-eager	varying	1	83	3121.1	6	torch-2.14.0+cu130
torch-eager	varying	1	84	1469.9	2	torch-2.14.0+cu130
torch-eager	varying	1	85	1808.4	3	torch-2.14.0+cu130
torch-eager	varying	1	86	2678.2	5	torch-2.14.0+cu130
torch-eager	varying	1	87	3076.3	6	torch-2.14.0+cu130
torch-eager	varying	1	88	1402.1	2	torch-2.14.0+cu130
torch-eager	varying	1	89	1925.9	3	torch-2.14.0+cu130
torch-eager	varying	1	90	2748.5	5	torch-2.14.0+cu130
torch-eager	varying	1	91	3251.6	6	torch-2.14.0+cu130
torch-eager	varying	1	92	1382.4	2	torch-2.14.0+cu130
torch-eager	varying	1	93	1901.6	3	torch-2.14.0+cu130
torch-eager	varying	1	94	2696.5	5	torch-2.14.0+cu130
torch-eager	varying	1	95	3109.2	6	torch-2.14.0+cu130
torch-eager	varying	1	96	1388.5	2	torch-2.14.0+cu130
torch-eager	varying	1	97	1859.9	3	torch-2.14.0+cu130
torch-eager	varying	1	98	2695.6	5	torch-2.14.0+cu130
torch-eager	varying	1	99	3092.1	6	torch-2.14.0+cu130
torch-eager	varying	1	100	1350.2	2	torch-2.14.0+cu130
torch-eager	varying	1	101	1789.8	3	torch-2.14.0+cu130
torch-eager	varying	1	102	2724.6	5	torch-2.14.0+cu130
torch-eager	varying	1	103	3087.3	6	torch-2.14.0+cu130
torch-eager	varying	1	104	1399.8	2	torch-2.14.0+cu130
torch-eager	varying	1	105	1775.5	3	torch-2.14.0+cu130
torch-eager	varying	1	106	2667.0	5	torch-2.14.0+cu130
torch-eager	varying	1	107	3124.5	6	torch-2.14.0+cu130
torch-eager	varying	1	108	1361.1	2	torch-2.14.0+cu130
torch-eager	varying	1	109	1797.9	3	torch-2.14.0+cu130
torch-eager	varying	1	110	2687.2	5	torch-2.14.0+cu130
torch-eager	varying	1	111	3125.9	6	torch-2.14.0+cu130
torch-eager	varying	1	112	1378.1	2	torch-2.14.0+cu130
torch-eager	varying	1	113	1798.2	3	torch-2.14.0+cu130
torch-eager	varying	1	114	2679.8	5	torch-2.14.0+cu130
torch-eager	varying	1	115	3137.1	6	torch-2.14.0+cu130
torch-eager	varying	1	116	1384.5	2	torch-2.14.0+cu130
torch-eager	varying	1	117	1795.1	3	torch-2.14.0+cu130
torch-eager	varying	1	118	2627.1	5	torch-2.14.0+cu130
torch-eager	varying	1	119	3049.6	6	torch-2.14.0+cu130
torch-eager	varying	1	120	1385.0	2	torch-2.14.0+cu130
torch-eager	varying	1	121	1758.1	3	torch-2.14.0+cu130
torch-eager	varying	1	122	2626.4	5	torch-2.14.0+cu130
torch-eager	varying	1	123	3055.8	6	torch-2.14.0+cu130
torch-eager	varying	1	124	1383.3	2	torch-2.14.0+cu130
torch-eager	varying	1	125	1848.7	3	torch-2.14.0+cu130
torch-eager	varying	1	126	2669.3	5	torch-2.14.0+cu130
torch-eager	varying	1	127	3108.7	6	torch-2.14.0+cu130
torch-eager	varying	1	128	1372.8	2	torch-2.14.0+cu130
torch-eager	varying	1	129	1858.2	3	torch-2.14.0+cu130
torch-eager	varying	1	130	2678.4	5	torch-2.14.0+cu130
torch-eager	varying	1	131	3147.1	6	torch-2.14.0+cu130
torch-eager	varying	1	132	1342.3	2	torch-2.14.0+cu130
torch-eager	varying	1	133	1789.6	3	torch-2.14.0+cu130
torch-eager	varying	1	134	2664.8	5	torch-2.14.0+cu130
torch-eager	varying	1	135	3073.2	6	torch-2.14.0+cu130
torch-eager	varying	1	136	1335.1	2	torch-2.14.0+cu130
torch-eager	varying	1	137	1865.9	3	torch-2.14.0+cu130
torch-eager	varying	1	138	2676.5	5	torch-2.14.0+cu130
torch-eager	varying	1	139	3142.6	6	torch-2.14.0+cu130
torch-eager	varying	1	140	1441.2	2	torch-2.14.0+cu130
torch-eager	varying	1	141	1848.5	3	torch-2.14.0+cu130
torch-eager	varying	1	142	2704.6	5	torch-2.14.0+cu130
torch-eager	varying	1	143	3133.5	6	torch-2.14.0+cu130
torch-eager	varying	1	144	1424.8	2	torch-2.14.0+cu130
torch-eager	varying	1	145	1821.5	3	torch-2.14.0+cu130
torch-eager	varying	1	146	2703.9	5	torch-2.14.0+cu130
torch-eager	varying	1	147	3124.7	6	torch-2.14.0+cu130
torch-eager	varying	1	148	1352.1	2	torch-2.14.0+cu130
torch-eager	varying	1	149	1786.7	3	torch-2.14.0+cu130
torch-eager	varying	1	150	2659.1	5	torch-2.14.0+cu130
torch-eager	varying	1	151	3174.5	6	torch-2.14.0+cu130
torch-eager	varying	1	152	1406.0	2	torch-2.14.0+cu130
torch-eager	varying	1	153	1784.6	3	torch-2.14.0+cu130
torch-eager	varying	1	154	2722.0	5	torch-2.14.0+cu130
torch-eager	varying	1	155	3117.1	6	torch-2.14.0+cu130
torch-eager	varying	1	156	1381.2	2	torch-2.14.0+cu130
torch-eager	varying	1	157	1801.0	3	torch-2.14.0+cu130
torch-eager	varying	1	158	2684.4	5	torch-2.14.0+cu130
torch-eager	varying	1	159	3106.6	6	torch-2.14.0+cu130
torch-eager	varying	1	160	1394.7	2	torch-2.14.0+cu130
torch-eager	varying	1	161	1825.1	3	torch-2.14.0+cu130
torch-eager	varying	1	162	2665.5	5	torch-2.14.0+cu130
torch-eager	varying	1	163	3117.8	6	torch-2.14.0+cu130
torch-eager	varying	1	164	1380.4	2	torch-2.14.0+cu130
torch-eager	varying	1	165	1842.5	3	torch-2.14.0+cu130
torch-eager	varying	1	166	2670.0	5	torch-2.14.0+cu130
torch-eager	varying	1	167	3083.7	6	torch-2.14.0+cu130
torch-eager	varying	1	168	1357.8	2	torch-2.14.0+cu130
torch-eager	varying	1	169	1841.8	3	torch-2.14.0+cu130
torch-eager	varying	1	170	2672.7	5	torch-2.14.0+cu130
torch-eager	varying	1	171	3078.7	6	torch-2.14.0+cu130
torch-eager	varying	1	172	1425.0	2	torch-2.14.0+cu130
torch-eager	varying	1	173	1807.7	3	torch-2.14.0+cu130
torch-eager	varying	1	174	2713.9	5	torch-2.14.0+cu130
torch-eager	varying	1	175	3068.2	6	torch-2.14.0+cu130
torch-eager	varying	1	176	1394.0	2	torch-2.14.0+cu130
torch-eager	varying	1	177	1775.5	3	torch-2.14.0+cu130
torch-eager	varying	1	178	2709.2	5	torch-2.14.0+cu130
torch-eager	varying	1	179	3157.1	6	torch-2.14.0+cu130
torch-eager	varying	1	180	1474.1	2	torch-2.14.0+cu130
torch-eager	varying	1	181	1809.6	3	torch-2.14.0+cu130
torch-eager	varying	1	182	2645.3	5	torch-2.14.0+cu130
torch-eager	varying	1	183	3067.3	6	torch-2.14.0+cu130
torch-eager	varying	1	184	1383.1	2	torch-2.14.0+cu130
torch-eager	varying	1	185	1786.7	3	torch-2.14.0+cu130
torch-eager	varying	1	186	2616.2	5	torch-2.14.0+cu130
torch-eager	varying	1	187	3088.0	6	torch-2.14.0+cu130
torch-eager	varying	1	188	1333.2	2	torch-2.14.0+cu130
torch-eager	varying	1	189	1777.6	3	torch-2.14.0+cu130
torch-eager	varying	1	190	2626.7	5	torch-2.14.0+cu130
torch-eager	varying	1	191	3107.3	6	torch-2.14.0+cu130
torch-eager	varying	1	192	1370.2	2	torch-2.14.0+cu130
torch-eager	varying	1	193	1832.5	3	torch-2.14.0+cu130
torch-eager	varying	1	194	2659.3	5	torch-2.14.0+cu130
torch-eager	varying	1	195	3066.1	6	torch-2.14.0+cu130
torch-eager	varying	1	196	1398.1	2	torch-2.14.0+cu130
torch-eager	varying	1	197	1786.5	3	torch-2.14.0+cu130
torch-eager	varying	1	198	2641.2	5	torch-2.14.0+cu130
torch-eager	varying	1	199	3060.8	6	torch-2.14.0+cu130
torch-compile	varying	1	0	938618.7	2	torch-2.14.0+cu130
torch-compile	varying	1	1	1633.4	3	torch-2.14.0+cu130
torch-compile	varying	1	2	1818.9	5	torch-2.14.0+cu130
torch-compile	varying	1	3	2039.7	6	torch-2.14.0+cu130
torch-compile	varying	1	4	1043.1	2	torch-2.14.0+cu130
torch-compile	varying	1	5	1299.1	3	torch-2.14.0+cu130
torch-compile	varying	1	6	1827.5	5	torch-2.14.0+cu130
torch-compile	varying	1	7	2048.3	6	torch-2.14.0+cu130
torch-compile	varying	1	8	1105.5	2	torch-2.14.0+cu130
torch-compile	varying	1	9	1329.4	3	torch-2.14.0+cu130
torch-compile	varying	1	10	1787.9	5	torch-2.14.0+cu130
torch-compile	varying	1	11	2041.6	6	torch-2.14.0+cu130
torch-compile	varying	1	12	1055.0	2	torch-2.14.0+cu130
torch-compile	varying	1	13	1324.4	3	torch-2.14.0+cu130
torch-compile	varying	1	14	1847.0	5	torch-2.14.0+cu130
torch-compile	varying	1	15	2028.0	6	torch-2.14.0+cu130
torch-compile	varying	1	16	1037.8	2	torch-2.14.0+cu130
torch-compile	varying	1	17	1296.3	3	torch-2.14.0+cu130
torch-compile	varying	1	18	1775.5	5	torch-2.14.0+cu130
torch-compile	varying	1	19	2069.0	6	torch-2.14.0+cu130
torch-compile	varying	1	20	1056.7	2	torch-2.14.0+cu130
torch-compile	varying	1	21	1313.0	3	torch-2.14.0+cu130
torch-compile	varying	1	22	1784.1	5	torch-2.14.0+cu130
torch-compile	varying	1	23	2042.8	6	torch-2.14.0+cu130
torch-compile	varying	1	24	1075.0	2	torch-2.14.0+cu130
torch-compile	varying	1	25	1286.3	3	torch-2.14.0+cu130
torch-compile	varying	1	26	1834.4	5	torch-2.14.0+cu130
torch-compile	varying	1	27	2048.3	6	torch-2.14.0+cu130
torch-compile	varying	1	28	1051.4	2	torch-2.14.0+cu130
torch-compile	varying	1	29	1291.5	3	torch-2.14.0+cu130
torch-compile	varying	1	30	1786.9	5	torch-2.14.0+cu130
torch-compile	varying	1	31	2043.0	6	torch-2.14.0+cu130
torch-compile	varying	1	32	1060.2	2	torch-2.14.0+cu130
torch-compile	varying	1	33	1273.6	3	torch-2.14.0+cu130
torch-compile	varying	1	34	1758.6	5	torch-2.14.0+cu130
torch-compile	varying	1	35	2039.0	6	torch-2.14.0+cu130
torch-compile	varying	1	36	1040.5	2	torch-2.14.0+cu130
torch-compile	varying	1	37	1294.9	3	torch-2.14.0+cu130
torch-compile	varying	1	38	1776.0	5	torch-2.14.0+cu130
torch-compile	varying	1	39	2025.6	6	torch-2.14.0+cu130
torch-compile	varying	1	40	1032.1	2	torch-2.14.0+cu130
torch-compile	varying	1	41	1285.8	3	torch-2.14.0+cu130
torch-compile	varying	1	42	1803.6	5	torch-2.14.0+cu130
torch-compile	varying	1	43	2010.3	6	torch-2.14.0+cu130
torch-compile	varying	1	44	1028.1	2	torch-2.14.0+cu130
torch-compile	varying	1	45	1283.6	3	torch-2.14.0+cu130
torch-compile	varying	1	46	1830.8	5	torch-2.14.0+cu130
torch-compile	varying	1	47	2053.3	6	torch-2.14.0+cu130
torch-compile	varying	1	48	1047.1	2	torch-2.14.0+cu130
torch-compile	varying	1	49	1282.2	3	torch-2.14.0+cu130
torch-compile	varying	1	50	1783.8	5	torch-2.14.0+cu130
torch-compile	varying	1	51	2093.6	6	torch-2.14.0+cu130
torch-compile	varying	1	52	1077.4	2	torch-2.14.0+cu130
torch-compile	varying	1	53	1303.0	3	torch-2.14.0+cu130
torch-compile	varying	1	54	1805.1	5	torch-2.14.0+cu130
torch-compile	varying	1	55	2054.0	6	torch-2.14.0+cu130
torch-compile	varying	1	56	1031.6	2	torch-2.14.0+cu130
torch-compile	varying	1	57	1276.5	3	torch-2.14.0+cu130
torch-compile	varying	1	58	1784.3	5	torch-2.14.0+cu130
torch-compile	varying	1	59	2052.1	6	torch-2.14.0+cu130
torch-compile	varying	1	60	1046.2	2	torch-2.14.0+cu130
torch-compile	varying	1	61	1278.2	3	torch-2.14.0+cu130
torch-compile	varying	1	62	1770.5	5	torch-2.14.0+cu130
torch-compile	varying	1	63	2009.6	6	torch-2.14.0+cu130
torch-compile	varying	1	64	1052.4	2	torch-2.14.0+cu130
torch-compile	varying	1	65	1284.1	3	torch-2.14.0+cu130
torch-compile	varying	1	66	1815.3	5	torch-2.14.0+cu130
torch-compile	varying	1	67	2040.9	6	torch-2.14.0+cu130
torch-compile	varying	1	68	1067.2	2	torch-2.14.0+cu130
torch-compile	varying	1	69	1327.0	3	torch-2.14.0+cu130
torch-compile	varying	1	70	1827.2	5	torch-2.14.0+cu130
torch-compile	varying	1	71	2063.8	6	torch-2.14.0+cu130
torch-compile	varying	1	72	1060.2	2	torch-2.14.0+cu130
torch-compile	varying	1	73	1262.7	3	torch-2.14.0+cu130
torch-compile	varying	1	74	1786.9	5	torch-2.14.0+cu130
torch-compile	varying	1	75	2042.5	6	torch-2.14.0+cu130
torch-compile	varying	1	76	1125.3	2	torch-2.14.0+cu130
torch-compile	varying	1	77	1305.8	3	torch-2.14.0+cu130
torch-compile	varying	1	78	1823.9	5	torch-2.14.0+cu130
torch-compile	varying	1	79	2055.9	6	torch-2.14.0+cu130
torch-compile	varying	1	80	1061.9	2	torch-2.14.0+cu130
torch-compile	varying	1	81	1280.8	3	torch-2.14.0+cu130
torch-compile	varying	1	82	1795.8	5	torch-2.14.0+cu130
torch-compile	varying	1	83	2056.8	6	torch-2.14.0+cu130
torch-compile	varying	1	84	1028.8	2	torch-2.14.0+cu130
torch-compile	varying	1	85	1293.2	3	torch-2.14.0+cu130
torch-compile	varying	1	86	1794.8	5	torch-2.14.0+cu130
torch-compile	varying	1	87	2046.8	6	torch-2.14.0+cu130
torch-compile	varying	1	88	1054.3	2	torch-2.14.0+cu130
torch-compile	varying	1	89	1337.1	3	torch-2.14.0+cu130
torch-compile	varying	1	90	1789.1	5	torch-2.14.0+cu130
torch-compile	varying	1	91	2024.9	6	torch-2.14.0+cu130
torch-compile	varying	1	92	1043.3	2	torch-2.14.0+cu130
torch-compile	varying	1	93	1287.9	3	torch-2.14.0+cu130
torch-compile	varying	1	94	1845.4	5	torch-2.14.0+cu130
torch-compile	varying	1	95	2034.9	6	torch-2.14.0+cu130
torch-compile	varying	1	96	1043.3	2	torch-2.14.0+cu130
torch-compile	varying	1	97	1297.5	3	torch-2.14.0+cu130
torch-compile	varying	1	98	1811.5	5	torch-2.14.0+cu130
torch-compile	varying	1	99	2029.7	6	torch-2.14.0+cu130
torch-compile	varying	1	100	1040.9	2	torch-2.14.0+cu130
torch-compile	varying	1	101	1284.8	3	torch-2.14.0+cu130
torch-compile	varying	1	102	1811.7	5	torch-2.14.0+cu130
torch-compile	varying	1	103	2023.7	6	torch-2.14.0+cu130
torch-compile	varying	1	104	1019.0	2	torch-2.14.0+cu130
torch-compile	varying	1	105	1272.7	3	torch-2.14.0+cu130
torch-compile	varying	1	106	1786.2	5	torch-2.14.0+cu130
torch-compile	varying	1	107	2065.2	6	torch-2.14.0+cu130
torch-compile	varying	1	108	1056.4	2	torch-2.14.0+cu130
torch-compile	varying	1	109	1292.0	3	torch-2.14.0+cu130
torch-compile	varying	1	110	1800.8	5	torch-2.14.0+cu130
torch-compile	varying	1	111	2030.4	6	torch-2.14.0+cu130
torch-compile	varying	1	112	1079.6	2	torch-2.14.0+cu130
torch-compile	varying	1	113	1257.4	3	torch-2.14.0+cu130
torch-compile	varying	1	114	1798.4	5	torch-2.14.0+cu130
torch-compile	varying	1	115	2020.4	6	torch-2.14.0+cu130
torch-compile	varying	1	116	1072.2	2	torch-2.14.0+cu130
torch-compile	varying	1	117	1288.2	3	torch-2.14.0+cu130
torch-compile	varying	1	118	1780.3	5	torch-2.14.0+cu130
torch-compile	varying	1	119	2038.7	6	torch-2.14.0+cu130
torch-compile	varying	1	120	1096.7	2	torch-2.14.0+cu130
torch-compile	varying	1	121	1291.5	3	torch-2.14.0+cu130
torch-compile	varying	1	122	1773.4	5	torch-2.14.0+cu130
torch-compile	varying	1	123	2036.1	6	torch-2.14.0+cu130
torch-compile	varying	1	124	1042.6	2	torch-2.14.0+cu130
torch-compile	varying	1	125	1298.0	3	torch-2.14.0+cu130
torch-compile	varying	1	126	1791.2	5	torch-2.14.0+cu130
torch-compile	varying	1	127	2035.6	6	torch-2.14.0+cu130
torch-compile	varying	1	128	1047.4	2	torch-2.14.0+cu130
torch-compile	varying	1	129	1292.9	3	torch-2.14.0+cu130
torch-compile	varying	1	130	1781.7	5	torch-2.14.0+cu130
torch-compile	varying	1	131	1950.0	6	torch-2.14.0+cu130
torch-compile	varying	1	132	977.3	2	torch-2.14.0+cu130
torch-compile	varying	1	133	1204.3	3	torch-2.14.0+cu130
torch-compile	varying	1	134	1660.8	5	torch-2.14.0+cu130
torch-compile	varying	1	135	1880.9	6	torch-2.14.0+cu130
torch-compile	varying	1	136	972.3	2	torch-2.14.0+cu130
torch-compile	varying	1	137	1217.1	3	torch-2.14.0+cu130
torch-compile	varying	1	138	1668.0	5	torch-2.14.0+cu130
torch-compile	varying	1	139	1869.9	6	torch-2.14.0+cu130
torch-compile	varying	1	140	975.1	2	torch-2.14.0+cu130
torch-compile	varying	1	141	1222.1	3	torch-2.14.0+cu130
torch-compile	varying	1	142	1642.0	5	torch-2.14.0+cu130
torch-compile	varying	1	143	1847.7	6	torch-2.14.0+cu130
torch-compile	varying	1	144	961.1	2	torch-2.14.0+cu130
torch-compile	varying	1	145	1188.0	3	torch-2.14.0+cu130
torch-compile	varying	1	146	1647.9	5	torch-2.14.0+cu130
torch-compile	varying	1	147	1880.2	6	torch-2.14.0+cu130
torch-compile	varying	1	148	981.3	2	torch-2.14.0+cu130
torch-compile	varying	1	149	4139.7	3	torch-2.14.0+cu130
torch-compile	varying	1	150	1759.1	5	torch-2.14.0+cu130
torch-compile	varying	1	151	1832.7	6	torch-2.14.0+cu130
torch-compile	varying	1	152	966.3	2	torch-2.14.0+cu130
torch-compile	varying	1	153	1201.9	3	torch-2.14.0+cu130
torch-compile	varying	1	154	1631.5	5	torch-2.14.0+cu130
torch-compile	varying	1	155	5006.8	6	torch-2.14.0+cu130
torch-compile	varying	1	156	989.4	2	torch-2.14.0+cu130
torch-compile	varying	1	157	1209.5	3	torch-2.14.0+cu130
torch-compile	varying	1	158	1674.7	5	torch-2.14.0+cu130
torch-compile	varying	1	159	1839.2	6	torch-2.14.0+cu130
torch-compile	varying	1	160	970.4	2	torch-2.14.0+cu130
torch-compile	varying	1	161	1162.1	3	torch-2.14.0+cu130
torch-compile	varying	1	162	1590.7	5	torch-2.14.0+cu130
torch-compile	varying	1	163	1820.6	6	torch-2.14.0+cu130
torch-compile	varying	1	164	942.7	2	torch-2.14.0+cu130
torch-compile	varying	1	165	1174.2	3	torch-2.14.0+cu130
torch-compile	varying	1	166	1617.4	5	torch-2.14.0+cu130
torch-compile	varying	1	167	1841.3	6	torch-2.14.0+cu130
torch-compile	varying	1	168	943.4	2	torch-2.14.0+cu130
torch-compile	varying	1	169	1171.8	3	torch-2.14.0+cu130
torch-compile	varying	1	170	1591.2	5	torch-2.14.0+cu130
torch-compile	varying	1	171	1799.8	6	torch-2.14.0+cu130
torch-compile	varying	1	172	980.6	2	torch-2.14.0+cu130
torch-compile	varying	1	173	1160.9	3	torch-2.14.0+cu130
torch-compile	varying	1	174	1622.7	5	torch-2.14.0+cu130
torch-compile	varying	1	175	1843.5	6	torch-2.14.0+cu130
torch-compile	varying	1	176	963.0	2	torch-2.14.0+cu130
torch-compile	varying	1	177	1181.6	3	torch-2.14.0+cu130
torch-compile	varying	1	178	1627.9	5	torch-2.14.0+cu130
torch-compile	varying	1	179	1812.2	6	torch-2.14.0+cu130
torch-compile	varying	1	180	967.3	2	torch-2.14.0+cu130
torch-compile	varying	1	181	1171.1	3	torch-2.14.0+cu130
torch-compile	varying	1	182	1617.4	5	torch-2.14.0+cu130
torch-compile	varying	1	183	1869.4	6	torch-2.14.0+cu130
torch-compile	varying	1	184	1023.1	2	torch-2.14.0+cu130
torch-compile	varying	1	185	1170.6	3	torch-2.14.0+cu130
torch-compile	varying	1	186	1620.8	5	torch-2.14.0+cu130
torch-compile	varying	1	187	1814.8	6	torch-2.14.0+cu130
torch-compile	varying	1	188	1015.7	2	torch-2.14.0+cu130
torch-compile	varying	1	189	1166.1	3	torch-2.14.0+cu130
torch-compile	varying	1	190	1638.7	5	torch-2.14.0+cu130
torch-compile	varying	1	191	1832.0	6	torch-2.14.0+cu130
torch-compile	varying	1	192	982.8	2	torch-2.14.0+cu130
torch-compile	varying	1	193	1196.6	3	torch-2.14.0+cu130
torch-compile	varying	1	194	1664.2	5	torch-2.14.0+cu130
torch-compile	varying	1	195	1855.1	6	torch-2.14.0+cu130
torch-compile	varying	1	196	983.2	2	torch-2.14.0+cu130
torch-compile	varying	1	197	1169.0	3	torch-2.14.0+cu130
torch-compile	varying	1	198	1608.4	5	torch-2.14.0+cu130
torch-compile	varying	1	199	1839.4	6	torch-2.14.0+cu130
torch-compile-ro	varying	1	0	811656.0	2	torch-2.14.0+cu130
torch-compile-ro	varying	1	1	45631.9	3	torch-2.14.0+cu130
torch-compile-ro	varying	1	2	13996.1	5	torch-2.14.0+cu130
torch-compile-ro	varying	1	3	9152.4	6	torch-2.14.0+cu130
torch-compile-ro	varying	1	4	4164.0	2	torch-2.14.0+cu130
torch-compile-ro	varying	1	5	1315.4	3	torch-2.14.0+cu130
torch-compile-ro	varying	1	6	1664.4	5	torch-2.14.0+cu130
torch-compile-ro	varying	1	7	1878.0	6	torch-2.14.0+cu130
torch-compile-ro	varying	1	8	986.6	2	torch-2.14.0+cu130
torch-compile-ro	varying	1	9	1189.7	3	torch-2.14.0+cu130
torch-compile-ro	varying	1	10	3946.3	5	torch-2.14.0+cu130
torch-compile-ro	varying	1	11	1861.8	6	torch-2.14.0+cu130
torch-compile-ro	varying	1	12	984.7	2	torch-2.14.0+cu130
torch-compile-ro	varying	1	13	1194.0	3	torch-2.14.0+cu130
torch-compile-ro	varying	1	14	1644.4	5	torch-2.14.0+cu130
torch-compile-ro	varying	1	15	1843.9	6	torch-2.14.0+cu130
torch-compile-ro	varying	1	16	956.1	2	torch-2.14.0+cu130
torch-compile-ro	varying	1	17	1187.3	3	torch-2.14.0+cu130
torch-compile-ro	varying	1	18	1590.0	5	torch-2.14.0+cu130
torch-compile-ro	varying	1	19	1812.0	6	torch-2.14.0+cu130
torch-compile-ro	varying	1	20	971.1	2	torch-2.14.0+cu130
torch-compile-ro	varying	1	21	1178.3	3	torch-2.14.0+cu130
torch-compile-ro	varying	1	22	1617.9	5	torch-2.14.0+cu130
torch-compile-ro	varying	1	23	1843.9	6	torch-2.14.0+cu130
torch-compile-ro	varying	1	24	1007.6	2	torch-2.14.0+cu130
torch-compile-ro	varying	1	25	1230.5	3	torch-2.14.0+cu130
torch-compile-ro	varying	1	26	1617.9	5	torch-2.14.0+cu130
torch-compile-ro	varying	1	27	1832.2	6	torch-2.14.0+cu130
torch-compile-ro	varying	1	28	954.4	2	torch-2.14.0+cu130
torch-compile-ro	varying	1	29	1163.0	3	torch-2.14.0+cu130
torch-compile-ro	varying	1	30	1642.2	5	torch-2.14.0+cu130
torch-compile-ro	varying	1	31	1825.6	6	torch-2.14.0+cu130
torch-compile-ro	varying	1	32	969.9	2	torch-2.14.0+cu130
torch-compile-ro	varying	1	33	1188.3	3	torch-2.14.0+cu130
torch-compile-ro	varying	1	34	1578.1	5	torch-2.14.0+cu130
torch-compile-ro	varying	1	35	1806.0	6	torch-2.14.0+cu130
torch-compile-ro	varying	1	36	955.6	2	torch-2.14.0+cu130
torch-compile-ro	varying	1	37	1159.4	3	torch-2.14.0+cu130
torch-compile-ro	varying	1	38	1613.6	5	torch-2.14.0+cu130
torch-compile-ro	varying	1	39	1815.3	6	torch-2.14.0+cu130
torch-compile-ro	varying	1	40	956.8	2	torch-2.14.0+cu130
torch-compile-ro	varying	1	41	1178.0	3	torch-2.14.0+cu130
torch-compile-ro	varying	1	42	1622.9	5	torch-2.14.0+cu130
torch-compile-ro	varying	1	43	1833.7	6	torch-2.14.0+cu130
torch-compile-ro	varying	1	44	959.9	2	torch-2.14.0+cu130
torch-compile-ro	varying	1	45	1177.5	3	torch-2.14.0+cu130
torch-compile-ro	varying	1	46	1621.2	5	torch-2.14.0+cu130
torch-compile-ro	varying	1	47	1803.9	6	torch-2.14.0+cu130
torch-compile-ro	varying	1	48	972.3	2	torch-2.14.0+cu130
torch-compile-ro	varying	1	49	1187.8	3	torch-2.14.0+cu130
torch-compile-ro	varying	1	50	1606.5	5	torch-2.14.0+cu130
torch-compile-ro	varying	1	51	1785.0	6	torch-2.14.0+cu130
torch-compile-ro	varying	1	52	952.2	2	torch-2.14.0+cu130
torch-compile-ro	varying	1	53	1169.0	3	torch-2.14.0+cu130
torch-compile-ro	varying	1	54	1592.4	5	torch-2.14.0+cu130
torch-compile-ro	varying	1	55	1821.8	6	torch-2.14.0+cu130
torch-compile-ro	varying	1	56	954.2	2	torch-2.14.0+cu130
torch-compile-ro	varying	1	57	1180.2	3	torch-2.14.0+cu130
torch-compile-ro	varying	1	58	1609.6	5	torch-2.14.0+cu130
torch-compile-ro	varying	1	59	1808.4	6	torch-2.14.0+cu130
torch-compile-ro	varying	1	60	977.0	2	torch-2.14.0+cu130
torch-compile-ro	varying	1	61	1224.3	3	torch-2.14.0+cu130
torch-compile-ro	varying	1	62	1615.8	5	torch-2.14.0+cu130
torch-compile-ro	varying	1	63	1834.9	6	torch-2.14.0+cu130
torch-compile-ro	varying	1	64	990.4	2	torch-2.14.0+cu130
torch-compile-ro	varying	1	65	1164.4	3	torch-2.14.0+cu130
torch-compile-ro	varying	1	66	1616.2	5	torch-2.14.0+cu130
torch-compile-ro	varying	1	67	1796.7	6	torch-2.14.0+cu130
torch-compile-ro	varying	1	68	944.4	2	torch-2.14.0+cu130
torch-compile-ro	varying	1	69	1192.3	3	torch-2.14.0+cu130
torch-compile-ro	varying	1	70	1608.4	5	torch-2.14.0+cu130
torch-compile-ro	varying	1	71	1854.9	6	torch-2.14.0+cu130
torch-compile-ro	varying	1	72	973.5	2	torch-2.14.0+cu130
torch-compile-ro	varying	1	73	1219.5	3	torch-2.14.0+cu130
torch-compile-ro	varying	1	74	1587.6	5	torch-2.14.0+cu130
torch-compile-ro	varying	1	75	1811.3	6	torch-2.14.0+cu130
torch-compile-ro	varying	1	76	968.2	2	torch-2.14.0+cu130
torch-compile-ro	varying	1	77	4143.2	3	torch-2.14.0+cu130
torch-compile-ro	varying	1	78	1679.9	5	torch-2.14.0+cu130
torch-compile-ro	varying	1	79	1830.8	6	torch-2.14.0+cu130
torch-compile-ro	varying	1	80	1014.0	2	torch-2.14.0+cu130
torch-compile-ro	varying	1	81	3883.6	3	torch-2.14.0+cu130
torch-compile-ro	varying	1	82	1716.6	5	torch-2.14.0+cu130
torch-compile-ro	varying	1	83	1878.3	6	torch-2.14.0+cu130
torch-compile-ro	varying	1	84	993.0	2	torch-2.14.0+cu130
torch-compile-ro	varying	1	85	1198.3	3	torch-2.14.0+cu130
torch-compile-ro	varying	1	86	1628.6	5	torch-2.14.0+cu130
torch-compile-ro	varying	1	87	1822.5	6	torch-2.14.0+cu130
torch-compile-ro	varying	1	88	979.2	2	torch-2.14.0+cu130
torch-compile-ro	varying	1	89	1180.6	3	torch-2.14.0+cu130
torch-compile-ro	varying	1	90	1638.4	5	torch-2.14.0+cu130
torch-compile-ro	varying	1	91	1819.6	6	torch-2.14.0+cu130
torch-compile-ro	varying	1	92	988.5	2	torch-2.14.0+cu130
torch-compile-ro	varying	1	93	1190.9	3	torch-2.14.0+cu130
torch-compile-ro	varying	1	94	1607.2	5	torch-2.14.0+cu130
torch-compile-ro	varying	1	95	1811.7	6	torch-2.14.0+cu130
torch-compile-ro	varying	1	96	960.4	2	torch-2.14.0+cu130
torch-compile-ro	varying	1	97	1174.0	3	torch-2.14.0+cu130
torch-compile-ro	varying	1	98	1613.6	5	torch-2.14.0+cu130
torch-compile-ro	varying	1	99	1825.6	6	torch-2.14.0+cu130
torch-compile-ro	varying	1	100	978.5	2	torch-2.14.0+cu130
torch-compile-ro	varying	1	101	1174.2	3	torch-2.14.0+cu130
torch-compile-ro	varying	1	102	1593.8	5	torch-2.14.0+cu130
torch-compile-ro	varying	1	103	1798.4	6	torch-2.14.0+cu130
torch-compile-ro	varying	1	104	982.0	2	torch-2.14.0+cu130
torch-compile-ro	varying	1	105	1211.4	3	torch-2.14.0+cu130
torch-compile-ro	varying	1	106	1604.3	5	torch-2.14.0+cu130
torch-compile-ro	varying	1	107	1794.6	6	torch-2.14.0+cu130
torch-compile-ro	varying	1	108	970.6	2	torch-2.14.0+cu130
torch-compile-ro	varying	1	109	1188.0	3	torch-2.14.0+cu130
torch-compile-ro	varying	1	110	1647.5	5	torch-2.14.0+cu130
torch-compile-ro	varying	1	111	1784.1	6	torch-2.14.0+cu130
torch-compile-ro	varying	1	112	977.0	2	torch-2.14.0+cu130
torch-compile-ro	varying	1	113	1194.5	3	torch-2.14.0+cu130
torch-compile-ro	varying	1	114	1599.1	5	torch-2.14.0+cu130
torch-compile-ro	varying	1	115	1826.0	6	torch-2.14.0+cu130
torch-compile-ro	varying	1	116	938.7	2	torch-2.14.0+cu130
torch-compile-ro	varying	1	117	1181.1	3	torch-2.14.0+cu130
torch-compile-ro	varying	1	118	1596.2	5	torch-2.14.0+cu130
torch-compile-ro	varying	1	119	1791.0	6	torch-2.14.0+cu130
torch-compile-ro	varying	1	120	944.4	2	torch-2.14.0+cu130
torch-compile-ro	varying	1	121	1163.2	3	torch-2.14.0+cu130
torch-compile-ro	varying	1	122	1616.2	5	torch-2.14.0+cu130
torch-compile-ro	varying	1	123	1786.9	6	torch-2.14.0+cu130
torch-compile-ro	varying	1	124	943.7	2	torch-2.14.0+cu130
torch-compile-ro	varying	1	125	1180.6	3	torch-2.14.0+cu130
torch-compile-ro	varying	1	126	1644.8	5	torch-2.14.0+cu130
torch-compile-ro	varying	1	127	1873.5	6	torch-2.14.0+cu130
torch-compile-ro	varying	1	128	986.6	2	torch-2.14.0+cu130
torch-compile-ro	varying	1	129	1163.0	3	torch-2.14.0+cu130
torch-compile-ro	varying	1	130	1598.4	5	torch-2.14.0+cu130
torch-compile-ro	varying	1	131	1824.1	6	torch-2.14.0+cu130
torch-compile-ro	varying	1	132	957.3	2	torch-2.14.0+cu130
torch-compile-ro	varying	1	133	1162.3	3	torch-2.14.0+cu130
torch-compile-ro	varying	1	134	1604.6	5	torch-2.14.0+cu130
torch-compile-ro	varying	1	135	1820.8	6	torch-2.14.0+cu130
torch-compile-ro	varying	1	136	949.9	2	torch-2.14.0+cu130
torch-compile-ro	varying	1	137	1202.6	3	torch-2.14.0+cu130
torch-compile-ro	varying	1	138	1599.1	5	torch-2.14.0+cu130
torch-compile-ro	varying	1	139	1797.2	6	torch-2.14.0+cu130
torch-compile-ro	varying	1	140	953.4	2	torch-2.14.0+cu130
torch-compile-ro	varying	1	141	1174.7	3	torch-2.14.0+cu130
torch-compile-ro	varying	1	142	1588.8	5	torch-2.14.0+cu130
torch-compile-ro	varying	1	143	1864.9	6	torch-2.14.0+cu130
torch-compile-ro	varying	1	144	955.1	2	torch-2.14.0+cu130
torch-compile-ro	varying	1	145	1181.4	3	torch-2.14.0+cu130
torch-compile-ro	varying	1	146	1639.4	5	torch-2.14.0+cu130
torch-compile-ro	varying	1	147	1829.6	6	torch-2.14.0+cu130
torch-compile-ro	varying	1	148	975.6	2	torch-2.14.0+cu130
torch-compile-ro	varying	1	149	1152.3	3	torch-2.14.0+cu130
torch-compile-ro	varying	1	150	1585.2	5	torch-2.14.0+cu130
torch-compile-ro	varying	1	151	1785.0	6	torch-2.14.0+cu130
torch-compile-ro	varying	1	152	982.5	2	torch-2.14.0+cu130
torch-compile-ro	varying	1	153	1175.4	3	torch-2.14.0+cu130
torch-compile-ro	varying	1	154	1565.5	5	torch-2.14.0+cu130
torch-compile-ro	varying	1	155	1799.1	6	torch-2.14.0+cu130
torch-compile-ro	varying	1	156	959.4	2	torch-2.14.0+cu130
torch-compile-ro	varying	1	157	1201.9	3	torch-2.14.0+cu130
torch-compile-ro	varying	1	158	1626.3	5	torch-2.14.0+cu130
torch-compile-ro	varying	1	159	1825.3	6	torch-2.14.0+cu130
torch-compile-ro	varying	1	160	962.0	2	torch-2.14.0+cu130
torch-compile-ro	varying	1	161	1168.0	3	torch-2.14.0+cu130
torch-compile-ro	varying	1	162	1606.5	5	torch-2.14.0+cu130
torch-compile-ro	varying	1	163	1748.6	6	torch-2.14.0+cu130
torch-compile-ro	varying	1	164	965.1	2	torch-2.14.0+cu130
torch-compile-ro	varying	1	165	1130.1	3	torch-2.14.0+cu130
torch-compile-ro	varying	1	166	1576.4	5	torch-2.14.0+cu130
torch-compile-ro	varying	1	167	1750.5	6	torch-2.14.0+cu130
torch-compile-ro	varying	1	168	928.2	2	torch-2.14.0+cu130
torch-compile-ro	varying	1	169	1149.2	3	torch-2.14.0+cu130
torch-compile-ro	varying	1	170	1566.4	5	torch-2.14.0+cu130
torch-compile-ro	varying	1	171	1769.1	6	torch-2.14.0+cu130
torch-compile-ro	varying	1	172	993.0	2	torch-2.14.0+cu130
torch-compile-ro	varying	1	173	1151.6	3	torch-2.14.0+cu130
torch-compile-ro	varying	1	174	1570.9	5	torch-2.14.0+cu130
torch-compile-ro	varying	1	175	1810.8	6	torch-2.14.0+cu130
torch-compile-ro	varying	1	176	942.0	2	torch-2.14.0+cu130
torch-compile-ro	varying	1	177	1145.8	3	torch-2.14.0+cu130
torch-compile-ro	varying	1	178	1544.5	5	torch-2.14.0+cu130
torch-compile-ro	varying	1	179	1750.7	6	torch-2.14.0+cu130
torch-compile-ro	varying	1	180	929.6	2	torch-2.14.0+cu130
torch-compile-ro	varying	1	181	1157.0	3	torch-2.14.0+cu130
torch-compile-ro	varying	1	182	1565.0	5	torch-2.14.0+cu130
torch-compile-ro	varying	1	183	1786.0	6	torch-2.14.0+cu130
torch-compile-ro	varying	1	184	964.4	2	torch-2.14.0+cu130
torch-compile-ro	varying	1	185	1191.4	3	torch-2.14.0+cu130
torch-compile-ro	varying	1	186	1587.6	5	torch-2.14.0+cu130
torch-compile-ro	varying	1	187	1808.4	6	torch-2.14.0+cu130
torch-compile-ro	varying	1	188	978.9	2	torch-2.14.0+cu130
torch-compile-ro	varying	1	189	1149.4	3	torch-2.14.0+cu130
torch-compile-ro	varying	1	190	1568.6	5	torch-2.14.0+cu130
torch-compile-ro	varying	1	191	1779.8	6	torch-2.14.0+cu130
torch-compile-ro	varying	1	192	957.5	2	torch-2.14.0+cu130
torch-compile-ro	varying	1	193	1142.7	3	torch-2.14.0+cu130
torch-compile-ro	varying	1	194	1576.4	5	torch-2.14.0+cu130
torch-compile-ro	varying	1	195	1794.8	6	torch-2.14.0+cu130
torch-compile-ro	varying	1	196	937.2	2	torch-2.14.0+cu130
torch-compile-ro	varying	1	197	1157.5	3	torch-2.14.0+cu130
torch-compile-ro	varying	1	198	1574.3	5	torch-2.14.0+cu130
torch-compile-ro	varying	1	199	1761.9	6	torch-2.14.0+cu130
torch-compile-mat	varying	1	0	850023.7	2	torch-2.14.0+cu130
torch-compile-mat	varying	1	1	43876.4	3	torch-2.14.0+cu130
torch-compile-mat	varying	1	2	12492.7	5	torch-2.14.0+cu130
torch-compile-mat	varying	1	3	9183.2	6	torch-2.14.0+cu130
torch-compile-mat	varying	1	4	4634.4	2	torch-2.14.0+cu130
torch-compile-mat	varying	1	5	1302.7	3	torch-2.14.0+cu130
torch-compile-mat	varying	1	6	1640.6	5	torch-2.14.0+cu130
torch-compile-mat	varying	1	7	1856.3	6	torch-2.14.0+cu130
torch-compile-mat	varying	1	8	992.1	2	torch-2.14.0+cu130
torch-compile-mat	varying	1	9	1219.7	3	torch-2.14.0+cu130
torch-compile-mat	varying	1	10	1615.0	5	torch-2.14.0+cu130
torch-compile-mat	varying	1	11	1795.5	6	torch-2.14.0+cu130
torch-compile-mat	varying	1	12	971.1	2	torch-2.14.0+cu130
torch-compile-mat	varying	1	13	1177.3	3	torch-2.14.0+cu130
torch-compile-mat	varying	1	14	1644.6	5	torch-2.14.0+cu130
torch-compile-mat	varying	1	15	1767.6	6	torch-2.14.0+cu130
torch-compile-mat	varying	1	16	985.6	2	torch-2.14.0+cu130
torch-compile-mat	varying	1	17	1178.7	3	torch-2.14.0+cu130
torch-compile-mat	varying	1	18	1608.1	5	torch-2.14.0+cu130
torch-compile-mat	varying	1	19	1811.7	6	torch-2.14.0+cu130
torch-compile-mat	varying	1	20	990.6	2	torch-2.14.0+cu130
torch-compile-mat	varying	1	21	1222.1	3	torch-2.14.0+cu130
torch-compile-mat	varying	1	22	1595.7	5	torch-2.14.0+cu130
torch-compile-mat	varying	1	23	1773.6	6	torch-2.14.0+cu130
torch-compile-mat	varying	1	24	978.9	2	torch-2.14.0+cu130
torch-compile-mat	varying	1	25	1160.9	3	torch-2.14.0+cu130
torch-compile-mat	varying	1	26	1587.2	5	torch-2.14.0+cu130
torch-compile-mat	varying	1	27	1813.7	6	torch-2.14.0+cu130
torch-compile-mat	varying	1	28	990.9	2	torch-2.14.0+cu130
torch-compile-mat	varying	1	29	1198.1	3	torch-2.14.0+cu130
torch-compile-mat	varying	1	30	1617.2	5	torch-2.14.0+cu130
torch-compile-mat	varying	1	31	1782.9	6	torch-2.14.0+cu130
torch-compile-mat	varying	1	32	968.9	2	torch-2.14.0+cu130
torch-compile-mat	varying	1	33	1160.6	3	torch-2.14.0+cu130
torch-compile-mat	varying	1	34	1605.0	5	torch-2.14.0+cu130
torch-compile-mat	varying	1	35	1776.7	6	torch-2.14.0+cu130
torch-compile-mat	varying	1	36	960.1	2	torch-2.14.0+cu130
torch-compile-mat	varying	1	37	1171.4	3	torch-2.14.0+cu130
torch-compile-mat	varying	1	38	1582.9	5	torch-2.14.0+cu130
torch-compile-mat	varying	1	39	1771.7	6	torch-2.14.0+cu130
torch-compile-mat	varying	1	40	978.0	2	torch-2.14.0+cu130
torch-compile-mat	varying	1	41	1169.2	3	torch-2.14.0+cu130
torch-compile-mat	varying	1	42	1594.1	5	torch-2.14.0+cu130
torch-compile-mat	varying	1	43	1837.5	6	torch-2.14.0+cu130
torch-compile-mat	varying	1	44	988.7	2	torch-2.14.0+cu130
torch-compile-mat	varying	1	45	1163.2	3	torch-2.14.0+cu130
torch-compile-mat	varying	1	46	1599.1	5	torch-2.14.0+cu130
torch-compile-mat	varying	1	47	1773.8	6	torch-2.14.0+cu130
torch-compile-mat	varying	1	48	949.9	2	torch-2.14.0+cu130
torch-compile-mat	varying	1	49	1173.3	3	torch-2.14.0+cu130
torch-compile-mat	varying	1	50	1586.2	5	torch-2.14.0+cu130
torch-compile-mat	varying	1	51	1791.7	6	torch-2.14.0+cu130
torch-compile-mat	varying	1	52	952.0	2	torch-2.14.0+cu130
torch-compile-mat	varying	1	53	1198.5	3	torch-2.14.0+cu130
torch-compile-mat	varying	1	54	1567.1	5	torch-2.14.0+cu130
torch-compile-mat	varying	1	55	1788.4	6	torch-2.14.0+cu130
torch-compile-mat	varying	1	56	986.3	2	torch-2.14.0+cu130
torch-compile-mat	varying	1	57	1190.9	3	torch-2.14.0+cu130
torch-compile-mat	varying	1	58	1599.6	5	torch-2.14.0+cu130
torch-compile-mat	varying	1	59	1781.9	6	torch-2.14.0+cu130
torch-compile-mat	varying	1	60	980.1	2	torch-2.14.0+cu130
torch-compile-mat	varying	1	61	1159.9	3	torch-2.14.0+cu130
torch-compile-mat	varying	1	62	1584.5	5	torch-2.14.0+cu130
torch-compile-mat	varying	1	63	1795.5	6	torch-2.14.0+cu130
torch-compile-mat	varying	1	64	987.3	2	torch-2.14.0+cu130
torch-compile-mat	varying	1	65	1218.6	3	torch-2.14.0+cu130
torch-compile-mat	varying	1	66	1564.3	5	torch-2.14.0+cu130
torch-compile-mat	varying	1	67	1813.2	6	torch-2.14.0+cu130
torch-compile-mat	varying	1	68	987.1	2	torch-2.14.0+cu130
torch-compile-mat	varying	1	69	1197.1	3	torch-2.14.0+cu130
torch-compile-mat	varying	1	70	1602.6	5	torch-2.14.0+cu130
torch-compile-mat	varying	1	71	1811.3	6	torch-2.14.0+cu130
torch-compile-mat	varying	1	72	972.7	2	torch-2.14.0+cu130
torch-compile-mat	varying	1	73	1165.9	3	torch-2.14.0+cu130
torch-compile-mat	varying	1	74	1635.3	5	torch-2.14.0+cu130
torch-compile-mat	varying	1	75	1805.8	6	torch-2.14.0+cu130
torch-compile-mat	varying	1	76	964.4	2	torch-2.14.0+cu130
torch-compile-mat	varying	1	77	1206.6	3	torch-2.14.0+cu130
torch-compile-mat	varying	1	78	1567.8	5	torch-2.14.0+cu130
torch-compile-mat	varying	1	79	1724.7	6	torch-2.14.0+cu130
torch-compile-mat	varying	1	80	947.5	2	torch-2.14.0+cu130
torch-compile-mat	varying	1	81	1137.7	3	torch-2.14.0+cu130
torch-compile-mat	varying	1	82	1537.1	5	torch-2.14.0+cu130
torch-compile-mat	varying	1	83	1769.3	6	torch-2.14.0+cu130
torch-compile-mat	varying	1	84	960.8	2	torch-2.14.0+cu130
torch-compile-mat	varying	1	85	1138.2	3	torch-2.14.0+cu130
torch-compile-mat	varying	1	86	1504.9	5	torch-2.14.0+cu130
torch-compile-mat	varying	1	87	1705.6	6	torch-2.14.0+cu130
torch-compile-mat	varying	1	88	936.3	2	torch-2.14.0+cu130
torch-compile-mat	varying	1	89	1128.2	3	torch-2.14.0+cu130
torch-compile-mat	varying	1	90	1509.4	5	torch-2.14.0+cu130
torch-compile-mat	varying	1	91	1764.3	6	torch-2.14.0+cu130
torch-compile-mat	varying	1	92	927.0	2	torch-2.14.0+cu130
torch-compile-mat	varying	1	93	1135.1	3	torch-2.14.0+cu130
torch-compile-mat	varying	1	94	1517.3	5	torch-2.14.0+cu130
torch-compile-mat	varying	1	95	1771.5	6	torch-2.14.0+cu130
torch-compile-mat	varying	1	96	934.8	2	torch-2.14.0+cu130
torch-compile-mat	varying	1	97	1117.2	3	torch-2.14.0+cu130
torch-compile-mat	varying	1	98	1499.7	5	torch-2.14.0+cu130
torch-compile-mat	varying	1	99	1710.4	6	torch-2.14.0+cu130
torch-compile-mat	varying	1	100	950.1	2	torch-2.14.0+cu130
torch-compile-mat	varying	1	101	1140.4	3	torch-2.14.0+cu130
torch-compile-mat	varying	1	102	1561.9	5	torch-2.14.0+cu130
torch-compile-mat	varying	1	103	1700.4	6	torch-2.14.0+cu130
torch-compile-mat	varying	1	104	949.1	2	torch-2.14.0+cu130
torch-compile-mat	varying	1	105	1128.2	3	torch-2.14.0+cu130
torch-compile-mat	varying	1	106	1499.4	5	torch-2.14.0+cu130
torch-compile-mat	varying	1	107	1700.6	6	torch-2.14.0+cu130
torch-compile-mat	varying	1	108	934.1	2	torch-2.14.0+cu130
torch-compile-mat	varying	1	109	1121.8	3	torch-2.14.0+cu130
torch-compile-mat	varying	1	110	1516.8	5	torch-2.14.0+cu130
torch-compile-mat	varying	1	111	1698.7	6	torch-2.14.0+cu130
torch-compile-mat	varying	1	112	934.6	2	torch-2.14.0+cu130
torch-compile-mat	varying	1	113	1143.0	3	torch-2.14.0+cu130
torch-compile-mat	varying	1	114	1510.6	5	torch-2.14.0+cu130
torch-compile-mat	varying	1	115	1696.1	6	torch-2.14.0+cu130
torch-compile-mat	varying	1	116	935.1	2	torch-2.14.0+cu130
torch-compile-mat	varying	1	117	1123.2	3	torch-2.14.0+cu130
torch-compile-mat	varying	1	118	1516.3	5	torch-2.14.0+cu130
torch-compile-mat	varying	1	119	1692.5	6	torch-2.14.0+cu130
torch-compile-mat	varying	1	120	929.1	2	torch-2.14.0+cu130
torch-compile-mat	varying	1	121	1114.4	3	torch-2.14.0+cu130
torch-compile-mat	varying	1	122	1500.6	5	torch-2.14.0+cu130
torch-compile-mat	varying	1	123	1708.5	6	torch-2.14.0+cu130
torch-compile-mat	varying	1	124	901.2	2	torch-2.14.0+cu130
torch-compile-mat	varying	1	125	1128.7	3	torch-2.14.0+cu130
torch-compile-mat	varying	1	126	1554.3	5	torch-2.14.0+cu130
torch-compile-mat	varying	1	127	1698.0	6	torch-2.14.0+cu130
torch-compile-mat	varying	1	128	934.4	2	torch-2.14.0+cu130
torch-compile-mat	varying	1	129	1126.3	3	torch-2.14.0+cu130
torch-compile-mat	varying	1	130	1511.3	5	torch-2.14.0+cu130
torch-compile-mat	varying	1	131	1703.7	6	torch-2.14.0+cu130
torch-compile-mat	varying	1	132	931.7	2	torch-2.14.0+cu130
torch-compile-mat	varying	1	133	1118.9	3	torch-2.14.0+cu130
torch-compile-mat	varying	1	134	1546.4	5	torch-2.14.0+cu130
torch-compile-mat	varying	1	135	1743.8	6	torch-2.14.0+cu130
torch-compile-mat	varying	1	136	929.8	2	torch-2.14.0+cu130
torch-compile-mat	varying	1	137	1108.6	3	torch-2.14.0+cu130
torch-compile-mat	varying	1	138	1514.2	5	torch-2.14.0+cu130
torch-compile-mat	varying	1	139	1712.6	6	torch-2.14.0+cu130
torch-compile-mat	varying	1	140	930.8	2	torch-2.14.0+cu130
torch-compile-mat	varying	1	141	1154.9	3	torch-2.14.0+cu130
torch-compile-mat	varying	1	142	1518.5	5	torch-2.14.0+cu130
torch-compile-mat	varying	1	143	1707.6	6	torch-2.14.0+cu130
torch-compile-mat	varying	1	144	921.5	2	torch-2.14.0+cu130
torch-compile-mat	varying	1	145	1136.8	3	torch-2.14.0+cu130
torch-compile-mat	varying	1	146	1500.8	5	torch-2.14.0+cu130
torch-compile-mat	varying	1	147	1691.3	6	torch-2.14.0+cu130
torch-compile-mat	varying	1	148	930.8	2	torch-2.14.0+cu130
torch-compile-mat	varying	1	149	1138.2	3	torch-2.14.0+cu130
torch-compile-mat	varying	1	150	1519.0	5	torch-2.14.0+cu130
torch-compile-mat	varying	1	151	1703.5	6	torch-2.14.0+cu130
torch-compile-mat	varying	1	152	932.5	2	torch-2.14.0+cu130
torch-compile-mat	varying	1	153	1111.3	3	torch-2.14.0+cu130
torch-compile-mat	varying	1	154	1499.9	5	torch-2.14.0+cu130
torch-compile-mat	varying	1	155	1698.5	6	torch-2.14.0+cu130
torch-compile-mat	varying	1	156	928.2	2	torch-2.14.0+cu130
torch-compile-mat	varying	1	157	1100.8	3	torch-2.14.0+cu130
torch-compile-mat	varying	1	158	1503.2	5	torch-2.14.0+cu130
torch-compile-mat	varying	1	159	1709.0	6	torch-2.14.0+cu130
torch-compile-mat	varying	1	160	912.4	2	torch-2.14.0+cu130
torch-compile-mat	varying	1	161	1121.0	3	torch-2.14.0+cu130
torch-compile-mat	varying	1	162	1597.6	5	torch-2.14.0+cu130
torch-compile-mat	varying	1	163	1720.4	6	torch-2.14.0+cu130
torch-compile-mat	varying	1	164	917.2	2	torch-2.14.0+cu130
torch-compile-mat	varying	1	165	1137.0	3	torch-2.14.0+cu130
torch-compile-mat	varying	1	166	1484.2	5	torch-2.14.0+cu130
torch-compile-mat	varying	1	167	1705.4	6	torch-2.14.0+cu130
torch-compile-mat	varying	1	168	907.7	2	torch-2.14.0+cu130
torch-compile-mat	varying	1	169	1103.4	3	torch-2.14.0+cu130
torch-compile-mat	varying	1	170	1442.9	5	torch-2.14.0+cu130
torch-compile-mat	varying	1	171	1666.1	6	torch-2.14.0+cu130
torch-compile-mat	varying	1	172	913.4	2	torch-2.14.0+cu130
torch-compile-mat	varying	1	173	1108.2	3	torch-2.14.0+cu130
torch-compile-mat	varying	1	174	1464.4	5	torch-2.14.0+cu130
torch-compile-mat	varying	1	175	1659.6	6	torch-2.14.0+cu130
torch-compile-mat	varying	1	176	920.1	2	torch-2.14.0+cu130
torch-compile-mat	varying	1	177	1140.1	3	torch-2.14.0+cu130
torch-compile-mat	varying	1	178	1462.5	5	torch-2.14.0+cu130
torch-compile-mat	varying	1	179	1679.4	6	torch-2.14.0+cu130
torch-compile-mat	varying	1	180	904.1	2	torch-2.14.0+cu130
torch-compile-mat	varying	1	181	1083.9	3	torch-2.14.0+cu130
torch-compile-mat	varying	1	182	1475.8	5	torch-2.14.0+cu130
torch-compile-mat	varying	1	183	1662.3	6	torch-2.14.0+cu130
torch-compile-mat	varying	1	184	900.5	2	torch-2.14.0+cu130
torch-compile-mat	varying	1	185	1095.1	3	torch-2.14.0+cu130
torch-compile-mat	varying	1	186	1534.5	5	torch-2.14.0+cu130
torch-compile-mat	varying	1	187	1711.8	6	torch-2.14.0+cu130
torch-compile-mat	varying	1	188	908.6	2	torch-2.14.0+cu130
torch-compile-mat	varying	1	189	1119.4	3	torch-2.14.0+cu130
torch-compile-mat	varying	1	190	1469.9	5	torch-2.14.0+cu130
torch-compile-mat	varying	1	191	1654.4	6	torch-2.14.0+cu130
torch-compile-mat	varying	1	192	933.6	2	torch-2.14.0+cu130
torch-compile-mat	varying	1	193	1108.6	3	torch-2.14.0+cu130
torch-compile-mat	varying	1	194	1504.2	5	torch-2.14.0+cu130
torch-compile-mat	varying	1	195	1647.2	6	torch-2.14.0+cu130
torch-compile-mat	varying	1	196	915.5	2	torch-2.14.0+cu130
torch-compile-mat	varying	1	197	1122.7	3	torch-2.14.0+cu130
torch-compile-mat	varying	1	198	1463.9	5	torch-2.14.0+cu130
torch-compile-mat	varying	1	199	1661.1	6	torch-2.14.0+cu130
jax-perlayer	varying	1	0	12355137.1	2	jax-0.11.1
jax-perlayer	varying	1	1	2044.0	3	jax-0.11.1
jax-perlayer	varying	1	2	2354.9	5	jax-0.11.1
jax-perlayer	varying	1	3	2574.4	6	jax-0.11.1
jax-perlayer	varying	1	4	1160.1	2	jax-0.11.1
jax-perlayer	varying	1	5	1547.1	3	jax-0.11.1
jax-perlayer	varying	1	6	1997.2	5	jax-0.11.1
jax-perlayer	varying	1	7	2345.6	6	jax-0.11.1
jax-perlayer	varying	1	8	1437.2	2	jax-0.11.1
jax-perlayer	varying	1	9	1637.2	3	jax-0.11.1
jax-perlayer	varying	1	10	2121.9	5	jax-0.11.1
jax-perlayer	varying	1	11	2483.1	6	jax-0.11.1
jax-perlayer	varying	1	12	1146.3	2	jax-0.11.1
jax-perlayer	varying	1	13	1546.4	3	jax-0.11.1
jax-perlayer	varying	1	14	2033.9	5	jax-0.11.1
jax-perlayer	varying	1	15	2521.3	6	jax-0.11.1
jax-perlayer	varying	1	16	1171.6	2	jax-0.11.1
jax-perlayer	varying	1	17	1504.9	3	jax-0.11.1
jax-perlayer	varying	1	18	2055.9	5	jax-0.11.1
jax-perlayer	varying	1	19	2465.2	6	jax-0.11.1
jax-perlayer	varying	1	20	1171.8	2	jax-0.11.1
jax-perlayer	varying	1	21	1543.5	3	jax-0.11.1
jax-perlayer	varying	1	22	2037.8	5	jax-0.11.1
jax-perlayer	varying	1	23	2470.0	6	jax-0.11.1
jax-perlayer	varying	1	24	1174.2	2	jax-0.11.1
jax-perlayer	varying	1	25	1533.0	3	jax-0.11.1
jax-perlayer	varying	1	26	2231.4	5	jax-0.11.1
jax-perlayer	varying	1	27	2696.3	6	jax-0.11.1
jax-perlayer	varying	1	28	1246.5	2	jax-0.11.1
jax-perlayer	varying	1	29	1640.6	3	jax-0.11.1
jax-perlayer	varying	1	30	2233.0	5	jax-0.11.1
jax-perlayer	varying	1	31	2739.2	6	jax-0.11.1
jax-perlayer	varying	1	32	1333.0	2	jax-0.11.1
jax-perlayer	varying	1	33	1829.1	3	jax-0.11.1
jax-perlayer	varying	1	34	2289.1	5	jax-0.11.1
jax-perlayer	varying	1	35	2717.7	6	jax-0.11.1
jax-perlayer	varying	1	36	1277.7	2	jax-0.11.1
jax-perlayer	varying	1	37	1649.1	3	jax-0.11.1
jax-perlayer	varying	1	38	2212.3	5	jax-0.11.1
jax-perlayer	varying	1	39	2631.2	6	jax-0.11.1
jax-perlayer	varying	1	40	1256.5	2	jax-0.11.1
jax-perlayer	varying	1	41	1660.8	3	jax-0.11.1
jax-perlayer	varying	1	42	2165.6	5	jax-0.11.1
jax-perlayer	varying	1	43	2633.3	6	jax-0.11.1
jax-perlayer	varying	1	44	1233.1	2	jax-0.11.1
jax-perlayer	varying	1	45	1608.4	3	jax-0.11.1
jax-perlayer	varying	1	46	2161.0	5	jax-0.11.1
jax-perlayer	varying	1	47	2797.4	6	jax-0.11.1
jax-perlayer	varying	1	48	1329.2	2	jax-0.11.1
jax-perlayer	varying	1	49	1670.1	3	jax-0.11.1
jax-perlayer	varying	1	50	2308.1	5	jax-0.11.1
jax-perlayer	varying	1	51	2712.0	6	jax-0.11.1
jax-perlayer	varying	1	52	1275.5	2	jax-0.11.1
jax-perlayer	varying	1	53	1697.8	3	jax-0.11.1
jax-perlayer	varying	1	54	2245.9	5	jax-0.11.1
jax-perlayer	varying	1	55	2707.0	6	jax-0.11.1
jax-perlayer	varying	1	56	1286.3	2	jax-0.11.1
jax-perlayer	varying	1	57	1691.1	3	jax-0.11.1
jax-perlayer	varying	1	58	2223.0	5	jax-0.11.1
jax-perlayer	varying	1	59	2663.9	6	jax-0.11.1
jax-perlayer	varying	1	60	1241.7	2	jax-0.11.1
jax-perlayer	varying	1	61	1689.7	3	jax-0.11.1
jax-perlayer	varying	1	62	2170.1	5	jax-0.11.1
jax-perlayer	varying	1	63	2567.1	6	jax-0.11.1
jax-perlayer	varying	1	64	1225.9	2	jax-0.11.1
jax-perlayer	varying	1	65	1649.4	3	jax-0.11.1
jax-perlayer	varying	1	66	2144.8	5	jax-0.11.1
jax-perlayer	varying	1	67	2570.2	6	jax-0.11.1
jax-perlayer	varying	1	68	1225.9	2	jax-0.11.1
jax-perlayer	varying	1	69	1607.4	3	jax-0.11.1
jax-perlayer	varying	1	70	2096.2	5	jax-0.11.1
jax-perlayer	varying	1	71	2619.7	6	jax-0.11.1
jax-perlayer	varying	1	72	1221.9	2	jax-0.11.1
jax-perlayer	varying	1	73	1624.6	3	jax-0.11.1
jax-perlayer	varying	1	74	2130.0	5	jax-0.11.1
jax-perlayer	varying	1	75	2565.6	6	jax-0.11.1
jax-perlayer	varying	1	76	1221.7	2	jax-0.11.1
jax-perlayer	varying	1	77	1626.7	3	jax-0.11.1
jax-perlayer	varying	1	78	2133.1	5	jax-0.11.1
jax-perlayer	varying	1	79	2531.3	6	jax-0.11.1
jax-perlayer	varying	1	80	1159.2	2	jax-0.11.1
jax-perlayer	varying	1	81	1575.5	3	jax-0.11.1
jax-perlayer	varying	1	82	2171.3	5	jax-0.11.1
jax-perlayer	varying	1	83	2542.5	6	jax-0.11.1
jax-perlayer	varying	1	84	1221.4	2	jax-0.11.1
jax-perlayer	varying	1	85	1728.3	3	jax-0.11.1
jax-perlayer	varying	1	86	2232.1	5	jax-0.11.1
jax-perlayer	varying	1	87	2475.0	6	jax-0.11.1
jax-perlayer	varying	1	88	1144.2	2	jax-0.11.1
jax-perlayer	varying	1	89	1494.6	3	jax-0.11.1
jax-perlayer	varying	1	90	2064.5	5	jax-0.11.1
jax-perlayer	varying	1	91	2456.9	6	jax-0.11.1
jax-perlayer	varying	1	92	1136.3	2	jax-0.11.1
jax-perlayer	varying	1	93	1514.9	3	jax-0.11.1
jax-perlayer	varying	1	94	1994.6	5	jax-0.11.1
jax-perlayer	varying	1	95	2375.4	6	jax-0.11.1
jax-perlayer	varying	1	96	1152.0	2	jax-0.11.1
jax-perlayer	varying	1	97	1513.0	3	jax-0.11.1
jax-perlayer	varying	1	98	1987.0	5	jax-0.11.1
jax-perlayer	varying	1	99	2353.4	6	jax-0.11.1
jax-perlayer	varying	1	100	1151.3	2	jax-0.11.1
jax-perlayer	varying	1	101	1528.7	3	jax-0.11.1
jax-perlayer	varying	1	102	2105.2	5	jax-0.11.1
jax-perlayer	varying	1	103	2361.1	6	jax-0.11.1
jax-perlayer	varying	1	104	1138.2	2	jax-0.11.1
jax-perlayer	varying	1	105	1464.8	3	jax-0.11.1
jax-perlayer	varying	1	106	1967.0	5	jax-0.11.1
jax-perlayer	varying	1	107	2388.5	6	jax-0.11.1
jax-perlayer	varying	1	108	1130.3	2	jax-0.11.1
jax-perlayer	varying	1	109	1480.8	3	jax-0.11.1
jax-perlayer	varying	1	110	1973.4	5	jax-0.11.1
jax-perlayer	varying	1	111	2759.2	6	jax-0.11.1
jax-perlayer	varying	1	112	1275.5	2	jax-0.11.1
jax-perlayer	varying	1	113	1598.6	3	jax-0.11.1
jax-perlayer	varying	1	114	2148.9	5	jax-0.11.1
jax-perlayer	varying	1	115	2495.3	6	jax-0.11.1
jax-perlayer	varying	1	116	1227.4	2	jax-0.11.1
jax-perlayer	varying	1	117	1576.7	3	jax-0.11.1
jax-perlayer	varying	1	118	2053.0	5	jax-0.11.1
jax-perlayer	varying	1	119	2460.2	6	jax-0.11.1
jax-perlayer	varying	1	120	1168.7	2	jax-0.11.1
jax-perlayer	varying	1	121	1550.7	3	jax-0.11.1
jax-perlayer	varying	1	122	2038.5	5	jax-0.11.1
jax-perlayer	varying	1	123	2451.2	6	jax-0.11.1
jax-perlayer	varying	1	124	1161.3	2	jax-0.11.1
jax-perlayer	varying	1	125	1520.4	3	jax-0.11.1
jax-perlayer	varying	1	126	2035.9	5	jax-0.11.1
jax-perlayer	varying	1	127	2486.5	6	jax-0.11.1
jax-perlayer	varying	1	128	1187.3	2	jax-0.11.1
jax-perlayer	varying	1	129	1549.5	3	jax-0.11.1
jax-perlayer	varying	1	130	2014.2	5	jax-0.11.1
jax-perlayer	varying	1	131	2438.1	6	jax-0.11.1
jax-perlayer	varying	1	132	1228.3	2	jax-0.11.1
jax-perlayer	varying	1	133	1584.3	3	jax-0.11.1
jax-perlayer	varying	1	134	2085.0	5	jax-0.11.1
jax-perlayer	varying	1	135	2485.8	6	jax-0.11.1
jax-perlayer	varying	1	136	1173.0	2	jax-0.11.1
jax-perlayer	varying	1	137	1563.3	3	jax-0.11.1
jax-perlayer	varying	1	138	2028.0	5	jax-0.11.1
jax-perlayer	varying	1	139	2450.9	6	jax-0.11.1
jax-perlayer	varying	1	140	1156.3	2	jax-0.11.1
jax-perlayer	varying	1	141	1536.6	3	jax-0.11.1
jax-perlayer	varying	1	142	2062.3	5	jax-0.11.1
jax-perlayer	varying	1	143	2441.2	6	jax-0.11.1
jax-perlayer	varying	1	144	1150.8	2	jax-0.11.1
jax-perlayer	varying	1	145	1564.3	3	jax-0.11.1
jax-perlayer	varying	1	146	2047.1	5	jax-0.11.1
jax-perlayer	varying	1	147	2460.5	6	jax-0.11.1
jax-perlayer	varying	1	148	1123.9	2	jax-0.11.1
jax-perlayer	varying	1	149	1486.8	3	jax-0.11.1
jax-perlayer	varying	1	150	2041.3	5	jax-0.11.1
jax-perlayer	varying	1	151	2494.1	6	jax-0.11.1
jax-perlayer	varying	1	152	1179.0	2	jax-0.11.1
jax-perlayer	varying	1	153	1533.3	3	jax-0.11.1
jax-perlayer	varying	1	154	2039.9	5	jax-0.11.1
jax-perlayer	varying	1	155	2456.2	6	jax-0.11.1
jax-perlayer	varying	1	156	1159.7	2	jax-0.11.1
jax-perlayer	varying	1	157	1520.4	3	jax-0.11.1
jax-perlayer	varying	1	158	2061.6	5	jax-0.11.1
jax-perlayer	varying	1	159	2594.7	6	jax-0.11.1
jax-perlayer	varying	1	160	1236.4	2	jax-0.11.1
jax-perlayer	varying	1	161	1586.4	3	jax-0.11.1
jax-perlayer	varying	1	162	2136.0	5	jax-0.11.1
jax-perlayer	varying	1	163	2597.6	6	jax-0.11.1
jax-perlayer	varying	1	164	1295.3	2	jax-0.11.1
jax-perlayer	varying	1	165	1654.4	3	jax-0.11.1
jax-perlayer	varying	1	166	2064.2	5	jax-0.11.1
jax-perlayer	varying	1	167	2446.2	6	jax-0.11.1
jax-perlayer	varying	1	168	1153.2	2	jax-0.11.1
jax-perlayer	varying	1	169	1507.5	3	jax-0.11.1
jax-perlayer	varying	1	170	2112.4	5	jax-0.11.1
jax-perlayer	varying	1	171	2677.9	6	jax-0.11.1
jax-perlayer	varying	1	172	1315.1	2	jax-0.11.1
jax-perlayer	varying	1	173	1561.9	3	jax-0.11.1
jax-perlayer	varying	1	174	2028.5	5	jax-0.11.1
jax-perlayer	varying	1	175	2402.3	6	jax-0.11.1
jax-perlayer	varying	1	176	1192.3	2	jax-0.11.1
jax-perlayer	varying	1	177	1514.2	3	jax-0.11.1
jax-perlayer	varying	1	178	2045.2	5	jax-0.11.1
jax-perlayer	varying	1	179	2369.6	6	jax-0.11.1
jax-perlayer	varying	1	180	1164.2	2	jax-0.11.1
jax-perlayer	varying	1	181	1492.7	3	jax-0.11.1
jax-perlayer	varying	1	182	2037.8	5	jax-0.11.1
jax-perlayer	varying	1	183	2429.7	6	jax-0.11.1
jax-perlayer	varying	1	184	1274.6	2	jax-0.11.1
jax-perlayer	varying	1	185	1615.5	3	jax-0.11.1
jax-perlayer	varying	1	186	2049.4	5	jax-0.11.1
jax-perlayer	varying	1	187	2379.4	6	jax-0.11.1
jax-perlayer	varying	1	188	1158.7	2	jax-0.11.1
jax-perlayer	varying	1	189	1540.2	3	jax-0.11.1
jax-perlayer	varying	1	190	1981.5	5	jax-0.11.1
jax-perlayer	varying	1	191	2415.2	6	jax-0.11.1
jax-perlayer	varying	1	192	1135.8	2	jax-0.11.1
jax-perlayer	varying	1	193	1456.0	3	jax-0.11.1
jax-perlayer	varying	1	194	1951.9	5	jax-0.11.1
jax-perlayer	varying	1	195	2345.8	6	jax-0.11.1
jax-perlayer	varying	1	196	1121.5	2	jax-0.11.1
jax-perlayer	varying	1	197	1434.3	3	jax-0.11.1
jax-perlayer	varying	1	198	2043.7	5	jax-0.11.1
jax-perlayer	varying	1	199	2933.3	6	jax-0.11.1
jax-while	varying	1	0	8083619.4	2	jax-0.11.1
jax-while	varying	1	1	1739.3	3	jax-0.11.1
jax-while	varying	1	2	1603.1	5	jax-0.11.1
jax-while	varying	1	3	1693.7	6	jax-0.11.1
jax-while	varying	1	4	1112.0	2	jax-0.11.1
jax-while	varying	1	5	1303.9	3	jax-0.11.1
jax-while	varying	1	6	1517.1	5	jax-0.11.1
jax-while	varying	1	7	1652.2	6	jax-0.11.1
jax-while	varying	1	8	1064.5	2	jax-0.11.1
jax-while	varying	1	9	1534.2	3	jax-0.11.1
jax-while	varying	1	10	1669.4	5	jax-0.11.1
jax-while	varying	1	11	1783.1	6	jax-0.11.1
jax-while	varying	1	12	1236.7	2	jax-0.11.1
jax-while	varying	1	13	1337.5	3	jax-0.11.1
jax-while	varying	1	14	1611.2	5	jax-0.11.1
jax-while	varying	1	15	1717.1	6	jax-0.11.1
jax-while	varying	1	16	1149.2	2	jax-0.11.1
jax-while	varying	1	17	1308.2	3	jax-0.11.1
jax-while	varying	1	18	1605.7	5	jax-0.11.1
jax-while	varying	1	19	1765.0	6	jax-0.11.1
jax-while	varying	1	20	1186.1	2	jax-0.11.1
jax-while	varying	1	21	1331.3	3	jax-0.11.1
jax-while	varying	1	22	1567.6	5	jax-0.11.1
jax-while	varying	1	23	1722.6	6	jax-0.11.1
jax-while	varying	1	24	1193.8	2	jax-0.11.1
jax-while	varying	1	25	1334.7	3	jax-0.11.1
jax-while	varying	1	26	1621.0	5	jax-0.11.1
jax-while	varying	1	27	1750.5	6	jax-0.11.1
jax-while	varying	1	28	1197.3	2	jax-0.11.1
jax-while	varying	1	29	1312.0	3	jax-0.11.1
jax-while	varying	1	30	1594.5	5	jax-0.11.1
jax-while	varying	1	31	1751.4	6	jax-0.11.1
jax-while	varying	1	32	1209.5	2	jax-0.11.1
jax-while	varying	1	33	1395.7	3	jax-0.11.1
jax-while	varying	1	34	1611.7	5	jax-0.11.1
jax-while	varying	1	35	1721.9	6	jax-0.11.1
jax-while	varying	1	36	1150.8	2	jax-0.11.1
jax-while	varying	1	37	1314.2	3	jax-0.11.1
jax-while	varying	1	38	1633.2	5	jax-0.11.1
jax-while	varying	1	39	1706.4	6	jax-0.11.1
jax-while	varying	1	40	1157.8	2	jax-0.11.1
jax-while	varying	1	41	1319.2	3	jax-0.11.1
jax-while	varying	1	42	1576.2	5	jax-0.11.1
jax-while	varying	1	43	1742.6	6	jax-0.11.1
jax-while	varying	1	44	1184.2	2	jax-0.11.1
jax-while	varying	1	45	1271.5	3	jax-0.11.1
jax-while	varying	1	46	1557.1	5	jax-0.11.1
jax-while	varying	1	47	1686.6	6	jax-0.11.1
jax-while	varying	1	48	1160.9	2	jax-0.11.1
jax-while	varying	1	49	1265.5	3	jax-0.11.1
jax-while	varying	1	50	1540.4	5	jax-0.11.1
jax-while	varying	1	51	1720.2	6	jax-0.11.1
jax-while	varying	1	52	1141.5	2	jax-0.11.1
jax-while	varying	1	53	1292.7	3	jax-0.11.1
jax-while	varying	1	54	1570.9	5	jax-0.11.1
jax-while	varying	1	55	1712.6	6	jax-0.11.1
jax-while	varying	1	56	1143.0	2	jax-0.11.1
jax-while	varying	1	57	1274.6	3	jax-0.11.1
jax-while	varying	1	58	1566.6	5	jax-0.11.1
jax-while	varying	1	59	1667.0	6	jax-0.11.1
jax-while	varying	1	60	1148.7	2	jax-0.11.1
jax-while	varying	1	61	1255.0	3	jax-0.11.1
jax-while	varying	1	62	1529.0	5	jax-0.11.1
jax-while	varying	1	63	1683.5	6	jax-0.11.1
jax-while	varying	1	64	1140.1	2	jax-0.11.1
jax-while	varying	1	65	1278.2	3	jax-0.11.1
jax-while	varying	1	66	1575.9	5	jax-0.11.1
jax-while	varying	1	67	1730.4	6	jax-0.11.1
jax-while	varying	1	68	1142.5	2	jax-0.11.1
jax-while	varying	1	69	1262.9	3	jax-0.11.1
jax-while	varying	1	70	1571.7	5	jax-0.11.1
jax-while	varying	1	71	1709.9	6	jax-0.11.1
jax-while	varying	1	72	1158.7	2	jax-0.11.1
jax-while	varying	1	73	1289.4	3	jax-0.11.1
jax-while	varying	1	74	1518.7	5	jax-0.11.1
jax-while	varying	1	75	1701.4	6	jax-0.11.1
jax-while	varying	1	76	1178.3	2	jax-0.11.1
jax-while	varying	1	77	1245.7	3	jax-0.11.1
jax-while	varying	1	78	1505.9	5	jax-0.11.1
jax-while	varying	1	79	1655.1	6	jax-0.11.1
jax-while	varying	1	80	1083.1	2	jax-0.11.1
jax-while	varying	1	81	1253.1	3	jax-0.11.1
jax-while	varying	1	82	1565.5	5	jax-0.11.1
jax-while	varying	1	83	1730.2	6	jax-0.11.1
jax-while	varying	1	84	1161.8	2	jax-0.11.1
jax-while	varying	1	85	1256.2	3	jax-0.11.1
jax-while	varying	1	86	1584.5	5	jax-0.11.1
jax-while	varying	1	87	1718.5	6	jax-0.11.1
jax-while	varying	1	88	1166.3	2	jax-0.11.1
jax-while	varying	1	89	1254.8	3	jax-0.11.1
jax-while	varying	1	90	1545.7	5	jax-0.11.1
jax-while	varying	1	91	1653.0	6	jax-0.11.1
jax-while	varying	1	92	1111.5	2	jax-0.11.1
jax-while	varying	1	93	1280.8	3	jax-0.11.1
jax-while	varying	1	94	1569.0	5	jax-0.11.1
jax-while	varying	1	95	1678.2	6	jax-0.11.1
jax-while	varying	1	96	1183.3	2	jax-0.11.1
jax-while	varying	1	97	1282.7	3	jax-0.11.1
jax-while	varying	1	98	1579.8	5	jax-0.11.1
jax-while	varying	1	99	1701.1	6	jax-0.11.1
jax-while	varying	1	100	1088.9	2	jax-0.11.1
jax-while	varying	1	101	1244.1	3	jax-0.11.1
jax-while	varying	1	102	1548.5	5	jax-0.11.1
jax-while	varying	1	103	1728.1	6	jax-0.11.1
jax-while	varying	1	104	1112.7	2	jax-0.11.1
jax-while	varying	1	105	1275.5	3	jax-0.11.1
jax-while	varying	1	106	1587.9	5	jax-0.11.1
jax-while	varying	1	107	1719.5	6	jax-0.11.1
jax-while	varying	1	108	1168.5	2	jax-0.11.1
jax-while	varying	1	109	1284.4	3	jax-0.11.1
jax-while	varying	1	110	1572.4	5	jax-0.11.1
jax-while	varying	1	111	1712.8	6	jax-0.11.1
jax-while	varying	1	112	1156.1	2	jax-0.11.1
jax-while	varying	1	113	1304.9	3	jax-0.11.1
jax-while	varying	1	114	1518.2	5	jax-0.11.1
jax-while	varying	1	115	1681.6	6	jax-0.11.1
jax-while	varying	1	116	1087.2	2	jax-0.11.1
jax-while	varying	1	117	1302.5	3	jax-0.11.1
jax-while	varying	1	118	1559.5	5	jax-0.11.1
jax-while	varying	1	119	1686.6	6	jax-0.11.1
jax-while	varying	1	120	1191.6	2	jax-0.11.1
jax-while	varying	1	121	1322.5	3	jax-0.11.1
jax-while	varying	1	122	1572.6	5	jax-0.11.1
jax-while	varying	1	123	1647.0	6	jax-0.11.1
jax-while	varying	1	124	1142.3	2	jax-0.11.1
jax-while	varying	1	125	1281.5	3	jax-0.11.1
jax-while	varying	1	126	1590.0	5	jax-0.11.1
jax-while	varying	1	127	1689.7	6	jax-0.11.1
jax-while	varying	1	128	1180.6	2	jax-0.11.1
jax-while	varying	1	129	1318.9	3	jax-0.11.1
jax-while	varying	1	130	1577.6	5	jax-0.11.1
jax-while	varying	1	131	1712.1	6	jax-0.11.1
jax-while	varying	1	132	1140.1	2	jax-0.11.1
jax-while	varying	1	133	1309.4	3	jax-0.11.1
jax-while	varying	1	134	1517.8	5	jax-0.11.1
jax-while	varying	1	135	1759.5	6	jax-0.11.1
jax-while	varying	1	136	1181.8	2	jax-0.11.1
jax-while	varying	1	137	1298.9	3	jax-0.11.1
jax-while	varying	1	138	1575.0	5	jax-0.11.1
jax-while	varying	1	139	1716.4	6	jax-0.11.1
jax-while	varying	1	140	1157.5	2	jax-0.11.1
jax-while	varying	1	141	1289.4	3	jax-0.11.1
jax-while	varying	1	142	1555.0	5	jax-0.11.1
jax-while	varying	1	143	1694.7	6	jax-0.11.1
jax-while	varying	1	144	1121.3	2	jax-0.11.1
jax-while	varying	1	145	1279.1	3	jax-0.11.1
jax-while	varying	1	146	1570.7	5	jax-0.11.1
jax-while	varying	1	147	1684.2	6	jax-0.11.1
jax-while	varying	1	148	1142.5	2	jax-0.11.1
jax-while	varying	1	149	1263.1	3	jax-0.11.1
jax-while	varying	1	150	1512.3	5	jax-0.11.1
jax-while	varying	1	151	1678.0	6	jax-0.11.1
jax-while	varying	1	152	1112.0	2	jax-0.11.1
jax-while	varying	1	153	1250.3	3	jax-0.11.1
jax-while	varying	1	154	1525.2	5	jax-0.11.1
jax-while	varying	1	155	1656.5	6	jax-0.11.1
jax-while	varying	1	156	1145.4	2	jax-0.11.1
jax-while	varying	1	157	1264.8	3	jax-0.11.1
jax-while	varying	1	158	1508.0	5	jax-0.11.1
jax-while	varying	1	159	1694.7	6	jax-0.11.1
jax-while	varying	1	160	1114.1	2	jax-0.11.1
jax-while	varying	1	161	1278.2	3	jax-0.11.1
jax-while	varying	1	162	1566.4	5	jax-0.11.1
jax-while	varying	1	163	1738.3	6	jax-0.11.1
jax-while	varying	1	164	1097.7	2	jax-0.11.1
jax-while	varying	1	165	1264.1	3	jax-0.11.1
jax-while	varying	1	166	1563.5	5	jax-0.11.1
jax-while	varying	1	167	1652.5	6	jax-0.11.1
jax-while	varying	1	168	1104.4	2	jax-0.11.1
jax-while	varying	1	169	1251.7	3	jax-0.11.1
jax-while	varying	1	170	1499.7	5	jax-0.11.1
jax-while	varying	1	171	1641.0	6	jax-0.11.1
jax-while	varying	1	172	1102.2	2	jax-0.11.1
jax-while	varying	1	173	1249.8	3	jax-0.11.1
jax-while	varying	1	174	1543.3	5	jax-0.11.1
jax-while	varying	1	175	1653.0	6	jax-0.11.1
jax-while	varying	1	176	1137.3	2	jax-0.11.1
jax-while	varying	1	177	1254.3	3	jax-0.11.1
jax-while	varying	1	178	1557.6	5	jax-0.11.1
jax-while	varying	1	179	1698.7	6	jax-0.11.1
jax-while	varying	1	180	1129.4	2	jax-0.11.1
jax-while	varying	1	181	1274.8	3	jax-0.11.1
jax-while	varying	1	182	1506.8	5	jax-0.11.1
jax-while	varying	1	183	1647.0	6	jax-0.11.1
jax-while	varying	1	184	1147.5	2	jax-0.11.1
jax-while	varying	1	185	1250.7	3	jax-0.11.1
jax-while	varying	1	186	1543.8	5	jax-0.11.1
jax-while	varying	1	187	1693.5	6	jax-0.11.1
jax-while	varying	1	188	1123.9	2	jax-0.11.1
jax-while	varying	1	189	1277.4	3	jax-0.11.1
jax-while	varying	1	190	1544.5	5	jax-0.11.1
jax-while	varying	1	191	1662.7	6	jax-0.11.1
jax-while	varying	1	192	1126.8	2	jax-0.11.1
jax-while	varying	1	193	1313.4	3	jax-0.11.1
jax-while	varying	1	194	1526.6	5	jax-0.11.1
jax-while	varying	1	195	1716.4	6	jax-0.11.1
jax-while	varying	1	196	1114.1	2	jax-0.11.1
jax-while	varying	1	197	1285.6	3	jax-0.11.1
jax-while	varying	1	198	1542.3	5	jax-0.11.1
jax-while	varying	1	199	1704.0	6	jax-0.11.1
ours	stable	2	0	571687.9	4	ddc8008cdeaf
ours	stable	2	1	17838.0	4	ddc8008cdeaf
ours	stable	2	2	4160.9	4	ddc8008cdeaf
ours	stable	2	3	1671.1	4	ddc8008cdeaf
ours	stable	2	4	14123.0	4	ddc8008cdeaf
ours	stable	2	5	4985.1	4	ddc8008cdeaf
ours	stable	2	6	1077.9	4	ddc8008cdeaf
ours	stable	2	7	3818.0	4	ddc8008cdeaf
ours	stable	2	8	1078.8	4	ddc8008cdeaf
ours	stable	2	9	1086.0	4	ddc8008cdeaf
ours	stable	2	10	3788.9	4	ddc8008cdeaf
ours	stable	2	11	1078.1	4	ddc8008cdeaf
ours	stable	2	12	1080.0	4	ddc8008cdeaf
ours	stable	2	13	1065.0	4	ddc8008cdeaf
ours	stable	2	14	4194.0	4	ddc8008cdeaf
ours	stable	2	15	1107.0	4	ddc8008cdeaf
ours	stable	2	16	1066.9	4	ddc8008cdeaf
ours	stable	2	17	1099.1	4	ddc8008cdeaf
ours	stable	2	18	1074.1	4	ddc8008cdeaf
ours	stable	2	19	4732.1	4	ddc8008cdeaf
ours	stable	2	20	1124.9	4	ddc8008cdeaf
ours	stable	2	21	1085.0	4	ddc8008cdeaf
ours	stable	2	22	1071.0	4	ddc8008cdeaf
ours	stable	2	23	1066.0	4	ddc8008cdeaf
ours	stable	2	24	1300.1	4	ddc8008cdeaf
ours	stable	2	25	4760.0	4	ddc8008cdeaf
ours	stable	2	26	1090.0	4	ddc8008cdeaf
ours	stable	2	27	1073.1	4	ddc8008cdeaf
ours	stable	2	28	1075.0	4	ddc8008cdeaf
ours	stable	2	29	1086.0	4	ddc8008cdeaf
ours	stable	2	30	1066.9	4	ddc8008cdeaf
ours	stable	2	31	1089.1	4	ddc8008cdeaf
ours	stable	2	32	4859.9	4	ddc8008cdeaf
ours	stable	2	33	1112.0	4	ddc8008cdeaf
ours	stable	2	34	1062.2	4	ddc8008cdeaf
ours	stable	2	35	1077.9	4	ddc8008cdeaf
ours	stable	2	36	1103.9	4	ddc8008cdeaf
ours	stable	2	37	1097.9	4	ddc8008cdeaf
ours	stable	2	38	1066.0	4	ddc8008cdeaf
ours	stable	2	39	1058.1	4	ddc8008cdeaf
ours	stable	2	40	4473.9	4	ddc8008cdeaf
ours	stable	2	41	1089.1	4	ddc8008cdeaf
ours	stable	2	42	1071.9	4	ddc8008cdeaf
ours	stable	2	43	1069.8	4	ddc8008cdeaf
ours	stable	2	44	1076.9	4	ddc8008cdeaf
ours	stable	2	45	1102.0	4	ddc8008cdeaf
ours	stable	2	46	1061.9	4	ddc8008cdeaf
ours	stable	2	47	1066.0	4	ddc8008cdeaf
ours	stable	2	48	1066.9	4	ddc8008cdeaf
ours	stable	2	49	4536.2	4	ddc8008cdeaf
ours	stable	2	50	1098.9	4	ddc8008cdeaf
ours	stable	2	51	1066.0	4	ddc8008cdeaf
ours	stable	2	52	1053.1	4	ddc8008cdeaf
ours	stable	2	53	1078.8	4	ddc8008cdeaf
ours	stable	2	54	1098.9	4	ddc8008cdeaf
ours	stable	2	55	1096.0	4	ddc8008cdeaf
ours	stable	2	56	1066.0	4	ddc8008cdeaf
ours	stable	2	57	1067.2	4	ddc8008cdeaf
ours	stable	2	58	1066.9	4	ddc8008cdeaf
ours	stable	2	59	4761.9	4	ddc8008cdeaf
ours	stable	2	60	1126.1	4	ddc8008cdeaf
ours	stable	2	61	1065.0	4	ddc8008cdeaf
ours	stable	2	62	1049.0	4	ddc8008cdeaf
ours	stable	2	63	1075.0	4	ddc8008cdeaf
ours	stable	2	64	1069.1	4	ddc8008cdeaf
ours	stable	2	65	1075.0	4	ddc8008cdeaf
ours	stable	2	66	1083.1	4	ddc8008cdeaf
ours	stable	2	67	1119.9	4	ddc8008cdeaf
ours	stable	2	68	1067.9	4	ddc8008cdeaf
ours	stable	2	69	1059.1	4	ddc8008cdeaf
ours	stable	2	70	4512.1	4	ddc8008cdeaf
ours	stable	2	71	1104.1	4	ddc8008cdeaf
ours	stable	2	72	1062.9	4	ddc8008cdeaf
ours	stable	2	73	1077.9	4	ddc8008cdeaf
ours	stable	2	74	1056.2	4	ddc8008cdeaf
ours	stable	2	75	1123.0	4	ddc8008cdeaf
ours	stable	2	76	1062.2	4	ddc8008cdeaf
ours	stable	2	77	1061.9	4	ddc8008cdeaf
ours	stable	2	78	1078.8	4	ddc8008cdeaf
ours	stable	2	79	1071.9	4	ddc8008cdeaf
ours	stable	2	80	1058.1	4	ddc8008cdeaf
ours	stable	2	81	1071.9	4	ddc8008cdeaf
ours	stable	2	82	1089.1	4	ddc8008cdeaf
ours	stable	2	83	1070.0	4	ddc8008cdeaf
ours	stable	2	84	1050.9	4	ddc8008cdeaf
ours	stable	2	85	4767.9	4	ddc8008cdeaf
ours	stable	2	86	1097.9	4	ddc8008cdeaf
ours	stable	2	87	1066.0	4	ddc8008cdeaf
ours	stable	2	88	1061.9	4	ddc8008cdeaf
ours	stable	2	89	1061.0	4	ddc8008cdeaf
ours	stable	2	90	1070.0	4	ddc8008cdeaf
ours	stable	2	91	1069.1	4	ddc8008cdeaf
ours	stable	2	92	1063.1	4	ddc8008cdeaf
ours	stable	2	93	1061.9	4	ddc8008cdeaf
ours	stable	2	94	1045.9	4	ddc8008cdeaf
ours	stable	2	95	1083.1	4	ddc8008cdeaf
ours	stable	2	96	1068.8	4	ddc8008cdeaf
ours	stable	2	97	1082.9	4	ddc8008cdeaf
ours	stable	2	98	1086.0	4	ddc8008cdeaf
ours	stable	2	99	1085.0	4	ddc8008cdeaf
ours	stable	2	100	1065.0	4	ddc8008cdeaf
ours	stable	2	101	1065.0	4	ddc8008cdeaf
ours	stable	2	102	1066.9	4	ddc8008cdeaf
ours	stable	2	103	1083.1	4	ddc8008cdeaf
ours	stable	2	104	4572.9	4	ddc8008cdeaf
ours	stable	2	105	1134.9	4	ddc8008cdeaf
ours	stable	2	106	1059.1	4	ddc8008cdeaf
ours	stable	2	107	1078.1	4	ddc8008cdeaf
ours	stable	2	108	1050.0	4	ddc8008cdeaf
ours	stable	2	109	1053.1	4	ddc8008cdeaf
ours	stable	2	110	1066.0	4	ddc8008cdeaf
ours	stable	2	111	1102.0	4	ddc8008cdeaf
ours	stable	2	112	1113.9	4	ddc8008cdeaf
ours	stable	2	113	1058.1	4	ddc8008cdeaf
ours	stable	2	114	1064.1	4	ddc8008cdeaf
ours	stable	2	115	1112.9	4	ddc8008cdeaf
ours	stable	2	116	1086.0	4	ddc8008cdeaf
ours	stable	2	117	1053.1	4	ddc8008cdeaf
ours	stable	2	118	1052.9	4	ddc8008cdeaf
ours	stable	2	119	1065.0	4	ddc8008cdeaf
ours	stable	2	120	1068.8	4	ddc8008cdeaf
ours	stable	2	121	1130.8	4	ddc8008cdeaf
ours	stable	2	122	4603.9	4	ddc8008cdeaf
ours	stable	2	123	1102.0	4	ddc8008cdeaf
ours	stable	2	124	1052.1	4	ddc8008cdeaf
ours	stable	2	125	1081.0	4	ddc8008cdeaf
ours	stable	2	126	1093.1	4	ddc8008cdeaf
ours	stable	2	127	1076.0	4	ddc8008cdeaf
ours	stable	2	128	1084.1	4	ddc8008cdeaf
ours	stable	2	129	1066.0	4	ddc8008cdeaf
ours	stable	2	130	1049.0	4	ddc8008cdeaf
ours	stable	2	131	1086.0	4	ddc8008cdeaf
ours	stable	2	132	1045.0	4	ddc8008cdeaf
ours	stable	2	133	1051.9	4	ddc8008cdeaf
ours	stable	2	134	1071.9	4	ddc8008cdeaf
ours	stable	2	135	1074.1	4	ddc8008cdeaf
ours	stable	2	136	1045.9	4	ddc8008cdeaf
ours	stable	2	137	1091.0	4	ddc8008cdeaf
ours	stable	2	138	1068.8	4	ddc8008cdeaf
ours	stable	2	139	1061.2	4	ddc8008cdeaf
ours	stable	2	140	4648.0	4	ddc8008cdeaf
ours	stable	2	141	1102.0	4	ddc8008cdeaf
ours	stable	2	142	1066.9	4	ddc8008cdeaf
ours	stable	2	143	1061.0	4	ddc8008cdeaf
ours	stable	2	144	1086.0	4	ddc8008cdeaf
ours	stable	2	145	1065.0	4	ddc8008cdeaf
ours	stable	2	146	1129.9	4	ddc8008cdeaf
ours	stable	2	147	1083.9	4	ddc8008cdeaf
ours	stable	2	148	1062.9	4	ddc8008cdeaf
ours	stable	2	149	1068.1	4	ddc8008cdeaf
ours	stable	2	150	1066.0	4	ddc8008cdeaf
ours	stable	2	151	1046.9	4	ddc8008cdeaf
ours	stable	2	152	1056.2	4	ddc8008cdeaf
ours	stable	2	153	1058.8	4	ddc8008cdeaf
ours	stable	2	154	1060.0	4	ddc8008cdeaf
ours	stable	2	155	1059.1	4	ddc8008cdeaf
ours	stable	2	156	1074.1	4	ddc8008cdeaf
ours	stable	2	157	1064.1	4	ddc8008cdeaf
ours	stable	2	158	1069.1	4	ddc8008cdeaf
ours	stable	2	159	1085.0	4	ddc8008cdeaf
ours	stable	2	160	1062.9	4	ddc8008cdeaf
ours	stable	2	161	1071.0	4	ddc8008cdeaf
ours	stable	2	162	1056.0	4	ddc8008cdeaf
ours	stable	2	163	1057.1	4	ddc8008cdeaf
ours	stable	2	164	1039.0	4	ddc8008cdeaf
ours	stable	2	165	1292.9	4	ddc8008cdeaf
ours	stable	2	166	1070.0	4	ddc8008cdeaf
ours	stable	2	167	1195.9	4	ddc8008cdeaf
ours	stable	2	168	4618.9	4	ddc8008cdeaf
ours	stable	2	169	1108.2	4	ddc8008cdeaf
ours	stable	2	170	1066.9	4	ddc8008cdeaf
ours	stable	2	171	1073.1	4	ddc8008cdeaf
ours	stable	2	172	1058.1	4	ddc8008cdeaf
ours	stable	2	173	1085.0	4	ddc8008cdeaf
ours	stable	2	174	1057.1	4	ddc8008cdeaf
ours	stable	2	175	1055.0	4	ddc8008cdeaf
ours	stable	2	176	1123.0	4	ddc8008cdeaf
ours	stable	2	177	1098.2	4	ddc8008cdeaf
ours	stable	2	178	1115.1	4	ddc8008cdeaf
ours	stable	2	179	1071.9	4	ddc8008cdeaf
ours	stable	2	180	1080.0	4	ddc8008cdeaf
ours	stable	2	181	1058.8	4	ddc8008cdeaf
ours	stable	2	182	1073.8	4	ddc8008cdeaf
ours	stable	2	183	1089.1	4	ddc8008cdeaf
ours	stable	2	184	1072.2	4	ddc8008cdeaf
ours	stable	2	185	1066.9	4	ddc8008cdeaf
ours	stable	2	186	1065.0	4	ddc8008cdeaf
ours	stable	2	187	1061.9	4	ddc8008cdeaf
ours	stable	2	188	1078.1	4	ddc8008cdeaf
ours	stable	2	189	1069.1	4	ddc8008cdeaf
ours	stable	2	190	1069.8	4	ddc8008cdeaf
ours	stable	2	191	1068.8	4	ddc8008cdeaf
ours	stable	2	192	1092.9	4	ddc8008cdeaf
ours	stable	2	193	1068.1	4	ddc8008cdeaf
ours	stable	2	194	1057.1	4	ddc8008cdeaf
ours	stable	2	195	4767.9	4	ddc8008cdeaf
ours	stable	2	196	1130.1	4	ddc8008cdeaf
ours	stable	2	197	1057.1	4	ddc8008cdeaf
ours	stable	2	198	1057.9	4	ddc8008cdeaf
ours	stable	2	199	1052.1	4	ddc8008cdeaf
torch-eager	stable	2	0	136515.1	4	torch-2.14.0+cu130
torch-eager	stable	2	1	2451.4	4	torch-2.14.0+cu130
torch-eager	stable	2	2	2293.1	4	torch-2.14.0+cu130
torch-eager	stable	2	3	2267.8	4	torch-2.14.0+cu130
torch-eager	stable	2	4	2248.5	4	torch-2.14.0+cu130
torch-eager	stable	2	5	2237.1	4	torch-2.14.0+cu130
torch-eager	stable	2	6	2245.2	4	torch-2.14.0+cu130
torch-eager	stable	2	7	2217.8	4	torch-2.14.0+cu130
torch-eager	stable	2	8	2220.6	4	torch-2.14.0+cu130
torch-eager	stable	2	9	2298.1	4	torch-2.14.0+cu130
torch-eager	stable	2	10	2387.5	4	torch-2.14.0+cu130
torch-eager	stable	2	11	2494.1	4	torch-2.14.0+cu130
torch-eager	stable	2	12	2375.4	4	torch-2.14.0+cu130
torch-eager	stable	2	13	2428.5	4	torch-2.14.0+cu130
torch-eager	stable	2	14	2231.4	4	torch-2.14.0+cu130
torch-eager	stable	2	15	2477.6	4	torch-2.14.0+cu130
torch-eager	stable	2	16	2295.3	4	torch-2.14.0+cu130
torch-eager	stable	2	17	2258.5	4	torch-2.14.0+cu130
torch-eager	stable	2	18	2201.6	4	torch-2.14.0+cu130
torch-eager	stable	2	19	2248.8	4	torch-2.14.0+cu130
torch-eager	stable	2	20	2221.3	4	torch-2.14.0+cu130
torch-eager	stable	2	21	2277.9	4	torch-2.14.0+cu130
torch-eager	stable	2	22	2237.3	4	torch-2.14.0+cu130
torch-eager	stable	2	23	2247.3	4	torch-2.14.0+cu130
torch-eager	stable	2	24	2248.8	4	torch-2.14.0+cu130
torch-eager	stable	2	25	2224.2	4	torch-2.14.0+cu130
torch-eager	stable	2	26	2218.2	4	torch-2.14.0+cu130
torch-eager	stable	2	27	2218.2	4	torch-2.14.0+cu130
torch-eager	stable	2	28	2211.6	4	torch-2.14.0+cu130
torch-eager	stable	2	29	2209.4	4	torch-2.14.0+cu130
torch-eager	stable	2	30	2227.5	4	torch-2.14.0+cu130
torch-eager	stable	2	31	2200.1	4	torch-2.14.0+cu130
torch-eager	stable	2	32	2202.5	4	torch-2.14.0+cu130
torch-eager	stable	2	33	2195.4	4	torch-2.14.0+cu130
torch-eager	stable	2	34	2223.3	4	torch-2.14.0+cu130
torch-eager	stable	2	35	2204.4	4	torch-2.14.0+cu130
torch-eager	stable	2	36	2202.7	4	torch-2.14.0+cu130
torch-eager	stable	2	37	2214.9	4	torch-2.14.0+cu130
torch-eager	stable	2	38	2200.6	4	torch-2.14.0+cu130
torch-eager	stable	2	39	2205.8	4	torch-2.14.0+cu130
torch-eager	stable	2	40	2224.2	4	torch-2.14.0+cu130
torch-eager	stable	2	41	2194.6	4	torch-2.14.0+cu130
torch-eager	stable	2	42	2209.2	4	torch-2.14.0+cu130
torch-eager	stable	2	43	2198.5	4	torch-2.14.0+cu130
torch-eager	stable	2	44	2195.8	4	torch-2.14.0+cu130
torch-eager	stable	2	45	2222.3	4	torch-2.14.0+cu130
torch-eager	stable	2	46	2219.7	4	torch-2.14.0+cu130
torch-eager	stable	2	47	2209.9	4	torch-2.14.0+cu130
torch-eager	stable	2	48	2205.1	4	torch-2.14.0+cu130
torch-eager	stable	2	49	2235.7	4	torch-2.14.0+cu130
torch-eager	stable	2	50	2210.9	4	torch-2.14.0+cu130
torch-eager	stable	2	51	2208.9	4	torch-2.14.0+cu130
torch-eager	stable	2	52	2207.8	4	torch-2.14.0+cu130
torch-eager	stable	2	53	2270.0	4	torch-2.14.0+cu130
torch-eager	stable	2	54	2205.1	4	torch-2.14.0+cu130
torch-eager	stable	2	55	2217.5	4	torch-2.14.0+cu130
torch-eager	stable	2	56	2193.9	4	torch-2.14.0+cu130
torch-eager	stable	2	57	2191.3	4	torch-2.14.0+cu130
torch-eager	stable	2	58	2191.3	4	torch-2.14.0+cu130
torch-eager	stable	2	59	2203.5	4	torch-2.14.0+cu130
torch-eager	stable	2	60	2226.1	4	torch-2.14.0+cu130
torch-eager	stable	2	61	2178.2	4	torch-2.14.0+cu130
torch-eager	stable	2	62	2195.1	4	torch-2.14.0+cu130
torch-eager	stable	2	63	2185.3	4	torch-2.14.0+cu130
torch-eager	stable	2	64	2174.1	4	torch-2.14.0+cu130
torch-eager	stable	2	65	2184.6	4	torch-2.14.0+cu130
torch-eager	stable	2	66	2175.6	4	torch-2.14.0+cu130
torch-eager	stable	2	67	2198.0	4	torch-2.14.0+cu130
torch-eager	stable	2	68	2211.3	4	torch-2.14.0+cu130
torch-eager	stable	2	69	2263.3	4	torch-2.14.0+cu130
torch-eager	stable	2	70	2000.6	4	torch-2.14.0+cu130
torch-eager	stable	2	71	1965.8	4	torch-2.14.0+cu130
torch-eager	stable	2	72	1975.5	4	torch-2.14.0+cu130
torch-eager	stable	2	73	1987.9	4	torch-2.14.0+cu130
torch-eager	stable	2	74	1961.7	4	torch-2.14.0+cu130
torch-eager	stable	2	75	1933.6	4	torch-2.14.0+cu130
torch-eager	stable	2	76	1961.5	4	torch-2.14.0+cu130
torch-eager	stable	2	77	1971.5	4	torch-2.14.0+cu130
torch-eager	stable	2	78	1942.4	4	torch-2.14.0+cu130
torch-eager	stable	2	79	1960.5	4	torch-2.14.0+cu130
torch-eager	stable	2	80	1965.8	4	torch-2.14.0+cu130
torch-eager	stable	2	81	1956.7	4	torch-2.14.0+cu130
torch-eager	stable	2	82	1962.4	4	torch-2.14.0+cu130
torch-eager	stable	2	83	1966.0	4	torch-2.14.0+cu130
torch-eager	stable	2	84	1977.9	4	torch-2.14.0+cu130
torch-eager	stable	2	85	1962.2	4	torch-2.14.0+cu130
torch-eager	stable	2	86	1954.3	4	torch-2.14.0+cu130
torch-eager	stable	2	87	1967.9	4	torch-2.14.0+cu130
torch-eager	stable	2	88	2009.4	4	torch-2.14.0+cu130
torch-eager	stable	2	89	1966.5	4	torch-2.14.0+cu130
torch-eager	stable	2	90	1951.9	4	torch-2.14.0+cu130
torch-eager	stable	2	91	1986.0	4	torch-2.14.0+cu130
torch-eager	stable	2	92	2010.8	4	torch-2.14.0+cu130
torch-eager	stable	2	93	1981.0	4	torch-2.14.0+cu130
torch-eager	stable	2	94	1968.1	4	torch-2.14.0+cu130
torch-eager	stable	2	95	1975.3	4	torch-2.14.0+cu130
torch-eager	stable	2	96	1973.4	4	torch-2.14.0+cu130
torch-eager	stable	2	97	1985.5	4	torch-2.14.0+cu130
torch-eager	stable	2	98	2004.9	4	torch-2.14.0+cu130
torch-eager	stable	2	99	1994.6	4	torch-2.14.0+cu130
torch-eager	stable	2	100	1984.8	4	torch-2.14.0+cu130
torch-eager	stable	2	101	1997.9	4	torch-2.14.0+cu130
torch-eager	stable	2	102	1954.3	4	torch-2.14.0+cu130
torch-eager	stable	2	103	1972.0	4	torch-2.14.0+cu130
torch-eager	stable	2	104	1964.3	4	torch-2.14.0+cu130
torch-eager	stable	2	105	1941.9	4	torch-2.14.0+cu130
torch-eager	stable	2	106	1957.9	4	torch-2.14.0+cu130
torch-eager	stable	2	107	1970.5	4	torch-2.14.0+cu130
torch-eager	stable	2	108	1971.0	4	torch-2.14.0+cu130
torch-eager	stable	2	109	1963.1	4	torch-2.14.0+cu130
torch-eager	stable	2	110	1959.6	4	torch-2.14.0+cu130
torch-eager	stable	2	111	1990.1	4	torch-2.14.0+cu130
torch-eager	stable	2	112	1946.4	4	torch-2.14.0+cu130
torch-eager	stable	2	113	1935.0	4	torch-2.14.0+cu130
torch-eager	stable	2	114	1973.2	4	torch-2.14.0+cu130
torch-eager	stable	2	115	1962.9	4	torch-2.14.0+cu130
torch-eager	stable	2	116	1940.0	4	torch-2.14.0+cu130
torch-eager	stable	2	117	1967.2	4	torch-2.14.0+cu130
torch-eager	stable	2	118	1959.1	4	torch-2.14.0+cu130
torch-eager	stable	2	119	1981.0	4	torch-2.14.0+cu130
torch-eager	stable	2	120	1988.2	4	torch-2.14.0+cu130
torch-eager	stable	2	121	1956.9	4	torch-2.14.0+cu130
torch-eager	stable	2	122	1949.8	4	torch-2.14.0+cu130
torch-eager	stable	2	123	1950.5	4	torch-2.14.0+cu130
torch-eager	stable	2	124	1951.2	4	torch-2.14.0+cu130
torch-eager	stable	2	125	1986.0	4	torch-2.14.0+cu130
torch-eager	stable	2	126	1954.3	4	torch-2.14.0+cu130
torch-eager	stable	2	127	1963.6	4	torch-2.14.0+cu130
torch-eager	stable	2	128	1972.7	4	torch-2.14.0+cu130
torch-eager	stable	2	129	1960.8	4	torch-2.14.0+cu130
torch-eager	stable	2	130	1970.8	4	torch-2.14.0+cu130
torch-eager	stable	2	131	1952.6	4	torch-2.14.0+cu130
torch-eager	stable	2	132	1950.0	4	torch-2.14.0+cu130
torch-eager	stable	2	133	2098.8	4	torch-2.14.0+cu130
torch-eager	stable	2	134	3390.6	4	torch-2.14.0+cu130
torch-eager	stable	2	135	2021.1	4	torch-2.14.0+cu130
torch-eager	stable	2	136	2004.1	4	torch-2.14.0+cu130
torch-eager	stable	2	137	2011.5	4	torch-2.14.0+cu130
torch-eager	stable	2	138	1961.2	4	torch-2.14.0+cu130
torch-eager	stable	2	139	1932.6	4	torch-2.14.0+cu130
torch-eager	stable	2	140	1955.0	4	torch-2.14.0+cu130
torch-eager	stable	2	141	1965.5	4	torch-2.14.0+cu130
torch-eager	stable	2	142	1953.8	4	torch-2.14.0+cu130
torch-eager	stable	2	143	1952.4	4	torch-2.14.0+cu130
torch-eager	stable	2	144	1974.3	4	torch-2.14.0+cu130
torch-eager	stable	2	145	1950.5	4	torch-2.14.0+cu130
torch-eager	stable	2	146	1960.3	4	torch-2.14.0+cu130
torch-eager	stable	2	147	1992.9	4	torch-2.14.0+cu130
torch-eager	stable	2	148	1987.9	4	torch-2.14.0+cu130
torch-eager	stable	2	149	1945.3	4	torch-2.14.0+cu130
torch-eager	stable	2	150	1987.0	4	torch-2.14.0+cu130
torch-eager	stable	2	151	1968.6	4	torch-2.14.0+cu130
torch-eager	stable	2	152	1970.8	4	torch-2.14.0+cu130
torch-eager	stable	2	153	1958.4	4	torch-2.14.0+cu130
torch-eager	stable	2	154	1948.6	4	torch-2.14.0+cu130
torch-eager	stable	2	155	1966.2	4	torch-2.14.0+cu130
torch-eager	stable	2	156	1962.2	4	torch-2.14.0+cu130
torch-eager	stable	2	157	1973.9	4	torch-2.14.0+cu130
torch-eager	stable	2	158	3301.1	4	torch-2.14.0+cu130
torch-eager	stable	2	159	2236.8	4	torch-2.14.0+cu130
torch-eager	stable	2	160	2199.6	4	torch-2.14.0+cu130
torch-eager	stable	2	161	2227.1	4	torch-2.14.0+cu130
torch-eager	stable	2	162	2373.5	4	torch-2.14.0+cu130
torch-eager	stable	2	163	2232.6	4	torch-2.14.0+cu130
torch-eager	stable	2	164	2258.1	4	torch-2.14.0+cu130
torch-eager	stable	2	165	2327.7	4	torch-2.14.0+cu130
torch-eager	stable	2	166	2222.8	4	torch-2.14.0+cu130
torch-eager	stable	2	167	2203.5	4	torch-2.14.0+cu130
torch-eager	stable	2	168	2322.4	4	torch-2.14.0+cu130
torch-eager	stable	2	169	2196.3	4	torch-2.14.0+cu130
torch-eager	stable	2	170	2217.3	4	torch-2.14.0+cu130
torch-eager	stable	2	171	2372.5	4	torch-2.14.0+cu130
torch-eager	stable	2	172	2372.0	4	torch-2.14.0+cu130
torch-eager	stable	2	173	2340.1	4	torch-2.14.0+cu130
torch-eager	stable	2	174	2344.6	4	torch-2.14.0+cu130
torch-eager	stable	2	175	2406.6	4	torch-2.14.0+cu130
torch-eager	stable	2	176	2219.7	4	torch-2.14.0+cu130
torch-eager	stable	2	177	2209.7	4	torch-2.14.0+cu130
torch-eager	stable	2	178	2216.3	4	torch-2.14.0+cu130
torch-eager	stable	2	179	2251.6	4	torch-2.14.0+cu130
torch-eager	stable	2	180	2208.2	4	torch-2.14.0+cu130
torch-eager	stable	2	181	2191.1	4	torch-2.14.0+cu130
torch-eager	stable	2	182	2194.4	4	torch-2.14.0+cu130
torch-eager	stable	2	183	2214.4	4	torch-2.14.0+cu130
torch-eager	stable	2	184	2215.4	4	torch-2.14.0+cu130
torch-eager	stable	2	185	2212.3	4	torch-2.14.0+cu130
torch-eager	stable	2	186	2197.7	4	torch-2.14.0+cu130
torch-eager	stable	2	187	2195.1	4	torch-2.14.0+cu130
torch-eager	stable	2	188	2227.3	4	torch-2.14.0+cu130
torch-eager	stable	2	189	2215.4	4	torch-2.14.0+cu130
torch-eager	stable	2	190	2183.7	4	torch-2.14.0+cu130
torch-eager	stable	2	191	2209.4	4	torch-2.14.0+cu130
torch-eager	stable	2	192	2484.3	4	torch-2.14.0+cu130
torch-eager	stable	2	193	2345.8	4	torch-2.14.0+cu130
torch-eager	stable	2	194	2318.9	4	torch-2.14.0+cu130
torch-eager	stable	2	195	2349.6	4	torch-2.14.0+cu130
torch-eager	stable	2	196	2305.0	4	torch-2.14.0+cu130
torch-eager	stable	2	197	2317.9	4	torch-2.14.0+cu130
torch-eager	stable	2	198	2322.0	4	torch-2.14.0+cu130
torch-eager	stable	2	199	2340.3	4	torch-2.14.0+cu130
torch-compile	stable	2	0	782825.2	4	torch-2.14.0+cu130
torch-compile	stable	2	1	1862.8	4	torch-2.14.0+cu130
torch-compile	stable	2	2	1503.0	4	torch-2.14.0+cu130
torch-compile	stable	2	3	1452.7	4	torch-2.14.0+cu130
torch-compile	stable	2	4	1437.9	4	torch-2.14.0+cu130
torch-compile	stable	2	5	1414.8	4	torch-2.14.0+cu130
torch-compile	stable	2	6	1444.6	4	torch-2.14.0+cu130
torch-compile	stable	2	7	1441.0	4	torch-2.14.0+cu130
torch-compile	stable	2	8	1457.7	4	torch-2.14.0+cu130
torch-compile	stable	2	9	1427.7	4	torch-2.14.0+cu130
torch-compile	stable	2	10	1418.4	4	torch-2.14.0+cu130
torch-compile	stable	2	11	1476.8	4	torch-2.14.0+cu130
torch-compile	stable	2	12	1465.6	4	torch-2.14.0+cu130
torch-compile	stable	2	13	1456.7	4	torch-2.14.0+cu130
torch-compile	stable	2	14	1438.9	4	torch-2.14.0+cu130
torch-compile	stable	2	15	1446.2	4	torch-2.14.0+cu130
torch-compile	stable	2	16	1428.4	4	torch-2.14.0+cu130
torch-compile	stable	2	17	1447.0	4	torch-2.14.0+cu130
torch-compile	stable	2	18	1437.2	4	torch-2.14.0+cu130
torch-compile	stable	2	19	1432.7	4	torch-2.14.0+cu130
torch-compile	stable	2	20	1462.7	4	torch-2.14.0+cu130
torch-compile	stable	2	21	1444.8	4	torch-2.14.0+cu130
torch-compile	stable	2	22	1423.8	4	torch-2.14.0+cu130
torch-compile	stable	2	23	1461.7	4	torch-2.14.0+cu130
torch-compile	stable	2	24	1443.9	4	torch-2.14.0+cu130
torch-compile	stable	2	25	1472.5	4	torch-2.14.0+cu130
torch-compile	stable	2	26	1489.2	4	torch-2.14.0+cu130
torch-compile	stable	2	27	1471.3	4	torch-2.14.0+cu130
torch-compile	stable	2	28	1410.7	4	torch-2.14.0+cu130
torch-compile	stable	2	29	1433.8	4	torch-2.14.0+cu130
torch-compile	stable	2	30	1468.2	4	torch-2.14.0+cu130
torch-compile	stable	2	31	1422.6	4	torch-2.14.0+cu130
torch-compile	stable	2	32	1467.7	4	torch-2.14.0+cu130
torch-compile	stable	2	33	1421.9	4	torch-2.14.0+cu130
torch-compile	stable	2	34	1404.5	4	torch-2.14.0+cu130
torch-compile	stable	2	35	1429.8	4	torch-2.14.0+cu130
torch-compile	stable	2	36	1415.3	4	torch-2.14.0+cu130
torch-compile	stable	2	37	1441.7	4	torch-2.14.0+cu130
torch-compile	stable	2	38	1429.6	4	torch-2.14.0+cu130
torch-compile	stable	2	39	1406.4	4	torch-2.14.0+cu130
torch-compile	stable	2	40	1425.3	4	torch-2.14.0+cu130
torch-compile	stable	2	41	1493.9	4	torch-2.14.0+cu130
torch-compile	stable	2	42	1423.6	4	torch-2.14.0+cu130
torch-compile	stable	2	43	1406.4	4	torch-2.14.0+cu130
torch-compile	stable	2	44	1483.9	4	torch-2.14.0+cu130
torch-compile	stable	2	45	1457.2	4	torch-2.14.0+cu130
torch-compile	stable	2	46	1444.8	4	torch-2.14.0+cu130
torch-compile	stable	2	47	1442.9	4	torch-2.14.0+cu130
torch-compile	stable	2	48	1404.0	4	torch-2.14.0+cu130
torch-compile	stable	2	49	1483.4	4	torch-2.14.0+cu130
torch-compile	stable	2	50	1462.9	4	torch-2.14.0+cu130
torch-compile	stable	2	51	1436.0	4	torch-2.14.0+cu130
torch-compile	stable	2	52	1406.4	4	torch-2.14.0+cu130
torch-compile	stable	2	53	1412.9	4	torch-2.14.0+cu130
torch-compile	stable	2	54	1440.5	4	torch-2.14.0+cu130
torch-compile	stable	2	55	1453.9	4	torch-2.14.0+cu130
torch-compile	stable	2	56	1422.4	4	torch-2.14.0+cu130
torch-compile	stable	2	57	1467.0	4	torch-2.14.0+cu130
torch-compile	stable	2	58	1413.1	4	torch-2.14.0+cu130
torch-compile	stable	2	59	1438.4	4	torch-2.14.0+cu130
torch-compile	stable	2	60	1442.0	4	torch-2.14.0+cu130
torch-compile	stable	2	61	1411.0	4	torch-2.14.0+cu130
torch-compile	stable	2	62	1421.7	4	torch-2.14.0+cu130
torch-compile	stable	2	63	1435.3	4	torch-2.14.0+cu130
torch-compile	stable	2	64	1417.2	4	torch-2.14.0+cu130
torch-compile	stable	2	65	1429.1	4	torch-2.14.0+cu130
torch-compile	stable	2	66	1447.9	4	torch-2.14.0+cu130
torch-compile	stable	2	67	1446.5	4	torch-2.14.0+cu130
torch-compile	stable	2	68	1425.5	4	torch-2.14.0+cu130
torch-compile	stable	2	69	1434.8	4	torch-2.14.0+cu130
torch-compile	stable	2	70	1442.2	4	torch-2.14.0+cu130
torch-compile	stable	2	71	1463.9	4	torch-2.14.0+cu130
torch-compile	stable	2	72	1478.0	4	torch-2.14.0+cu130
torch-compile	stable	2	73	1414.1	4	torch-2.14.0+cu130
torch-compile	stable	2	74	1447.7	4	torch-2.14.0+cu130
torch-compile	stable	2	75	1401.9	4	torch-2.14.0+cu130
torch-compile	stable	2	76	1437.7	4	torch-2.14.0+cu130
torch-compile	stable	2	77	1421.9	4	torch-2.14.0+cu130
torch-compile	stable	2	78	1432.4	4	torch-2.14.0+cu130
torch-compile	stable	2	79	1445.3	4	torch-2.14.0+cu130
torch-compile	stable	2	80	1446.5	4	torch-2.14.0+cu130
torch-compile	stable	2	81	1451.0	4	torch-2.14.0+cu130
torch-compile	stable	2	82	1418.1	4	torch-2.14.0+cu130
torch-compile	stable	2	83	1434.6	4	torch-2.14.0+cu130
torch-compile	stable	2	84	1416.2	4	torch-2.14.0+cu130
torch-compile	stable	2	85	1479.6	4	torch-2.14.0+cu130
torch-compile	stable	2	86	1426.5	4	torch-2.14.0+cu130
torch-compile	stable	2	87	1420.0	4	torch-2.14.0+cu130
torch-compile	stable	2	88	1417.4	4	torch-2.14.0+cu130
torch-compile	stable	2	89	1416.4	4	torch-2.14.0+cu130
torch-compile	stable	2	90	1421.9	4	torch-2.14.0+cu130
torch-compile	stable	2	91	1478.2	4	torch-2.14.0+cu130
torch-compile	stable	2	92	1460.6	4	torch-2.14.0+cu130
torch-compile	stable	2	93	1437.4	4	torch-2.14.0+cu130
torch-compile	stable	2	94	1412.9	4	torch-2.14.0+cu130
torch-compile	stable	2	95	1435.3	4	torch-2.14.0+cu130
torch-compile	stable	2	96	1421.0	4	torch-2.14.0+cu130
torch-compile	stable	2	97	1442.0	4	torch-2.14.0+cu130
torch-compile	stable	2	98	1440.0	4	torch-2.14.0+cu130
torch-compile	stable	2	99	1462.9	4	torch-2.14.0+cu130
torch-compile	stable	2	100	1431.9	4	torch-2.14.0+cu130
torch-compile	stable	2	101	1422.2	4	torch-2.14.0+cu130
torch-compile	stable	2	102	1469.1	4	torch-2.14.0+cu130
torch-compile	stable	2	103	1394.7	4	torch-2.14.0+cu130
torch-compile	stable	2	104	1488.2	4	torch-2.14.0+cu130
torch-compile	stable	2	105	1434.3	4	torch-2.14.0+cu130
torch-compile	stable	2	106	1418.6	4	torch-2.14.0+cu130
torch-compile	stable	2	107	1425.7	4	torch-2.14.0+cu130
torch-compile	stable	2	108	1426.9	4	torch-2.14.0+cu130
torch-compile	stable	2	109	1422.2	4	torch-2.14.0+cu130
torch-compile	stable	2	110	1445.1	4	torch-2.14.0+cu130
torch-compile	stable	2	111	1426.9	4	torch-2.14.0+cu130
torch-compile	stable	2	112	1459.8	4	torch-2.14.0+cu130
torch-compile	stable	2	113	1427.9	4	torch-2.14.0+cu130
torch-compile	stable	2	114	1426.0	4	torch-2.14.0+cu130
torch-compile	stable	2	115	1446.0	4	torch-2.14.0+cu130
torch-compile	stable	2	116	1421.2	4	torch-2.14.0+cu130
torch-compile	stable	2	117	1439.3	4	torch-2.14.0+cu130
torch-compile	stable	2	118	1428.6	4	torch-2.14.0+cu130
torch-compile	stable	2	119	1416.2	4	torch-2.14.0+cu130
torch-compile	stable	2	120	1429.6	4	torch-2.14.0+cu130
torch-compile	stable	2	121	1462.9	4	torch-2.14.0+cu130
torch-compile	stable	2	122	1428.1	4	torch-2.14.0+cu130
torch-compile	stable	2	123	1447.7	4	torch-2.14.0+cu130
torch-compile	stable	2	124	1446.5	4	torch-2.14.0+cu130
torch-compile	stable	2	125	1451.3	4	torch-2.14.0+cu130
torch-compile	stable	2	126	1418.4	4	torch-2.14.0+cu130
torch-compile	stable	2	127	1434.1	4	torch-2.14.0+cu130
torch-compile	stable	2	128	1402.4	4	torch-2.14.0+cu130
torch-compile	stable	2	129	1438.1	4	torch-2.14.0+cu130
torch-compile	stable	2	130	1397.1	4	torch-2.14.0+cu130
torch-compile	stable	2	131	1451.0	4	torch-2.14.0+cu130
torch-compile	stable	2	132	1450.5	4	torch-2.14.0+cu130
torch-compile	stable	2	133	1411.0	4	torch-2.14.0+cu130
torch-compile	stable	2	134	1431.5	4	torch-2.14.0+cu130
torch-compile	stable	2	135	1431.5	4	torch-2.14.0+cu130
torch-compile	stable	2	136	1456.3	4	torch-2.14.0+cu130
torch-compile	stable	2	137	1428.6	4	torch-2.14.0+cu130
torch-compile	stable	2	138	1426.7	4	torch-2.14.0+cu130
torch-compile	stable	2	139	1458.9	4	torch-2.14.0+cu130
torch-compile	stable	2	140	1433.1	4	torch-2.14.0+cu130
torch-compile	stable	2	141	1434.1	4	torch-2.14.0+cu130
torch-compile	stable	2	142	1436.5	4	torch-2.14.0+cu130
torch-compile	stable	2	143	1450.1	4	torch-2.14.0+cu130
torch-compile	stable	2	144	1455.5	4	torch-2.14.0+cu130
torch-compile	stable	2	145	1488.2	4	torch-2.14.0+cu130
torch-compile	stable	2	146	1470.8	4	torch-2.14.0+cu130
torch-compile	stable	2	147	1440.0	4	torch-2.14.0+cu130
torch-compile	stable	2	148	1423.6	4	torch-2.14.0+cu130
torch-compile	stable	2	149	1478.2	4	torch-2.14.0+cu130
torch-compile	stable	2	150	1424.1	4	torch-2.14.0+cu130
torch-compile	stable	2	151	1442.9	4	torch-2.14.0+cu130
torch-compile	stable	2	152	1481.1	4	torch-2.14.0+cu130
torch-compile	stable	2	153	1427.9	4	torch-2.14.0+cu130
torch-compile	stable	2	154	1476.8	4	torch-2.14.0+cu130
torch-compile	stable	2	155	1472.7	4	torch-2.14.0+cu130
torch-compile	stable	2	156	1457.5	4	torch-2.14.0+cu130
torch-compile	stable	2	157	1485.6	4	torch-2.14.0+cu130
torch-compile	stable	2	158	1453.9	4	torch-2.14.0+cu130
torch-compile	stable	2	159	1470.3	4	torch-2.14.0+cu130
torch-compile	stable	2	160	1468.9	4	torch-2.14.0+cu130
torch-compile	stable	2	161	1478.4	4	torch-2.14.0+cu130
torch-compile	stable	2	162	1461.3	4	torch-2.14.0+cu130
torch-compile	stable	2	163	1486.1	4	torch-2.14.0+cu130
torch-compile	stable	2	164	1461.0	4	torch-2.14.0+cu130
torch-compile	stable	2	165	1437.4	4	torch-2.14.0+cu130
torch-compile	stable	2	166	1495.6	4	torch-2.14.0+cu130
torch-compile	stable	2	167	1466.8	4	torch-2.14.0+cu130
torch-compile	stable	2	168	1461.7	4	torch-2.14.0+cu130
torch-compile	stable	2	169	1467.5	4	torch-2.14.0+cu130
torch-compile	stable	2	170	1422.2	4	torch-2.14.0+cu130
torch-compile	stable	2	171	1469.4	4	torch-2.14.0+cu130
torch-compile	stable	2	172	1458.2	4	torch-2.14.0+cu130
torch-compile	stable	2	173	1403.6	4	torch-2.14.0+cu130
torch-compile	stable	2	174	1430.0	4	torch-2.14.0+cu130
torch-compile	stable	2	175	1440.0	4	torch-2.14.0+cu130
torch-compile	stable	2	176	1392.1	4	torch-2.14.0+cu130
torch-compile	stable	2	177	1387.6	4	torch-2.14.0+cu130
torch-compile	stable	2	178	1402.1	4	torch-2.14.0+cu130
torch-compile	stable	2	179	1410.0	4	torch-2.14.0+cu130
torch-compile	stable	2	180	1418.1	4	torch-2.14.0+cu130
torch-compile	stable	2	181	1395.9	4	torch-2.14.0+cu130
torch-compile	stable	2	182	1398.1	4	torch-2.14.0+cu130
torch-compile	stable	2	183	1404.0	4	torch-2.14.0+cu130
torch-compile	stable	2	184	1383.5	4	torch-2.14.0+cu130
torch-compile	stable	2	185	1397.1	4	torch-2.14.0+cu130
torch-compile	stable	2	186	1388.1	4	torch-2.14.0+cu130
torch-compile	stable	2	187	1388.1	4	torch-2.14.0+cu130
torch-compile	stable	2	188	1385.7	4	torch-2.14.0+cu130
torch-compile	stable	2	189	1400.0	4	torch-2.14.0+cu130
torch-compile	stable	2	190	1447.0	4	torch-2.14.0+cu130
torch-compile	stable	2	191	1420.3	4	torch-2.14.0+cu130
torch-compile	stable	2	192	1423.1	4	torch-2.14.0+cu130
torch-compile	stable	2	193	1437.2	4	torch-2.14.0+cu130
torch-compile	stable	2	194	1409.8	4	torch-2.14.0+cu130
torch-compile	stable	2	195	1396.9	4	torch-2.14.0+cu130
torch-compile	stable	2	196	1399.8	4	torch-2.14.0+cu130
torch-compile	stable	2	197	1400.7	4	torch-2.14.0+cu130
torch-compile	stable	2	198	1447.0	4	torch-2.14.0+cu130
torch-compile	stable	2	199	1388.5	4	torch-2.14.0+cu130
torch-compile-ro	stable	2	0	928374.8	4	torch-2.14.0+cu130
torch-compile-ro	stable	2	1	52594.2	4	torch-2.14.0+cu130
torch-compile-ro	stable	2	2	1850.1	4	torch-2.14.0+cu130
torch-compile-ro	stable	2	3	1547.6	4	torch-2.14.0+cu130
torch-compile-ro	stable	2	4	1518.2	4	torch-2.14.0+cu130
torch-compile-ro	stable	2	5	1512.1	4	torch-2.14.0+cu130
torch-compile-ro	stable	2	6	1499.2	4	torch-2.14.0+cu130
torch-compile-ro	stable	2	7	1517.3	4	torch-2.14.0+cu130
torch-compile-ro	stable	2	8	1481.5	4	torch-2.14.0+cu130
torch-compile-ro	stable	2	9	1482.5	4	torch-2.14.0+cu130
torch-compile-ro	stable	2	10	1478.4	4	torch-2.14.0+cu130
torch-compile-ro	stable	2	11	1472.7	4	torch-2.14.0+cu130
torch-compile-ro	stable	2	12	1462.7	4	torch-2.14.0+cu130
torch-compile-ro	stable	2	13	1487.5	4	torch-2.14.0+cu130
torch-compile-ro	stable	2	14	1516.6	4	torch-2.14.0+cu130
torch-compile-ro	stable	2	15	1468.4	4	torch-2.14.0+cu130
torch-compile-ro	stable	2	16	1431.7	4	torch-2.14.0+cu130
torch-compile-ro	stable	2	17	1454.1	4	torch-2.14.0+cu130
torch-compile-ro	stable	2	18	1451.0	4	torch-2.14.0+cu130
torch-compile-ro	stable	2	19	1457.7	4	torch-2.14.0+cu130
torch-compile-ro	stable	2	20	1475.3	4	torch-2.14.0+cu130
torch-compile-ro	stable	2	21	1472.7	4	torch-2.14.0+cu130
torch-compile-ro	stable	2	22	1426.0	4	torch-2.14.0+cu130
torch-compile-ro	stable	2	23	1437.4	4	torch-2.14.0+cu130
torch-compile-ro	stable	2	24	1470.6	4	torch-2.14.0+cu130
torch-compile-ro	stable	2	25	1458.4	4	torch-2.14.0+cu130
torch-compile-ro	stable	2	26	1487.0	4	torch-2.14.0+cu130
torch-compile-ro	stable	2	27	1492.3	4	torch-2.14.0+cu130
torch-compile-ro	stable	2	28	1474.4	4	torch-2.14.0+cu130
torch-compile-ro	stable	2	29	1451.5	4	torch-2.14.0+cu130
torch-compile-ro	stable	2	30	1467.7	4	torch-2.14.0+cu130
torch-compile-ro	stable	2	31	1467.5	4	torch-2.14.0+cu130
torch-compile-ro	stable	2	32	1463.9	4	torch-2.14.0+cu130
torch-compile-ro	stable	2	33	1461.5	4	torch-2.14.0+cu130
torch-compile-ro	stable	2	34	1493.9	4	torch-2.14.0+cu130
torch-compile-ro	stable	2	35	1512.1	4	torch-2.14.0+cu130
torch-compile-ro	stable	2	36	1482.5	4	torch-2.14.0+cu130
torch-compile-ro	stable	2	37	1473.9	4	torch-2.14.0+cu130
torch-compile-ro	stable	2	38	1488.9	4	torch-2.14.0+cu130
torch-compile-ro	stable	2	39	1472.2	4	torch-2.14.0+cu130
torch-compile-ro	stable	2	40	1494.2	4	torch-2.14.0+cu130
torch-compile-ro	stable	2	41	1470.8	4	torch-2.14.0+cu130
torch-compile-ro	stable	2	42	1492.0	4	torch-2.14.0+cu130
torch-compile-ro	stable	2	43	1450.8	4	torch-2.14.0+cu130
torch-compile-ro	stable	2	44	1563.5	4	torch-2.14.0+cu130
torch-compile-ro	stable	2	45	1493.5	4	torch-2.14.0+cu130
torch-compile-ro	stable	2	46	1477.7	4	torch-2.14.0+cu130
torch-compile-ro	stable	2	47	1471.0	4	torch-2.14.0+cu130
torch-compile-ro	stable	2	48	1470.8	4	torch-2.14.0+cu130
torch-compile-ro	stable	2	49	1577.4	4	torch-2.14.0+cu130
torch-compile-ro	stable	2	50	1520.4	4	torch-2.14.0+cu130
torch-compile-ro	stable	2	51	1449.6	4	torch-2.14.0+cu130
torch-compile-ro	stable	2	52	1479.1	4	torch-2.14.0+cu130
torch-compile-ro	stable	2	53	1467.2	4	torch-2.14.0+cu130
torch-compile-ro	stable	2	54	1478.9	4	torch-2.14.0+cu130
torch-compile-ro	stable	2	55	1455.8	4	torch-2.14.0+cu130
torch-compile-ro	stable	2	56	1446.7	4	torch-2.14.0+cu130
torch-compile-ro	stable	2	57	1452.9	4	torch-2.14.0+cu130
torch-compile-ro	stable	2	58	1455.5	4	torch-2.14.0+cu130
torch-compile-ro	stable	2	59	1438.4	4	torch-2.14.0+cu130
torch-compile-ro	stable	2	60	1450.8	4	torch-2.14.0+cu130
torch-compile-ro	stable	2	61	1440.3	4	torch-2.14.0+cu130
torch-compile-ro	stable	2	62	1435.0	4	torch-2.14.0+cu130
torch-compile-ro	stable	2	63	1465.6	4	torch-2.14.0+cu130
torch-compile-ro	stable	2	64	1437.9	4	torch-2.14.0+cu130
torch-compile-ro	stable	2	65	1439.6	4	torch-2.14.0+cu130
torch-compile-ro	stable	2	66	1449.1	4	torch-2.14.0+cu130
torch-compile-ro	stable	2	67	1476.0	4	torch-2.14.0+cu130
torch-compile-ro	stable	2	68	1449.6	4	torch-2.14.0+cu130
torch-compile-ro	stable	2	69	1442.9	4	torch-2.14.0+cu130
torch-compile-ro	stable	2	70	1480.3	4	torch-2.14.0+cu130
torch-compile-ro	stable	2	71	1484.2	4	torch-2.14.0+cu130
torch-compile-ro	stable	2	72	1465.8	4	torch-2.14.0+cu130
torch-compile-ro	stable	2	73	1470.8	4	torch-2.14.0+cu130
torch-compile-ro	stable	2	74	1455.3	4	torch-2.14.0+cu130
torch-compile-ro	stable	2	75	1450.5	4	torch-2.14.0+cu130
torch-compile-ro	stable	2	76	1484.6	4	torch-2.14.0+cu130
torch-compile-ro	stable	2	77	1459.1	4	torch-2.14.0+cu130
torch-compile-ro	stable	2	78	1446.5	4	torch-2.14.0+cu130
torch-compile-ro	stable	2	79	1455.8	4	torch-2.14.0+cu130
torch-compile-ro	stable	2	80	1461.3	4	torch-2.14.0+cu130
torch-compile-ro	stable	2	81	1437.7	4	torch-2.14.0+cu130
torch-compile-ro	stable	2	82	1560.0	4	torch-2.14.0+cu130
torch-compile-ro	stable	2	83	1500.1	4	torch-2.14.0+cu130
torch-compile-ro	stable	2	84	1462.5	4	torch-2.14.0+cu130
torch-compile-ro	stable	2	85	1443.4	4	torch-2.14.0+cu130
torch-compile-ro	stable	2	86	1486.1	4	torch-2.14.0+cu130
torch-compile-ro	stable	2	87	1456.3	4	torch-2.14.0+cu130
torch-compile-ro	stable	2	88	1450.1	4	torch-2.14.0+cu130
torch-compile-ro	stable	2	89	1485.1	4	torch-2.14.0+cu130
torch-compile-ro	stable	2	90	1459.6	4	torch-2.14.0+cu130
torch-compile-ro	stable	2	91	1462.9	4	torch-2.14.0+cu130
torch-compile-ro	stable	2	92	1454.6	4	torch-2.14.0+cu130
torch-compile-ro	stable	2	93	1451.5	4	torch-2.14.0+cu130
torch-compile-ro	stable	2	94	1443.1	4	torch-2.14.0+cu130
torch-compile-ro	stable	2	95	1481.3	4	torch-2.14.0+cu130
torch-compile-ro	stable	2	96	1482.0	4	torch-2.14.0+cu130
torch-compile-ro	stable	2	97	1417.2	4	torch-2.14.0+cu130
torch-compile-ro	stable	2	98	1437.2	4	torch-2.14.0+cu130
torch-compile-ro	stable	2	99	1449.1	4	torch-2.14.0+cu130
torch-compile-ro	stable	2	100	1446.0	4	torch-2.14.0+cu130
torch-compile-ro	stable	2	101	1445.3	4	torch-2.14.0+cu130
torch-compile-ro	stable	2	102	1447.9	4	torch-2.14.0+cu130
torch-compile-ro	stable	2	103	1441.0	4	torch-2.14.0+cu130
torch-compile-ro	stable	2	104	1459.6	4	torch-2.14.0+cu130
torch-compile-ro	stable	2	105	1427.4	4	torch-2.14.0+cu130
torch-compile-ro	stable	2	106	1474.4	4	torch-2.14.0+cu130
torch-compile-ro	stable	2	107	1449.6	4	torch-2.14.0+cu130
torch-compile-ro	stable	2	108	1450.1	4	torch-2.14.0+cu130
torch-compile-ro	stable	2	109	1457.2	4	torch-2.14.0+cu130
torch-compile-ro	stable	2	110	1465.1	4	torch-2.14.0+cu130
torch-compile-ro	stable	2	111	1446.5	4	torch-2.14.0+cu130
torch-compile-ro	stable	2	112	1444.3	4	torch-2.14.0+cu130
torch-compile-ro	stable	2	113	1443.9	4	torch-2.14.0+cu130
torch-compile-ro	stable	2	114	1459.4	4	torch-2.14.0+cu130
torch-compile-ro	stable	2	115	1453.2	4	torch-2.14.0+cu130
torch-compile-ro	stable	2	116	1439.3	4	torch-2.14.0+cu130
torch-compile-ro	stable	2	117	1469.9	4	torch-2.14.0+cu130
torch-compile-ro	stable	2	118	1493.7	4	torch-2.14.0+cu130
torch-compile-ro	stable	2	119	1485.6	4	torch-2.14.0+cu130
torch-compile-ro	stable	2	120	1460.8	4	torch-2.14.0+cu130
torch-compile-ro	stable	2	121	1456.0	4	torch-2.14.0+cu130
torch-compile-ro	stable	2	122	1452.7	4	torch-2.14.0+cu130
torch-compile-ro	stable	2	123	1435.0	4	torch-2.14.0+cu130
torch-compile-ro	stable	2	124	1455.5	4	torch-2.14.0+cu130
torch-compile-ro	stable	2	125	1435.0	4	torch-2.14.0+cu130
torch-compile-ro	stable	2	126	1458.6	4	torch-2.14.0+cu130
torch-compile-ro	stable	2	127	1464.4	4	torch-2.14.0+cu130
torch-compile-ro	stable	2	128	1450.3	4	torch-2.14.0+cu130
torch-compile-ro	stable	2	129	1447.9	4	torch-2.14.0+cu130
torch-compile-ro	stable	2	130	1434.6	4	torch-2.14.0+cu130
torch-compile-ro	stable	2	131	1452.2	4	torch-2.14.0+cu130
torch-compile-ro	stable	2	132	1440.3	4	torch-2.14.0+cu130
torch-compile-ro	stable	2	133	1442.9	4	torch-2.14.0+cu130
torch-compile-ro	stable	2	134	1450.3	4	torch-2.14.0+cu130
torch-compile-ro	stable	2	135	1454.6	4	torch-2.14.0+cu130
torch-compile-ro	stable	2	136	1454.4	4	torch-2.14.0+cu130
torch-compile-ro	stable	2	137	1449.8	4	torch-2.14.0+cu130
torch-compile-ro	stable	2	138	1482.5	4	torch-2.14.0+cu130
torch-compile-ro	stable	2	139	1449.3	4	torch-2.14.0+cu130
torch-compile-ro	stable	2	140	1428.1	4	torch-2.14.0+cu130
torch-compile-ro	stable	2	141	1454.6	4	torch-2.14.0+cu130
torch-compile-ro	stable	2	142	1452.4	4	torch-2.14.0+cu130
torch-compile-ro	stable	2	143	1457.5	4	torch-2.14.0+cu130
torch-compile-ro	stable	2	144	1485.3	4	torch-2.14.0+cu130
torch-compile-ro	stable	2	145	1461.0	4	torch-2.14.0+cu130
torch-compile-ro	stable	2	146	1450.1	4	torch-2.14.0+cu130
torch-compile-ro	stable	2	147	1441.5	4	torch-2.14.0+cu130
torch-compile-ro	stable	2	148	1480.8	4	torch-2.14.0+cu130
torch-compile-ro	stable	2	149	1461.5	4	torch-2.14.0+cu130
torch-compile-ro	stable	2	150	1456.0	4	torch-2.14.0+cu130
torch-compile-ro	stable	2	151	1464.1	4	torch-2.14.0+cu130
torch-compile-ro	stable	2	152	1483.4	4	torch-2.14.0+cu130
torch-compile-ro	stable	2	153	1438.1	4	torch-2.14.0+cu130
torch-compile-ro	stable	2	154	1445.8	4	torch-2.14.0+cu130
torch-compile-ro	stable	2	155	1449.8	4	torch-2.14.0+cu130
torch-compile-ro	stable	2	156	1461.7	4	torch-2.14.0+cu130
torch-compile-ro	stable	2	157	1458.2	4	torch-2.14.0+cu130
torch-compile-ro	stable	2	158	1445.3	4	torch-2.14.0+cu130
torch-compile-ro	stable	2	159	1442.0	4	torch-2.14.0+cu130
torch-compile-ro	stable	2	160	1448.2	4	torch-2.14.0+cu130
torch-compile-ro	stable	2	161	1452.2	4	torch-2.14.0+cu130
torch-compile-ro	stable	2	162	1450.5	4	torch-2.14.0+cu130
torch-compile-ro	stable	2	163	1472.0	4	torch-2.14.0+cu130
torch-compile-ro	stable	2	164	1449.6	4	torch-2.14.0+cu130
torch-compile-ro	stable	2	165	1442.7	4	torch-2.14.0+cu130
torch-compile-ro	stable	2	166	1439.3	4	torch-2.14.0+cu130
torch-compile-ro	stable	2	167	1493.5	4	torch-2.14.0+cu130
torch-compile-ro	stable	2	168	1439.3	4	torch-2.14.0+cu130
torch-compile-ro	stable	2	169	1446.5	4	torch-2.14.0+cu130
torch-compile-ro	stable	2	170	1465.3	4	torch-2.14.0+cu130
torch-compile-ro	stable	2	171	1442.0	4	torch-2.14.0+cu130
torch-compile-ro	stable	2	172	1467.7	4	torch-2.14.0+cu130
torch-compile-ro	stable	2	173	1465.8	4	torch-2.14.0+cu130
torch-compile-ro	stable	2	174	1457.5	4	torch-2.14.0+cu130
torch-compile-ro	stable	2	175	1450.8	4	torch-2.14.0+cu130
torch-compile-ro	stable	2	176	1501.8	4	torch-2.14.0+cu130
torch-compile-ro	stable	2	177	1469.4	4	torch-2.14.0+cu130
torch-compile-ro	stable	2	178	1455.8	4	torch-2.14.0+cu130
torch-compile-ro	stable	2	179	1435.8	4	torch-2.14.0+cu130
torch-compile-ro	stable	2	180	1446.5	4	torch-2.14.0+cu130
torch-compile-ro	stable	2	181	1460.6	4	torch-2.14.0+cu130
torch-compile-ro	stable	2	182	1476.8	4	torch-2.14.0+cu130
torch-compile-ro	stable	2	183	1449.8	4	torch-2.14.0+cu130
torch-compile-ro	stable	2	184	1453.2	4	torch-2.14.0+cu130
torch-compile-ro	stable	2	185	1444.1	4	torch-2.14.0+cu130
torch-compile-ro	stable	2	186	1480.1	4	torch-2.14.0+cu130
torch-compile-ro	stable	2	187	1474.6	4	torch-2.14.0+cu130
torch-compile-ro	stable	2	188	1450.5	4	torch-2.14.0+cu130
torch-compile-ro	stable	2	189	1455.5	4	torch-2.14.0+cu130
torch-compile-ro	stable	2	190	1460.3	4	torch-2.14.0+cu130
torch-compile-ro	stable	2	191	1455.1	4	torch-2.14.0+cu130
torch-compile-ro	stable	2	192	1468.9	4	torch-2.14.0+cu130
torch-compile-ro	stable	2	193	1432.4	4	torch-2.14.0+cu130
torch-compile-ro	stable	2	194	1437.7	4	torch-2.14.0+cu130
torch-compile-ro	stable	2	195	1500.6	4	torch-2.14.0+cu130
torch-compile-ro	stable	2	196	1453.6	4	torch-2.14.0+cu130
torch-compile-ro	stable	2	197	1459.4	4	torch-2.14.0+cu130
torch-compile-ro	stable	2	198	1423.6	4	torch-2.14.0+cu130
torch-compile-ro	stable	2	199	1433.4	4	torch-2.14.0+cu130
torch-compile-mat	stable	2	0	967753.4	4	torch-2.14.0+cu130
torch-compile-mat	stable	2	1	63185.9	4	torch-2.14.0+cu130
torch-compile-mat	stable	2	2	1943.6	4	torch-2.14.0+cu130
torch-compile-mat	stable	2	3	1698.0	4	torch-2.14.0+cu130
torch-compile-mat	stable	2	4	1615.3	4	torch-2.14.0+cu130
torch-compile-mat	stable	2	5	1664.4	4	torch-2.14.0+cu130
torch-compile-mat	stable	2	6	1638.2	4	torch-2.14.0+cu130
torch-compile-mat	stable	2	7	1639.8	4	torch-2.14.0+cu130
torch-compile-mat	stable	2	8	1683.7	4	torch-2.14.0+cu130
torch-compile-mat	stable	2	9	1481.8	4	torch-2.14.0+cu130
torch-compile-mat	stable	2	10	1584.3	4	torch-2.14.0+cu130
torch-compile-mat	stable	2	11	1627.2	4	torch-2.14.0+cu130
torch-compile-mat	stable	2	12	1601.7	4	torch-2.14.0+cu130
torch-compile-mat	stable	2	13	1611.5	4	torch-2.14.0+cu130
torch-compile-mat	stable	2	14	1616.5	4	torch-2.14.0+cu130
torch-compile-mat	stable	2	15	1626.5	4	torch-2.14.0+cu130
torch-compile-mat	stable	2	16	1522.5	4	torch-2.14.0+cu130
torch-compile-mat	stable	2	17	1477.0	4	torch-2.14.0+cu130
torch-compile-mat	stable	2	18	1556.6	4	torch-2.14.0+cu130
torch-compile-mat	stable	2	19	1514.0	4	torch-2.14.0+cu130
torch-compile-mat	stable	2	20	1554.3	4	torch-2.14.0+cu130
torch-compile-mat	stable	2	21	1502.8	4	torch-2.14.0+cu130
torch-compile-mat	stable	2	22	1547.1	4	torch-2.14.0+cu130
torch-compile-mat	stable	2	23	1544.7	4	torch-2.14.0+cu130
torch-compile-mat	stable	2	24	1533.3	4	torch-2.14.0+cu130
torch-compile-mat	stable	2	25	1510.6	4	torch-2.14.0+cu130
torch-compile-mat	stable	2	26	1591.7	4	torch-2.14.0+cu130
torch-compile-mat	stable	2	27	1612.2	4	torch-2.14.0+cu130
torch-compile-mat	stable	2	28	1620.1	4	torch-2.14.0+cu130
torch-compile-mat	stable	2	29	1582.1	4	torch-2.14.0+cu130
torch-compile-mat	stable	2	30	1525.2	4	torch-2.14.0+cu130
torch-compile-mat	stable	2	31	1553.5	4	torch-2.14.0+cu130
torch-compile-mat	stable	2	32	1483.9	4	torch-2.14.0+cu130
torch-compile-mat	stable	2	33	1499.4	4	torch-2.14.0+cu130
torch-compile-mat	stable	2	34	1563.5	4	torch-2.14.0+cu130
torch-compile-mat	stable	2	35	1510.1	4	torch-2.14.0+cu130
torch-compile-mat	stable	2	36	1534.9	4	torch-2.14.0+cu130
torch-compile-mat	stable	2	37	1533.3	4	torch-2.14.0+cu130
torch-compile-mat	stable	2	38	1523.3	4	torch-2.14.0+cu130
torch-compile-mat	stable	2	39	1553.1	4	torch-2.14.0+cu130
torch-compile-mat	stable	2	40	1482.0	4	torch-2.14.0+cu130
torch-compile-mat	stable	2	41	1488.9	4	torch-2.14.0+cu130
torch-compile-mat	stable	2	42	1471.8	4	torch-2.14.0+cu130
torch-compile-mat	stable	2	43	1498.2	4	torch-2.14.0+cu130
torch-compile-mat	stable	2	44	1571.2	4	torch-2.14.0+cu130
torch-compile-mat	stable	2	45	1518.7	4	torch-2.14.0+cu130
torch-compile-mat	stable	2	46	1580.0	4	torch-2.14.0+cu130
torch-compile-mat	stable	2	47	1608.8	4	torch-2.14.0+cu130
torch-compile-mat	stable	2	48	1532.1	4	torch-2.14.0+cu130
torch-compile-mat	stable	2	49	1539.7	4	torch-2.14.0+cu130
torch-compile-mat	stable	2	50	1524.4	4	torch-2.14.0+cu130
torch-compile-mat	stable	2	51	1460.3	4	torch-2.14.0+cu130
torch-compile-mat	stable	2	52	1577.4	4	torch-2.14.0+cu130
torch-compile-mat	stable	2	53	1558.1	4	torch-2.14.0+cu130
torch-compile-mat	stable	2	54	1520.4	4	torch-2.14.0+cu130
torch-compile-mat	stable	2	55	1561.6	4	torch-2.14.0+cu130
torch-compile-mat	stable	2	56	1601.5	4	torch-2.14.0+cu130
torch-compile-mat	stable	2	57	1574.0	4	torch-2.14.0+cu130
torch-compile-mat	stable	2	58	1578.6	4	torch-2.14.0+cu130
torch-compile-mat	stable	2	59	1610.8	4	torch-2.14.0+cu130
torch-compile-mat	stable	2	60	1588.1	4	torch-2.14.0+cu130
torch-compile-mat	stable	2	61	1579.0	4	torch-2.14.0+cu130
torch-compile-mat	stable	2	62	1556.4	4	torch-2.14.0+cu130
torch-compile-mat	stable	2	63	1585.2	4	torch-2.14.0+cu130
torch-compile-mat	stable	2	64	1599.6	4	torch-2.14.0+cu130
torch-compile-mat	stable	2	65	1585.2	4	torch-2.14.0+cu130
torch-compile-mat	stable	2	66	1464.8	4	torch-2.14.0+cu130
torch-compile-mat	stable	2	67	1411.2	4	torch-2.14.0+cu130
torch-compile-mat	stable	2	68	1382.4	4	torch-2.14.0+cu130
torch-compile-mat	stable	2	69	1352.8	4	torch-2.14.0+cu130
torch-compile-mat	stable	2	70	1334.2	4	torch-2.14.0+cu130
torch-compile-mat	stable	2	71	1547.6	4	torch-2.14.0+cu130
torch-compile-mat	stable	2	72	1564.3	4	torch-2.14.0+cu130
torch-compile-mat	stable	2	73	1570.0	4	torch-2.14.0+cu130
torch-compile-mat	stable	2	74	1498.9	4	torch-2.14.0+cu130
torch-compile-mat	stable	2	75	1505.1	4	torch-2.14.0+cu130
torch-compile-mat	stable	2	76	1429.8	4	torch-2.14.0+cu130
torch-compile-mat	stable	2	77	1550.4	4	torch-2.14.0+cu130
torch-compile-mat	stable	2	78	1561.2	4	torch-2.14.0+cu130
torch-compile-mat	stable	2	79	1572.4	4	torch-2.14.0+cu130
torch-compile-mat	stable	2	80	1585.5	4	torch-2.14.0+cu130
torch-compile-mat	stable	2	81	1539.5	4	torch-2.14.0+cu130
torch-compile-mat	stable	2	82	1629.6	4	torch-2.14.0+cu130
torch-compile-mat	stable	2	83	1579.5	4	torch-2.14.0+cu130
torch-compile-mat	stable	2	84	1609.6	4	torch-2.14.0+cu130
torch-compile-mat	stable	2	85	1581.9	4	torch-2.14.0+cu130
torch-compile-mat	stable	2	86	1557.1	4	torch-2.14.0+cu130
torch-compile-mat	stable	2	87	1584.1	4	torch-2.14.0+cu130
torch-compile-mat	stable	2	88	1531.6	4	torch-2.14.0+cu130
torch-compile-mat	stable	2	89	1563.5	4	torch-2.14.0+cu130
torch-compile-mat	stable	2	90	1545.0	4	torch-2.14.0+cu130
torch-compile-mat	stable	2	91	1496.3	4	torch-2.14.0+cu130
torch-compile-mat	stable	2	92	1529.0	4	torch-2.14.0+cu130
torch-compile-mat	stable	2	93	1520.6	4	torch-2.14.0+cu130
torch-compile-mat	stable	2	94	1514.9	4	torch-2.14.0+cu130
torch-compile-mat	stable	2	95	1524.4	4	torch-2.14.0+cu130
torch-compile-mat	stable	2	96	1574.5	4	torch-2.14.0+cu130
torch-compile-mat	stable	2	97	1588.6	4	torch-2.14.0+cu130
torch-compile-mat	stable	2	98	1532.1	4	torch-2.14.0+cu130
torch-compile-mat	stable	2	99	1555.2	4	torch-2.14.0+cu130
torch-compile-mat	stable	2	100	1550.7	4	torch-2.14.0+cu130
torch-compile-mat	stable	2	101	1529.0	4	torch-2.14.0+cu130
torch-compile-mat	stable	2	102	1577.4	4	torch-2.14.0+cu130
torch-compile-mat	stable	2	103	1600.7	4	torch-2.14.0+cu130
torch-compile-mat	stable	2	104	1591.0	4	torch-2.14.0+cu130
torch-compile-mat	stable	2	105	1490.6	4	torch-2.14.0+cu130
torch-compile-mat	stable	2	106	1494.4	4	torch-2.14.0+cu130
torch-compile-mat	stable	2	107	1574.3	4	torch-2.14.0+cu130
torch-compile-mat	stable	2	108	1595.7	4	torch-2.14.0+cu130
torch-compile-mat	stable	2	109	1602.6	4	torch-2.14.0+cu130
torch-compile-mat	stable	2	110	1519.4	4	torch-2.14.0+cu130
torch-compile-mat	stable	2	111	1591.4	4	torch-2.14.0+cu130
torch-compile-mat	stable	2	112	1572.8	4	torch-2.14.0+cu130
torch-compile-mat	stable	2	113	1582.9	4	torch-2.14.0+cu130
torch-compile-mat	stable	2	114	1548.8	4	torch-2.14.0+cu130
torch-compile-mat	stable	2	115	1560.0	4	torch-2.14.0+cu130
torch-compile-mat	stable	2	116	1535.7	4	torch-2.14.0+cu130
torch-compile-mat	stable	2	117	1543.5	4	torch-2.14.0+cu130
torch-compile-mat	stable	2	118	1529.5	4	torch-2.14.0+cu130
torch-compile-mat	stable	2	119	1512.8	4	torch-2.14.0+cu130
torch-compile-mat	stable	2	120	1533.0	4	torch-2.14.0+cu130
torch-compile-mat	stable	2	121	1524.4	4	torch-2.14.0+cu130
torch-compile-mat	stable	2	122	1565.5	4	torch-2.14.0+cu130
torch-compile-mat	stable	2	123	1544.2	4	torch-2.14.0+cu130
torch-compile-mat	stable	2	124	1531.1	4	torch-2.14.0+cu130
torch-compile-mat	stable	2	125	1529.0	4	torch-2.14.0+cu130
torch-compile-mat	stable	2	126	1576.2	4	torch-2.14.0+cu130
torch-compile-mat	stable	2	127	1565.7	4	torch-2.14.0+cu130
torch-compile-mat	stable	2	128	1567.4	4	torch-2.14.0+cu130
torch-compile-mat	stable	2	129	1540.7	4	torch-2.14.0+cu130
torch-compile-mat	stable	2	130	1563.3	4	torch-2.14.0+cu130
torch-compile-mat	stable	2	131	1567.4	4	torch-2.14.0+cu130
torch-compile-mat	stable	2	132	1481.1	4	torch-2.14.0+cu130
torch-compile-mat	stable	2	133	1550.7	4	torch-2.14.0+cu130
torch-compile-mat	stable	2	134	1562.1	4	torch-2.14.0+cu130
torch-compile-mat	stable	2	135	1560.9	4	torch-2.14.0+cu130
torch-compile-mat	stable	2	136	1601.7	4	torch-2.14.0+cu130
torch-compile-mat	stable	2	137	1555.7	4	torch-2.14.0+cu130
torch-compile-mat	stable	2	138	1535.2	4	torch-2.14.0+cu130
torch-compile-mat	stable	2	139	1585.7	4	torch-2.14.0+cu130
torch-compile-mat	stable	2	140	1563.8	4	torch-2.14.0+cu130
torch-compile-mat	stable	2	141	1541.6	4	torch-2.14.0+cu130
torch-compile-mat	stable	2	142	1537.8	4	torch-2.14.0+cu130
torch-compile-mat	stable	2	143	1590.5	4	torch-2.14.0+cu130
torch-compile-mat	stable	2	144	1542.6	4	torch-2.14.0+cu130
torch-compile-mat	stable	2	145	1558.1	4	torch-2.14.0+cu130
torch-compile-mat	stable	2	146	1544.2	4	torch-2.14.0+cu130
torch-compile-mat	stable	2	147	1576.2	4	torch-2.14.0+cu130
torch-compile-mat	stable	2	148	1541.4	4	torch-2.14.0+cu130
torch-compile-mat	stable	2	149	1564.0	4	torch-2.14.0+cu130
torch-compile-mat	stable	2	150	1522.3	4	torch-2.14.0+cu130
torch-compile-mat	stable	2	151	1514.9	4	torch-2.14.0+cu130
torch-compile-mat	stable	2	152	1509.7	4	torch-2.14.0+cu130
torch-compile-mat	stable	2	153	1519.9	4	torch-2.14.0+cu130
torch-compile-mat	stable	2	154	1580.2	4	torch-2.14.0+cu130
torch-compile-mat	stable	2	155	1519.9	4	torch-2.14.0+cu130
torch-compile-mat	stable	2	156	1523.3	4	torch-2.14.0+cu130
torch-compile-mat	stable	2	157	1519.0	4	torch-2.14.0+cu130
torch-compile-mat	stable	2	158	1561.6	4	torch-2.14.0+cu130
torch-compile-mat	stable	2	159	1547.6	4	torch-2.14.0+cu130
torch-compile-mat	stable	2	160	1539.0	4	torch-2.14.0+cu130
torch-compile-mat	stable	2	161	1600.3	4	torch-2.14.0+cu130
torch-compile-mat	stable	2	162	1539.5	4	torch-2.14.0+cu130
torch-compile-mat	stable	2	163	1566.6	4	torch-2.14.0+cu130
torch-compile-mat	stable	2	164	1545.4	4	torch-2.14.0+cu130
torch-compile-mat	stable	2	165	1535.4	4	torch-2.14.0+cu130
torch-compile-mat	stable	2	166	1536.8	4	torch-2.14.0+cu130
torch-compile-mat	stable	2	167	1587.4	4	torch-2.14.0+cu130
torch-compile-mat	stable	2	168	1526.4	4	torch-2.14.0+cu130
torch-compile-mat	stable	2	169	1524.9	4	torch-2.14.0+cu130
torch-compile-mat	stable	2	170	1562.8	4	torch-2.14.0+cu130
torch-compile-mat	stable	2	171	1531.1	4	torch-2.14.0+cu130
torch-compile-mat	stable	2	172	1548.5	4	torch-2.14.0+cu130
torch-compile-mat	stable	2	173	1533.7	4	torch-2.14.0+cu130
torch-compile-mat	stable	2	174	1526.1	4	torch-2.14.0+cu130
torch-compile-mat	stable	2	175	1495.8	4	torch-2.14.0+cu130
torch-compile-mat	stable	2	176	1530.6	4	torch-2.14.0+cu130
torch-compile-mat	stable	2	177	1510.4	4	torch-2.14.0+cu130
torch-compile-mat	stable	2	178	1480.8	4	torch-2.14.0+cu130
torch-compile-mat	stable	2	179	1524.2	4	torch-2.14.0+cu130
torch-compile-mat	stable	2	180	1484.9	4	torch-2.14.0+cu130
torch-compile-mat	stable	2	181	1516.8	4	torch-2.14.0+cu130
torch-compile-mat	stable	2	182	1508.2	4	torch-2.14.0+cu130
torch-compile-mat	stable	2	183	1513.5	4	torch-2.14.0+cu130
torch-compile-mat	stable	2	184	1497.7	4	torch-2.14.0+cu130
torch-compile-mat	stable	2	185	1470.8	4	torch-2.14.0+cu130
torch-compile-mat	stable	2	186	1493.2	4	torch-2.14.0+cu130
torch-compile-mat	stable	2	187	1477.5	4	torch-2.14.0+cu130
torch-compile-mat	stable	2	188	1487.7	4	torch-2.14.0+cu130
torch-compile-mat	stable	2	189	1502.5	4	torch-2.14.0+cu130
torch-compile-mat	stable	2	190	1504.9	4	torch-2.14.0+cu130
torch-compile-mat	stable	2	191	1439.6	4	torch-2.14.0+cu130
torch-compile-mat	stable	2	192	1432.7	4	torch-2.14.0+cu130
torch-compile-mat	stable	2	193	1492.0	4	torch-2.14.0+cu130
torch-compile-mat	stable	2	194	1498.5	4	torch-2.14.0+cu130
torch-compile-mat	stable	2	195	1439.8	4	torch-2.14.0+cu130
torch-compile-mat	stable	2	196	1528.7	4	torch-2.14.0+cu130
torch-compile-mat	stable	2	197	1445.5	4	torch-2.14.0+cu130
torch-compile-mat	stable	2	198	1486.1	4	torch-2.14.0+cu130
torch-compile-mat	stable	2	199	1517.3	4	torch-2.14.0+cu130
jax-perlayer	stable	2	0	12563807.5	4	jax-0.11.1
jax-perlayer	stable	2	1	2365.8	4	jax-0.11.1
jax-perlayer	stable	2	2	2015.6	4	jax-0.11.1
jax-perlayer	stable	2	3	1883.7	4	jax-0.11.1
jax-perlayer	stable	2	4	1910.4	4	jax-0.11.1
jax-perlayer	stable	2	5	1917.6	4	jax-0.11.1
jax-perlayer	stable	2	6	1892.3	4	jax-0.11.1
jax-perlayer	stable	2	7	1879.2	4	jax-0.11.1
jax-perlayer	stable	2	8	1894.5	4	jax-0.11.1
jax-perlayer	stable	2	9	1833.4	4	jax-0.11.1
jax-perlayer	stable	2	10	1862.8	4	jax-0.11.1
jax-perlayer	stable	2	11	1839.6	4	jax-0.11.1
jax-perlayer	stable	2	12	1809.8	4	jax-0.11.1
jax-perlayer	stable	2	13	1812.5	4	jax-0.11.1
jax-perlayer	stable	2	14	1809.4	4	jax-0.11.1
jax-perlayer	stable	2	15	1820.3	4	jax-0.11.1
jax-perlayer	stable	2	16	1828.4	4	jax-0.11.1
jax-perlayer	stable	2	17	1819.4	4	jax-0.11.1
jax-perlayer	stable	2	18	1840.1	4	jax-0.11.1
jax-perlayer	stable	2	19	1808.6	4	jax-0.11.1
jax-perlayer	stable	2	20	1812.5	4	jax-0.11.1
jax-perlayer	stable	2	21	1819.6	4	jax-0.11.1
jax-perlayer	stable	2	22	1822.7	4	jax-0.11.1
jax-perlayer	stable	2	23	1808.4	4	jax-0.11.1
jax-perlayer	stable	2	24	1794.1	4	jax-0.11.1
jax-perlayer	stable	2	25	1773.1	4	jax-0.11.1
jax-perlayer	stable	2	26	1824.1	4	jax-0.11.1
jax-perlayer	stable	2	27	1807.2	4	jax-0.11.1
jax-perlayer	stable	2	28	1822.0	4	jax-0.11.1
jax-perlayer	stable	2	29	1802.2	4	jax-0.11.1
jax-perlayer	stable	2	30	1787.2	4	jax-0.11.1
jax-perlayer	stable	2	31	1817.0	4	jax-0.11.1
jax-perlayer	stable	2	32	1662.5	4	jax-0.11.1
jax-perlayer	stable	2	33	1674.9	4	jax-0.11.1
jax-perlayer	stable	2	34	1595.7	4	jax-0.11.1
jax-perlayer	stable	2	35	1622.7	4	jax-0.11.1
jax-perlayer	stable	2	36	1621.0	4	jax-0.11.1
jax-perlayer	stable	2	37	1642.0	4	jax-0.11.1
jax-perlayer	stable	2	38	1647.7	4	jax-0.11.1
jax-perlayer	stable	2	39	1622.9	4	jax-0.11.1
jax-perlayer	stable	2	40	1614.8	4	jax-0.11.1
jax-perlayer	stable	2	41	1652.5	4	jax-0.11.1
jax-perlayer	stable	2	42	1628.2	4	jax-0.11.1
jax-perlayer	stable	2	43	1638.2	4	jax-0.11.1
jax-perlayer	stable	2	44	1647.0	4	jax-0.11.1
jax-perlayer	stable	2	45	1646.0	4	jax-0.11.1
jax-perlayer	stable	2	46	1655.6	4	jax-0.11.1
jax-perlayer	stable	2	47	1634.4	4	jax-0.11.1
jax-perlayer	stable	2	48	1650.6	4	jax-0.11.1
jax-perlayer	stable	2	49	1627.9	4	jax-0.11.1
jax-perlayer	stable	2	50	1626.0	4	jax-0.11.1
jax-perlayer	stable	2	51	1631.7	4	jax-0.11.1
jax-perlayer	stable	2	52	1646.3	4	jax-0.11.1
jax-perlayer	stable	2	53	1627.7	4	jax-0.11.1
jax-perlayer	stable	2	54	1661.8	4	jax-0.11.1
jax-perlayer	stable	2	55	1675.6	4	jax-0.11.1
jax-perlayer	stable	2	56	1618.6	4	jax-0.11.1
jax-perlayer	stable	2	57	1627.9	4	jax-0.11.1
jax-perlayer	stable	2	58	1644.6	4	jax-0.11.1
jax-perlayer	stable	2	59	1616.5	4	jax-0.11.1
jax-perlayer	stable	2	60	1625.5	4	jax-0.11.1
jax-perlayer	stable	2	61	1623.4	4	jax-0.11.1
jax-perlayer	stable	2	62	1644.6	4	jax-0.11.1
jax-perlayer	stable	2	63	1629.8	4	jax-0.11.1
jax-perlayer	stable	2	64	1638.4	4	jax-0.11.1
jax-perlayer	stable	2	65	1615.3	4	jax-0.11.1
jax-perlayer	stable	2	66	1660.3	4	jax-0.11.1
jax-perlayer	stable	2	67	1631.0	4	jax-0.11.1
jax-perlayer	stable	2	68	1602.6	4	jax-0.11.1
jax-perlayer	stable	2	69	1621.5	4	jax-0.11.1
jax-perlayer	stable	2	70	1633.4	4	jax-0.11.1
jax-perlayer	stable	2	71	1632.0	4	jax-0.11.1
jax-perlayer	stable	2	72	1600.0	4	jax-0.11.1
jax-perlayer	stable	2	73	1608.4	4	jax-0.11.1
jax-perlayer	stable	2	74	1648.7	4	jax-0.11.1
jax-perlayer	stable	2	75	1636.3	4	jax-0.11.1
jax-perlayer	stable	2	76	1627.9	4	jax-0.11.1
jax-perlayer	stable	2	77	1646.3	4	jax-0.11.1
jax-perlayer	stable	2	78	1620.5	4	jax-0.11.1
jax-perlayer	stable	2	79	1631.5	4	jax-0.11.1
jax-perlayer	stable	2	80	1623.9	4	jax-0.11.1
jax-perlayer	stable	2	81	1641.3	4	jax-0.11.1
jax-perlayer	stable	2	82	1634.8	4	jax-0.11.1
jax-perlayer	stable	2	83	1651.3	4	jax-0.11.1
jax-perlayer	stable	2	84	1713.5	4	jax-0.11.1
jax-perlayer	stable	2	85	1634.4	4	jax-0.11.1
jax-perlayer	stable	2	86	1631.5	4	jax-0.11.1
jax-perlayer	stable	2	87	1634.1	4	jax-0.11.1
jax-perlayer	stable	2	88	1632.7	4	jax-0.11.1
jax-perlayer	stable	2	89	1636.3	4	jax-0.11.1
jax-perlayer	stable	2	90	1650.3	4	jax-0.11.1
jax-perlayer	stable	2	91	1639.1	4	jax-0.11.1
jax-perlayer	stable	2	92	1597.4	4	jax-0.11.1
jax-perlayer	stable	2	93	1628.6	4	jax-0.11.1
jax-perlayer	stable	2	94	1641.8	4	jax-0.11.1
jax-perlayer	stable	2	95	1645.8	4	jax-0.11.1
jax-perlayer	stable	2	96	1626.3	4	jax-0.11.1
jax-perlayer	stable	2	97	1726.9	4	jax-0.11.1
jax-perlayer	stable	2	98	1640.3	4	jax-0.11.1
jax-perlayer	stable	2	99	1632.0	4	jax-0.11.1
jax-perlayer	stable	2	100	1631.7	4	jax-0.11.1
jax-perlayer	stable	2	101	1634.8	4	jax-0.11.1
jax-perlayer	stable	2	102	1673.7	4	jax-0.11.1
jax-perlayer	stable	2	103	1648.7	4	jax-0.11.1
jax-perlayer	stable	2	104	1648.9	4	jax-0.11.1
jax-perlayer	stable	2	105	1630.3	4	jax-0.11.1
jax-perlayer	stable	2	106	1638.9	4	jax-0.11.1
jax-perlayer	stable	2	107	1689.0	4	jax-0.11.1
jax-perlayer	stable	2	108	1637.0	4	jax-0.11.1
jax-perlayer	stable	2	109	1640.3	4	jax-0.11.1
jax-perlayer	stable	2	110	1604.8	4	jax-0.11.1
jax-perlayer	stable	2	111	1607.9	4	jax-0.11.1
jax-perlayer	stable	2	112	1631.5	4	jax-0.11.1
jax-perlayer	stable	2	113	1627.2	4	jax-0.11.1
jax-perlayer	stable	2	114	1631.3	4	jax-0.11.1
jax-perlayer	stable	2	115	1610.5	4	jax-0.11.1
jax-perlayer	stable	2	116	1638.4	4	jax-0.11.1
jax-perlayer	stable	2	117	1643.2	4	jax-0.11.1
jax-perlayer	stable	2	118	1606.9	4	jax-0.11.1
jax-perlayer	stable	2	119	1640.1	4	jax-0.11.1
jax-perlayer	stable	2	120	1628.6	4	jax-0.11.1
jax-perlayer	stable	2	121	1622.7	4	jax-0.11.1
jax-perlayer	stable	2	122	1621.0	4	jax-0.11.1
jax-perlayer	stable	2	123	1646.5	4	jax-0.11.1
jax-perlayer	stable	2	124	1626.0	4	jax-0.11.1
jax-perlayer	stable	2	125	1626.5	4	jax-0.11.1
jax-perlayer	stable	2	126	1615.0	4	jax-0.11.1
jax-perlayer	stable	2	127	1671.3	4	jax-0.11.1
jax-perlayer	stable	2	128	1655.1	4	jax-0.11.1
jax-perlayer	stable	2	129	1626.3	4	jax-0.11.1
jax-perlayer	stable	2	130	1644.4	4	jax-0.11.1
jax-perlayer	stable	2	131	1629.4	4	jax-0.11.1
jax-perlayer	stable	2	132	1636.0	4	jax-0.11.1
jax-perlayer	stable	2	133	1751.4	4	jax-0.11.1
jax-perlayer	stable	2	134	1633.2	4	jax-0.11.1
jax-perlayer	stable	2	135	1632.7	4	jax-0.11.1
jax-perlayer	stable	2	136	1626.3	4	jax-0.11.1
jax-perlayer	stable	2	137	1622.0	4	jax-0.11.1
jax-perlayer	stable	2	138	1638.7	4	jax-0.11.1
jax-perlayer	stable	2	139	1623.4	4	jax-0.11.1
jax-perlayer	stable	2	140	1823.9	4	jax-0.11.1
jax-perlayer	stable	2	141	1979.1	4	jax-0.11.1
jax-perlayer	stable	2	142	1981.7	4	jax-0.11.1
jax-perlayer	stable	2	143	1934.8	4	jax-0.11.1
jax-perlayer	stable	2	144	1826.5	4	jax-0.11.1
jax-perlayer	stable	2	145	1799.1	4	jax-0.11.1
jax-perlayer	stable	2	146	1805.5	4	jax-0.11.1
jax-perlayer	stable	2	147	1826.5	4	jax-0.11.1
jax-perlayer	stable	2	148	1959.3	4	jax-0.11.1
jax-perlayer	stable	2	149	1963.4	4	jax-0.11.1
jax-perlayer	stable	2	150	1912.8	4	jax-0.11.1
jax-perlayer	stable	2	151	1933.1	4	jax-0.11.1
jax-perlayer	stable	2	152	1741.6	4	jax-0.11.1
jax-perlayer	stable	2	153	1668.7	4	jax-0.11.1
jax-perlayer	stable	2	154	1729.7	4	jax-0.11.1
jax-perlayer	stable	2	155	1731.9	4	jax-0.11.1
jax-perlayer	stable	2	156	1735.4	4	jax-0.11.1
jax-perlayer	stable	2	157	1748.6	4	jax-0.11.1
jax-perlayer	stable	2	158	1699.0	4	jax-0.11.1
jax-perlayer	stable	2	159	1774.8	4	jax-0.11.1
jax-perlayer	stable	2	160	1775.7	4	jax-0.11.1
jax-perlayer	stable	2	161	1659.4	4	jax-0.11.1
jax-perlayer	stable	2	162	1689.7	4	jax-0.11.1
jax-perlayer	stable	2	163	1627.4	4	jax-0.11.1
jax-perlayer	stable	2	164	1654.6	4	jax-0.11.1
jax-perlayer	stable	2	165	1668.9	4	jax-0.11.1
jax-perlayer	stable	2	166	1641.8	4	jax-0.11.1
jax-perlayer	stable	2	167	1649.9	4	jax-0.11.1
jax-perlayer	stable	2	168	1668.2	4	jax-0.11.1
jax-perlayer	stable	2	169	1645.1	4	jax-0.11.1
jax-perlayer	stable	2	170	1706.4	4	jax-0.11.1
jax-perlayer	stable	2	171	1663.2	4	jax-0.11.1
jax-perlayer	stable	2	172	1646.8	4	jax-0.11.1
jax-perlayer	stable	2	173	1618.9	4	jax-0.11.1
jax-perlayer	stable	2	174	1626.3	4	jax-0.11.1
jax-perlayer	stable	2	175	1621.0	4	jax-0.11.1
jax-perlayer	stable	2	176	1637.0	4	jax-0.11.1
jax-perlayer	stable	2	177	1626.7	4	jax-0.11.1
jax-perlayer	stable	2	178	1651.5	4	jax-0.11.1
jax-perlayer	stable	2	179	1625.3	4	jax-0.11.1
jax-perlayer	stable	2	180	1627.7	4	jax-0.11.1
jax-perlayer	stable	2	181	1740.9	4	jax-0.11.1
jax-perlayer	stable	2	182	1724.0	4	jax-0.11.1
jax-perlayer	stable	2	183	1805.8	4	jax-0.11.1
jax-perlayer	stable	2	184	1750.5	4	jax-0.11.1
jax-perlayer	stable	2	185	1809.6	4	jax-0.11.1
jax-perlayer	stable	2	186	1698.3	4	jax-0.11.1
jax-perlayer	stable	2	187	1649.1	4	jax-0.11.1
jax-perlayer	stable	2	188	1725.2	4	jax-0.11.1
jax-perlayer	stable	2	189	1778.1	4	jax-0.11.1
jax-perlayer	stable	2	190	1771.0	4	jax-0.11.1
jax-perlayer	stable	2	191	1804.6	4	jax-0.11.1
jax-perlayer	stable	2	192	1670.6	4	jax-0.11.1
jax-perlayer	stable	2	193	1773.4	4	jax-0.11.1
jax-perlayer	stable	2	194	1849.7	4	jax-0.11.1
jax-perlayer	stable	2	195	1912.4	4	jax-0.11.1
jax-perlayer	stable	2	196	1867.3	4	jax-0.11.1
jax-perlayer	stable	2	197	1734.7	4	jax-0.11.1
jax-perlayer	stable	2	198	1833.7	4	jax-0.11.1
jax-perlayer	stable	2	199	1905.7	4	jax-0.11.1
jax-while	stable	2	0	7872462.0	4	jax-0.11.1
jax-while	stable	2	1	2354.6	4	jax-0.11.1
jax-while	stable	2	2	2014.4	4	jax-0.11.1
jax-while	stable	2	3	1821.3	4	jax-0.11.1
jax-while	stable	2	4	1684.7	4	jax-0.11.1
jax-while	stable	2	5	1660.3	4	jax-0.11.1
jax-while	stable	2	6	1619.3	4	jax-0.11.1
jax-while	stable	2	7	1669.4	4	jax-0.11.1
jax-while	stable	2	8	1698.0	4	jax-0.11.1
jax-while	stable	2	9	1647.9	4	jax-0.11.1
jax-while	stable	2	10	1619.1	4	jax-0.11.1
jax-while	stable	2	11	1576.2	4	jax-0.11.1
jax-while	stable	2	12	1601.9	4	jax-0.11.1
jax-while	stable	2	13	1572.6	4	jax-0.11.1
jax-while	stable	2	14	1554.5	4	jax-0.11.1
jax-while	stable	2	15	1550.4	4	jax-0.11.1
jax-while	stable	2	16	1520.6	4	jax-0.11.1
jax-while	stable	2	17	1513.7	4	jax-0.11.1
jax-while	stable	2	18	1578.1	4	jax-0.11.1
jax-while	stable	2	19	1587.9	4	jax-0.11.1
jax-while	stable	2	20	1527.1	4	jax-0.11.1
jax-while	stable	2	21	1609.6	4	jax-0.11.1
jax-while	stable	2	22	1597.9	4	jax-0.11.1
jax-while	stable	2	23	1574.0	4	jax-0.11.1
jax-while	stable	2	24	1550.7	4	jax-0.11.1
jax-while	stable	2	25	1555.9	4	jax-0.11.1
jax-while	stable	2	26	1527.8	4	jax-0.11.1
jax-while	stable	2	27	1508.0	4	jax-0.11.1
jax-while	stable	2	28	1513.7	4	jax-0.11.1
jax-while	stable	2	29	1503.0	4	jax-0.11.1
jax-while	stable	2	30	1566.2	4	jax-0.11.1
jax-while	stable	2	31	1560.7	4	jax-0.11.1
jax-while	stable	2	32	1529.7	4	jax-0.11.1
jax-while	stable	2	33	1562.6	4	jax-0.11.1
jax-while	stable	2	34	1577.1	4	jax-0.11.1
jax-while	stable	2	35	1506.1	4	jax-0.11.1
jax-while	stable	2	36	1540.7	4	jax-0.11.1
jax-while	stable	2	37	1491.3	4	jax-0.11.1
jax-while	stable	2	38	1514.4	4	jax-0.11.1
jax-while	stable	2	39	1502.0	4	jax-0.11.1
jax-while	stable	2	40	1480.8	4	jax-0.11.1
jax-while	stable	2	41	1510.6	4	jax-0.11.1
jax-while	stable	2	42	1565.2	4	jax-0.11.1
jax-while	stable	2	43	1541.6	4	jax-0.11.1
jax-while	stable	2	44	1549.5	4	jax-0.11.1
jax-while	stable	2	45	1544.0	4	jax-0.11.1
jax-while	stable	2	46	1499.9	4	jax-0.11.1
jax-while	stable	2	47	1476.8	4	jax-0.11.1
jax-while	stable	2	48	1505.6	4	jax-0.11.1
jax-while	stable	2	49	1512.5	4	jax-0.11.1
jax-while	stable	2	50	1516.1	4	jax-0.11.1
jax-while	stable	2	51	1522.3	4	jax-0.11.1
jax-while	stable	2	52	1515.2	4	jax-0.11.1
jax-while	stable	2	53	1515.9	4	jax-0.11.1
jax-while	stable	2	54	1544.5	4	jax-0.11.1
jax-while	stable	2	55	1513.0	4	jax-0.11.1
jax-while	stable	2	56	1510.9	4	jax-0.11.1
jax-while	stable	2	57	1484.2	4	jax-0.11.1
jax-while	stable	2	58	1548.5	4	jax-0.11.1
jax-while	stable	2	59	1462.7	4	jax-0.11.1
jax-while	stable	2	60	1518.2	4	jax-0.11.1
jax-while	stable	2	61	1533.3	4	jax-0.11.1
jax-while	stable	2	62	1596.0	4	jax-0.11.1
jax-while	stable	2	63	1622.7	4	jax-0.11.1
jax-while	stable	2	64	1550.4	4	jax-0.11.1
jax-while	stable	2	65	1581.0	4	jax-0.11.1
jax-while	stable	2	66	1575.0	4	jax-0.11.1
jax-while	stable	2	67	1614.1	4	jax-0.11.1
jax-while	stable	2	68	1596.2	4	jax-0.11.1
jax-while	stable	2	69	1580.7	4	jax-0.11.1
jax-while	stable	2	70	1528.7	4	jax-0.11.1
jax-while	stable	2	71	1520.2	4	jax-0.11.1
jax-while	stable	2	72	1545.7	4	jax-0.11.1
jax-while	stable	2	73	1571.2	4	jax-0.11.1
jax-while	stable	2	74	1585.2	4	jax-0.11.1
jax-while	stable	2	75	1523.7	4	jax-0.11.1
jax-while	stable	2	76	1555.9	4	jax-0.11.1
jax-while	stable	2	77	1590.0	4	jax-0.11.1
jax-while	stable	2	78	1534.0	4	jax-0.11.1
jax-while	stable	2	79	1512.3	4	jax-0.11.1
jax-while	stable	2	80	1553.8	4	jax-0.11.1
jax-while	stable	2	81	1539.5	4	jax-0.11.1
jax-while	stable	2	82	1530.9	4	jax-0.11.1
jax-while	stable	2	83	1579.8	4	jax-0.11.1
jax-while	stable	2	84	1558.8	4	jax-0.11.1
jax-while	stable	2	85	1581.4	4	jax-0.11.1
jax-while	stable	2	86	1586.4	4	jax-0.11.1
jax-while	stable	2	87	1566.6	4	jax-0.11.1
jax-while	stable	2	88	1557.6	4	jax-0.11.1
jax-while	stable	2	89	1549.5	4	jax-0.11.1
jax-while	stable	2	90	1557.6	4	jax-0.11.1
jax-while	stable	2	91	1601.0	4	jax-0.11.1
jax-while	stable	2	92	1548.8	4	jax-0.11.1
jax-while	stable	2	93	1546.9	4	jax-0.11.1
jax-while	stable	2	94	1568.6	4	jax-0.11.1
jax-while	stable	2	95	1536.4	4	jax-0.11.1
jax-while	stable	2	96	1541.4	4	jax-0.11.1
jax-while	stable	2	97	1500.6	4	jax-0.11.1
jax-while	stable	2	98	1541.6	4	jax-0.11.1
jax-while	stable	2	99	1539.9	4	jax-0.11.1
jax-while	stable	2	100	1527.5	4	jax-0.11.1
jax-while	stable	2	101	1573.3	4	jax-0.11.1
jax-while	stable	2	102	1567.1	4	jax-0.11.1
jax-while	stable	2	103	1584.5	4	jax-0.11.1
jax-while	stable	2	104	1541.9	4	jax-0.11.1
jax-while	stable	2	105	1519.0	4	jax-0.11.1
jax-while	stable	2	106	1550.4	4	jax-0.11.1
jax-while	stable	2	107	1563.8	4	jax-0.11.1
jax-while	stable	2	108	1552.6	4	jax-0.11.1
jax-while	stable	2	109	1541.4	4	jax-0.11.1
jax-while	stable	2	110	1508.7	4	jax-0.11.1
jax-while	stable	2	111	1472.9	4	jax-0.11.1
jax-while	stable	2	112	1465.8	4	jax-0.11.1
jax-while	stable	2	113	1495.4	4	jax-0.11.1
jax-while	stable	2	114	1559.3	4	jax-0.11.1
jax-while	stable	2	115	1512.1	4	jax-0.11.1
jax-while	stable	2	116	1479.9	4	jax-0.11.1
jax-while	stable	2	117	1517.5	4	jax-0.11.1
jax-while	stable	2	118	1510.4	4	jax-0.11.1
jax-while	stable	2	119	1480.6	4	jax-0.11.1
jax-while	stable	2	120	1514.7	4	jax-0.11.1
jax-while	stable	2	121	1498.9	4	jax-0.11.1
jax-while	stable	2	122	1472.5	4	jax-0.11.1
jax-while	stable	2	123	1491.3	4	jax-0.11.1
jax-while	stable	2	124	1526.8	4	jax-0.11.1
jax-while	stable	2	125	1534.9	4	jax-0.11.1
jax-while	stable	2	126	1525.4	4	jax-0.11.1
jax-while	stable	2	127	1552.1	4	jax-0.11.1
jax-while	stable	2	128	1580.0	4	jax-0.11.1
jax-while	stable	2	129	1568.3	4	jax-0.11.1
jax-while	stable	2	130	1574.3	4	jax-0.11.1
jax-while	stable	2	131	1555.7	4	jax-0.11.1
jax-while	stable	2	132	1560.0	4	jax-0.11.1
jax-while	stable	2	133	1544.7	4	jax-0.11.1
jax-while	stable	2	134	1527.5	4	jax-0.11.1
jax-while	stable	2	135	1549.5	4	jax-0.11.1
jax-while	stable	2	136	1584.3	4	jax-0.11.1
jax-while	stable	2	137	1569.7	4	jax-0.11.1
jax-while	stable	2	138	1558.1	4	jax-0.11.1
jax-while	stable	2	139	1611.7	4	jax-0.11.1
jax-while	stable	2	140	1563.5	4	jax-0.11.1
jax-while	stable	2	141	1550.0	4	jax-0.11.1
jax-while	stable	2	142	1549.0	4	jax-0.11.1
jax-while	stable	2	143	1553.1	4	jax-0.11.1
jax-while	stable	2	144	1566.6	4	jax-0.11.1
jax-while	stable	2	145	1581.4	4	jax-0.11.1
jax-while	stable	2	146	1577.9	4	jax-0.11.1
jax-while	stable	2	147	1512.1	4	jax-0.11.1
jax-while	stable	2	148	1575.7	4	jax-0.11.1
jax-while	stable	2	149	1522.3	4	jax-0.11.1
jax-while	stable	2	150	1558.8	4	jax-0.11.1
jax-while	stable	2	151	1546.4	4	jax-0.11.1
jax-while	stable	2	152	1585.0	4	jax-0.11.1
jax-while	stable	2	153	1519.9	4	jax-0.11.1
jax-while	stable	2	154	1549.0	4	jax-0.11.1
jax-while	stable	2	155	1592.6	4	jax-0.11.1
jax-while	stable	2	156	1504.2	4	jax-0.11.1
jax-while	stable	2	157	1529.5	4	jax-0.11.1
jax-while	stable	2	158	1552.8	4	jax-0.11.1
jax-while	stable	2	159	1554.0	4	jax-0.11.1
jax-while	stable	2	160	1524.9	4	jax-0.11.1
jax-while	stable	2	161	1543.0	4	jax-0.11.1
jax-while	stable	2	162	1650.8	4	jax-0.11.1
jax-while	stable	2	163	1804.6	4	jax-0.11.1
jax-while	stable	2	164	1509.7	4	jax-0.11.1
jax-while	stable	2	165	1431.7	4	jax-0.11.1
jax-while	stable	2	166	1390.5	4	jax-0.11.1
jax-while	stable	2	167	1424.8	4	jax-0.11.1
jax-while	stable	2	168	1422.9	4	jax-0.11.1
jax-while	stable	2	169	1464.1	4	jax-0.11.1
jax-while	stable	2	170	1438.1	4	jax-0.11.1
jax-while	stable	2	171	1397.8	4	jax-0.11.1
jax-while	stable	2	172	1420.0	4	jax-0.11.1
jax-while	stable	2	173	1408.3	4	jax-0.11.1
jax-while	stable	2	174	1407.1	4	jax-0.11.1
jax-while	stable	2	175	1409.3	4	jax-0.11.1
jax-while	stable	2	176	1368.8	4	jax-0.11.1
jax-while	stable	2	177	1366.9	4	jax-0.11.1
jax-while	stable	2	178	1362.8	4	jax-0.11.1
jax-while	stable	2	179	1368.8	4	jax-0.11.1
jax-while	stable	2	180	1373.1	4	jax-0.11.1
jax-while	stable	2	181	1366.1	4	jax-0.11.1
jax-while	stable	2	182	1363.0	4	jax-0.11.1
jax-while	stable	2	183	1364.0	4	jax-0.11.1
jax-while	stable	2	184	1371.6	4	jax-0.11.1
jax-while	stable	2	185	1399.0	4	jax-0.11.1
jax-while	stable	2	186	1674.2	4	jax-0.11.1
jax-while	stable	2	187	1544.5	4	jax-0.11.1
jax-while	stable	2	188	1484.9	4	jax-0.11.1
jax-while	stable	2	189	1489.4	4	jax-0.11.1
jax-while	stable	2	190	1496.8	4	jax-0.11.1
jax-while	stable	2	191	1443.6	4	jax-0.11.1
jax-while	stable	2	192	1468.9	4	jax-0.11.1
jax-while	stable	2	193	1453.9	4	jax-0.11.1
jax-while	stable	2	194	1454.4	4	jax-0.11.1
jax-while	stable	2	195	1425.5	4	jax-0.11.1
jax-while	stable	2	196	1461.5	4	jax-0.11.1
jax-while	stable	2	197	1440.3	4	jax-0.11.1
jax-while	stable	2	198	1469.4	4	jax-0.11.1
jax-while	stable	2	199	1457.9	4	jax-0.11.1
ours	varying	2	0	512699.8	2	ddc8008cdeaf
ours	varying	2	1	15515.1	3	ddc8008cdeaf
ours	varying	2	2	40139.9	5	ddc8008cdeaf
ours	varying	2	3	15286.9	6	ddc8008cdeaf
ours	varying	2	4	12103.1	2	ddc8008cdeaf
ours	varying	2	5	3960.1	3	ddc8008cdeaf
ours	varying	2	6	4166.1	5	ddc8008cdeaf
ours	varying	2	7	1457.9	6	ddc8008cdeaf
ours	varying	2	8	2322.9	2	ddc8008cdeaf
ours	varying	2	9	943.9	3	ddc8008cdeaf
ours	varying	2	10	1284.1	5	ddc8008cdeaf
ours	varying	2	11	3750.1	6	ddc8008cdeaf
ours	varying	2	12	1211.9	2	ddc8008cdeaf
ours	varying	2	13	908.9	3	ddc8008cdeaf
ours	varying	2	14	1250.0	5	ddc8008cdeaf
ours	varying	2	15	3317.8	6	ddc8008cdeaf
ours	varying	2	16	783.0	2	ddc8008cdeaf
ours	varying	2	17	939.1	3	ddc8008cdeaf
ours	varying	2	18	1218.1	5	ddc8008cdeaf
ours	varying	2	19	1380.9	6	ddc8008cdeaf
ours	varying	2	20	2372.0	2	ddc8008cdeaf
ours	varying	2	21	896.0	3	ddc8008cdeaf
ours	varying	2	22	1220.0	5	ddc8008cdeaf
ours	varying	2	23	1405.0	6	ddc8008cdeaf
ours	varying	2	24	743.2	2	ddc8008cdeaf
ours	varying	2	25	934.8	3	ddc8008cdeaf
ours	varying	2	26	2877.0	5	ddc8008cdeaf
ours	varying	2	27	1384.0	6	ddc8008cdeaf
ours	varying	2	28	746.0	2	ddc8008cdeaf
ours	varying	2	29	901.9	3	ddc8008cdeaf
ours	varying	2	30	1227.9	5	ddc8008cdeaf
ours	varying	2	31	1384.0	6	ddc8008cdeaf
ours	varying	2	32	812.1	2	ddc8008cdeaf
ours	varying	2	33	2525.1	3	ddc8008cdeaf
ours	varying	2	34	1232.1	5	ddc8008cdeaf
ours	varying	2	35	1391.9	6	ddc8008cdeaf
ours	varying	2	36	802.0	2	ddc8008cdeaf
ours	varying	2	37	911.0	3	ddc8008cdeaf
ours	varying	2	38	1207.8	5	ddc8008cdeaf
ours	varying	2	39	1377.8	6	ddc8008cdeaf
ours	varying	2	40	748.9	2	ddc8008cdeaf
ours	varying	2	41	2692.0	3	ddc8008cdeaf
ours	varying	2	42	1237.9	5	ddc8008cdeaf
ours	varying	2	43	1383.1	6	ddc8008cdeaf
ours	varying	2	44	762.0	2	ddc8008cdeaf
ours	varying	2	45	927.2	3	ddc8008cdeaf
ours	varying	2	46	1245.0	5	ddc8008cdeaf
ours	varying	2	47	1393.1	6	ddc8008cdeaf
ours	varying	2	48	742.0	2	ddc8008cdeaf
ours	varying	2	49	926.0	3	ddc8008cdeaf
ours	varying	2	50	2892.0	5	ddc8008cdeaf
ours	varying	2	51	1426.0	6	ddc8008cdeaf
ours	varying	2	52	761.0	2	ddc8008cdeaf
ours	varying	2	53	899.1	3	ddc8008cdeaf
ours	varying	2	54	1223.1	5	ddc8008cdeaf
ours	varying	2	55	1375.9	6	ddc8008cdeaf
ours	varying	2	56	762.9	2	ddc8008cdeaf
ours	varying	2	57	936.0	3	ddc8008cdeaf
ours	varying	2	58	1257.2	5	ddc8008cdeaf
ours	varying	2	59	1373.1	6	ddc8008cdeaf
ours	varying	2	60	745.1	2	ddc8008cdeaf
ours	varying	2	61	3500.9	3	ddc8008cdeaf
ours	varying	2	62	1284.8	5	ddc8008cdeaf
ours	varying	2	63	1388.1	6	ddc8008cdeaf
ours	varying	2	64	767.0	2	ddc8008cdeaf
ours	varying	2	65	934.8	3	ddc8008cdeaf
ours	varying	2	66	1226.2	5	ddc8008cdeaf
ours	varying	2	67	1375.0	6	ddc8008cdeaf
ours	varying	2	68	746.0	2	ddc8008cdeaf
ours	varying	2	69	906.9	3	ddc8008cdeaf
ours	varying	2	70	1241.0	5	ddc8008cdeaf
ours	varying	2	71	1419.1	6	ddc8008cdeaf
ours	varying	2	72	740.1	2	ddc8008cdeaf
ours	varying	2	73	3411.1	3	ddc8008cdeaf
ours	varying	2	74	1246.0	5	ddc8008cdeaf
ours	varying	2	75	1414.1	6	ddc8008cdeaf
ours	varying	2	76	742.0	2	ddc8008cdeaf
ours	varying	2	77	912.0	3	ddc8008cdeaf
ours	varying	2	78	1311.1	5	ddc8008cdeaf
ours	varying	2	79	1391.9	6	ddc8008cdeaf
ours	varying	2	80	744.1	2	ddc8008cdeaf
ours	varying	2	81	953.0	3	ddc8008cdeaf
ours	varying	2	82	1231.0	5	ddc8008cdeaf
ours	varying	2	83	1386.9	6	ddc8008cdeaf
ours	varying	2	84	768.9	2	ddc8008cdeaf
ours	varying	2	85	1101.0	3	ddc8008cdeaf
ours	varying	2	86	3780.1	5	ddc8008cdeaf
ours	varying	2	87	1452.0	6	ddc8008cdeaf
ours	varying	2	88	810.1	2	ddc8008cdeaf
ours	varying	2	89	911.0	3	ddc8008cdeaf
ours	varying	2	90	1223.1	5	ddc8008cdeaf
ours	varying	2	91	1361.1	6	ddc8008cdeaf
ours	varying	2	92	740.1	2	ddc8008cdeaf
ours	varying	2	93	893.8	3	ddc8008cdeaf
ours	varying	2	94	1214.0	5	ddc8008cdeaf
ours	varying	2	95	1379.0	6	ddc8008cdeaf
ours	varying	2	96	750.1	2	ddc8008cdeaf
ours	varying	2	97	906.9	3	ddc8008cdeaf
ours	varying	2	98	1220.0	5	ddc8008cdeaf
ours	varying	2	99	1411.2	6	ddc8008cdeaf
ours	varying	2	100	767.0	2	ddc8008cdeaf
ours	varying	2	101	963.0	3	ddc8008cdeaf
ours	varying	2	102	1223.1	5	ddc8008cdeaf
ours	varying	2	103	1392.1	6	ddc8008cdeaf
ours	varying	2	104	756.0	2	ddc8008cdeaf
ours	varying	2	105	3783.9	3	ddc8008cdeaf
ours	varying	2	106	1212.1	5	ddc8008cdeaf
ours	varying	2	107	1456.0	6	ddc8008cdeaf
ours	varying	2	108	720.0	2	ddc8008cdeaf
ours	varying	2	109	880.0	3	ddc8008cdeaf
ours	varying	2	110	1205.2	5	ddc8008cdeaf
ours	varying	2	111	1351.8	6	ddc8008cdeaf
ours	varying	2	112	718.8	2	ddc8008cdeaf
ours	varying	2	113	883.8	3	ddc8008cdeaf
ours	varying	2	114	1196.9	5	ddc8008cdeaf
ours	varying	2	115	1345.2	6	ddc8008cdeaf
ours	varying	2	116	742.9	2	ddc8008cdeaf
ours	varying	2	117	889.1	3	ddc8008cdeaf
ours	varying	2	118	1207.1	5	ddc8008cdeaf
ours	varying	2	119	1345.9	6	ddc8008cdeaf
ours	varying	2	120	736.0	2	ddc8008cdeaf
ours	varying	2	121	885.0	3	ddc8008cdeaf
ours	varying	2	122	1203.1	5	ddc8008cdeaf
ours	varying	2	123	3968.0	6	ddc8008cdeaf
ours	varying	2	124	790.1	2	ddc8008cdeaf
ours	varying	2	125	881.9	3	ddc8008cdeaf
ours	varying	2	126	1181.1	5	ddc8008cdeaf
ours	varying	2	127	1402.1	6	ddc8008cdeaf
ours	varying	2	128	724.8	2	ddc8008cdeaf
ours	varying	2	129	888.8	3	ddc8008cdeaf
ours	varying	2	130	1174.9	5	ddc8008cdeaf
ours	varying	2	131	1346.1	6	ddc8008cdeaf
ours	varying	2	132	738.9	2	ddc8008cdeaf
ours	varying	2	133	945.8	3	ddc8008cdeaf
ours	varying	2	134	1169.0	5	ddc8008cdeaf
ours	varying	2	135	1367.1	6	ddc8008cdeaf
ours	varying	2	136	726.9	2	ddc8008cdeaf
ours	varying	2	137	883.1	3	ddc8008cdeaf
ours	varying	2	138	1205.0	5	ddc8008cdeaf
ours	varying	2	139	1408.1	6	ddc8008cdeaf
ours	varying	2	140	728.1	2	ddc8008cdeaf
ours	varying	2	141	870.9	3	ddc8008cdeaf
ours	varying	2	142	1203.1	5	ddc8008cdeaf
ours	varying	2	143	1352.1	6	ddc8008cdeaf
ours	varying	2	144	742.9	2	ddc8008cdeaf
ours	varying	2	145	3752.9	3	ddc8008cdeaf
ours	varying	2	146	1188.0	5	ddc8008cdeaf
ours	varying	2	147	1390.0	6	ddc8008cdeaf
ours	varying	2	148	749.1	2	ddc8008cdeaf
ours	varying	2	149	899.1	3	ddc8008cdeaf
ours	varying	2	150	1193.0	5	ddc8008cdeaf
ours	varying	2	151	1339.0	6	ddc8008cdeaf
ours	varying	2	152	729.1	2	ddc8008cdeaf
ours	varying	2	153	887.2	3	ddc8008cdeaf
ours	varying	2	154	1186.8	5	ddc8008cdeaf
ours	varying	2	155	1358.0	6	ddc8008cdeaf
ours	varying	2	156	742.0	2	ddc8008cdeaf
ours	varying	2	157	898.1	3	ddc8008cdeaf
ours	varying	2	158	1193.0	5	ddc8008cdeaf
ours	varying	2	159	1370.9	6	ddc8008cdeaf
ours	varying	2	160	743.2	2	ddc8008cdeaf
ours	varying	2	161	885.0	3	ddc8008cdeaf
ours	varying	2	162	1177.1	5	ddc8008cdeaf
ours	varying	2	163	1349.9	6	ddc8008cdeaf
ours	varying	2	164	2939.2	2	ddc8008cdeaf
ours	varying	2	165	906.9	3	ddc8008cdeaf
ours	varying	2	166	1191.1	5	ddc8008cdeaf
ours	varying	2	167	1334.9	6	ddc8008cdeaf
ours	varying	2	168	737.0	2	ddc8008cdeaf
ours	varying	2	169	881.0	3	ddc8008cdeaf
ours	varying	2	170	1188.0	5	ddc8008cdeaf
ours	varying	2	171	1338.0	6	ddc8008cdeaf
ours	varying	2	172	747.0	2	ddc8008cdeaf
ours	varying	2	173	912.0	3	ddc8008cdeaf
ours	varying	2	174	1244.1	5	ddc8008cdeaf
ours	varying	2	175	1353.0	6	ddc8008cdeaf
ours	varying	2	176	720.0	2	ddc8008cdeaf
ours	varying	2	177	901.9	3	ddc8008cdeaf
ours	varying	2	178	1193.0	5	ddc8008cdeaf
ours	varying	2	179	1385.9	6	ddc8008cdeaf
ours	varying	2	180	726.0	2	ddc8008cdeaf
ours	varying	2	181	873.8	3	ddc8008cdeaf
ours	varying	2	182	1181.8	5	ddc8008cdeaf
ours	varying	2	183	1337.1	6	ddc8008cdeaf
ours	varying	2	184	729.1	2	ddc8008cdeaf
ours	varying	2	185	883.1	3	ddc8008cdeaf
ours	varying	2	186	1199.0	5	ddc8008cdeaf
ours	varying	2	187	4025.0	6	ddc8008cdeaf
ours	varying	2	188	752.9	2	ddc8008cdeaf
ours	varying	2	189	896.0	3	ddc8008cdeaf
ours	varying	2	190	1194.0	5	ddc8008cdeaf
ours	varying	2	191	1356.1	6	ddc8008cdeaf
ours	varying	2	192	726.9	2	ddc8008cdeaf
ours	varying	2	193	886.9	3	ddc8008cdeaf
ours	varying	2	194	1184.9	5	ddc8008cdeaf
ours	varying	2	195	1333.0	6	ddc8008cdeaf
ours	varying	2	196	733.9	2	ddc8008cdeaf
ours	varying	2	197	871.9	3	ddc8008cdeaf
ours	varying	2	198	1193.0	5	ddc8008cdeaf
ours	varying	2	199	1346.1	6	ddc8008cdeaf
torch-eager	varying	2	0	111495.3	2	torch-2.14.0+cu130
torch-eager	varying	2	1	1723.8	3	torch-2.14.0+cu130
torch-eager	varying	2	2	2334.8	5	torch-2.14.0+cu130
torch-eager	varying	2	3	2671.5	6	torch-2.14.0+cu130
torch-eager	varying	2	4	1219.0	2	torch-2.14.0+cu130
torch-eager	varying	2	5	1565.7	3	torch-2.14.0+cu130
torch-eager	varying	2	6	2304.8	5	torch-2.14.0+cu130
torch-eager	varying	2	7	2686.0	6	torch-2.14.0+cu130
torch-eager	varying	2	8	1219.7	2	torch-2.14.0+cu130
torch-eager	varying	2	9	1571.2	3	torch-2.14.0+cu130
torch-eager	varying	2	10	2312.4	5	torch-2.14.0+cu130
torch-eager	varying	2	11	2671.2	6	torch-2.14.0+cu130
torch-eager	varying	2	12	1220.5	2	torch-2.14.0+cu130
torch-eager	varying	2	13	1576.9	3	torch-2.14.0+cu130
torch-eager	varying	2	14	2334.4	5	torch-2.14.0+cu130
torch-eager	varying	2	15	2668.6	6	torch-2.14.0+cu130
torch-eager	varying	2	16	1214.3	2	torch-2.14.0+cu130
torch-eager	varying	2	17	1590.7	3	torch-2.14.0+cu130
torch-eager	varying	2	18	2302.6	5	torch-2.14.0+cu130
torch-eager	varying	2	19	2674.8	6	torch-2.14.0+cu130
torch-eager	varying	2	20	1228.6	2	torch-2.14.0+cu130
torch-eager	varying	2	21	1576.7	3	torch-2.14.0+cu130
torch-eager	varying	2	22	2313.9	5	torch-2.14.0+cu130
torch-eager	varying	2	23	2674.6	6	torch-2.14.0+cu130
torch-eager	varying	2	24	1215.0	2	torch-2.14.0+cu130
torch-eager	varying	2	25	1596.7	3	torch-2.14.0+cu130
torch-eager	varying	2	26	2316.5	5	torch-2.14.0+cu130
torch-eager	varying	2	27	2760.9	6	torch-2.14.0+cu130
torch-eager	varying	2	28	1200.2	2	torch-2.14.0+cu130
torch-eager	varying	2	29	1567.1	3	torch-2.14.0+cu130
torch-eager	varying	2	30	2316.0	5	torch-2.14.0+cu130
torch-eager	varying	2	31	2649.8	6	torch-2.14.0+cu130
torch-eager	varying	2	32	1237.4	2	torch-2.14.0+cu130
torch-eager	varying	2	33	1566.6	3	torch-2.14.0+cu130
torch-eager	varying	2	34	2332.9	5	torch-2.14.0+cu130
torch-eager	varying	2	35	2642.2	6	torch-2.14.0+cu130
torch-eager	varying	2	36	1184.9	2	torch-2.14.0+cu130
torch-eager	varying	2	37	1561.9	3	torch-2.14.0+cu130
torch-eager	varying	2	38	2314.3	5	torch-2.14.0+cu130
torch-eager	varying	2	39	2673.1	6	torch-2.14.0+cu130
torch-eager	varying	2	40	1218.3	2	torch-2.14.0+cu130
torch-eager	varying	2	41	1562.8	3	torch-2.14.0+cu130
torch-eager	varying	2	42	2356.8	5	torch-2.14.0+cu130
torch-eager	varying	2	43	2697.5	6	torch-2.14.0+cu130
torch-eager	varying	2	44	1220.7	2	torch-2.14.0+cu130
torch-eager	varying	2	45	1584.1	3	torch-2.14.0+cu130
torch-eager	varying	2	46	2301.7	5	torch-2.14.0+cu130
torch-eager	varying	2	47	2694.4	6	torch-2.14.0+cu130
torch-eager	varying	2	48	1207.4	2	torch-2.14.0+cu130
torch-eager	varying	2	49	1564.5	3	torch-2.14.0+cu130
torch-eager	varying	2	50	2304.3	5	torch-2.14.0+cu130
torch-eager	varying	2	51	2661.5	6	torch-2.14.0+cu130
torch-eager	varying	2	52	1225.2	2	torch-2.14.0+cu130
torch-eager	varying	2	53	1580.2	3	torch-2.14.0+cu130
torch-eager	varying	2	54	2309.1	5	torch-2.14.0+cu130
torch-eager	varying	2	55	2666.0	6	torch-2.14.0+cu130
torch-eager	varying	2	56	1220.7	2	torch-2.14.0+cu130
torch-eager	varying	2	57	1585.7	3	torch-2.14.0+cu130
torch-eager	varying	2	58	2326.5	5	torch-2.14.0+cu130
torch-eager	varying	2	59	2666.0	6	torch-2.14.0+cu130
torch-eager	varying	2	60	1231.7	2	torch-2.14.0+cu130
torch-eager	varying	2	61	1573.3	3	torch-2.14.0+cu130
torch-eager	varying	2	62	2335.8	5	torch-2.14.0+cu130
torch-eager	varying	2	63	2675.1	6	torch-2.14.0+cu130
torch-eager	varying	2	64	1220.2	2	torch-2.14.0+cu130
torch-eager	varying	2	65	1587.6	3	torch-2.14.0+cu130
torch-eager	varying	2	66	2316.2	5	torch-2.14.0+cu130
torch-eager	varying	2	67	2675.8	6	torch-2.14.0+cu130
torch-eager	varying	2	68	1239.5	2	torch-2.14.0+cu130
torch-eager	varying	2	69	1573.8	3	torch-2.14.0+cu130
torch-eager	varying	2	70	2324.6	5	torch-2.14.0+cu130
torch-eager	varying	2	71	2644.1	6	torch-2.14.0+cu130
torch-eager	varying	2	72	1228.8	2	torch-2.14.0+cu130
torch-eager	varying	2	73	1557.6	3	torch-2.14.0+cu130
torch-eager	varying	2	74	2279.3	5	torch-2.14.0+cu130
torch-eager	varying	2	75	2675.3	6	torch-2.14.0+cu130
torch-eager	varying	2	76	1211.9	2	torch-2.14.0+cu130
torch-eager	varying	2	77	1629.8	3	torch-2.14.0+cu130
torch-eager	varying	2	78	2277.1	5	torch-2.14.0+cu130
torch-eager	varying	2	79	2630.7	6	torch-2.14.0+cu130
torch-eager	varying	2	80	1210.5	2	torch-2.14.0+cu130
torch-eager	varying	2	81	1595.0	3	torch-2.14.0+cu130
torch-eager	varying	2	82	2291.9	5	torch-2.14.0+cu130
torch-eager	varying	2	83	2693.4	6	torch-2.14.0+cu130
torch-eager	varying	2	84	1229.0	2	torch-2.14.0+cu130
torch-eager	varying	2	85	1573.1	3	torch-2.14.0+cu130
torch-eager	varying	2	86	2289.8	5	torch-2.14.0+cu130
torch-eager	varying	2	87	2665.0	6	torch-2.14.0+cu130
torch-eager	varying	2	88	1212.4	2	torch-2.14.0+cu130
torch-eager	varying	2	89	1589.1	3	torch-2.14.0+cu130
torch-eager	varying	2	90	2291.9	5	torch-2.14.0+cu130
torch-eager	varying	2	91	2692.0	6	torch-2.14.0+cu130
torch-eager	varying	2	92	1245.5	2	torch-2.14.0+cu130
torch-eager	varying	2	93	1591.7	3	torch-2.14.0+cu130
torch-eager	varying	2	94	2286.7	5	torch-2.14.0+cu130
torch-eager	varying	2	95	2655.0	6	torch-2.14.0+cu130
torch-eager	varying	2	96	1198.1	2	torch-2.14.0+cu130
torch-eager	varying	2	97	1548.5	3	torch-2.14.0+cu130
torch-eager	varying	2	98	2325.5	5	torch-2.14.0+cu130
torch-eager	varying	2	99	2690.8	6	torch-2.14.0+cu130
torch-eager	varying	2	100	1204.5	2	torch-2.14.0+cu130
torch-eager	varying	2	101	1566.4	3	torch-2.14.0+cu130
torch-eager	varying	2	102	2335.1	5	torch-2.14.0+cu130
torch-eager	varying	2	103	2634.0	6	torch-2.14.0+cu130
torch-eager	varying	2	104	1218.3	2	torch-2.14.0+cu130
torch-eager	varying	2	105	1606.7	3	torch-2.14.0+cu130
torch-eager	varying	2	106	2313.9	5	torch-2.14.0+cu130
torch-eager	varying	2	107	2669.1	6	torch-2.14.0+cu130
torch-eager	varying	2	108	1212.1	2	torch-2.14.0+cu130
torch-eager	varying	2	109	1564.5	3	torch-2.14.0+cu130
torch-eager	varying	2	110	2285.5	5	torch-2.14.0+cu130
torch-eager	varying	2	111	2682.4	6	torch-2.14.0+cu130
torch-eager	varying	2	112	1203.1	2	torch-2.14.0+cu130
torch-eager	varying	2	113	1569.3	3	torch-2.14.0+cu130
torch-eager	varying	2	114	2295.5	5	torch-2.14.0+cu130
torch-eager	varying	2	115	2626.7	6	torch-2.14.0+cu130
torch-eager	varying	2	116	1191.4	2	torch-2.14.0+cu130
torch-eager	varying	2	117	1540.9	3	torch-2.14.0+cu130
torch-eager	varying	2	118	2289.3	5	torch-2.14.0+cu130
torch-eager	varying	2	119	2650.3	6	torch-2.14.0+cu130
torch-eager	varying	2	120	1206.2	2	torch-2.14.0+cu130
torch-eager	varying	2	121	1558.5	3	torch-2.14.0+cu130
torch-eager	varying	2	122	2296.7	5	torch-2.14.0+cu130
torch-eager	varying	2	123	2627.1	6	torch-2.14.0+cu130
torch-eager	varying	2	124	1226.7	2	torch-2.14.0+cu130
torch-eager	varying	2	125	1579.0	3	torch-2.14.0+cu130
torch-eager	varying	2	126	2333.6	5	torch-2.14.0+cu130
torch-eager	varying	2	127	2679.8	6	torch-2.14.0+cu130
torch-eager	varying	2	128	1216.2	2	torch-2.14.0+cu130
torch-eager	varying	2	129	1565.7	3	torch-2.14.0+cu130
torch-eager	varying	2	130	2274.5	5	torch-2.14.0+cu130
torch-eager	varying	2	131	2713.4	6	torch-2.14.0+cu130
torch-eager	varying	2	132	1243.6	2	torch-2.14.0+cu130
torch-eager	varying	2	133	1557.8	3	torch-2.14.0+cu130
torch-eager	varying	2	134	2297.9	5	torch-2.14.0+cu130
torch-eager	varying	2	135	2656.9	6	torch-2.14.0+cu130
torch-eager	varying	2	136	1209.0	2	torch-2.14.0+cu130
torch-eager	varying	2	137	1551.6	3	torch-2.14.0+cu130
torch-eager	varying	2	138	2314.8	5	torch-2.14.0+cu130
torch-eager	varying	2	139	2661.9	6	torch-2.14.0+cu130
torch-eager	varying	2	140	1216.7	2	torch-2.14.0+cu130
torch-eager	varying	2	141	1553.3	3	torch-2.14.0+cu130
torch-eager	varying	2	142	2302.9	5	torch-2.14.0+cu130
torch-eager	varying	2	143	2646.9	6	torch-2.14.0+cu130
torch-eager	varying	2	144	1212.6	2	torch-2.14.0+cu130
torch-eager	varying	2	145	1558.1	3	torch-2.14.0+cu130
torch-eager	varying	2	146	2293.3	5	torch-2.14.0+cu130
torch-eager	varying	2	147	2632.6	6	torch-2.14.0+cu130
torch-eager	varying	2	148	1200.9	2	torch-2.14.0+cu130
torch-eager	varying	2	149	1582.6	3	torch-2.14.0+cu130
torch-eager	varying	2	150	2279.3	5	torch-2.14.0+cu130
torch-eager	varying	2	151	2659.6	6	torch-2.14.0+cu130
torch-eager	varying	2	152	1188.8	2	torch-2.14.0+cu130
torch-eager	varying	2	153	1573.6	3	torch-2.14.0+cu130
torch-eager	varying	2	154	2289.1	5	torch-2.14.0+cu130
torch-eager	varying	2	155	2638.3	6	torch-2.14.0+cu130
torch-eager	varying	2	156	1208.3	2	torch-2.14.0+cu130
torch-eager	varying	2	157	1573.8	3	torch-2.14.0+cu130
torch-eager	varying	2	158	2328.4	5	torch-2.14.0+cu130
torch-eager	varying	2	159	2630.9	6	torch-2.14.0+cu130
torch-eager	varying	2	160	1196.9	2	torch-2.14.0+cu130
torch-eager	varying	2	161	1574.8	3	torch-2.14.0+cu130
torch-eager	varying	2	162	2320.3	5	torch-2.14.0+cu130
torch-eager	varying	2	163	2652.6	6	torch-2.14.0+cu130
torch-eager	varying	2	164	1212.8	2	torch-2.14.0+cu130
torch-eager	varying	2	165	1557.8	3	torch-2.14.0+cu130
torch-eager	varying	2	166	2280.7	5	torch-2.14.0+cu130
torch-eager	varying	2	167	2640.2	6	torch-2.14.0+cu130
torch-eager	varying	2	168	1204.7	2	torch-2.14.0+cu130
torch-eager	varying	2	169	1592.4	3	torch-2.14.0+cu130
torch-eager	varying	2	170	2322.9	5	torch-2.14.0+cu130
torch-eager	varying	2	171	2642.9	6	torch-2.14.0+cu130
torch-eager	varying	2	172	1189.7	2	torch-2.14.0+cu130
torch-eager	varying	2	173	1583.3	3	torch-2.14.0+cu130
torch-eager	varying	2	174	2282.1	5	torch-2.14.0+cu130
torch-eager	varying	2	175	2654.6	6	torch-2.14.0+cu130
torch-eager	varying	2	176	1172.5	2	torch-2.14.0+cu130
torch-eager	varying	2	177	1546.1	3	torch-2.14.0+cu130
torch-eager	varying	2	178	2283.6	5	torch-2.14.0+cu130
torch-eager	varying	2	179	2679.6	6	torch-2.14.0+cu130
torch-eager	varying	2	180	1202.3	2	torch-2.14.0+cu130
torch-eager	varying	2	181	1548.1	3	torch-2.14.0+cu130
torch-eager	varying	2	182	2306.0	5	torch-2.14.0+cu130
torch-eager	varying	2	183	2670.8	6	torch-2.14.0+cu130
torch-eager	varying	2	184	1243.4	2	torch-2.14.0+cu130
torch-eager	varying	2	185	1560.7	3	torch-2.14.0+cu130
torch-eager	varying	2	186	2281.7	5	torch-2.14.0+cu130
torch-eager	varying	2	187	2631.9	6	torch-2.14.0+cu130
torch-eager	varying	2	188	1215.9	2	torch-2.14.0+cu130
torch-eager	varying	2	189	1570.7	3	torch-2.14.0+cu130
torch-eager	varying	2	190	2315.3	5	torch-2.14.0+cu130
torch-eager	varying	2	191	2669.8	6	torch-2.14.0+cu130
torch-eager	varying	2	192	1206.2	2	torch-2.14.0+cu130
torch-eager	varying	2	193	1565.0	3	torch-2.14.0+cu130
torch-eager	varying	2	194	2313.6	5	torch-2.14.0+cu130
torch-eager	varying	2	195	2661.0	6	torch-2.14.0+cu130
torch-eager	varying	2	196	1215.5	2	torch-2.14.0+cu130
torch-eager	varying	2	197	1557.1	3	torch-2.14.0+cu130
torch-eager	varying	2	198	2289.3	5	torch-2.14.0+cu130
torch-eager	varying	2	199	2992.4	6	torch-2.14.0+cu130
torch-compile	varying	2	0	932824.6	2	torch-2.14.0+cu130
torch-compile	varying	2	1	1665.6	3	torch-2.14.0+cu130
torch-compile	varying	2	2	1729.5	5	torch-2.14.0+cu130
torch-compile	varying	2	3	1899.7	6	torch-2.14.0+cu130
torch-compile	varying	2	4	989.0	2	torch-2.14.0+cu130
torch-compile	varying	2	5	1213.8	3	torch-2.14.0+cu130
torch-compile	varying	2	6	1678.5	5	torch-2.14.0+cu130
torch-compile	varying	2	7	1885.7	6	torch-2.14.0+cu130
torch-compile	varying	2	8	975.8	2	torch-2.14.0+cu130
torch-compile	varying	2	9	1198.3	3	torch-2.14.0+cu130
torch-compile	varying	2	10	1668.9	5	torch-2.14.0+cu130
torch-compile	varying	2	11	1912.8	6	torch-2.14.0+cu130
torch-compile	varying	2	12	1048.1	2	torch-2.14.0+cu130
torch-compile	varying	2	13	1190.7	3	torch-2.14.0+cu130
torch-compile	varying	2	14	1648.2	5	torch-2.14.0+cu130
torch-compile	varying	2	15	1879.0	6	torch-2.14.0+cu130
torch-compile	varying	2	16	978.2	2	torch-2.14.0+cu130
torch-compile	varying	2	17	1201.4	3	torch-2.14.0+cu130
torch-compile	varying	2	18	1717.8	5	torch-2.14.0+cu130
torch-compile	varying	2	19	1870.4	6	torch-2.14.0+cu130
torch-compile	varying	2	20	1033.5	2	torch-2.14.0+cu130
torch-compile	varying	2	21	1213.1	3	torch-2.14.0+cu130
torch-compile	varying	2	22	1674.4	5	torch-2.14.0+cu130
torch-compile	varying	2	23	1984.6	6	torch-2.14.0+cu130
torch-compile	varying	2	24	1006.1	2	torch-2.14.0+cu130
torch-compile	varying	2	25	1231.0	3	torch-2.14.0+cu130
torch-compile	varying	2	26	1669.4	5	torch-2.14.0+cu130
torch-compile	varying	2	27	1869.7	6	torch-2.14.0+cu130
torch-compile	varying	2	28	980.1	2	torch-2.14.0+cu130
torch-compile	varying	2	29	1192.8	3	torch-2.14.0+cu130
torch-compile	varying	2	30	1645.3	5	torch-2.14.0+cu130
torch-compile	varying	2	31	1863.7	6	torch-2.14.0+cu130
torch-compile	varying	2	32	1004.0	2	torch-2.14.0+cu130
torch-compile	varying	2	33	1230.5	3	torch-2.14.0+cu130
torch-compile	varying	2	34	1670.6	5	torch-2.14.0+cu130
torch-compile	varying	2	35	1975.8	6	torch-2.14.0+cu130
torch-compile	varying	2	36	986.3	2	torch-2.14.0+cu130
torch-compile	varying	2	37	1210.5	3	torch-2.14.0+cu130
torch-compile	varying	2	38	1691.1	5	torch-2.14.0+cu130
torch-compile	varying	2	39	1889.2	6	torch-2.14.0+cu130
torch-compile	varying	2	40	968.7	2	torch-2.14.0+cu130
torch-compile	varying	2	41	1195.4	3	torch-2.14.0+cu130
torch-compile	varying	2	42	1646.3	5	torch-2.14.0+cu130
torch-compile	varying	2	43	1883.0	6	torch-2.14.0+cu130
torch-compile	varying	2	44	973.2	2	torch-2.14.0+cu130
torch-compile	varying	2	45	1203.3	3	torch-2.14.0+cu130
torch-compile	varying	2	46	1697.1	5	torch-2.14.0+cu130
torch-compile	varying	2	47	1875.4	6	torch-2.14.0+cu130
torch-compile	varying	2	48	983.2	2	torch-2.14.0+cu130
torch-compile	varying	2	49	1197.6	3	torch-2.14.0+cu130
torch-compile	varying	2	50	1714.7	5	torch-2.14.0+cu130
torch-compile	varying	2	51	1888.0	6	torch-2.14.0+cu130
torch-compile	varying	2	52	989.4	2	torch-2.14.0+cu130
torch-compile	varying	2	53	1195.4	3	torch-2.14.0+cu130
torch-compile	varying	2	54	1673.2	5	torch-2.14.0+cu130
torch-compile	varying	2	55	1882.1	6	torch-2.14.0+cu130
torch-compile	varying	2	56	978.0	2	torch-2.14.0+cu130
torch-compile	varying	2	57	1205.4	3	torch-2.14.0+cu130
torch-compile	varying	2	58	1724.7	5	torch-2.14.0+cu130
torch-compile	varying	2	59	1886.4	6	torch-2.14.0+cu130
torch-compile	varying	2	60	989.0	2	torch-2.14.0+cu130
torch-compile	varying	2	61	1206.2	3	torch-2.14.0+cu130
torch-compile	varying	2	62	1643.9	5	torch-2.14.0+cu130
torch-compile	varying	2	63	1878.7	6	torch-2.14.0+cu130
torch-compile	varying	2	64	1004.0	2	torch-2.14.0+cu130
torch-compile	varying	2	65	1202.1	3	torch-2.14.0+cu130
torch-compile	varying	2	66	1658.4	5	torch-2.14.0+cu130
torch-compile	varying	2	67	1858.9	6	torch-2.14.0+cu130
torch-compile	varying	2	68	979.9	2	torch-2.14.0+cu130
torch-compile	varying	2	69	1189.9	3	torch-2.14.0+cu130
torch-compile	varying	2	70	1764.3	5	torch-2.14.0+cu130
torch-compile	varying	2	71	1852.5	6	torch-2.14.0+cu130
torch-compile	varying	2	72	963.9	2	torch-2.14.0+cu130
torch-compile	varying	2	73	1186.1	3	torch-2.14.0+cu130
torch-compile	varying	2	74	1651.8	5	torch-2.14.0+cu130
torch-compile	varying	2	75	1878.0	6	torch-2.14.0+cu130
torch-compile	varying	2	76	991.6	2	torch-2.14.0+cu130
torch-compile	varying	2	77	1256.7	3	torch-2.14.0+cu130
torch-compile	varying	2	78	1634.4	5	torch-2.14.0+cu130
torch-compile	varying	2	79	1868.7	6	torch-2.14.0+cu130
torch-compile	varying	2	80	973.5	2	torch-2.14.0+cu130
torch-compile	varying	2	81	1277.7	3	torch-2.14.0+cu130
torch-compile	varying	2	82	1670.8	5	torch-2.14.0+cu130
torch-compile	varying	2	83	1979.8	6	torch-2.14.0+cu130
torch-compile	varying	2	84	1009.0	2	torch-2.14.0+cu130
torch-compile	varying	2	85	1180.9	3	torch-2.14.0+cu130
torch-compile	varying	2	86	1661.8	5	torch-2.14.0+cu130
torch-compile	varying	2	87	1897.8	6	torch-2.14.0+cu130
torch-compile	varying	2	88	984.2	2	torch-2.14.0+cu130
torch-compile	varying	2	89	1191.1	3	torch-2.14.0+cu130
torch-compile	varying	2	90	1654.6	5	torch-2.14.0+cu130
torch-compile	varying	2	91	1864.7	6	torch-2.14.0+cu130
torch-compile	varying	2	92	973.9	2	torch-2.14.0+cu130
torch-compile	varying	2	93	1248.1	3	torch-2.14.0+cu130
torch-compile	varying	2	94	1660.6	5	torch-2.14.0+cu130
torch-compile	varying	2	95	2011.3	6	torch-2.14.0+cu130
torch-compile	varying	2	96	1019.2	2	torch-2.14.0+cu130
torch-compile	varying	2	97	1233.8	3	torch-2.14.0+cu130
torch-compile	varying	2	98	1675.8	5	torch-2.14.0+cu130
torch-compile	varying	2	99	1939.5	6	torch-2.14.0+cu130
torch-compile	varying	2	100	1024.0	2	torch-2.14.0+cu130
torch-compile	varying	2	101	1231.2	3	torch-2.14.0+cu130
torch-compile	varying	2	102	1689.4	5	torch-2.14.0+cu130
torch-compile	varying	2	103	1896.9	6	torch-2.14.0+cu130
torch-compile	varying	2	104	1022.8	2	torch-2.14.0+cu130
torch-compile	varying	2	105	1252.4	3	torch-2.14.0+cu130
torch-compile	varying	2	106	1694.2	5	torch-2.14.0+cu130
torch-compile	varying	2	107	1924.0	6	torch-2.14.0+cu130
torch-compile	varying	2	108	998.7	2	torch-2.14.0+cu130
torch-compile	varying	2	109	1237.9	3	torch-2.14.0+cu130
torch-compile	varying	2	110	1664.9	5	torch-2.14.0+cu130
torch-compile	varying	2	111	1930.7	6	torch-2.14.0+cu130
torch-compile	varying	2	112	1039.7	2	torch-2.14.0+cu130
torch-compile	varying	2	113	1225.0	3	torch-2.14.0+cu130
torch-compile	varying	2	114	1674.2	5	torch-2.14.0+cu130
torch-compile	varying	2	115	1987.5	6	torch-2.14.0+cu130
torch-compile	varying	2	116	988.7	2	torch-2.14.0+cu130
torch-compile	varying	2	117	1224.5	3	torch-2.14.0+cu130
torch-compile	varying	2	118	1694.2	5	torch-2.14.0+cu130
torch-compile	varying	2	119	1900.9	6	torch-2.14.0+cu130
torch-compile	varying	2	120	1006.1	2	torch-2.14.0+cu130
torch-compile	varying	2	121	1225.7	3	torch-2.14.0+cu130
torch-compile	varying	2	122	1669.4	5	torch-2.14.0+cu130
torch-compile	varying	2	123	1911.9	6	torch-2.14.0+cu130
torch-compile	varying	2	124	983.5	2	torch-2.14.0+cu130
torch-compile	varying	2	125	1206.4	3	torch-2.14.0+cu130
torch-compile	varying	2	126	1678.0	5	torch-2.14.0+cu130
torch-compile	varying	2	127	1980.5	6	torch-2.14.0+cu130
torch-compile	varying	2	128	1041.9	2	torch-2.14.0+cu130
torch-compile	varying	2	129	1298.2	3	torch-2.14.0+cu130
torch-compile	varying	2	130	1687.5	5	torch-2.14.0+cu130
torch-compile	varying	2	131	1925.7	6	torch-2.14.0+cu130
torch-compile	varying	2	132	1010.9	2	torch-2.14.0+cu130
torch-compile	varying	2	133	1226.7	3	torch-2.14.0+cu130
torch-compile	varying	2	134	1677.5	5	torch-2.14.0+cu130
torch-compile	varying	2	135	1926.9	6	torch-2.14.0+cu130
torch-compile	varying	2	136	981.1	2	torch-2.14.0+cu130
torch-compile	varying	2	137	1204.7	3	torch-2.14.0+cu130
torch-compile	varying	2	138	1778.4	5	torch-2.14.0+cu130
torch-compile	varying	2	139	1908.3	6	torch-2.14.0+cu130
torch-compile	varying	2	140	1003.7	2	torch-2.14.0+cu130
torch-compile	varying	2	141	1210.5	3	torch-2.14.0+cu130
torch-compile	varying	2	142	1722.1	5	torch-2.14.0+cu130
torch-compile	varying	2	143	1920.0	6	torch-2.14.0+cu130
torch-compile	varying	2	144	976.6	2	torch-2.14.0+cu130
torch-compile	varying	2	145	1231.7	3	torch-2.14.0+cu130
torch-compile	varying	2	146	1664.6	5	torch-2.14.0+cu130
torch-compile	varying	2	147	1916.2	6	torch-2.14.0+cu130
torch-compile	varying	2	148	1007.6	2	torch-2.14.0+cu130
torch-compile	varying	2	149	1184.0	3	torch-2.14.0+cu130
torch-compile	varying	2	150	1612.7	5	torch-2.14.0+cu130
torch-compile	varying	2	151	1859.7	6	torch-2.14.0+cu130
torch-compile	varying	2	152	972.3	2	torch-2.14.0+cu130
torch-compile	varying	2	153	1163.5	3	torch-2.14.0+cu130
torch-compile	varying	2	154	1635.8	5	torch-2.14.0+cu130
torch-compile	varying	2	155	1833.4	6	torch-2.14.0+cu130
torch-compile	varying	2	156	959.4	2	torch-2.14.0+cu130
torch-compile	varying	2	157	1724.2	3	torch-2.14.0+cu130
torch-compile	varying	2	158	1622.4	5	torch-2.14.0+cu130
torch-compile	varying	2	159	1835.3	6	torch-2.14.0+cu130
torch-compile	varying	2	160	977.3	2	torch-2.14.0+cu130
torch-compile	varying	2	161	1272.9	3	torch-2.14.0+cu130
torch-compile	varying	2	162	1611.7	5	torch-2.14.0+cu130
torch-compile	varying	2	163	1842.0	6	torch-2.14.0+cu130
torch-compile	varying	2	164	948.9	2	torch-2.14.0+cu130
torch-compile	varying	2	165	1190.2	3	torch-2.14.0+cu130
torch-compile	varying	2	166	1636.3	5	torch-2.14.0+cu130
torch-compile	varying	2	167	1803.2	6	torch-2.14.0+cu130
torch-compile	varying	2	168	942.9	2	torch-2.14.0+cu130
torch-compile	varying	2	169	1159.2	3	torch-2.14.0+cu130
torch-compile	varying	2	170	1613.6	5	torch-2.14.0+cu130
torch-compile	varying	2	171	1823.9	6	torch-2.14.0+cu130
torch-compile	varying	2	172	963.7	2	torch-2.14.0+cu130
torch-compile	varying	2	173	1227.6	3	torch-2.14.0+cu130
torch-compile	varying	2	174	1619.1	5	torch-2.14.0+cu130
torch-compile	varying	2	175	1825.3	6	torch-2.14.0+cu130
torch-compile	varying	2	176	964.2	2	torch-2.14.0+cu130
torch-compile	varying	2	177	1172.8	3	torch-2.14.0+cu130
torch-compile	varying	2	178	1623.6	5	torch-2.14.0+cu130
torch-compile	varying	2	179	1827.0	6	torch-2.14.0+cu130
torch-compile	varying	2	180	973.5	2	torch-2.14.0+cu130
torch-compile	varying	2	181	1162.8	3	torch-2.14.0+cu130
torch-compile	varying	2	182	1587.2	5	torch-2.14.0+cu130
torch-compile	varying	2	183	1828.2	6	torch-2.14.0+cu130
torch-compile	varying	2	184	964.6	2	torch-2.14.0+cu130
torch-compile	varying	2	185	1217.4	3	torch-2.14.0+cu130
torch-compile	varying	2	186	1601.7	5	torch-2.14.0+cu130
torch-compile	varying	2	187	1832.5	6	torch-2.14.0+cu130
torch-compile	varying	2	188	936.5	2	torch-2.14.0+cu130
torch-compile	varying	2	189	1176.8	3	torch-2.14.0+cu130
torch-compile	varying	2	190	1639.4	5	torch-2.14.0+cu130
torch-compile	varying	2	191	1823.4	6	torch-2.14.0+cu130
torch-compile	varying	2	192	966.5	2	torch-2.14.0+cu130
torch-compile	varying	2	193	1189.2	3	torch-2.14.0+cu130
torch-compile	varying	2	194	1613.4	5	torch-2.14.0+cu130
torch-compile	varying	2	195	1834.9	6	torch-2.14.0+cu130
torch-compile	varying	2	196	1025.4	2	torch-2.14.0+cu130
torch-compile	varying	2	197	1224.3	3	torch-2.14.0+cu130
torch-compile	varying	2	198	1601.0	5	torch-2.14.0+cu130
torch-compile	varying	2	199	1824.1	6	torch-2.14.0+cu130
torch-compile-ro	varying	2	0	848399.6	2	torch-2.14.0+cu130
torch-compile-ro	varying	2	1	40058.4	3	torch-2.14.0+cu130
torch-compile-ro	varying	2	2	11402.8	5	torch-2.14.0+cu130
torch-compile-ro	varying	2	3	8350.1	6	torch-2.14.0+cu130
torch-compile-ro	varying	2	4	3977.8	2	torch-2.14.0+cu130
torch-compile-ro	varying	2	5	1280.8	3	torch-2.14.0+cu130
torch-compile-ro	varying	2	6	1653.7	5	torch-2.14.0+cu130
torch-compile-ro	varying	2	7	1851.1	6	torch-2.14.0+cu130
torch-compile-ro	varying	2	8	970.1	2	torch-2.14.0+cu130
torch-compile-ro	varying	2	9	1205.2	3	torch-2.14.0+cu130
torch-compile-ro	varying	2	10	1626.0	5	torch-2.14.0+cu130
torch-compile-ro	varying	2	11	1808.2	6	torch-2.14.0+cu130
torch-compile-ro	varying	2	12	977.5	2	torch-2.14.0+cu130
torch-compile-ro	varying	2	13	1190.9	3	torch-2.14.0+cu130
torch-compile-ro	varying	2	14	1668.5	5	torch-2.14.0+cu130
torch-compile-ro	varying	2	15	1785.0	6	torch-2.14.0+cu130
torch-compile-ro	varying	2	16	970.1	2	torch-2.14.0+cu130
torch-compile-ro	varying	2	17	1171.6	3	torch-2.14.0+cu130
torch-compile-ro	varying	2	18	1622.4	5	torch-2.14.0+cu130
torch-compile-ro	varying	2	19	1792.0	6	torch-2.14.0+cu130
torch-compile-ro	varying	2	20	952.2	2	torch-2.14.0+cu130
torch-compile-ro	varying	2	21	1181.8	3	torch-2.14.0+cu130
torch-compile-ro	varying	2	22	1619.6	5	torch-2.14.0+cu130
torch-compile-ro	varying	2	23	1805.3	6	torch-2.14.0+cu130
torch-compile-ro	varying	2	24	961.3	2	torch-2.14.0+cu130
torch-compile-ro	varying	2	25	1591.7	3	torch-2.14.0+cu130
torch-compile-ro	varying	2	26	1617.0	5	torch-2.14.0+cu130
torch-compile-ro	varying	2	27	1912.8	6	torch-2.14.0+cu130
torch-compile-ro	varying	2	28	951.3	2	torch-2.14.0+cu130
torch-compile-ro	varying	2	29	1178.3	3	torch-2.14.0+cu130
torch-compile-ro	varying	2	30	1613.4	5	torch-2.14.0+cu130
torch-compile-ro	varying	2	31	1805.5	6	torch-2.14.0+cu130
torch-compile-ro	varying	2	32	969.9	2	torch-2.14.0+cu130
torch-compile-ro	varying	2	33	1174.0	3	torch-2.14.0+cu130
torch-compile-ro	varying	2	34	1617.7	5	torch-2.14.0+cu130
torch-compile-ro	varying	2	35	1774.5	6	torch-2.14.0+cu130
torch-compile-ro	varying	2	36	998.5	2	torch-2.14.0+cu130
torch-compile-ro	varying	2	37	1202.6	3	torch-2.14.0+cu130
torch-compile-ro	varying	2	38	1592.4	5	torch-2.14.0+cu130
torch-compile-ro	varying	2	39	1830.6	6	torch-2.14.0+cu130
torch-compile-ro	varying	2	40	1022.3	2	torch-2.14.0+cu130
torch-compile-ro	varying	2	41	1216.4	3	torch-2.14.0+cu130
torch-compile-ro	varying	2	42	1629.8	5	torch-2.14.0+cu130
torch-compile-ro	varying	2	43	1865.1	6	torch-2.14.0+cu130
torch-compile-ro	varying	2	44	972.0	2	torch-2.14.0+cu130
torch-compile-ro	varying	2	45	1239.1	3	torch-2.14.0+cu130
torch-compile-ro	varying	2	46	1577.1	5	torch-2.14.0+cu130
torch-compile-ro	varying	2	47	1787.7	6	torch-2.14.0+cu130
torch-compile-ro	varying	2	48	970.6	2	torch-2.14.0+cu130
torch-compile-ro	varying	2	49	1174.0	3	torch-2.14.0+cu130
torch-compile-ro	varying	2	50	1604.8	5	torch-2.14.0+cu130
torch-compile-ro	varying	2	51	1800.3	6	torch-2.14.0+cu130
torch-compile-ro	varying	2	52	963.0	2	torch-2.14.0+cu130
torch-compile-ro	varying	2	53	1175.2	3	torch-2.14.0+cu130
torch-compile-ro	varying	2	54	1612.7	5	torch-2.14.0+cu130
torch-compile-ro	varying	2	55	1818.7	6	torch-2.14.0+cu130
torch-compile-ro	varying	2	56	977.3	2	torch-2.14.0+cu130
torch-compile-ro	varying	2	57	1174.0	3	torch-2.14.0+cu130
torch-compile-ro	varying	2	58	1611.7	5	torch-2.14.0+cu130
torch-compile-ro	varying	2	59	1811.0	6	torch-2.14.0+cu130
torch-compile-ro	varying	2	60	958.9	2	torch-2.14.0+cu130
torch-compile-ro	varying	2	61	1169.0	3	torch-2.14.0+cu130
torch-compile-ro	varying	2	62	1593.6	5	torch-2.14.0+cu130
torch-compile-ro	varying	2	63	1821.8	6	torch-2.14.0+cu130
torch-compile-ro	varying	2	64	976.3	2	torch-2.14.0+cu130
torch-compile-ro	varying	2	65	1230.0	3	torch-2.14.0+cu130
torch-compile-ro	varying	2	66	1635.8	5	torch-2.14.0+cu130
torch-compile-ro	varying	2	67	1812.5	6	torch-2.14.0+cu130
torch-compile-ro	varying	2	68	984.9	2	torch-2.14.0+cu130
torch-compile-ro	varying	2	69	1171.6	3	torch-2.14.0+cu130
torch-compile-ro	varying	2	70	1612.4	5	torch-2.14.0+cu130
torch-compile-ro	varying	2	71	1837.3	6	torch-2.14.0+cu130
torch-compile-ro	varying	2	72	948.9	2	torch-2.14.0+cu130
torch-compile-ro	varying	2	73	1166.1	3	torch-2.14.0+cu130
torch-compile-ro	varying	2	74	1607.7	5	torch-2.14.0+cu130
torch-compile-ro	varying	2	75	1834.9	6	torch-2.14.0+cu130
torch-compile-ro	varying	2	76	1001.8	2	torch-2.14.0+cu130
torch-compile-ro	varying	2	77	1210.9	3	torch-2.14.0+cu130
torch-compile-ro	varying	2	78	1609.1	5	torch-2.14.0+cu130
torch-compile-ro	varying	2	79	1826.8	6	torch-2.14.0+cu130
torch-compile-ro	varying	2	80	994.9	2	torch-2.14.0+cu130
torch-compile-ro	varying	2	81	1198.1	3	torch-2.14.0+cu130
torch-compile-ro	varying	2	82	1617.0	5	torch-2.14.0+cu130
torch-compile-ro	varying	2	83	1828.0	6	torch-2.14.0+cu130
torch-compile-ro	varying	2	84	975.8	2	torch-2.14.0+cu130
torch-compile-ro	varying	2	85	1182.3	3	torch-2.14.0+cu130
torch-compile-ro	varying	2	86	1582.1	5	torch-2.14.0+cu130
torch-compile-ro	varying	2	87	1824.6	6	torch-2.14.0+cu130
torch-compile-ro	varying	2	88	1032.1	2	torch-2.14.0+cu130
torch-compile-ro	varying	2	89	1192.1	3	torch-2.14.0+cu130
torch-compile-ro	varying	2	90	1622.7	5	torch-2.14.0+cu130
torch-compile-ro	varying	2	91	1838.0	6	torch-2.14.0+cu130
torch-compile-ro	varying	2	92	992.3	2	torch-2.14.0+cu130
torch-compile-ro	varying	2	93	1185.7	3	torch-2.14.0+cu130
torch-compile-ro	varying	2	94	1646.5	5	torch-2.14.0+cu130
torch-compile-ro	varying	2	95	1822.0	6	torch-2.14.0+cu130
torch-compile-ro	varying	2	96	988.0	2	torch-2.14.0+cu130
torch-compile-ro	varying	2	97	1183.5	3	torch-2.14.0+cu130
torch-compile-ro	varying	2	98	1655.6	5	torch-2.14.0+cu130
torch-compile-ro	varying	2	99	1805.3	6	torch-2.14.0+cu130
torch-compile-ro	varying	2	100	962.7	2	torch-2.14.0+cu130
torch-compile-ro	varying	2	101	1178.5	3	torch-2.14.0+cu130
torch-compile-ro	varying	2	102	1606.2	5	torch-2.14.0+cu130
torch-compile-ro	varying	2	103	1812.7	6	torch-2.14.0+cu130
torch-compile-ro	varying	2	104	961.3	2	torch-2.14.0+cu130
torch-compile-ro	varying	2	105	1195.7	3	torch-2.14.0+cu130
torch-compile-ro	varying	2	106	1607.2	5	torch-2.14.0+cu130
torch-compile-ro	varying	2	107	1838.0	6	torch-2.14.0+cu130
torch-compile-ro	varying	2	108	986.3	2	torch-2.14.0+cu130
torch-compile-ro	varying	2	109	1234.1	3	torch-2.14.0+cu130
torch-compile-ro	varying	2	110	1603.1	5	torch-2.14.0+cu130
torch-compile-ro	varying	2	111	1816.0	6	torch-2.14.0+cu130
torch-compile-ro	varying	2	112	975.8	2	torch-2.14.0+cu130
torch-compile-ro	varying	2	113	1200.7	3	torch-2.14.0+cu130
torch-compile-ro	varying	2	114	1602.4	5	torch-2.14.0+cu130
torch-compile-ro	varying	2	115	1822.5	6	torch-2.14.0+cu130
torch-compile-ro	varying	2	116	985.4	2	torch-2.14.0+cu130
torch-compile-ro	varying	2	117	1207.6	3	torch-2.14.0+cu130
torch-compile-ro	varying	2	118	1603.8	5	torch-2.14.0+cu130
torch-compile-ro	varying	2	119	1804.1	6	torch-2.14.0+cu130
torch-compile-ro	varying	2	120	981.6	2	torch-2.14.0+cu130
torch-compile-ro	varying	2	121	1162.3	3	torch-2.14.0+cu130
torch-compile-ro	varying	2	122	1621.7	5	torch-2.14.0+cu130
torch-compile-ro	varying	2	123	1824.4	6	torch-2.14.0+cu130
torch-compile-ro	varying	2	124	960.8	2	torch-2.14.0+cu130
torch-compile-ro	varying	2	125	1179.0	3	torch-2.14.0+cu130
torch-compile-ro	varying	2	126	1604.8	5	torch-2.14.0+cu130
torch-compile-ro	varying	2	127	1820.1	6	torch-2.14.0+cu130
torch-compile-ro	varying	2	128	951.5	2	torch-2.14.0+cu130
torch-compile-ro	varying	2	129	1207.1	3	torch-2.14.0+cu130
torch-compile-ro	varying	2	130	1620.3	5	torch-2.14.0+cu130
torch-compile-ro	varying	2	131	1822.9	6	torch-2.14.0+cu130
torch-compile-ro	varying	2	132	956.1	2	torch-2.14.0+cu130
torch-compile-ro	varying	2	133	1162.8	3	torch-2.14.0+cu130
torch-compile-ro	varying	2	134	1589.1	5	torch-2.14.0+cu130
torch-compile-ro	varying	2	135	1797.9	6	torch-2.14.0+cu130
torch-compile-ro	varying	2	136	975.1	2	torch-2.14.0+cu130
torch-compile-ro	varying	2	137	1157.0	3	torch-2.14.0+cu130
torch-compile-ro	varying	2	138	1572.4	5	torch-2.14.0+cu130
torch-compile-ro	varying	2	139	1814.1	6	torch-2.14.0+cu130
torch-compile-ro	varying	2	140	954.6	2	torch-2.14.0+cu130
torch-compile-ro	varying	2	141	1199.7	3	torch-2.14.0+cu130
torch-compile-ro	varying	2	142	1582.6	5	torch-2.14.0+cu130
torch-compile-ro	varying	2	143	1775.0	6	torch-2.14.0+cu130
torch-compile-ro	varying	2	144	1004.0	2	torch-2.14.0+cu130
torch-compile-ro	varying	2	145	1156.6	3	torch-2.14.0+cu130
torch-compile-ro	varying	2	146	1603.8	5	torch-2.14.0+cu130
torch-compile-ro	varying	2	147	1802.2	6	torch-2.14.0+cu130
torch-compile-ro	varying	2	148	943.2	2	torch-2.14.0+cu130
torch-compile-ro	varying	2	149	1182.3	3	torch-2.14.0+cu130
torch-compile-ro	varying	2	150	1566.2	5	torch-2.14.0+cu130
torch-compile-ro	varying	2	151	1756.2	6	torch-2.14.0+cu130
torch-compile-ro	varying	2	152	941.8	2	torch-2.14.0+cu130
torch-compile-ro	varying	2	153	1170.9	3	torch-2.14.0+cu130
torch-compile-ro	varying	2	154	1613.9	5	torch-2.14.0+cu130
torch-compile-ro	varying	2	155	1757.9	6	torch-2.14.0+cu130
torch-compile-ro	varying	2	156	952.2	2	torch-2.14.0+cu130
torch-compile-ro	varying	2	157	1162.3	3	torch-2.14.0+cu130
torch-compile-ro	varying	2	158	1576.9	5	torch-2.14.0+cu130
torch-compile-ro	varying	2	159	1809.1	6	torch-2.14.0+cu130
torch-compile-ro	varying	2	160	944.4	2	torch-2.14.0+cu130
torch-compile-ro	varying	2	161	1184.9	3	torch-2.14.0+cu130
torch-compile-ro	varying	2	162	1559.3	5	torch-2.14.0+cu130
torch-compile-ro	varying	2	163	1771.2	6	torch-2.14.0+cu130
torch-compile-ro	varying	2	164	942.0	2	torch-2.14.0+cu130
torch-compile-ro	varying	2	165	1160.1	3	torch-2.14.0+cu130
torch-compile-ro	varying	2	166	1598.4	5	torch-2.14.0+cu130
torch-compile-ro	varying	2	167	1788.1	6	torch-2.14.0+cu130
torch-compile-ro	varying	2	168	938.9	2	torch-2.14.0+cu130
torch-compile-ro	varying	2	169	1151.3	3	torch-2.14.0+cu130
torch-compile-ro	varying	2	170	1565.0	5	torch-2.14.0+cu130
torch-compile-ro	varying	2	171	1785.0	6	torch-2.14.0+cu130
torch-compile-ro	varying	2	172	958.7	2	torch-2.14.0+cu130
torch-compile-ro	varying	2	173	1163.7	3	torch-2.14.0+cu130
torch-compile-ro	varying	2	174	1564.0	5	torch-2.14.0+cu130
torch-compile-ro	varying	2	175	1755.7	6	torch-2.14.0+cu130
torch-compile-ro	varying	2	176	953.2	2	torch-2.14.0+cu130
torch-compile-ro	varying	2	177	1159.7	3	torch-2.14.0+cu130
torch-compile-ro	varying	2	178	1555.0	5	torch-2.14.0+cu130
torch-compile-ro	varying	2	179	1785.0	6	torch-2.14.0+cu130
torch-compile-ro	varying	2	180	940.6	2	torch-2.14.0+cu130
torch-compile-ro	varying	2	181	1173.5	3	torch-2.14.0+cu130
torch-compile-ro	varying	2	182	1582.6	5	torch-2.14.0+cu130
torch-compile-ro	varying	2	183	1805.8	6	torch-2.14.0+cu130
torch-compile-ro	varying	2	184	931.5	2	torch-2.14.0+cu130
torch-compile-ro	varying	2	185	1184.0	3	torch-2.14.0+cu130
torch-compile-ro	varying	2	186	1568.6	5	torch-2.14.0+cu130
torch-compile-ro	varying	2	187	1781.2	6	torch-2.14.0+cu130
torch-compile-ro	varying	2	188	940.8	2	torch-2.14.0+cu130
torch-compile-ro	varying	2	189	1152.3	3	torch-2.14.0+cu130
torch-compile-ro	varying	2	190	1573.1	5	torch-2.14.0+cu130
torch-compile-ro	varying	2	191	1789.8	6	torch-2.14.0+cu130
torch-compile-ro	varying	2	192	930.5	2	torch-2.14.0+cu130
torch-compile-ro	varying	2	193	1193.0	3	torch-2.14.0+cu130
torch-compile-ro	varying	2	194	1575.2	5	torch-2.14.0+cu130
torch-compile-ro	varying	2	195	1775.7	6	torch-2.14.0+cu130
torch-compile-ro	varying	2	196	939.8	2	torch-2.14.0+cu130
torch-compile-ro	varying	2	197	1167.8	3	torch-2.14.0+cu130
torch-compile-ro	varying	2	198	1544.5	5	torch-2.14.0+cu130
torch-compile-ro	varying	2	199	1743.6	6	torch-2.14.0+cu130
torch-compile-mat	varying	2	0	847810.3	2	torch-2.14.0+cu130
torch-compile-mat	varying	2	1	39441.1	3	torch-2.14.0+cu130
torch-compile-mat	varying	2	2	10733.1	5	torch-2.14.0+cu130
torch-compile-mat	varying	2	3	7692.3	6	torch-2.14.0+cu130
torch-compile-mat	varying	2	4	3823.3	2	torch-2.14.0+cu130
torch-compile-mat	varying	2	5	1203.1	3	torch-2.14.0+cu130
torch-compile-mat	varying	2	6	1590.0	5	torch-2.14.0+cu130
torch-compile-mat	varying	2	7	1745.7	6	torch-2.14.0+cu130
torch-compile-mat	varying	2	8	937.0	2	torch-2.14.0+cu130
torch-compile-mat	varying	2	9	1150.4	3	torch-2.14.0+cu130
torch-compile-mat	varying	2	10	1522.8	5	torch-2.14.0+cu130
torch-compile-mat	varying	2	11	1743.1	6	torch-2.14.0+cu130
torch-compile-mat	varying	2	12	917.7	2	torch-2.14.0+cu130
torch-compile-mat	varying	2	13	1142.7	3	torch-2.14.0+cu130
torch-compile-mat	varying	2	14	1529.2	5	torch-2.14.0+cu130
torch-compile-mat	varying	2	15	1693.2	6	torch-2.14.0+cu130
torch-compile-mat	varying	2	16	940.8	2	torch-2.14.0+cu130
torch-compile-mat	varying	2	17	1122.7	3	torch-2.14.0+cu130
torch-compile-mat	varying	2	18	1524.4	5	torch-2.14.0+cu130
torch-compile-mat	varying	2	19	1736.2	6	torch-2.14.0+cu130
torch-compile-mat	varying	2	20	926.0	2	torch-2.14.0+cu130
torch-compile-mat	varying	2	21	1119.4	3	torch-2.14.0+cu130
torch-compile-mat	varying	2	22	1529.5	5	torch-2.14.0+cu130
torch-compile-mat	varying	2	23	1706.6	6	torch-2.14.0+cu130
torch-compile-mat	varying	2	24	955.1	2	torch-2.14.0+cu130
torch-compile-mat	varying	2	25	1118.7	3	torch-2.14.0+cu130
torch-compile-mat	varying	2	26	1538.3	5	torch-2.14.0+cu130
torch-compile-mat	varying	2	27	1722.3	6	torch-2.14.0+cu130
torch-compile-mat	varying	2	28	938.9	2	torch-2.14.0+cu130
torch-compile-mat	varying	2	29	1121.8	3	torch-2.14.0+cu130
torch-compile-mat	varying	2	30	1527.1	5	torch-2.14.0+cu130
torch-compile-mat	varying	2	31	1739.3	6	torch-2.14.0+cu130
torch-compile-mat	varying	2	32	930.8	2	torch-2.14.0+cu130
torch-compile-mat	varying	2	33	1146.1	3	torch-2.14.0+cu130
torch-compile-mat	varying	2	34	1532.8	5	torch-2.14.0+cu130
torch-compile-mat	varying	2	35	1706.6	6	torch-2.14.0+cu130
torch-compile-mat	varying	2	36	926.3	2	torch-2.14.0+cu130
torch-compile-mat	varying	2	37	1121.0	3	torch-2.14.0+cu130
torch-compile-mat	varying	2	38	1523.7	5	torch-2.14.0+cu130
torch-compile-mat	varying	2	39	1713.3	6	torch-2.14.0+cu130
torch-compile-mat	varying	2	40	929.6	2	torch-2.14.0+cu130
torch-compile-mat	varying	2	41	1148.9	3	torch-2.14.0+cu130
torch-compile-mat	varying	2	42	1511.1	5	torch-2.14.0+cu130
torch-compile-mat	varying	2	43	1699.9	6	torch-2.14.0+cu130
torch-compile-mat	varying	2	44	908.1	2	torch-2.14.0+cu130
torch-compile-mat	varying	2	45	1119.6	3	torch-2.14.0+cu130
torch-compile-mat	varying	2	46	1556.2	5	torch-2.14.0+cu130
torch-compile-mat	varying	2	47	1699.2	6	torch-2.14.0+cu130
torch-compile-mat	varying	2	48	921.0	2	torch-2.14.0+cu130
torch-compile-mat	varying	2	49	1107.9	3	torch-2.14.0+cu130
torch-compile-mat	varying	2	50	1527.8	5	torch-2.14.0+cu130
torch-compile-mat	varying	2	51	1713.5	6	torch-2.14.0+cu130
torch-compile-mat	varying	2	52	982.8	2	torch-2.14.0+cu130
torch-compile-mat	varying	2	53	1159.7	3	torch-2.14.0+cu130
torch-compile-mat	varying	2	54	1524.9	5	torch-2.14.0+cu130
torch-compile-mat	varying	2	55	1743.1	6	torch-2.14.0+cu130
torch-compile-mat	varying	2	56	930.5	2	torch-2.14.0+cu130
torch-compile-mat	varying	2	57	1177.3	3	torch-2.14.0+cu130
torch-compile-mat	varying	2	58	1517.1	5	torch-2.14.0+cu130
torch-compile-mat	varying	2	59	1707.3	6	torch-2.14.0+cu130
torch-compile-mat	varying	2	60	933.4	2	torch-2.14.0+cu130
torch-compile-mat	varying	2	61	1143.5	3	torch-2.14.0+cu130
torch-compile-mat	varying	2	62	1527.1	5	torch-2.14.0+cu130
torch-compile-mat	varying	2	63	1719.5	6	torch-2.14.0+cu130
torch-compile-mat	varying	2	64	950.1	2	torch-2.14.0+cu130
torch-compile-mat	varying	2	65	1133.7	3	torch-2.14.0+cu130
torch-compile-mat	varying	2	66	1522.1	5	torch-2.14.0+cu130
torch-compile-mat	varying	2	67	1720.4	6	torch-2.14.0+cu130
torch-compile-mat	varying	2	68	920.3	2	torch-2.14.0+cu130
torch-compile-mat	varying	2	69	1128.2	3	torch-2.14.0+cu130
torch-compile-mat	varying	2	70	1508.7	5	torch-2.14.0+cu130
torch-compile-mat	varying	2	71	1718.5	6	torch-2.14.0+cu130
torch-compile-mat	varying	2	72	963.0	2	torch-2.14.0+cu130
torch-compile-mat	varying	2	73	1111.7	3	torch-2.14.0+cu130
torch-compile-mat	varying	2	74	1517.5	5	torch-2.14.0+cu130
torch-compile-mat	varying	2	75	1720.4	6	torch-2.14.0+cu130
torch-compile-mat	varying	2	76	915.8	2	torch-2.14.0+cu130
torch-compile-mat	varying	2	77	1138.0	3	torch-2.14.0+cu130
torch-compile-mat	varying	2	78	1511.3	5	torch-2.14.0+cu130
torch-compile-mat	varying	2	79	1712.6	6	torch-2.14.0+cu130
torch-compile-mat	varying	2	80	952.7	2	torch-2.14.0+cu130
torch-compile-mat	varying	2	81	1136.8	3	torch-2.14.0+cu130
torch-compile-mat	varying	2	82	1489.9	5	torch-2.14.0+cu130
torch-compile-mat	varying	2	83	1732.6	6	torch-2.14.0+cu130
torch-compile-mat	varying	2	84	956.8	2	torch-2.14.0+cu130
torch-compile-mat	varying	2	85	1098.4	3	torch-2.14.0+cu130
torch-compile-mat	varying	2	86	1531.8	5	torch-2.14.0+cu130
torch-compile-mat	varying	2	87	1721.1	6	torch-2.14.0+cu130
torch-compile-mat	varying	2	88	926.3	2	torch-2.14.0+cu130
torch-compile-mat	varying	2	89	1159.4	3	torch-2.14.0+cu130
torch-compile-mat	varying	2	90	1520.2	5	torch-2.14.0+cu130
torch-compile-mat	varying	2	91	1725.4	6	torch-2.14.0+cu130
torch-compile-mat	varying	2	92	918.4	2	torch-2.14.0+cu130
torch-compile-mat	varying	2	93	1138.2	3	torch-2.14.0+cu130
torch-compile-mat	varying	2	94	1496.8	5	torch-2.14.0+cu130
torch-compile-mat	varying	2	95	1733.8	6	torch-2.14.0+cu130
torch-compile-mat	varying	2	96	950.1	2	torch-2.14.0+cu130
torch-compile-mat	varying	2	97	1153.5	3	torch-2.14.0+cu130
torch-compile-mat	varying	2	98	1502.3	5	torch-2.14.0+cu130
torch-compile-mat	varying	2	99	1700.9	6	torch-2.14.0+cu130
torch-compile-mat	varying	2	100	938.9	2	torch-2.14.0+cu130
torch-compile-mat	varying	2	101	1155.9	3	torch-2.14.0+cu130
torch-compile-mat	varying	2	102	1511.6	5	torch-2.14.0+cu130
torch-compile-mat	varying	2	103	1729.7	6	torch-2.14.0+cu130
torch-compile-mat	varying	2	104	933.2	2	torch-2.14.0+cu130
torch-compile-mat	varying	2	105	1127.0	3	torch-2.14.0+cu130
torch-compile-mat	varying	2	106	1559.3	5	torch-2.14.0+cu130
torch-compile-mat	varying	2	107	1743.8	6	torch-2.14.0+cu130
torch-compile-mat	varying	2	108	936.5	2	torch-2.14.0+cu130
torch-compile-mat	varying	2	109	1133.7	3	torch-2.14.0+cu130
torch-compile-mat	varying	2	110	1510.1	5	torch-2.14.0+cu130
torch-compile-mat	varying	2	111	1701.8	6	torch-2.14.0+cu130
torch-compile-mat	varying	2	112	928.4	2	torch-2.14.0+cu130
torch-compile-mat	varying	2	113	1123.7	3	torch-2.14.0+cu130
torch-compile-mat	varying	2	114	1548.1	5	torch-2.14.0+cu130
torch-compile-mat	varying	2	115	1698.7	6	torch-2.14.0+cu130
torch-compile-mat	varying	2	116	975.4	2	torch-2.14.0+cu130
torch-compile-mat	varying	2	117	1115.8	3	torch-2.14.0+cu130
torch-compile-mat	varying	2	118	1497.0	5	torch-2.14.0+cu130
torch-compile-mat	varying	2	119	1696.8	6	torch-2.14.0+cu130
torch-compile-mat	varying	2	120	919.6	2	torch-2.14.0+cu130
torch-compile-mat	varying	2	121	1140.4	3	torch-2.14.0+cu130
torch-compile-mat	varying	2	122	1518.0	5	torch-2.14.0+cu130
torch-compile-mat	varying	2	123	1704.0	6	torch-2.14.0+cu130
torch-compile-mat	varying	2	124	925.1	2	torch-2.14.0+cu130
torch-compile-mat	varying	2	125	1132.5	3	torch-2.14.0+cu130
torch-compile-mat	varying	2	126	1519.2	5	torch-2.14.0+cu130
torch-compile-mat	varying	2	127	1697.3	6	torch-2.14.0+cu130
torch-compile-mat	varying	2	128	922.2	2	torch-2.14.0+cu130
torch-compile-mat	varying	2	129	1141.1	3	torch-2.14.0+cu130
torch-compile-mat	varying	2	130	1515.9	5	torch-2.14.0+cu130
torch-compile-mat	varying	2	131	1735.7	6	torch-2.14.0+cu130
torch-compile-mat	varying	2	132	980.6	2	torch-2.14.0+cu130
torch-compile-mat	varying	2	133	1121.5	3	torch-2.14.0+cu130
torch-compile-mat	varying	2	134	1508.2	5	torch-2.14.0+cu130
torch-compile-mat	varying	2	135	1722.1	6	torch-2.14.0+cu130
torch-compile-mat	varying	2	136	949.1	2	torch-2.14.0+cu130
torch-compile-mat	varying	2	137	1120.3	3	torch-2.14.0+cu130
torch-compile-mat	varying	2	138	1514.7	5	torch-2.14.0+cu130
torch-compile-mat	varying	2	139	1702.1	6	torch-2.14.0+cu130
torch-compile-mat	varying	2	140	942.5	2	torch-2.14.0+cu130
torch-compile-mat	varying	2	141	1090.5	3	torch-2.14.0+cu130
torch-compile-mat	varying	2	142	1464.4	5	torch-2.14.0+cu130
torch-compile-mat	varying	2	143	1669.9	6	torch-2.14.0+cu130
torch-compile-mat	varying	2	144	967.5	2	torch-2.14.0+cu130
torch-compile-mat	varying	2	145	1099.8	3	torch-2.14.0+cu130
torch-compile-mat	varying	2	146	1471.0	5	torch-2.14.0+cu130
torch-compile-mat	varying	2	147	1656.1	6	torch-2.14.0+cu130
torch-compile-mat	varying	2	148	922.9	2	torch-2.14.0+cu130
torch-compile-mat	varying	2	149	1129.9	3	torch-2.14.0+cu130
torch-compile-mat	varying	2	150	1476.8	5	torch-2.14.0+cu130
torch-compile-mat	varying	2	151	1674.2	6	torch-2.14.0+cu130
torch-compile-mat	varying	2	152	912.9	2	torch-2.14.0+cu130
torch-compile-mat	varying	2	153	1092.2	3	torch-2.14.0+cu130
torch-compile-mat	varying	2	154	1477.7	5	torch-2.14.0+cu130
torch-compile-mat	varying	2	155	1654.9	6	torch-2.14.0+cu130
torch-compile-mat	varying	2	156	921.0	2	torch-2.14.0+cu130
torch-compile-mat	varying	2	157	1132.2	3	torch-2.14.0+cu130
torch-compile-mat	varying	2	158	1493.0	5	torch-2.14.0+cu130
torch-compile-mat	varying	2	159	1662.3	6	torch-2.14.0+cu130
torch-compile-mat	varying	2	160	952.0	2	torch-2.14.0+cu130
torch-compile-mat	varying	2	161	1105.1	3	torch-2.14.0+cu130
torch-compile-mat	varying	2	162	1467.0	5	torch-2.14.0+cu130
torch-compile-mat	varying	2	163	1671.1	6	torch-2.14.0+cu130
torch-compile-mat	varying	2	164	917.7	2	torch-2.14.0+cu130
torch-compile-mat	varying	2	165	1088.9	3	torch-2.14.0+cu130
torch-compile-mat	varying	2	166	1507.5	5	torch-2.14.0+cu130
torch-compile-mat	varying	2	167	1663.2	6	torch-2.14.0+cu130
torch-compile-mat	varying	2	168	910.0	2	torch-2.14.0+cu130
torch-compile-mat	varying	2	169	1096.5	3	torch-2.14.0+cu130
torch-compile-mat	varying	2	170	1473.9	5	torch-2.14.0+cu130
torch-compile-mat	varying	2	171	1652.2	6	torch-2.14.0+cu130
torch-compile-mat	varying	2	172	919.6	2	torch-2.14.0+cu130
torch-compile-mat	varying	2	173	1097.9	3	torch-2.14.0+cu130
torch-compile-mat	varying	2	174	1486.1	5	torch-2.14.0+cu130
torch-compile-mat	varying	2	175	1666.3	6	torch-2.14.0+cu130
torch-compile-mat	varying	2	176	910.5	2	torch-2.14.0+cu130
torch-compile-mat	varying	2	177	1125.8	3	torch-2.14.0+cu130
torch-compile-mat	varying	2	178	1466.3	5	torch-2.14.0+cu130
torch-compile-mat	varying	2	179	1694.4	6	torch-2.14.0+cu130
torch-compile-mat	varying	2	180	924.6	2	torch-2.14.0+cu130
torch-compile-mat	varying	2	181	1156.1	3	torch-2.14.0+cu130
torch-compile-mat	varying	2	182	1496.3	5	torch-2.14.0+cu130
torch-compile-mat	varying	2	183	1669.2	6	torch-2.14.0+cu130
torch-compile-mat	varying	2	184	935.3	2	torch-2.14.0+cu130
torch-compile-mat	varying	2	185	1087.7	3	torch-2.14.0+cu130
torch-compile-mat	varying	2	186	1461.3	5	torch-2.14.0+cu130
torch-compile-mat	varying	2	187	1713.8	6	torch-2.14.0+cu130
torch-compile-mat	varying	2	188	906.9	2	torch-2.14.0+cu130
torch-compile-mat	varying	2	189	1115.1	3	torch-2.14.0+cu130
torch-compile-mat	varying	2	190	1498.2	5	torch-2.14.0+cu130
torch-compile-mat	varying	2	191	1678.7	6	torch-2.14.0+cu130
torch-compile-mat	varying	2	192	921.2	2	torch-2.14.0+cu130
torch-compile-mat	varying	2	193	1114.1	3	torch-2.14.0+cu130
torch-compile-mat	varying	2	194	1484.9	5	torch-2.14.0+cu130
torch-compile-mat	varying	2	195	1697.5	6	torch-2.14.0+cu130
torch-compile-mat	varying	2	196	912.9	2	torch-2.14.0+cu130
torch-compile-mat	varying	2	197	1124.6	3	torch-2.14.0+cu130
torch-compile-mat	varying	2	198	1488.2	5	torch-2.14.0+cu130
torch-compile-mat	varying	2	199	1694.4	6	torch-2.14.0+cu130
jax-perlayer	varying	2	0	11901646.9	2	jax-0.11.1
jax-perlayer	varying	2	1	2177.7	3	jax-0.11.1
jax-perlayer	varying	2	2	2445.5	5	jax-0.11.1
jax-perlayer	varying	2	3	2877.2	6	jax-0.11.1
jax-perlayer	varying	2	4	1303.4	2	jax-0.11.1
jax-perlayer	varying	2	5	1695.4	3	jax-0.11.1
jax-perlayer	varying	2	6	2038.5	5	jax-0.11.1
jax-perlayer	varying	2	7	2647.4	6	jax-0.11.1
jax-perlayer	varying	2	8	1262.9	2	jax-0.11.1
jax-perlayer	varying	2	9	1748.1	3	jax-0.11.1
jax-perlayer	varying	2	10	2255.9	5	jax-0.11.1
jax-perlayer	varying	2	11	2634.8	6	jax-0.11.1
jax-perlayer	varying	2	12	1212.8	2	jax-0.11.1
jax-perlayer	varying	2	13	1825.8	3	jax-0.11.1
jax-perlayer	varying	2	14	2151.5	5	jax-0.11.1
jax-perlayer	varying	2	15	2811.4	6	jax-0.11.1
jax-perlayer	varying	2	16	1431.9	2	jax-0.11.1
jax-perlayer	varying	2	17	1628.9	3	jax-0.11.1
jax-perlayer	varying	2	18	2094.3	5	jax-0.11.1
jax-perlayer	varying	2	19	2509.8	6	jax-0.11.1
jax-perlayer	varying	2	20	1139.9	2	jax-0.11.1
jax-perlayer	varying	2	21	1605.3	3	jax-0.11.1
jax-perlayer	varying	2	22	2041.8	5	jax-0.11.1
jax-perlayer	varying	2	23	2400.9	6	jax-0.11.1
jax-perlayer	varying	2	24	1169.0	2	jax-0.11.1
jax-perlayer	varying	2	25	1510.6	3	jax-0.11.1
jax-perlayer	varying	2	26	2007.0	5	jax-0.11.1
jax-perlayer	varying	2	27	2343.2	6	jax-0.11.1
jax-perlayer	varying	2	28	1124.6	2	jax-0.11.1
jax-perlayer	varying	2	29	1474.9	3	jax-0.11.1
jax-perlayer	varying	2	30	1984.8	5	jax-0.11.1
jax-perlayer	varying	2	31	2342.7	6	jax-0.11.1
jax-perlayer	varying	2	32	1108.2	2	jax-0.11.1
jax-perlayer	varying	2	33	1446.7	3	jax-0.11.1
jax-perlayer	varying	2	34	1889.5	5	jax-0.11.1
jax-perlayer	varying	2	35	2344.6	6	jax-0.11.1
jax-perlayer	varying	2	36	1113.2	2	jax-0.11.1
jax-perlayer	varying	2	37	1450.3	3	jax-0.11.1
jax-perlayer	varying	2	38	3267.8	5	jax-0.11.1
jax-perlayer	varying	2	39	2571.1	6	jax-0.11.1
jax-perlayer	varying	2	40	1218.3	2	jax-0.11.1
jax-perlayer	varying	2	41	1525.9	3	jax-0.11.1
jax-perlayer	varying	2	42	2005.1	5	jax-0.11.1
jax-perlayer	varying	2	43	2459.5	6	jax-0.11.1
jax-perlayer	varying	2	44	1185.2	2	jax-0.11.1
jax-perlayer	varying	2	45	1527.8	3	jax-0.11.1
jax-perlayer	varying	2	46	2025.8	5	jax-0.11.1
jax-perlayer	varying	2	47	2445.2	6	jax-0.11.1
jax-perlayer	varying	2	48	1155.6	2	jax-0.11.1
jax-perlayer	varying	2	49	1520.9	3	jax-0.11.1
jax-perlayer	varying	2	50	2001.8	5	jax-0.11.1
jax-perlayer	varying	2	51	2414.7	6	jax-0.11.1
jax-perlayer	varying	2	52	1154.7	2	jax-0.11.1
jax-perlayer	varying	2	53	1529.7	3	jax-0.11.1
jax-perlayer	varying	2	54	2038.2	5	jax-0.11.1
jax-perlayer	varying	2	55	2425.0	6	jax-0.11.1
jax-perlayer	varying	2	56	1151.6	2	jax-0.11.1
jax-perlayer	varying	2	57	1543.5	3	jax-0.11.1
jax-perlayer	varying	2	58	1998.4	5	jax-0.11.1
jax-perlayer	varying	2	59	2446.9	6	jax-0.11.1
jax-perlayer	varying	2	60	1159.9	2	jax-0.11.1
jax-perlayer	varying	2	61	1551.2	3	jax-0.11.1
jax-perlayer	varying	2	62	2045.6	5	jax-0.11.1
jax-perlayer	varying	2	63	2426.9	6	jax-0.11.1
jax-perlayer	varying	2	64	1171.4	2	jax-0.11.1
jax-perlayer	varying	2	65	1538.8	3	jax-0.11.1
jax-perlayer	varying	2	66	2123.8	5	jax-0.11.1
jax-perlayer	varying	2	67	2522.7	6	jax-0.11.1
jax-perlayer	varying	2	68	1208.8	2	jax-0.11.1
jax-perlayer	varying	2	69	1603.1	3	jax-0.11.1
jax-perlayer	varying	2	70	2078.1	5	jax-0.11.1
jax-perlayer	varying	2	71	2486.7	6	jax-0.11.1
jax-perlayer	varying	2	72	1178.5	2	jax-0.11.1
jax-perlayer	varying	2	73	1544.2	3	jax-0.11.1
jax-perlayer	varying	2	74	2039.7	5	jax-0.11.1
jax-perlayer	varying	2	75	2468.6	6	jax-0.11.1
jax-perlayer	varying	2	76	1162.1	2	jax-0.11.1
jax-perlayer	varying	2	77	1527.1	3	jax-0.11.1
jax-perlayer	varying	2	78	2039.7	5	jax-0.11.1
jax-perlayer	varying	2	79	2498.6	6	jax-0.11.1
jax-perlayer	varying	2	80	1179.9	2	jax-0.11.1
jax-perlayer	varying	2	81	1541.6	3	jax-0.11.1
jax-perlayer	varying	2	82	2087.8	5	jax-0.11.1
jax-perlayer	varying	2	83	2541.8	6	jax-0.11.1
jax-perlayer	varying	2	84	1201.9	2	jax-0.11.1
jax-perlayer	varying	2	85	1523.0	3	jax-0.11.1
jax-perlayer	varying	2	86	2074.2	5	jax-0.11.1
jax-perlayer	varying	2	87	2445.7	6	jax-0.11.1
jax-perlayer	varying	2	88	1194.7	2	jax-0.11.1
jax-perlayer	varying	2	89	1588.1	3	jax-0.11.1
jax-perlayer	varying	2	90	2048.3	5	jax-0.11.1
jax-perlayer	varying	2	91	2509.8	6	jax-0.11.1
jax-perlayer	varying	2	92	1210.9	2	jax-0.11.1
jax-perlayer	varying	2	93	1595.3	3	jax-0.11.1
jax-perlayer	varying	2	94	2100.9	5	jax-0.11.1
jax-perlayer	varying	2	95	2589.2	6	jax-0.11.1
jax-perlayer	varying	2	96	1217.8	2	jax-0.11.1
jax-perlayer	varying	2	97	1640.3	3	jax-0.11.1
jax-perlayer	varying	2	98	2067.8	5	jax-0.11.1
jax-perlayer	varying	2	99	2471.4	6	jax-0.11.1
jax-perlayer	varying	2	100	1175.9	2	jax-0.11.1
jax-perlayer	varying	2	101	1509.0	3	jax-0.11.1
jax-perlayer	varying	2	102	2175.8	5	jax-0.11.1
jax-perlayer	varying	2	103	2569.9	6	jax-0.11.1
jax-perlayer	varying	2	104	1132.0	2	jax-0.11.1
jax-perlayer	varying	2	105	1471.3	3	jax-0.11.1
jax-perlayer	varying	2	106	1917.1	5	jax-0.11.1
jax-perlayer	varying	2	107	2427.3	6	jax-0.11.1
jax-perlayer	varying	2	108	1149.2	2	jax-0.11.1
jax-perlayer	varying	2	109	1475.6	3	jax-0.11.1
jax-perlayer	varying	2	110	1970.8	5	jax-0.11.1
jax-perlayer	varying	2	111	2372.3	6	jax-0.11.1
jax-perlayer	varying	2	112	1100.1	2	jax-0.11.1
jax-perlayer	varying	2	113	1493.9	3	jax-0.11.1
jax-perlayer	varying	2	114	1996.0	5	jax-0.11.1
jax-perlayer	varying	2	115	2348.9	6	jax-0.11.1
jax-perlayer	varying	2	116	1144.6	2	jax-0.11.1
jax-perlayer	varying	2	117	1502.8	3	jax-0.11.1
jax-perlayer	varying	2	118	1956.0	5	jax-0.11.1
jax-perlayer	varying	2	119	2377.3	6	jax-0.11.1
jax-perlayer	varying	2	120	1138.0	2	jax-0.11.1
jax-perlayer	varying	2	121	1484.2	3	jax-0.11.1
jax-perlayer	varying	2	122	1988.2	5	jax-0.11.1
jax-perlayer	varying	2	123	2347.7	6	jax-0.11.1
jax-perlayer	varying	2	124	1097.4	2	jax-0.11.1
jax-perlayer	varying	2	125	1472.5	3	jax-0.11.1
jax-perlayer	varying	2	126	1917.1	5	jax-0.11.1
jax-perlayer	varying	2	127	2329.3	6	jax-0.11.1
jax-perlayer	varying	2	128	1132.7	2	jax-0.11.1
jax-perlayer	varying	2	129	1456.7	3	jax-0.11.1
jax-perlayer	varying	2	130	1949.3	5	jax-0.11.1
jax-perlayer	varying	2	131	2313.6	6	jax-0.11.1
jax-perlayer	varying	2	132	1113.9	2	jax-0.11.1
jax-perlayer	varying	2	133	1448.2	3	jax-0.11.1
jax-perlayer	varying	2	134	1863.2	5	jax-0.11.1
jax-perlayer	varying	2	135	2300.0	6	jax-0.11.1
jax-perlayer	varying	2	136	1107.2	2	jax-0.11.1
jax-perlayer	varying	2	137	1457.9	3	jax-0.11.1
jax-perlayer	varying	2	138	2317.0	5	jax-0.11.1
jax-perlayer	varying	2	139	2554.9	6	jax-0.11.1
jax-perlayer	varying	2	140	1182.3	2	jax-0.11.1
jax-perlayer	varying	2	141	1544.7	3	jax-0.11.1
jax-perlayer	varying	2	142	2070.2	5	jax-0.11.1
jax-perlayer	varying	2	143	2464.3	6	jax-0.11.1
jax-perlayer	varying	2	144	1148.0	2	jax-0.11.1
jax-perlayer	varying	2	145	1555.4	3	jax-0.11.1
jax-perlayer	varying	2	146	2026.8	5	jax-0.11.1
jax-perlayer	varying	2	147	2435.7	6	jax-0.11.1
jax-perlayer	varying	2	148	1179.0	2	jax-0.11.1
jax-perlayer	varying	2	149	1529.9	3	jax-0.11.1
jax-perlayer	varying	2	150	2051.6	5	jax-0.11.1
jax-perlayer	varying	2	151	2475.5	6	jax-0.11.1
jax-perlayer	varying	2	152	1161.6	2	jax-0.11.1
jax-perlayer	varying	2	153	1506.3	3	jax-0.11.1
jax-perlayer	varying	2	154	2080.9	5	jax-0.11.1
jax-perlayer	varying	2	155	2446.9	6	jax-0.11.1
jax-perlayer	varying	2	156	1163.5	2	jax-0.11.1
jax-perlayer	varying	2	157	1541.6	3	jax-0.11.1
jax-perlayer	varying	2	158	2056.4	5	jax-0.11.1
jax-perlayer	varying	2	159	2385.4	6	jax-0.11.1
jax-perlayer	varying	2	160	1102.7	2	jax-0.11.1
jax-perlayer	varying	2	161	1458.6	3	jax-0.11.1
jax-perlayer	varying	2	162	1913.8	5	jax-0.11.1
jax-perlayer	varying	2	163	2298.4	6	jax-0.11.1
jax-perlayer	varying	2	164	1099.3	2	jax-0.11.1
jax-perlayer	varying	2	165	1433.4	3	jax-0.11.1
jax-perlayer	varying	2	166	1931.9	5	jax-0.11.1
jax-perlayer	varying	2	167	2305.0	6	jax-0.11.1
jax-perlayer	varying	2	168	1105.5	2	jax-0.11.1
jax-perlayer	varying	2	169	1432.9	3	jax-0.11.1
jax-perlayer	varying	2	170	1907.6	5	jax-0.11.1
jax-perlayer	varying	2	171	2595.4	6	jax-0.11.1
jax-perlayer	varying	2	172	1162.1	2	jax-0.11.1
jax-perlayer	varying	2	173	1534.0	3	jax-0.11.1
jax-perlayer	varying	2	174	2025.1	5	jax-0.11.1
jax-perlayer	varying	2	175	2426.1	6	jax-0.11.1
jax-perlayer	varying	2	176	1128.7	2	jax-0.11.1
jax-perlayer	varying	2	177	1517.8	3	jax-0.11.1
jax-perlayer	varying	2	178	1992.9	5	jax-0.11.1
jax-perlayer	varying	2	179	2344.6	6	jax-0.11.1
jax-perlayer	varying	2	180	1076.7	2	jax-0.11.1
jax-perlayer	varying	2	181	1481.8	3	jax-0.11.1
jax-perlayer	varying	2	182	2032.8	5	jax-0.11.1
jax-perlayer	varying	2	183	2317.4	6	jax-0.11.1
jax-perlayer	varying	2	184	1102.9	2	jax-0.11.1
jax-perlayer	varying	2	185	1448.2	3	jax-0.11.1
jax-perlayer	varying	2	186	2106.4	5	jax-0.11.1
jax-perlayer	varying	2	187	2630.0	6	jax-0.11.1
jax-perlayer	varying	2	188	1190.7	2	jax-0.11.1
jax-perlayer	varying	2	189	1553.3	3	jax-0.11.1
jax-perlayer	varying	2	190	2069.2	5	jax-0.11.1
jax-perlayer	varying	2	191	2473.4	6	jax-0.11.1
jax-perlayer	varying	2	192	1171.1	2	jax-0.11.1
jax-perlayer	varying	2	193	1523.0	3	jax-0.11.1
jax-perlayer	varying	2	194	2011.1	5	jax-0.11.1
jax-perlayer	varying	2	195	2401.8	6	jax-0.11.1
jax-perlayer	varying	2	196	1160.6	2	jax-0.11.1
jax-perlayer	varying	2	197	1499.7	3	jax-0.11.1
jax-perlayer	varying	2	198	2082.6	5	jax-0.11.1
jax-perlayer	varying	2	199	2437.6	6	jax-0.11.1
jax-while	varying	2	0	8302367.2	2	jax-0.11.1
jax-while	varying	2	1	1725.0	3	jax-0.11.1
jax-while	varying	2	2	1623.2	5	jax-0.11.1
jax-while	varying	2	3	1695.9	6	jax-0.11.1
jax-while	varying	2	4	1122.5	2	jax-0.11.1
jax-while	varying	2	5	1241.2	3	jax-0.11.1
jax-while	varying	2	6	1501.3	5	jax-0.11.1
jax-while	varying	2	7	1655.3	6	jax-0.11.1
jax-while	varying	2	8	1071.0	2	jax-0.11.1
jax-while	varying	2	9	1293.9	3	jax-0.11.1
jax-while	varying	2	10	1657.5	5	jax-0.11.1
jax-while	varying	2	11	1718.5	6	jax-0.11.1
jax-while	varying	2	12	1393.1	2	jax-0.11.1
jax-while	varying	2	13	1349.4	3	jax-0.11.1
jax-while	varying	2	14	1590.7	5	jax-0.11.1
jax-while	varying	2	15	1720.0	6	jax-0.11.1
jax-while	varying	2	16	1142.0	2	jax-0.11.1
jax-while	varying	2	17	1305.6	3	jax-0.11.1
jax-while	varying	2	18	1603.4	5	jax-0.11.1
jax-while	varying	2	19	1712.8	6	jax-0.11.1
jax-while	varying	2	20	1150.6	2	jax-0.11.1
jax-while	varying	2	21	1312.5	3	jax-0.11.1
jax-while	varying	2	22	1556.4	5	jax-0.11.1
jax-while	varying	2	23	1683.2	6	jax-0.11.1
jax-while	varying	2	24	1171.1	2	jax-0.11.1
jax-while	varying	2	25	1311.1	3	jax-0.11.1
jax-while	varying	2	26	1591.0	5	jax-0.11.1
jax-while	varying	2	27	1707.3	6	jax-0.11.1
jax-while	varying	2	28	1136.3	2	jax-0.11.1
jax-while	varying	2	29	1268.6	3	jax-0.11.1
jax-while	varying	2	30	1586.7	5	jax-0.11.1
jax-while	varying	2	31	1699.7	6	jax-0.11.1
jax-while	varying	2	32	1143.7	2	jax-0.11.1
jax-while	varying	2	33	1287.0	3	jax-0.11.1
jax-while	varying	2	34	1585.2	5	jax-0.11.1
jax-while	varying	2	35	1723.1	6	jax-0.11.1
jax-while	varying	2	36	1124.1	2	jax-0.11.1
jax-while	varying	2	37	1284.8	3	jax-0.11.1
jax-while	varying	2	38	1611.5	5	jax-0.11.1
jax-while	varying	2	39	1684.7	6	jax-0.11.1
jax-while	varying	2	40	1153.2	2	jax-0.11.1
jax-while	varying	2	41	1294.6	3	jax-0.11.1
jax-while	varying	2	42	1594.5	5	jax-0.11.1
jax-while	varying	2	43	1682.0	6	jax-0.11.1
jax-while	varying	2	44	1140.1	2	jax-0.11.1
jax-while	varying	2	45	1288.9	3	jax-0.11.1
jax-while	varying	2	46	1601.2	5	jax-0.11.1
jax-while	varying	2	47	1721.9	6	jax-0.11.1
jax-while	varying	2	48	1183.7	2	jax-0.11.1
jax-while	varying	2	49	1286.3	3	jax-0.11.1
jax-while	varying	2	50	1560.4	5	jax-0.11.1
jax-while	varying	2	51	1711.6	6	jax-0.11.1
jax-while	varying	2	52	1151.6	2	jax-0.11.1
jax-while	varying	2	53	1310.3	3	jax-0.11.1
jax-while	varying	2	54	1582.1	5	jax-0.11.1
jax-while	varying	2	55	1713.3	6	jax-0.11.1
jax-while	varying	2	56	1154.9	2	jax-0.11.1
jax-while	varying	2	57	1327.8	3	jax-0.11.1
jax-while	varying	2	58	1580.0	5	jax-0.11.1
jax-while	varying	2	59	1717.8	6	jax-0.11.1
jax-while	varying	2	60	1167.5	2	jax-0.11.1
jax-while	varying	2	61	1282.0	3	jax-0.11.1
jax-while	varying	2	62	1573.1	5	jax-0.11.1
jax-while	varying	2	63	1699.9	6	jax-0.11.1
jax-while	varying	2	64	1144.9	2	jax-0.11.1
jax-while	varying	2	65	1264.3	3	jax-0.11.1
jax-while	varying	2	66	1569.0	5	jax-0.11.1
jax-while	varying	2	67	1726.6	6	jax-0.11.1
jax-while	varying	2	68	1161.1	2	jax-0.11.1
jax-while	varying	2	69	1283.6	3	jax-0.11.1
jax-while	varying	2	70	1580.2	5	jax-0.11.1
jax-while	varying	2	71	1706.4	6	jax-0.11.1
jax-while	varying	2	72	1141.1	2	jax-0.11.1
jax-while	varying	2	73	1314.6	3	jax-0.11.1
jax-while	varying	2	74	1597.6	5	jax-0.11.1
jax-while	varying	2	75	1700.9	6	jax-0.11.1
jax-while	varying	2	76	1172.1	2	jax-0.11.1
jax-while	varying	2	77	1351.1	3	jax-0.11.1
jax-while	varying	2	78	1580.5	5	jax-0.11.1
jax-while	varying	2	79	1742.8	6	jax-0.11.1
jax-while	varying	2	80	1187.8	2	jax-0.11.1
jax-while	varying	2	81	1311.8	3	jax-0.11.1
jax-while	varying	2	82	1610.5	5	jax-0.11.1
jax-while	varying	2	83	1762.6	6	jax-0.11.1
jax-while	varying	2	84	1158.2	2	jax-0.11.1
jax-while	varying	2	85	1299.4	3	jax-0.11.1
jax-while	varying	2	86	1560.4	5	jax-0.11.1
jax-while	varying	2	87	1691.1	6	jax-0.11.1
jax-while	varying	2	88	1133.4	2	jax-0.11.1
jax-while	varying	2	89	1263.9	3	jax-0.11.1
jax-while	varying	2	90	1588.3	5	jax-0.11.1
jax-while	varying	2	91	1690.4	6	jax-0.11.1
jax-while	varying	2	92	1132.0	2	jax-0.11.1
jax-while	varying	2	93	1259.8	3	jax-0.11.1
jax-while	varying	2	94	1618.6	5	jax-0.11.1
jax-while	varying	2	95	1733.8	6	jax-0.11.1
jax-while	varying	2	96	1180.2	2	jax-0.11.1
jax-while	varying	2	97	1321.8	3	jax-0.11.1
jax-while	varying	2	98	1560.7	5	jax-0.11.1
jax-while	varying	2	99	1713.0	6	jax-0.11.1
jax-while	varying	2	100	1139.2	2	jax-0.11.1
jax-while	varying	2	101	1301.3	3	jax-0.11.1
jax-while	varying	2	102	1596.5	5	jax-0.11.1
jax-while	varying	2	103	1707.1	6	jax-0.11.1
jax-while	varying	2	104	1189.2	2	jax-0.11.1
jax-while	varying	2	105	1285.8	3	jax-0.11.1
jax-while	varying	2	106	1566.4	5	jax-0.11.1
jax-while	varying	2	107	1692.1	6	jax-0.11.1
jax-while	varying	2	108	1155.4	2	jax-0.11.1
jax-while	varying	2	109	1296.5	3	jax-0.11.1
jax-while	varying	2	110	1543.8	5	jax-0.11.1
jax-while	varying	2	111	1711.8	6	jax-0.11.1
jax-while	varying	2	112	1180.9	2	jax-0.11.1
jax-while	varying	2	113	1327.5	3	jax-0.11.1
jax-while	varying	2	114	1548.3	5	jax-0.11.1
jax-while	varying	2	115	1697.8	6	jax-0.11.1
jax-while	varying	2	116	1127.7	2	jax-0.11.1
jax-while	varying	2	117	1311.1	3	jax-0.11.1
jax-while	varying	2	118	1558.8	5	jax-0.11.1
jax-while	varying	2	119	1697.8	6	jax-0.11.1
jax-while	varying	2	120	1166.6	2	jax-0.11.1
jax-while	varying	2	121	1292.7	3	jax-0.11.1
jax-while	varying	2	122	1560.0	5	jax-0.11.1
jax-while	varying	2	123	1679.4	6	jax-0.11.1
jax-while	varying	2	124	1138.7	2	jax-0.11.1
jax-while	varying	2	125	1283.9	3	jax-0.11.1
jax-while	varying	2	126	1578.6	5	jax-0.11.1
jax-while	varying	2	127	1698.3	6	jax-0.11.1
jax-while	varying	2	128	1135.1	2	jax-0.11.1
jax-while	varying	2	129	1273.2	3	jax-0.11.1
jax-while	varying	2	130	1534.7	5	jax-0.11.1
jax-while	varying	2	131	1684.0	6	jax-0.11.1
jax-while	varying	2	132	1136.5	2	jax-0.11.1
jax-while	varying	2	133	1282.0	3	jax-0.11.1
jax-while	varying	2	134	1561.9	5	jax-0.11.1
jax-while	varying	2	135	1685.4	6	jax-0.11.1
jax-while	varying	2	136	1134.6	2	jax-0.11.1
jax-while	varying	2	137	1326.8	3	jax-0.11.1
jax-while	varying	2	138	1560.4	5	jax-0.11.1
jax-while	varying	2	139	1704.9	6	jax-0.11.1
jax-while	varying	2	140	1135.6	2	jax-0.11.1
jax-while	varying	2	141	4688.3	3	jax-0.11.1
jax-while	varying	2	142	1589.3	5	jax-0.11.1
jax-while	varying	2	143	1694.0	6	jax-0.11.1
jax-while	varying	2	144	1130.6	2	jax-0.11.1
jax-while	varying	2	145	1298.0	3	jax-0.11.1
jax-while	varying	2	146	1555.4	5	jax-0.11.1
jax-while	varying	2	147	1704.7	6	jax-0.11.1
jax-while	varying	2	148	1126.8	2	jax-0.11.1
jax-while	varying	2	149	1263.1	3	jax-0.11.1
jax-while	varying	2	150	1565.2	5	jax-0.11.1
jax-while	varying	2	151	1694.9	6	jax-0.11.1
jax-while	varying	2	152	1165.4	2	jax-0.11.1
jax-while	varying	2	153	1259.3	3	jax-0.11.1
jax-while	varying	2	154	1540.7	5	jax-0.11.1
jax-while	varying	2	155	1675.8	6	jax-0.11.1
jax-while	varying	2	156	1134.6	2	jax-0.11.1
jax-while	varying	2	157	1272.4	3	jax-0.11.1
jax-while	varying	2	158	1523.7	5	jax-0.11.1
jax-while	varying	2	159	1687.3	6	jax-0.11.1
jax-while	varying	2	160	1143.5	2	jax-0.11.1
jax-while	varying	2	161	1274.6	3	jax-0.11.1
jax-while	varying	2	162	1579.5	5	jax-0.11.1
jax-while	varying	2	163	1723.8	6	jax-0.11.1
jax-while	varying	2	164	1157.8	2	jax-0.11.1
jax-while	varying	2	165	1265.0	3	jax-0.11.1
jax-while	varying	2	166	1542.1	5	jax-0.11.1
jax-while	varying	2	167	1694.0	6	jax-0.11.1
jax-while	varying	2	168	1145.4	2	jax-0.11.1
jax-while	varying	2	169	1281.0	3	jax-0.11.1
jax-while	varying	2	170	1545.0	5	jax-0.11.1
jax-while	varying	2	171	1669.4	6	jax-0.11.1
jax-while	varying	2	172	1126.1	2	jax-0.11.1
jax-while	varying	2	173	1270.1	3	jax-0.11.1
jax-while	varying	2	174	1517.1	5	jax-0.11.1
jax-while	varying	2	175	1664.4	6	jax-0.11.1
jax-while	varying	2	176	1146.1	2	jax-0.11.1
jax-while	varying	2	177	1255.3	3	jax-0.11.1
jax-while	varying	2	178	1532.3	5	jax-0.11.1
jax-while	varying	2	179	1696.3	6	jax-0.11.1
jax-while	varying	2	180	1148.9	2	jax-0.11.1
jax-while	varying	2	181	1260.0	3	jax-0.11.1
jax-while	varying	2	182	1572.1	5	jax-0.11.1
jax-while	varying	2	183	1703.5	6	jax-0.11.1
jax-while	varying	2	184	1141.3	2	jax-0.11.1
jax-while	varying	2	185	1271.5	3	jax-0.11.1
jax-while	varying	2	186	1530.4	5	jax-0.11.1
jax-while	varying	2	187	1688.5	6	jax-0.11.1
jax-while	varying	2	188	1135.1	2	jax-0.11.1
jax-while	varying	2	189	1250.0	3	jax-0.11.1
jax-while	varying	2	190	1545.4	5	jax-0.11.1
jax-while	varying	2	191	1688.0	6	jax-0.11.1
jax-while	varying	2	192	1109.4	2	jax-0.11.1
jax-while	varying	2	193	1277.9	3	jax-0.11.1
jax-while	varying	2	194	1549.2	5	jax-0.11.1
jax-while	varying	2	195	1685.9	6	jax-0.11.1
jax-while	varying	2	196	1154.7	2	jax-0.11.1
jax-while	varying	2	197	1285.3	3	jax-0.11.1
jax-while	varying	2	198	1511.8	5	jax-0.11.1
jax-while	varying	2	199	1694.9	6	jax-0.11.1
ours	stable	3	0	520277.0	4	ddc8008cdeaf
ours	stable	3	1	14264.1	4	ddc8008cdeaf
ours	stable	3	2	2565.1	4	ddc8008cdeaf
ours	stable	3	3	1568.1	4	ddc8008cdeaf
ours	stable	3	4	9946.1	4	ddc8008cdeaf
ours	stable	3	5	3863.1	4	ddc8008cdeaf
ours	stable	3	6	1076.9	4	ddc8008cdeaf
ours	stable	3	7	2948.0	4	ddc8008cdeaf
ours	stable	3	8	1059.1	4	ddc8008cdeaf
ours	stable	3	9	1077.9	4	ddc8008cdeaf
ours	stable	3	10	2419.9	4	ddc8008cdeaf
ours	stable	3	11	1080.0	4	ddc8008cdeaf
ours	stable	3	12	1095.1	4	ddc8008cdeaf
ours	stable	3	13	1054.0	4	ddc8008cdeaf
ours	stable	3	14	2436.9	4	ddc8008cdeaf
ours	stable	3	15	1073.1	4	ddc8008cdeaf
ours	stable	3	16	1097.9	4	ddc8008cdeaf
ours	stable	3	17	1056.9	4	ddc8008cdeaf
ours	stable	3	18	1093.1	4	ddc8008cdeaf
ours	stable	3	19	2478.1	4	ddc8008cdeaf
ours	stable	3	20	1081.9	4	ddc8008cdeaf
ours	stable	3	21	1078.1	4	ddc8008cdeaf
ours	stable	3	22	1066.0	4	ddc8008cdeaf
ours	stable	3	23	1068.1	4	ddc8008cdeaf
ours	stable	3	24	1173.0	4	ddc8008cdeaf
ours	stable	3	25	2520.1	4	ddc8008cdeaf
ours	stable	3	26	1067.2	4	ddc8008cdeaf
ours	stable	3	27	1077.9	4	ddc8008cdeaf
ours	stable	3	28	1072.9	4	ddc8008cdeaf
ours	stable	3	29	1083.1	4	ddc8008cdeaf
ours	stable	3	30	1056.9	4	ddc8008cdeaf
ours	stable	3	31	1064.1	4	ddc8008cdeaf
ours	stable	3	32	2471.0	4	ddc8008cdeaf
ours	stable	3	33	1088.9	4	ddc8008cdeaf
ours	stable	3	34	1062.9	4	ddc8008cdeaf
ours	stable	3	35	1122.0	4	ddc8008cdeaf
ours	stable	3	36	1092.0	4	ddc8008cdeaf
ours	stable	3	37	1086.0	4	ddc8008cdeaf
ours	stable	3	38	1068.8	4	ddc8008cdeaf
ours	stable	3	39	1106.0	4	ddc8008cdeaf
ours	stable	3	40	2378.9	4	ddc8008cdeaf
ours	stable	3	41	1130.1	4	ddc8008cdeaf
ours	stable	3	42	1062.9	4	ddc8008cdeaf
ours	stable	3	43	1111.0	4	ddc8008cdeaf
ours	stable	3	44	1079.8	4	ddc8008cdeaf
ours	stable	3	45	1058.8	4	ddc8008cdeaf
ours	stable	3	46	1087.9	4	ddc8008cdeaf
ours	stable	3	47	1069.1	4	ddc8008cdeaf
ours	stable	3	48	1068.1	4	ddc8008cdeaf
ours	stable	3	49	2414.0	4	ddc8008cdeaf
ours	stable	3	50	1075.0	4	ddc8008cdeaf
ours	stable	3	51	1073.1	4	ddc8008cdeaf
ours	stable	3	52	1075.0	4	ddc8008cdeaf
ours	stable	3	53	1069.1	4	ddc8008cdeaf
ours	stable	3	54	1050.9	4	ddc8008cdeaf
ours	stable	3	55	1069.1	4	ddc8008cdeaf
ours	stable	3	56	1128.0	4	ddc8008cdeaf
ours	stable	3	57	1079.8	4	ddc8008cdeaf
ours	stable	3	58	1083.9	4	ddc8008cdeaf
ours	stable	3	59	2401.8	4	ddc8008cdeaf
ours	stable	3	60	1081.9	4	ddc8008cdeaf
ours	stable	3	61	1133.9	4	ddc8008cdeaf
ours	stable	3	62	1073.8	4	ddc8008cdeaf
ours	stable	3	63	1088.1	4	ddc8008cdeaf
ours	stable	3	64	1080.0	4	ddc8008cdeaf
ours	stable	3	65	1066.0	4	ddc8008cdeaf
ours	stable	3	66	1065.0	4	ddc8008cdeaf
ours	stable	3	67	1081.0	4	ddc8008cdeaf
ours	stable	3	68	1072.9	4	ddc8008cdeaf
ours	stable	3	69	1087.2	4	ddc8008cdeaf
ours	stable	3	70	2413.0	4	ddc8008cdeaf
ours	stable	3	71	1093.9	4	ddc8008cdeaf
ours	stable	3	72	1082.2	4	ddc8008cdeaf
ours	stable	3	73	1090.0	4	ddc8008cdeaf
ours	stable	3	74	1072.2	4	ddc8008cdeaf
ours	stable	3	75	1067.9	4	ddc8008cdeaf
ours	stable	3	76	1086.0	4	ddc8008cdeaf
ours	stable	3	77	1102.9	4	ddc8008cdeaf
ours	stable	3	78	1065.0	4	ddc8008cdeaf
ours	stable	3	79	1079.8	4	ddc8008cdeaf
ours	stable	3	80	1115.8	4	ddc8008cdeaf
ours	stable	3	81	1086.0	4	ddc8008cdeaf
ours	stable	3	82	1063.1	4	ddc8008cdeaf
ours	stable	3	83	1092.9	4	ddc8008cdeaf
ours	stable	3	84	1065.0	4	ddc8008cdeaf
ours	stable	3	85	2944.0	4	ddc8008cdeaf
ours	stable	3	86	1081.0	4	ddc8008cdeaf
ours	stable	3	87	1112.9	4	ddc8008cdeaf
ours	stable	3	88	1050.0	4	ddc8008cdeaf
ours	stable	3	89	1058.1	4	ddc8008cdeaf
ours	stable	3	90	1080.0	4	ddc8008cdeaf
ours	stable	3	91	1070.0	4	ddc8008cdeaf
ours	stable	3	92	1069.1	4	ddc8008cdeaf
ours	stable	3	93	1069.1	4	ddc8008cdeaf
ours	stable	3	94	1073.1	4	ddc8008cdeaf
ours	stable	3	95	1085.0	4	ddc8008cdeaf
ours	stable	3	96	1066.0	4	ddc8008cdeaf
ours	stable	3	97	1056.0	4	ddc8008cdeaf
ours	stable	3	98	1098.2	4	ddc8008cdeaf
ours	stable	3	99	1046.9	4	ddc8008cdeaf
ours	stable	3	100	1103.9	4	ddc8008cdeaf
ours	stable	3	101	1044.0	4	ddc8008cdeaf
ours	stable	3	102	1052.1	4	ddc8008cdeaf
ours	stable	3	103	1040.9	4	ddc8008cdeaf
ours	stable	3	104	3702.2	4	ddc8008cdeaf
ours	stable	3	105	1057.1	4	ddc8008cdeaf
ours	stable	3	106	1049.0	4	ddc8008cdeaf
ours	stable	3	107	1052.1	4	ddc8008cdeaf
ours	stable	3	108	1030.9	4	ddc8008cdeaf
ours	stable	3	109	1020.0	4	ddc8008cdeaf
ours	stable	3	110	1025.9	4	ddc8008cdeaf
ours	stable	3	111	1051.2	4	ddc8008cdeaf
ours	stable	3	112	1065.0	4	ddc8008cdeaf
ours	stable	3	113	1046.9	4	ddc8008cdeaf
ours	stable	3	114	1065.0	4	ddc8008cdeaf
ours	stable	3	115	1036.9	4	ddc8008cdeaf
ours	stable	3	116	1060.0	4	ddc8008cdeaf
ours	stable	3	117	1038.1	4	ddc8008cdeaf
ours	stable	3	118	1023.1	4	ddc8008cdeaf
ours	stable	3	119	1066.0	4	ddc8008cdeaf
ours	stable	3	120	1066.0	4	ddc8008cdeaf
ours	stable	3	121	1035.9	4	ddc8008cdeaf
ours	stable	3	122	3438.0	4	ddc8008cdeaf
ours	stable	3	123	1061.0	4	ddc8008cdeaf
ours	stable	3	124	1098.2	4	ddc8008cdeaf
ours	stable	3	125	1063.8	4	ddc8008cdeaf
ours	stable	3	126	1050.9	4	ddc8008cdeaf
ours	stable	3	127	1096.0	4	ddc8008cdeaf
ours	stable	3	128	1047.1	4	ddc8008cdeaf
ours	stable	3	129	1050.9	4	ddc8008cdeaf
ours	stable	3	130	1024.0	4	ddc8008cdeaf
ours	stable	3	131	1032.1	4	ddc8008cdeaf
ours	stable	3	132	1045.9	4	ddc8008cdeaf
ours	stable	3	133	1040.2	4	ddc8008cdeaf
ours	stable	3	134	1040.0	4	ddc8008cdeaf
ours	stable	3	135	1025.0	4	ddc8008cdeaf
ours	stable	3	136	1065.0	4	ddc8008cdeaf
ours	stable	3	137	1023.8	4	ddc8008cdeaf
ours	stable	3	138	1041.9	4	ddc8008cdeaf
ours	stable	3	139	1038.1	4	ddc8008cdeaf
ours	stable	3	140	3714.1	4	ddc8008cdeaf
ours	stable	3	141	1113.2	4	ddc8008cdeaf
ours	stable	3	142	1050.9	4	ddc8008cdeaf
ours	stable	3	143	1037.1	4	ddc8008cdeaf
ours	stable	3	144	1051.9	4	ddc8008cdeaf
ours	stable	3	145	1040.0	4	ddc8008cdeaf
ours	stable	3	146	1047.8	4	ddc8008cdeaf
ours	stable	3	147	1041.9	4	ddc8008cdeaf
ours	stable	3	148	1024.0	4	ddc8008cdeaf
ours	stable	3	149	1056.0	4	ddc8008cdeaf
ours	stable	3	150	1030.9	4	ddc8008cdeaf
ours	stable	3	151	1032.1	4	ddc8008cdeaf
ours	stable	3	152	1035.9	4	ddc8008cdeaf
ours	stable	3	153	1053.8	4	ddc8008cdeaf
ours	stable	3	154	1066.9	4	ddc8008cdeaf
ours	stable	3	155	1037.1	4	ddc8008cdeaf
ours	stable	3	156	1040.9	4	ddc8008cdeaf
ours	stable	3	157	1030.0	4	ddc8008cdeaf
ours	stable	3	158	1034.0	4	ddc8008cdeaf
ours	stable	3	159	1032.8	4	ddc8008cdeaf
ours	stable	3	160	1046.9	4	ddc8008cdeaf
ours	stable	3	161	1032.1	4	ddc8008cdeaf
ours	stable	3	162	1038.1	4	ddc8008cdeaf
ours	stable	3	163	1047.8	4	ddc8008cdeaf
ours	stable	3	164	1040.9	4	ddc8008cdeaf
ours	stable	3	165	1272.0	4	ddc8008cdeaf
ours	stable	3	166	1055.0	4	ddc8008cdeaf
ours	stable	3	167	1132.0	4	ddc8008cdeaf
ours	stable	3	168	3850.9	4	ddc8008cdeaf
ours	stable	3	169	1044.0	4	ddc8008cdeaf
ours	stable	3	170	1038.1	4	ddc8008cdeaf
ours	stable	3	171	1039.0	4	ddc8008cdeaf
ours	stable	3	172	1084.1	4	ddc8008cdeaf
ours	stable	3	173	1030.0	4	ddc8008cdeaf
ours	stable	3	174	1045.9	4	ddc8008cdeaf
ours	stable	3	175	1076.9	4	ddc8008cdeaf
ours	stable	3	176	1040.0	4	ddc8008cdeaf
ours	stable	3	177	1042.1	4	ddc8008cdeaf
ours	stable	3	178	1035.0	4	ddc8008cdeaf
ours	stable	3	179	1038.8	4	ddc8008cdeaf
ours	stable	3	180	1037.8	4	ddc8008cdeaf
ours	stable	3	181	1099.1	4	ddc8008cdeaf
ours	stable	3	182	1049.0	4	ddc8008cdeaf
ours	stable	3	183	1060.0	4	ddc8008cdeaf
ours	stable	3	184	1059.1	4	ddc8008cdeaf
ours	stable	3	185	1060.0	4	ddc8008cdeaf
ours	stable	3	186	1068.8	4	ddc8008cdeaf
ours	stable	3	187	1043.1	4	ddc8008cdeaf
ours	stable	3	188	1045.0	4	ddc8008cdeaf
ours	stable	3	189	1025.9	4	ddc8008cdeaf
ours	stable	3	190	1094.1	4	ddc8008cdeaf
ours	stable	3	191	1035.9	4	ddc8008cdeaf
ours	stable	3	192	1033.1	4	ddc8008cdeaf
ours	stable	3	193	1100.1	4	ddc8008cdeaf
ours	stable	3	194	1093.1	4	ddc8008cdeaf
ours	stable	3	195	3872.9	4	ddc8008cdeaf
ours	stable	3	196	1112.9	4	ddc8008cdeaf
ours	stable	3	197	1048.1	4	ddc8008cdeaf
ours	stable	3	198	1031.9	4	ddc8008cdeaf
ours	stable	3	199	1041.9	4	ddc8008cdeaf
torch-eager	stable	3	0	111657.9	4	torch-2.14.0+cu130
torch-eager	stable	3	1	2127.9	4	torch-2.14.0+cu130
torch-eager	stable	3	2	1980.5	4	torch-2.14.0+cu130
torch-eager	stable	3	3	1986.0	4	torch-2.14.0+cu130
torch-eager	stable	3	4	1969.8	4	torch-2.14.0+cu130
torch-eager	stable	3	5	1973.2	4	torch-2.14.0+cu130
torch-eager	stable	3	6	1987.2	4	torch-2.14.0+cu130
torch-eager	stable	3	7	1961.2	4	torch-2.14.0+cu130
torch-eager	stable	3	8	1960.0	4	torch-2.14.0+cu130
torch-eager	stable	3	9	2022.3	4	torch-2.14.0+cu130
torch-eager	stable	3	10	1986.7	4	torch-2.14.0+cu130
torch-eager	stable	3	11	1964.6	4	torch-2.14.0+cu130
torch-eager	stable	3	12	1966.2	4	torch-2.14.0+cu130
torch-eager	stable	3	13	1956.5	4	torch-2.14.0+cu130
torch-eager	stable	3	14	1964.3	4	torch-2.14.0+cu130
torch-eager	stable	3	15	1968.4	4	torch-2.14.0+cu130
torch-eager	stable	3	16	2033.0	4	torch-2.14.0+cu130
torch-eager	stable	3	17	2115.2	4	torch-2.14.0+cu130
torch-eager	stable	3	18	1981.5	4	torch-2.14.0+cu130
torch-eager	stable	3	19	1977.2	4	torch-2.14.0+cu130
torch-eager	stable	3	20	1988.9	4	torch-2.14.0+cu130
torch-eager	stable	3	21	1953.6	4	torch-2.14.0+cu130
torch-eager	stable	3	22	1987.9	4	torch-2.14.0+cu130
torch-eager	stable	3	23	1984.8	4	torch-2.14.0+cu130
torch-eager	stable	3	24	2135.0	4	torch-2.14.0+cu130
torch-eager	stable	3	25	2088.1	4	torch-2.14.0+cu130
torch-eager	stable	3	26	2062.1	4	torch-2.14.0+cu130
torch-eager	stable	3	27	2073.0	4	torch-2.14.0+cu130
torch-eager	stable	3	28	1985.1	4	torch-2.14.0+cu130
torch-eager	stable	3	29	1970.3	4	torch-2.14.0+cu130
torch-eager	stable	3	30	2005.8	4	torch-2.14.0+cu130
torch-eager	stable	3	31	1981.0	4	torch-2.14.0+cu130
torch-eager	stable	3	32	1976.3	4	torch-2.14.0+cu130
torch-eager	stable	3	33	4613.2	4	torch-2.14.0+cu130
torch-eager	stable	3	34	2068.0	4	torch-2.14.0+cu130
torch-eager	stable	3	35	1992.9	4	torch-2.14.0+cu130
torch-eager	stable	3	36	1981.7	4	torch-2.14.0+cu130
torch-eager	stable	3	37	1964.6	4	torch-2.14.0+cu130
torch-eager	stable	3	38	1991.7	4	torch-2.14.0+cu130
torch-eager	stable	3	39	1978.2	4	torch-2.14.0+cu130
torch-eager	stable	3	40	1977.2	4	torch-2.14.0+cu130
torch-eager	stable	3	41	1965.0	4	torch-2.14.0+cu130
torch-eager	stable	3	42	1995.6	4	torch-2.14.0+cu130
torch-eager	stable	3	43	1992.0	4	torch-2.14.0+cu130
torch-eager	stable	3	44	1966.7	4	torch-2.14.0+cu130
torch-eager	stable	3	45	1964.3	4	torch-2.14.0+cu130
torch-eager	stable	3	46	1988.4	4	torch-2.14.0+cu130
torch-eager	stable	3	47	2005.6	4	torch-2.14.0+cu130
torch-eager	stable	3	48	1956.9	4	torch-2.14.0+cu130
torch-eager	stable	3	49	1951.5	4	torch-2.14.0+cu130
torch-eager	stable	3	50	1962.4	4	torch-2.14.0+cu130
torch-eager	stable	3	51	1977.7	4	torch-2.14.0+cu130
torch-eager	stable	3	52	1957.4	4	torch-2.14.0+cu130
torch-eager	stable	3	53	1982.7	4	torch-2.14.0+cu130
torch-eager	stable	3	54	1967.7	4	torch-2.14.0+cu130
torch-eager	stable	3	55	1963.9	4	torch-2.14.0+cu130
torch-eager	stable	3	56	2008.7	4	torch-2.14.0+cu130
torch-eager	stable	3	57	1972.4	4	torch-2.14.0+cu130
torch-eager	stable	3	58	1966.5	4	torch-2.14.0+cu130
torch-eager	stable	3	59	1979.8	4	torch-2.14.0+cu130
torch-eager	stable	3	60	1958.1	4	torch-2.14.0+cu130
torch-eager	stable	3	61	2001.3	4	torch-2.14.0+cu130
torch-eager	stable	3	62	1976.5	4	torch-2.14.0+cu130
torch-eager	stable	3	63	1995.8	4	torch-2.14.0+cu130
torch-eager	stable	3	64	1969.6	4	torch-2.14.0+cu130
torch-eager	stable	3	65	1992.2	4	torch-2.14.0+cu130
torch-eager	stable	3	66	1984.6	4	torch-2.14.0+cu130
torch-eager	stable	3	67	1966.7	4	torch-2.14.0+cu130
torch-eager	stable	3	68	1965.0	4	torch-2.14.0+cu130
torch-eager	stable	3	69	2017.3	4	torch-2.14.0+cu130
torch-eager	stable	3	70	1951.2	4	torch-2.14.0+cu130
torch-eager	stable	3	71	1956.2	4	torch-2.14.0+cu130
torch-eager	stable	3	72	2003.2	4	torch-2.14.0+cu130
torch-eager	stable	3	73	1951.7	4	torch-2.14.0+cu130
torch-eager	stable	3	74	1965.0	4	torch-2.14.0+cu130
torch-eager	stable	3	75	1948.8	4	torch-2.14.0+cu130
torch-eager	stable	3	76	1961.0	4	torch-2.14.0+cu130
torch-eager	stable	3	77	1948.4	4	torch-2.14.0+cu130
torch-eager	stable	3	78	1942.2	4	torch-2.14.0+cu130
torch-eager	stable	3	79	1950.7	4	torch-2.14.0+cu130
torch-eager	stable	3	80	1976.5	4	torch-2.14.0+cu130
torch-eager	stable	3	81	1941.4	4	torch-2.14.0+cu130
torch-eager	stable	3	82	1967.2	4	torch-2.14.0+cu130
torch-eager	stable	3	83	1946.2	4	torch-2.14.0+cu130
torch-eager	stable	3	84	1966.5	4	torch-2.14.0+cu130
torch-eager	stable	3	85	1975.1	4	torch-2.14.0+cu130
torch-eager	stable	3	86	1963.9	4	torch-2.14.0+cu130
torch-eager	stable	3	87	1965.0	4	torch-2.14.0+cu130
torch-eager	stable	3	88	1966.5	4	torch-2.14.0+cu130
torch-eager	stable	3	89	1961.9	4	torch-2.14.0+cu130
torch-eager	stable	3	90	1946.2	4	torch-2.14.0+cu130
torch-eager	stable	3	91	1964.1	4	torch-2.14.0+cu130
torch-eager	stable	3	92	1984.6	4	torch-2.14.0+cu130
torch-eager	stable	3	93	2016.3	4	torch-2.14.0+cu130
torch-eager	stable	3	94	1982.9	4	torch-2.14.0+cu130
torch-eager	stable	3	95	1973.2	4	torch-2.14.0+cu130
torch-eager	stable	3	96	1976.3	4	torch-2.14.0+cu130
torch-eager	stable	3	97	1967.2	4	torch-2.14.0+cu130
torch-eager	stable	3	98	1958.1	4	torch-2.14.0+cu130
torch-eager	stable	3	99	1968.6	4	torch-2.14.0+cu130
torch-eager	stable	3	100	1951.0	4	torch-2.14.0+cu130
torch-eager	stable	3	101	1960.3	4	torch-2.14.0+cu130
torch-eager	stable	3	102	1949.8	4	torch-2.14.0+cu130
torch-eager	stable	3	103	1955.5	4	torch-2.14.0+cu130
torch-eager	stable	3	104	1958.4	4	torch-2.14.0+cu130
torch-eager	stable	3	105	1976.7	4	torch-2.14.0+cu130
torch-eager	stable	3	106	1973.2	4	torch-2.14.0+cu130
torch-eager	stable	3	107	1948.8	4	torch-2.14.0+cu130
torch-eager	stable	3	108	2064.5	4	torch-2.14.0+cu130
torch-eager	stable	3	109	1996.8	4	torch-2.14.0+cu130
torch-eager	stable	3	110	1960.0	4	torch-2.14.0+cu130
torch-eager	stable	3	111	1957.7	4	torch-2.14.0+cu130
torch-eager	stable	3	112	1942.9	4	torch-2.14.0+cu130
torch-eager	stable	3	113	1956.2	4	torch-2.14.0+cu130
torch-eager	stable	3	114	1947.6	4	torch-2.14.0+cu130
torch-eager	stable	3	115	2044.4	4	torch-2.14.0+cu130
torch-eager	stable	3	116	1948.1	4	torch-2.14.0+cu130
torch-eager	stable	3	117	1957.7	4	torch-2.14.0+cu130
torch-eager	stable	3	118	1950.0	4	torch-2.14.0+cu130
torch-eager	stable	3	119	1943.1	4	torch-2.14.0+cu130
torch-eager	stable	3	120	1956.7	4	torch-2.14.0+cu130
torch-eager	stable	3	121	1980.1	4	torch-2.14.0+cu130
torch-eager	stable	3	122	1987.9	4	torch-2.14.0+cu130
torch-eager	stable	3	123	1977.7	4	torch-2.14.0+cu130
torch-eager	stable	3	124	1946.7	4	torch-2.14.0+cu130
torch-eager	stable	3	125	1997.9	4	torch-2.14.0+cu130
torch-eager	stable	3	126	1958.8	4	torch-2.14.0+cu130
torch-eager	stable	3	127	1959.8	4	torch-2.14.0+cu130
torch-eager	stable	3	128	1953.6	4	torch-2.14.0+cu130
torch-eager	stable	3	129	1986.3	4	torch-2.14.0+cu130
torch-eager	stable	3	130	2046.8	4	torch-2.14.0+cu130
torch-eager	stable	3	131	1959.1	4	torch-2.14.0+cu130
torch-eager	stable	3	132	1968.6	4	torch-2.14.0+cu130
torch-eager	stable	3	133	1974.3	4	torch-2.14.0+cu130
torch-eager	stable	3	134	1967.4	4	torch-2.14.0+cu130
torch-eager	stable	3	135	2007.2	4	torch-2.14.0+cu130
torch-eager	stable	3	136	2514.1	4	torch-2.14.0+cu130
torch-eager	stable	3	137	2075.0	4	torch-2.14.0+cu130
torch-eager	stable	3	138	2125.3	4	torch-2.14.0+cu130
torch-eager	stable	3	139	2310.5	4	torch-2.14.0+cu130
torch-eager	stable	3	140	2219.2	4	torch-2.14.0+cu130
torch-eager	stable	3	141	2209.9	4	torch-2.14.0+cu130
torch-eager	stable	3	142	2227.1	4	torch-2.14.0+cu130
torch-eager	stable	3	143	2216.1	4	torch-2.14.0+cu130
torch-eager	stable	3	144	2208.5	4	torch-2.14.0+cu130
torch-eager	stable	3	145	2198.2	4	torch-2.14.0+cu130
torch-eager	stable	3	146	2207.5	4	torch-2.14.0+cu130
torch-eager	stable	3	147	2214.7	4	torch-2.14.0+cu130
torch-eager	stable	3	148	2231.8	4	torch-2.14.0+cu130
torch-eager	stable	3	149	2194.9	4	torch-2.14.0+cu130
torch-eager	stable	3	150	2196.8	4	torch-2.14.0+cu130
torch-eager	stable	3	151	2206.8	4	torch-2.14.0+cu130
torch-eager	stable	3	152	2235.7	4	torch-2.14.0+cu130
torch-eager	stable	3	153	2259.7	4	torch-2.14.0+cu130
torch-eager	stable	3	154	2219.7	4	torch-2.14.0+cu130
torch-eager	stable	3	155	2208.5	4	torch-2.14.0+cu130
torch-eager	stable	3	156	2272.6	4	torch-2.14.0+cu130
torch-eager	stable	3	157	2220.9	4	torch-2.14.0+cu130
torch-eager	stable	3	158	2213.5	4	torch-2.14.0+cu130
torch-eager	stable	3	159	2230.4	4	torch-2.14.0+cu130
torch-eager	stable	3	160	2300.7	4	torch-2.14.0+cu130
torch-eager	stable	3	161	2255.4	4	torch-2.14.0+cu130
torch-eager	stable	3	162	2206.1	4	torch-2.14.0+cu130
torch-eager	stable	3	163	2181.5	4	torch-2.14.0+cu130
torch-eager	stable	3	164	2201.1	4	torch-2.14.0+cu130
torch-eager	stable	3	165	2258.8	4	torch-2.14.0+cu130
torch-eager	stable	3	166	2261.9	4	torch-2.14.0+cu130
torch-eager	stable	3	167	2281.2	4	torch-2.14.0+cu130
torch-eager	stable	3	168	2216.8	4	torch-2.14.0+cu130
torch-eager	stable	3	169	2210.4	4	torch-2.14.0+cu130
torch-eager	stable	3	170	2241.4	4	torch-2.14.0+cu130
torch-eager	stable	3	171	2198.2	4	torch-2.14.0+cu130
torch-eager	stable	3	172	2247.1	4	torch-2.14.0+cu130
torch-eager	stable	3	173	2251.9	4	torch-2.14.0+cu130
torch-eager	stable	3	174	2249.2	4	torch-2.14.0+cu130
torch-eager	stable	3	175	2213.5	4	torch-2.14.0+cu130
torch-eager	stable	3	176	2193.2	4	torch-2.14.0+cu130
torch-eager	stable	3	177	2203.0	4	torch-2.14.0+cu130
torch-eager	stable	3	178	2193.2	4	torch-2.14.0+cu130
torch-eager	stable	3	179	2234.5	4	torch-2.14.0+cu130
torch-eager	stable	3	180	2199.2	4	torch-2.14.0+cu130
torch-eager	stable	3	181	2230.2	4	torch-2.14.0+cu130
torch-eager	stable	3	182	2234.7	4	torch-2.14.0+cu130
torch-eager	stable	3	183	2235.2	4	torch-2.14.0+cu130
torch-eager	stable	3	184	2251.6	4	torch-2.14.0+cu130
torch-eager	stable	3	185	2201.3	4	torch-2.14.0+cu130
torch-eager	stable	3	186	2215.9	4	torch-2.14.0+cu130
torch-eager	stable	3	187	2215.1	4	torch-2.14.0+cu130
torch-eager	stable	3	188	2228.3	4	torch-2.14.0+cu130
torch-eager	stable	3	189	2239.7	4	torch-2.14.0+cu130
torch-eager	stable	3	190	2208.7	4	torch-2.14.0+cu130
torch-eager	stable	3	191	2224.0	4	torch-2.14.0+cu130
torch-eager	stable	3	192	2221.1	4	torch-2.14.0+cu130
torch-eager	stable	3	193	2220.4	4	torch-2.14.0+cu130
torch-eager	stable	3	194	2213.0	4	torch-2.14.0+cu130
torch-eager	stable	3	195	2212.3	4	torch-2.14.0+cu130
torch-eager	stable	3	196	2278.1	4	torch-2.14.0+cu130
torch-eager	stable	3	197	2278.1	4	torch-2.14.0+cu130
torch-eager	stable	3	198	2208.9	4	torch-2.14.0+cu130
torch-eager	stable	3	199	2210.4	4	torch-2.14.0+cu130
torch-compile	stable	3	0	921984.2	4	torch-2.14.0+cu130
torch-compile	stable	3	1	1899.7	4	torch-2.14.0+cu130
torch-compile	stable	3	2	1652.5	4	torch-2.14.0+cu130
torch-compile	stable	3	3	1651.3	4	torch-2.14.0+cu130
torch-compile	stable	3	4	1667.5	4	torch-2.14.0+cu130
torch-compile	stable	3	5	1624.1	4	torch-2.14.0+cu130
torch-compile	stable	3	6	1624.3	4	torch-2.14.0+cu130
torch-compile	stable	3	7	1557.6	4	torch-2.14.0+cu130
torch-compile	stable	3	8	1567.4	4	torch-2.14.0+cu130
torch-compile	stable	3	9	1577.9	4	torch-2.14.0+cu130
torch-compile	stable	3	10	1578.6	4	torch-2.14.0+cu130
torch-compile	stable	3	11	1585.7	4	torch-2.14.0+cu130
torch-compile	stable	3	12	1569.3	4	torch-2.14.0+cu130
torch-compile	stable	3	13	1547.3	4	torch-2.14.0+cu130
torch-compile	stable	3	14	1574.8	4	torch-2.14.0+cu130
torch-compile	stable	3	15	1547.8	4	torch-2.14.0+cu130
torch-compile	stable	3	16	1559.0	4	torch-2.14.0+cu130
torch-compile	stable	3	17	1587.4	4	torch-2.14.0+cu130
torch-compile	stable	3	18	1581.9	4	torch-2.14.0+cu130
torch-compile	stable	3	19	1581.2	4	torch-2.14.0+cu130
torch-compile	stable	3	20	1577.9	4	torch-2.14.0+cu130
torch-compile	stable	3	21	1527.5	4	torch-2.14.0+cu130
torch-compile	stable	3	22	1542.6	4	torch-2.14.0+cu130
torch-compile	stable	3	23	1564.0	4	torch-2.14.0+cu130
torch-compile	stable	3	24	1642.2	4	torch-2.14.0+cu130
torch-compile	stable	3	25	1556.2	4	torch-2.14.0+cu130
torch-compile	stable	3	26	1613.1	4	torch-2.14.0+cu130
torch-compile	stable	3	27	1552.1	4	torch-2.14.0+cu130
torch-compile	stable	3	28	1587.6	4	torch-2.14.0+cu130
torch-compile	stable	3	29	1578.1	4	torch-2.14.0+cu130
torch-compile	stable	3	30	1538.3	4	torch-2.14.0+cu130
torch-compile	stable	3	31	1570.2	4	torch-2.14.0+cu130
torch-compile	stable	3	32	1562.6	4	torch-2.14.0+cu130
torch-compile	stable	3	33	1594.3	4	torch-2.14.0+cu130
torch-compile	stable	3	34	1535.4	4	torch-2.14.0+cu130
torch-compile	stable	3	35	1558.5	4	torch-2.14.0+cu130
torch-compile	stable	3	36	1550.0	4	torch-2.14.0+cu130
torch-compile	stable	3	37	1554.5	4	torch-2.14.0+cu130
torch-compile	stable	3	38	1564.3	4	torch-2.14.0+cu130
torch-compile	stable	3	39	1535.2	4	torch-2.14.0+cu130
torch-compile	stable	3	40	1576.9	4	torch-2.14.0+cu130
torch-compile	stable	3	41	1562.6	4	torch-2.14.0+cu130
torch-compile	stable	3	42	1543.0	4	torch-2.14.0+cu130
torch-compile	stable	3	43	1545.7	4	torch-2.14.0+cu130
torch-compile	stable	3	44	1544.5	4	torch-2.14.0+cu130
torch-compile	stable	3	45	1580.0	4	torch-2.14.0+cu130
torch-compile	stable	3	46	1545.9	4	torch-2.14.0+cu130
torch-compile	stable	3	47	1600.5	4	torch-2.14.0+cu130
torch-compile	stable	3	48	1568.1	4	torch-2.14.0+cu130
torch-compile	stable	3	49	1557.6	4	torch-2.14.0+cu130
torch-compile	stable	3	50	1564.7	4	torch-2.14.0+cu130
torch-compile	stable	3	51	1565.9	4	torch-2.14.0+cu130
torch-compile	stable	3	52	1618.9	4	torch-2.14.0+cu130
torch-compile	stable	3	53	1560.2	4	torch-2.14.0+cu130
torch-compile	stable	3	54	1567.1	4	torch-2.14.0+cu130
torch-compile	stable	3	55	1563.8	4	torch-2.14.0+cu130
torch-compile	stable	3	56	1775.7	4	torch-2.14.0+cu130
torch-compile	stable	3	57	1887.8	4	torch-2.14.0+cu130
torch-compile	stable	3	58	1889.7	4	torch-2.14.0+cu130
torch-compile	stable	3	59	1858.0	4	torch-2.14.0+cu130
torch-compile	stable	3	60	1584.3	4	torch-2.14.0+cu130
torch-compile	stable	3	61	1543.3	4	torch-2.14.0+cu130
torch-compile	stable	3	62	1532.3	4	torch-2.14.0+cu130
torch-compile	stable	3	63	1622.4	4	torch-2.14.0+cu130
torch-compile	stable	3	64	1574.0	4	torch-2.14.0+cu130
torch-compile	stable	3	65	1553.8	4	torch-2.14.0+cu130
torch-compile	stable	3	66	1561.9	4	torch-2.14.0+cu130
torch-compile	stable	3	67	1606.7	4	torch-2.14.0+cu130
torch-compile	stable	3	68	1539.7	4	torch-2.14.0+cu130
torch-compile	stable	3	69	1560.7	4	torch-2.14.0+cu130
torch-compile	stable	3	70	1558.3	4	torch-2.14.0+cu130
torch-compile	stable	3	71	1559.0	4	torch-2.14.0+cu130
torch-compile	stable	3	72	1568.1	4	torch-2.14.0+cu130
torch-compile	stable	3	73	1558.1	4	torch-2.14.0+cu130
torch-compile	stable	3	74	1565.9	4	torch-2.14.0+cu130
torch-compile	stable	3	75	1564.5	4	torch-2.14.0+cu130
torch-compile	stable	3	76	1547.1	4	torch-2.14.0+cu130
torch-compile	stable	3	77	1562.4	4	torch-2.14.0+cu130
torch-compile	stable	3	78	1570.7	4	torch-2.14.0+cu130
torch-compile	stable	3	79	1552.3	4	torch-2.14.0+cu130
torch-compile	stable	3	80	1547.3	4	torch-2.14.0+cu130
torch-compile	stable	3	81	1555.2	4	torch-2.14.0+cu130
torch-compile	stable	3	82	1582.1	4	torch-2.14.0+cu130
torch-compile	stable	3	83	1549.7	4	torch-2.14.0+cu130
torch-compile	stable	3	84	1566.6	4	torch-2.14.0+cu130
torch-compile	stable	3	85	1615.8	4	torch-2.14.0+cu130
torch-compile	stable	3	86	1545.4	4	torch-2.14.0+cu130
torch-compile	stable	3	87	1580.0	4	torch-2.14.0+cu130
torch-compile	stable	3	88	1607.7	4	torch-2.14.0+cu130
torch-compile	stable	3	89	1545.0	4	torch-2.14.0+cu130
torch-compile	stable	3	90	1560.7	4	torch-2.14.0+cu130
torch-compile	stable	3	91	1570.2	4	torch-2.14.0+cu130
torch-compile	stable	3	92	1583.6	4	torch-2.14.0+cu130
torch-compile	stable	3	93	1530.9	4	torch-2.14.0+cu130
torch-compile	stable	3	94	1555.7	4	torch-2.14.0+cu130
torch-compile	stable	3	95	1544.2	4	torch-2.14.0+cu130
torch-compile	stable	3	96	1571.4	4	torch-2.14.0+cu130
torch-compile	stable	3	97	1584.3	4	torch-2.14.0+cu130
torch-compile	stable	3	98	1574.0	4	torch-2.14.0+cu130
torch-compile	stable	3	99	1577.1	4	torch-2.14.0+cu130
torch-compile	stable	3	100	1548.1	4	torch-2.14.0+cu130
torch-compile	stable	3	101	1571.7	4	torch-2.14.0+cu130
torch-compile	stable	3	102	1542.8	4	torch-2.14.0+cu130
torch-compile	stable	3	103	1556.9	4	torch-2.14.0+cu130
torch-compile	stable	3	104	1533.7	4	torch-2.14.0+cu130
torch-compile	stable	3	105	1533.5	4	torch-2.14.0+cu130
torch-compile	stable	3	106	1545.2	4	torch-2.14.0+cu130
torch-compile	stable	3	107	1571.2	4	torch-2.14.0+cu130
torch-compile	stable	3	108	1566.4	4	torch-2.14.0+cu130
torch-compile	stable	3	109	1522.1	4	torch-2.14.0+cu130
torch-compile	stable	3	110	1553.1	4	torch-2.14.0+cu130
torch-compile	stable	3	111	1563.1	4	torch-2.14.0+cu130
torch-compile	stable	3	112	1575.0	4	torch-2.14.0+cu130
torch-compile	stable	3	113	1538.3	4	torch-2.14.0+cu130
torch-compile	stable	3	114	1550.0	4	torch-2.14.0+cu130
torch-compile	stable	3	115	1553.1	4	torch-2.14.0+cu130
torch-compile	stable	3	116	1564.0	4	torch-2.14.0+cu130
torch-compile	stable	3	117	1554.0	4	torch-2.14.0+cu130
torch-compile	stable	3	118	1547.3	4	torch-2.14.0+cu130
torch-compile	stable	3	119	1568.8	4	torch-2.14.0+cu130
torch-compile	stable	3	120	1584.3	4	torch-2.14.0+cu130
torch-compile	stable	3	121	1538.5	4	torch-2.14.0+cu130
torch-compile	stable	3	122	1620.8	4	torch-2.14.0+cu130
torch-compile	stable	3	123	1607.2	4	torch-2.14.0+cu130
torch-compile	stable	3	124	1549.0	4	torch-2.14.0+cu130
torch-compile	stable	3	125	1536.6	4	torch-2.14.0+cu130
torch-compile	stable	3	126	1553.8	4	torch-2.14.0+cu130
torch-compile	stable	3	127	1566.4	4	torch-2.14.0+cu130
torch-compile	stable	3	128	1562.6	4	torch-2.14.0+cu130
torch-compile	stable	3	129	1548.8	4	torch-2.14.0+cu130
torch-compile	stable	3	130	1620.3	4	torch-2.14.0+cu130
torch-compile	stable	3	131	1608.8	4	torch-2.14.0+cu130
torch-compile	stable	3	132	1565.9	4	torch-2.14.0+cu130
torch-compile	stable	3	133	1585.2	4	torch-2.14.0+cu130
torch-compile	stable	3	134	1543.3	4	torch-2.14.0+cu130
torch-compile	stable	3	135	1574.3	4	torch-2.14.0+cu130
torch-compile	stable	3	136	1558.3	4	torch-2.14.0+cu130
torch-compile	stable	3	137	1555.9	4	torch-2.14.0+cu130
torch-compile	stable	3	138	1551.9	4	torch-2.14.0+cu130
torch-compile	stable	3	139	1547.8	4	torch-2.14.0+cu130
torch-compile	stable	3	140	1591.0	4	torch-2.14.0+cu130
torch-compile	stable	3	141	1533.3	4	torch-2.14.0+cu130
torch-compile	stable	3	142	1561.2	4	torch-2.14.0+cu130
torch-compile	stable	3	143	1571.9	4	torch-2.14.0+cu130
torch-compile	stable	3	144	1571.9	4	torch-2.14.0+cu130
torch-compile	stable	3	145	1555.2	4	torch-2.14.0+cu130
torch-compile	stable	3	146	1548.3	4	torch-2.14.0+cu130
torch-compile	stable	3	147	1564.7	4	torch-2.14.0+cu130
torch-compile	stable	3	148	1541.9	4	torch-2.14.0+cu130
torch-compile	stable	3	149	1554.0	4	torch-2.14.0+cu130
torch-compile	stable	3	150	1556.2	4	torch-2.14.0+cu130
torch-compile	stable	3	151	1549.0	4	torch-2.14.0+cu130
torch-compile	stable	3	152	1577.6	4	torch-2.14.0+cu130
torch-compile	stable	3	153	1549.7	4	torch-2.14.0+cu130
torch-compile	stable	3	154	1559.7	4	torch-2.14.0+cu130
torch-compile	stable	3	155	1575.5	4	torch-2.14.0+cu130
torch-compile	stable	3	156	1543.8	4	torch-2.14.0+cu130
torch-compile	stable	3	157	1549.5	4	torch-2.14.0+cu130
torch-compile	stable	3	158	1565.2	4	torch-2.14.0+cu130
torch-compile	stable	3	159	1569.0	4	torch-2.14.0+cu130
torch-compile	stable	3	160	1557.1	4	torch-2.14.0+cu130
torch-compile	stable	3	161	1566.4	4	torch-2.14.0+cu130
torch-compile	stable	3	162	1538.3	4	torch-2.14.0+cu130
torch-compile	stable	3	163	1582.9	4	torch-2.14.0+cu130
torch-compile	stable	3	164	1558.8	4	torch-2.14.0+cu130
torch-compile	stable	3	165	1558.5	4	torch-2.14.0+cu130
torch-compile	stable	3	166	1550.9	4	torch-2.14.0+cu130
torch-compile	stable	3	167	1579.5	4	torch-2.14.0+cu130
torch-compile	stable	3	168	1575.2	4	torch-2.14.0+cu130
torch-compile	stable	3	169	1525.6	4	torch-2.14.0+cu130
torch-compile	stable	3	170	1559.7	4	torch-2.14.0+cu130
torch-compile	stable	3	171	1545.7	4	torch-2.14.0+cu130
torch-compile	stable	3	172	1561.4	4	torch-2.14.0+cu130
torch-compile	stable	3	173	1534.9	4	torch-2.14.0+cu130
torch-compile	stable	3	174	1538.3	4	torch-2.14.0+cu130
torch-compile	stable	3	175	1555.2	4	torch-2.14.0+cu130
torch-compile	stable	3	176	1565.5	4	torch-2.14.0+cu130
torch-compile	stable	3	177	1564.5	4	torch-2.14.0+cu130
torch-compile	stable	3	178	1534.2	4	torch-2.14.0+cu130
torch-compile	stable	3	179	1600.5	4	torch-2.14.0+cu130
torch-compile	stable	3	180	1567.8	4	torch-2.14.0+cu130
torch-compile	stable	3	181	1529.2	4	torch-2.14.0+cu130
torch-compile	stable	3	182	1549.5	4	torch-2.14.0+cu130
torch-compile	stable	3	183	1539.2	4	torch-2.14.0+cu130
torch-compile	stable	3	184	1541.6	4	torch-2.14.0+cu130
torch-compile	stable	3	185	1569.7	4	torch-2.14.0+cu130
torch-compile	stable	3	186	1566.6	4	torch-2.14.0+cu130
torch-compile	stable	3	187	1596.7	4	torch-2.14.0+cu130
torch-compile	stable	3	188	1579.0	4	torch-2.14.0+cu130
torch-compile	stable	3	189	1532.3	4	torch-2.14.0+cu130
torch-compile	stable	3	190	1534.0	4	torch-2.14.0+cu130
torch-compile	stable	3	191	1529.2	4	torch-2.14.0+cu130
torch-compile	stable	3	192	1553.8	4	torch-2.14.0+cu130
torch-compile	stable	3	193	1543.8	4	torch-2.14.0+cu130
torch-compile	stable	3	194	1524.4	4	torch-2.14.0+cu130
torch-compile	stable	3	195	1529.7	4	torch-2.14.0+cu130
torch-compile	stable	3	196	1518.2	4	torch-2.14.0+cu130
torch-compile	stable	3	197	1527.3	4	torch-2.14.0+cu130
torch-compile	stable	3	198	1535.2	4	torch-2.14.0+cu130
torch-compile	stable	3	199	1560.9	4	torch-2.14.0+cu130
torch-compile-ro	stable	3	0	890998.6	4	torch-2.14.0+cu130
torch-compile-ro	stable	3	1	52464.5	4	torch-2.14.0+cu130
torch-compile-ro	stable	3	2	1822.0	4	torch-2.14.0+cu130
torch-compile-ro	stable	3	3	1616.7	4	torch-2.14.0+cu130
torch-compile-ro	stable	3	4	1525.6	4	torch-2.14.0+cu130
torch-compile-ro	stable	3	5	1511.6	4	torch-2.14.0+cu130
torch-compile-ro	stable	3	6	1470.3	4	torch-2.14.0+cu130
torch-compile-ro	stable	3	7	1529.7	4	torch-2.14.0+cu130
torch-compile-ro	stable	3	8	1474.9	4	torch-2.14.0+cu130
torch-compile-ro	stable	3	9	1462.9	4	torch-2.14.0+cu130
torch-compile-ro	stable	3	10	1484.2	4	torch-2.14.0+cu130
torch-compile-ro	stable	3	11	1490.8	4	torch-2.14.0+cu130
torch-compile-ro	stable	3	12	1462.0	4	torch-2.14.0+cu130
torch-compile-ro	stable	3	13	1475.1	4	torch-2.14.0+cu130
torch-compile-ro	stable	3	14	1492.0	4	torch-2.14.0+cu130
torch-compile-ro	stable	3	15	1476.8	4	torch-2.14.0+cu130
torch-compile-ro	stable	3	16	1469.4	4	torch-2.14.0+cu130
torch-compile-ro	stable	3	17	1467.0	4	torch-2.14.0+cu130
torch-compile-ro	stable	3	18	1554.7	4	torch-2.14.0+cu130
torch-compile-ro	stable	3	19	1479.6	4	torch-2.14.0+cu130
torch-compile-ro	stable	3	20	1461.3	4	torch-2.14.0+cu130
torch-compile-ro	stable	3	21	1480.3	4	torch-2.14.0+cu130
torch-compile-ro	stable	3	22	1463.9	4	torch-2.14.0+cu130
torch-compile-ro	stable	3	23	1465.3	4	torch-2.14.0+cu130
torch-compile-ro	stable	3	24	1471.0	4	torch-2.14.0+cu130
torch-compile-ro	stable	3	25	1488.0	4	torch-2.14.0+cu130
torch-compile-ro	stable	3	26	1475.8	4	torch-2.14.0+cu130
torch-compile-ro	stable	3	27	1474.1	4	torch-2.14.0+cu130
torch-compile-ro	stable	3	28	1460.8	4	torch-2.14.0+cu130
torch-compile-ro	stable	3	29	1505.4	4	torch-2.14.0+cu130
torch-compile-ro	stable	3	30	1473.4	4	torch-2.14.0+cu130
torch-compile-ro	stable	3	31	1524.7	4	torch-2.14.0+cu130
torch-compile-ro	stable	3	32	1480.8	4	torch-2.14.0+cu130
torch-compile-ro	stable	3	33	1482.7	4	torch-2.14.0+cu130
torch-compile-ro	stable	3	34	1480.6	4	torch-2.14.0+cu130
torch-compile-ro	stable	3	35	1481.1	4	torch-2.14.0+cu130
torch-compile-ro	stable	3	36	1488.2	4	torch-2.14.0+cu130
torch-compile-ro	stable	3	37	1468.7	4	torch-2.14.0+cu130
torch-compile-ro	stable	3	38	1477.0	4	torch-2.14.0+cu130
torch-compile-ro	stable	3	39	1495.4	4	torch-2.14.0+cu130
torch-compile-ro	stable	3	40	1467.0	4	torch-2.14.0+cu130
torch-compile-ro	stable	3	41	1475.3	4	torch-2.14.0+cu130
torch-compile-ro	stable	3	42	1456.0	4	torch-2.14.0+cu130
torch-compile-ro	stable	3	43	1447.2	4	torch-2.14.0+cu130
torch-compile-ro	stable	3	44	1468.7	4	torch-2.14.0+cu130
torch-compile-ro	stable	3	45	1462.9	4	torch-2.14.0+cu130
torch-compile-ro	stable	3	46	1565.5	4	torch-2.14.0+cu130
torch-compile-ro	stable	3	47	1476.3	4	torch-2.14.0+cu130
torch-compile-ro	stable	3	48	1499.4	4	torch-2.14.0+cu130
torch-compile-ro	stable	3	49	1496.6	4	torch-2.14.0+cu130
torch-compile-ro	stable	3	50	1488.0	4	torch-2.14.0+cu130
torch-compile-ro	stable	3	51	1467.7	4	torch-2.14.0+cu130
torch-compile-ro	stable	3	52	1506.6	4	torch-2.14.0+cu130
torch-compile-ro	stable	3	53	1473.7	4	torch-2.14.0+cu130
torch-compile-ro	stable	3	54	1464.4	4	torch-2.14.0+cu130
torch-compile-ro	stable	3	55	1458.9	4	torch-2.14.0+cu130
torch-compile-ro	stable	3	56	1454.6	4	torch-2.14.0+cu130
torch-compile-ro	stable	3	57	1473.2	4	torch-2.14.0+cu130
torch-compile-ro	stable	3	58	1485.8	4	torch-2.14.0+cu130
torch-compile-ro	stable	3	59	1477.5	4	torch-2.14.0+cu130
torch-compile-ro	stable	3	60	1454.6	4	torch-2.14.0+cu130
torch-compile-ro	stable	3	61	1462.7	4	torch-2.14.0+cu130
torch-compile-ro	stable	3	62	1463.4	4	torch-2.14.0+cu130
torch-compile-ro	stable	3	63	1497.5	4	torch-2.14.0+cu130
torch-compile-ro	stable	3	64	1468.2	4	torch-2.14.0+cu130
torch-compile-ro	stable	3	65	1464.1	4	torch-2.14.0+cu130
torch-compile-ro	stable	3	66	1523.5	4	torch-2.14.0+cu130
torch-compile-ro	stable	3	67	1464.4	4	torch-2.14.0+cu130
torch-compile-ro	stable	3	68	1493.5	4	torch-2.14.0+cu130
torch-compile-ro	stable	3	69	1466.5	4	torch-2.14.0+cu130
torch-compile-ro	stable	3	70	1456.0	4	torch-2.14.0+cu130
torch-compile-ro	stable	3	71	1473.2	4	torch-2.14.0+cu130
torch-compile-ro	stable	3	72	1473.4	4	torch-2.14.0+cu130
torch-compile-ro	stable	3	73	1448.9	4	torch-2.14.0+cu130
torch-compile-ro	stable	3	74	1498.5	4	torch-2.14.0+cu130
torch-compile-ro	stable	3	75	1464.8	4	torch-2.14.0+cu130
torch-compile-ro	stable	3	76	1447.2	4	torch-2.14.0+cu130
torch-compile-ro	stable	3	77	1474.4	4	torch-2.14.0+cu130
torch-compile-ro	stable	3	78	1543.8	4	torch-2.14.0+cu130
torch-compile-ro	stable	3	79	1509.7	4	torch-2.14.0+cu130
torch-compile-ro	stable	3	80	1515.2	4	torch-2.14.0+cu130
torch-compile-ro	stable	3	81	1469.6	4	torch-2.14.0+cu130
torch-compile-ro	stable	3	82	1460.6	4	torch-2.14.0+cu130
torch-compile-ro	stable	3	83	1459.8	4	torch-2.14.0+cu130
torch-compile-ro	stable	3	84	1452.4	4	torch-2.14.0+cu130
torch-compile-ro	stable	3	85	1465.6	4	torch-2.14.0+cu130
torch-compile-ro	stable	3	86	1503.7	4	torch-2.14.0+cu130
torch-compile-ro	stable	3	87	1478.9	4	torch-2.14.0+cu130
torch-compile-ro	stable	3	88	1457.0	4	torch-2.14.0+cu130
torch-compile-ro	stable	3	89	1504.4	4	torch-2.14.0+cu130
torch-compile-ro	stable	3	90	1456.5	4	torch-2.14.0+cu130
torch-compile-ro	stable	3	91	1489.9	4	torch-2.14.0+cu130
torch-compile-ro	stable	3	92	1468.7	4	torch-2.14.0+cu130
torch-compile-ro	stable	3	93	1484.6	4	torch-2.14.0+cu130
torch-compile-ro	stable	3	94	1474.4	4	torch-2.14.0+cu130
torch-compile-ro	stable	3	95	1482.7	4	torch-2.14.0+cu130
torch-compile-ro	stable	3	96	1520.4	4	torch-2.14.0+cu130
torch-compile-ro	stable	3	97	1527.8	4	torch-2.14.0+cu130
torch-compile-ro	stable	3	98	1458.9	4	torch-2.14.0+cu130
torch-compile-ro	stable	3	99	1457.7	4	torch-2.14.0+cu130
torch-compile-ro	stable	3	100	1446.2	4	torch-2.14.0+cu130
torch-compile-ro	stable	3	101	1463.7	4	torch-2.14.0+cu130
torch-compile-ro	stable	3	102	1510.4	4	torch-2.14.0+cu130
torch-compile-ro	stable	3	103	1470.6	4	torch-2.14.0+cu130
torch-compile-ro	stable	3	104	1458.2	4	torch-2.14.0+cu130
torch-compile-ro	stable	3	105	1474.6	4	torch-2.14.0+cu130
torch-compile-ro	stable	3	106	1498.9	4	torch-2.14.0+cu130
torch-compile-ro	stable	3	107	1452.0	4	torch-2.14.0+cu130
torch-compile-ro	stable	3	108	1519.4	4	torch-2.14.0+cu130
torch-compile-ro	stable	3	109	1452.4	4	torch-2.14.0+cu130
torch-compile-ro	stable	3	110	1461.3	4	torch-2.14.0+cu130
torch-compile-ro	stable	3	111	1497.3	4	torch-2.14.0+cu130
torch-compile-ro	stable	3	112	1479.6	4	torch-2.14.0+cu130
torch-compile-ro	stable	3	113	1473.4	4	torch-2.14.0+cu130
torch-compile-ro	stable	3	114	1459.4	4	torch-2.14.0+cu130
torch-compile-ro	stable	3	115	1464.4	4	torch-2.14.0+cu130
torch-compile-ro	stable	3	116	1472.7	4	torch-2.14.0+cu130
torch-compile-ro	stable	3	117	1467.0	4	torch-2.14.0+cu130
torch-compile-ro	stable	3	118	1497.5	4	torch-2.14.0+cu130
torch-compile-ro	stable	3	119	1515.6	4	torch-2.14.0+cu130
torch-compile-ro	stable	3	120	1498.0	4	torch-2.14.0+cu130
torch-compile-ro	stable	3	121	1457.9	4	torch-2.14.0+cu130
torch-compile-ro	stable	3	122	1453.2	4	torch-2.14.0+cu130
torch-compile-ro	stable	3	123	1452.7	4	torch-2.14.0+cu130
torch-compile-ro	stable	3	124	1463.4	4	torch-2.14.0+cu130
torch-compile-ro	stable	3	125	1513.5	4	torch-2.14.0+cu130
torch-compile-ro	stable	3	126	1486.1	4	torch-2.14.0+cu130
torch-compile-ro	stable	3	127	1461.0	4	torch-2.14.0+cu130
torch-compile-ro	stable	3	128	1460.8	4	torch-2.14.0+cu130
torch-compile-ro	stable	3	129	1464.1	4	torch-2.14.0+cu130
torch-compile-ro	stable	3	130	1539.9	4	torch-2.14.0+cu130
torch-compile-ro	stable	3	131	1450.1	4	torch-2.14.0+cu130
torch-compile-ro	stable	3	132	1464.6	4	torch-2.14.0+cu130
torch-compile-ro	stable	3	133	1490.6	4	torch-2.14.0+cu130
torch-compile-ro	stable	3	134	1480.1	4	torch-2.14.0+cu130
torch-compile-ro	stable	3	135	1489.6	4	torch-2.14.0+cu130
torch-compile-ro	stable	3	136	1467.7	4	torch-2.14.0+cu130
torch-compile-ro	stable	3	137	1457.2	4	torch-2.14.0+cu130
torch-compile-ro	stable	3	138	1453.4	4	torch-2.14.0+cu130
torch-compile-ro	stable	3	139	1469.6	4	torch-2.14.0+cu130
torch-compile-ro	stable	3	140	1468.4	4	torch-2.14.0+cu130
torch-compile-ro	stable	3	141	1482.0	4	torch-2.14.0+cu130
torch-compile-ro	stable	3	142	1496.6	4	torch-2.14.0+cu130
torch-compile-ro	stable	3	143	1449.8	4	torch-2.14.0+cu130
torch-compile-ro	stable	3	144	1455.5	4	torch-2.14.0+cu130
torch-compile-ro	stable	3	145	1462.7	4	torch-2.14.0+cu130
torch-compile-ro	stable	3	146	1483.0	4	torch-2.14.0+cu130
torch-compile-ro	stable	3	147	1444.3	4	torch-2.14.0+cu130
torch-compile-ro	stable	3	148	1448.9	4	torch-2.14.0+cu130
torch-compile-ro	stable	3	149	1463.7	4	torch-2.14.0+cu130
torch-compile-ro	stable	3	150	1452.0	4	torch-2.14.0+cu130
torch-compile-ro	stable	3	151	1456.5	4	torch-2.14.0+cu130
torch-compile-ro	stable	3	152	1438.9	4	torch-2.14.0+cu130
torch-compile-ro	stable	3	153	1533.3	4	torch-2.14.0+cu130
torch-compile-ro	stable	3	154	1491.8	4	torch-2.14.0+cu130
torch-compile-ro	stable	3	155	1455.3	4	torch-2.14.0+cu130
torch-compile-ro	stable	3	156	1459.6	4	torch-2.14.0+cu130
torch-compile-ro	stable	3	157	1456.5	4	torch-2.14.0+cu130
torch-compile-ro	stable	3	158	1446.5	4	torch-2.14.0+cu130
torch-compile-ro	stable	3	159	1452.7	4	torch-2.14.0+cu130
torch-compile-ro	stable	3	160	1441.2	4	torch-2.14.0+cu130
torch-compile-ro	stable	3	161	1439.1	4	torch-2.14.0+cu130
torch-compile-ro	stable	3	162	1425.5	4	torch-2.14.0+cu130
torch-compile-ro	stable	3	163	1447.2	4	torch-2.14.0+cu130
torch-compile-ro	stable	3	164	1474.6	4	torch-2.14.0+cu130
torch-compile-ro	stable	3	165	1479.1	4	torch-2.14.0+cu130
torch-compile-ro	stable	3	166	1442.7	4	torch-2.14.0+cu130
torch-compile-ro	stable	3	167	1411.9	4	torch-2.14.0+cu130
torch-compile-ro	stable	3	168	1421.2	4	torch-2.14.0+cu130
torch-compile-ro	stable	3	169	1442.9	4	torch-2.14.0+cu130
torch-compile-ro	stable	3	170	1423.8	4	torch-2.14.0+cu130
torch-compile-ro	stable	3	171	1442.4	4	torch-2.14.0+cu130
torch-compile-ro	stable	3	172	1429.6	4	torch-2.14.0+cu130
torch-compile-ro	stable	3	173	1429.8	4	torch-2.14.0+cu130
torch-compile-ro	stable	3	174	1446.0	4	torch-2.14.0+cu130
torch-compile-ro	stable	3	175	1397.6	4	torch-2.14.0+cu130
torch-compile-ro	stable	3	176	1503.9	4	torch-2.14.0+cu130
torch-compile-ro	stable	3	177	1435.0	4	torch-2.14.0+cu130
torch-compile-ro	stable	3	178	1437.2	4	torch-2.14.0+cu130
torch-compile-ro	stable	3	179	1441.5	4	torch-2.14.0+cu130
torch-compile-ro	stable	3	180	1426.5	4	torch-2.14.0+cu130
torch-compile-ro	stable	3	181	1425.5	4	torch-2.14.0+cu130
torch-compile-ro	stable	3	182	1428.6	4	torch-2.14.0+cu130
torch-compile-ro	stable	3	183	1412.9	4	torch-2.14.0+cu130
torch-compile-ro	stable	3	184	1415.7	4	torch-2.14.0+cu130
torch-compile-ro	stable	3	185	1418.4	4	torch-2.14.0+cu130
torch-compile-ro	stable	3	186	1424.1	4	torch-2.14.0+cu130
torch-compile-ro	stable	3	187	1471.5	4	torch-2.14.0+cu130
torch-compile-ro	stable	3	188	1447.9	4	torch-2.14.0+cu130
torch-compile-ro	stable	3	189	1437.9	4	torch-2.14.0+cu130
torch-compile-ro	stable	3	190	1420.5	4	torch-2.14.0+cu130
torch-compile-ro	stable	3	191	1445.8	4	torch-2.14.0+cu130
torch-compile-ro	stable	3	192	1434.8	4	torch-2.14.0+cu130
torch-compile-ro	stable	3	193	1430.5	4	torch-2.14.0+cu130
torch-compile-ro	stable	3	194	1433.4	4	torch-2.14.0+cu130
torch-compile-ro	stable	3	195	1516.6	4	torch-2.14.0+cu130
torch-compile-ro	stable	3	196	1431.5	4	torch-2.14.0+cu130
torch-compile-ro	stable	3	197	1423.6	4	torch-2.14.0+cu130
torch-compile-ro	stable	3	198	1465.8	4	torch-2.14.0+cu130
torch-compile-ro	stable	3	199	1488.7	4	torch-2.14.0+cu130
torch-compile-mat	stable	3	0	915889.3	4	torch-2.14.0+cu130
torch-compile-mat	stable	3	1	60567.1	4	torch-2.14.0+cu130
torch-compile-mat	stable	3	2	1688.0	4	torch-2.14.0+cu130
torch-compile-mat	stable	3	3	1609.6	4	torch-2.14.0+cu130
torch-compile-mat	stable	3	4	1529.7	4	torch-2.14.0+cu130
torch-compile-mat	stable	3	5	1492.3	4	torch-2.14.0+cu130
torch-compile-mat	stable	3	6	1481.3	4	torch-2.14.0+cu130
torch-compile-mat	stable	3	7	1482.7	4	torch-2.14.0+cu130
torch-compile-mat	stable	3	8	1464.6	4	torch-2.14.0+cu130
torch-compile-mat	stable	3	9	1566.9	4	torch-2.14.0+cu130
torch-compile-mat	stable	3	10	1491.5	4	torch-2.14.0+cu130
torch-compile-mat	stable	3	11	1537.6	4	torch-2.14.0+cu130
torch-compile-mat	stable	3	12	1558.5	4	torch-2.14.0+cu130
torch-compile-mat	stable	3	13	1569.0	4	torch-2.14.0+cu130
torch-compile-mat	stable	3	14	1509.9	4	torch-2.14.0+cu130
torch-compile-mat	stable	3	15	1518.0	4	torch-2.14.0+cu130
torch-compile-mat	stable	3	16	1462.5	4	torch-2.14.0+cu130
torch-compile-mat	stable	3	17	1480.3	4	torch-2.14.0+cu130
torch-compile-mat	stable	3	18	1463.2	4	torch-2.14.0+cu130
torch-compile-mat	stable	3	19	1520.4	4	torch-2.14.0+cu130
torch-compile-mat	stable	3	20	1519.0	4	torch-2.14.0+cu130
torch-compile-mat	stable	3	21	1604.1	4	torch-2.14.0+cu130
torch-compile-mat	stable	3	22	1583.6	4	torch-2.14.0+cu130
torch-compile-mat	stable	3	23	1560.9	4	torch-2.14.0+cu130
torch-compile-mat	stable	3	24	1495.4	4	torch-2.14.0+cu130
torch-compile-mat	stable	3	25	1507.0	4	torch-2.14.0+cu130
torch-compile-mat	stable	3	26	1508.5	4	torch-2.14.0+cu130
torch-compile-mat	stable	3	27	1561.6	4	torch-2.14.0+cu130
torch-compile-mat	stable	3	28	1560.9	4	torch-2.14.0+cu130
torch-compile-mat	stable	3	29	1508.2	4	torch-2.14.0+cu130
torch-compile-mat	stable	3	30	1499.2	4	torch-2.14.0+cu130
torch-compile-mat	stable	3	31	1497.3	4	torch-2.14.0+cu130
torch-compile-mat	stable	3	32	1482.0	4	torch-2.14.0+cu130
torch-compile-mat	stable	3	33	1480.1	4	torch-2.14.0+cu130
torch-compile-mat	stable	3	34	1441.5	4	torch-2.14.0+cu130
torch-compile-mat	stable	3	35	1545.4	4	torch-2.14.0+cu130
torch-compile-mat	stable	3	36	1540.2	4	torch-2.14.0+cu130
torch-compile-mat	stable	3	37	1520.2	4	torch-2.14.0+cu130
torch-compile-mat	stable	3	38	1495.4	4	torch-2.14.0+cu130
torch-compile-mat	stable	3	39	1464.6	4	torch-2.14.0+cu130
torch-compile-mat	stable	3	40	1483.0	4	torch-2.14.0+cu130
torch-compile-mat	stable	3	41	1517.8	4	torch-2.14.0+cu130
torch-compile-mat	stable	3	42	1520.2	4	torch-2.14.0+cu130
torch-compile-mat	stable	3	43	1512.3	4	torch-2.14.0+cu130
torch-compile-mat	stable	3	44	1495.4	4	torch-2.14.0+cu130
torch-compile-mat	stable	3	45	1503.9	4	torch-2.14.0+cu130
torch-compile-mat	stable	3	46	1495.6	4	torch-2.14.0+cu130
torch-compile-mat	stable	3	47	1492.5	4	torch-2.14.0+cu130
torch-compile-mat	stable	3	48	1498.7	4	torch-2.14.0+cu130
torch-compile-mat	stable	3	49	1512.3	4	torch-2.14.0+cu130
torch-compile-mat	stable	3	50	1487.0	4	torch-2.14.0+cu130
torch-compile-mat	stable	3	51	1484.4	4	torch-2.14.0+cu130
torch-compile-mat	stable	3	52	1486.8	4	torch-2.14.0+cu130
torch-compile-mat	stable	3	53	1456.0	4	torch-2.14.0+cu130
torch-compile-mat	stable	3	54	1436.7	4	torch-2.14.0+cu130
torch-compile-mat	stable	3	55	1409.3	4	torch-2.14.0+cu130
torch-compile-mat	stable	3	56	1459.6	4	torch-2.14.0+cu130
torch-compile-mat	stable	3	57	1465.8	4	torch-2.14.0+cu130
torch-compile-mat	stable	3	58	1559.0	4	torch-2.14.0+cu130
torch-compile-mat	stable	3	59	1528.3	4	torch-2.14.0+cu130
torch-compile-mat	stable	3	60	1471.8	4	torch-2.14.0+cu130
torch-compile-mat	stable	3	61	1487.3	4	torch-2.14.0+cu130
torch-compile-mat	stable	3	62	1485.3	4	torch-2.14.0+cu130
torch-compile-mat	stable	3	63	1477.0	4	torch-2.14.0+cu130
torch-compile-mat	stable	3	64	1479.6	4	torch-2.14.0+cu130
torch-compile-mat	stable	3	65	1442.7	4	torch-2.14.0+cu130
torch-compile-mat	stable	3	66	1436.7	4	torch-2.14.0+cu130
torch-compile-mat	stable	3	67	1537.6	4	torch-2.14.0+cu130
torch-compile-mat	stable	3	68	1409.8	4	torch-2.14.0+cu130
torch-compile-mat	stable	3	69	1370.9	4	torch-2.14.0+cu130
torch-compile-mat	stable	3	70	1503.9	4	torch-2.14.0+cu130
torch-compile-mat	stable	3	71	1563.8	4	torch-2.14.0+cu130
torch-compile-mat	stable	3	72	1512.1	4	torch-2.14.0+cu130
torch-compile-mat	stable	3	73	1483.0	4	torch-2.14.0+cu130
torch-compile-mat	stable	3	74	1491.1	4	torch-2.14.0+cu130
torch-compile-mat	stable	3	75	1485.1	4	torch-2.14.0+cu130
torch-compile-mat	stable	3	76	1471.5	4	torch-2.14.0+cu130
torch-compile-mat	stable	3	77	1426.0	4	torch-2.14.0+cu130
torch-compile-mat	stable	3	78	1516.8	4	torch-2.14.0+cu130
torch-compile-mat	stable	3	79	1514.7	4	torch-2.14.0+cu130
torch-compile-mat	stable	3	80	1519.0	4	torch-2.14.0+cu130
torch-compile-mat	stable	3	81	1463.9	4	torch-2.14.0+cu130
torch-compile-mat	stable	3	82	1463.9	4	torch-2.14.0+cu130
torch-compile-mat	stable	3	83	1529.7	4	torch-2.14.0+cu130
torch-compile-mat	stable	3	84	1548.1	4	torch-2.14.0+cu130
torch-compile-mat	stable	3	85	1535.2	4	torch-2.14.0+cu130
torch-compile-mat	stable	3	86	1523.5	4	torch-2.14.0+cu130
torch-compile-mat	stable	3	87	1481.3	4	torch-2.14.0+cu130
torch-compile-mat	stable	3	88	1384.3	4	torch-2.14.0+cu130
torch-compile-mat	stable	3	89	1385.0	4	torch-2.14.0+cu130
torch-compile-mat	stable	3	90	1375.4	4	torch-2.14.0+cu130
torch-compile-mat	stable	3	91	1348.3	4	torch-2.14.0+cu130
torch-compile-mat	stable	3	92	1356.1	4	torch-2.14.0+cu130
torch-compile-mat	stable	3	93	1449.1	4	torch-2.14.0+cu130
torch-compile-mat	stable	3	94	1391.4	4	torch-2.14.0+cu130
torch-compile-mat	stable	3	95	1370.4	4	torch-2.14.0+cu130
torch-compile-mat	stable	3	96	1387.8	4	torch-2.14.0+cu130
torch-compile-mat	stable	3	97	1360.9	4	torch-2.14.0+cu130
torch-compile-mat	stable	3	98	1373.8	4	torch-2.14.0+cu130
torch-compile-mat	stable	3	99	1378.5	4	torch-2.14.0+cu130
torch-compile-mat	stable	3	100	1344.2	4	torch-2.14.0+cu130
torch-compile-mat	stable	3	101	1348.7	4	torch-2.14.0+cu130
torch-compile-mat	stable	3	102	1358.3	4	torch-2.14.0+cu130
torch-compile-mat	stable	3	103	1402.9	4	torch-2.14.0+cu130
torch-compile-mat	stable	3	104	1355.4	4	torch-2.14.0+cu130
torch-compile-mat	stable	3	105	1365.4	4	torch-2.14.0+cu130
torch-compile-mat	stable	3	106	1330.4	4	torch-2.14.0+cu130
torch-compile-mat	stable	3	107	1519.7	4	torch-2.14.0+cu130
torch-compile-mat	stable	3	108	1513.0	4	torch-2.14.0+cu130
torch-compile-mat	stable	3	109	1548.3	4	torch-2.14.0+cu130
torch-compile-mat	stable	3	110	1514.0	4	torch-2.14.0+cu130
torch-compile-mat	stable	3	111	1507.3	4	torch-2.14.0+cu130
torch-compile-mat	stable	3	112	1528.0	4	torch-2.14.0+cu130
torch-compile-mat	stable	3	113	1496.6	4	torch-2.14.0+cu130
torch-compile-mat	stable	3	114	1518.2	4	torch-2.14.0+cu130
torch-compile-mat	stable	3	115	1563.8	4	torch-2.14.0+cu130
torch-compile-mat	stable	3	116	1549.7	4	torch-2.14.0+cu130
torch-compile-mat	stable	3	117	1564.7	4	torch-2.14.0+cu130
torch-compile-mat	stable	3	118	1496.3	4	torch-2.14.0+cu130
torch-compile-mat	stable	3	119	1527.3	4	torch-2.14.0+cu130
torch-compile-mat	stable	3	120	1537.3	4	torch-2.14.0+cu130
torch-compile-mat	stable	3	121	1512.8	4	torch-2.14.0+cu130
torch-compile-mat	stable	3	122	1540.7	4	torch-2.14.0+cu130
torch-compile-mat	stable	3	123	1532.8	4	torch-2.14.0+cu130
torch-compile-mat	stable	3	124	1498.7	4	torch-2.14.0+cu130
torch-compile-mat	stable	3	125	1518.5	4	torch-2.14.0+cu130
torch-compile-mat	stable	3	126	1560.0	4	torch-2.14.0+cu130
torch-compile-mat	stable	3	127	1522.5	4	torch-2.14.0+cu130
torch-compile-mat	stable	3	128	1475.8	4	torch-2.14.0+cu130
torch-compile-mat	stable	3	129	1455.1	4	torch-2.14.0+cu130
torch-compile-mat	stable	3	130	1441.2	4	torch-2.14.0+cu130
torch-compile-mat	stable	3	131	1430.5	4	torch-2.14.0+cu130
torch-compile-mat	stable	3	132	1447.0	4	torch-2.14.0+cu130
torch-compile-mat	stable	3	133	1452.9	4	torch-2.14.0+cu130
torch-compile-mat	stable	3	134	1406.7	4	torch-2.14.0+cu130
torch-compile-mat	stable	3	135	1398.8	4	torch-2.14.0+cu130
torch-compile-mat	stable	3	136	1483.9	4	torch-2.14.0+cu130
torch-compile-mat	stable	3	137	1481.8	4	torch-2.14.0+cu130
torch-compile-mat	stable	3	138	1461.5	4	torch-2.14.0+cu130
torch-compile-mat	stable	3	139	1506.1	4	torch-2.14.0+cu130
torch-compile-mat	stable	3	140	1459.4	4	torch-2.14.0+cu130
torch-compile-mat	stable	3	141	1519.9	4	torch-2.14.0+cu130
torch-compile-mat	stable	3	142	1439.6	4	torch-2.14.0+cu130
torch-compile-mat	stable	3	143	1395.5	4	torch-2.14.0+cu130
torch-compile-mat	stable	3	144	1498.7	4	torch-2.14.0+cu130
torch-compile-mat	stable	3	145	1472.9	4	torch-2.14.0+cu130
torch-compile-mat	stable	3	146	1445.8	4	torch-2.14.0+cu130
torch-compile-mat	stable	3	147	1339.9	4	torch-2.14.0+cu130
torch-compile-mat	stable	3	148	1333.0	4	torch-2.14.0+cu130
torch-compile-mat	stable	3	149	1302.5	4	torch-2.14.0+cu130
torch-compile-mat	stable	3	150	1312.3	4	torch-2.14.0+cu130
torch-compile-mat	stable	3	151	1346.6	4	torch-2.14.0+cu130
torch-compile-mat	stable	3	152	1313.4	4	torch-2.14.0+cu130
torch-compile-mat	stable	3	153	1309.4	4	torch-2.14.0+cu130
torch-compile-mat	stable	3	154	1348.7	4	torch-2.14.0+cu130
torch-compile-mat	stable	3	155	1320.8	4	torch-2.14.0+cu130
torch-compile-mat	stable	3	156	1352.1	4	torch-2.14.0+cu130
torch-compile-mat	stable	3	157	1340.9	4	torch-2.14.0+cu130
torch-compile-mat	stable	3	158	1310.8	4	torch-2.14.0+cu130
torch-compile-mat	stable	3	159	1296.3	4	torch-2.14.0+cu130
torch-compile-mat	stable	3	160	1320.4	4	torch-2.14.0+cu130
torch-compile-mat	stable	3	161	1321.3	4	torch-2.14.0+cu130
torch-compile-mat	stable	3	162	1327.5	4	torch-2.14.0+cu130
torch-compile-mat	stable	3	163	1333.5	4	torch-2.14.0+cu130
torch-compile-mat	stable	3	164	1351.6	4	torch-2.14.0+cu130
torch-compile-mat	stable	3	165	1345.4	4	torch-2.14.0+cu130
torch-compile-mat	stable	3	166	1479.4	4	torch-2.14.0+cu130
torch-compile-mat	stable	3	167	1448.4	4	torch-2.14.0+cu130
torch-compile-mat	stable	3	168	1372.3	4	torch-2.14.0+cu130
torch-compile-mat	stable	3	169	1301.8	4	torch-2.14.0+cu130
torch-compile-mat	stable	3	170	1312.3	4	torch-2.14.0+cu130
torch-compile-mat	stable	3	171	1498.7	4	torch-2.14.0+cu130
torch-compile-mat	stable	3	172	1502.8	4	torch-2.14.0+cu130
torch-compile-mat	stable	3	173	1495.1	4	torch-2.14.0+cu130
torch-compile-mat	stable	3	174	1489.9	4	torch-2.14.0+cu130
torch-compile-mat	stable	3	175	1530.6	4	torch-2.14.0+cu130
torch-compile-mat	stable	3	176	1499.4	4	torch-2.14.0+cu130
torch-compile-mat	stable	3	177	1504.4	4	torch-2.14.0+cu130
torch-compile-mat	stable	3	178	1509.2	4	torch-2.14.0+cu130
torch-compile-mat	stable	3	179	1516.6	4	torch-2.14.0+cu130
torch-compile-mat	stable	3	180	1518.0	4	torch-2.14.0+cu130
torch-compile-mat	stable	3	181	1463.4	4	torch-2.14.0+cu130
torch-compile-mat	stable	3	182	1489.4	4	torch-2.14.0+cu130
torch-compile-mat	stable	3	183	1503.9	4	torch-2.14.0+cu130
torch-compile-mat	stable	3	184	1490.6	4	torch-2.14.0+cu130
torch-compile-mat	stable	3	185	1493.5	4	torch-2.14.0+cu130
torch-compile-mat	stable	3	186	1523.0	4	torch-2.14.0+cu130
torch-compile-mat	stable	3	187	1507.5	4	torch-2.14.0+cu130
torch-compile-mat	stable	3	188	1507.8	4	torch-2.14.0+cu130
torch-compile-mat	stable	3	189	1492.3	4	torch-2.14.0+cu130
torch-compile-mat	stable	3	190	1522.3	4	torch-2.14.0+cu130
torch-compile-mat	stable	3	191	1486.1	4	torch-2.14.0+cu130
torch-compile-mat	stable	3	192	1502.8	4	torch-2.14.0+cu130
torch-compile-mat	stable	3	193	1474.4	4	torch-2.14.0+cu130
torch-compile-mat	stable	3	194	1454.8	4	torch-2.14.0+cu130
torch-compile-mat	stable	3	195	1494.2	4	torch-2.14.0+cu130
torch-compile-mat	stable	3	196	1482.7	4	torch-2.14.0+cu130
torch-compile-mat	stable	3	197	1533.3	4	torch-2.14.0+cu130
torch-compile-mat	stable	3	198	1524.2	4	torch-2.14.0+cu130
torch-compile-mat	stable	3	199	1534.9	4	torch-2.14.0+cu130
jax-perlayer	stable	3	0	12295784.2	4	jax-0.11.1
jax-perlayer	stable	3	1	2354.4	4	jax-0.11.1
jax-perlayer	stable	3	2	1908.1	4	jax-0.11.1
jax-perlayer	stable	3	3	1865.4	4	jax-0.11.1
jax-perlayer	stable	3	4	1826.5	4	jax-0.11.1
jax-perlayer	stable	3	5	1816.5	4	jax-0.11.1
jax-perlayer	stable	3	6	1802.0	4	jax-0.11.1
jax-perlayer	stable	3	7	1757.4	4	jax-0.11.1
jax-perlayer	stable	3	8	1668.0	4	jax-0.11.1
jax-perlayer	stable	3	9	1657.0	4	jax-0.11.1
jax-perlayer	stable	3	10	1692.3	4	jax-0.11.1
jax-perlayer	stable	3	11	1719.5	4	jax-0.11.1
jax-perlayer	stable	3	12	1695.9	4	jax-0.11.1
jax-perlayer	stable	3	13	1685.1	4	jax-0.11.1
jax-perlayer	stable	3	14	1663.2	4	jax-0.11.1
jax-perlayer	stable	3	15	1778.4	4	jax-0.11.1
jax-perlayer	stable	3	16	1678.2	4	jax-0.11.1
jax-perlayer	stable	3	17	1663.7	4	jax-0.11.1
jax-perlayer	stable	3	18	1630.5	4	jax-0.11.1
jax-perlayer	stable	3	19	1662.3	4	jax-0.11.1
jax-perlayer	stable	3	20	1668.9	4	jax-0.11.1
jax-perlayer	stable	3	21	1643.9	4	jax-0.11.1
jax-perlayer	stable	3	22	1980.3	4	jax-0.11.1
jax-perlayer	stable	3	23	1702.5	4	jax-0.11.1
jax-perlayer	stable	3	24	1676.3	4	jax-0.11.1
jax-perlayer	stable	3	25	1668.0	4	jax-0.11.1
jax-perlayer	stable	3	26	1657.7	4	jax-0.11.1
jax-perlayer	stable	3	27	1689.2	4	jax-0.11.1
jax-perlayer	stable	3	28	1678.5	4	jax-0.11.1
jax-perlayer	stable	3	29	1671.3	4	jax-0.11.1
jax-perlayer	stable	3	30	1693.5	4	jax-0.11.1
jax-perlayer	stable	3	31	1685.6	4	jax-0.11.1
jax-perlayer	stable	3	32	1619.3	4	jax-0.11.1
jax-perlayer	stable	3	33	1673.2	4	jax-0.11.1
jax-perlayer	stable	3	34	1634.1	4	jax-0.11.1
jax-perlayer	stable	3	35	1663.4	4	jax-0.11.1
jax-perlayer	stable	3	36	1658.4	4	jax-0.11.1
jax-perlayer	stable	3	37	1622.9	4	jax-0.11.1
jax-perlayer	stable	3	38	1664.4	4	jax-0.11.1
jax-perlayer	stable	3	39	1675.8	4	jax-0.11.1
jax-perlayer	stable	3	40	1670.4	4	jax-0.11.1
jax-perlayer	stable	3	41	1666.3	4	jax-0.11.1
jax-perlayer	stable	3	42	1669.9	4	jax-0.11.1
jax-perlayer	stable	3	43	1649.6	4	jax-0.11.1
jax-perlayer	stable	3	44	1656.5	4	jax-0.11.1
jax-perlayer	stable	3	45	1671.1	4	jax-0.11.1
jax-perlayer	stable	3	46	1647.7	4	jax-0.11.1
jax-perlayer	stable	3	47	1700.6	4	jax-0.11.1
jax-perlayer	stable	3	48	1677.8	4	jax-0.11.1
jax-perlayer	stable	3	49	1659.9	4	jax-0.11.1
jax-perlayer	stable	3	50	1659.6	4	jax-0.11.1
jax-perlayer	stable	3	51	1649.4	4	jax-0.11.1
jax-perlayer	stable	3	52	1663.4	4	jax-0.11.1
jax-perlayer	stable	3	53	1667.3	4	jax-0.11.1
jax-perlayer	stable	3	54	1668.7	4	jax-0.11.1
jax-perlayer	stable	3	55	1637.2	4	jax-0.11.1
jax-perlayer	stable	3	56	1661.8	4	jax-0.11.1
jax-perlayer	stable	3	57	1683.2	4	jax-0.11.1
jax-perlayer	stable	3	58	1660.8	4	jax-0.11.1
jax-perlayer	stable	3	59	1669.4	4	jax-0.11.1
jax-perlayer	stable	3	60	1640.1	4	jax-0.11.1
jax-perlayer	stable	3	61	1663.0	4	jax-0.11.1
jax-perlayer	stable	3	62	1655.8	4	jax-0.11.1
jax-perlayer	stable	3	63	1643.7	4	jax-0.11.1
jax-perlayer	stable	3	64	1658.0	4	jax-0.11.1
jax-perlayer	stable	3	65	1705.2	4	jax-0.11.1
jax-perlayer	stable	3	66	1679.9	4	jax-0.11.1
jax-perlayer	stable	3	67	1653.7	4	jax-0.11.1
jax-perlayer	stable	3	68	1706.4	4	jax-0.11.1
jax-perlayer	stable	3	69	1699.2	4	jax-0.11.1
jax-perlayer	stable	3	70	1731.9	4	jax-0.11.1
jax-perlayer	stable	3	71	1698.5	4	jax-0.11.1
jax-perlayer	stable	3	72	1699.0	4	jax-0.11.1
jax-perlayer	stable	3	73	1692.1	4	jax-0.11.1
jax-perlayer	stable	3	74	1661.8	4	jax-0.11.1
jax-perlayer	stable	3	75	1686.6	4	jax-0.11.1
jax-perlayer	stable	3	76	1667.7	4	jax-0.11.1
jax-perlayer	stable	3	77	1642.7	4	jax-0.11.1
jax-perlayer	stable	3	78	1687.8	4	jax-0.11.1
jax-perlayer	stable	3	79	1673.5	4	jax-0.11.1
jax-perlayer	stable	3	80	1642.0	4	jax-0.11.1
jax-perlayer	stable	3	81	1700.9	4	jax-0.11.1
jax-perlayer	stable	3	82	1665.6	4	jax-0.11.1
jax-perlayer	stable	3	83	1667.0	4	jax-0.11.1
jax-perlayer	stable	3	84	1699.2	4	jax-0.11.1
jax-perlayer	stable	3	85	1681.3	4	jax-0.11.1
jax-perlayer	stable	3	86	1686.1	4	jax-0.11.1
jax-perlayer	stable	3	87	1667.7	4	jax-0.11.1
jax-perlayer	stable	3	88	1664.4	4	jax-0.11.1
jax-perlayer	stable	3	89	1708.5	4	jax-0.11.1
jax-perlayer	stable	3	90	2142.9	4	jax-0.11.1
jax-perlayer	stable	3	91	1739.5	4	jax-0.11.1
jax-perlayer	stable	3	92	1715.4	4	jax-0.11.1
jax-perlayer	stable	3	93	1717.1	4	jax-0.11.1
jax-perlayer	stable	3	94	1706.1	4	jax-0.11.1
jax-perlayer	stable	3	95	1714.9	4	jax-0.11.1
jax-perlayer	stable	3	96	1719.5	4	jax-0.11.1
jax-perlayer	stable	3	97	1697.1	4	jax-0.11.1
jax-perlayer	stable	3	98	1668.7	4	jax-0.11.1
jax-perlayer	stable	3	99	1697.5	4	jax-0.11.1
jax-perlayer	stable	3	100	1749.3	4	jax-0.11.1
jax-perlayer	stable	3	101	1959.1	4	jax-0.11.1
jax-perlayer	stable	3	102	1810.6	4	jax-0.11.1
jax-perlayer	stable	3	103	1672.0	4	jax-0.11.1
jax-perlayer	stable	3	104	1675.8	4	jax-0.11.1
jax-perlayer	stable	3	105	1733.3	4	jax-0.11.1
jax-perlayer	stable	3	106	1695.6	4	jax-0.11.1
jax-perlayer	stable	3	107	1777.2	4	jax-0.11.1
jax-perlayer	stable	3	108	1695.2	4	jax-0.11.1
jax-perlayer	stable	3	109	1760.2	4	jax-0.11.1
jax-perlayer	stable	3	110	1691.1	4	jax-0.11.1
jax-perlayer	stable	3	111	1700.4	4	jax-0.11.1
jax-perlayer	stable	3	112	1665.4	4	jax-0.11.1
jax-perlayer	stable	3	113	1688.7	4	jax-0.11.1
jax-perlayer	stable	3	114	1645.3	4	jax-0.11.1
jax-perlayer	stable	3	115	1639.6	4	jax-0.11.1
jax-perlayer	stable	3	116	1618.9	4	jax-0.11.1
jax-perlayer	stable	3	117	1659.6	4	jax-0.11.1
jax-perlayer	stable	3	118	1645.8	4	jax-0.11.1
jax-perlayer	stable	3	119	1636.7	4	jax-0.11.1
jax-perlayer	stable	3	120	1671.8	4	jax-0.11.1
jax-perlayer	stable	3	121	1675.4	4	jax-0.11.1
jax-perlayer	stable	3	122	1649.4	4	jax-0.11.1
jax-perlayer	stable	3	123	1772.4	4	jax-0.11.1
jax-perlayer	stable	3	124	1701.1	4	jax-0.11.1
jax-perlayer	stable	3	125	1711.4	4	jax-0.11.1
jax-perlayer	stable	3	126	1661.3	4	jax-0.11.1
jax-perlayer	stable	3	127	1697.1	4	jax-0.11.1
jax-perlayer	stable	3	128	1693.5	4	jax-0.11.1
jax-perlayer	stable	3	129	1670.8	4	jax-0.11.1
jax-perlayer	stable	3	130	1665.4	4	jax-0.11.1
jax-perlayer	stable	3	131	1740.2	4	jax-0.11.1
jax-perlayer	stable	3	132	1688.0	4	jax-0.11.1
jax-perlayer	stable	3	133	1963.6	4	jax-0.11.1
jax-perlayer	stable	3	134	1720.0	4	jax-0.11.1
jax-perlayer	stable	3	135	1693.2	4	jax-0.11.1
jax-perlayer	stable	3	136	1672.7	4	jax-0.11.1
jax-perlayer	stable	3	137	1652.5	4	jax-0.11.1
jax-perlayer	stable	3	138	1686.6	4	jax-0.11.1
jax-perlayer	stable	3	139	1653.7	4	jax-0.11.1
jax-perlayer	stable	3	140	1663.9	4	jax-0.11.1
jax-perlayer	stable	3	141	1681.6	4	jax-0.11.1
jax-perlayer	stable	3	142	1658.0	4	jax-0.11.1
jax-perlayer	stable	3	143	1654.6	4	jax-0.11.1
jax-perlayer	stable	3	144	1686.6	4	jax-0.11.1
jax-perlayer	stable	3	145	1706.4	4	jax-0.11.1
jax-perlayer	stable	3	146	1723.1	4	jax-0.11.1
jax-perlayer	stable	3	147	1663.9	4	jax-0.11.1
jax-perlayer	stable	3	148	1671.1	4	jax-0.11.1
jax-perlayer	stable	3	149	1908.8	4	jax-0.11.1
jax-perlayer	stable	3	150	1749.5	4	jax-0.11.1
jax-perlayer	stable	3	151	1623.2	4	jax-0.11.1
jax-perlayer	stable	3	152	1613.6	4	jax-0.11.1
jax-perlayer	stable	3	153	1597.2	4	jax-0.11.1
jax-perlayer	stable	3	154	1623.6	4	jax-0.11.1
jax-perlayer	stable	3	155	1581.7	4	jax-0.11.1
jax-perlayer	stable	3	156	1652.7	4	jax-0.11.1
jax-perlayer	stable	3	157	1603.8	4	jax-0.11.1
jax-perlayer	stable	3	158	1584.5	4	jax-0.11.1
jax-perlayer	stable	3	159	1604.3	4	jax-0.11.1
jax-perlayer	stable	3	160	1588.8	4	jax-0.11.1
jax-perlayer	stable	3	161	1597.6	4	jax-0.11.1
jax-perlayer	stable	3	162	1599.1	4	jax-0.11.1
jax-perlayer	stable	3	163	1596.9	4	jax-0.11.1
jax-perlayer	stable	3	164	1628.2	4	jax-0.11.1
jax-perlayer	stable	3	165	1606.7	4	jax-0.11.1
jax-perlayer	stable	3	166	1642.2	4	jax-0.11.1
jax-perlayer	stable	3	167	1726.9	4	jax-0.11.1
jax-perlayer	stable	3	168	1651.0	4	jax-0.11.1
jax-perlayer	stable	3	169	1757.1	4	jax-0.11.1
jax-perlayer	stable	3	170	1687.8	4	jax-0.11.1
jax-perlayer	stable	3	171	1664.9	4	jax-0.11.1
jax-perlayer	stable	3	172	1670.8	4	jax-0.11.1
jax-perlayer	stable	3	173	1655.3	4	jax-0.11.1
jax-perlayer	stable	3	174	1635.1	4	jax-0.11.1
jax-perlayer	stable	3	175	1657.0	4	jax-0.11.1
jax-perlayer	stable	3	176	1633.2	4	jax-0.11.1
jax-perlayer	stable	3	177	1612.9	4	jax-0.11.1
jax-perlayer	stable	3	178	1657.2	4	jax-0.11.1
jax-perlayer	stable	3	179	1626.7	4	jax-0.11.1
jax-perlayer	stable	3	180	1613.1	4	jax-0.11.1
jax-perlayer	stable	3	181	1663.2	4	jax-0.11.1
jax-perlayer	stable	3	182	1608.4	4	jax-0.11.1
jax-perlayer	stable	3	183	1622.9	4	jax-0.11.1
jax-perlayer	stable	3	184	1632.7	4	jax-0.11.1
jax-perlayer	stable	3	185	1630.1	4	jax-0.11.1
jax-perlayer	stable	3	186	1645.6	4	jax-0.11.1
jax-perlayer	stable	3	187	1625.8	4	jax-0.11.1
jax-perlayer	stable	3	188	1852.3	4	jax-0.11.1
jax-perlayer	stable	3	189	1765.7	4	jax-0.11.1
jax-perlayer	stable	3	190	1696.3	4	jax-0.11.1
jax-perlayer	stable	3	191	1674.9	4	jax-0.11.1
jax-perlayer	stable	3	192	1649.4	4	jax-0.11.1
jax-perlayer	stable	3	193	1688.2	4	jax-0.11.1
jax-perlayer	stable	3	194	1666.3	4	jax-0.11.1
jax-perlayer	stable	3	195	1640.8	4	jax-0.11.1
jax-perlayer	stable	3	196	1630.3	4	jax-0.11.1
jax-perlayer	stable	3	197	1639.4	4	jax-0.11.1
jax-perlayer	stable	3	198	1622.2	4	jax-0.11.1
jax-perlayer	stable	3	199	1649.1	4	jax-0.11.1
jax-while	stable	3	0	9716389.7	4	jax-0.11.1
jax-while	stable	3	1	2277.6	4	jax-0.11.1
jax-while	stable	3	2	1916.2	4	jax-0.11.1
jax-while	stable	3	3	1666.3	4	jax-0.11.1
jax-while	stable	3	4	1619.6	4	jax-0.11.1
jax-while	stable	3	5	1549.0	4	jax-0.11.1
jax-while	stable	3	6	1536.6	4	jax-0.11.1
jax-while	stable	3	7	1469.6	4	jax-0.11.1
jax-while	stable	3	8	1504.9	4	jax-0.11.1
jax-while	stable	3	9	1477.7	4	jax-0.11.1
jax-while	stable	3	10	1502.8	4	jax-0.11.1
jax-while	stable	3	11	1435.3	4	jax-0.11.1
jax-while	stable	3	12	1466.5	4	jax-0.11.1
jax-while	stable	3	13	1498.0	4	jax-0.11.1
jax-while	stable	3	14	1449.3	4	jax-0.11.1
jax-while	stable	3	15	1412.2	4	jax-0.11.1
jax-while	stable	3	16	1491.1	4	jax-0.11.1
jax-while	stable	3	17	1439.6	4	jax-0.11.1
jax-while	stable	3	18	1431.0	4	jax-0.11.1
jax-while	stable	3	19	1410.7	4	jax-0.11.1
jax-while	stable	3	20	1465.8	4	jax-0.11.1
jax-while	stable	3	21	1423.8	4	jax-0.11.1
jax-while	stable	3	22	1415.5	4	jax-0.11.1
jax-while	stable	3	23	1409.8	4	jax-0.11.1
jax-while	stable	3	24	1401.9	4	jax-0.11.1
jax-while	stable	3	25	1436.0	4	jax-0.11.1
jax-while	stable	3	26	1495.1	4	jax-0.11.1
jax-while	stable	3	27	1574.3	4	jax-0.11.1
jax-while	stable	3	28	1502.0	4	jax-0.11.1
jax-while	stable	3	29	1502.0	4	jax-0.11.1
jax-while	stable	3	30	1485.3	4	jax-0.11.1
jax-while	stable	3	31	1473.2	4	jax-0.11.1
jax-while	stable	3	32	1506.8	4	jax-0.11.1
jax-while	stable	3	33	1524.4	4	jax-0.11.1
jax-while	stable	3	34	1502.8	4	jax-0.11.1
jax-while	stable	3	35	1474.6	4	jax-0.11.1
jax-while	stable	3	36	1440.5	4	jax-0.11.1
jax-while	stable	3	37	1406.0	4	jax-0.11.1
jax-while	stable	3	38	1459.8	4	jax-0.11.1
jax-while	stable	3	39	1487.0	4	jax-0.11.1
jax-while	stable	3	40	1481.5	4	jax-0.11.1
jax-while	stable	3	41	1434.8	4	jax-0.11.1
jax-while	stable	3	42	1431.0	4	jax-0.11.1
jax-while	stable	3	43	3710.0	4	jax-0.11.1
jax-while	stable	3	44	1438.6	4	jax-0.11.1
jax-while	stable	3	45	1402.4	4	jax-0.11.1
jax-while	stable	3	46	1447.7	4	jax-0.11.1
jax-while	stable	3	47	1364.0	4	jax-0.11.1
jax-while	stable	3	48	1327.0	4	jax-0.11.1
jax-while	stable	3	49	1303.2	4	jax-0.11.1
jax-while	stable	3	50	1388.5	4	jax-0.11.1
jax-while	stable	3	51	1351.4	4	jax-0.11.1
jax-while	stable	3	52	1335.4	4	jax-0.11.1
jax-while	stable	3	53	1337.3	4	jax-0.11.1
jax-while	stable	3	54	1320.6	4	jax-0.11.1
jax-while	stable	3	55	1322.5	4	jax-0.11.1
jax-while	stable	3	56	1382.6	4	jax-0.11.1
jax-while	stable	3	57	1333.0	4	jax-0.11.1
jax-while	stable	3	58	1348.5	4	jax-0.11.1
jax-while	stable	3	59	1357.6	4	jax-0.11.1
jax-while	stable	3	60	1297.5	4	jax-0.11.1
jax-while	stable	3	61	1336.8	4	jax-0.11.1
jax-while	stable	3	62	1439.8	4	jax-0.11.1
jax-while	stable	3	63	1392.4	4	jax-0.11.1
jax-while	stable	3	64	1339.0	4	jax-0.11.1
jax-while	stable	3	65	1354.9	4	jax-0.11.1
jax-while	stable	3	66	1337.8	4	jax-0.11.1
jax-while	stable	3	67	1328.0	4	jax-0.11.1
jax-while	stable	3	68	1351.6	4	jax-0.11.1
jax-while	stable	3	69	1397.6	4	jax-0.11.1
jax-while	stable	3	70	1313.4	4	jax-0.11.1
jax-while	stable	3	71	1330.6	4	jax-0.11.1
jax-while	stable	3	72	1337.5	4	jax-0.11.1
jax-while	stable	3	73	1348.7	4	jax-0.11.1
jax-while	stable	3	74	1312.7	4	jax-0.11.1
jax-while	stable	3	75	1344.0	4	jax-0.11.1
jax-while	stable	3	76	1350.2	4	jax-0.11.1
jax-while	stable	3	77	1345.2	4	jax-0.11.1
jax-while	stable	3	78	1299.9	4	jax-0.11.1
jax-while	stable	3	79	1331.1	4	jax-0.11.1
jax-while	stable	3	80	1346.8	4	jax-0.11.1
jax-while	stable	3	81	1338.2	4	jax-0.11.1
jax-while	stable	3	82	1342.5	4	jax-0.11.1
jax-while	stable	3	83	1339.7	4	jax-0.11.1
jax-while	stable	3	84	1326.8	4	jax-0.11.1
jax-while	stable	3	85	1347.8	4	jax-0.11.1
jax-while	stable	3	86	1354.5	4	jax-0.11.1
jax-while	stable	3	87	1350.6	4	jax-0.11.1
jax-while	stable	3	88	1349.2	4	jax-0.11.1
jax-while	stable	3	89	1327.8	4	jax-0.11.1
jax-while	stable	3	90	1348.7	4	jax-0.11.1
jax-while	stable	3	91	1363.8	4	jax-0.11.1
jax-while	stable	3	92	1437.9	4	jax-0.11.1
jax-while	stable	3	93	1363.5	4	jax-0.11.1
jax-while	stable	3	94	1390.9	4	jax-0.11.1
jax-while	stable	3	95	1368.0	4	jax-0.11.1
jax-while	stable	3	96	1396.4	4	jax-0.11.1
jax-while	stable	3	97	1349.9	4	jax-0.11.1
jax-while	stable	3	98	1357.1	4	jax-0.11.1
jax-while	stable	3	99	1341.3	4	jax-0.11.1
jax-while	stable	3	100	1347.1	4	jax-0.11.1
jax-while	stable	3	101	1392.6	4	jax-0.11.1
jax-while	stable	3	102	1365.9	4	jax-0.11.1
jax-while	stable	3	103	1364.0	4	jax-0.11.1
jax-while	stable	3	104	1321.3	4	jax-0.11.1
jax-while	stable	3	105	1333.0	4	jax-0.11.1
jax-while	stable	3	106	1335.6	4	jax-0.11.1
jax-while	stable	3	107	1333.5	4	jax-0.11.1
jax-while	stable	3	108	1337.3	4	jax-0.11.1
jax-while	stable	3	109	1342.3	4	jax-0.11.1
jax-while	stable	3	110	1294.4	4	jax-0.11.1
jax-while	stable	3	111	1335.1	4	jax-0.11.1
jax-while	stable	3	112	1333.0	4	jax-0.11.1
jax-while	stable	3	113	1405.2	4	jax-0.11.1
jax-while	stable	3	114	1349.2	4	jax-0.11.1
jax-while	stable	3	115	1332.8	4	jax-0.11.1
jax-while	stable	3	116	1328.9	4	jax-0.11.1
jax-while	stable	3	117	1323.5	4	jax-0.11.1
jax-while	stable	3	118	1353.0	4	jax-0.11.1
jax-while	stable	3	119	1346.8	4	jax-0.11.1
jax-while	stable	3	120	1337.3	4	jax-0.11.1
jax-while	stable	3	121	1361.6	4	jax-0.11.1
jax-while	stable	3	122	1373.5	4	jax-0.11.1
jax-while	stable	3	123	1379.3	4	jax-0.11.1
jax-while	stable	3	124	1370.4	4	jax-0.11.1
jax-while	stable	3	125	1384.0	4	jax-0.11.1
jax-while	stable	3	126	1378.3	4	jax-0.11.1
jax-while	stable	3	127	1374.0	4	jax-0.11.1
jax-while	stable	3	128	1421.2	4	jax-0.11.1
jax-while	stable	3	129	1356.4	4	jax-0.11.1
jax-while	stable	3	130	1336.1	4	jax-0.11.1
jax-while	stable	3	131	1441.2	4	jax-0.11.1
jax-while	stable	3	132	1387.8	4	jax-0.11.1
jax-while	stable	3	133	1358.5	4	jax-0.11.1
jax-while	stable	3	134	1319.6	4	jax-0.11.1
jax-while	stable	3	135	1416.0	4	jax-0.11.1
jax-while	stable	3	136	1405.7	4	jax-0.11.1
jax-while	stable	3	137	1422.2	4	jax-0.11.1
jax-while	stable	3	138	1373.5	4	jax-0.11.1
jax-while	stable	3	139	1390.9	4	jax-0.11.1
jax-while	stable	3	140	1423.8	4	jax-0.11.1
jax-while	stable	3	141	1375.7	4	jax-0.11.1
jax-while	stable	3	142	1375.4	4	jax-0.11.1
jax-while	stable	3	143	1401.2	4	jax-0.11.1
jax-while	stable	3	144	1390.2	4	jax-0.11.1
jax-while	stable	3	145	1416.9	4	jax-0.11.1
jax-while	stable	3	146	1447.2	4	jax-0.11.1
jax-while	stable	3	147	1364.7	4	jax-0.11.1
jax-while	stable	3	148	1359.7	4	jax-0.11.1
jax-while	stable	3	149	1349.2	4	jax-0.11.1
jax-while	stable	3	150	1384.0	4	jax-0.11.1
jax-while	stable	3	151	1365.2	4	jax-0.11.1
jax-while	stable	3	152	1354.5	4	jax-0.11.1
jax-while	stable	3	153	1389.3	4	jax-0.11.1
jax-while	stable	3	154	1359.0	4	jax-0.11.1
jax-while	stable	3	155	1386.6	4	jax-0.11.1
jax-while	stable	3	156	1371.1	4	jax-0.11.1
jax-while	stable	3	157	1353.0	4	jax-0.11.1
jax-while	stable	3	158	1365.4	4	jax-0.11.1
jax-while	stable	3	159	1374.7	4	jax-0.11.1
jax-while	stable	3	160	1389.5	4	jax-0.11.1
jax-while	stable	3	161	1377.6	4	jax-0.11.1
jax-while	stable	3	162	1381.4	4	jax-0.11.1
jax-while	stable	3	163	1695.2	4	jax-0.11.1
jax-while	stable	3	164	1386.2	4	jax-0.11.1
jax-while	stable	3	165	1440.3	4	jax-0.11.1
jax-while	stable	3	166	1415.3	4	jax-0.11.1
jax-while	stable	3	167	1375.0	4	jax-0.11.1
jax-while	stable	3	168	1396.4	4	jax-0.11.1
jax-while	stable	3	169	1382.1	4	jax-0.11.1
jax-while	stable	3	170	1409.5	4	jax-0.11.1
jax-while	stable	3	171	1395.0	4	jax-0.11.1
jax-while	stable	3	172	1387.1	4	jax-0.11.1
jax-while	stable	3	173	1330.1	4	jax-0.11.1
jax-while	stable	3	174	1322.5	4	jax-0.11.1
jax-while	stable	3	175	1406.9	4	jax-0.11.1
jax-while	stable	3	176	1752.9	4	jax-0.11.1
jax-while	stable	3	177	1517.5	4	jax-0.11.1
jax-while	stable	3	178	1427.2	4	jax-0.11.1
jax-while	stable	3	179	1409.5	4	jax-0.11.1
jax-while	stable	3	180	1432.2	4	jax-0.11.1
jax-while	stable	3	181	1404.8	4	jax-0.11.1
jax-while	stable	3	182	1400.0	4	jax-0.11.1
jax-while	stable	3	183	1382.4	4	jax-0.11.1
jax-while	stable	3	184	1403.1	4	jax-0.11.1
jax-while	stable	3	185	1389.3	4	jax-0.11.1
jax-while	stable	3	186	1411.0	4	jax-0.11.1
jax-while	stable	3	187	1352.3	4	jax-0.11.1
jax-while	stable	3	188	1375.9	4	jax-0.11.1
jax-while	stable	3	189	1501.8	4	jax-0.11.1
jax-while	stable	3	190	1457.9	4	jax-0.11.1
jax-while	stable	3	191	1430.3	4	jax-0.11.1
jax-while	stable	3	192	1405.7	4	jax-0.11.1
jax-while	stable	3	193	1386.2	4	jax-0.11.1
jax-while	stable	3	194	1632.0	4	jax-0.11.1
jax-while	stable	3	195	1615.5	4	jax-0.11.1
jax-while	stable	3	196	1502.3	4	jax-0.11.1
jax-while	stable	3	197	1405.0	4	jax-0.11.1
jax-while	stable	3	198	1414.8	4	jax-0.11.1
jax-while	stable	3	199	1395.5	4	jax-0.11.1
ours	varying	3	0	489857.0	2	ddc8008cdeaf
ours	varying	3	1	18860.1	3	ddc8008cdeaf
ours	varying	3	2	36481.9	5	ddc8008cdeaf
ours	varying	3	3	13592.0	6	ddc8008cdeaf
ours	varying	3	4	11541.1	2	ddc8008cdeaf
ours	varying	3	5	3051.0	3	ddc8008cdeaf
ours	varying	3	6	3565.1	5	ddc8008cdeaf
ours	varying	3	7	1431.9	6	ddc8008cdeaf
ours	varying	3	8	1993.9	2	ddc8008cdeaf
ours	varying	3	9	904.1	3	ddc8008cdeaf
ours	varying	3	10	1234.1	5	ddc8008cdeaf
ours	varying	3	11	3300.0	6	ddc8008cdeaf
ours	varying	3	12	1154.9	2	ddc8008cdeaf
ours	varying	3	13	906.0	3	ddc8008cdeaf
ours	varying	3	14	1224.0	5	ddc8008cdeaf
ours	varying	3	15	2594.9	6	ddc8008cdeaf
ours	varying	3	16	750.1	2	ddc8008cdeaf
ours	varying	3	17	906.0	3	ddc8008cdeaf
ours	varying	3	18	1225.0	5	ddc8008cdeaf
ours	varying	3	19	1387.1	6	ddc8008cdeaf
ours	varying	3	20	1921.9	2	ddc8008cdeaf
ours	varying	3	21	900.0	3	ddc8008cdeaf
ours	varying	3	22	1236.9	5	ddc8008cdeaf
ours	varying	3	23	1383.8	6	ddc8008cdeaf
ours	varying	3	24	732.9	2	ddc8008cdeaf
ours	varying	3	25	919.1	3	ddc8008cdeaf
ours	varying	3	26	2437.1	5	ddc8008cdeaf
ours	varying	3	27	1398.1	6	ddc8008cdeaf
ours	varying	3	28	754.8	2	ddc8008cdeaf
ours	varying	3	29	937.0	3	ddc8008cdeaf
ours	varying	3	30	1249.1	5	ddc8008cdeaf
ours	varying	3	31	1392.8	6	ddc8008cdeaf
ours	varying	3	32	742.0	2	ddc8008cdeaf
ours	varying	3	33	2116.0	3	ddc8008cdeaf
ours	varying	3	34	1294.9	5	ddc8008cdeaf
ours	varying	3	35	1389.0	6	ddc8008cdeaf
ours	varying	3	36	787.0	2	ddc8008cdeaf
ours	varying	3	37	896.0	3	ddc8008cdeaf
ours	varying	3	38	1235.0	5	ddc8008cdeaf
ours	varying	3	39	1398.1	6	ddc8008cdeaf
ours	varying	3	40	758.2	2	ddc8008cdeaf
ours	varying	3	41	2135.0	3	ddc8008cdeaf
ours	varying	3	42	1240.0	5	ddc8008cdeaf
ours	varying	3	43	1400.0	6	ddc8008cdeaf
ours	varying	3	44	745.1	2	ddc8008cdeaf
ours	varying	3	45	916.0	3	ddc8008cdeaf
ours	varying	3	46	1223.8	5	ddc8008cdeaf
ours	varying	3	47	1388.1	6	ddc8008cdeaf
ours	varying	3	48	751.0	2	ddc8008cdeaf
ours	varying	3	49	911.0	3	ddc8008cdeaf
ours	varying	3	50	2493.9	5	ddc8008cdeaf
ours	varying	3	51	1398.8	6	ddc8008cdeaf
ours	varying	3	52	757.0	2	ddc8008cdeaf
ours	varying	3	53	891.0	3	ddc8008cdeaf
ours	varying	3	54	1301.1	5	ddc8008cdeaf
ours	varying	3	55	1377.1	6	ddc8008cdeaf
ours	varying	3	56	737.0	2	ddc8008cdeaf
ours	varying	3	57	923.2	3	ddc8008cdeaf
ours	varying	3	58	1203.1	5	ddc8008cdeaf
ours	varying	3	59	1374.0	6	ddc8008cdeaf
ours	varying	3	60	731.9	2	ddc8008cdeaf
ours	varying	3	61	2279.0	3	ddc8008cdeaf
ours	varying	3	62	1238.8	5	ddc8008cdeaf
ours	varying	3	63	1462.9	6	ddc8008cdeaf
ours	varying	3	64	735.0	2	ddc8008cdeaf
ours	varying	3	65	911.0	3	ddc8008cdeaf
ours	varying	3	66	1214.0	5	ddc8008cdeaf
ours	varying	3	67	1389.0	6	ddc8008cdeaf
ours	varying	3	68	732.2	2	ddc8008cdeaf
ours	varying	3	69	912.9	3	ddc8008cdeaf
ours	varying	3	70	1231.2	5	ddc8008cdeaf
ours	varying	3	71	1430.0	6	ddc8008cdeaf
ours	varying	3	72	751.0	2	ddc8008cdeaf
ours	varying	3	73	2352.0	3	ddc8008cdeaf
ours	varying	3	74	1230.0	5	ddc8008cdeaf
ours	varying	3	75	1386.9	6	ddc8008cdeaf
ours	varying	3	76	741.0	2	ddc8008cdeaf
ours	varying	3	77	909.8	3	ddc8008cdeaf
ours	varying	3	78	1206.9	5	ddc8008cdeaf
ours	varying	3	79	1400.0	6	ddc8008cdeaf
ours	varying	3	80	777.0	2	ddc8008cdeaf
ours	varying	3	81	948.0	3	ddc8008cdeaf
ours	varying	3	82	1236.9	5	ddc8008cdeaf
ours	varying	3	83	1385.9	6	ddc8008cdeaf
ours	varying	3	84	742.0	2	ddc8008cdeaf
ours	varying	3	85	996.1	3	ddc8008cdeaf
ours	varying	3	86	2637.1	5	ddc8008cdeaf
ours	varying	3	87	1387.1	6	ddc8008cdeaf
ours	varying	3	88	800.8	2	ddc8008cdeaf
ours	varying	3	89	900.0	3	ddc8008cdeaf
ours	varying	3	90	1236.0	5	ddc8008cdeaf
ours	varying	3	91	1390.0	6	ddc8008cdeaf
ours	varying	3	92	736.2	2	ddc8008cdeaf
ours	varying	3	93	932.0	3	ddc8008cdeaf
ours	varying	3	94	1230.0	5	ddc8008cdeaf
ours	varying	3	95	1380.0	6	ddc8008cdeaf
ours	varying	3	96	785.8	2	ddc8008cdeaf
ours	varying	3	97	915.1	3	ddc8008cdeaf
ours	varying	3	98	1222.1	5	ddc8008cdeaf
ours	varying	3	99	1380.9	6	ddc8008cdeaf
ours	varying	3	100	741.0	2	ddc8008cdeaf
ours	varying	3	101	896.0	3	ddc8008cdeaf
ours	varying	3	102	1225.9	5	ddc8008cdeaf
ours	varying	3	103	1380.2	6	ddc8008cdeaf
ours	varying	3	104	787.0	2	ddc8008cdeaf
ours	varying	3	105	2573.0	3	ddc8008cdeaf
ours	varying	3	106	1238.1	5	ddc8008cdeaf
ours	varying	3	107	1514.0	6	ddc8008cdeaf
ours	varying	3	108	743.9	2	ddc8008cdeaf
ours	varying	3	109	909.1	3	ddc8008cdeaf
ours	varying	3	110	1225.9	5	ddc8008cdeaf
ours	varying	3	111	1426.9	6	ddc8008cdeaf
ours	varying	3	112	752.0	2	ddc8008cdeaf
ours	varying	3	113	939.1	3	ddc8008cdeaf
ours	varying	3	114	1292.9	5	ddc8008cdeaf
ours	varying	3	115	1400.0	6	ddc8008cdeaf
ours	varying	3	116	742.0	2	ddc8008cdeaf
ours	varying	3	117	891.9	3	ddc8008cdeaf
ours	varying	3	118	1235.0	5	ddc8008cdeaf
ours	varying	3	119	1398.8	6	ddc8008cdeaf
ours	varying	3	120	754.8	2	ddc8008cdeaf
ours	varying	3	121	901.9	3	ddc8008cdeaf
ours	varying	3	122	1228.1	5	ddc8008cdeaf
ours	varying	3	123	3149.0	6	ddc8008cdeaf
ours	varying	3	124	763.9	2	ddc8008cdeaf
ours	varying	3	125	922.0	3	ddc8008cdeaf
ours	varying	3	126	1231.0	5	ddc8008cdeaf
ours	varying	3	127	1388.1	6	ddc8008cdeaf
ours	varying	3	128	744.1	2	ddc8008cdeaf
ours	varying	3	129	912.9	3	ddc8008cdeaf
ours	varying	3	130	1219.0	5	ddc8008cdeaf
ours	varying	3	131	1429.1	6	ddc8008cdeaf
ours	varying	3	132	739.1	2	ddc8008cdeaf
ours	varying	3	133	920.1	3	ddc8008cdeaf
ours	varying	3	134	1286.0	5	ddc8008cdeaf
ours	varying	3	135	1373.1	6	ddc8008cdeaf
ours	varying	3	136	772.0	2	ddc8008cdeaf
ours	varying	3	137	912.9	3	ddc8008cdeaf
ours	varying	3	138	1230.0	5	ddc8008cdeaf
ours	varying	3	139	1396.9	6	ddc8008cdeaf
ours	varying	3	140	740.1	2	ddc8008cdeaf
ours	varying	3	141	932.0	3	ddc8008cdeaf
ours	varying	3	142	1215.9	5	ddc8008cdeaf
ours	varying	3	143	1400.9	6	ddc8008cdeaf
ours	varying	3	144	739.8	2	ddc8008cdeaf
ours	varying	3	145	2948.0	3	ddc8008cdeaf
ours	varying	3	146	1224.0	5	ddc8008cdeaf
ours	varying	3	147	1412.2	6	ddc8008cdeaf
ours	varying	3	148	770.1	2	ddc8008cdeaf
ours	varying	3	149	896.9	3	ddc8008cdeaf
ours	varying	3	150	1231.0	5	ddc8008cdeaf
ours	varying	3	151	1437.9	6	ddc8008cdeaf
ours	varying	3	152	770.1	2	ddc8008cdeaf
ours	varying	3	153	971.1	3	ddc8008cdeaf
ours	varying	3	154	1225.0	5	ddc8008cdeaf
ours	varying	3	155	1395.2	6	ddc8008cdeaf
ours	varying	3	156	754.8	2	ddc8008cdeaf
ours	varying	3	157	885.0	3	ddc8008cdeaf
ours	varying	3	158	1249.8	5	ddc8008cdeaf
ours	varying	3	159	1372.8	6	ddc8008cdeaf
ours	varying	3	160	767.9	2	ddc8008cdeaf
ours	varying	3	161	891.0	3	ddc8008cdeaf
ours	varying	3	162	1217.8	5	ddc8008cdeaf
ours	varying	3	163	1409.1	6	ddc8008cdeaf
ours	varying	3	164	2873.2	2	ddc8008cdeaf
ours	varying	3	165	978.0	3	ddc8008cdeaf
ours	varying	3	166	1244.1	5	ddc8008cdeaf
ours	varying	3	167	1385.0	6	ddc8008cdeaf
ours	varying	3	168	739.1	2	ddc8008cdeaf
ours	varying	3	169	891.0	3	ddc8008cdeaf
ours	varying	3	170	1229.0	5	ddc8008cdeaf
ours	varying	3	171	1377.1	6	ddc8008cdeaf
ours	varying	3	172	737.0	2	ddc8008cdeaf
ours	varying	3	173	894.1	3	ddc8008cdeaf
ours	varying	3	174	1249.1	5	ddc8008cdeaf
ours	varying	3	175	1378.1	6	ddc8008cdeaf
ours	varying	3	176	738.9	2	ddc8008cdeaf
ours	varying	3	177	904.8	3	ddc8008cdeaf
ours	varying	3	178	1259.8	5	ddc8008cdeaf
ours	varying	3	179	1405.0	6	ddc8008cdeaf
ours	varying	3	180	742.0	2	ddc8008cdeaf
ours	varying	3	181	965.1	3	ddc8008cdeaf
ours	varying	3	182	1250.0	5	ddc8008cdeaf
ours	varying	3	183	1442.9	6	ddc8008cdeaf
ours	varying	3	184	747.9	2	ddc8008cdeaf
ours	varying	3	185	911.0	3	ddc8008cdeaf
ours	varying	3	186	1220.0	5	ddc8008cdeaf
ours	varying	3	187	4037.9	6	ddc8008cdeaf
ours	varying	3	188	759.8	2	ddc8008cdeaf
ours	varying	3	189	905.0	3	ddc8008cdeaf
ours	varying	3	190	1236.2	5	ddc8008cdeaf
ours	varying	3	191	1388.8	6	ddc8008cdeaf
ours	varying	3	192	732.9	2	ddc8008cdeaf
ours	varying	3	193	926.0	3	ddc8008cdeaf
ours	varying	3	194	1248.1	5	ddc8008cdeaf
ours	varying	3	195	1378.1	6	ddc8008cdeaf
ours	varying	3	196	745.1	2	ddc8008cdeaf
ours	varying	3	197	906.0	3	ddc8008cdeaf
ours	varying	3	198	1247.9	5	ddc8008cdeaf
ours	varying	3	199	1354.0	6	ddc8008cdeaf
torch-eager	varying	3	0	105491.4	2	torch-2.14.0+cu130
torch-eager	varying	3	1	1795.5	3	torch-2.14.0+cu130
torch-eager	varying	3	2	2477.4	5	torch-2.14.0+cu130
torch-eager	varying	3	3	2825.5	6	torch-2.14.0+cu130
torch-eager	varying	3	4	1243.6	2	torch-2.14.0+cu130
torch-eager	varying	3	5	2035.9	3	torch-2.14.0+cu130
torch-eager	varying	3	6	2547.0	5	torch-2.14.0+cu130
torch-eager	varying	3	7	2842.4	6	torch-2.14.0+cu130
torch-eager	varying	3	8	1265.5	2	torch-2.14.0+cu130
torch-eager	varying	3	9	1660.6	3	torch-2.14.0+cu130
torch-eager	varying	3	10	2410.7	5	torch-2.14.0+cu130
torch-eager	varying	3	11	2835.3	6	torch-2.14.0+cu130
torch-eager	varying	3	12	1292.7	2	torch-2.14.0+cu130
torch-eager	varying	3	13	1664.2	3	torch-2.14.0+cu130
torch-eager	varying	3	14	2484.1	5	torch-2.14.0+cu130
torch-eager	varying	3	15	2787.6	6	torch-2.14.0+cu130
torch-eager	varying	3	16	1298.2	2	torch-2.14.0+cu130
torch-eager	varying	3	17	1647.9	3	torch-2.14.0+cu130
torch-eager	varying	3	18	2428.5	5	torch-2.14.0+cu130
torch-eager	varying	3	19	2817.4	6	torch-2.14.0+cu130
torch-eager	varying	3	20	1390.7	2	torch-2.14.0+cu130
torch-eager	varying	3	21	1593.6	3	torch-2.14.0+cu130
torch-eager	varying	3	22	2260.9	5	torch-2.14.0+cu130
torch-eager	varying	3	23	2620.5	6	torch-2.14.0+cu130
torch-eager	varying	3	24	1193.5	2	torch-2.14.0+cu130
torch-eager	varying	3	25	1542.8	3	torch-2.14.0+cu130
torch-eager	varying	3	26	2293.6	5	torch-2.14.0+cu130
torch-eager	varying	3	27	2629.8	6	torch-2.14.0+cu130
torch-eager	varying	3	28	1201.6	2	torch-2.14.0+cu130
torch-eager	varying	3	29	1534.5	3	torch-2.14.0+cu130
torch-eager	varying	3	30	2276.9	5	torch-2.14.0+cu130
torch-eager	varying	3	31	2616.4	6	torch-2.14.0+cu130
torch-eager	varying	3	32	1200.0	2	torch-2.14.0+cu130
torch-eager	varying	3	33	1539.2	3	torch-2.14.0+cu130
torch-eager	varying	3	34	2259.3	5	torch-2.14.0+cu130
torch-eager	varying	3	35	2623.8	6	torch-2.14.0+cu130
torch-eager	varying	3	36	1206.4	2	torch-2.14.0+cu130
torch-eager	varying	3	37	1562.6	3	torch-2.14.0+cu130
torch-eager	varying	3	38	2262.6	5	torch-2.14.0+cu130
torch-eager	varying	3	39	2620.9	6	torch-2.14.0+cu130
torch-eager	varying	3	40	1192.8	2	torch-2.14.0+cu130
torch-eager	varying	3	41	1552.8	3	torch-2.14.0+cu130
torch-eager	varying	3	42	2267.6	5	torch-2.14.0+cu130
torch-eager	varying	3	43	2634.8	6	torch-2.14.0+cu130
torch-eager	varying	3	44	1258.1	2	torch-2.14.0+cu130
torch-eager	varying	3	45	1569.0	3	torch-2.14.0+cu130
torch-eager	varying	3	46	2242.1	5	torch-2.14.0+cu130
torch-eager	varying	3	47	2640.7	6	torch-2.14.0+cu130
torch-eager	varying	3	48	1225.9	2	torch-2.14.0+cu130
torch-eager	varying	3	49	1545.4	3	torch-2.14.0+cu130
torch-eager	varying	3	50	2276.2	5	torch-2.14.0+cu130
torch-eager	varying	3	51	2651.0	6	torch-2.14.0+cu130
torch-eager	varying	3	52	1197.3	2	torch-2.14.0+cu130
torch-eager	varying	3	53	1579.0	3	torch-2.14.0+cu130
torch-eager	varying	3	54	2275.9	5	torch-2.14.0+cu130
torch-eager	varying	3	55	2621.4	6	torch-2.14.0+cu130
torch-eager	varying	3	56	1204.5	2	torch-2.14.0+cu130
torch-eager	varying	3	57	1553.3	3	torch-2.14.0+cu130
torch-eager	varying	3	58	2279.0	5	torch-2.14.0+cu130
torch-eager	varying	3	59	2653.1	6	torch-2.14.0+cu130
torch-eager	varying	3	60	1233.6	2	torch-2.14.0+cu130
torch-eager	varying	3	61	1571.9	3	torch-2.14.0+cu130
torch-eager	varying	3	62	2273.3	5	torch-2.14.0+cu130
torch-eager	varying	3	63	2637.9	6	torch-2.14.0+cu130
torch-eager	varying	3	64	1198.5	2	torch-2.14.0+cu130
torch-eager	varying	3	65	1587.6	3	torch-2.14.0+cu130
torch-eager	varying	3	66	2258.5	5	torch-2.14.0+cu130
torch-eager	varying	3	67	2649.1	6	torch-2.14.0+cu130
torch-eager	varying	3	68	1194.0	2	torch-2.14.0+cu130
torch-eager	varying	3	69	1548.3	3	torch-2.14.0+cu130
torch-eager	varying	3	70	2259.0	5	torch-2.14.0+cu130
torch-eager	varying	3	71	2671.5	6	torch-2.14.0+cu130
torch-eager	varying	3	72	1200.9	2	torch-2.14.0+cu130
torch-eager	varying	3	73	1578.1	3	torch-2.14.0+cu130
torch-eager	varying	3	74	2255.4	5	torch-2.14.0+cu130
torch-eager	varying	3	75	2675.3	6	torch-2.14.0+cu130
torch-eager	varying	3	76	1215.9	2	torch-2.14.0+cu130
torch-eager	varying	3	77	1561.9	3	torch-2.14.0+cu130
torch-eager	varying	3	78	2287.9	5	torch-2.14.0+cu130
torch-eager	varying	3	79	2641.7	6	torch-2.14.0+cu130
torch-eager	varying	3	80	1254.8	2	torch-2.14.0+cu130
torch-eager	varying	3	81	1564.0	3	torch-2.14.0+cu130
torch-eager	varying	3	82	2276.9	5	torch-2.14.0+cu130
torch-eager	varying	3	83	2634.3	6	torch-2.14.0+cu130
torch-eager	varying	3	84	1215.9	2	torch-2.14.0+cu130
torch-eager	varying	3	85	1544.2	3	torch-2.14.0+cu130
torch-eager	varying	3	86	2241.8	5	torch-2.14.0+cu130
torch-eager	varying	3	87	2637.9	6	torch-2.14.0+cu130
torch-eager	varying	3	88	1190.7	2	torch-2.14.0+cu130
torch-eager	varying	3	89	1537.8	3	torch-2.14.0+cu130
torch-eager	varying	3	90	2256.6	5	torch-2.14.0+cu130
torch-eager	varying	3	91	2607.3	6	torch-2.14.0+cu130
torch-eager	varying	3	92	1206.6	2	torch-2.14.0+cu130
torch-eager	varying	3	93	1540.9	3	torch-2.14.0+cu130
torch-eager	varying	3	94	2292.6	5	torch-2.14.0+cu130
torch-eager	varying	3	95	2652.2	6	torch-2.14.0+cu130
torch-eager	varying	3	96	1221.9	2	torch-2.14.0+cu130
torch-eager	varying	3	97	1552.6	3	torch-2.14.0+cu130
torch-eager	varying	3	98	2251.1	5	torch-2.14.0+cu130
torch-eager	varying	3	99	2633.8	6	torch-2.14.0+cu130
torch-eager	varying	3	100	1259.8	2	torch-2.14.0+cu130
torch-eager	varying	3	101	1598.4	3	torch-2.14.0+cu130
torch-eager	varying	3	102	2269.3	5	torch-2.14.0+cu130
torch-eager	varying	3	103	2627.4	6	torch-2.14.0+cu130
torch-eager	varying	3	104	1209.5	2	torch-2.14.0+cu130
torch-eager	varying	3	105	1551.6	3	torch-2.14.0+cu130
torch-eager	varying	3	106	2255.4	5	torch-2.14.0+cu130
torch-eager	varying	3	107	2601.1	6	torch-2.14.0+cu130
torch-eager	varying	3	108	1197.8	2	torch-2.14.0+cu130
torch-eager	varying	3	109	1539.2	3	torch-2.14.0+cu130
torch-eager	varying	3	110	2233.7	5	torch-2.14.0+cu130
torch-eager	varying	3	111	2631.4	6	torch-2.14.0+cu130
torch-eager	varying	3	112	1187.3	2	torch-2.14.0+cu130
torch-eager	varying	3	113	1534.9	3	torch-2.14.0+cu130
torch-eager	varying	3	114	2284.8	5	torch-2.14.0+cu130
torch-eager	varying	3	115	2619.7	6	torch-2.14.0+cu130
torch-eager	varying	3	116	1190.2	2	torch-2.14.0+cu130
torch-eager	varying	3	117	1534.0	3	torch-2.14.0+cu130
torch-eager	varying	3	118	2260.2	5	torch-2.14.0+cu130
torch-eager	varying	3	119	2622.1	6	torch-2.14.0+cu130
torch-eager	varying	3	120	1200.9	2	torch-2.14.0+cu130
torch-eager	varying	3	121	1541.9	3	torch-2.14.0+cu130
torch-eager	varying	3	122	2244.0	5	torch-2.14.0+cu130
torch-eager	varying	3	123	2636.7	6	torch-2.14.0+cu130
torch-eager	varying	3	124	1176.4	2	torch-2.14.0+cu130
torch-eager	varying	3	125	1537.3	3	torch-2.14.0+cu130
torch-eager	varying	3	126	2281.0	5	torch-2.14.0+cu130
torch-eager	varying	3	127	2657.4	6	torch-2.14.0+cu130
torch-eager	varying	3	128	1200.4	2	torch-2.14.0+cu130
torch-eager	varying	3	129	1579.5	3	torch-2.14.0+cu130
torch-eager	varying	3	130	2315.5	5	torch-2.14.0+cu130
torch-eager	varying	3	131	2601.9	6	torch-2.14.0+cu130
torch-eager	varying	3	132	1195.0	2	torch-2.14.0+cu130
torch-eager	varying	3	133	1545.7	3	torch-2.14.0+cu130
torch-eager	varying	3	134	2261.6	5	torch-2.14.0+cu130
torch-eager	varying	3	135	2627.8	6	torch-2.14.0+cu130
torch-eager	varying	3	136	1183.3	2	torch-2.14.0+cu130
torch-eager	varying	3	137	1533.5	3	torch-2.14.0+cu130
torch-eager	varying	3	138	2250.2	5	torch-2.14.0+cu130
torch-eager	varying	3	139	2617.8	6	torch-2.14.0+cu130
torch-eager	varying	3	140	1186.6	2	torch-2.14.0+cu130
torch-eager	varying	3	141	1547.1	3	torch-2.14.0+cu130
torch-eager	varying	3	142	2255.9	5	torch-2.14.0+cu130
torch-eager	varying	3	143	2637.1	6	torch-2.14.0+cu130
torch-eager	varying	3	144	1182.3	2	torch-2.14.0+cu130
torch-eager	varying	3	145	1552.3	3	torch-2.14.0+cu130
torch-eager	varying	3	146	2278.3	5	torch-2.14.0+cu130
torch-eager	varying	3	147	2622.6	6	torch-2.14.0+cu130
torch-eager	varying	3	148	1186.1	2	torch-2.14.0+cu130
torch-eager	varying	3	149	1553.1	3	torch-2.14.0+cu130
torch-eager	varying	3	150	2263.8	5	torch-2.14.0+cu130
torch-eager	varying	3	151	2615.5	6	torch-2.14.0+cu130
torch-eager	varying	3	152	1203.1	2	torch-2.14.0+cu130
torch-eager	varying	3	153	1550.7	3	torch-2.14.0+cu130
torch-eager	varying	3	154	2321.2	5	torch-2.14.0+cu130
torch-eager	varying	3	155	2625.5	6	torch-2.14.0+cu130
torch-eager	varying	3	156	1166.8	2	torch-2.14.0+cu130
torch-eager	varying	3	157	1514.4	3	torch-2.14.0+cu130
torch-eager	varying	3	158	2237.3	5	torch-2.14.0+cu130
torch-eager	varying	3	159	2576.8	6	torch-2.14.0+cu130
torch-eager	varying	3	160	1171.8	2	torch-2.14.0+cu130
torch-eager	varying	3	161	1527.8	3	torch-2.14.0+cu130
torch-eager	varying	3	162	2225.6	5	torch-2.14.0+cu130
torch-eager	varying	3	163	2581.8	6	torch-2.14.0+cu130
torch-eager	varying	3	164	1174.2	2	torch-2.14.0+cu130
torch-eager	varying	3	165	1542.8	3	torch-2.14.0+cu130
torch-eager	varying	3	166	2241.6	5	torch-2.14.0+cu130
torch-eager	varying	3	167	2592.8	6	torch-2.14.0+cu130
torch-eager	varying	3	168	1189.7	2	torch-2.14.0+cu130
torch-eager	varying	3	169	1552.8	3	torch-2.14.0+cu130
torch-eager	varying	3	170	2247.1	5	torch-2.14.0+cu130
torch-eager	varying	3	171	2609.5	6	torch-2.14.0+cu130
torch-eager	varying	3	172	1173.5	2	torch-2.14.0+cu130
torch-eager	varying	3	173	1522.5	3	torch-2.14.0+cu130
torch-eager	varying	3	174	2214.0	5	torch-2.14.0+cu130
torch-eager	varying	3	175	2575.9	6	torch-2.14.0+cu130
torch-eager	varying	3	176	1188.5	2	torch-2.14.0+cu130
torch-eager	varying	3	177	1564.3	3	torch-2.14.0+cu130
torch-eager	varying	3	178	2231.8	5	torch-2.14.0+cu130
torch-eager	varying	3	179	2573.0	6	torch-2.14.0+cu130
torch-eager	varying	3	180	1174.2	2	torch-2.14.0+cu130
torch-eager	varying	3	181	1548.8	3	torch-2.14.0+cu130
torch-eager	varying	3	182	2331.5	5	torch-2.14.0+cu130
torch-eager	varying	3	183	2629.8	6	torch-2.14.0+cu130
torch-eager	varying	3	184	1164.9	2	torch-2.14.0+cu130
torch-eager	varying	3	185	1528.7	3	torch-2.14.0+cu130
torch-eager	varying	3	186	2226.1	5	torch-2.14.0+cu130
torch-eager	varying	3	187	2582.6	6	torch-2.14.0+cu130
torch-eager	varying	3	188	1177.1	2	torch-2.14.0+cu130
torch-eager	varying	3	189	1521.1	3	torch-2.14.0+cu130
torch-eager	varying	3	190	2214.2	5	torch-2.14.0+cu130
torch-eager	varying	3	191	2572.3	6	torch-2.14.0+cu130
torch-eager	varying	3	192	1169.9	2	torch-2.14.0+cu130
torch-eager	varying	3	193	1546.9	3	torch-2.14.0+cu130
torch-eager	varying	3	194	2239.0	5	torch-2.14.0+cu130
torch-eager	varying	3	195	2567.3	6	torch-2.14.0+cu130
torch-eager	varying	3	196	1174.0	2	torch-2.14.0+cu130
torch-eager	varying	3	197	1527.8	3	torch-2.14.0+cu130
torch-eager	varying	3	198	2222.5	5	torch-2.14.0+cu130
torch-eager	varying	3	199	2597.1	6	torch-2.14.0+cu130
torch-compile	varying	3	0	800643.9	2	torch-2.14.0+cu130
torch-compile	varying	3	1	1469.4	3	torch-2.14.0+cu130
torch-compile	varying	3	2	1718.3	5	torch-2.14.0+cu130
torch-compile	varying	3	3	1938.6	6	torch-2.14.0+cu130
torch-compile	varying	3	4	1040.0	2	torch-2.14.0+cu130
torch-compile	varying	3	5	1215.0	3	torch-2.14.0+cu130
torch-compile	varying	3	6	1687.3	5	torch-2.14.0+cu130
torch-compile	varying	3	7	1886.4	6	torch-2.14.0+cu130
torch-compile	varying	3	8	1000.4	2	torch-2.14.0+cu130
torch-compile	varying	3	9	1223.6	3	torch-2.14.0+cu130
torch-compile	varying	3	10	1655.1	5	torch-2.14.0+cu130
torch-compile	varying	3	11	1908.3	6	torch-2.14.0+cu130
torch-compile	varying	3	12	1015.7	2	torch-2.14.0+cu130
torch-compile	varying	3	13	1202.8	3	torch-2.14.0+cu130
torch-compile	varying	3	14	1669.9	5	torch-2.14.0+cu130
torch-compile	varying	3	15	1897.8	6	torch-2.14.0+cu130
torch-compile	varying	3	16	1041.4	2	torch-2.14.0+cu130
torch-compile	varying	3	17	1236.2	3	torch-2.14.0+cu130
torch-compile	varying	3	18	1653.2	5	torch-2.14.0+cu130
torch-compile	varying	3	19	1889.9	6	torch-2.14.0+cu130
torch-compile	varying	3	20	990.2	2	torch-2.14.0+cu130
torch-compile	varying	3	21	1232.9	3	torch-2.14.0+cu130
torch-compile	varying	3	22	1656.5	5	torch-2.14.0+cu130
torch-compile	varying	3	23	1914.0	6	torch-2.14.0+cu130
torch-compile	varying	3	24	986.8	2	torch-2.14.0+cu130
torch-compile	varying	3	25	1228.3	3	torch-2.14.0+cu130
torch-compile	varying	3	26	1700.2	5	torch-2.14.0+cu130
torch-compile	varying	3	27	1894.0	6	torch-2.14.0+cu130
torch-compile	varying	3	28	980.4	2	torch-2.14.0+cu130
torch-compile	varying	3	29	1200.7	3	torch-2.14.0+cu130
torch-compile	varying	3	30	1685.9	5	torch-2.14.0+cu130
torch-compile	varying	3	31	1926.9	6	torch-2.14.0+cu130
torch-compile	varying	3	32	991.1	2	torch-2.14.0+cu130
torch-compile	varying	3	33	1228.3	3	torch-2.14.0+cu130
torch-compile	varying	3	34	1666.8	5	torch-2.14.0+cu130
torch-compile	varying	3	35	1904.7	6	torch-2.14.0+cu130
torch-compile	varying	3	36	1016.1	2	torch-2.14.0+cu130
torch-compile	varying	3	37	1209.3	3	torch-2.14.0+cu130
torch-compile	varying	3	38	1703.0	5	torch-2.14.0+cu130
torch-compile	varying	3	39	1890.2	6	torch-2.14.0+cu130
torch-compile	varying	3	40	980.4	2	torch-2.14.0+cu130
torch-compile	varying	3	41	1207.8	3	torch-2.14.0+cu130
torch-compile	varying	3	42	1676.3	5	torch-2.14.0+cu130
torch-compile	varying	3	43	1880.2	6	torch-2.14.0+cu130
torch-compile	varying	3	44	988.5	2	torch-2.14.0+cu130
torch-compile	varying	3	45	1199.5	3	torch-2.14.0+cu130
torch-compile	varying	3	46	1682.0	5	torch-2.14.0+cu130
torch-compile	varying	3	47	1889.7	6	torch-2.14.0+cu130
torch-compile	varying	3	48	1004.7	2	torch-2.14.0+cu130
torch-compile	varying	3	49	1233.6	3	torch-2.14.0+cu130
torch-compile	varying	3	50	1668.7	5	torch-2.14.0+cu130
torch-compile	varying	3	51	1907.6	6	torch-2.14.0+cu130
torch-compile	varying	3	52	1011.8	2	torch-2.14.0+cu130
torch-compile	varying	3	53	1231.2	3	torch-2.14.0+cu130
torch-compile	varying	3	54	1717.3	5	torch-2.14.0+cu130
torch-compile	varying	3	55	1918.3	6	torch-2.14.0+cu130
torch-compile	varying	3	56	980.1	2	torch-2.14.0+cu130
torch-compile	varying	3	57	1221.2	3	torch-2.14.0+cu130
torch-compile	varying	3	58	1685.9	5	torch-2.14.0+cu130
torch-compile	varying	3	59	1917.1	6	torch-2.14.0+cu130
torch-compile	varying	3	60	991.6	2	torch-2.14.0+cu130
torch-compile	varying	3	61	1205.0	3	torch-2.14.0+cu130
torch-compile	varying	3	62	1689.0	5	torch-2.14.0+cu130
torch-compile	varying	3	63	1917.1	6	torch-2.14.0+cu130
torch-compile	varying	3	64	988.2	2	torch-2.14.0+cu130
torch-compile	varying	3	65	1205.4	3	torch-2.14.0+cu130
torch-compile	varying	3	66	1663.9	5	torch-2.14.0+cu130
torch-compile	varying	3	67	1905.4	6	torch-2.14.0+cu130
torch-compile	varying	3	68	984.7	2	torch-2.14.0+cu130
torch-compile	varying	3	69	1233.3	3	torch-2.14.0+cu130
torch-compile	varying	3	70	1643.2	5	torch-2.14.0+cu130
torch-compile	varying	3	71	1919.0	6	torch-2.14.0+cu130
torch-compile	varying	3	72	986.8	2	torch-2.14.0+cu130
torch-compile	varying	3	73	1237.6	3	torch-2.14.0+cu130
torch-compile	varying	3	74	1668.0	5	torch-2.14.0+cu130
torch-compile	varying	3	75	1920.7	6	torch-2.14.0+cu130
torch-compile	varying	3	76	985.1	2	torch-2.14.0+cu130
torch-compile	varying	3	77	1221.4	3	torch-2.14.0+cu130
torch-compile	varying	3	78	1678.7	5	torch-2.14.0+cu130
torch-compile	varying	3	79	1881.1	6	torch-2.14.0+cu130
torch-compile	varying	3	80	978.9	2	torch-2.14.0+cu130
torch-compile	varying	3	81	1216.9	3	torch-2.14.0+cu130
torch-compile	varying	3	82	1655.6	5	torch-2.14.0+cu130
torch-compile	varying	3	83	1918.6	6	torch-2.14.0+cu130
torch-compile	varying	3	84	975.8	2	torch-2.14.0+cu130
torch-compile	varying	3	85	1219.5	3	torch-2.14.0+cu130
torch-compile	varying	3	86	1667.3	5	torch-2.14.0+cu130
torch-compile	varying	3	87	1879.0	6	torch-2.14.0+cu130
torch-compile	varying	3	88	982.0	2	torch-2.14.0+cu130
torch-compile	varying	3	89	1205.0	3	torch-2.14.0+cu130
torch-compile	varying	3	90	1669.2	5	torch-2.14.0+cu130
torch-compile	varying	3	91	1899.5	6	torch-2.14.0+cu130
torch-compile	varying	3	92	1048.1	2	torch-2.14.0+cu130
torch-compile	varying	3	93	1220.2	3	torch-2.14.0+cu130
torch-compile	varying	3	94	1714.5	5	torch-2.14.0+cu130
torch-compile	varying	3	95	1898.1	6	torch-2.14.0+cu130
torch-compile	varying	3	96	988.2	2	torch-2.14.0+cu130
torch-compile	varying	3	97	1201.4	3	torch-2.14.0+cu130
torch-compile	varying	3	98	1660.6	5	torch-2.14.0+cu130
torch-compile	varying	3	99	1887.3	6	torch-2.14.0+cu130
torch-compile	varying	3	100	982.8	2	torch-2.14.0+cu130
torch-compile	varying	3	101	1208.1	3	torch-2.14.0+cu130
torch-compile	varying	3	102	1668.9	5	torch-2.14.0+cu130
torch-compile	varying	3	103	1882.8	6	torch-2.14.0+cu130
torch-compile	varying	3	104	1001.4	2	torch-2.14.0+cu130
torch-compile	varying	3	105	1207.8	3	torch-2.14.0+cu130
torch-compile	varying	3	106	1673.0	5	torch-2.14.0+cu130
torch-compile	varying	3	107	2116.4	6	torch-2.14.0+cu130
torch-compile	varying	3	108	1028.3	2	torch-2.14.0+cu130
torch-compile	varying	3	109	1262.9	3	torch-2.14.0+cu130
torch-compile	varying	3	110	1743.8	5	torch-2.14.0+cu130
torch-compile	varying	3	111	1966.5	6	torch-2.14.0+cu130
torch-compile	varying	3	112	1035.5	2	torch-2.14.0+cu130
torch-compile	varying	3	113	1318.5	3	torch-2.14.0+cu130
torch-compile	varying	3	114	1678.0	5	torch-2.14.0+cu130
torch-compile	varying	3	115	1907.8	6	torch-2.14.0+cu130
torch-compile	varying	3	116	982.3	2	torch-2.14.0+cu130
torch-compile	varying	3	117	1226.2	3	torch-2.14.0+cu130
torch-compile	varying	3	118	1684.7	5	torch-2.14.0+cu130
torch-compile	varying	3	119	1896.1	6	torch-2.14.0+cu130
torch-compile	varying	3	120	988.2	2	torch-2.14.0+cu130
torch-compile	varying	3	121	1222.1	3	torch-2.14.0+cu130
torch-compile	varying	3	122	1710.7	5	torch-2.14.0+cu130
torch-compile	varying	3	123	1914.5	6	torch-2.14.0+cu130
torch-compile	varying	3	124	1001.6	2	torch-2.14.0+cu130
torch-compile	varying	3	125	1219.3	3	torch-2.14.0+cu130
torch-compile	varying	3	126	1672.5	5	torch-2.14.0+cu130
torch-compile	varying	3	127	1883.0	6	torch-2.14.0+cu130
torch-compile	varying	3	128	973.5	2	torch-2.14.0+cu130
torch-compile	varying	3	129	1213.8	3	torch-2.14.0+cu130
torch-compile	varying	3	130	1690.9	5	torch-2.14.0+cu130
torch-compile	varying	3	131	1922.1	6	torch-2.14.0+cu130
torch-compile	varying	3	132	1012.8	2	torch-2.14.0+cu130
torch-compile	varying	3	133	1225.9	3	torch-2.14.0+cu130
torch-compile	varying	3	134	1663.7	5	torch-2.14.0+cu130
torch-compile	varying	3	135	1923.8	6	torch-2.14.0+cu130
torch-compile	varying	3	136	980.1	2	torch-2.14.0+cu130
torch-compile	varying	3	137	1221.2	3	torch-2.14.0+cu130
torch-compile	varying	3	138	1641.0	5	torch-2.14.0+cu130
torch-compile	varying	3	139	1916.4	6	torch-2.14.0+cu130
torch-compile	varying	3	140	1009.2	2	torch-2.14.0+cu130
torch-compile	varying	3	141	1210.7	3	torch-2.14.0+cu130
torch-compile	varying	3	142	1687.8	5	torch-2.14.0+cu130
torch-compile	varying	3	143	1888.5	6	torch-2.14.0+cu130
torch-compile	varying	3	144	1003.7	2	torch-2.14.0+cu130
torch-compile	varying	3	145	1236.0	3	torch-2.14.0+cu130
torch-compile	varying	3	146	1909.5	5	torch-2.14.0+cu130
torch-compile	varying	3	147	1987.0	6	torch-2.14.0+cu130
torch-compile	varying	3	148	1035.9	2	torch-2.14.0+cu130
torch-compile	varying	3	149	1254.6	3	torch-2.14.0+cu130
torch-compile	varying	3	150	1734.0	5	torch-2.14.0+cu130
torch-compile	varying	3	151	1986.3	6	torch-2.14.0+cu130
torch-compile	varying	3	152	1028.5	2	torch-2.14.0+cu130
torch-compile	varying	3	153	1246.2	3	torch-2.14.0+cu130
torch-compile	varying	3	154	1719.5	5	torch-2.14.0+cu130
torch-compile	varying	3	155	1916.9	6	torch-2.14.0+cu130
torch-compile	varying	3	156	993.7	2	torch-2.14.0+cu130
torch-compile	varying	3	157	1228.6	3	torch-2.14.0+cu130
torch-compile	varying	3	158	1697.5	5	torch-2.14.0+cu130
torch-compile	varying	3	159	1902.8	6	torch-2.14.0+cu130
torch-compile	varying	3	160	973.2	2	torch-2.14.0+cu130
torch-compile	varying	3	161	1230.7	3	torch-2.14.0+cu130
torch-compile	varying	3	162	1672.5	5	torch-2.14.0+cu130
torch-compile	varying	3	163	1906.9	6	torch-2.14.0+cu130
torch-compile	varying	3	164	1011.4	2	torch-2.14.0+cu130
torch-compile	varying	3	165	1249.6	3	torch-2.14.0+cu130
torch-compile	varying	3	166	1670.1	5	torch-2.14.0+cu130
torch-compile	varying	3	167	1892.1	6	torch-2.14.0+cu130
torch-compile	varying	3	168	983.7	2	torch-2.14.0+cu130
torch-compile	varying	3	169	1275.3	3	torch-2.14.0+cu130
torch-compile	varying	3	170	1664.6	5	torch-2.14.0+cu130
torch-compile	varying	3	171	1899.0	6	torch-2.14.0+cu130
torch-compile	varying	3	172	971.1	2	torch-2.14.0+cu130
torch-compile	varying	3	173	1247.4	3	torch-2.14.0+cu130
torch-compile	varying	3	174	1684.7	5	torch-2.14.0+cu130
torch-compile	varying	3	175	1903.3	6	torch-2.14.0+cu130
torch-compile	varying	3	176	964.6	2	torch-2.14.0+cu130
torch-compile	varying	3	177	1222.6	3	torch-2.14.0+cu130
torch-compile	varying	3	178	1701.4	5	torch-2.14.0+cu130
torch-compile	varying	3	179	1888.5	6	torch-2.14.0+cu130
torch-compile	varying	3	180	984.7	2	torch-2.14.0+cu130
torch-compile	varying	3	181	1206.6	3	torch-2.14.0+cu130
torch-compile	varying	3	182	1668.0	5	torch-2.14.0+cu130
torch-compile	varying	3	183	1899.5	6	torch-2.14.0+cu130
torch-compile	varying	3	184	981.1	2	torch-2.14.0+cu130
torch-compile	varying	3	185	1217.1	3	torch-2.14.0+cu130
torch-compile	varying	3	186	1682.0	5	torch-2.14.0+cu130
torch-compile	varying	3	187	1889.9	6	torch-2.14.0+cu130
torch-compile	varying	3	188	988.7	2	torch-2.14.0+cu130
torch-compile	varying	3	189	1220.0	3	torch-2.14.0+cu130
torch-compile	varying	3	190	1695.9	5	torch-2.14.0+cu130
torch-compile	varying	3	191	1929.8	6	torch-2.14.0+cu130
torch-compile	varying	3	192	984.4	2	torch-2.14.0+cu130
torch-compile	varying	3	193	1234.8	3	torch-2.14.0+cu130
torch-compile	varying	3	194	1662.0	5	torch-2.14.0+cu130
torch-compile	varying	3	195	1910.2	6	torch-2.14.0+cu130
torch-compile	varying	3	196	999.9	2	torch-2.14.0+cu130
torch-compile	varying	3	197	1204.3	3	torch-2.14.0+cu130
torch-compile	varying	3	198	1676.6	5	torch-2.14.0+cu130
torch-compile	varying	3	199	1930.7	6	torch-2.14.0+cu130
torch-compile-ro	varying	3	0	733059.9	2	torch-2.14.0+cu130
torch-compile-ro	varying	3	1	35416.8	3	torch-2.14.0+cu130
torch-compile-ro	varying	3	2	10457.0	5	torch-2.14.0+cu130
torch-compile-ro	varying	3	3	7693.3	6	torch-2.14.0+cu130
torch-compile-ro	varying	3	4	3748.9	2	torch-2.14.0+cu130
torch-compile-ro	varying	3	5	1283.4	3	torch-2.14.0+cu130
torch-compile-ro	varying	3	6	1662.7	5	torch-2.14.0+cu130
torch-compile-ro	varying	3	7	1816.5	6	torch-2.14.0+cu130
torch-compile-ro	varying	3	8	979.4	2	torch-2.14.0+cu130
torch-compile-ro	varying	3	9	1169.0	3	torch-2.14.0+cu130
torch-compile-ro	varying	3	10	1579.8	5	torch-2.14.0+cu130
torch-compile-ro	varying	3	11	1821.8	6	torch-2.14.0+cu130
torch-compile-ro	varying	3	12	962.7	2	torch-2.14.0+cu130
torch-compile-ro	varying	3	13	1193.0	3	torch-2.14.0+cu130
torch-compile-ro	varying	3	14	1591.9	5	torch-2.14.0+cu130
torch-compile-ro	varying	3	15	1812.9	6	torch-2.14.0+cu130
torch-compile-ro	varying	3	16	939.6	2	torch-2.14.0+cu130
torch-compile-ro	varying	3	17	1153.2	3	torch-2.14.0+cu130
torch-compile-ro	varying	3	18	1604.8	5	torch-2.14.0+cu130
torch-compile-ro	varying	3	19	1798.4	6	torch-2.14.0+cu130
torch-compile-ro	varying	3	20	943.9	2	torch-2.14.0+cu130
torch-compile-ro	varying	3	21	1146.8	3	torch-2.14.0+cu130
torch-compile-ro	varying	3	22	1600.0	5	torch-2.14.0+cu130
torch-compile-ro	varying	3	23	1809.1	6	torch-2.14.0+cu130
torch-compile-ro	varying	3	24	951.8	2	torch-2.14.0+cu130
torch-compile-ro	varying	3	25	1160.9	3	torch-2.14.0+cu130
torch-compile-ro	varying	3	26	1587.9	5	torch-2.14.0+cu130
torch-compile-ro	varying	3	27	1814.6	6	torch-2.14.0+cu130
torch-compile-ro	varying	3	28	948.9	2	torch-2.14.0+cu130
torch-compile-ro	varying	3	29	1215.9	3	torch-2.14.0+cu130
torch-compile-ro	varying	3	30	1611.7	5	torch-2.14.0+cu130
torch-compile-ro	varying	3	31	1788.6	6	torch-2.14.0+cu130
torch-compile-ro	varying	3	32	944.4	2	torch-2.14.0+cu130
torch-compile-ro	varying	3	33	1158.2	3	torch-2.14.0+cu130
torch-compile-ro	varying	3	34	1589.8	5	torch-2.14.0+cu130
torch-compile-ro	varying	3	35	1819.6	6	torch-2.14.0+cu130
torch-compile-ro	varying	3	36	963.0	2	torch-2.14.0+cu130
torch-compile-ro	varying	3	37	1187.8	3	torch-2.14.0+cu130
torch-compile-ro	varying	3	38	1622.9	5	torch-2.14.0+cu130
torch-compile-ro	varying	3	39	1807.2	6	torch-2.14.0+cu130
torch-compile-ro	varying	3	40	953.0	2	torch-2.14.0+cu130
torch-compile-ro	varying	3	41	1187.6	3	torch-2.14.0+cu130
torch-compile-ro	varying	3	42	1591.0	5	torch-2.14.0+cu130
torch-compile-ro	varying	3	43	1796.7	6	torch-2.14.0+cu130
torch-compile-ro	varying	3	44	973.2	2	torch-2.14.0+cu130
torch-compile-ro	varying	3	45	1175.6	3	torch-2.14.0+cu130
torch-compile-ro	varying	3	46	1584.1	5	torch-2.14.0+cu130
torch-compile-ro	varying	3	47	1779.8	6	torch-2.14.0+cu130
torch-compile-ro	varying	3	48	1001.8	2	torch-2.14.0+cu130
torch-compile-ro	varying	3	49	1182.1	3	torch-2.14.0+cu130
torch-compile-ro	varying	3	50	1615.0	5	torch-2.14.0+cu130
torch-compile-ro	varying	3	51	1807.5	6	torch-2.14.0+cu130
torch-compile-ro	varying	3	52	968.9	2	torch-2.14.0+cu130
torch-compile-ro	varying	3	53	1148.0	3	torch-2.14.0+cu130
torch-compile-ro	varying	3	54	1601.5	5	torch-2.14.0+cu130
torch-compile-ro	varying	3	55	1783.1	6	torch-2.14.0+cu130
torch-compile-ro	varying	3	56	962.0	2	torch-2.14.0+cu130
torch-compile-ro	varying	3	57	1214.0	3	torch-2.14.0+cu130
torch-compile-ro	varying	3	58	1595.0	5	torch-2.14.0+cu130
torch-compile-ro	varying	3	59	1803.6	6	torch-2.14.0+cu130
torch-compile-ro	varying	3	60	975.1	2	torch-2.14.0+cu130
torch-compile-ro	varying	3	61	1173.7	3	torch-2.14.0+cu130
torch-compile-ro	varying	3	62	1591.2	5	torch-2.14.0+cu130
torch-compile-ro	varying	3	63	1801.7	6	torch-2.14.0+cu130
torch-compile-ro	varying	3	64	968.2	2	torch-2.14.0+cu130
torch-compile-ro	varying	3	65	1169.0	3	torch-2.14.0+cu130
torch-compile-ro	varying	3	66	1595.3	5	torch-2.14.0+cu130
torch-compile-ro	varying	3	67	1796.0	6	torch-2.14.0+cu130
torch-compile-ro	varying	3	68	961.3	2	torch-2.14.0+cu130
torch-compile-ro	varying	3	69	1189.9	3	torch-2.14.0+cu130
torch-compile-ro	varying	3	70	1574.0	5	torch-2.14.0+cu130
torch-compile-ro	varying	3	71	1794.6	6	torch-2.14.0+cu130
torch-compile-ro	varying	3	72	956.5	2	torch-2.14.0+cu130
torch-compile-ro	varying	3	73	1155.9	3	torch-2.14.0+cu130
torch-compile-ro	varying	3	74	1606.9	5	torch-2.14.0+cu130
torch-compile-ro	varying	3	75	1784.8	6	torch-2.14.0+cu130
torch-compile-ro	varying	3	76	951.5	2	torch-2.14.0+cu130
torch-compile-ro	varying	3	77	1198.1	3	torch-2.14.0+cu130
torch-compile-ro	varying	3	78	1588.6	5	torch-2.14.0+cu130
torch-compile-ro	varying	3	79	1785.8	6	torch-2.14.0+cu130
torch-compile-ro	varying	3	80	957.0	2	torch-2.14.0+cu130
torch-compile-ro	varying	3	81	1166.1	3	torch-2.14.0+cu130
torch-compile-ro	varying	3	82	1601.9	5	torch-2.14.0+cu130
torch-compile-ro	varying	3	83	1769.8	6	torch-2.14.0+cu130
torch-compile-ro	varying	3	84	965.1	2	torch-2.14.0+cu130
torch-compile-ro	varying	3	85	1201.2	3	torch-2.14.0+cu130
torch-compile-ro	varying	3	86	1572.8	5	torch-2.14.0+cu130
torch-compile-ro	varying	3	87	1816.7	6	torch-2.14.0+cu130
torch-compile-ro	varying	3	88	979.7	2	torch-2.14.0+cu130
torch-compile-ro	varying	3	89	1192.8	3	torch-2.14.0+cu130
torch-compile-ro	varying	3	90	1604.8	5	torch-2.14.0+cu130
torch-compile-ro	varying	3	91	1790.0	6	torch-2.14.0+cu130
torch-compile-ro	varying	3	92	950.6	2	torch-2.14.0+cu130
torch-compile-ro	varying	3	93	1146.8	3	torch-2.14.0+cu130
torch-compile-ro	varying	3	94	1577.9	5	torch-2.14.0+cu130
torch-compile-ro	varying	3	95	1775.7	6	torch-2.14.0+cu130
torch-compile-ro	varying	3	96	980.9	2	torch-2.14.0+cu130
torch-compile-ro	varying	3	97	1161.6	3	torch-2.14.0+cu130
torch-compile-ro	varying	3	98	1573.6	5	torch-2.14.0+cu130
torch-compile-ro	varying	3	99	1850.1	6	torch-2.14.0+cu130
torch-compile-ro	varying	3	100	968.2	2	torch-2.14.0+cu130
torch-compile-ro	varying	3	101	1153.0	3	torch-2.14.0+cu130
torch-compile-ro	varying	3	102	1605.3	5	torch-2.14.0+cu130
torch-compile-ro	varying	3	103	1807.5	6	torch-2.14.0+cu130
torch-compile-ro	varying	3	104	960.6	2	torch-2.14.0+cu130
torch-compile-ro	varying	3	105	1160.1	3	torch-2.14.0+cu130
torch-compile-ro	varying	3	106	1589.3	5	torch-2.14.0+cu130
torch-compile-ro	varying	3	107	1784.6	6	torch-2.14.0+cu130
torch-compile-ro	varying	3	108	943.7	2	torch-2.14.0+cu130
torch-compile-ro	varying	3	109	1211.9	3	torch-2.14.0+cu130
torch-compile-ro	varying	3	110	1572.1	5	torch-2.14.0+cu130
torch-compile-ro	varying	3	111	1782.2	6	torch-2.14.0+cu130
torch-compile-ro	varying	3	112	938.4	2	torch-2.14.0+cu130
torch-compile-ro	varying	3	113	1214.3	3	torch-2.14.0+cu130
torch-compile-ro	varying	3	114	1581.2	5	torch-2.14.0+cu130
torch-compile-ro	varying	3	115	1797.9	6	torch-2.14.0+cu130
torch-compile-ro	varying	3	116	957.0	2	torch-2.14.0+cu130
torch-compile-ro	varying	3	117	1149.7	3	torch-2.14.0+cu130
torch-compile-ro	varying	3	118	1595.5	5	torch-2.14.0+cu130
torch-compile-ro	varying	3	119	1819.6	6	torch-2.14.0+cu130
torch-compile-ro	varying	3	120	939.4	2	torch-2.14.0+cu130
torch-compile-ro	varying	3	121	1138.4	3	torch-2.14.0+cu130
torch-compile-ro	varying	3	122	1591.9	5	torch-2.14.0+cu130
torch-compile-ro	varying	3	123	1812.2	6	torch-2.14.0+cu130
torch-compile-ro	varying	3	124	985.6	2	torch-2.14.0+cu130
torch-compile-ro	varying	3	125	1185.4	3	torch-2.14.0+cu130
torch-compile-ro	varying	3	126	1602.6	5	torch-2.14.0+cu130
torch-compile-ro	varying	3	127	1771.9	6	torch-2.14.0+cu130
torch-compile-ro	varying	3	128	948.2	2	torch-2.14.0+cu130
torch-compile-ro	varying	3	129	1161.8	3	torch-2.14.0+cu130
torch-compile-ro	varying	3	130	1546.4	5	torch-2.14.0+cu130
torch-compile-ro	varying	3	131	1731.9	6	torch-2.14.0+cu130
torch-compile-ro	varying	3	132	955.1	2	torch-2.14.0+cu130
torch-compile-ro	varying	3	133	1136.3	3	torch-2.14.0+cu130
torch-compile-ro	varying	3	134	1554.7	5	torch-2.14.0+cu130
torch-compile-ro	varying	3	135	1753.8	6	torch-2.14.0+cu130
torch-compile-ro	varying	3	136	950.1	2	torch-2.14.0+cu130
torch-compile-ro	varying	3	137	1136.3	3	torch-2.14.0+cu130
torch-compile-ro	varying	3	138	1524.9	5	torch-2.14.0+cu130
torch-compile-ro	varying	3	139	1713.5	6	torch-2.14.0+cu130
torch-compile-ro	varying	3	140	947.5	2	torch-2.14.0+cu130
torch-compile-ro	varying	3	141	1133.7	3	torch-2.14.0+cu130
torch-compile-ro	varying	3	142	1525.2	5	torch-2.14.0+cu130
torch-compile-ro	varying	3	143	1728.8	6	torch-2.14.0+cu130
torch-compile-ro	varying	3	144	927.9	2	torch-2.14.0+cu130
torch-compile-ro	varying	3	145	1162.3	3	torch-2.14.0+cu130
torch-compile-ro	varying	3	146	1530.2	5	torch-2.14.0+cu130
torch-compile-ro	varying	3	147	1729.2	6	torch-2.14.0+cu130
torch-compile-ro	varying	3	148	936.7	2	torch-2.14.0+cu130
torch-compile-ro	varying	3	149	1127.2	3	torch-2.14.0+cu130
torch-compile-ro	varying	3	150	1564.7	5	torch-2.14.0+cu130
torch-compile-ro	varying	3	151	1727.6	6	torch-2.14.0+cu130
torch-compile-ro	varying	3	152	931.3	2	torch-2.14.0+cu130
torch-compile-ro	varying	3	153	1115.8	3	torch-2.14.0+cu130
torch-compile-ro	varying	3	154	1570.9	5	torch-2.14.0+cu130
torch-compile-ro	varying	3	155	1737.1	6	torch-2.14.0+cu130
torch-compile-ro	varying	3	156	932.7	2	torch-2.14.0+cu130
torch-compile-ro	varying	3	157	1150.6	3	torch-2.14.0+cu130
torch-compile-ro	varying	3	158	1571.2	5	torch-2.14.0+cu130
torch-compile-ro	varying	3	159	1725.9	6	torch-2.14.0+cu130
torch-compile-ro	varying	3	160	928.9	2	torch-2.14.0+cu130
torch-compile-ro	varying	3	161	1116.0	3	torch-2.14.0+cu130
torch-compile-ro	varying	3	162	1531.6	5	torch-2.14.0+cu130
torch-compile-ro	varying	3	163	1739.0	6	torch-2.14.0+cu130
torch-compile-ro	varying	3	164	922.9	2	torch-2.14.0+cu130
torch-compile-ro	varying	3	165	1142.7	3	torch-2.14.0+cu130
torch-compile-ro	varying	3	166	1553.5	5	torch-2.14.0+cu130
torch-compile-ro	varying	3	167	1735.9	6	torch-2.14.0+cu130
torch-compile-ro	varying	3	168	946.0	2	torch-2.14.0+cu130
torch-compile-ro	varying	3	169	1136.8	3	torch-2.14.0+cu130
torch-compile-ro	varying	3	170	1554.3	5	torch-2.14.0+cu130
torch-compile-ro	varying	3	171	1743.6	6	torch-2.14.0+cu130
torch-compile-ro	varying	3	172	922.9	2	torch-2.14.0+cu130
torch-compile-ro	varying	3	173	1160.9	3	torch-2.14.0+cu130
torch-compile-ro	varying	3	174	1539.5	5	torch-2.14.0+cu130
torch-compile-ro	varying	3	175	1762.2	6	torch-2.14.0+cu130
torch-compile-ro	varying	3	176	942.7	2	torch-2.14.0+cu130
torch-compile-ro	varying	3	177	1156.1	3	torch-2.14.0+cu130
torch-compile-ro	varying	3	178	1568.3	5	torch-2.14.0+cu130
torch-compile-ro	varying	3	179	1763.8	6	torch-2.14.0+cu130
torch-compile-ro	varying	3	180	933.6	2	torch-2.14.0+cu130
torch-compile-ro	varying	3	181	1134.2	3	torch-2.14.0+cu130
torch-compile-ro	varying	3	182	1638.4	5	torch-2.14.0+cu130
torch-compile-ro	varying	3	183	1816.5	6	torch-2.14.0+cu130
torch-compile-ro	varying	3	184	962.5	2	torch-2.14.0+cu130
torch-compile-ro	varying	3	185	1175.2	3	torch-2.14.0+cu130
torch-compile-ro	varying	3	186	1586.2	5	torch-2.14.0+cu130
torch-compile-ro	varying	3	187	1767.6	6	torch-2.14.0+cu130
torch-compile-ro	varying	3	188	951.3	2	torch-2.14.0+cu130
torch-compile-ro	varying	3	189	1177.3	3	torch-2.14.0+cu130
torch-compile-ro	varying	3	190	1555.2	5	torch-2.14.0+cu130
torch-compile-ro	varying	3	191	1761.2	6	torch-2.14.0+cu130
torch-compile-ro	varying	3	192	948.0	2	torch-2.14.0+cu130
torch-compile-ro	varying	3	193	1147.7	3	torch-2.14.0+cu130
torch-compile-ro	varying	3	194	1562.8	5	torch-2.14.0+cu130
torch-compile-ro	varying	3	195	1750.7	6	torch-2.14.0+cu130
torch-compile-ro	varying	3	196	965.1	2	torch-2.14.0+cu130
torch-compile-ro	varying	3	197	1130.6	3	torch-2.14.0+cu130
torch-compile-ro	varying	3	198	1546.1	5	torch-2.14.0+cu130
torch-compile-ro	varying	3	199	1753.8	6	torch-2.14.0+cu130
torch-compile-mat	varying	3	0	1042776.3	2	torch-2.14.0+cu130
torch-compile-mat	varying	3	1	47155.4	3	torch-2.14.0+cu130
torch-compile-mat	varying	3	2	13342.4	5	torch-2.14.0+cu130
torch-compile-mat	varying	3	3	9963.5	6	torch-2.14.0+cu130
torch-compile-mat	varying	3	4	5027.1	2	torch-2.14.0+cu130
torch-compile-mat	varying	3	5	1360.9	3	torch-2.14.0+cu130
torch-compile-mat	varying	3	6	1699.7	5	torch-2.14.0+cu130
torch-compile-mat	varying	3	7	1905.9	6	torch-2.14.0+cu130
torch-compile-mat	varying	3	8	1015.4	2	torch-2.14.0+cu130
torch-compile-mat	varying	3	9	1263.9	3	torch-2.14.0+cu130
torch-compile-mat	varying	3	10	1650.3	5	torch-2.14.0+cu130
torch-compile-mat	varying	3	11	1894.0	6	torch-2.14.0+cu130
torch-compile-mat	varying	3	12	987.8	2	torch-2.14.0+cu130
torch-compile-mat	varying	3	13	1195.7	3	torch-2.14.0+cu130
torch-compile-mat	varying	3	14	1621.2	5	torch-2.14.0+cu130
torch-compile-mat	varying	3	15	1868.7	6	torch-2.14.0+cu130
torch-compile-mat	varying	3	16	1001.4	2	torch-2.14.0+cu130
torch-compile-mat	varying	3	17	1196.6	3	torch-2.14.0+cu130
torch-compile-mat	varying	3	18	1631.3	5	torch-2.14.0+cu130
torch-compile-mat	varying	3	19	1799.1	6	torch-2.14.0+cu130
torch-compile-mat	varying	3	20	977.8	2	torch-2.14.0+cu130
torch-compile-mat	varying	3	21	1190.2	3	torch-2.14.0+cu130
torch-compile-mat	varying	3	22	1682.8	5	torch-2.14.0+cu130
torch-compile-mat	varying	3	23	1826.3	6	torch-2.14.0+cu130
torch-compile-mat	varying	3	24	990.6	2	torch-2.14.0+cu130
torch-compile-mat	varying	3	25	1201.6	3	torch-2.14.0+cu130
torch-compile-mat	varying	3	26	1596.9	5	torch-2.14.0+cu130
torch-compile-mat	varying	3	27	1810.3	6	torch-2.14.0+cu130
torch-compile-mat	varying	3	28	969.6	2	torch-2.14.0+cu130
torch-compile-mat	varying	3	29	1200.7	3	torch-2.14.0+cu130
torch-compile-mat	varying	3	30	1602.4	5	torch-2.14.0+cu130
torch-compile-mat	varying	3	31	1771.5	6	torch-2.14.0+cu130
torch-compile-mat	varying	3	32	966.5	2	torch-2.14.0+cu130
torch-compile-mat	varying	3	33	1180.2	3	torch-2.14.0+cu130
torch-compile-mat	varying	3	34	1591.0	5	torch-2.14.0+cu130
torch-compile-mat	varying	3	35	1800.1	6	torch-2.14.0+cu130
torch-compile-mat	varying	3	36	958.2	2	torch-2.14.0+cu130
torch-compile-mat	varying	3	37	1182.1	3	torch-2.14.0+cu130
torch-compile-mat	varying	3	38	1623.4	5	torch-2.14.0+cu130
torch-compile-mat	varying	3	39	1776.0	6	torch-2.14.0+cu130
torch-compile-mat	varying	3	40	960.6	2	torch-2.14.0+cu130
torch-compile-mat	varying	3	41	1241.4	3	torch-2.14.0+cu130
torch-compile-mat	varying	3	42	1578.8	5	torch-2.14.0+cu130
torch-compile-mat	varying	3	43	1803.2	6	torch-2.14.0+cu130
torch-compile-mat	varying	3	44	961.8	2	torch-2.14.0+cu130
torch-compile-mat	varying	3	45	1178.7	3	torch-2.14.0+cu130
torch-compile-mat	varying	3	46	1611.0	5	torch-2.14.0+cu130
torch-compile-mat	varying	3	47	1825.3	6	torch-2.14.0+cu130
torch-compile-mat	varying	3	48	982.8	2	torch-2.14.0+cu130
torch-compile-mat	varying	3	49	1188.0	3	torch-2.14.0+cu130
torch-compile-mat	varying	3	50	1602.4	5	torch-2.14.0+cu130
torch-compile-mat	varying	3	51	1772.4	6	torch-2.14.0+cu130
torch-compile-mat	varying	3	52	954.2	2	torch-2.14.0+cu130
torch-compile-mat	varying	3	53	1202.3	3	torch-2.14.0+cu130
torch-compile-mat	varying	3	54	1589.8	5	torch-2.14.0+cu130
torch-compile-mat	varying	3	55	1789.8	6	torch-2.14.0+cu130
torch-compile-mat	varying	3	56	966.8	2	torch-2.14.0+cu130
torch-compile-mat	varying	3	57	1221.9	3	torch-2.14.0+cu130
torch-compile-mat	varying	3	58	1581.2	5	torch-2.14.0+cu130
torch-compile-mat	varying	3	59	1795.5	6	torch-2.14.0+cu130
torch-compile-mat	varying	3	60	996.8	2	torch-2.14.0+cu130
torch-compile-mat	varying	3	61	1188.0	3	torch-2.14.0+cu130
torch-compile-mat	varying	3	62	1596.5	5	torch-2.14.0+cu130
torch-compile-mat	varying	3	63	1786.2	6	torch-2.14.0+cu130
torch-compile-mat	varying	3	64	987.3	2	torch-2.14.0+cu130
torch-compile-mat	varying	3	65	1181.8	3	torch-2.14.0+cu130
torch-compile-mat	varying	3	66	1612.2	5	torch-2.14.0+cu130
torch-compile-mat	varying	3	67	1783.6	6	torch-2.14.0+cu130
torch-compile-mat	varying	3	68	976.1	2	torch-2.14.0+cu130
torch-compile-mat	varying	3	69	1199.2	3	torch-2.14.0+cu130
torch-compile-mat	varying	3	70	1576.9	5	torch-2.14.0+cu130
torch-compile-mat	varying	3	71	1805.5	6	torch-2.14.0+cu130
torch-compile-mat	varying	3	72	978.9	2	torch-2.14.0+cu130
torch-compile-mat	varying	3	73	1189.7	3	torch-2.14.0+cu130
torch-compile-mat	varying	3	74	1593.4	5	torch-2.14.0+cu130
torch-compile-mat	varying	3	75	1788.1	6	torch-2.14.0+cu130
torch-compile-mat	varying	3	76	961.1	2	torch-2.14.0+cu130
torch-compile-mat	varying	3	77	1184.2	3	torch-2.14.0+cu130
torch-compile-mat	varying	3	78	1580.7	5	torch-2.14.0+cu130
torch-compile-mat	varying	3	79	1815.3	6	torch-2.14.0+cu130
torch-compile-mat	varying	3	80	969.6	2	torch-2.14.0+cu130
torch-compile-mat	varying	3	81	1213.6	3	torch-2.14.0+cu130
torch-compile-mat	varying	3	82	1624.6	5	torch-2.14.0+cu130
torch-compile-mat	varying	3	83	1813.9	6	torch-2.14.0+cu130
torch-compile-mat	varying	3	84	977.3	2	torch-2.14.0+cu130
torch-compile-mat	varying	3	85	1192.6	3	torch-2.14.0+cu130
torch-compile-mat	varying	3	86	1610.0	5	torch-2.14.0+cu130
torch-compile-mat	varying	3	87	1796.5	6	torch-2.14.0+cu130
torch-compile-mat	varying	3	88	970.1	2	torch-2.14.0+cu130
torch-compile-mat	varying	3	89	1207.4	3	torch-2.14.0+cu130
torch-compile-mat	varying	3	90	1584.5	5	torch-2.14.0+cu130
torch-compile-mat	varying	3	91	1793.4	6	torch-2.14.0+cu130
torch-compile-mat	varying	3	92	970.6	2	torch-2.14.0+cu130
torch-compile-mat	varying	3	93	1181.1	3	torch-2.14.0+cu130
torch-compile-mat	varying	3	94	1618.1	5	torch-2.14.0+cu130
torch-compile-mat	varying	3	95	1794.8	6	torch-2.14.0+cu130
torch-compile-mat	varying	3	96	991.8	2	torch-2.14.0+cu130
torch-compile-mat	varying	3	97	1193.3	3	torch-2.14.0+cu130
torch-compile-mat	varying	3	98	1595.3	5	torch-2.14.0+cu130
torch-compile-mat	varying	3	99	1788.9	6	torch-2.14.0+cu130
torch-compile-mat	varying	3	100	970.6	2	torch-2.14.0+cu130
torch-compile-mat	varying	3	101	1169.4	3	torch-2.14.0+cu130
torch-compile-mat	varying	3	102	1596.5	5	torch-2.14.0+cu130
torch-compile-mat	varying	3	103	1803.4	6	torch-2.14.0+cu130
torch-compile-mat	varying	3	104	966.3	2	torch-2.14.0+cu130
torch-compile-mat	varying	3	105	1154.2	3	torch-2.14.0+cu130
torch-compile-mat	varying	3	106	1580.2	5	torch-2.14.0+cu130
torch-compile-mat	varying	3	107	1793.4	6	torch-2.14.0+cu130
torch-compile-mat	varying	3	108	963.7	2	torch-2.14.0+cu130
torch-compile-mat	varying	3	109	1179.9	3	torch-2.14.0+cu130
torch-compile-mat	varying	3	110	1586.4	5	torch-2.14.0+cu130
torch-compile-mat	varying	3	111	1785.3	6	torch-2.14.0+cu130
torch-compile-mat	varying	3	112	965.8	2	torch-2.14.0+cu130
torch-compile-mat	varying	3	113	1215.0	3	torch-2.14.0+cu130
torch-compile-mat	varying	3	114	1576.2	5	torch-2.14.0+cu130
torch-compile-mat	varying	3	115	1792.0	6	torch-2.14.0+cu130
torch-compile-mat	varying	3	116	982.0	2	torch-2.14.0+cu130
torch-compile-mat	varying	3	117	1178.5	3	torch-2.14.0+cu130
torch-compile-mat	varying	3	118	1605.5	5	torch-2.14.0+cu130
torch-compile-mat	varying	3	119	1801.7	6	torch-2.14.0+cu130
torch-compile-mat	varying	3	120	972.5	2	torch-2.14.0+cu130
torch-compile-mat	varying	3	121	1169.4	3	torch-2.14.0+cu130
torch-compile-mat	varying	3	122	1587.2	5	torch-2.14.0+cu130
torch-compile-mat	varying	3	123	1786.9	6	torch-2.14.0+cu130
torch-compile-mat	varying	3	124	974.4	2	torch-2.14.0+cu130
torch-compile-mat	varying	3	125	1157.8	3	torch-2.14.0+cu130
torch-compile-mat	varying	3	126	1610.5	5	torch-2.14.0+cu130
torch-compile-mat	varying	3	127	1825.3	6	torch-2.14.0+cu130
torch-compile-mat	varying	3	128	969.6	2	torch-2.14.0+cu130
torch-compile-mat	varying	3	129	1178.7	3	torch-2.14.0+cu130
torch-compile-mat	varying	3	130	1600.3	5	torch-2.14.0+cu130
torch-compile-mat	varying	3	131	1863.7	6	torch-2.14.0+cu130
torch-compile-mat	varying	3	132	987.1	2	torch-2.14.0+cu130
torch-compile-mat	varying	3	133	1182.8	3	torch-2.14.0+cu130
torch-compile-mat	varying	3	134	1594.8	5	torch-2.14.0+cu130
torch-compile-mat	varying	3	135	1805.1	6	torch-2.14.0+cu130
torch-compile-mat	varying	3	136	952.5	2	torch-2.14.0+cu130
torch-compile-mat	varying	3	137	1174.2	3	torch-2.14.0+cu130
torch-compile-mat	varying	3	138	1594.5	5	torch-2.14.0+cu130
torch-compile-mat	varying	3	139	1850.1	6	torch-2.14.0+cu130
torch-compile-mat	varying	3	140	969.4	2	torch-2.14.0+cu130
torch-compile-mat	varying	3	141	1172.1	3	torch-2.14.0+cu130
torch-compile-mat	varying	3	142	1666.3	5	torch-2.14.0+cu130
torch-compile-mat	varying	3	143	1830.8	6	torch-2.14.0+cu130
torch-compile-mat	varying	3	144	966.1	2	torch-2.14.0+cu130
torch-compile-mat	varying	3	145	1196.6	3	torch-2.14.0+cu130
torch-compile-mat	varying	3	146	1583.6	5	torch-2.14.0+cu130
torch-compile-mat	varying	3	147	1804.4	6	torch-2.14.0+cu130
torch-compile-mat	varying	3	148	987.3	2	torch-2.14.0+cu130
torch-compile-mat	varying	3	149	1193.8	3	torch-2.14.0+cu130
torch-compile-mat	varying	3	150	1600.5	5	torch-2.14.0+cu130
torch-compile-mat	varying	3	151	1809.6	6	torch-2.14.0+cu130
torch-compile-mat	varying	3	152	978.9	2	torch-2.14.0+cu130
torch-compile-mat	varying	3	153	1186.6	3	torch-2.14.0+cu130
torch-compile-mat	varying	3	154	1579.8	5	torch-2.14.0+cu130
torch-compile-mat	varying	3	155	1804.6	6	torch-2.14.0+cu130
torch-compile-mat	varying	3	156	1014.5	2	torch-2.14.0+cu130
torch-compile-mat	varying	3	157	1182.6	3	torch-2.14.0+cu130
torch-compile-mat	varying	3	158	1618.1	5	torch-2.14.0+cu130
torch-compile-mat	varying	3	159	1799.1	6	torch-2.14.0+cu130
torch-compile-mat	varying	3	160	976.1	2	torch-2.14.0+cu130
torch-compile-mat	varying	3	161	1231.7	3	torch-2.14.0+cu130
torch-compile-mat	varying	3	162	1575.0	5	torch-2.14.0+cu130
torch-compile-mat	varying	3	163	1768.4	6	torch-2.14.0+cu130
torch-compile-mat	varying	3	164	950.8	2	torch-2.14.0+cu130
torch-compile-mat	varying	3	165	1185.9	3	torch-2.14.0+cu130
torch-compile-mat	varying	3	166	1730.0	5	torch-2.14.0+cu130
torch-compile-mat	varying	3	167	1817.7	6	torch-2.14.0+cu130
torch-compile-mat	varying	3	168	962.5	2	torch-2.14.0+cu130
torch-compile-mat	varying	3	169	1228.3	3	torch-2.14.0+cu130
torch-compile-mat	varying	3	170	1602.6	5	torch-2.14.0+cu130
torch-compile-mat	varying	3	171	1810.3	6	torch-2.14.0+cu130
torch-compile-mat	varying	3	172	970.4	2	torch-2.14.0+cu130
torch-compile-mat	varying	3	173	1213.8	3	torch-2.14.0+cu130
torch-compile-mat	varying	3	174	1623.2	5	torch-2.14.0+cu130
torch-compile-mat	varying	3	175	1786.0	6	torch-2.14.0+cu130
torch-compile-mat	varying	3	176	1030.7	2	torch-2.14.0+cu130
torch-compile-mat	varying	3	177	1174.0	3	torch-2.14.0+cu130
torch-compile-mat	varying	3	178	1638.4	5	torch-2.14.0+cu130
torch-compile-mat	varying	3	179	1788.6	6	torch-2.14.0+cu130
torch-compile-mat	varying	3	180	962.7	2	torch-2.14.0+cu130
torch-compile-mat	varying	3	181	1186.4	3	torch-2.14.0+cu130
torch-compile-mat	varying	3	182	1597.9	5	torch-2.14.0+cu130
torch-compile-mat	varying	3	183	1795.5	6	torch-2.14.0+cu130
torch-compile-mat	varying	3	184	969.4	2	torch-2.14.0+cu130
torch-compile-mat	varying	3	185	1217.6	3	torch-2.14.0+cu130
torch-compile-mat	varying	3	186	1609.1	5	torch-2.14.0+cu130
torch-compile-mat	varying	3	187	1817.2	6	torch-2.14.0+cu130
torch-compile-mat	varying	3	188	974.7	2	torch-2.14.0+cu130
torch-compile-mat	varying	3	189	1227.1	3	torch-2.14.0+cu130
torch-compile-mat	varying	3	190	1678.7	5	torch-2.14.0+cu130
torch-compile-mat	varying	3	191	1823.7	6	torch-2.14.0+cu130
torch-compile-mat	varying	3	192	985.9	2	torch-2.14.0+cu130
torch-compile-mat	varying	3	193	1175.9	3	torch-2.14.0+cu130
torch-compile-mat	varying	3	194	1603.1	5	torch-2.14.0+cu130
torch-compile-mat	varying	3	195	1824.9	6	torch-2.14.0+cu130
torch-compile-mat	varying	3	196	994.4	2	torch-2.14.0+cu130
torch-compile-mat	varying	3	197	1185.9	3	torch-2.14.0+cu130
torch-compile-mat	varying	3	198	1565.9	5	torch-2.14.0+cu130
torch-compile-mat	varying	3	199	1758.6	6	torch-2.14.0+cu130
jax-perlayer	varying	3	0	12931276.6	2	jax-0.11.1
jax-perlayer	varying	3	1	2053.7	3	jax-0.11.1
jax-perlayer	varying	3	2	2398.0	5	jax-0.11.1
jax-perlayer	varying	3	3	2649.5	6	jax-0.11.1
jax-perlayer	varying	3	4	1261.2	2	jax-0.11.1
jax-perlayer	varying	3	5	1654.9	3	jax-0.11.1
jax-perlayer	varying	3	6	2174.4	5	jax-0.11.1
jax-perlayer	varying	3	7	2648.8	6	jax-0.11.1
jax-perlayer	varying	3	8	1238.1	2	jax-0.11.1
jax-perlayer	varying	3	9	1637.5	3	jax-0.11.1
jax-perlayer	varying	3	10	2220.6	5	jax-0.11.1
jax-perlayer	varying	3	11	2636.0	6	jax-0.11.1
jax-perlayer	varying	3	12	1232.9	2	jax-0.11.1
jax-perlayer	varying	3	13	1609.1	3	jax-0.11.1
jax-perlayer	varying	3	14	2200.1	5	jax-0.11.1
jax-perlayer	varying	3	15	2598.5	6	jax-0.11.1
jax-perlayer	varying	3	16	1255.8	2	jax-0.11.1
jax-perlayer	varying	3	17	1604.1	3	jax-0.11.1
jax-perlayer	varying	3	18	2170.8	5	jax-0.11.1
jax-perlayer	varying	3	19	2664.1	6	jax-0.11.1
jax-perlayer	varying	3	20	1218.1	2	jax-0.11.1
jax-perlayer	varying	3	21	1644.6	3	jax-0.11.1
jax-perlayer	varying	3	22	2252.3	5	jax-0.11.1
jax-perlayer	varying	3	23	2666.7	6	jax-0.11.1
jax-perlayer	varying	3	24	1262.2	2	jax-0.11.1
jax-perlayer	varying	3	25	1607.7	3	jax-0.11.1
jax-perlayer	varying	3	26	2166.3	5	jax-0.11.1
jax-perlayer	varying	3	27	2589.2	6	jax-0.11.1
jax-perlayer	varying	3	28	1238.8	2	jax-0.11.1
jax-perlayer	varying	3	29	1648.7	3	jax-0.11.1
jax-perlayer	varying	3	30	2213.0	5	jax-0.11.1
jax-perlayer	varying	3	31	2628.6	6	jax-0.11.1
jax-perlayer	varying	3	32	1239.8	2	jax-0.11.1
jax-perlayer	varying	3	33	1654.1	3	jax-0.11.1
jax-perlayer	varying	3	34	2176.5	5	jax-0.11.1
jax-perlayer	varying	3	35	2648.6	6	jax-0.11.1
jax-perlayer	varying	3	36	1240.0	2	jax-0.11.1
jax-perlayer	varying	3	37	1635.3	3	jax-0.11.1
jax-perlayer	varying	3	38	2205.8	5	jax-0.11.1
jax-perlayer	varying	3	39	2620.0	6	jax-0.11.1
jax-perlayer	varying	3	40	1268.1	2	jax-0.11.1
jax-perlayer	varying	3	41	1602.4	3	jax-0.11.1
jax-perlayer	varying	3	42	2148.9	5	jax-0.11.1
jax-perlayer	varying	3	43	2646.9	6	jax-0.11.1
jax-perlayer	varying	3	44	1252.2	2	jax-0.11.1
jax-perlayer	varying	3	45	1583.8	3	jax-0.11.1
jax-perlayer	varying	3	46	2172.0	5	jax-0.11.1
jax-perlayer	varying	3	47	2638.6	6	jax-0.11.1
jax-perlayer	varying	3	48	1222.1	2	jax-0.11.1
jax-perlayer	varying	3	49	1643.4	3	jax-0.11.1
jax-perlayer	varying	3	50	2163.6	5	jax-0.11.1
jax-perlayer	varying	3	51	2521.5	6	jax-0.11.1
jax-perlayer	varying	3	52	1191.9	2	jax-0.11.1
jax-perlayer	varying	3	53	1588.1	3	jax-0.11.1
jax-perlayer	varying	3	54	2113.3	5	jax-0.11.1
jax-perlayer	varying	3	55	2612.8	6	jax-0.11.1
jax-perlayer	varying	3	56	1224.3	2	jax-0.11.1
jax-perlayer	varying	3	57	1590.7	3	jax-0.11.1
jax-perlayer	varying	3	58	2094.7	5	jax-0.11.1
jax-perlayer	varying	3	59	2497.4	6	jax-0.11.1
jax-perlayer	varying	3	60	1212.6	2	jax-0.11.1
jax-perlayer	varying	3	61	1606.2	3	jax-0.11.1
jax-perlayer	varying	3	62	2159.4	5	jax-0.11.1
jax-perlayer	varying	3	63	2586.1	6	jax-0.11.1
jax-perlayer	varying	3	64	1211.9	2	jax-0.11.1
jax-perlayer	varying	3	65	1629.8	3	jax-0.11.1
jax-perlayer	varying	3	66	2213.7	5	jax-0.11.1
jax-perlayer	varying	3	67	2612.8	6	jax-0.11.1
jax-perlayer	varying	3	68	1195.4	2	jax-0.11.1
jax-perlayer	varying	3	69	1574.0	3	jax-0.11.1
jax-perlayer	varying	3	70	2076.6	5	jax-0.11.1
jax-perlayer	varying	3	71	2494.1	6	jax-0.11.1
jax-perlayer	varying	3	72	1200.2	2	jax-0.11.1
jax-perlayer	varying	3	73	1602.9	3	jax-0.11.1
jax-perlayer	varying	3	74	2078.8	5	jax-0.11.1
jax-perlayer	varying	3	75	2495.8	6	jax-0.11.1
jax-perlayer	varying	3	76	1202.8	2	jax-0.11.1
jax-perlayer	varying	3	77	1604.8	3	jax-0.11.1
jax-perlayer	varying	3	78	2123.6	5	jax-0.11.1
jax-perlayer	varying	3	79	2523.9	6	jax-0.11.1
jax-perlayer	varying	3	80	1180.4	2	jax-0.11.1
jax-perlayer	varying	3	81	1553.5	3	jax-0.11.1
jax-perlayer	varying	3	82	2092.4	5	jax-0.11.1
jax-perlayer	varying	3	83	2552.0	6	jax-0.11.1
jax-perlayer	varying	3	84	1214.5	2	jax-0.11.1
jax-perlayer	varying	3	85	1609.3	3	jax-0.11.1
jax-perlayer	varying	3	86	2131.5	5	jax-0.11.1
jax-perlayer	varying	3	87	2549.2	6	jax-0.11.1
jax-perlayer	varying	3	88	1200.7	2	jax-0.11.1
jax-perlayer	varying	3	89	1596.7	3	jax-0.11.1
jax-perlayer	varying	3	90	2116.0	5	jax-0.11.1
jax-perlayer	varying	3	91	2615.2	6	jax-0.11.1
jax-perlayer	varying	3	92	1220.5	2	jax-0.11.1
jax-perlayer	varying	3	93	1593.4	3	jax-0.11.1
jax-perlayer	varying	3	94	2074.2	5	jax-0.11.1
jax-perlayer	varying	3	95	2524.1	6	jax-0.11.1
jax-perlayer	varying	3	96	1203.8	2	jax-0.11.1
jax-perlayer	varying	3	97	1548.8	3	jax-0.11.1
jax-perlayer	varying	3	98	2107.6	5	jax-0.11.1
jax-perlayer	varying	3	99	2558.0	6	jax-0.11.1
jax-perlayer	varying	3	100	1192.1	2	jax-0.11.1
jax-perlayer	varying	3	101	1539.5	3	jax-0.11.1
jax-perlayer	varying	3	102	2046.1	5	jax-0.11.1
jax-perlayer	varying	3	103	2498.1	6	jax-0.11.1
jax-perlayer	varying	3	104	1197.1	2	jax-0.11.1
jax-perlayer	varying	3	105	1566.2	3	jax-0.11.1
jax-perlayer	varying	3	106	2109.8	5	jax-0.11.1
jax-perlayer	varying	3	107	2506.5	6	jax-0.11.1
jax-perlayer	varying	3	108	1212.6	2	jax-0.11.1
jax-perlayer	varying	3	109	1562.6	3	jax-0.11.1
jax-perlayer	varying	3	110	2097.1	5	jax-0.11.1
jax-perlayer	varying	3	111	2512.2	6	jax-0.11.1
jax-perlayer	varying	3	112	1163.5	2	jax-0.11.1
jax-perlayer	varying	3	113	1622.9	3	jax-0.11.1
jax-perlayer	varying	3	114	2175.6	5	jax-0.11.1
jax-perlayer	varying	3	115	2610.7	6	jax-0.11.1
jax-perlayer	varying	3	116	1186.8	2	jax-0.11.1
jax-perlayer	varying	3	117	1626.3	3	jax-0.11.1
jax-perlayer	varying	3	118	2109.8	5	jax-0.11.1
jax-perlayer	varying	3	119	2522.9	6	jax-0.11.1
jax-perlayer	varying	3	120	1258.9	2	jax-0.11.1
jax-perlayer	varying	3	121	1653.2	3	jax-0.11.1
jax-perlayer	varying	3	122	2173.2	5	jax-0.11.1
jax-perlayer	varying	3	123	2564.7	6	jax-0.11.1
jax-perlayer	varying	3	124	1254.8	2	jax-0.11.1
jax-perlayer	varying	3	125	1584.3	3	jax-0.11.1
jax-perlayer	varying	3	126	2153.2	5	jax-0.11.1
jax-perlayer	varying	3	127	2711.5	6	jax-0.11.1
jax-perlayer	varying	3	128	1279.8	2	jax-0.11.1
jax-perlayer	varying	3	129	1691.3	3	jax-0.11.1
jax-perlayer	varying	3	130	2280.0	5	jax-0.11.1
jax-perlayer	varying	3	131	2772.3	6	jax-0.11.1
jax-perlayer	varying	3	132	1265.8	2	jax-0.11.1
jax-perlayer	varying	3	133	1637.9	3	jax-0.11.1
jax-perlayer	varying	3	134	2172.5	5	jax-0.11.1
jax-perlayer	varying	3	135	2552.7	6	jax-0.11.1
jax-perlayer	varying	3	136	1220.2	2	jax-0.11.1
jax-perlayer	varying	3	137	1609.3	3	jax-0.11.1
jax-perlayer	varying	3	138	2217.1	5	jax-0.11.1
jax-perlayer	varying	3	139	2604.0	6	jax-0.11.1
jax-perlayer	varying	3	140	1210.2	2	jax-0.11.1
jax-perlayer	varying	3	141	1721.1	3	jax-0.11.1
jax-perlayer	varying	3	142	2224.0	5	jax-0.11.1
jax-perlayer	varying	3	143	2608.1	6	jax-0.11.1
jax-perlayer	varying	3	144	1189.2	2	jax-0.11.1
jax-perlayer	varying	3	145	1587.2	3	jax-0.11.1
jax-perlayer	varying	3	146	2129.8	5	jax-0.11.1
jax-perlayer	varying	3	147	2552.7	6	jax-0.11.1
jax-perlayer	varying	3	148	1185.9	2	jax-0.11.1
jax-perlayer	varying	3	149	1605.0	3	jax-0.11.1
jax-perlayer	varying	3	150	2111.7	5	jax-0.11.1
jax-perlayer	varying	3	151	2569.7	6	jax-0.11.1
jax-perlayer	varying	3	152	1207.4	2	jax-0.11.1
jax-perlayer	varying	3	153	1596.7	3	jax-0.11.1
jax-perlayer	varying	3	154	2132.7	5	jax-0.11.1
jax-perlayer	varying	3	155	2554.9	6	jax-0.11.1
jax-perlayer	varying	3	156	1177.5	2	jax-0.11.1
jax-perlayer	varying	3	157	1583.1	3	jax-0.11.1
jax-perlayer	varying	3	158	2156.3	5	jax-0.11.1
jax-perlayer	varying	3	159	2505.3	6	jax-0.11.1
jax-perlayer	varying	3	160	1202.1	2	jax-0.11.1
jax-perlayer	varying	3	161	1581.9	3	jax-0.11.1
jax-perlayer	varying	3	162	2046.1	5	jax-0.11.1
jax-perlayer	varying	3	163	2636.2	6	jax-0.11.1
jax-perlayer	varying	3	164	1186.4	2	jax-0.11.1
jax-perlayer	varying	3	165	1574.5	3	jax-0.11.1
jax-perlayer	varying	3	166	2082.1	5	jax-0.11.1
jax-perlayer	varying	3	167	2556.6	6	jax-0.11.1
jax-perlayer	varying	3	168	1204.0	2	jax-0.11.1
jax-perlayer	varying	3	169	1592.2	3	jax-0.11.1
jax-perlayer	varying	3	170	2118.3	5	jax-0.11.1
jax-perlayer	varying	3	171	2608.8	6	jax-0.11.1
jax-perlayer	varying	3	172	1222.8	2	jax-0.11.1
jax-perlayer	varying	3	173	1649.1	3	jax-0.11.1
jax-perlayer	varying	3	174	2262.1	5	jax-0.11.1
jax-perlayer	varying	3	175	2642.2	6	jax-0.11.1
jax-perlayer	varying	3	176	1211.4	2	jax-0.11.1
jax-perlayer	varying	3	177	1552.8	3	jax-0.11.1
jax-perlayer	varying	3	178	2069.5	5	jax-0.11.1
jax-perlayer	varying	3	179	2577.5	6	jax-0.11.1
jax-perlayer	varying	3	180	1195.2	2	jax-0.11.1
jax-perlayer	varying	3	181	1596.5	3	jax-0.11.1
jax-perlayer	varying	3	182	2159.6	5	jax-0.11.1
jax-perlayer	varying	3	183	2547.7	6	jax-0.11.1
jax-perlayer	varying	3	184	1213.8	2	jax-0.11.1
jax-perlayer	varying	3	185	1604.1	3	jax-0.11.1
jax-perlayer	varying	3	186	2068.8	5	jax-0.11.1
jax-perlayer	varying	3	187	2598.5	6	jax-0.11.1
jax-perlayer	varying	3	188	1219.3	2	jax-0.11.1
jax-perlayer	varying	3	189	1561.6	3	jax-0.11.1
jax-perlayer	varying	3	190	2139.1	5	jax-0.11.1
jax-perlayer	varying	3	191	2583.5	6	jax-0.11.1
jax-perlayer	varying	3	192	1222.8	2	jax-0.11.1
jax-perlayer	varying	3	193	1603.1	3	jax-0.11.1
jax-perlayer	varying	3	194	2089.3	5	jax-0.11.1
jax-perlayer	varying	3	195	2515.6	6	jax-0.11.1
jax-perlayer	varying	3	196	1197.6	2	jax-0.11.1
jax-perlayer	varying	3	197	1573.8	3	jax-0.11.1
jax-perlayer	varying	3	198	2078.1	5	jax-0.11.1
jax-perlayer	varying	3	199	2484.3	6	jax-0.11.1
jax-while	varying	3	0	7851420.2	2	jax-0.11.1
jax-while	varying	3	1	1768.1	3	jax-0.11.1
jax-while	varying	3	2	1707.3	5	jax-0.11.1
jax-while	varying	3	3	1793.6	6	jax-0.11.1
jax-while	varying	3	4	1193.3	2	jax-0.11.1
jax-while	varying	3	5	1639.8	3	jax-0.11.1
jax-while	varying	3	6	1614.6	5	jax-0.11.1
jax-while	varying	3	7	1683.0	6	jax-0.11.1
jax-while	varying	3	8	1098.4	2	jax-0.11.1
jax-while	varying	3	9	1222.6	3	jax-0.11.1
jax-while	varying	3	10	1629.8	5	jax-0.11.1
jax-while	varying	3	11	1742.6	6	jax-0.11.1
jax-while	varying	3	12	1105.8	2	jax-0.11.1
jax-while	varying	3	13	1219.5	3	jax-0.11.1
jax-while	varying	3	14	1689.2	5	jax-0.11.1
jax-while	varying	3	15	1733.1	6	jax-0.11.1
jax-while	varying	3	16	1195.2	2	jax-0.11.1
jax-while	varying	3	17	1268.9	3	jax-0.11.1
jax-while	varying	3	18	1543.5	5	jax-0.11.1
jax-while	varying	3	19	1714.9	6	jax-0.11.1
jax-while	varying	3	20	1456.7	2	jax-0.11.1
jax-while	varying	3	21	1357.6	3	jax-0.11.1
jax-while	varying	3	22	1601.5	5	jax-0.11.1
jax-while	varying	3	23	1741.9	6	jax-0.11.1
jax-while	varying	3	24	1163.5	2	jax-0.11.1
jax-while	varying	3	25	1301.8	3	jax-0.11.1
jax-while	varying	3	26	1589.3	5	jax-0.11.1
jax-while	varying	3	27	1710.4	6	jax-0.11.1
jax-while	varying	3	28	1174.9	2	jax-0.11.1
jax-while	varying	3	29	1286.3	3	jax-0.11.1
jax-while	varying	3	30	1567.8	5	jax-0.11.1
jax-while	varying	3	31	1693.7	6	jax-0.11.1
jax-while	varying	3	32	1156.8	2	jax-0.11.1
jax-while	varying	3	33	1296.8	3	jax-0.11.1
jax-while	varying	3	34	1602.6	5	jax-0.11.1
jax-while	varying	3	35	1687.5	6	jax-0.11.1
jax-while	varying	3	36	1167.8	2	jax-0.11.1
jax-while	varying	3	37	1318.5	3	jax-0.11.1
jax-while	varying	3	38	1668.9	5	jax-0.11.1
jax-while	varying	3	39	1816.3	6	jax-0.11.1
jax-while	varying	3	40	1197.6	2	jax-0.11.1
jax-while	varying	3	41	1421.2	3	jax-0.11.1
jax-while	varying	3	42	2565.6	5	jax-0.11.1
jax-while	varying	3	43	1884.2	6	jax-0.11.1
jax-while	varying	3	44	1260.5	2	jax-0.11.1
jax-while	varying	3	45	1357.8	3	jax-0.11.1
jax-while	varying	3	46	1610.8	5	jax-0.11.1
jax-while	varying	3	47	1848.2	6	jax-0.11.1
jax-while	varying	3	48	1264.3	2	jax-0.11.1
jax-while	varying	3	49	1407.1	3	jax-0.11.1
jax-while	varying	3	50	1721.4	5	jax-0.11.1
jax-while	varying	3	51	1837.7	6	jax-0.11.1
jax-while	varying	3	52	1237.6	2	jax-0.11.1
jax-while	varying	3	53	1423.6	3	jax-0.11.1
jax-while	varying	3	54	1670.1	5	jax-0.11.1
jax-while	varying	3	55	1724.7	6	jax-0.11.1
jax-while	varying	3	56	1193.5	2	jax-0.11.1
jax-while	varying	3	57	1218.1	3	jax-0.11.1
jax-while	varying	3	58	1502.5	5	jax-0.11.1
jax-while	varying	3	59	1663.7	6	jax-0.11.1
jax-while	varying	3	60	1152.5	2	jax-0.11.1
jax-while	varying	3	61	1203.1	3	jax-0.11.1
jax-while	varying	3	62	1508.2	5	jax-0.11.1
jax-while	varying	3	63	1639.8	6	jax-0.11.1
jax-while	varying	3	64	1048.6	2	jax-0.11.1
jax-while	varying	3	65	1189.7	3	jax-0.11.1
jax-while	varying	3	66	1492.0	5	jax-0.11.1
jax-while	varying	3	67	1621.5	6	jax-0.11.1
jax-while	varying	3	68	1069.3	2	jax-0.11.1
jax-while	varying	3	69	1185.9	3	jax-0.11.1
jax-while	varying	3	70	1474.6	5	jax-0.11.1
jax-while	varying	3	71	1592.6	6	jax-0.11.1
jax-while	varying	3	72	1026.6	2	jax-0.11.1
jax-while	varying	3	73	1204.7	3	jax-0.11.1
jax-while	varying	3	74	1484.9	5	jax-0.11.1
jax-while	varying	3	75	1602.9	6	jax-0.11.1
jax-while	varying	3	76	1079.1	2	jax-0.11.1
jax-while	varying	3	77	1211.2	3	jax-0.11.1
jax-while	varying	3	78	1438.1	5	jax-0.11.1
jax-while	varying	3	79	1607.2	6	jax-0.11.1
jax-while	varying	3	80	1060.7	2	jax-0.11.1
jax-while	varying	3	81	1271.7	3	jax-0.11.1
jax-while	varying	3	82	1829.1	5	jax-0.11.1
jax-while	varying	3	83	1862.0	6	jax-0.11.1
jax-while	varying	3	84	1164.2	2	jax-0.11.1
jax-while	varying	3	85	1220.5	3	jax-0.11.1
jax-while	varying	3	86	1536.4	5	jax-0.11.1
jax-while	varying	3	87	1705.6	6	jax-0.11.1
jax-while	varying	3	88	1083.9	2	jax-0.11.1
jax-while	varying	3	89	1214.0	3	jax-0.11.1
jax-while	varying	3	90	1491.8	5	jax-0.11.1
jax-while	varying	3	91	1654.6	6	jax-0.11.1
jax-while	varying	3	92	1071.7	2	jax-0.11.1
jax-while	varying	3	93	1236.0	3	jax-0.11.1
jax-while	varying	3	94	1493.7	5	jax-0.11.1
jax-while	varying	3	95	1626.5	6	jax-0.11.1
jax-while	varying	3	96	1031.4	2	jax-0.11.1
jax-while	varying	3	97	1182.6	3	jax-0.11.1
jax-while	varying	3	98	1467.2	5	jax-0.11.1
jax-while	varying	3	99	1726.6	6	jax-0.11.1
jax-while	varying	3	100	1081.0	2	jax-0.11.1
jax-while	varying	3	101	1223.3	3	jax-0.11.1
jax-while	varying	3	102	1580.2	5	jax-0.11.1
jax-while	varying	3	103	2088.5	6	jax-0.11.1
jax-while	varying	3	104	1242.2	2	jax-0.11.1
jax-while	varying	3	105	1349.4	3	jax-0.11.1
jax-while	varying	3	106	1631.3	5	jax-0.11.1
jax-while	varying	3	107	1694.0	6	jax-0.11.1
jax-while	varying	3	108	1246.7	2	jax-0.11.1
jax-while	varying	3	109	1328.5	3	jax-0.11.1
jax-while	varying	3	110	1617.2	5	jax-0.11.1
jax-while	varying	3	111	1732.8	6	jax-0.11.1
jax-while	varying	3	112	1147.7	2	jax-0.11.1
jax-while	varying	3	113	1307.7	3	jax-0.11.1
jax-while	varying	3	114	1610.0	5	jax-0.11.1
jax-while	varying	3	115	1722.1	6	jax-0.11.1
jax-while	varying	3	116	1143.0	2	jax-0.11.1
jax-while	varying	3	117	1320.4	3	jax-0.11.1
jax-while	varying	3	118	1595.7	5	jax-0.11.1
jax-while	varying	3	119	1726.4	6	jax-0.11.1
jax-while	varying	3	120	1197.6	2	jax-0.11.1
jax-while	varying	3	121	1279.1	3	jax-0.11.1
jax-while	varying	3	122	1585.7	5	jax-0.11.1
jax-while	varying	3	123	1731.4	6	jax-0.11.1
jax-while	varying	3	124	1200.7	2	jax-0.11.1
jax-while	varying	3	125	1282.5	3	jax-0.11.1
jax-while	varying	3	126	1593.6	5	jax-0.11.1
jax-while	varying	3	127	1890.4	6	jax-0.11.1
jax-while	varying	3	128	1172.8	2	jax-0.11.1
jax-while	varying	3	129	1295.3	3	jax-0.11.1
jax-while	varying	3	130	1590.7	5	jax-0.11.1
jax-while	varying	3	131	1719.7	6	jax-0.11.1
jax-while	varying	3	132	1145.6	2	jax-0.11.1
jax-while	varying	3	133	1351.4	3	jax-0.11.1
jax-while	varying	3	134	1581.0	5	jax-0.11.1
jax-while	varying	3	135	1757.6	6	jax-0.11.1
jax-while	varying	3	136	1201.2	2	jax-0.11.1
jax-while	varying	3	137	1312.0	3	jax-0.11.1
jax-while	varying	3	138	1517.1	5	jax-0.11.1
jax-while	varying	3	139	1704.0	6	jax-0.11.1
jax-while	varying	3	140	1157.3	2	jax-0.11.1
jax-while	varying	3	141	1280.3	3	jax-0.11.1
jax-while	varying	3	142	1534.5	5	jax-0.11.1
jax-while	varying	3	143	1716.6	6	jax-0.11.1
jax-while	varying	3	144	1171.1	2	jax-0.11.1
jax-while	varying	3	145	1272.0	3	jax-0.11.1
jax-while	varying	3	146	1564.5	5	jax-0.11.1
jax-while	varying	3	147	1683.5	6	jax-0.11.1
jax-while	varying	3	148	1165.9	2	jax-0.11.1
jax-while	varying	3	149	1293.2	3	jax-0.11.1
jax-while	varying	3	150	1538.8	5	jax-0.11.1
jax-while	varying	3	151	1700.9	6	jax-0.11.1
jax-while	varying	3	152	1152.0	2	jax-0.11.1
jax-while	varying	3	153	1282.0	3	jax-0.11.1
jax-while	varying	3	154	1549.7	5	jax-0.11.1
jax-while	varying	3	155	1673.2	6	jax-0.11.1
jax-while	varying	3	156	1135.6	2	jax-0.11.1
jax-while	varying	3	157	1254.3	3	jax-0.11.1
jax-while	varying	3	158	1541.4	5	jax-0.11.1
jax-while	varying	3	159	1675.4	6	jax-0.11.1
jax-while	varying	3	160	1126.1	2	jax-0.11.1
jax-while	varying	3	161	1264.3	3	jax-0.11.1
jax-while	varying	3	162	1534.7	5	jax-0.11.1
jax-while	varying	3	163	1666.5	6	jax-0.11.1
jax-while	varying	3	164	1133.0	2	jax-0.11.1
jax-while	varying	3	165	1279.1	3	jax-0.11.1
jax-while	varying	3	166	1572.4	5	jax-0.11.1
jax-while	varying	3	167	1694.9	6	jax-0.11.1
jax-while	varying	3	168	1181.4	2	jax-0.11.1
jax-while	varying	3	169	1321.3	3	jax-0.11.1
jax-while	varying	3	170	1589.3	5	jax-0.11.1
jax-while	varying	3	171	1677.8	6	jax-0.11.1
jax-while	varying	3	172	1131.8	2	jax-0.11.1
jax-while	varying	3	173	1281.7	3	jax-0.11.1
jax-while	varying	3	174	1555.4	5	jax-0.11.1
jax-while	varying	3	175	1704.0	6	jax-0.11.1
jax-while	varying	3	176	1120.3	2	jax-0.11.1
jax-while	varying	3	177	1292.9	3	jax-0.11.1
jax-while	varying	3	178	1511.1	5	jax-0.11.1
jax-while	varying	3	179	1680.6	6	jax-0.11.1
jax-while	varying	3	180	1161.3	2	jax-0.11.1
jax-while	varying	3	181	1303.2	3	jax-0.11.1
jax-while	varying	3	182	1548.3	5	jax-0.11.1
jax-while	varying	3	183	1684.0	6	jax-0.11.1
jax-while	varying	3	184	1140.4	2	jax-0.11.1
jax-while	varying	3	185	1287.7	3	jax-0.11.1
jax-while	varying	3	186	1554.7	5	jax-0.11.1
jax-while	varying	3	187	1684.4	6	jax-0.11.1
jax-while	varying	3	188	1140.4	2	jax-0.11.1
jax-while	varying	3	189	1303.7	3	jax-0.11.1
jax-while	varying	3	190	1536.1	5	jax-0.11.1
jax-while	varying	3	191	1722.6	6	jax-0.11.1
jax-while	varying	3	192	1283.2	2	jax-0.11.1
jax-while	varying	3	193	1378.8	3	jax-0.11.1
jax-while	varying	3	194	1675.1	5	jax-0.11.1
jax-while	varying	3	195	1829.4	6	jax-0.11.1
jax-while	varying	3	196	1132.2	2	jax-0.11.1
jax-while	varying	3	197	1311.8	3	jax-0.11.1
jax-while	varying	3	198	1621.7	5	jax-0.11.1
jax-while	varying	3	199	1725.9	6	jax-0.11.1
