system	round	pass	length	us	build_us	binary
ours	1	first	32	27244.1	961.8	ddc8008cdeaf
ours	1	first	48	27949.1	848.1	ddc8008cdeaf
ours	1	first	64	2889.9	3237.0	ddc8008cdeaf
ours	1	first	96	14621.0	2663.9	ddc8008cdeaf
ours	1	first	128	21274.1	4592.9	ddc8008cdeaf
ours	1	first	32	8966.0	365.0	ddc8008cdeaf
ours	1	first	48	1420.0	545.0	ddc8008cdeaf
ours	1	first	64	1467.0	655.9	ddc8008cdeaf
ours	1	first	96	1726.2	899.8	ddc8008cdeaf
ours	1	first	128	6681.9	1244.1	ddc8008cdeaf
ours	1	first	32	4080.1	430.8	ddc8008cdeaf
ours	1	first	48	1413.8	564.1	ddc8008cdeaf
ours	1	first	64	1447.0	643.0	ddc8008cdeaf
ours	1	first	96	1720.2	995.9	ddc8008cdeaf
ours	1	first	128	2053.0	1195.0	ddc8008cdeaf
ours	1	first	32	4289.9	313.0	ddc8008cdeaf
ours	1	first	48	1410.0	554.1	ddc8008cdeaf
ours	1	first	64	1472.9	613.9	ddc8008cdeaf
ours	1	first	96	1730.0	925.1	ddc8008cdeaf
ours	1	first	128	2076.9	1223.1	ddc8008cdeaf
ours	1	first	32	983.0	333.1	ddc8008cdeaf
ours	1	first	48	4582.9	494.0	ddc8008cdeaf
ours	1	first	64	1481.1	765.1	ddc8008cdeaf
ours	1	first	96	1736.9	925.1	ddc8008cdeaf
ours	1	first	128	2040.9	1214.0	ddc8008cdeaf
ours	1	first	32	983.0	309.9	ddc8008cdeaf
ours	1	first	48	4415.0	462.1	ddc8008cdeaf
ours	1	first	64	1462.2	743.9	ddc8008cdeaf
ours	1	first	96	1734.0	961.1	ddc8008cdeaf
ours	1	first	128	2058.0	1165.2	ddc8008cdeaf
ours	1	first	32	984.0	316.1	ddc8008cdeaf
ours	1	first	48	1378.1	503.1	ddc8008cdeaf
ours	1	first	64	4699.9	654.0	ddc8008cdeaf
ours	1	first	96	1756.0	1147.0	ddc8008cdeaf
ours	1	first	128	2089.0	1477.0	ddc8008cdeaf
ours	1	first	32	984.0	346.2	ddc8008cdeaf
ours	1	first	48	1385.0	509.0	ddc8008cdeaf
ours	1	first	64	1427.2	661.8	ddc8008cdeaf
ours	1	first	96	1724.0	950.8	ddc8008cdeaf
ours	1	first	128	4869.0	1226.9	ddc8008cdeaf
ours	1	first	32	1064.1	381.9	ddc8008cdeaf
ours	1	first	48	1391.9	514.0	ddc8008cdeaf
ours	1	first	64	1441.0	684.0	ddc8008cdeaf
ours	1	first	96	1723.1	906.9	ddc8008cdeaf
ours	1	first	128	2037.0	1151.1	ddc8008cdeaf
ours	1	first	32	984.2	278.9	ddc8008cdeaf
ours	1	first	48	1366.1	441.1	ddc8008cdeaf
ours	1	first	64	1438.9	655.2	ddc8008cdeaf
ours	1	first	96	1725.0	1020.2	ddc8008cdeaf
ours	1	first	128	4925.0	1307.0	ddc8008cdeaf
ours	1	first	32	1010.9	375.0	ddc8008cdeaf
ours	1	first	48	1403.1	542.9	ddc8008cdeaf
ours	1	first	64	1442.9	592.9	ddc8008cdeaf
ours	1	first	96	1707.1	680.0	ddc8008cdeaf
ours	1	first	128	2028.9	803.9	ddc8008cdeaf
ours	1	first	32	969.2	176.9	ddc8008cdeaf
ours	1	first	48	1382.8	275.1	ddc8008cdeaf
ours	1	first	64	1407.1	387.9	ddc8008cdeaf
ours	1	first	96	1691.1	567.0	ddc8008cdeaf
ours	1	first	128	2039.9	783.0	ddc8008cdeaf
ours	1	first	32	968.9	191.0	ddc8008cdeaf
ours	1	first	48	4237.9	284.0	ddc8008cdeaf
ours	1	first	64	1447.0	562.0	ddc8008cdeaf
ours	1	first	96	1720.9	791.1	ddc8008cdeaf
ours	1	first	128	2064.0	870.9	ddc8008cdeaf
ours	1	first	32	973.0	187.9	ddc8008cdeaf
ours	1	revisit	32	980.9	200.0	ddc8008cdeaf
ours	1	revisit	48	1363.0	285.1	ddc8008cdeaf
ours	1	revisit	64	1417.9	704.1	ddc8008cdeaf
ours	1	revisit	96	1722.8	625.1	ddc8008cdeaf
ours	1	revisit	128	2078.1	902.9	ddc8008cdeaf
ours	1	revisit	32	4187.1	197.9	ddc8008cdeaf
ours	1	revisit	48	1374.0	361.0	ddc8008cdeaf
ours	1	revisit	64	1422.2	755.8	ddc8008cdeaf
ours	1	revisit	96	1734.0	718.8	ddc8008cdeaf
ours	1	revisit	128	2084.0	1063.1	ddc8008cdeaf
ours	1	revisit	32	986.1	288.0	ddc8008cdeaf
ours	1	revisit	48	1382.8	488.0	ddc8008cdeaf
ours	1	revisit	64	1441.0	683.1	ddc8008cdeaf
ours	1	revisit	96	1739.0	968.0	ddc8008cdeaf
ours	1	revisit	128	2137.2	1407.9	ddc8008cdeaf
ours	1	revisit	32	981.8	316.1	ddc8008cdeaf
ours	1	revisit	48	1390.9	487.1	ddc8008cdeaf
ours	1	revisit	64	4541.9	667.1	ddc8008cdeaf
ours	1	revisit	96	1750.0	1106.0	ddc8008cdeaf
ours	1	revisit	128	2069.0	1223.1	ddc8008cdeaf
ours	1	revisit	32	981.1	335.0	ddc8008cdeaf
ours	1	revisit	48	1390.0	439.9	ddc8008cdeaf
ours	1	revisit	64	1419.1	547.9	ddc8008cdeaf
ours	1	revisit	96	1720.0	818.0	ddc8008cdeaf
ours	1	revisit	128	2059.0	1054.0	ddc8008cdeaf
ours	1	revisit	32	976.1	304.9	ddc8008cdeaf
ours	1	revisit	48	1373.1	423.9	ddc8008cdeaf
ours	1	revisit	64	1500.1	590.8	ddc8008cdeaf
ours	1	revisit	96	4313.9	824.9	ddc8008cdeaf
ours	1	revisit	128	2069.0	1384.0	ddc8008cdeaf
ours	1	revisit	32	978.9	340.0	ddc8008cdeaf
ours	1	revisit	48	1360.9	397.9	ddc8008cdeaf
ours	1	revisit	64	1449.8	517.1	ddc8008cdeaf
ours	1	revisit	96	1733.8	753.2	ddc8008cdeaf
ours	1	revisit	128	2030.8	994.2	ddc8008cdeaf
ours	1	revisit	32	973.0	302.8	ddc8008cdeaf
ours	1	revisit	48	1426.0	407.0	ddc8008cdeaf
ours	1	revisit	64	1426.0	515.0	ddc8008cdeaf
ours	1	revisit	96	1727.1	779.9	ddc8008cdeaf
ours	1	revisit	128	4174.9	1063.1	ddc8008cdeaf
ours	1	revisit	32	999.9	315.0	ddc8008cdeaf
ours	1	revisit	48	1387.1	481.8	ddc8008cdeaf
ours	1	revisit	64	1500.8	561.0	ddc8008cdeaf
ours	1	revisit	96	1720.9	785.1	ddc8008cdeaf
ours	1	revisit	128	2039.0	999.9	ddc8008cdeaf
ours	1	revisit	32	976.1	283.0	ddc8008cdeaf
ours	1	revisit	48	1371.1	367.9	ddc8008cdeaf
ours	1	revisit	64	1429.8	536.2	ddc8008cdeaf
ours	1	revisit	96	1707.1	747.0	ddc8008cdeaf
ours	1	revisit	128	2044.9	988.0	ddc8008cdeaf
ours	1	revisit	32	974.9	292.1	ddc8008cdeaf
ours	1	revisit	48	1380.0	401.0	ddc8008cdeaf
ours	1	revisit	64	1429.8	539.1	ddc8008cdeaf
ours	1	revisit	96	1723.1	766.0	ddc8008cdeaf
ours	1	revisit	128	4754.1	1010.9	ddc8008cdeaf
ours	1	revisit	32	989.0	330.0	ddc8008cdeaf
ours	1	revisit	48	1436.9	468.0	ddc8008cdeaf
ours	1	revisit	64	1436.9	541.0	ddc8008cdeaf
ours	1	revisit	96	1716.1	803.9	ddc8008cdeaf
ours	1	revisit	128	2060.2	1008.0	ddc8008cdeaf
ours	1	revisit	32	970.1	281.8	ddc8008cdeaf
ours	1	revisit	48	1434.1	382.9	ddc8008cdeaf
ours	1	revisit	64	1431.0	485.2	ddc8008cdeaf
ours	1	revisit	96	1719.0	737.9	ddc8008cdeaf
ours	1	revisit	128	4123.0	1002.1	ddc8008cdeaf
ours	1	revisit	32	963.0	308.0	ddc8008cdeaf
ours	1	new	160	17079.1	5551.1	ddc8008cdeaf
ours	1	new	192	14543.1	7645.8	ddc8008cdeaf
ours	1	new	224	12460.9	9632.1	ddc8008cdeaf
ours	1	new	256	14880.9	15620.9	ddc8008cdeaf
ours	1	new	288	17433.9	19094.0	ddc8008cdeaf
ours	1	new	160	2437.8	1720.2	ddc8008cdeaf
ours	1	new	192	2762.1	1832.0	ddc8008cdeaf
ours	1	new	224	3146.9	1981.0	ddc8008cdeaf
ours	1	new	256	4857.1	3655.0	ddc8008cdeaf
ours	1	new	288	3835.9	4503.0	ddc8008cdeaf
ours	1	new	160	5045.9	1461.0	ddc8008cdeaf
ours	1	new	192	2743.0	2057.8	ddc8008cdeaf
ours	1	new	224	3173.1	2253.8	ddc8008cdeaf
ours	1	new	256	3276.8	3747.0	ddc8008cdeaf
ours	1	new	288	3829.0	4261.0	ddc8008cdeaf
ours	1	new	160	5547.0	1516.8	ddc8008cdeaf
ours	1	new	192	2727.0	2064.0	ddc8008cdeaf
ours	1	new	224	4414.1	2153.9	ddc8008cdeaf
ours	1	new	256	3305.0	3876.0	ddc8008cdeaf
ours	1	new	288	3856.9	4365.2	ddc8008cdeaf
ours	1	new	160	2457.9	1583.1	ddc8008cdeaf
ours	1	new	192	2749.9	1834.2	ddc8008cdeaf
ours	1	new	224	5959.0	2248.0	ddc8008cdeaf
ours	1	new	256	3283.0	3953.0	ddc8008cdeaf
ours	1	new	288	3841.9	4193.1	ddc8008cdeaf
ours	1	new	160	2438.8	1579.0	ddc8008cdeaf
ours	1	new	192	5112.9	1730.2	ddc8008cdeaf
ours	1	new	224	3237.0	2614.0	ddc8008cdeaf
ours	1	new	256	3340.0	3982.1	ddc8008cdeaf
ours	1	new	288	3824.0	4341.1	ddc8008cdeaf
ours	1	new	160	2538.9	2080.2	ddc8008cdeaf
ours	1	new	192	2777.8	3306.2	ddc8008cdeaf
ours	1	new	224	5055.9	2169.1	ddc8008cdeaf
ours	1	new	256	3310.9	4004.0	ddc8008cdeaf
ours	1	new	288	3858.8	4207.1	ddc8008cdeaf
ours	1	new	160	2463.1	1563.8	ddc8008cdeaf
ours	1	new	192	2752.1	1864.0	ddc8008cdeaf
ours	1	new	224	3167.9	2243.0	ddc8008cdeaf
ours	1	new	256	3309.0	3907.9	ddc8008cdeaf
ours	1	new	288	6181.0	4192.8	ddc8008cdeaf
ours	1	new	160	2492.0	1699.9	ddc8008cdeaf
ours	1	new	192	2782.8	1845.1	ddc8008cdeaf
ours	1	new	224	3176.0	2192.0	ddc8008cdeaf
ours	1	new	256	3320.9	3955.1	ddc8008cdeaf
ours	1	new	288	3881.9	4388.1	ddc8008cdeaf
ours	1	new	160	5174.2	1529.9	ddc8008cdeaf
ours	1	new	192	2810.0	2172.9	ddc8008cdeaf
ours	1	new	224	3155.9	2118.1	ddc8008cdeaf
ours	1	new	256	3292.1	3601.1	ddc8008cdeaf
ours	1	new	288	3764.9	4024.0	ddc8008cdeaf
ours	1	new	160	2429.0	1448.9	ddc8008cdeaf
ours	1	new	192	2755.9	1644.1	ddc8008cdeaf
ours	1	new	224	3189.1	2105.0	ddc8008cdeaf
ours	1	new	256	5313.9	3860.0	ddc8008cdeaf
ours	1	new	288	3861.9	4494.0	ddc8008cdeaf
ours	1	new	160	2456.9	1517.1	ddc8008cdeaf
ours	1	new	192	2737.0	1766.0	ddc8008cdeaf
ours	1	new	224	3195.0	2353.0	ddc8008cdeaf
ours	1	new	256	3294.9	3924.1	ddc8008cdeaf
ours	1	new	288	5679.8	4043.1	ddc8008cdeaf
ours	1	new	160	2470.0	1653.0	ddc8008cdeaf
ours	1	new	192	2761.1	1804.8	ddc8008cdeaf
ours	1	new	224	3173.8	2230.2	ddc8008cdeaf
ours	1	new	256	3304.0	3922.0	ddc8008cdeaf
ours	1	new	288	3829.0	4147.1	ddc8008cdeaf
ours	1	new	160	2443.8	1555.2	ddc8008cdeaf
torch-eager	1	first	32	2782.1	135.4	torch-2.14.0+cu130
torch-eager	1	first	48	2733.5	140.4	torch-2.14.0+cu130
torch-eager	1	first	64	2701.0	145.7	torch-2.14.0+cu130
torch-eager	1	first	96	2620.5	156.2	torch-2.14.0+cu130
torch-eager	1	first	128	2752.5	174.0	torch-2.14.0+cu130
torch-eager	1	first	32	2214.2	130.7	torch-2.14.0+cu130
torch-eager	1	first	48	2444.0	136.9	torch-2.14.0+cu130
torch-eager	1	first	64	2405.2	136.6	torch-2.14.0+cu130
torch-eager	1	first	96	2467.6	151.9	torch-2.14.0+cu130
torch-eager	1	first	128	2601.9	170.7	torch-2.14.0+cu130
torch-eager	1	first	32	2199.6	127.8	torch-2.14.0+cu130
torch-eager	1	first	48	2384.9	134.9	torch-2.14.0+cu130
torch-eager	1	first	64	2428.1	137.3	torch-2.14.0+cu130
torch-eager	1	first	96	2455.2	151.2	torch-2.14.0+cu130
torch-eager	1	first	128	2527.2	167.8	torch-2.14.0+cu130
torch-eager	1	first	32	2209.2	125.4	torch-2.14.0+cu130
torch-eager	1	first	48	2376.8	132.6	torch-2.14.0+cu130
torch-eager	1	first	64	2392.3	137.8	torch-2.14.0+cu130
torch-eager	1	first	96	2466.4	149.5	torch-2.14.0+cu130
torch-eager	1	first	128	2514.6	161.6	torch-2.14.0+cu130
torch-eager	1	first	32	2190.6	126.1	torch-2.14.0+cu130
torch-eager	1	first	48	2398.0	138.5	torch-2.14.0+cu130
torch-eager	1	first	64	2405.6	144.2	torch-2.14.0+cu130
torch-eager	1	first	96	2458.1	149.5	torch-2.14.0+cu130
torch-eager	1	first	128	2520.1	166.7	torch-2.14.0+cu130
torch-eager	1	first	32	2215.4	125.4	torch-2.14.0+cu130
torch-eager	1	first	48	2384.7	133.5	torch-2.14.0+cu130
torch-eager	1	first	64	2395.6	135.2	torch-2.14.0+cu130
torch-eager	1	first	96	2464.1	151.4	torch-2.14.0+cu130
torch-eager	1	first	128	2527.2	170.2	torch-2.14.0+cu130
torch-eager	1	first	32	2200.8	124.7	torch-2.14.0+cu130
torch-eager	1	first	48	2395.4	151.9	torch-2.14.0+cu130
torch-eager	1	first	64	2407.8	136.1	torch-2.14.0+cu130
torch-eager	1	first	96	2494.8	160.2	torch-2.14.0+cu130
torch-eager	1	first	128	2514.1	166.2	torch-2.14.0+cu130
torch-eager	1	first	32	2202.0	125.2	torch-2.14.0+cu130
torch-eager	1	first	48	2384.4	129.9	torch-2.14.0+cu130
torch-eager	1	first	64	2394.0	137.1	torch-2.14.0+cu130
torch-eager	1	first	96	2454.3	148.8	torch-2.14.0+cu130
torch-eager	1	first	128	2502.2	162.1	torch-2.14.0+cu130
torch-eager	1	first	32	2184.6	133.8	torch-2.14.0+cu130
torch-eager	1	first	48	2366.3	132.3	torch-2.14.0+cu130
torch-eager	1	first	64	2413.0	135.2	torch-2.14.0+cu130
torch-eager	1	first	96	2453.1	159.0	torch-2.14.0+cu130
torch-eager	1	first	128	2523.9	167.6	torch-2.14.0+cu130
torch-eager	1	first	32	2195.6	124.5	torch-2.14.0+cu130
torch-eager	1	first	48	2363.2	132.1	torch-2.14.0+cu130
torch-eager	1	first	64	2378.9	136.1	torch-2.14.0+cu130
torch-eager	1	first	96	2436.6	150.2	torch-2.14.0+cu130
torch-eager	1	first	128	2521.5	165.9	torch-2.14.0+cu130
torch-eager	1	first	32	2174.9	124.9	torch-2.14.0+cu130
torch-eager	1	first	48	2381.1	131.4	torch-2.14.0+cu130
torch-eager	1	first	64	2370.4	136.9	torch-2.14.0+cu130
torch-eager	1	first	96	2451.4	149.0	torch-2.14.0+cu130
torch-eager	1	first	128	2524.6	161.2	torch-2.14.0+cu130
torch-eager	1	first	32	2190.8	140.4	torch-2.14.0+cu130
torch-eager	1	first	48	2410.2	130.9	torch-2.14.0+cu130
torch-eager	1	first	64	2387.5	136.4	torch-2.14.0+cu130
torch-eager	1	first	96	2456.9	150.0	torch-2.14.0+cu130
torch-eager	1	first	128	2500.8	170.7	torch-2.14.0+cu130
torch-eager	1	first	32	2194.6	124.2	torch-2.14.0+cu130
torch-eager	1	first	48	2414.0	145.0	torch-2.14.0+cu130
torch-eager	1	first	64	2415.4	135.7	torch-2.14.0+cu130
torch-eager	1	first	96	2467.9	156.4	torch-2.14.0+cu130
torch-eager	1	first	128	2537.5	160.9	torch-2.14.0+cu130
torch-eager	1	first	32	2188.9	125.4	torch-2.14.0+cu130
torch-eager	1	revisit	32	2225.4	124.0	torch-2.14.0+cu130
torch-eager	1	revisit	48	2375.8	133.3	torch-2.14.0+cu130
torch-eager	1	revisit	64	2426.9	136.1	torch-2.14.0+cu130
torch-eager	1	revisit	96	2472.9	150.9	torch-2.14.0+cu130
torch-eager	1	revisit	128	2547.7	161.6	torch-2.14.0+cu130
torch-eager	1	revisit	32	2208.9	128.5	torch-2.14.0+cu130
torch-eager	1	revisit	48	2388.7	130.9	torch-2.14.0+cu130
torch-eager	1	revisit	64	2377.0	138.0	torch-2.14.0+cu130
torch-eager	1	revisit	96	2471.4	159.7	torch-2.14.0+cu130
torch-eager	1	revisit	128	2516.0	162.1	torch-2.14.0+cu130
torch-eager	1	revisit	32	2190.1	125.9	torch-2.14.0+cu130
torch-eager	1	revisit	48	2403.5	131.1	torch-2.14.0+cu130
torch-eager	1	revisit	64	2396.8	137.3	torch-2.14.0+cu130
torch-eager	1	revisit	96	2468.3	154.0	torch-2.14.0+cu130
torch-eager	1	revisit	128	2523.9	166.7	torch-2.14.0+cu130
torch-eager	1	revisit	32	2248.8	133.8	torch-2.14.0+cu130
torch-eager	1	revisit	48	2384.4	131.4	torch-2.14.0+cu130
torch-eager	1	revisit	64	2391.1	137.8	torch-2.14.0+cu130
torch-eager	1	revisit	96	2473.1	149.5	torch-2.14.0+cu130
torch-eager	1	revisit	128	2558.5	171.4	torch-2.14.0+cu130
torch-eager	1	revisit	32	2200.1	125.2	torch-2.14.0+cu130
torch-eager	1	revisit	48	2412.3	133.0	torch-2.14.0+cu130
torch-eager	1	revisit	64	2399.0	136.6	torch-2.14.0+cu130
torch-eager	1	revisit	96	2463.8	149.5	torch-2.14.0+cu130
torch-eager	1	revisit	128	2534.4	160.5	torch-2.14.0+cu130
torch-eager	1	revisit	32	2190.8	126.4	torch-2.14.0+cu130
torch-eager	1	revisit	48	2397.8	132.6	torch-2.14.0+cu130
torch-eager	1	revisit	64	2436.9	138.0	torch-2.14.0+cu130
torch-eager	1	revisit	96	2457.6	160.0	torch-2.14.0+cu130
torch-eager	1	revisit	128	2537.5	160.0	torch-2.14.0+cu130
torch-eager	1	revisit	32	2193.7	126.4	torch-2.14.0+cu130
torch-eager	1	revisit	48	2402.1	130.7	torch-2.14.0+cu130
torch-eager	1	revisit	64	2408.7	137.6	torch-2.14.0+cu130
torch-eager	1	revisit	96	2467.2	149.0	torch-2.14.0+cu130
torch-eager	1	revisit	128	2554.2	160.9	torch-2.14.0+cu130
torch-eager	1	revisit	32	2207.3	131.4	torch-2.14.0+cu130
torch-eager	1	revisit	48	2390.4	132.1	torch-2.14.0+cu130
torch-eager	1	revisit	64	2432.3	135.7	torch-2.14.0+cu130
torch-eager	1	revisit	96	2458.6	150.4	torch-2.14.0+cu130
torch-eager	1	revisit	128	2538.4	162.1	torch-2.14.0+cu130
torch-eager	1	revisit	32	2229.5	124.9	torch-2.14.0+cu130
torch-eager	1	revisit	48	2378.5	132.6	torch-2.14.0+cu130
torch-eager	1	revisit	64	2400.9	136.4	torch-2.14.0+cu130
torch-eager	1	revisit	96	2468.6	152.3	torch-2.14.0+cu130
torch-eager	1	revisit	128	2518.7	160.0	torch-2.14.0+cu130
torch-eager	1	revisit	32	2182.2	125.4	torch-2.14.0+cu130
torch-eager	1	revisit	48	2374.6	130.9	torch-2.14.0+cu130
torch-eager	1	revisit	64	2393.5	138.3	torch-2.14.0+cu130
torch-eager	1	revisit	96	2446.9	149.5	torch-2.14.0+cu130
torch-eager	1	revisit	128	2519.6	161.6	torch-2.14.0+cu130
torch-eager	1	revisit	32	2193.9	126.6	torch-2.14.0+cu130
torch-eager	1	revisit	48	2371.3	138.0	torch-2.14.0+cu130
torch-eager	1	revisit	64	2403.3	144.5	torch-2.14.0+cu130
torch-eager	1	revisit	96	2458.6	150.4	torch-2.14.0+cu130
torch-eager	1	revisit	128	2543.4	162.4	torch-2.14.0+cu130
torch-eager	1	revisit	32	2198.2	124.7	torch-2.14.0+cu130
torch-eager	1	revisit	48	2440.5	133.3	torch-2.14.0+cu130
torch-eager	1	revisit	64	2392.5	136.1	torch-2.14.0+cu130
torch-eager	1	revisit	96	2460.2	150.4	torch-2.14.0+cu130
torch-eager	1	revisit	128	2491.5	165.9	torch-2.14.0+cu130
torch-eager	1	revisit	32	2190.4	125.2	torch-2.14.0+cu130
torch-eager	1	revisit	48	2386.8	130.4	torch-2.14.0+cu130
torch-eager	1	revisit	64	2399.9	136.9	torch-2.14.0+cu130
torch-eager	1	revisit	96	2461.7	159.3	torch-2.14.0+cu130
torch-eager	1	revisit	128	2516.3	161.9	torch-2.14.0+cu130
torch-eager	1	revisit	32	2203.9	126.4	torch-2.14.0+cu130
torch-eager	1	new	160	2991.2	182.4	torch-2.14.0+cu130
torch-eager	1	new	192	2888.4	197.9	torch-2.14.0+cu130
torch-eager	1	new	224	3316.4	208.4	torch-2.14.0+cu130
torch-eager	1	new	256	3522.4	220.3	torch-2.14.0+cu130
torch-eager	1	new	288	4147.1	233.2	torch-2.14.0+cu130
torch-eager	1	new	160	2755.6	183.1	torch-2.14.0+cu130
torch-eager	1	new	192	2827.2	191.2	torch-2.14.0+cu130
torch-eager	1	new	224	3251.6	197.2	torch-2.14.0+cu130
torch-eager	1	new	256	3416.3	216.5	torch-2.14.0+cu130
torch-eager	1	new	288	4093.6	221.7	torch-2.14.0+cu130
torch-eager	1	new	160	2800.9	196.0	torch-2.14.0+cu130
torch-eager	1	new	192	2863.4	195.0	torch-2.14.0+cu130
torch-eager	1	new	224	3298.0	198.1	torch-2.14.0+cu130
torch-eager	1	new	256	3448.0	206.7	torch-2.14.0+cu130
torch-eager	1	new	288	4128.0	222.4	torch-2.14.0+cu130
torch-eager	1	new	160	2749.0	176.4	torch-2.14.0+cu130
torch-eager	1	new	192	2879.4	189.1	torch-2.14.0+cu130
torch-eager	1	new	224	3296.9	198.8	torch-2.14.0+cu130
torch-eager	1	new	256	3569.4	296.8	torch-2.14.0+cu130
torch-eager	1	new	288	4188.5	272.5	torch-2.14.0+cu130
torch-eager	1	new	160	3433.7	199.3	torch-2.14.0+cu130
torch-eager	1	new	192	3151.9	222.0	torch-2.14.0+cu130
torch-eager	1	new	224	3508.1	222.9	torch-2.14.0+cu130
torch-eager	1	new	256	3528.1	237.9	torch-2.14.0+cu130
torch-eager	1	new	288	4212.6	280.1	torch-2.14.0+cu130
torch-eager	1	new	160	3174.3	201.7	torch-2.14.0+cu130
torch-eager	1	new	192	3139.7	212.9	torch-2.14.0+cu130
torch-eager	1	new	224	3377.2	222.7	torch-2.14.0+cu130
torch-eager	1	new	256	3481.1	217.9	torch-2.14.0+cu130
torch-eager	1	new	288	4151.8	223.2	torch-2.14.0+cu130
torch-eager	1	new	160	2759.7	177.1	torch-2.14.0+cu130
torch-eager	1	new	192	2888.0	187.9	torch-2.14.0+cu130
torch-eager	1	new	224	3302.3	197.4	torch-2.14.0+cu130
torch-eager	1	new	256	3468.5	211.2	torch-2.14.0+cu130
torch-eager	1	new	288	4132.3	232.9	torch-2.14.0+cu130
torch-eager	1	new	160	2913.0	177.1	torch-2.14.0+cu130
torch-eager	1	new	192	2886.3	202.2	torch-2.14.0+cu130
torch-eager	1	new	224	3311.9	202.9	torch-2.14.0+cu130
torch-eager	1	new	256	3469.7	221.0	torch-2.14.0+cu130
torch-eager	1	new	288	4141.1	223.9	torch-2.14.0+cu130
torch-eager	1	new	160	2749.4	178.1	torch-2.14.0+cu130
torch-eager	1	new	192	2880.1	194.1	torch-2.14.0+cu130
torch-eager	1	new	224	3288.0	198.1	torch-2.14.0+cu130
torch-eager	1	new	256	3487.6	210.3	torch-2.14.0+cu130
torch-eager	1	new	288	4125.4	226.3	torch-2.14.0+cu130
torch-eager	1	new	160	2763.3	176.2	torch-2.14.0+cu130
torch-eager	1	new	192	2888.0	186.9	torch-2.14.0+cu130
torch-eager	1	new	224	3312.3	196.2	torch-2.14.0+cu130
torch-eager	1	new	256	3463.5	210.0	torch-2.14.0+cu130
torch-eager	1	new	288	4135.1	230.8	torch-2.14.0+cu130
torch-eager	1	new	160	2745.6	176.7	torch-2.14.0+cu130
torch-eager	1	new	192	2891.5	187.4	torch-2.14.0+cu130
torch-eager	1	new	224	3320.9	198.4	torch-2.14.0+cu130
torch-eager	1	new	256	3510.5	211.0	torch-2.14.0+cu130
torch-eager	1	new	288	4168.0	226.5	torch-2.14.0+cu130
torch-eager	1	new	160	2733.9	185.7	torch-2.14.0+cu130
torch-eager	1	new	192	2915.9	185.0	torch-2.14.0+cu130
torch-eager	1	new	224	3331.2	201.2	torch-2.14.0+cu130
torch-eager	1	new	256	3474.2	210.0	torch-2.14.0+cu130
torch-eager	1	new	288	4155.2	227.5	torch-2.14.0+cu130
torch-eager	1	new	160	2758.5	179.3	torch-2.14.0+cu130
torch-eager	1	new	192	2911.6	188.1	torch-2.14.0+cu130
torch-eager	1	new	224	3353.6	196.9	torch-2.14.0+cu130
torch-eager	1	new	256	3507.1	217.9	torch-2.14.0+cu130
torch-eager	1	new	288	4191.4	232.0	torch-2.14.0+cu130
torch-eager	1	new	160	2733.7	175.5	torch-2.14.0+cu130
torch-compile-static	1	first	32	335254.0	130.2	torch-2.14.0+cu130
torch-compile-static	1	first	48	420371.8	254.9	torch-2.14.0+cu130
torch-compile-static	1	first	64	410332.2	334.0	torch-2.14.0+cu130
torch-compile-static	1	first	96	381757.7	310.7	torch-2.14.0+cu130
torch-compile-static	1	first	128	395199.3	340.7	torch-2.14.0+cu130
torch-compile-static	1	first	32	1224.0	294.9	torch-2.14.0+cu130
torch-compile-static	1	first	48	1474.1	209.8	torch-2.14.0+cu130
torch-compile-static	1	first	64	1490.6	195.7	torch-2.14.0+cu130
torch-compile-static	1	first	96	1723.3	218.4	torch-2.14.0+cu130
torch-compile-static	1	first	128	1868.0	224.6	torch-2.14.0+cu130
torch-compile-static	1	first	32	1093.6	176.7	torch-2.14.0+cu130
torch-compile-static	1	first	48	1420.0	171.7	torch-2.14.0+cu130
torch-compile-static	1	first	64	1501.3	173.8	torch-2.14.0+cu130
torch-compile-static	1	first	96	1693.0	191.2	torch-2.14.0+cu130
torch-compile-static	1	first	128	1842.5	197.9	torch-2.14.0+cu130
torch-compile-static	1	first	32	1084.8	156.6	torch-2.14.0+cu130
torch-compile-static	1	first	48	1422.4	160.7	torch-2.14.0+cu130
torch-compile-static	1	first	64	1473.4	169.8	torch-2.14.0+cu130
torch-compile-static	1	first	96	1680.4	190.5	torch-2.14.0+cu130
torch-compile-static	1	first	128	1839.6	198.4	torch-2.14.0+cu130
torch-compile-static	1	first	32	1086.5	155.9	torch-2.14.0+cu130
torch-compile-static	1	first	48	1434.3	163.6	torch-2.14.0+cu130
torch-compile-static	1	first	64	1490.8	170.7	torch-2.14.0+cu130
torch-compile-static	1	first	96	1701.8	190.0	torch-2.14.0+cu130
torch-compile-static	1	first	128	1855.4	198.6	torch-2.14.0+cu130
torch-compile-static	1	first	32	1095.8	157.4	torch-2.14.0+cu130
torch-compile-static	1	first	48	1427.4	162.4	torch-2.14.0+cu130
torch-compile-static	1	first	64	1450.5	168.6	torch-2.14.0+cu130
torch-compile-static	1	first	96	1695.6	183.3	torch-2.14.0+cu130
torch-compile-static	1	first	128	1844.2	195.7	torch-2.14.0+cu130
torch-compile-static	1	first	32	1084.6	154.3	torch-2.14.0+cu130
torch-compile-static	1	first	48	1429.1	170.2	torch-2.14.0+cu130
torch-compile-static	1	first	64	1505.9	165.9	torch-2.14.0+cu130
torch-compile-static	1	first	96	1680.6	184.5	torch-2.14.0+cu130
torch-compile-static	1	first	128	1828.7	195.7	torch-2.14.0+cu130
torch-compile-static	1	first	32	1071.0	152.6	torch-2.14.0+cu130
torch-compile-static	1	first	48	1414.1	160.5	torch-2.14.0+cu130
torch-compile-static	1	first	64	1463.9	175.5	torch-2.14.0+cu130
torch-compile-static	1	first	96	1680.4	180.7	torch-2.14.0+cu130
torch-compile-static	1	first	128	1832.0	200.5	torch-2.14.0+cu130
torch-compile-static	1	first	32	1081.7	154.7	torch-2.14.0+cu130
torch-compile-static	1	first	48	1411.0	160.9	torch-2.14.0+cu130
torch-compile-static	1	first	64	1486.3	165.9	torch-2.14.0+cu130
torch-compile-static	1	first	96	1675.8	187.6	torch-2.14.0+cu130
torch-compile-static	1	first	128	1822.7	204.8	torch-2.14.0+cu130
torch-compile-static	1	first	32	1076.0	165.0	torch-2.14.0+cu130
torch-compile-static	1	first	48	1456.5	161.9	torch-2.14.0+cu130
torch-compile-static	1	first	64	1507.3	165.9	torch-2.14.0+cu130
torch-compile-static	1	first	96	1673.5	182.2	torch-2.14.0+cu130
torch-compile-static	1	first	128	1826.0	195.3	torch-2.14.0+cu130
torch-compile-static	1	first	32	1069.1	154.3	torch-2.14.0+cu130
torch-compile-static	1	first	48	1402.6	160.7	torch-2.14.0+cu130
torch-compile-static	1	first	64	1535.9	178.8	torch-2.14.0+cu130
torch-compile-static	1	first	96	1679.2	190.7	torch-2.14.0+cu130
torch-compile-static	1	first	128	1841.3	201.0	torch-2.14.0+cu130
torch-compile-static	1	first	32	1086.7	160.2	torch-2.14.0+cu130
torch-compile-static	1	first	48	1406.7	160.7	torch-2.14.0+cu130
torch-compile-static	1	first	64	1447.9	166.2	torch-2.14.0+cu130
torch-compile-static	1	first	96	1676.8	181.2	torch-2.14.0+cu130
torch-compile-static	1	first	128	1830.1	193.8	torch-2.14.0+cu130
torch-compile-static	1	first	32	1070.5	160.7	torch-2.14.0+cu130
torch-compile-static	1	first	48	1414.1	159.5	torch-2.14.0+cu130
torch-compile-static	1	first	64	1616.5	210.0	torch-2.14.0+cu130
torch-compile-static	1	first	96	1694.2	186.2	torch-2.14.0+cu130
torch-compile-static	1	first	128	1841.8	195.7	torch-2.14.0+cu130
torch-compile-static	1	first	32	1082.4	156.4	torch-2.14.0+cu130
torch-compile-static	1	revisit	32	1047.1	157.6	torch-2.14.0+cu130
torch-compile-static	1	revisit	48	1409.8	160.7	torch-2.14.0+cu130
torch-compile-static	1	revisit	64	1450.8	166.2	torch-2.14.0+cu130
torch-compile-static	1	revisit	96	1673.9	183.1	torch-2.14.0+cu130
torch-compile-static	1	revisit	128	1824.6	194.5	torch-2.14.0+cu130
torch-compile-static	1	revisit	32	1065.7	154.3	torch-2.14.0+cu130
torch-compile-static	1	revisit	48	1505.9	168.8	torch-2.14.0+cu130
torch-compile-static	1	revisit	64	1440.5	166.7	torch-2.14.0+cu130
torch-compile-static	1	revisit	96	1683.7	179.8	torch-2.14.0+cu130
torch-compile-static	1	revisit	128	1848.2	195.3	torch-2.14.0+cu130
torch-compile-static	1	revisit	32	1073.1	153.8	torch-2.14.0+cu130
torch-compile-static	1	revisit	48	1407.4	169.0	torch-2.14.0+cu130
torch-compile-static	1	revisit	64	1442.4	167.4	torch-2.14.0+cu130
torch-compile-static	1	revisit	96	1678.9	183.8	torch-2.14.0+cu130
torch-compile-static	1	revisit	128	1823.4	199.8	torch-2.14.0+cu130
torch-compile-static	1	revisit	32	1069.8	161.4	torch-2.14.0+cu130
torch-compile-static	1	revisit	48	1492.7	191.9	torch-2.14.0+cu130
torch-compile-static	1	revisit	64	1455.5	171.9	torch-2.14.0+cu130
torch-compile-static	1	revisit	96	1677.5	184.1	torch-2.14.0+cu130
torch-compile-static	1	revisit	128	1829.1	194.5	torch-2.14.0+cu130
torch-compile-static	1	revisit	32	1076.5	156.2	torch-2.14.0+cu130
torch-compile-static	1	revisit	48	1452.9	161.2	torch-2.14.0+cu130
torch-compile-static	1	revisit	64	1438.4	169.5	torch-2.14.0+cu130
torch-compile-static	1	revisit	96	1675.4	188.8	torch-2.14.0+cu130
torch-compile-static	1	revisit	128	1827.7	192.6	torch-2.14.0+cu130
torch-compile-static	1	revisit	32	1080.8	154.5	torch-2.14.0+cu130
torch-compile-static	1	revisit	48	1467.9	192.6	torch-2.14.0+cu130
torch-compile-static	1	revisit	64	1437.7	165.2	torch-2.14.0+cu130
torch-compile-static	1	revisit	96	1678.7	182.6	torch-2.14.0+cu130
torch-compile-static	1	revisit	128	1864.4	194.5	torch-2.14.0+cu130
torch-compile-static	1	revisit	32	1061.4	154.5	torch-2.14.0+cu130
torch-compile-static	1	revisit	48	1411.4	160.9	torch-2.14.0+cu130
torch-compile-static	1	revisit	64	1448.6	168.6	torch-2.14.0+cu130
torch-compile-static	1	revisit	96	1695.6	180.0	torch-2.14.0+cu130
torch-compile-static	1	revisit	128	1853.0	200.7	torch-2.14.0+cu130
torch-compile-static	1	revisit	32	1076.7	156.4	torch-2.14.0+cu130
torch-compile-static	1	revisit	48	1461.5	202.2	torch-2.14.0+cu130
torch-compile-static	1	revisit	64	1435.0	167.8	torch-2.14.0+cu130
torch-compile-static	1	revisit	96	1678.0	183.6	torch-2.14.0+cu130
torch-compile-static	1	revisit	128	1830.1	193.8	torch-2.14.0+cu130
torch-compile-static	1	revisit	32	1082.9	158.1	torch-2.14.0+cu130
torch-compile-static	1	revisit	48	1435.8	168.1	torch-2.14.0+cu130
torch-compile-static	1	revisit	64	1441.5	208.4	torch-2.14.0+cu130
torch-compile-static	1	revisit	96	1689.2	186.0	torch-2.14.0+cu130
torch-compile-static	1	revisit	128	1853.0	194.3	torch-2.14.0+cu130
torch-compile-static	1	revisit	32	1126.5	153.8	torch-2.14.0+cu130
torch-compile-static	1	revisit	48	1416.2	182.9	torch-2.14.0+cu130
torch-compile-static	1	revisit	64	1472.7	168.6	torch-2.14.0+cu130
torch-compile-static	1	revisit	96	1675.6	181.9	torch-2.14.0+cu130
torch-compile-static	1	revisit	128	1840.6	197.9	torch-2.14.0+cu130
torch-compile-static	1	revisit	32	1076.9	163.6	torch-2.14.0+cu130
torch-compile-static	1	revisit	48	1419.3	163.1	torch-2.14.0+cu130
torch-compile-static	1	revisit	64	1478.2	167.6	torch-2.14.0+cu130
torch-compile-static	1	revisit	96	1691.3	184.8	torch-2.14.0+cu130
torch-compile-static	1	revisit	128	1835.8	204.1	torch-2.14.0+cu130
torch-compile-static	1	revisit	32	1294.6	155.7	torch-2.14.0+cu130
torch-compile-static	1	revisit	48	1449.1	278.5	torch-2.14.0+cu130
torch-compile-static	1	revisit	64	1438.9	180.0	torch-2.14.0+cu130
torch-compile-static	1	revisit	96	1681.1	188.4	torch-2.14.0+cu130
torch-compile-static	1	revisit	128	1836.3	198.6	torch-2.14.0+cu130
torch-compile-static	1	revisit	32	1082.9	158.5	torch-2.14.0+cu130
torch-compile-static	1	revisit	48	1419.8	165.2	torch-2.14.0+cu130
torch-compile-static	1	revisit	64	1456.7	168.3	torch-2.14.0+cu130
torch-compile-static	1	revisit	96	1678.9	184.3	torch-2.14.0+cu130
torch-compile-static	1	revisit	128	1848.5	196.7	torch-2.14.0+cu130
torch-compile-static	1	revisit	32	1210.7	168.6	torch-2.14.0+cu130
torch-compile-static	1	new	160	405459.2	219.3	torch-2.14.0+cu130
torch-compile-static	1	new	192	418711.4	360.7	torch-2.14.0+cu130
torch-compile-static	1	new	224	63031.4	391.5	torch-2.14.0+cu130
torch-compile-static	1	new	256	4029.3	371.0	torch-2.14.0+cu130
torch-compile-static	1	new	288	4361.6	340.9	torch-2.14.0+cu130
torch-compile-static	1	new	160	2327.0	274.9	torch-2.14.0+cu130
torch-compile-static	1	new	192	2450.0	282.8	torch-2.14.0+cu130
torch-compile-static	1	new	224	3752.5	271.6	torch-2.14.0+cu130
torch-compile-static	1	new	256	3656.4	284.4	torch-2.14.0+cu130
torch-compile-static	1	new	288	4243.6	296.6	torch-2.14.0+cu130
torch-compile-static	1	new	160	2322.9	238.9	torch-2.14.0+cu130
torch-compile-static	1	new	192	2436.6	247.2	torch-2.14.0+cu130
torch-compile-static	1	new	224	3644.2	252.5	torch-2.14.0+cu130
torch-compile-static	1	new	256	3741.7	270.4	torch-2.14.0+cu130
torch-compile-static	1	new	288	4273.4	288.7	torch-2.14.0+cu130
torch-compile-static	1	new	160	2286.4	240.6	torch-2.14.0+cu130
torch-compile-static	1	new	192	2454.5	240.8	torch-2.14.0+cu130
torch-compile-static	1	new	224	3655.0	249.1	torch-2.14.0+cu130
torch-compile-static	1	new	256	3647.6	265.8	torch-2.14.0+cu130
torch-compile-static	1	new	288	4271.5	282.0	torch-2.14.0+cu130
torch-compile-static	1	new	160	2335.1	237.0	torch-2.14.0+cu130
torch-compile-static	1	new	192	2484.8	245.6	torch-2.14.0+cu130
torch-compile-static	1	new	224	3800.2	261.5	torch-2.14.0+cu130
torch-compile-static	1	new	256	3561.7	245.6	torch-2.14.0+cu130
torch-compile-static	1	new	288	6938.2	260.1	torch-2.14.0+cu130
torch-compile-static	1	new	160	2287.6	222.7	torch-2.14.0+cu130
torch-compile-static	1	new	192	2450.2	214.6	torch-2.14.0+cu130
torch-compile-static	1	new	224	3392.5	225.8	torch-2.14.0+cu130
torch-compile-static	1	new	256	3549.3	232.2	torch-2.14.0+cu130
torch-compile-static	1	new	288	4193.1	246.0	torch-2.14.0+cu130
torch-compile-static	1	new	160	2277.9	209.3	torch-2.14.0+cu130
torch-compile-static	1	new	192	2432.3	212.7	torch-2.14.0+cu130
torch-compile-static	1	new	224	3383.9	215.8	torch-2.14.0+cu130
torch-compile-static	1	new	256	3535.5	233.9	torch-2.14.0+cu130
torch-compile-static	1	new	288	4190.4	243.4	torch-2.14.0+cu130
torch-compile-static	1	new	160	2260.2	202.2	torch-2.14.0+cu130
torch-compile-static	1	new	192	2446.9	205.0	torch-2.14.0+cu130
torch-compile-static	1	new	224	3381.5	222.9	torch-2.14.0+cu130
torch-compile-static	1	new	256	3550.5	229.8	torch-2.14.0+cu130
torch-compile-static	1	new	288	4196.6	241.0	torch-2.14.0+cu130
torch-compile-static	1	new	160	2253.3	201.0	torch-2.14.0+cu130
torch-compile-static	1	new	192	2445.2	200.5	torch-2.14.0+cu130
torch-compile-static	1	new	224	3411.1	224.6	torch-2.14.0+cu130
torch-compile-static	1	new	256	3563.9	224.4	torch-2.14.0+cu130
torch-compile-static	1	new	288	4219.3	245.3	torch-2.14.0+cu130
torch-compile-static	1	new	160	2258.1	196.2	torch-2.14.0+cu130
torch-compile-static	1	new	192	2449.5	201.9	torch-2.14.0+cu130
torch-compile-static	1	new	224	3392.7	225.3	torch-2.14.0+cu130
torch-compile-static	1	new	256	3572.7	226.7	torch-2.14.0+cu130
torch-compile-static	1	new	288	4230.3	236.7	torch-2.14.0+cu130
torch-compile-static	1	new	160	2265.5	198.8	torch-2.14.0+cu130
torch-compile-static	1	new	192	2459.5	201.2	torch-2.14.0+cu130
torch-compile-static	1	new	224	3402.0	213.4	torch-2.14.0+cu130
torch-compile-static	1	new	256	3576.0	233.7	torch-2.14.0+cu130
torch-compile-static	1	new	288	4248.6	239.8	torch-2.14.0+cu130
torch-compile-static	1	new	160	2281.7	203.6	torch-2.14.0+cu130
torch-compile-static	1	new	192	2463.1	201.9	torch-2.14.0+cu130
torch-compile-static	1	new	224	3402.7	215.5	torch-2.14.0+cu130
torch-compile-static	1	new	256	3577.9	224.1	torch-2.14.0+cu130
torch-compile-static	1	new	288	4280.3	248.7	torch-2.14.0+cu130
torch-compile-static	1	new	160	2278.1	188.4	torch-2.14.0+cu130
torch-compile-static	1	new	192	3353.8	199.1	torch-2.14.0+cu130
torch-compile-static	1	new	224	3852.6	393.6	torch-2.14.0+cu130
torch-compile-static	1	new	256	3581.8	233.2	torch-2.14.0+cu130
torch-compile-static	1	new	288	4246.7	238.7	torch-2.14.0+cu130
torch-compile-static	1	new	160	2301.0	188.1	torch-2.14.0+cu130
torch-compile-dynamic	1	first	32	1589.8	152.8	torch-2.14.0+cu130
torch-compile-dynamic	1	first	48	1792.7	176.4	torch-2.14.0+cu130
torch-compile-dynamic	1	first	64	1616.5	176.9	torch-2.14.0+cu130
torch-compile-dynamic	1	first	96	1809.4	187.6	torch-2.14.0+cu130
torch-compile-dynamic	1	first	128	2176.8	196.0	torch-2.14.0+cu130
torch-compile-dynamic	1	first	32	1129.2	153.5	torch-2.14.0+cu130
torch-compile-dynamic	1	first	48	1540.7	158.3	torch-2.14.0+cu130
torch-compile-dynamic	1	first	64	1610.3	166.7	torch-2.14.0+cu130
torch-compile-dynamic	1	first	96	1771.0	181.7	torch-2.14.0+cu130
torch-compile-dynamic	1	first	128	1951.7	200.7	torch-2.14.0+cu130
torch-compile-dynamic	1	first	32	1133.0	162.8	torch-2.14.0+cu130
torch-compile-dynamic	1	first	48	1546.9	159.0	torch-2.14.0+cu130
torch-compile-dynamic	1	first	64	1586.7	170.9	torch-2.14.0+cu130
torch-compile-dynamic	1	first	96	1759.3	184.5	torch-2.14.0+cu130
torch-compile-dynamic	1	first	128	1945.7	188.6	torch-2.14.0+cu130
torch-compile-dynamic	1	first	32	1132.7	148.3	torch-2.14.0+cu130
torch-compile-dynamic	1	first	48	1505.9	156.2	torch-2.14.0+cu130
torch-compile-dynamic	1	first	64	1583.1	159.7	torch-2.14.0+cu130
torch-compile-dynamic	1	first	96	1745.9	173.3	torch-2.14.0+cu130
torch-compile-dynamic	1	first	128	1950.0	189.1	torch-2.14.0+cu130
torch-compile-dynamic	1	first	32	1123.9	148.5	torch-2.14.0+cu130
torch-compile-dynamic	1	first	48	1550.4	165.2	torch-2.14.0+cu130
torch-compile-dynamic	1	first	64	1629.8	160.7	torch-2.14.0+cu130
torch-compile-dynamic	1	first	96	1753.3	175.5	torch-2.14.0+cu130
torch-compile-dynamic	1	first	128	1947.4	194.3	torch-2.14.0+cu130
torch-compile-dynamic	1	first	32	1113.7	148.5	torch-2.14.0+cu130
torch-compile-dynamic	1	first	48	1575.2	155.2	torch-2.14.0+cu130
torch-compile-dynamic	1	first	64	1617.9	159.7	torch-2.14.0+cu130
torch-compile-dynamic	1	first	96	1750.0	175.5	torch-2.14.0+cu130
torch-compile-dynamic	1	first	128	1945.0	187.4	torch-2.14.0+cu130
torch-compile-dynamic	1	first	32	1120.6	149.5	torch-2.14.0+cu130
torch-compile-dynamic	1	first	48	1555.0	153.8	torch-2.14.0+cu130
torch-compile-dynamic	1	first	64	1566.4	159.3	torch-2.14.0+cu130
torch-compile-dynamic	1	first	96	1752.4	182.6	torch-2.14.0+cu130
torch-compile-dynamic	1	first	128	1936.2	196.9	torch-2.14.0+cu130
torch-compile-dynamic	1	first	32	1113.7	149.0	torch-2.14.0+cu130
torch-compile-dynamic	1	first	48	1558.1	155.0	torch-2.14.0+cu130
torch-compile-dynamic	1	first	64	1572.4	159.5	torch-2.14.0+cu130
torch-compile-dynamic	1	first	96	1748.6	180.0	torch-2.14.0+cu130
torch-compile-dynamic	1	first	128	1951.5	186.9	torch-2.14.0+cu130
torch-compile-dynamic	1	first	32	1117.9	159.7	torch-2.14.0+cu130
torch-compile-dynamic	1	first	48	1551.9	155.9	torch-2.14.0+cu130
torch-compile-dynamic	1	first	64	1599.3	168.6	torch-2.14.0+cu130
torch-compile-dynamic	1	first	96	1759.5	189.8	torch-2.14.0+cu130
torch-compile-dynamic	1	first	128	1950.5	187.2	torch-2.14.0+cu130
torch-compile-dynamic	1	first	32	1125.3	147.1	torch-2.14.0+cu130
torch-compile-dynamic	1	first	48	1570.5	155.2	torch-2.14.0+cu130
torch-compile-dynamic	1	first	64	1591.0	160.2	torch-2.14.0+cu130
torch-compile-dynamic	1	first	96	1747.4	177.1	torch-2.14.0+cu130
torch-compile-dynamic	1	first	128	1939.5	189.3	torch-2.14.0+cu130
torch-compile-dynamic	1	first	32	1141.8	152.1	torch-2.14.0+cu130
torch-compile-dynamic	1	first	48	1514.7	164.5	torch-2.14.0+cu130
torch-compile-dynamic	1	first	64	1579.5	167.1	torch-2.14.0+cu130
torch-compile-dynamic	1	first	96	1748.8	184.5	torch-2.14.0+cu130
torch-compile-dynamic	1	first	128	1935.7	190.5	torch-2.14.0+cu130
torch-compile-dynamic	1	first	32	1109.8	149.0	torch-2.14.0+cu130
torch-compile-dynamic	1	first	48	1558.5	154.7	torch-2.14.0+cu130
torch-compile-dynamic	1	first	64	1559.5	160.0	torch-2.14.0+cu130
torch-compile-dynamic	1	first	96	1743.1	174.3	torch-2.14.0+cu130
torch-compile-dynamic	1	first	128	1941.0	187.4	torch-2.14.0+cu130
torch-compile-dynamic	1	first	32	1127.2	152.1	torch-2.14.0+cu130
torch-compile-dynamic	1	first	48	1498.9	155.2	torch-2.14.0+cu130
torch-compile-dynamic	1	first	64	1594.8	160.9	torch-2.14.0+cu130
torch-compile-dynamic	1	first	96	1749.3	186.0	torch-2.14.0+cu130
torch-compile-dynamic	1	first	128	1963.9	197.9	torch-2.14.0+cu130
torch-compile-dynamic	1	first	32	1112.9	155.2	torch-2.14.0+cu130
torch-compile-dynamic	1	revisit	32	1107.7	147.8	torch-2.14.0+cu130
torch-compile-dynamic	1	revisit	48	1531.4	153.3	torch-2.14.0+cu130
torch-compile-dynamic	1	revisit	64	1562.4	160.7	torch-2.14.0+cu130
torch-compile-dynamic	1	revisit	96	1740.7	180.7	torch-2.14.0+cu130
torch-compile-dynamic	1	revisit	128	1938.6	207.4	torch-2.14.0+cu130
torch-compile-dynamic	1	revisit	32	1116.0	150.4	torch-2.14.0+cu130
torch-compile-dynamic	1	revisit	48	1521.6	153.8	torch-2.14.0+cu130
torch-compile-dynamic	1	revisit	64	1576.4	170.9	torch-2.14.0+cu130
torch-compile-dynamic	1	revisit	96	1752.1	173.3	torch-2.14.0+cu130
torch-compile-dynamic	1	revisit	128	1948.1	188.6	torch-2.14.0+cu130
torch-compile-dynamic	1	revisit	32	1123.9	150.7	torch-2.14.0+cu130
torch-compile-dynamic	1	revisit	48	1524.0	155.4	torch-2.14.0+cu130
torch-compile-dynamic	1	revisit	64	1578.3	160.7	torch-2.14.0+cu130
torch-compile-dynamic	1	revisit	96	1744.7	182.6	torch-2.14.0+cu130
torch-compile-dynamic	1	revisit	128	1940.0	190.0	torch-2.14.0+cu130
torch-compile-dynamic	1	revisit	32	1145.6	151.2	torch-2.14.0+cu130
torch-compile-dynamic	1	revisit	48	1534.2	170.2	torch-2.14.0+cu130
torch-compile-dynamic	1	revisit	64	1574.8	165.9	torch-2.14.0+cu130
torch-compile-dynamic	1	revisit	96	1748.3	176.9	torch-2.14.0+cu130
torch-compile-dynamic	1	revisit	128	1954.8	188.6	torch-2.14.0+cu130
torch-compile-dynamic	1	revisit	32	1113.9	148.8	torch-2.14.0+cu130
torch-compile-dynamic	1	revisit	48	1558.1	155.9	torch-2.14.0+cu130
torch-compile-dynamic	1	revisit	64	1560.0	161.4	torch-2.14.0+cu130
torch-compile-dynamic	1	revisit	96	1747.4	180.5	torch-2.14.0+cu130
torch-compile-dynamic	1	revisit	128	1947.4	189.8	torch-2.14.0+cu130
torch-compile-dynamic	1	revisit	32	1118.4	148.5	torch-2.14.0+cu130
torch-compile-dynamic	1	revisit	48	1518.2	153.5	torch-2.14.0+cu130
torch-compile-dynamic	1	revisit	64	1603.8	163.6	torch-2.14.0+cu130
torch-compile-dynamic	1	revisit	96	1759.1	183.3	torch-2.14.0+cu130
torch-compile-dynamic	1	revisit	128	1940.0	194.8	torch-2.14.0+cu130
torch-compile-dynamic	1	revisit	32	1115.8	149.0	torch-2.14.0+cu130
torch-compile-dynamic	1	revisit	48	1560.2	155.9	torch-2.14.0+cu130
torch-compile-dynamic	1	revisit	64	1578.6	161.2	torch-2.14.0+cu130
torch-compile-dynamic	1	revisit	96	1696.3	174.0	torch-2.14.0+cu130
torch-compile-dynamic	1	revisit	128	1879.5	187.9	torch-2.14.0+cu130
torch-compile-dynamic	1	revisit	32	1096.0	148.8	torch-2.14.0+cu130
torch-compile-dynamic	1	revisit	48	1469.1	165.0	torch-2.14.0+cu130
torch-compile-dynamic	1	revisit	64	1522.5	162.4	torch-2.14.0+cu130
torch-compile-dynamic	1	revisit	96	1689.9	177.1	torch-2.14.0+cu130
torch-compile-dynamic	1	revisit	128	1868.2	189.3	torch-2.14.0+cu130
torch-compile-dynamic	1	revisit	32	1096.2	155.4	torch-2.14.0+cu130
torch-compile-dynamic	1	revisit	48	1471.3	155.9	torch-2.14.0+cu130
torch-compile-dynamic	1	revisit	64	1531.6	160.7	torch-2.14.0+cu130
torch-compile-dynamic	1	revisit	96	1707.6	176.7	torch-2.14.0+cu130
torch-compile-dynamic	1	revisit	128	1872.1	188.6	torch-2.14.0+cu130
torch-compile-dynamic	1	revisit	32	1113.4	148.8	torch-2.14.0+cu130
torch-compile-dynamic	1	revisit	48	1505.4	157.4	torch-2.14.0+cu130
torch-compile-dynamic	1	revisit	64	1556.2	164.3	torch-2.14.0+cu130
torch-compile-dynamic	1	revisit	96	1692.5	177.4	torch-2.14.0+cu130
torch-compile-dynamic	1	revisit	128	1879.9	196.9	torch-2.14.0+cu130
torch-compile-dynamic	1	revisit	32	1102.7	150.4	torch-2.14.0+cu130
torch-compile-dynamic	1	revisit	48	1490.4	155.7	torch-2.14.0+cu130
torch-compile-dynamic	1	revisit	64	1531.6	162.4	torch-2.14.0+cu130
torch-compile-dynamic	1	revisit	96	1690.1	179.1	torch-2.14.0+cu130
torch-compile-dynamic	1	revisit	128	1877.3	208.1	torch-2.14.0+cu130
torch-compile-dynamic	1	revisit	32	1095.8	158.3	torch-2.14.0+cu130
torch-compile-dynamic	1	revisit	48	1510.6	157.1	torch-2.14.0+cu130
torch-compile-dynamic	1	revisit	64	1559.5	171.4	torch-2.14.0+cu130
torch-compile-dynamic	1	revisit	96	1696.6	182.2	torch-2.14.0+cu130
torch-compile-dynamic	1	revisit	128	1871.6	189.5	torch-2.14.0+cu130
torch-compile-dynamic	1	revisit	32	1106.7	152.1	torch-2.14.0+cu130
torch-compile-dynamic	1	revisit	48	1481.1	165.0	torch-2.14.0+cu130
torch-compile-dynamic	1	revisit	64	1558.1	160.9	torch-2.14.0+cu130
torch-compile-dynamic	1	revisit	96	1688.2	180.2	torch-2.14.0+cu130
torch-compile-dynamic	1	revisit	128	1881.8	192.4	torch-2.14.0+cu130
torch-compile-dynamic	1	revisit	32	1102.2	150.2	torch-2.14.0+cu130
torch-compile-dynamic	1	new	160	2368.7	202.9	torch-2.14.0+cu130
torch-compile-dynamic	1	new	192	2559.4	232.2	torch-2.14.0+cu130
torch-compile-dynamic	1	new	224	2946.1	242.2	torch-2.14.0+cu130
torch-compile-dynamic	1	new	256	3116.8	247.2	torch-2.14.0+cu130
torch-compile-dynamic	1	new	288	3679.8	260.8	torch-2.14.0+cu130
torch-compile-dynamic	1	new	160	2349.4	238.2	torch-2.14.0+cu130
torch-compile-dynamic	1	new	192	2525.1	230.6	torch-2.14.0+cu130
torch-compile-dynamic	1	new	224	2954.0	228.4	torch-2.14.0+cu130
torch-compile-dynamic	1	new	256	3028.2	274.2	torch-2.14.0+cu130
torch-compile-dynamic	1	new	288	3641.8	262.0	torch-2.14.0+cu130
torch-compile-dynamic	1	new	160	2361.5	202.4	torch-2.14.0+cu130
torch-compile-dynamic	1	new	192	2596.4	212.4	torch-2.14.0+cu130
torch-compile-dynamic	1	new	224	3012.2	229.1	torch-2.14.0+cu130
torch-compile-dynamic	1	new	256	3091.3	238.7	torch-2.14.0+cu130
torch-compile-dynamic	1	new	288	3749.8	250.1	torch-2.14.0+cu130
torch-compile-dynamic	1	new	160	2359.4	201.0	torch-2.14.0+cu130
torch-compile-dynamic	1	new	192	2593.3	214.6	torch-2.14.0+cu130
torch-compile-dynamic	1	new	224	3018.9	229.4	torch-2.14.0+cu130
torch-compile-dynamic	1	new	256	3115.9	252.0	torch-2.14.0+cu130
torch-compile-dynamic	1	new	288	3755.3	262.3	torch-2.14.0+cu130
torch-compile-dynamic	1	new	160	2386.6	212.2	torch-2.14.0+cu130
torch-compile-dynamic	1	new	192	2620.5	222.0	torch-2.14.0+cu130
torch-compile-dynamic	1	new	224	3036.5	237.7	torch-2.14.0+cu130
torch-compile-dynamic	1	new	256	3111.6	256.1	torch-2.14.0+cu130
torch-compile-dynamic	1	new	288	3766.3	258.0	torch-2.14.0+cu130
torch-compile-dynamic	1	new	160	2374.9	213.1	torch-2.14.0+cu130
torch-compile-dynamic	1	new	192	2611.4	234.8	torch-2.14.0+cu130
torch-compile-dynamic	1	new	224	3031.5	226.3	torch-2.14.0+cu130
torch-compile-dynamic	1	new	256	3099.0	248.9	torch-2.14.0+cu130
torch-compile-dynamic	1	new	288	3757.7	257.0	torch-2.14.0+cu130
torch-compile-dynamic	1	new	160	2373.9	201.7	torch-2.14.0+cu130
torch-compile-dynamic	1	new	192	2606.9	223.4	torch-2.14.0+cu130
torch-compile-dynamic	1	new	224	3033.9	223.9	torch-2.14.0+cu130
torch-compile-dynamic	1	new	256	3100.4	241.8	torch-2.14.0+cu130
torch-compile-dynamic	1	new	288	3757.2	247.0	torch-2.14.0+cu130
torch-compile-dynamic	1	new	160	2368.5	199.8	torch-2.14.0+cu130
torch-compile-dynamic	1	new	192	2599.5	224.8	torch-2.14.0+cu130
torch-compile-dynamic	1	new	224	3029.1	232.7	torch-2.14.0+cu130
torch-compile-dynamic	1	new	256	3106.6	239.4	torch-2.14.0+cu130
torch-compile-dynamic	1	new	288	3773.7	251.8	torch-2.14.0+cu130
torch-compile-dynamic	1	new	160	2382.8	199.3	torch-2.14.0+cu130
torch-compile-dynamic	1	new	192	2611.6	210.5	torch-2.14.0+cu130
torch-compile-dynamic	1	new	224	3032.7	231.7	torch-2.14.0+cu130
torch-compile-dynamic	1	new	256	3093.0	240.1	torch-2.14.0+cu130
torch-compile-dynamic	1	new	288	3752.2	256.5	torch-2.14.0+cu130
torch-compile-dynamic	1	new	160	2367.7	202.7	torch-2.14.0+cu130
torch-compile-dynamic	1	new	192	2599.7	212.4	torch-2.14.0+cu130
torch-compile-dynamic	1	new	224	3032.4	237.7	torch-2.14.0+cu130
torch-compile-dynamic	1	new	256	3112.6	244.9	torch-2.14.0+cu130
torch-compile-dynamic	1	new	288	3783.9	257.5	torch-2.14.0+cu130
torch-compile-dynamic	1	new	160	2388.5	216.2	torch-2.14.0+cu130
torch-compile-dynamic	1	new	192	2623.3	216.7	torch-2.14.0+cu130
torch-compile-dynamic	1	new	224	3039.8	228.4	torch-2.14.0+cu130
torch-compile-dynamic	1	new	256	3110.9	239.4	torch-2.14.0+cu130
torch-compile-dynamic	1	new	288	3787.0	261.3	torch-2.14.0+cu130
torch-compile-dynamic	1	new	160	2395.9	211.0	torch-2.14.0+cu130
torch-compile-dynamic	1	new	192	2622.8	219.6	torch-2.14.0+cu130
torch-compile-dynamic	1	new	224	3043.4	230.1	torch-2.14.0+cu130
torch-compile-dynamic	1	new	256	3109.5	243.4	torch-2.14.0+cu130
torch-compile-dynamic	1	new	288	3770.8	266.6	torch-2.14.0+cu130
torch-compile-dynamic	1	new	160	2382.5	209.6	torch-2.14.0+cu130
torch-compile-dynamic	1	new	192	2613.5	213.1	torch-2.14.0+cu130
torch-compile-dynamic	1	new	224	3035.3	225.3	torch-2.14.0+cu130
torch-compile-dynamic	1	new	256	3116.4	239.8	torch-2.14.0+cu130
torch-compile-dynamic	1	new	288	3762.0	260.4	torch-2.14.0+cu130
torch-compile-dynamic	1	new	160	2385.9	212.7	torch-2.14.0+cu130
ours	2	first	32	26394.8	960.1	ddc8008cdeaf
ours	2	first	48	27577.2	870.9	ddc8008cdeaf
ours	2	first	64	2932.1	3072.0	ddc8008cdeaf
ours	2	first	96	11503.2	2170.8	ddc8008cdeaf
ours	2	first	128	16829.0	4041.9	ddc8008cdeaf
ours	2	first	32	7194.0	289.0	ddc8008cdeaf
ours	2	first	48	1412.9	409.1	ddc8008cdeaf
ours	2	first	64	1441.0	473.0	ddc8008cdeaf
ours	2	first	96	1727.1	787.0	ddc8008cdeaf
ours	2	first	128	6206.0	1003.0	ddc8008cdeaf
ours	2	first	32	3338.1	349.0	ddc8008cdeaf
ours	2	first	48	1376.2	499.0	ddc8008cdeaf
ours	2	first	64	1429.1	512.8	ddc8008cdeaf
ours	2	first	96	1729.0	787.0	ddc8008cdeaf
ours	2	first	128	2049.0	1013.0	ddc8008cdeaf
ours	2	first	32	3969.2	253.0	ddc8008cdeaf
ours	2	first	48	1376.9	433.9	ddc8008cdeaf
ours	2	first	64	1441.0	523.1	ddc8008cdeaf
ours	2	first	96	1715.2	791.8	ddc8008cdeaf
ours	2	first	128	2046.1	954.9	ddc8008cdeaf
ours	2	first	32	975.1	221.0	ddc8008cdeaf
ours	2	first	48	4096.0	328.1	ddc8008cdeaf
ours	2	first	64	1428.8	605.1	ddc8008cdeaf
ours	2	first	96	1720.2	753.9	ddc8008cdeaf
ours	2	first	128	2036.8	958.2	ddc8008cdeaf
ours	2	first	32	975.8	218.2	ddc8008cdeaf
ours	2	first	48	4172.8	343.1	ddc8008cdeaf
ours	2	first	64	1447.9	556.9	ddc8008cdeaf
ours	2	first	96	1734.0	798.0	ddc8008cdeaf
ours	2	first	128	2079.0	1000.9	ddc8008cdeaf
ours	2	first	32	977.0	230.1	ddc8008cdeaf
ours	2	first	48	1382.1	374.1	ddc8008cdeaf
ours	2	first	64	4389.0	504.0	ddc8008cdeaf
ours	2	first	96	1734.0	869.0	ddc8008cdeaf
ours	2	first	128	2079.0	1128.9	ddc8008cdeaf
ours	2	first	32	978.0	250.1	ddc8008cdeaf
ours	2	first	48	1395.9	381.0	ddc8008cdeaf
ours	2	first	64	1442.9	484.0	ddc8008cdeaf
ours	2	first	96	1717.1	721.0	ddc8008cdeaf
ours	2	first	128	4582.9	938.2	ddc8008cdeaf
ours	2	first	32	984.0	281.1	ddc8008cdeaf
ours	2	first	48	1409.8	422.0	ddc8008cdeaf
ours	2	first	64	1440.0	540.0	ddc8008cdeaf
ours	2	first	96	1745.0	802.0	ddc8008cdeaf
ours	2	first	128	2064.0	1033.1	ddc8008cdeaf
ours	2	first	32	982.0	249.9	ddc8008cdeaf
ours	2	first	48	1375.9	376.9	ddc8008cdeaf
ours	2	first	64	1421.0	495.0	ddc8008cdeaf
ours	2	first	96	1710.9	760.1	ddc8008cdeaf
ours	2	first	128	4481.8	1007.1	ddc8008cdeaf
ours	2	first	32	990.9	252.0	ddc8008cdeaf
ours	2	first	48	1365.2	403.9	ddc8008cdeaf
ours	2	first	64	1430.0	579.8	ddc8008cdeaf
ours	2	first	96	1739.0	875.0	ddc8008cdeaf
ours	2	first	128	2101.9	1142.0	ddc8008cdeaf
ours	2	first	32	983.0	277.0	ddc8008cdeaf
ours	2	first	48	1371.1	412.9	ddc8008cdeaf
ours	2	first	64	1466.0	561.0	ddc8008cdeaf
ours	2	first	96	1724.0	798.0	ddc8008cdeaf
ours	2	first	128	2076.1	1107.9	ddc8008cdeaf
ours	2	first	32	974.9	253.0	ddc8008cdeaf
ours	2	first	48	4418.1	376.0	ddc8008cdeaf
ours	2	first	64	1466.0	664.0	ddc8008cdeaf
ours	2	first	96	1740.0	900.0	ddc8008cdeaf
ours	2	first	128	2067.1	1139.9	ddc8008cdeaf
ours	2	first	32	978.9	246.0	ddc8008cdeaf
ours	2	revisit	32	992.1	260.8	ddc8008cdeaf
ours	2	revisit	48	1393.1	371.0	ddc8008cdeaf
ours	2	revisit	64	1414.1	860.9	ddc8008cdeaf
ours	2	revisit	96	1741.9	777.0	ddc8008cdeaf
ours	2	revisit	128	2083.1	988.0	ddc8008cdeaf
ours	2	revisit	32	4120.1	245.8	ddc8008cdeaf
ours	2	revisit	48	1393.1	428.0	ddc8008cdeaf
ours	2	revisit	64	1429.8	926.0	ddc8008cdeaf
ours	2	revisit	96	1722.1	864.0	ddc8008cdeaf
ours	2	revisit	128	2067.8	1056.2	ddc8008cdeaf
ours	2	revisit	32	971.1	245.1	ddc8008cdeaf
ours	2	revisit	48	1385.0	368.1	ddc8008cdeaf
ours	2	revisit	64	1436.9	495.0	ddc8008cdeaf
ours	2	revisit	96	1721.9	714.1	ddc8008cdeaf
ours	2	revisit	128	2094.0	994.9	ddc8008cdeaf
ours	2	revisit	32	980.1	232.0	ddc8008cdeaf
ours	2	revisit	48	1387.8	461.1	ddc8008cdeaf
ours	2	revisit	64	4433.2	546.9	ddc8008cdeaf
ours	2	revisit	96	1714.9	931.0	ddc8008cdeaf
ours	2	revisit	128	2075.0	1032.1	ddc8008cdeaf
ours	2	revisit	32	976.1	290.9	ddc8008cdeaf
ours	2	revisit	48	1385.0	360.0	ddc8008cdeaf
ours	2	revisit	64	1432.9	510.0	ddc8008cdeaf
ours	2	revisit	96	1721.9	719.1	ddc8008cdeaf
ours	2	revisit	128	2086.9	925.1	ddc8008cdeaf
ours	2	revisit	32	973.9	268.0	ddc8008cdeaf
ours	2	revisit	48	1376.2	366.0	ddc8008cdeaf
ours	2	revisit	64	1432.9	500.0	ddc8008cdeaf
ours	2	revisit	96	4586.0	731.0	ddc8008cdeaf
ours	2	revisit	128	1985.1	1261.0	ddc8008cdeaf
ours	2	revisit	32	954.9	320.0	ddc8008cdeaf
ours	2	revisit	48	1310.1	380.0	ddc8008cdeaf
ours	2	revisit	64	1425.0	534.1	ddc8008cdeaf
ours	2	revisit	96	1665.1	763.9	ddc8008cdeaf
ours	2	revisit	128	1997.0	974.2	ddc8008cdeaf
ours	2	revisit	32	948.9	280.1	ddc8008cdeaf
ours	2	revisit	48	1332.0	372.9	ddc8008cdeaf
ours	2	revisit	64	1391.9	525.0	ddc8008cdeaf
ours	2	revisit	96	1660.1	745.1	ddc8008cdeaf
ours	2	revisit	128	4401.0	986.1	ddc8008cdeaf
ours	2	revisit	32	957.0	275.1	ddc8008cdeaf
ours	2	revisit	48	1347.1	436.1	ddc8008cdeaf
ours	2	revisit	64	1384.0	587.0	ddc8008cdeaf
ours	2	revisit	96	1673.0	805.1	ddc8008cdeaf
ours	2	revisit	128	1984.1	1007.8	ddc8008cdeaf
ours	2	revisit	32	946.0	275.9	ddc8008cdeaf
ours	2	revisit	48	1328.0	385.0	ddc8008cdeaf
ours	2	revisit	64	1372.8	537.2	ddc8008cdeaf
ours	2	revisit	96	1658.9	762.0	ddc8008cdeaf
ours	2	revisit	128	1998.2	973.0	ddc8008cdeaf
ours	2	revisit	32	947.0	271.1	ddc8008cdeaf
ours	2	revisit	48	1324.9	354.1	ddc8008cdeaf
ours	2	revisit	64	1367.1	495.9	ddc8008cdeaf
ours	2	revisit	96	1666.1	731.0	ddc8008cdeaf
ours	2	revisit	128	4843.0	989.0	ddc8008cdeaf
ours	2	revisit	32	954.9	294.0	ddc8008cdeaf
ours	2	revisit	48	1370.0	450.1	ddc8008cdeaf
ours	2	revisit	64	1395.0	596.0	ddc8008cdeaf
ours	2	revisit	96	1669.9	831.1	ddc8008cdeaf
ours	2	revisit	128	1990.1	1031.9	ddc8008cdeaf
ours	2	revisit	32	951.1	289.0	ddc8008cdeaf
ours	2	revisit	48	1319.2	366.0	ddc8008cdeaf
ours	2	revisit	64	1429.1	522.9	ddc8008cdeaf
ours	2	revisit	96	1660.1	748.9	ddc8008cdeaf
ours	2	revisit	128	4257.9	956.1	ddc8008cdeaf
ours	2	revisit	32	957.0	276.8	ddc8008cdeaf
ours	2	new	160	16675.9	5878.0	ddc8008cdeaf
ours	2	new	192	14221.9	7273.9	ddc8008cdeaf
ours	2	new	224	12337.0	10011.0	ddc8008cdeaf
ours	2	new	256	13793.9	14686.1	ddc8008cdeaf
ours	2	new	288	17118.9	18673.2	ddc8008cdeaf
ours	2	new	160	2440.0	1689.0	ddc8008cdeaf
ours	2	new	192	2728.0	1596.0	ddc8008cdeaf
ours	2	new	224	3199.8	2863.2	ddc8008cdeaf
ours	2	new	256	5198.0	4378.8	ddc8008cdeaf
ours	2	new	288	3826.9	5111.9	ddc8008cdeaf
ours	2	new	160	5172.0	1745.9	ddc8008cdeaf
ours	2	new	192	2740.9	2403.0	ddc8008cdeaf
ours	2	new	224	3155.9	2329.1	ddc8008cdeaf
ours	2	new	256	3293.0	4149.0	ddc8008cdeaf
ours	2	new	288	3843.1	4948.1	ddc8008cdeaf
ours	2	new	160	5960.0	1863.0	ddc8008cdeaf
ours	2	new	192	2758.0	2616.2	ddc8008cdeaf
ours	2	new	224	4597.9	2222.1	ddc8008cdeaf
ours	2	new	256	3275.9	4256.0	ddc8008cdeaf
ours	2	new	288	3833.1	5069.0	ddc8008cdeaf
ours	2	new	160	2500.1	2039.0	ddc8008cdeaf
ours	2	new	192	2792.1	2160.1	ddc8008cdeaf
ours	2	new	224	6414.9	2711.1	ddc8008cdeaf
ours	2	new	256	3401.0	5245.0	ddc8008cdeaf
ours	2	new	288	3842.8	4970.1	ddc8008cdeaf
ours	2	new	160	2472.9	1825.1	ddc8008cdeaf
ours	2	new	192	5680.8	2130.0	ddc8008cdeaf
ours	2	new	224	3230.1	2841.9	ddc8008cdeaf
ours	2	new	256	3343.1	4893.8	ddc8008cdeaf
ours	2	new	288	3850.0	4746.0	ddc8008cdeaf
ours	2	new	160	2466.0	1711.8	ddc8008cdeaf
ours	2	new	192	2739.9	1824.1	ddc8008cdeaf
ours	2	new	224	6056.1	2232.1	ddc8008cdeaf
ours	2	new	256	3330.9	4787.0	ddc8008cdeaf
ours	2	new	288	3849.0	4882.8	ddc8008cdeaf
ours	2	new	160	2480.0	1901.1	ddc8008cdeaf
ours	2	new	192	2773.0	1770.0	ddc8008cdeaf
ours	2	new	224	3168.1	2469.1	ddc8008cdeaf
ours	2	new	256	3332.9	4726.2	ddc8008cdeaf
ours	2	new	288	7038.8	4975.1	ddc8008cdeaf
ours	2	new	160	2529.1	2114.8	ddc8008cdeaf
ours	2	new	192	2762.1	2228.0	ddc8008cdeaf
ours	2	new	224	3186.0	2563.0	ddc8008cdeaf
ours	2	new	256	3321.9	4653.2	ddc8008cdeaf
ours	2	new	288	3861.0	4896.9	ddc8008cdeaf
ours	2	new	160	6263.0	2038.0	ddc8008cdeaf
ours	2	new	192	2800.9	2470.0	ddc8008cdeaf
ours	2	new	224	3197.0	2485.0	ddc8008cdeaf
ours	2	new	256	3374.8	5234.0	ddc8008cdeaf
ours	2	new	288	3922.9	5398.0	ddc8008cdeaf
ours	2	new	160	2537.0	1776.0	ddc8008cdeaf
ours	2	new	192	2754.0	2098.1	ddc8008cdeaf
ours	2	new	224	3178.1	2356.1	ddc8008cdeaf
ours	2	new	256	5831.0	4610.1	ddc8008cdeaf
ours	2	new	288	3922.9	5609.0	ddc8008cdeaf
ours	2	new	160	2474.1	1811.0	ddc8008cdeaf
ours	2	new	192	2780.2	2178.9	ddc8008cdeaf
ours	2	new	224	3210.1	2684.8	ddc8008cdeaf
ours	2	new	256	3353.1	4579.8	ddc8008cdeaf
ours	2	new	288	6883.1	4949.8	ddc8008cdeaf
ours	2	new	160	2480.0	1858.9	ddc8008cdeaf
ours	2	new	192	2777.1	2021.8	ddc8008cdeaf
ours	2	new	224	3207.9	2968.1	ddc8008cdeaf
ours	2	new	256	3355.0	4721.9	ddc8008cdeaf
ours	2	new	288	3928.2	5493.9	ddc8008cdeaf
ours	2	new	160	2500.1	1881.8	ddc8008cdeaf
torch-eager	2	first	32	3176.0	165.2	torch-2.14.0+cu130
torch-eager	2	first	48	4034.3	191.5	torch-2.14.0+cu130
torch-eager	2	first	64	2946.1	209.3	torch-2.14.0+cu130
torch-eager	2	first	96	3284.0	234.1	torch-2.14.0+cu130
torch-eager	2	first	128	3598.0	221.3	torch-2.14.0+cu130
torch-eager	2	first	32	2504.6	164.3	torch-2.14.0+cu130
torch-eager	2	first	48	2579.2	180.7	torch-2.14.0+cu130
torch-eager	2	first	64	3427.7	166.7	torch-2.14.0+cu130
torch-eager	2	first	96	3385.1	250.8	torch-2.14.0+cu130
torch-eager	2	first	128	2823.8	217.0	torch-2.14.0+cu130
torch-eager	2	first	32	2520.6	230.1	torch-2.14.0+cu130
torch-eager	2	first	48	2481.0	166.9	torch-2.14.0+cu130
torch-eager	2	first	64	2505.1	165.5	torch-2.14.0+cu130
torch-eager	2	first	96	3109.0	190.3	torch-2.14.0+cu130
torch-eager	2	first	128	3608.2	196.5	torch-2.14.0+cu130
torch-eager	2	first	32	2763.0	221.7	torch-2.14.0+cu130
torch-eager	2	first	48	2497.0	159.7	torch-2.14.0+cu130
torch-eager	2	first	64	2524.1	155.2	torch-2.14.0+cu130
torch-eager	2	first	96	3366.0	236.3	torch-2.14.0+cu130
torch-eager	2	first	128	3421.5	231.0	torch-2.14.0+cu130
torch-eager	2	first	32	3104.4	183.1	torch-2.14.0+cu130
torch-eager	2	first	48	3271.8	207.4	torch-2.14.0+cu130
torch-eager	2	first	64	2483.6	180.5	torch-2.14.0+cu130
torch-eager	2	first	96	2551.1	167.1	torch-2.14.0+cu130
torch-eager	2	first	128	3771.5	228.4	torch-2.14.0+cu130
torch-eager	2	first	32	2440.5	162.1	torch-2.14.0+cu130
torch-eager	2	first	48	3227.5	199.6	torch-2.14.0+cu130
torch-eager	2	first	64	2531.3	174.5	torch-2.14.0+cu130
torch-eager	2	first	96	2551.3	176.9	torch-2.14.0+cu130
torch-eager	2	first	128	3225.8	174.5	torch-2.14.0+cu130
torch-eager	2	first	32	2750.9	186.9	torch-2.14.0+cu130
torch-eager	2	first	48	2571.3	147.1	torch-2.14.0+cu130
torch-eager	2	first	64	2498.4	152.1	torch-2.14.0+cu130
torch-eager	2	first	96	2564.2	164.7	torch-2.14.0+cu130
torch-eager	2	first	128	3067.5	177.1	torch-2.14.0+cu130
torch-eager	2	first	32	2367.7	156.6	torch-2.14.0+cu130
torch-eager	2	first	48	2790.2	145.7	torch-2.14.0+cu130
torch-eager	2	first	64	2548.0	162.8	torch-2.14.0+cu130
torch-eager	2	first	96	2540.8	165.9	torch-2.14.0+cu130
torch-eager	2	first	128	2647.9	191.5	torch-2.14.0+cu130
torch-eager	2	first	32	2271.7	134.7	torch-2.14.0+cu130
torch-eager	2	first	48	2491.5	142.6	torch-2.14.0+cu130
torch-eager	2	first	64	2523.7	155.7	torch-2.14.0+cu130
torch-eager	2	first	96	3013.8	164.3	torch-2.14.0+cu130
torch-eager	2	first	128	2901.3	201.7	torch-2.14.0+cu130
torch-eager	2	first	32	2367.5	136.1	torch-2.14.0+cu130
torch-eager	2	first	48	2676.2	224.1	torch-2.14.0+cu130
torch-eager	2	first	64	2516.0	162.1	torch-2.14.0+cu130
torch-eager	2	first	96	2589.2	168.6	torch-2.14.0+cu130
torch-eager	2	first	128	2699.4	183.6	torch-2.14.0+cu130
torch-eager	2	first	32	2344.4	134.9	torch-2.14.0+cu130
torch-eager	2	first	48	2475.0	142.6	torch-2.14.0+cu130
torch-eager	2	first	64	3059.6	148.1	torch-2.14.0+cu130
torch-eager	2	first	96	4054.5	242.7	torch-2.14.0+cu130
torch-eager	2	first	128	2692.0	287.3	torch-2.14.0+cu130
torch-eager	2	first	32	2286.4	143.8	torch-2.14.0+cu130
torch-eager	2	first	48	2486.0	145.0	torch-2.14.0+cu130
torch-eager	2	first	64	2780.4	157.4	torch-2.14.0+cu130
torch-eager	2	first	96	2768.8	239.8	torch-2.14.0+cu130
torch-eager	2	first	128	2883.4	252.7	torch-2.14.0+cu130
torch-eager	2	first	32	2456.2	139.2	torch-2.14.0+cu130
torch-eager	2	first	48	2621.2	151.2	torch-2.14.0+cu130
torch-eager	2	first	64	2502.4	159.0	torch-2.14.0+cu130
torch-eager	2	first	96	2944.7	166.4	torch-2.14.0+cu130
torch-eager	2	first	128	2623.6	182.4	torch-2.14.0+cu130
torch-eager	2	first	32	2294.8	134.5	torch-2.14.0+cu130
torch-eager	2	revisit	32	2266.2	135.9	torch-2.14.0+cu130
torch-eager	2	revisit	48	2543.0	141.4	torch-2.14.0+cu130
torch-eager	2	revisit	64	2552.7	155.2	torch-2.14.0+cu130
torch-eager	2	revisit	96	2559.2	160.7	torch-2.14.0+cu130
torch-eager	2	revisit	128	2615.9	179.1	torch-2.14.0+cu130
torch-eager	2	revisit	32	2286.4	132.8	torch-2.14.0+cu130
torch-eager	2	revisit	48	2519.8	136.1	torch-2.14.0+cu130
torch-eager	2	revisit	64	2470.5	147.1	torch-2.14.0+cu130
torch-eager	2	revisit	96	2634.0	164.7	torch-2.14.0+cu130
torch-eager	2	revisit	128	2669.8	176.7	torch-2.14.0+cu130
torch-eager	2	revisit	32	3036.3	134.9	torch-2.14.0+cu130
torch-eager	2	revisit	48	2850.3	195.7	torch-2.14.0+cu130
torch-eager	2	revisit	64	2543.7	159.0	torch-2.14.0+cu130
torch-eager	2	revisit	96	2570.4	168.3	torch-2.14.0+cu130
torch-eager	2	revisit	128	2630.9	181.2	torch-2.14.0+cu130
torch-eager	2	revisit	32	2312.2	148.3	torch-2.14.0+cu130
torch-eager	2	revisit	48	2959.7	140.7	torch-2.14.0+cu130
torch-eager	2	revisit	64	2505.3	150.9	torch-2.14.0+cu130
torch-eager	2	revisit	96	2719.6	166.9	torch-2.14.0+cu130
torch-eager	2	revisit	128	2678.9	193.8	torch-2.14.0+cu130
torch-eager	2	revisit	32	2559.4	211.7	torch-2.14.0+cu130
torch-eager	2	revisit	48	2488.1	148.8	torch-2.14.0+cu130
torch-eager	2	revisit	64	2531.3	150.4	torch-2.14.0+cu130
torch-eager	2	revisit	96	2556.6	167.6	torch-2.14.0+cu130
torch-eager	2	revisit	128	3054.6	174.0	torch-2.14.0+cu130
torch-eager	2	revisit	32	2507.0	146.6	torch-2.14.0+cu130
torch-eager	2	revisit	48	2893.9	195.7	torch-2.14.0+cu130
torch-eager	2	revisit	64	2509.8	152.1	torch-2.14.0+cu130
torch-eager	2	revisit	96	2798.3	167.1	torch-2.14.0+cu130
torch-eager	2	revisit	128	2742.1	182.9	torch-2.14.0+cu130
torch-eager	2	revisit	32	2301.7	137.6	torch-2.14.0+cu130
torch-eager	2	revisit	48	2785.9	140.4	torch-2.14.0+cu130
torch-eager	2	revisit	64	2718.0	149.5	torch-2.14.0+cu130
torch-eager	2	revisit	96	2562.3	177.1	torch-2.14.0+cu130
torch-eager	2	revisit	128	2958.8	181.7	torch-2.14.0+cu130
torch-eager	2	revisit	32	2304.3	143.5	torch-2.14.0+cu130
torch-eager	2	revisit	48	2938.0	156.2	torch-2.14.0+cu130
torch-eager	2	revisit	64	2553.9	151.2	torch-2.14.0+cu130
torch-eager	2	revisit	96	2551.3	163.6	torch-2.14.0+cu130
torch-eager	2	revisit	128	3057.7	183.1	torch-2.14.0+cu130
torch-eager	2	revisit	32	2456.9	179.3	torch-2.14.0+cu130
torch-eager	2	revisit	48	2616.2	145.0	torch-2.14.0+cu130
torch-eager	2	revisit	64	3557.4	215.1	torch-2.14.0+cu130
torch-eager	2	revisit	96	2624.8	182.4	torch-2.14.0+cu130
torch-eager	2	revisit	128	2765.2	173.8	torch-2.14.0+cu130
torch-eager	2	revisit	32	2287.4	135.7	torch-2.14.0+cu130
torch-eager	2	revisit	48	2465.0	142.1	torch-2.14.0+cu130
torch-eager	2	revisit	64	2538.9	145.2	torch-2.14.0+cu130
torch-eager	2	revisit	96	2547.3	170.7	torch-2.14.0+cu130
torch-eager	2	revisit	128	2878.2	190.3	torch-2.14.0+cu130
torch-eager	2	revisit	32	2955.7	139.7	torch-2.14.0+cu130
torch-eager	2	revisit	48	3274.0	143.3	torch-2.14.0+cu130
torch-eager	2	revisit	64	3739.1	211.0	torch-2.14.0+cu130
torch-eager	2	revisit	96	3060.3	236.5	torch-2.14.0+cu130
torch-eager	2	revisit	128	2745.4	205.3	torch-2.14.0+cu130
torch-eager	2	revisit	32	2625.5	161.4	torch-2.14.0+cu130
torch-eager	2	revisit	48	2477.9	146.9	torch-2.14.0+cu130
torch-eager	2	revisit	64	2705.1	155.9	torch-2.14.0+cu130
torch-eager	2	revisit	96	2632.6	181.9	torch-2.14.0+cu130
torch-eager	2	revisit	128	2996.4	188.1	torch-2.14.0+cu130
torch-eager	2	revisit	32	2302.9	144.5	torch-2.14.0+cu130
torch-eager	2	revisit	48	3010.0	144.2	torch-2.14.0+cu130
torch-eager	2	revisit	64	2657.4	217.0	torch-2.14.0+cu130
torch-eager	2	revisit	96	2557.8	173.1	torch-2.14.0+cu130
torch-eager	2	revisit	128	2636.0	186.7	torch-2.14.0+cu130
torch-eager	2	revisit	32	3436.6	222.0	torch-2.14.0+cu130
torch-eager	2	new	160	3851.4	226.5	torch-2.14.0+cu130
torch-eager	2	new	192	3010.0	237.9	torch-2.14.0+cu130
torch-eager	2	new	224	3332.1	235.6	torch-2.14.0+cu130
torch-eager	2	new	256	3553.9	259.2	torch-2.14.0+cu130
torch-eager	2	new	288	4196.4	270.8	torch-2.14.0+cu130
torch-eager	2	new	160	2846.2	207.7	torch-2.14.0+cu130
torch-eager	2	new	192	2882.7	215.1	torch-2.14.0+cu130
torch-eager	2	new	224	3260.4	234.1	torch-2.14.0+cu130
torch-eager	2	new	256	3427.5	257.7	torch-2.14.0+cu130
torch-eager	2	new	288	4098.7	257.0	torch-2.14.0+cu130
torch-eager	2	new	160	2923.3	212.0	torch-2.14.0+cu130
torch-eager	2	new	192	2916.1	235.3	torch-2.14.0+cu130
torch-eager	2	new	224	3322.4	218.6	torch-2.14.0+cu130
torch-eager	2	new	256	3826.4	342.6	torch-2.14.0+cu130
torch-eager	2	new	288	4153.0	267.0	torch-2.14.0+cu130
torch-eager	2	new	160	3625.2	222.2	torch-2.14.0+cu130
torch-eager	2	new	192	2975.9	217.2	torch-2.14.0+cu130
torch-eager	2	new	224	3398.7	218.4	torch-2.14.0+cu130
torch-eager	2	new	256	4055.5	248.4	torch-2.14.0+cu130
torch-eager	2	new	288	4149.9	264.9	torch-2.14.0+cu130
torch-eager	2	new	160	2932.5	234.1	torch-2.14.0+cu130
torch-eager	2	new	192	3625.4	228.9	torch-2.14.0+cu130
torch-eager	2	new	224	3314.0	223.4	torch-2.14.0+cu130
torch-eager	2	new	256	3474.5	239.4	torch-2.14.0+cu130
torch-eager	2	new	288	4138.5	252.5	torch-2.14.0+cu130
torch-eager	2	new	160	3434.9	192.4	torch-2.14.0+cu130
torch-eager	2	new	192	2905.4	216.7	torch-2.14.0+cu130
torch-eager	2	new	224	3298.0	220.5	torch-2.14.0+cu130
torch-eager	2	new	256	3692.6	238.7	torch-2.14.0+cu130
torch-eager	2	new	288	4170.7	249.6	torch-2.14.0+cu130
torch-eager	2	new	160	2804.3	193.8	torch-2.14.0+cu130
torch-eager	2	new	192	2890.3	202.9	torch-2.14.0+cu130
torch-eager	2	new	224	3312.3	212.0	torch-2.14.0+cu130
torch-eager	2	new	256	3701.4	228.2	torch-2.14.0+cu130
torch-eager	2	new	288	4168.3	252.7	torch-2.14.0+cu130
torch-eager	2	new	160	3321.9	259.2	torch-2.14.0+cu130
torch-eager	2	new	192	3149.7	212.7	torch-2.14.0+cu130
torch-eager	2	new	224	3539.1	238.4	torch-2.14.0+cu130
torch-eager	2	new	256	3502.8	235.1	torch-2.14.0+cu130
torch-eager	2	new	288	4199.7	245.8	torch-2.14.0+cu130
torch-eager	2	new	160	2982.6	267.7	torch-2.14.0+cu130
torch-eager	2	new	192	3306.9	205.0	torch-2.14.0+cu130
torch-eager	2	new	224	3342.9	219.8	torch-2.14.0+cu130
torch-eager	2	new	256	3496.6	226.3	torch-2.14.0+cu130
torch-eager	2	new	288	4150.6	255.6	torch-2.14.0+cu130
torch-eager	2	new	160	2835.5	192.6	torch-2.14.0+cu130
torch-eager	2	new	192	2999.5	200.3	torch-2.14.0+cu130
torch-eager	2	new	224	3339.1	221.7	torch-2.14.0+cu130
torch-eager	2	new	256	3485.7	230.3	torch-2.14.0+cu130
torch-eager	2	new	288	4168.5	251.8	torch-2.14.0+cu130
torch-eager	2	new	160	2901.6	186.9	torch-2.14.0+cu130
torch-eager	2	new	192	2914.9	204.8	torch-2.14.0+cu130
torch-eager	2	new	224	3370.8	211.0	torch-2.14.0+cu130
torch-eager	2	new	256	3498.1	226.0	torch-2.14.0+cu130
torch-eager	2	new	288	4178.5	249.4	torch-2.14.0+cu130
torch-eager	2	new	160	2855.1	192.9	torch-2.14.0+cu130
torch-eager	2	new	192	2906.1	199.8	torch-2.14.0+cu130
torch-eager	2	new	224	3317.8	214.3	torch-2.14.0+cu130
torch-eager	2	new	256	4150.4	322.3	torch-2.14.0+cu130
torch-eager	2	new	288	4259.1	301.4	torch-2.14.0+cu130
torch-eager	2	new	160	2827.2	193.8	torch-2.14.0+cu130
torch-eager	2	new	192	2918.2	201.5	torch-2.14.0+cu130
torch-eager	2	new	224	3327.8	212.7	torch-2.14.0+cu130
torch-eager	2	new	256	3525.5	237.5	torch-2.14.0+cu130
torch-eager	2	new	288	4217.1	242.7	torch-2.14.0+cu130
torch-eager	2	new	160	3764.6	259.4	torch-2.14.0+cu130
torch-compile-static	2	first	32	427629.0	154.0	torch-2.14.0+cu130
torch-compile-static	2	first	48	509970.9	340.5	torch-2.14.0+cu130
torch-compile-static	2	first	64	427695.3	345.9	torch-2.14.0+cu130
torch-compile-static	2	first	96	374590.9	335.0	torch-2.14.0+cu130
torch-compile-static	2	first	128	351268.1	329.3	torch-2.14.0+cu130
torch-compile-static	2	first	32	1139.4	271.1	torch-2.14.0+cu130
torch-compile-static	2	first	48	1461.3	198.8	torch-2.14.0+cu130
torch-compile-static	2	first	64	1502.0	207.7	torch-2.14.0+cu130
torch-compile-static	2	first	96	1708.5	199.3	torch-2.14.0+cu130
torch-compile-static	2	first	128	1851.6	206.5	torch-2.14.0+cu130
torch-compile-static	2	first	32	1089.6	166.2	torch-2.14.0+cu130
torch-compile-static	2	first	48	1439.3	161.9	torch-2.14.0+cu130
torch-compile-static	2	first	64	1440.8	165.2	torch-2.14.0+cu130
torch-compile-static	2	first	96	1684.0	176.0	torch-2.14.0+cu130
torch-compile-static	2	first	128	1822.7	192.9	torch-2.14.0+cu130
torch-compile-static	2	first	32	1061.9	149.5	torch-2.14.0+cu130
torch-compile-static	2	first	48	1395.2	149.0	torch-2.14.0+cu130
torch-compile-static	2	first	64	1468.2	151.9	torch-2.14.0+cu130
torch-compile-static	2	first	96	1668.9	167.1	torch-2.14.0+cu130
torch-compile-static	2	first	128	1818.4	177.6	torch-2.14.0+cu130
torch-compile-static	2	first	32	1046.4	138.8	torch-2.14.0+cu130
torch-compile-static	2	first	48	1390.9	144.7	torch-2.14.0+cu130
torch-compile-static	2	first	64	1443.9	156.2	torch-2.14.0+cu130
torch-compile-static	2	first	96	1666.5	161.6	torch-2.14.0+cu130
torch-compile-static	2	first	128	1827.2	178.8	torch-2.14.0+cu130
torch-compile-static	2	first	32	1055.5	137.1	torch-2.14.0+cu130
torch-compile-static	2	first	48	1397.6	142.1	torch-2.14.0+cu130
torch-compile-static	2	first	64	1427.4	149.0	torch-2.14.0+cu130
torch-compile-static	2	first	96	1681.1	168.6	torch-2.14.0+cu130
torch-compile-static	2	first	128	2210.9	181.4	torch-2.14.0+cu130
torch-compile-static	2	first	32	1147.3	245.8	torch-2.14.0+cu130
torch-compile-static	2	first	48	1425.3	156.6	torch-2.14.0+cu130
torch-compile-static	2	first	64	1445.5	160.9	torch-2.14.0+cu130
torch-compile-static	2	first	96	1667.7	176.0	torch-2.14.0+cu130
torch-compile-static	2	first	128	1835.1	180.0	torch-2.14.0+cu130
torch-compile-static	2	first	32	1176.6	136.9	torch-2.14.0+cu130
torch-compile-static	2	first	48	1517.1	254.9	torch-2.14.0+cu130
torch-compile-static	2	first	64	1584.8	205.8	torch-2.14.0+cu130
torch-compile-static	2	first	96	1706.4	196.2	torch-2.14.0+cu130
torch-compile-static	2	first	128	1845.8	208.9	torch-2.14.0+cu130
torch-compile-static	2	first	32	1092.4	160.5	torch-2.14.0+cu130
torch-compile-static	2	first	48	1443.1	162.1	torch-2.14.0+cu130
torch-compile-static	2	first	64	1476.5	170.2	torch-2.14.0+cu130
torch-compile-static	2	first	96	1708.3	187.9	torch-2.14.0+cu130
torch-compile-static	2	first	128	1864.2	205.8	torch-2.14.0+cu130
torch-compile-static	2	first	32	1112.9	165.0	torch-2.14.0+cu130
torch-compile-static	2	first	48	1437.7	171.2	torch-2.14.0+cu130
torch-compile-static	2	first	64	1511.3	207.4	torch-2.14.0+cu130
torch-compile-static	2	first	96	1704.0	192.6	torch-2.14.0+cu130
torch-compile-static	2	first	128	1853.7	206.9	torch-2.14.0+cu130
torch-compile-static	2	first	32	1130.8	169.8	torch-2.14.0+cu130
torch-compile-static	2	first	48	1451.3	172.4	torch-2.14.0+cu130
torch-compile-static	2	first	64	1486.1	182.4	torch-2.14.0+cu130
torch-compile-static	2	first	96	1709.7	203.1	torch-2.14.0+cu130
torch-compile-static	2	first	128	1868.2	217.7	torch-2.14.0+cu130
torch-compile-static	2	first	32	1112.9	168.6	torch-2.14.0+cu130
torch-compile-static	2	first	48	1448.4	175.0	torch-2.14.0+cu130
torch-compile-static	2	first	64	1469.4	191.9	torch-2.14.0+cu130
torch-compile-static	2	first	96	1708.5	191.5	torch-2.14.0+cu130
torch-compile-static	2	first	128	1868.2	208.6	torch-2.14.0+cu130
torch-compile-static	2	first	32	1129.2	164.0	torch-2.14.0+cu130
torch-compile-static	2	first	48	1452.4	178.1	torch-2.14.0+cu130
torch-compile-static	2	first	64	1498.2	174.5	torch-2.14.0+cu130
torch-compile-static	2	first	96	1705.2	191.2	torch-2.14.0+cu130
torch-compile-static	2	first	128	1865.1	209.8	torch-2.14.0+cu130
torch-compile-static	2	first	32	1121.0	167.8	torch-2.14.0+cu130
torch-compile-static	2	revisit	32	1230.5	161.4	torch-2.14.0+cu130
torch-compile-static	2	revisit	48	1463.2	175.7	torch-2.14.0+cu130
torch-compile-static	2	revisit	64	1485.1	176.0	torch-2.14.0+cu130
torch-compile-static	2	revisit	96	1710.9	198.8	torch-2.14.0+cu130
torch-compile-static	2	revisit	128	1888.5	217.2	torch-2.14.0+cu130
torch-compile-static	2	revisit	32	1122.2	161.6	torch-2.14.0+cu130
torch-compile-static	2	revisit	48	1457.0	174.0	torch-2.14.0+cu130
torch-compile-static	2	revisit	64	1491.8	178.6	torch-2.14.0+cu130
torch-compile-static	2	revisit	96	1717.8	192.6	torch-2.14.0+cu130
torch-compile-static	2	revisit	128	1879.0	217.0	torch-2.14.0+cu130
torch-compile-static	2	revisit	32	1133.0	201.5	torch-2.14.0+cu130
torch-compile-static	2	revisit	48	1450.3	169.0	torch-2.14.0+cu130
torch-compile-static	2	revisit	64	1491.3	176.0	torch-2.14.0+cu130
torch-compile-static	2	revisit	96	1718.3	202.7	torch-2.14.0+cu130
torch-compile-static	2	revisit	128	1859.9	210.3	torch-2.14.0+cu130
torch-compile-static	2	revisit	32	1116.0	160.9	torch-2.14.0+cu130
torch-compile-static	2	revisit	48	1445.3	167.4	torch-2.14.0+cu130
torch-compile-static	2	revisit	64	1485.8	176.7	torch-2.14.0+cu130
torch-compile-static	2	revisit	96	1707.1	198.1	torch-2.14.0+cu130
torch-compile-static	2	revisit	128	1877.8	219.8	torch-2.14.0+cu130
torch-compile-static	2	revisit	32	1120.6	164.3	torch-2.14.0+cu130
torch-compile-static	2	revisit	48	1448.4	167.6	torch-2.14.0+cu130
torch-compile-static	2	revisit	64	1465.1	186.7	torch-2.14.0+cu130
torch-compile-static	2	revisit	96	1723.1	193.1	torch-2.14.0+cu130
torch-compile-static	2	revisit	128	1881.4	211.5	torch-2.14.0+cu130
torch-compile-static	2	revisit	32	1129.6	161.4	torch-2.14.0+cu130
torch-compile-static	2	revisit	48	1467.5	176.7	torch-2.14.0+cu130
torch-compile-static	2	revisit	64	1501.3	174.5	torch-2.14.0+cu130
torch-compile-static	2	revisit	96	1707.3	194.5	torch-2.14.0+cu130
torch-compile-static	2	revisit	128	1871.8	207.4	torch-2.14.0+cu130
torch-compile-static	2	revisit	32	1114.4	165.9	torch-2.14.0+cu130
torch-compile-static	2	revisit	48	1433.8	167.8	torch-2.14.0+cu130
torch-compile-static	2	revisit	64	1511.8	177.9	torch-2.14.0+cu130
torch-compile-static	2	revisit	96	1717.1	203.1	torch-2.14.0+cu130
torch-compile-static	2	revisit	128	1871.8	213.4	torch-2.14.0+cu130
torch-compile-static	2	revisit	32	1110.8	169.0	torch-2.14.0+cu130
torch-compile-static	2	revisit	48	1473.2	167.6	torch-2.14.0+cu130
torch-compile-static	2	revisit	64	1481.8	175.2	torch-2.14.0+cu130
torch-compile-static	2	revisit	96	1705.4	192.9	torch-2.14.0+cu130
torch-compile-static	2	revisit	128	1930.5	251.3	torch-2.14.0+cu130
torch-compile-static	2	revisit	32	1102.7	186.4	torch-2.14.0+cu130
torch-compile-static	2	revisit	48	1430.7	180.0	torch-2.14.0+cu130
torch-compile-static	2	revisit	64	1467.0	154.5	torch-2.14.0+cu130
torch-compile-static	2	revisit	96	1670.6	166.9	torch-2.14.0+cu130
torch-compile-static	2	revisit	128	1843.0	196.7	torch-2.14.0+cu130
torch-compile-static	2	revisit	32	1048.8	140.2	torch-2.14.0+cu130
torch-compile-static	2	revisit	48	1417.6	143.3	torch-2.14.0+cu130
torch-compile-static	2	revisit	64	1451.3	147.3	torch-2.14.0+cu130
torch-compile-static	2	revisit	96	1706.6	172.6	torch-2.14.0+cu130
torch-compile-static	2	revisit	128	1837.5	202.2	torch-2.14.0+cu130
torch-compile-static	2	revisit	32	1062.6	140.2	torch-2.14.0+cu130
torch-compile-static	2	revisit	48	1413.6	142.8	torch-2.14.0+cu130
torch-compile-static	2	revisit	64	1421.9	148.1	torch-2.14.0+cu130
torch-compile-static	2	revisit	96	1668.7	161.9	torch-2.14.0+cu130
torch-compile-static	2	revisit	128	1854.7	186.0	torch-2.14.0+cu130
torch-compile-static	2	revisit	32	1056.2	138.3	torch-2.14.0+cu130
torch-compile-static	2	revisit	48	1411.2	142.6	torch-2.14.0+cu130
torch-compile-static	2	revisit	64	1456.0	148.3	torch-2.14.0+cu130
torch-compile-static	2	revisit	96	1669.4	179.3	torch-2.14.0+cu130
torch-compile-static	2	revisit	128	1828.7	177.4	torch-2.14.0+cu130
torch-compile-static	2	revisit	32	1066.7	133.5	torch-2.14.0+cu130
torch-compile-static	2	revisit	48	1406.0	150.9	torch-2.14.0+cu130
torch-compile-static	2	revisit	64	1445.5	154.3	torch-2.14.0+cu130
torch-compile-static	2	revisit	96	1664.4	164.7	torch-2.14.0+cu130
torch-compile-static	2	revisit	128	1843.5	193.8	torch-2.14.0+cu130
torch-compile-static	2	revisit	32	1061.9	150.4	torch-2.14.0+cu130
torch-compile-static	2	new	160	452018.5	191.9	torch-2.14.0+cu130
torch-compile-static	2	new	192	549050.3	486.6	torch-2.14.0+cu130
torch-compile-static	2	new	224	76311.8	472.3	torch-2.14.0+cu130
torch-compile-static	2	new	256	5367.8	475.9	torch-2.14.0+cu130
torch-compile-static	2	new	288	5600.0	462.3	torch-2.14.0+cu130
torch-compile-static	2	new	160	2459.5	399.4	torch-2.14.0+cu130
torch-compile-static	2	new	192	2587.8	341.9	torch-2.14.0+cu130
torch-compile-static	2	new	224	5115.3	385.3	torch-2.14.0+cu130
torch-compile-static	2	new	256	4669.7	361.2	torch-2.14.0+cu130
torch-compile-static	2	new	288	4767.2	413.4	torch-2.14.0+cu130
torch-compile-static	2	new	160	2418.5	292.3	torch-2.14.0+cu130
torch-compile-static	2	new	192	2500.5	323.3	torch-2.14.0+cu130
torch-compile-static	2	new	224	4549.7	330.7	torch-2.14.0+cu130
torch-compile-static	2	new	256	4953.9	406.3	torch-2.14.0+cu130
torch-compile-static	2	new	288	4992.5	408.4	torch-2.14.0+cu130
torch-compile-static	2	new	160	2428.1	337.1	torch-2.14.0+cu130
torch-compile-static	2	new	192	2525.3	319.2	torch-2.14.0+cu130
torch-compile-static	2	new	224	4734.3	330.7	torch-2.14.0+cu130
torch-compile-static	2	new	256	4554.3	353.6	torch-2.14.0+cu130
torch-compile-static	2	new	288	4755.7	385.5	torch-2.14.0+cu130
torch-compile-static	2	new	160	2436.4	303.7	torch-2.14.0+cu130
torch-compile-static	2	new	192	2514.8	376.9	torch-2.14.0+cu130
torch-compile-static	2	new	224	3467.1	229.8	torch-2.14.0+cu130
torch-compile-static	2	new	256	3497.4	225.3	torch-2.14.0+cu130
torch-compile-static	2	new	288	4189.3	294.4	torch-2.14.0+cu130
torch-compile-static	2	new	160	2210.9	195.5	torch-2.14.0+cu130
torch-compile-static	2	new	192	2354.4	200.3	torch-2.14.0+cu130
torch-compile-static	2	new	224	3761.3	394.1	torch-2.14.0+cu130
torch-compile-static	2	new	256	3617.8	307.8	torch-2.14.0+cu130
torch-compile-static	2	new	288	4259.6	327.6	torch-2.14.0+cu130
torch-compile-static	2	new	160	2334.8	263.9	torch-2.14.0+cu130
torch-compile-static	2	new	192	2468.8	261.3	torch-2.14.0+cu130
torch-compile-static	2	new	224	3652.8	275.6	torch-2.14.0+cu130
torch-compile-static	2	new	256	3616.3	278.5	torch-2.14.0+cu130
torch-compile-static	2	new	288	4271.3	302.8	torch-2.14.0+cu130
torch-compile-static	2	new	160	2324.8	245.6	torch-2.14.0+cu130
torch-compile-static	2	new	192	2473.8	259.4	torch-2.14.0+cu130
torch-compile-static	2	new	224	3646.4	258.7	torch-2.14.0+cu130
torch-compile-static	2	new	256	3632.3	284.7	torch-2.14.0+cu130
torch-compile-static	2	new	288	4260.8	289.4	torch-2.14.0+cu130
torch-compile-static	2	new	160	2341.7	238.2	torch-2.14.0+cu130
torch-compile-static	2	new	192	2506.3	276.6	torch-2.14.0+cu130
torch-compile-static	2	new	224	3709.3	258.9	torch-2.14.0+cu130
torch-compile-static	2	new	256	3639.2	284.9	torch-2.14.0+cu130
torch-compile-static	2	new	288	4373.3	296.6	torch-2.14.0+cu130
torch-compile-static	2	new	160	2314.3	247.0	torch-2.14.0+cu130
torch-compile-static	2	new	192	2494.3	252.7	torch-2.14.0+cu130
torch-compile-static	2	new	224	3692.2	262.3	torch-2.14.0+cu130
torch-compile-static	2	new	256	3709.3	280.4	torch-2.14.0+cu130
torch-compile-static	2	new	288	4320.4	311.9	torch-2.14.0+cu130
torch-compile-static	2	new	160	2335.8	256.1	torch-2.14.0+cu130
torch-compile-static	2	new	192	2506.5	256.1	torch-2.14.0+cu130
torch-compile-static	2	new	224	3729.3	277.3	torch-2.14.0+cu130
torch-compile-static	2	new	256	3776.8	287.1	torch-2.14.0+cu130
torch-compile-static	2	new	288	4294.2	290.9	torch-2.14.0+cu130
torch-compile-static	2	new	160	2337.9	241.0	torch-2.14.0+cu130
torch-compile-static	2	new	192	2488.9	245.1	torch-2.14.0+cu130
torch-compile-static	2	new	224	3653.3	255.6	torch-2.14.0+cu130
torch-compile-static	2	new	256	3789.2	282.0	torch-2.14.0+cu130
torch-compile-static	2	new	288	4301.5	299.9	torch-2.14.0+cu130
torch-compile-static	2	new	160	2315.3	242.0	torch-2.14.0+cu130
torch-compile-static	2	new	192	2491.5	250.3	torch-2.14.0+cu130
torch-compile-static	2	new	224	3705.5	263.9	torch-2.14.0+cu130
torch-compile-static	2	new	256	3666.2	286.1	torch-2.14.0+cu130
torch-compile-static	2	new	288	4302.5	290.2	torch-2.14.0+cu130
torch-compile-static	2	new	160	2351.8	245.3	torch-2.14.0+cu130
torch-compile-dynamic	2	first	32	1481.5	134.2	torch-2.14.0+cu130
torch-compile-dynamic	2	first	48	1716.1	143.1	torch-2.14.0+cu130
torch-compile-dynamic	2	first	64	1617.2	149.3	torch-2.14.0+cu130
torch-compile-dynamic	2	first	96	1762.6	165.7	torch-2.14.0+cu130
torch-compile-dynamic	2	first	128	2110.2	172.1	torch-2.14.0+cu130
torch-compile-dynamic	2	first	32	1087.2	135.9	torch-2.14.0+cu130
torch-compile-dynamic	2	first	48	1495.6	145.7	torch-2.14.0+cu130
torch-compile-dynamic	2	first	64	1542.6	144.0	torch-2.14.0+cu130
torch-compile-dynamic	2	first	96	1720.7	157.1	torch-2.14.0+cu130
torch-compile-dynamic	2	first	128	1927.1	168.3	torch-2.14.0+cu130
torch-compile-dynamic	2	first	32	1085.5	134.7	torch-2.14.0+cu130
torch-compile-dynamic	2	first	48	1482.2	140.0	torch-2.14.0+cu130
torch-compile-dynamic	2	first	64	1541.1	143.1	torch-2.14.0+cu130
torch-compile-dynamic	2	first	96	1730.2	156.2	torch-2.14.0+cu130
torch-compile-dynamic	2	first	128	1926.2	169.3	torch-2.14.0+cu130
torch-compile-dynamic	2	first	32	1088.1	131.6	torch-2.14.0+cu130
torch-compile-dynamic	2	first	48	1526.4	136.9	torch-2.14.0+cu130
torch-compile-dynamic	2	first	64	1541.1	146.9	torch-2.14.0+cu130
torch-compile-dynamic	2	first	96	1736.9	157.1	torch-2.14.0+cu130
torch-compile-dynamic	2	first	128	1922.4	177.1	torch-2.14.0+cu130
torch-compile-dynamic	2	first	32	1087.9	131.6	torch-2.14.0+cu130
torch-compile-dynamic	2	first	48	1534.0	147.8	torch-2.14.0+cu130
torch-compile-dynamic	2	first	64	1541.6	142.3	torch-2.14.0+cu130
torch-compile-dynamic	2	first	96	1731.4	156.6	torch-2.14.0+cu130
torch-compile-dynamic	2	first	128	1931.9	168.6	torch-2.14.0+cu130
torch-compile-dynamic	2	first	32	1083.9	133.0	torch-2.14.0+cu130
torch-compile-dynamic	2	first	48	1497.0	136.9	torch-2.14.0+cu130
torch-compile-dynamic	2	first	64	1522.5	143.3	torch-2.14.0+cu130
torch-compile-dynamic	2	first	96	1730.7	161.6	torch-2.14.0+cu130
torch-compile-dynamic	2	first	128	1923.3	175.2	torch-2.14.0+cu130
torch-compile-dynamic	2	first	32	1082.4	140.4	torch-2.14.0+cu130
torch-compile-dynamic	2	first	48	1516.6	143.8	torch-2.14.0+cu130
torch-compile-dynamic	2	first	64	1577.6	144.0	torch-2.14.0+cu130
torch-compile-dynamic	2	first	96	1726.6	156.6	torch-2.14.0+cu130
torch-compile-dynamic	2	first	128	1924.3	168.1	torch-2.14.0+cu130
torch-compile-dynamic	2	first	32	1084.6	132.8	torch-2.14.0+cu130
torch-compile-dynamic	2	first	48	1501.1	137.1	torch-2.14.0+cu130
torch-compile-dynamic	2	first	64	1556.9	143.1	torch-2.14.0+cu130
torch-compile-dynamic	2	first	96	1720.9	161.6	torch-2.14.0+cu130
torch-compile-dynamic	2	first	128	1923.6	169.5	torch-2.14.0+cu130
torch-compile-dynamic	2	first	32	1079.3	131.6	torch-2.14.0+cu130
torch-compile-dynamic	2	first	48	1496.6	140.2	torch-2.14.0+cu130
torch-compile-dynamic	2	first	64	1542.3	148.1	torch-2.14.0+cu130
torch-compile-dynamic	2	first	96	1724.0	157.1	torch-2.14.0+cu130
torch-compile-dynamic	2	first	128	1922.6	167.4	torch-2.14.0+cu130
torch-compile-dynamic	2	first	32	1079.1	131.6	torch-2.14.0+cu130
torch-compile-dynamic	2	first	48	1534.9	137.8	torch-2.14.0+cu130
torch-compile-dynamic	2	first	64	1560.9	142.1	torch-2.14.0+cu130
torch-compile-dynamic	2	first	96	1727.3	157.4	torch-2.14.0+cu130
torch-compile-dynamic	2	first	128	2436.9	167.8	torch-2.14.0+cu130
torch-compile-dynamic	2	first	32	1106.0	148.3	torch-2.14.0+cu130
torch-compile-dynamic	2	first	48	1535.2	149.5	torch-2.14.0+cu130
torch-compile-dynamic	2	first	64	1597.2	144.5	torch-2.14.0+cu130
torch-compile-dynamic	2	first	96	1720.7	156.4	torch-2.14.0+cu130
torch-compile-dynamic	2	first	128	1931.7	167.1	torch-2.14.0+cu130
torch-compile-dynamic	2	first	32	1086.7	132.8	torch-2.14.0+cu130
torch-compile-dynamic	2	first	48	1532.8	136.9	torch-2.14.0+cu130
torch-compile-dynamic	2	first	64	1575.5	141.1	torch-2.14.0+cu130
torch-compile-dynamic	2	first	96	1721.1	163.8	torch-2.14.0+cu130
torch-compile-dynamic	2	first	128	1920.7	183.8	torch-2.14.0+cu130
torch-compile-dynamic	2	first	32	1081.2	138.8	torch-2.14.0+cu130
torch-compile-dynamic	2	first	48	1506.8	138.5	torch-2.14.0+cu130
torch-compile-dynamic	2	first	64	1535.7	141.4	torch-2.14.0+cu130
torch-compile-dynamic	2	first	96	1727.1	163.1	torch-2.14.0+cu130
torch-compile-dynamic	2	first	128	1936.4	172.4	torch-2.14.0+cu130
torch-compile-dynamic	2	first	32	1083.4	132.6	torch-2.14.0+cu130
torch-compile-dynamic	2	revisit	32	1086.0	132.3	torch-2.14.0+cu130
torch-compile-dynamic	2	revisit	48	1519.4	145.7	torch-2.14.0+cu130
torch-compile-dynamic	2	revisit	64	1538.5	144.5	torch-2.14.0+cu130
torch-compile-dynamic	2	revisit	96	1725.2	156.2	torch-2.14.0+cu130
torch-compile-dynamic	2	revisit	128	1920.7	172.6	torch-2.14.0+cu130
torch-compile-dynamic	2	revisit	32	1076.9	133.3	torch-2.14.0+cu130
torch-compile-dynamic	2	revisit	48	1528.0	136.4	torch-2.14.0+cu130
torch-compile-dynamic	2	revisit	64	1541.9	146.2	torch-2.14.0+cu130
torch-compile-dynamic	2	revisit	96	1735.4	166.9	torch-2.14.0+cu130
torch-compile-dynamic	2	revisit	128	1941.0	184.1	torch-2.14.0+cu130
torch-compile-dynamic	2	revisit	32	1084.1	140.4	torch-2.14.0+cu130
torch-compile-dynamic	2	revisit	48	1523.0	140.4	torch-2.14.0+cu130
torch-compile-dynamic	2	revisit	64	1552.1	143.1	torch-2.14.0+cu130
torch-compile-dynamic	2	revisit	96	1731.2	159.0	torch-2.14.0+cu130
torch-compile-dynamic	2	revisit	128	1951.0	169.5	torch-2.14.0+cu130
torch-compile-dynamic	2	revisit	32	1082.7	133.3	torch-2.14.0+cu130
torch-compile-dynamic	2	revisit	48	1483.0	137.6	torch-2.14.0+cu130
torch-compile-dynamic	2	revisit	64	1522.3	145.4	torch-2.14.0+cu130
torch-compile-dynamic	2	revisit	96	1724.5	157.1	torch-2.14.0+cu130
torch-compile-dynamic	2	revisit	128	1919.3	175.7	torch-2.14.0+cu130
torch-compile-dynamic	2	revisit	32	1081.5	133.5	torch-2.14.0+cu130
torch-compile-dynamic	2	revisit	48	1536.6	136.4	torch-2.14.0+cu130
torch-compile-dynamic	2	revisit	64	1521.1	149.5	torch-2.14.0+cu130
torch-compile-dynamic	2	revisit	96	1723.1	158.1	torch-2.14.0+cu130
torch-compile-dynamic	2	revisit	128	1924.8	169.3	torch-2.14.0+cu130
torch-compile-dynamic	2	revisit	32	1084.1	133.3	torch-2.14.0+cu130
torch-compile-dynamic	2	revisit	48	1499.4	135.7	torch-2.14.0+cu130
torch-compile-dynamic	2	revisit	64	1534.0	145.2	torch-2.14.0+cu130
torch-compile-dynamic	2	revisit	96	1726.4	156.2	torch-2.14.0+cu130
torch-compile-dynamic	2	revisit	128	1920.9	168.3	torch-2.14.0+cu130
torch-compile-dynamic	2	revisit	32	1087.2	130.4	torch-2.14.0+cu130
torch-compile-dynamic	2	revisit	48	1486.3	136.1	torch-2.14.0+cu130
torch-compile-dynamic	2	revisit	64	1535.9	147.3	torch-2.14.0+cu130
torch-compile-dynamic	2	revisit	96	1661.8	156.6	torch-2.14.0+cu130
torch-compile-dynamic	2	revisit	128	1849.4	166.2	torch-2.14.0+cu130
torch-compile-dynamic	2	revisit	32	1061.4	130.4	torch-2.14.0+cu130
torch-compile-dynamic	2	revisit	48	1485.3	135.7	torch-2.14.0+cu130
torch-compile-dynamic	2	revisit	64	1487.5	144.2	torch-2.14.0+cu130
torch-compile-dynamic	2	revisit	96	1661.5	162.8	torch-2.14.0+cu130
torch-compile-dynamic	2	revisit	128	1869.9	166.4	torch-2.14.0+cu130
torch-compile-dynamic	2	revisit	32	1060.0	131.4	torch-2.14.0+cu130
torch-compile-dynamic	2	revisit	48	1479.4	137.1	torch-2.14.0+cu130
torch-compile-dynamic	2	revisit	64	1528.7	143.3	torch-2.14.0+cu130
torch-compile-dynamic	2	revisit	96	1673.0	157.6	torch-2.14.0+cu130
torch-compile-dynamic	2	revisit	128	1851.3	169.5	torch-2.14.0+cu130
torch-compile-dynamic	2	revisit	32	1049.8	131.6	torch-2.14.0+cu130
torch-compile-dynamic	2	revisit	48	1438.6	137.8	torch-2.14.0+cu130
torch-compile-dynamic	2	revisit	64	1536.1	150.7	torch-2.14.0+cu130
torch-compile-dynamic	2	revisit	96	1667.0	157.1	torch-2.14.0+cu130
torch-compile-dynamic	2	revisit	128	1862.5	169.0	torch-2.14.0+cu130
torch-compile-dynamic	2	revisit	32	1048.3	131.8	torch-2.14.0+cu130
torch-compile-dynamic	2	revisit	48	1488.0	135.9	torch-2.14.0+cu130
torch-compile-dynamic	2	revisit	64	1482.0	142.3	torch-2.14.0+cu130
torch-compile-dynamic	2	revisit	96	1660.8	163.1	torch-2.14.0+cu130
torch-compile-dynamic	2	revisit	128	1861.8	169.0	torch-2.14.0+cu130
torch-compile-dynamic	2	revisit	32	1063.1	131.1	torch-2.14.0+cu130
torch-compile-dynamic	2	revisit	48	1446.0	138.5	torch-2.14.0+cu130
torch-compile-dynamic	2	revisit	64	1516.3	140.7	torch-2.14.0+cu130
torch-compile-dynamic	2	revisit	96	1661.3	156.6	torch-2.14.0+cu130
torch-compile-dynamic	2	revisit	128	1856.8	167.8	torch-2.14.0+cu130
torch-compile-dynamic	2	revisit	32	1051.2	130.7	torch-2.14.0+cu130
torch-compile-dynamic	2	revisit	48	1479.1	135.4	torch-2.14.0+cu130
torch-compile-dynamic	2	revisit	64	1489.6	141.9	torch-2.14.0+cu130
torch-compile-dynamic	2	revisit	96	1671.1	155.9	torch-2.14.0+cu130
torch-compile-dynamic	2	revisit	128	1848.9	168.6	torch-2.14.0+cu130
torch-compile-dynamic	2	revisit	32	1052.1	131.1	torch-2.14.0+cu130
torch-compile-dynamic	2	new	160	2340.6	184.8	torch-2.14.0+cu130
torch-compile-dynamic	2	new	192	2517.0	199.3	torch-2.14.0+cu130
torch-compile-dynamic	2	new	224	2932.1	216.2	torch-2.14.0+cu130
torch-compile-dynamic	2	new	256	3062.7	227.5	torch-2.14.0+cu130
torch-compile-dynamic	2	new	288	3666.2	247.2	torch-2.14.0+cu130
torch-compile-dynamic	2	new	160	2326.5	202.9	torch-2.14.0+cu130
torch-compile-dynamic	2	new	192	2519.8	198.4	torch-2.14.0+cu130
torch-compile-dynamic	2	new	224	2929.4	211.5	torch-2.14.0+cu130
torch-compile-dynamic	2	new	256	3049.4	225.1	torch-2.14.0+cu130
torch-compile-dynamic	2	new	288	3679.5	237.0	torch-2.14.0+cu130
torch-compile-dynamic	2	new	160	2331.0	194.3	torch-2.14.0+cu130
torch-compile-dynamic	2	new	192	2560.4	194.3	torch-2.14.0+cu130
torch-compile-dynamic	2	new	224	2971.4	205.0	torch-2.14.0+cu130
torch-compile-dynamic	2	new	256	3049.9	227.0	torch-2.14.0+cu130
torch-compile-dynamic	2	new	288	3758.0	233.2	torch-2.14.0+cu130
torch-compile-dynamic	2	new	160	2353.7	186.4	torch-2.14.0+cu130
torch-compile-dynamic	2	new	192	2580.6	192.2	torch-2.14.0+cu130
torch-compile-dynamic	2	new	224	3003.1	212.2	torch-2.14.0+cu130
torch-compile-dynamic	2	new	256	3069.9	219.3	torch-2.14.0+cu130
torch-compile-dynamic	2	new	288	3754.9	257.7	torch-2.14.0+cu130
torch-compile-dynamic	2	new	160	2351.0	181.9	torch-2.14.0+cu130
torch-compile-dynamic	2	new	192	2582.6	195.3	torch-2.14.0+cu130
torch-compile-dynamic	2	new	224	3009.6	205.5	torch-2.14.0+cu130
torch-compile-dynamic	2	new	256	3069.6	222.7	torch-2.14.0+cu130
torch-compile-dynamic	2	new	288	3702.6	229.4	torch-2.14.0+cu130
torch-compile-dynamic	2	new	160	2352.2	185.7	torch-2.14.0+cu130
torch-compile-dynamic	2	new	192	2594.2	198.4	torch-2.14.0+cu130
torch-compile-dynamic	2	new	224	2997.9	205.0	torch-2.14.0+cu130
torch-compile-dynamic	2	new	256	3084.4	215.5	torch-2.14.0+cu130
torch-compile-dynamic	2	new	288	3736.5	232.5	torch-2.14.0+cu130
torch-compile-dynamic	2	new	160	2349.6	184.5	torch-2.14.0+cu130
torch-compile-dynamic	2	new	192	2582.8	192.9	torch-2.14.0+cu130
torch-compile-dynamic	2	new	224	3010.0	204.1	torch-2.14.0+cu130
torch-compile-dynamic	2	new	256	3086.8	218.4	torch-2.14.0+cu130
torch-compile-dynamic	2	new	288	3755.1	241.8	torch-2.14.0+cu130
torch-compile-dynamic	2	new	160	2382.5	201.9	torch-2.14.0+cu130
torch-compile-dynamic	2	new	192	2598.0	200.7	torch-2.14.0+cu130
torch-compile-dynamic	2	new	224	4510.2	207.9	torch-2.14.0+cu130
torch-compile-dynamic	2	new	256	3123.0	252.5	torch-2.14.0+cu130
torch-compile-dynamic	2	new	288	3759.6	238.9	torch-2.14.0+cu130
torch-compile-dynamic	2	new	160	2373.7	190.5	torch-2.14.0+cu130
torch-compile-dynamic	2	new	192	2601.9	202.7	torch-2.14.0+cu130
torch-compile-dynamic	2	new	224	3349.5	215.3	torch-2.14.0+cu130
torch-compile-dynamic	2	new	256	3110.9	239.8	torch-2.14.0+cu130
torch-compile-dynamic	2	new	288	3773.2	247.0	torch-2.14.0+cu130
torch-compile-dynamic	2	new	160	2379.4	190.7	torch-2.14.0+cu130
torch-compile-dynamic	2	new	192	2599.2	198.6	torch-2.14.0+cu130
torch-compile-dynamic	2	new	224	3012.9	207.2	torch-2.14.0+cu130
torch-compile-dynamic	2	new	256	3082.3	224.6	torch-2.14.0+cu130
torch-compile-dynamic	2	new	288	3753.7	237.9	torch-2.14.0+cu130
torch-compile-dynamic	2	new	160	2354.4	183.3	torch-2.14.0+cu130
torch-compile-dynamic	2	new	192	2585.2	193.1	torch-2.14.0+cu130
torch-compile-dynamic	2	new	224	3008.6	211.5	torch-2.14.0+cu130
torch-compile-dynamic	2	new	256	3078.2	218.4	torch-2.14.0+cu130
torch-compile-dynamic	2	new	288	3726.2	231.0	torch-2.14.0+cu130
torch-compile-dynamic	2	new	160	2358.7	184.5	torch-2.14.0+cu130
torch-compile-dynamic	2	new	192	2587.8	194.5	torch-2.14.0+cu130
torch-compile-dynamic	2	new	224	3014.3	218.6	torch-2.14.0+cu130
torch-compile-dynamic	2	new	256	3102.1	223.6	torch-2.14.0+cu130
torch-compile-dynamic	2	new	288	3767.0	238.7	torch-2.14.0+cu130
torch-compile-dynamic	2	new	160	2376.1	188.8	torch-2.14.0+cu130
torch-compile-dynamic	2	new	192	2610.7	208.6	torch-2.14.0+cu130
torch-compile-dynamic	2	new	224	3032.0	222.0	torch-2.14.0+cu130
torch-compile-dynamic	2	new	256	3094.0	223.9	torch-2.14.0+cu130
torch-compile-dynamic	2	new	288	3750.1	232.0	torch-2.14.0+cu130
torch-compile-dynamic	2	new	160	2383.2	191.0	torch-2.14.0+cu130
ours	3	first	32	24870.9	881.2	ddc8008cdeaf
ours	3	first	48	26464.9	766.0	ddc8008cdeaf
ours	3	first	64	2890.8	2974.0	ddc8008cdeaf
ours	3	first	96	10803.0	1982.0	ddc8008cdeaf
ours	3	first	128	17277.0	3749.8	ddc8008cdeaf
ours	3	first	32	7307.1	272.0	ddc8008cdeaf
ours	3	first	48	1395.0	418.9	ddc8008cdeaf
ours	3	first	64	1455.1	477.1	ddc8008cdeaf
ours	3	first	96	1714.9	731.9	ddc8008cdeaf
ours	3	first	128	5893.0	972.0	ddc8008cdeaf
ours	3	first	32	2938.0	350.0	ddc8008cdeaf
ours	3	first	48	1381.2	459.0	ddc8008cdeaf
ours	3	first	64	1436.9	474.9	ddc8008cdeaf
ours	3	first	96	1711.1	721.9	ddc8008cdeaf
ours	3	first	128	2035.1	914.8	ddc8008cdeaf
ours	3	first	32	3711.9	226.0	ddc8008cdeaf
ours	3	first	48	1393.1	448.0	ddc8008cdeaf
ours	3	first	64	1426.0	485.9	ddc8008cdeaf
ours	3	first	96	1718.0	690.9	ddc8008cdeaf
ours	3	first	128	2028.9	925.1	ddc8008cdeaf
ours	3	first	32	973.9	226.0	ddc8008cdeaf
ours	3	first	48	3858.1	331.9	ddc8008cdeaf
ours	3	first	64	1445.1	571.0	ddc8008cdeaf
ours	3	first	96	1717.8	741.0	ddc8008cdeaf
ours	3	first	128	2047.1	905.0	ddc8008cdeaf
ours	3	first	32	974.2	209.8	ddc8008cdeaf
ours	3	first	48	3583.9	318.1	ddc8008cdeaf
ours	3	first	64	1431.0	556.0	ddc8008cdeaf
ours	3	first	96	1708.0	736.0	ddc8008cdeaf
ours	3	first	128	2016.1	906.0	ddc8008cdeaf
ours	3	first	32	977.0	212.0	ddc8008cdeaf
ours	3	first	48	1416.9	338.1	ddc8008cdeaf
ours	3	first	64	3768.0	468.0	ddc8008cdeaf
ours	3	first	96	1716.9	886.2	ddc8008cdeaf
ours	3	first	128	2043.0	948.9	ddc8008cdeaf
ours	3	first	32	973.0	215.1	ddc8008cdeaf
ours	3	first	48	1357.1	316.9	ddc8008cdeaf
ours	3	first	64	1426.0	433.9	ddc8008cdeaf
ours	3	first	96	1706.8	649.0	ddc8008cdeaf
ours	3	first	128	3973.0	845.0	ddc8008cdeaf
ours	3	first	32	990.2	283.0	ddc8008cdeaf
ours	3	first	48	1372.8	440.1	ddc8008cdeaf
ours	3	first	64	1447.0	495.0	ddc8008cdeaf
ours	3	first	96	1711.1	742.0	ddc8008cdeaf
ours	3	first	128	2057.1	954.9	ddc8008cdeaf
ours	3	first	32	970.8	206.0	ddc8008cdeaf
ours	3	first	48	1354.0	309.0	ddc8008cdeaf
ours	3	first	64	1426.9	427.0	ddc8008cdeaf
ours	3	first	96	1714.0	650.9	ddc8008cdeaf
ours	3	first	128	3986.1	927.9	ddc8008cdeaf
ours	3	first	32	984.0	278.0	ddc8008cdeaf
ours	3	first	48	1392.1	424.9	ddc8008cdeaf
ours	3	first	64	1421.9	514.0	ddc8008cdeaf
ours	3	first	96	1714.0	745.1	ddc8008cdeaf
ours	3	first	128	2046.1	907.9	ddc8008cdeaf
ours	3	first	32	969.2	226.0	ddc8008cdeaf
ours	3	first	48	1416.9	339.0	ddc8008cdeaf
ours	3	first	64	1457.0	512.1	ddc8008cdeaf
ours	3	first	96	1718.0	732.9	ddc8008cdeaf
ours	3	first	128	2037.0	966.1	ddc8008cdeaf
ours	3	first	32	982.0	248.9	ddc8008cdeaf
ours	3	first	48	4060.0	432.0	ddc8008cdeaf
ours	3	first	64	1462.9	615.1	ddc8008cdeaf
ours	3	first	96	1709.2	778.9	ddc8008cdeaf
ours	3	first	128	2039.9	979.2	ddc8008cdeaf
ours	3	first	32	978.0	238.2	ddc8008cdeaf
ours	3	revisit	32	980.9	227.2	ddc8008cdeaf
ours	3	revisit	48	1370.9	310.9	ddc8008cdeaf
ours	3	revisit	64	1423.1	777.0	ddc8008cdeaf
ours	3	revisit	96	1723.1	732.9	ddc8008cdeaf
ours	3	revisit	128	2044.9	963.0	ddc8008cdeaf
ours	3	revisit	32	3727.9	211.0	ddc8008cdeaf
ours	3	revisit	48	1385.0	426.1	ddc8008cdeaf
ours	3	revisit	64	1428.1	845.9	ddc8008cdeaf
ours	3	revisit	96	1719.0	711.0	ddc8008cdeaf
ours	3	revisit	128	2047.1	937.9	ddc8008cdeaf
ours	3	revisit	32	973.9	229.1	ddc8008cdeaf
ours	3	revisit	48	1421.9	333.1	ddc8008cdeaf
ours	3	revisit	64	1432.9	443.0	ddc8008cdeaf
ours	3	revisit	96	1701.1	680.9	ddc8008cdeaf
ours	3	revisit	128	2034.9	885.0	ddc8008cdeaf
ours	3	revisit	32	967.0	224.1	ddc8008cdeaf
ours	3	revisit	48	1370.0	340.0	ddc8008cdeaf
ours	3	revisit	64	3983.0	462.1	ddc8008cdeaf
ours	3	revisit	96	1761.0	983.0	ddc8008cdeaf
ours	3	revisit	128	1960.0	975.1	ddc8008cdeaf
ours	3	revisit	32	948.0	284.0	ddc8008cdeaf
ours	3	revisit	48	1337.1	373.1	ddc8008cdeaf
ours	3	revisit	64	1382.1	477.1	ddc8008cdeaf
ours	3	revisit	96	1641.0	705.0	ddc8008cdeaf
ours	3	revisit	128	1959.1	912.0	ddc8008cdeaf
ours	3	revisit	32	944.1	240.8	ddc8008cdeaf
ours	3	revisit	48	1329.2	330.0	ddc8008cdeaf
ours	3	revisit	64	1368.0	448.0	ddc8008cdeaf
ours	3	revisit	96	3999.0	687.8	ddc8008cdeaf
ours	3	revisit	128	2009.9	1141.1	ddc8008cdeaf
ours	3	revisit	32	951.1	299.9	ddc8008cdeaf
ours	3	revisit	48	1321.1	342.1	ddc8008cdeaf
ours	3	revisit	64	1406.9	445.1	ddc8008cdeaf
ours	3	revisit	96	1642.0	637.1	ddc8008cdeaf
ours	3	revisit	128	1963.1	870.0	ddc8008cdeaf
ours	3	revisit	32	946.0	243.9	ddc8008cdeaf
ours	3	revisit	48	1319.9	332.1	ddc8008cdeaf
ours	3	revisit	64	1367.1	489.0	ddc8008cdeaf
ours	3	revisit	96	1647.0	657.1	ddc8008cdeaf
ours	3	revisit	128	3907.0	1018.0	ddc8008cdeaf
ours	3	revisit	32	957.0	274.9	ddc8008cdeaf
ours	3	revisit	48	1338.0	412.9	ddc8008cdeaf
ours	3	revisit	64	1376.2	491.9	ddc8008cdeaf
ours	3	revisit	96	1650.1	724.1	ddc8008cdeaf
ours	3	revisit	128	1960.0	915.1	ddc8008cdeaf
ours	3	revisit	32	943.2	250.8	ddc8008cdeaf
ours	3	revisit	48	1330.1	339.0	ddc8008cdeaf
ours	3	revisit	64	1376.2	450.8	ddc8008cdeaf
ours	3	revisit	96	1654.1	664.0	ddc8008cdeaf
ours	3	revisit	128	1972.0	917.0	ddc8008cdeaf
ours	3	revisit	32	947.0	248.9	ddc8008cdeaf
ours	3	revisit	48	1332.0	367.9	ddc8008cdeaf
ours	3	revisit	64	1372.1	469.9	ddc8008cdeaf
ours	3	revisit	96	1641.0	653.0	ddc8008cdeaf
ours	3	revisit	128	4371.9	926.0	ddc8008cdeaf
ours	3	revisit	32	951.1	279.9	ddc8008cdeaf
ours	3	revisit	48	1384.0	428.9	ddc8008cdeaf
ours	3	revisit	64	1404.0	469.0	ddc8008cdeaf
ours	3	revisit	96	1647.0	725.0	ddc8008cdeaf
ours	3	revisit	128	1951.9	896.0	ddc8008cdeaf
ours	3	revisit	32	938.9	244.1	ddc8008cdeaf
ours	3	revisit	48	1327.0	316.9	ddc8008cdeaf
ours	3	revisit	64	1384.0	453.9	ddc8008cdeaf
ours	3	revisit	96	1658.9	652.1	ddc8008cdeaf
ours	3	revisit	128	3902.9	880.0	ddc8008cdeaf
ours	3	revisit	32	962.0	281.1	ddc8008cdeaf
ours	3	new	160	15705.8	5078.1	ddc8008cdeaf
ours	3	new	192	13133.0	7338.0	ddc8008cdeaf
ours	3	new	224	12266.9	9858.1	ddc8008cdeaf
ours	3	new	256	13680.0	14548.1	ddc8008cdeaf
ours	3	new	288	16547.9	17862.1	ddc8008cdeaf
ours	3	new	160	2443.1	1621.0	ddc8008cdeaf
ours	3	new	192	2723.9	1586.0	ddc8008cdeaf
ours	3	new	224	3166.0	1953.8	ddc8008cdeaf
ours	3	new	256	4373.1	3526.0	ddc8008cdeaf
ours	3	new	288	3804.0	3999.0	ddc8008cdeaf
ours	3	new	160	4491.1	1439.8	ddc8008cdeaf
ours	3	new	192	2723.9	1906.2	ddc8008cdeaf
ours	3	new	224	3141.9	1853.0	ddc8008cdeaf
ours	3	new	256	3257.0	3655.9	ddc8008cdeaf
ours	3	new	288	3777.0	4026.9	ddc8008cdeaf
ours	3	new	160	5315.1	1501.1	ddc8008cdeaf
ours	3	new	192	2737.0	2049.0	ddc8008cdeaf
ours	3	new	224	4114.2	2061.8	ddc8008cdeaf
ours	3	new	256	3286.8	3824.0	ddc8008cdeaf
ours	3	new	288	3803.0	4040.0	ddc8008cdeaf
ours	3	new	160	2445.9	1389.0	ddc8008cdeaf
ours	3	new	192	2720.8	1593.1	ddc8008cdeaf
ours	3	new	224	5508.9	1806.0	ddc8008cdeaf
ours	3	new	256	3286.1	3768.0	ddc8008cdeaf
ours	3	new	288	3752.0	3955.1	ddc8008cdeaf
ours	3	new	160	2434.0	1363.0	ddc8008cdeaf
ours	3	new	192	4782.9	1487.0	ddc8008cdeaf
ours	3	new	224	3140.9	2271.2	ddc8008cdeaf
ours	3	new	256	3234.9	3475.2	ddc8008cdeaf
ours	3	new	288	3727.9	3818.0	ddc8008cdeaf
ours	3	new	160	2415.9	1326.1	ddc8008cdeaf
ours	3	new	192	2723.9	1534.9	ddc8008cdeaf
ours	3	new	224	4705.0	1715.9	ddc8008cdeaf
ours	3	new	256	3233.9	3749.1	ddc8008cdeaf
ours	3	new	288	3783.9	3988.0	ddc8008cdeaf
ours	3	new	160	2435.0	1442.0	ddc8008cdeaf
ours	3	new	192	2722.0	1565.9	ddc8008cdeaf
ours	3	new	224	3153.1	1893.0	ddc8008cdeaf
ours	3	new	256	3250.1	3511.0	ddc8008cdeaf
ours	3	new	288	6144.0	3957.0	ddc8008cdeaf
ours	3	new	160	2533.9	1779.1	ddc8008cdeaf
ours	3	new	192	2725.1	1573.1	ddc8008cdeaf
ours	3	new	224	3155.0	1725.9	ddc8008cdeaf
ours	3	new	256	3259.2	3485.9	ddc8008cdeaf
ours	3	new	288	3789.9	3933.9	ddc8008cdeaf
ours	3	new	160	4792.9	1415.0	ddc8008cdeaf
ours	3	new	192	2743.0	2002.0	ddc8008cdeaf
ours	3	new	224	3155.0	2003.0	ddc8008cdeaf
ours	3	new	256	3265.1	3542.9	ddc8008cdeaf
ours	3	new	288	3804.0	3983.0	ddc8008cdeaf
ours	3	new	160	2464.1	1442.0	ddc8008cdeaf
ours	3	new	192	2744.0	1660.1	ddc8008cdeaf
ours	3	new	224	3198.1	1921.9	ddc8008cdeaf
ours	3	new	256	4871.1	3515.0	ddc8008cdeaf
ours	3	new	288	3778.9	4250.0	ddc8008cdeaf
ours	3	new	160	2450.9	1478.0	ddc8008cdeaf
ours	3	new	192	2724.9	1594.1	ddc8008cdeaf
ours	3	new	224	3154.0	1925.0	ddc8008cdeaf
ours	3	new	256	3248.0	3719.1	ddc8008cdeaf
ours	3	new	288	4952.0	3859.0	ddc8008cdeaf
ours	3	new	160	2455.9	1591.2	ddc8008cdeaf
ours	3	new	192	2717.0	1447.0	ddc8008cdeaf
ours	3	new	224	3135.9	1631.0	ddc8008cdeaf
ours	3	new	256	3219.8	3111.1	ddc8008cdeaf
ours	3	new	288	3824.9	3896.0	ddc8008cdeaf
ours	3	new	160	2444.0	1496.1	ddc8008cdeaf
torch-eager	3	first	32	3421.8	178.6	torch-2.14.0+cu130
torch-eager	3	first	48	3493.1	206.0	torch-2.14.0+cu130
torch-eager	3	first	64	3355.5	206.7	torch-2.14.0+cu130
torch-eager	3	first	96	3129.0	224.8	torch-2.14.0+cu130
torch-eager	3	first	128	3351.4	265.4	torch-2.14.0+cu130
torch-eager	3	first	32	2705.3	190.5	torch-2.14.0+cu130
torch-eager	3	first	48	2888.9	185.3	torch-2.14.0+cu130
torch-eager	3	first	64	2911.8	196.7	torch-2.14.0+cu130
torch-eager	3	first	96	2982.9	260.4	torch-2.14.0+cu130
torch-eager	3	first	128	3229.9	251.1	torch-2.14.0+cu130
torch-eager	3	first	32	2688.2	191.0	torch-2.14.0+cu130
torch-eager	3	first	48	2928.5	191.5	torch-2.14.0+cu130
torch-eager	3	first	64	2957.3	207.7	torch-2.14.0+cu130
torch-eager	3	first	96	3094.9	224.4	torch-2.14.0+cu130
torch-eager	3	first	128	3009.1	246.0	torch-2.14.0+cu130
torch-eager	3	first	32	2674.1	190.3	torch-2.14.0+cu130
torch-eager	3	first	48	2881.5	193.1	torch-2.14.0+cu130
torch-eager	3	first	64	2885.6	202.7	torch-2.14.0+cu130
torch-eager	3	first	96	3118.8	252.0	torch-2.14.0+cu130
torch-eager	3	first	128	3003.1	235.1	torch-2.14.0+cu130
torch-eager	3	first	32	2701.0	190.7	torch-2.14.0+cu130
torch-eager	3	first	48	2991.7	209.8	torch-2.14.0+cu130
torch-eager	3	first	64	3550.5	252.0	torch-2.14.0+cu130
torch-eager	3	first	96	3104.2	248.4	torch-2.14.0+cu130
torch-eager	3	first	128	3233.0	247.7	torch-2.14.0+cu130
torch-eager	3	first	32	2718.7	209.3	torch-2.14.0+cu130
torch-eager	3	first	48	2901.6	220.8	torch-2.14.0+cu130
torch-eager	3	first	64	3413.7	220.8	torch-2.14.0+cu130
torch-eager	3	first	96	3262.5	334.0	torch-2.14.0+cu130
torch-eager	3	first	128	3002.4	273.7	torch-2.14.0+cu130
torch-eager	3	first	32	2679.6	202.7	torch-2.14.0+cu130
torch-eager	3	first	48	2883.9	206.5	torch-2.14.0+cu130
torch-eager	3	first	64	3043.2	219.6	torch-2.14.0+cu130
torch-eager	3	first	96	3101.8	235.8	torch-2.14.0+cu130
torch-eager	3	first	128	3022.0	270.8	torch-2.14.0+cu130
torch-eager	3	first	32	2673.4	205.8	torch-2.14.0+cu130
torch-eager	3	first	48	2871.5	207.2	torch-2.14.0+cu130
torch-eager	3	first	64	2903.0	225.5	torch-2.14.0+cu130
torch-eager	3	first	96	2966.9	231.0	torch-2.14.0+cu130
torch-eager	3	first	128	3071.3	303.0	torch-2.14.0+cu130
torch-eager	3	first	32	2678.9	212.2	torch-2.14.0+cu130
torch-eager	3	first	48	2890.1	211.7	torch-2.14.0+cu130
torch-eager	3	first	64	3587.5	322.3	torch-2.14.0+cu130
torch-eager	3	first	96	2969.0	267.3	torch-2.14.0+cu130
torch-eager	3	first	128	3097.3	299.7	torch-2.14.0+cu130
torch-eager	3	first	32	2685.8	195.5	torch-2.14.0+cu130
torch-eager	3	first	48	2900.1	200.5	torch-2.14.0+cu130
torch-eager	3	first	64	2871.3	213.9	torch-2.14.0+cu130
torch-eager	3	first	96	2966.6	232.7	torch-2.14.0+cu130
torch-eager	3	first	128	3189.3	257.7	torch-2.14.0+cu130
torch-eager	3	first	32	2679.1	195.3	torch-2.14.0+cu130
torch-eager	3	first	48	2918.5	202.7	torch-2.14.0+cu130
torch-eager	3	first	64	2907.5	212.0	torch-2.14.0+cu130
torch-eager	3	first	96	2975.9	235.6	torch-2.14.0+cu130
torch-eager	3	first	128	3203.4	256.3	torch-2.14.0+cu130
torch-eager	3	first	32	2717.3	198.6	torch-2.14.0+cu130
torch-eager	3	first	48	2882.2	225.5	torch-2.14.0+cu130
torch-eager	3	first	64	2900.8	223.4	torch-2.14.0+cu130
torch-eager	3	first	96	2993.1	240.1	torch-2.14.0+cu130
torch-eager	3	first	128	3039.8	253.4	torch-2.14.0+cu130
torch-eager	3	first	32	2706.8	202.7	torch-2.14.0+cu130
torch-eager	3	first	48	2884.4	215.3	torch-2.14.0+cu130
torch-eager	3	first	64	2891.8	228.6	torch-2.14.0+cu130
torch-eager	3	first	96	2944.7	254.2	torch-2.14.0+cu130
torch-eager	3	first	128	3038.9	271.6	torch-2.14.0+cu130
torch-eager	3	first	32	2856.0	211.5	torch-2.14.0+cu130
torch-eager	3	revisit	32	2663.6	216.2	torch-2.14.0+cu130
torch-eager	3	revisit	48	2970.0	206.7	torch-2.14.0+cu130
torch-eager	3	revisit	64	2893.2	215.8	torch-2.14.0+cu130
torch-eager	3	revisit	96	2953.3	234.1	torch-2.14.0+cu130
torch-eager	3	revisit	128	3190.3	257.5	torch-2.14.0+cu130
torch-eager	3	revisit	32	2700.6	212.7	torch-2.14.0+cu130
torch-eager	3	revisit	48	2897.5	205.5	torch-2.14.0+cu130
torch-eager	3	revisit	64	2860.5	219.3	torch-2.14.0+cu130
torch-eager	3	revisit	96	3052.7	229.4	torch-2.14.0+cu130
torch-eager	3	revisit	128	3123.3	269.7	torch-2.14.0+cu130
torch-eager	3	revisit	32	2689.1	210.0	torch-2.14.0+cu130
torch-eager	3	revisit	48	2863.4	223.9	torch-2.14.0+cu130
torch-eager	3	revisit	64	2881.5	213.1	torch-2.14.0+cu130
torch-eager	3	revisit	96	3052.9	243.2	torch-2.14.0+cu130
torch-eager	3	revisit	128	3047.9	261.3	torch-2.14.0+cu130
torch-eager	3	revisit	32	2819.1	249.6	torch-2.14.0+cu130
torch-eager	3	revisit	48	2882.5	214.8	torch-2.14.0+cu130
torch-eager	3	revisit	64	2882.7	216.0	torch-2.14.0+cu130
torch-eager	3	revisit	96	2946.9	239.1	torch-2.14.0+cu130
torch-eager	3	revisit	128	3016.9	245.6	torch-2.14.0+cu130
torch-eager	3	revisit	32	2847.0	200.0	torch-2.14.0+cu130
torch-eager	3	revisit	48	2890.3	207.2	torch-2.14.0+cu130
torch-eager	3	revisit	64	2898.2	220.1	torch-2.14.0+cu130
torch-eager	3	revisit	96	2945.7	242.0	torch-2.14.0+cu130
torch-eager	3	revisit	128	3005.7	229.1	torch-2.14.0+cu130
torch-eager	3	revisit	32	2840.0	181.2	torch-2.14.0+cu130
torch-eager	3	revisit	48	2870.8	194.5	torch-2.14.0+cu130
torch-eager	3	revisit	64	2867.0	193.1	torch-2.14.0+cu130
torch-eager	3	revisit	96	2941.6	209.3	torch-2.14.0+cu130
torch-eager	3	revisit	128	3228.7	225.8	torch-2.14.0+cu130
torch-eager	3	revisit	32	2675.1	174.3	torch-2.14.0+cu130
torch-eager	3	revisit	48	2916.3	210.3	torch-2.14.0+cu130
torch-eager	3	revisit	64	2869.6	180.7	torch-2.14.0+cu130
torch-eager	3	revisit	96	2897.7	192.9	torch-2.14.0+cu130
torch-eager	3	revisit	128	2981.4	206.0	torch-2.14.0+cu130
torch-eager	3	revisit	32	2658.6	161.6	torch-2.14.0+cu130
torch-eager	3	revisit	48	2999.8	168.1	torch-2.14.0+cu130
torch-eager	3	revisit	64	2870.3	175.7	torch-2.14.0+cu130
torch-eager	3	revisit	96	2901.1	190.3	torch-2.14.0+cu130
torch-eager	3	revisit	128	2967.4	204.3	torch-2.14.0+cu130
torch-eager	3	revisit	32	2663.6	176.9	torch-2.14.0+cu130
torch-eager	3	revisit	48	2921.8	168.8	torch-2.14.0+cu130
torch-eager	3	revisit	64	2886.1	182.6	torch-2.14.0+cu130
torch-eager	3	revisit	96	2904.9	202.4	torch-2.14.0+cu130
torch-eager	3	revisit	128	2978.3	205.3	torch-2.14.0+cu130
torch-eager	3	revisit	32	2647.4	163.1	torch-2.14.0+cu130
torch-eager	3	revisit	48	2853.6	170.0	torch-2.14.0+cu130
torch-eager	3	revisit	64	3012.4	177.6	torch-2.14.0+cu130
torch-eager	3	revisit	96	2903.0	198.4	torch-2.14.0+cu130
torch-eager	3	revisit	128	2983.1	211.7	torch-2.14.0+cu130
torch-eager	3	revisit	32	2666.0	160.9	torch-2.14.0+cu130
torch-eager	3	revisit	48	2851.0	168.3	torch-2.14.0+cu130
torch-eager	3	revisit	64	3025.5	174.5	torch-2.14.0+cu130
torch-eager	3	revisit	96	2906.1	194.8	torch-2.14.0+cu130
torch-eager	3	revisit	128	2974.0	208.1	torch-2.14.0+cu130
torch-eager	3	revisit	32	2637.6	169.8	torch-2.14.0+cu130
torch-eager	3	revisit	48	2860.8	166.9	torch-2.14.0+cu130
torch-eager	3	revisit	64	2867.9	172.4	torch-2.14.0+cu130
torch-eager	3	revisit	96	3050.6	186.9	torch-2.14.0+cu130
torch-eager	3	revisit	128	2979.8	214.6	torch-2.14.0+cu130
torch-eager	3	revisit	32	2652.4	168.8	torch-2.14.0+cu130
torch-eager	3	revisit	48	2831.9	171.4	torch-2.14.0+cu130
torch-eager	3	revisit	64	2969.5	177.1	torch-2.14.0+cu130
torch-eager	3	revisit	96	3052.5	192.2	torch-2.14.0+cu130
torch-eager	3	revisit	128	2969.5	207.9	torch-2.14.0+cu130
torch-eager	3	revisit	32	2650.5	162.8	torch-2.14.0+cu130
torch-eager	3	new	160	3569.6	234.1	torch-2.14.0+cu130
torch-eager	3	new	192	3427.0	255.1	torch-2.14.0+cu130
torch-eager	3	new	224	3854.5	265.6	torch-2.14.0+cu130
torch-eager	3	new	256	3835.9	283.0	torch-2.14.0+cu130
torch-eager	3	new	288	4234.3	299.2	torch-2.14.0+cu130
torch-eager	3	new	160	3236.5	262.0	torch-2.14.0+cu130
torch-eager	3	new	192	3360.5	248.4	torch-2.14.0+cu130
torch-eager	3	new	224	3449.2	268.7	torch-2.14.0+cu130
torch-eager	3	new	256	3492.6	284.2	torch-2.14.0+cu130
torch-eager	3	new	288	4161.4	285.4	torch-2.14.0+cu130
torch-eager	3	new	160	3172.2	238.2	torch-2.14.0+cu130
torch-eager	3	new	192	3248.9	278.9	torch-2.14.0+cu130
torch-eager	3	new	224	3444.0	270.4	torch-2.14.0+cu130
torch-eager	3	new	256	3501.7	267.7	torch-2.14.0+cu130
torch-eager	3	new	288	4152.8	304.5	torch-2.14.0+cu130
torch-eager	3	new	160	3331.2	236.0	torch-2.14.0+cu130
torch-eager	3	new	192	3210.1	244.1	torch-2.14.0+cu130
torch-eager	3	new	224	3441.1	267.0	torch-2.14.0+cu130
torch-eager	3	new	256	3508.3	267.5	torch-2.14.0+cu130
torch-eager	3	new	288	4168.7	282.5	torch-2.14.0+cu130
torch-eager	3	new	160	3203.2	229.8	torch-2.14.0+cu130
torch-eager	3	new	192	3228.4	237.9	torch-2.14.0+cu130
torch-eager	3	new	224	3457.8	255.3	torch-2.14.0+cu130
torch-eager	3	new	256	3504.3	268.2	torch-2.14.0+cu130
torch-eager	3	new	288	4209.5	283.2	torch-2.14.0+cu130
torch-eager	3	new	160	3197.0	231.5	torch-2.14.0+cu130
torch-eager	3	new	192	3199.8	242.2	torch-2.14.0+cu130
torch-eager	3	new	224	3462.8	259.4	torch-2.14.0+cu130
torch-eager	3	new	256	3591.5	274.7	torch-2.14.0+cu130
torch-eager	3	new	288	4182.6	290.2	torch-2.14.0+cu130
torch-eager	3	new	160	3200.8	235.1	torch-2.14.0+cu130
torch-eager	3	new	192	3217.7	244.1	torch-2.14.0+cu130
torch-eager	3	new	224	3495.5	255.6	torch-2.14.0+cu130
torch-eager	3	new	256	3578.4	320.9	torch-2.14.0+cu130
torch-eager	3	new	288	4204.5	283.0	torch-2.14.0+cu130
torch-eager	3	new	160	3174.3	228.9	torch-2.14.0+cu130
torch-eager	3	new	192	3207.9	235.6	torch-2.14.0+cu130
torch-eager	3	new	224	3627.8	249.1	torch-2.14.0+cu130
torch-eager	3	new	256	3541.0	271.3	torch-2.14.0+cu130
torch-eager	3	new	288	4175.2	283.7	torch-2.14.0+cu130
torch-eager	3	new	160	3201.7	224.6	torch-2.14.0+cu130
torch-eager	3	new	192	3280.4	243.2	torch-2.14.0+cu130
torch-eager	3	new	224	3463.0	254.2	torch-2.14.0+cu130
torch-eager	3	new	256	3592.7	284.9	torch-2.14.0+cu130
torch-eager	3	new	288	4202.6	291.6	torch-2.14.0+cu130
torch-eager	3	new	160	3202.2	238.2	torch-2.14.0+cu130
torch-eager	3	new	192	3263.5	284.0	torch-2.14.0+cu130
torch-eager	3	new	224	3464.5	261.5	torch-2.14.0+cu130
torch-eager	3	new	256	3536.5	264.4	torch-2.14.0+cu130
torch-eager	3	new	288	4174.7	279.2	torch-2.14.0+cu130
torch-eager	3	new	160	3324.0	229.6	torch-2.14.0+cu130
torch-eager	3	new	192	3228.7	243.9	torch-2.14.0+cu130
torch-eager	3	new	224	3508.8	263.9	torch-2.14.0+cu130
torch-eager	3	new	256	3554.3	269.4	torch-2.14.0+cu130
torch-eager	3	new	288	4220.7	281.1	torch-2.14.0+cu130
torch-eager	3	new	160	3184.8	239.6	torch-2.14.0+cu130
torch-eager	3	new	192	3215.3	233.9	torch-2.14.0+cu130
torch-eager	3	new	224	3448.7	264.6	torch-2.14.0+cu130
torch-eager	3	new	256	6207.9	256.1	torch-2.14.0+cu130
torch-eager	3	new	288	4168.0	270.8	torch-2.14.0+cu130
torch-eager	3	new	160	2836.2	195.3	torch-2.14.0+cu130
torch-eager	3	new	192	2887.7	207.7	torch-2.14.0+cu130
torch-eager	3	new	224	5189.7	222.7	torch-2.14.0+cu130
torch-eager	3	new	256	3486.2	254.6	torch-2.14.0+cu130
torch-eager	3	new	288	4131.3	257.5	torch-2.14.0+cu130
torch-eager	3	new	160	2816.7	193.4	torch-2.14.0+cu130
torch-compile-static	3	first	32	392673.7	167.4	torch-2.14.0+cu130
torch-compile-static	3	first	48	474266.1	314.5	torch-2.14.0+cu130
torch-compile-static	3	first	64	324641.7	268.0	torch-2.14.0+cu130
torch-compile-static	3	first	96	323042.4	282.5	torch-2.14.0+cu130
torch-compile-static	3	first	128	323319.4	290.4	torch-2.14.0+cu130
torch-compile-static	3	first	32	1114.8	250.8	torch-2.14.0+cu130
torch-compile-static	3	first	48	1438.1	177.6	torch-2.14.0+cu130
torch-compile-static	3	first	64	1469.6	168.3	torch-2.14.0+cu130
torch-compile-static	3	first	96	1675.8	176.2	torch-2.14.0+cu130
torch-compile-static	3	first	128	1827.5	184.1	torch-2.14.0+cu130
torch-compile-static	3	first	32	1046.2	140.9	torch-2.14.0+cu130
torch-compile-static	3	first	48	1365.4	143.1	torch-2.14.0+cu130
torch-compile-static	3	first	64	1420.3	145.9	torch-2.14.0+cu130
torch-compile-static	3	first	96	1656.1	171.9	torch-2.14.0+cu130
torch-compile-static	3	first	128	1829.4	170.0	torch-2.14.0+cu130
torch-compile-static	3	first	32	1032.6	133.8	torch-2.14.0+cu130
torch-compile-static	3	first	48	1374.7	136.1	torch-2.14.0+cu130
torch-compile-static	3	first	64	1404.5	141.1	torch-2.14.0+cu130
torch-compile-static	3	first	96	1654.1	156.4	torch-2.14.0+cu130
torch-compile-static	3	first	128	1802.0	170.5	torch-2.14.0+cu130
torch-compile-static	3	first	32	1022.8	131.8	torch-2.14.0+cu130
torch-compile-static	3	first	48	1433.1	135.7	torch-2.14.0+cu130
torch-compile-static	3	first	64	1423.1	143.3	torch-2.14.0+cu130
torch-compile-static	3	first	96	1658.4	158.1	torch-2.14.0+cu130
torch-compile-static	3	first	128	1811.5	166.9	torch-2.14.0+cu130
torch-compile-static	3	first	32	1030.9	130.9	torch-2.14.0+cu130
torch-compile-static	3	first	48	1379.7	135.9	torch-2.14.0+cu130
torch-compile-static	3	first	64	1419.8	141.6	torch-2.14.0+cu130
torch-compile-static	3	first	96	1655.3	154.5	torch-2.14.0+cu130
torch-compile-static	3	first	128	1813.2	167.4	torch-2.14.0+cu130
torch-compile-static	3	first	32	1029.0	131.8	torch-2.14.0+cu130
torch-compile-static	3	first	48	1399.3	137.1	torch-2.14.0+cu130
torch-compile-static	3	first	64	1416.4	140.7	torch-2.14.0+cu130
torch-compile-static	3	first	96	1652.0	163.3	torch-2.14.0+cu130
torch-compile-static	3	first	128	1802.4	167.1	torch-2.14.0+cu130
torch-compile-static	3	first	32	1035.7	130.9	torch-2.14.0+cu130
torch-compile-static	3	first	48	1370.4	135.2	torch-2.14.0+cu130
torch-compile-static	3	first	64	1404.5	142.6	torch-2.14.0+cu130
torch-compile-static	3	first	96	1646.3	161.9	torch-2.14.0+cu130
torch-compile-static	3	first	128	1823.4	169.3	torch-2.14.0+cu130
torch-compile-static	3	first	32	1033.1	129.2	torch-2.14.0+cu130
torch-compile-static	3	first	48	1366.9	145.0	torch-2.14.0+cu130
torch-compile-static	3	first	64	1424.1	143.5	torch-2.14.0+cu130
torch-compile-static	3	first	96	1643.4	162.1	torch-2.14.0+cu130
torch-compile-static	3	first	128	1809.4	166.4	torch-2.14.0+cu130
torch-compile-static	3	first	32	1030.4	130.4	torch-2.14.0+cu130
torch-compile-static	3	first	48	1362.6	137.3	torch-2.14.0+cu130
torch-compile-static	3	first	64	1401.4	138.8	torch-2.14.0+cu130
torch-compile-static	3	first	96	1640.1	166.7	torch-2.14.0+cu130
torch-compile-static	3	first	128	1839.6	165.0	torch-2.14.0+cu130
torch-compile-static	3	first	32	1014.2	129.5	torch-2.14.0+cu130
torch-compile-static	3	first	48	1421.2	144.7	torch-2.14.0+cu130
torch-compile-static	3	first	64	1409.1	141.6	torch-2.14.0+cu130
torch-compile-static	3	first	96	1646.5	154.0	torch-2.14.0+cu130
torch-compile-static	3	first	128	1801.5	174.3	torch-2.14.0+cu130
torch-compile-static	3	first	32	1013.8	137.8	torch-2.14.0+cu130
torch-compile-static	3	first	48	1368.3	136.4	torch-2.14.0+cu130
torch-compile-static	3	first	64	1390.9	140.2	torch-2.14.0+cu130
torch-compile-static	3	first	96	1633.6	154.0	torch-2.14.0+cu130
torch-compile-static	3	first	128	1788.9	174.0	torch-2.14.0+cu130
torch-compile-static	3	first	32	1019.5	128.7	torch-2.14.0+cu130
torch-compile-static	3	first	48	1356.8	143.5	torch-2.14.0+cu130
torch-compile-static	3	first	64	1408.8	140.9	torch-2.14.0+cu130
torch-compile-static	3	first	96	1638.9	158.8	torch-2.14.0+cu130
torch-compile-static	3	first	128	1812.0	173.8	torch-2.14.0+cu130
torch-compile-static	3	first	32	1018.8	130.9	torch-2.14.0+cu130
torch-compile-static	3	revisit	32	991.6	136.6	torch-2.14.0+cu130
torch-compile-static	3	revisit	48	1360.4	135.2	torch-2.14.0+cu130
torch-compile-static	3	revisit	64	1391.6	140.9	torch-2.14.0+cu130
torch-compile-static	3	revisit	96	1645.1	153.8	torch-2.14.0+cu130
torch-compile-static	3	revisit	128	1782.7	174.0	torch-2.14.0+cu130
torch-compile-static	3	revisit	32	1000.9	136.6	torch-2.14.0+cu130
torch-compile-static	3	revisit	48	1389.5	136.9	torch-2.14.0+cu130
torch-compile-static	3	revisit	64	1390.0	139.7	torch-2.14.0+cu130
torch-compile-static	3	revisit	96	1632.5	153.5	torch-2.14.0+cu130
torch-compile-static	3	revisit	128	1783.1	172.9	torch-2.14.0+cu130
torch-compile-static	3	revisit	32	1005.2	138.0	torch-2.14.0+cu130
torch-compile-static	3	revisit	48	1353.3	135.4	torch-2.14.0+cu130
torch-compile-static	3	revisit	64	1400.5	147.1	torch-2.14.0+cu130
torch-compile-static	3	revisit	96	1638.9	160.2	torch-2.14.0+cu130
torch-compile-static	3	revisit	128	1795.8	171.4	torch-2.14.0+cu130
torch-compile-static	3	revisit	32	1028.5	127.8	torch-2.14.0+cu130
torch-compile-static	3	revisit	48	1370.2	137.1	torch-2.14.0+cu130
torch-compile-static	3	revisit	64	1395.7	139.7	torch-2.14.0+cu130
torch-compile-static	3	revisit	96	1633.4	157.4	torch-2.14.0+cu130
torch-compile-static	3	revisit	128	1795.8	175.7	torch-2.14.0+cu130
torch-compile-static	3	revisit	32	1016.1	130.7	torch-2.14.0+cu130
torch-compile-static	3	revisit	48	1359.2	142.6	torch-2.14.0+cu130
torch-compile-static	3	revisit	64	1410.2	141.9	torch-2.14.0+cu130
torch-compile-static	3	revisit	96	1629.4	153.3	torch-2.14.0+cu130
torch-compile-static	3	revisit	128	1812.5	176.7	torch-2.14.0+cu130
torch-compile-static	3	revisit	32	1033.1	132.3	torch-2.14.0+cu130
torch-compile-static	3	revisit	48	1360.7	135.9	torch-2.14.0+cu130
torch-compile-static	3	revisit	64	1410.2	139.5	torch-2.14.0+cu130
torch-compile-static	3	revisit	96	1636.5	153.3	torch-2.14.0+cu130
torch-compile-static	3	revisit	128	1793.9	172.6	torch-2.14.0+cu130
torch-compile-static	3	revisit	32	1025.7	128.7	torch-2.14.0+cu130
torch-compile-static	3	revisit	48	1343.5	145.0	torch-2.14.0+cu130
torch-compile-static	3	revisit	64	1381.6	141.6	torch-2.14.0+cu130
torch-compile-static	3	revisit	96	1646.8	160.2	torch-2.14.0+cu130
torch-compile-static	3	revisit	128	1802.2	168.6	torch-2.14.0+cu130
torch-compile-static	3	revisit	32	1034.7	129.9	torch-2.14.0+cu130
torch-compile-static	3	revisit	48	1355.9	142.6	torch-2.14.0+cu130
torch-compile-static	3	revisit	64	1394.5	140.0	torch-2.14.0+cu130
torch-compile-static	3	revisit	96	1632.7	153.5	torch-2.14.0+cu130
torch-compile-static	3	revisit	128	1807.7	164.3	torch-2.14.0+cu130
torch-compile-static	3	revisit	32	1016.1	128.7	torch-2.14.0+cu130
torch-compile-static	3	revisit	48	1368.5	141.4	torch-2.14.0+cu130
torch-compile-static	3	revisit	64	1397.4	140.2	torch-2.14.0+cu130
torch-compile-static	3	revisit	96	1638.7	163.6	torch-2.14.0+cu130
torch-compile-static	3	revisit	128	1813.7	163.8	torch-2.14.0+cu130
torch-compile-static	3	revisit	32	1016.4	128.7	torch-2.14.0+cu130
torch-compile-static	3	revisit	48	1340.6	144.7	torch-2.14.0+cu130
torch-compile-static	3	revisit	64	1389.3	140.4	torch-2.14.0+cu130
torch-compile-static	3	revisit	96	1632.9	160.2	torch-2.14.0+cu130
torch-compile-static	3	revisit	128	1819.4	165.0	torch-2.14.0+cu130
torch-compile-static	3	revisit	32	1012.6	131.8	torch-2.14.0+cu130
torch-compile-static	3	revisit	48	1348.3	142.3	torch-2.14.0+cu130
torch-compile-static	3	revisit	64	1385.7	139.7	torch-2.14.0+cu130
torch-compile-static	3	revisit	96	1638.2	159.5	torch-2.14.0+cu130
torch-compile-static	3	revisit	128	1803.4	164.3	torch-2.14.0+cu130
torch-compile-static	3	revisit	32	1003.0	129.2	torch-2.14.0+cu130
torch-compile-static	3	revisit	48	1372.3	132.6	torch-2.14.0+cu130
torch-compile-static	3	revisit	64	1402.9	140.0	torch-2.14.0+cu130
torch-compile-static	3	revisit	96	1628.9	161.4	torch-2.14.0+cu130
torch-compile-static	3	revisit	128	1786.9	163.6	torch-2.14.0+cu130
torch-compile-static	3	revisit	32	1002.1	127.8	torch-2.14.0+cu130
torch-compile-static	3	revisit	48	1372.3	132.3	torch-2.14.0+cu130
torch-compile-static	3	revisit	64	1383.8	141.1	torch-2.14.0+cu130
torch-compile-static	3	revisit	96	1638.4	150.4	torch-2.14.0+cu130
torch-compile-static	3	revisit	128	1726.2	167.4	torch-2.14.0+cu130
torch-compile-static	3	revisit	32	974.4	129.5	torch-2.14.0+cu130
torch-compile-static	3	new	160	322431.6	176.4	torch-2.14.0+cu130
torch-compile-static	3	new	192	320503.7	323.3	torch-2.14.0+cu130
torch-compile-static	3	new	224	48369.9	330.4	torch-2.14.0+cu130
torch-compile-static	3	new	256	3636.8	327.1	torch-2.14.0+cu130
torch-compile-static	3	new	288	4196.9	235.6	torch-2.14.0+cu130
torch-compile-static	3	new	160	2250.7	186.2	torch-2.14.0+cu130
torch-compile-static	3	new	192	2378.2	190.3	torch-2.14.0+cu130
torch-compile-static	3	new	224	3302.1	198.6	torch-2.14.0+cu130
torch-compile-static	3	new	256	3451.1	218.4	torch-2.14.0+cu130
torch-compile-static	3	new	288	4121.8	225.8	torch-2.14.0+cu130
torch-compile-static	3	new	160	2226.8	177.4	torch-2.14.0+cu130
torch-compile-static	3	new	192	2411.6	194.5	torch-2.14.0+cu130
torch-compile-static	3	new	224	3353.6	202.7	torch-2.14.0+cu130
torch-compile-static	3	new	256	3494.7	217.2	torch-2.14.0+cu130
torch-compile-static	3	new	288	4156.4	226.3	torch-2.14.0+cu130
torch-compile-static	3	new	160	2247.3	180.5	torch-2.14.0+cu130
torch-compile-static	3	new	192	2421.9	201.2	torch-2.14.0+cu130
torch-compile-static	3	new	224	3349.3	198.8	torch-2.14.0+cu130
torch-compile-static	3	new	256	3521.2	211.0	torch-2.14.0+cu130
torch-compile-static	3	new	288	4198.8	227.5	torch-2.14.0+cu130
torch-compile-static	3	new	160	2253.5	181.9	torch-2.14.0+cu130
torch-compile-static	3	new	192	2432.8	190.7	torch-2.14.0+cu130
torch-compile-static	3	new	224	3370.3	202.2	torch-2.14.0+cu130
torch-compile-static	3	new	256	3551.7	233.9	torch-2.14.0+cu130
torch-compile-static	3	new	288	4232.4	228.9	torch-2.14.0+cu130
torch-compile-static	3	new	160	2246.6	180.7	torch-2.14.0+cu130
torch-compile-static	3	new	192	2438.1	191.0	torch-2.14.0+cu130
torch-compile-static	3	new	224	3371.0	201.5	torch-2.14.0+cu130
torch-compile-static	3	new	256	3562.5	213.1	torch-2.14.0+cu130
torch-compile-static	3	new	288	4245.5	232.0	torch-2.14.0+cu130
torch-compile-static	3	new	160	2259.0	187.9	torch-2.14.0+cu130
torch-compile-static	3	new	192	2439.5	194.8	torch-2.14.0+cu130
torch-compile-static	3	new	224	3379.6	201.2	torch-2.14.0+cu130
torch-compile-static	3	new	256	3554.1	216.0	torch-2.14.0+cu130
torch-compile-static	3	new	288	4220.5	224.6	torch-2.14.0+cu130
torch-compile-static	3	new	160	2249.0	185.7	torch-2.14.0+cu130
torch-compile-static	3	new	192	2433.3	191.7	torch-2.14.0+cu130
torch-compile-static	3	new	224	3367.9	209.3	torch-2.14.0+cu130
torch-compile-static	3	new	256	3565.3	215.8	torch-2.14.0+cu130
torch-compile-static	3	new	288	4210.9	236.7	torch-2.14.0+cu130
torch-compile-static	3	new	160	2249.2	184.5	torch-2.14.0+cu130
torch-compile-static	3	new	192	2439.7	200.5	torch-2.14.0+cu130
torch-compile-static	3	new	224	3387.9	207.2	torch-2.14.0+cu130
torch-compile-static	3	new	256	3564.8	218.6	torch-2.14.0+cu130
torch-compile-static	3	new	288	4207.8	228.9	torch-2.14.0+cu130
torch-compile-static	3	new	160	2248.3	179.3	torch-2.14.0+cu130
torch-compile-static	3	new	192	2428.5	190.5	torch-2.14.0+cu130
torch-compile-static	3	new	224	3380.5	201.5	torch-2.14.0+cu130
torch-compile-static	3	new	256	3543.1	214.1	torch-2.14.0+cu130
torch-compile-static	3	new	288	4242.4	234.8	torch-2.14.0+cu130
torch-compile-static	3	new	160	2253.8	183.3	torch-2.14.0+cu130
torch-compile-static	3	new	192	2443.3	192.6	torch-2.14.0+cu130
torch-compile-static	3	new	224	3400.1	204.3	torch-2.14.0+cu130
torch-compile-static	3	new	256	3575.3	214.6	torch-2.14.0+cu130
torch-compile-static	3	new	288	4221.4	226.0	torch-2.14.0+cu130
torch-compile-static	3	new	160	2249.7	177.1	torch-2.14.0+cu130
torch-compile-static	3	new	192	2440.2	199.1	torch-2.14.0+cu130
torch-compile-static	3	new	224	3396.0	204.1	torch-2.14.0+cu130
torch-compile-static	3	new	256	3568.4	216.2	torch-2.14.0+cu130
torch-compile-static	3	new	288	4250.3	235.8	torch-2.14.0+cu130
torch-compile-static	3	new	160	2296.4	193.6	torch-2.14.0+cu130
torch-compile-static	3	new	192	2467.2	190.3	torch-2.14.0+cu130
torch-compile-static	3	new	224	3393.2	200.0	torch-2.14.0+cu130
torch-compile-static	3	new	256	3569.8	214.3	torch-2.14.0+cu130
torch-compile-static	3	new	288	4249.1	223.9	torch-2.14.0+cu130
torch-compile-static	3	new	160	2248.8	176.2	torch-2.14.0+cu130
torch-compile-dynamic	3	first	32	1592.6	179.5	torch-2.14.0+cu130
torch-compile-dynamic	3	first	48	1909.5	181.4	torch-2.14.0+cu130
torch-compile-dynamic	3	first	64	1759.3	213.9	torch-2.14.0+cu130
torch-compile-dynamic	3	first	96	1881.1	231.3	torch-2.14.0+cu130
torch-compile-dynamic	3	first	128	2335.8	233.2	torch-2.14.0+cu130
torch-compile-dynamic	3	first	32	1219.5	201.5	torch-2.14.0+cu130
torch-compile-dynamic	3	first	48	1629.8	193.1	torch-2.14.0+cu130
torch-compile-dynamic	3	first	64	1672.0	194.8	torch-2.14.0+cu130
torch-compile-dynamic	3	first	96	1814.1	205.0	torch-2.14.0+cu130
torch-compile-dynamic	3	first	128	2024.4	219.1	torch-2.14.0+cu130
torch-compile-dynamic	3	first	32	1193.3	192.6	torch-2.14.0+cu130
torch-compile-dynamic	3	first	48	1540.9	175.2	torch-2.14.0+cu130
torch-compile-dynamic	3	first	64	1606.9	180.7	torch-2.14.0+cu130
torch-compile-dynamic	3	first	96	1790.0	201.7	torch-2.14.0+cu130
torch-compile-dynamic	3	first	128	1996.3	224.4	torch-2.14.0+cu130
torch-compile-dynamic	3	first	32	1162.8	176.0	torch-2.14.0+cu130
torch-compile-dynamic	3	first	48	1559.0	170.7	torch-2.14.0+cu130
torch-compile-dynamic	3	first	64	1629.1	176.2	torch-2.14.0+cu130
torch-compile-dynamic	3	first	96	1789.6	215.5	torch-2.14.0+cu130
torch-compile-dynamic	3	first	128	1988.2	217.0	torch-2.14.0+cu130
torch-compile-dynamic	3	first	32	1188.3	188.6	torch-2.14.0+cu130
torch-compile-dynamic	3	first	48	1568.8	178.6	torch-2.14.0+cu130
torch-compile-dynamic	3	first	64	1601.9	189.5	torch-2.14.0+cu130
torch-compile-dynamic	3	first	96	1812.7	216.0	torch-2.14.0+cu130
torch-compile-dynamic	3	first	128	1989.1	257.3	torch-2.14.0+cu130
torch-compile-dynamic	3	first	32	1168.5	173.8	torch-2.14.0+cu130
torch-compile-dynamic	3	first	48	1566.9	174.5	torch-2.14.0+cu130
torch-compile-dynamic	3	first	64	1626.3	175.7	torch-2.14.0+cu130
torch-compile-dynamic	3	first	96	1787.4	192.9	torch-2.14.0+cu130
torch-compile-dynamic	3	first	128	1987.9	215.5	torch-2.14.0+cu130
torch-compile-dynamic	3	first	32	1164.9	170.2	torch-2.14.0+cu130
torch-compile-dynamic	3	first	48	1606.5	168.3	torch-2.14.0+cu130
torch-compile-dynamic	3	first	64	1610.3	176.2	torch-2.14.0+cu130
torch-compile-dynamic	3	first	96	1870.2	252.2	torch-2.14.0+cu130
torch-compile-dynamic	3	first	128	1990.1	224.4	torch-2.14.0+cu130
torch-compile-dynamic	3	first	32	1188.8	172.1	torch-2.14.0+cu130
torch-compile-dynamic	3	first	48	1583.1	177.9	torch-2.14.0+cu130
torch-compile-dynamic	3	first	64	1651.8	188.6	torch-2.14.0+cu130
torch-compile-dynamic	3	first	96	1869.2	230.6	torch-2.14.0+cu130
torch-compile-dynamic	3	first	128	1977.2	220.1	torch-2.14.0+cu130
torch-compile-dynamic	3	first	32	1146.1	164.3	torch-2.14.0+cu130
torch-compile-dynamic	3	first	48	1578.1	168.1	torch-2.14.0+cu130
torch-compile-dynamic	3	first	64	1653.2	210.0	torch-2.14.0+cu130
torch-compile-dynamic	3	first	96	1779.1	198.4	torch-2.14.0+cu130
torch-compile-dynamic	3	first	128	1982.2	228.4	torch-2.14.0+cu130
torch-compile-dynamic	3	first	32	1163.2	172.1	torch-2.14.0+cu130
torch-compile-dynamic	3	first	48	1541.9	167.8	torch-2.14.0+cu130
torch-compile-dynamic	3	first	64	1596.9	172.1	torch-2.14.0+cu130
torch-compile-dynamic	3	first	96	1784.6	191.2	torch-2.14.0+cu130
torch-compile-dynamic	3	first	128	1977.2	211.2	torch-2.14.0+cu130
torch-compile-dynamic	3	first	32	1156.6	171.4	torch-2.14.0+cu130
torch-compile-dynamic	3	first	48	1693.5	223.6	torch-2.14.0+cu130
torch-compile-dynamic	3	first	64	1611.5	183.3	torch-2.14.0+cu130
torch-compile-dynamic	3	first	96	1780.7	200.3	torch-2.14.0+cu130
torch-compile-dynamic	3	first	128	1991.7	212.4	torch-2.14.0+cu130
torch-compile-dynamic	3	first	32	1159.4	167.4	torch-2.14.0+cu130
torch-compile-dynamic	3	first	48	1561.2	165.9	torch-2.14.0+cu130
torch-compile-dynamic	3	first	64	1576.9	177.4	torch-2.14.0+cu130
torch-compile-dynamic	3	first	96	1775.0	191.7	torch-2.14.0+cu130
torch-compile-dynamic	3	first	128	2026.6	222.2	torch-2.14.0+cu130
torch-compile-dynamic	3	first	32	1221.2	207.9	torch-2.14.0+cu130
torch-compile-dynamic	3	first	48	1555.4	176.9	torch-2.14.0+cu130
torch-compile-dynamic	3	first	64	1670.8	187.9	torch-2.14.0+cu130
torch-compile-dynamic	3	first	96	1789.3	200.5	torch-2.14.0+cu130
torch-compile-dynamic	3	first	128	2002.0	228.4	torch-2.14.0+cu130
torch-compile-dynamic	3	first	32	1168.3	165.7	torch-2.14.0+cu130
torch-compile-dynamic	3	revisit	32	1135.6	162.8	torch-2.14.0+cu130
torch-compile-dynamic	3	revisit	48	1542.3	166.7	torch-2.14.0+cu130
torch-compile-dynamic	3	revisit	64	1607.9	178.3	torch-2.14.0+cu130
torch-compile-dynamic	3	revisit	96	1813.4	210.8	torch-2.14.0+cu130
torch-compile-dynamic	3	revisit	128	1998.4	229.4	torch-2.14.0+cu130
torch-compile-dynamic	3	revisit	32	1147.3	175.5	torch-2.14.0+cu130
torch-compile-dynamic	3	revisit	48	1562.6	162.6	torch-2.14.0+cu130
torch-compile-dynamic	3	revisit	64	1622.4	180.5	torch-2.14.0+cu130
torch-compile-dynamic	3	revisit	96	1777.9	188.8	torch-2.14.0+cu130
torch-compile-dynamic	3	revisit	128	1972.7	212.7	torch-2.14.0+cu130
torch-compile-dynamic	3	revisit	32	1157.3	166.9	torch-2.14.0+cu130
torch-compile-dynamic	3	revisit	48	1535.9	164.5	torch-2.14.0+cu130
torch-compile-dynamic	3	revisit	64	1636.5	173.1	torch-2.14.0+cu130
torch-compile-dynamic	3	revisit	96	1810.1	231.0	torch-2.14.0+cu130
torch-compile-dynamic	3	revisit	128	1988.6	227.2	torch-2.14.0+cu130
torch-compile-dynamic	3	revisit	32	1135.3	162.8	torch-2.14.0+cu130
torch-compile-dynamic	3	revisit	48	1588.6	159.5	torch-2.14.0+cu130
torch-compile-dynamic	3	revisit	64	1587.4	169.5	torch-2.14.0+cu130
torch-compile-dynamic	3	revisit	96	1758.3	184.3	torch-2.14.0+cu130
torch-compile-dynamic	3	revisit	128	1956.9	198.4	torch-2.14.0+cu130
torch-compile-dynamic	3	revisit	32	1148.0	165.2	torch-2.14.0+cu130
torch-compile-dynamic	3	revisit	48	1517.8	160.7	torch-2.14.0+cu130
torch-compile-dynamic	3	revisit	64	1629.6	215.8	torch-2.14.0+cu130
torch-compile-dynamic	3	revisit	96	1754.5	179.1	torch-2.14.0+cu130
torch-compile-dynamic	3	revisit	128	1968.9	209.3	torch-2.14.0+cu130
torch-compile-dynamic	3	revisit	32	1118.4	147.3	torch-2.14.0+cu130
torch-compile-dynamic	3	revisit	48	1524.9	150.4	torch-2.14.0+cu130
torch-compile-dynamic	3	revisit	64	1613.4	165.0	torch-2.14.0+cu130
torch-compile-dynamic	3	revisit	96	1766.9	197.6	torch-2.14.0+cu130
torch-compile-dynamic	3	revisit	128	1975.8	205.8	torch-2.14.0+cu130
torch-compile-dynamic	3	revisit	32	1132.0	154.7	torch-2.14.0+cu130
torch-compile-dynamic	3	revisit	48	1549.0	155.9	torch-2.14.0+cu130
torch-compile-dynamic	3	revisit	64	1567.4	165.5	torch-2.14.0+cu130
torch-compile-dynamic	3	revisit	96	1764.1	185.0	torch-2.14.0+cu130
torch-compile-dynamic	3	revisit	128	1958.6	197.6	torch-2.14.0+cu130
torch-compile-dynamic	3	revisit	32	1152.3	155.7	torch-2.14.0+cu130
torch-compile-dynamic	3	revisit	48	1553.1	155.4	torch-2.14.0+cu130
torch-compile-dynamic	3	revisit	64	1587.2	165.7	torch-2.14.0+cu130
torch-compile-dynamic	3	revisit	96	1758.8	196.2	torch-2.14.0+cu130
torch-compile-dynamic	3	revisit	128	1960.0	209.8	torch-2.14.0+cu130
torch-compile-dynamic	3	revisit	32	1135.3	161.9	torch-2.14.0+cu130
torch-compile-dynamic	3	revisit	48	1586.4	166.9	torch-2.14.0+cu130
torch-compile-dynamic	3	revisit	64	1629.6	180.7	torch-2.14.0+cu130
torch-compile-dynamic	3	revisit	96	1777.9	192.6	torch-2.14.0+cu130
torch-compile-dynamic	3	revisit	128	1974.6	212.4	torch-2.14.0+cu130
torch-compile-dynamic	3	revisit	32	1148.2	162.6	torch-2.14.0+cu130
torch-compile-dynamic	3	revisit	48	1568.1	172.9	torch-2.14.0+cu130
torch-compile-dynamic	3	revisit	64	1621.5	173.6	torch-2.14.0+cu130
torch-compile-dynamic	3	revisit	96	1779.6	197.4	torch-2.14.0+cu130
torch-compile-dynamic	3	revisit	128	1985.3	213.1	torch-2.14.0+cu130
torch-compile-dynamic	3	revisit	32	1144.2	165.2	torch-2.14.0+cu130
torch-compile-dynamic	3	revisit	48	1547.3	160.0	torch-2.14.0+cu130
torch-compile-dynamic	3	revisit	64	1614.1	169.5	torch-2.14.0+cu130
torch-compile-dynamic	3	revisit	96	1775.3	188.8	torch-2.14.0+cu130
torch-compile-dynamic	3	revisit	128	1967.0	212.7	torch-2.14.0+cu130
torch-compile-dynamic	3	revisit	32	1144.4	158.1	torch-2.14.0+cu130
torch-compile-dynamic	3	revisit	48	1529.7	158.5	torch-2.14.0+cu130
torch-compile-dynamic	3	revisit	64	1620.3	164.7	torch-2.14.0+cu130
torch-compile-dynamic	3	revisit	96	1776.7	197.6	torch-2.14.0+cu130
torch-compile-dynamic	3	revisit	128	2038.7	223.9	torch-2.14.0+cu130
torch-compile-dynamic	3	revisit	32	1137.3	163.6	torch-2.14.0+cu130
torch-compile-dynamic	3	revisit	48	1575.5	160.2	torch-2.14.0+cu130
torch-compile-dynamic	3	revisit	64	1589.5	180.2	torch-2.14.0+cu130
torch-compile-dynamic	3	revisit	96	1766.0	191.0	torch-2.14.0+cu130
torch-compile-dynamic	3	revisit	128	1967.4	195.0	torch-2.14.0+cu130
torch-compile-dynamic	3	revisit	32	1148.9	163.1	torch-2.14.0+cu130
torch-compile-dynamic	3	new	160	2447.6	217.9	torch-2.14.0+cu130
torch-compile-dynamic	3	new	192	2711.8	265.1	torch-2.14.0+cu130
torch-compile-dynamic	3	new	224	3121.6	294.4	torch-2.14.0+cu130
torch-compile-dynamic	3	new	256	3415.6	333.5	torch-2.14.0+cu130
torch-compile-dynamic	3	new	288	3872.6	341.9	torch-2.14.0+cu130
torch-compile-dynamic	3	new	160	2507.7	300.4	torch-2.14.0+cu130
torch-compile-dynamic	3	new	192	2708.4	271.6	torch-2.14.0+cu130
torch-compile-dynamic	3	new	224	3131.6	296.4	torch-2.14.0+cu130
torch-compile-dynamic	3	new	256	3206.7	320.2	torch-2.14.0+cu130
torch-compile-dynamic	3	new	288	3860.5	333.8	torch-2.14.0+cu130
torch-compile-dynamic	3	new	160	2483.1	270.4	torch-2.14.0+cu130
torch-compile-dynamic	3	new	192	2693.2	266.8	torch-2.14.0+cu130
torch-compile-dynamic	3	new	224	3034.1	295.9	torch-2.14.0+cu130
torch-compile-dynamic	3	new	256	3148.3	325.7	torch-2.14.0+cu130
torch-compile-dynamic	3	new	288	3812.6	344.5	torch-2.14.0+cu130
torch-compile-dynamic	3	new	160	2476.2	292.1	torch-2.14.0+cu130
torch-compile-dynamic	3	new	192	2669.6	300.9	torch-2.14.0+cu130
torch-compile-dynamic	3	new	224	3114.2	324.2	torch-2.14.0+cu130
torch-compile-dynamic	3	new	256	3188.8	337.6	torch-2.14.0+cu130
torch-compile-dynamic	3	new	288	3867.1	367.9	torch-2.14.0+cu130
torch-compile-dynamic	3	new	160	2486.7	294.0	torch-2.14.0+cu130
torch-compile-dynamic	3	new	192	2748.5	310.7	torch-2.14.0+cu130
torch-compile-dynamic	3	new	224	3121.4	300.4	torch-2.14.0+cu130
torch-compile-dynamic	3	new	256	3179.8	309.7	torch-2.14.0+cu130
torch-compile-dynamic	3	new	288	3860.2	344.3	torch-2.14.0+cu130
torch-compile-dynamic	3	new	160	2490.3	310.4	torch-2.14.0+cu130
torch-compile-dynamic	3	new	192	2746.1	330.2	torch-2.14.0+cu130
torch-compile-dynamic	3	new	224	3139.7	332.4	torch-2.14.0+cu130
torch-compile-dynamic	3	new	256	3198.1	322.6	torch-2.14.0+cu130
torch-compile-dynamic	3	new	288	3886.5	397.4	torch-2.14.0+cu130
torch-compile-dynamic	3	new	160	2541.1	359.3	torch-2.14.0+cu130
torch-compile-dynamic	3	new	192	2696.8	297.1	torch-2.14.0+cu130
torch-compile-dynamic	3	new	224	3130.4	313.5	torch-2.14.0+cu130
torch-compile-dynamic	3	new	256	3190.0	345.2	torch-2.14.0+cu130
torch-compile-dynamic	3	new	288	3846.4	351.4	torch-2.14.0+cu130
torch-compile-dynamic	3	new	160	2511.0	317.1	torch-2.14.0+cu130
torch-compile-dynamic	3	new	192	2702.5	287.3	torch-2.14.0+cu130
torch-compile-dynamic	3	new	224	3117.8	312.3	torch-2.14.0+cu130
torch-compile-dynamic	3	new	256	3188.1	333.3	torch-2.14.0+cu130
torch-compile-dynamic	3	new	288	3924.8	395.8	torch-2.14.0+cu130
torch-compile-dynamic	3	new	160	2501.5	322.3	torch-2.14.0+cu130
torch-compile-dynamic	3	new	192	2702.7	306.4	torch-2.14.0+cu130
torch-compile-dynamic	3	new	224	3133.1	311.1	torch-2.14.0+cu130
torch-compile-dynamic	3	new	256	3194.8	336.2	torch-2.14.0+cu130
torch-compile-dynamic	3	new	288	3874.5	368.4	torch-2.14.0+cu130
torch-compile-dynamic	3	new	160	2533.0	370.3	torch-2.14.0+cu130
torch-compile-dynamic	3	new	192	2755.2	317.3	torch-2.14.0+cu130
torch-compile-dynamic	3	new	224	3128.3	325.4	torch-2.14.0+cu130
torch-compile-dynamic	3	new	256	3207.0	347.1	torch-2.14.0+cu130
torch-compile-dynamic	3	new	288	3872.4	370.5	torch-2.14.0+cu130
torch-compile-dynamic	3	new	160	2590.2	325.0	torch-2.14.0+cu130
torch-compile-dynamic	3	new	192	2740.4	314.2	torch-2.14.0+cu130
torch-compile-dynamic	3	new	224	3111.8	294.9	torch-2.14.0+cu130
torch-compile-dynamic	3	new	256	3253.5	372.2	torch-2.14.0+cu130
torch-compile-dynamic	3	new	288	3870.2	383.6	torch-2.14.0+cu130
torch-compile-dynamic	3	new	160	2513.2	366.7	torch-2.14.0+cu130
torch-compile-dynamic	3	new	192	2707.0	300.9	torch-2.14.0+cu130
torch-compile-dynamic	3	new	224	3148.3	327.6	torch-2.14.0+cu130
torch-compile-dynamic	3	new	256	3247.5	362.2	torch-2.14.0+cu130
torch-compile-dynamic	3	new	288	3884.3	365.7	torch-2.14.0+cu130
torch-compile-dynamic	3	new	160	2568.5	377.4	torch-2.14.0+cu130
torch-compile-dynamic	3	new	192	2715.6	295.6	torch-2.14.0+cu130
torch-compile-dynamic	3	new	224	3151.9	323.1	torch-2.14.0+cu130
torch-compile-dynamic	3	new	256	3211.7	344.8	torch-2.14.0+cu130
torch-compile-dynamic	3	new	288	3873.3	385.5	torch-2.14.0+cu130
torch-compile-dynamic	3	new	160	2549.4	360.3	torch-2.14.0+cu130
