mode	variant	k	n	iters	warm_s	steady_us	kernels	acc	compiled_in_timed	launches_per_iter	graphs	breaks	compile_ms	first_run_ms	binary
fused	0	1	1000000	200	0.001764	29.094219	52	1000000.000000	0	1.015000	float64				6cbe459c1039
eager	0	1	1000000	200	0.002875	77.511072	51	1000000.000000	0	3.005000	float64				6cbe459c1039
nojit	0	1	1000000	200	0.002354	77.356100	51	1000000.000000	0	3.005000	float64				6cbe459c1039
torch-compile	0	1	1000000	200	0.544527	53.913593	0	1000000.000000	0	1	0	float64	-1	542.438	torch-2.14.0+cu130
torch-eager	0	1	1000000	200	0.040157	78.516006	0	1000000.000000	0	-1	-1	float64	-1	37.744	torch-2.14.0+cu130
triton	0	1	1000000	200	0.320576	31.223297	1	1000000.000000	0	-1	-1	float64	305.675	0.134	triton-3.8.0
torch-compile-ro	0	1	1000000	200	0.504075	119.682550	0	1000000.000000	0	1	0	float64	-1	465.094	torch-2.14.0+cu130
torch-compile-mat	0	1	1000000	200	0.612907	102.324486	0	1000000.000000	0	1	0	float64	-1	577.560	torch-2.14.0+cu130
jax	0	1	1000000	200	0.007448	68.109035	0	1000000.000000	0	-1	-1	float64	295.480	0.577	jax-0.11.1
iree	0	1	1000000	200	0.379898	7548.345327	0	1000000.000000	0	-1	-1	float64	687.891	28.286	iree-3.11.0
fused	0	4	1000000	200	0.002282	39.545298	52	1000000.000000	0	1.060000	float64				6cbe459c1039
eager	0	4	1000000	200	0.009457	306.214094	51	1000000.000000	0	12.005000	float64				6cbe459c1039
nojit	0	4	1000000	200	0.008925	306.949615	51	1000000.000000	0	12.005000	float64				6cbe459c1039
torch-compile	0	4	1000000	200	0.460499	68.475008	0	1000000.000000	0	1	0	float64	-1	458.211	torch-2.14.0+cu130
torch-eager	0	4	1000000	200	0.044017	312.563181	0	1000000.000000	0	-1	-1	float64	-1	34.851	torch-2.14.0+cu130
triton	0	4	1000000	200	0.317263	39.274693	1	1000000.000000	0	-1	-1	float64	301.614	0.130	triton-3.8.0
torch-compile-ro	0	4	1000000	200	0.519562	133.774281	0	1000000.000000	0	1	0	float64	-1	474.157	torch-2.14.0+cu130
torch-compile-mat	0	4	1000000	200	0.627415	133.320093	0	1000000.000000	0	1	0	float64	-1	591.945	torch-2.14.0+cu130
jax	0	4	1000000	200	0.004875	95.052719	0	1000000.000000	0	-1	-1	float64	211.873	0.584	jax-0.11.1
iree	0	4	1000000	200	0.325585	5735.778809	0	1000000.000000	0	-1	-1	float64	572.681	26.436	iree-3.11.0
fused	0	8	1000000	200	0.003459	70.130825	52	1000000.000000	0	1.120000	float64				6cbe459c1039
eager	0	8	1000000	200	0.018252	612.610579	51	1000000.000000	0	24.005000	float64				6cbe459c1039
nojit	0	8	1000000	200	0.017811	613.429546	51	1000000.000000	0	24.005000	float64				6cbe459c1039
torch-compile	0	8	1000000	200	0.552539	171.008110	0	1000000.000000	0	1	0	float64	-1	548.365	torch-2.14.0+cu130
torch-eager	0	8	1000000	200	0.053371	625.650883	0	1000000.000000	0	-1	-1	float64	-1	35.149	torch-2.14.0+cu130
triton	0	8	1000000	200	0.381561	70.841312	1	1000000.000000	0	-1	-1	float64	364.351	0.171	triton-3.8.0
torch-compile-ro	0	8	1000000	200	0.574274	198.674202	0	1000000.000000	0	1	0	float64	-1	534.162	torch-2.14.0+cu130
torch-compile-mat	0	8	1000000	200	0.615561	194.846392	0	1000000.000000	0	1	0	float64	-1	575.961	torch-2.14.0+cu130
jax	0	8	1000000	200	0.007376	176.424980	0	1000000.000000	0	-1	-1	float64	224.887	0.673	jax-0.11.1
iree	0	8	1000000	200	0.338608	6685.565710	0	1000000.000000	0	-1	-1	float64	621.583	25.646	iree-3.11.0
fused	0	4	10000	200	0.001108	13.190508	53	10000.000000	1	1.060000	float64				6cbe459c1039
eager	0	4	10000	200	0.001760	39.324760	51	10000.000000	0	12.005000	float64				6cbe459c1039
nojit	0	4	10000	200	0.001158	39.659739	51	10000.000000	0	12.005000	float64				6cbe459c1039
torch-compile	0	4	10000	200	0.518333	50.121546	0	10000.000000	0	1	0	float64	-1	516.351	torch-2.14.0+cu130
torch-eager	0	4	10000	200	0.036876	55.758953	0	10000.000000	0	-1	-1	float64	-1	35.157	torch-2.14.0+cu130
triton	0	4	10000	200	0.316689	19.670725	1	10000.000000	0	-1	-1	float64	302.442	0.095	triton-3.8.0
torch-compile-ro	0	4	10000	200	0.568464	126.941204	0	10000.000000	0	1	0	float64	-1	528.424	torch-2.14.0+cu130
torch-compile-mat	0	4	10000	200	0.681447	124.081373	0	10000.000000	0	1	0	float64	-1	643.284	torch-2.14.0+cu130
jax	0	4	10000	200	0.002276	46.293736	0	10000.000000	0	-1	-1	float64	219.236	0.510	jax-0.11.1
iree	0	4	10000	200	0.029766	476.300716	0	10000.000000	0	-1	-1	float64	636.585	13.689	iree-3.11.0
fused	0	4	100000	200	0.001001	14.480352	53	100000.000000	1	1.060000	float64				6cbe459c1039
eager	0	4	100000	200	0.001881	43.344498	51	100000.000000	0	12.005000	float64				6cbe459c1039
nojit	0	4	100000	200	0.001260	43.280125	51	100000.000000	0	12.005000	float64				6cbe459c1039
torch-compile	0	4	100000	200	0.458473	53.739548	0	100000.000000	0	1	0	float64	-1	456.622	torch-2.14.0+cu130
torch-eager	0	4	100000	200	0.038021	58.197975	0	100000.000000	0	-1	-1	float64	-1	36.219	torch-2.14.0+cu130
triton	0	4	100000	200	0.319237	22.250414	1	100000.000000	0	-1	-1	float64	304.454	0.099	triton-3.8.0
torch-compile-ro	0	4	100000	200	0.493660	106.718540	0	100000.000000	0	1	0	float64	-1	456.776	torch-2.14.0+cu130
torch-compile-mat	0	4	100000	200	0.681118	104.342699	0	100000.000000	0	1	0	float64	-1	649.847	torch-2.14.0+cu130
jax	0	4	100000	200	0.002754	42.978525	0	100000.000000	0	-1	-1	float64	194.807	0.531	jax-0.11.1
iree	0	4	100000	200	0.055346	1025.856733	0	100000.000000	0	-1	-1	float64	623.655	12.708	iree-3.11.0
fused	0	4	1000000	200	0.002265	41.179657	52	1000000.000000	0	1.060000	float64				6cbe459c1039
eager	0	4	1000000	200	0.009430	307.630301	51	1000000.000000	0	12.005000	float64				6cbe459c1039
nojit	0	4	1000000	200	0.008919	306.774378	51	1000000.000000	0	12.005000	float64				6cbe459c1039
torch-compile	0	4	1000000	200	0.461578	68.624020	0	1000000.000000	0	1	0	float64	-1	459.184	torch-2.14.0+cu130
torch-eager	0	4	1000000	200	0.044141	312.677622	0	1000000.000000	0	-1	-1	float64	-1	34.994	torch-2.14.0+cu130
triton	0	4	1000000	200	0.326153	39.359331	1	1000000.000000	0	-1	-1	float64	311.422	0.134	triton-3.8.0
torch-compile-ro	0	4	1000000	200	0.560721	134.360790	0	1000000.000000	0	1	0	float64	-1	523.303	torch-2.14.0+cu130
torch-compile-mat	0	4	1000000	200	0.622369	133.029222	0	1000000.000000	0	1	0	float64	-1	589.414	torch-2.14.0+cu130
jax	0	4	1000000	200	0.008610	98.598003	0	1000000.000000	0	-1	-1	float64	246.830	3.857	jax-0.11.1
iree	0	4	1000000	200	0.389065	7368.214130	0	1000000.000000	0	-1	-1	float64	683.328	29.608	iree-3.11.0
fused	0	4	10000000	200	0.015287	329.334736	52	10000000.000000	0	1.060000	float64				6cbe459c1039
eager	0	4	10000000	200	0.088121	3026.974201	51	10000000.000000	0	12.005000	float64				6cbe459c1039
nojit	0	4	10000000	200	0.087912	3027.656078	51	10000000.000000	0	12.005000	float64				6cbe459c1039
torch-compile	0	4	10000000	200	0.621484	646.759272	0	10000000.000000	0	1	0	float64	-1	602.349	torch-2.14.0+cu130
torch-eager	0	4	10000000	200	0.126172	3046.183586	0	10000000.000000	0	-1	-1	float64	-1	37.590	torch-2.14.0+cu130
triton	0	4	10000000	200	0.322778	327.395201	1	10000000.000000	0	-1	-1	float64	297.767	0.643	triton-3.8.0
torch-compile-ro	0	4	10000000	200	0.544054	1210.842133	0	10000000.000000	0	1	0	float64	-1	469.847	torch-2.14.0+cu130
torch-compile-mat	0	4	10000000	200	0.814376	1197.217703	0	10000000.000000	0	1	0	float64	-1	744.311	torch-2.14.0+cu130
jax	0	4	10000000	200	0.054910	957.711935	0	10000000.000000	0	-1	-1	float64	233.854	3.745	jax-0.11.1
iree	0	4	10000000	200	3.080386	55490.397215	0	10000000.000000	0	-1	-1	float64	659.189	185.059	iree-3.11.0
fused	1	4	1000000	200	0.003373	41.614771	53	1000122.070313	0	1.060000	float64				6cbe459c1039
eager	1	4	1000000	200	0.009527	311.934948	51	1000122.070313	0	12.150000	float64				6cbe459c1039
nojit	1	4	1000000	200	0.009061	310.879946	51	1000122.070313	0	12.150000	float64				6cbe459c1039
torch-compile	1	4	1000000	200	0.851194	308.158398	0	1000122.070313	0	1	0	float64	-1	545.134	torch-2.14.0+cu130
torch-eager	1	4	1000000	200	0.044527	317.006111	0	1000122.070313	0	-1	-1	float64	-1	35.230	torch-2.14.0+cu130
triton	1	4	1000000	200	0.327290	43.684244	2	1000122.070313	0	-1	-1	float64	312.342	0.111	triton-3.8.0
torch-compile-ro	1	4	1000000	200	0.787739	389.138460	0	1000122.070313	0	1	0	float64	-1	467.742	torch-2.14.0+cu130
torch-compile-mat	1	4	1000000	200	1.587248	401.744843	0	1000122.070313	0	1	0	float64	-1	682.135	torch-2.14.0+cu130
jax	1	4	1000000	200	0.005147	101.215839	0	1000122.070313	0	-1	-1	float64	224.141	0.587	jax-0.11.1
iree	1	4	1000000	200	0.369279	7395.123243	0	1000122.070313	0	-1	-1	float64	628.685	26.516	iree-3.11.0
fused	2	4	1000000	200	0.002358	42.690039	53	1000122.070313	0	1.150000	float64				6cbe459c1039
eager	2	4	1000000	200	0.009676	311.005116	51	1000122.070313	0	12.150000	float64				6cbe459c1039
nojit	2	4	1000000	200	0.009060	310.934782	51	1000122.070313	0	12.150000	float64				6cbe459c1039
torch-compile	2	4	1000000	200	0.540629	72.728395	0	1000122.070313	0	2	1	float64	-1	533.081	torch-2.14.0+cu130
torch-eager	2	4	1000000	200	0.048403	326.418877	0	1000122.070313	0	-1	-1	float64	-1	38.802	torch-2.14.0+cu130
triton	2	4	1000000	200	0.314964	67.539215	2	1000122.070313	0	-1	-1	float64	298.761	0.084	triton-3.8.0
torch-compile-ro	2	4	1000000	200	0.645873	139.536858	0	1000122.070313	0	2	1	float64	-1	601.433	torch-2.14.0+cu130
torch-compile-mat	2	4	1000000	200	0.786681	137.795210	0	1000122.070313	0	2	1	float64	-1	740.652	torch-2.14.0+cu130
jax	2	4	1000000	200	0.007712	171.314478	0	1000122.070313	0	-1	-1	float64	223.700	0.608	jax-0.11.1
iree	2	4	1000000	200	0.457654	9295.822382	0	1000122.070313	0	-1	-1	float64	638.515	28.029	iree-3.11.0
fused	3	4	1000000	200	0.003721	94.989538	53	1533333.333333	0	2.005000	float64				6cbe459c1039
eager	3	4	1000000	200	0.011329	358.570814	51	1533333.333333	0	14.005000	float64				6cbe459c1039
nojit	3	4	1000000	200	0.010588	364.835262	51	1533333.333333	0	14.005000	float64				6cbe459c1039
torch-compile	3	4	1000000	200	0.749842	168.505907	0	1533333.333333	0	2	1	float64	-1	533.279	torch-2.14.0+cu130
torch-eager	3	4	1000000	200	0.068632	389.378071	0	1533333.333333	0	-1	-1	float64	-1	57.267	torch-2.14.0+cu130
triton	3	4	1000000	200	0.392803	126.796961	2	1533333.333333	0	-1	-1	float64	374.941	0.083	triton-3.8.0
torch-compile-ro	3	4	1000000	200	1.030139	437.693596	0	1533333.333333	0	2	1	float64	-1	707.443	torch-2.14.0+cu130
torch-compile-mat	3	4	1000000	200	1.675869	400.317907	0	1533333.333333	0	2	1	float64	-1	847.251	torch-2.14.0+cu130
jax	3	4	1000000	200	0.012196	332.475901	0	1533333.333333	0	-1	-1	float64	215.366	0.628	jax-0.11.1
iree	3	4	1000000	200	2.640530	83657.716513	0	1533333.333333	0	-1	-1	float64	617.519	25.668	iree-3.11.0
fused	4	4	1000000	200	0.003799	53.669214	54	1533317.820224	1	1.065000	float64				6cbe459c1039
eager	4	4	1000000	200	0.010224	336.139202	51	1533317.820224	0	13.005000	float64				6cbe459c1039
nojit	4	4	1000000	200	0.009752	335.710049	51	1533317.820224	0	13.005000	float64				6cbe459c1039
torch-compile	4	4	1000000	200	0.928040	335.949659	0	1533317.820224	0	1	0	float64	-1	591.315	torch-2.14.0+cu130
torch-eager	4	4	1000000	200	0.053712	342.743397	0	1533317.820224	0	-1	-1	float64	-1	43.671	torch-2.14.0+cu130
triton	4	4	1000000	200	0.391723	69.775581	3	1533317.820224	0	-1	-1	float64	373.795	0.084	triton-3.8.0
torch-compile-ro	4	4	1000000	200	0.913927	440.870523	0	1533317.820224	0	1	0	float64	-1	533.866	torch-2.14.0+cu130
torch-compile-mat	4	4	1000000	200	1.546987	422.163010	0	1533317.820224	0	1	0	float64	-1	642.534	torch-2.14.0+cu130
jax	4	4	1000000	200	0.010305	146.839619	0	1533317.820224	0	-1	-1	float64	240.761	3.759	jax-0.11.1
iree	4	4	1000000	200	0.574147	13046.945333	0	1533317.820224	0	-1	-1	float64	688.821	29.850	iree-3.11.0
fused	5	4	1000000	200	0.003871	53.604841	53	1533333.333333	1	1.065000	float64				6cbe459c1039
eager	5	4	1000000	200	0.010347	335.819721	51	1533333.333333	0	13.005000	float64				6cbe459c1039
nojit	5	4	1000000	200	0.009769	335.605145	51	1533333.333333	0	13.005000	float64				6cbe459c1039
torch-compile	5	4	1000000	200	1.011511	333.114862	0	1533333.333333	0	2	1	float64	-1	670.555	torch-2.14.0+cu130
torch-eager	5	4	1000000	200	0.054863	342.817307	0	1533333.333333	0	-1	-1	float64	-1	44.820	torch-2.14.0+cu130
triton	5	4	1000000	200	0.393711	69.731474	2	1533333.333333	0	-1	-1	float64	376.577	0.085	triton-3.8.0
torch-compile-ro	5	4	1000000	200	0.895450	419.007540	0	1533333.333333	0	2	1	float64	-1	596.065	torch-2.14.0+cu130
torch-compile-mat	5	4	1000000	200	1.795330	414.639711	0	1533333.333333	0	2	1	float64	-1	901.424	torch-2.14.0+cu130
jax	5	4	1000000	200	0.010293	148.575306	0	1533333.333333	0	-1	-1	float64	254.655	3.817	jax-0.11.1
iree	5	4	1000000	200	0.551865	12359.298468	0	1533333.333333	0	-1	-1	float64	666.967	26.690	iree-3.11.0
fused	11	1	25600	200	0.000954	3.600121	52	95540.500674	0	1.040000	float64				6cbe459c1039
eager	11	1	25600	200	0.002336	56.910515	51	95540.500674	0	8.005000	float64				6cbe459c1039
nojit	11	1	25600	200	0.001812	73.119402	51	95540.500674	0	8.005000	float64				6cbe459c1039
torch-compile	11	1	25600	200	1.961941	73.119402	0	95540.500674	0	-1	-1	float64	-1	1955.442	torch-2.14.0+cu130
torch-eager	11	1	25600	200	0.188591	51.937103	0	95540.500674	0	-1	-1	float64	-1	185.294	torch-2.14.0+cu130
triton	11	1	25600	200	0.318509	19.997358	1	95540.500674	0	-1	-1	float64	299.529	0.106	triton-3.8.0
torch-compile-ro	11	1	25600	200	1.790226	121.506453	0	95540.500674	0	-1	-1	float64	-1	1755.915	torch-2.14.0+cu130
torch-compile-mat	11	1	25600	200	1.883385	118.180513	0	95540.500674	0	-1	-1	float64	-1	1849.229	torch-2.14.0+cu130
jax	11	1	25600	200	0.002249	46.066046	0	95540.500674	0	-1	-1	float64	85.241	0.516	jax-0.11.1
iree	11	1	25600	200	0.014913	54.196119	0	95540.500674	0	-1	-1	float64	189.834	8.967	iree-3.11.0
fused	11	1	256000	200	0.002312	15.829802	52	955405.006738	0	1.040000	float64				6cbe459c1039
eager	11	1	256000	200	0.005823	143.355131	51	955405.006738	0	8.005000	float64				6cbe459c1039
nojit	11	1	256000	200	0.005110	140.944719	51	955405.006738	0	8.005000	float64				6cbe459c1039
torch-compile	11	1	256000	200	1.789743	151.610374	0	955405.006738	0	-1	-1	float64	-1	1752.739	torch-2.14.0+cu130
torch-eager	11	1	256000	200	0.223752	144.439936	0	955405.006738	0	-1	-1	float64	-1	200.984	torch-2.14.0+cu130
triton	11	1	256000	200	0.327606	22.573471	1	955405.006738	0	-1	-1	float64	306.516	0.113	triton-3.8.0
torch-compile-ro	11	1	256000	200	1.769484	216.915607	0	955405.006738	0	-1	-1	float64	-1	1714.137	torch-2.14.0+cu130
torch-compile-mat	11	1	256000	200	1.936691	213.875771	0	955405.006738	0	-1	-1	float64	-1	1883.829	torch-2.14.0+cu130
jax	11	1	256000	200	0.006439	80.372095	0	955405.006738	0	-1	-1	float64	104.013	0.605	jax-0.11.1
iree	11	1	256000	200	0.058940	207.479000	0	955405.006738	0	-1	-1	float64	265.828	13.819	iree-3.11.0
fused	12	1	25600	200	0.004808	98.674297	53	256.065387	0	2.005000	float64				6cbe459c1039
eager	12	1	25600	200	0.004694	98.634958	51	256.065387	0	2.005000	float64				6cbe459c1039
nojit	12	1	25600	200	0.003449	98.625422	51	256.065387	0	2.005000	float64				6cbe459c1039
torch-compile	12	1	25600	200	1.862134	149.070024	0	256.065387	0	-1	-1	float64	-1	1844.931	torch-2.14.0+cu130
torch-eager	12	1	25600	200	0.241784	134.204626	0	256.065387	0	-1	-1	float64	-1	230.108	torch-2.14.0+cu130
triton	12	1	25600	200	0.332212	299.659967	1	256.065387	0	-1	-1	float64	308.078	0.419	triton-3.8.0
torch-compile-ro	12	1	25600	200	2.304828	174.227953	0	256.065387	0	-1	-1	float64	-1	2258.948	torch-2.14.0+cu130
torch-compile-mat	12	1	25600	200	1.929702	185.171366	0	256.065387	0	-1	-1	float64	-1	1879.575	torch-2.14.0+cu130
jax	12	1	25600	200	0.002430	49.421787	0	256.065387	0	-1	-1	float64	1660.051	0.680	jax-0.11.1
iree	12	1	25600	200	0.074285	1835.330725	0	256.065387	0	-1	-1	float64	232.759	15.729	iree-3.11.0
fused	12	1	256000	200	0.013549	344.384909	53	2560.654532	0	2.005000	float64				6cbe459c1039
eager	12	1	256000	200	0.013294	344.015360	51	2560.654532	0	2.005000	float64				6cbe459c1039
nojit	12	1	256000	200	0.012423	344.015360	51	2560.654532	0	2.005000	float64				6cbe459c1039
torch-compile	12	1	256000	200	1.775310	487.216711	0	2560.654532	0	-1	-1	float64	-1	1730.817	torch-2.14.0+cu130
torch-eager	12	1	256000	200	0.272959	487.862825	0	2560.654532	0	-1	-1	float64	-1	234.407	torch-2.14.0+cu130
triton	12	1	256000	200	0.323068	300.316811	1	2560.654532	0	-1	-1	float64	300.047	0.401	triton-3.8.0
torch-compile-ro	12	1	256000	200	1.880036	527.683496	0	2560.654532	0	-1	-1	float64	-1	1809.941	torch-2.14.0+cu130
torch-compile-mat	12	1	256000	200	2.049515	555.045605	0	2560.654532	0	-1	-1	float64	-1	1972.049	torch-2.14.0+cu130
jax	12	1	256000	200	0.009988	258.321762	0	2560.654532	0	-1	-1	float64	1655.542	1.051	jax-0.11.1
iree	12	1	256000	200	0.054729	434.473753	0	2560.654532	0	-1	-1	float64	233.548	10.851	iree-3.11.0
fused	13	1	25600	200	0.014862	437.395573	52	0.000000	0	1.005000	float64				6cbe459c1039
eager	13	1	25600	200	0.017429	526.784658	51	0.000000	0	6.005000	float64				6cbe459c1039
nojit	13	1	25600	200	0.016574	526.744127	51	0.000000	0	6.005000	float64				6cbe459c1039
torch-compile	13	1	25600	200	1.816036	623.530149	0	0.000000	0	-1	-1	float64	-1	1765.743	torch-2.14.0+cu130
torch-eager	13	1	25600	200	0.289498	588.259697	0	0.000000	0	-1	-1	float64	-1	246.155	torch-2.14.0+cu130
triton	13	1	25600	200	0.360856	1269.701719	2	0.000000	0	-1	-1	float64	302.352	1.357	triton-3.8.0
torch-compile-ro	13	1	25600	200	1.775730	617.020130	0	0.000000	0	-1	-1	float64	-1	1700.367	torch-2.14.0+cu130
torch-compile-mat	13	1	25600	200	2.051337	612.641573	0	0.000000	0	-1	-1	float64	-1	1979.059	torch-2.14.0+cu130
jax	13	1	25600	200	0.005159	123.591423	0	0.000000	0	-1	-1	float64	2029.602	1.205	jax-0.11.1
iree	13	1	25600	200	0.102242	2796.841860	0	0.000000	0	-1	-1	float64	368.542	13.175	iree-3.11.0
fused	13	1	256000	200	0.141602	4742.715359	52	-0.000000	0	1.005000	float64				6cbe459c1039
eager	13	1	256000	200	0.160162	5425.034761	51	-0.000000	0	6.005000	float64				6cbe459c1039
nojit	13	1	256000	200	0.161535	5432.915688	51	-0.000000	0	6.005000	float64				6cbe459c1039
torch-compile	13	1	256000	200	2.246899	5052.909851	0	-0.000000	0	-1	-1	float64	-1	2040.426	torch-2.14.0+cu130
torch-eager	13	1	256000	200	0.463568	4879.664183	0	-0.000000	0	-1	-1	float64	-1	274.317	torch-2.14.0+cu130
triton	13	1	256000	200	0.471959	4679.794312	2	-0.000000	0	-1	-1	float64	305.998	4.999	triton-3.8.0
torch-compile-ro	13	1	256000	200	2.044532	5005.682707	0	-0.000000	0	-1	-1	float64	-1	1821.005	torch-2.14.0+cu130
torch-compile-mat	13	1	256000	200	3.809516	5110.183954	0	-0.000000	0	-1	-1	float64	-1	3537.426	torch-2.14.0+cu130
jax	13	1	256000	200	0.120066	3718.420267	0	-0.000000	0	-1	-1	float64	2379.202	5.016	jax-0.11.1
iree	13	1	256000	200	0.210377	5169.339180	0	-0.000000	0	-1	-1	float64	637.034	19.878	iree-3.11.0
fused	6	1	25600	200	0.012306	279.234648	55	256.065463	0	6.005000	float64				6cbe459c1039
eager	6	1	25600	200	0.013019	278.995037	51	256.065463	0	6.005000	float64				6cbe459c1039
nojit	6	1	25600	200	0.009137	277.709961	51	256.065463	0	6.005000	float64				6cbe459c1039
torch-compile	6	1	25600	200	1.981250	413.525105	0	256.065463	0	-1	-1	float64	-1	1941.542	torch-2.14.0+cu130
torch-eager	6	1	25600	200	0.296176	405.882597	0	256.065463	0	-1	-1	float64	-1	259.688	torch-2.14.0+cu130
triton	6	1	25600	200	0.336844	891.149044	1	256.065463	0	-1	-1	float64	297.224	0.939	triton-3.8.0
torch-compile-ro	6	1	25600	200	1.907310	414.279699	0	256.065463	0	-1	-1	float64	-1	1843.342	torch-2.14.0+cu130
torch-compile-mat	6	1	25600	200	2.136631	504.682064	0	256.065463	0	-1	-1	float64	-1	2047.551	torch-2.14.0+cu130
jax	6	1	25600	200	0.004520	107.161999	0	256.065463	0	-1	-1	float64	1726.516	1.038	jax-0.11.1
iree	6	1	25600	200	0.185524	5441.640615	0	256.065463	0	-1	-1	float64	238.874	17.868	iree-3.11.0
fused	6	1	256000	200	0.033932	1015.839577	55	2560.654707	0	6.005000	float64				6cbe459c1039
eager	6	1	256000	200	0.033857	1016.395092	51	2560.654707	0	6.005000	float64				6cbe459c1039
nojit	6	1	256000	200	0.031980	1015.360355	51	2560.654707	0	6.005000	float64				6cbe459c1039
torch-compile	6	1	256000	200	2.029482	1230.217218	0	2560.654707	0	-1	-1	float64	-1	1953.518	torch-2.14.0+cu130
torch-eager	6	1	256000	200	0.311689	1261.224747	0	2560.654707	0	-1	-1	float64	-1	240.653	torch-2.14.0+cu130
triton	6	1	256000	200	0.359297	900.237560	1	2560.654707	0	-1	-1	float64	317.695	0.942	triton-3.8.0
torch-compile-ro	6	1	256000	200	2.499792	1338.068247	0	2560.654707	0	-1	-1	float64	-1	2376.521	torch-2.14.0+cu130
torch-compile-mat	6	1	256000	200	2.052710	1262.570620	0	2560.654707	0	-1	-1	float64	-1	1939.601	torch-2.14.0+cu130
jax	6	1	256000	200	0.025101	760.408640	0	2560.654707	0	-1	-1	float64	1755.936	1.574	jax-0.11.1
iree	6	1	256000	200	0.073445	915.824175	0	2560.654707	0	-1	-1	float64	291.028	11.335	iree-3.11.0
fused	7	1	25600	200	0.030771	648.880005	57	25.611041	0	16.000000	float64				6cbe459c1039
eager	7	1	25600	200	0.033138	670.310259	51	25.611041	0	26.000000	float64				6cbe459c1039
nojit	7	1	25600	200	0.020466	669.424534	51	25.611041	0	26.000000	float64				6cbe459c1039
torch-compile	7	1	25600	200	2.305491	969.258547	0	25.611041	0	-1	-1	float64	-1	2239.009	torch-2.14.0+cu130
torch-eager	7	1	25600	200	0.292215	799.064636	0	25.611041	0	-1	-1	float64	-1	247.481	torch-2.14.0+cu130
torch-compile-ro	7	1	25600	200	1.943475	924.048424	0	25.611041	0	-1	-1	float64	-1	1855.541	torch-2.14.0+cu130
torch-compile-mat	7	1	25600	200	2.959872	941.507816	0	25.611041	0	-1	-1	float64	-1	2865.792	torch-2.14.0+cu130
jax	7	1	25600	200	0.011882	330.190659	0	25.611041	0	-1	-1	float64	2790.447	1.767	jax-0.11.1
iree	7	1	25600	200	0.387881	11594.836712	0	25.611041	0	-1	-1	float64	377.557	31.305	iree-3.11.0
fused	7	1	256000	200	0.100862	2842.204571	57	0.000000	0	16.000000	float64				6cbe459c1039
eager	7	1	256000	200	0.096609	2839.324474	51	0.000000	0	26.000000	float64				6cbe459c1039
nojit	7	1	256000	200	0.084468	2832.959890	51	0.000000	0	26.000000	float64				6cbe459c1039
torch-compile	7	1	256000	200	2.224761	3066.707850	0	0.000000	0	-1	-1	float64	-1	2085.748	torch-2.14.0+cu130
torch-eager	7	1	256000	200	0.421517	3105.778694	0	0.000000	0	-1	-1	float64	-1	278.587	torch-2.14.0+cu130
torch-compile-ro	7	1	256000	200	1.955538	3130.789995	0	0.000000	0	-1	-1	float64	-1	1779.397	torch-2.14.0+cu130
torch-compile-mat	7	1	256000	200	2.843598	3088.588715	0	0.000000	0	-1	-1	float64	-1	2687.287	torch-2.14.0+cu130
jax	7	1	256000	200	0.063522	1983.920336	0	0.000000	0	-1	-1	float64	2359.782	4.004	jax-0.11.1
iree	7	1	256000	200	0.971954	31625.839472	0	0.000000	0	-1	-1	float64	495.436	44.350	iree-3.11.0
fused	8	1	25600	200	0.016924	464.309454	56	3221914.952339	0	5.015000	float64				6cbe459c1039
eager	8	1	25600	200	0.026213	779.725313	51	3221914.952339	0	34.005000	float64				6cbe459c1039
nojit	8	1	25600	200	0.022957	780.194998	51	3221914.952339	0	34.005000	float64				6cbe459c1039
torch-compile	8	1	25600	200	1.913232	517.505407	0	3221914.952339	0	-1	-1	float64	-1	1891.580	torch-2.14.0+cu130
torch-eager	8	1	25600	200	0.298119	558.722019	0	3221914.952339	0	-1	-1	float64	-1	277.419	torch-2.14.0+cu130
torch-compile-ro	8	1	25600	200	2.114986	538.846254	0	3221914.952339	0	-1	-1	float64	-1	2055.485	torch-2.14.0+cu130
torch-compile-mat	8	1	25600	200	2.913914	535.991192	0	3221914.952339	0	-1	-1	float64	-1	2854.596	torch-2.14.0+cu130
jax	8	1	25600	200	0.009539	267.328024	0	3221914.952339	0	-1	-1	float64	1455.739	1.369	jax-0.11.1
iree	8	1	25600	200	0.044079	913.761854	0	3221914.952339	0	-1	-1	float64	609.272	11.843	iree-3.11.0
fused	8	1	256000	200	0.653893	22341.979742	56	32261731.495851	0	5.015000	float64				6cbe459c1039
eager	8	1	256000	200	0.729294	25157.754421	51	32261731.495851	0	34.005000	float64				6cbe459c1039
nojit	8	1	256000	200	0.731326	25171.464682	51	32261731.495851	0	34.005000	float64				6cbe459c1039
torch-compile	8	1	256000	200	2.988761	29858.241081	0	32261731.495851	0	-1	-1	float64	-1	2091.131	torch-2.14.0+cu130
torch-eager	8	1	256000	200	1.182573	27472.381592	0	32261731.495851	0	-1	-1	float64	-1	352.779	torch-2.14.0+cu130
torch-compile-ro	8	1	256000	200	2.762557	29698.926210	0	32261731.495851	0	-1	-1	float64	-1	1845.452	torch-2.14.0+cu130
torch-compile-mat	8	1	256000	200	6.526188	27751.990557	0	32261731.495851	0	-1	-1	float64	-1	5583.417	torch-2.14.0+cu130
jax	8	1	256000	200	0.466061	15435.117483	0	32261731.495851	0	-1	-1	float64	1627.370	16.537	jax-0.11.1
iree	8	1	256000	200	1.271720	38733.652830	0	32261731.495851	0	-1	-1	float64	23924.847	89.770	iree-3.11.0
fused	9	1	25600	200	0.024713	756.784678	57	214.208506	0	6.000000	float64				6cbe459c1039
eager	9	1	25600	200	0.025249	769.045353	54	214.208506	0	10.000000	float64				6cbe459c1039
nojit	9	1	25600	200	0.022550	768.245459	54	214.208506	0	10.000000	float64				6cbe459c1039
torch-compile	9	1	25600	200	1.804981	862.522125	0	214.208506	0	-1	-1	float64	-1	1774.955	torch-2.14.0+cu130
torch-eager	9	1	25600	200	0.284097	795.601606	0	214.208506	0	-1	-1	float64	-1	256.913	torch-2.14.0+cu130
torch-compile-ro	9	1	25600	200	1.842823	852.068663	0	214.208506	0	-1	-1	float64	-1	1787.812	torch-2.14.0+cu130
torch-compile-mat	9	1	25600	200	2.259557	845.556259	0	214.208506	0	-1	-1	float64	-1	2204.338	torch-2.14.0+cu130
jax	9	1	25600	200	0.008278	237.493515	0	214.208506	0	-1	-1	float64	385.125	0.804	jax-0.11.1
fused	9	1	256000	200	0.021324	567.929745	57	2158.224764	0	6.000000	float64				6cbe459c1039
eager	9	1	256000	200	0.020659	600.379705	54	2158.224764	0	10.000000	float64				6cbe459c1039
nojit	9	1	256000	200	0.019045	570.900440	54	2158.224764	0	10.000000	float64				6cbe459c1039
torch-compile	9	1	256000	200	1.855881	647.836924	0	2158.224764	0	-1	-1	float64	-1	1813.519	torch-2.14.0+cu130
torch-eager	9	1	256000	200	0.350780	601.236820	0	2158.224764	0	-1	-1	float64	-1	309.713	torch-2.14.0+cu130
torch-compile-ro	9	1	256000	200	1.972001	705.265999	0	2158.224764	0	-1	-1	float64	-1	1895.751	torch-2.14.0+cu130
torch-compile-mat	9	1	256000	200	2.912737	709.789991	0	2158.224764	0	-1	-1	float64	-1	2832.866	torch-2.14.0+cu130
jax	9	1	256000	200	0.012100	338.914394	0	2158.224764	0	-1	-1	float64	850.294	0.984	jax-0.11.1
fused	10	1	25600	200	0.247808	3927.434683	76	0.000000	0	78.000000	float64				6cbe459c1039
eager	10	1	25600	200	0.331584	4860.440493	51	0.000000	0	235.000000	float64				6cbe459c1039
nojit	10	1	25600	200	0.138585	4821.230173	51	0.000000	0	238.000000	float64				6cbe459c1039
torch-compile	10	1	25600	200	2.017137	3182.325363	0	0.000000	0	-1	-1	float64	-1	1912.481	torch-2.14.0+cu130
torch-eager	10	1	25600	200	0.436880	3781.887293	0	0.000000	0	-1	-1	float64	-1	316.874	torch-2.14.0+cu130
torch-compile-ro	10	1	25600	200	2.119651	3089.619875	0	0.000000	0	-1	-1	float64	-1	1972.627	torch-2.14.0+cu130
torch-compile-mat	10	1	25600	200	5.035133	3152.931929	0	0.000000	0	-1	-1	float64	-1	4891.882	torch-2.14.0+cu130
jax	10	1	25600	200	0.052765	1523.127556	0	0.000000	0	-1	-1	float64	4780.788	7.967	jax-0.11.1
iree	10	1	25600	200	0.338850	10438.970327	0	0.000000	0	-1	-1	float64	1718.802	26.166	iree-3.11.0
fused	10	1	191488	200	2.727583	94043.455124	76	0.000000	0	78.000000	float64				6cbe459c1039
eager	10	1	191488	200	2.941925	99362.294674	51	0.000000	0	235.000000	float64				6cbe459c1039
nojit	10	1	191488	200	2.740870	99398.759604	51	0.000000	0	238.000000	float64				6cbe459c1039
torch-compile	10	1	191488	200	4.454155	79039.850235	0	0.000000	0	-1	-1	float64	-1	2137.839	torch-2.14.0+cu130
torch-eager	10	1	191488	200	2.727590	79246.135950	0	0.000000	0	-1	-1	float64	-1	406.836	torch-2.14.0+cu130
torch-compile-ro	10	1	191488	200	4.867761	79011.673927	0	0.000000	0	-1	-1	float64	-1	2506.347	torch-2.14.0+cu130
torch-compile-mat	10	1	191488	200	9.406160	76145.608425	0	0.000000	0	-1	-1	float64	-1	6977.633	torch-2.14.0+cu130
jax	10	1	191488	200	1.219604	42073.788643	0	0.000000	0	-1	-1	float64	6041.667	74.601	jax-0.11.1
iree	10	1	191488	200	4.198363	136569.807529	0	0.000000	0	-1	-1	float64	4889.544	208.927	iree-3.11.0
fused	0	1	1000000	200	0.001580	29.025078	52	1000000.000000	0	1.015000	float64				6cbe459c1039
eager	0	1	1000000	200	0.002741	77.118874	51	1000000.000000	0	3.005000	float64				6cbe459c1039
nojit	0	1	1000000	200	0.002387	77.160597	51	1000000.000000	0	3.005000	float64				6cbe459c1039
torch-compile	0	1	1000000	200	0.576240	52.028894	0	1000000.000000	0	1	0	float64	-1	574.259	torch-2.14.0+cu130
torch-eager	0	1	1000000	200	0.047539	78.657866	0	1000000.000000	0	-1	-1	float64	-1	45.076	torch-2.14.0+cu130
triton	0	1	1000000	200	0.378206	31.603575	1	1000000.000000	0	-1	-1	float64	360.206	0.125	triton-3.8.0
torch-compile-ro	0	1	1000000	200	0.611085	118.145943	0	1000000.000000	0	1	0	float64	-1	572.022	torch-2.14.0+cu130
torch-compile-mat	0	1	1000000	200	0.676498	126.001835	0	1000000.000000	0	1	0	float64	-1	637.748	torch-2.14.0+cu130
jax	0	1	1000000	200	0.007769	76.452494	0	1000000.000000	0	-1	-1	float64	251.502	0.575	jax-0.11.1
iree	0	1	1000000	200	0.388149	7158.356905	0	1000000.000000	0	-1	-1	float64	719.508	29.563	iree-3.11.0
fused	0	4	1000000	200	0.002317	39.734840	52	1000000.000000	0	1.060000	float64				6cbe459c1039
eager	0	4	1000000	200	0.009450	306.459665	51	1000000.000000	0	12.005000	float64				6cbe459c1039
nojit	0	4	1000000	200	0.008938	306.689739	51	1000000.000000	0	12.005000	float64				6cbe459c1039
torch-compile	0	4	1000000	200	0.460986	68.567991	0	1000000.000000	0	1	0	float64	-1	458.683	torch-2.14.0+cu130
torch-eager	0	4	1000000	200	0.053635	312.924385	0	1000000.000000	0	-1	-1	float64	-1	44.452	torch-2.14.0+cu130
triton	0	4	1000000	200	0.352023	39.929152	1	1000000.000000	0	-1	-1	float64	333.695	0.171	triton-3.8.0
torch-compile-ro	0	4	1000000	200	0.637440	133.627653	0	1000000.000000	0	1	0	float64	-1	601.720	torch-2.14.0+cu130
torch-compile-mat	0	4	1000000	200	0.650029	159.914494	0	1000000.000000	0	1	0	float64	-1	606.521	torch-2.14.0+cu130
jax	0	4	1000000	200	0.008460	95.558167	0	1000000.000000	0	-1	-1	float64	216.523	3.797	jax-0.11.1
iree	0	4	1000000	200	0.345816	6634.778976	0	1000000.000000	0	-1	-1	float64	587.617	25.397	iree-3.11.0
fused	0	8	1000000	200	0.003514	70.115328	52	1000000.000000	0	1.120000	float64				6cbe459c1039
eager	0	8	1000000	200	0.018310	612.860918	51	1000000.000000	0	24.005000	float64				6cbe459c1039
nojit	0	8	1000000	200	0.017813	612.980127	51	1000000.000000	0	24.005000	float64				6cbe459c1039
torch-compile	0	8	1000000	200	0.495348	132.766962	0	1000000.000000	0	1	0	float64	-1	491.252	torch-2.14.0+cu130
torch-eager	0	8	1000000	200	0.066081	625.380278	0	1000000.000000	0	-1	-1	float64	-1	47.732	torch-2.14.0+cu130
triton	0	8	1000000	200	0.350250	71.003437	1	1000000.000000	0	-1	-1	float64	334.133	0.182	triton-3.8.0
torch-compile-ro	0	8	1000000	200	0.676389	198.862553	0	1000000.000000	0	1	0	float64	-1	635.273	torch-2.14.0+cu130
torch-compile-mat	0	8	1000000	200	0.641408	194.406509	0	1000000.000000	0	1	0	float64	-1	600.549	torch-2.14.0+cu130
jax	0	8	1000000	200	0.007551	177.222490	0	1000000.000000	0	-1	-1	float64	238.187	0.715	jax-0.11.1
iree	0	8	1000000	200	0.396673	7556.005716	0	1000000.000000	0	-1	-1	float64	641.499	32.153	iree-3.11.0
fused	0	4	10000	200	0.001138	13.275146	53	10000.000000	1	1.060000	float64				6cbe459c1039
eager	0	4	10000	200	0.001849	39.349794	51	10000.000000	0	12.005000	float64				6cbe459c1039
nojit	0	4	10000	200	0.001156	39.660931	51	10000.000000	0	12.005000	float64				6cbe459c1039
torch-compile	0	4	10000	200	0.475034	54.770708	0	10000.000000	0	1	0	float64	-1	473.079	torch-2.14.0+cu130
torch-eager	0	4	10000	200	0.038290	57.383776	0	10000.000000	0	-1	-1	float64	-1	36.509	torch-2.14.0+cu130
triton	0	4	10000	200	0.325413	18.796921	1	10000.000000	0	-1	-1	float64	310.209	0.107	triton-3.8.0
torch-compile-ro	0	4	10000	200	0.520797	100.342035	0	10000.000000	0	1	0	float64	-1	484.938	torch-2.14.0+cu130
torch-compile-mat	0	4	10000	200	0.591854	100.839138	0	10000.000000	0	1	0	float64	-1	560.400	torch-2.14.0+cu130
jax	0	4	10000	200	0.002377	50.994158	0	10000.000000	0	-1	-1	float64	234.232	0.596	jax-0.11.1
iree	0	4	10000	200	0.030165	522.850752	0	10000.000000	0	-1	-1	float64	709.335	11.933	iree-3.11.0
fused	0	4	100000	200	0.001129	13.949871	53	100000.000000	1	1.060000	float64				6cbe459c1039
eager	0	4	100000	200	0.001949	43.405294	51	100000.000000	0	12.005000	float64				6cbe459c1039
nojit	0	4	100000	200	0.001268	43.290854	51	100000.000000	0	12.005000	float64				6cbe459c1039
torch-compile	0	4	100000	200	0.623590	51.686764	0	100000.000000	0	1	0	float64	-1	621.596	torch-2.14.0+cu130
torch-eager	0	4	100000	200	0.048030	69.255829	0	100000.000000	0	-1	-1	float64	-1	45.815	torch-2.14.0+cu130
triton	0	4	100000	200	0.326694	21.064281	1	100000.000000	0	-1	-1	float64	311.877	0.125	triton-3.8.0
torch-compile-ro	0	4	100000	200	0.523179	121.103525	0	100000.000000	0	1	0	float64	-1	482.198	torch-2.14.0+cu130
torch-compile-mat	0	4	100000	200	0.595283	101.675987	0	100000.000000	0	1	0	float64	-1	564.675	torch-2.14.0+cu130
jax	0	4	100000	200	0.002694	65.115690	0	100000.000000	0	-1	-1	float64	234.461	0.497	jax-0.11.1
iree	0	4	100000	200	0.063468	1151.486635	0	100000.000000	0	-1	-1	float64	692.506	13.951	iree-3.11.0
fused	0	4	1000000	200	0.002252	39.769411	52	1000000.000000	0	1.060000	float64				6cbe459c1039
eager	0	4	1000000	200	0.009453	306.425095	51	1000000.000000	0	12.005000	float64				6cbe459c1039
nojit	0	4	1000000	200	0.008927	306.454897	51	1000000.000000	0	12.005000	float64				6cbe459c1039
torch-compile	0	4	1000000	200	0.573659	68.329573	0	1000000.000000	0	1	0	float64	-1	571.438	torch-2.14.0+cu130
torch-eager	0	4	1000000	200	0.052577	312.623978	0	1000000.000000	0	-1	-1	float64	-1	43.391	torch-2.14.0+cu130
triton	0	4	1000000	200	0.376572	39.274693	1	1000000.000000	0	-1	-1	float64	361.138	0.158	triton-3.8.0
torch-compile-ro	0	4	1000000	200	0.627136	133.742094	0	1000000.000000	0	1	0	float64	-1	589.839	torch-2.14.0+cu130
torch-compile-mat	0	4	1000000	200	0.777830	134.019852	0	1000000.000000	0	1	0	float64	-1	737.600	torch-2.14.0+cu130
jax	0	4	1000000	200	0.005181	98.192692	0	1000000.000000	0	-1	-1	float64	247.799	0.636	jax-0.11.1
iree	0	4	1000000	200	0.393043	7546.937466	0	1000000.000000	0	-1	-1	float64	681.322	29.750	iree-3.11.0
fused	0	4	10000000	200	0.015207	329.325199	52	10000000.000000	0	1.060000	float64				6cbe459c1039
eager	0	4	10000000	200	0.088106	3026.840687	51	10000000.000000	0	12.005000	float64				6cbe459c1039
nojit	0	4	10000000	200	0.087911	3027.294874	51	10000000.000000	0	12.005000	float64				6cbe459c1039
torch-compile	0	4	10000000	200	0.561297	646.622181	0	10000000.000000	0	1	0	float64	-1	542.234	torch-2.14.0+cu130
torch-eager	0	4	10000000	200	0.136817	3045.978546	0	10000000.000000	0	-1	-1	float64	-1	48.164	torch-2.14.0+cu130
triton	0	4	10000000	200	0.336705	327.479839	1	10000000.000000	0	-1	-1	float64	313.292	0.654	triton-3.8.0
torch-compile-ro	0	4	10000000	200	0.522605	1232.753992	0	10000000.000000	0	1	0	float64	-1	451.973	torch-2.14.0+cu130
torch-compile-mat	0	4	10000000	200	0.715326	1197.121143	0	10000000.000000	0	1	0	float64	-1	644.854	torch-2.14.0+cu130
jax	0	4	10000000	200	0.053521	928.926468	0	10000000.000000	0	-1	-1	float64	260.868	1.334	jax-0.11.1
iree	0	4	10000000	200	3.104009	61115.925312	0	10000000.000000	0	-1	-1	float64	604.511	161.659	iree-3.11.0
fused	1	4	1000000	200	0.003376	41.639805	53	1000122.070313	0	1.060000	float64				6cbe459c1039
eager	1	4	1000000	200	0.009543	311.989784	51	1000122.070313	0	12.150000	float64				6cbe459c1039
nojit	1	4	1000000	200	0.009093	312.029123	51	1000122.070313	0	12.150000	float64				6cbe459c1039
torch-compile	1	4	1000000	200	0.792354	308.161974	0	1000122.070313	0	1	0	float64	-1	497.040	torch-2.14.0+cu130
torch-eager	1	4	1000000	200	0.046782	316.741467	0	1000122.070313	0	-1	-1	float64	-1	37.493	torch-2.14.0+cu130
triton	1	4	1000000	200	0.325872	43.481588	2	1000122.070313	0	-1	-1	float64	310.261	0.083	triton-3.8.0
torch-compile-ro	1	4	1000000	200	0.919414	396.678448	0	1000122.070313	0	1	0	float64	-1	572.385	torch-2.14.0+cu130
torch-compile-mat	1	4	1000000	200	1.576657	404.132605	0	1000122.070313	0	1	0	float64	-1	660.015	torch-2.14.0+cu130
jax	1	4	1000000	200	0.009059	101.072788	0	1000122.070313	0	-1	-1	float64	257.206	3.763	jax-0.11.1
iree	1	4	1000000	200	0.409409	8757.326603	0	1000122.070313	0	-1	-1	float64	745.710	30.150	iree-3.11.0
fused	2	4	1000000	200	0.002443	42.665005	53	1000122.070313	0	1.150000	float64				6cbe459c1039
eager	2	4	1000000	200	0.009748	311.424732	51	1000122.070313	0	12.150000	float64				6cbe459c1039
nojit	2	4	1000000	200	0.009074	311.145782	51	1000122.070313	0	12.150000	float64				6cbe459c1039
torch-compile	2	4	1000000	200	0.564786	72.687864	0	1000122.070313	0	2	1	float64	-1	557.103	torch-2.14.0+cu130
torch-eager	2	4	1000000	200	0.050401	326.308012	0	1000122.070313	0	-1	-1	float64	-1	40.772	torch-2.14.0+cu130
triton	2	4	1000000	200	0.338726	69.102049	2	1000122.070313	0	-1	-1	float64	322.481	0.084	triton-3.8.0
torch-compile-ro	2	4	1000000	200	0.772727	143.865347	0	1000122.070313	0	2	1	float64	-1	725.119	torch-2.14.0+cu130
torch-compile-mat	2	4	1000000	200	0.825316	137.892962	0	1000122.070313	0	2	1	float64	-1	781.496	torch-2.14.0+cu130
jax	2	4	1000000	200	0.008563	169.057846	0	1000122.070313	0	-1	-1	float64	242.726	0.927	jax-0.11.1
iree	2	4	1000000	200	0.472504	10838.943720	0	1000122.070313	0	-1	-1	float64	693.403	26.376	iree-3.11.0
fused	3	4	1000000	200	0.003968	99.850893	53	1533333.333333	0	2.005000	float64				6cbe459c1039
eager	3	4	1000000	200	0.011626	361.720324	51	1533333.333333	0	14.005000	float64				6cbe459c1039
nojit	3	4	1000000	200	0.010668	369.089842	51	1533333.333333	0	14.005000	float64				6cbe459c1039
torch-compile	3	4	1000000	200	0.923247	168.497562	0	1533333.333333	0	2	1	float64	-1	680.057	torch-2.14.0+cu130
torch-eager	3	4	1000000	200	0.051966	392.215252	0	1533333.333333	0	-1	-1	float64	-1	40.959	torch-2.14.0+cu130
triton	3	4	1000000	200	0.350537	126.448870	2	1533333.333333	0	-1	-1	float64	331.332	0.085	triton-3.8.0
torch-compile-ro	3	4	1000000	200	0.918165	425.652266	0	1533333.333333	0	2	1	float64	-1	584.008	torch-2.14.0+cu130
torch-compile-mat	3	4	1000000	200	2.649985	373.264551	0	1533333.333333	0	2	1	float64	-1	1846.269	torch-2.14.0+cu130
jax	3	4	1000000	200	0.017181	353.233814	0	1533333.333333	0	-1	-1	float64	272.318	3.750	jax-0.11.1
iree	3	4	1000000	200	2.695021	84201.421738	0	1533333.333333	0	-1	-1	float64	583.777	24.524	iree-3.11.0
fused	4	4	1000000	200	0.003733	53.434372	54	1533317.820224	1	1.065000	float64				6cbe459c1039
eager	4	4	1000000	200	0.010299	336.110592	51	1533317.820224	0	13.005000	float64				6cbe459c1039
nojit	4	4	1000000	200	0.009757	335.905552	51	1533317.820224	0	13.005000	float64				6cbe459c1039
torch-compile	4	4	1000000	200	0.748255	332.182646	0	1533317.820224	0	1	0	float64	-1	441.303	torch-2.14.0+cu130
torch-eager	4	4	1000000	200	0.048938	342.355967	0	1533317.820224	0	-1	-1	float64	-1	38.931	torch-2.14.0+cu130
triton	4	4	1000000	200	0.338526	69.488287	3	1533317.820224	0	-1	-1	float64	322.295	0.083	triton-3.8.0
torch-compile-ro	4	4	1000000	200	0.819490	425.755978	0	1533317.820224	0	1	0	float64	-1	462.338	torch-2.14.0+cu130
torch-compile-mat	4	4	1000000	200	1.491115	427.684784	0	1533317.820224	0	1	0	float64	-1	588.379	torch-2.14.0+cu130
jax	4	4	1000000	200	0.006308	126.030445	0	1533317.820224	0	-1	-1	float64	207.458	0.585	jax-0.11.1
iree	4	4	1000000	200	0.463929	11007.289886	0	1533317.820224	0	-1	-1	float64	572.371	24.473	iree-3.11.0
fused	5	4	1000000	200	0.003889	53.520203	53	1533333.333333	1	1.065000	float64				6cbe459c1039
eager	5	4	1000000	200	0.010369	335.710049	51	1533333.333333	0	13.005000	float64				6cbe459c1039
nojit	5	4	1000000	200	0.009763	335.814953	51	1533333.333333	0	13.005000	float64				6cbe459c1039
torch-compile	5	4	1000000	200	0.786263	332.270861	0	1533333.333333	0	2	1	float64	-1	527.976	torch-2.14.0+cu130
torch-eager	5	4	1000000	200	0.046350	342.262983	0	1533333.333333	0	-1	-1	float64	-1	36.352	torch-2.14.0+cu130
triton	5	4	1000000	200	0.304019	69.746971	2	1533333.333333	0	-1	-1	float64	288.156	0.083	triton-3.8.0
torch-compile-ro	5	4	1000000	200	0.810142	416.338444	0	1533333.333333	0	2	1	float64	-1	523.356	torch-2.14.0+cu130
torch-compile-mat	5	4	1000000	200	1.476069	413.908958	0	1533333.333333	0	2	1	float64	-1	710.971	torch-2.14.0+cu130
jax	5	4	1000000	200	0.006163	128.015280	0	1533333.333333	0	-1	-1	float64	209.338	0.618	jax-0.11.1
iree	5	4	1000000	200	0.468776	10785.520077	0	1533333.333333	0	-1	-1	float64	576.828	28.016	iree-3.11.0
fused	11	1	25600	200	0.001057	3.645420	52	95540.500674	0	1.040000	float64				6cbe459c1039
eager	11	1	25600	200	0.002447	56.905746	51	95540.500674	0	8.005000	float64				6cbe459c1039
nojit	11	1	25600	200	0.001805	57.255030	51	95540.500674	0	8.005000	float64				6cbe459c1039
torch-compile	11	1	25600	200	1.682520	67.505836	0	95540.500674	0	-1	-1	float64	-1	1676.539	torch-2.14.0+cu130
torch-eager	11	1	25600	200	0.192532	56.885481	0	95540.500674	0	-1	-1	float64	-1	189.016	torch-2.14.0+cu130
triton	11	1	25600	200	0.339300	19.143820	1	95540.500674	0	-1	-1	float64	320.472	0.096	triton-3.8.0
torch-compile-ro	11	1	25600	200	1.621585	129.362345	0	95540.500674	0	-1	-1	float64	-1	1580.173	torch-2.14.0+cu130
torch-compile-mat	11	1	25600	200	1.871120	123.617649	0	95540.500674	0	-1	-1	float64	-1	1836.831	torch-2.14.0+cu130
jax	11	1	25600	200	0.002308	49.164295	0	95540.500674	0	-1	-1	float64	97.887	0.488	jax-0.11.1
iree	11	1	25600	200	0.014810	62.261820	0	95540.500674	0	-1	-1	float64	188.181	8.645	iree-3.11.0
fused	11	1	256000	200	0.002407	15.889406	52	955405.006738	0	1.040000	float64				6cbe459c1039
eager	11	1	256000	200	0.006168	144.023895	51	955405.006738	0	8.005000	float64				6cbe459c1039
nojit	11	1	256000	200	0.005089	140.899420	51	955405.006738	0	8.005000	float64				6cbe459c1039
torch-compile	11	1	256000	200	1.782221	148.204565	0	955405.006738	0	-1	-1	float64	-1	1756.878	torch-2.14.0+cu130
torch-eager	11	1	256000	200	0.233626	153.199434	0	955405.006738	0	-1	-1	float64	-1	210.340	torch-2.14.0+cu130
triton	11	1	256000	200	0.338351	20.077229	1	955405.006738	0	-1	-1	float64	319.748	0.107	triton-3.8.0
torch-compile-ro	11	1	256000	200	1.852480	248.485804	0	955405.006738	0	-1	-1	float64	-1	1791.644	torch-2.14.0+cu130
torch-compile-mat	11	1	256000	200	1.891898	224.791765	0	955405.006738	0	-1	-1	float64	-1	1836.568	torch-2.14.0+cu130
jax	11	1	256000	200	0.003282	54.253340	0	955405.006738	0	-1	-1	float64	87.131	0.481	jax-0.11.1
iree	11	1	256000	200	0.046816	184.073448	0	955405.006738	0	-1	-1	float64	185.635	10.281	iree-3.11.0
fused	12	1	25600	200	0.004752	98.609924	53	256.065387	0	2.005000	float64				6cbe459c1039
eager	12	1	25600	200	0.004764	98.410845	51	256.065387	0	2.005000	float64				6cbe459c1039
nojit	12	1	25600	200	0.003435	98.385811	51	256.065387	0	2.005000	float64				6cbe459c1039
torch-compile	12	1	25600	200	1.823197	138.204098	0	256.065387	0	-1	-1	float64	-1	1809.572	torch-2.14.0+cu130
torch-eager	12	1	25600	200	0.231326	137.103796	0	256.065387	0	-1	-1	float64	-1	219.223	torch-2.14.0+cu130
triton	12	1	25600	200	0.343300	299.037695	1	256.065387	0	-1	-1	float64	321.169	0.402	triton-3.8.0
torch-compile-ro	12	1	25600	200	1.744787	164.850950	0	256.065387	0	-1	-1	float64	-1	1697.479	torch-2.14.0+cu130
torch-compile-mat	12	1	25600	200	1.966523	169.085264	0	256.065387	0	-1	-1	float64	-1	1920.499	torch-2.14.0+cu130
jax	12	1	25600	200	0.002499	49.136877	0	256.065387	0	-1	-1	float64	1572.645	0.805	jax-0.11.1
iree	12	1	25600	200	0.074445	1836.614609	0	256.065387	0	-1	-1	float64	222.449	14.583	iree-3.11.0
fused	12	1	256000	200	0.013015	343.574286	53	2560.654532	0	2.005000	float64				6cbe459c1039
eager	12	1	256000	200	0.012738	342.544317	51	2560.654532	0	2.005000	float64				6cbe459c1039
nojit	12	1	256000	200	0.012103	343.004465	51	2560.654532	0	2.005000	float64				6cbe459c1039
torch-compile	12	1	256000	200	1.782415	513.335466	0	2560.654532	0	-1	-1	float64	-1	1732.498	torch-2.14.0+cu130
torch-eager	12	1	256000	200	0.276968	480.856895	0	2560.654532	0	-1	-1	float64	-1	238.115	torch-2.14.0+cu130
triton	12	1	256000	200	0.344215	299.899578	1	2560.654532	0	-1	-1	float64	322.242	0.404	triton-3.8.0
torch-compile-ro	12	1	256000	200	1.911372	550.359488	0	2560.654532	0	-1	-1	float64	-1	1836.445	torch-2.14.0+cu130
torch-compile-mat	12	1	256000	200	1.945379	552.927256	0	2560.654532	0	-1	-1	float64	-1	1864.229	torch-2.14.0+cu130
jax	12	1	256000	200	0.009845	258.368254	0	2560.654532	0	-1	-1	float64	1573.593	0.846	jax-0.11.1
iree	12	1	256000	200	0.053908	436.891317	0	2560.654532	0	-1	-1	float64	233.315	9.814	iree-3.11.0
fused	13	1	25600	200	0.014821	437.179804	52	0.000000	0	1.005000	float64				6cbe459c1039
eager	13	1	25600	200	0.018142	556.975603	51	0.000000	0	6.005000	float64				6cbe459c1039
nojit	13	1	25600	200	0.016628	526.723862	51	0.000000	0	6.005000	float64				6cbe459c1039
torch-compile	13	1	25600	200	1.812569	617.818832	0	0.000000	0	-1	-1	float64	-1	1763.646	torch-2.14.0+cu130
torch-eager	13	1	25600	200	0.295578	593.572855	0	0.000000	0	-1	-1	float64	-1	252.736	torch-2.14.0+cu130
triton	13	1	25600	200	0.383088	1256.164312	2	0.000000	0	-1	-1	float64	325.840	1.351	triton-3.8.0
torch-compile-ro	13	1	25600	200	1.906597	644.693375	0	0.000000	0	-1	-1	float64	-1	1823.506	torch-2.14.0+cu130
torch-compile-mat	13	1	25600	200	2.264568	650.203228	0	0.000000	0	-1	-1	float64	-1	2177.603	torch-2.14.0+cu130
jax	13	1	25600	200	0.005135	123.542547	0	0.000000	0	-1	-1	float64	2213.823	1.128	jax-0.11.1
iree	13	1	25600	200	0.103106	2808.823586	0	0.000000	0	-1	-1	float64	408.568	13.548	iree-3.11.0
fused	13	1	256000	200	0.141859	4744.495153	52	-0.000000	0	1.005000	float64				6cbe459c1039
eager	13	1	256000	200	0.160165	5425.055027	51	-0.000000	0	6.005000	float64				6cbe459c1039
nojit	13	1	256000	200	0.160658	5429.029465	51	-0.000000	0	6.005000	float64				6cbe459c1039
torch-compile	13	1	256000	200	2.489936	5047.419071	0	-0.000000	0	-1	-1	float64	-1	2282.897	torch-2.14.0+cu130
torch-eager	13	1	256000	200	0.511069	4921.247959	0	-0.000000	0	-1	-1	float64	-1	307.745	torch-2.14.0+cu130
triton	13	1	256000	200	0.526438	4692.831039	2	-0.000000	0	-1	-1	float64	360.628	4.999	triton-3.8.0
torch-compile-ro	13	1	256000	200	2.340078	5070.099831	0	-0.000000	0	-1	-1	float64	-1	2096.458	torch-2.14.0+cu130
torch-compile-mat	13	1	256000	200	2.347693	5016.248226	0	-0.000000	0	-1	-1	float64	-1	2117.256	torch-2.14.0+cu130
jax	13	1	256000	200	0.119907	3705.227375	0	-0.000000	0	-1	-1	float64	2389.473	4.906	jax-0.11.1
iree	13	1	256000	200	0.207285	5167.695284	0	-0.000000	0	-1	-1	float64	645.593	20.685	iree-3.11.0
fused	6	1	25600	200	0.015970	282.449722	55	256.065463	0	6.005000	float64				6cbe459c1039
eager	6	1	25600	200	0.012244	280.859470	51	256.065463	0	6.005000	float64				6cbe459c1039
nojit	6	1	25600	200	0.009560	280.195475	51	256.065463	0	6.005000	float64				6cbe459c1039
torch-compile	6	1	25600	200	2.193925	385.026932	0	256.065463	0	-1	-1	float64	-1	2161.466	torch-2.14.0+cu130
torch-eager	6	1	25600	200	0.288915	397.334099	0	256.065463	0	-1	-1	float64	-1	254.441	torch-2.14.0+cu130
triton	6	1	25600	200	0.411288	895.982981	1	256.065463	0	-1	-1	float64	368.017	0.942	triton-3.8.0
torch-compile-ro	6	1	25600	200	2.167102	411.827564	0	256.065463	0	-1	-1	float64	-1	2104.102	torch-2.14.0+cu130
torch-compile-mat	6	1	25600	200	2.460114	464.900732	0	256.065463	0	-1	-1	float64	-1	2383.717	torch-2.14.0+cu130
jax	6	1	25600	200	0.004606	107.558966	0	256.065463	0	-1	-1	float64	2042.304	1.128	jax-0.11.1
iree	6	1	25600	200	0.187088	5384.124517	0	256.065463	0	-1	-1	float64	281.498	19.336	iree-3.11.0
fused	6	1	256000	200	0.034741	1018.105745	55	2560.654707	0	6.005000	float64				6cbe459c1039
eager	6	1	256000	200	0.035598	1019.619703	51	2560.654707	0	6.005000	float64				6cbe459c1039
nojit	6	1	256000	200	0.032333	1018.379927	51	2560.654707	0	6.005000	float64				6cbe459c1039
torch-compile	6	1	256000	200	2.043146	1332.596540	0	2560.654707	0	-1	-1	float64	-1	1951.592	torch-2.14.0+cu130
torch-eager	6	1	256000	200	0.443188	1303.230524	0	2560.654707	0	-1	-1	float64	-1	359.281	torch-2.14.0+cu130
triton	6	1	256000	200	0.356670	900.132656	1	2560.654707	0	-1	-1	float64	316.037	0.942	triton-3.8.0
torch-compile-ro	6	1	256000	200	2.422257	1440.944672	0	2560.654707	0	-1	-1	float64	-1	2276.658	torch-2.14.0+cu130
torch-compile-mat	6	1	256000	200	2.252758	1291.623116	0	2560.654707	0	-1	-1	float64	-1	2146.315	torch-2.14.0+cu130
jax	6	1	256000	200	0.025442	761.126280	0	2560.654707	0	-1	-1	float64	1827.534	1.694	jax-0.11.1
iree	6	1	256000	200	0.070640	919.051170	0	2560.654707	0	-1	-1	float64	254.206	10.460	iree-3.11.0
fused	7	1	25600	200	0.036960	663.809776	57	25.611041	0	16.000000	float64				6cbe459c1039
eager	7	1	25600	200	0.032754	670.570135	51	25.611041	0	26.000000	float64				6cbe459c1039
nojit	7	1	25600	200	0.020517	670.394897	51	25.611041	0	26.000000	float64				6cbe459c1039
torch-compile	7	1	25600	200	2.242061	950.453281	0	25.611041	0	-1	-1	float64	-1	2176.108	torch-2.14.0+cu130
torch-eager	7	1	25600	200	0.328451	836.576223	0	25.611041	0	-1	-1	float64	-1	279.755	torch-2.14.0+cu130
torch-compile-ro	7	1	25600	200	2.209305	938.110352	0	25.611041	0	-1	-1	float64	-1	2114.547	torch-2.14.0+cu130
torch-compile-mat	7	1	25600	200	2.712415	940.535069	0	25.611041	0	-1	-1	float64	-1	2621.711	torch-2.14.0+cu130
jax	7	1	25600	200	0.012464	326.161385	0	25.611041	0	-1	-1	float64	2653.310	1.900	jax-0.11.1
iree	7	1	25600	200	0.380648	11575.862169	0	25.611041	0	-1	-1	float64	405.776	29.428	iree-3.11.0
fused	7	1	256000	200	0.094329	2821.320295	57	0.000000	0	16.000000	float64				6cbe459c1039
eager	7	1	256000	200	0.100017	2841.064930	51	0.000000	0	26.000000	float64				6cbe459c1039
nojit	7	1	256000	200	0.084518	2833.060026	51	0.000000	0	26.000000	float64				6cbe459c1039
torch-compile	7	1	256000	200	1.960321	3023.102283	0	0.000000	0	-1	-1	float64	-1	1826.869	torch-2.14.0+cu130
torch-eager	7	1	256000	200	0.447604	3277.372122	0	0.000000	0	-1	-1	float64	-1	306.921	torch-2.14.0+cu130
torch-compile-ro	7	1	256000	200	2.367615	3148.932457	0	0.000000	0	-1	-1	float64	-1	2190.969	torch-2.14.0+cu130
torch-compile-mat	7	1	256000	200	3.350017	3147.732019	0	0.000000	0	-1	-1	float64	-1	3167.215	torch-2.14.0+cu130
jax	7	1	256000	200	0.063752	1950.670481	0	0.000000	0	-1	-1	float64	2763.656	4.148	jax-0.11.1
iree	7	1	256000	200	0.976017	31667.649746	0	0.000000	0	-1	-1	float64	562.326	47.710	iree-3.11.0
fused	8	1	25600	200	0.017486	464.544296	56	3221914.952339	0	5.015000	float64				6cbe459c1039
eager	8	1	25600	200	0.026437	780.065060	51	3221914.952339	0	34.005000	float64				6cbe459c1039
nojit	8	1	25600	200	0.023007	780.730247	51	3221914.952339	0	34.005000	float64				6cbe459c1039
torch-compile	8	1	25600	200	1.896245	520.371199	0	3221914.952339	0	-1	-1	float64	-1	1873.794	torch-2.14.0+cu130
torch-eager	8	1	25600	200	0.421288	566.308498	0	3221914.952339	0	-1	-1	float64	-1	398.795	torch-2.14.0+cu130
torch-compile-ro	8	1	25600	200	2.059422	525.021553	0	3221914.952339	0	-1	-1	float64	-1	2008.288	torch-2.14.0+cu130
torch-compile-mat	8	1	25600	200	3.107967	518.804789	0	3221914.952339	0	-1	-1	float64	-1	3048.324	torch-2.14.0+cu130
jax	8	1	25600	200	0.009815	268.219709	0	3221914.952339	0	-1	-1	float64	1602.134	1.447	jax-0.11.1
iree	8	1	25600	200	0.042879	921.183825	0	3221914.952339	0	-1	-1	float64	617.545	11.168	iree-3.11.0
fused	8	1	256000	200	0.655025	22334.820032	56	32261731.495851	0	5.015000	float64				6cbe459c1039
eager	8	1	256000	200	0.732305	25183.370113	51	32261731.495851	0	34.005000	float64				6cbe459c1039
nojit	8	1	256000	200	0.734108	25154.635906	51	32261731.495851	0	34.005000	float64				6cbe459c1039
torch-compile	8	1	256000	200	2.957093	29879.716635	0	32261731.495851	0	-1	-1	float64	-1	2047.342	torch-2.14.0+cu130
torch-eager	8	1	256000	200	1.123395	27448.762655	0	32261731.495851	0	-1	-1	float64	-1	306.844	torch-2.14.0+cu130
torch-compile-ro	8	1	256000	200	2.850374	29817.622900	0	32261731.495851	0	-1	-1	float64	-1	1921.427	torch-2.14.0+cu130
torch-compile-mat	8	1	256000	200	6.893365	28119.654655	0	32261731.495851	0	-1	-1	float64	-1	5886.372	torch-2.14.0+cu130
jax	8	1	256000	200	0.465865	15416.132212	0	32261731.495851	0	-1	-1	float64	1885.046	16.517	jax-0.11.1
iree	8	1	256000	200	1.275937	38663.631678	0	32261731.495851	0	-1	-1	float64	26094.472	99.972	iree-3.11.0
fused	9	1	25600	200	0.024639	754.630566	57	214.208506	0	6.000000	float64				6cbe459c1039
eager	9	1	25600	200	0.024581	795.130730	54	214.208506	0	10.000000	float64				6cbe459c1039
nojit	9	1	25600	200	0.022428	761.870146	54	214.208506	0	10.000000	float64				6cbe459c1039
torch-compile	9	1	25600	200	2.176561	869.263411	0	214.208506	0	-1	-1	float64	-1	2144.600	torch-2.14.0+cu130
torch-eager	9	1	25600	200	0.347428	839.462280	0	214.208506	0	-1	-1	float64	-1	315.991	torch-2.14.0+cu130
torch-compile-ro	9	1	25600	200	2.404035	867.811441	0	214.208506	0	-1	-1	float64	-1	2343.515	torch-2.14.0+cu130
torch-compile-mat	9	1	25600	200	2.532769	847.742558	0	214.208506	0	-1	-1	float64	-1	2474.941	torch-2.14.0+cu130
jax	9	1	25600	200	0.009032	266.829729	0	214.208506	0	-1	-1	float64	442.906	1.020	jax-0.11.1
fused	9	1	256000	200	0.022511	570.275784	57	2158.224764	0	6.000000	float64				6cbe459c1039
eager	9	1	256000	200	0.021764	608.249903	54	2158.224764	0	10.000000	float64				6cbe459c1039
nojit	9	1	256000	200	0.019670	571.910143	54	2158.224764	0	10.000000	float64				6cbe459c1039
torch-compile	9	1	256000	200	1.977670	690.284967	0	2158.224764	0	-1	-1	float64	-1	1930.584	torch-2.14.0+cu130
torch-eager	9	1	256000	200	0.378393	619.549751	0	2158.224764	0	-1	-1	float64	-1	334.313	torch-2.14.0+cu130
torch-compile-ro	9	1	256000	200	2.247543	671.675205	0	2158.224764	0	-1	-1	float64	-1	2171.953	torch-2.14.0+cu130
torch-compile-mat	9	1	256000	200	4.151131	724.625587	0	2158.224764	0	-1	-1	float64	-1	4065.534	torch-2.14.0+cu130
jax	9	1	256000	200	0.012611	351.351500	0	2158.224764	0	-1	-1	float64	1053.141	1.023	jax-0.11.1
fused	10	1	25600	200	0.289504	4074.670076	76	0.000000	0	78.000000	float64				6cbe459c1039
eager	10	1	25600	200	0.375820	4901.359081	51	0.000000	0	235.000000	float64				6cbe459c1039
nojit	10	1	25600	200	0.138158	4818.614721	51	0.000000	0	238.000000	float64				6cbe459c1039
torch-compile	10	1	25600	200	2.506482	3215.856552	0	0.000000	0	-1	-1	float64	-1	2398.217	torch-2.14.0+cu130
torch-eager	10	1	25600	200	0.428196	3813.627958	0	0.000000	0	-1	-1	float64	-1	310.640	torch-2.14.0+cu130
torch-compile-ro	10	1	25600	200	2.290575	3100.128174	0	0.000000	0	-1	-1	float64	-1	2153.602	torch-2.14.0+cu130
torch-compile-mat	10	1	25600	200	5.110178	3136.599064	0	0.000000	0	-1	-1	float64	-1	4968.904	torch-2.14.0+cu130
jax	10	1	25600	200	0.052407	1523.278952	0	0.000000	0	-1	-1	float64	5458.731	7.529	jax-0.11.1
iree	10	1	25600	200	0.338715	10510.630608	0	0.000000	0	-1	-1	float64	1750.518	25.919	iree-3.11.0
fused	10	1	191488	200	2.728472	94144.494534	76	0.000000	0	78.000000	float64				6cbe459c1039
eager	10	1	191488	200	2.929201	99393.894672	51	0.000000	0	235.000000	float64				6cbe459c1039
nojit	10	1	191488	200	2.743322	99420.930147	51	0.000000	0	238.000000	float64				6cbe459c1039
torch-compile	10	1	191488	200	4.611006	79099.524021	0	0.000000	0	-1	-1	float64	-1	2292.666	torch-2.14.0+cu130
torch-eager	10	1	191488	200	2.767676	79228.475094	0	0.000000	0	-1	-1	float64	-1	431.540	torch-2.14.0+cu130
torch-compile-ro	10	1	191488	200	4.836006	79022.979736	0	0.000000	0	-1	-1	float64	-1	2466.658	torch-2.14.0+cu130
torch-compile-mat	10	1	191488	200	10.139537	76147.991419	0	0.000000	0	-1	-1	float64	-1	7749.233	torch-2.14.0+cu130
jax	10	1	191488	200	1.222371	41833.850145	0	0.000000	0	-1	-1	float64	6617.266	73.946	jax-0.11.1
iree	10	1	191488	200	4.204848	136620.982885	0	0.000000	0	-1	-1	float64	4189.901	212.294	iree-3.11.0
fused	0	1	1000000	200	0.001654	29.010773	52	1000000.000000	0	1.015000	float64				6cbe459c1039
eager	0	1	1000000	200	0.002809	77.300072	51	1000000.000000	0	3.005000	float64				6cbe459c1039
nojit	0	1	1000000	200	0.002393	77.259541	51	1000000.000000	0	3.005000	float64				6cbe459c1039
torch-compile	0	1	1000000	200	0.469299	54.508448	0	1000000.000000	0	1	0	float64	-1	467.399	torch-2.14.0+cu130
torch-eager	0	1	1000000	200	0.049741	78.985691	0	1000000.000000	0	-1	-1	float64	-1	47.180	torch-2.14.0+cu130
triton	0	1	1000000	200	0.402076	30.897856	1	1000000.000000	0	-1	-1	float64	385.711	0.136	triton-3.8.0
torch-compile-ro	0	1	1000000	200	0.619620	191.535950	0	1000000.000000	0	1	0	float64	-1	568.646	torch-2.14.0+cu130
torch-compile-mat	0	1	1000000	200	0.597939	106.542110	0	1000000.000000	0	1	0	float64	-1	564.648	torch-2.14.0+cu130
jax	0	1	1000000	200	0.007238	80.176592	0	1000000.000000	0	-1	-1	float64	242.473	0.561	jax-0.11.1
iree	0	1	1000000	200	0.417607	6816.239357	0	1000000.000000	0	-1	-1	float64	741.381	31.815	iree-3.11.0
fused	0	4	1000000	200	0.002132	39.730072	52	1000000.000000	0	1.060000	float64				6cbe459c1039
eager	0	4	1000000	200	0.009466	306.435823	51	1000000.000000	0	12.005000	float64				6cbe459c1039
nojit	0	4	1000000	200	0.008927	306.915045	51	1000000.000000	0	12.005000	float64				6cbe459c1039
torch-compile	0	4	1000000	200	0.495212	68.607330	0	1000000.000000	0	1	0	float64	-1	492.903	torch-2.14.0+cu130
torch-eager	0	4	1000000	200	0.052657	312.527418	0	1000000.000000	0	-1	-1	float64	-1	43.499	torch-2.14.0+cu130
triton	0	4	1000000	200	0.316090	39.124489	1	1000000.000000	0	-1	-1	float64	300.418	0.127	triton-3.8.0
torch-compile-ro	0	4	1000000	200	0.585961	134.230852	0	1000000.000000	0	1	0	float64	-1	552.250	torch-2.14.0+cu130
torch-compile-mat	0	4	1000000	200	0.716532	131.262541	0	1000000.000000	0	1	0	float64	-1	684.173	torch-2.14.0+cu130
jax	0	4	1000000	200	0.008516	95.876455	0	1000000.000000	0	-1	-1	float64	272.658	3.897	jax-0.11.1
iree	0	4	1000000	200	0.378357	7982.938290	0	1000000.000000	0	-1	-1	float64	699.409	30.528	iree-3.11.0
fused	0	8	1000000	200	0.003514	70.174932	52	1000000.000000	0	1.120000	float64				6cbe459c1039
eager	0	8	1000000	200	0.018246	612.690449	51	1000000.000000	0	24.005000	float64				6cbe459c1039
nojit	0	8	1000000	200	0.017809	613.484383	51	1000000.000000	0	24.005000	float64				6cbe459c1039
torch-compile	0	8	1000000	200	0.492778	132.794380	0	1000000.000000	0	1	0	float64	-1	488.685	torch-2.14.0+cu130
torch-eager	0	8	1000000	200	0.075823	624.816418	0	1000000.000000	0	-1	-1	float64	-1	57.466	torch-2.14.0+cu130
triton	0	8	1000000	200	0.396692	70.766211	1	1000000.000000	0	-1	-1	float64	377.505	0.165	triton-3.8.0
torch-compile-ro	0	8	1000000	200	0.531033	198.664665	0	1000000.000000	0	1	0	float64	-1	490.914	torch-2.14.0+cu130
torch-compile-mat	0	8	1000000	200	0.762032	198.996067	0	1000000.000000	0	1	0	float64	-1	712.081	torch-2.14.0+cu130
jax	0	8	1000000	200	0.007425	175.957680	0	1000000.000000	0	-1	-1	float64	258.555	0.670	jax-0.11.1
iree	0	8	1000000	200	0.333436	7143.248320	0	1000000.000000	0	-1	-1	float64	617.652	25.370	iree-3.11.0
fused	0	4	10000	200	0.001134	13.334751	53	10000.000000	1	1.060000	float64				6cbe459c1039
eager	0	4	10000	200	0.001803	39.405823	51	10000.000000	0	12.005000	float64				6cbe459c1039
nojit	0	4	10000	200	0.001387	46.210289	51	10000.000000	0	12.005000	float64				6cbe459c1039
torch-compile	0	4	10000	200	0.563419	41.044950	0	10000.000000	0	1	0	float64	-1	561.849	torch-2.14.0+cu130
torch-eager	0	4	10000	200	0.042060	58.536530	0	10000.000000	0	-1	-1	float64	-1	40.177	torch-2.14.0+cu130
triton	0	4	10000	200	0.313201	20.728111	1	10000.000000	0	-1	-1	float64	298.550	0.091	triton-3.8.0
torch-compile-ro	0	4	10000	200	0.572287	124.324560	0	10000.000000	0	1	0	float64	-1	536.437	torch-2.14.0+cu130
torch-compile-mat	0	4	10000	200	0.771338	149.912834	0	10000.000000	0	1	0	float64	-1	731.422	torch-2.14.0+cu130
jax	0	4	10000	200	0.005487	49.196482	0	10000.000000	0	-1	-1	float64	247.809	0.629	jax-0.11.1
iree	0	4	10000	200	0.032212	519.771576	0	10000.000000	0	-1	-1	float64	714.285	12.171	iree-3.11.0
fused	0	4	100000	200	0.001154	14.380217	53	100000.000000	1	1.060000	float64				6cbe459c1039
eager	0	4	100000	200	0.001970	43.469667	51	100000.000000	0	12.005000	float64				6cbe459c1039
nojit	0	4	100000	200	0.001266	43.234825	51	100000.000000	0	12.005000	float64				6cbe459c1039
torch-compile	0	4	100000	200	0.453920	55.267811	0	100000.000000	0	1	0	float64	-1	451.947	torch-2.14.0+cu130
torch-eager	0	4	100000	200	0.045927	71.313381	0	100000.000000	0	-1	-1	float64	-1	43.670	torch-2.14.0+cu130
triton	0	4	100000	200	0.319376	20.068884	1	100000.000000	0	-1	-1	float64	300.394	0.114	triton-3.8.0
torch-compile-ro	0	4	100000	200	0.588019	134.634972	0	100000.000000	0	1	0	float64	-1	548.489	torch-2.14.0+cu130
torch-compile-mat	0	4	100000	200	0.705665	125.904083	0	100000.000000	0	1	0	float64	-1	666.991	torch-2.14.0+cu130
jax	0	4	100000	200	0.006256	76.950788	0	100000.000000	0	-1	-1	float64	255.437	0.601	jax-0.11.1
iree	0	4	100000	200	0.059112	1091.589928	0	100000.000000	0	-1	-1	float64	678.534	13.690	iree-3.11.0
fused	0	4	1000000	200	0.002318	41.209459	52	1000000.000000	0	1.060000	float64				6cbe459c1039
eager	0	4	1000000	200	0.009340	307.630301	51	1000000.000000	0	12.005000	float64				6cbe459c1039
nojit	0	4	1000000	200	0.008926	306.694508	51	1000000.000000	0	12.005000	float64				6cbe459c1039
torch-compile	0	4	1000000	200	0.471566	68.439245	0	1000000.000000	0	1	0	float64	-1	469.314	torch-2.14.0+cu130
torch-eager	0	4	1000000	200	0.048480	312.914848	0	1000000.000000	0	-1	-1	float64	-1	39.250	torch-2.14.0+cu130
triton	0	4	1000000	200	0.367691	39.337873	1	1000000.000000	0	-1	-1	float64	353.126	0.132	triton-3.8.0
torch-compile-ro	0	4	1000000	200	0.631260	134.857893	0	1000000.000000	0	1	0	float64	-1	591.221	torch-2.14.0+cu130
torch-compile-mat	0	4	1000000	200	0.615068	129.497051	0	1000000.000000	0	1	0	float64	-1	583.284	torch-2.14.0+cu130
jax	0	4	1000000	200	0.005253	96.285343	0	1000000.000000	0	-1	-1	float64	246.138	0.642	jax-0.11.1
iree	0	4	1000000	200	0.328269	6049.373150	0	1000000.000000	0	-1	-1	float64	636.752	23.733	iree-3.11.0
fused	0	4	10000000	200	0.015191	329.540968	52	10000000.000000	0	1.060000	float64				6cbe459c1039
eager	0	4	10000000	200	0.088068	3027.034998	51	10000000.000000	0	12.005000	float64				6cbe459c1039
nojit	0	4	10000000	200	0.087909	3027.189970	51	10000000.000000	0	12.005000	float64				6cbe459c1039
torch-compile	0	4	10000000	200	0.490823	646.135807	0	10000000.000000	0	1	0	float64	-1	471.703	torch-2.14.0+cu130
torch-eager	0	4	10000000	200	0.126398	3045.866489	0	10000000.000000	0	-1	-1	float64	-1	37.820	torch-2.14.0+cu130
triton	0	4	10000000	200	0.398775	327.827930	1	10000000.000000	0	-1	-1	float64	372.304	0.689	triton-3.8.0
torch-compile-ro	0	4	10000000	200	0.655862	1213.518381	0	10000000.000000	0	1	0	float64	-1	581.755	torch-2.14.0+cu130
torch-compile-mat	0	4	10000000	200	0.827839	1198.000908	0	10000000.000000	0	1	0	float64	-1	756.584	torch-2.14.0+cu130
jax	0	4	10000000	200	0.053743	951.522589	0	10000000.000000	0	-1	-1	float64	264.317	1.369	jax-0.11.1
iree	0	4	10000000	200	3.152955	60279.153585	0	10000000.000000	0	-1	-1	float64	696.182	193.968	iree-3.11.0
fused	1	4	1000000	200	0.003399	43.245554	53	1000122.070313	0	1.060000	float64				6cbe459c1039
eager	1	4	1000000	200	0.009544	312.219858	51	1000122.070313	0	12.150000	float64				6cbe459c1039
nojit	1	4	1000000	200	0.009065	311.064720	51	1000122.070313	0	12.150000	float64				6cbe459c1039
torch-compile	1	4	1000000	200	0.874916	308.544636	0	1000122.070313	0	1	0	float64	-1	541.258	torch-2.14.0+cu130
torch-eager	1	4	1000000	200	0.055279	317.423344	0	1000122.070313	0	-1	-1	float64	-1	45.884	torch-2.14.0+cu130
triton	1	4	1000000	200	0.395964	43.870211	2	1000122.070313	0	-1	-1	float64	378.937	0.094	triton-3.8.0
torch-compile-ro	1	4	1000000	200	0.954931	409.634113	0	1000122.070313	0	1	0	float64	-1	568.400	torch-2.14.0+cu130
torch-compile-mat	1	4	1000000	200	1.448893	401.281118	0	1000122.070313	0	1	0	float64	-1	566.862	torch-2.14.0+cu130
jax	1	4	1000000	200	0.005346	99.948645	0	1000122.070313	0	-1	-1	float64	224.162	0.584	jax-0.11.1
iree	1	4	1000000	200	0.398570	8212.444782	0	1000122.070313	0	-1	-1	float64	666.452	28.988	iree-3.11.0
fused	2	4	1000000	200	0.002431	42.730570	53	1000122.070313	0	1.150000	float64				6cbe459c1039
eager	2	4	1000000	200	0.009542	310.859680	51	1000122.070313	0	12.150000	float64				6cbe459c1039
nojit	2	4	1000000	200	0.009052	311.014652	51	1000122.070313	0	12.150000	float64				6cbe459c1039
torch-compile	2	4	1000000	200	0.624417	87.112188	0	1000122.070313	0	2	1	float64	-1	613.336	torch-2.14.0+cu130
torch-eager	2	4	1000000	200	0.045876	326.178074	0	1000122.070313	0	-1	-1	float64	-1	36.304	torch-2.14.0+cu130
triton	2	4	1000000	200	0.337083	71.830750	2	1000122.070313	0	-1	-1	float64	320.741	0.082	triton-3.8.0
torch-compile-ro	2	4	1000000	200	0.743279	137.870312	0	1000122.070313	0	2	1	float64	-1	703.001	torch-2.14.0+cu130
torch-compile-mat	2	4	1000000	200	0.879643	137.565136	0	1000122.070313	0	2	1	float64	-1	838.468	torch-2.14.0+cu130
jax	2	4	1000000	200	0.011497	191.715956	0	1000122.070313	0	-1	-1	float64	264.687	0.643	jax-0.11.1
iree	2	4	1000000	200	0.537781	11241.056919	0	1000122.070313	0	-1	-1	float64	738.985	29.235	iree-3.11.0
fused	3	4	1000000	200	0.004163	100.414753	53	1533333.333333	0	2.005000	float64				6cbe459c1039
eager	3	4	1000000	200	0.011630	361.825228	51	1533333.333333	0	14.005000	float64				6cbe459c1039
nojit	3	4	1000000	200	0.010725	371.464491	51	1533333.333333	0	14.005000	float64				6cbe459c1039
torch-compile	3	4	1000000	200	0.837236	187.191963	0	1533333.333333	0	2	1	float64	-1	600.298	torch-2.14.0+cu130
torch-eager	3	4	1000000	200	0.056399	378.895998	0	1533333.333333	0	-1	-1	float64	-1	45.347	torch-2.14.0+cu130
triton	3	4	1000000	200	0.405871	127.404928	2	1533333.333333	0	-1	-1	float64	384.938	0.098	triton-3.8.0
torch-compile-ro	3	4	1000000	200	1.011614	422.488451	0	1533333.333333	0	2	1	float64	-1	701.814	torch-2.14.0+cu130
torch-compile-mat	3	4	1000000	200	1.867021	380.126238	0	1533333.333333	0	2	1	float64	-1	1038.218	torch-2.14.0+cu130
jax	3	4	1000000	200	0.012303	298.955441	0	1533333.333333	0	-1	-1	float64	213.172	0.603	jax-0.11.1
iree	3	4	1000000	200	2.713211	84322.198629	0	1533333.333333	0	-1	-1	float64	697.622	32.727	iree-3.11.0
fused	4	4	1000000	200	0.003956	53.669214	54	1533317.820224	1	1.065000	float64				6cbe459c1039
eager	4	4	1000000	200	0.010377	336.215496	51	1533317.820224	0	13.005000	float64				6cbe459c1039
nojit	4	4	1000000	200	0.009757	336.124897	51	1533317.820224	0	13.005000	float64				6cbe459c1039
torch-compile	4	4	1000000	200	0.870187	334.026814	0	1533317.820224	0	1	0	float64	-1	533.176	torch-2.14.0+cu130
torch-eager	4	4	1000000	200	0.057388	342.980623	0	1533317.820224	0	-1	-1	float64	-1	47.285	torch-2.14.0+cu130
triton	4	4	1000000	200	0.399768	69.320202	3	1533317.820224	0	-1	-1	float64	383.926	0.086	triton-3.8.0
torch-compile-ro	4	4	1000000	200	0.960171	427.029133	0	1533317.820224	0	1	0	float64	-1	588.248	torch-2.14.0+cu130
torch-compile-mat	4	4	1000000	200	1.607438	419.516563	0	1533317.820224	0	1	0	float64	-1	653.437	torch-2.14.0+cu130
jax	4	4	1000000	200	0.006188	138.336420	0	1533317.820224	0	-1	-1	float64	264.326	0.566	jax-0.11.1
iree	4	4	1000000	200	0.595958	13462.599516	0	1533317.820224	0	-1	-1	float64	692.584	32.633	iree-3.11.0
fused	5	4	1000000	200	0.003947	54.215193	53	1533333.333333	1	1.065000	float64				6cbe459c1039
eager	5	4	1000000	200	0.010367	335.925817	51	1533333.333333	0	13.005000	float64				6cbe459c1039
nojit	5	4	1000000	200	0.009753	335.950851	51	1533333.333333	0	13.005000	float64				6cbe459c1039
torch-compile	5	4	1000000	200	0.852060	332.983732	0	1533333.333333	0	2	1	float64	-1	540.824	torch-2.14.0+cu130
torch-eager	5	4	1000000	200	0.056241	342.786312	0	1533333.333333	0	-1	-1	float64	-1	46.156	torch-2.14.0+cu130
triton	5	4	1000000	200	0.316731	69.677830	2	1533333.333333	0	-1	-1	float64	300.577	0.083	triton-3.8.0
torch-compile-ro	5	4	1000000	200	1.003568	435.240269	0	1533333.333333	0	2	1	float64	-1	630.134	torch-2.14.0+cu130
torch-compile-mat	5	4	1000000	200	1.579647	431.578159	0	1533333.333333	0	2	1	float64	-1	795.127	torch-2.14.0+cu130
jax	5	4	1000000	200	0.006134	134.400129	0	1533333.333333	0	-1	-1	float64	253.540	0.576	jax-0.11.1
iree	5	4	1000000	200	0.570937	12878.974676	0	1533333.333333	0	-1	-1	float64	691.204	30.037	iree-3.11.0
fused	11	1	25600	200	0.001113	3.689528	52	95540.500674	0	1.040000	float64				6cbe459c1039
eager	11	1	25600	200	0.003346	57.049990	51	95540.500674	0	8.005000	float64				6cbe459c1039
nojit	11	1	25600	200	0.001824	57.514906	51	95540.500674	0	8.005000	float64				6cbe459c1039
torch-compile	11	1	25600	200	2.099338	63.081980	0	95540.500674	0	-1	-1	float64	-1	2091.721	torch-2.14.0+cu130
torch-eager	11	1	25600	200	0.205158	56.611300	0	95540.500674	0	-1	-1	float64	-1	201.053	torch-2.14.0+cu130
triton	11	1	25600	200	0.329808	17.913580	1	95540.500674	0	-1	-1	float64	310.558	0.101	triton-3.8.0
torch-compile-ro	11	1	25600	200	1.951814	140.799284	0	95540.500674	0	-1	-1	float64	-1	1909.759	torch-2.14.0+cu130
torch-compile-mat	11	1	25600	200	2.066347	137.645006	0	95540.500674	0	-1	-1	float64	-1	2027.224	torch-2.14.0+cu130
jax	11	1	25600	200	0.005461	53.300858	0	95540.500674	0	-1	-1	float64	121.430	0.525	jax-0.11.1
iree	11	1	25600	200	0.019922	62.136650	0	95540.500674	0	-1	-1	float64	225.261	13.344	iree-3.11.0
fused	11	1	256000	200	0.002699	16.455650	52	955405.006738	0	1.040000	float64				6cbe459c1039
eager	11	1	256000	200	0.006308	146.710873	51	955405.006738	0	8.005000	float64				6cbe459c1039
nojit	11	1	256000	200	0.005483	142.534971	51	955405.006738	0	8.005000	float64				6cbe459c1039
torch-compile	11	1	256000	200	2.159234	156.011581	0	955405.006738	0	-1	-1	float64	-1	2105.408	torch-2.14.0+cu130
torch-eager	11	1	256000	200	0.234094	145.242214	0	955405.006738	0	-1	-1	float64	-1	211.224	torch-2.14.0+cu130
triton	11	1	256000	200	0.374263	21.339655	1	955405.006738	0	-1	-1	float64	355.222	0.111	triton-3.8.0
torch-compile-ro	11	1	256000	200	1.887804	239.394903	0	955405.006738	0	-1	-1	float64	-1	1815.338	torch-2.14.0+cu130
torch-compile-mat	11	1	256000	200	2.357797	272.080898	0	955405.006738	0	-1	-1	float64	-1	2288.146	torch-2.14.0+cu130
jax	11	1	256000	200	0.004359	71.250200	0	955405.006738	0	-1	-1	float64	103.873	0.654	jax-0.11.1
iree	11	1	256000	200	0.058962	214.992762	0	955405.006738	0	-1	-1	float64	236.462	14.733	iree-3.11.0
fused	12	1	25600	200	0.004854	98.880529	53	256.065387	0	2.005000	float64				6cbe459c1039
eager	12	1	25600	200	0.004627	98.614693	51	256.065387	0	2.005000	float64				6cbe459c1039
nojit	12	1	25600	200	0.003444	98.620653	51	256.065387	0	2.005000	float64				6cbe459c1039
torch-compile	12	1	25600	200	2.002983	138.258934	0	256.065387	0	-1	-1	float64	-1	1988.857	torch-2.14.0+cu130
torch-eager	12	1	25600	200	0.261920	146.960020	0	256.065387	0	-1	-1	float64	-1	247.326	torch-2.14.0+cu130
triton	12	1	25600	200	0.399906	299.459696	1	256.065387	0	-1	-1	float64	377.051	0.405	triton-3.8.0
torch-compile-ro	12	1	25600	200	1.871183	242.449045	0	256.065387	0	-1	-1	float64	-1	1809.669	torch-2.14.0+cu130
torch-compile-mat	12	1	25600	200	2.234615	194.281340	0	256.065387	0	-1	-1	float64	-1	2181.412	torch-2.14.0+cu130
jax	12	1	25600	200	0.002484	42.666197	0	256.065387	0	-1	-1	float64	1612.677	0.672	jax-0.11.1
iree	12	1	25600	200	0.076657	1817.897558	0	256.065387	0	-1	-1	float64	236.040	17.479	iree-3.11.0
fused	12	1	256000	200	0.013392	345.284939	53	2560.654532	0	2.005000	float64				6cbe459c1039
eager	12	1	256000	200	0.013363	344.760418	51	2560.654532	0	2.005000	float64				6cbe459c1039
nojit	12	1	256000	200	0.012419	345.160961	51	2560.654532	0	2.005000	float64				6cbe459c1039
torch-compile	12	1	256000	200	2.068287	536.910295	0	2560.654532	0	-1	-1	float64	-1	2017.643	torch-2.14.0+cu130
torch-eager	12	1	256000	200	0.317121	524.541140	0	2560.654532	0	-1	-1	float64	-1	270.853	torch-2.14.0+cu130
triton	12	1	256000	200	0.398977	300.364494	1	2560.654532	0	-1	-1	float64	376.653	0.396	triton-3.8.0
torch-compile-ro	12	1	256000	200	1.996669	527.163744	0	2560.654532	0	-1	-1	float64	-1	1927.227	torch-2.14.0+cu130
torch-compile-mat	12	1	256000	200	2.471421	594.793558	0	2560.654532	0	-1	-1	float64	-1	2364.875	torch-2.14.0+cu130
jax	12	1	256000	200	0.009995	258.642435	0	2560.654532	0	-1	-1	float64	1840.029	0.947	jax-0.11.1
iree	12	1	256000	200	0.056333	442.874432	0	2560.654532	0	-1	-1	float64	236.473	10.954	iree-3.11.0
fused	13	1	25600	200	0.015154	437.580347	52	0.000000	0	1.005000	float64				6cbe459c1039
eager	13	1	25600	200	0.017788	528.384447	51	0.000000	0	6.005000	float64				6cbe459c1039
nojit	13	1	25600	200	0.016512	527.960062	51	0.000000	0	6.005000	float64				6cbe459c1039
torch-compile	13	1	25600	200	2.261703	596.780777	0	0.000000	0	-1	-1	float64	-1	2211.727	torch-2.14.0+cu130
torch-eager	13	1	25600	200	0.290766	584.796667	0	0.000000	0	-1	-1	float64	-1	248.992	torch-2.14.0+cu130
triton	13	1	25600	200	0.439547	1272.974014	2	0.000000	0	-1	-1	float64	379.061	1.352	triton-3.8.0
torch-compile-ro	13	1	25600	200	2.000504	640.517473	0	0.000000	0	-1	-1	float64	-1	1903.713	torch-2.14.0+cu130
torch-compile-mat	13	1	25600	200	2.168089	630.676746	0	0.000000	0	-1	-1	float64	-1	2088.112	torch-2.14.0+cu130
jax	13	1	25600	200	0.005223	124.177933	0	0.000000	0	-1	-1	float64	2457.380	1.220	jax-0.11.1
iree	13	1	25600	200	0.102473	2779.210806	0	0.000000	0	-1	-1	float64	386.021	12.961	iree-3.11.0
fused	13	1	256000	200	0.142648	4751.750231	52	-0.000000	0	1.005000	float64				6cbe459c1039
eager	13	1	256000	200	0.161133	5433.624983	51	-0.000000	0	6.005000	float64				6cbe459c1039
nojit	13	1	256000	200	0.160849	5437.195301	51	-0.000000	0	6.005000	float64				6cbe459c1039
torch-compile	13	1	256000	200	2.202369	5005.649328	0	-0.000000	0	-1	-1	float64	-1	2006.258	torch-2.14.0+cu130
torch-eager	13	1	256000	200	0.516635	4874.204397	0	-0.000000	0	-1	-1	float64	-1	317.686	torch-2.14.0+cu130
triton	13	1	256000	200	0.477849	4700.471163	2	-0.000000	0	-1	-1	float64	315.280	4.999	triton-3.8.0
torch-compile-ro	13	1	256000	200	2.127089	5082.606077	0	-0.000000	0	-1	-1	float64	-1	1881.670	torch-2.14.0+cu130
torch-compile-mat	13	1	256000	200	2.553742	5026.850700	0	-0.000000	0	-1	-1	float64	-1	2310.760	torch-2.14.0+cu130
jax	13	1	256000	200	0.120086	3740.935326	0	-0.000000	0	-1	-1	float64	2296.589	4.864	jax-0.11.1
iree	13	1	256000	200	0.215669	5209.273100	0	-0.000000	0	-1	-1	float64	778.826	20.622	iree-3.11.0
fused	6	1	25600	200	0.013316	279.960632	55	256.065463	0	6.005000	float64				6cbe459c1039
eager	6	1	25600	200	0.012917	279.630423	51	256.065463	0	6.005000	float64				6cbe459c1039
nojit	6	1	25600	200	0.009367	279.085636	51	256.065463	0	6.005000	float64				6cbe459c1039
torch-compile	6	1	25600	200	2.499217	468.192101	0	256.065463	0	-1	-1	float64	-1	2450.310	torch-2.14.0+cu130
torch-eager	6	1	25600	200	0.306181	416.338444	0	256.065463	0	-1	-1	float64	-1	270.307	torch-2.14.0+cu130
triton	6	1	25600	200	0.476973	895.898342	1	256.065463	0	-1	-1	float64	433.794	0.956	triton-3.8.0
torch-compile-ro	6	1	25600	200	1.831044	441.534519	0	256.065463	0	-1	-1	float64	-1	1755.711	torch-2.14.0+cu130
torch-compile-mat	6	1	25600	200	2.038951	413.438082	0	256.065463	0	-1	-1	float64	-1	1974.204	torch-2.14.0+cu130
jax	6	1	25600	200	0.004472	107.718706	0	256.065463	0	-1	-1	float64	2046.931	0.987	jax-0.11.1
iree	6	1	25600	200	0.186104	5391.731262	0	256.065463	0	-1	-1	float64	273.509	18.758	iree-3.11.0
fused	6	1	256000	200	0.034678	1019.684076	55	2560.654707	0	6.005000	float64				6cbe459c1039
eager	6	1	256000	200	0.035211	1022.870541	51	2560.654707	0	6.005000	float64				6cbe459c1039
nojit	6	1	256000	200	0.032527	1020.455360	51	2560.654707	0	6.005000	float64				6cbe459c1039
torch-compile	6	1	256000	200	1.915791	1252.228022	0	2560.654707	0	-1	-1	float64	-1	1818.310	torch-2.14.0+cu130
torch-eager	6	1	256000	200	0.317372	1242.319345	0	2560.654707	0	-1	-1	float64	-1	246.202	torch-2.14.0+cu130
triton	6	1	256000	200	0.341084	888.358355	1	2560.654707	0	-1	-1	float64	300.520	0.942	triton-3.8.0
torch-compile-ro	6	1	256000	200	2.079232	1296.340227	0	2560.654707	0	-1	-1	float64	-1	1959.165	torch-2.14.0+cu130
torch-compile-mat	6	1	256000	200	2.392848	1354.142427	0	2560.654707	0	-1	-1	float64	-1	2270.660	torch-2.14.0+cu130
jax	6	1	256000	200	0.025119	749.449730	0	2560.654707	0	-1	-1	float64	1656.639	1.611	jax-0.11.1
iree	6	1	256000	200	0.070896	925.136805	0	2560.654707	0	-1	-1	float64	296.152	11.555	iree-3.11.0
fused	7	1	25600	200	0.037214	661.845207	57	25.611041	0	16.000000	float64				6cbe459c1039
eager	7	1	25600	200	0.032688	698.984861	51	25.611041	0	26.000000	float64				6cbe459c1039
nojit	7	1	25600	200	0.020731	672.115088	51	25.611041	0	26.000000	float64				6cbe459c1039
torch-compile	7	1	25600	200	2.209375	882.539749	0	25.611041	0	-1	-1	float64	-1	2163.112	torch-2.14.0+cu130
torch-eager	7	1	25600	200	0.406793	847.780704	0	25.611041	0	-1	-1	float64	-1	356.771	torch-2.14.0+cu130
torch-compile-ro	7	1	25600	200	2.169371	938.614607	0	25.611041	0	-1	-1	float64	-1	2075.863	torch-2.14.0+cu130
torch-compile-mat	7	1	25600	200	2.729120	938.425064	0	25.611041	0	-1	-1	float64	-1	2637.315	torch-2.14.0+cu130
jax	7	1	25600	200	0.012377	331.250429	0	25.611041	0	-1	-1	float64	2759.973	2.187	jax-0.11.1
iree	7	1	25600	200	0.381633	11644.361019	0	25.611041	0	-1	-1	float64	422.434	31.513	iree-3.11.0
fused	7	1	256000	200	0.094877	2824.029922	57	0.000000	0	16.000000	float64				6cbe459c1039
eager	7	1	256000	200	0.093763	2848.690748	51	0.000000	0	26.000000	float64				6cbe459c1039
nojit	7	1	256000	200	0.084708	2852.205038	51	0.000000	0	26.000000	float64				6cbe459c1039
torch-compile	7	1	256000	200	2.206997	3064.173460	0	0.000000	0	-1	-1	float64	-1	2068.882	torch-2.14.0+cu130
torch-eager	7	1	256000	200	0.433927	3140.860796	0	0.000000	0	-1	-1	float64	-1	292.770	torch-2.14.0+cu130
torch-compile-ro	7	1	256000	200	2.281529	3100.355864	0	0.000000	0	-1	-1	float64	-1	2115.155	torch-2.14.0+cu130
torch-compile-mat	7	1	256000	200	2.846818	3241.477013	0	0.000000	0	-1	-1	float64	-1	2659.007	torch-2.14.0+cu130
jax	7	1	256000	200	0.063941	1948.814392	0	0.000000	0	-1	-1	float64	2685.917	4.341	jax-0.11.1
iree	7	1	256000	200	0.981206	31660.609245	0	0.000000	0	-1	-1	float64	561.258	44.565	iree-3.11.0
fused	8	1	25600	200	0.017727	465.004444	56	3221914.952339	0	5.015000	float64				6cbe459c1039
eager	8	1	25600	200	0.027219	780.205727	51	3221914.952339	0	34.005000	float64				6cbe459c1039
nojit	8	1	25600	200	0.023047	780.850649	51	3221914.952339	0	34.005000	float64				6cbe459c1039
torch-compile	8	1	25600	200	1.979183	521.087646	0	3221914.952339	0	-1	-1	float64	-1	1957.229	torch-2.14.0+cu130
torch-eager	8	1	25600	200	0.341081	567.989349	0	3221914.952339	0	-1	-1	float64	-1	318.291	torch-2.14.0+cu130
torch-compile-ro	8	1	25600	200	2.240857	535.106659	0	3221914.952339	0	-1	-1	float64	-1	2184.512	torch-2.14.0+cu130
torch-compile-mat	8	1	25600	200	3.172578	503.587723	0	3221914.952339	0	-1	-1	float64	-1	3120.824	torch-2.14.0+cu130
jax	8	1	25600	200	0.009732	267.429352	0	3221914.952339	0	-1	-1	float64	1788.279	1.491	jax-0.11.1
iree	8	1	25600	200	0.046978	937.597752	0	3221914.952339	0	-1	-1	float64	659.589	13.994	iree-3.11.0
fused	8	1	256000	200	0.655941	22341.334820	56	32261731.495851	0	5.015000	float64				6cbe459c1039
eager	8	1	256000	200	0.731220	25192.915201	51	32261731.495851	0	34.005000	float64				6cbe459c1039
nojit	8	1	256000	200	0.734045	25166.075230	51	32261731.495851	0	34.005000	float64				6cbe459c1039
torch-compile	8	1	256000	200	3.064904	29925.351143	0	32261731.495851	0	-1	-1	float64	-1	2171.503	torch-2.14.0+cu130
torch-eager	8	1	256000	200	1.186277	27579.509020	0	32261731.495851	0	-1	-1	float64	-1	357.015	torch-2.14.0+cu130
torch-compile-ro	8	1	256000	200	3.258252	29779.746532	0	32261731.495851	0	-1	-1	float64	-1	2332.686	torch-2.14.0+cu130
torch-compile-mat	8	1	256000	200	6.063419	27479.574680	0	32261731.495851	0	-1	-1	float64	-1	5123.661	torch-2.14.0+cu130
jax	8	1	256000	200	0.465731	15424.550772	0	32261731.495851	0	-1	-1	float64	1653.998	16.686	jax-0.11.1
iree	8	1	256000	200	1.267659	38681.014776	0	32261731.495851	0	-1	-1	float64	25971.004	88.056	iree-3.11.0
fused	9	1	25600	200	0.025401	760.389566	57	214.208506	0	6.000000	float64				6cbe459c1039
eager	9	1	25600	200	0.027134	774.614811	54	214.208506	0	10.000000	float64				6cbe459c1039
nojit	9	1	25600	200	0.022470	765.500069	54	214.208506	0	10.000000	float64				6cbe459c1039
torch-compile	9	1	25600	200	2.058233	857.113600	0	214.208506	0	-1	-1	float64	-1	2027.866	torch-2.14.0+cu130
torch-eager	9	1	25600	200	0.323068	841.702223	0	214.208506	0	-1	-1	float64	-1	294.108	torch-2.14.0+cu130
torch-compile-ro	9	1	25600	200	2.290019	898.238420	0	214.208506	0	-1	-1	float64	-1	2224.648	torch-2.14.0+cu130
torch-compile-mat	9	1	25600	200	2.583580	871.711969	0	214.208506	0	-1	-1	float64	-1	2524.995	torch-2.14.0+cu130
jax	9	1	25600	200	0.008560	289.430618	0	214.208506	0	-1	-1	float64	451.130	0.962	jax-0.11.1
fused	9	1	256000	200	0.022247	574.355125	57	2158.224764	0	6.000000	float64				6cbe459c1039
eager	9	1	256000	200	0.021552	610.510111	54	2158.224764	0	10.000000	float64				6cbe459c1039
nojit	9	1	256000	200	0.019728	573.245287	54	2158.224764	0	10.000000	float64				6cbe459c1039
torch-compile	9	1	256000	200	1.931309	694.704056	0	2158.224764	0	-1	-1	float64	-1	1881.086	torch-2.14.0+cu130
torch-eager	9	1	256000	200	0.367366	590.683222	0	2158.224764	0	-1	-1	float64	-1	327.786	torch-2.14.0+cu130
torch-compile-ro	9	1	256000	200	1.974807	707.941055	0	2158.224764	0	-1	-1	float64	-1	1898.427	torch-2.14.0+cu130
torch-compile-mat	9	1	256000	200	3.599531	709.190369	0	2158.224764	0	-1	-1	float64	-1	3520.449	torch-2.14.0+cu130
jax	9	1	256000	200	0.012243	374.349356	0	2158.224764	0	-1	-1	float64	944.402	1.080	jax-0.11.1
fused	10	1	25600	200	0.301221	4136.074781	76	0.000000	0	78.000000	float64				6cbe459c1039
eager	10	1	25600	200	0.358340	4990.329742	51	0.000000	0	235.000000	float64				6cbe459c1039
nojit	10	1	25600	200	0.140311	4835.094213	51	0.000000	0	238.000000	float64				6cbe459c1039
torch-compile	10	1	25600	200	2.239063	3275.543451	0	0.000000	0	-1	-1	float64	-1	2129.467	torch-2.14.0+cu130
torch-eager	10	1	25600	200	0.476343	3958.808184	0	0.000000	0	-1	-1	float64	-1	330.722	torch-2.14.0+cu130
torch-compile-ro	10	1	25600	200	2.531774	3137.662411	0	0.000000	0	-1	-1	float64	-1	2389.873	torch-2.14.0+cu130
torch-compile-mat	10	1	25600	200	5.437042	3199.166059	0	0.000000	0	-1	-1	float64	-1	5299.364	torch-2.14.0+cu130
jax	10	1	25600	200	0.051297	1515.437365	0	0.000000	0	-1	-1	float64	4922.147	6.697	jax-0.11.1
iree	10	1	25600	200	0.340614	10477.690697	0	0.000000	0	-1	-1	float64	1876.359	26.242	iree-3.11.0
fused	10	1	191488	200	2.740571	94369.285107	76	0.000000	0	78.000000	float64				6cbe459c1039
eager	10	1	191488	200	2.933079	99392.725229	51	0.000000	0	235.000000	float64				6cbe459c1039
nojit	10	1	191488	200	2.741068	99500.659704	51	0.000000	0	238.000000	float64				6cbe459c1039
torch-compile	10	1	191488	200	4.367178	79062.169790	0	0.000000	0	-1	-1	float64	-1	2044.933	torch-2.14.0+cu130
torch-eager	10	1	191488	200	2.697588	79307.981730	0	0.000000	0	-1	-1	float64	-1	378.635	torch-2.14.0+cu130
torch-compile-ro	10	1	191488	200	4.450449	79113.414288	0	0.000000	0	-1	-1	float64	-1	2089.568	torch-2.14.0+cu130
torch-compile-mat	10	1	191488	200	12.260163	76013.134718	0	0.000000	0	-1	-1	float64	-1	9899.603	torch-2.14.0+cu130
jax	10	1	191488	200	1.221952	42085.993290	0	0.000000	0	-1	-1	float64	5891.630	73.987	jax-0.11.1
iree	10	1	191488	200	4.200775	136675.956249	0	0.000000	0	-1	-1	float64	4165.952	210.844	iree-3.11.0
fused	8	1	256000	200	0.048512	1395.379305	107	32261718.000000	0	5.015000	float32				6cbe459c1039
eager	8	1	256000	200	0.118058	3916.990757	102	32261718.000000	0	34.005000	float32				6cbe459c1039
nojit	8	1	256000	200	0.116024	3920.385838	102	32261718.000000	0	34.005000	float32				6cbe459c1039
torch-compile	8	1	256000	200	2.378860	2039.016485	0	32261731.000113	0	-1	-1	float32	-1	2294.636	torch-2.14.0+cu130
torch-eager	8	1	256000	200	0.474019	2681.044340	0	32261724.455585	0	-1	-1	float32	-1	367.606	torch-2.14.0+cu130
torch-tensorrt	8	1	256000	200	5.138282	1506.258249	0	32261721.388920	0	-1	-1	float32	-1	5066.592	torch_tensorrt-2.14.0+cu130
torch-compile-ro	8	1	256000	200	2.681425	2052.087784	0	32261731.000113	0	-1	-1	float32	-1	2555.863	torch-2.14.0+cu130
torch-compile-mat	8	1	256000	200	4.355129	1610.052586	0	32261725.866217	0	-1	-1	float32	-1	4166.734	torch-2.14.0+cu130
jax	8	1	256000	200	0.041107	1262.662411	0	32261725.412777	0	-1	-1	float32	2313.473	2.436	jax-0.11.1
iree	8	1	256000	200	0.271325	7295.427322	0	32261724.389252	0	-1	-1	float32	486.145	33.971	iree-3.11.0
fused	8	1	256000	200	0.027611	707.925558	107	32340771.718750	0	5.010000	float16				6cbe459c1039
eager	8	1	256000	200	0.065569	2065.099478	102	32332888.187500	0	34.000000	float16				6cbe459c1039
nojit	8	1	256000	200	0.064497	2063.044310	102	32332888.187500	0	34.000000	float16				6cbe459c1039
torch-compile	8	1	256000	200	2.435105	892.804861	0	32303902.171875	0	-1	-1	float16	-1	2382.953	torch-2.14.0+cu130
torch-eager	8	1	256000	200	0.512681	1485.766172	0	32296342.671875	0	-1	-1	float16	-1	443.188	torch-2.14.0+cu130
torch-tensorrt	8	1	256000	200	5.482918	381.270647	0	32294186.078125	0	-1	-1	float16	-1	5438.489	torch_tensorrt-2.14.0+cu130
torch-compile-ro	8	1	256000	200	2.312142	905.739069	0	32303902.171875	0	-1	-1	float16	-1	2223.700	torch-2.14.0+cu130
torch-compile-mat	8	1	256000	200	2.853063	823.805332	0	32311264.593750	0	-1	-1	float16	-1	2765.540	torch-2.14.0+cu130
jax	8	1	256000	200	0.021971	635.535717	0	32293071.671875	0	-1	-1	float16	707.816	1.616	jax-0.11.1
iree	8	1	256000	200	0.107361	1908.546686	0	32333088.093750	0	-1	-1	float16	607.664	17.808	iree-3.11.0
fused	11	1	256000	200	0.002311	7.315874	103	955405.437500	0	1.040000	float32				6cbe459c1039
eager	11	1	256000	200	0.003443	43.289661	102	955405.437500	0	8.005000	float32				6cbe459c1039
nojit	11	1	256000	200	0.002356	38.915873	102	955405.437500	0	8.005000	float32				6cbe459c1039
torch-compile	11	1	256000	200	2.035873	194.325447	0	955405.029297	0	-1	-1	float32	-1	1996.168	torch-2.14.0+cu130
torch-eager	11	1	256000	200	0.248203	143.955946	0	955404.907227	0	-1	-1	float32	-1	225.282	torch-2.14.0+cu130
triton	11	1	256000	200	0.414024	23.816824	1	955405.029297	0	-1	-1	float32	379.977	0.293	triton-3.8.0
torch-tensorrt	11	1	256000	200	3.505829	273.150206	0	955404.907227	0	-1	-1	float32	-1	3471.923	torch_tensorrt-2.14.0+cu130
torch-compile-ro	11	1	256000	200	1.982920	233.339071	0	955405.029297	0	-1	-1	float32	-1	1919.609	torch-2.14.0+cu130
torch-compile-mat	11	1	256000	200	2.389511	265.518427	0	955405.029297	0	-1	-1	float32	-1	2321.152	torch-2.14.0+cu130
jax	11	1	256000	200	0.002923	54.699183	0	955405.029297	0	-1	-1	float32	99.778	0.509	jax-0.11.1
iree	11	1	256000	200	0.026523	87.357759	0	955404.907227	0	-1	-1	float32	197.447	10.940	iree-3.11.0
fused	11	1	256000	200	0.005011	21.435022	103	955000.000000	0	1.035000	float16				6cbe459c1039
eager	11	1	256000	200	0.007086	57.915449	102	955000.000000	0	8.000000	float16				6cbe459c1039
nojit	11	1	256000	200	0.005908	58.550835	102	955000.000000	0	8.000000	float16				6cbe459c1039
torch-compile	11	1	256000	200	2.138045	175.352097	0	955000.000000	0	-1	-1	float16	-1	2102.046	torch-2.14.0+cu130
torch-eager	11	1	256000	200	0.262210	256.026983	0	955000.000000	0	-1	-1	float16	-1	227.557	torch-2.14.0+cu130
triton	11	1	256000	200	0.352328	23.210049	1	955000.000000	0	-1	-1	float16	322.045	0.105	triton-3.8.0
torch-tensorrt	11	1	256000	200	4.022837	227.705240	0	955000.000000	0	-1	-1	float16	-1	3993.994	torch_tensorrt-2.14.0+cu130
torch-compile-ro	11	1	256000	200	1.856794	205.742121	0	955000.000000	0	-1	-1	float16	-1	1803.815	torch-2.14.0+cu130
torch-compile-mat	11	1	256000	200	2.129871	263.109207	0	955000.000000	0	-1	-1	float16	-1	2063.229	torch-2.14.0+cu130
jax	11	1	256000	200	0.002927	55.459738	0	955000.000000	0	-1	-1	float16	91.387	0.536	jax-0.11.1
iree	11	1	256000	200	0.048904	210.810900	0	955000.000000	0	-1	-1	float16	214.171	11.329	iree-3.11.0
fused	13	1	256000	200	0.012712	271.720886	103	-0.000000	0	1.005000	float32				6cbe459c1039
eager	13	1	256000	200	0.022087	582.699776	102	-0.000000	0	6.005000	float32				6cbe459c1039
nojit	13	1	256000	200	0.020972	585.215092	102	-0.000000	0	6.005000	float32				6cbe459c1039
torch-compile	13	1	256000	200	1.875540	560.323000	0	-0.000000	0	-1	-1	float32	-1	1814.185	torch-2.14.0+cu130
torch-eager	13	1	256000	200	0.556779	819.394588	0	-0.000000	0	-1	-1	float32	-1	459.690	torch-2.14.0+cu130
triton	13	1	256000	200	0.346886	127.904415	2	-0.000000	0	-1	-1	float32	315.226	0.212	triton-3.8.0
torch-tensorrt	13	1	256000	200	5.643181	499.348640	0	-0.000000	0	-1	-1	float32	-1	5579.531	torch_tensorrt-2.14.0+cu130
torch-compile-ro	13	1	256000	200	2.135841	632.548332	0	-0.000000	0	-1	-1	float32	-1	2027.847	torch-2.14.0+cu130
torch-compile-mat	13	1	256000	200	1.999540	570.946932	0	-0.000000	0	-1	-1	float32	-1	1894.518	torch-2.14.0+cu130
jax	13	1	256000	200	0.009695	217.204094	0	-0.000000	0	-1	-1	float32	5136.937	1.288	jax-0.11.1
iree	13	1	256000	200	0.062748	1318.646669	0	-0.000000	0	-1	-1	float32	467.245	12.039	iree-3.11.0
fused	13	1	256000	200	0.028502	227.260590	103	0.001907	0	1.000000	float16				6cbe459c1039
eager	13	1	256000	200	0.030100	333.595276	102	0.000000	0	6.000000	float16				6cbe459c1039
nojit	13	1	256000	200	0.036528	348.465443	102	0.000000	0	6.000000	float16				6cbe459c1039
torch-compile	13	1	256000	200	2.058511	370.800495	0	0.000000	0	-1	-1	float16	-1	2005.629	torch-2.14.0+cu130
torch-eager	13	1	256000	200	0.500257	473.546982	0	0.000000	0	-1	-1	float16	-1	433.628	torch-2.14.0+cu130
triton	13	1	256000	200	0.417503	150.376558	2	0.000000	0	-1	-1	float16	383.436	0.192	triton-3.8.0
torch-tensorrt	13	1	256000	200	4.865179	489.686728	0	0.000000	0	-1	-1	float16	-1	4793.217	torch_tensorrt-2.14.0+cu130
torch-compile-ro	13	1	256000	200	2.212945	383.721590	0	0.000000	0	-1	-1	float16	-1	2130.831	torch-2.14.0+cu130
torch-compile-mat	13	1	256000	200	2.708092	412.932634	0	0.000000	0	-1	-1	float16	-1	2602.324	torch-2.14.0+cu130
jax	13	1	256000	200	0.005752	100.854635	0	0.001252	0	-1	-1	float16	890.532	0.822	jax-0.11.1
iree	13	1	256000	200	0.056886	606.796741	0	0.000000	0	-1	-1	float16	604.796	11.729	iree-3.11.0
fused	8	1	256000	200	0.047724	1393.804550	107	32261718.000000	0	5.015000	float32				6cbe459c1039
eager	8	1	256000	200	0.116301	3914.295435	102	32261720.000000	0	34.005000	float32				6cbe459c1039
nojit	8	1	256000	200	0.116469	3916.854858	102	32261720.000000	0	34.005000	float32				6cbe459c1039
torch-compile	8	1	256000	200	2.340591	2050.697803	0	32261731.000113	0	-1	-1	float32	-1	2251.943	torch-2.14.0+cu130
torch-eager	8	1	256000	200	0.454065	2688.190937	0	32261724.455585	0	-1	-1	float32	-1	348.846	torch-2.14.0+cu130
torch-tensorrt	8	1	256000	200	5.302339	1498.976946	0	32261721.388920	0	-1	-1	float32	-1	5234.012	torch_tensorrt-2.14.0+cu130
torch-compile-ro	8	1	256000	200	2.274000	2060.554028	0	32261731.000113	0	-1	-1	float32	-1	2151.257	torch-2.14.0+cu130
torch-compile-mat	8	1	256000	200	3.111825	1511.617899	0	32261725.866217	0	-1	-1	float32	-1	2947.704	torch-2.14.0+cu130
jax	8	1	256000	200	0.040571	1260.399818	0	32261725.412777	0	-1	-1	float32	1987.102	2.218	jax-0.11.1
iree	8	1	256000	200	0.267707	7325.745821	0	32261724.389252	0	-1	-1	float32	459.318	31.308	iree-3.11.0
fused	8	1	256000	200	0.029381	713.515282	107	32340771.718750	0	5.010000	float16				6cbe459c1039
eager	8	1	256000	200	0.065591	2055.310011	102	32332888.187500	0	34.000000	float16				6cbe459c1039
nojit	8	1	256000	200	0.064476	2062.920332	102	32332888.187500	0	34.000000	float16				6cbe459c1039
torch-compile	8	1	256000	200	2.078234	892.752409	0	32303902.171875	0	-1	-1	float16	-1	2024.704	torch-2.14.0+cu130
torch-eager	8	1	256000	200	0.556457	1476.236582	0	32296342.671875	0	-1	-1	float16	-1	486.179	torch-2.14.0+cu130
torch-tensorrt	8	1	256000	200	5.784439	294.586420	0	32294186.078125	0	-1	-1	float16	-1	5751.684	torch_tensorrt-2.14.0+cu130
torch-compile-ro	8	1	256000	200	2.166228	876.368284	0	32303902.171875	0	-1	-1	float16	-1	2088.648	torch-2.14.0+cu130
torch-compile-mat	8	1	256000	200	2.699067	808.459520	0	32311264.593750	0	-1	-1	float16	-1	2617.845	torch-2.14.0+cu130
jax	8	1	256000	200	0.021885	632.973909	0	32288762.250000	0	-1	-1	float16	719.875	1.650	jax-0.11.1
iree	8	1	256000	200	0.105432	1890.743971	0	32333088.093750	0	-1	-1	float16	579.983	18.136	iree-3.11.0
fused	11	1	256000	200	0.002363	7.255077	103	955405.437500	0	1.040000	float32				6cbe459c1039
eager	11	1	256000	200	0.002959	41.204691	102	955405.437500	0	8.005000	float32				6cbe459c1039
nojit	11	1	256000	200	0.002340	38.564205	102	955405.437500	0	8.005000	float32				6cbe459c1039
torch-compile	11	1	256000	200	2.037562	200.169086	0	955405.029297	0	-1	-1	float32	-1	1995.930	torch-2.14.0+cu130
torch-eager	11	1	256000	200	0.283748	171.276331	0	955404.907227	0	-1	-1	float32	-1	255.471	torch-2.14.0+cu130
triton	11	1	256000	200	0.367377	22.826195	1	955405.029297	0	-1	-1	float32	335.888	0.254	triton-3.8.0
torch-tensorrt	11	1	256000	200	3.573724	225.399733	0	955404.907227	0	-1	-1	float32	-1	3546.143	torch_tensorrt-2.14.0+cu130
torch-compile-ro	11	1	256000	200	2.044739	267.853737	0	955405.029297	0	-1	-1	float32	-1	1978.498	torch-2.14.0+cu130
torch-compile-mat	11	1	256000	200	2.514815	254.497528	0	955405.029297	0	-1	-1	float32	-1	2447.747	torch-2.14.0+cu130
jax	11	1	256000	200	0.006268	65.053701	0	955405.029297	0	-1	-1	float32	113.685	0.551	jax-0.11.1
iree	11	1	256000	200	0.029406	91.943741	0	955404.907227	0	-1	-1	float32	252.768	14.039	iree-3.11.0
fused	11	1	256000	200	0.005296	22.364855	103	955000.000000	0	1.035000	float16				6cbe459c1039
eager	11	1	256000	200	0.008193	64.389706	102	955000.000000	0	8.000000	float16				6cbe459c1039
nojit	11	1	256000	200	0.006222	60.210228	102	955000.000000	0	8.000000	float16				6cbe459c1039
torch-compile	11	1	256000	200	1.832106	180.840492	0	955000.000000	0	-1	-1	float16	-1	1800.722	torch-2.14.0+cu130
torch-eager	11	1	256000	200	0.240132	144.284964	0	955000.000000	0	-1	-1	float16	-1	217.751	torch-2.14.0+cu130
triton	11	1	256000	200	0.340153	19.911528	1	955000.000000	0	-1	-1	float16	310.159	0.095	triton-3.8.0
torch-tensorrt	11	1	256000	200	3.431307	227.049589	0	955000.000000	0	-1	-1	float16	-1	3403.833	torch_tensorrt-2.14.0+cu130
torch-compile-ro	11	1	256000	200	1.852982	260.843039	0	955000.000000	0	-1	-1	float16	-1	1787.483	torch-2.14.0+cu130
torch-compile-mat	11	1	256000	200	1.876165	212.130547	0	955000.000000	0	-1	-1	float16	-1	1820.579	torch-2.14.0+cu130
jax	11	1	256000	200	0.002754	52.945614	0	955000.000000	0	-1	-1	float16	101.467	0.486	jax-0.11.1
iree	11	1	256000	200	0.048508	195.498466	0	955000.000000	0	-1	-1	float16	202.435	13.334	iree-3.11.0
fused	13	1	256000	200	0.012057	271.170139	103	-0.000000	0	1.005000	float32				6cbe459c1039
eager	13	1	256000	200	0.020998	587.999821	102	-0.000000	0	6.005000	float32				6cbe459c1039
nojit	13	1	256000	200	0.020784	583.895445	102	-0.000000	0	6.005000	float32				6cbe459c1039
torch-compile	13	1	256000	200	2.005045	616.482496	0	-0.000000	0	-1	-1	float32	-1	1921.524	torch-2.14.0+cu130
torch-eager	13	1	256000	200	0.465936	807.398558	0	-0.000000	0	-1	-1	float32	-1	370.422	torch-2.14.0+cu130
triton	13	1	256000	200	0.395188	160.949230	2	-0.000000	0	-1	-1	float32	357.458	0.208	triton-3.8.0
torch-tensorrt	13	1	256000	200	5.003649	498.733521	0	-0.000000	0	-1	-1	float32	-1	4940.626	torch_tensorrt-2.14.0+cu130
torch-compile-ro	13	1	256000	200	1.927792	637.463331	0	-0.000000	0	-1	-1	float32	-1	1820.561	torch-2.14.0+cu130
torch-compile-mat	13	1	256000	200	2.208777	522.292852	0	-0.000000	0	-1	-1	float32	-1	2117.379	torch-2.14.0+cu130
jax	13	1	256000	200	0.009194	216.677189	0	-0.000000	0	-1	-1	float32	4705.442	1.174	jax-0.11.1
iree	13	1	256000	200	0.062302	1337.239742	0	-0.000000	0	-1	-1	float32	565.003	11.282	iree-3.11.0
fused	13	1	256000	200	0.029518	231.359005	103	0.001907	0	1.000000	float16				6cbe459c1039
eager	13	1	256000	200	0.034991	340.170860	102	0.000000	0	6.000000	float16				6cbe459c1039
nojit	13	1	256000	200	0.032975	344.835520	102	0.000000	0	6.000000	float16				6cbe459c1039
torch-compile	13	1	256000	200	2.249940	374.830961	0	0.000000	0	-1	-1	float16	-1	2196.002	torch-2.14.0+cu130
torch-eager	13	1	256000	200	0.474128	467.655659	0	0.000000	0	-1	-1	float16	-1	409.423	torch-2.14.0+cu130
triton	13	1	256000	200	0.369338	155.173540	2	0.000000	0	-1	-1	float16	331.920	0.302	triton-3.8.0
torch-tensorrt	13	1	256000	200	5.760381	503.276587	0	0.000000	0	-1	-1	float16	-1	5684.699	torch_tensorrt-2.14.0+cu130
torch-compile-ro	13	1	256000	200	2.763717	409.107208	0	0.000000	0	-1	-1	float16	-1	2672.437	torch-2.14.0+cu130
torch-compile-mat	13	1	256000	200	2.545666	381.889343	0	0.000000	0	-1	-1	float16	-1	2452.945	torch-2.14.0+cu130
jax	13	1	256000	200	0.006032	100.606680	0	0.001252	0	-1	-1	float16	992.869	0.904	jax-0.11.1
iree	13	1	256000	200	0.058709	616.196394	0	0.000000	0	-1	-1	float16	875.011	11.111	iree-3.11.0
fused	8	1	256000	200	0.048218	1392.120123	107	32261718.000000	0	5.015000	float32				6cbe459c1039
eager	8	1	256000	200	0.117692	3914.104700	102	32261716.000000	0	34.005000	float32				6cbe459c1039
nojit	8	1	256000	200	0.116228	3919.334412	102	32261720.000000	0	34.005000	float32				6cbe459c1039
torch-compile	8	1	256000	200	2.470382	2059.283257	0	32261731.000113	0	-1	-1	float32	-1	2381.027	torch-2.14.0+cu130
torch-eager	8	1	256000	200	0.454261	2671.616077	0	32261724.455585	0	-1	-1	float32	-1	350.079	torch-2.14.0+cu130
torch-tensorrt	8	1	256000	200	5.979667	1545.670033	0	32261721.388920	0	-1	-1	float32	-1	5903.203	torch_tensorrt-2.14.0+cu130
torch-compile-ro	8	1	256000	200	2.076829	2068.232298	0	32261731.000113	0	-1	-1	float32	-1	1952.298	torch-2.14.0+cu130
torch-compile-mat	8	1	256000	200	2.959184	1514.807940	0	32261725.866217	0	-1	-1	float32	-1	2798.136	torch-2.14.0+cu130
jax	8	1	256000	200	0.041140	1264.245510	0	32261725.412777	0	-1	-1	float32	2097.694	2.439	jax-0.11.1
iree	8	1	256000	200	0.276881	7380.772829	0	32261724.389252	0	-1	-1	float32	497.451	34.182	iree-3.11.0
fused	8	1	256000	200	0.027772	707.510710	107	32340771.718750	0	5.010000	float16				6cbe459c1039
eager	8	1	256000	200	0.067819	2059.445381	102	32332888.187500	0	34.000000	float16				6cbe459c1039
nojit	8	1	256000	200	0.064446	2063.339949	102	32332888.187500	0	34.000000	float16				6cbe459c1039
torch-compile	8	1	256000	200	2.410517	901.215076	0	32303902.171875	0	-1	-1	float16	-1	2356.495	torch-2.14.0+cu130
torch-eager	8	1	256000	200	0.468402	1473.284960	0	32296342.671875	0	-1	-1	float16	-1	403.242	torch-2.14.0+cu130
torch-tensorrt	8	1	256000	200	5.096850	373.460054	0	32294186.078125	0	-1	-1	float16	-1	5053.856	torch_tensorrt-2.14.0+cu130
torch-compile-ro	8	1	256000	200	2.227857	889.093876	0	32303902.171875	0	-1	-1	float16	-1	2129.711	torch-2.14.0+cu130
torch-compile-mat	8	1	256000	200	3.082165	885.944366	0	32311264.593750	0	-1	-1	float16	-1	2981.910	torch-2.14.0+cu130
jax	8	1	256000	200	0.022185	636.819601	0	32288762.250000	0	-1	-1	float16	706.468	1.770	jax-0.11.1
iree	8	1	256000	200	0.112285	1938.729286	0	32333088.093750	0	-1	-1	float16	762.630	19.848	iree-3.11.0
fused	11	1	256000	200	0.002004	6.760359	103	955405.437500	0	1.040000	float32				6cbe459c1039
eager	11	1	256000	200	0.003061	41.630268	102	955405.437500	0	8.005000	float32				6cbe459c1039
nojit	11	1	256000	200	0.002207	38.025379	102	955405.437500	0	8.005000	float32				6cbe459c1039
torch-compile	11	1	256000	200	2.037112	198.123455	0	955405.029297	0	-1	-1	float32	-1	1998.166	torch-2.14.0+cu130
torch-eager	11	1	256000	200	0.243623	141.896009	0	955404.907227	0	-1	-1	float32	-1	220.637	torch-2.14.0+cu130
triton	11	1	256000	200	0.404778	34.166574	1	955405.029297	0	-1	-1	float32	367.642	0.296	triton-3.8.0
torch-tensorrt	11	1	256000	200	3.683679	356.783867	0	955404.907227	0	-1	-1	float32	-1	3637.078	torch_tensorrt-2.14.0+cu130
torch-compile-ro	11	1	256000	200	2.278624	223.718882	0	955405.029297	0	-1	-1	float32	-1	2220.691	torch-2.14.0+cu130
torch-compile-mat	11	1	256000	200	2.331452	272.586346	0	955405.029297	0	-1	-1	float32	-1	2259.184	torch-2.14.0+cu130
jax	11	1	256000	200	0.006224	48.713684	0	955405.029297	0	-1	-1	float32	129.788	0.541	jax-0.11.1
iree	11	1	256000	200	0.026169	100.387335	0	955404.907227	0	-1	-1	float32	216.969	11.027	iree-3.11.0
fused	11	1	256000	200	0.006113	26.185513	103	955000.000000	0	1.035000	float16				6cbe459c1039
eager	11	1	256000	200	0.007378	60.549974	102	955000.000000	0	8.000000	float16				6cbe459c1039
nojit	11	1	256000	200	0.006194	59.609413	102	955000.000000	0	8.000000	float16				6cbe459c1039
torch-compile	11	1	256000	200	2.034374	151.362419	0	955000.000000	0	-1	-1	float16	-1	2009.110	torch-2.14.0+cu130
torch-eager	11	1	256000	200	0.341379	176.472664	0	955000.000000	0	-1	-1	float16	-1	312.226	torch-2.14.0+cu130
triton	11	1	256000	200	0.374639	25.515556	1	955000.000000	0	-1	-1	float16	341.460	0.115	triton-3.8.0
torch-tensorrt	11	1	256000	200	3.020244	227.761269	0	955000.000000	0	-1	-1	float16	-1	2991.850	torch_tensorrt-2.14.0+cu130
torch-compile-ro	11	1	256000	200	1.930581	261.061192	0	955000.000000	0	-1	-1	float16	-1	1855.937	torch-2.14.0+cu130
torch-compile-mat	11	1	256000	200	2.153079	226.197243	0	955000.000000	0	-1	-1	float16	-1	2096.220	torch-2.14.0+cu130
jax	11	1	256000	200	0.002794	52.555799	0	955000.000000	0	-1	-1	float16	95.130	0.479	jax-0.11.1
iree	11	1	256000	200	0.046510	194.352865	0	955000.000000	0	-1	-1	float16	208.244	12.527	iree-3.11.0
fused	13	1	256000	200	0.012808	271.905661	103	-0.000000	0	1.005000	float32				6cbe459c1039
eager	13	1	256000	200	0.021253	583.705902	102	-0.000000	0	6.005000	float32				6cbe459c1039
nojit	13	1	256000	200	0.021060	584.940910	102	-0.000000	0	6.005000	float32				6cbe459c1039
torch-compile	13	1	256000	200	2.382140	558.240414	0	-0.000000	0	-1	-1	float32	-1	2317.708	torch-2.14.0+cu130
torch-eager	13	1	256000	200	0.364958	648.432970	0	-0.000000	0	-1	-1	float32	-1	305.407	torch-2.14.0+cu130
triton	13	1	256000	200	0.353697	130.903721	2	-0.000000	0	-1	-1	float32	319.992	0.207	triton-3.8.0
torch-tensorrt	13	1	256000	200	4.867823	502.893925	0	-0.000000	0	-1	-1	float32	-1	4808.077	torch_tensorrt-2.14.0+cu130
torch-compile-ro	13	1	256000	200	2.186270	625.122786	0	-0.000000	0	-1	-1	float32	-1	2082.129	torch-2.14.0+cu130
torch-compile-mat	13	1	256000	200	2.481887	567.653179	0	-0.000000	0	-1	-1	float32	-1	2375.510	torch-2.14.0+cu130
jax	13	1	256000	200	0.009093	217.195749	0	-0.000000	0	-1	-1	float32	4721.555	1.040	jax-0.11.1
iree	13	1	256000	200	0.063822	1312.443018	0	-0.000000	0	-1	-1	float32	549.926	12.516	iree-3.11.0
fused	13	1	256000	200	0.024429	208.284855	103	0.001907	0	1.000000	float16				6cbe459c1039
eager	13	1	256000	200	0.034473	339.725018	102	0.000000	0	6.000000	float16				6cbe459c1039
nojit	13	1	256000	200	0.033140	345.659256	102	0.000000	0	6.000000	float16				6cbe459c1039
torch-compile	13	1	256000	200	2.424718	375.885963	0	0.000000	0	-1	-1	float16	-1	2370.205	torch-2.14.0+cu130
torch-eager	13	1	256000	200	0.393905	394.581556	0	0.000000	0	-1	-1	float16	-1	342.481	torch-2.14.0+cu130
triton	13	1	256000	200	0.348111	147.314072	2	0.000000	0	-1	-1	float16	312.362	0.191	triton-3.8.0
torch-tensorrt	13	1	256000	200	5.687251	459.468365	0	0.000000	0	-1	-1	float16	-1	5619.032	torch_tensorrt-2.14.0+cu130
torch-compile-ro	13	1	256000	200	2.416839	419.133902	0	0.000000	0	-1	-1	float16	-1	2316.152	torch-2.14.0+cu130
torch-compile-mat	13	1	256000	200	2.289804	447.360277	0	0.000000	0	-1	-1	float16	-1	2185.419	torch-2.14.0+cu130
jax	13	1	256000	200	0.006140	100.377798	0	0.001252	0	-1	-1	float16	947.226	0.940	jax-0.11.1
iree	13	1	256000	200	0.058789	625.468493	0	0.000000	0	-1	-1	float16	729.962	10.263	iree-3.11.0
