model	system	cache	round	iter	us	compiled	launches	binary
distilgpt2	torch-eager	cold	1	0	156458.1			torch-2.14.0+cu130
distilgpt2	torch-eager	cold	1	1	3630.4			torch-2.14.0+cu130
distilgpt2	torch-eager	cold	1	2	3400.3			torch-2.14.0+cu130
distilgpt2	torch-eager	cold	1	3	3343.3			torch-2.14.0+cu130
distilgpt2	torch-eager	cold	1	4	3327.8			torch-2.14.0+cu130
distilgpt2	torch-eager	cold	1	5	3358.8			torch-2.14.0+cu130
distilgpt2	torch-eager	cold	1	6	3313.8			torch-2.14.0+cu130
distilgpt2	torch-eager	cold	1	7	3319.7			torch-2.14.0+cu130
distilgpt2	torch-eager	cold	1	8	3277.5			torch-2.14.0+cu130
distilgpt2	torch-eager	cold	1	9	3296.6			torch-2.14.0+cu130
distilgpt2	torch-eager	cold	1	10	3267.8			torch-2.14.0+cu130
distilgpt2	torch-eager	cold	1	11	3288.0			torch-2.14.0+cu130
distilgpt2	torch-eager	cold	1	12	3259.2			torch-2.14.0+cu130
distilgpt2	torch-eager	cold	1	13	3266.6			torch-2.14.0+cu130
distilgpt2	torch-eager	cold	1	14	3298.3			torch-2.14.0+cu130
distilgpt2	torch-eager	cold	1	15	3282.3			torch-2.14.0+cu130
distilgpt2	torch-eager	cold	1	16	3292.1			torch-2.14.0+cu130
distilgpt2	torch-eager	cold	1	17	3309.7			torch-2.14.0+cu130
distilgpt2	torch-eager	cold	1	18	3252.5			torch-2.14.0+cu130
distilgpt2	torch-eager	cold	1	19	3240.6			torch-2.14.0+cu130
distilgpt2	torch-eager	cold	1	20	3307.1			torch-2.14.0+cu130
distilgpt2	torch-eager	cold	1	21	3260.9			torch-2.14.0+cu130
distilgpt2	torch-eager	cold	1	22	3261.8			torch-2.14.0+cu130
distilgpt2	torch-eager	cold	1	23	3261.3			torch-2.14.0+cu130
distilgpt2	torch-eager	cold	1	24	3260.1			torch-2.14.0+cu130
distilgpt2	torch-eager	cold	1	25	3233.2			torch-2.14.0+cu130
distilgpt2	torch-eager	cold	1	26	3279.9			torch-2.14.0+cu130
distilgpt2	torch-eager	cold	1	27	3328.8			torch-2.14.0+cu130
distilgpt2	torch-eager	cold	1	28	3325.7			torch-2.14.0+cu130
distilgpt2	torch-eager	cold	1	29	3340.2			torch-2.14.0+cu130
distilgpt2	torch-eager	cold	1	30	3366.2			torch-2.14.0+cu130
distilgpt2	torch-eager	cold	1	31	3260.9			torch-2.14.0+cu130
distilgpt2	torch-eager	cold	1	32	3292.3			torch-2.14.0+cu130
distilgpt2	torch-eager	cold	1	33	3229.9			torch-2.14.0+cu130
distilgpt2	torch-eager	cold	1	34	3227.5			torch-2.14.0+cu130
distilgpt2	torch-eager	cold	1	35	3260.4			torch-2.14.0+cu130
distilgpt2	torch-eager	cold	1	36	3281.8			torch-2.14.0+cu130
distilgpt2	torch-eager	cold	1	37	3338.6			torch-2.14.0+cu130
distilgpt2	torch-eager	cold	1	38	3315.9			torch-2.14.0+cu130
distilgpt2	torch-eager	cold	1	39	3344.1			torch-2.14.0+cu130
distilgpt2	torch-eager	cold	1	40	3342.6			torch-2.14.0+cu130
distilgpt2	torch-eager	cold	1	41	3365.8			torch-2.14.0+cu130
distilgpt2	torch-eager	cold	1	42	3319.3			torch-2.14.0+cu130
distilgpt2	torch-eager	cold	1	43	3306.6			torch-2.14.0+cu130
distilgpt2	torch-eager	cold	1	44	3310.0			torch-2.14.0+cu130
distilgpt2	torch-eager	cold	1	45	3304.7			torch-2.14.0+cu130
distilgpt2	torch-eager	cold	1	46	3264.4			torch-2.14.0+cu130
distilgpt2	torch-eager	cold	1	47	3277.8			torch-2.14.0+cu130
distilgpt2	torch-eager	cold	1	48	3288.3			torch-2.14.0+cu130
distilgpt2	torch-eager	cold	1	49	3272.8			torch-2.14.0+cu130
distilgpt2	torch-eager	cold	1	50	3275.2			torch-2.14.0+cu130
distilgpt2	torch-eager	cold	1	51	3292.3			torch-2.14.0+cu130
distilgpt2	torch-eager	cold	1	52	3289.2			torch-2.14.0+cu130
distilgpt2	torch-eager	cold	1	53	3280.2			torch-2.14.0+cu130
distilgpt2	torch-eager	cold	1	54	3285.2			torch-2.14.0+cu130
distilgpt2	torch-eager	cold	1	55	3309.7			torch-2.14.0+cu130
distilgpt2	torch-eager	cold	1	56	3352.4			torch-2.14.0+cu130
distilgpt2	torch-eager	cold	1	57	3339.5			torch-2.14.0+cu130
distilgpt2	torch-eager	cold	1	58	3337.6			torch-2.14.0+cu130
distilgpt2	torch-eager	cold	1	59	3289.9			torch-2.14.0+cu130
distilgpt2	torch-eager	cold	1	60	3281.1			torch-2.14.0+cu130
distilgpt2	torch-eager	cold	1	61	3305.9			torch-2.14.0+cu130
distilgpt2	torch-eager	cold	1	62	3242.3			torch-2.14.0+cu130
distilgpt2	torch-eager	cold	1	63	3289.5			torch-2.14.0+cu130
distilgpt2	torch-eager	cold	1	64	3254.2			torch-2.14.0+cu130
distilgpt2	torch-eager	cold	1	65	3325.5			torch-2.14.0+cu130
distilgpt2	torch-eager	cold	1	66	3285.2			torch-2.14.0+cu130
distilgpt2	torch-eager	cold	1	67	3293.8			torch-2.14.0+cu130
distilgpt2	torch-eager	cold	1	68	3252.5			torch-2.14.0+cu130
distilgpt2	torch-eager	cold	1	69	3314.3			torch-2.14.0+cu130
distilgpt2	torch-eager	cold	1	70	3273.2			torch-2.14.0+cu130
distilgpt2	torch-eager	cold	1	71	3258.2			torch-2.14.0+cu130
distilgpt2	torch-eager	cold	1	72	3257.3			torch-2.14.0+cu130
distilgpt2	torch-eager	cold	1	73	3246.1			torch-2.14.0+cu130
distilgpt2	torch-eager	cold	1	74	3249.4			torch-2.14.0+cu130
distilgpt2	torch-eager	cold	1	75	3252.0			torch-2.14.0+cu130
distilgpt2	torch-eager	cold	1	76	3258.5			torch-2.14.0+cu130
distilgpt2	torch-eager	cold	1	77	3338.1			torch-2.14.0+cu130
distilgpt2	torch-eager	cold	1	78	3306.4			torch-2.14.0+cu130
distilgpt2	torch-eager	cold	1	79	3285.9			torch-2.14.0+cu130
distilgpt2	torch-eager	cold	1	80	3271.3			torch-2.14.0+cu130
distilgpt2	torch-eager	cold	1	81	3264.7			torch-2.14.0+cu130
distilgpt2	torch-eager	cold	1	82	3308.1			torch-2.14.0+cu130
distilgpt2	torch-eager	cold	1	83	3257.3			torch-2.14.0+cu130
distilgpt2	torch-eager	cold	1	84	3235.8			torch-2.14.0+cu130
distilgpt2	torch-eager	cold	1	85	3297.3			torch-2.14.0+cu130
distilgpt2	torch-eager	cold	1	86	3264.0			torch-2.14.0+cu130
distilgpt2	torch-eager	cold	1	87	3237.0			torch-2.14.0+cu130
distilgpt2	torch-eager	cold	1	88	3284.5			torch-2.14.0+cu130
distilgpt2	torch-eager	cold	1	89	3264.9			torch-2.14.0+cu130
distilgpt2	torch-eager	cold	1	90	4209.0			torch-2.14.0+cu130
distilgpt2	torch-eager	cold	1	91	4267.9			torch-2.14.0+cu130
distilgpt2	torch-eager	cold	1	92	3512.4			torch-2.14.0+cu130
distilgpt2	torch-eager	cold	1	93	3268.5			torch-2.14.0+cu130
distilgpt2	torch-eager	cold	1	94	3291.1			torch-2.14.0+cu130
distilgpt2	torch-eager	cold	1	95	3262.0			torch-2.14.0+cu130
distilgpt2	torch-eager	cold	1	96	3263.0			torch-2.14.0+cu130
distilgpt2	torch-eager	cold	1	97	3340.0			torch-2.14.0+cu130
distilgpt2	torch-eager	cold	1	98	3223.2			torch-2.14.0+cu130
distilgpt2	torch-eager	cold	1	99	3340.2			torch-2.14.0+cu130
distilgpt2	torch-eager	cold	1	100	3336.9			torch-2.14.0+cu130
distilgpt2	torch-eager	cold	1	101	3347.9			torch-2.14.0+cu130
distilgpt2	torch-eager	cold	1	102	3316.9			torch-2.14.0+cu130
distilgpt2	torch-eager	cold	1	103	3330.0			torch-2.14.0+cu130
distilgpt2	torch-eager	cold	1	104	3303.5			torch-2.14.0+cu130
distilgpt2	torch-eager	cold	1	105	3294.9			torch-2.14.0+cu130
distilgpt2	torch-eager	cold	1	106	3302.3			torch-2.14.0+cu130
distilgpt2	torch-eager	cold	1	107	3310.0			torch-2.14.0+cu130
distilgpt2	torch-eager	cold	1	108	3425.8			torch-2.14.0+cu130
distilgpt2	torch-eager	cold	1	109	3434.4			torch-2.14.0+cu130
distilgpt2	torch-eager	cold	1	110	3597.3			torch-2.14.0+cu130
distilgpt2	torch-eager	cold	1	111	3267.0			torch-2.14.0+cu130
distilgpt2	torch-eager	cold	1	112	3317.6			torch-2.14.0+cu130
distilgpt2	torch-eager	cold	1	113	3274.7			torch-2.14.0+cu130
distilgpt2	torch-eager	cold	1	114	3319.5			torch-2.14.0+cu130
distilgpt2	torch-eager	cold	1	115	3306.6			torch-2.14.0+cu130
distilgpt2	torch-eager	cold	1	116	3389.8			torch-2.14.0+cu130
distilgpt2	torch-eager	cold	1	117	3312.8			torch-2.14.0+cu130
distilgpt2	torch-eager	cold	1	118	3316.6			torch-2.14.0+cu130
distilgpt2	torch-eager	cold	1	119	3489.5			torch-2.14.0+cu130
distilgpt2	torch-eager	cold	1	120	3333.8			torch-2.14.0+cu130
distilgpt2	torch-eager	cold	1	121	3302.3			torch-2.14.0+cu130
distilgpt2	torch-eager	cold	1	122	3290.4			torch-2.14.0+cu130
distilgpt2	torch-eager	cold	1	123	3257.3			torch-2.14.0+cu130
distilgpt2	torch-eager	cold	1	124	3265.1			torch-2.14.0+cu130
distilgpt2	torch-eager	cold	1	125	3305.7			torch-2.14.0+cu130
distilgpt2	torch-eager	cold	1	126	3291.6			torch-2.14.0+cu130
distilgpt2	torch-eager	cold	1	127	3341.4			torch-2.14.0+cu130
distilgpt2	torch-eager	cold	1	128	3278.5			torch-2.14.0+cu130
distilgpt2	torch-eager	cold	1	129	3357.4			torch-2.14.0+cu130
distilgpt2	torch-eager	cold	1	130	3339.8			torch-2.14.0+cu130
distilgpt2	torch-eager	cold	1	131	3328.3			torch-2.14.0+cu130
distilgpt2	torch-eager	cold	1	132	3277.5			torch-2.14.0+cu130
distilgpt2	torch-eager	cold	1	133	3249.6			torch-2.14.0+cu130
distilgpt2	torch-eager	cold	1	134	3266.3			torch-2.14.0+cu130
distilgpt2	torch-eager	cold	1	135	3274.9			torch-2.14.0+cu130
distilgpt2	torch-eager	cold	1	136	3261.1			torch-2.14.0+cu130
distilgpt2	torch-eager	cold	1	137	3226.0			torch-2.14.0+cu130
distilgpt2	torch-eager	cold	1	138	3246.1			torch-2.14.0+cu130
distilgpt2	torch-eager	cold	1	139	3303.8			torch-2.14.0+cu130
distilgpt2	torch-eager	cold	1	140	3323.1			torch-2.14.0+cu130
distilgpt2	torch-eager	cold	1	141	3262.8			torch-2.14.0+cu130
distilgpt2	torch-eager	cold	1	142	3270.6			torch-2.14.0+cu130
distilgpt2	torch-eager	cold	1	143	3282.1			torch-2.14.0+cu130
distilgpt2	torch-eager	cold	1	144	3231.8			torch-2.14.0+cu130
distilgpt2	torch-eager	cold	1	145	3225.1			torch-2.14.0+cu130
distilgpt2	torch-eager	cold	1	146	3282.3			torch-2.14.0+cu130
distilgpt2	torch-eager	cold	1	147	3260.9			torch-2.14.0+cu130
distilgpt2	torch-eager	cold	1	148	3244.4			torch-2.14.0+cu130
distilgpt2	torch-eager	cold	1	149	3351.2			torch-2.14.0+cu130
distilgpt2	torch-eager	cold	1	150	3300.4			torch-2.14.0+cu130
distilgpt2	torch-eager	cold	1	151	3281.6			torch-2.14.0+cu130
distilgpt2	torch-eager	cold	1	152	3329.5			torch-2.14.0+cu130
distilgpt2	torch-eager	cold	1	153	3290.9			torch-2.14.0+cu130
distilgpt2	torch-eager	cold	1	154	3261.3			torch-2.14.0+cu130
distilgpt2	torch-eager	cold	1	155	3291.1			torch-2.14.0+cu130
distilgpt2	torch-eager	cold	1	156	3273.0			torch-2.14.0+cu130
distilgpt2	torch-eager	cold	1	157	3398.2			torch-2.14.0+cu130
distilgpt2	torch-eager	cold	1	158	3297.8			torch-2.14.0+cu130
distilgpt2	torch-eager	cold	1	159	3300.0			torch-2.14.0+cu130
distilgpt2	torch-eager	cold	1	160	3300.2			torch-2.14.0+cu130
distilgpt2	torch-eager	cold	1	161	3267.8			torch-2.14.0+cu130
distilgpt2	torch-eager	cold	1	162	3287.3			torch-2.14.0+cu130
distilgpt2	torch-eager	cold	1	163	3245.1			torch-2.14.0+cu130
distilgpt2	torch-eager	cold	1	164	3252.3			torch-2.14.0+cu130
distilgpt2	torch-eager	cold	1	165	3306.4			torch-2.14.0+cu130
distilgpt2	torch-eager	cold	1	166	3301.1			torch-2.14.0+cu130
distilgpt2	torch-eager	cold	1	167	3311.4			torch-2.14.0+cu130
distilgpt2	torch-eager	cold	1	168	3277.5			torch-2.14.0+cu130
distilgpt2	torch-eager	cold	1	169	3246.8			torch-2.14.0+cu130
distilgpt2	torch-eager	cold	1	170	3257.8			torch-2.14.0+cu130
distilgpt2	torch-eager	cold	1	171	3286.4			torch-2.14.0+cu130
distilgpt2	torch-eager	cold	1	172	3248.5			torch-2.14.0+cu130
distilgpt2	torch-eager	cold	1	173	3264.4			torch-2.14.0+cu130
distilgpt2	torch-eager	cold	1	174	3320.5			torch-2.14.0+cu130
distilgpt2	torch-eager	cold	1	175	3254.4			torch-2.14.0+cu130
distilgpt2	torch-eager	cold	1	176	3261.1			torch-2.14.0+cu130
distilgpt2	torch-eager	cold	1	177	3348.4			torch-2.14.0+cu130
distilgpt2	torch-eager	cold	1	178	3261.1			torch-2.14.0+cu130
distilgpt2	torch-eager	cold	1	179	3275.2			torch-2.14.0+cu130
distilgpt2	torch-eager	cold	1	180	3322.6			torch-2.14.0+cu130
distilgpt2	torch-eager	cold	1	181	3269.9			torch-2.14.0+cu130
distilgpt2	torch-eager	cold	1	182	3260.4			torch-2.14.0+cu130
distilgpt2	torch-eager	cold	1	183	3498.3			torch-2.14.0+cu130
distilgpt2	torch-eager	cold	1	184	3365.3			torch-2.14.0+cu130
distilgpt2	torch-eager	cold	1	185	3320.5			torch-2.14.0+cu130
distilgpt2	torch-eager	cold	1	186	3357.9			torch-2.14.0+cu130
distilgpt2	torch-eager	cold	1	187	3384.8			torch-2.14.0+cu130
distilgpt2	torch-eager	cold	1	188	3305.9			torch-2.14.0+cu130
distilgpt2	torch-eager	cold	1	189	3286.4			torch-2.14.0+cu130
distilgpt2	torch-eager	cold	1	190	3321.6			torch-2.14.0+cu130
distilgpt2	torch-eager	cold	1	191	3305.4			torch-2.14.0+cu130
distilgpt2	torch-eager	cold	1	192	3310.2			torch-2.14.0+cu130
distilgpt2	torch-eager	cold	1	193	3268.2			torch-2.14.0+cu130
distilgpt2	torch-eager	cold	1	194	3311.2			torch-2.14.0+cu130
distilgpt2	torch-eager	cold	1	195	3295.2			torch-2.14.0+cu130
distilgpt2	torch-eager	cold	1	196	3319.0			torch-2.14.0+cu130
distilgpt2	torch-eager	cold	1	197	3293.8			torch-2.14.0+cu130
distilgpt2	torch-eager	cold	1	198	3366.0			torch-2.14.0+cu130
distilgpt2	torch-eager	cold	1	199	3325.9			torch-2.14.0+cu130
distilgpt2	torch-eager	cold	1	200	3304.0			torch-2.14.0+cu130
distilgpt2	torch-eager	cold	1	201	3328.8			torch-2.14.0+cu130
distilgpt2	torch-eager	cold	1	202	3345.5			torch-2.14.0+cu130
distilgpt2	torch-eager	cold	1	203	3292.6			torch-2.14.0+cu130
distilgpt2	torch-eager	cold	1	204	3249.6			torch-2.14.0+cu130
distilgpt2	torch-eager	cold	1	205	3353.1			torch-2.14.0+cu130
distilgpt2	torch-eager	cold	1	206	3344.3			torch-2.14.0+cu130
distilgpt2	torch-eager	cold	1	207	3346.0			torch-2.14.0+cu130
distilgpt2	torch-eager	cold	1	208	3335.0			torch-2.14.0+cu130
distilgpt2	torch-eager	cold	1	209	3300.7			torch-2.14.0+cu130
distilgpt2	torch-eager	cold	1	210	3361.2			torch-2.14.0+cu130
distilgpt2	torch-eager	cold	1	211	3277.5			torch-2.14.0+cu130
distilgpt2	torch-eager	cold	1	212	3271.8			torch-2.14.0+cu130
distilgpt2	torch-eager	cold	1	213	3254.7			torch-2.14.0+cu130
distilgpt2	torch-eager	cold	1	214	3310.9			torch-2.14.0+cu130
distilgpt2	torch-eager	cold	1	215	3287.8			torch-2.14.0+cu130
distilgpt2	torch-eager	cold	1	216	3238.7			torch-2.14.0+cu130
distilgpt2	torch-eager	cold	1	217	3352.9			torch-2.14.0+cu130
distilgpt2	torch-eager	cold	1	218	3320.0			torch-2.14.0+cu130
distilgpt2	torch-eager	cold	1	219	3289.7			torch-2.14.0+cu130
distilgpt2	torch-eager	cold	1	220	3314.0			torch-2.14.0+cu130
distilgpt2	torch-eager	cold	1	221	3273.5			torch-2.14.0+cu130
distilgpt2	torch-eager	cold	1	222	3269.9			torch-2.14.0+cu130
distilgpt2	torch-eager	cold	1	223	3319.3			torch-2.14.0+cu130
distilgpt2	torch-eager	cold	1	224	3258.7			torch-2.14.0+cu130
distilgpt2	torch-eager	cold	1	225	3248.2			torch-2.14.0+cu130
distilgpt2	torch-eager	cold	1	226	3238.4			torch-2.14.0+cu130
distilgpt2	torch-eager	cold	1	227	3272.5			torch-2.14.0+cu130
distilgpt2	torch-eager	cold	1	228	3283.7			torch-2.14.0+cu130
distilgpt2	torch-eager	cold	1	229	3250.1			torch-2.14.0+cu130
distilgpt2	torch-eager	cold	1	230	3294.9			torch-2.14.0+cu130
distilgpt2	torch-eager	cold	1	231	3277.3			torch-2.14.0+cu130
distilgpt2	torch-eager	cold	1	232	3250.8			torch-2.14.0+cu130
distilgpt2	torch-eager	cold	1	233	3286.1			torch-2.14.0+cu130
distilgpt2	torch-eager	cold	1	234	3257.8			torch-2.14.0+cu130
distilgpt2	torch-eager	cold	1	235	3234.6			torch-2.14.0+cu130
distilgpt2	torch-eager	cold	1	236	3331.7			torch-2.14.0+cu130
distilgpt2	torch-eager	cold	1	237	3271.1			torch-2.14.0+cu130
distilgpt2	torch-eager	cold	1	238	3276.1			torch-2.14.0+cu130
distilgpt2	torch-eager	cold	1	239	3306.9			torch-2.14.0+cu130
distilgpt2	torch-eager	cold	1	240	3325.9			torch-2.14.0+cu130
distilgpt2	torch-eager	cold	1	241	3288.3			torch-2.14.0+cu130
distilgpt2	torch-eager	cold	1	242	3330.2			torch-2.14.0+cu130
distilgpt2	torch-eager	cold	1	243	3284.5			torch-2.14.0+cu130
distilgpt2	torch-eager	cold	1	244	3265.6			torch-2.14.0+cu130
distilgpt2	torch-eager	cold	1	245	3264.2			torch-2.14.0+cu130
distilgpt2	torch-eager	cold	1	246	3238.0			torch-2.14.0+cu130
distilgpt2	torch-eager	cold	1	247	3245.1			torch-2.14.0+cu130
distilgpt2	torch-eager	cold	1	248	3325.9			torch-2.14.0+cu130
distilgpt2	torch-eager	cold	1	249	3254.4			torch-2.14.0+cu130
distilgpt2	torch-eager	cold	1	250	3230.1			torch-2.14.0+cu130
distilgpt2	torch-eager	cold	1	251	3281.4			torch-2.14.0+cu130
distilgpt2	torch-eager	cold	1	252	3369.8			torch-2.14.0+cu130
distilgpt2	torch-eager	cold	1	253	3250.1			torch-2.14.0+cu130
distilgpt2	torch-eager	cold	1	254	3266.1			torch-2.14.0+cu130
distilgpt2	torch-eager	cold	1	255	3271.6			torch-2.14.0+cu130
distilgpt2	torch-eager	cold	1	256	3277.5			torch-2.14.0+cu130
distilgpt2	torch-eager	cold	1	257	3254.9			torch-2.14.0+cu130
distilgpt2	torch-eager	cold	1	258	3354.5			torch-2.14.0+cu130
distilgpt2	torch-eager	cold	1	259	3245.6			torch-2.14.0+cu130
distilgpt2	torch-eager	cold	1	260	3292.3			torch-2.14.0+cu130
distilgpt2	torch-eager	cold	1	261	3323.6			torch-2.14.0+cu130
distilgpt2	torch-eager	cold	1	262	3264.7			torch-2.14.0+cu130
distilgpt2	torch-eager	cold	1	263	3285.6			torch-2.14.0+cu130
distilgpt2	torch-eager	cold	1	264	3325.7			torch-2.14.0+cu130
distilgpt2	torch-eager	cold	1	265	3301.4			torch-2.14.0+cu130
distilgpt2	torch-eager	cold	1	266	3340.5			torch-2.14.0+cu130
distilgpt2	torch-eager	cold	1	267	3261.3			torch-2.14.0+cu130
distilgpt2	torch-eager	cold	1	268	3293.3			torch-2.14.0+cu130
distilgpt2	torch-eager	cold	1	269	3256.1			torch-2.14.0+cu130
distilgpt2	torch-eager	cold	1	270	3271.3			torch-2.14.0+cu130
distilgpt2	torch-eager	cold	1	271	3380.1			torch-2.14.0+cu130
distilgpt2	torch-eager	cold	1	272	3276.6			torch-2.14.0+cu130
distilgpt2	torch-eager	cold	1	273	3354.5			torch-2.14.0+cu130
distilgpt2	torch-eager	cold	1	274	3356.0			torch-2.14.0+cu130
distilgpt2	torch-eager	cold	1	275	3289.0			torch-2.14.0+cu130
distilgpt2	torch-eager	cold	1	276	3315.0			torch-2.14.0+cu130
distilgpt2	torch-eager	cold	1	277	3304.2			torch-2.14.0+cu130
distilgpt2	torch-eager	cold	1	278	3298.0			torch-2.14.0+cu130
distilgpt2	torch-eager	cold	1	279	3328.1			torch-2.14.0+cu130
distilgpt2	torch-eager	cold	1	280	3272.8			torch-2.14.0+cu130
distilgpt2	torch-eager	cold	1	281	3373.9			torch-2.14.0+cu130
distilgpt2	torch-eager	cold	1	282	3282.3			torch-2.14.0+cu130
distilgpt2	torch-eager	cold	1	283	3312.6			torch-2.14.0+cu130
distilgpt2	torch-eager	cold	1	284	3320.2			torch-2.14.0+cu130
distilgpt2	torch-eager	cold	1	285	3298.0			torch-2.14.0+cu130
distilgpt2	torch-eager	cold	1	286	3323.8			torch-2.14.0+cu130
distilgpt2	torch-eager	cold	1	287	3336.7			torch-2.14.0+cu130
distilgpt2	torch-eager	cold	1	288	3351.9			torch-2.14.0+cu130
distilgpt2	torch-eager	cold	1	289	3306.4			torch-2.14.0+cu130
distilgpt2	torch-eager	cold	1	290	3325.2			torch-2.14.0+cu130
distilgpt2	torch-eager	cold	1	291	3350.3			torch-2.14.0+cu130
distilgpt2	torch-eager	cold	1	292	3285.9			torch-2.14.0+cu130
distilgpt2	torch-eager	cold	1	293	3268.0			torch-2.14.0+cu130
distilgpt2	torch-eager	cold	1	294	3289.2			torch-2.14.0+cu130
distilgpt2	torch-eager	cold	1	295	3305.7			torch-2.14.0+cu130
distilgpt2	torch-eager	cold	1	296	3295.2			torch-2.14.0+cu130
distilgpt2	torch-eager	cold	1	297	3340.2			torch-2.14.0+cu130
distilgpt2	torch-eager	cold	1	298	3344.3			torch-2.14.0+cu130
distilgpt2	torch-eager	cold	1	299	3335.7			torch-2.14.0+cu130
distilgpt2	ours	cold	1	0	4512404.0	7	254	ddc8008cdeaf
distilgpt2	ours	cold	1	1	13578.2	0	93	ddc8008cdeaf
distilgpt2	ours	cold	1	2	1372.1	0	57	ddc8008cdeaf
distilgpt2	ours	cold	1	3	546410.1	1	87	ddc8008cdeaf
distilgpt2	ours	cold	1	4	7543.1	0	77	ddc8008cdeaf
distilgpt2	ours	cold	1	5	4887.1	1	39	ddc8008cdeaf
distilgpt2	ours	cold	1	6	3508.1	0	39	ddc8008cdeaf
distilgpt2	ours	cold	1	7	3126.9	0	39	ddc8008cdeaf
distilgpt2	ours	cold	1	8	1287.9	0	39	ddc8008cdeaf
distilgpt2	ours	cold	1	9	3308.1	0	39	ddc8008cdeaf
distilgpt2	ours	cold	1	10	1319.9	0	39	ddc8008cdeaf
distilgpt2	ours	cold	1	11	1277.9	0	39	ddc8008cdeaf
distilgpt2	ours	cold	1	12	3794.0	0	39	ddc8008cdeaf
distilgpt2	ours	cold	1	13	1331.1	0	39	ddc8008cdeaf
distilgpt2	ours	cold	1	14	1297.0	0	39	ddc8008cdeaf
distilgpt2	ours	cold	1	15	1288.2	0	39	ddc8008cdeaf
distilgpt2	ours	cold	1	16	4144.9	0	39	ddc8008cdeaf
distilgpt2	ours	cold	1	17	1299.1	0	39	ddc8008cdeaf
distilgpt2	ours	cold	1	18	1287.9	0	39	ddc8008cdeaf
distilgpt2	ours	cold	1	19	1288.9	0	39	ddc8008cdeaf
distilgpt2	ours	cold	1	20	1279.1	0	39	ddc8008cdeaf
distilgpt2	ours	cold	1	21	4450.1	0	39	ddc8008cdeaf
distilgpt2	ours	cold	1	22	1320.1	0	39	ddc8008cdeaf
distilgpt2	ours	cold	1	23	1281.0	0	39	ddc8008cdeaf
distilgpt2	ours	cold	1	24	1333.0	0	39	ddc8008cdeaf
distilgpt2	ours	cold	1	25	1284.1	0	39	ddc8008cdeaf
distilgpt2	ours	cold	1	26	1292.0	0	39	ddc8008cdeaf
distilgpt2	ours	cold	1	27	4550.0	0	39	ddc8008cdeaf
distilgpt2	ours	cold	1	28	1330.1	0	39	ddc8008cdeaf
distilgpt2	ours	cold	1	29	1304.1	0	39	ddc8008cdeaf
distilgpt2	ours	cold	1	30	1287.9	0	39	ddc8008cdeaf
distilgpt2	ours	cold	1	31	1267.9	0	39	ddc8008cdeaf
distilgpt2	ours	cold	1	32	1315.1	0	39	ddc8008cdeaf
distilgpt2	ours	cold	1	33	1341.1	0	39	ddc8008cdeaf
distilgpt2	ours	cold	1	34	4661.1	0	39	ddc8008cdeaf
distilgpt2	ours	cold	1	35	1369.0	0	39	ddc8008cdeaf
distilgpt2	ours	cold	1	36	1351.1	0	39	ddc8008cdeaf
distilgpt2	ours	cold	1	37	1300.1	0	39	ddc8008cdeaf
distilgpt2	ours	cold	1	38	1314.2	0	39	ddc8008cdeaf
distilgpt2	ours	cold	1	39	1310.1	0	39	ddc8008cdeaf
distilgpt2	ours	cold	1	40	1300.1	0	39	ddc8008cdeaf
distilgpt2	ours	cold	1	41	1294.9	0	39	ddc8008cdeaf
distilgpt2	ours	cold	1	42	4740.0	0	39	ddc8008cdeaf
distilgpt2	ours	cold	1	43	1323.0	0	39	ddc8008cdeaf
distilgpt2	ours	cold	1	44	1289.1	0	39	ddc8008cdeaf
distilgpt2	ours	cold	1	45	1276.0	0	39	ddc8008cdeaf
distilgpt2	ours	cold	1	46	1337.1	0	39	ddc8008cdeaf
distilgpt2	ours	cold	1	47	1273.9	0	39	ddc8008cdeaf
distilgpt2	ours	cold	1	48	1283.9	0	39	ddc8008cdeaf
distilgpt2	ours	cold	1	49	1334.9	0	39	ddc8008cdeaf
distilgpt2	ours	cold	1	50	1280.1	0	39	ddc8008cdeaf
distilgpt2	ours	cold	1	51	4464.1	0	39	ddc8008cdeaf
distilgpt2	ours	cold	1	52	1292.9	0	39	ddc8008cdeaf
distilgpt2	ours	cold	1	53	1285.1	0	39	ddc8008cdeaf
distilgpt2	ours	cold	1	54	1336.1	0	39	ddc8008cdeaf
distilgpt2	ours	cold	1	55	1303.0	0	39	ddc8008cdeaf
distilgpt2	ours	cold	1	56	1334.9	0	39	ddc8008cdeaf
distilgpt2	ours	cold	1	57	1328.0	0	39	ddc8008cdeaf
distilgpt2	ours	cold	1	58	1286.0	0	39	ddc8008cdeaf
distilgpt2	ours	cold	1	59	1297.0	0	39	ddc8008cdeaf
distilgpt2	ours	cold	1	60	1309.2	0	39	ddc8008cdeaf
distilgpt2	ours	cold	1	61	4535.0	0	39	ddc8008cdeaf
distilgpt2	ours	cold	1	62	1341.1	0	39	ddc8008cdeaf
distilgpt2	ours	cold	1	63	1281.0	0	39	ddc8008cdeaf
distilgpt2	ours	cold	1	64	1282.0	0	39	ddc8008cdeaf
distilgpt2	ours	cold	1	65	1270.1	0	39	ddc8008cdeaf
distilgpt2	ours	cold	1	66	1282.2	0	39	ddc8008cdeaf
distilgpt2	ours	cold	1	67	1298.9	0	39	ddc8008cdeaf
distilgpt2	ours	cold	1	68	1287.0	0	39	ddc8008cdeaf
distilgpt2	ours	cold	1	69	1308.9	0	39	ddc8008cdeaf
distilgpt2	ours	cold	1	70	1265.0	0	39	ddc8008cdeaf
distilgpt2	ours	cold	1	71	1294.1	0	39	ddc8008cdeaf
distilgpt2	ours	cold	1	72	4514.9	0	39	ddc8008cdeaf
distilgpt2	ours	cold	1	73	1293.2	0	39	ddc8008cdeaf
distilgpt2	ours	cold	1	74	1282.9	0	39	ddc8008cdeaf
distilgpt2	ours	cold	1	75	1320.8	0	39	ddc8008cdeaf
distilgpt2	ours	cold	1	76	1272.9	0	39	ddc8008cdeaf
distilgpt2	ours	cold	1	77	1327.0	0	39	ddc8008cdeaf
distilgpt2	ours	cold	1	78	1276.0	0	39	ddc8008cdeaf
distilgpt2	ours	cold	1	79	1298.9	0	39	ddc8008cdeaf
distilgpt2	ours	cold	1	80	1280.1	0	39	ddc8008cdeaf
distilgpt2	ours	cold	1	81	1272.9	0	39	ddc8008cdeaf
distilgpt2	ours	cold	1	82	1286.0	0	39	ddc8008cdeaf
distilgpt2	ours	cold	1	83	1301.1	0	39	ddc8008cdeaf
distilgpt2	ours	cold	1	84	4401.9	0	39	ddc8008cdeaf
distilgpt2	ours	cold	1	85	1292.0	0	39	ddc8008cdeaf
distilgpt2	ours	cold	1	86	1275.1	0	39	ddc8008cdeaf
distilgpt2	ours	cold	1	87	1287.9	0	39	ddc8008cdeaf
distilgpt2	ours	cold	1	88	1339.9	0	39	ddc8008cdeaf
distilgpt2	ours	cold	1	89	1307.0	0	39	ddc8008cdeaf
distilgpt2	ours	cold	1	90	1294.9	0	39	ddc8008cdeaf
distilgpt2	ours	cold	1	91	1277.0	0	39	ddc8008cdeaf
distilgpt2	ours	cold	1	92	1295.8	0	39	ddc8008cdeaf
distilgpt2	ours	cold	1	93	1293.9	0	39	ddc8008cdeaf
distilgpt2	ours	cold	1	94	1278.2	0	39	ddc8008cdeaf
distilgpt2	ours	cold	1	95	1272.0	0	39	ddc8008cdeaf
distilgpt2	ours	cold	1	96	1275.1	0	39	ddc8008cdeaf
distilgpt2	ours	cold	1	97	4768.1	0	39	ddc8008cdeaf
distilgpt2	ours	cold	1	98	1344.0	0	39	ddc8008cdeaf
distilgpt2	ours	cold	1	99	1282.9	0	39	ddc8008cdeaf
distilgpt2	ours	cold	1	100	1289.1	0	39	ddc8008cdeaf
distilgpt2	ours	cold	1	101	1286.0	0	39	ddc8008cdeaf
distilgpt2	ours	cold	1	102	1314.2	0	39	ddc8008cdeaf
distilgpt2	ours	cold	1	103	1298.0	0	39	ddc8008cdeaf
distilgpt2	ours	cold	1	104	1278.2	0	39	ddc8008cdeaf
distilgpt2	ours	cold	1	105	1344.0	0	39	ddc8008cdeaf
distilgpt2	ours	cold	1	106	1348.0	0	39	ddc8008cdeaf
distilgpt2	ours	cold	1	107	1285.1	0	39	ddc8008cdeaf
distilgpt2	ours	cold	1	108	1277.0	0	39	ddc8008cdeaf
distilgpt2	ours	cold	1	109	1287.0	0	39	ddc8008cdeaf
distilgpt2	ours	cold	1	110	1261.9	0	39	ddc8008cdeaf
distilgpt2	ours	cold	1	111	4516.1	0	39	ddc8008cdeaf
distilgpt2	ours	cold	1	112	1329.2	0	39	ddc8008cdeaf
distilgpt2	ours	cold	1	113	1280.1	0	39	ddc8008cdeaf
distilgpt2	ours	cold	1	114	1282.0	0	39	ddc8008cdeaf
distilgpt2	ours	cold	1	115	1281.0	0	39	ddc8008cdeaf
distilgpt2	ours	cold	1	116	1318.0	0	39	ddc8008cdeaf
distilgpt2	ours	cold	1	117	1282.0	0	39	ddc8008cdeaf
distilgpt2	ours	cold	1	118	1287.0	0	39	ddc8008cdeaf
distilgpt2	ours	cold	1	119	1285.1	0	39	ddc8008cdeaf
distilgpt2	ours	cold	1	120	1306.1	0	39	ddc8008cdeaf
distilgpt2	ours	cold	1	121	1280.1	0	39	ddc8008cdeaf
distilgpt2	ours	cold	1	122	1344.9	0	39	ddc8008cdeaf
distilgpt2	ours	cold	1	123	1272.0	0	39	ddc8008cdeaf
distilgpt2	ours	cold	1	124	1297.0	0	39	ddc8008cdeaf
distilgpt2	ours	cold	1	125	1298.9	0	39	ddc8008cdeaf
distilgpt2	ours	cold	1	126	4769.1	0	39	ddc8008cdeaf
distilgpt2	ours	cold	1	127	1328.9	0	39	ddc8008cdeaf
distilgpt2	ours	cold	1	128	1274.1	0	39	ddc8008cdeaf
distilgpt2	ours	cold	1	129	1353.0	0	39	ddc8008cdeaf
distilgpt2	ours	cold	1	130	1349.2	0	39	ddc8008cdeaf
distilgpt2	ours	cold	1	131	1305.8	0	39	ddc8008cdeaf
distilgpt2	ours	cold	1	132	1292.9	0	39	ddc8008cdeaf
distilgpt2	ours	cold	1	133	1281.0	0	39	ddc8008cdeaf
distilgpt2	ours	cold	1	134	1275.1	0	39	ddc8008cdeaf
distilgpt2	ours	cold	1	135	1267.0	0	39	ddc8008cdeaf
distilgpt2	ours	cold	1	136	1298.0	0	39	ddc8008cdeaf
distilgpt2	ours	cold	1	137	1289.1	0	39	ddc8008cdeaf
distilgpt2	ours	cold	1	138	1306.1	0	39	ddc8008cdeaf
distilgpt2	ours	cold	1	139	1292.0	0	39	ddc8008cdeaf
distilgpt2	ours	cold	1	140	1282.0	0	39	ddc8008cdeaf
distilgpt2	ours	cold	1	141	1298.0	0	39	ddc8008cdeaf
distilgpt2	ours	cold	1	142	1271.0	0	39	ddc8008cdeaf
distilgpt2	ours	cold	1	143	1299.1	0	39	ddc8008cdeaf
distilgpt2	ours	cold	1	144	1307.0	0	39	ddc8008cdeaf
distilgpt2	ours	cold	1	145	1300.1	0	39	ddc8008cdeaf
distilgpt2	ours	cold	1	146	1278.9	0	39	ddc8008cdeaf
distilgpt2	ours	cold	1	147	1289.8	0	39	ddc8008cdeaf
distilgpt2	ours	cold	1	148	4822.0	0	39	ddc8008cdeaf
distilgpt2	ours	cold	1	149	1305.1	0	39	ddc8008cdeaf
distilgpt2	ours	cold	1	150	1339.0	0	39	ddc8008cdeaf
distilgpt2	ours	cold	1	151	1287.0	0	39	ddc8008cdeaf
distilgpt2	ours	cold	1	152	1280.1	0	39	ddc8008cdeaf
distilgpt2	ours	cold	1	153	1298.0	0	39	ddc8008cdeaf
distilgpt2	ours	cold	1	154	1284.1	0	39	ddc8008cdeaf
distilgpt2	ours	cold	1	155	1272.0	0	39	ddc8008cdeaf
distilgpt2	ours	cold	1	156	1292.0	0	39	ddc8008cdeaf
distilgpt2	ours	cold	1	157	1340.9	0	39	ddc8008cdeaf
distilgpt2	ours	cold	1	158	1273.9	0	39	ddc8008cdeaf
distilgpt2	ours	cold	1	159	1321.1	0	39	ddc8008cdeaf
distilgpt2	ours	cold	1	160	1283.2	0	39	ddc8008cdeaf
distilgpt2	ours	cold	1	161	1277.9	0	39	ddc8008cdeaf
distilgpt2	ours	cold	1	162	1283.2	0	39	ddc8008cdeaf
distilgpt2	ours	cold	1	163	1271.0	0	39	ddc8008cdeaf
distilgpt2	ours	cold	1	164	1302.0	0	39	ddc8008cdeaf
distilgpt2	ours	cold	1	165	1277.9	0	39	ddc8008cdeaf
distilgpt2	ours	cold	1	166	4774.8	0	39	ddc8008cdeaf
distilgpt2	ours	cold	1	167	1332.0	0	39	ddc8008cdeaf
distilgpt2	ours	cold	1	168	1296.0	0	39	ddc8008cdeaf
distilgpt2	ours	cold	1	169	1311.8	0	39	ddc8008cdeaf
distilgpt2	ours	cold	1	170	1287.9	0	39	ddc8008cdeaf
distilgpt2	ours	cold	1	171	1325.1	0	39	ddc8008cdeaf
distilgpt2	ours	cold	1	172	1273.9	0	39	ddc8008cdeaf
distilgpt2	ours	cold	1	173	1281.0	0	39	ddc8008cdeaf
distilgpt2	ours	cold	1	174	1283.9	0	39	ddc8008cdeaf
distilgpt2	ours	cold	1	175	1329.9	0	39	ddc8008cdeaf
distilgpt2	ours	cold	1	176	1292.2	0	39	ddc8008cdeaf
distilgpt2	ours	cold	1	177	1278.9	0	39	ddc8008cdeaf
distilgpt2	ours	cold	1	178	1281.0	0	39	ddc8008cdeaf
distilgpt2	ours	cold	1	179	1291.0	0	39	ddc8008cdeaf
distilgpt2	ours	cold	1	180	1274.1	0	39	ddc8008cdeaf
distilgpt2	ours	cold	1	181	1293.9	0	39	ddc8008cdeaf
distilgpt2	ours	cold	1	182	1282.0	0	39	ddc8008cdeaf
distilgpt2	ours	cold	1	183	1271.0	0	39	ddc8008cdeaf
distilgpt2	ours	cold	1	184	1272.9	0	39	ddc8008cdeaf
distilgpt2	ours	cold	1	185	1287.9	0	39	ddc8008cdeaf
distilgpt2	ours	cold	1	186	1329.2	0	39	ddc8008cdeaf
distilgpt2	ours	cold	1	187	1307.0	0	39	ddc8008cdeaf
distilgpt2	ours	cold	1	188	1277.9	0	39	ddc8008cdeaf
distilgpt2	ours	cold	1	189	1240.0	0	39	ddc8008cdeaf
distilgpt2	ours	cold	1	190	1253.8	0	39	ddc8008cdeaf
distilgpt2	ours	cold	1	191	1246.9	0	39	ddc8008cdeaf
distilgpt2	ours	cold	1	192	4735.0	0	39	ddc8008cdeaf
distilgpt2	ours	cold	1	193	1276.0	0	39	ddc8008cdeaf
distilgpt2	ours	cold	1	194	1277.9	0	39	ddc8008cdeaf
distilgpt2	ours	cold	1	195	1246.9	0	39	ddc8008cdeaf
distilgpt2	ours	cold	1	196	1292.0	0	39	ddc8008cdeaf
distilgpt2	ours	cold	1	197	1241.0	0	39	ddc8008cdeaf
distilgpt2	ours	cold	1	198	1301.1	0	39	ddc8008cdeaf
distilgpt2	ours	cold	1	199	1243.1	0	39	ddc8008cdeaf
distilgpt2	ours	cold	1	200	1240.0	0	39	ddc8008cdeaf
distilgpt2	ours	cold	1	201	1287.0	0	39	ddc8008cdeaf
distilgpt2	ours	cold	1	202	1241.0	0	39	ddc8008cdeaf
distilgpt2	ours	cold	1	203	1234.8	0	39	ddc8008cdeaf
distilgpt2	ours	cold	1	204	1299.9	0	39	ddc8008cdeaf
distilgpt2	ours	cold	1	205	1225.9	0	39	ddc8008cdeaf
distilgpt2	ours	cold	1	206	1264.1	0	39	ddc8008cdeaf
distilgpt2	ours	cold	1	207	1232.9	0	39	ddc8008cdeaf
distilgpt2	ours	cold	1	208	1236.0	0	39	ddc8008cdeaf
distilgpt2	ours	cold	1	209	1277.0	0	39	ddc8008cdeaf
distilgpt2	ours	cold	1	210	1236.9	0	39	ddc8008cdeaf
distilgpt2	ours	cold	1	211	1299.1	0	39	ddc8008cdeaf
distilgpt2	ours	cold	1	212	1230.0	0	39	ddc8008cdeaf
distilgpt2	ours	cold	1	213	1253.1	0	39	ddc8008cdeaf
distilgpt2	ours	cold	1	214	1237.9	0	39	ddc8008cdeaf
distilgpt2	ours	cold	1	215	1236.9	0	39	ddc8008cdeaf
distilgpt2	ours	cold	1	216	5044.0	0	39	ddc8008cdeaf
distilgpt2	ours	cold	1	217	1274.1	0	39	ddc8008cdeaf
distilgpt2	ours	cold	1	218	1262.9	0	39	ddc8008cdeaf
distilgpt2	ours	cold	1	219	1272.9	0	39	ddc8008cdeaf
distilgpt2	ours	cold	1	220	1239.1	0	39	ddc8008cdeaf
distilgpt2	ours	cold	1	221	1256.0	0	39	ddc8008cdeaf
distilgpt2	ours	cold	1	222	1241.9	0	39	ddc8008cdeaf
distilgpt2	ours	cold	1	223	1249.1	0	39	ddc8008cdeaf
distilgpt2	ours	cold	1	224	1260.0	0	39	ddc8008cdeaf
distilgpt2	ours	cold	1	225	1225.0	0	39	ddc8008cdeaf
distilgpt2	ours	cold	1	226	1244.1	0	39	ddc8008cdeaf
distilgpt2	ours	cold	1	227	1246.0	0	39	ddc8008cdeaf
distilgpt2	ours	cold	1	228	4354.0	0	39	ddc8008cdeaf
distilgpt2	ours	cold	1	229	1293.9	0	39	ddc8008cdeaf
distilgpt2	ours	cold	1	230	1300.1	0	39	ddc8008cdeaf
distilgpt2	ours	cold	1	231	1257.2	0	39	ddc8008cdeaf
distilgpt2	ours	cold	1	232	1250.0	0	39	ddc8008cdeaf
distilgpt2	ours	cold	1	233	1241.9	0	39	ddc8008cdeaf
distilgpt2	ours	cold	1	234	1238.1	0	39	ddc8008cdeaf
distilgpt2	ours	cold	1	235	1272.0	0	39	ddc8008cdeaf
distilgpt2	ours	cold	1	236	1244.1	0	39	ddc8008cdeaf
distilgpt2	ours	cold	1	237	1232.1	0	39	ddc8008cdeaf
distilgpt2	ours	cold	1	238	1227.9	0	39	ddc8008cdeaf
distilgpt2	ours	cold	1	239	1231.9	0	39	ddc8008cdeaf
distilgpt2	ours	cold	1	240	1298.0	0	39	ddc8008cdeaf
distilgpt2	ours	cold	1	241	1240.0	0	39	ddc8008cdeaf
distilgpt2	ours	cold	1	242	1242.9	0	39	ddc8008cdeaf
distilgpt2	ours	cold	1	243	4955.1	0	39	ddc8008cdeaf
distilgpt2	ours	cold	1	244	1308.2	0	39	ddc8008cdeaf
distilgpt2	ours	cold	1	245	1236.0	0	39	ddc8008cdeaf
distilgpt2	ours	cold	1	246	1228.1	0	39	ddc8008cdeaf
distilgpt2	ours	cold	1	247	1241.9	0	39	ddc8008cdeaf
distilgpt2	ours	cold	1	248	1228.8	0	39	ddc8008cdeaf
distilgpt2	ours	cold	1	249	1253.8	0	39	ddc8008cdeaf
distilgpt2	ours	cold	1	250	1242.9	0	39	ddc8008cdeaf
distilgpt2	ours	cold	1	251	1238.8	0	39	ddc8008cdeaf
distilgpt2	ours	cold	1	252	1289.8	0	39	ddc8008cdeaf
distilgpt2	ours	cold	1	253	1280.1	0	39	ddc8008cdeaf
distilgpt2	ours	cold	1	254	1242.2	0	39	ddc8008cdeaf
distilgpt2	ours	cold	1	255	1250.0	0	39	ddc8008cdeaf
distilgpt2	ours	cold	1	256	1218.1	0	39	ddc8008cdeaf
distilgpt2	ours	cold	1	257	1247.9	0	39	ddc8008cdeaf
distilgpt2	ours	cold	1	258	1290.1	0	39	ddc8008cdeaf
distilgpt2	ours	cold	1	259	1265.0	0	39	ddc8008cdeaf
distilgpt2	ours	cold	1	260	1231.9	0	39	ddc8008cdeaf
distilgpt2	ours	cold	1	261	1259.1	0	39	ddc8008cdeaf
distilgpt2	ours	cold	1	262	1260.0	0	39	ddc8008cdeaf
distilgpt2	ours	cold	1	263	1265.0	0	39	ddc8008cdeaf
distilgpt2	ours	cold	1	264	1255.0	0	39	ddc8008cdeaf
distilgpt2	ours	cold	1	265	1244.1	0	39	ddc8008cdeaf
distilgpt2	ours	cold	1	266	1234.1	0	39	ddc8008cdeaf
distilgpt2	ours	cold	1	267	1256.9	0	39	ddc8008cdeaf
distilgpt2	ours	cold	1	268	1237.9	0	39	ddc8008cdeaf
distilgpt2	ours	cold	1	269	1237.2	0	39	ddc8008cdeaf
distilgpt2	ours	cold	1	270	1254.1	0	39	ddc8008cdeaf
distilgpt2	ours	cold	1	271	1270.1	0	39	ddc8008cdeaf
distilgpt2	ours	cold	1	272	4581.0	0	39	ddc8008cdeaf
distilgpt2	ours	cold	1	273	1257.9	0	39	ddc8008cdeaf
distilgpt2	ours	cold	1	274	1254.8	0	39	ddc8008cdeaf
distilgpt2	ours	cold	1	275	1246.9	0	39	ddc8008cdeaf
distilgpt2	ours	cold	1	276	1278.2	0	39	ddc8008cdeaf
distilgpt2	ours	cold	1	277	1278.9	0	39	ddc8008cdeaf
distilgpt2	ours	cold	1	278	1277.9	0	39	ddc8008cdeaf
distilgpt2	ours	cold	1	279	1250.0	0	39	ddc8008cdeaf
distilgpt2	ours	cold	1	280	1260.0	0	39	ddc8008cdeaf
distilgpt2	ours	cold	1	281	1261.9	0	39	ddc8008cdeaf
distilgpt2	ours	cold	1	282	1277.0	0	39	ddc8008cdeaf
distilgpt2	ours	cold	1	283	1302.0	0	39	ddc8008cdeaf
distilgpt2	ours	cold	1	284	1251.9	0	39	ddc8008cdeaf
distilgpt2	ours	cold	1	285	1233.8	0	39	ddc8008cdeaf
distilgpt2	ours	cold	1	286	1247.9	0	39	ddc8008cdeaf
distilgpt2	ours	cold	1	287	1260.0	0	39	ddc8008cdeaf
distilgpt2	ours	cold	1	288	1242.2	0	39	ddc8008cdeaf
distilgpt2	ours	cold	1	289	1232.9	0	39	ddc8008cdeaf
distilgpt2	ours	cold	1	290	1241.0	0	39	ddc8008cdeaf
distilgpt2	ours	cold	1	291	1262.9	0	39	ddc8008cdeaf
distilgpt2	ours	cold	1	292	1263.9	0	39	ddc8008cdeaf
distilgpt2	ours	cold	1	293	1256.0	0	39	ddc8008cdeaf
distilgpt2	ours	cold	1	294	1247.9	0	39	ddc8008cdeaf
distilgpt2	ours	cold	1	295	1255.0	0	39	ddc8008cdeaf
distilgpt2	ours	cold	1	296	1232.1	0	39	ddc8008cdeaf
distilgpt2	ours	cold	1	297	1256.0	0	39	ddc8008cdeaf
distilgpt2	ours	cold	1	298	1241.9	0	39	ddc8008cdeaf
distilgpt2	ours	cold	1	299	1235.0	0	39	ddc8008cdeaf
distilgpt2	torch-compile	cold	1	0	4368512.9			torch-2.14.0+cu130
distilgpt2	torch-compile	cold	1	1	1778.6			torch-2.14.0+cu130
distilgpt2	torch-compile	cold	1	2	1700.2			torch-2.14.0+cu130
distilgpt2	torch-compile	cold	1	3	1565.9			torch-2.14.0+cu130
distilgpt2	torch-compile	cold	1	4	1602.9			torch-2.14.0+cu130
distilgpt2	torch-compile	cold	1	5	1535.9			torch-2.14.0+cu130
distilgpt2	torch-compile	cold	1	6	1500.8			torch-2.14.0+cu130
distilgpt2	torch-compile	cold	1	7	1523.0			torch-2.14.0+cu130
distilgpt2	torch-compile	cold	1	8	1528.0			torch-2.14.0+cu130
distilgpt2	torch-compile	cold	1	9	1467.9			torch-2.14.0+cu130
distilgpt2	torch-compile	cold	1	10	1449.6			torch-2.14.0+cu130
distilgpt2	torch-compile	cold	1	11	1464.8			torch-2.14.0+cu130
distilgpt2	torch-compile	cold	1	12	1505.1			torch-2.14.0+cu130
distilgpt2	torch-compile	cold	1	13	1462.5			torch-2.14.0+cu130
distilgpt2	torch-compile	cold	1	14	1488.7			torch-2.14.0+cu130
distilgpt2	torch-compile	cold	1	15	1466.3			torch-2.14.0+cu130
distilgpt2	torch-compile	cold	1	16	1445.3			torch-2.14.0+cu130
distilgpt2	torch-compile	cold	1	17	1454.4			torch-2.14.0+cu130
distilgpt2	torch-compile	cold	1	18	1454.6			torch-2.14.0+cu130
distilgpt2	torch-compile	cold	1	19	1445.1			torch-2.14.0+cu130
distilgpt2	torch-compile	cold	1	20	1448.4			torch-2.14.0+cu130
distilgpt2	torch-compile	cold	1	21	1462.2			torch-2.14.0+cu130
distilgpt2	torch-compile	cold	1	22	1458.9			torch-2.14.0+cu130
distilgpt2	torch-compile	cold	1	23	1472.0			torch-2.14.0+cu130
distilgpt2	torch-compile	cold	1	24	1430.5			torch-2.14.0+cu130
distilgpt2	torch-compile	cold	1	25	1430.5			torch-2.14.0+cu130
distilgpt2	torch-compile	cold	1	26	1433.4			torch-2.14.0+cu130
distilgpt2	torch-compile	cold	1	27	1438.1			torch-2.14.0+cu130
distilgpt2	torch-compile	cold	1	28	1479.1			torch-2.14.0+cu130
distilgpt2	torch-compile	cold	1	29	1498.5			torch-2.14.0+cu130
distilgpt2	torch-compile	cold	1	30	1443.1			torch-2.14.0+cu130
distilgpt2	torch-compile	cold	1	31	1428.1			torch-2.14.0+cu130
distilgpt2	torch-compile	cold	1	32	1442.9			torch-2.14.0+cu130
distilgpt2	torch-compile	cold	1	33	1451.3			torch-2.14.0+cu130
distilgpt2	torch-compile	cold	1	34	1459.8			torch-2.14.0+cu130
distilgpt2	torch-compile	cold	1	35	1445.3			torch-2.14.0+cu130
distilgpt2	torch-compile	cold	1	36	1514.9			torch-2.14.0+cu130
distilgpt2	torch-compile	cold	1	37	1437.2			torch-2.14.0+cu130
distilgpt2	torch-compile	cold	1	38	1448.4			torch-2.14.0+cu130
distilgpt2	torch-compile	cold	1	39	1441.5			torch-2.14.0+cu130
distilgpt2	torch-compile	cold	1	40	1426.5			torch-2.14.0+cu130
distilgpt2	torch-compile	cold	1	41	1449.6			torch-2.14.0+cu130
distilgpt2	torch-compile	cold	1	42	1457.9			torch-2.14.0+cu130
distilgpt2	torch-compile	cold	1	43	1466.5			torch-2.14.0+cu130
distilgpt2	torch-compile	cold	1	44	1456.7			torch-2.14.0+cu130
distilgpt2	torch-compile	cold	1	45	1456.5			torch-2.14.0+cu130
distilgpt2	torch-compile	cold	1	46	1447.2			torch-2.14.0+cu130
distilgpt2	torch-compile	cold	1	47	1457.2			torch-2.14.0+cu130
distilgpt2	torch-compile	cold	1	48	1453.4			torch-2.14.0+cu130
distilgpt2	torch-compile	cold	1	49	1455.5			torch-2.14.0+cu130
distilgpt2	torch-compile	cold	1	50	1447.9			torch-2.14.0+cu130
distilgpt2	torch-compile	cold	1	51	1466.5			torch-2.14.0+cu130
distilgpt2	torch-compile	cold	1	52	1455.1			torch-2.14.0+cu130
distilgpt2	torch-compile	cold	1	53	1491.1			torch-2.14.0+cu130
distilgpt2	torch-compile	cold	1	54	1414.8			torch-2.14.0+cu130
distilgpt2	torch-compile	cold	1	55	1436.9			torch-2.14.0+cu130
distilgpt2	torch-compile	cold	1	56	1444.6			torch-2.14.0+cu130
distilgpt2	torch-compile	cold	1	57	1454.8			torch-2.14.0+cu130
distilgpt2	torch-compile	cold	1	58	1450.3			torch-2.14.0+cu130
distilgpt2	torch-compile	cold	1	59	1427.7			torch-2.14.0+cu130
distilgpt2	torch-compile	cold	1	60	1433.6			torch-2.14.0+cu130
distilgpt2	torch-compile	cold	1	61	1404.0			torch-2.14.0+cu130
distilgpt2	torch-compile	cold	1	62	1414.8			torch-2.14.0+cu130
distilgpt2	torch-compile	cold	1	63	1428.8			torch-2.14.0+cu130
distilgpt2	torch-compile	cold	1	64	1401.9			torch-2.14.0+cu130
distilgpt2	torch-compile	cold	1	65	1425.0			torch-2.14.0+cu130
distilgpt2	torch-compile	cold	1	66	1455.3			torch-2.14.0+cu130
distilgpt2	torch-compile	cold	1	67	1427.9			torch-2.14.0+cu130
distilgpt2	torch-compile	cold	1	68	1423.6			torch-2.14.0+cu130
distilgpt2	torch-compile	cold	1	69	1402.9			torch-2.14.0+cu130
distilgpt2	torch-compile	cold	1	70	1399.0			torch-2.14.0+cu130
distilgpt2	torch-compile	cold	1	71	1396.9			torch-2.14.0+cu130
distilgpt2	torch-compile	cold	1	72	1409.1			torch-2.14.0+cu130
distilgpt2	torch-compile	cold	1	73	1410.0			torch-2.14.0+cu130
distilgpt2	torch-compile	cold	1	74	1406.0			torch-2.14.0+cu130
distilgpt2	torch-compile	cold	1	75	1411.0			torch-2.14.0+cu130
distilgpt2	torch-compile	cold	1	76	1388.5			torch-2.14.0+cu130
distilgpt2	torch-compile	cold	1	77	1424.3			torch-2.14.0+cu130
distilgpt2	torch-compile	cold	1	78	1390.5			torch-2.14.0+cu130
distilgpt2	torch-compile	cold	1	79	1392.8			torch-2.14.0+cu130
distilgpt2	torch-compile	cold	1	80	1413.3			torch-2.14.0+cu130
distilgpt2	torch-compile	cold	1	81	1433.6			torch-2.14.0+cu130
distilgpt2	torch-compile	cold	1	82	1423.6			torch-2.14.0+cu130
distilgpt2	torch-compile	cold	1	83	1421.9			torch-2.14.0+cu130
distilgpt2	torch-compile	cold	1	84	1413.1			torch-2.14.0+cu130
distilgpt2	torch-compile	cold	1	85	1421.0			torch-2.14.0+cu130
distilgpt2	torch-compile	cold	1	86	1405.2			torch-2.14.0+cu130
distilgpt2	torch-compile	cold	1	87	1402.1			torch-2.14.0+cu130
distilgpt2	torch-compile	cold	1	88	1417.6			torch-2.14.0+cu130
distilgpt2	torch-compile	cold	1	89	1417.2			torch-2.14.0+cu130
distilgpt2	torch-compile	cold	1	90	1399.0			torch-2.14.0+cu130
distilgpt2	torch-compile	cold	1	91	1416.0			torch-2.14.0+cu130
distilgpt2	torch-compile	cold	1	92	1415.7			torch-2.14.0+cu130
distilgpt2	torch-compile	cold	1	93	1393.8			torch-2.14.0+cu130
distilgpt2	torch-compile	cold	1	94	1414.5			torch-2.14.0+cu130
distilgpt2	torch-compile	cold	1	95	1396.4			torch-2.14.0+cu130
distilgpt2	torch-compile	cold	1	96	1401.7			torch-2.14.0+cu130
distilgpt2	torch-compile	cold	1	97	1408.1			torch-2.14.0+cu130
distilgpt2	torch-compile	cold	1	98	1402.1			torch-2.14.0+cu130
distilgpt2	torch-compile	cold	1	99	1446.2			torch-2.14.0+cu130
distilgpt2	torch-compile	cold	1	100	1427.4			torch-2.14.0+cu130
distilgpt2	torch-compile	cold	1	101	1457.9			torch-2.14.0+cu130
distilgpt2	torch-compile	cold	1	102	1458.2			torch-2.14.0+cu130
distilgpt2	torch-compile	cold	1	103	1385.5			torch-2.14.0+cu130
distilgpt2	torch-compile	cold	1	104	1412.2			torch-2.14.0+cu130
distilgpt2	torch-compile	cold	1	105	1414.8			torch-2.14.0+cu130
distilgpt2	torch-compile	cold	1	106	1406.0			torch-2.14.0+cu130
distilgpt2	torch-compile	cold	1	107	1418.1			torch-2.14.0+cu130
distilgpt2	torch-compile	cold	1	108	1464.8			torch-2.14.0+cu130
distilgpt2	torch-compile	cold	1	109	1412.2			torch-2.14.0+cu130
distilgpt2	torch-compile	cold	1	110	1383.8			torch-2.14.0+cu130
distilgpt2	torch-compile	cold	1	111	1408.3			torch-2.14.0+cu130
distilgpt2	torch-compile	cold	1	112	1429.6			torch-2.14.0+cu130
distilgpt2	torch-compile	cold	1	113	1462.7			torch-2.14.0+cu130
distilgpt2	torch-compile	cold	1	114	1425.5			torch-2.14.0+cu130
distilgpt2	torch-compile	cold	1	115	1420.3			torch-2.14.0+cu130
distilgpt2	torch-compile	cold	1	116	1409.3			torch-2.14.0+cu130
distilgpt2	torch-compile	cold	1	117	1403.6			torch-2.14.0+cu130
distilgpt2	torch-compile	cold	1	118	1408.3			torch-2.14.0+cu130
distilgpt2	torch-compile	cold	1	119	1433.4			torch-2.14.0+cu130
distilgpt2	torch-compile	cold	1	120	1424.6			torch-2.14.0+cu130
distilgpt2	torch-compile	cold	1	121	1442.7			torch-2.14.0+cu130
distilgpt2	torch-compile	cold	1	122	1437.9			torch-2.14.0+cu130
distilgpt2	torch-compile	cold	1	123	1415.7			torch-2.14.0+cu130
distilgpt2	torch-compile	cold	1	124	1390.9			torch-2.14.0+cu130
distilgpt2	torch-compile	cold	1	125	1454.8			torch-2.14.0+cu130
distilgpt2	torch-compile	cold	1	126	1434.6			torch-2.14.0+cu130
distilgpt2	torch-compile	cold	1	127	1447.9			torch-2.14.0+cu130
distilgpt2	torch-compile	cold	1	128	1474.1			torch-2.14.0+cu130
distilgpt2	torch-compile	cold	1	129	1425.3			torch-2.14.0+cu130
distilgpt2	torch-compile	cold	1	130	1409.5			torch-2.14.0+cu130
distilgpt2	torch-compile	cold	1	131	1438.6			torch-2.14.0+cu130
distilgpt2	torch-compile	cold	1	132	1406.2			torch-2.14.0+cu130
distilgpt2	torch-compile	cold	1	133	1454.8			torch-2.14.0+cu130
distilgpt2	torch-compile	cold	1	134	1458.6			torch-2.14.0+cu130
distilgpt2	torch-compile	cold	1	135	1401.7			torch-2.14.0+cu130
distilgpt2	torch-compile	cold	1	136	1409.5			torch-2.14.0+cu130
distilgpt2	torch-compile	cold	1	137	1397.1			torch-2.14.0+cu130
distilgpt2	torch-compile	cold	1	138	1410.2			torch-2.14.0+cu130
distilgpt2	torch-compile	cold	1	139	1420.0			torch-2.14.0+cu130
distilgpt2	torch-compile	cold	1	140	1437.2			torch-2.14.0+cu130
distilgpt2	torch-compile	cold	1	141	1433.6			torch-2.14.0+cu130
distilgpt2	torch-compile	cold	1	142	1388.1			torch-2.14.0+cu130
distilgpt2	torch-compile	cold	1	143	1388.8			torch-2.14.0+cu130
distilgpt2	torch-compile	cold	1	144	1398.6			torch-2.14.0+cu130
distilgpt2	torch-compile	cold	1	145	1430.3			torch-2.14.0+cu130
distilgpt2	torch-compile	cold	1	146	1420.0			torch-2.14.0+cu130
distilgpt2	torch-compile	cold	1	147	1441.2			torch-2.14.0+cu130
distilgpt2	torch-compile	cold	1	148	1436.9			torch-2.14.0+cu130
distilgpt2	torch-compile	cold	1	149	1401.9			torch-2.14.0+cu130
distilgpt2	torch-compile	cold	1	150	1412.6			torch-2.14.0+cu130
distilgpt2	torch-compile	cold	1	151	1421.7			torch-2.14.0+cu130
distilgpt2	torch-compile	cold	1	152	1406.0			torch-2.14.0+cu130
distilgpt2	torch-compile	cold	1	153	1405.2			torch-2.14.0+cu130
distilgpt2	torch-compile	cold	1	154	1417.2			torch-2.14.0+cu130
distilgpt2	torch-compile	cold	1	155	1404.0			torch-2.14.0+cu130
distilgpt2	torch-compile	cold	1	156	1409.5			torch-2.14.0+cu130
distilgpt2	torch-compile	cold	1	157	1395.9			torch-2.14.0+cu130
distilgpt2	torch-compile	cold	1	158	1414.1			torch-2.14.0+cu130
distilgpt2	torch-compile	cold	1	159	1418.1			torch-2.14.0+cu130
distilgpt2	torch-compile	cold	1	160	1419.3			torch-2.14.0+cu130
distilgpt2	torch-compile	cold	1	161	1431.9			torch-2.14.0+cu130
distilgpt2	torch-compile	cold	1	162	1437.7			torch-2.14.0+cu130
distilgpt2	torch-compile	cold	1	163	1418.4			torch-2.14.0+cu130
distilgpt2	torch-compile	cold	1	164	1414.1			torch-2.14.0+cu130
distilgpt2	torch-compile	cold	1	165	1465.3			torch-2.14.0+cu130
distilgpt2	torch-compile	cold	1	166	1421.5			torch-2.14.0+cu130
distilgpt2	torch-compile	cold	1	167	1399.8			torch-2.14.0+cu130
distilgpt2	torch-compile	cold	1	168	1412.2			torch-2.14.0+cu130
distilgpt2	torch-compile	cold	1	169	1408.6			torch-2.14.0+cu130
distilgpt2	torch-compile	cold	1	170	1394.5			torch-2.14.0+cu130
distilgpt2	torch-compile	cold	1	171	1397.6			torch-2.14.0+cu130
distilgpt2	torch-compile	cold	1	172	1415.3			torch-2.14.0+cu130
distilgpt2	torch-compile	cold	1	173	1414.8			torch-2.14.0+cu130
distilgpt2	torch-compile	cold	1	174	1410.7			torch-2.14.0+cu130
distilgpt2	torch-compile	cold	1	175	1415.3			torch-2.14.0+cu130
distilgpt2	torch-compile	cold	1	176	1413.1			torch-2.14.0+cu130
distilgpt2	torch-compile	cold	1	177	1437.4			torch-2.14.0+cu130
distilgpt2	torch-compile	cold	1	178	1404.0			torch-2.14.0+cu130
distilgpt2	torch-compile	cold	1	179	1412.6			torch-2.14.0+cu130
distilgpt2	torch-compile	cold	1	180	1392.1			torch-2.14.0+cu130
distilgpt2	torch-compile	cold	1	181	1392.8			torch-2.14.0+cu130
distilgpt2	torch-compile	cold	1	182	1468.7			torch-2.14.0+cu130
distilgpt2	torch-compile	cold	1	183	1401.7			torch-2.14.0+cu130
distilgpt2	torch-compile	cold	1	184	1470.6			torch-2.14.0+cu130
distilgpt2	torch-compile	cold	1	185	1395.7			torch-2.14.0+cu130
distilgpt2	torch-compile	cold	1	186	1419.3			torch-2.14.0+cu130
distilgpt2	torch-compile	cold	1	187	1396.9			torch-2.14.0+cu130
distilgpt2	torch-compile	cold	1	188	1433.8			torch-2.14.0+cu130
distilgpt2	torch-compile	cold	1	189	1400.0			torch-2.14.0+cu130
distilgpt2	torch-compile	cold	1	190	1409.3			torch-2.14.0+cu130
distilgpt2	torch-compile	cold	1	191	1435.3			torch-2.14.0+cu130
distilgpt2	torch-compile	cold	1	192	1408.1			torch-2.14.0+cu130
distilgpt2	torch-compile	cold	1	193	1413.6			torch-2.14.0+cu130
distilgpt2	torch-compile	cold	1	194	1411.4			torch-2.14.0+cu130
distilgpt2	torch-compile	cold	1	195	1406.0			torch-2.14.0+cu130
distilgpt2	torch-compile	cold	1	196	1401.4			torch-2.14.0+cu130
distilgpt2	torch-compile	cold	1	197	1419.3			torch-2.14.0+cu130
distilgpt2	torch-compile	cold	1	198	1420.5			torch-2.14.0+cu130
distilgpt2	torch-compile	cold	1	199	1413.1			torch-2.14.0+cu130
distilgpt2	torch-compile	cold	1	200	1394.3			torch-2.14.0+cu130
distilgpt2	torch-compile	cold	1	201	1466.8			torch-2.14.0+cu130
distilgpt2	torch-compile	cold	1	202	1455.5			torch-2.14.0+cu130
distilgpt2	torch-compile	cold	1	203	1392.6			torch-2.14.0+cu130
distilgpt2	torch-compile	cold	1	204	1410.2			torch-2.14.0+cu130
distilgpt2	torch-compile	cold	1	205	1443.9			torch-2.14.0+cu130
distilgpt2	torch-compile	cold	1	206	1431.2			torch-2.14.0+cu130
distilgpt2	torch-compile	cold	1	207	1439.3			torch-2.14.0+cu130
distilgpt2	torch-compile	cold	1	208	1416.0			torch-2.14.0+cu130
distilgpt2	torch-compile	cold	1	209	1411.7			torch-2.14.0+cu130
distilgpt2	torch-compile	cold	1	210	1420.5			torch-2.14.0+cu130
distilgpt2	torch-compile	cold	1	211	1433.8			torch-2.14.0+cu130
distilgpt2	torch-compile	cold	1	212	1427.9			torch-2.14.0+cu130
distilgpt2	torch-compile	cold	1	213	1418.6			torch-2.14.0+cu130
distilgpt2	torch-compile	cold	1	214	1407.6			torch-2.14.0+cu130
distilgpt2	torch-compile	cold	1	215	1405.7			torch-2.14.0+cu130
distilgpt2	torch-compile	cold	1	216	1424.3			torch-2.14.0+cu130
distilgpt2	torch-compile	cold	1	217	1404.0			torch-2.14.0+cu130
distilgpt2	torch-compile	cold	1	218	1406.9			torch-2.14.0+cu130
distilgpt2	torch-compile	cold	1	219	1409.3			torch-2.14.0+cu130
distilgpt2	torch-compile	cold	1	220	1395.7			torch-2.14.0+cu130
distilgpt2	torch-compile	cold	1	221	1420.3			torch-2.14.0+cu130
distilgpt2	torch-compile	cold	1	222	1416.7			torch-2.14.0+cu130
distilgpt2	torch-compile	cold	1	223	1419.8			torch-2.14.0+cu130
distilgpt2	torch-compile	cold	1	224	1416.2			torch-2.14.0+cu130
distilgpt2	torch-compile	cold	1	225	1449.1			torch-2.14.0+cu130
distilgpt2	torch-compile	cold	1	226	1475.1			torch-2.14.0+cu130
distilgpt2	torch-compile	cold	1	227	1389.0			torch-2.14.0+cu130
distilgpt2	torch-compile	cold	1	228	1419.5			torch-2.14.0+cu130
distilgpt2	torch-compile	cold	1	229	1423.1			torch-2.14.0+cu130
distilgpt2	torch-compile	cold	1	230	1402.1			torch-2.14.0+cu130
distilgpt2	torch-compile	cold	1	231	1406.2			torch-2.14.0+cu130
distilgpt2	torch-compile	cold	1	232	1404.5			torch-2.14.0+cu130
distilgpt2	torch-compile	cold	1	233	1401.4			torch-2.14.0+cu130
distilgpt2	torch-compile	cold	1	234	1427.9			torch-2.14.0+cu130
distilgpt2	torch-compile	cold	1	235	1394.0			torch-2.14.0+cu130
distilgpt2	torch-compile	cold	1	236	1425.5			torch-2.14.0+cu130
distilgpt2	torch-compile	cold	1	237	1405.5			torch-2.14.0+cu130
distilgpt2	torch-compile	cold	1	238	1421.2			torch-2.14.0+cu130
distilgpt2	torch-compile	cold	1	239	1471.3			torch-2.14.0+cu130
distilgpt2	torch-compile	cold	1	240	1410.2			torch-2.14.0+cu130
distilgpt2	torch-compile	cold	1	241	1433.8			torch-2.14.0+cu130
distilgpt2	torch-compile	cold	1	242	1461.7			torch-2.14.0+cu130
distilgpt2	torch-compile	cold	1	243	1454.1			torch-2.14.0+cu130
distilgpt2	torch-compile	cold	1	244	1436.7			torch-2.14.0+cu130
distilgpt2	torch-compile	cold	1	245	1416.0			torch-2.14.0+cu130
distilgpt2	torch-compile	cold	1	246	1422.6			torch-2.14.0+cu130
distilgpt2	torch-compile	cold	1	247	1404.3			torch-2.14.0+cu130
distilgpt2	torch-compile	cold	1	248	1426.7			torch-2.14.0+cu130
distilgpt2	torch-compile	cold	1	249	1405.0			torch-2.14.0+cu130
distilgpt2	torch-compile	cold	1	250	1404.3			torch-2.14.0+cu130
distilgpt2	torch-compile	cold	1	251	1441.7			torch-2.14.0+cu130
distilgpt2	torch-compile	cold	1	252	1431.9			torch-2.14.0+cu130
distilgpt2	torch-compile	cold	1	253	1433.1			torch-2.14.0+cu130
distilgpt2	torch-compile	cold	1	254	1435.3			torch-2.14.0+cu130
distilgpt2	torch-compile	cold	1	255	1475.8			torch-2.14.0+cu130
distilgpt2	torch-compile	cold	1	256	1401.7			torch-2.14.0+cu130
distilgpt2	torch-compile	cold	1	257	1436.7			torch-2.14.0+cu130
distilgpt2	torch-compile	cold	1	258	1412.2			torch-2.14.0+cu130
distilgpt2	torch-compile	cold	1	259	1457.2			torch-2.14.0+cu130
distilgpt2	torch-compile	cold	1	260	1396.9			torch-2.14.0+cu130
distilgpt2	torch-compile	cold	1	261	1396.9			torch-2.14.0+cu130
distilgpt2	torch-compile	cold	1	262	1466.0			torch-2.14.0+cu130
distilgpt2	torch-compile	cold	1	263	1401.2			torch-2.14.0+cu130
distilgpt2	torch-compile	cold	1	264	1431.2			torch-2.14.0+cu130
distilgpt2	torch-compile	cold	1	265	1391.9			torch-2.14.0+cu130
distilgpt2	torch-compile	cold	1	266	1392.1			torch-2.14.0+cu130
distilgpt2	torch-compile	cold	1	267	1400.7			torch-2.14.0+cu130
distilgpt2	torch-compile	cold	1	268	1395.9			torch-2.14.0+cu130
distilgpt2	torch-compile	cold	1	269	1465.6			torch-2.14.0+cu130
distilgpt2	torch-compile	cold	1	270	1401.4			torch-2.14.0+cu130
distilgpt2	torch-compile	cold	1	271	1393.6			torch-2.14.0+cu130
distilgpt2	torch-compile	cold	1	272	1387.4			torch-2.14.0+cu130
distilgpt2	torch-compile	cold	1	273	1406.7			torch-2.14.0+cu130
distilgpt2	torch-compile	cold	1	274	1420.3			torch-2.14.0+cu130
distilgpt2	torch-compile	cold	1	275	1446.2			torch-2.14.0+cu130
distilgpt2	torch-compile	cold	1	276	1460.1			torch-2.14.0+cu130
distilgpt2	torch-compile	cold	1	277	1435.5			torch-2.14.0+cu130
distilgpt2	torch-compile	cold	1	278	1414.3			torch-2.14.0+cu130
distilgpt2	torch-compile	cold	1	279	1417.4			torch-2.14.0+cu130
distilgpt2	torch-compile	cold	1	280	1400.2			torch-2.14.0+cu130
distilgpt2	torch-compile	cold	1	281	1438.9			torch-2.14.0+cu130
distilgpt2	torch-compile	cold	1	282	1451.5			torch-2.14.0+cu130
distilgpt2	torch-compile	cold	1	283	1428.8			torch-2.14.0+cu130
distilgpt2	torch-compile	cold	1	284	1401.9			torch-2.14.0+cu130
distilgpt2	torch-compile	cold	1	285	1407.4			torch-2.14.0+cu130
distilgpt2	torch-compile	cold	1	286	1398.6			torch-2.14.0+cu130
distilgpt2	torch-compile	cold	1	287	1402.4			torch-2.14.0+cu130
distilgpt2	torch-compile	cold	1	288	1407.4			torch-2.14.0+cu130
distilgpt2	torch-compile	cold	1	289	1405.2			torch-2.14.0+cu130
distilgpt2	torch-compile	cold	1	290	1496.6			torch-2.14.0+cu130
distilgpt2	torch-compile	cold	1	291	1449.3			torch-2.14.0+cu130
distilgpt2	torch-compile	cold	1	292	1432.4			torch-2.14.0+cu130
distilgpt2	torch-compile	cold	1	293	1430.5			torch-2.14.0+cu130
distilgpt2	torch-compile	cold	1	294	1395.9			torch-2.14.0+cu130
distilgpt2	torch-compile	cold	1	295	1421.7			torch-2.14.0+cu130
distilgpt2	torch-compile	cold	1	296	1396.2			torch-2.14.0+cu130
distilgpt2	torch-compile	cold	1	297	1419.3			torch-2.14.0+cu130
distilgpt2	torch-compile	cold	1	298	1414.1			torch-2.14.0+cu130
distilgpt2	torch-compile	cold	1	299	1421.7			torch-2.14.0+cu130
distilgpt2	torch-compile-ro	cold	1	0	3349019.5			torch-2.14.0+cu130
distilgpt2	torch-compile-ro	cold	1	1	31091.0			torch-2.14.0+cu130
distilgpt2	torch-compile-ro	cold	1	2	1740.0			torch-2.14.0+cu130
distilgpt2	torch-compile-ro	cold	1	3	1494.9			torch-2.14.0+cu130
distilgpt2	torch-compile-ro	cold	1	4	1425.5			torch-2.14.0+cu130
distilgpt2	torch-compile-ro	cold	1	5	1373.5			torch-2.14.0+cu130
distilgpt2	torch-compile-ro	cold	1	6	1369.5			torch-2.14.0+cu130
distilgpt2	torch-compile-ro	cold	1	7	1363.8			torch-2.14.0+cu130
distilgpt2	torch-compile-ro	cold	1	8	1374.7			torch-2.14.0+cu130
distilgpt2	torch-compile-ro	cold	1	9	1414.3			torch-2.14.0+cu130
distilgpt2	torch-compile-ro	cold	1	10	1405.2			torch-2.14.0+cu130
distilgpt2	torch-compile-ro	cold	1	11	1343.0			torch-2.14.0+cu130
distilgpt2	torch-compile-ro	cold	1	12	1407.1			torch-2.14.0+cu130
distilgpt2	torch-compile-ro	cold	1	13	1349.7			torch-2.14.0+cu130
distilgpt2	torch-compile-ro	cold	1	14	1361.6			torch-2.14.0+cu130
distilgpt2	torch-compile-ro	cold	1	15	1385.9			torch-2.14.0+cu130
distilgpt2	torch-compile-ro	cold	1	16	1346.1			torch-2.14.0+cu130
distilgpt2	torch-compile-ro	cold	1	17	1363.0			torch-2.14.0+cu130
distilgpt2	torch-compile-ro	cold	1	18	1341.3			torch-2.14.0+cu130
distilgpt2	torch-compile-ro	cold	1	19	1331.3			torch-2.14.0+cu130
distilgpt2	torch-compile-ro	cold	1	20	1347.3			torch-2.14.0+cu130
distilgpt2	torch-compile-ro	cold	1	21	1345.2			torch-2.14.0+cu130
distilgpt2	torch-compile-ro	cold	1	22	1340.4			torch-2.14.0+cu130
distilgpt2	torch-compile-ro	cold	1	23	1366.4			torch-2.14.0+cu130
distilgpt2	torch-compile-ro	cold	1	24	1366.6			torch-2.14.0+cu130
distilgpt2	torch-compile-ro	cold	1	25	1336.6			torch-2.14.0+cu130
distilgpt2	torch-compile-ro	cold	1	26	1335.1			torch-2.14.0+cu130
distilgpt2	torch-compile-ro	cold	1	27	1372.8			torch-2.14.0+cu130
distilgpt2	torch-compile-ro	cold	1	28	1368.0			torch-2.14.0+cu130
distilgpt2	torch-compile-ro	cold	1	29	1342.1			torch-2.14.0+cu130
distilgpt2	torch-compile-ro	cold	1	30	1354.2			torch-2.14.0+cu130
distilgpt2	torch-compile-ro	cold	1	31	1348.5			torch-2.14.0+cu130
distilgpt2	torch-compile-ro	cold	1	32	1352.1			torch-2.14.0+cu130
distilgpt2	torch-compile-ro	cold	1	33	1336.3			torch-2.14.0+cu130
distilgpt2	torch-compile-ro	cold	1	34	1336.1			torch-2.14.0+cu130
distilgpt2	torch-compile-ro	cold	1	35	1349.9			torch-2.14.0+cu130
distilgpt2	torch-compile-ro	cold	1	36	1354.9			torch-2.14.0+cu130
distilgpt2	torch-compile-ro	cold	1	37	1397.4			torch-2.14.0+cu130
distilgpt2	torch-compile-ro	cold	1	38	1337.1			torch-2.14.0+cu130
distilgpt2	torch-compile-ro	cold	1	39	1326.6			torch-2.14.0+cu130
distilgpt2	torch-compile-ro	cold	1	40	1339.7			torch-2.14.0+cu130
distilgpt2	torch-compile-ro	cold	1	41	1339.7			torch-2.14.0+cu130
distilgpt2	torch-compile-ro	cold	1	42	1375.0			torch-2.14.0+cu130
distilgpt2	torch-compile-ro	cold	1	43	1337.1			torch-2.14.0+cu130
distilgpt2	torch-compile-ro	cold	1	44	1321.8			torch-2.14.0+cu130
distilgpt2	torch-compile-ro	cold	1	45	1333.7			torch-2.14.0+cu130
distilgpt2	torch-compile-ro	cold	1	46	1346.3			torch-2.14.0+cu130
distilgpt2	torch-compile-ro	cold	1	47	1331.8			torch-2.14.0+cu130
distilgpt2	torch-compile-ro	cold	1	48	1356.1			torch-2.14.0+cu130
distilgpt2	torch-compile-ro	cold	1	49	1324.4			torch-2.14.0+cu130
distilgpt2	torch-compile-ro	cold	1	50	1361.8			torch-2.14.0+cu130
distilgpt2	torch-compile-ro	cold	1	51	1323.2			torch-2.14.0+cu130
distilgpt2	torch-compile-ro	cold	1	52	1334.7			torch-2.14.0+cu130
distilgpt2	torch-compile-ro	cold	1	53	1369.5			torch-2.14.0+cu130
distilgpt2	torch-compile-ro	cold	1	54	1342.3			torch-2.14.0+cu130
distilgpt2	torch-compile-ro	cold	1	55	1345.2			torch-2.14.0+cu130
distilgpt2	torch-compile-ro	cold	1	56	1335.4			torch-2.14.0+cu130
distilgpt2	torch-compile-ro	cold	1	57	1357.3			torch-2.14.0+cu130
distilgpt2	torch-compile-ro	cold	1	58	1361.6			torch-2.14.0+cu130
distilgpt2	torch-compile-ro	cold	1	59	1357.8			torch-2.14.0+cu130
distilgpt2	torch-compile-ro	cold	1	60	1357.1			torch-2.14.0+cu130
distilgpt2	torch-compile-ro	cold	1	61	1352.3			torch-2.14.0+cu130
distilgpt2	torch-compile-ro	cold	1	62	1342.8			torch-2.14.0+cu130
distilgpt2	torch-compile-ro	cold	1	63	1331.6			torch-2.14.0+cu130
distilgpt2	torch-compile-ro	cold	1	64	1327.0			torch-2.14.0+cu130
distilgpt2	torch-compile-ro	cold	1	65	1336.3			torch-2.14.0+cu130
distilgpt2	torch-compile-ro	cold	1	66	1325.8			torch-2.14.0+cu130
distilgpt2	torch-compile-ro	cold	1	67	1319.4			torch-2.14.0+cu130
distilgpt2	torch-compile-ro	cold	1	68	1331.3			torch-2.14.0+cu130
distilgpt2	torch-compile-ro	cold	1	69	1333.0			torch-2.14.0+cu130
distilgpt2	torch-compile-ro	cold	1	70	1328.0			torch-2.14.0+cu130
distilgpt2	torch-compile-ro	cold	1	71	1330.4			torch-2.14.0+cu130
distilgpt2	torch-compile-ro	cold	1	72	1332.8			torch-2.14.0+cu130
distilgpt2	torch-compile-ro	cold	1	73	1359.5			torch-2.14.0+cu130
distilgpt2	torch-compile-ro	cold	1	74	1329.9			torch-2.14.0+cu130
distilgpt2	torch-compile-ro	cold	1	75	1374.2			torch-2.14.0+cu130
distilgpt2	torch-compile-ro	cold	1	76	1321.8			torch-2.14.0+cu130
distilgpt2	torch-compile-ro	cold	1	77	1275.5			torch-2.14.0+cu130
distilgpt2	torch-compile-ro	cold	1	78	1300.1			torch-2.14.0+cu130
distilgpt2	torch-compile-ro	cold	1	79	1293.2			torch-2.14.0+cu130
distilgpt2	torch-compile-ro	cold	1	80	1284.6			torch-2.14.0+cu130
distilgpt2	torch-compile-ro	cold	1	81	1295.1			torch-2.14.0+cu130
distilgpt2	torch-compile-ro	cold	1	82	1352.1			torch-2.14.0+cu130
distilgpt2	torch-compile-ro	cold	1	83	1301.8			torch-2.14.0+cu130
distilgpt2	torch-compile-ro	cold	1	84	1295.1			torch-2.14.0+cu130
distilgpt2	torch-compile-ro	cold	1	85	1300.6			torch-2.14.0+cu130
distilgpt2	torch-compile-ro	cold	1	86	1303.4			torch-2.14.0+cu130
distilgpt2	torch-compile-ro	cold	1	87	1282.5			torch-2.14.0+cu130
distilgpt2	torch-compile-ro	cold	1	88	1305.1			torch-2.14.0+cu130
distilgpt2	torch-compile-ro	cold	1	89	1289.6			torch-2.14.0+cu130
distilgpt2	torch-compile-ro	cold	1	90	1350.4			torch-2.14.0+cu130
distilgpt2	torch-compile-ro	cold	1	91	1293.4			torch-2.14.0+cu130
distilgpt2	torch-compile-ro	cold	1	92	1304.6			torch-2.14.0+cu130
distilgpt2	torch-compile-ro	cold	1	93	1287.5			torch-2.14.0+cu130
distilgpt2	torch-compile-ro	cold	1	94	1351.8			torch-2.14.0+cu130
distilgpt2	torch-compile-ro	cold	1	95	1319.6			torch-2.14.0+cu130
distilgpt2	torch-compile-ro	cold	1	96	1276.3			torch-2.14.0+cu130
distilgpt2	torch-compile-ro	cold	1	97	1317.5			torch-2.14.0+cu130
distilgpt2	torch-compile-ro	cold	1	98	1319.2			torch-2.14.0+cu130
distilgpt2	torch-compile-ro	cold	1	99	1309.9			torch-2.14.0+cu130
distilgpt2	torch-compile-ro	cold	1	100	1292.7			torch-2.14.0+cu130
distilgpt2	torch-compile-ro	cold	1	101	1344.4			torch-2.14.0+cu130
distilgpt2	torch-compile-ro	cold	1	102	1295.8			torch-2.14.0+cu130
distilgpt2	torch-compile-ro	cold	1	103	1292.5			torch-2.14.0+cu130
distilgpt2	torch-compile-ro	cold	1	104	1326.3			torch-2.14.0+cu130
distilgpt2	torch-compile-ro	cold	1	105	1289.8			torch-2.14.0+cu130
distilgpt2	torch-compile-ro	cold	1	106	1288.7			torch-2.14.0+cu130
distilgpt2	torch-compile-ro	cold	1	107	1293.4			torch-2.14.0+cu130
distilgpt2	torch-compile-ro	cold	1	108	1301.5			torch-2.14.0+cu130
distilgpt2	torch-compile-ro	cold	1	109	1299.1			torch-2.14.0+cu130
distilgpt2	torch-compile-ro	cold	1	110	1302.5			torch-2.14.0+cu130
distilgpt2	torch-compile-ro	cold	1	111	1295.1			torch-2.14.0+cu130
distilgpt2	torch-compile-ro	cold	1	112	1298.4			torch-2.14.0+cu130
distilgpt2	torch-compile-ro	cold	1	113	1301.8			torch-2.14.0+cu130
distilgpt2	torch-compile-ro	cold	1	114	1297.2			torch-2.14.0+cu130
distilgpt2	torch-compile-ro	cold	1	115	1315.8			torch-2.14.0+cu130
distilgpt2	torch-compile-ro	cold	1	116	1297.5			torch-2.14.0+cu130
distilgpt2	torch-compile-ro	cold	1	117	1312.7			torch-2.14.0+cu130
distilgpt2	torch-compile-ro	cold	1	118	1302.5			torch-2.14.0+cu130
distilgpt2	torch-compile-ro	cold	1	119	1296.5			torch-2.14.0+cu130
distilgpt2	torch-compile-ro	cold	1	120	1316.1			torch-2.14.0+cu130
distilgpt2	torch-compile-ro	cold	1	121	1317.3			torch-2.14.0+cu130
distilgpt2	torch-compile-ro	cold	1	122	1324.4			torch-2.14.0+cu130
distilgpt2	torch-compile-ro	cold	1	123	1298.2			torch-2.14.0+cu130
distilgpt2	torch-compile-ro	cold	1	124	1302.5			torch-2.14.0+cu130
distilgpt2	torch-compile-ro	cold	1	125	1283.2			torch-2.14.0+cu130
distilgpt2	torch-compile-ro	cold	1	126	1295.1			torch-2.14.0+cu130
distilgpt2	torch-compile-ro	cold	1	127	1298.4			torch-2.14.0+cu130
distilgpt2	torch-compile-ro	cold	1	128	1308.7			torch-2.14.0+cu130
distilgpt2	torch-compile-ro	cold	1	129	1289.1			torch-2.14.0+cu130
distilgpt2	torch-compile-ro	cold	1	130	1276.0			torch-2.14.0+cu130
distilgpt2	torch-compile-ro	cold	1	131	1293.4			torch-2.14.0+cu130
distilgpt2	torch-compile-ro	cold	1	132	1291.5			torch-2.14.0+cu130
distilgpt2	torch-compile-ro	cold	1	133	1301.1			torch-2.14.0+cu130
distilgpt2	torch-compile-ro	cold	1	134	1311.3			torch-2.14.0+cu130
distilgpt2	torch-compile-ro	cold	1	135	1282.5			torch-2.14.0+cu130
distilgpt2	torch-compile-ro	cold	1	136	1287.0			torch-2.14.0+cu130
distilgpt2	torch-compile-ro	cold	1	137	1286.5			torch-2.14.0+cu130
distilgpt2	torch-compile-ro	cold	1	138	1323.5			torch-2.14.0+cu130
distilgpt2	torch-compile-ro	cold	1	139	1296.3			torch-2.14.0+cu130
distilgpt2	torch-compile-ro	cold	1	140	1299.1			torch-2.14.0+cu130
distilgpt2	torch-compile-ro	cold	1	141	1307.5			torch-2.14.0+cu130
distilgpt2	torch-compile-ro	cold	1	142	1309.6			torch-2.14.0+cu130
distilgpt2	torch-compile-ro	cold	1	143	1286.7			torch-2.14.0+cu130
distilgpt2	torch-compile-ro	cold	1	144	1344.0			torch-2.14.0+cu130
distilgpt2	torch-compile-ro	cold	1	145	1283.2			torch-2.14.0+cu130
distilgpt2	torch-compile-ro	cold	1	146	1290.6			torch-2.14.0+cu130
distilgpt2	torch-compile-ro	cold	1	147	1291.0			torch-2.14.0+cu130
distilgpt2	torch-compile-ro	cold	1	148	1299.9			torch-2.14.0+cu130
distilgpt2	torch-compile-ro	cold	1	149	1337.5			torch-2.14.0+cu130
distilgpt2	torch-compile-ro	cold	1	150	1296.8			torch-2.14.0+cu130
distilgpt2	torch-compile-ro	cold	1	151	1348.7			torch-2.14.0+cu130
distilgpt2	torch-compile-ro	cold	1	152	1300.3			torch-2.14.0+cu130
distilgpt2	torch-compile-ro	cold	1	153	1313.2			torch-2.14.0+cu130
distilgpt2	torch-compile-ro	cold	1	154	1303.7			torch-2.14.0+cu130
distilgpt2	torch-compile-ro	cold	1	155	1298.4			torch-2.14.0+cu130
distilgpt2	torch-compile-ro	cold	1	156	1293.4			torch-2.14.0+cu130
distilgpt2	torch-compile-ro	cold	1	157	1298.2			torch-2.14.0+cu130
distilgpt2	torch-compile-ro	cold	1	158	1296.5			torch-2.14.0+cu130
distilgpt2	torch-compile-ro	cold	1	159	1303.7			torch-2.14.0+cu130
distilgpt2	torch-compile-ro	cold	1	160	1305.8			torch-2.14.0+cu130
distilgpt2	torch-compile-ro	cold	1	161	1303.4			torch-2.14.0+cu130
distilgpt2	torch-compile-ro	cold	1	162	1290.8			torch-2.14.0+cu130
distilgpt2	torch-compile-ro	cold	1	163	1288.7			torch-2.14.0+cu130
distilgpt2	torch-compile-ro	cold	1	164	1308.4			torch-2.14.0+cu130
distilgpt2	torch-compile-ro	cold	1	165	1290.3			torch-2.14.0+cu130
distilgpt2	torch-compile-ro	cold	1	166	1305.1			torch-2.14.0+cu130
distilgpt2	torch-compile-ro	cold	1	167	1291.3			torch-2.14.0+cu130
distilgpt2	torch-compile-ro	cold	1	168	1310.3			torch-2.14.0+cu130
distilgpt2	torch-compile-ro	cold	1	169	1297.0			torch-2.14.0+cu130
distilgpt2	torch-compile-ro	cold	1	170	1290.6			torch-2.14.0+cu130
distilgpt2	torch-compile-ro	cold	1	171	1278.2			torch-2.14.0+cu130
distilgpt2	torch-compile-ro	cold	1	172	1323.7			torch-2.14.0+cu130
distilgpt2	torch-compile-ro	cold	1	173	1283.9			torch-2.14.0+cu130
distilgpt2	torch-compile-ro	cold	1	174	1308.0			torch-2.14.0+cu130
distilgpt2	torch-compile-ro	cold	1	175	1302.2			torch-2.14.0+cu130
distilgpt2	torch-compile-ro	cold	1	176	1277.7			torch-2.14.0+cu130
distilgpt2	torch-compile-ro	cold	1	177	1342.8			torch-2.14.0+cu130
distilgpt2	torch-compile-ro	cold	1	178	1296.3			torch-2.14.0+cu130
distilgpt2	torch-compile-ro	cold	1	179	1285.8			torch-2.14.0+cu130
distilgpt2	torch-compile-ro	cold	1	180	1292.2			torch-2.14.0+cu130
distilgpt2	torch-compile-ro	cold	1	181	1285.3			torch-2.14.0+cu130
distilgpt2	torch-compile-ro	cold	1	182	1299.6			torch-2.14.0+cu130
distilgpt2	torch-compile-ro	cold	1	183	1289.6			torch-2.14.0+cu130
distilgpt2	torch-compile-ro	cold	1	184	1316.8			torch-2.14.0+cu130
distilgpt2	torch-compile-ro	cold	1	185	1358.5			torch-2.14.0+cu130
distilgpt2	torch-compile-ro	cold	1	186	1289.6			torch-2.14.0+cu130
distilgpt2	torch-compile-ro	cold	1	187	1297.0			torch-2.14.0+cu130
distilgpt2	torch-compile-ro	cold	1	188	1287.7			torch-2.14.0+cu130
distilgpt2	torch-compile-ro	cold	1	189	1295.1			torch-2.14.0+cu130
distilgpt2	torch-compile-ro	cold	1	190	1296.3			torch-2.14.0+cu130
distilgpt2	torch-compile-ro	cold	1	191	1295.8			torch-2.14.0+cu130
distilgpt2	torch-compile-ro	cold	1	192	1286.0			torch-2.14.0+cu130
distilgpt2	torch-compile-ro	cold	1	193	1300.3			torch-2.14.0+cu130
distilgpt2	torch-compile-ro	cold	1	194	1294.6			torch-2.14.0+cu130
distilgpt2	torch-compile-ro	cold	1	195	1307.7			torch-2.14.0+cu130
distilgpt2	torch-compile-ro	cold	1	196	1303.9			torch-2.14.0+cu130
distilgpt2	torch-compile-ro	cold	1	197	1298.2			torch-2.14.0+cu130
distilgpt2	torch-compile-ro	cold	1	198	1317.7			torch-2.14.0+cu130
distilgpt2	torch-compile-ro	cold	1	199	1292.7			torch-2.14.0+cu130
distilgpt2	torch-compile-ro	cold	1	200	1300.8			torch-2.14.0+cu130
distilgpt2	torch-compile-ro	cold	1	201	1296.0			torch-2.14.0+cu130
distilgpt2	torch-compile-ro	cold	1	202	1294.6			torch-2.14.0+cu130
distilgpt2	torch-compile-ro	cold	1	203	1293.9			torch-2.14.0+cu130
distilgpt2	torch-compile-ro	cold	1	204	1324.2			torch-2.14.0+cu130
distilgpt2	torch-compile-ro	cold	1	205	1337.5			torch-2.14.0+cu130
distilgpt2	torch-compile-ro	cold	1	206	1348.3			torch-2.14.0+cu130
distilgpt2	torch-compile-ro	cold	1	207	1287.9			torch-2.14.0+cu130
distilgpt2	torch-compile-ro	cold	1	208	1320.6			torch-2.14.0+cu130
distilgpt2	torch-compile-ro	cold	1	209	1304.1			torch-2.14.0+cu130
distilgpt2	torch-compile-ro	cold	1	210	1314.9			torch-2.14.0+cu130
distilgpt2	torch-compile-ro	cold	1	211	1316.3			torch-2.14.0+cu130
distilgpt2	torch-compile-ro	cold	1	212	1286.7			torch-2.14.0+cu130
distilgpt2	torch-compile-ro	cold	1	213	1302.2			torch-2.14.0+cu130
distilgpt2	torch-compile-ro	cold	1	214	1286.3			torch-2.14.0+cu130
distilgpt2	torch-compile-ro	cold	1	215	1294.9			torch-2.14.0+cu130
distilgpt2	torch-compile-ro	cold	1	216	1310.3			torch-2.14.0+cu130
distilgpt2	torch-compile-ro	cold	1	217	1304.9			torch-2.14.0+cu130
distilgpt2	torch-compile-ro	cold	1	218	1293.4			torch-2.14.0+cu130
distilgpt2	torch-compile-ro	cold	1	219	1322.7			torch-2.14.0+cu130
distilgpt2	torch-compile-ro	cold	1	220	1305.3			torch-2.14.0+cu130
distilgpt2	torch-compile-ro	cold	1	221	1321.8			torch-2.14.0+cu130
distilgpt2	torch-compile-ro	cold	1	222	1314.9			torch-2.14.0+cu130
distilgpt2	torch-compile-ro	cold	1	223	1357.8			torch-2.14.0+cu130
distilgpt2	torch-compile-ro	cold	1	224	1310.6			torch-2.14.0+cu130
distilgpt2	torch-compile-ro	cold	1	225	1318.9			torch-2.14.0+cu130
distilgpt2	torch-compile-ro	cold	1	226	1292.5			torch-2.14.0+cu130
distilgpt2	torch-compile-ro	cold	1	227	1305.3			torch-2.14.0+cu130
distilgpt2	torch-compile-ro	cold	1	228	1321.1			torch-2.14.0+cu130
distilgpt2	torch-compile-ro	cold	1	229	1328.7			torch-2.14.0+cu130
distilgpt2	torch-compile-ro	cold	1	230	1298.0			torch-2.14.0+cu130
distilgpt2	torch-compile-ro	cold	1	231	1292.5			torch-2.14.0+cu130
distilgpt2	torch-compile-ro	cold	1	232	1311.5			torch-2.14.0+cu130
distilgpt2	torch-compile-ro	cold	1	233	1293.4			torch-2.14.0+cu130
distilgpt2	torch-compile-ro	cold	1	234	1302.2			torch-2.14.0+cu130
distilgpt2	torch-compile-ro	cold	1	235	1289.4			torch-2.14.0+cu130
distilgpt2	torch-compile-ro	cold	1	236	1298.2			torch-2.14.0+cu130
distilgpt2	torch-compile-ro	cold	1	237	1316.3			torch-2.14.0+cu130
distilgpt2	torch-compile-ro	cold	1	238	1301.1			torch-2.14.0+cu130
distilgpt2	torch-compile-ro	cold	1	239	1312.3			torch-2.14.0+cu130
distilgpt2	torch-compile-ro	cold	1	240	1296.8			torch-2.14.0+cu130
distilgpt2	torch-compile-ro	cold	1	241	1290.8			torch-2.14.0+cu130
distilgpt2	torch-compile-ro	cold	1	242	1298.4			torch-2.14.0+cu130
distilgpt2	torch-compile-ro	cold	1	243	1295.6			torch-2.14.0+cu130
distilgpt2	torch-compile-ro	cold	1	244	1294.6			torch-2.14.0+cu130
distilgpt2	torch-compile-ro	cold	1	245	1291.0			torch-2.14.0+cu130
distilgpt2	torch-compile-ro	cold	1	246	1296.0			torch-2.14.0+cu130
distilgpt2	torch-compile-ro	cold	1	247	1288.4			torch-2.14.0+cu130
distilgpt2	torch-compile-ro	cold	1	248	1328.2			torch-2.14.0+cu130
distilgpt2	torch-compile-ro	cold	1	249	1307.5			torch-2.14.0+cu130
distilgpt2	torch-compile-ro	cold	1	250	1311.1			torch-2.14.0+cu130
distilgpt2	torch-compile-ro	cold	1	251	1321.8			torch-2.14.0+cu130
distilgpt2	torch-compile-ro	cold	1	252	1338.0			torch-2.14.0+cu130
distilgpt2	torch-compile-ro	cold	1	253	1336.3			torch-2.14.0+cu130
distilgpt2	torch-compile-ro	cold	1	254	1295.8			torch-2.14.0+cu130
distilgpt2	torch-compile-ro	cold	1	255	1300.6			torch-2.14.0+cu130
distilgpt2	torch-compile-ro	cold	1	256	1296.0			torch-2.14.0+cu130
distilgpt2	torch-compile-ro	cold	1	257	1292.9			torch-2.14.0+cu130
distilgpt2	torch-compile-ro	cold	1	258	1349.0			torch-2.14.0+cu130
distilgpt2	torch-compile-ro	cold	1	259	1318.2			torch-2.14.0+cu130
distilgpt2	torch-compile-ro	cold	1	260	1352.5			torch-2.14.0+cu130
distilgpt2	torch-compile-ro	cold	1	261	1335.4			torch-2.14.0+cu130
distilgpt2	torch-compile-ro	cold	1	262	1317.0			torch-2.14.0+cu130
distilgpt2	torch-compile-ro	cold	1	263	1297.7			torch-2.14.0+cu130
distilgpt2	torch-compile-ro	cold	1	264	1299.4			torch-2.14.0+cu130
distilgpt2	torch-compile-ro	cold	1	265	1300.6			torch-2.14.0+cu130
distilgpt2	torch-compile-ro	cold	1	266	1349.4			torch-2.14.0+cu130
distilgpt2	torch-compile-ro	cold	1	267	1299.9			torch-2.14.0+cu130
distilgpt2	torch-compile-ro	cold	1	268	1305.1			torch-2.14.0+cu130
distilgpt2	torch-compile-ro	cold	1	269	1300.3			torch-2.14.0+cu130
distilgpt2	torch-compile-ro	cold	1	270	1300.1			torch-2.14.0+cu130
distilgpt2	torch-compile-ro	cold	1	271	1329.7			torch-2.14.0+cu130
distilgpt2	torch-compile-ro	cold	1	272	1300.6			torch-2.14.0+cu130
distilgpt2	torch-compile-ro	cold	1	273	1315.1			torch-2.14.0+cu130
distilgpt2	torch-compile-ro	cold	1	274	1328.5			torch-2.14.0+cu130
distilgpt2	torch-compile-ro	cold	1	275	1304.6			torch-2.14.0+cu130
distilgpt2	torch-compile-ro	cold	1	276	1297.2			torch-2.14.0+cu130
distilgpt2	torch-compile-ro	cold	1	277	1355.4			torch-2.14.0+cu130
distilgpt2	torch-compile-ro	cold	1	278	1313.9			torch-2.14.0+cu130
distilgpt2	torch-compile-ro	cold	1	279	1289.6			torch-2.14.0+cu130
distilgpt2	torch-compile-ro	cold	1	280	1355.9			torch-2.14.0+cu130
distilgpt2	torch-compile-ro	cold	1	281	1306.3			torch-2.14.0+cu130
distilgpt2	torch-compile-ro	cold	1	282	1312.0			torch-2.14.0+cu130
distilgpt2	torch-compile-ro	cold	1	283	1293.9			torch-2.14.0+cu130
distilgpt2	torch-compile-ro	cold	1	284	1306.8			torch-2.14.0+cu130
distilgpt2	torch-compile-ro	cold	1	285	1310.6			torch-2.14.0+cu130
distilgpt2	torch-compile-ro	cold	1	286	1290.1			torch-2.14.0+cu130
distilgpt2	torch-compile-ro	cold	1	287	1305.8			torch-2.14.0+cu130
distilgpt2	torch-compile-ro	cold	1	288	1292.5			torch-2.14.0+cu130
distilgpt2	torch-compile-ro	cold	1	289	1287.5			torch-2.14.0+cu130
distilgpt2	torch-compile-ro	cold	1	290	1285.3			torch-2.14.0+cu130
distilgpt2	torch-compile-ro	cold	1	291	1313.0			torch-2.14.0+cu130
distilgpt2	torch-compile-ro	cold	1	292	1334.7			torch-2.14.0+cu130
distilgpt2	torch-compile-ro	cold	1	293	1318.7			torch-2.14.0+cu130
distilgpt2	torch-compile-ro	cold	1	294	1329.2			torch-2.14.0+cu130
distilgpt2	torch-compile-ro	cold	1	295	1324.7			torch-2.14.0+cu130
distilgpt2	torch-compile-ro	cold	1	296	1313.0			torch-2.14.0+cu130
distilgpt2	torch-compile-ro	cold	1	297	1302.2			torch-2.14.0+cu130
distilgpt2	torch-compile-ro	cold	1	298	1295.6			torch-2.14.0+cu130
distilgpt2	torch-compile-ro	cold	1	299	1318.5			torch-2.14.0+cu130
distilgpt2	jax	cold	1	0	5224.3			jax-0.11.1
distilgpt2	jax	cold	1	1	1331.0			jax-0.11.1
distilgpt2	jax	cold	1	2	1314.0			jax-0.11.1
distilgpt2	jax	cold	1	3	1208.3			jax-0.11.1
distilgpt2	jax	cold	1	4	1208.4			jax-0.11.1
distilgpt2	jax	cold	1	5	1202.1			jax-0.11.1
distilgpt2	jax	cold	1	6	1254.0			jax-0.11.1
distilgpt2	jax	cold	1	7	1194.5			jax-0.11.1
distilgpt2	jax	cold	1	8	1201.9			jax-0.11.1
distilgpt2	jax	cold	1	9	1205.8			jax-0.11.1
distilgpt2	jax	cold	1	10	1175.1			jax-0.11.1
distilgpt2	jax	cold	1	11	1287.1			jax-0.11.1
distilgpt2	jax	cold	1	12	1192.4			jax-0.11.1
distilgpt2	jax	cold	1	13	1193.0			jax-0.11.1
distilgpt2	jax	cold	1	14	1188.3			jax-0.11.1
distilgpt2	jax	cold	1	15	1221.9			jax-0.11.1
distilgpt2	jax	cold	1	16	1219.9			jax-0.11.1
distilgpt2	jax	cold	1	17	1160.6			jax-0.11.1
distilgpt2	jax	cold	1	18	1196.5			jax-0.11.1
distilgpt2	jax	cold	1	19	1210.7			jax-0.11.1
distilgpt2	jax	cold	1	20	1216.6			jax-0.11.1
distilgpt2	jax	cold	1	21	1200.2			jax-0.11.1
distilgpt2	jax	cold	1	22	1167.8			jax-0.11.1
distilgpt2	jax	cold	1	23	1164.5			jax-0.11.1
distilgpt2	jax	cold	1	24	1173.0			jax-0.11.1
distilgpt2	jax	cold	1	25	1192.2			jax-0.11.1
distilgpt2	jax	cold	1	26	1166.6			jax-0.11.1
distilgpt2	jax	cold	1	27	1159.5			jax-0.11.1
distilgpt2	jax	cold	1	28	1165.7			jax-0.11.1
distilgpt2	jax	cold	1	29	1160.6			jax-0.11.1
distilgpt2	jax	cold	1	30	1164.1			jax-0.11.1
distilgpt2	jax	cold	1	31	1159.0			jax-0.11.1
distilgpt2	jax	cold	1	32	1185.5			jax-0.11.1
distilgpt2	jax	cold	1	33	1165.2			jax-0.11.1
distilgpt2	jax	cold	1	34	1164.9			jax-0.11.1
distilgpt2	jax	cold	1	35	1162.7			jax-0.11.1
distilgpt2	jax	cold	1	36	1155.7			jax-0.11.1
distilgpt2	jax	cold	1	37	1176.7			jax-0.11.1
distilgpt2	jax	cold	1	38	1189.3			jax-0.11.1
distilgpt2	jax	cold	1	39	1228.6			jax-0.11.1
distilgpt2	jax	cold	1	40	1172.5			jax-0.11.1
distilgpt2	jax	cold	1	41	1162.2			jax-0.11.1
distilgpt2	jax	cold	1	42	1156.3			jax-0.11.1
distilgpt2	jax	cold	1	43	1192.8			jax-0.11.1
distilgpt2	jax	cold	1	44	1163.4			jax-0.11.1
distilgpt2	jax	cold	1	45	1164.8			jax-0.11.1
distilgpt2	jax	cold	1	46	1133.6			jax-0.11.1
distilgpt2	jax	cold	1	47	1159.5			jax-0.11.1
distilgpt2	jax	cold	1	48	1186.9			jax-0.11.1
distilgpt2	jax	cold	1	49	1207.7			jax-0.11.1
distilgpt2	jax	cold	1	50	1140.3			jax-0.11.1
distilgpt2	jax	cold	1	51	1169.5			jax-0.11.1
distilgpt2	jax	cold	1	52	1164.4			jax-0.11.1
distilgpt2	jax	cold	1	53	1228.4			jax-0.11.1
distilgpt2	jax	cold	1	54	1170.1			jax-0.11.1
distilgpt2	jax	cold	1	55	1181.5			jax-0.11.1
distilgpt2	jax	cold	1	56	1168.9			jax-0.11.1
distilgpt2	jax	cold	1	57	1164.0			jax-0.11.1
distilgpt2	jax	cold	1	58	1161.6			jax-0.11.1
distilgpt2	jax	cold	1	59	1162.0			jax-0.11.1
distilgpt2	jax	cold	1	60	1170.9			jax-0.11.1
distilgpt2	jax	cold	1	61	1177.4			jax-0.11.1
distilgpt2	jax	cold	1	62	1177.4			jax-0.11.1
distilgpt2	jax	cold	1	63	1178.3			jax-0.11.1
distilgpt2	jax	cold	1	64	1167.1			jax-0.11.1
distilgpt2	jax	cold	1	65	1195.4			jax-0.11.1
distilgpt2	jax	cold	1	66	1185.6			jax-0.11.1
distilgpt2	jax	cold	1	67	1238.5			jax-0.11.1
distilgpt2	jax	cold	1	68	1165.2			jax-0.11.1
distilgpt2	jax	cold	1	69	1165.9			jax-0.11.1
distilgpt2	jax	cold	1	70	1161.4			jax-0.11.1
distilgpt2	jax	cold	1	71	1175.8			jax-0.11.1
distilgpt2	jax	cold	1	72	1172.5			jax-0.11.1
distilgpt2	jax	cold	1	73	1171.4			jax-0.11.1
distilgpt2	jax	cold	1	74	1159.7			jax-0.11.1
distilgpt2	jax	cold	1	75	1172.8			jax-0.11.1
distilgpt2	jax	cold	1	76	1160.6			jax-0.11.1
distilgpt2	jax	cold	1	77	1187.8			jax-0.11.1
distilgpt2	jax	cold	1	78	1167.4			jax-0.11.1
distilgpt2	jax	cold	1	79	1175.1			jax-0.11.1
distilgpt2	jax	cold	1	80	1169.7			jax-0.11.1
distilgpt2	jax	cold	1	81	1172.0			jax-0.11.1
distilgpt2	jax	cold	1	82	1195.1			jax-0.11.1
distilgpt2	jax	cold	1	83	1174.4			jax-0.11.1
distilgpt2	jax	cold	1	84	1170.9			jax-0.11.1
distilgpt2	jax	cold	1	85	1157.3			jax-0.11.1
distilgpt2	jax	cold	1	86	1159.9			jax-0.11.1
distilgpt2	jax	cold	1	87	1172.3			jax-0.11.1
distilgpt2	jax	cold	1	88	1204.0			jax-0.11.1
distilgpt2	jax	cold	1	89	1178.1			jax-0.11.1
distilgpt2	jax	cold	1	90	1161.0			jax-0.11.1
distilgpt2	jax	cold	1	91	1130.5			jax-0.11.1
distilgpt2	jax	cold	1	92	1182.2			jax-0.11.1
distilgpt2	jax	cold	1	93	1219.6			jax-0.11.1
distilgpt2	jax	cold	1	94	1179.4			jax-0.11.1
distilgpt2	jax	cold	1	95	1160.9			jax-0.11.1
distilgpt2	jax	cold	1	96	1172.3			jax-0.11.1
distilgpt2	jax	cold	1	97	1168.0			jax-0.11.1
distilgpt2	jax	cold	1	98	1158.3			jax-0.11.1
distilgpt2	jax	cold	1	99	1192.8			jax-0.11.1
distilgpt2	jax	cold	1	100	1195.0			jax-0.11.1
distilgpt2	jax	cold	1	101	1164.7			jax-0.11.1
distilgpt2	jax	cold	1	102	1170.0			jax-0.11.1
distilgpt2	jax	cold	1	103	1167.9			jax-0.11.1
distilgpt2	jax	cold	1	104	1167.4			jax-0.11.1
distilgpt2	jax	cold	1	105	1186.2			jax-0.11.1
distilgpt2	jax	cold	1	106	1184.9			jax-0.11.1
distilgpt2	jax	cold	1	107	1161.2			jax-0.11.1
distilgpt2	jax	cold	1	108	1169.3			jax-0.11.1
distilgpt2	jax	cold	1	109	1163.6			jax-0.11.1
distilgpt2	jax	cold	1	110	1203.7			jax-0.11.1
distilgpt2	jax	cold	1	111	1177.8			jax-0.11.1
distilgpt2	jax	cold	1	112	1160.8			jax-0.11.1
distilgpt2	jax	cold	1	113	1161.7			jax-0.11.1
distilgpt2	jax	cold	1	114	1156.2			jax-0.11.1
distilgpt2	jax	cold	1	115	1160.9			jax-0.11.1
distilgpt2	jax	cold	1	116	1180.6			jax-0.11.1
distilgpt2	jax	cold	1	117	1201.5			jax-0.11.1
distilgpt2	jax	cold	1	118	1162.1			jax-0.11.1
distilgpt2	jax	cold	1	119	1161.1			jax-0.11.1
distilgpt2	jax	cold	1	120	1165.1			jax-0.11.1
distilgpt2	jax	cold	1	121	1164.4			jax-0.11.1
distilgpt2	jax	cold	1	122	1154.1			jax-0.11.1
distilgpt2	jax	cold	1	123	1183.6			jax-0.11.1
distilgpt2	jax	cold	1	124	1225.6			jax-0.11.1
distilgpt2	jax	cold	1	125	1163.6			jax-0.11.1
distilgpt2	jax	cold	1	126	1164.9			jax-0.11.1
distilgpt2	jax	cold	1	127	1163.7			jax-0.11.1
distilgpt2	jax	cold	1	128	1187.1			jax-0.11.1
distilgpt2	jax	cold	1	129	1168.9			jax-0.11.1
distilgpt2	jax	cold	1	130	1156.5			jax-0.11.1
distilgpt2	jax	cold	1	131	1149.5			jax-0.11.1
distilgpt2	jax	cold	1	132	1172.1			jax-0.11.1
distilgpt2	jax	cold	1	133	1186.8			jax-0.11.1
distilgpt2	jax	cold	1	134	1183.2			jax-0.11.1
distilgpt2	jax	cold	1	135	1175.3			jax-0.11.1
distilgpt2	jax	cold	1	136	1164.9			jax-0.11.1
distilgpt2	jax	cold	1	137	1151.3			jax-0.11.1
distilgpt2	jax	cold	1	138	1224.3			jax-0.11.1
distilgpt2	jax	cold	1	139	1157.9			jax-0.11.1
distilgpt2	jax	cold	1	140	1186.4			jax-0.11.1
distilgpt2	jax	cold	1	141	1167.3			jax-0.11.1
distilgpt2	jax	cold	1	142	1171.7			jax-0.11.1
distilgpt2	jax	cold	1	143	1179.8			jax-0.11.1
distilgpt2	jax	cold	1	144	1172.7			jax-0.11.1
distilgpt2	jax	cold	1	145	1197.9			jax-0.11.1
distilgpt2	jax	cold	1	146	1172.0			jax-0.11.1
distilgpt2	jax	cold	1	147	1166.7			jax-0.11.1
distilgpt2	jax	cold	1	148	1165.8			jax-0.11.1
distilgpt2	jax	cold	1	149	1160.5			jax-0.11.1
distilgpt2	jax	cold	1	150	1191.8			jax-0.11.1
distilgpt2	jax	cold	1	151	1194.2			jax-0.11.1
distilgpt2	jax	cold	1	152	1242.9			jax-0.11.1
distilgpt2	jax	cold	1	153	1162.7			jax-0.11.1
distilgpt2	jax	cold	1	154	1164.2			jax-0.11.1
distilgpt2	jax	cold	1	155	1187.7			jax-0.11.1
distilgpt2	jax	cold	1	156	1213.2			jax-0.11.1
distilgpt2	jax	cold	1	157	1161.3			jax-0.11.1
distilgpt2	jax	cold	1	158	1159.8			jax-0.11.1
distilgpt2	jax	cold	1	159	1178.2			jax-0.11.1
distilgpt2	jax	cold	1	160	1164.0			jax-0.11.1
distilgpt2	jax	cold	1	161	1186.9			jax-0.11.1
distilgpt2	jax	cold	1	162	1184.4			jax-0.11.1
distilgpt2	jax	cold	1	163	1161.9			jax-0.11.1
distilgpt2	jax	cold	1	164	1172.5			jax-0.11.1
distilgpt2	jax	cold	1	165	1163.7			jax-0.11.1
distilgpt2	jax	cold	1	166	1184.2			jax-0.11.1
distilgpt2	jax	cold	1	167	1192.5			jax-0.11.1
distilgpt2	jax	cold	1	168	1170.6			jax-0.11.1
distilgpt2	jax	cold	1	169	1168.7			jax-0.11.1
distilgpt2	jax	cold	1	170	1165.0			jax-0.11.1
distilgpt2	jax	cold	1	171	1165.2			jax-0.11.1
distilgpt2	jax	cold	1	172	1189.9			jax-0.11.1
distilgpt2	jax	cold	1	173	1187.1			jax-0.11.1
distilgpt2	jax	cold	1	174	1168.9			jax-0.11.1
distilgpt2	jax	cold	1	175	1184.8			jax-0.11.1
distilgpt2	jax	cold	1	176	1164.8			jax-0.11.1
distilgpt2	jax	cold	1	177	1169.9			jax-0.11.1
distilgpt2	jax	cold	1	178	1189.4			jax-0.11.1
distilgpt2	jax	cold	1	179	1175.5			jax-0.11.1
distilgpt2	jax	cold	1	180	1167.8			jax-0.11.1
distilgpt2	jax	cold	1	181	1187.0			jax-0.11.1
distilgpt2	jax	cold	1	182	1182.8			jax-0.11.1
distilgpt2	jax	cold	1	183	1198.0			jax-0.11.1
distilgpt2	jax	cold	1	184	1200.1			jax-0.11.1
distilgpt2	jax	cold	1	185	1178.3			jax-0.11.1
distilgpt2	jax	cold	1	186	1167.3			jax-0.11.1
distilgpt2	jax	cold	1	187	1177.6			jax-0.11.1
distilgpt2	jax	cold	1	188	1168.5			jax-0.11.1
distilgpt2	jax	cold	1	189	1186.6			jax-0.11.1
distilgpt2	jax	cold	1	190	1185.9			jax-0.11.1
distilgpt2	jax	cold	1	191	1170.8			jax-0.11.1
distilgpt2	jax	cold	1	192	1175.8			jax-0.11.1
distilgpt2	jax	cold	1	193	1186.3			jax-0.11.1
distilgpt2	jax	cold	1	194	1165.5			jax-0.11.1
distilgpt2	jax	cold	1	195	1190.4			jax-0.11.1
distilgpt2	jax	cold	1	196	1179.5			jax-0.11.1
distilgpt2	jax	cold	1	197	1174.5			jax-0.11.1
distilgpt2	jax	cold	1	198	1179.3			jax-0.11.1
distilgpt2	jax	cold	1	199	1177.3			jax-0.11.1
distilgpt2	jax	cold	1	200	1193.6			jax-0.11.1
distilgpt2	jax	cold	1	201	1174.2			jax-0.11.1
distilgpt2	jax	cold	1	202	1168.7			jax-0.11.1
distilgpt2	jax	cold	1	203	1163.8			jax-0.11.1
distilgpt2	jax	cold	1	204	1186.9			jax-0.11.1
distilgpt2	jax	cold	1	205	1191.5			jax-0.11.1
distilgpt2	jax	cold	1	206	1199.3			jax-0.11.1
distilgpt2	jax	cold	1	207	1163.7			jax-0.11.1
distilgpt2	jax	cold	1	208	1165.9			jax-0.11.1
distilgpt2	jax	cold	1	209	1170.3			jax-0.11.1
distilgpt2	jax	cold	1	210	1166.0			jax-0.11.1
distilgpt2	jax	cold	1	211	1182.9			jax-0.11.1
distilgpt2	jax	cold	1	212	1182.0			jax-0.11.1
distilgpt2	jax	cold	1	213	1168.2			jax-0.11.1
distilgpt2	jax	cold	1	214	1153.6			jax-0.11.1
distilgpt2	jax	cold	1	215	1158.3			jax-0.11.1
distilgpt2	jax	cold	1	216	1194.2			jax-0.11.1
distilgpt2	jax	cold	1	217	1193.6			jax-0.11.1
distilgpt2	jax	cold	1	218	1206.8			jax-0.11.1
distilgpt2	jax	cold	1	219	1172.9			jax-0.11.1
distilgpt2	jax	cold	1	220	1170.6			jax-0.11.1
distilgpt2	jax	cold	1	221	1181.6			jax-0.11.1
distilgpt2	jax	cold	1	222	1171.2			jax-0.11.1
distilgpt2	jax	cold	1	223	1199.4			jax-0.11.1
distilgpt2	jax	cold	1	224	1168.1			jax-0.11.1
distilgpt2	jax	cold	1	225	1168.4			jax-0.11.1
distilgpt2	jax	cold	1	226	1191.5			jax-0.11.1
distilgpt2	jax	cold	1	227	1194.4			jax-0.11.1
distilgpt2	jax	cold	1	228	1204.4			jax-0.11.1
distilgpt2	jax	cold	1	229	1189.7			jax-0.11.1
distilgpt2	jax	cold	1	230	1187.4			jax-0.11.1
distilgpt2	jax	cold	1	231	1194.2			jax-0.11.1
distilgpt2	jax	cold	1	232	1196.8			jax-0.11.1
distilgpt2	jax	cold	1	233	1205.7			jax-0.11.1
distilgpt2	jax	cold	1	234	1206.7			jax-0.11.1
distilgpt2	jax	cold	1	235	1186.9			jax-0.11.1
distilgpt2	jax	cold	1	236	1199.1			jax-0.11.1
distilgpt2	jax	cold	1	237	1194.8			jax-0.11.1
distilgpt2	jax	cold	1	238	1207.2			jax-0.11.1
distilgpt2	jax	cold	1	239	1207.3			jax-0.11.1
distilgpt2	jax	cold	1	240	1189.2			jax-0.11.1
distilgpt2	jax	cold	1	241	1191.7			jax-0.11.1
distilgpt2	jax	cold	1	242	1169.0			jax-0.11.1
distilgpt2	jax	cold	1	243	1198.4			jax-0.11.1
distilgpt2	jax	cold	1	244	1196.1			jax-0.11.1
distilgpt2	jax	cold	1	245	1183.5			jax-0.11.1
distilgpt2	jax	cold	1	246	1192.2			jax-0.11.1
distilgpt2	jax	cold	1	247	1191.1			jax-0.11.1
distilgpt2	jax	cold	1	248	1203.3			jax-0.11.1
distilgpt2	jax	cold	1	249	1204.1			jax-0.11.1
distilgpt2	jax	cold	1	250	1193.1			jax-0.11.1
distilgpt2	jax	cold	1	251	1196.4			jax-0.11.1
distilgpt2	jax	cold	1	252	1188.8			jax-0.11.1
distilgpt2	jax	cold	1	253	1162.9			jax-0.11.1
distilgpt2	jax	cold	1	254	1212.6			jax-0.11.1
distilgpt2	jax	cold	1	255	1194.1			jax-0.11.1
distilgpt2	jax	cold	1	256	1202.7			jax-0.11.1
distilgpt2	jax	cold	1	257	1197.9			jax-0.11.1
distilgpt2	jax	cold	1	258	1197.7			jax-0.11.1
distilgpt2	jax	cold	1	259	1197.3			jax-0.11.1
distilgpt2	jax	cold	1	260	1196.0			jax-0.11.1
distilgpt2	jax	cold	1	261	1197.7			jax-0.11.1
distilgpt2	jax	cold	1	262	1162.3			jax-0.11.1
distilgpt2	jax	cold	1	263	1191.0			jax-0.11.1
distilgpt2	jax	cold	1	264	1206.6			jax-0.11.1
distilgpt2	jax	cold	1	265	1166.6			jax-0.11.1
distilgpt2	jax	cold	1	266	1196.4			jax-0.11.1
distilgpt2	jax	cold	1	267	1199.6			jax-0.11.1
distilgpt2	jax	cold	1	268	1191.9			jax-0.11.1
distilgpt2	jax	cold	1	269	1212.1			jax-0.11.1
distilgpt2	jax	cold	1	270	1164.1			jax-0.11.1
distilgpt2	jax	cold	1	271	1190.6			jax-0.11.1
distilgpt2	jax	cold	1	272	1194.5			jax-0.11.1
distilgpt2	jax	cold	1	273	1194.2			jax-0.11.1
distilgpt2	jax	cold	1	274	1203.8			jax-0.11.1
distilgpt2	jax	cold	1	275	1195.8			jax-0.11.1
distilgpt2	jax	cold	1	276	1192.8			jax-0.11.1
distilgpt2	jax	cold	1	277	1189.4			jax-0.11.1
distilgpt2	jax	cold	1	278	1192.3			jax-0.11.1
distilgpt2	jax	cold	1	279	1201.2			jax-0.11.1
distilgpt2	jax	cold	1	280	1185.8			jax-0.11.1
distilgpt2	jax	cold	1	281	1183.5			jax-0.11.1
distilgpt2	jax	cold	1	282	1191.6			jax-0.11.1
distilgpt2	jax	cold	1	283	1192.8			jax-0.11.1
distilgpt2	jax	cold	1	284	1174.9			jax-0.11.1
distilgpt2	jax	cold	1	285	1197.7			jax-0.11.1
distilgpt2	jax	cold	1	286	1185.9			jax-0.11.1
distilgpt2	jax	cold	1	287	1188.0			jax-0.11.1
distilgpt2	jax	cold	1	288	1194.5			jax-0.11.1
distilgpt2	jax	cold	1	289	1198.5			jax-0.11.1
distilgpt2	jax	cold	1	290	1183.5			jax-0.11.1
distilgpt2	jax	cold	1	291	1193.8			jax-0.11.1
distilgpt2	jax	cold	1	292	1182.9			jax-0.11.1
distilgpt2	jax	cold	1	293	1190.3			jax-0.11.1
distilgpt2	jax	cold	1	294	1193.2			jax-0.11.1
distilgpt2	jax	cold	1	295	1209.1			jax-0.11.1
distilgpt2	jax	cold	1	296	1193.2			jax-0.11.1
distilgpt2	jax	cold	1	297	1195.7			jax-0.11.1
distilgpt2	jax	cold	1	298	1296.5			jax-0.11.1
distilgpt2	jax	cold	1	299	1229.8			jax-0.11.1
distilgpt2	torch-eager	cold	2	0	154751.1			torch-2.14.0+cu130
distilgpt2	torch-eager	cold	2	1	3584.1			torch-2.14.0+cu130
distilgpt2	torch-eager	cold	2	2	3300.4			torch-2.14.0+cu130
distilgpt2	torch-eager	cold	2	3	3324.7			torch-2.14.0+cu130
distilgpt2	torch-eager	cold	2	4	3288.3			torch-2.14.0+cu130
distilgpt2	torch-eager	cold	2	5	3463.7			torch-2.14.0+cu130
distilgpt2	torch-eager	cold	2	6	3305.7			torch-2.14.0+cu130
distilgpt2	torch-eager	cold	2	7	3266.8			torch-2.14.0+cu130
distilgpt2	torch-eager	cold	2	8	3286.8			torch-2.14.0+cu130
distilgpt2	torch-eager	cold	2	9	3269.2			torch-2.14.0+cu130
distilgpt2	torch-eager	cold	2	10	3418.0			torch-2.14.0+cu130
distilgpt2	torch-eager	cold	2	11	3262.8			torch-2.14.0+cu130
distilgpt2	torch-eager	cold	2	12	3247.5			torch-2.14.0+cu130
distilgpt2	torch-eager	cold	2	13	3243.4			torch-2.14.0+cu130
distilgpt2	torch-eager	cold	2	14	3275.9			torch-2.14.0+cu130
distilgpt2	torch-eager	cold	2	15	3460.2			torch-2.14.0+cu130
distilgpt2	torch-eager	cold	2	16	3329.3			torch-2.14.0+cu130
distilgpt2	torch-eager	cold	2	17	3679.5			torch-2.14.0+cu130
distilgpt2	torch-eager	cold	2	18	3336.0			torch-2.14.0+cu130
distilgpt2	torch-eager	cold	2	19	3286.6			torch-2.14.0+cu130
distilgpt2	torch-eager	cold	2	20	3467.6			torch-2.14.0+cu130
distilgpt2	torch-eager	cold	2	21	3345.5			torch-2.14.0+cu130
distilgpt2	torch-eager	cold	2	22	3287.6			torch-2.14.0+cu130
distilgpt2	torch-eager	cold	2	23	3292.1			torch-2.14.0+cu130
distilgpt2	torch-eager	cold	2	24	3349.5			torch-2.14.0+cu130
distilgpt2	torch-eager	cold	2	25	3490.9			torch-2.14.0+cu130
distilgpt2	torch-eager	cold	2	26	3340.5			torch-2.14.0+cu130
distilgpt2	torch-eager	cold	2	27	3327.4			torch-2.14.0+cu130
distilgpt2	torch-eager	cold	2	28	3293.0			torch-2.14.0+cu130
distilgpt2	torch-eager	cold	2	29	3335.5			torch-2.14.0+cu130
distilgpt2	torch-eager	cold	2	30	3475.2			torch-2.14.0+cu130
distilgpt2	torch-eager	cold	2	31	3321.4			torch-2.14.0+cu130
distilgpt2	torch-eager	cold	2	32	3294.9			torch-2.14.0+cu130
distilgpt2	torch-eager	cold	2	33	3316.9			torch-2.14.0+cu130
distilgpt2	torch-eager	cold	2	34	3251.3			torch-2.14.0+cu130
distilgpt2	torch-eager	cold	2	35	3448.5			torch-2.14.0+cu130
distilgpt2	torch-eager	cold	2	36	3294.5			torch-2.14.0+cu130
distilgpt2	torch-eager	cold	2	37	3235.6			torch-2.14.0+cu130
distilgpt2	torch-eager	cold	2	38	3276.8			torch-2.14.0+cu130
distilgpt2	torch-eager	cold	2	39	3276.6			torch-2.14.0+cu130
distilgpt2	torch-eager	cold	2	40	3440.4			torch-2.14.0+cu130
distilgpt2	torch-eager	cold	2	41	3274.7			torch-2.14.0+cu130
distilgpt2	torch-eager	cold	2	42	3273.5			torch-2.14.0+cu130
distilgpt2	torch-eager	cold	2	43	3294.7			torch-2.14.0+cu130
distilgpt2	torch-eager	cold	2	44	3270.6			torch-2.14.0+cu130
distilgpt2	torch-eager	cold	2	45	3432.8			torch-2.14.0+cu130
distilgpt2	torch-eager	cold	2	46	3297.3			torch-2.14.0+cu130
distilgpt2	torch-eager	cold	2	47	3326.2			torch-2.14.0+cu130
distilgpt2	torch-eager	cold	2	48	3285.9			torch-2.14.0+cu130
distilgpt2	torch-eager	cold	2	49	3267.0			torch-2.14.0+cu130
distilgpt2	torch-eager	cold	2	50	3454.2			torch-2.14.0+cu130
distilgpt2	torch-eager	cold	2	51	3356.9			torch-2.14.0+cu130
distilgpt2	torch-eager	cold	2	52	3277.8			torch-2.14.0+cu130
distilgpt2	torch-eager	cold	2	53	3290.2			torch-2.14.0+cu130
distilgpt2	torch-eager	cold	2	54	3300.2			torch-2.14.0+cu130
distilgpt2	torch-eager	cold	2	55	3469.0			torch-2.14.0+cu130
distilgpt2	torch-eager	cold	2	56	3295.2			torch-2.14.0+cu130
distilgpt2	torch-eager	cold	2	57	3331.7			torch-2.14.0+cu130
distilgpt2	torch-eager	cold	2	58	3268.7			torch-2.14.0+cu130
distilgpt2	torch-eager	cold	2	59	3292.3			torch-2.14.0+cu130
distilgpt2	torch-eager	cold	2	60	3451.6			torch-2.14.0+cu130
distilgpt2	torch-eager	cold	2	61	3281.6			torch-2.14.0+cu130
distilgpt2	torch-eager	cold	2	62	3267.8			torch-2.14.0+cu130
distilgpt2	torch-eager	cold	2	63	3305.2			torch-2.14.0+cu130
distilgpt2	torch-eager	cold	2	64	3532.2			torch-2.14.0+cu130
distilgpt2	torch-eager	cold	2	65	3467.8			torch-2.14.0+cu130
distilgpt2	torch-eager	cold	2	66	3317.8			torch-2.14.0+cu130
distilgpt2	torch-eager	cold	2	67	3264.7			torch-2.14.0+cu130
distilgpt2	torch-eager	cold	2	68	3244.4			torch-2.14.0+cu130
distilgpt2	torch-eager	cold	2	69	3301.4			torch-2.14.0+cu130
distilgpt2	torch-eager	cold	2	70	3410.1			torch-2.14.0+cu130
distilgpt2	torch-eager	cold	2	71	3296.1			torch-2.14.0+cu130
distilgpt2	torch-eager	cold	2	72	3267.0			torch-2.14.0+cu130
distilgpt2	torch-eager	cold	2	73	3246.8			torch-2.14.0+cu130
distilgpt2	torch-eager	cold	2	74	3245.8			torch-2.14.0+cu130
distilgpt2	torch-eager	cold	2	75	3424.9			torch-2.14.0+cu130
distilgpt2	torch-eager	cold	2	76	3322.4			torch-2.14.0+cu130
distilgpt2	torch-eager	cold	2	77	3280.9			torch-2.14.0+cu130
distilgpt2	torch-eager	cold	2	78	3293.0			torch-2.14.0+cu130
distilgpt2	torch-eager	cold	2	79	3332.1			torch-2.14.0+cu130
distilgpt2	torch-eager	cold	2	80	3483.8			torch-2.14.0+cu130
distilgpt2	torch-eager	cold	2	81	3323.1			torch-2.14.0+cu130
distilgpt2	torch-eager	cold	2	82	3271.8			torch-2.14.0+cu130
distilgpt2	torch-eager	cold	2	83	3292.3			torch-2.14.0+cu130
distilgpt2	torch-eager	cold	2	84	3254.9			torch-2.14.0+cu130
distilgpt2	torch-eager	cold	2	85	3465.2			torch-2.14.0+cu130
distilgpt2	torch-eager	cold	2	86	3285.6			torch-2.14.0+cu130
distilgpt2	torch-eager	cold	2	87	3294.7			torch-2.14.0+cu130
distilgpt2	torch-eager	cold	2	88	3268.2			torch-2.14.0+cu130
distilgpt2	torch-eager	cold	2	89	3281.6			torch-2.14.0+cu130
distilgpt2	torch-eager	cold	2	90	3447.5			torch-2.14.0+cu130
distilgpt2	torch-eager	cold	2	91	3311.4			torch-2.14.0+cu130
distilgpt2	torch-eager	cold	2	92	3249.9			torch-2.14.0+cu130
distilgpt2	torch-eager	cold	2	93	3299.5			torch-2.14.0+cu130
distilgpt2	torch-eager	cold	2	94	3270.1			torch-2.14.0+cu130
distilgpt2	torch-eager	cold	2	95	3520.5			torch-2.14.0+cu130
distilgpt2	torch-eager	cold	2	96	3293.3			torch-2.14.0+cu130
distilgpt2	torch-eager	cold	2	97	3278.7			torch-2.14.0+cu130
distilgpt2	torch-eager	cold	2	98	3269.4			torch-2.14.0+cu130
distilgpt2	torch-eager	cold	2	99	3250.1			torch-2.14.0+cu130
distilgpt2	torch-eager	cold	2	100	3499.5			torch-2.14.0+cu130
distilgpt2	torch-eager	cold	2	101	3295.2			torch-2.14.0+cu130
distilgpt2	torch-eager	cold	2	102	3223.4			torch-2.14.0+cu130
distilgpt2	torch-eager	cold	2	103	3348.8			torch-2.14.0+cu130
distilgpt2	torch-eager	cold	2	104	3272.8			torch-2.14.0+cu130
distilgpt2	torch-eager	cold	2	105	3426.6			torch-2.14.0+cu130
distilgpt2	torch-eager	cold	2	106	3324.5			torch-2.14.0+cu130
distilgpt2	torch-eager	cold	2	107	3277.3			torch-2.14.0+cu130
distilgpt2	torch-eager	cold	2	108	3251.1			torch-2.14.0+cu130
distilgpt2	torch-eager	cold	2	109	3237.2			torch-2.14.0+cu130
distilgpt2	torch-eager	cold	2	110	3435.6			torch-2.14.0+cu130
distilgpt2	torch-eager	cold	2	111	3274.7			torch-2.14.0+cu130
distilgpt2	torch-eager	cold	2	112	3253.2			torch-2.14.0+cu130
distilgpt2	torch-eager	cold	2	113	3313.3			torch-2.14.0+cu130
distilgpt2	torch-eager	cold	2	114	3322.6			torch-2.14.0+cu130
distilgpt2	torch-eager	cold	2	115	3441.3			torch-2.14.0+cu130
distilgpt2	torch-eager	cold	2	116	3282.3			torch-2.14.0+cu130
distilgpt2	torch-eager	cold	2	117	3305.0			torch-2.14.0+cu130
distilgpt2	torch-eager	cold	2	118	3351.0			torch-2.14.0+cu130
distilgpt2	torch-eager	cold	2	119	3296.9			torch-2.14.0+cu130
distilgpt2	torch-eager	cold	2	120	3470.7			torch-2.14.0+cu130
distilgpt2	torch-eager	cold	2	121	3263.5			torch-2.14.0+cu130
distilgpt2	torch-eager	cold	2	122	3258.5			torch-2.14.0+cu130
distilgpt2	torch-eager	cold	2	123	3273.5			torch-2.14.0+cu130
distilgpt2	torch-eager	cold	2	124	3260.4			torch-2.14.0+cu130
distilgpt2	torch-eager	cold	2	125	3510.5			torch-2.14.0+cu130
distilgpt2	torch-eager	cold	2	126	3347.6			torch-2.14.0+cu130
distilgpt2	torch-eager	cold	2	127	3353.4			torch-2.14.0+cu130
distilgpt2	torch-eager	cold	2	128	3282.8			torch-2.14.0+cu130
distilgpt2	torch-eager	cold	2	129	3266.8			torch-2.14.0+cu130
distilgpt2	torch-eager	cold	2	130	3476.9			torch-2.14.0+cu130
distilgpt2	torch-eager	cold	2	131	3242.0			torch-2.14.0+cu130
distilgpt2	torch-eager	cold	2	132	3257.5			torch-2.14.0+cu130
distilgpt2	torch-eager	cold	2	133	3252.3			torch-2.14.0+cu130
distilgpt2	torch-eager	cold	2	134	3259.7			torch-2.14.0+cu130
distilgpt2	torch-eager	cold	2	135	3437.0			torch-2.14.0+cu130
distilgpt2	torch-eager	cold	2	136	3243.7			torch-2.14.0+cu130
distilgpt2	torch-eager	cold	2	137	3306.6			torch-2.14.0+cu130
distilgpt2	torch-eager	cold	2	138	3296.9			torch-2.14.0+cu130
distilgpt2	torch-eager	cold	2	139	3300.0			torch-2.14.0+cu130
distilgpt2	torch-eager	cold	2	140	3422.5			torch-2.14.0+cu130
distilgpt2	torch-eager	cold	2	141	3308.8			torch-2.14.0+cu130
distilgpt2	torch-eager	cold	2	142	3241.8			torch-2.14.0+cu130
distilgpt2	torch-eager	cold	2	143	3310.4			torch-2.14.0+cu130
distilgpt2	torch-eager	cold	2	144	3274.0			torch-2.14.0+cu130
distilgpt2	torch-eager	cold	2	145	3433.2			torch-2.14.0+cu130
distilgpt2	torch-eager	cold	2	146	3296.6			torch-2.14.0+cu130
distilgpt2	torch-eager	cold	2	147	3304.5			torch-2.14.0+cu130
distilgpt2	torch-eager	cold	2	148	3300.4			torch-2.14.0+cu130
distilgpt2	torch-eager	cold	2	149	3260.4			torch-2.14.0+cu130
distilgpt2	torch-eager	cold	2	150	3457.8			torch-2.14.0+cu130
distilgpt2	torch-eager	cold	2	151	3286.8			torch-2.14.0+cu130
distilgpt2	torch-eager	cold	2	152	3276.6			torch-2.14.0+cu130
distilgpt2	torch-eager	cold	2	153	3246.8			torch-2.14.0+cu130
distilgpt2	torch-eager	cold	2	154	3252.5			torch-2.14.0+cu130
distilgpt2	torch-eager	cold	2	155	3457.5			torch-2.14.0+cu130
distilgpt2	torch-eager	cold	2	156	3245.1			torch-2.14.0+cu130
distilgpt2	torch-eager	cold	2	157	3302.6			torch-2.14.0+cu130
distilgpt2	torch-eager	cold	2	158	3276.3			torch-2.14.0+cu130
distilgpt2	torch-eager	cold	2	159	3275.6			torch-2.14.0+cu130
distilgpt2	torch-eager	cold	2	160	3459.0			torch-2.14.0+cu130
distilgpt2	torch-eager	cold	2	161	3262.5			torch-2.14.0+cu130
distilgpt2	torch-eager	cold	2	162	3271.3			torch-2.14.0+cu130
distilgpt2	torch-eager	cold	2	163	3259.7			torch-2.14.0+cu130
distilgpt2	torch-eager	cold	2	164	3288.3			torch-2.14.0+cu130
distilgpt2	torch-eager	cold	2	165	3445.6			torch-2.14.0+cu130
distilgpt2	torch-eager	cold	2	166	3260.4			torch-2.14.0+cu130
distilgpt2	torch-eager	cold	2	167	3323.3			torch-2.14.0+cu130
distilgpt2	torch-eager	cold	2	168	3310.4			torch-2.14.0+cu130
distilgpt2	torch-eager	cold	2	169	3359.6			torch-2.14.0+cu130
distilgpt2	torch-eager	cold	2	170	3484.7			torch-2.14.0+cu130
distilgpt2	torch-eager	cold	2	171	3286.1			torch-2.14.0+cu130
distilgpt2	torch-eager	cold	2	172	3299.5			torch-2.14.0+cu130
distilgpt2	torch-eager	cold	2	173	3310.7			torch-2.14.0+cu130
distilgpt2	torch-eager	cold	2	174	3305.7			torch-2.14.0+cu130
distilgpt2	torch-eager	cold	2	175	3481.9			torch-2.14.0+cu130
distilgpt2	torch-eager	cold	2	176	3310.7			torch-2.14.0+cu130
distilgpt2	torch-eager	cold	2	177	3325.7			torch-2.14.0+cu130
distilgpt2	torch-eager	cold	2	178	3297.8			torch-2.14.0+cu130
distilgpt2	torch-eager	cold	2	179	3278.0			torch-2.14.0+cu130
distilgpt2	torch-eager	cold	2	180	3461.8			torch-2.14.0+cu130
distilgpt2	torch-eager	cold	2	181	3301.1			torch-2.14.0+cu130
distilgpt2	torch-eager	cold	2	182	3321.6			torch-2.14.0+cu130
distilgpt2	torch-eager	cold	2	183	3279.4			torch-2.14.0+cu130
distilgpt2	torch-eager	cold	2	184	3247.0			torch-2.14.0+cu130
distilgpt2	torch-eager	cold	2	185	3885.7			torch-2.14.0+cu130
distilgpt2	torch-eager	cold	2	186	3345.3			torch-2.14.0+cu130
distilgpt2	torch-eager	cold	2	187	3437.5			torch-2.14.0+cu130
distilgpt2	torch-eager	cold	2	188	3306.9			torch-2.14.0+cu130
distilgpt2	torch-eager	cold	2	189	3309.2			torch-2.14.0+cu130
distilgpt2	torch-eager	cold	2	190	3328.3			torch-2.14.0+cu130
distilgpt2	torch-eager	cold	2	191	3346.2			torch-2.14.0+cu130
distilgpt2	torch-eager	cold	2	192	3284.0			torch-2.14.0+cu130
distilgpt2	torch-eager	cold	2	193	3297.8			torch-2.14.0+cu130
distilgpt2	torch-eager	cold	2	194	3289.7			torch-2.14.0+cu130
distilgpt2	torch-eager	cold	2	195	3513.3			torch-2.14.0+cu130
distilgpt2	torch-eager	cold	2	196	3299.0			torch-2.14.0+cu130
distilgpt2	torch-eager	cold	2	197	3294.2			torch-2.14.0+cu130
distilgpt2	torch-eager	cold	2	198	3310.4			torch-2.14.0+cu130
distilgpt2	torch-eager	cold	2	199	3374.1			torch-2.14.0+cu130
distilgpt2	torch-eager	cold	2	200	3468.0			torch-2.14.0+cu130
distilgpt2	torch-eager	cold	2	201	3365.5			torch-2.14.0+cu130
distilgpt2	torch-eager	cold	2	202	3311.2			torch-2.14.0+cu130
distilgpt2	torch-eager	cold	2	203	3337.9			torch-2.14.0+cu130
distilgpt2	torch-eager	cold	2	204	3296.1			torch-2.14.0+cu130
distilgpt2	torch-eager	cold	2	205	3476.6			torch-2.14.0+cu130
distilgpt2	torch-eager	cold	2	206	3313.5			torch-2.14.0+cu130
distilgpt2	torch-eager	cold	2	207	3291.4			torch-2.14.0+cu130
distilgpt2	torch-eager	cold	2	208	3275.2			torch-2.14.0+cu130
distilgpt2	torch-eager	cold	2	209	3303.5			torch-2.14.0+cu130
distilgpt2	torch-eager	cold	2	210	3426.3			torch-2.14.0+cu130
distilgpt2	torch-eager	cold	2	211	3289.5			torch-2.14.0+cu130
distilgpt2	torch-eager	cold	2	212	3267.8			torch-2.14.0+cu130
distilgpt2	torch-eager	cold	2	213	3364.1			torch-2.14.0+cu130
distilgpt2	torch-eager	cold	2	214	3299.7			torch-2.14.0+cu130
distilgpt2	torch-eager	cold	2	215	3462.8			torch-2.14.0+cu130
distilgpt2	torch-eager	cold	2	216	3324.5			torch-2.14.0+cu130
distilgpt2	torch-eager	cold	2	217	3284.7			torch-2.14.0+cu130
distilgpt2	torch-eager	cold	2	218	3304.7			torch-2.14.0+cu130
distilgpt2	torch-eager	cold	2	219	3308.1			torch-2.14.0+cu130
distilgpt2	torch-eager	cold	2	220	3447.5			torch-2.14.0+cu130
distilgpt2	torch-eager	cold	2	221	3293.5			torch-2.14.0+cu130
distilgpt2	torch-eager	cold	2	222	3280.6			torch-2.14.0+cu130
distilgpt2	torch-eager	cold	2	223	3250.6			torch-2.14.0+cu130
distilgpt2	torch-eager	cold	2	224	3275.2			torch-2.14.0+cu130
distilgpt2	torch-eager	cold	2	225	3432.5			torch-2.14.0+cu130
distilgpt2	torch-eager	cold	2	226	3268.2			torch-2.14.0+cu130
distilgpt2	torch-eager	cold	2	227	3314.7			torch-2.14.0+cu130
distilgpt2	torch-eager	cold	2	228	3366.0			torch-2.14.0+cu130
distilgpt2	torch-eager	cold	2	229	3340.5			torch-2.14.0+cu130
distilgpt2	torch-eager	cold	2	230	3475.0			torch-2.14.0+cu130
distilgpt2	torch-eager	cold	2	231	3263.0			torch-2.14.0+cu130
distilgpt2	torch-eager	cold	2	232	3289.0			torch-2.14.0+cu130
distilgpt2	torch-eager	cold	2	233	3325.7			torch-2.14.0+cu130
distilgpt2	torch-eager	cold	2	234	3316.4			torch-2.14.0+cu130
distilgpt2	torch-eager	cold	2	235	3523.3			torch-2.14.0+cu130
distilgpt2	torch-eager	cold	2	236	3322.1			torch-2.14.0+cu130
distilgpt2	torch-eager	cold	2	237	3299.0			torch-2.14.0+cu130
distilgpt2	torch-eager	cold	2	238	3301.1			torch-2.14.0+cu130
distilgpt2	torch-eager	cold	2	239	3299.0			torch-2.14.0+cu130
distilgpt2	torch-eager	cold	2	240	3485.0			torch-2.14.0+cu130
distilgpt2	torch-eager	cold	2	241	3293.8			torch-2.14.0+cu130
distilgpt2	torch-eager	cold	2	242	3308.3			torch-2.14.0+cu130
distilgpt2	torch-eager	cold	2	243	3295.7			torch-2.14.0+cu130
distilgpt2	torch-eager	cold	2	244	3288.5			torch-2.14.0+cu130
distilgpt2	torch-eager	cold	2	245	3471.6			torch-2.14.0+cu130
distilgpt2	torch-eager	cold	2	246	3304.5			torch-2.14.0+cu130
distilgpt2	torch-eager	cold	2	247	3364.3			torch-2.14.0+cu130
distilgpt2	torch-eager	cold	2	248	3313.3			torch-2.14.0+cu130
distilgpt2	torch-eager	cold	2	249	3290.2			torch-2.14.0+cu130
distilgpt2	torch-eager	cold	2	250	3464.9			torch-2.14.0+cu130
distilgpt2	torch-eager	cold	2	251	3325.0			torch-2.14.0+cu130
distilgpt2	torch-eager	cold	2	252	3281.4			torch-2.14.0+cu130
distilgpt2	torch-eager	cold	2	253	3262.5			torch-2.14.0+cu130
distilgpt2	torch-eager	cold	2	254	3280.9			torch-2.14.0+cu130
distilgpt2	torch-eager	cold	2	255	3451.8			torch-2.14.0+cu130
distilgpt2	torch-eager	cold	2	256	3253.7			torch-2.14.0+cu130
distilgpt2	torch-eager	cold	2	257	3300.4			torch-2.14.0+cu130
distilgpt2	torch-eager	cold	2	258	3315.7			torch-2.14.0+cu130
distilgpt2	torch-eager	cold	2	259	3288.5			torch-2.14.0+cu130
distilgpt2	torch-eager	cold	2	260	3455.2			torch-2.14.0+cu130
distilgpt2	torch-eager	cold	2	261	3298.5			torch-2.14.0+cu130
distilgpt2	torch-eager	cold	2	262	3296.1			torch-2.14.0+cu130
distilgpt2	torch-eager	cold	2	263	3304.2			torch-2.14.0+cu130
distilgpt2	torch-eager	cold	2	264	3298.3			torch-2.14.0+cu130
distilgpt2	torch-eager	cold	2	265	3443.0			torch-2.14.0+cu130
distilgpt2	torch-eager	cold	2	266	3300.0			torch-2.14.0+cu130
distilgpt2	torch-eager	cold	2	267	3316.4			torch-2.14.0+cu130
distilgpt2	torch-eager	cold	2	268	3303.3			torch-2.14.0+cu130
distilgpt2	torch-eager	cold	2	269	3255.1			torch-2.14.0+cu130
distilgpt2	torch-eager	cold	2	270	3491.9			torch-2.14.0+cu130
distilgpt2	torch-eager	cold	2	271	3272.3			torch-2.14.0+cu130
distilgpt2	torch-eager	cold	2	272	3264.4			torch-2.14.0+cu130
distilgpt2	torch-eager	cold	2	273	3302.1			torch-2.14.0+cu130
distilgpt2	torch-eager	cold	2	274	3252.3			torch-2.14.0+cu130
distilgpt2	torch-eager	cold	2	275	3481.1			torch-2.14.0+cu130
distilgpt2	torch-eager	cold	2	276	3296.1			torch-2.14.0+cu130
distilgpt2	torch-eager	cold	2	277	3301.9			torch-2.14.0+cu130
distilgpt2	torch-eager	cold	2	278	3238.7			torch-2.14.0+cu130
distilgpt2	torch-eager	cold	2	279	3265.9			torch-2.14.0+cu130
distilgpt2	torch-eager	cold	2	280	3431.1			torch-2.14.0+cu130
distilgpt2	torch-eager	cold	2	281	3269.4			torch-2.14.0+cu130
distilgpt2	torch-eager	cold	2	282	3272.8			torch-2.14.0+cu130
distilgpt2	torch-eager	cold	2	283	3311.4			torch-2.14.0+cu130
distilgpt2	torch-eager	cold	2	284	3244.6			torch-2.14.0+cu130
distilgpt2	torch-eager	cold	2	285	3448.2			torch-2.14.0+cu130
distilgpt2	torch-eager	cold	2	286	3269.2			torch-2.14.0+cu130
distilgpt2	torch-eager	cold	2	287	3330.9			torch-2.14.0+cu130
distilgpt2	torch-eager	cold	2	288	3303.1			torch-2.14.0+cu130
distilgpt2	torch-eager	cold	2	289	3270.4			torch-2.14.0+cu130
distilgpt2	torch-eager	cold	2	290	3428.5			torch-2.14.0+cu130
distilgpt2	torch-eager	cold	2	291	3268.5			torch-2.14.0+cu130
distilgpt2	torch-eager	cold	2	292	3274.0			torch-2.14.0+cu130
distilgpt2	torch-eager	cold	2	293	3308.3			torch-2.14.0+cu130
distilgpt2	torch-eager	cold	2	294	3299.2			torch-2.14.0+cu130
distilgpt2	torch-eager	cold	2	295	3460.9			torch-2.14.0+cu130
distilgpt2	torch-eager	cold	2	296	3302.6			torch-2.14.0+cu130
distilgpt2	torch-eager	cold	2	297	3285.6			torch-2.14.0+cu130
distilgpt2	torch-eager	cold	2	298	3290.9			torch-2.14.0+cu130
distilgpt2	torch-eager	cold	2	299	3274.4			torch-2.14.0+cu130
distilgpt2	ours	cold	2	0	4539281.1	7	254	ddc8008cdeaf
distilgpt2	ours	cold	2	1	14087.9	0	93	ddc8008cdeaf
distilgpt2	ours	cold	2	2	1395.0	0	57	ddc8008cdeaf
distilgpt2	ours	cold	2	3	580867.1	1	87	ddc8008cdeaf
distilgpt2	ours	cold	2	4	7334.0	0	77	ddc8008cdeaf
distilgpt2	ours	cold	2	5	3851.9	1	39	ddc8008cdeaf
distilgpt2	ours	cold	2	6	2439.0	0	39	ddc8008cdeaf
distilgpt2	ours	cold	2	7	2013.9	0	39	ddc8008cdeaf
distilgpt2	ours	cold	2	8	1271.0	0	39	ddc8008cdeaf
distilgpt2	ours	cold	2	9	1874.0	0	39	ddc8008cdeaf
distilgpt2	ours	cold	2	10	1273.2	0	39	ddc8008cdeaf
distilgpt2	ours	cold	2	11	1296.0	0	39	ddc8008cdeaf
distilgpt2	ours	cold	2	12	1889.0	0	39	ddc8008cdeaf
distilgpt2	ours	cold	2	13	1284.1	0	39	ddc8008cdeaf
distilgpt2	ours	cold	2	14	1283.9	0	39	ddc8008cdeaf
distilgpt2	ours	cold	2	15	1272.9	0	39	ddc8008cdeaf
distilgpt2	ours	cold	2	16	1879.9	0	39	ddc8008cdeaf
distilgpt2	ours	cold	2	17	1303.9	0	39	ddc8008cdeaf
distilgpt2	ours	cold	2	18	1318.0	0	39	ddc8008cdeaf
distilgpt2	ours	cold	2	19	1327.0	0	39	ddc8008cdeaf
distilgpt2	ours	cold	2	20	1283.9	0	39	ddc8008cdeaf
distilgpt2	ours	cold	2	21	1941.9	0	39	ddc8008cdeaf
distilgpt2	ours	cold	2	22	1305.1	0	39	ddc8008cdeaf
distilgpt2	ours	cold	2	23	1308.9	0	39	ddc8008cdeaf
distilgpt2	ours	cold	2	24	1272.9	0	39	ddc8008cdeaf
distilgpt2	ours	cold	2	25	1294.1	0	39	ddc8008cdeaf
distilgpt2	ours	cold	2	26	1290.1	0	39	ddc8008cdeaf
distilgpt2	ours	cold	2	27	1972.9	0	39	ddc8008cdeaf
distilgpt2	ours	cold	2	28	1276.0	0	39	ddc8008cdeaf
distilgpt2	ours	cold	2	29	1280.8	0	39	ddc8008cdeaf
distilgpt2	ours	cold	2	30	1276.0	0	39	ddc8008cdeaf
distilgpt2	ours	cold	2	31	1289.8	0	39	ddc8008cdeaf
distilgpt2	ours	cold	2	32	1277.9	0	39	ddc8008cdeaf
distilgpt2	ours	cold	2	33	1294.1	0	39	ddc8008cdeaf
distilgpt2	ours	cold	2	34	2003.9	0	39	ddc8008cdeaf
distilgpt2	ours	cold	2	35	1291.0	0	39	ddc8008cdeaf
distilgpt2	ours	cold	2	36	1344.9	0	39	ddc8008cdeaf
distilgpt2	ours	cold	2	37	1278.2	0	39	ddc8008cdeaf
distilgpt2	ours	cold	2	38	1283.9	0	39	ddc8008cdeaf
distilgpt2	ours	cold	2	39	1286.0	0	39	ddc8008cdeaf
distilgpt2	ours	cold	2	40	1338.0	0	39	ddc8008cdeaf
distilgpt2	ours	cold	2	41	1300.8	0	39	ddc8008cdeaf
distilgpt2	ours	cold	2	42	1938.8	0	39	ddc8008cdeaf
distilgpt2	ours	cold	2	43	1294.9	0	39	ddc8008cdeaf
distilgpt2	ours	cold	2	44	1277.0	0	39	ddc8008cdeaf
distilgpt2	ours	cold	2	45	1276.0	0	39	ddc8008cdeaf
distilgpt2	ours	cold	2	46	1282.9	0	39	ddc8008cdeaf
distilgpt2	ours	cold	2	47	1326.8	0	39	ddc8008cdeaf
distilgpt2	ours	cold	2	48	1285.8	0	39	ddc8008cdeaf
distilgpt2	ours	cold	2	49	1287.0	0	39	ddc8008cdeaf
distilgpt2	ours	cold	2	50	1277.0	0	39	ddc8008cdeaf
distilgpt2	ours	cold	2	51	1996.0	0	39	ddc8008cdeaf
distilgpt2	ours	cold	2	52	1282.2	0	39	ddc8008cdeaf
distilgpt2	ours	cold	2	53	1276.0	0	39	ddc8008cdeaf
distilgpt2	ours	cold	2	54	1278.9	0	39	ddc8008cdeaf
distilgpt2	ours	cold	2	55	1292.9	0	39	ddc8008cdeaf
distilgpt2	ours	cold	2	56	1292.0	0	39	ddc8008cdeaf
distilgpt2	ours	cold	2	57	1293.2	0	39	ddc8008cdeaf
distilgpt2	ours	cold	2	58	1293.9	0	39	ddc8008cdeaf
distilgpt2	ours	cold	2	59	1287.0	0	39	ddc8008cdeaf
distilgpt2	ours	cold	2	60	1266.0	0	39	ddc8008cdeaf
distilgpt2	ours	cold	2	61	1997.9	0	39	ddc8008cdeaf
distilgpt2	ours	cold	2	62	1280.1	0	39	ddc8008cdeaf
distilgpt2	ours	cold	2	63	1337.1	0	39	ddc8008cdeaf
distilgpt2	ours	cold	2	64	1310.1	0	39	ddc8008cdeaf
distilgpt2	ours	cold	2	65	1318.9	0	39	ddc8008cdeaf
distilgpt2	ours	cold	2	66	1279.1	0	39	ddc8008cdeaf
distilgpt2	ours	cold	2	67	1298.9	0	39	ddc8008cdeaf
distilgpt2	ours	cold	2	68	1269.8	0	39	ddc8008cdeaf
distilgpt2	ours	cold	2	69	1284.8	0	39	ddc8008cdeaf
distilgpt2	ours	cold	2	70	1275.1	0	39	ddc8008cdeaf
distilgpt2	ours	cold	2	71	1273.2	0	39	ddc8008cdeaf
distilgpt2	ours	cold	2	72	2031.1	0	39	ddc8008cdeaf
distilgpt2	ours	cold	2	73	1344.9	0	39	ddc8008cdeaf
distilgpt2	ours	cold	2	74	1341.1	0	39	ddc8008cdeaf
distilgpt2	ours	cold	2	75	1276.0	0	39	ddc8008cdeaf
distilgpt2	ours	cold	2	76	1308.9	0	39	ddc8008cdeaf
distilgpt2	ours	cold	2	77	1281.0	0	39	ddc8008cdeaf
distilgpt2	ours	cold	2	78	1342.1	0	39	ddc8008cdeaf
distilgpt2	ours	cold	2	79	1285.1	0	39	ddc8008cdeaf
distilgpt2	ours	cold	2	80	1283.9	0	39	ddc8008cdeaf
distilgpt2	ours	cold	2	81	1277.9	0	39	ddc8008cdeaf
distilgpt2	ours	cold	2	82	1296.0	0	39	ddc8008cdeaf
distilgpt2	ours	cold	2	83	1287.0	0	39	ddc8008cdeaf
distilgpt2	ours	cold	2	84	2121.2	0	39	ddc8008cdeaf
distilgpt2	ours	cold	2	85	1311.1	0	39	ddc8008cdeaf
distilgpt2	ours	cold	2	86	1282.0	0	39	ddc8008cdeaf
distilgpt2	ours	cold	2	87	1275.1	0	39	ddc8008cdeaf
distilgpt2	ours	cold	2	88	1282.9	0	39	ddc8008cdeaf
distilgpt2	ours	cold	2	89	1274.1	0	39	ddc8008cdeaf
distilgpt2	ours	cold	2	90	1276.0	0	39	ddc8008cdeaf
distilgpt2	ours	cold	2	91	1260.0	0	39	ddc8008cdeaf
distilgpt2	ours	cold	2	92	1286.0	0	39	ddc8008cdeaf
distilgpt2	ours	cold	2	93	1337.1	0	39	ddc8008cdeaf
distilgpt2	ours	cold	2	94	1274.1	0	39	ddc8008cdeaf
distilgpt2	ours	cold	2	95	1268.9	0	39	ddc8008cdeaf
distilgpt2	ours	cold	2	96	1328.9	0	39	ddc8008cdeaf
distilgpt2	ours	cold	2	97	2150.1	0	39	ddc8008cdeaf
distilgpt2	ours	cold	2	98	1318.0	0	39	ddc8008cdeaf
distilgpt2	ours	cold	2	99	1265.0	0	39	ddc8008cdeaf
distilgpt2	ours	cold	2	100	1301.1	0	39	ddc8008cdeaf
distilgpt2	ours	cold	2	101	1261.0	0	39	ddc8008cdeaf
distilgpt2	ours	cold	2	102	1273.2	0	39	ddc8008cdeaf
distilgpt2	ours	cold	2	103	1277.9	0	39	ddc8008cdeaf
distilgpt2	ours	cold	2	104	1277.9	0	39	ddc8008cdeaf
distilgpt2	ours	cold	2	105	1302.0	0	39	ddc8008cdeaf
distilgpt2	ours	cold	2	106	1294.1	0	39	ddc8008cdeaf
distilgpt2	ours	cold	2	107	1272.9	0	39	ddc8008cdeaf
distilgpt2	ours	cold	2	108	1296.0	0	39	ddc8008cdeaf
distilgpt2	ours	cold	2	109	1289.1	0	39	ddc8008cdeaf
distilgpt2	ours	cold	2	110	1276.0	0	39	ddc8008cdeaf
distilgpt2	ours	cold	2	111	2321.0	0	39	ddc8008cdeaf
distilgpt2	ours	cold	2	112	1283.2	0	39	ddc8008cdeaf
distilgpt2	ours	cold	2	113	1272.9	0	39	ddc8008cdeaf
distilgpt2	ours	cold	2	114	1302.0	0	39	ddc8008cdeaf
distilgpt2	ours	cold	2	115	1275.1	0	39	ddc8008cdeaf
distilgpt2	ours	cold	2	116	1344.0	0	39	ddc8008cdeaf
distilgpt2	ours	cold	2	117	1286.0	0	39	ddc8008cdeaf
distilgpt2	ours	cold	2	118	1272.9	0	39	ddc8008cdeaf
distilgpt2	ours	cold	2	119	1273.9	0	39	ddc8008cdeaf
distilgpt2	ours	cold	2	120	1292.0	0	39	ddc8008cdeaf
distilgpt2	ours	cold	2	121	1331.8	0	39	ddc8008cdeaf
distilgpt2	ours	cold	2	122	1276.0	0	39	ddc8008cdeaf
distilgpt2	ours	cold	2	123	1278.9	0	39	ddc8008cdeaf
distilgpt2	ours	cold	2	124	1271.0	0	39	ddc8008cdeaf
distilgpt2	ours	cold	2	125	1269.8	0	39	ddc8008cdeaf
distilgpt2	ours	cold	2	126	2286.0	0	39	ddc8008cdeaf
distilgpt2	ours	cold	2	127	1298.0	0	39	ddc8008cdeaf
distilgpt2	ours	cold	2	128	1305.8	0	39	ddc8008cdeaf
distilgpt2	ours	cold	2	129	1274.8	0	39	ddc8008cdeaf
distilgpt2	ours	cold	2	130	1281.0	0	39	ddc8008cdeaf
distilgpt2	ours	cold	2	131	1293.9	0	39	ddc8008cdeaf
distilgpt2	ours	cold	2	132	1284.1	0	39	ddc8008cdeaf
distilgpt2	ours	cold	2	133	1280.1	0	39	ddc8008cdeaf
distilgpt2	ours	cold	2	134	1292.0	0	39	ddc8008cdeaf
distilgpt2	ours	cold	2	135	1290.1	0	39	ddc8008cdeaf
distilgpt2	ours	cold	2	136	1281.0	0	39	ddc8008cdeaf
distilgpt2	ours	cold	2	137	1339.9	0	39	ddc8008cdeaf
distilgpt2	ours	cold	2	138	1274.1	0	39	ddc8008cdeaf
distilgpt2	ours	cold	2	139	1339.0	0	39	ddc8008cdeaf
distilgpt2	ours	cold	2	140	1271.0	0	39	ddc8008cdeaf
distilgpt2	ours	cold	2	141	1283.9	0	39	ddc8008cdeaf
distilgpt2	ours	cold	2	142	1270.1	0	39	ddc8008cdeaf
distilgpt2	ours	cold	2	143	1276.0	0	39	ddc8008cdeaf
distilgpt2	ours	cold	2	144	1275.8	0	39	ddc8008cdeaf
distilgpt2	ours	cold	2	145	1266.0	0	39	ddc8008cdeaf
distilgpt2	ours	cold	2	146	1307.0	0	39	ddc8008cdeaf
distilgpt2	ours	cold	2	147	1297.0	0	39	ddc8008cdeaf
distilgpt2	ours	cold	2	148	3206.0	0	39	ddc8008cdeaf
distilgpt2	ours	cold	2	149	1349.9	0	39	ddc8008cdeaf
distilgpt2	ours	cold	2	150	1306.1	0	39	ddc8008cdeaf
distilgpt2	ours	cold	2	151	1276.0	0	39	ddc8008cdeaf
distilgpt2	ours	cold	2	152	1319.2	0	39	ddc8008cdeaf
distilgpt2	ours	cold	2	153	1267.9	0	39	ddc8008cdeaf
distilgpt2	ours	cold	2	154	1305.1	0	39	ddc8008cdeaf
distilgpt2	ours	cold	2	155	1292.0	0	39	ddc8008cdeaf
distilgpt2	ours	cold	2	156	1277.0	0	39	ddc8008cdeaf
distilgpt2	ours	cold	2	157	1277.9	0	39	ddc8008cdeaf
distilgpt2	ours	cold	2	158	1269.8	0	39	ddc8008cdeaf
distilgpt2	ours	cold	2	159	1275.8	0	39	ddc8008cdeaf
distilgpt2	ours	cold	2	160	1317.0	0	39	ddc8008cdeaf
distilgpt2	ours	cold	2	161	1289.8	0	39	ddc8008cdeaf
distilgpt2	ours	cold	2	162	1304.9	0	39	ddc8008cdeaf
distilgpt2	ours	cold	2	163	1308.0	0	39	ddc8008cdeaf
distilgpt2	ours	cold	2	164	1287.9	0	39	ddc8008cdeaf
distilgpt2	ours	cold	2	165	1286.0	0	39	ddc8008cdeaf
distilgpt2	ours	cold	2	166	6016.0	0	39	ddc8008cdeaf
distilgpt2	ours	cold	2	167	1281.0	0	39	ddc8008cdeaf
distilgpt2	ours	cold	2	168	1283.2	0	39	ddc8008cdeaf
distilgpt2	ours	cold	2	169	1261.0	0	39	ddc8008cdeaf
distilgpt2	ours	cold	2	170	1277.9	0	39	ddc8008cdeaf
distilgpt2	ours	cold	2	171	1272.0	0	39	ddc8008cdeaf
distilgpt2	ours	cold	2	172	1298.9	0	39	ddc8008cdeaf
distilgpt2	ours	cold	2	173	1292.9	0	39	ddc8008cdeaf
distilgpt2	ours	cold	2	174	1279.1	0	39	ddc8008cdeaf
distilgpt2	ours	cold	2	175	1281.0	0	39	ddc8008cdeaf
distilgpt2	ours	cold	2	176	1281.0	0	39	ddc8008cdeaf
distilgpt2	ours	cold	2	177	1277.9	0	39	ddc8008cdeaf
distilgpt2	ours	cold	2	178	1305.8	0	39	ddc8008cdeaf
distilgpt2	ours	cold	2	179	1320.8	0	39	ddc8008cdeaf
distilgpt2	ours	cold	2	180	1272.0	0	39	ddc8008cdeaf
distilgpt2	ours	cold	2	181	1272.0	0	39	ddc8008cdeaf
distilgpt2	ours	cold	2	182	1277.0	0	39	ddc8008cdeaf
distilgpt2	ours	cold	2	183	1278.9	0	39	ddc8008cdeaf
distilgpt2	ours	cold	2	184	1344.0	0	39	ddc8008cdeaf
distilgpt2	ours	cold	2	185	1358.0	0	39	ddc8008cdeaf
distilgpt2	ours	cold	2	186	1262.9	0	39	ddc8008cdeaf
distilgpt2	ours	cold	2	187	1339.9	0	39	ddc8008cdeaf
distilgpt2	ours	cold	2	188	1271.0	0	39	ddc8008cdeaf
distilgpt2	ours	cold	2	189	1276.0	0	39	ddc8008cdeaf
distilgpt2	ours	cold	2	190	1280.1	0	39	ddc8008cdeaf
distilgpt2	ours	cold	2	191	1292.0	0	39	ddc8008cdeaf
distilgpt2	ours	cold	2	192	3572.9	0	39	ddc8008cdeaf
distilgpt2	ours	cold	2	193	1294.1	0	39	ddc8008cdeaf
distilgpt2	ours	cold	2	194	1287.0	0	39	ddc8008cdeaf
distilgpt2	ours	cold	2	195	1310.8	0	39	ddc8008cdeaf
distilgpt2	ours	cold	2	196	1307.0	0	39	ddc8008cdeaf
distilgpt2	ours	cold	2	197	1270.1	0	39	ddc8008cdeaf
distilgpt2	ours	cold	2	198	1232.9	0	39	ddc8008cdeaf
distilgpt2	ours	cold	2	199	1236.0	0	39	ddc8008cdeaf
distilgpt2	ours	cold	2	200	1235.0	0	39	ddc8008cdeaf
distilgpt2	ours	cold	2	201	1312.0	0	39	ddc8008cdeaf
distilgpt2	ours	cold	2	202	1241.9	0	39	ddc8008cdeaf
distilgpt2	ours	cold	2	203	1225.0	0	39	ddc8008cdeaf
distilgpt2	ours	cold	2	204	1258.1	0	39	ddc8008cdeaf
distilgpt2	ours	cold	2	205	1264.1	0	39	ddc8008cdeaf
distilgpt2	ours	cold	2	206	1267.0	0	39	ddc8008cdeaf
distilgpt2	ours	cold	2	207	1239.1	0	39	ddc8008cdeaf
distilgpt2	ours	cold	2	208	1308.0	0	39	ddc8008cdeaf
distilgpt2	ours	cold	2	209	1241.0	0	39	ddc8008cdeaf
distilgpt2	ours	cold	2	210	1245.0	0	39	ddc8008cdeaf
distilgpt2	ours	cold	2	211	1236.9	0	39	ddc8008cdeaf
distilgpt2	ours	cold	2	212	1254.8	0	39	ddc8008cdeaf
distilgpt2	ours	cold	2	213	1297.0	0	39	ddc8008cdeaf
distilgpt2	ours	cold	2	214	1284.8	0	39	ddc8008cdeaf
distilgpt2	ours	cold	2	215	1259.8	0	39	ddc8008cdeaf
distilgpt2	ours	cold	2	216	3566.0	0	39	ddc8008cdeaf
distilgpt2	ours	cold	2	217	1256.0	0	39	ddc8008cdeaf
distilgpt2	ours	cold	2	218	1256.0	0	39	ddc8008cdeaf
distilgpt2	ours	cold	2	219	1272.2	0	39	ddc8008cdeaf
distilgpt2	ours	cold	2	220	1240.0	0	39	ddc8008cdeaf
distilgpt2	ours	cold	2	221	1241.0	0	39	ddc8008cdeaf
distilgpt2	ours	cold	2	222	1296.0	0	39	ddc8008cdeaf
distilgpt2	ours	cold	2	223	1267.9	0	39	ddc8008cdeaf
distilgpt2	ours	cold	2	224	1256.9	0	39	ddc8008cdeaf
distilgpt2	ours	cold	2	225	1236.9	0	39	ddc8008cdeaf
distilgpt2	ours	cold	2	226	1250.0	0	39	ddc8008cdeaf
distilgpt2	ours	cold	2	227	1286.0	0	39	ddc8008cdeaf
distilgpt2	ours	cold	2	228	1236.0	0	39	ddc8008cdeaf
distilgpt2	ours	cold	2	229	1254.1	0	39	ddc8008cdeaf
distilgpt2	ours	cold	2	230	1260.0	0	39	ddc8008cdeaf
distilgpt2	ours	cold	2	231	1246.0	0	39	ddc8008cdeaf
distilgpt2	ours	cold	2	232	1248.1	0	39	ddc8008cdeaf
distilgpt2	ours	cold	2	233	1256.0	0	39	ddc8008cdeaf
distilgpt2	ours	cold	2	234	1245.0	0	39	ddc8008cdeaf
distilgpt2	ours	cold	2	235	1237.2	0	39	ddc8008cdeaf
distilgpt2	ours	cold	2	236	1246.9	0	39	ddc8008cdeaf
distilgpt2	ours	cold	2	237	1263.9	0	39	ddc8008cdeaf
distilgpt2	ours	cold	2	238	1278.9	0	39	ddc8008cdeaf
distilgpt2	ours	cold	2	239	1240.0	0	39	ddc8008cdeaf
distilgpt2	ours	cold	2	240	1243.8	0	39	ddc8008cdeaf
distilgpt2	ours	cold	2	241	1304.1	0	39	ddc8008cdeaf
distilgpt2	ours	cold	2	242	1251.0	0	39	ddc8008cdeaf
distilgpt2	ours	cold	2	243	3092.1	0	39	ddc8008cdeaf
distilgpt2	ours	cold	2	244	1272.2	0	39	ddc8008cdeaf
distilgpt2	ours	cold	2	245	1287.0	0	39	ddc8008cdeaf
distilgpt2	ours	cold	2	246	1245.0	0	39	ddc8008cdeaf
distilgpt2	ours	cold	2	247	1238.1	0	39	ddc8008cdeaf
distilgpt2	ours	cold	2	248	1270.1	0	39	ddc8008cdeaf
distilgpt2	ours	cold	2	249	1255.0	0	39	ddc8008cdeaf
distilgpt2	ours	cold	2	250	1236.9	0	39	ddc8008cdeaf
distilgpt2	ours	cold	2	251	1235.0	0	39	ddc8008cdeaf
distilgpt2	ours	cold	2	252	1231.0	0	39	ddc8008cdeaf
distilgpt2	ours	cold	2	253	1241.2	0	39	ddc8008cdeaf
distilgpt2	ours	cold	2	254	1247.9	0	39	ddc8008cdeaf
distilgpt2	ours	cold	2	255	1240.0	0	39	ddc8008cdeaf
distilgpt2	ours	cold	2	256	1228.8	0	39	ddc8008cdeaf
distilgpt2	ours	cold	2	257	1266.0	0	39	ddc8008cdeaf
distilgpt2	ours	cold	2	258	1246.9	0	39	ddc8008cdeaf
distilgpt2	ours	cold	2	259	1270.1	0	39	ddc8008cdeaf
distilgpt2	ours	cold	2	260	1239.1	0	39	ddc8008cdeaf
distilgpt2	ours	cold	2	261	1272.0	0	39	ddc8008cdeaf
distilgpt2	ours	cold	2	262	1236.9	0	39	ddc8008cdeaf
distilgpt2	ours	cold	2	263	1251.0	0	39	ddc8008cdeaf
distilgpt2	ours	cold	2	264	1264.1	0	39	ddc8008cdeaf
distilgpt2	ours	cold	2	265	1238.1	0	39	ddc8008cdeaf
distilgpt2	ours	cold	2	266	1254.1	0	39	ddc8008cdeaf
distilgpt2	ours	cold	2	267	1255.0	0	39	ddc8008cdeaf
distilgpt2	ours	cold	2	268	1247.9	0	39	ddc8008cdeaf
distilgpt2	ours	cold	2	269	1236.0	0	39	ddc8008cdeaf
distilgpt2	ours	cold	2	270	1272.0	0	39	ddc8008cdeaf
distilgpt2	ours	cold	2	271	1231.2	0	39	ddc8008cdeaf
distilgpt2	ours	cold	2	272	3201.0	0	39	ddc8008cdeaf
distilgpt2	ours	cold	2	273	1232.1	0	39	ddc8008cdeaf
distilgpt2	ours	cold	2	274	1236.0	0	39	ddc8008cdeaf
distilgpt2	ours	cold	2	275	1272.0	0	39	ddc8008cdeaf
distilgpt2	ours	cold	2	276	1263.9	0	39	ddc8008cdeaf
distilgpt2	ours	cold	2	277	1243.1	0	39	ddc8008cdeaf
distilgpt2	ours	cold	2	278	1240.0	0	39	ddc8008cdeaf
distilgpt2	ours	cold	2	279	1264.1	0	39	ddc8008cdeaf
distilgpt2	ours	cold	2	280	1259.1	0	39	ddc8008cdeaf
distilgpt2	ours	cold	2	281	1266.0	0	39	ddc8008cdeaf
distilgpt2	ours	cold	2	282	1266.0	0	39	ddc8008cdeaf
distilgpt2	ours	cold	2	283	1269.1	0	39	ddc8008cdeaf
distilgpt2	ours	cold	2	284	1253.8	0	39	ddc8008cdeaf
distilgpt2	ours	cold	2	285	1254.1	0	39	ddc8008cdeaf
distilgpt2	ours	cold	2	286	1260.0	0	39	ddc8008cdeaf
distilgpt2	ours	cold	2	287	1273.2	0	39	ddc8008cdeaf
distilgpt2	ours	cold	2	288	1262.9	0	39	ddc8008cdeaf
distilgpt2	ours	cold	2	289	1239.1	0	39	ddc8008cdeaf
distilgpt2	ours	cold	2	290	1248.1	0	39	ddc8008cdeaf
distilgpt2	ours	cold	2	291	1231.9	0	39	ddc8008cdeaf
distilgpt2	ours	cold	2	292	1237.9	0	39	ddc8008cdeaf
distilgpt2	ours	cold	2	293	1303.0	0	39	ddc8008cdeaf
distilgpt2	ours	cold	2	294	1251.0	0	39	ddc8008cdeaf
distilgpt2	ours	cold	2	295	1257.9	0	39	ddc8008cdeaf
distilgpt2	ours	cold	2	296	1302.0	0	39	ddc8008cdeaf
distilgpt2	ours	cold	2	297	1263.9	0	39	ddc8008cdeaf
distilgpt2	ours	cold	2	298	1277.0	0	39	ddc8008cdeaf
distilgpt2	ours	cold	2	299	1257.9	0	39	ddc8008cdeaf
distilgpt2	torch-compile	cold	2	0	4952831.7			torch-2.14.0+cu130
distilgpt2	torch-compile	cold	2	1	1799.1			torch-2.14.0+cu130
distilgpt2	torch-compile	cold	2	2	1602.6			torch-2.14.0+cu130
distilgpt2	torch-compile	cold	2	3	1525.4			torch-2.14.0+cu130
distilgpt2	torch-compile	cold	2	4	1502.8			torch-2.14.0+cu130
distilgpt2	torch-compile	cold	2	5	1470.3			torch-2.14.0+cu130
distilgpt2	torch-compile	cold	2	6	1465.6			torch-2.14.0+cu130
distilgpt2	torch-compile	cold	2	7	1456.0			torch-2.14.0+cu130
distilgpt2	torch-compile	cold	2	8	1454.4			torch-2.14.0+cu130
distilgpt2	torch-compile	cold	2	9	1436.2			torch-2.14.0+cu130
distilgpt2	torch-compile	cold	2	10	1438.1			torch-2.14.0+cu130
distilgpt2	torch-compile	cold	2	11	1432.4			torch-2.14.0+cu130
distilgpt2	torch-compile	cold	2	12	1492.0			torch-2.14.0+cu130
distilgpt2	torch-compile	cold	2	13	1471.0			torch-2.14.0+cu130
distilgpt2	torch-compile	cold	2	14	1450.1			torch-2.14.0+cu130
distilgpt2	torch-compile	cold	2	15	1442.7			torch-2.14.0+cu130
distilgpt2	torch-compile	cold	2	16	1449.3			torch-2.14.0+cu130
distilgpt2	torch-compile	cold	2	17	1454.8			torch-2.14.0+cu130
distilgpt2	torch-compile	cold	2	18	1441.5			torch-2.14.0+cu130
distilgpt2	torch-compile	cold	2	19	1449.6			torch-2.14.0+cu130
distilgpt2	torch-compile	cold	2	20	1438.6			torch-2.14.0+cu130
distilgpt2	torch-compile	cold	2	21	1545.4			torch-2.14.0+cu130
distilgpt2	torch-compile	cold	2	22	1452.9			torch-2.14.0+cu130
distilgpt2	torch-compile	cold	2	23	1440.5			torch-2.14.0+cu130
distilgpt2	torch-compile	cold	2	24	1436.2			torch-2.14.0+cu130
distilgpt2	torch-compile	cold	2	25	1465.3			torch-2.14.0+cu130
distilgpt2	torch-compile	cold	2	26	1470.3			torch-2.14.0+cu130
distilgpt2	torch-compile	cold	2	27	1436.2			torch-2.14.0+cu130
distilgpt2	torch-compile	cold	2	28	1441.0			torch-2.14.0+cu130
distilgpt2	torch-compile	cold	2	29	1433.1			torch-2.14.0+cu130
distilgpt2	torch-compile	cold	2	30	1786.9			torch-2.14.0+cu130
distilgpt2	torch-compile	cold	2	31	1456.0			torch-2.14.0+cu130
distilgpt2	torch-compile	cold	2	32	1446.5			torch-2.14.0+cu130
distilgpt2	torch-compile	cold	2	33	1452.4			torch-2.14.0+cu130
distilgpt2	torch-compile	cold	2	34	1434.8			torch-2.14.0+cu130
distilgpt2	torch-compile	cold	2	35	1440.8			torch-2.14.0+cu130
distilgpt2	torch-compile	cold	2	36	1441.7			torch-2.14.0+cu130
distilgpt2	torch-compile	cold	2	37	1442.0			torch-2.14.0+cu130
distilgpt2	torch-compile	cold	2	38	1453.6			torch-2.14.0+cu130
distilgpt2	torch-compile	cold	2	39	1438.9			torch-2.14.0+cu130
distilgpt2	torch-compile	cold	2	40	1462.0			torch-2.14.0+cu130
distilgpt2	torch-compile	cold	2	41	1441.7			torch-2.14.0+cu130
distilgpt2	torch-compile	cold	2	42	1494.6			torch-2.14.0+cu130
distilgpt2	torch-compile	cold	2	43	1431.7			torch-2.14.0+cu130
distilgpt2	torch-compile	cold	2	44	1452.9			torch-2.14.0+cu130
distilgpt2	torch-compile	cold	2	45	1478.4			torch-2.14.0+cu130
distilgpt2	torch-compile	cold	2	46	1433.4			torch-2.14.0+cu130
distilgpt2	torch-compile	cold	2	47	1437.2			torch-2.14.0+cu130
distilgpt2	torch-compile	cold	2	48	1511.6			torch-2.14.0+cu130
distilgpt2	torch-compile	cold	2	49	1461.5			torch-2.14.0+cu130
distilgpt2	torch-compile	cold	2	50	1433.4			torch-2.14.0+cu130
distilgpt2	torch-compile	cold	2	51	1439.8			torch-2.14.0+cu130
distilgpt2	torch-compile	cold	2	52	1447.7			torch-2.14.0+cu130
distilgpt2	torch-compile	cold	2	53	1421.2			torch-2.14.0+cu130
distilgpt2	torch-compile	cold	2	54	1454.8			torch-2.14.0+cu130
distilgpt2	torch-compile	cold	2	55	1430.5			torch-2.14.0+cu130
distilgpt2	torch-compile	cold	2	56	1436.5			torch-2.14.0+cu130
distilgpt2	torch-compile	cold	2	57	1499.4			torch-2.14.0+cu130
distilgpt2	torch-compile	cold	2	58	1470.3			torch-2.14.0+cu130
distilgpt2	torch-compile	cold	2	59	1461.7			torch-2.14.0+cu130
distilgpt2	torch-compile	cold	2	60	1498.9			torch-2.14.0+cu130
distilgpt2	torch-compile	cold	2	61	1435.0			torch-2.14.0+cu130
distilgpt2	torch-compile	cold	2	62	4223.8			torch-2.14.0+cu130
distilgpt2	torch-compile	cold	2	63	1483.7			torch-2.14.0+cu130
distilgpt2	torch-compile	cold	2	64	1457.2			torch-2.14.0+cu130
distilgpt2	torch-compile	cold	2	65	1457.0			torch-2.14.0+cu130
distilgpt2	torch-compile	cold	2	66	1460.1			torch-2.14.0+cu130
distilgpt2	torch-compile	cold	2	67	1485.3			torch-2.14.0+cu130
distilgpt2	torch-compile	cold	2	68	1482.5			torch-2.14.0+cu130
distilgpt2	torch-compile	cold	2	69	1447.4			torch-2.14.0+cu130
distilgpt2	torch-compile	cold	2	70	1465.8			torch-2.14.0+cu130
distilgpt2	torch-compile	cold	2	71	1449.1			torch-2.14.0+cu130
distilgpt2	torch-compile	cold	2	72	1441.0			torch-2.14.0+cu130
distilgpt2	torch-compile	cold	2	73	1431.7			torch-2.14.0+cu130
distilgpt2	torch-compile	cold	2	74	1433.6			torch-2.14.0+cu130
distilgpt2	torch-compile	cold	2	75	1434.1			torch-2.14.0+cu130
distilgpt2	torch-compile	cold	2	76	1439.1			torch-2.14.0+cu130
distilgpt2	torch-compile	cold	2	77	1540.7			torch-2.14.0+cu130
distilgpt2	torch-compile	cold	2	78	1489.4			torch-2.14.0+cu130
distilgpt2	torch-compile	cold	2	79	1466.0			torch-2.14.0+cu130
distilgpt2	torch-compile	cold	2	80	1482.2			torch-2.14.0+cu130
distilgpt2	torch-compile	cold	2	81	1468.7			torch-2.14.0+cu130
distilgpt2	torch-compile	cold	2	82	4482.0			torch-2.14.0+cu130
distilgpt2	torch-compile	cold	2	83	1450.1			torch-2.14.0+cu130
distilgpt2	torch-compile	cold	2	84	1465.6			torch-2.14.0+cu130
distilgpt2	torch-compile	cold	2	85	1441.2			torch-2.14.0+cu130
distilgpt2	torch-compile	cold	2	86	1457.5			torch-2.14.0+cu130
distilgpt2	torch-compile	cold	2	87	1510.1			torch-2.14.0+cu130
distilgpt2	torch-compile	cold	2	88	1487.3			torch-2.14.0+cu130
distilgpt2	torch-compile	cold	2	89	1511.6			torch-2.14.0+cu130
distilgpt2	torch-compile	cold	2	90	1446.0			torch-2.14.0+cu130
distilgpt2	torch-compile	cold	2	91	1441.2			torch-2.14.0+cu130
distilgpt2	torch-compile	cold	2	92	1438.4			torch-2.14.0+cu130
distilgpt2	torch-compile	cold	2	93	1466.3			torch-2.14.0+cu130
distilgpt2	torch-compile	cold	2	94	1429.3			torch-2.14.0+cu130
distilgpt2	torch-compile	cold	2	95	2003.9			torch-2.14.0+cu130
distilgpt2	torch-compile	cold	2	96	1954.6			torch-2.14.0+cu130
distilgpt2	torch-compile	cold	2	97	2036.1			torch-2.14.0+cu130
distilgpt2	torch-compile	cold	2	98	2013.2			torch-2.14.0+cu130
distilgpt2	torch-compile	cold	2	99	2098.3			torch-2.14.0+cu130
distilgpt2	torch-compile	cold	2	100	2108.6			torch-2.14.0+cu130
distilgpt2	torch-compile	cold	2	101	2102.4			torch-2.14.0+cu130
distilgpt2	torch-compile	cold	2	102	1903.8			torch-2.14.0+cu130
distilgpt2	torch-compile	cold	2	103	1731.9			torch-2.14.0+cu130
distilgpt2	torch-compile	cold	2	104	1925.7			torch-2.14.0+cu130
distilgpt2	torch-compile	cold	2	105	2056.1			torch-2.14.0+cu130
distilgpt2	torch-compile	cold	2	106	1963.9			torch-2.14.0+cu130
distilgpt2	torch-compile	cold	2	107	2087.4			torch-2.14.0+cu130
distilgpt2	torch-compile	cold	2	108	2111.2			torch-2.14.0+cu130
distilgpt2	torch-compile	cold	2	109	1983.6			torch-2.14.0+cu130
distilgpt2	torch-compile	cold	2	110	2108.1			torch-2.14.0+cu130
distilgpt2	torch-compile	cold	2	111	2064.2			torch-2.14.0+cu130
distilgpt2	torch-compile	cold	2	112	1990.1			torch-2.14.0+cu130
distilgpt2	torch-compile	cold	2	113	2128.8			torch-2.14.0+cu130
distilgpt2	torch-compile	cold	2	114	2131.2			torch-2.14.0+cu130
distilgpt2	torch-compile	cold	2	115	2032.0			torch-2.14.0+cu130
distilgpt2	torch-compile	cold	2	116	2130.3			torch-2.14.0+cu130
distilgpt2	torch-compile	cold	2	117	2091.4			torch-2.14.0+cu130
distilgpt2	torch-compile	cold	2	118	2081.9			torch-2.14.0+cu130
distilgpt2	torch-compile	cold	2	119	2076.4			torch-2.14.0+cu130
distilgpt2	torch-compile	cold	2	120	2042.1			torch-2.14.0+cu130
distilgpt2	torch-compile	cold	2	121	1992.2			torch-2.14.0+cu130
distilgpt2	torch-compile	cold	2	122	1875.2			torch-2.14.0+cu130
distilgpt2	torch-compile	cold	2	123	2058.7			torch-2.14.0+cu130
distilgpt2	torch-compile	cold	2	124	2080.2			torch-2.14.0+cu130
distilgpt2	torch-compile	cold	2	125	2076.6			torch-2.14.0+cu130
distilgpt2	torch-compile	cold	2	126	1997.9			torch-2.14.0+cu130
distilgpt2	torch-compile	cold	2	127	2064.5			torch-2.14.0+cu130
distilgpt2	torch-compile	cold	2	128	2189.6			torch-2.14.0+cu130
distilgpt2	torch-compile	cold	2	129	1766.4			torch-2.14.0+cu130
distilgpt2	torch-compile	cold	2	130	1686.1			torch-2.14.0+cu130
distilgpt2	torch-compile	cold	2	131	1750.2			torch-2.14.0+cu130
distilgpt2	torch-compile	cold	2	132	1746.9			torch-2.14.0+cu130
distilgpt2	torch-compile	cold	2	133	1725.0			torch-2.14.0+cu130
distilgpt2	torch-compile	cold	2	134	2000.8			torch-2.14.0+cu130
distilgpt2	torch-compile	cold	2	135	1832.7			torch-2.14.0+cu130
distilgpt2	torch-compile	cold	2	136	1987.0			torch-2.14.0+cu130
distilgpt2	torch-compile	cold	2	137	1991.5			torch-2.14.0+cu130
distilgpt2	torch-compile	cold	2	138	1949.3			torch-2.14.0+cu130
distilgpt2	torch-compile	cold	2	139	1905.9			torch-2.14.0+cu130
distilgpt2	torch-compile	cold	2	140	1903.5			torch-2.14.0+cu130
distilgpt2	torch-compile	cold	2	141	2098.6			torch-2.14.0+cu130
distilgpt2	torch-compile	cold	2	142	1912.8			torch-2.14.0+cu130
distilgpt2	torch-compile	cold	2	143	1936.2			torch-2.14.0+cu130
distilgpt2	torch-compile	cold	2	144	1998.2			torch-2.14.0+cu130
distilgpt2	torch-compile	cold	2	145	1868.7			torch-2.14.0+cu130
distilgpt2	torch-compile	cold	2	146	1607.7			torch-2.14.0+cu130
distilgpt2	torch-compile	cold	2	147	2248.8			torch-2.14.0+cu130
distilgpt2	torch-compile	cold	2	148	2181.1			torch-2.14.0+cu130
distilgpt2	torch-compile	cold	2	149	2138.1			torch-2.14.0+cu130
distilgpt2	torch-compile	cold	2	150	2174.1			torch-2.14.0+cu130
distilgpt2	torch-compile	cold	2	151	2065.7			torch-2.14.0+cu130
distilgpt2	torch-compile	cold	2	152	2145.1			torch-2.14.0+cu130
distilgpt2	torch-compile	cold	2	153	2072.6			torch-2.14.0+cu130
distilgpt2	torch-compile	cold	2	154	2272.4			torch-2.14.0+cu130
distilgpt2	torch-compile	cold	2	155	2141.7			torch-2.14.0+cu130
distilgpt2	torch-compile	cold	2	156	2055.6			torch-2.14.0+cu130
distilgpt2	torch-compile	cold	2	157	2138.1			torch-2.14.0+cu130
distilgpt2	torch-compile	cold	2	158	2134.1			torch-2.14.0+cu130
distilgpt2	torch-compile	cold	2	159	2142.9			torch-2.14.0+cu130
distilgpt2	torch-compile	cold	2	160	2130.3			torch-2.14.0+cu130
distilgpt2	torch-compile	cold	2	161	2053.5			torch-2.14.0+cu130
distilgpt2	torch-compile	cold	2	162	2015.8			torch-2.14.0+cu130
distilgpt2	torch-compile	cold	2	163	1848.5			torch-2.14.0+cu130
distilgpt2	torch-compile	cold	2	164	1814.4			torch-2.14.0+cu130
distilgpt2	torch-compile	cold	2	165	1997.5			torch-2.14.0+cu130
distilgpt2	torch-compile	cold	2	166	2050.9			torch-2.14.0+cu130
distilgpt2	torch-compile	cold	2	167	2000.8			torch-2.14.0+cu130
distilgpt2	torch-compile	cold	2	168	2122.6			torch-2.14.0+cu130
distilgpt2	torch-compile	cold	2	169	1932.9			torch-2.14.0+cu130
distilgpt2	torch-compile	cold	2	170	2039.7			torch-2.14.0+cu130
distilgpt2	torch-compile	cold	2	171	1913.3			torch-2.14.0+cu130
distilgpt2	torch-compile	cold	2	172	1942.9			torch-2.14.0+cu130
distilgpt2	torch-compile	cold	2	173	1965.3			torch-2.14.0+cu130
distilgpt2	torch-compile	cold	2	174	1940.7			torch-2.14.0+cu130
distilgpt2	torch-compile	cold	2	175	1879.2			torch-2.14.0+cu130
distilgpt2	torch-compile	cold	2	176	2052.5			torch-2.14.0+cu130
distilgpt2	torch-compile	cold	2	177	1989.6			torch-2.14.0+cu130
distilgpt2	torch-compile	cold	2	178	2286.2			torch-2.14.0+cu130
distilgpt2	torch-compile	cold	2	179	2226.8			torch-2.14.0+cu130
distilgpt2	torch-compile	cold	2	180	2191.1			torch-2.14.0+cu130
distilgpt2	torch-compile	cold	2	181	1982.5			torch-2.14.0+cu130
distilgpt2	torch-compile	cold	2	182	1974.6			torch-2.14.0+cu130
distilgpt2	torch-compile	cold	2	183	2024.7			torch-2.14.0+cu130
distilgpt2	torch-compile	cold	2	184	2284.8			torch-2.14.0+cu130
distilgpt2	torch-compile	cold	2	185	2224.0			torch-2.14.0+cu130
distilgpt2	torch-compile	cold	2	186	1971.7			torch-2.14.0+cu130
distilgpt2	torch-compile	cold	2	187	1779.6			torch-2.14.0+cu130
distilgpt2	torch-compile	cold	2	188	2202.3			torch-2.14.0+cu130
distilgpt2	torch-compile	cold	2	189	1948.8			torch-2.14.0+cu130
distilgpt2	torch-compile	cold	2	190	1828.2			torch-2.14.0+cu130
distilgpt2	torch-compile	cold	2	191	1828.4			torch-2.14.0+cu130
distilgpt2	torch-compile	cold	2	192	1844.9			torch-2.14.0+cu130
distilgpt2	torch-compile	cold	2	193	1919.5			torch-2.14.0+cu130
distilgpt2	torch-compile	cold	2	194	1901.9			torch-2.14.0+cu130
distilgpt2	torch-compile	cold	2	195	1889.2			torch-2.14.0+cu130
distilgpt2	torch-compile	cold	2	196	2005.3			torch-2.14.0+cu130
distilgpt2	torch-compile	cold	2	197	2294.5			torch-2.14.0+cu130
distilgpt2	torch-compile	cold	2	198	2255.9			torch-2.14.0+cu130
distilgpt2	torch-compile	cold	2	199	1740.0			torch-2.14.0+cu130
distilgpt2	torch-compile	cold	2	200	1757.6			torch-2.14.0+cu130
distilgpt2	torch-compile	cold	2	201	1899.5			torch-2.14.0+cu130
distilgpt2	torch-compile	cold	2	202	1795.8			torch-2.14.0+cu130
distilgpt2	torch-compile	cold	2	203	1986.5			torch-2.14.0+cu130
distilgpt2	torch-compile	cold	2	204	1971.7			torch-2.14.0+cu130
distilgpt2	torch-compile	cold	2	205	2011.3			torch-2.14.0+cu130
distilgpt2	torch-compile	cold	2	206	1764.5			torch-2.14.0+cu130
distilgpt2	torch-compile	cold	2	207	1767.4			torch-2.14.0+cu130
distilgpt2	torch-compile	cold	2	208	1742.1			torch-2.14.0+cu130
distilgpt2	torch-compile	cold	2	209	1760.7			torch-2.14.0+cu130
distilgpt2	torch-compile	cold	2	210	1726.6			torch-2.14.0+cu130
distilgpt2	torch-compile	cold	2	211	1761.7			torch-2.14.0+cu130
distilgpt2	torch-compile	cold	2	212	1699.4			torch-2.14.0+cu130
distilgpt2	torch-compile	cold	2	213	1860.6			torch-2.14.0+cu130
distilgpt2	torch-compile	cold	2	214	1956.2			torch-2.14.0+cu130
distilgpt2	torch-compile	cold	2	215	1843.7			torch-2.14.0+cu130
distilgpt2	torch-compile	cold	2	216	2039.7			torch-2.14.0+cu130
distilgpt2	torch-compile	cold	2	217	1488.2			torch-2.14.0+cu130
distilgpt2	torch-compile	cold	2	218	1668.5			torch-2.14.0+cu130
distilgpt2	torch-compile	cold	2	219	1924.8			torch-2.14.0+cu130
distilgpt2	torch-compile	cold	2	220	1429.6			torch-2.14.0+cu130
distilgpt2	torch-compile	cold	2	221	1478.9			torch-2.14.0+cu130
distilgpt2	torch-compile	cold	2	222	1439.8			torch-2.14.0+cu130
distilgpt2	torch-compile	cold	2	223	1546.9			torch-2.14.0+cu130
distilgpt2	torch-compile	cold	2	224	1927.4			torch-2.14.0+cu130
distilgpt2	torch-compile	cold	2	225	1851.8			torch-2.14.0+cu130
distilgpt2	torch-compile	cold	2	226	1884.7			torch-2.14.0+cu130
distilgpt2	torch-compile	cold	2	227	1892.1			torch-2.14.0+cu130
distilgpt2	torch-compile	cold	2	228	1912.6			torch-2.14.0+cu130
distilgpt2	torch-compile	cold	2	229	1955.3			torch-2.14.0+cu130
distilgpt2	torch-compile	cold	2	230	1869.7			torch-2.14.0+cu130
distilgpt2	torch-compile	cold	2	231	1568.1			torch-2.14.0+cu130
distilgpt2	torch-compile	cold	2	232	1771.9			torch-2.14.0+cu130
distilgpt2	torch-compile	cold	2	233	1840.8			torch-2.14.0+cu130
distilgpt2	torch-compile	cold	2	234	2151.7			torch-2.14.0+cu130
distilgpt2	torch-compile	cold	2	235	1808.2			torch-2.14.0+cu130
distilgpt2	torch-compile	cold	2	236	1867.8			torch-2.14.0+cu130
distilgpt2	torch-compile	cold	2	237	2071.1			torch-2.14.0+cu130
distilgpt2	torch-compile	cold	2	238	2105.5			torch-2.14.0+cu130
distilgpt2	torch-compile	cold	2	239	2062.6			torch-2.14.0+cu130
distilgpt2	torch-compile	cold	2	240	1986.7			torch-2.14.0+cu130
distilgpt2	torch-compile	cold	2	241	2142.2			torch-2.14.0+cu130
distilgpt2	torch-compile	cold	2	242	1768.4			torch-2.14.0+cu130
distilgpt2	torch-compile	cold	2	243	1927.1			torch-2.14.0+cu130
distilgpt2	torch-compile	cold	2	244	1832.2			torch-2.14.0+cu130
distilgpt2	torch-compile	cold	2	245	1827.5			torch-2.14.0+cu130
distilgpt2	torch-compile	cold	2	246	1856.8			torch-2.14.0+cu130
distilgpt2	torch-compile	cold	2	247	1727.8			torch-2.14.0+cu130
distilgpt2	torch-compile	cold	2	248	1457.0			torch-2.14.0+cu130
distilgpt2	torch-compile	cold	2	249	1902.3			torch-2.14.0+cu130
distilgpt2	torch-compile	cold	2	250	1832.5			torch-2.14.0+cu130
distilgpt2	torch-compile	cold	2	251	1921.2			torch-2.14.0+cu130
distilgpt2	torch-compile	cold	2	252	1938.3			torch-2.14.0+cu130
distilgpt2	torch-compile	cold	2	253	1992.0			torch-2.14.0+cu130
distilgpt2	torch-compile	cold	2	254	1899.5			torch-2.14.0+cu130
distilgpt2	torch-compile	cold	2	255	1909.0			torch-2.14.0+cu130
distilgpt2	torch-compile	cold	2	256	1721.9			torch-2.14.0+cu130
distilgpt2	torch-compile	cold	2	257	1848.9			torch-2.14.0+cu130
distilgpt2	torch-compile	cold	2	258	1823.4			torch-2.14.0+cu130
distilgpt2	torch-compile	cold	2	259	1759.5			torch-2.14.0+cu130
distilgpt2	torch-compile	cold	2	260	2034.9			torch-2.14.0+cu130
distilgpt2	torch-compile	cold	2	261	1969.6			torch-2.14.0+cu130
distilgpt2	torch-compile	cold	2	262	1922.1			torch-2.14.0+cu130
distilgpt2	torch-compile	cold	2	263	1971.2			torch-2.14.0+cu130
distilgpt2	torch-compile	cold	2	264	1781.2			torch-2.14.0+cu130
distilgpt2	torch-compile	cold	2	265	1831.1			torch-2.14.0+cu130
distilgpt2	torch-compile	cold	2	266	1502.0			torch-2.14.0+cu130
distilgpt2	torch-compile	cold	2	267	1781.0			torch-2.14.0+cu130
distilgpt2	torch-compile	cold	2	268	1860.9			torch-2.14.0+cu130
distilgpt2	torch-compile	cold	2	269	2026.1			torch-2.14.0+cu130
distilgpt2	torch-compile	cold	2	270	2077.3			torch-2.14.0+cu130
distilgpt2	torch-compile	cold	2	271	1930.2			torch-2.14.0+cu130
distilgpt2	torch-compile	cold	2	272	2012.3			torch-2.14.0+cu130
distilgpt2	torch-compile	cold	2	273	1972.4			torch-2.14.0+cu130
distilgpt2	torch-compile	cold	2	274	1914.0			torch-2.14.0+cu130
distilgpt2	torch-compile	cold	2	275	1763.3			torch-2.14.0+cu130
distilgpt2	torch-compile	cold	2	276	1828.2			torch-2.14.0+cu130
distilgpt2	torch-compile	cold	2	277	1801.5			torch-2.14.0+cu130
distilgpt2	torch-compile	cold	2	278	1955.7			torch-2.14.0+cu130
distilgpt2	torch-compile	cold	2	279	1733.8			torch-2.14.0+cu130
distilgpt2	torch-compile	cold	2	280	1858.2			torch-2.14.0+cu130
distilgpt2	torch-compile	cold	2	281	1824.6			torch-2.14.0+cu130
distilgpt2	torch-compile	cold	2	282	1714.7			torch-2.14.0+cu130
distilgpt2	torch-compile	cold	2	283	2097.4			torch-2.14.0+cu130
distilgpt2	torch-compile	cold	2	284	2158.6			torch-2.14.0+cu130
distilgpt2	torch-compile	cold	2	285	2103.3			torch-2.14.0+cu130
distilgpt2	torch-compile	cold	2	286	1720.9			torch-2.14.0+cu130
distilgpt2	torch-compile	cold	2	287	1734.7			torch-2.14.0+cu130
distilgpt2	torch-compile	cold	2	288	1776.9			torch-2.14.0+cu130
distilgpt2	torch-compile	cold	2	289	2132.9			torch-2.14.0+cu130
distilgpt2	torch-compile	cold	2	290	1545.9			torch-2.14.0+cu130
distilgpt2	torch-compile	cold	2	291	1944.1			torch-2.14.0+cu130
distilgpt2	torch-compile	cold	2	292	1968.6			torch-2.14.0+cu130
distilgpt2	torch-compile	cold	2	293	1991.3			torch-2.14.0+cu130
distilgpt2	torch-compile	cold	2	294	1992.9			torch-2.14.0+cu130
distilgpt2	torch-compile	cold	2	295	1969.3			torch-2.14.0+cu130
distilgpt2	torch-compile	cold	2	296	2198.9			torch-2.14.0+cu130
distilgpt2	torch-compile	cold	2	297	1879.0			torch-2.14.0+cu130
distilgpt2	torch-compile	cold	2	298	2097.8			torch-2.14.0+cu130
distilgpt2	torch-compile	cold	2	299	1635.3			torch-2.14.0+cu130
distilgpt2	torch-compile-ro	cold	2	0	3776419.9			torch-2.14.0+cu130
distilgpt2	torch-compile-ro	cold	2	1	27865.9			torch-2.14.0+cu130
distilgpt2	torch-compile-ro	cold	2	2	1683.5			torch-2.14.0+cu130
distilgpt2	torch-compile-ro	cold	2	3	1527.5			torch-2.14.0+cu130
distilgpt2	torch-compile-ro	cold	2	4	1462.7			torch-2.14.0+cu130
distilgpt2	torch-compile-ro	cold	2	5	1427.4			torch-2.14.0+cu130
distilgpt2	torch-compile-ro	cold	2	6	1411.2			torch-2.14.0+cu130
distilgpt2	torch-compile-ro	cold	2	7	1364.7			torch-2.14.0+cu130
distilgpt2	torch-compile-ro	cold	2	8	1370.4			torch-2.14.0+cu130
distilgpt2	torch-compile-ro	cold	2	9	1386.2			torch-2.14.0+cu130
distilgpt2	torch-compile-ro	cold	2	10	1363.0			torch-2.14.0+cu130
distilgpt2	torch-compile-ro	cold	2	11	1354.9			torch-2.14.0+cu130
distilgpt2	torch-compile-ro	cold	2	12	1368.3			torch-2.14.0+cu130
distilgpt2	torch-compile-ro	cold	2	13	1358.0			torch-2.14.0+cu130
distilgpt2	torch-compile-ro	cold	2	14	1358.0			torch-2.14.0+cu130
distilgpt2	torch-compile-ro	cold	2	15	1410.5			torch-2.14.0+cu130
distilgpt2	torch-compile-ro	cold	2	16	1410.7			torch-2.14.0+cu130
distilgpt2	torch-compile-ro	cold	2	17	1353.7			torch-2.14.0+cu130
distilgpt2	torch-compile-ro	cold	2	18	1327.8			torch-2.14.0+cu130
distilgpt2	torch-compile-ro	cold	2	19	1369.5			torch-2.14.0+cu130
distilgpt2	torch-compile-ro	cold	2	20	1338.2			torch-2.14.0+cu130
distilgpt2	torch-compile-ro	cold	2	21	1336.1			torch-2.14.0+cu130
distilgpt2	torch-compile-ro	cold	2	22	1354.5			torch-2.14.0+cu130
distilgpt2	torch-compile-ro	cold	2	23	1343.3			torch-2.14.0+cu130
distilgpt2	torch-compile-ro	cold	2	24	1329.4			torch-2.14.0+cu130
distilgpt2	torch-compile-ro	cold	2	25	1364.2			torch-2.14.0+cu130
distilgpt2	torch-compile-ro	cold	2	26	1349.9			torch-2.14.0+cu130
distilgpt2	torch-compile-ro	cold	2	27	1339.9			torch-2.14.0+cu130
distilgpt2	torch-compile-ro	cold	2	28	1361.1			torch-2.14.0+cu130
distilgpt2	torch-compile-ro	cold	2	29	1374.7			torch-2.14.0+cu130
distilgpt2	torch-compile-ro	cold	2	30	1420.3			torch-2.14.0+cu130
distilgpt2	torch-compile-ro	cold	2	31	1334.9			torch-2.14.0+cu130
distilgpt2	torch-compile-ro	cold	2	32	1358.0			torch-2.14.0+cu130
distilgpt2	torch-compile-ro	cold	2	33	1349.9			torch-2.14.0+cu130
distilgpt2	torch-compile-ro	cold	2	34	1334.0			torch-2.14.0+cu130
distilgpt2	torch-compile-ro	cold	2	35	1365.9			torch-2.14.0+cu130
distilgpt2	torch-compile-ro	cold	2	36	1325.1			torch-2.14.0+cu130
distilgpt2	torch-compile-ro	cold	2	37	1340.6			torch-2.14.0+cu130
distilgpt2	torch-compile-ro	cold	2	38	1328.5			torch-2.14.0+cu130
distilgpt2	torch-compile-ro	cold	2	39	1348.5			torch-2.14.0+cu130
distilgpt2	torch-compile-ro	cold	2	40	1358.0			torch-2.14.0+cu130
distilgpt2	torch-compile-ro	cold	2	41	1346.8			torch-2.14.0+cu130
distilgpt2	torch-compile-ro	cold	2	42	1321.1			torch-2.14.0+cu130
distilgpt2	torch-compile-ro	cold	2	43	1331.3			torch-2.14.0+cu130
distilgpt2	torch-compile-ro	cold	2	44	1365.7			torch-2.14.0+cu130
distilgpt2	torch-compile-ro	cold	2	45	1336.1			torch-2.14.0+cu130
distilgpt2	torch-compile-ro	cold	2	46	1341.8			torch-2.14.0+cu130
distilgpt2	torch-compile-ro	cold	2	47	1361.8			torch-2.14.0+cu130
distilgpt2	torch-compile-ro	cold	2	48	1343.7			torch-2.14.0+cu130
distilgpt2	torch-compile-ro	cold	2	49	1329.2			torch-2.14.0+cu130
distilgpt2	torch-compile-ro	cold	2	50	1342.3			torch-2.14.0+cu130
distilgpt2	torch-compile-ro	cold	2	51	1336.8			torch-2.14.0+cu130
distilgpt2	torch-compile-ro	cold	2	52	1349.7			torch-2.14.0+cu130
distilgpt2	torch-compile-ro	cold	2	53	1345.6			torch-2.14.0+cu130
distilgpt2	torch-compile-ro	cold	2	54	1327.3			torch-2.14.0+cu130
distilgpt2	torch-compile-ro	cold	2	55	1339.9			torch-2.14.0+cu130
distilgpt2	torch-compile-ro	cold	2	56	1333.7			torch-2.14.0+cu130
distilgpt2	torch-compile-ro	cold	2	57	1341.3			torch-2.14.0+cu130
distilgpt2	torch-compile-ro	cold	2	58	1336.6			torch-2.14.0+cu130
distilgpt2	torch-compile-ro	cold	2	59	1395.2			torch-2.14.0+cu130
distilgpt2	torch-compile-ro	cold	2	60	1332.8			torch-2.14.0+cu130
distilgpt2	torch-compile-ro	cold	2	61	1336.6			torch-2.14.0+cu130
distilgpt2	torch-compile-ro	cold	2	62	1339.2			torch-2.14.0+cu130
distilgpt2	torch-compile-ro	cold	2	63	1332.8			torch-2.14.0+cu130
distilgpt2	torch-compile-ro	cold	2	64	1332.5			torch-2.14.0+cu130
distilgpt2	torch-compile-ro	cold	2	65	1334.2			torch-2.14.0+cu130
distilgpt2	torch-compile-ro	cold	2	66	1330.1			torch-2.14.0+cu130
distilgpt2	torch-compile-ro	cold	2	67	1389.7			torch-2.14.0+cu130
distilgpt2	torch-compile-ro	cold	2	68	1335.6			torch-2.14.0+cu130
distilgpt2	torch-compile-ro	cold	2	69	1366.4			torch-2.14.0+cu130
distilgpt2	torch-compile-ro	cold	2	70	1344.4			torch-2.14.0+cu130
distilgpt2	torch-compile-ro	cold	2	71	1338.7			torch-2.14.0+cu130
distilgpt2	torch-compile-ro	cold	2	72	1347.5			torch-2.14.0+cu130
distilgpt2	torch-compile-ro	cold	2	73	1334.2			torch-2.14.0+cu130
distilgpt2	torch-compile-ro	cold	2	74	1362.8			torch-2.14.0+cu130
distilgpt2	torch-compile-ro	cold	2	75	1332.5			torch-2.14.0+cu130
distilgpt2	torch-compile-ro	cold	2	76	1338.7			torch-2.14.0+cu130
distilgpt2	torch-compile-ro	cold	2	77	1343.7			torch-2.14.0+cu130
distilgpt2	torch-compile-ro	cold	2	78	1327.5			torch-2.14.0+cu130
distilgpt2	torch-compile-ro	cold	2	79	1360.7			torch-2.14.0+cu130
distilgpt2	torch-compile-ro	cold	2	80	1345.2			torch-2.14.0+cu130
distilgpt2	torch-compile-ro	cold	2	81	1340.6			torch-2.14.0+cu130
distilgpt2	torch-compile-ro	cold	2	82	1406.2			torch-2.14.0+cu130
distilgpt2	torch-compile-ro	cold	2	83	1327.8			torch-2.14.0+cu130
distilgpt2	torch-compile-ro	cold	2	84	1333.0			torch-2.14.0+cu130
distilgpt2	torch-compile-ro	cold	2	85	1385.0			torch-2.14.0+cu130
distilgpt2	torch-compile-ro	cold	2	86	1333.0			torch-2.14.0+cu130
distilgpt2	torch-compile-ro	cold	2	87	1354.7			torch-2.14.0+cu130
distilgpt2	torch-compile-ro	cold	2	88	1327.5			torch-2.14.0+cu130
distilgpt2	torch-compile-ro	cold	2	89	1300.3			torch-2.14.0+cu130
distilgpt2	torch-compile-ro	cold	2	90	1288.4			torch-2.14.0+cu130
distilgpt2	torch-compile-ro	cold	2	91	1289.4			torch-2.14.0+cu130
distilgpt2	torch-compile-ro	cold	2	92	1292.7			torch-2.14.0+cu130
distilgpt2	torch-compile-ro	cold	2	93	1287.7			torch-2.14.0+cu130
distilgpt2	torch-compile-ro	cold	2	94	1298.7			torch-2.14.0+cu130
distilgpt2	torch-compile-ro	cold	2	95	1309.4			torch-2.14.0+cu130
distilgpt2	torch-compile-ro	cold	2	96	1334.2			torch-2.14.0+cu130
distilgpt2	torch-compile-ro	cold	2	97	1299.6			torch-2.14.0+cu130
distilgpt2	torch-compile-ro	cold	2	98	1290.6			torch-2.14.0+cu130
distilgpt2	torch-compile-ro	cold	2	99	1349.0			torch-2.14.0+cu130
distilgpt2	torch-compile-ro	cold	2	100	1314.6			torch-2.14.0+cu130
distilgpt2	torch-compile-ro	cold	2	101	1310.6			torch-2.14.0+cu130
distilgpt2	torch-compile-ro	cold	2	102	1354.7			torch-2.14.0+cu130
distilgpt2	torch-compile-ro	cold	2	103	1298.2			torch-2.14.0+cu130
distilgpt2	torch-compile-ro	cold	2	104	1316.5			torch-2.14.0+cu130
distilgpt2	torch-compile-ro	cold	2	105	1297.0			torch-2.14.0+cu130
distilgpt2	torch-compile-ro	cold	2	106	1300.8			torch-2.14.0+cu130
distilgpt2	torch-compile-ro	cold	2	107	1303.2			torch-2.14.0+cu130
distilgpt2	torch-compile-ro	cold	2	108	1295.8			torch-2.14.0+cu130
distilgpt2	torch-compile-ro	cold	2	109	1329.9			torch-2.14.0+cu130
distilgpt2	torch-compile-ro	cold	2	110	1302.0			torch-2.14.0+cu130
distilgpt2	torch-compile-ro	cold	2	111	1293.2			torch-2.14.0+cu130
distilgpt2	torch-compile-ro	cold	2	112	1293.9			torch-2.14.0+cu130
distilgpt2	torch-compile-ro	cold	2	113	1302.0			torch-2.14.0+cu130
distilgpt2	torch-compile-ro	cold	2	114	1294.9			torch-2.14.0+cu130
distilgpt2	torch-compile-ro	cold	2	115	1306.3			torch-2.14.0+cu130
distilgpt2	torch-compile-ro	cold	2	116	1303.7			torch-2.14.0+cu130
distilgpt2	torch-compile-ro	cold	2	117	1307.2			torch-2.14.0+cu130
distilgpt2	torch-compile-ro	cold	2	118	1297.0			torch-2.14.0+cu130
distilgpt2	torch-compile-ro	cold	2	119	1285.8			torch-2.14.0+cu130
distilgpt2	torch-compile-ro	cold	2	120	1328.2			torch-2.14.0+cu130
distilgpt2	torch-compile-ro	cold	2	121	1298.0			torch-2.14.0+cu130
distilgpt2	torch-compile-ro	cold	2	122	1297.7			torch-2.14.0+cu130
distilgpt2	torch-compile-ro	cold	2	123	1292.0			torch-2.14.0+cu130
distilgpt2	torch-compile-ro	cold	2	124	1306.5			torch-2.14.0+cu130
distilgpt2	torch-compile-ro	cold	2	125	1290.1			torch-2.14.0+cu130
distilgpt2	torch-compile-ro	cold	2	126	1357.1			torch-2.14.0+cu130
distilgpt2	torch-compile-ro	cold	2	127	1314.9			torch-2.14.0+cu130
distilgpt2	torch-compile-ro	cold	2	128	1299.9			torch-2.14.0+cu130
distilgpt2	torch-compile-ro	cold	2	129	1295.6			torch-2.14.0+cu130
distilgpt2	torch-compile-ro	cold	2	130	1292.7			torch-2.14.0+cu130
distilgpt2	torch-compile-ro	cold	2	131	1288.4			torch-2.14.0+cu130
distilgpt2	torch-compile-ro	cold	2	132	1347.5			torch-2.14.0+cu130
distilgpt2	torch-compile-ro	cold	2	133	1352.5			torch-2.14.0+cu130
distilgpt2	torch-compile-ro	cold	2	134	1303.7			torch-2.14.0+cu130
distilgpt2	torch-compile-ro	cold	2	135	1296.8			torch-2.14.0+cu130
distilgpt2	torch-compile-ro	cold	2	136	1302.2			torch-2.14.0+cu130
distilgpt2	torch-compile-ro	cold	2	137	1303.7			torch-2.14.0+cu130
distilgpt2	torch-compile-ro	cold	2	138	1300.1			torch-2.14.0+cu130
distilgpt2	torch-compile-ro	cold	2	139	1299.6			torch-2.14.0+cu130
distilgpt2	torch-compile-ro	cold	2	140	1280.8			torch-2.14.0+cu130
distilgpt2	torch-compile-ro	cold	2	141	1306.3			torch-2.14.0+cu130
distilgpt2	torch-compile-ro	cold	2	142	1312.5			torch-2.14.0+cu130
distilgpt2	torch-compile-ro	cold	2	143	1287.7			torch-2.14.0+cu130
distilgpt2	torch-compile-ro	cold	2	144	1300.1			torch-2.14.0+cu130
distilgpt2	torch-compile-ro	cold	2	145	1284.4			torch-2.14.0+cu130
distilgpt2	torch-compile-ro	cold	2	146	1302.0			torch-2.14.0+cu130
distilgpt2	torch-compile-ro	cold	2	147	1287.5			torch-2.14.0+cu130
distilgpt2	torch-compile-ro	cold	2	148	1345.2			torch-2.14.0+cu130
distilgpt2	torch-compile-ro	cold	2	149	1328.2			torch-2.14.0+cu130
distilgpt2	torch-compile-ro	cold	2	150	1289.4			torch-2.14.0+cu130
distilgpt2	torch-compile-ro	cold	2	151	1287.5			torch-2.14.0+cu130
distilgpt2	torch-compile-ro	cold	2	152	1308.0			torch-2.14.0+cu130
distilgpt2	torch-compile-ro	cold	2	153	1291.0			torch-2.14.0+cu130
distilgpt2	torch-compile-ro	cold	2	154	1312.0			torch-2.14.0+cu130
distilgpt2	torch-compile-ro	cold	2	155	1292.9			torch-2.14.0+cu130
distilgpt2	torch-compile-ro	cold	2	156	1286.3			torch-2.14.0+cu130
distilgpt2	torch-compile-ro	cold	2	157	1309.6			torch-2.14.0+cu130
distilgpt2	torch-compile-ro	cold	2	158	1291.8			torch-2.14.0+cu130
distilgpt2	torch-compile-ro	cold	2	159	1292.7			torch-2.14.0+cu130
distilgpt2	torch-compile-ro	cold	2	160	1292.5			torch-2.14.0+cu130
distilgpt2	torch-compile-ro	cold	2	161	1295.3			torch-2.14.0+cu130
distilgpt2	torch-compile-ro	cold	2	162	1325.4			torch-2.14.0+cu130
distilgpt2	torch-compile-ro	cold	2	163	1292.7			torch-2.14.0+cu130
distilgpt2	torch-compile-ro	cold	2	164	1299.1			torch-2.14.0+cu130
distilgpt2	torch-compile-ro	cold	2	165	1302.0			torch-2.14.0+cu130
distilgpt2	torch-compile-ro	cold	2	166	1327.8			torch-2.14.0+cu130
distilgpt2	torch-compile-ro	cold	2	167	1294.4			torch-2.14.0+cu130
distilgpt2	torch-compile-ro	cold	2	168	1296.8			torch-2.14.0+cu130
distilgpt2	torch-compile-ro	cold	2	169	1303.4			torch-2.14.0+cu130
distilgpt2	torch-compile-ro	cold	2	170	1295.8			torch-2.14.0+cu130
distilgpt2	torch-compile-ro	cold	2	171	1288.4			torch-2.14.0+cu130
distilgpt2	torch-compile-ro	cold	2	172	1320.6			torch-2.14.0+cu130
distilgpt2	torch-compile-ro	cold	2	173	1293.9			torch-2.14.0+cu130
distilgpt2	torch-compile-ro	cold	2	174	1293.9			torch-2.14.0+cu130
distilgpt2	torch-compile-ro	cold	2	175	1320.4			torch-2.14.0+cu130
distilgpt2	torch-compile-ro	cold	2	176	1288.7			torch-2.14.0+cu130
distilgpt2	torch-compile-ro	cold	2	177	1305.1			torch-2.14.0+cu130
distilgpt2	torch-compile-ro	cold	2	178	1293.7			torch-2.14.0+cu130
distilgpt2	torch-compile-ro	cold	2	179	1302.5			torch-2.14.0+cu130
distilgpt2	torch-compile-ro	cold	2	180	1312.5			torch-2.14.0+cu130
distilgpt2	torch-compile-ro	cold	2	181	1329.4			torch-2.14.0+cu130
distilgpt2	torch-compile-ro	cold	2	182	1300.1			torch-2.14.0+cu130
distilgpt2	torch-compile-ro	cold	2	183	1344.4			torch-2.14.0+cu130
distilgpt2	torch-compile-ro	cold	2	184	1298.7			torch-2.14.0+cu130
distilgpt2	torch-compile-ro	cold	2	185	1312.0			torch-2.14.0+cu130
distilgpt2	torch-compile-ro	cold	2	186	1313.4			torch-2.14.0+cu130
distilgpt2	torch-compile-ro	cold	2	187	1292.0			torch-2.14.0+cu130
distilgpt2	torch-compile-ro	cold	2	188	1294.1			torch-2.14.0+cu130
distilgpt2	torch-compile-ro	cold	2	189	1281.5			torch-2.14.0+cu130
distilgpt2	torch-compile-ro	cold	2	190	1317.0			torch-2.14.0+cu130
distilgpt2	torch-compile-ro	cold	2	191	1335.6			torch-2.14.0+cu130
distilgpt2	torch-compile-ro	cold	2	192	1294.6			torch-2.14.0+cu130
distilgpt2	torch-compile-ro	cold	2	193	1291.5			torch-2.14.0+cu130
distilgpt2	torch-compile-ro	cold	2	194	1308.2			torch-2.14.0+cu130
distilgpt2	torch-compile-ro	cold	2	195	1308.2			torch-2.14.0+cu130
distilgpt2	torch-compile-ro	cold	2	196	1289.6			torch-2.14.0+cu130
distilgpt2	torch-compile-ro	cold	2	197	1294.9			torch-2.14.0+cu130
distilgpt2	torch-compile-ro	cold	2	198	1300.8			torch-2.14.0+cu130
distilgpt2	torch-compile-ro	cold	2	199	1296.0			torch-2.14.0+cu130
distilgpt2	torch-compile-ro	cold	2	200	1292.9			torch-2.14.0+cu130
distilgpt2	torch-compile-ro	cold	2	201	1297.5			torch-2.14.0+cu130
distilgpt2	torch-compile-ro	cold	2	202	1360.7			torch-2.14.0+cu130
distilgpt2	torch-compile-ro	cold	2	203	1322.3			torch-2.14.0+cu130
distilgpt2	torch-compile-ro	cold	2	204	1307.7			torch-2.14.0+cu130
distilgpt2	torch-compile-ro	cold	2	205	1295.3			torch-2.14.0+cu130
distilgpt2	torch-compile-ro	cold	2	206	1330.9			torch-2.14.0+cu130
distilgpt2	torch-compile-ro	cold	2	207	1303.2			torch-2.14.0+cu130
distilgpt2	torch-compile-ro	cold	2	208	1303.9			torch-2.14.0+cu130
distilgpt2	torch-compile-ro	cold	2	209	1298.9			torch-2.14.0+cu130
distilgpt2	torch-compile-ro	cold	2	210	1298.2			torch-2.14.0+cu130
distilgpt2	torch-compile-ro	cold	2	211	1298.2			torch-2.14.0+cu130
distilgpt2	torch-compile-ro	cold	2	212	1303.2			torch-2.14.0+cu130
distilgpt2	torch-compile-ro	cold	2	213	1315.6			torch-2.14.0+cu130
distilgpt2	torch-compile-ro	cold	2	214	1302.2			torch-2.14.0+cu130
distilgpt2	torch-compile-ro	cold	2	215	1309.2			torch-2.14.0+cu130
distilgpt2	torch-compile-ro	cold	2	216	1292.0			torch-2.14.0+cu130
distilgpt2	torch-compile-ro	cold	2	217	1306.3			torch-2.14.0+cu130
distilgpt2	torch-compile-ro	cold	2	218	1321.1			torch-2.14.0+cu130
distilgpt2	torch-compile-ro	cold	2	219	1313.2			torch-2.14.0+cu130
distilgpt2	torch-compile-ro	cold	2	220	1301.8			torch-2.14.0+cu130
distilgpt2	torch-compile-ro	cold	2	221	1298.4			torch-2.14.0+cu130
distilgpt2	torch-compile-ro	cold	2	222	1306.8			torch-2.14.0+cu130
distilgpt2	torch-compile-ro	cold	2	223	1322.0			torch-2.14.0+cu130
distilgpt2	torch-compile-ro	cold	2	224	1296.5			torch-2.14.0+cu130
distilgpt2	torch-compile-ro	cold	2	225	1364.7			torch-2.14.0+cu130
distilgpt2	torch-compile-ro	cold	2	226	1359.5			torch-2.14.0+cu130
distilgpt2	torch-compile-ro	cold	2	227	1301.1			torch-2.14.0+cu130
distilgpt2	torch-compile-ro	cold	2	228	1312.3			torch-2.14.0+cu130
distilgpt2	torch-compile-ro	cold	2	229	1308.7			torch-2.14.0+cu130
distilgpt2	torch-compile-ro	cold	2	230	1320.1			torch-2.14.0+cu130
distilgpt2	torch-compile-ro	cold	2	231	1297.2			torch-2.14.0+cu130
distilgpt2	torch-compile-ro	cold	2	232	1303.0			torch-2.14.0+cu130
distilgpt2	torch-compile-ro	cold	2	233	1302.7			torch-2.14.0+cu130
distilgpt2	torch-compile-ro	cold	2	234	1298.9			torch-2.14.0+cu130
distilgpt2	torch-compile-ro	cold	2	235	1298.4			torch-2.14.0+cu130
distilgpt2	torch-compile-ro	cold	2	236	1312.3			torch-2.14.0+cu130
distilgpt2	torch-compile-ro	cold	2	237	1359.2			torch-2.14.0+cu130
distilgpt2	torch-compile-ro	cold	2	238	1316.8			torch-2.14.0+cu130
distilgpt2	torch-compile-ro	cold	2	239	1310.8			torch-2.14.0+cu130
distilgpt2	torch-compile-ro	cold	2	240	1308.2			torch-2.14.0+cu130
distilgpt2	torch-compile-ro	cold	2	241	1292.2			torch-2.14.0+cu130
distilgpt2	torch-compile-ro	cold	2	242	1288.2			torch-2.14.0+cu130
distilgpt2	torch-compile-ro	cold	2	243	1301.3			torch-2.14.0+cu130
distilgpt2	torch-compile-ro	cold	2	244	1294.6			torch-2.14.0+cu130
distilgpt2	torch-compile-ro	cold	2	245	1302.2			torch-2.14.0+cu130
distilgpt2	torch-compile-ro	cold	2	246	1318.2			torch-2.14.0+cu130
distilgpt2	torch-compile-ro	cold	2	247	1303.0			torch-2.14.0+cu130
distilgpt2	torch-compile-ro	cold	2	248	1298.2			torch-2.14.0+cu130
distilgpt2	torch-compile-ro	cold	2	249	1346.3			torch-2.14.0+cu130
distilgpt2	torch-compile-ro	cold	2	250	1307.5			torch-2.14.0+cu130
distilgpt2	torch-compile-ro	cold	2	251	1306.5			torch-2.14.0+cu130
distilgpt2	torch-compile-ro	cold	2	252	1312.0			torch-2.14.0+cu130
distilgpt2	torch-compile-ro	cold	2	253	1358.7			torch-2.14.0+cu130
distilgpt2	torch-compile-ro	cold	2	254	1326.1			torch-2.14.0+cu130
distilgpt2	torch-compile-ro	cold	2	255	1299.4			torch-2.14.0+cu130
distilgpt2	torch-compile-ro	cold	2	256	1333.5			torch-2.14.0+cu130
distilgpt2	torch-compile-ro	cold	2	257	1317.0			torch-2.14.0+cu130
distilgpt2	torch-compile-ro	cold	2	258	1306.5			torch-2.14.0+cu130
distilgpt2	torch-compile-ro	cold	2	259	1308.7			torch-2.14.0+cu130
distilgpt2	torch-compile-ro	cold	2	260	1303.0			torch-2.14.0+cu130
distilgpt2	torch-compile-ro	cold	2	261	1290.8			torch-2.14.0+cu130
distilgpt2	torch-compile-ro	cold	2	262	1308.9			torch-2.14.0+cu130
distilgpt2	torch-compile-ro	cold	2	263	1297.5			torch-2.14.0+cu130
distilgpt2	torch-compile-ro	cold	2	264	1303.0			torch-2.14.0+cu130
distilgpt2	torch-compile-ro	cold	2	265	1300.1			torch-2.14.0+cu130
distilgpt2	torch-compile-ro	cold	2	266	1320.4			torch-2.14.0+cu130
distilgpt2	torch-compile-ro	cold	2	267	1306.5			torch-2.14.0+cu130
distilgpt2	torch-compile-ro	cold	2	268	1302.2			torch-2.14.0+cu130
distilgpt2	torch-compile-ro	cold	2	269	1307.5			torch-2.14.0+cu130
distilgpt2	torch-compile-ro	cold	2	270	1307.0			torch-2.14.0+cu130
distilgpt2	torch-compile-ro	cold	2	271	1297.5			torch-2.14.0+cu130
distilgpt2	torch-compile-ro	cold	2	272	1344.9			torch-2.14.0+cu130
distilgpt2	torch-compile-ro	cold	2	273	1349.7			torch-2.14.0+cu130
distilgpt2	torch-compile-ro	cold	2	274	1309.4			torch-2.14.0+cu130
distilgpt2	torch-compile-ro	cold	2	275	1303.9			torch-2.14.0+cu130
distilgpt2	torch-compile-ro	cold	2	276	1296.3			torch-2.14.0+cu130
distilgpt2	torch-compile-ro	cold	2	277	1300.6			torch-2.14.0+cu130
distilgpt2	torch-compile-ro	cold	2	278	1300.3			torch-2.14.0+cu130
distilgpt2	torch-compile-ro	cold	2	279	1308.2			torch-2.14.0+cu130
distilgpt2	torch-compile-ro	cold	2	280	1316.5			torch-2.14.0+cu130
distilgpt2	torch-compile-ro	cold	2	281	1343.3			torch-2.14.0+cu130
distilgpt2	torch-compile-ro	cold	2	282	1303.0			torch-2.14.0+cu130
distilgpt2	torch-compile-ro	cold	2	283	1289.6			torch-2.14.0+cu130
distilgpt2	torch-compile-ro	cold	2	284	1293.7			torch-2.14.0+cu130
distilgpt2	torch-compile-ro	cold	2	285	1303.9			torch-2.14.0+cu130
distilgpt2	torch-compile-ro	cold	2	286	1298.9			torch-2.14.0+cu130
distilgpt2	torch-compile-ro	cold	2	287	1304.9			torch-2.14.0+cu130
distilgpt2	torch-compile-ro	cold	2	288	1287.9			torch-2.14.0+cu130
distilgpt2	torch-compile-ro	cold	2	289	1312.7			torch-2.14.0+cu130
distilgpt2	torch-compile-ro	cold	2	290	1311.8			torch-2.14.0+cu130
distilgpt2	torch-compile-ro	cold	2	291	1314.9			torch-2.14.0+cu130
distilgpt2	torch-compile-ro	cold	2	292	1317.7			torch-2.14.0+cu130
distilgpt2	torch-compile-ro	cold	2	293	1311.3			torch-2.14.0+cu130
distilgpt2	torch-compile-ro	cold	2	294	1305.6			torch-2.14.0+cu130
distilgpt2	torch-compile-ro	cold	2	295	1324.4			torch-2.14.0+cu130
distilgpt2	torch-compile-ro	cold	2	296	1333.0			torch-2.14.0+cu130
distilgpt2	torch-compile-ro	cold	2	297	1288.2			torch-2.14.0+cu130
distilgpt2	torch-compile-ro	cold	2	298	1306.3			torch-2.14.0+cu130
distilgpt2	torch-compile-ro	cold	2	299	1300.3			torch-2.14.0+cu130
distilgpt2	jax	cold	2	0	5433.7			jax-0.11.1
distilgpt2	jax	cold	2	1	1385.4			jax-0.11.1
distilgpt2	jax	cold	2	2	1293.5			jax-0.11.1
distilgpt2	jax	cold	2	3	1223.1			jax-0.11.1
distilgpt2	jax	cold	2	4	1177.3			jax-0.11.1
distilgpt2	jax	cold	2	5	1212.1			jax-0.11.1
distilgpt2	jax	cold	2	6	1190.3			jax-0.11.1
distilgpt2	jax	cold	2	7	1199.7			jax-0.11.1
distilgpt2	jax	cold	2	8	1223.4			jax-0.11.1
distilgpt2	jax	cold	2	9	1184.5			jax-0.11.1
distilgpt2	jax	cold	2	10	1237.8			jax-0.11.1
distilgpt2	jax	cold	2	11	1213.9			jax-0.11.1
distilgpt2	jax	cold	2	12	1185.0			jax-0.11.1
distilgpt2	jax	cold	2	13	1222.8			jax-0.11.1
distilgpt2	jax	cold	2	14	1223.1			jax-0.11.1
distilgpt2	jax	cold	2	15	1227.2			jax-0.11.1
distilgpt2	jax	cold	2	16	1179.5			jax-0.11.1
distilgpt2	jax	cold	2	17	1211.3			jax-0.11.1
distilgpt2	jax	cold	2	18	1208.7			jax-0.11.1
distilgpt2	jax	cold	2	19	1208.0			jax-0.11.1
distilgpt2	jax	cold	2	20	1210.7			jax-0.11.1
distilgpt2	jax	cold	2	21	1199.6			jax-0.11.1
distilgpt2	jax	cold	2	22	1171.9			jax-0.11.1
distilgpt2	jax	cold	2	23	1195.1			jax-0.11.1
distilgpt2	jax	cold	2	24	1225.4			jax-0.11.1
distilgpt2	jax	cold	2	25	1201.1			jax-0.11.1
distilgpt2	jax	cold	2	26	1168.2			jax-0.11.1
distilgpt2	jax	cold	2	27	1201.2			jax-0.11.1
distilgpt2	jax	cold	2	28	1163.1			jax-0.11.1
distilgpt2	jax	cold	2	29	1223.2			jax-0.11.1
distilgpt2	jax	cold	2	30	1209.3			jax-0.11.1
distilgpt2	jax	cold	2	31	1191.0			jax-0.11.1
distilgpt2	jax	cold	2	32	1197.9			jax-0.11.1
distilgpt2	jax	cold	2	33	1170.3			jax-0.11.1
distilgpt2	jax	cold	2	34	1210.8			jax-0.11.1
distilgpt2	jax	cold	2	35	1207.0			jax-0.11.1
distilgpt2	jax	cold	2	36	1163.6			jax-0.11.1
distilgpt2	jax	cold	2	37	1212.6			jax-0.11.1
distilgpt2	jax	cold	2	38	1166.3			jax-0.11.1
distilgpt2	jax	cold	2	39	1205.9			jax-0.11.1
distilgpt2	jax	cold	2	40	1204.9			jax-0.11.1
distilgpt2	jax	cold	2	41	1191.5			jax-0.11.1
distilgpt2	jax	cold	2	42	1198.8			jax-0.11.1
distilgpt2	jax	cold	2	43	1203.0			jax-0.11.1
distilgpt2	jax	cold	2	44	1195.3			jax-0.11.1
distilgpt2	jax	cold	2	45	1209.8			jax-0.11.1
distilgpt2	jax	cold	2	46	1162.6			jax-0.11.1
distilgpt2	jax	cold	2	47	1188.6			jax-0.11.1
distilgpt2	jax	cold	2	48	1210.5			jax-0.11.1
distilgpt2	jax	cold	2	49	1223.6			jax-0.11.1
distilgpt2	jax	cold	2	50	1202.9			jax-0.11.1
distilgpt2	jax	cold	2	51	1184.4			jax-0.11.1
distilgpt2	jax	cold	2	52	1197.5			jax-0.11.1
distilgpt2	jax	cold	2	53	1198.0			jax-0.11.1
distilgpt2	jax	cold	2	54	1193.2			jax-0.11.1
distilgpt2	jax	cold	2	55	1196.1			jax-0.11.1
distilgpt2	jax	cold	2	56	1202.7			jax-0.11.1
distilgpt2	jax	cold	2	57	1194.2			jax-0.11.1
distilgpt2	jax	cold	2	58	1194.5			jax-0.11.1
distilgpt2	jax	cold	2	59	1183.6			jax-0.11.1
distilgpt2	jax	cold	2	60	1215.8			jax-0.11.1
distilgpt2	jax	cold	2	61	1197.7			jax-0.11.1
distilgpt2	jax	cold	2	62	1209.1			jax-0.11.1
distilgpt2	jax	cold	2	63	1204.7			jax-0.11.1
distilgpt2	jax	cold	2	64	1213.9			jax-0.11.1
distilgpt2	jax	cold	2	65	1213.8			jax-0.11.1
distilgpt2	jax	cold	2	66	1168.6			jax-0.11.1
distilgpt2	jax	cold	2	67	1190.1			jax-0.11.1
distilgpt2	jax	cold	2	68	1196.7			jax-0.11.1
distilgpt2	jax	cold	2	69	1194.5			jax-0.11.1
distilgpt2	jax	cold	2	70	1197.6			jax-0.11.1
distilgpt2	jax	cold	2	71	1193.6			jax-0.11.1
distilgpt2	jax	cold	2	72	1198.5			jax-0.11.1
distilgpt2	jax	cold	2	73	1199.9			jax-0.11.1
distilgpt2	jax	cold	2	74	1190.1			jax-0.11.1
distilgpt2	jax	cold	2	75	1197.5			jax-0.11.1
distilgpt2	jax	cold	2	76	1191.0			jax-0.11.1
distilgpt2	jax	cold	2	77	1193.4			jax-0.11.1
distilgpt2	jax	cold	2	78	1203.9			jax-0.11.1
distilgpt2	jax	cold	2	79	1222.7			jax-0.11.1
distilgpt2	jax	cold	2	80	1177.5			jax-0.11.1
distilgpt2	jax	cold	2	81	1170.2			jax-0.11.1
distilgpt2	jax	cold	2	82	1187.7			jax-0.11.1
distilgpt2	jax	cold	2	83	1206.5			jax-0.11.1
distilgpt2	jax	cold	2	84	1214.7			jax-0.11.1
distilgpt2	jax	cold	2	85	1196.9			jax-0.11.1
distilgpt2	jax	cold	2	86	1188.2			jax-0.11.1
distilgpt2	jax	cold	2	87	1204.2			jax-0.11.1
distilgpt2	jax	cold	2	88	1205.3			jax-0.11.1
distilgpt2	jax	cold	2	89	1224.2			jax-0.11.1
distilgpt2	jax	cold	2	90	1167.3			jax-0.11.1
distilgpt2	jax	cold	2	91	1193.7			jax-0.11.1
distilgpt2	jax	cold	2	92	1190.2			jax-0.11.1
distilgpt2	jax	cold	2	93	1196.2			jax-0.11.1
distilgpt2	jax	cold	2	94	1183.8			jax-0.11.1
distilgpt2	jax	cold	2	95	1177.8			jax-0.11.1
distilgpt2	jax	cold	2	96	1199.8			jax-0.11.1
distilgpt2	jax	cold	2	97	1206.7			jax-0.11.1
distilgpt2	jax	cold	2	98	1195.5			jax-0.11.1
distilgpt2	jax	cold	2	99	1206.5			jax-0.11.1
distilgpt2	jax	cold	2	100	1217.0			jax-0.11.1
distilgpt2	jax	cold	2	101	1196.8			jax-0.11.1
distilgpt2	jax	cold	2	102	1180.1			jax-0.11.1
distilgpt2	jax	cold	2	103	1217.0			jax-0.11.1
distilgpt2	jax	cold	2	104	1187.8			jax-0.11.1
distilgpt2	jax	cold	2	105	1204.2			jax-0.11.1
distilgpt2	jax	cold	2	106	1184.1			jax-0.11.1
distilgpt2	jax	cold	2	107	1197.3			jax-0.11.1
distilgpt2	jax	cold	2	108	1167.5			jax-0.11.1
distilgpt2	jax	cold	2	109	1185.2			jax-0.11.1
distilgpt2	jax	cold	2	110	1211.3			jax-0.11.1
distilgpt2	jax	cold	2	111	1184.8			jax-0.11.1
distilgpt2	jax	cold	2	112	1158.9			jax-0.11.1
distilgpt2	jax	cold	2	113	1190.6			jax-0.11.1
distilgpt2	jax	cold	2	114	1197.4			jax-0.11.1
distilgpt2	jax	cold	2	115	1211.0			jax-0.11.1
distilgpt2	jax	cold	2	116	1193.0			jax-0.11.1
distilgpt2	jax	cold	2	117	1198.0			jax-0.11.1
distilgpt2	jax	cold	2	118	1196.0			jax-0.11.1
distilgpt2	jax	cold	2	119	1162.5			jax-0.11.1
distilgpt2	jax	cold	2	120	1214.3			jax-0.11.1
distilgpt2	jax	cold	2	121	1164.7			jax-0.11.1
distilgpt2	jax	cold	2	122	1193.2			jax-0.11.1
distilgpt2	jax	cold	2	123	1196.4			jax-0.11.1
distilgpt2	jax	cold	2	124	1187.4			jax-0.11.1
distilgpt2	jax	cold	2	125	1206.6			jax-0.11.1
distilgpt2	jax	cold	2	126	1166.9			jax-0.11.1
distilgpt2	jax	cold	2	127	1159.2			jax-0.11.1
distilgpt2	jax	cold	2	128	1184.0			jax-0.11.1
distilgpt2	jax	cold	2	129	1191.7			jax-0.11.1
distilgpt2	jax	cold	2	130	1175.1			jax-0.11.1
distilgpt2	jax	cold	2	131	1197.6			jax-0.11.1
distilgpt2	jax	cold	2	132	1189.9			jax-0.11.1
distilgpt2	jax	cold	2	133	1187.3			jax-0.11.1
distilgpt2	jax	cold	2	134	1200.6			jax-0.11.1
distilgpt2	jax	cold	2	135	1193.9			jax-0.11.1
distilgpt2	jax	cold	2	136	1203.7			jax-0.11.1
distilgpt2	jax	cold	2	137	1163.3			jax-0.11.1
distilgpt2	jax	cold	2	138	1193.8			jax-0.11.1
distilgpt2	jax	cold	2	139	1192.4			jax-0.11.1
distilgpt2	jax	cold	2	140	1192.6			jax-0.11.1
distilgpt2	jax	cold	2	141	1201.0			jax-0.11.1
distilgpt2	jax	cold	2	142	1180.1			jax-0.11.1
distilgpt2	jax	cold	2	143	1155.1			jax-0.11.1
distilgpt2	jax	cold	2	144	1159.7			jax-0.11.1
distilgpt2	jax	cold	2	145	1161.2			jax-0.11.1
distilgpt2	jax	cold	2	146	1231.1			jax-0.11.1
distilgpt2	jax	cold	2	147	1207.4			jax-0.11.1
distilgpt2	jax	cold	2	148	1156.7			jax-0.11.1
distilgpt2	jax	cold	2	149	1192.2			jax-0.11.1
distilgpt2	jax	cold	2	150	1166.1			jax-0.11.1
distilgpt2	jax	cold	2	151	1217.8			jax-0.11.1
distilgpt2	jax	cold	2	152	1219.8			jax-0.11.1
distilgpt2	jax	cold	2	153	1194.5			jax-0.11.1
distilgpt2	jax	cold	2	154	1160.4			jax-0.11.1
distilgpt2	jax	cold	2	155	1200.0			jax-0.11.1
distilgpt2	jax	cold	2	156	1192.3			jax-0.11.1
distilgpt2	jax	cold	2	157	1177.1			jax-0.11.1
distilgpt2	jax	cold	2	158	1190.9			jax-0.11.1
distilgpt2	jax	cold	2	159	1177.7			jax-0.11.1
distilgpt2	jax	cold	2	160	1190.3			jax-0.11.1
distilgpt2	jax	cold	2	161	1183.2			jax-0.11.1
distilgpt2	jax	cold	2	162	1207.8			jax-0.11.1
distilgpt2	jax	cold	2	163	1189.1			jax-0.11.1
distilgpt2	jax	cold	2	164	1188.3			jax-0.11.1
distilgpt2	jax	cold	2	165	1208.3			jax-0.11.1
distilgpt2	jax	cold	2	166	1194.8			jax-0.11.1
distilgpt2	jax	cold	2	167	1183.7			jax-0.11.1
distilgpt2	jax	cold	2	168	1177.2			jax-0.11.1
distilgpt2	jax	cold	2	169	1192.2			jax-0.11.1
distilgpt2	jax	cold	2	170	1192.4			jax-0.11.1
distilgpt2	jax	cold	2	171	1210.6			jax-0.11.1
distilgpt2	jax	cold	2	172	1191.9			jax-0.11.1
distilgpt2	jax	cold	2	173	1203.1			jax-0.11.1
distilgpt2	jax	cold	2	174	1207.8			jax-0.11.1
distilgpt2	jax	cold	2	175	1227.3			jax-0.11.1
distilgpt2	jax	cold	2	176	1216.1			jax-0.11.1
distilgpt2	jax	cold	2	177	1212.3			jax-0.11.1
distilgpt2	jax	cold	2	178	1181.9			jax-0.11.1
distilgpt2	jax	cold	2	179	1228.8			jax-0.11.1
distilgpt2	jax	cold	2	180	1216.6			jax-0.11.1
distilgpt2	jax	cold	2	181	1210.4			jax-0.11.1
distilgpt2	jax	cold	2	182	1217.6			jax-0.11.1
distilgpt2	jax	cold	2	183	1210.9			jax-0.11.1
distilgpt2	jax	cold	2	184	1197.1			jax-0.11.1
distilgpt2	jax	cold	2	185	1200.8			jax-0.11.1
distilgpt2	jax	cold	2	186	1192.5			jax-0.11.1
distilgpt2	jax	cold	2	187	1196.3			jax-0.11.1
distilgpt2	jax	cold	2	188	1204.4			jax-0.11.1
distilgpt2	jax	cold	2	189	1205.1			jax-0.11.1
distilgpt2	jax	cold	2	190	1207.1			jax-0.11.1
distilgpt2	jax	cold	2	191	1197.5			jax-0.11.1
distilgpt2	jax	cold	2	192	1169.8			jax-0.11.1
distilgpt2	jax	cold	2	193	1190.1			jax-0.11.1
distilgpt2	jax	cold	2	194	1177.8			jax-0.11.1
distilgpt2	jax	cold	2	195	1199.6			jax-0.11.1
distilgpt2	jax	cold	2	196	1197.1			jax-0.11.1
distilgpt2	jax	cold	2	197	1203.4			jax-0.11.1
distilgpt2	jax	cold	2	198	1175.6			jax-0.11.1
distilgpt2	jax	cold	2	199	1193.5			jax-0.11.1
distilgpt2	jax	cold	2	200	1198.4			jax-0.11.1
distilgpt2	jax	cold	2	201	1190.5			jax-0.11.1
distilgpt2	jax	cold	2	202	1166.8			jax-0.11.1
distilgpt2	jax	cold	2	203	1186.9			jax-0.11.1
distilgpt2	jax	cold	2	204	1201.4			jax-0.11.1
distilgpt2	jax	cold	2	205	1215.2			jax-0.11.1
distilgpt2	jax	cold	2	206	1191.9			jax-0.11.1
distilgpt2	jax	cold	2	207	1202.7			jax-0.11.1
distilgpt2	jax	cold	2	208	1216.1			jax-0.11.1
distilgpt2	jax	cold	2	209	1197.9			jax-0.11.1
distilgpt2	jax	cold	2	210	1208.7			jax-0.11.1
distilgpt2	jax	cold	2	211	1221.7			jax-0.11.1
distilgpt2	jax	cold	2	212	1181.8			jax-0.11.1
distilgpt2	jax	cold	2	213	1188.8			jax-0.11.1
distilgpt2	jax	cold	2	214	1214.4			jax-0.11.1
distilgpt2	jax	cold	2	215	1200.7			jax-0.11.1
distilgpt2	jax	cold	2	216	1215.1			jax-0.11.1
distilgpt2	jax	cold	2	217	1195.7			jax-0.11.1
distilgpt2	jax	cold	2	218	1163.3			jax-0.11.1
distilgpt2	jax	cold	2	219	1209.0			jax-0.11.1
distilgpt2	jax	cold	2	220	1197.0			jax-0.11.1
distilgpt2	jax	cold	2	221	1205.3			jax-0.11.1
distilgpt2	jax	cold	2	222	1195.8			jax-0.11.1
distilgpt2	jax	cold	2	223	1199.9			jax-0.11.1
distilgpt2	jax	cold	2	224	1196.3			jax-0.11.1
distilgpt2	jax	cold	2	225	1205.0			jax-0.11.1
distilgpt2	jax	cold	2	226	1203.0			jax-0.11.1
distilgpt2	jax	cold	2	227	1202.0			jax-0.11.1
distilgpt2	jax	cold	2	228	1194.8			jax-0.11.1
distilgpt2	jax	cold	2	229	1203.2			jax-0.11.1
distilgpt2	jax	cold	2	230	1186.7			jax-0.11.1
distilgpt2	jax	cold	2	231	1199.1			jax-0.11.1
distilgpt2	jax	cold	2	232	1223.3			jax-0.11.1
distilgpt2	jax	cold	2	233	1198.5			jax-0.11.1
distilgpt2	jax	cold	2	234	1219.0			jax-0.11.1
distilgpt2	jax	cold	2	235	1194.7			jax-0.11.1
distilgpt2	jax	cold	2	236	1188.0			jax-0.11.1
distilgpt2	jax	cold	2	237	1196.7			jax-0.11.1
distilgpt2	jax	cold	2	238	1208.3			jax-0.11.1
distilgpt2	jax	cold	2	239	1197.8			jax-0.11.1
distilgpt2	jax	cold	2	240	1202.4			jax-0.11.1
distilgpt2	jax	cold	2	241	1195.2			jax-0.11.1
distilgpt2	jax	cold	2	242	1206.5			jax-0.11.1
distilgpt2	jax	cold	2	243	1204.3			jax-0.11.1
distilgpt2	jax	cold	2	244	1206.3			jax-0.11.1
distilgpt2	jax	cold	2	245	1209.3			jax-0.11.1
distilgpt2	jax	cold	2	246	1194.1			jax-0.11.1
distilgpt2	jax	cold	2	247	1207.6			jax-0.11.1
distilgpt2	jax	cold	2	248	1191.0			jax-0.11.1
distilgpt2	jax	cold	2	249	1207.7			jax-0.11.1
distilgpt2	jax	cold	2	250	1209.2			jax-0.11.1
distilgpt2	jax	cold	2	251	1226.0			jax-0.11.1
distilgpt2	jax	cold	2	252	1207.4			jax-0.11.1
distilgpt2	jax	cold	2	253	1215.8			jax-0.11.1
distilgpt2	jax	cold	2	254	1212.0			jax-0.11.1
distilgpt2	jax	cold	2	255	1207.8			jax-0.11.1
distilgpt2	jax	cold	2	256	1199.1			jax-0.11.1
distilgpt2	jax	cold	2	257	1177.0			jax-0.11.1
distilgpt2	jax	cold	2	258	1183.0			jax-0.11.1
distilgpt2	jax	cold	2	259	1210.2			jax-0.11.1
distilgpt2	jax	cold	2	260	1206.6			jax-0.11.1
distilgpt2	jax	cold	2	261	1210.1			jax-0.11.1
distilgpt2	jax	cold	2	262	1210.9			jax-0.11.1
distilgpt2	jax	cold	2	263	1266.1			jax-0.11.1
distilgpt2	jax	cold	2	264	1198.0			jax-0.11.1
distilgpt2	jax	cold	2	265	1212.9			jax-0.11.1
distilgpt2	jax	cold	2	266	1233.0			jax-0.11.1
distilgpt2	jax	cold	2	267	1216.8			jax-0.11.1
distilgpt2	jax	cold	2	268	1225.9			jax-0.11.1
distilgpt2	jax	cold	2	269	1219.6			jax-0.11.1
distilgpt2	jax	cold	2	270	1213.2			jax-0.11.1
distilgpt2	jax	cold	2	271	1213.1			jax-0.11.1
distilgpt2	jax	cold	2	272	1218.0			jax-0.11.1
distilgpt2	jax	cold	2	273	1201.4			jax-0.11.1
distilgpt2	jax	cold	2	274	1202.3			jax-0.11.1
distilgpt2	jax	cold	2	275	1209.0			jax-0.11.1
distilgpt2	jax	cold	2	276	1207.3			jax-0.11.1
distilgpt2	jax	cold	2	277	1260.9			jax-0.11.1
distilgpt2	jax	cold	2	278	1217.9			jax-0.11.1
distilgpt2	jax	cold	2	279	1206.8			jax-0.11.1
distilgpt2	jax	cold	2	280	1190.1			jax-0.11.1
distilgpt2	jax	cold	2	281	1199.3			jax-0.11.1
distilgpt2	jax	cold	2	282	1199.8			jax-0.11.1
distilgpt2	jax	cold	2	283	1182.1			jax-0.11.1
distilgpt2	jax	cold	2	284	1188.2			jax-0.11.1
distilgpt2	jax	cold	2	285	1186.6			jax-0.11.1
distilgpt2	jax	cold	2	286	1174.1			jax-0.11.1
distilgpt2	jax	cold	2	287	1189.5			jax-0.11.1
distilgpt2	jax	cold	2	288	1187.6			jax-0.11.1
distilgpt2	jax	cold	2	289	1194.9			jax-0.11.1
distilgpt2	jax	cold	2	290	1180.2			jax-0.11.1
distilgpt2	jax	cold	2	291	1155.2			jax-0.11.1
distilgpt2	jax	cold	2	292	1182.1			jax-0.11.1
distilgpt2	jax	cold	2	293	1194.5			jax-0.11.1
distilgpt2	jax	cold	2	294	1186.6			jax-0.11.1
distilgpt2	jax	cold	2	295	1182.6			jax-0.11.1
distilgpt2	jax	cold	2	296	1179.4			jax-0.11.1
distilgpt2	jax	cold	2	297	1200.6			jax-0.11.1
distilgpt2	jax	cold	2	298	1179.2			jax-0.11.1
distilgpt2	jax	cold	2	299	1184.2			jax-0.11.1
distilgpt2	torch-eager	cold	3	0	142497.5			torch-2.14.0+cu130
distilgpt2	torch-eager	cold	3	1	3232.7			torch-2.14.0+cu130
distilgpt2	torch-eager	cold	3	2	2960.2			torch-2.14.0+cu130
distilgpt2	torch-eager	cold	3	3	2913.7			torch-2.14.0+cu130
distilgpt2	torch-eager	cold	3	4	2914.2			torch-2.14.0+cu130
distilgpt2	torch-eager	cold	3	5	2873.7			torch-2.14.0+cu130
distilgpt2	torch-eager	cold	3	6	2920.4			torch-2.14.0+cu130
distilgpt2	torch-eager	cold	3	7	2875.1			torch-2.14.0+cu130
distilgpt2	torch-eager	cold	3	8	2883.0			torch-2.14.0+cu130
distilgpt2	torch-eager	cold	3	9	2873.9			torch-2.14.0+cu130
distilgpt2	torch-eager	cold	3	10	2897.0			torch-2.14.0+cu130
distilgpt2	torch-eager	cold	3	11	2899.6			torch-2.14.0+cu130
distilgpt2	torch-eager	cold	3	12	2885.1			torch-2.14.0+cu130
distilgpt2	torch-eager	cold	3	13	4014.3			torch-2.14.0+cu130
distilgpt2	torch-eager	cold	3	14	2896.5			torch-2.14.0+cu130
distilgpt2	torch-eager	cold	3	15	2903.7			torch-2.14.0+cu130
distilgpt2	torch-eager	cold	3	16	2887.5			torch-2.14.0+cu130
distilgpt2	torch-eager	cold	3	17	2881.3			torch-2.14.0+cu130
distilgpt2	torch-eager	cold	3	18	2903.9			torch-2.14.0+cu130
distilgpt2	torch-eager	cold	3	19	2937.1			torch-2.14.0+cu130
distilgpt2	torch-eager	cold	3	20	2899.2			torch-2.14.0+cu130
distilgpt2	torch-eager	cold	3	21	2895.6			torch-2.14.0+cu130
distilgpt2	torch-eager	cold	3	22	2881.8			torch-2.14.0+cu130
distilgpt2	torch-eager	cold	3	23	2923.7			torch-2.14.0+cu130
distilgpt2	torch-eager	cold	3	24	2897.7			torch-2.14.0+cu130
distilgpt2	torch-eager	cold	3	25	2885.8			torch-2.14.0+cu130
distilgpt2	torch-eager	cold	3	26	2898.0			torch-2.14.0+cu130
distilgpt2	torch-eager	cold	3	27	2894.2			torch-2.14.0+cu130
distilgpt2	torch-eager	cold	3	28	2883.9			torch-2.14.0+cu130
distilgpt2	torch-eager	cold	3	29	5978.8			torch-2.14.0+cu130
distilgpt2	torch-eager	cold	3	30	2921.3			torch-2.14.0+cu130
distilgpt2	torch-eager	cold	3	31	2899.2			torch-2.14.0+cu130
distilgpt2	torch-eager	cold	3	32	2876.0			torch-2.14.0+cu130
distilgpt2	torch-eager	cold	3	33	2929.9			torch-2.14.0+cu130
distilgpt2	torch-eager	cold	3	34	2915.9			torch-2.14.0+cu130
distilgpt2	torch-eager	cold	3	35	2880.1			torch-2.14.0+cu130
distilgpt2	torch-eager	cold	3	36	5997.9			torch-2.14.0+cu130
distilgpt2	torch-eager	cold	3	37	2921.8			torch-2.14.0+cu130
distilgpt2	torch-eager	cold	3	38	2910.4			torch-2.14.0+cu130
distilgpt2	torch-eager	cold	3	39	2897.3			torch-2.14.0+cu130
distilgpt2	torch-eager	cold	3	40	2915.9			torch-2.14.0+cu130
distilgpt2	torch-eager	cold	3	41	2897.3			torch-2.14.0+cu130
distilgpt2	torch-eager	cold	3	42	4282.0			torch-2.14.0+cu130
distilgpt2	torch-eager	cold	3	43	3401.8			torch-2.14.0+cu130
distilgpt2	torch-eager	cold	3	44	3358.8			torch-2.14.0+cu130
distilgpt2	torch-eager	cold	3	45	3441.3			torch-2.14.0+cu130
distilgpt2	torch-eager	cold	3	46	3372.7			torch-2.14.0+cu130
distilgpt2	torch-eager	cold	3	47	3381.7			torch-2.14.0+cu130
distilgpt2	torch-eager	cold	3	48	3359.3			torch-2.14.0+cu130
distilgpt2	torch-eager	cold	3	49	3433.0			torch-2.14.0+cu130
distilgpt2	torch-eager	cold	3	50	3394.4			torch-2.14.0+cu130
distilgpt2	torch-eager	cold	3	51	3384.8			torch-2.14.0+cu130
distilgpt2	torch-eager	cold	3	52	3376.2			torch-2.14.0+cu130
distilgpt2	torch-eager	cold	3	53	3415.6			torch-2.14.0+cu130
distilgpt2	torch-eager	cold	3	54	3539.3			torch-2.14.0+cu130
distilgpt2	torch-eager	cold	3	55	3392.2			torch-2.14.0+cu130
distilgpt2	torch-eager	cold	3	56	3402.2			torch-2.14.0+cu130
distilgpt2	torch-eager	cold	3	57	3533.6			torch-2.14.0+cu130
distilgpt2	torch-eager	cold	3	58	3417.0			torch-2.14.0+cu130
distilgpt2	torch-eager	cold	3	59	3387.9			torch-2.14.0+cu130
distilgpt2	torch-eager	cold	3	60	3410.8			torch-2.14.0+cu130
distilgpt2	torch-eager	cold	3	61	3380.1			torch-2.14.0+cu130
distilgpt2	torch-eager	cold	3	62	3363.6			torch-2.14.0+cu130
distilgpt2	torch-eager	cold	3	63	3385.1			torch-2.14.0+cu130
distilgpt2	torch-eager	cold	3	64	3383.2			torch-2.14.0+cu130
distilgpt2	torch-eager	cold	3	65	3402.2			torch-2.14.0+cu130
distilgpt2	torch-eager	cold	3	66	3445.6			torch-2.14.0+cu130
distilgpt2	torch-eager	cold	3	67	3387.2			torch-2.14.0+cu130
distilgpt2	torch-eager	cold	3	68	3370.8			torch-2.14.0+cu130
distilgpt2	torch-eager	cold	3	69	3355.5			torch-2.14.0+cu130
distilgpt2	torch-eager	cold	3	70	3378.2			torch-2.14.0+cu130
distilgpt2	torch-eager	cold	3	71	3388.4			torch-2.14.0+cu130
distilgpt2	torch-eager	cold	3	72	3368.4			torch-2.14.0+cu130
distilgpt2	torch-eager	cold	3	73	3410.6			torch-2.14.0+cu130
distilgpt2	torch-eager	cold	3	74	3394.6			torch-2.14.0+cu130
distilgpt2	torch-eager	cold	3	75	2939.7			torch-2.14.0+cu130
distilgpt2	torch-eager	cold	3	76	2897.7			torch-2.14.0+cu130
distilgpt2	torch-eager	cold	3	77	2910.9			torch-2.14.0+cu130
distilgpt2	torch-eager	cold	3	78	2910.1			torch-2.14.0+cu130
distilgpt2	torch-eager	cold	3	79	2906.6			torch-2.14.0+cu130
distilgpt2	torch-eager	cold	3	80	2894.2			torch-2.14.0+cu130
distilgpt2	torch-eager	cold	3	81	3779.9			torch-2.14.0+cu130
distilgpt2	torch-eager	cold	3	82	3433.9			torch-2.14.0+cu130
distilgpt2	torch-eager	cold	3	83	3409.1			torch-2.14.0+cu130
distilgpt2	torch-eager	cold	3	84	3408.7			torch-2.14.0+cu130
distilgpt2	torch-eager	cold	3	85	3361.2			torch-2.14.0+cu130
distilgpt2	torch-eager	cold	3	86	3373.9			torch-2.14.0+cu130
distilgpt2	torch-eager	cold	3	87	3370.8			torch-2.14.0+cu130
distilgpt2	torch-eager	cold	3	88	3363.4			torch-2.14.0+cu130
distilgpt2	torch-eager	cold	3	89	3505.2			torch-2.14.0+cu130
distilgpt2	torch-eager	cold	3	90	3382.0			torch-2.14.0+cu130
distilgpt2	torch-eager	cold	3	91	3380.1			torch-2.14.0+cu130
distilgpt2	torch-eager	cold	3	92	3381.5			torch-2.14.0+cu130
distilgpt2	torch-eager	cold	3	93	3388.6			torch-2.14.0+cu130
distilgpt2	torch-eager	cold	3	94	3524.3			torch-2.14.0+cu130
distilgpt2	torch-eager	cold	3	95	3401.8			torch-2.14.0+cu130
distilgpt2	torch-eager	cold	3	96	3357.6			torch-2.14.0+cu130
distilgpt2	torch-eager	cold	3	97	3366.5			torch-2.14.0+cu130
distilgpt2	torch-eager	cold	3	98	3380.5			torch-2.14.0+cu130
distilgpt2	torch-eager	cold	3	99	3534.6			torch-2.14.0+cu130
distilgpt2	torch-eager	cold	3	100	3400.3			torch-2.14.0+cu130
distilgpt2	torch-eager	cold	3	101	3357.2			torch-2.14.0+cu130
distilgpt2	torch-eager	cold	3	102	3354.5			torch-2.14.0+cu130
distilgpt2	torch-eager	cold	3	103	3383.2			torch-2.14.0+cu130
distilgpt2	torch-eager	cold	3	104	3523.3			torch-2.14.0+cu130
distilgpt2	torch-eager	cold	3	105	3405.8			torch-2.14.0+cu130
distilgpt2	torch-eager	cold	3	106	3374.3			torch-2.14.0+cu130
distilgpt2	torch-eager	cold	3	107	3379.3			torch-2.14.0+cu130
distilgpt2	torch-eager	cold	3	108	3426.6			torch-2.14.0+cu130
distilgpt2	torch-eager	cold	3	109	3548.4			torch-2.14.0+cu130
distilgpt2	torch-eager	cold	3	110	3407.5			torch-2.14.0+cu130
distilgpt2	torch-eager	cold	3	111	3383.4			torch-2.14.0+cu130
distilgpt2	torch-eager	cold	3	112	3425.4			torch-2.14.0+cu130
distilgpt2	torch-eager	cold	3	113	3407.5			torch-2.14.0+cu130
distilgpt2	torch-eager	cold	3	114	3547.9			torch-2.14.0+cu130
distilgpt2	torch-eager	cold	3	115	3371.5			torch-2.14.0+cu130
distilgpt2	torch-eager	cold	3	116	3370.3			torch-2.14.0+cu130
distilgpt2	torch-eager	cold	3	117	3392.9			torch-2.14.0+cu130
distilgpt2	torch-eager	cold	3	118	3374.8			torch-2.14.0+cu130
distilgpt2	torch-eager	cold	3	119	3536.0			torch-2.14.0+cu130
distilgpt2	torch-eager	cold	3	120	3384.1			torch-2.14.0+cu130
distilgpt2	torch-eager	cold	3	121	3373.6			torch-2.14.0+cu130
distilgpt2	torch-eager	cold	3	122	3409.9			torch-2.14.0+cu130
distilgpt2	torch-eager	cold	3	123	3412.7			torch-2.14.0+cu130
distilgpt2	torch-eager	cold	3	124	3574.1			torch-2.14.0+cu130
distilgpt2	torch-eager	cold	3	125	3390.8			torch-2.14.0+cu130
distilgpt2	torch-eager	cold	3	126	3408.9			torch-2.14.0+cu130
distilgpt2	torch-eager	cold	3	127	3423.5			torch-2.14.0+cu130
distilgpt2	torch-eager	cold	3	128	3530.5			torch-2.14.0+cu130
distilgpt2	torch-eager	cold	3	129	3430.4			torch-2.14.0+cu130
distilgpt2	torch-eager	cold	3	130	3313.3			torch-2.14.0+cu130
distilgpt2	torch-eager	cold	3	131	2968.3			torch-2.14.0+cu130
distilgpt2	torch-eager	cold	3	132	2923.7			torch-2.14.0+cu130
distilgpt2	torch-eager	cold	3	133	2879.9			torch-2.14.0+cu130
distilgpt2	torch-eager	cold	3	134	2886.5			torch-2.14.0+cu130
distilgpt2	torch-eager	cold	3	135	2905.4			torch-2.14.0+cu130
distilgpt2	torch-eager	cold	3	136	2893.4			torch-2.14.0+cu130
distilgpt2	torch-eager	cold	3	137	3165.7			torch-2.14.0+cu130
distilgpt2	torch-eager	cold	3	138	3447.3			torch-2.14.0+cu130
distilgpt2	torch-eager	cold	3	139	3434.7			torch-2.14.0+cu130
distilgpt2	torch-eager	cold	3	140	3400.1			torch-2.14.0+cu130
distilgpt2	torch-eager	cold	3	141	3410.1			torch-2.14.0+cu130
distilgpt2	torch-eager	cold	3	142	3432.5			torch-2.14.0+cu130
distilgpt2	torch-eager	cold	3	143	3396.7			torch-2.14.0+cu130
distilgpt2	torch-eager	cold	3	144	3405.6			torch-2.14.0+cu130
distilgpt2	torch-eager	cold	3	145	3385.1			torch-2.14.0+cu130
distilgpt2	torch-eager	cold	3	146	3378.4			torch-2.14.0+cu130
distilgpt2	torch-eager	cold	3	147	3418.0			torch-2.14.0+cu130
distilgpt2	torch-eager	cold	3	148	3425.8			torch-2.14.0+cu130
distilgpt2	torch-eager	cold	3	149	3378.9			torch-2.14.0+cu130
distilgpt2	torch-eager	cold	3	150	3421.3			torch-2.14.0+cu130
distilgpt2	torch-eager	cold	3	151	3460.9			torch-2.14.0+cu130
distilgpt2	torch-eager	cold	3	152	3451.3			torch-2.14.0+cu130
distilgpt2	torch-eager	cold	3	153	3439.7			torch-2.14.0+cu130
distilgpt2	torch-eager	cold	3	154	3410.8			torch-2.14.0+cu130
distilgpt2	torch-eager	cold	3	155	3448.2			torch-2.14.0+cu130
distilgpt2	torch-eager	cold	3	156	3419.4			torch-2.14.0+cu130
distilgpt2	torch-eager	cold	3	157	3395.8			torch-2.14.0+cu130
distilgpt2	torch-eager	cold	3	158	3402.5			torch-2.14.0+cu130
distilgpt2	torch-eager	cold	3	159	3395.6			torch-2.14.0+cu130
distilgpt2	torch-eager	cold	3	160	3405.6			torch-2.14.0+cu130
distilgpt2	torch-eager	cold	3	161	3384.6			torch-2.14.0+cu130
distilgpt2	torch-eager	cold	3	162	3448.0			torch-2.14.0+cu130
distilgpt2	torch-eager	cold	3	163	3397.7			torch-2.14.0+cu130
distilgpt2	torch-eager	cold	3	164	3405.8			torch-2.14.0+cu130
distilgpt2	torch-eager	cold	3	165	3462.6			torch-2.14.0+cu130
distilgpt2	torch-eager	cold	3	166	3435.9			torch-2.14.0+cu130
distilgpt2	torch-eager	cold	3	167	3536.5			torch-2.14.0+cu130
distilgpt2	torch-eager	cold	3	168	3439.9			torch-2.14.0+cu130
distilgpt2	torch-eager	cold	3	169	3422.0			torch-2.14.0+cu130
distilgpt2	torch-eager	cold	3	170	3422.0			torch-2.14.0+cu130
distilgpt2	torch-eager	cold	3	171	3425.1			torch-2.14.0+cu130
distilgpt2	torch-eager	cold	3	172	3388.2			torch-2.14.0+cu130
distilgpt2	torch-eager	cold	3	173	3401.5			torch-2.14.0+cu130
distilgpt2	torch-eager	cold	3	174	3458.7			torch-2.14.0+cu130
distilgpt2	torch-eager	cold	3	175	3401.8			torch-2.14.0+cu130
distilgpt2	torch-eager	cold	3	176	3420.8			torch-2.14.0+cu130
distilgpt2	torch-eager	cold	3	177	3413.9			torch-2.14.0+cu130
distilgpt2	torch-eager	cold	3	178	3415.1			torch-2.14.0+cu130
distilgpt2	torch-eager	cold	3	179	3401.8			torch-2.14.0+cu130
distilgpt2	torch-eager	cold	3	180	3387.0			torch-2.14.0+cu130
distilgpt2	torch-eager	cold	3	181	3390.1			torch-2.14.0+cu130
distilgpt2	torch-eager	cold	3	182	3393.7			torch-2.14.0+cu130
distilgpt2	torch-eager	cold	3	183	3420.6			torch-2.14.0+cu130
distilgpt2	torch-eager	cold	3	184	3387.5			torch-2.14.0+cu130
distilgpt2	torch-eager	cold	3	185	3454.4			torch-2.14.0+cu130
distilgpt2	torch-eager	cold	3	186	3434.7			torch-2.14.0+cu130
distilgpt2	torch-eager	cold	3	187	3389.8			torch-2.14.0+cu130
distilgpt2	torch-eager	cold	3	188	3423.2			torch-2.14.0+cu130
distilgpt2	torch-eager	cold	3	189	3382.7			torch-2.14.0+cu130
distilgpt2	torch-eager	cold	3	190	3389.6			torch-2.14.0+cu130
distilgpt2	torch-eager	cold	3	191	3413.2			torch-2.14.0+cu130
distilgpt2	torch-eager	cold	3	192	3832.8			torch-2.14.0+cu130
distilgpt2	torch-eager	cold	3	193	3705.0			torch-2.14.0+cu130
distilgpt2	torch-eager	cold	3	194	3639.9			torch-2.14.0+cu130
distilgpt2	torch-eager	cold	3	195	3630.6			torch-2.14.0+cu130
distilgpt2	torch-eager	cold	3	196	3618.5			torch-2.14.0+cu130
distilgpt2	torch-eager	cold	3	197	3843.8			torch-2.14.0+cu130
distilgpt2	torch-eager	cold	3	198	3470.9			torch-2.14.0+cu130
distilgpt2	torch-eager	cold	3	199	3444.0			torch-2.14.0+cu130
distilgpt2	torch-eager	cold	3	200	4022.6			torch-2.14.0+cu130
distilgpt2	torch-eager	cold	3	201	3535.0			torch-2.14.0+cu130
distilgpt2	torch-eager	cold	3	202	3572.9			torch-2.14.0+cu130
distilgpt2	torch-eager	cold	3	203	3694.5			torch-2.14.0+cu130
distilgpt2	torch-eager	cold	3	204	3706.9			torch-2.14.0+cu130
distilgpt2	torch-eager	cold	3	205	3607.7			torch-2.14.0+cu130
distilgpt2	torch-eager	cold	3	206	3718.9			torch-2.14.0+cu130
distilgpt2	torch-eager	cold	3	207	3635.2			torch-2.14.0+cu130
distilgpt2	torch-eager	cold	3	208	3607.5			torch-2.14.0+cu130
distilgpt2	torch-eager	cold	3	209	3620.4			torch-2.14.0+cu130
distilgpt2	torch-eager	cold	3	210	3428.0			torch-2.14.0+cu130
distilgpt2	torch-eager	cold	3	211	3547.9			torch-2.14.0+cu130
distilgpt2	torch-eager	cold	3	212	3406.3			torch-2.14.0+cu130
distilgpt2	torch-eager	cold	3	213	3420.4			torch-2.14.0+cu130
distilgpt2	torch-eager	cold	3	214	3386.0			torch-2.14.0+cu130
distilgpt2	torch-eager	cold	3	215	3377.0			torch-2.14.0+cu130
distilgpt2	torch-eager	cold	3	216	3539.3			torch-2.14.0+cu130
distilgpt2	torch-eager	cold	3	217	3484.2			torch-2.14.0+cu130
distilgpt2	torch-eager	cold	3	218	3430.1			torch-2.14.0+cu130
distilgpt2	torch-eager	cold	3	219	3429.2			torch-2.14.0+cu130
distilgpt2	torch-eager	cold	3	220	3405.6			torch-2.14.0+cu130
distilgpt2	torch-eager	cold	3	221	3438.7			torch-2.14.0+cu130
distilgpt2	torch-eager	cold	3	222	3438.0			torch-2.14.0+cu130
distilgpt2	torch-eager	cold	3	223	3408.7			torch-2.14.0+cu130
distilgpt2	torch-eager	cold	3	224	3420.8			torch-2.14.0+cu130
distilgpt2	torch-eager	cold	3	225	3570.6			torch-2.14.0+cu130
distilgpt2	torch-eager	cold	3	226	3429.2			torch-2.14.0+cu130
distilgpt2	torch-eager	cold	3	227	3405.6			torch-2.14.0+cu130
distilgpt2	torch-eager	cold	3	228	3397.5			torch-2.14.0+cu130
distilgpt2	torch-eager	cold	3	229	3389.8			torch-2.14.0+cu130
distilgpt2	torch-eager	cold	3	230	3541.5			torch-2.14.0+cu130
distilgpt2	torch-eager	cold	3	231	3377.4			torch-2.14.0+cu130
distilgpt2	torch-eager	cold	3	232	3414.2			torch-2.14.0+cu130
distilgpt2	torch-eager	cold	3	233	2993.3			torch-2.14.0+cu130
distilgpt2	torch-eager	cold	3	234	2907.5			torch-2.14.0+cu130
distilgpt2	torch-eager	cold	3	235	2900.1			torch-2.14.0+cu130
distilgpt2	torch-eager	cold	3	236	2881.3			torch-2.14.0+cu130
distilgpt2	torch-eager	cold	3	237	2892.0			torch-2.14.0+cu130
distilgpt2	torch-eager	cold	3	238	2890.1			torch-2.14.0+cu130
distilgpt2	torch-eager	cold	3	239	2883.2			torch-2.14.0+cu130
distilgpt2	torch-eager	cold	3	240	2882.5			torch-2.14.0+cu130
distilgpt2	torch-eager	cold	3	241	2893.2			torch-2.14.0+cu130
distilgpt2	torch-eager	cold	3	242	2882.0			torch-2.14.0+cu130
distilgpt2	torch-eager	cold	3	243	2906.3			torch-2.14.0+cu130
distilgpt2	torch-eager	cold	3	244	2902.5			torch-2.14.0+cu130
distilgpt2	torch-eager	cold	3	245	2900.4			torch-2.14.0+cu130
distilgpt2	torch-eager	cold	3	246	2903.0			torch-2.14.0+cu130
distilgpt2	torch-eager	cold	3	247	2899.6			torch-2.14.0+cu130
distilgpt2	torch-eager	cold	3	248	2893.9			torch-2.14.0+cu130
distilgpt2	torch-eager	cold	3	249	2912.5			torch-2.14.0+cu130
distilgpt2	torch-eager	cold	3	250	2892.0			torch-2.14.0+cu130
distilgpt2	torch-eager	cold	3	251	2889.6			torch-2.14.0+cu130
distilgpt2	torch-eager	cold	3	252	2873.4			torch-2.14.0+cu130
distilgpt2	torch-eager	cold	3	253	2879.9			torch-2.14.0+cu130
distilgpt2	torch-eager	cold	3	254	2888.0			torch-2.14.0+cu130
distilgpt2	torch-eager	cold	3	255	2891.8			torch-2.14.0+cu130
distilgpt2	torch-eager	cold	3	256	2914.4			torch-2.14.0+cu130
distilgpt2	torch-eager	cold	3	257	2922.1			torch-2.14.0+cu130
distilgpt2	torch-eager	cold	3	258	2909.2			torch-2.14.0+cu130
distilgpt2	torch-eager	cold	3	259	2926.3			torch-2.14.0+cu130
distilgpt2	torch-eager	cold	3	260	2898.7			torch-2.14.0+cu130
distilgpt2	torch-eager	cold	3	261	2872.0			torch-2.14.0+cu130
distilgpt2	torch-eager	cold	3	262	2896.1			torch-2.14.0+cu130
distilgpt2	torch-eager	cold	3	263	2881.8			torch-2.14.0+cu130
distilgpt2	torch-eager	cold	3	264	2881.5			torch-2.14.0+cu130
distilgpt2	torch-eager	cold	3	265	2883.0			torch-2.14.0+cu130
distilgpt2	torch-eager	cold	3	266	2895.1			torch-2.14.0+cu130
distilgpt2	torch-eager	cold	3	267	2892.7			torch-2.14.0+cu130
distilgpt2	torch-eager	cold	3	268	2931.6			torch-2.14.0+cu130
distilgpt2	torch-eager	cold	3	269	2901.3			torch-2.14.0+cu130
distilgpt2	torch-eager	cold	3	270	2871.0			torch-2.14.0+cu130
distilgpt2	torch-eager	cold	3	271	2884.4			torch-2.14.0+cu130
distilgpt2	torch-eager	cold	3	272	2883.2			torch-2.14.0+cu130
distilgpt2	torch-eager	cold	3	273	2878.9			torch-2.14.0+cu130
distilgpt2	torch-eager	cold	3	274	2876.5			torch-2.14.0+cu130
distilgpt2	torch-eager	cold	3	275	2892.5			torch-2.14.0+cu130
distilgpt2	torch-eager	cold	3	276	3377.9			torch-2.14.0+cu130
distilgpt2	torch-eager	cold	3	277	3289.9			torch-2.14.0+cu130
distilgpt2	torch-eager	cold	3	278	3706.9			torch-2.14.0+cu130
distilgpt2	torch-eager	cold	3	279	3483.8			torch-2.14.0+cu130
distilgpt2	torch-eager	cold	3	280	3439.2			torch-2.14.0+cu130
distilgpt2	torch-eager	cold	3	281	3514.3			torch-2.14.0+cu130
distilgpt2	torch-eager	cold	3	282	3419.9			torch-2.14.0+cu130
distilgpt2	torch-eager	cold	3	283	3424.9			torch-2.14.0+cu130
distilgpt2	torch-eager	cold	3	284	3408.0			torch-2.14.0+cu130
distilgpt2	torch-eager	cold	3	285	3585.8			torch-2.14.0+cu130
distilgpt2	torch-eager	cold	3	286	3427.3			torch-2.14.0+cu130
distilgpt2	torch-eager	cold	3	287	3455.6			torch-2.14.0+cu130
distilgpt2	torch-eager	cold	3	288	3400.8			torch-2.14.0+cu130
distilgpt2	torch-eager	cold	3	289	3399.8			torch-2.14.0+cu130
distilgpt2	torch-eager	cold	3	290	3547.9			torch-2.14.0+cu130
distilgpt2	torch-eager	cold	3	291	3393.9			torch-2.14.0+cu130
distilgpt2	torch-eager	cold	3	292	3393.9			torch-2.14.0+cu130
distilgpt2	torch-eager	cold	3	293	3426.6			torch-2.14.0+cu130
distilgpt2	torch-eager	cold	3	294	3444.0			torch-2.14.0+cu130
distilgpt2	torch-eager	cold	3	295	3536.5			torch-2.14.0+cu130
distilgpt2	torch-eager	cold	3	296	3431.6			torch-2.14.0+cu130
distilgpt2	torch-eager	cold	3	297	3395.3			torch-2.14.0+cu130
distilgpt2	torch-eager	cold	3	298	3385.3			torch-2.14.0+cu130
distilgpt2	torch-eager	cold	3	299	3411.3			torch-2.14.0+cu130
distilgpt2	ours	cold	3	0	3924303.1	7	254	ddc8008cdeaf
distilgpt2	ours	cold	3	1	12875.1	0	93	ddc8008cdeaf
distilgpt2	ours	cold	3	2	1397.1	0	57	ddc8008cdeaf
distilgpt2	ours	cold	3	3	564218.0	1	87	ddc8008cdeaf
distilgpt2	ours	cold	3	4	7778.9	0	77	ddc8008cdeaf
distilgpt2	ours	cold	3	5	4817.0	1	39	ddc8008cdeaf
distilgpt2	ours	cold	3	6	3460.9	0	39	ddc8008cdeaf
distilgpt2	ours	cold	3	7	3073.0	0	39	ddc8008cdeaf
distilgpt2	ours	cold	3	8	1320.1	0	39	ddc8008cdeaf
distilgpt2	ours	cold	3	9	2852.2	0	39	ddc8008cdeaf
distilgpt2	ours	cold	3	10	1286.0	0	39	ddc8008cdeaf
distilgpt2	ours	cold	3	11	1282.0	0	39	ddc8008cdeaf
distilgpt2	ours	cold	3	12	2959.0	0	39	ddc8008cdeaf
distilgpt2	ours	cold	3	13	1281.0	0	39	ddc8008cdeaf
distilgpt2	ours	cold	3	14	1282.0	0	39	ddc8008cdeaf
distilgpt2	ours	cold	3	15	1284.8	0	39	ddc8008cdeaf
distilgpt2	ours	cold	3	16	3181.9	0	39	ddc8008cdeaf
distilgpt2	ours	cold	3	17	1283.9	0	39	ddc8008cdeaf
distilgpt2	ours	cold	3	18	1285.1	0	39	ddc8008cdeaf
distilgpt2	ours	cold	3	19	1271.0	0	39	ddc8008cdeaf
distilgpt2	ours	cold	3	20	1292.0	0	39	ddc8008cdeaf
distilgpt2	ours	cold	3	21	3410.1	0	39	ddc8008cdeaf
distilgpt2	ours	cold	3	22	1294.1	0	39	ddc8008cdeaf
distilgpt2	ours	cold	3	23	1295.1	0	39	ddc8008cdeaf
distilgpt2	ours	cold	3	24	1276.0	0	39	ddc8008cdeaf
distilgpt2	ours	cold	3	25	1275.1	0	39	ddc8008cdeaf
distilgpt2	ours	cold	3	26	1298.2	0	39	ddc8008cdeaf
distilgpt2	ours	cold	3	27	3548.9	0	39	ddc8008cdeaf
distilgpt2	ours	cold	3	28	1288.9	0	39	ddc8008cdeaf
distilgpt2	ours	cold	3	29	1309.2	0	39	ddc8008cdeaf
distilgpt2	ours	cold	3	30	1338.0	0	39	ddc8008cdeaf
distilgpt2	ours	cold	3	31	1274.1	0	39	ddc8008cdeaf
distilgpt2	ours	cold	3	32	1298.2	0	39	ddc8008cdeaf
distilgpt2	ours	cold	3	33	1278.9	0	39	ddc8008cdeaf
distilgpt2	ours	cold	3	34	3672.8	0	39	ddc8008cdeaf
distilgpt2	ours	cold	3	35	1293.9	0	39	ddc8008cdeaf
distilgpt2	ours	cold	3	36	1303.0	0	39	ddc8008cdeaf
distilgpt2	ours	cold	3	37	1292.0	0	39	ddc8008cdeaf
distilgpt2	ours	cold	3	38	1298.0	0	39	ddc8008cdeaf
distilgpt2	ours	cold	3	39	1277.0	0	39	ddc8008cdeaf
distilgpt2	ours	cold	3	40	1299.9	0	39	ddc8008cdeaf
distilgpt2	ours	cold	3	41	1281.0	0	39	ddc8008cdeaf
distilgpt2	ours	cold	3	42	3794.0	0	39	ddc8008cdeaf
distilgpt2	ours	cold	3	43	1278.2	0	39	ddc8008cdeaf
distilgpt2	ours	cold	3	44	1292.0	0	39	ddc8008cdeaf
distilgpt2	ours	cold	3	45	1282.0	0	39	ddc8008cdeaf
distilgpt2	ours	cold	3	46	1276.0	0	39	ddc8008cdeaf
distilgpt2	ours	cold	3	47	1259.1	0	39	ddc8008cdeaf
distilgpt2	ours	cold	3	48	1291.0	0	39	ddc8008cdeaf
distilgpt2	ours	cold	3	49	1308.9	0	39	ddc8008cdeaf
distilgpt2	ours	cold	3	50	1270.8	0	39	ddc8008cdeaf
distilgpt2	ours	cold	3	51	3806.8	0	39	ddc8008cdeaf
distilgpt2	ours	cold	3	52	1292.0	0	39	ddc8008cdeaf
distilgpt2	ours	cold	3	53	1305.1	0	39	ddc8008cdeaf
distilgpt2	ours	cold	3	54	1267.9	0	39	ddc8008cdeaf
distilgpt2	ours	cold	3	55	1283.9	0	39	ddc8008cdeaf
distilgpt2	ours	cold	3	56	1286.0	0	39	ddc8008cdeaf
distilgpt2	ours	cold	3	57	1302.0	0	39	ddc8008cdeaf
distilgpt2	ours	cold	3	58	1279.1	0	39	ddc8008cdeaf
distilgpt2	ours	cold	3	59	1270.1	0	39	ddc8008cdeaf
distilgpt2	ours	cold	3	60	1304.9	0	39	ddc8008cdeaf
distilgpt2	ours	cold	3	61	4137.0	0	39	ddc8008cdeaf
distilgpt2	ours	cold	3	62	1301.8	0	39	ddc8008cdeaf
distilgpt2	ours	cold	3	63	1291.0	0	39	ddc8008cdeaf
distilgpt2	ours	cold	3	64	1337.1	0	39	ddc8008cdeaf
distilgpt2	ours	cold	3	65	1304.9	0	39	ddc8008cdeaf
distilgpt2	ours	cold	3	66	1319.9	0	39	ddc8008cdeaf
distilgpt2	ours	cold	3	67	1273.9	0	39	ddc8008cdeaf
distilgpt2	ours	cold	3	68	1278.2	0	39	ddc8008cdeaf
distilgpt2	ours	cold	3	69	1277.9	0	39	ddc8008cdeaf
distilgpt2	ours	cold	3	70	1296.0	0	39	ddc8008cdeaf
distilgpt2	ours	cold	3	71	1264.8	0	39	ddc8008cdeaf
distilgpt2	ours	cold	3	72	4359.0	0	39	ddc8008cdeaf
distilgpt2	ours	cold	3	73	1294.1	0	39	ddc8008cdeaf
distilgpt2	ours	cold	3	74	1265.0	0	39	ddc8008cdeaf
distilgpt2	ours	cold	3	75	1254.1	0	39	ddc8008cdeaf
distilgpt2	ours	cold	3	76	1250.0	0	39	ddc8008cdeaf
distilgpt2	ours	cold	3	77	1292.0	0	39	ddc8008cdeaf
distilgpt2	ours	cold	3	78	1312.0	0	39	ddc8008cdeaf
distilgpt2	ours	cold	3	79	1241.9	0	39	ddc8008cdeaf
distilgpt2	ours	cold	3	80	1265.0	0	39	ddc8008cdeaf
distilgpt2	ours	cold	3	81	1325.1	0	39	ddc8008cdeaf
distilgpt2	ours	cold	3	82	1249.1	0	39	ddc8008cdeaf
distilgpt2	ours	cold	3	83	1259.1	0	39	ddc8008cdeaf
distilgpt2	ours	cold	3	84	4430.1	0	39	ddc8008cdeaf
distilgpt2	ours	cold	3	85	1298.0	0	39	ddc8008cdeaf
distilgpt2	ours	cold	3	86	1260.0	0	39	ddc8008cdeaf
distilgpt2	ours	cold	3	87	1261.9	0	39	ddc8008cdeaf
distilgpt2	ours	cold	3	88	1256.0	0	39	ddc8008cdeaf
distilgpt2	ours	cold	3	89	1259.8	0	39	ddc8008cdeaf
distilgpt2	ours	cold	3	90	1277.9	0	39	ddc8008cdeaf
distilgpt2	ours	cold	3	91	1270.1	0	39	ddc8008cdeaf
distilgpt2	ours	cold	3	92	1282.0	0	39	ddc8008cdeaf
distilgpt2	ours	cold	3	93	1250.0	0	39	ddc8008cdeaf
distilgpt2	ours	cold	3	94	1266.0	0	39	ddc8008cdeaf
distilgpt2	ours	cold	3	95	1251.0	0	39	ddc8008cdeaf
distilgpt2	ours	cold	3	96	1273.9	0	39	ddc8008cdeaf
distilgpt2	ours	cold	3	97	4164.0	0	39	ddc8008cdeaf
distilgpt2	ours	cold	3	98	1270.1	0	39	ddc8008cdeaf
distilgpt2	ours	cold	3	99	1248.1	0	39	ddc8008cdeaf
distilgpt2	ours	cold	3	100	1286.0	0	39	ddc8008cdeaf
distilgpt2	ours	cold	3	101	1272.0	0	39	ddc8008cdeaf
distilgpt2	ours	cold	3	102	1268.9	0	39	ddc8008cdeaf
distilgpt2	ours	cold	3	103	1277.0	0	39	ddc8008cdeaf
distilgpt2	ours	cold	3	104	1297.0	0	39	ddc8008cdeaf
distilgpt2	ours	cold	3	105	1255.0	0	39	ddc8008cdeaf
distilgpt2	ours	cold	3	106	1285.1	0	39	ddc8008cdeaf
distilgpt2	ours	cold	3	107	1267.0	0	39	ddc8008cdeaf
distilgpt2	ours	cold	3	108	1247.2	0	39	ddc8008cdeaf
distilgpt2	ours	cold	3	109	1314.9	0	39	ddc8008cdeaf
distilgpt2	ours	cold	3	110	1244.1	0	39	ddc8008cdeaf
distilgpt2	ours	cold	3	111	3875.0	0	39	ddc8008cdeaf
distilgpt2	ours	cold	3	112	1280.1	0	39	ddc8008cdeaf
distilgpt2	ours	cold	3	113	1277.0	0	39	ddc8008cdeaf
distilgpt2	ours	cold	3	114	1253.1	0	39	ddc8008cdeaf
distilgpt2	ours	cold	3	115	1296.0	0	39	ddc8008cdeaf
distilgpt2	ours	cold	3	116	1253.8	0	39	ddc8008cdeaf
distilgpt2	ours	cold	3	117	1266.0	0	39	ddc8008cdeaf
distilgpt2	ours	cold	3	118	1275.1	0	39	ddc8008cdeaf
distilgpt2	ours	cold	3	119	1248.8	0	39	ddc8008cdeaf
distilgpt2	ours	cold	3	120	1282.9	0	39	ddc8008cdeaf
distilgpt2	ours	cold	3	121	1272.0	0	39	ddc8008cdeaf
distilgpt2	ours	cold	3	122	1263.1	0	39	ddc8008cdeaf
distilgpt2	ours	cold	3	123	1251.0	0	39	ddc8008cdeaf
distilgpt2	ours	cold	3	124	1281.0	0	39	ddc8008cdeaf
distilgpt2	ours	cold	3	125	1303.9	0	39	ddc8008cdeaf
distilgpt2	ours	cold	3	126	4064.1	0	39	ddc8008cdeaf
distilgpt2	ours	cold	3	127	1267.0	0	39	ddc8008cdeaf
distilgpt2	ours	cold	3	128	1292.0	0	39	ddc8008cdeaf
distilgpt2	ours	cold	3	129	1281.0	0	39	ddc8008cdeaf
distilgpt2	ours	cold	3	130	1254.1	0	39	ddc8008cdeaf
distilgpt2	ours	cold	3	131	1266.0	0	39	ddc8008cdeaf
distilgpt2	ours	cold	3	132	1262.2	0	39	ddc8008cdeaf
distilgpt2	ours	cold	3	133	1252.9	0	39	ddc8008cdeaf
distilgpt2	ours	cold	3	134	1269.8	0	39	ddc8008cdeaf
distilgpt2	ours	cold	3	135	1257.9	0	39	ddc8008cdeaf
distilgpt2	ours	cold	3	136	1272.0	0	39	ddc8008cdeaf
distilgpt2	ours	cold	3	137	1272.9	0	39	ddc8008cdeaf
distilgpt2	ours	cold	3	138	1262.2	0	39	ddc8008cdeaf
distilgpt2	ours	cold	3	139	1261.9	0	39	ddc8008cdeaf
distilgpt2	ours	cold	3	140	1286.0	0	39	ddc8008cdeaf
distilgpt2	ours	cold	3	141	1276.0	0	39	ddc8008cdeaf
distilgpt2	ours	cold	3	142	1255.0	0	39	ddc8008cdeaf
distilgpt2	ours	cold	3	143	1279.8	0	39	ddc8008cdeaf
distilgpt2	ours	cold	3	144	1279.1	0	39	ddc8008cdeaf
distilgpt2	ours	cold	3	145	1244.1	0	39	ddc8008cdeaf
distilgpt2	ours	cold	3	146	1316.1	0	39	ddc8008cdeaf
distilgpt2	ours	cold	3	147	1285.1	0	39	ddc8008cdeaf
distilgpt2	ours	cold	3	148	4133.9	0	39	ddc8008cdeaf
distilgpt2	ours	cold	3	149	1296.0	0	39	ddc8008cdeaf
distilgpt2	ours	cold	3	150	1270.1	0	39	ddc8008cdeaf
distilgpt2	ours	cold	3	151	1337.1	0	39	ddc8008cdeaf
distilgpt2	ours	cold	3	152	1267.9	0	39	ddc8008cdeaf
distilgpt2	ours	cold	3	153	1249.8	0	39	ddc8008cdeaf
distilgpt2	ours	cold	3	154	1267.9	0	39	ddc8008cdeaf
distilgpt2	ours	cold	3	155	1288.2	0	39	ddc8008cdeaf
distilgpt2	ours	cold	3	156	1263.9	0	39	ddc8008cdeaf
distilgpt2	ours	cold	3	157	1274.8	0	39	ddc8008cdeaf
distilgpt2	ours	cold	3	158	1250.0	0	39	ddc8008cdeaf
distilgpt2	ours	cold	3	159	1246.9	0	39	ddc8008cdeaf
distilgpt2	ours	cold	3	160	1271.0	0	39	ddc8008cdeaf
distilgpt2	ours	cold	3	161	1268.1	0	39	ddc8008cdeaf
distilgpt2	ours	cold	3	162	1262.9	0	39	ddc8008cdeaf
distilgpt2	ours	cold	3	163	1262.9	0	39	ddc8008cdeaf
distilgpt2	ours	cold	3	164	1268.1	0	39	ddc8008cdeaf
distilgpt2	ours	cold	3	165	1284.8	0	39	ddc8008cdeaf
distilgpt2	ours	cold	3	166	4025.9	0	39	ddc8008cdeaf
distilgpt2	ours	cold	3	167	1327.0	0	39	ddc8008cdeaf
distilgpt2	ours	cold	3	168	1253.1	0	39	ddc8008cdeaf
distilgpt2	ours	cold	3	169	1253.1	0	39	ddc8008cdeaf
distilgpt2	ours	cold	3	170	1277.0	0	39	ddc8008cdeaf
distilgpt2	ours	cold	3	171	1261.0	0	39	ddc8008cdeaf
distilgpt2	ours	cold	3	172	1304.9	0	39	ddc8008cdeaf
distilgpt2	ours	cold	3	173	1313.2	0	39	ddc8008cdeaf
distilgpt2	ours	cold	3	174	1266.0	0	39	ddc8008cdeaf
distilgpt2	ours	cold	3	175	1252.2	0	39	ddc8008cdeaf
distilgpt2	ours	cold	3	176	1308.9	0	39	ddc8008cdeaf
distilgpt2	ours	cold	3	177	1290.1	0	39	ddc8008cdeaf
distilgpt2	ours	cold	3	178	1256.0	0	39	ddc8008cdeaf
distilgpt2	ours	cold	3	179	1261.0	0	39	ddc8008cdeaf
distilgpt2	ours	cold	3	180	1261.9	0	39	ddc8008cdeaf
distilgpt2	ours	cold	3	181	1263.1	0	39	ddc8008cdeaf
distilgpt2	ours	cold	3	182	1313.9	0	39	ddc8008cdeaf
distilgpt2	ours	cold	3	183	1239.8	0	39	ddc8008cdeaf
distilgpt2	ours	cold	3	184	1263.9	0	39	ddc8008cdeaf
distilgpt2	ours	cold	3	185	1262.2	0	39	ddc8008cdeaf
distilgpt2	ours	cold	3	186	1260.0	0	39	ddc8008cdeaf
distilgpt2	ours	cold	3	187	1241.9	0	39	ddc8008cdeaf
distilgpt2	ours	cold	3	188	1276.0	0	39	ddc8008cdeaf
distilgpt2	ours	cold	3	189	1261.9	0	39	ddc8008cdeaf
distilgpt2	ours	cold	3	190	1264.1	0	39	ddc8008cdeaf
distilgpt2	ours	cold	3	191	1259.1	0	39	ddc8008cdeaf
distilgpt2	ours	cold	3	192	4178.0	0	39	ddc8008cdeaf
distilgpt2	ours	cold	3	193	1275.1	0	39	ddc8008cdeaf
distilgpt2	ours	cold	3	194	1257.2	0	39	ddc8008cdeaf
distilgpt2	ours	cold	3	195	1256.0	0	39	ddc8008cdeaf
distilgpt2	ours	cold	3	196	1256.0	0	39	ddc8008cdeaf
distilgpt2	ours	cold	3	197	1317.0	0	39	ddc8008cdeaf
distilgpt2	ours	cold	3	198	1314.9	0	39	ddc8008cdeaf
distilgpt2	ours	cold	3	199	1257.2	0	39	ddc8008cdeaf
distilgpt2	ours	cold	3	200	1256.0	0	39	ddc8008cdeaf
distilgpt2	ours	cold	3	201	1287.0	0	39	ddc8008cdeaf
distilgpt2	ours	cold	3	202	1261.0	0	39	ddc8008cdeaf
distilgpt2	ours	cold	3	203	1313.0	0	39	ddc8008cdeaf
distilgpt2	ours	cold	3	204	1261.0	0	39	ddc8008cdeaf
distilgpt2	ours	cold	3	205	1265.0	0	39	ddc8008cdeaf
distilgpt2	ours	cold	3	206	1248.8	0	39	ddc8008cdeaf
distilgpt2	ours	cold	3	207	1283.9	0	39	ddc8008cdeaf
distilgpt2	ours	cold	3	208	1273.2	0	39	ddc8008cdeaf
distilgpt2	ours	cold	3	209	1251.0	0	39	ddc8008cdeaf
distilgpt2	ours	cold	3	210	1259.1	0	39	ddc8008cdeaf
distilgpt2	ours	cold	3	211	1250.0	0	39	ddc8008cdeaf
distilgpt2	ours	cold	3	212	1261.2	0	39	ddc8008cdeaf
distilgpt2	ours	cold	3	213	1322.0	0	39	ddc8008cdeaf
distilgpt2	ours	cold	3	214	1262.9	0	39	ddc8008cdeaf
distilgpt2	ours	cold	3	215	1266.0	0	39	ddc8008cdeaf
distilgpt2	ours	cold	3	216	4205.9	0	39	ddc8008cdeaf
distilgpt2	ours	cold	3	217	1282.9	0	39	ddc8008cdeaf
distilgpt2	ours	cold	3	218	1313.0	0	39	ddc8008cdeaf
distilgpt2	ours	cold	3	219	1273.2	0	39	ddc8008cdeaf
distilgpt2	ours	cold	3	220	1256.0	0	39	ddc8008cdeaf
distilgpt2	ours	cold	3	221	1273.2	0	39	ddc8008cdeaf
distilgpt2	ours	cold	3	222	1261.0	0	39	ddc8008cdeaf
distilgpt2	ours	cold	3	223	1267.0	0	39	ddc8008cdeaf
distilgpt2	ours	cold	3	224	1260.0	0	39	ddc8008cdeaf
distilgpt2	ours	cold	3	225	1249.8	0	39	ddc8008cdeaf
distilgpt2	ours	cold	3	226	1280.8	0	39	ddc8008cdeaf
distilgpt2	ours	cold	3	227	1282.0	0	39	ddc8008cdeaf
distilgpt2	ours	cold	3	228	1298.9	0	39	ddc8008cdeaf
distilgpt2	ours	cold	3	229	1280.8	0	39	ddc8008cdeaf
distilgpt2	ours	cold	3	230	1257.9	0	39	ddc8008cdeaf
distilgpt2	ours	cold	3	231	1262.2	0	39	ddc8008cdeaf
distilgpt2	ours	cold	3	232	1251.0	0	39	ddc8008cdeaf
distilgpt2	ours	cold	3	233	1261.0	0	39	ddc8008cdeaf
distilgpt2	ours	cold	3	234	1250.0	0	39	ddc8008cdeaf
distilgpt2	ours	cold	3	235	1283.2	0	39	ddc8008cdeaf
distilgpt2	ours	cold	3	236	1245.0	0	39	ddc8008cdeaf
distilgpt2	ours	cold	3	237	1232.9	0	39	ddc8008cdeaf
distilgpt2	ours	cold	3	238	1251.0	0	39	ddc8008cdeaf
distilgpt2	ours	cold	3	239	1237.9	0	39	ddc8008cdeaf
distilgpt2	ours	cold	3	240	1246.9	0	39	ddc8008cdeaf
distilgpt2	ours	cold	3	241	1238.1	0	39	ddc8008cdeaf
distilgpt2	ours	cold	3	242	1246.9	0	39	ddc8008cdeaf
distilgpt2	ours	cold	3	243	4004.0	0	39	ddc8008cdeaf
distilgpt2	ours	cold	3	244	1255.0	0	39	ddc8008cdeaf
distilgpt2	ours	cold	3	245	1246.0	0	39	ddc8008cdeaf
distilgpt2	ours	cold	3	246	1249.1	0	39	ddc8008cdeaf
distilgpt2	ours	cold	3	247	1250.0	0	39	ddc8008cdeaf
distilgpt2	ours	cold	3	248	1244.1	0	39	ddc8008cdeaf
distilgpt2	ours	cold	3	249	1234.1	0	39	ddc8008cdeaf
distilgpt2	ours	cold	3	250	1232.9	0	39	ddc8008cdeaf
distilgpt2	ours	cold	3	251	1255.0	0	39	ddc8008cdeaf
distilgpt2	ours	cold	3	252	1282.9	0	39	ddc8008cdeaf
distilgpt2	ours	cold	3	253	1261.0	0	39	ddc8008cdeaf
distilgpt2	ours	cold	3	254	1249.1	0	39	ddc8008cdeaf
distilgpt2	ours	cold	3	255	1242.2	0	39	ddc8008cdeaf
distilgpt2	ours	cold	3	256	1271.0	0	39	ddc8008cdeaf
distilgpt2	ours	cold	3	257	1253.8	0	39	ddc8008cdeaf
distilgpt2	ours	cold	3	258	1241.0	0	39	ddc8008cdeaf
distilgpt2	ours	cold	3	259	1240.0	0	39	ddc8008cdeaf
distilgpt2	ours	cold	3	260	1259.1	0	39	ddc8008cdeaf
distilgpt2	ours	cold	3	261	1246.0	0	39	ddc8008cdeaf
distilgpt2	ours	cold	3	262	1231.9	0	39	ddc8008cdeaf
distilgpt2	ours	cold	3	263	1262.9	0	39	ddc8008cdeaf
distilgpt2	ours	cold	3	264	1253.1	0	39	ddc8008cdeaf
distilgpt2	ours	cold	3	265	1258.9	0	39	ddc8008cdeaf
distilgpt2	ours	cold	3	266	1238.1	0	39	ddc8008cdeaf
distilgpt2	ours	cold	3	267	1261.0	0	39	ddc8008cdeaf
distilgpt2	ours	cold	3	268	3574.1	0	39	ddc8008cdeaf
distilgpt2	ours	cold	3	269	1269.1	0	39	ddc8008cdeaf
distilgpt2	ours	cold	3	270	1250.0	0	39	ddc8008cdeaf
distilgpt2	ours	cold	3	271	1249.1	0	39	ddc8008cdeaf
distilgpt2	ours	cold	3	272	3662.1	0	39	ddc8008cdeaf
distilgpt2	ours	cold	3	273	1277.0	0	39	ddc8008cdeaf
distilgpt2	ours	cold	3	274	1307.0	0	39	ddc8008cdeaf
distilgpt2	ours	cold	3	275	1284.8	0	39	ddc8008cdeaf
distilgpt2	ours	cold	3	276	1244.1	0	39	ddc8008cdeaf
distilgpt2	ours	cold	3	277	1264.1	0	39	ddc8008cdeaf
distilgpt2	ours	cold	3	278	1304.1	0	39	ddc8008cdeaf
distilgpt2	ours	cold	3	279	1242.9	0	39	ddc8008cdeaf
distilgpt2	ours	cold	3	280	1254.1	0	39	ddc8008cdeaf
distilgpt2	ours	cold	3	281	1251.0	0	39	ddc8008cdeaf
distilgpt2	ours	cold	3	282	1256.9	0	39	ddc8008cdeaf
distilgpt2	ours	cold	3	283	1246.0	0	39	ddc8008cdeaf
distilgpt2	ours	cold	3	284	1262.9	0	39	ddc8008cdeaf
distilgpt2	ours	cold	3	285	1232.9	0	39	ddc8008cdeaf
distilgpt2	ours	cold	3	286	1252.9	0	39	ddc8008cdeaf
distilgpt2	ours	cold	3	287	1245.0	0	39	ddc8008cdeaf
distilgpt2	ours	cold	3	288	1234.1	0	39	ddc8008cdeaf
distilgpt2	ours	cold	3	289	1306.1	0	39	ddc8008cdeaf
distilgpt2	ours	cold	3	290	1241.0	0	39	ddc8008cdeaf
distilgpt2	ours	cold	3	291	1236.2	0	39	ddc8008cdeaf
distilgpt2	ours	cold	3	292	1244.1	0	39	ddc8008cdeaf
distilgpt2	ours	cold	3	293	1269.8	0	39	ddc8008cdeaf
distilgpt2	ours	cold	3	294	1257.2	0	39	ddc8008cdeaf
distilgpt2	ours	cold	3	295	1240.0	0	39	ddc8008cdeaf
distilgpt2	ours	cold	3	296	1251.9	0	39	ddc8008cdeaf
distilgpt2	ours	cold	3	297	1243.8	0	39	ddc8008cdeaf
distilgpt2	ours	cold	3	298	1246.2	0	39	ddc8008cdeaf
distilgpt2	ours	cold	3	299	1255.0	0	39	ddc8008cdeaf
distilgpt2	torch-compile	cold	3	0	4580524.0			torch-2.14.0+cu130
distilgpt2	torch-compile	cold	3	1	1826.8			torch-2.14.0+cu130
distilgpt2	torch-compile	cold	3	2	1669.6			torch-2.14.0+cu130
distilgpt2	torch-compile	cold	3	3	1643.2			torch-2.14.0+cu130
distilgpt2	torch-compile	cold	3	4	1597.2			torch-2.14.0+cu130
distilgpt2	torch-compile	cold	3	5	1578.6			torch-2.14.0+cu130
distilgpt2	torch-compile	cold	3	6	1570.5			torch-2.14.0+cu130
distilgpt2	torch-compile	cold	3	7	1505.9			torch-2.14.0+cu130
distilgpt2	torch-compile	cold	3	8	1500.6			torch-2.14.0+cu130
distilgpt2	torch-compile	cold	3	9	1478.2			torch-2.14.0+cu130
distilgpt2	torch-compile	cold	3	10	1511.3			torch-2.14.0+cu130
distilgpt2	torch-compile	cold	3	11	1466.8			torch-2.14.0+cu130
distilgpt2	torch-compile	cold	3	12	1510.1			torch-2.14.0+cu130
distilgpt2	torch-compile	cold	3	13	1480.8			torch-2.14.0+cu130
distilgpt2	torch-compile	cold	3	14	1477.2			torch-2.14.0+cu130
distilgpt2	torch-compile	cold	3	15	1457.9			torch-2.14.0+cu130
distilgpt2	torch-compile	cold	3	16	1468.7			torch-2.14.0+cu130
distilgpt2	torch-compile	cold	3	17	1436.7			torch-2.14.0+cu130
distilgpt2	torch-compile	cold	3	18	1457.7			torch-2.14.0+cu130
distilgpt2	torch-compile	cold	3	19	1446.0			torch-2.14.0+cu130
distilgpt2	torch-compile	cold	3	20	1434.8			torch-2.14.0+cu130
distilgpt2	torch-compile	cold	3	21	1453.6			torch-2.14.0+cu130
distilgpt2	torch-compile	cold	3	22	1469.1			torch-2.14.0+cu130
distilgpt2	torch-compile	cold	3	23	1449.1			torch-2.14.0+cu130
distilgpt2	torch-compile	cold	3	24	1456.5			torch-2.14.0+cu130
distilgpt2	torch-compile	cold	3	25	1462.7			torch-2.14.0+cu130
distilgpt2	torch-compile	cold	3	26	1436.0			torch-2.14.0+cu130
distilgpt2	torch-compile	cold	3	27	1444.1			torch-2.14.0+cu130
distilgpt2	torch-compile	cold	3	28	1444.3			torch-2.14.0+cu130
distilgpt2	torch-compile	cold	3	29	1464.4			torch-2.14.0+cu130
distilgpt2	torch-compile	cold	3	30	1495.8			torch-2.14.0+cu130
distilgpt2	torch-compile	cold	3	31	1462.5			torch-2.14.0+cu130
distilgpt2	torch-compile	cold	3	32	1445.3			torch-2.14.0+cu130
distilgpt2	torch-compile	cold	3	33	1446.7			torch-2.14.0+cu130
distilgpt2	torch-compile	cold	3	34	1441.7			torch-2.14.0+cu130
distilgpt2	torch-compile	cold	3	35	1462.2			torch-2.14.0+cu130
distilgpt2	torch-compile	cold	3	36	1440.5			torch-2.14.0+cu130
distilgpt2	torch-compile	cold	3	37	1421.7			torch-2.14.0+cu130
distilgpt2	torch-compile	cold	3	38	1422.9			torch-2.14.0+cu130
distilgpt2	torch-compile	cold	3	39	1462.7			torch-2.14.0+cu130
distilgpt2	torch-compile	cold	3	40	1429.8			torch-2.14.0+cu130
distilgpt2	torch-compile	cold	3	41	1453.4			torch-2.14.0+cu130
distilgpt2	torch-compile	cold	3	42	1451.5			torch-2.14.0+cu130
distilgpt2	torch-compile	cold	3	43	1453.9			torch-2.14.0+cu130
distilgpt2	torch-compile	cold	3	44	1495.4			torch-2.14.0+cu130
distilgpt2	torch-compile	cold	3	45	1453.9			torch-2.14.0+cu130
distilgpt2	torch-compile	cold	3	46	1448.9			torch-2.14.0+cu130
distilgpt2	torch-compile	cold	3	47	1504.4			torch-2.14.0+cu130
distilgpt2	torch-compile	cold	3	48	1503.2			torch-2.14.0+cu130
distilgpt2	torch-compile	cold	3	49	1455.1			torch-2.14.0+cu130
distilgpt2	torch-compile	cold	3	50	1522.5			torch-2.14.0+cu130
distilgpt2	torch-compile	cold	3	51	1446.7			torch-2.14.0+cu130
distilgpt2	torch-compile	cold	3	52	1481.8			torch-2.14.0+cu130
distilgpt2	torch-compile	cold	3	53	1461.3			torch-2.14.0+cu130
distilgpt2	torch-compile	cold	3	54	1443.4			torch-2.14.0+cu130
distilgpt2	torch-compile	cold	3	55	1442.2			torch-2.14.0+cu130
distilgpt2	torch-compile	cold	3	56	1459.8			torch-2.14.0+cu130
distilgpt2	torch-compile	cold	3	57	1434.8			torch-2.14.0+cu130
distilgpt2	torch-compile	cold	3	58	1514.9			torch-2.14.0+cu130
distilgpt2	torch-compile	cold	3	59	1505.9			torch-2.14.0+cu130
distilgpt2	torch-compile	cold	3	60	1437.2			torch-2.14.0+cu130
distilgpt2	torch-compile	cold	3	61	1458.6			torch-2.14.0+cu130
distilgpt2	torch-compile	cold	3	62	1420.3			torch-2.14.0+cu130
distilgpt2	torch-compile	cold	3	63	1456.3			torch-2.14.0+cu130
distilgpt2	torch-compile	cold	3	64	1534.5			torch-2.14.0+cu130
distilgpt2	torch-compile	cold	3	65	1431.5			torch-2.14.0+cu130
distilgpt2	torch-compile	cold	3	66	1492.3			torch-2.14.0+cu130
distilgpt2	torch-compile	cold	3	67	1825.1			torch-2.14.0+cu130
distilgpt2	torch-compile	cold	3	68	1617.7			torch-2.14.0+cu130
distilgpt2	torch-compile	cold	3	69	1425.5			torch-2.14.0+cu130
distilgpt2	torch-compile	cold	3	70	1416.4			torch-2.14.0+cu130
distilgpt2	torch-compile	cold	3	71	1444.1			torch-2.14.0+cu130
distilgpt2	torch-compile	cold	3	72	1478.2			torch-2.14.0+cu130
distilgpt2	torch-compile	cold	3	73	1413.6			torch-2.14.0+cu130
distilgpt2	torch-compile	cold	3	74	1413.1			torch-2.14.0+cu130
distilgpt2	torch-compile	cold	3	75	1505.6			torch-2.14.0+cu130
distilgpt2	torch-compile	cold	3	76	1524.2			torch-2.14.0+cu130
distilgpt2	torch-compile	cold	3	77	1442.7			torch-2.14.0+cu130
distilgpt2	torch-compile	cold	3	78	1429.1			torch-2.14.0+cu130
distilgpt2	torch-compile	cold	3	79	1425.0			torch-2.14.0+cu130
distilgpt2	torch-compile	cold	3	80	1408.6			torch-2.14.0+cu130
distilgpt2	torch-compile	cold	3	81	1419.8			torch-2.14.0+cu130
distilgpt2	torch-compile	cold	3	82	1405.7			torch-2.14.0+cu130
distilgpt2	torch-compile	cold	3	83	1436.2			torch-2.14.0+cu130
distilgpt2	torch-compile	cold	3	84	1441.0			torch-2.14.0+cu130
distilgpt2	torch-compile	cold	3	85	1462.9			torch-2.14.0+cu130
distilgpt2	torch-compile	cold	3	86	1748.1			torch-2.14.0+cu130
distilgpt2	torch-compile	cold	3	87	1439.1			torch-2.14.0+cu130
distilgpt2	torch-compile	cold	3	88	1404.8			torch-2.14.0+cu130
distilgpt2	torch-compile	cold	3	89	1797.2			torch-2.14.0+cu130
distilgpt2	torch-compile	cold	3	90	1841.1			torch-2.14.0+cu130
distilgpt2	torch-compile	cold	3	91	1573.6			torch-2.14.0+cu130
distilgpt2	torch-compile	cold	3	92	1569.0			torch-2.14.0+cu130
distilgpt2	torch-compile	cold	3	93	1528.3			torch-2.14.0+cu130
distilgpt2	torch-compile	cold	3	94	1533.7			torch-2.14.0+cu130
distilgpt2	torch-compile	cold	3	95	1519.7			torch-2.14.0+cu130
distilgpt2	torch-compile	cold	3	96	1567.6			torch-2.14.0+cu130
distilgpt2	torch-compile	cold	3	97	1628.9			torch-2.14.0+cu130
distilgpt2	torch-compile	cold	3	98	1587.2			torch-2.14.0+cu130
distilgpt2	torch-compile	cold	3	99	1508.2			torch-2.14.0+cu130
distilgpt2	torch-compile	cold	3	100	1569.3			torch-2.14.0+cu130
distilgpt2	torch-compile	cold	3	101	1519.4			torch-2.14.0+cu130
distilgpt2	torch-compile	cold	3	102	1522.8			torch-2.14.0+cu130
distilgpt2	torch-compile	cold	3	103	1516.6			torch-2.14.0+cu130
distilgpt2	torch-compile	cold	3	104	1514.7			torch-2.14.0+cu130
distilgpt2	torch-compile	cold	3	105	1520.9			torch-2.14.0+cu130
distilgpt2	torch-compile	cold	3	106	1547.3			torch-2.14.0+cu130
distilgpt2	torch-compile	cold	3	107	1530.4			torch-2.14.0+cu130
distilgpt2	torch-compile	cold	3	108	1518.0			torch-2.14.0+cu130
distilgpt2	torch-compile	cold	3	109	1605.7			torch-2.14.0+cu130
distilgpt2	torch-compile	cold	3	110	1616.5			torch-2.14.0+cu130
distilgpt2	torch-compile	cold	3	111	1413.8			torch-2.14.0+cu130
distilgpt2	torch-compile	cold	3	112	1410.5			torch-2.14.0+cu130
distilgpt2	torch-compile	cold	3	113	1437.9			torch-2.14.0+cu130
distilgpt2	torch-compile	cold	3	114	1430.3			torch-2.14.0+cu130
distilgpt2	torch-compile	cold	3	115	1390.5			torch-2.14.0+cu130
distilgpt2	torch-compile	cold	3	116	1406.7			torch-2.14.0+cu130
distilgpt2	torch-compile	cold	3	117	1420.0			torch-2.14.0+cu130
distilgpt2	torch-compile	cold	3	118	1408.3			torch-2.14.0+cu130
distilgpt2	torch-compile	cold	3	119	1440.5			torch-2.14.0+cu130
distilgpt2	torch-compile	cold	3	120	1424.6			torch-2.14.0+cu130
distilgpt2	torch-compile	cold	3	121	1394.0			torch-2.14.0+cu130
distilgpt2	torch-compile	cold	3	122	1416.9			torch-2.14.0+cu130
distilgpt2	torch-compile	cold	3	123	1416.0			torch-2.14.0+cu130
distilgpt2	torch-compile	cold	3	124	1471.0			torch-2.14.0+cu130
distilgpt2	torch-compile	cold	3	125	1398.1			torch-2.14.0+cu130
distilgpt2	torch-compile	cold	3	126	1452.9			torch-2.14.0+cu130
distilgpt2	torch-compile	cold	3	127	1467.2			torch-2.14.0+cu130
distilgpt2	torch-compile	cold	3	128	1401.4			torch-2.14.0+cu130
distilgpt2	torch-compile	cold	3	129	1397.6			torch-2.14.0+cu130
distilgpt2	torch-compile	cold	3	130	1392.6			torch-2.14.0+cu130
distilgpt2	torch-compile	cold	3	131	1397.4			torch-2.14.0+cu130
distilgpt2	torch-compile	cold	3	132	1409.3			torch-2.14.0+cu130
distilgpt2	torch-compile	cold	3	133	1602.2			torch-2.14.0+cu130
distilgpt2	torch-compile	cold	3	134	1428.1			torch-2.14.0+cu130
distilgpt2	torch-compile	cold	3	135	1428.8			torch-2.14.0+cu130
distilgpt2	torch-compile	cold	3	136	1509.7			torch-2.14.0+cu130
distilgpt2	torch-compile	cold	3	137	1421.5			torch-2.14.0+cu130
distilgpt2	torch-compile	cold	3	138	1414.8			torch-2.14.0+cu130
distilgpt2	torch-compile	cold	3	139	1418.4			torch-2.14.0+cu130
distilgpt2	torch-compile	cold	3	140	1419.1			torch-2.14.0+cu130
distilgpt2	torch-compile	cold	3	141	1405.2			torch-2.14.0+cu130
distilgpt2	torch-compile	cold	3	142	1399.8			torch-2.14.0+cu130
distilgpt2	torch-compile	cold	3	143	1415.7			torch-2.14.0+cu130
distilgpt2	torch-compile	cold	3	144	1455.3			torch-2.14.0+cu130
distilgpt2	torch-compile	cold	3	145	1402.6			torch-2.14.0+cu130
distilgpt2	torch-compile	cold	3	146	1397.6			torch-2.14.0+cu130
distilgpt2	torch-compile	cold	3	147	1400.7			torch-2.14.0+cu130
distilgpt2	torch-compile	cold	3	148	1449.3			torch-2.14.0+cu130
distilgpt2	torch-compile	cold	3	149	1467.9			torch-2.14.0+cu130
distilgpt2	torch-compile	cold	3	150	1409.3			torch-2.14.0+cu130
distilgpt2	torch-compile	cold	3	151	1393.8			torch-2.14.0+cu130
distilgpt2	torch-compile	cold	3	152	1426.5			torch-2.14.0+cu130
distilgpt2	torch-compile	cold	3	153	1415.7			torch-2.14.0+cu130
distilgpt2	torch-compile	cold	3	154	1417.6			torch-2.14.0+cu130
distilgpt2	torch-compile	cold	3	155	1426.5			torch-2.14.0+cu130
distilgpt2	torch-compile	cold	3	156	1409.3			torch-2.14.0+cu130
distilgpt2	torch-compile	cold	3	157	1645.6			torch-2.14.0+cu130
distilgpt2	torch-compile	cold	3	158	1431.2			torch-2.14.0+cu130
distilgpt2	torch-compile	cold	3	159	1541.9			torch-2.14.0+cu130
distilgpt2	torch-compile	cold	3	160	1407.4			torch-2.14.0+cu130
distilgpt2	torch-compile	cold	3	161	1413.1			torch-2.14.0+cu130
distilgpt2	torch-compile	cold	3	162	1397.6			torch-2.14.0+cu130
distilgpt2	torch-compile	cold	3	163	1425.7			torch-2.14.0+cu130
distilgpt2	torch-compile	cold	3	164	1454.6			torch-2.14.0+cu130
distilgpt2	torch-compile	cold	3	165	1414.3			torch-2.14.0+cu130
distilgpt2	torch-compile	cold	3	166	1412.4			torch-2.14.0+cu130
distilgpt2	torch-compile	cold	3	167	1395.2			torch-2.14.0+cu130
distilgpt2	torch-compile	cold	3	168	1395.5			torch-2.14.0+cu130
distilgpt2	torch-compile	cold	3	169	1399.5			torch-2.14.0+cu130
distilgpt2	torch-compile	cold	3	170	1406.4			torch-2.14.0+cu130
distilgpt2	torch-compile	cold	3	171	1492.3			torch-2.14.0+cu130
distilgpt2	torch-compile	cold	3	172	1433.4			torch-2.14.0+cu130
distilgpt2	torch-compile	cold	3	173	1392.1			torch-2.14.0+cu130
distilgpt2	torch-compile	cold	3	174	1443.9			torch-2.14.0+cu130
distilgpt2	torch-compile	cold	3	175	1462.2			torch-2.14.0+cu130
distilgpt2	torch-compile	cold	3	176	1431.7			torch-2.14.0+cu130
distilgpt2	torch-compile	cold	3	177	1401.2			torch-2.14.0+cu130
distilgpt2	torch-compile	cold	3	178	1411.2			torch-2.14.0+cu130
distilgpt2	torch-compile	cold	3	179	1464.4			torch-2.14.0+cu130
distilgpt2	torch-compile	cold	3	180	1444.1			torch-2.14.0+cu130
distilgpt2	torch-compile	cold	3	181	1414.1			torch-2.14.0+cu130
distilgpt2	torch-compile	cold	3	182	1465.8			torch-2.14.0+cu130
distilgpt2	torch-compile	cold	3	183	1406.9			torch-2.14.0+cu130
distilgpt2	torch-compile	cold	3	184	1431.0			torch-2.14.0+cu130
distilgpt2	torch-compile	cold	3	185	1417.9			torch-2.14.0+cu130
distilgpt2	torch-compile	cold	3	186	1413.1			torch-2.14.0+cu130
distilgpt2	torch-compile	cold	3	187	1416.0			torch-2.14.0+cu130
distilgpt2	torch-compile	cold	3	188	1417.9			torch-2.14.0+cu130
distilgpt2	torch-compile	cold	3	189	1420.0			torch-2.14.0+cu130
distilgpt2	torch-compile	cold	3	190	1412.4			torch-2.14.0+cu130
distilgpt2	torch-compile	cold	3	191	1420.3			torch-2.14.0+cu130
distilgpt2	torch-compile	cold	3	192	1397.6			torch-2.14.0+cu130
distilgpt2	torch-compile	cold	3	193	1426.2			torch-2.14.0+cu130
distilgpt2	torch-compile	cold	3	194	1505.4			torch-2.14.0+cu130
distilgpt2	torch-compile	cold	3	195	1387.4			torch-2.14.0+cu130
distilgpt2	torch-compile	cold	3	196	1421.5			torch-2.14.0+cu130
distilgpt2	torch-compile	cold	3	197	1403.8			torch-2.14.0+cu130
distilgpt2	torch-compile	cold	3	198	1397.8			torch-2.14.0+cu130
distilgpt2	torch-compile	cold	3	199	1398.1			torch-2.14.0+cu130
distilgpt2	torch-compile	cold	3	200	1419.8			torch-2.14.0+cu130
distilgpt2	torch-compile	cold	3	201	1434.1			torch-2.14.0+cu130
distilgpt2	torch-compile	cold	3	202	1400.5			torch-2.14.0+cu130
distilgpt2	torch-compile	cold	3	203	1615.3			torch-2.14.0+cu130
distilgpt2	torch-compile	cold	3	204	1412.2			torch-2.14.0+cu130
distilgpt2	torch-compile	cold	3	205	1432.4			torch-2.14.0+cu130
distilgpt2	torch-compile	cold	3	206	1461.5			torch-2.14.0+cu130
distilgpt2	torch-compile	cold	3	207	1421.5			torch-2.14.0+cu130
distilgpt2	torch-compile	cold	3	208	1407.9			torch-2.14.0+cu130
distilgpt2	torch-compile	cold	3	209	1419.8			torch-2.14.0+cu130
distilgpt2	torch-compile	cold	3	210	1426.2			torch-2.14.0+cu130
distilgpt2	torch-compile	cold	3	211	1431.0			torch-2.14.0+cu130
distilgpt2	torch-compile	cold	3	212	1455.3			torch-2.14.0+cu130
distilgpt2	torch-compile	cold	3	213	1448.4			torch-2.14.0+cu130
distilgpt2	torch-compile	cold	3	214	1405.7			torch-2.14.0+cu130
distilgpt2	torch-compile	cold	3	215	1425.3			torch-2.14.0+cu130
distilgpt2	torch-compile	cold	3	216	1417.2			torch-2.14.0+cu130
distilgpt2	torch-compile	cold	3	217	1486.8			torch-2.14.0+cu130
distilgpt2	torch-compile	cold	3	218	1404.0			torch-2.14.0+cu130
distilgpt2	torch-compile	cold	3	219	1402.1			torch-2.14.0+cu130
distilgpt2	torch-compile	cold	3	220	1415.0			torch-2.14.0+cu130
distilgpt2	torch-compile	cold	3	221	1467.0			torch-2.14.0+cu130
distilgpt2	torch-compile	cold	3	222	1406.7			torch-2.14.0+cu130
distilgpt2	torch-compile	cold	3	223	1428.4			torch-2.14.0+cu130
distilgpt2	torch-compile	cold	3	224	1461.5			torch-2.14.0+cu130
distilgpt2	torch-compile	cold	3	225	1430.3			torch-2.14.0+cu130
distilgpt2	torch-compile	cold	3	226	1521.8			torch-2.14.0+cu130
distilgpt2	torch-compile	cold	3	227	1416.9			torch-2.14.0+cu130
distilgpt2	torch-compile	cold	3	228	1429.3			torch-2.14.0+cu130
distilgpt2	torch-compile	cold	3	229	1531.4			torch-2.14.0+cu130
distilgpt2	torch-compile	cold	3	230	1404.5			torch-2.14.0+cu130
distilgpt2	torch-compile	cold	3	231	1520.2			torch-2.14.0+cu130
distilgpt2	torch-compile	cold	3	232	1460.3			torch-2.14.0+cu130
distilgpt2	torch-compile	cold	3	233	1420.5			torch-2.14.0+cu130
distilgpt2	torch-compile	cold	3	234	1650.3			torch-2.14.0+cu130
distilgpt2	torch-compile	cold	3	235	1617.9			torch-2.14.0+cu130
distilgpt2	torch-compile	cold	3	236	1456.7			torch-2.14.0+cu130
distilgpt2	torch-compile	cold	3	237	1448.6			torch-2.14.0+cu130
distilgpt2	torch-compile	cold	3	238	1479.1			torch-2.14.0+cu130
distilgpt2	torch-compile	cold	3	239	1423.4			torch-2.14.0+cu130
distilgpt2	torch-compile	cold	3	240	1576.4			torch-2.14.0+cu130
distilgpt2	torch-compile	cold	3	241	1423.8			torch-2.14.0+cu130
distilgpt2	torch-compile	cold	3	242	1439.8			torch-2.14.0+cu130
distilgpt2	torch-compile	cold	3	243	1427.7			torch-2.14.0+cu130
distilgpt2	torch-compile	cold	3	244	1413.1			torch-2.14.0+cu130
distilgpt2	torch-compile	cold	3	245	1419.1			torch-2.14.0+cu130
distilgpt2	torch-compile	cold	3	246	1403.1			torch-2.14.0+cu130
distilgpt2	torch-compile	cold	3	247	1404.3			torch-2.14.0+cu130
distilgpt2	torch-compile	cold	3	248	1395.7			torch-2.14.0+cu130
distilgpt2	torch-compile	cold	3	249	1516.6			torch-2.14.0+cu130
distilgpt2	torch-compile	cold	3	250	1413.3			torch-2.14.0+cu130
distilgpt2	torch-compile	cold	3	251	1431.2			torch-2.14.0+cu130
distilgpt2	torch-compile	cold	3	252	1462.9			torch-2.14.0+cu130
distilgpt2	torch-compile	cold	3	253	1411.9			torch-2.14.0+cu130
distilgpt2	torch-compile	cold	3	254	1468.2			torch-2.14.0+cu130
distilgpt2	torch-compile	cold	3	255	1415.0			torch-2.14.0+cu130
distilgpt2	torch-compile	cold	3	256	1434.6			torch-2.14.0+cu130
distilgpt2	torch-compile	cold	3	257	1430.3			torch-2.14.0+cu130
distilgpt2	torch-compile	cold	3	258	1413.8			torch-2.14.0+cu130
distilgpt2	torch-compile	cold	3	259	1429.8			torch-2.14.0+cu130
distilgpt2	torch-compile	cold	3	260	1402.1			torch-2.14.0+cu130
distilgpt2	torch-compile	cold	3	261	1461.7			torch-2.14.0+cu130
distilgpt2	torch-compile	cold	3	262	1402.1			torch-2.14.0+cu130
distilgpt2	torch-compile	cold	3	263	1532.8			torch-2.14.0+cu130
distilgpt2	torch-compile	cold	3	264	1464.1			torch-2.14.0+cu130
distilgpt2	torch-compile	cold	3	265	1400.7			torch-2.14.0+cu130
distilgpt2	torch-compile	cold	3	266	1412.2			torch-2.14.0+cu130
distilgpt2	torch-compile	cold	3	267	1426.7			torch-2.14.0+cu130
distilgpt2	torch-compile	cold	3	268	1456.3			torch-2.14.0+cu130
distilgpt2	torch-compile	cold	3	269	1412.4			torch-2.14.0+cu130
distilgpt2	torch-compile	cold	3	270	1409.5			torch-2.14.0+cu130
distilgpt2	torch-compile	cold	3	271	1406.9			torch-2.14.0+cu130
distilgpt2	torch-compile	cold	3	272	1634.8			torch-2.14.0+cu130
distilgpt2	torch-compile	cold	3	273	1415.5			torch-2.14.0+cu130
distilgpt2	torch-compile	cold	3	274	1422.9			torch-2.14.0+cu130
distilgpt2	torch-compile	cold	3	275	1467.2			torch-2.14.0+cu130
distilgpt2	torch-compile	cold	3	276	1411.0			torch-2.14.0+cu130
distilgpt2	torch-compile	cold	3	277	1391.4			torch-2.14.0+cu130
distilgpt2	torch-compile	cold	3	278	1428.4			torch-2.14.0+cu130
distilgpt2	torch-compile	cold	3	279	1400.2			torch-2.14.0+cu130
distilgpt2	torch-compile	cold	3	280	1395.5			torch-2.14.0+cu130
distilgpt2	torch-compile	cold	3	281	1419.3			torch-2.14.0+cu130
distilgpt2	torch-compile	cold	3	282	1421.9			torch-2.14.0+cu130
distilgpt2	torch-compile	cold	3	283	1405.2			torch-2.14.0+cu130
distilgpt2	torch-compile	cold	3	284	1415.0			torch-2.14.0+cu130
distilgpt2	torch-compile	cold	3	285	1406.9			torch-2.14.0+cu130
distilgpt2	torch-compile	cold	3	286	1447.7			torch-2.14.0+cu130
distilgpt2	torch-compile	cold	3	287	1556.2			torch-2.14.0+cu130
distilgpt2	torch-compile	cold	3	288	1471.3			torch-2.14.0+cu130
distilgpt2	torch-compile	cold	3	289	1426.2			torch-2.14.0+cu130
distilgpt2	torch-compile	cold	3	290	1420.3			torch-2.14.0+cu130
distilgpt2	torch-compile	cold	3	291	1408.8			torch-2.14.0+cu130
distilgpt2	torch-compile	cold	3	292	1405.7			torch-2.14.0+cu130
distilgpt2	torch-compile	cold	3	293	1458.9			torch-2.14.0+cu130
distilgpt2	torch-compile	cold	3	294	1389.5			torch-2.14.0+cu130
distilgpt2	torch-compile	cold	3	295	1502.3			torch-2.14.0+cu130
distilgpt2	torch-compile	cold	3	296	1412.6			torch-2.14.0+cu130
distilgpt2	torch-compile	cold	3	297	1421.9			torch-2.14.0+cu130
distilgpt2	torch-compile	cold	3	298	1530.6			torch-2.14.0+cu130
distilgpt2	torch-compile	cold	3	299	1410.0			torch-2.14.0+cu130
distilgpt2	torch-compile-ro	cold	3	0	3963844.8			torch-2.14.0+cu130
distilgpt2	torch-compile-ro	cold	3	1	34086.7			torch-2.14.0+cu130
distilgpt2	torch-compile-ro	cold	3	2	1779.8			torch-2.14.0+cu130
distilgpt2	torch-compile-ro	cold	3	3	1624.8			torch-2.14.0+cu130
distilgpt2	torch-compile-ro	cold	3	4	1464.1			torch-2.14.0+cu130
distilgpt2	torch-compile-ro	cold	3	5	1413.3			torch-2.14.0+cu130
distilgpt2	torch-compile-ro	cold	3	6	1375.7			torch-2.14.0+cu130
distilgpt2	torch-compile-ro	cold	3	7	1388.8			torch-2.14.0+cu130
distilgpt2	torch-compile-ro	cold	3	8	1382.1			torch-2.14.0+cu130
distilgpt2	torch-compile-ro	cold	3	9	1366.1			torch-2.14.0+cu130
distilgpt2	torch-compile-ro	cold	3	10	1392.8			torch-2.14.0+cu130
distilgpt2	torch-compile-ro	cold	3	11	1397.6			torch-2.14.0+cu130
distilgpt2	torch-compile-ro	cold	3	12	1385.7			torch-2.14.0+cu130
distilgpt2	torch-compile-ro	cold	3	13	1381.4			torch-2.14.0+cu130
distilgpt2	torch-compile-ro	cold	3	14	1371.9			torch-2.14.0+cu130
distilgpt2	torch-compile-ro	cold	3	15	1436.9			torch-2.14.0+cu130
distilgpt2	torch-compile-ro	cold	3	16	1381.9			torch-2.14.0+cu130
distilgpt2	torch-compile-ro	cold	3	17	1406.7			torch-2.14.0+cu130
distilgpt2	torch-compile-ro	cold	3	18	1381.6			torch-2.14.0+cu130
distilgpt2	torch-compile-ro	cold	3	19	1410.0			torch-2.14.0+cu130
distilgpt2	torch-compile-ro	cold	3	20	1380.0			torch-2.14.0+cu130
distilgpt2	torch-compile-ro	cold	3	21	1382.8			torch-2.14.0+cu130
distilgpt2	torch-compile-ro	cold	3	22	1385.2			torch-2.14.0+cu130
distilgpt2	torch-compile-ro	cold	3	23	1389.3			torch-2.14.0+cu130
distilgpt2	torch-compile-ro	cold	3	24	1377.1			torch-2.14.0+cu130
distilgpt2	torch-compile-ro	cold	3	25	1381.2			torch-2.14.0+cu130
distilgpt2	torch-compile-ro	cold	3	26	1379.0			torch-2.14.0+cu130
distilgpt2	torch-compile-ro	cold	3	27	1378.3			torch-2.14.0+cu130
distilgpt2	torch-compile-ro	cold	3	28	1389.5			torch-2.14.0+cu130
distilgpt2	torch-compile-ro	cold	3	29	1395.0			torch-2.14.0+cu130
distilgpt2	torch-compile-ro	cold	3	30	1394.7			torch-2.14.0+cu130
distilgpt2	torch-compile-ro	cold	3	31	1378.1			torch-2.14.0+cu130
distilgpt2	torch-compile-ro	cold	3	32	1385.5			torch-2.14.0+cu130
distilgpt2	torch-compile-ro	cold	3	33	1372.6			torch-2.14.0+cu130
distilgpt2	torch-compile-ro	cold	3	34	1367.1			torch-2.14.0+cu130
distilgpt2	torch-compile-ro	cold	3	35	1378.5			torch-2.14.0+cu130
distilgpt2	torch-compile-ro	cold	3	36	1388.8			torch-2.14.0+cu130
distilgpt2	torch-compile-ro	cold	3	37	1383.1			torch-2.14.0+cu130
distilgpt2	torch-compile-ro	cold	3	38	1381.9			torch-2.14.0+cu130
distilgpt2	torch-compile-ro	cold	3	39	1387.6			torch-2.14.0+cu130
distilgpt2	torch-compile-ro	cold	3	40	1371.6			torch-2.14.0+cu130
distilgpt2	torch-compile-ro	cold	3	41	1396.7			torch-2.14.0+cu130
distilgpt2	torch-compile-ro	cold	3	42	1410.7			torch-2.14.0+cu130
distilgpt2	torch-compile-ro	cold	3	43	1436.7			torch-2.14.0+cu130
distilgpt2	torch-compile-ro	cold	3	44	1442.7			torch-2.14.0+cu130
distilgpt2	torch-compile-ro	cold	3	45	1384.7			torch-2.14.0+cu130
distilgpt2	torch-compile-ro	cold	3	46	1369.7			torch-2.14.0+cu130
distilgpt2	torch-compile-ro	cold	3	47	1371.1			torch-2.14.0+cu130
distilgpt2	torch-compile-ro	cold	3	48	1374.5			torch-2.14.0+cu130
distilgpt2	torch-compile-ro	cold	3	49	1370.2			torch-2.14.0+cu130
distilgpt2	torch-compile-ro	cold	3	50	1411.4			torch-2.14.0+cu130
distilgpt2	torch-compile-ro	cold	3	51	1423.6			torch-2.14.0+cu130
distilgpt2	torch-compile-ro	cold	3	52	1375.0			torch-2.14.0+cu130
distilgpt2	torch-compile-ro	cold	3	53	1396.2			torch-2.14.0+cu130
distilgpt2	torch-compile-ro	cold	3	54	1382.4			torch-2.14.0+cu130
distilgpt2	torch-compile-ro	cold	3	55	1391.4			torch-2.14.0+cu130
distilgpt2	torch-compile-ro	cold	3	56	1381.6			torch-2.14.0+cu130
distilgpt2	torch-compile-ro	cold	3	57	1380.0			torch-2.14.0+cu130
distilgpt2	torch-compile-ro	cold	3	58	1387.1			torch-2.14.0+cu130
distilgpt2	torch-compile-ro	cold	3	59	1388.1			torch-2.14.0+cu130
distilgpt2	torch-compile-ro	cold	3	60	1393.6			torch-2.14.0+cu130
distilgpt2	torch-compile-ro	cold	3	61	1380.7			torch-2.14.0+cu130
distilgpt2	torch-compile-ro	cold	3	62	1388.5			torch-2.14.0+cu130
distilgpt2	torch-compile-ro	cold	3	63	1380.7			torch-2.14.0+cu130
distilgpt2	torch-compile-ro	cold	3	64	1386.2			torch-2.14.0+cu130
distilgpt2	torch-compile-ro	cold	3	65	1387.6			torch-2.14.0+cu130
distilgpt2	torch-compile-ro	cold	3	66	1372.8			torch-2.14.0+cu130
distilgpt2	torch-compile-ro	cold	3	67	1365.9			torch-2.14.0+cu130
distilgpt2	torch-compile-ro	cold	3	68	1365.7			torch-2.14.0+cu130
distilgpt2	torch-compile-ro	cold	3	69	1373.3			torch-2.14.0+cu130
distilgpt2	torch-compile-ro	cold	3	70	1367.8			torch-2.14.0+cu130
distilgpt2	torch-compile-ro	cold	3	71	1392.4			torch-2.14.0+cu130
distilgpt2	torch-compile-ro	cold	3	72	1382.1			torch-2.14.0+cu130
distilgpt2	torch-compile-ro	cold	3	73	1373.8			torch-2.14.0+cu130
distilgpt2	torch-compile-ro	cold	3	74	1438.4			torch-2.14.0+cu130
distilgpt2	torch-compile-ro	cold	3	75	1398.6			torch-2.14.0+cu130
distilgpt2	torch-compile-ro	cold	3	76	1365.9			torch-2.14.0+cu130
distilgpt2	torch-compile-ro	cold	3	77	1406.9			torch-2.14.0+cu130
distilgpt2	torch-compile-ro	cold	3	78	1363.3			torch-2.14.0+cu130
distilgpt2	torch-compile-ro	cold	3	79	1368.5			torch-2.14.0+cu130
distilgpt2	torch-compile-ro	cold	3	80	1384.7			torch-2.14.0+cu130
distilgpt2	torch-compile-ro	cold	3	81	1351.1			torch-2.14.0+cu130
distilgpt2	torch-compile-ro	cold	3	82	1344.7			torch-2.14.0+cu130
distilgpt2	torch-compile-ro	cold	3	83	1388.1			torch-2.14.0+cu130
distilgpt2	torch-compile-ro	cold	3	84	1372.8			torch-2.14.0+cu130
distilgpt2	torch-compile-ro	cold	3	85	1379.7			torch-2.14.0+cu130
distilgpt2	torch-compile-ro	cold	3	86	1342.1			torch-2.14.0+cu130
distilgpt2	torch-compile-ro	cold	3	87	1342.1			torch-2.14.0+cu130
distilgpt2	torch-compile-ro	cold	3	88	1365.2			torch-2.14.0+cu130
distilgpt2	torch-compile-ro	cold	3	89	1467.7			torch-2.14.0+cu130
distilgpt2	torch-compile-ro	cold	3	90	1434.8			torch-2.14.0+cu130
distilgpt2	torch-compile-ro	cold	3	91	1376.4			torch-2.14.0+cu130
distilgpt2	torch-compile-ro	cold	3	92	1354.7			torch-2.14.0+cu130
distilgpt2	torch-compile-ro	cold	3	93	1366.9			torch-2.14.0+cu130
distilgpt2	torch-compile-ro	cold	3	94	1404.0			torch-2.14.0+cu130
distilgpt2	torch-compile-ro	cold	3	95	1341.3			torch-2.14.0+cu130
distilgpt2	torch-compile-ro	cold	3	96	1332.0			torch-2.14.0+cu130
distilgpt2	torch-compile-ro	cold	3	97	1340.9			torch-2.14.0+cu130
distilgpt2	torch-compile-ro	cold	3	98	1335.1			torch-2.14.0+cu130
distilgpt2	torch-compile-ro	cold	3	99	1351.4			torch-2.14.0+cu130
distilgpt2	torch-compile-ro	cold	3	100	1354.9			torch-2.14.0+cu130
distilgpt2	torch-compile-ro	cold	3	101	1349.2			torch-2.14.0+cu130
distilgpt2	torch-compile-ro	cold	3	102	1334.7			torch-2.14.0+cu130
distilgpt2	torch-compile-ro	cold	3	103	1351.1			torch-2.14.0+cu130
distilgpt2	torch-compile-ro	cold	3	104	1334.2			torch-2.14.0+cu130
distilgpt2	torch-compile-ro	cold	3	105	1375.4			torch-2.14.0+cu130
distilgpt2	torch-compile-ro	cold	3	106	1345.2			torch-2.14.0+cu130
distilgpt2	torch-compile-ro	cold	3	107	1353.3			torch-2.14.0+cu130
distilgpt2	torch-compile-ro	cold	3	108	1345.6			torch-2.14.0+cu130
distilgpt2	torch-compile-ro	cold	3	109	1349.2			torch-2.14.0+cu130
distilgpt2	torch-compile-ro	cold	3	110	1341.8			torch-2.14.0+cu130
distilgpt2	torch-compile-ro	cold	3	111	1327.0			torch-2.14.0+cu130
distilgpt2	torch-compile-ro	cold	3	112	1340.6			torch-2.14.0+cu130
distilgpt2	torch-compile-ro	cold	3	113	1394.3			torch-2.14.0+cu130
distilgpt2	torch-compile-ro	cold	3	114	1363.5			torch-2.14.0+cu130
distilgpt2	torch-compile-ro	cold	3	115	1390.9			torch-2.14.0+cu130
distilgpt2	torch-compile-ro	cold	3	116	1330.9			torch-2.14.0+cu130
distilgpt2	torch-compile-ro	cold	3	117	1325.6			torch-2.14.0+cu130
distilgpt2	torch-compile-ro	cold	3	118	1342.3			torch-2.14.0+cu130
distilgpt2	torch-compile-ro	cold	3	119	1374.0			torch-2.14.0+cu130
distilgpt2	torch-compile-ro	cold	3	120	1392.1			torch-2.14.0+cu130
distilgpt2	torch-compile-ro	cold	3	121	1352.8			torch-2.14.0+cu130
distilgpt2	torch-compile-ro	cold	3	122	1344.4			torch-2.14.0+cu130
distilgpt2	torch-compile-ro	cold	3	123	1323.5			torch-2.14.0+cu130
distilgpt2	torch-compile-ro	cold	3	124	1321.6			torch-2.14.0+cu130
distilgpt2	torch-compile-ro	cold	3	125	1326.1			torch-2.14.0+cu130
distilgpt2	torch-compile-ro	cold	3	126	1342.5			torch-2.14.0+cu130
distilgpt2	torch-compile-ro	cold	3	127	1330.1			torch-2.14.0+cu130
distilgpt2	torch-compile-ro	cold	3	128	1320.8			torch-2.14.0+cu130
distilgpt2	torch-compile-ro	cold	3	129	1328.0			torch-2.14.0+cu130
distilgpt2	torch-compile-ro	cold	3	130	1334.2			torch-2.14.0+cu130
distilgpt2	torch-compile-ro	cold	3	131	1336.6			torch-2.14.0+cu130
distilgpt2	torch-compile-ro	cold	3	132	1333.7			torch-2.14.0+cu130
distilgpt2	torch-compile-ro	cold	3	133	1331.8			torch-2.14.0+cu130
distilgpt2	torch-compile-ro	cold	3	134	1413.3			torch-2.14.0+cu130
distilgpt2	torch-compile-ro	cold	3	135	1352.8			torch-2.14.0+cu130
distilgpt2	torch-compile-ro	cold	3	136	1333.7			torch-2.14.0+cu130
distilgpt2	torch-compile-ro	cold	3	137	1328.2			torch-2.14.0+cu130
distilgpt2	torch-compile-ro	cold	3	138	1352.5			torch-2.14.0+cu130
distilgpt2	torch-compile-ro	cold	3	139	1342.5			torch-2.14.0+cu130
distilgpt2	torch-compile-ro	cold	3	140	1330.9			torch-2.14.0+cu130
distilgpt2	torch-compile-ro	cold	3	141	1346.6			torch-2.14.0+cu130
distilgpt2	torch-compile-ro	cold	3	142	1375.2			torch-2.14.0+cu130
distilgpt2	torch-compile-ro	cold	3	143	1339.2			torch-2.14.0+cu130
distilgpt2	torch-compile-ro	cold	3	144	1337.8			torch-2.14.0+cu130
distilgpt2	torch-compile-ro	cold	3	145	1352.1			torch-2.14.0+cu130
distilgpt2	torch-compile-ro	cold	3	146	1325.4			torch-2.14.0+cu130
distilgpt2	torch-compile-ro	cold	3	147	1332.0			torch-2.14.0+cu130
distilgpt2	torch-compile-ro	cold	3	148	1376.2			torch-2.14.0+cu130
distilgpt2	torch-compile-ro	cold	3	149	1325.4			torch-2.14.0+cu130
distilgpt2	torch-compile-ro	cold	3	150	1336.6			torch-2.14.0+cu130
distilgpt2	torch-compile-ro	cold	3	151	1312.3			torch-2.14.0+cu130
distilgpt2	torch-compile-ro	cold	3	152	1305.8			torch-2.14.0+cu130
distilgpt2	torch-compile-ro	cold	3	153	1333.2			torch-2.14.0+cu130
distilgpt2	torch-compile-ro	cold	3	154	1313.7			torch-2.14.0+cu130
distilgpt2	torch-compile-ro	cold	3	155	1331.1			torch-2.14.0+cu130
distilgpt2	torch-compile-ro	cold	3	156	1311.3			torch-2.14.0+cu130
distilgpt2	torch-compile-ro	cold	3	157	1316.1			torch-2.14.0+cu130
distilgpt2	torch-compile-ro	cold	3	158	1323.2			torch-2.14.0+cu130
distilgpt2	torch-compile-ro	cold	3	159	1318.9			torch-2.14.0+cu130
distilgpt2	torch-compile-ro	cold	3	160	1312.0			torch-2.14.0+cu130
distilgpt2	torch-compile-ro	cold	3	161	1303.2			torch-2.14.0+cu130
distilgpt2	torch-compile-ro	cold	3	162	1318.7			torch-2.14.0+cu130
distilgpt2	torch-compile-ro	cold	3	163	1320.8			torch-2.14.0+cu130
distilgpt2	torch-compile-ro	cold	3	164	1363.5			torch-2.14.0+cu130
distilgpt2	torch-compile-ro	cold	3	165	1333.2			torch-2.14.0+cu130
distilgpt2	torch-compile-ro	cold	3	166	1322.5			torch-2.14.0+cu130
distilgpt2	torch-compile-ro	cold	3	167	1360.9			torch-2.14.0+cu130
distilgpt2	torch-compile-ro	cold	3	168	1427.7			torch-2.14.0+cu130
distilgpt2	torch-compile-ro	cold	3	169	1315.6			torch-2.14.0+cu130
distilgpt2	torch-compile-ro	cold	3	170	1314.6			torch-2.14.0+cu130
distilgpt2	torch-compile-ro	cold	3	171	1310.3			torch-2.14.0+cu130
distilgpt2	torch-compile-ro	cold	3	172	1292.2			torch-2.14.0+cu130
distilgpt2	torch-compile-ro	cold	3	173	1298.0			torch-2.14.0+cu130
distilgpt2	torch-compile-ro	cold	3	174	1303.0			torch-2.14.0+cu130
distilgpt2	torch-compile-ro	cold	3	175	1316.1			torch-2.14.0+cu130
distilgpt2	torch-compile-ro	cold	3	176	1328.5			torch-2.14.0+cu130
distilgpt2	torch-compile-ro	cold	3	177	1323.5			torch-2.14.0+cu130
distilgpt2	torch-compile-ro	cold	3	178	1311.8			torch-2.14.0+cu130
distilgpt2	torch-compile-ro	cold	3	179	1319.2			torch-2.14.0+cu130
distilgpt2	torch-compile-ro	cold	3	180	1294.4			torch-2.14.0+cu130
distilgpt2	torch-compile-ro	cold	3	181	1343.0			torch-2.14.0+cu130
distilgpt2	torch-compile-ro	cold	3	182	1306.3			torch-2.14.0+cu130
distilgpt2	torch-compile-ro	cold	3	183	1302.0			torch-2.14.0+cu130
distilgpt2	torch-compile-ro	cold	3	184	1317.3			torch-2.14.0+cu130
distilgpt2	torch-compile-ro	cold	3	185	1302.0			torch-2.14.0+cu130
distilgpt2	torch-compile-ro	cold	3	186	1310.8			torch-2.14.0+cu130
distilgpt2	torch-compile-ro	cold	3	187	1300.8			torch-2.14.0+cu130
distilgpt2	torch-compile-ro	cold	3	188	1362.8			torch-2.14.0+cu130
distilgpt2	torch-compile-ro	cold	3	189	1315.1			torch-2.14.0+cu130
distilgpt2	torch-compile-ro	cold	3	190	1300.3			torch-2.14.0+cu130
distilgpt2	torch-compile-ro	cold	3	191	1302.2			torch-2.14.0+cu130
distilgpt2	torch-compile-ro	cold	3	192	1299.9			torch-2.14.0+cu130
distilgpt2	torch-compile-ro	cold	3	193	1319.6			torch-2.14.0+cu130
distilgpt2	torch-compile-ro	cold	3	194	1304.1			torch-2.14.0+cu130
distilgpt2	torch-compile-ro	cold	3	195	1363.8			torch-2.14.0+cu130
distilgpt2	torch-compile-ro	cold	3	196	1304.1			torch-2.14.0+cu130
distilgpt2	torch-compile-ro	cold	3	197	1306.3			torch-2.14.0+cu130
distilgpt2	torch-compile-ro	cold	3	198	1299.1			torch-2.14.0+cu130
distilgpt2	torch-compile-ro	cold	3	199	1358.3			torch-2.14.0+cu130
distilgpt2	torch-compile-ro	cold	3	200	1338.2			torch-2.14.0+cu130
distilgpt2	torch-compile-ro	cold	3	201	1300.6			torch-2.14.0+cu130
distilgpt2	torch-compile-ro	cold	3	202	1305.3			torch-2.14.0+cu130
distilgpt2	torch-compile-ro	cold	3	203	1303.9			torch-2.14.0+cu130
distilgpt2	torch-compile-ro	cold	3	204	1307.7			torch-2.14.0+cu130
distilgpt2	torch-compile-ro	cold	3	205	1289.4			torch-2.14.0+cu130
distilgpt2	torch-compile-ro	cold	3	206	1359.0			torch-2.14.0+cu130
distilgpt2	torch-compile-ro	cold	3	207	1326.1			torch-2.14.0+cu130
distilgpt2	torch-compile-ro	cold	3	208	1307.7			torch-2.14.0+cu130
distilgpt2	torch-compile-ro	cold	3	209	1310.8			torch-2.14.0+cu130
distilgpt2	torch-compile-ro	cold	3	210	1313.2			torch-2.14.0+cu130
distilgpt2	torch-compile-ro	cold	3	211	1316.8			torch-2.14.0+cu130
distilgpt2	torch-compile-ro	cold	3	212	1324.7			torch-2.14.0+cu130
distilgpt2	torch-compile-ro	cold	3	213	1308.9			torch-2.14.0+cu130
distilgpt2	torch-compile-ro	cold	3	214	1306.8			torch-2.14.0+cu130
distilgpt2	torch-compile-ro	cold	3	215	1315.1			torch-2.14.0+cu130
distilgpt2	torch-compile-ro	cold	3	216	1366.1			torch-2.14.0+cu130
distilgpt2	torch-compile-ro	cold	3	217	1366.1			torch-2.14.0+cu130
distilgpt2	torch-compile-ro	cold	3	218	1323.9			torch-2.14.0+cu130
distilgpt2	torch-compile-ro	cold	3	219	1309.2			torch-2.14.0+cu130
distilgpt2	torch-compile-ro	cold	3	220	1311.1			torch-2.14.0+cu130
distilgpt2	torch-compile-ro	cold	3	221	1309.9			torch-2.14.0+cu130
distilgpt2	torch-compile-ro	cold	3	222	1308.7			torch-2.14.0+cu130
distilgpt2	torch-compile-ro	cold	3	223	1312.5			torch-2.14.0+cu130
distilgpt2	torch-compile-ro	cold	3	224	1321.3			torch-2.14.0+cu130
distilgpt2	torch-compile-ro	cold	3	225	1291.3			torch-2.14.0+cu130
distilgpt2	torch-compile-ro	cold	3	226	1320.1			torch-2.14.0+cu130
distilgpt2	torch-compile-ro	cold	3	227	1344.2			torch-2.14.0+cu130
distilgpt2	torch-compile-ro	cold	3	228	1359.7			torch-2.14.0+cu130
distilgpt2	torch-compile-ro	cold	3	229	1312.7			torch-2.14.0+cu130
distilgpt2	torch-compile-ro	cold	3	230	1309.4			torch-2.14.0+cu130
distilgpt2	torch-compile-ro	cold	3	231	1332.5			torch-2.14.0+cu130
distilgpt2	torch-compile-ro	cold	3	232	1303.2			torch-2.14.0+cu130
distilgpt2	torch-compile-ro	cold	3	233	1309.4			torch-2.14.0+cu130
distilgpt2	torch-compile-ro	cold	3	234	1389.5			torch-2.14.0+cu130
distilgpt2	torch-compile-ro	cold	3	235	1381.4			torch-2.14.0+cu130
distilgpt2	torch-compile-ro	cold	3	236	1366.9			torch-2.14.0+cu130
distilgpt2	torch-compile-ro	cold	3	237	1351.8			torch-2.14.0+cu130
distilgpt2	torch-compile-ro	cold	3	238	1350.6			torch-2.14.0+cu130
distilgpt2	torch-compile-ro	cold	3	239	1372.6			torch-2.14.0+cu130
distilgpt2	torch-compile-ro	cold	3	240	1366.9			torch-2.14.0+cu130
distilgpt2	torch-compile-ro	cold	3	241	1393.6			torch-2.14.0+cu130
distilgpt2	torch-compile-ro	cold	3	242	1370.9			torch-2.14.0+cu130
distilgpt2	torch-compile-ro	cold	3	243	1350.6			torch-2.14.0+cu130
distilgpt2	torch-compile-ro	cold	3	244	1354.5			torch-2.14.0+cu130
distilgpt2	torch-compile-ro	cold	3	245	1354.0			torch-2.14.0+cu130
distilgpt2	torch-compile-ro	cold	3	246	1363.3			torch-2.14.0+cu130
distilgpt2	torch-compile-ro	cold	3	247	1359.2			torch-2.14.0+cu130
distilgpt2	torch-compile-ro	cold	3	248	1347.5			torch-2.14.0+cu130
distilgpt2	torch-compile-ro	cold	3	249	1414.3			torch-2.14.0+cu130
distilgpt2	torch-compile-ro	cold	3	250	1372.1			torch-2.14.0+cu130
distilgpt2	torch-compile-ro	cold	3	251	1355.4			torch-2.14.0+cu130
distilgpt2	torch-compile-ro	cold	3	252	1395.2			torch-2.14.0+cu130
distilgpt2	torch-compile-ro	cold	3	253	1378.3			torch-2.14.0+cu130
distilgpt2	torch-compile-ro	cold	3	254	1368.5			torch-2.14.0+cu130
distilgpt2	torch-compile-ro	cold	3	255	1372.8			torch-2.14.0+cu130
distilgpt2	torch-compile-ro	cold	3	256	1374.2			torch-2.14.0+cu130
distilgpt2	torch-compile-ro	cold	3	257	1384.5			torch-2.14.0+cu130
distilgpt2	torch-compile-ro	cold	3	258	1379.5			torch-2.14.0+cu130
distilgpt2	torch-compile-ro	cold	3	259	1380.4			torch-2.14.0+cu130
distilgpt2	torch-compile-ro	cold	3	260	1381.6			torch-2.14.0+cu130
distilgpt2	torch-compile-ro	cold	3	261	1368.0			torch-2.14.0+cu130
distilgpt2	torch-compile-ro	cold	3	262	1444.8			torch-2.14.0+cu130
distilgpt2	torch-compile-ro	cold	3	263	1415.3			torch-2.14.0+cu130
distilgpt2	torch-compile-ro	cold	3	264	1371.9			torch-2.14.0+cu130
distilgpt2	torch-compile-ro	cold	3	265	1389.3			torch-2.14.0+cu130
distilgpt2	torch-compile-ro	cold	3	266	1400.2			torch-2.14.0+cu130
distilgpt2	torch-compile-ro	cold	3	267	1434.3			torch-2.14.0+cu130
distilgpt2	torch-compile-ro	cold	3	268	1378.1			torch-2.14.0+cu130
distilgpt2	torch-compile-ro	cold	3	269	1367.1			torch-2.14.0+cu130
distilgpt2	torch-compile-ro	cold	3	270	1381.2			torch-2.14.0+cu130
distilgpt2	torch-compile-ro	cold	3	271	1388.1			torch-2.14.0+cu130
distilgpt2	torch-compile-ro	cold	3	272	1364.9			torch-2.14.0+cu130
distilgpt2	torch-compile-ro	cold	3	273	1494.4			torch-2.14.0+cu130
distilgpt2	torch-compile-ro	cold	3	274	1472.5			torch-2.14.0+cu130
distilgpt2	torch-compile-ro	cold	3	275	1452.2			torch-2.14.0+cu130
distilgpt2	torch-compile-ro	cold	3	276	1373.3			torch-2.14.0+cu130
distilgpt2	torch-compile-ro	cold	3	277	1362.8			torch-2.14.0+cu130
distilgpt2	torch-compile-ro	cold	3	278	1365.4			torch-2.14.0+cu130
distilgpt2	torch-compile-ro	cold	3	279	1413.8			torch-2.14.0+cu130
distilgpt2	torch-compile-ro	cold	3	280	1355.2			torch-2.14.0+cu130
distilgpt2	torch-compile-ro	cold	3	281	1347.5			torch-2.14.0+cu130
distilgpt2	torch-compile-ro	cold	3	282	1363.0			torch-2.14.0+cu130
distilgpt2	torch-compile-ro	cold	3	283	1361.6			torch-2.14.0+cu130
distilgpt2	torch-compile-ro	cold	3	284	1344.4			torch-2.14.0+cu130
distilgpt2	torch-compile-ro	cold	3	285	1347.8			torch-2.14.0+cu130
distilgpt2	torch-compile-ro	cold	3	286	1354.0			torch-2.14.0+cu130
distilgpt2	torch-compile-ro	cold	3	287	1343.0			torch-2.14.0+cu130
distilgpt2	torch-compile-ro	cold	3	288	1366.9			torch-2.14.0+cu130
distilgpt2	torch-compile-ro	cold	3	289	1379.3			torch-2.14.0+cu130
distilgpt2	torch-compile-ro	cold	3	290	1361.1			torch-2.14.0+cu130
distilgpt2	torch-compile-ro	cold	3	291	1358.7			torch-2.14.0+cu130
distilgpt2	torch-compile-ro	cold	3	292	1340.2			torch-2.14.0+cu130
distilgpt2	torch-compile-ro	cold	3	293	1358.3			torch-2.14.0+cu130
distilgpt2	torch-compile-ro	cold	3	294	1418.8			torch-2.14.0+cu130
distilgpt2	torch-compile-ro	cold	3	295	1361.8			torch-2.14.0+cu130
distilgpt2	torch-compile-ro	cold	3	296	1366.4			torch-2.14.0+cu130
distilgpt2	torch-compile-ro	cold	3	297	1362.1			torch-2.14.0+cu130
distilgpt2	torch-compile-ro	cold	3	298	1349.2			torch-2.14.0+cu130
distilgpt2	torch-compile-ro	cold	3	299	1373.8			torch-2.14.0+cu130
distilgpt2	jax	cold	3	0	5336.6			jax-0.11.1
distilgpt2	jax	cold	3	1	1470.0			jax-0.11.1
distilgpt2	jax	cold	3	2	1366.8			jax-0.11.1
distilgpt2	jax	cold	3	3	1264.3			jax-0.11.1
distilgpt2	jax	cold	3	4	1248.0			jax-0.11.1
distilgpt2	jax	cold	3	5	1252.4			jax-0.11.1
distilgpt2	jax	cold	3	6	1264.4			jax-0.11.1
distilgpt2	jax	cold	3	7	1246.5			jax-0.11.1
distilgpt2	jax	cold	3	8	1211.7			jax-0.11.1
distilgpt2	jax	cold	3	9	1210.5			jax-0.11.1
distilgpt2	jax	cold	3	10	1236.5			jax-0.11.1
distilgpt2	jax	cold	3	11	1263.4			jax-0.11.1
distilgpt2	jax	cold	3	12	1241.7			jax-0.11.1
distilgpt2	jax	cold	3	13	1215.6			jax-0.11.1
distilgpt2	jax	cold	3	14	1248.2			jax-0.11.1
distilgpt2	jax	cold	3	15	1236.3			jax-0.11.1
distilgpt2	jax	cold	3	16	1246.2			jax-0.11.1
distilgpt2	jax	cold	3	17	1226.8			jax-0.11.1
distilgpt2	jax	cold	3	18	1189.8			jax-0.11.1
distilgpt2	jax	cold	3	19	1211.8			jax-0.11.1
distilgpt2	jax	cold	3	20	1184.5			jax-0.11.1
distilgpt2	jax	cold	3	21	1184.7			jax-0.11.1
distilgpt2	jax	cold	3	22	1204.0			jax-0.11.1
distilgpt2	jax	cold	3	23	1178.5			jax-0.11.1
distilgpt2	jax	cold	3	24	1206.7			jax-0.11.1
distilgpt2	jax	cold	3	25	1183.5			jax-0.11.1
distilgpt2	jax	cold	3	26	1186.1			jax-0.11.1
distilgpt2	jax	cold	3	27	1211.4			jax-0.11.1
distilgpt2	jax	cold	3	28	1237.9			jax-0.11.1
distilgpt2	jax	cold	3	29	1209.6			jax-0.11.1
distilgpt2	jax	cold	3	30	1179.4			jax-0.11.1
distilgpt2	jax	cold	3	31	1208.0			jax-0.11.1
distilgpt2	jax	cold	3	32	1214.5			jax-0.11.1
distilgpt2	jax	cold	3	33	1212.6			jax-0.11.1
distilgpt2	jax	cold	3	34	1200.5			jax-0.11.1
distilgpt2	jax	cold	3	35	1166.0			jax-0.11.1
distilgpt2	jax	cold	3	36	1174.2			jax-0.11.1
distilgpt2	jax	cold	3	37	1212.0			jax-0.11.1
distilgpt2	jax	cold	3	38	1205.5			jax-0.11.1
distilgpt2	jax	cold	3	39	1208.7			jax-0.11.1
distilgpt2	jax	cold	3	40	1203.1			jax-0.11.1
distilgpt2	jax	cold	3	41	1209.5			jax-0.11.1
distilgpt2	jax	cold	3	42	1208.8			jax-0.11.1
distilgpt2	jax	cold	3	43	1294.3			jax-0.11.1
distilgpt2	jax	cold	3	44	1247.0			jax-0.11.1
distilgpt2	jax	cold	3	45	1217.9			jax-0.11.1
distilgpt2	jax	cold	3	46	1178.1			jax-0.11.1
distilgpt2	jax	cold	3	47	1187.2			jax-0.11.1
distilgpt2	jax	cold	3	48	1228.0			jax-0.11.1
distilgpt2	jax	cold	3	49	1227.2			jax-0.11.1
distilgpt2	jax	cold	3	50	1196.1			jax-0.11.1
distilgpt2	jax	cold	3	51	1221.2			jax-0.11.1
distilgpt2	jax	cold	3	52	1248.6			jax-0.11.1
distilgpt2	jax	cold	3	53	1192.9			jax-0.11.1
distilgpt2	jax	cold	3	54	1226.7			jax-0.11.1
distilgpt2	jax	cold	3	55	1226.5			jax-0.11.1
distilgpt2	jax	cold	3	56	1208.6			jax-0.11.1
distilgpt2	jax	cold	3	57	1222.1			jax-0.11.1
distilgpt2	jax	cold	3	58	1215.6			jax-0.11.1
distilgpt2	jax	cold	3	59	1192.9			jax-0.11.1
distilgpt2	jax	cold	3	60	1228.3			jax-0.11.1
distilgpt2	jax	cold	3	61	1224.1			jax-0.11.1
distilgpt2	jax	cold	3	62	1219.8			jax-0.11.1
distilgpt2	jax	cold	3	63	1199.4			jax-0.11.1
distilgpt2	jax	cold	3	64	1199.5			jax-0.11.1
distilgpt2	jax	cold	3	65	1202.4			jax-0.11.1
distilgpt2	jax	cold	3	66	1233.8			jax-0.11.1
distilgpt2	jax	cold	3	67	1209.6			jax-0.11.1
distilgpt2	jax	cold	3	68	1236.5			jax-0.11.1
distilgpt2	jax	cold	3	69	1235.3			jax-0.11.1
distilgpt2	jax	cold	3	70	1255.1			jax-0.11.1
distilgpt2	jax	cold	3	71	1189.1			jax-0.11.1
distilgpt2	jax	cold	3	72	1184.2			jax-0.11.1
distilgpt2	jax	cold	3	73	1222.9			jax-0.11.1
distilgpt2	jax	cold	3	74	1220.8			jax-0.11.1
distilgpt2	jax	cold	3	75	1247.0			jax-0.11.1
distilgpt2	jax	cold	3	76	1205.6			jax-0.11.1
distilgpt2	jax	cold	3	77	1210.4			jax-0.11.1
distilgpt2	jax	cold	3	78	1189.3			jax-0.11.1
distilgpt2	jax	cold	3	79	1196.3			jax-0.11.1
distilgpt2	jax	cold	3	80	1180.0			jax-0.11.1
distilgpt2	jax	cold	3	81	1181.9			jax-0.11.1
distilgpt2	jax	cold	3	82	1208.6			jax-0.11.1
distilgpt2	jax	cold	3	83	1180.3			jax-0.11.1
distilgpt2	jax	cold	3	84	1194.1			jax-0.11.1
distilgpt2	jax	cold	3	85	1218.7			jax-0.11.1
distilgpt2	jax	cold	3	86	1258.1			jax-0.11.1
distilgpt2	jax	cold	3	87	1206.1			jax-0.11.1
distilgpt2	jax	cold	3	88	1212.1			jax-0.11.1
distilgpt2	jax	cold	3	89	1237.3			jax-0.11.1
distilgpt2	jax	cold	3	90	1201.5			jax-0.11.1
distilgpt2	jax	cold	3	91	1180.0			jax-0.11.1
distilgpt2	jax	cold	3	92	1183.7			jax-0.11.1
distilgpt2	jax	cold	3	93	1210.0			jax-0.11.1
distilgpt2	jax	cold	3	94	1236.2			jax-0.11.1
distilgpt2	jax	cold	3	95	1209.3			jax-0.11.1
distilgpt2	jax	cold	3	96	1199.7			jax-0.11.1
distilgpt2	jax	cold	3	97	1206.9			jax-0.11.1
distilgpt2	jax	cold	3	98	1216.9			jax-0.11.1
distilgpt2	jax	cold	3	99	1184.7			jax-0.11.1
distilgpt2	jax	cold	3	100	1201.4			jax-0.11.1
distilgpt2	jax	cold	3	101	1201.5			jax-0.11.1
distilgpt2	jax	cold	3	102	1203.6			jax-0.11.1
distilgpt2	jax	cold	3	103	1179.9			jax-0.11.1
distilgpt2	jax	cold	3	104	1203.8			jax-0.11.1
distilgpt2	jax	cold	3	105	1201.9			jax-0.11.1
distilgpt2	jax	cold	3	106	1243.7			jax-0.11.1
distilgpt2	jax	cold	3	107	1202.8			jax-0.11.1
distilgpt2	jax	cold	3	108	1216.7			jax-0.11.1
distilgpt2	jax	cold	3	109	1197.8			jax-0.11.1
distilgpt2	jax	cold	3	110	1200.3			jax-0.11.1
distilgpt2	jax	cold	3	111	1175.3			jax-0.11.1
distilgpt2	jax	cold	3	112	1200.6			jax-0.11.1
distilgpt2	jax	cold	3	113	1217.4			jax-0.11.1
distilgpt2	jax	cold	3	114	1205.2			jax-0.11.1
distilgpt2	jax	cold	3	115	1198.8			jax-0.11.1
distilgpt2	jax	cold	3	116	1193.7			jax-0.11.1
distilgpt2	jax	cold	3	117	1198.1			jax-0.11.1
distilgpt2	jax	cold	3	118	1227.7			jax-0.11.1
distilgpt2	jax	cold	3	119	1201.1			jax-0.11.1
distilgpt2	jax	cold	3	120	1222.9			jax-0.11.1
distilgpt2	jax	cold	3	121	1200.1			jax-0.11.1
distilgpt2	jax	cold	3	122	1185.9			jax-0.11.1
distilgpt2	jax	cold	3	123	1208.2			jax-0.11.1
distilgpt2	jax	cold	3	124	1203.9			jax-0.11.1
distilgpt2	jax	cold	3	125	1222.2			jax-0.11.1
distilgpt2	jax	cold	3	126	1222.4			jax-0.11.1
distilgpt2	jax	cold	3	127	1233.6			jax-0.11.1
distilgpt2	jax	cold	3	128	1232.5			jax-0.11.1
distilgpt2	jax	cold	3	129	1197.2			jax-0.11.1
distilgpt2	jax	cold	3	130	1198.0			jax-0.11.1
distilgpt2	jax	cold	3	131	1193.4			jax-0.11.1
distilgpt2	jax	cold	3	132	1241.3			jax-0.11.1
distilgpt2	jax	cold	3	133	1197.9			jax-0.11.1
distilgpt2	jax	cold	3	134	1229.9			jax-0.11.1
distilgpt2	jax	cold	3	135	1197.9			jax-0.11.1
distilgpt2	jax	cold	3	136	1200.9			jax-0.11.1
distilgpt2	jax	cold	3	137	1230.1			jax-0.11.1
distilgpt2	jax	cold	3	138	1198.0			jax-0.11.1
distilgpt2	jax	cold	3	139	1193.6			jax-0.11.1
distilgpt2	jax	cold	3	140	1220.6			jax-0.11.1
distilgpt2	jax	cold	3	141	1246.8			jax-0.11.1
distilgpt2	jax	cold	3	142	1218.3			jax-0.11.1
distilgpt2	jax	cold	3	143	1223.6			jax-0.11.1
distilgpt2	jax	cold	3	144	1224.7			jax-0.11.1
distilgpt2	jax	cold	3	145	1229.1			jax-0.11.1
distilgpt2	jax	cold	3	146	1196.5			jax-0.11.1
distilgpt2	jax	cold	3	147	1288.2			jax-0.11.1
distilgpt2	jax	cold	3	148	1229.2			jax-0.11.1
distilgpt2	jax	cold	3	149	1197.9			jax-0.11.1
distilgpt2	jax	cold	3	150	1220.9			jax-0.11.1
distilgpt2	jax	cold	3	151	1198.8			jax-0.11.1
distilgpt2	jax	cold	3	152	1198.2			jax-0.11.1
distilgpt2	jax	cold	3	153	1206.3			jax-0.11.1
distilgpt2	jax	cold	3	154	1226.5			jax-0.11.1
distilgpt2	jax	cold	3	155	1201.0			jax-0.11.1
distilgpt2	jax	cold	3	156	1197.7			jax-0.11.1
distilgpt2	jax	cold	3	157	1197.4			jax-0.11.1
distilgpt2	jax	cold	3	158	1195.3			jax-0.11.1
distilgpt2	jax	cold	3	159	1194.1			jax-0.11.1
distilgpt2	jax	cold	3	160	1201.4			jax-0.11.1
distilgpt2	jax	cold	3	161	1218.3			jax-0.11.1
distilgpt2	jax	cold	3	162	1201.1			jax-0.11.1
distilgpt2	jax	cold	3	163	1217.9			jax-0.11.1
distilgpt2	jax	cold	3	164	1244.4			jax-0.11.1
distilgpt2	jax	cold	3	165	1199.6			jax-0.11.1
distilgpt2	jax	cold	3	166	1213.0			jax-0.11.1
distilgpt2	jax	cold	3	167	1192.8			jax-0.11.1
distilgpt2	jax	cold	3	168	1213.9			jax-0.11.1
distilgpt2	jax	cold	3	169	1231.9			jax-0.11.1
distilgpt2	jax	cold	3	170	1212.2			jax-0.11.1
distilgpt2	jax	cold	3	171	1208.8			jax-0.11.1
distilgpt2	jax	cold	3	172	1218.9			jax-0.11.1
distilgpt2	jax	cold	3	173	1239.1			jax-0.11.1
distilgpt2	jax	cold	3	174	1215.4			jax-0.11.1
distilgpt2	jax	cold	3	175	1206.1			jax-0.11.1
distilgpt2	jax	cold	3	176	1212.0			jax-0.11.1
distilgpt2	jax	cold	3	177	1214.5			jax-0.11.1
distilgpt2	jax	cold	3	178	1224.0			jax-0.11.1
distilgpt2	jax	cold	3	179	1199.8			jax-0.11.1
distilgpt2	jax	cold	3	180	1202.9			jax-0.11.1
distilgpt2	jax	cold	3	181	1178.7			jax-0.11.1
distilgpt2	jax	cold	3	182	1206.5			jax-0.11.1
distilgpt2	jax	cold	3	183	1244.8			jax-0.11.1
distilgpt2	jax	cold	3	184	1207.8			jax-0.11.1
distilgpt2	jax	cold	3	185	1205.5			jax-0.11.1
distilgpt2	jax	cold	3	186	1212.7			jax-0.11.1
distilgpt2	jax	cold	3	187	1244.8			jax-0.11.1
distilgpt2	jax	cold	3	188	1253.7			jax-0.11.1
distilgpt2	jax	cold	3	189	1227.5			jax-0.11.1
distilgpt2	jax	cold	3	190	1218.6			jax-0.11.1
distilgpt2	jax	cold	3	191	1226.6			jax-0.11.1
distilgpt2	jax	cold	3	192	1235.3			jax-0.11.1
distilgpt2	jax	cold	3	193	1220.8			jax-0.11.1
distilgpt2	jax	cold	3	194	1219.6			jax-0.11.1
distilgpt2	jax	cold	3	195	1220.6			jax-0.11.1
distilgpt2	jax	cold	3	196	1231.7			jax-0.11.1
distilgpt2	jax	cold	3	197	1221.8			jax-0.11.1
distilgpt2	jax	cold	3	198	1205.1			jax-0.11.1
distilgpt2	jax	cold	3	199	1200.6			jax-0.11.1
distilgpt2	jax	cold	3	200	1199.4			jax-0.11.1
distilgpt2	jax	cold	3	201	1180.9			jax-0.11.1
distilgpt2	jax	cold	3	202	1214.8			jax-0.11.1
distilgpt2	jax	cold	3	203	1200.3			jax-0.11.1
distilgpt2	jax	cold	3	204	1212.1			jax-0.11.1
distilgpt2	jax	cold	3	205	1212.4			jax-0.11.1
distilgpt2	jax	cold	3	206	1203.0			jax-0.11.1
distilgpt2	jax	cold	3	207	1218.6			jax-0.11.1
distilgpt2	jax	cold	3	208	1209.0			jax-0.11.1
distilgpt2	jax	cold	3	209	1206.2			jax-0.11.1
distilgpt2	jax	cold	3	210	1218.1			jax-0.11.1
distilgpt2	jax	cold	3	211	1215.1			jax-0.11.1
distilgpt2	jax	cold	3	212	1206.8			jax-0.11.1
distilgpt2	jax	cold	3	213	1218.0			jax-0.11.1
distilgpt2	jax	cold	3	214	1201.8			jax-0.11.1
distilgpt2	jax	cold	3	215	1214.2			jax-0.11.1
distilgpt2	jax	cold	3	216	1202.3			jax-0.11.1
distilgpt2	jax	cold	3	217	1214.6			jax-0.11.1
distilgpt2	jax	cold	3	218	1210.7			jax-0.11.1
distilgpt2	jax	cold	3	219	1232.8			jax-0.11.1
distilgpt2	jax	cold	3	220	1206.4			jax-0.11.1
distilgpt2	jax	cold	3	221	1222.0			jax-0.11.1
distilgpt2	jax	cold	3	222	1216.7			jax-0.11.1
distilgpt2	jax	cold	3	223	1215.8			jax-0.11.1
distilgpt2	jax	cold	3	224	1213.3			jax-0.11.1
distilgpt2	jax	cold	3	225	1203.7			jax-0.11.1
distilgpt2	jax	cold	3	226	1205.4			jax-0.11.1
distilgpt2	jax	cold	3	227	1219.7			jax-0.11.1
distilgpt2	jax	cold	3	228	1204.5			jax-0.11.1
distilgpt2	jax	cold	3	229	1203.6			jax-0.11.1
distilgpt2	jax	cold	3	230	1207.4			jax-0.11.1
distilgpt2	jax	cold	3	231	1232.4			jax-0.11.1
distilgpt2	jax	cold	3	232	1171.3			jax-0.11.1
distilgpt2	jax	cold	3	233	1210.5			jax-0.11.1
distilgpt2	jax	cold	3	234	1200.5			jax-0.11.1
distilgpt2	jax	cold	3	235	1213.6			jax-0.11.1
distilgpt2	jax	cold	3	236	1203.0			jax-0.11.1
distilgpt2	jax	cold	3	237	1203.3			jax-0.11.1
distilgpt2	jax	cold	3	238	1180.6			jax-0.11.1
distilgpt2	jax	cold	3	239	1200.4			jax-0.11.1
distilgpt2	jax	cold	3	240	1216.9			jax-0.11.1
distilgpt2	jax	cold	3	241	1204.7			jax-0.11.1
distilgpt2	jax	cold	3	242	1202.9			jax-0.11.1
distilgpt2	jax	cold	3	243	1190.7			jax-0.11.1
distilgpt2	jax	cold	3	244	1181.3			jax-0.11.1
distilgpt2	jax	cold	3	245	1216.6			jax-0.11.1
distilgpt2	jax	cold	3	246	1226.4			jax-0.11.1
distilgpt2	jax	cold	3	247	1215.0			jax-0.11.1
distilgpt2	jax	cold	3	248	1223.1			jax-0.11.1
distilgpt2	jax	cold	3	249	1210.9			jax-0.11.1
distilgpt2	jax	cold	3	250	1210.9			jax-0.11.1
distilgpt2	jax	cold	3	251	1201.9			jax-0.11.1
distilgpt2	jax	cold	3	252	1193.0			jax-0.11.1
distilgpt2	jax	cold	3	253	1214.1			jax-0.11.1
distilgpt2	jax	cold	3	254	1202.3			jax-0.11.1
distilgpt2	jax	cold	3	255	1208.3			jax-0.11.1
distilgpt2	jax	cold	3	256	1208.5			jax-0.11.1
distilgpt2	jax	cold	3	257	1226.1			jax-0.11.1
distilgpt2	jax	cold	3	258	1194.8			jax-0.11.1
distilgpt2	jax	cold	3	259	1196.8			jax-0.11.1
distilgpt2	jax	cold	3	260	1207.9			jax-0.11.1
distilgpt2	jax	cold	3	261	1231.6			jax-0.11.1
distilgpt2	jax	cold	3	262	1210.6			jax-0.11.1
distilgpt2	jax	cold	3	263	1203.3			jax-0.11.1
distilgpt2	jax	cold	3	264	1215.0			jax-0.11.1
distilgpt2	jax	cold	3	265	1205.5			jax-0.11.1
distilgpt2	jax	cold	3	266	1216.1			jax-0.11.1
distilgpt2	jax	cold	3	267	1208.0			jax-0.11.1
distilgpt2	jax	cold	3	268	1197.8			jax-0.11.1
distilgpt2	jax	cold	3	269	1190.9			jax-0.11.1
distilgpt2	jax	cold	3	270	1199.0			jax-0.11.1
distilgpt2	jax	cold	3	271	1198.3			jax-0.11.1
distilgpt2	jax	cold	3	272	1204.1			jax-0.11.1
distilgpt2	jax	cold	3	273	1211.2			jax-0.11.1
distilgpt2	jax	cold	3	274	1201.3			jax-0.11.1
distilgpt2	jax	cold	3	275	1207.7			jax-0.11.1
distilgpt2	jax	cold	3	276	1213.8			jax-0.11.1
distilgpt2	jax	cold	3	277	1217.7			jax-0.11.1
distilgpt2	jax	cold	3	278	1175.0			jax-0.11.1
distilgpt2	jax	cold	3	279	1208.8			jax-0.11.1
distilgpt2	jax	cold	3	280	1202.5			jax-0.11.1
distilgpt2	jax	cold	3	281	1217.7			jax-0.11.1
distilgpt2	jax	cold	3	282	1204.0			jax-0.11.1
distilgpt2	jax	cold	3	283	1203.8			jax-0.11.1
distilgpt2	jax	cold	3	284	1194.7			jax-0.11.1
distilgpt2	jax	cold	3	285	1201.7			jax-0.11.1
distilgpt2	jax	cold	3	286	1204.6			jax-0.11.1
distilgpt2	jax	cold	3	287	1197.4			jax-0.11.1
distilgpt2	jax	cold	3	288	1203.9			jax-0.11.1
distilgpt2	jax	cold	3	289	1223.7			jax-0.11.1
distilgpt2	jax	cold	3	290	1210.6			jax-0.11.1
distilgpt2	jax	cold	3	291	1224.1			jax-0.11.1
distilgpt2	jax	cold	3	292	1216.6			jax-0.11.1
distilgpt2	jax	cold	3	293	1186.6			jax-0.11.1
distilgpt2	jax	cold	3	294	1208.2			jax-0.11.1
distilgpt2	jax	cold	3	295	1217.7			jax-0.11.1
distilgpt2	jax	cold	3	296	1209.6			jax-0.11.1
distilgpt2	jax	cold	3	297	1216.2			jax-0.11.1
distilgpt2	jax	cold	3	298	1210.0			jax-0.11.1
distilgpt2	jax	cold	3	299	1213.0			jax-0.11.1
distilgpt2	torch-eager	warm	1	0	179344.2			torch-2.14.0+cu130
distilgpt2	torch-eager	warm	1	1	4181.1			torch-2.14.0+cu130
distilgpt2	torch-eager	warm	1	2	3923.7			torch-2.14.0+cu130
distilgpt2	torch-eager	warm	1	3	4278.9			torch-2.14.0+cu130
distilgpt2	torch-eager	warm	1	4	4658.7			torch-2.14.0+cu130
distilgpt2	torch-eager	warm	1	5	4474.9			torch-2.14.0+cu130
distilgpt2	torch-eager	warm	1	6	4700.9			torch-2.14.0+cu130
distilgpt2	torch-eager	warm	1	7	3463.3			torch-2.14.0+cu130
distilgpt2	torch-eager	warm	1	8	5084.3			torch-2.14.0+cu130
distilgpt2	torch-eager	warm	1	9	5005.8			torch-2.14.0+cu130
distilgpt2	torch-eager	warm	1	10	5016.1			torch-2.14.0+cu130
distilgpt2	torch-eager	warm	1	11	4910.5			torch-2.14.0+cu130
distilgpt2	torch-eager	warm	1	12	4514.7			torch-2.14.0+cu130
distilgpt2	torch-eager	warm	1	13	4636.5			torch-2.14.0+cu130
distilgpt2	torch-eager	warm	1	14	4551.6			torch-2.14.0+cu130
distilgpt2	torch-eager	warm	1	15	4706.1			torch-2.14.0+cu130
distilgpt2	torch-eager	warm	1	16	4899.0			torch-2.14.0+cu130
distilgpt2	torch-eager	warm	1	17	4157.1			torch-2.14.0+cu130
distilgpt2	torch-eager	warm	1	18	4923.8			torch-2.14.0+cu130
distilgpt2	torch-eager	warm	1	19	4967.5			torch-2.14.0+cu130
distilgpt2	torch-eager	warm	1	20	5009.2			torch-2.14.0+cu130
distilgpt2	torch-eager	warm	1	21	4956.2			torch-2.14.0+cu130
distilgpt2	torch-eager	warm	1	22	4897.8			torch-2.14.0+cu130
distilgpt2	torch-eager	warm	1	23	4629.1			torch-2.14.0+cu130
distilgpt2	torch-eager	warm	1	24	3166.9			torch-2.14.0+cu130
distilgpt2	torch-eager	warm	1	25	4197.6			torch-2.14.0+cu130
distilgpt2	torch-eager	warm	1	26	4266.3			torch-2.14.0+cu130
distilgpt2	torch-eager	warm	1	27	3632.3			torch-2.14.0+cu130
distilgpt2	torch-eager	warm	1	28	4349.0			torch-2.14.0+cu130
distilgpt2	torch-eager	warm	1	29	4243.6			torch-2.14.0+cu130
distilgpt2	torch-eager	warm	1	30	4452.0			torch-2.14.0+cu130
distilgpt2	torch-eager	warm	1	31	4696.8			torch-2.14.0+cu130
distilgpt2	torch-eager	warm	1	32	5084.3			torch-2.14.0+cu130
distilgpt2	torch-eager	warm	1	33	5101.7			torch-2.14.0+cu130
distilgpt2	torch-eager	warm	1	34	4966.7			torch-2.14.0+cu130
distilgpt2	torch-eager	warm	1	35	4927.2			torch-2.14.0+cu130
distilgpt2	torch-eager	warm	1	36	4093.4			torch-2.14.0+cu130
distilgpt2	torch-eager	warm	1	37	4912.9			torch-2.14.0+cu130
distilgpt2	torch-eager	warm	1	38	4862.1			torch-2.14.0+cu130
distilgpt2	torch-eager	warm	1	39	4622.9			torch-2.14.0+cu130
distilgpt2	torch-eager	warm	1	40	4424.8			torch-2.14.0+cu130
distilgpt2	torch-eager	warm	1	41	4309.9			torch-2.14.0+cu130
distilgpt2	torch-eager	warm	1	42	4319.0			torch-2.14.0+cu130
distilgpt2	torch-eager	warm	1	43	4396.0			torch-2.14.0+cu130
distilgpt2	torch-eager	warm	1	44	4503.5			torch-2.14.0+cu130
distilgpt2	torch-eager	warm	1	45	4392.6			torch-2.14.0+cu130
distilgpt2	torch-eager	warm	1	46	4218.6			torch-2.14.0+cu130
distilgpt2	torch-eager	warm	1	47	4315.9			torch-2.14.0+cu130
distilgpt2	torch-eager	warm	1	48	3940.3			torch-2.14.0+cu130
distilgpt2	torch-eager	warm	1	49	4408.4			torch-2.14.0+cu130
distilgpt2	torch-eager	warm	1	50	4512.3			torch-2.14.0+cu130
distilgpt2	torch-eager	warm	1	51	4596.0			torch-2.14.0+cu130
distilgpt2	torch-eager	warm	1	52	4814.1			torch-2.14.0+cu130
distilgpt2	torch-eager	warm	1	53	5021.3			torch-2.14.0+cu130
distilgpt2	torch-eager	warm	1	54	4987.0			torch-2.14.0+cu130
distilgpt2	torch-eager	warm	1	55	4869.0			torch-2.14.0+cu130
distilgpt2	torch-eager	warm	1	56	4581.0			torch-2.14.0+cu130
distilgpt2	torch-eager	warm	1	57	4594.6			torch-2.14.0+cu130
distilgpt2	torch-eager	warm	1	58	4376.9			torch-2.14.0+cu130
distilgpt2	torch-eager	warm	1	59	4056.7			torch-2.14.0+cu130
distilgpt2	torch-eager	warm	1	60	4377.1			torch-2.14.0+cu130
distilgpt2	torch-eager	warm	1	61	4452.5			torch-2.14.0+cu130
distilgpt2	torch-eager	warm	1	62	4735.2			torch-2.14.0+cu130
distilgpt2	torch-eager	warm	1	63	4926.7			torch-2.14.0+cu130
distilgpt2	torch-eager	warm	1	64	5041.6			torch-2.14.0+cu130
distilgpt2	torch-eager	warm	1	65	4853.5			torch-2.14.0+cu130
distilgpt2	torch-eager	warm	1	66	4057.2			torch-2.14.0+cu130
distilgpt2	torch-eager	warm	1	67	4718.1			torch-2.14.0+cu130
distilgpt2	torch-eager	warm	1	68	4943.8			torch-2.14.0+cu130
distilgpt2	torch-eager	warm	1	69	4499.7			torch-2.14.0+cu130
distilgpt2	torch-eager	warm	1	70	4451.0			torch-2.14.0+cu130
distilgpt2	torch-eager	warm	1	71	4661.8			torch-2.14.0+cu130
distilgpt2	torch-eager	warm	1	72	4343.5			torch-2.14.0+cu130
distilgpt2	torch-eager	warm	1	73	4352.8			torch-2.14.0+cu130
distilgpt2	torch-eager	warm	1	74	4476.1			torch-2.14.0+cu130
distilgpt2	torch-eager	warm	1	75	4399.5			torch-2.14.0+cu130
distilgpt2	torch-eager	warm	1	76	4077.2			torch-2.14.0+cu130
distilgpt2	torch-eager	warm	1	77	4423.9			torch-2.14.0+cu130
distilgpt2	torch-eager	warm	1	78	4219.3			torch-2.14.0+cu130
distilgpt2	torch-eager	warm	1	79	4147.5			torch-2.14.0+cu130
distilgpt2	torch-eager	warm	1	80	3449.9			torch-2.14.0+cu130
distilgpt2	torch-eager	warm	1	81	3101.1			torch-2.14.0+cu130
distilgpt2	torch-eager	warm	1	82	3118.3			torch-2.14.0+cu130
distilgpt2	torch-eager	warm	1	83	3169.5			torch-2.14.0+cu130
distilgpt2	torch-eager	warm	1	84	3098.5			torch-2.14.0+cu130
distilgpt2	torch-eager	warm	1	85	3101.6			torch-2.14.0+cu130
distilgpt2	torch-eager	warm	1	86	3115.4			torch-2.14.0+cu130
distilgpt2	torch-eager	warm	1	87	3091.8			torch-2.14.0+cu130
distilgpt2	torch-eager	warm	1	88	3064.9			torch-2.14.0+cu130
distilgpt2	torch-eager	warm	1	89	3295.9			torch-2.14.0+cu130
distilgpt2	torch-eager	warm	1	90	4810.1			torch-2.14.0+cu130
distilgpt2	torch-eager	warm	1	91	4912.9			torch-2.14.0+cu130
distilgpt2	torch-eager	warm	1	92	4144.2			torch-2.14.0+cu130
distilgpt2	torch-eager	warm	1	93	3488.1			torch-2.14.0+cu130
distilgpt2	torch-eager	warm	1	94	4733.3			torch-2.14.0+cu130
distilgpt2	torch-eager	warm	1	95	4721.6			torch-2.14.0+cu130
distilgpt2	torch-eager	warm	1	96	4431.2			torch-2.14.0+cu130
distilgpt2	torch-eager	warm	1	97	3820.2			torch-2.14.0+cu130
distilgpt2	torch-eager	warm	1	98	4562.4			torch-2.14.0+cu130
distilgpt2	torch-eager	warm	1	99	3268.2			torch-2.14.0+cu130
distilgpt2	torch-eager	warm	1	100	3616.8			torch-2.14.0+cu130
distilgpt2	torch-eager	warm	1	101	3707.4			torch-2.14.0+cu130
distilgpt2	torch-eager	warm	1	102	3517.6			torch-2.14.0+cu130
distilgpt2	torch-eager	warm	1	103	3625.4			torch-2.14.0+cu130
distilgpt2	torch-eager	warm	1	104	3397.5			torch-2.14.0+cu130
distilgpt2	torch-eager	warm	1	105	3276.8			torch-2.14.0+cu130
distilgpt2	torch-eager	warm	1	106	3129.5			torch-2.14.0+cu130
distilgpt2	torch-eager	warm	1	107	3477.3			torch-2.14.0+cu130
distilgpt2	torch-eager	warm	1	108	3380.5			torch-2.14.0+cu130
distilgpt2	torch-eager	warm	1	109	3253.2			torch-2.14.0+cu130
distilgpt2	torch-eager	warm	1	110	4684.7			torch-2.14.0+cu130
distilgpt2	torch-eager	warm	1	111	3433.5			torch-2.14.0+cu130
distilgpt2	torch-eager	warm	1	112	3513.1			torch-2.14.0+cu130
distilgpt2	torch-eager	warm	1	113	3486.9			torch-2.14.0+cu130
distilgpt2	torch-eager	warm	1	114	3383.4			torch-2.14.0+cu130
distilgpt2	torch-eager	warm	1	115	3553.6			torch-2.14.0+cu130
distilgpt2	torch-eager	warm	1	116	3140.2			torch-2.14.0+cu130
distilgpt2	torch-eager	warm	1	117	4006.4			torch-2.14.0+cu130
distilgpt2	torch-eager	warm	1	118	4607.2			torch-2.14.0+cu130
distilgpt2	torch-eager	warm	1	119	3297.1			torch-2.14.0+cu130
distilgpt2	torch-eager	warm	1	120	3069.4			torch-2.14.0+cu130
distilgpt2	torch-eager	warm	1	121	3023.1			torch-2.14.0+cu130
distilgpt2	torch-eager	warm	1	122	3028.4			torch-2.14.0+cu130
distilgpt2	torch-eager	warm	1	123	3044.6			torch-2.14.0+cu130
distilgpt2	torch-eager	warm	1	124	3304.2			torch-2.14.0+cu130
distilgpt2	torch-eager	warm	1	125	3627.8			torch-2.14.0+cu130
distilgpt2	torch-eager	warm	1	126	3447.1			torch-2.14.0+cu130
distilgpt2	torch-eager	warm	1	127	3505.7			torch-2.14.0+cu130
distilgpt2	torch-eager	warm	1	128	3453.3			torch-2.14.0+cu130
distilgpt2	torch-eager	warm	1	129	3422.7			torch-2.14.0+cu130
distilgpt2	torch-eager	warm	1	130	3431.6			torch-2.14.0+cu130
distilgpt2	torch-eager	warm	1	131	3417.7			torch-2.14.0+cu130
distilgpt2	torch-eager	warm	1	132	3401.3			torch-2.14.0+cu130
distilgpt2	torch-eager	warm	1	133	3395.6			torch-2.14.0+cu130
distilgpt2	torch-eager	warm	1	134	3390.6			torch-2.14.0+cu130
distilgpt2	torch-eager	warm	1	135	3375.3			torch-2.14.0+cu130
distilgpt2	torch-eager	warm	1	136	3378.6			torch-2.14.0+cu130
distilgpt2	torch-eager	warm	1	137	3410.3			torch-2.14.0+cu130
distilgpt2	torch-eager	warm	1	138	3419.9			torch-2.14.0+cu130
distilgpt2	torch-eager	warm	1	139	3422.5			torch-2.14.0+cu130
distilgpt2	torch-eager	warm	1	140	3466.6			torch-2.14.0+cu130
distilgpt2	torch-eager	warm	1	141	3397.2			torch-2.14.0+cu130
distilgpt2	torch-eager	warm	1	142	3412.0			torch-2.14.0+cu130
distilgpt2	torch-eager	warm	1	143	3410.3			torch-2.14.0+cu130
distilgpt2	torch-eager	warm	1	144	3397.2			torch-2.14.0+cu130
distilgpt2	torch-eager	warm	1	145	3397.0			torch-2.14.0+cu130
distilgpt2	torch-eager	warm	1	146	3406.0			torch-2.14.0+cu130
distilgpt2	torch-eager	warm	1	147	3556.3			torch-2.14.0+cu130
distilgpt2	torch-eager	warm	1	148	3410.6			torch-2.14.0+cu130
distilgpt2	torch-eager	warm	1	149	3369.3			torch-2.14.0+cu130
distilgpt2	torch-eager	warm	1	150	3371.5			torch-2.14.0+cu130
distilgpt2	torch-eager	warm	1	151	3406.0			torch-2.14.0+cu130
distilgpt2	torch-eager	warm	1	152	3367.7			torch-2.14.0+cu130
distilgpt2	torch-eager	warm	1	153	3410.6			torch-2.14.0+cu130
distilgpt2	torch-eager	warm	1	154	3373.6			torch-2.14.0+cu130
distilgpt2	torch-eager	warm	1	155	3363.1			torch-2.14.0+cu130
distilgpt2	torch-eager	warm	1	156	3380.5			torch-2.14.0+cu130
distilgpt2	torch-eager	warm	1	157	3375.1			torch-2.14.0+cu130
distilgpt2	torch-eager	warm	1	158	3392.5			torch-2.14.0+cu130
distilgpt2	torch-eager	warm	1	159	3392.5			torch-2.14.0+cu130
distilgpt2	torch-eager	warm	1	160	3436.6			torch-2.14.0+cu130
distilgpt2	torch-eager	warm	1	161	3384.1			torch-2.14.0+cu130
distilgpt2	torch-eager	warm	1	162	3361.2			torch-2.14.0+cu130
distilgpt2	torch-eager	warm	1	163	3382.0			torch-2.14.0+cu130
distilgpt2	torch-eager	warm	1	164	3404.4			torch-2.14.0+cu130
distilgpt2	torch-eager	warm	1	165	3389.8			torch-2.14.0+cu130
distilgpt2	torch-eager	warm	1	166	3394.1			torch-2.14.0+cu130
distilgpt2	torch-eager	warm	1	167	3384.1			torch-2.14.0+cu130
distilgpt2	torch-eager	warm	1	168	3340.0			torch-2.14.0+cu130
distilgpt2	torch-eager	warm	1	169	3496.2			torch-2.14.0+cu130
distilgpt2	torch-eager	warm	1	170	3472.3			torch-2.14.0+cu130
distilgpt2	torch-eager	warm	1	171	3426.3			torch-2.14.0+cu130
distilgpt2	torch-eager	warm	1	172	3399.4			torch-2.14.0+cu130
distilgpt2	torch-eager	warm	1	173	3393.7			torch-2.14.0+cu130
distilgpt2	torch-eager	warm	1	174	3382.0			torch-2.14.0+cu130
distilgpt2	torch-eager	warm	1	175	3376.0			torch-2.14.0+cu130
distilgpt2	torch-eager	warm	1	176	3386.3			torch-2.14.0+cu130
distilgpt2	torch-eager	warm	1	177	3419.2			torch-2.14.0+cu130
distilgpt2	torch-eager	warm	1	178	3402.7			torch-2.14.0+cu130
distilgpt2	torch-eager	warm	1	179	3428.2			torch-2.14.0+cu130
distilgpt2	torch-eager	warm	1	180	3376.7			torch-2.14.0+cu130
distilgpt2	torch-eager	warm	1	181	3505.5			torch-2.14.0+cu130
distilgpt2	torch-eager	warm	1	182	3398.7			torch-2.14.0+cu130
distilgpt2	torch-eager	warm	1	183	3383.9			torch-2.14.0+cu130
distilgpt2	torch-eager	warm	1	184	3377.7			torch-2.14.0+cu130
distilgpt2	torch-eager	warm	1	185	3413.4			torch-2.14.0+cu130
distilgpt2	torch-eager	warm	1	186	3392.7			torch-2.14.0+cu130
distilgpt2	torch-eager	warm	1	187	3356.5			torch-2.14.0+cu130
distilgpt2	torch-eager	warm	1	188	3391.7			torch-2.14.0+cu130
distilgpt2	torch-eager	warm	1	189	3407.5			torch-2.14.0+cu130
distilgpt2	torch-eager	warm	1	190	3392.2			torch-2.14.0+cu130
distilgpt2	torch-eager	warm	1	191	3387.5			torch-2.14.0+cu130
distilgpt2	torch-eager	warm	1	192	3368.6			torch-2.14.0+cu130
distilgpt2	torch-eager	warm	1	193	3375.1			torch-2.14.0+cu130
distilgpt2	torch-eager	warm	1	194	3247.5			torch-2.14.0+cu130
distilgpt2	torch-eager	warm	1	195	3003.8			torch-2.14.0+cu130
distilgpt2	torch-eager	warm	1	196	2954.7			torch-2.14.0+cu130
distilgpt2	torch-eager	warm	1	197	2926.3			torch-2.14.0+cu130
distilgpt2	torch-eager	warm	1	198	2954.5			torch-2.14.0+cu130
distilgpt2	torch-eager	warm	1	199	2904.9			torch-2.14.0+cu130
distilgpt2	torch-eager	warm	1	200	2930.4			torch-2.14.0+cu130
distilgpt2	torch-eager	warm	1	201	2944.0			torch-2.14.0+cu130
distilgpt2	torch-eager	warm	1	202	2916.3			torch-2.14.0+cu130
distilgpt2	torch-eager	warm	1	203	2931.1			torch-2.14.0+cu130
distilgpt2	torch-eager	warm	1	204	2961.2			torch-2.14.0+cu130
distilgpt2	torch-eager	warm	1	205	3013.6			torch-2.14.0+cu130
distilgpt2	torch-eager	warm	1	206	2963.3			torch-2.14.0+cu130
distilgpt2	torch-eager	warm	1	207	2964.5			torch-2.14.0+cu130
distilgpt2	torch-eager	warm	1	208	2955.2			torch-2.14.0+cu130
distilgpt2	torch-eager	warm	1	209	2933.5			torch-2.14.0+cu130
distilgpt2	torch-eager	warm	1	210	2987.4			torch-2.14.0+cu130
distilgpt2	torch-eager	warm	1	211	3001.2			torch-2.14.0+cu130
distilgpt2	torch-eager	warm	1	212	6047.7			torch-2.14.0+cu130
distilgpt2	torch-eager	warm	1	213	2967.1			torch-2.14.0+cu130
distilgpt2	torch-eager	warm	1	214	2939.0			torch-2.14.0+cu130
distilgpt2	torch-eager	warm	1	215	3078.7			torch-2.14.0+cu130
distilgpt2	torch-eager	warm	1	216	2955.4			torch-2.14.0+cu130
distilgpt2	torch-eager	warm	1	217	3037.5			torch-2.14.0+cu130
distilgpt2	torch-eager	warm	1	218	6040.1			torch-2.14.0+cu130
distilgpt2	torch-eager	warm	1	219	2971.6			torch-2.14.0+cu130
distilgpt2	torch-eager	warm	1	220	2928.7			torch-2.14.0+cu130
distilgpt2	torch-eager	warm	1	221	2933.0			torch-2.14.0+cu130
distilgpt2	torch-eager	warm	1	222	2939.9			torch-2.14.0+cu130
distilgpt2	torch-eager	warm	1	223	2933.5			torch-2.14.0+cu130
distilgpt2	torch-eager	warm	1	224	5990.0			torch-2.14.0+cu130
distilgpt2	torch-eager	warm	1	225	2990.5			torch-2.14.0+cu130
distilgpt2	torch-eager	warm	1	226	2960.7			torch-2.14.0+cu130
distilgpt2	torch-eager	warm	1	227	2971.6			torch-2.14.0+cu130
distilgpt2	torch-eager	warm	1	228	2947.6			torch-2.14.0+cu130
distilgpt2	torch-eager	warm	1	229	2940.7			torch-2.14.0+cu130
distilgpt2	torch-eager	warm	1	230	2946.4			torch-2.14.0+cu130
distilgpt2	torch-eager	warm	1	231	6028.2			torch-2.14.0+cu130
distilgpt2	torch-eager	warm	1	232	3017.2			torch-2.14.0+cu130
distilgpt2	torch-eager	warm	1	233	2950.4			torch-2.14.0+cu130
distilgpt2	torch-eager	warm	1	234	3025.1			torch-2.14.0+cu130
distilgpt2	torch-eager	warm	1	235	2949.2			torch-2.14.0+cu130
distilgpt2	torch-eager	warm	1	236	2951.6			torch-2.14.0+cu130
distilgpt2	torch-eager	warm	1	237	3941.1			torch-2.14.0+cu130
distilgpt2	torch-eager	warm	1	238	3434.4			torch-2.14.0+cu130
distilgpt2	torch-eager	warm	1	239	3400.6			torch-2.14.0+cu130
distilgpt2	torch-eager	warm	1	240	3416.1			torch-2.14.0+cu130
distilgpt2	torch-eager	warm	1	241	3400.6			torch-2.14.0+cu130
distilgpt2	torch-eager	warm	1	242	3586.8			torch-2.14.0+cu130
distilgpt2	torch-eager	warm	1	243	3407.0			torch-2.14.0+cu130
distilgpt2	torch-eager	warm	1	244	3398.9			torch-2.14.0+cu130
distilgpt2	torch-eager	warm	1	245	3394.6			torch-2.14.0+cu130
distilgpt2	torch-eager	warm	1	246	3431.8			torch-2.14.0+cu130
distilgpt2	torch-eager	warm	1	247	3547.7			torch-2.14.0+cu130
distilgpt2	torch-eager	warm	1	248	3407.5			torch-2.14.0+cu130
distilgpt2	torch-eager	warm	1	249	3394.1			torch-2.14.0+cu130
distilgpt2	torch-eager	warm	1	250	3418.4			torch-2.14.0+cu130
distilgpt2	torch-eager	warm	1	251	3445.6			torch-2.14.0+cu130
distilgpt2	torch-eager	warm	1	252	3457.5			torch-2.14.0+cu130
distilgpt2	torch-eager	warm	1	253	3420.8			torch-2.14.0+cu130
distilgpt2	torch-eager	warm	1	254	3453.0			torch-2.14.0+cu130
distilgpt2	torch-eager	warm	1	255	3436.1			torch-2.14.0+cu130
distilgpt2	torch-eager	warm	1	256	3571.0			torch-2.14.0+cu130
distilgpt2	torch-eager	warm	1	257	3433.5			torch-2.14.0+cu130
distilgpt2	torch-eager	warm	1	258	3430.4			torch-2.14.0+cu130
distilgpt2	torch-eager	warm	1	259	3478.8			torch-2.14.0+cu130
distilgpt2	torch-eager	warm	1	260	3441.3			torch-2.14.0+cu130
distilgpt2	torch-eager	warm	1	261	3601.6			torch-2.14.0+cu130
distilgpt2	torch-eager	warm	1	262	3438.2			torch-2.14.0+cu130
distilgpt2	torch-eager	warm	1	263	3424.4			torch-2.14.0+cu130
distilgpt2	torch-eager	warm	1	264	3472.8			torch-2.14.0+cu130
distilgpt2	torch-eager	warm	1	265	3434.4			torch-2.14.0+cu130
distilgpt2	torch-eager	warm	1	266	3577.9			torch-2.14.0+cu130
distilgpt2	torch-eager	warm	1	267	3426.8			torch-2.14.0+cu130
distilgpt2	torch-eager	warm	1	268	3460.6			torch-2.14.0+cu130
distilgpt2	torch-eager	warm	1	269	3453.5			torch-2.14.0+cu130
distilgpt2	torch-eager	warm	1	270	3434.7			torch-2.14.0+cu130
distilgpt2	torch-eager	warm	1	271	3485.7			torch-2.14.0+cu130
distilgpt2	torch-eager	warm	1	272	3433.5			torch-2.14.0+cu130
distilgpt2	torch-eager	warm	1	273	3458.7			torch-2.14.0+cu130
distilgpt2	torch-eager	warm	1	274	3414.6			torch-2.14.0+cu130
distilgpt2	torch-eager	warm	1	275	3418.7			torch-2.14.0+cu130
distilgpt2	torch-eager	warm	1	276	3422.0			torch-2.14.0+cu130
distilgpt2	torch-eager	warm	1	277	3420.6			torch-2.14.0+cu130
distilgpt2	torch-eager	warm	1	278	3442.8			torch-2.14.0+cu130
distilgpt2	torch-eager	warm	1	279	3416.1			torch-2.14.0+cu130
distilgpt2	torch-eager	warm	1	280	3419.4			torch-2.14.0+cu130
distilgpt2	torch-eager	warm	1	281	3443.5			torch-2.14.0+cu130
distilgpt2	torch-eager	warm	1	282	3422.3			torch-2.14.0+cu130
distilgpt2	torch-eager	warm	1	283	3425.1			torch-2.14.0+cu130
distilgpt2	torch-eager	warm	1	284	3489.0			torch-2.14.0+cu130
distilgpt2	torch-eager	warm	1	285	3450.4			torch-2.14.0+cu130
distilgpt2	torch-eager	warm	1	286	3449.7			torch-2.14.0+cu130
distilgpt2	torch-eager	warm	1	287	3432.0			torch-2.14.0+cu130
distilgpt2	torch-eager	warm	1	288	3417.5			torch-2.14.0+cu130
distilgpt2	torch-eager	warm	1	289	3460.4			torch-2.14.0+cu130
distilgpt2	torch-eager	warm	1	290	3895.8			torch-2.14.0+cu130
distilgpt2	torch-eager	warm	1	291	3468.3			torch-2.14.0+cu130
distilgpt2	torch-eager	warm	1	292	3443.7			torch-2.14.0+cu130
distilgpt2	torch-eager	warm	1	293	3450.9			torch-2.14.0+cu130
distilgpt2	torch-eager	warm	1	294	3429.9			torch-2.14.0+cu130
distilgpt2	torch-eager	warm	1	295	3790.1			torch-2.14.0+cu130
distilgpt2	torch-eager	warm	1	296	3527.4			torch-2.14.0+cu130
distilgpt2	torch-eager	warm	1	297	3498.1			torch-2.14.0+cu130
distilgpt2	torch-eager	warm	1	298	3463.0			torch-2.14.0+cu130
distilgpt2	torch-eager	warm	1	299	3439.4			torch-2.14.0+cu130
distilgpt2	ours	warm	1	0	601744.9	0	254	ddc8008cdeaf
distilgpt2	ours	warm	1	1	9621.1	0	93	ddc8008cdeaf
distilgpt2	ours	warm	1	2	1345.9	0	57	ddc8008cdeaf
distilgpt2	ours	warm	1	3	14102.0	0	87	ddc8008cdeaf
distilgpt2	ours	warm	1	4	5155.1	0	77	ddc8008cdeaf
distilgpt2	ours	warm	1	5	3823.0	0	39	ddc8008cdeaf
distilgpt2	ours	warm	1	6	2496.0	0	39	ddc8008cdeaf
distilgpt2	ours	warm	1	7	2047.1	0	39	ddc8008cdeaf
distilgpt2	ours	warm	1	8	1303.0	0	39	ddc8008cdeaf
distilgpt2	ours	warm	1	9	1887.1	0	39	ddc8008cdeaf
distilgpt2	ours	warm	1	10	1294.1	0	39	ddc8008cdeaf
distilgpt2	ours	warm	1	11	1303.9	0	39	ddc8008cdeaf
distilgpt2	ours	warm	1	12	1905.0	0	39	ddc8008cdeaf
distilgpt2	ours	warm	1	13	1281.0	0	39	ddc8008cdeaf
distilgpt2	ours	warm	1	14	1298.9	0	39	ddc8008cdeaf
distilgpt2	ours	warm	1	15	1283.9	0	39	ddc8008cdeaf
distilgpt2	ours	warm	1	16	1879.0	0	39	ddc8008cdeaf
distilgpt2	ours	warm	1	17	1308.0	0	39	ddc8008cdeaf
distilgpt2	ours	warm	1	18	1275.1	0	39	ddc8008cdeaf
distilgpt2	ours	warm	1	19	1272.9	0	39	ddc8008cdeaf
distilgpt2	ours	warm	1	20	1300.1	0	39	ddc8008cdeaf
distilgpt2	ours	warm	1	21	1948.1	0	39	ddc8008cdeaf
distilgpt2	ours	warm	1	22	1276.0	0	39	ddc8008cdeaf
distilgpt2	ours	warm	1	23	1282.0	0	39	ddc8008cdeaf
distilgpt2	ours	warm	1	24	1288.2	0	39	ddc8008cdeaf
distilgpt2	ours	warm	1	25	1276.0	0	39	ddc8008cdeaf
distilgpt2	ours	warm	1	26	1298.0	0	39	ddc8008cdeaf
distilgpt2	ours	warm	1	27	2542.0	0	39	ddc8008cdeaf
distilgpt2	ours	warm	1	28	1274.8	0	39	ddc8008cdeaf
distilgpt2	ours	warm	1	29	1274.8	0	39	ddc8008cdeaf
distilgpt2	ours	warm	1	30	1285.8	0	39	ddc8008cdeaf
distilgpt2	ours	warm	1	31	1261.0	0	39	ddc8008cdeaf
distilgpt2	ours	warm	1	32	1301.1	0	39	ddc8008cdeaf
distilgpt2	ours	warm	1	33	1292.9	0	39	ddc8008cdeaf
distilgpt2	ours	warm	1	34	2368.0	0	39	ddc8008cdeaf
distilgpt2	ours	warm	1	35	1306.8	0	39	ddc8008cdeaf
distilgpt2	ours	warm	1	36	1273.9	0	39	ddc8008cdeaf
distilgpt2	ours	warm	1	37	1292.9	0	39	ddc8008cdeaf
distilgpt2	ours	warm	1	38	1273.9	0	39	ddc8008cdeaf
distilgpt2	ours	warm	1	39	1340.9	0	39	ddc8008cdeaf
distilgpt2	ours	warm	1	40	1282.9	0	39	ddc8008cdeaf
distilgpt2	ours	warm	1	41	1295.1	0	39	ddc8008cdeaf
distilgpt2	ours	warm	1	42	2219.0	0	39	ddc8008cdeaf
distilgpt2	ours	warm	1	43	1277.9	0	39	ddc8008cdeaf
distilgpt2	ours	warm	1	44	1266.0	0	39	ddc8008cdeaf
distilgpt2	ours	warm	1	45	1280.8	0	39	ddc8008cdeaf
distilgpt2	ours	warm	1	46	1282.0	0	39	ddc8008cdeaf
distilgpt2	ours	warm	1	47	1283.9	0	39	ddc8008cdeaf
distilgpt2	ours	warm	1	48	1303.0	0	39	ddc8008cdeaf
distilgpt2	ours	warm	1	49	1278.9	0	39	ddc8008cdeaf
distilgpt2	ours	warm	1	50	1295.8	0	39	ddc8008cdeaf
distilgpt2	ours	warm	1	51	2283.8	0	39	ddc8008cdeaf
distilgpt2	ours	warm	1	52	1293.9	0	39	ddc8008cdeaf
distilgpt2	ours	warm	1	53	1279.1	0	39	ddc8008cdeaf
distilgpt2	ours	warm	1	54	1282.0	0	39	ddc8008cdeaf
distilgpt2	ours	warm	1	55	1283.2	0	39	ddc8008cdeaf
distilgpt2	ours	warm	1	56	1270.1	0	39	ddc8008cdeaf
distilgpt2	ours	warm	1	57	1292.0	0	39	ddc8008cdeaf
distilgpt2	ours	warm	1	58	1273.9	0	39	ddc8008cdeaf
distilgpt2	ours	warm	1	59	1329.9	0	39	ddc8008cdeaf
distilgpt2	ours	warm	1	60	1271.0	0	39	ddc8008cdeaf
distilgpt2	ours	warm	1	61	2736.1	0	39	ddc8008cdeaf
distilgpt2	ours	warm	1	62	1298.0	0	39	ddc8008cdeaf
distilgpt2	ours	warm	1	63	1263.9	0	39	ddc8008cdeaf
distilgpt2	ours	warm	1	64	1287.0	0	39	ddc8008cdeaf
distilgpt2	ours	warm	1	65	1272.9	0	39	ddc8008cdeaf
distilgpt2	ours	warm	1	66	1304.1	0	39	ddc8008cdeaf
distilgpt2	ours	warm	1	67	1284.1	0	39	ddc8008cdeaf
distilgpt2	ours	warm	1	68	1302.0	0	39	ddc8008cdeaf
distilgpt2	ours	warm	1	69	1287.0	0	39	ddc8008cdeaf
distilgpt2	ours	warm	1	70	1301.1	0	39	ddc8008cdeaf
distilgpt2	ours	warm	1	71	1338.0	0	39	ddc8008cdeaf
distilgpt2	ours	warm	1	72	2459.0	0	39	ddc8008cdeaf
distilgpt2	ours	warm	1	73	1268.1	0	39	ddc8008cdeaf
distilgpt2	ours	warm	1	74	1277.9	0	39	ddc8008cdeaf
distilgpt2	ours	warm	1	75	1290.1	0	39	ddc8008cdeaf
distilgpt2	ours	warm	1	76	1275.1	0	39	ddc8008cdeaf
distilgpt2	ours	warm	1	77	1275.1	0	39	ddc8008cdeaf
distilgpt2	ours	warm	1	78	1281.0	0	39	ddc8008cdeaf
distilgpt2	ours	warm	1	79	1291.0	0	39	ddc8008cdeaf
distilgpt2	ours	warm	1	80	1272.0	0	39	ddc8008cdeaf
distilgpt2	ours	warm	1	81	1279.1	0	39	ddc8008cdeaf
distilgpt2	ours	warm	1	82	1279.1	0	39	ddc8008cdeaf
distilgpt2	ours	warm	1	83	1277.9	0	39	ddc8008cdeaf
distilgpt2	ours	warm	1	84	3149.0	0	39	ddc8008cdeaf
distilgpt2	ours	warm	1	85	1284.8	0	39	ddc8008cdeaf
distilgpt2	ours	warm	1	86	1281.0	0	39	ddc8008cdeaf
distilgpt2	ours	warm	1	87	1272.9	0	39	ddc8008cdeaf
distilgpt2	ours	warm	1	88	1266.0	0	39	ddc8008cdeaf
distilgpt2	ours	warm	1	89	1267.0	0	39	ddc8008cdeaf
distilgpt2	ours	warm	1	90	1303.9	0	39	ddc8008cdeaf
distilgpt2	ours	warm	1	91	1277.0	0	39	ddc8008cdeaf
distilgpt2	ours	warm	1	92	1269.8	0	39	ddc8008cdeaf
distilgpt2	ours	warm	1	93	1268.1	0	39	ddc8008cdeaf
distilgpt2	ours	warm	1	94	1276.0	0	39	ddc8008cdeaf
distilgpt2	ours	warm	1	95	1272.9	0	39	ddc8008cdeaf
distilgpt2	ours	warm	1	96	1275.8	0	39	ddc8008cdeaf
distilgpt2	ours	warm	1	97	2735.9	0	39	ddc8008cdeaf
distilgpt2	ours	warm	1	98	1276.0	0	39	ddc8008cdeaf
distilgpt2	ours	warm	1	99	1272.9	0	39	ddc8008cdeaf
distilgpt2	ours	warm	1	100	1294.1	0	39	ddc8008cdeaf
distilgpt2	ours	warm	1	101	1273.2	0	39	ddc8008cdeaf
distilgpt2	ours	warm	1	102	1294.9	0	39	ddc8008cdeaf
distilgpt2	ours	warm	1	103	1283.9	0	39	ddc8008cdeaf
distilgpt2	ours	warm	1	104	1309.2	0	39	ddc8008cdeaf
distilgpt2	ours	warm	1	105	1303.0	0	39	ddc8008cdeaf
distilgpt2	ours	warm	1	106	1287.0	0	39	ddc8008cdeaf
distilgpt2	ours	warm	1	107	1272.2	0	39	ddc8008cdeaf
distilgpt2	ours	warm	1	108	1340.9	0	39	ddc8008cdeaf
distilgpt2	ours	warm	1	109	1300.1	0	39	ddc8008cdeaf
distilgpt2	ours	warm	1	110	1286.0	0	39	ddc8008cdeaf
distilgpt2	ours	warm	1	111	3680.0	0	39	ddc8008cdeaf
distilgpt2	ours	warm	1	112	1284.1	0	39	ddc8008cdeaf
distilgpt2	ours	warm	1	113	1275.1	0	39	ddc8008cdeaf
distilgpt2	ours	warm	1	114	1284.1	0	39	ddc8008cdeaf
distilgpt2	ours	warm	1	115	1285.1	0	39	ddc8008cdeaf
distilgpt2	ours	warm	1	116	1274.8	0	39	ddc8008cdeaf
distilgpt2	ours	warm	1	117	1284.8	0	39	ddc8008cdeaf
distilgpt2	ours	warm	1	118	1269.8	0	39	ddc8008cdeaf
distilgpt2	ours	warm	1	119	1285.8	0	39	ddc8008cdeaf
distilgpt2	ours	warm	1	120	1292.0	0	39	ddc8008cdeaf
distilgpt2	ours	warm	1	121	1287.9	0	39	ddc8008cdeaf
distilgpt2	ours	warm	1	122	1274.1	0	39	ddc8008cdeaf
distilgpt2	ours	warm	1	123	1273.9	0	39	ddc8008cdeaf
distilgpt2	ours	warm	1	124	1353.0	0	39	ddc8008cdeaf
distilgpt2	ours	warm	1	125	1279.1	0	39	ddc8008cdeaf
distilgpt2	ours	warm	1	126	3056.0	0	39	ddc8008cdeaf
distilgpt2	ours	warm	1	127	1301.1	0	39	ddc8008cdeaf
distilgpt2	ours	warm	1	128	1276.0	0	39	ddc8008cdeaf
distilgpt2	ours	warm	1	129	1306.1	0	39	ddc8008cdeaf
distilgpt2	ours	warm	1	130	1294.1	0	39	ddc8008cdeaf
distilgpt2	ours	warm	1	131	1298.0	0	39	ddc8008cdeaf
distilgpt2	ours	warm	1	132	1300.1	0	39	ddc8008cdeaf
distilgpt2	ours	warm	1	133	1282.9	0	39	ddc8008cdeaf
distilgpt2	ours	warm	1	134	1287.0	0	39	ddc8008cdeaf
distilgpt2	ours	warm	1	135	1282.9	0	39	ddc8008cdeaf
distilgpt2	ours	warm	1	136	1281.0	0	39	ddc8008cdeaf
distilgpt2	ours	warm	1	137	1289.1	0	39	ddc8008cdeaf
distilgpt2	ours	warm	1	138	1276.0	0	39	ddc8008cdeaf
distilgpt2	ours	warm	1	139	1298.0	0	39	ddc8008cdeaf
distilgpt2	ours	warm	1	140	1292.0	0	39	ddc8008cdeaf
distilgpt2	ours	warm	1	141	1277.0	0	39	ddc8008cdeaf
distilgpt2	ours	warm	1	142	1277.0	0	39	ddc8008cdeaf
distilgpt2	ours	warm	1	143	1280.1	0	39	ddc8008cdeaf
distilgpt2	ours	warm	1	144	1271.0	0	39	ddc8008cdeaf
distilgpt2	ours	warm	1	145	1268.1	0	39	ddc8008cdeaf
distilgpt2	ours	warm	1	146	1339.0	0	39	ddc8008cdeaf
distilgpt2	ours	warm	1	147	1292.9	0	39	ddc8008cdeaf
distilgpt2	ours	warm	1	148	3197.9	0	39	ddc8008cdeaf
distilgpt2	ours	warm	1	149	1278.2	0	39	ddc8008cdeaf
distilgpt2	ours	warm	1	150	1292.9	0	39	ddc8008cdeaf
distilgpt2	ours	warm	1	151	1284.1	0	39	ddc8008cdeaf
distilgpt2	ours	warm	1	152	1270.1	0	39	ddc8008cdeaf
distilgpt2	ours	warm	1	153	1287.9	0	39	ddc8008cdeaf
distilgpt2	ours	warm	1	154	1281.0	0	39	ddc8008cdeaf
distilgpt2	ours	warm	1	155	1293.9	0	39	ddc8008cdeaf
distilgpt2	ours	warm	1	156	1279.1	0	39	ddc8008cdeaf
distilgpt2	ours	warm	1	157	1287.9	0	39	ddc8008cdeaf
distilgpt2	ours	warm	1	158	1270.1	0	39	ddc8008cdeaf
distilgpt2	ours	warm	1	159	1277.9	0	39	ddc8008cdeaf
distilgpt2	ours	warm	1	160	1271.0	0	39	ddc8008cdeaf
distilgpt2	ours	warm	1	161	1285.8	0	39	ddc8008cdeaf
distilgpt2	ours	warm	1	162	1279.1	0	39	ddc8008cdeaf
distilgpt2	ours	warm	1	163	1265.0	0	39	ddc8008cdeaf
distilgpt2	ours	warm	1	164	1311.1	0	39	ddc8008cdeaf
distilgpt2	ours	warm	1	165	1310.1	0	39	ddc8008cdeaf
distilgpt2	ours	warm	1	166	2905.8	0	39	ddc8008cdeaf
distilgpt2	ours	warm	1	167	1276.0	0	39	ddc8008cdeaf
distilgpt2	ours	warm	1	168	1292.9	0	39	ddc8008cdeaf
distilgpt2	ours	warm	1	169	1271.0	0	39	ddc8008cdeaf
distilgpt2	ours	warm	1	170	1282.0	0	39	ddc8008cdeaf
distilgpt2	ours	warm	1	171	1284.1	0	39	ddc8008cdeaf
distilgpt2	ours	warm	1	172	1267.0	0	39	ddc8008cdeaf
distilgpt2	ours	warm	1	173	1271.0	0	39	ddc8008cdeaf
distilgpt2	ours	warm	1	174	1266.0	0	39	ddc8008cdeaf
distilgpt2	ours	warm	1	175	1267.0	0	39	ddc8008cdeaf
distilgpt2	ours	warm	1	176	1267.0	0	39	ddc8008cdeaf
distilgpt2	ours	warm	1	177	1294.9	0	39	ddc8008cdeaf
distilgpt2	ours	warm	1	178	1276.0	0	39	ddc8008cdeaf
distilgpt2	ours	warm	1	179	1274.8	0	39	ddc8008cdeaf
distilgpt2	ours	warm	1	180	1315.8	0	39	ddc8008cdeaf
distilgpt2	ours	warm	1	181	1348.0	0	39	ddc8008cdeaf
distilgpt2	ours	warm	1	182	1308.9	0	39	ddc8008cdeaf
distilgpt2	ours	warm	1	183	1286.0	0	39	ddc8008cdeaf
distilgpt2	ours	warm	1	184	1281.0	0	39	ddc8008cdeaf
distilgpt2	ours	warm	1	185	1283.9	0	39	ddc8008cdeaf
distilgpt2	ours	warm	1	186	1282.0	0	39	ddc8008cdeaf
distilgpt2	ours	warm	1	187	1266.0	0	39	ddc8008cdeaf
distilgpt2	ours	warm	1	188	1266.0	0	39	ddc8008cdeaf
distilgpt2	ours	warm	1	189	1282.9	0	39	ddc8008cdeaf
distilgpt2	ours	warm	1	190	1272.9	0	39	ddc8008cdeaf
distilgpt2	ours	warm	1	191	1286.0	0	39	ddc8008cdeaf
distilgpt2	ours	warm	1	192	3188.1	0	39	ddc8008cdeaf
distilgpt2	ours	warm	1	193	1310.1	0	39	ddc8008cdeaf
distilgpt2	ours	warm	1	194	1282.9	0	39	ddc8008cdeaf
distilgpt2	ours	warm	1	195	1274.1	0	39	ddc8008cdeaf
distilgpt2	ours	warm	1	196	1277.0	0	39	ddc8008cdeaf
distilgpt2	ours	warm	1	197	1301.1	0	39	ddc8008cdeaf
distilgpt2	ours	warm	1	198	1275.1	0	39	ddc8008cdeaf
distilgpt2	ours	warm	1	199	1269.1	0	39	ddc8008cdeaf
distilgpt2	ours	warm	1	200	1282.0	0	39	ddc8008cdeaf
distilgpt2	ours	warm	1	201	1294.1	0	39	ddc8008cdeaf
distilgpt2	ours	warm	1	202	1313.9	0	39	ddc8008cdeaf
distilgpt2	ours	warm	1	203	1249.1	0	39	ddc8008cdeaf
distilgpt2	ours	warm	1	204	1242.2	0	39	ddc8008cdeaf
distilgpt2	ours	warm	1	205	1298.9	0	39	ddc8008cdeaf
distilgpt2	ours	warm	1	206	1249.1	0	39	ddc8008cdeaf
distilgpt2	ours	warm	1	207	1300.1	0	39	ddc8008cdeaf
distilgpt2	ours	warm	1	208	1261.0	0	39	ddc8008cdeaf
distilgpt2	ours	warm	1	209	1238.1	0	39	ddc8008cdeaf
distilgpt2	ours	warm	1	210	1256.9	0	39	ddc8008cdeaf
distilgpt2	ours	warm	1	211	1252.9	0	39	ddc8008cdeaf
distilgpt2	ours	warm	1	212	1304.1	0	39	ddc8008cdeaf
distilgpt2	ours	warm	1	213	1261.9	0	39	ddc8008cdeaf
distilgpt2	ours	warm	1	214	1265.0	0	39	ddc8008cdeaf
distilgpt2	ours	warm	1	215	1292.0	0	39	ddc8008cdeaf
distilgpt2	ours	warm	1	216	3232.0	0	39	ddc8008cdeaf
distilgpt2	ours	warm	1	217	1269.8	0	39	ddc8008cdeaf
distilgpt2	ours	warm	1	218	1254.1	0	39	ddc8008cdeaf
distilgpt2	ours	warm	1	219	1272.0	0	39	ddc8008cdeaf
distilgpt2	ours	warm	1	220	1232.9	0	39	ddc8008cdeaf
distilgpt2	ours	warm	1	221	1247.2	0	39	ddc8008cdeaf
distilgpt2	ours	warm	1	222	1260.0	0	39	ddc8008cdeaf
distilgpt2	ours	warm	1	223	1246.9	0	39	ddc8008cdeaf
distilgpt2	ours	warm	1	224	1242.2	0	39	ddc8008cdeaf
distilgpt2	ours	warm	1	225	1244.1	0	39	ddc8008cdeaf
distilgpt2	ours	warm	1	226	1246.9	0	39	ddc8008cdeaf
distilgpt2	ours	warm	1	227	1253.1	0	39	ddc8008cdeaf
distilgpt2	ours	warm	1	228	1253.1	0	39	ddc8008cdeaf
distilgpt2	ours	warm	1	229	1298.9	0	39	ddc8008cdeaf
distilgpt2	ours	warm	1	230	1246.9	0	39	ddc8008cdeaf
distilgpt2	ours	warm	1	231	1237.9	0	39	ddc8008cdeaf
distilgpt2	ours	warm	1	232	1241.2	0	39	ddc8008cdeaf
distilgpt2	ours	warm	1	233	1241.9	0	39	ddc8008cdeaf
distilgpt2	ours	warm	1	234	1238.1	0	39	ddc8008cdeaf
distilgpt2	ours	warm	1	235	1240.0	0	39	ddc8008cdeaf
distilgpt2	ours	warm	1	236	1241.0	0	39	ddc8008cdeaf
distilgpt2	ours	warm	1	237	1227.9	0	39	ddc8008cdeaf
distilgpt2	ours	warm	1	238	1297.0	0	39	ddc8008cdeaf
distilgpt2	ours	warm	1	239	1265.0	0	39	ddc8008cdeaf
distilgpt2	ours	warm	1	240	1243.1	0	39	ddc8008cdeaf
distilgpt2	ours	warm	1	241	1239.1	0	39	ddc8008cdeaf
distilgpt2	ours	warm	1	242	1248.1	0	39	ddc8008cdeaf
distilgpt2	ours	warm	1	243	3346.0	0	39	ddc8008cdeaf
distilgpt2	ours	warm	1	244	1267.0	0	39	ddc8008cdeaf
distilgpt2	ours	warm	1	245	1261.0	0	39	ddc8008cdeaf
distilgpt2	ours	warm	1	246	1257.9	0	39	ddc8008cdeaf
distilgpt2	ours	warm	1	247	1277.0	0	39	ddc8008cdeaf
distilgpt2	ours	warm	1	248	1245.0	0	39	ddc8008cdeaf
distilgpt2	ours	warm	1	249	1257.9	0	39	ddc8008cdeaf
distilgpt2	ours	warm	1	250	1250.0	0	39	ddc8008cdeaf
distilgpt2	ours	warm	1	251	1255.0	0	39	ddc8008cdeaf
distilgpt2	ours	warm	1	252	1243.8	0	39	ddc8008cdeaf
distilgpt2	ours	warm	1	253	1245.0	0	39	ddc8008cdeaf
distilgpt2	ours	warm	1	254	1253.8	0	39	ddc8008cdeaf
distilgpt2	ours	warm	1	255	1248.1	0	39	ddc8008cdeaf
distilgpt2	ours	warm	1	256	1264.1	0	39	ddc8008cdeaf
distilgpt2	ours	warm	1	257	1249.1	0	39	ddc8008cdeaf
distilgpt2	ours	warm	1	258	1252.9	0	39	ddc8008cdeaf
distilgpt2	ours	warm	1	259	1244.1	0	39	ddc8008cdeaf
distilgpt2	ours	warm	1	260	1236.0	0	39	ddc8008cdeaf
distilgpt2	ours	warm	1	261	1251.9	0	39	ddc8008cdeaf
distilgpt2	ours	warm	1	262	1308.0	0	39	ddc8008cdeaf
distilgpt2	ours	warm	1	263	1284.1	0	39	ddc8008cdeaf
distilgpt2	ours	warm	1	264	1256.0	0	39	ddc8008cdeaf
distilgpt2	ours	warm	1	265	1237.2	0	39	ddc8008cdeaf
distilgpt2	ours	warm	1	266	1241.9	0	39	ddc8008cdeaf
distilgpt2	ours	warm	1	267	1235.0	0	39	ddc8008cdeaf
distilgpt2	ours	warm	1	268	1245.0	0	39	ddc8008cdeaf
distilgpt2	ours	warm	1	269	1318.0	0	39	ddc8008cdeaf
distilgpt2	ours	warm	1	270	1266.0	0	39	ddc8008cdeaf
distilgpt2	ours	warm	1	271	1242.2	0	39	ddc8008cdeaf
distilgpt2	ours	warm	1	272	3397.9	0	39	ddc8008cdeaf
distilgpt2	ours	warm	1	273	1253.8	0	39	ddc8008cdeaf
distilgpt2	ours	warm	1	274	1250.0	0	39	ddc8008cdeaf
distilgpt2	ours	warm	1	275	1258.1	0	39	ddc8008cdeaf
distilgpt2	ours	warm	1	276	1249.1	0	39	ddc8008cdeaf
distilgpt2	ours	warm	1	277	1316.1	0	39	ddc8008cdeaf
distilgpt2	ours	warm	1	278	1251.0	0	39	ddc8008cdeaf
distilgpt2	ours	warm	1	279	1244.1	0	39	ddc8008cdeaf
distilgpt2	ours	warm	1	280	1255.0	0	39	ddc8008cdeaf
distilgpt2	ours	warm	1	281	1258.1	0	39	ddc8008cdeaf
distilgpt2	ours	warm	1	282	1251.9	0	39	ddc8008cdeaf
distilgpt2	ours	warm	1	283	1236.0	0	39	ddc8008cdeaf
distilgpt2	ours	warm	1	284	1246.0	0	39	ddc8008cdeaf
distilgpt2	ours	warm	1	285	1286.0	0	39	ddc8008cdeaf
distilgpt2	ours	warm	1	286	1256.0	0	39	ddc8008cdeaf
distilgpt2	ours	warm	1	287	1271.0	0	39	ddc8008cdeaf
distilgpt2	ours	warm	1	288	1256.9	0	39	ddc8008cdeaf
distilgpt2	ours	warm	1	289	1268.9	0	39	ddc8008cdeaf
distilgpt2	ours	warm	1	290	1239.1	0	39	ddc8008cdeaf
distilgpt2	ours	warm	1	291	1280.1	0	39	ddc8008cdeaf
distilgpt2	ours	warm	1	292	1252.9	0	39	ddc8008cdeaf
distilgpt2	ours	warm	1	293	1261.0	0	39	ddc8008cdeaf
distilgpt2	ours	warm	1	294	1243.8	0	39	ddc8008cdeaf
distilgpt2	ours	warm	1	295	1306.1	0	39	ddc8008cdeaf
distilgpt2	ours	warm	1	296	1278.2	0	39	ddc8008cdeaf
distilgpt2	ours	warm	1	297	1245.0	0	39	ddc8008cdeaf
distilgpt2	ours	warm	1	298	1246.0	0	39	ddc8008cdeaf
distilgpt2	ours	warm	1	299	1247.9	0	39	ddc8008cdeaf
distilgpt2	torch-compile	warm	1	0	1618183.9			torch-2.14.0+cu130
distilgpt2	torch-compile	warm	1	1	1972.7			torch-2.14.0+cu130
distilgpt2	torch-compile	warm	1	2	1556.4			torch-2.14.0+cu130
distilgpt2	torch-compile	warm	1	3	1499.4			torch-2.14.0+cu130
distilgpt2	torch-compile	warm	1	4	1503.9			torch-2.14.0+cu130
distilgpt2	torch-compile	warm	1	5	1487.3			torch-2.14.0+cu130
distilgpt2	torch-compile	warm	1	6	1528.7			torch-2.14.0+cu130
distilgpt2	torch-compile	warm	1	7	1519.9			torch-2.14.0+cu130
distilgpt2	torch-compile	warm	1	8	1507.5			torch-2.14.0+cu130
distilgpt2	torch-compile	warm	1	9	1500.4			torch-2.14.0+cu130
distilgpt2	torch-compile	warm	1	10	1497.5			torch-2.14.0+cu130
distilgpt2	torch-compile	warm	1	11	1536.6			torch-2.14.0+cu130
distilgpt2	torch-compile	warm	1	12	1687.0			torch-2.14.0+cu130
distilgpt2	torch-compile	warm	1	13	1681.6			torch-2.14.0+cu130
distilgpt2	torch-compile	warm	1	14	1565.9			torch-2.14.0+cu130
distilgpt2	torch-compile	warm	1	15	1557.6			torch-2.14.0+cu130
distilgpt2	torch-compile	warm	1	16	1598.1			torch-2.14.0+cu130
distilgpt2	torch-compile	warm	1	17	1516.1			torch-2.14.0+cu130
distilgpt2	torch-compile	warm	1	18	1534.0			torch-2.14.0+cu130
distilgpt2	torch-compile	warm	1	19	1490.1			torch-2.14.0+cu130
distilgpt2	torch-compile	warm	1	20	1497.7			torch-2.14.0+cu130
distilgpt2	torch-compile	warm	1	21	1492.3			torch-2.14.0+cu130
distilgpt2	torch-compile	warm	1	22	1510.9			torch-2.14.0+cu130
distilgpt2	torch-compile	warm	1	23	1495.1			torch-2.14.0+cu130
distilgpt2	torch-compile	warm	1	24	1514.2			torch-2.14.0+cu130
distilgpt2	torch-compile	warm	1	25	1473.2			torch-2.14.0+cu130
distilgpt2	torch-compile	warm	1	26	1500.1			torch-2.14.0+cu130
distilgpt2	torch-compile	warm	1	27	1517.3			torch-2.14.0+cu130
distilgpt2	torch-compile	warm	1	28	1526.8			torch-2.14.0+cu130
distilgpt2	torch-compile	warm	1	29	1477.0			torch-2.14.0+cu130
distilgpt2	torch-compile	warm	1	30	1490.6			torch-2.14.0+cu130
distilgpt2	torch-compile	warm	1	31	1517.8			torch-2.14.0+cu130
distilgpt2	torch-compile	warm	1	32	1492.3			torch-2.14.0+cu130
distilgpt2	torch-compile	warm	1	33	1487.7			torch-2.14.0+cu130
distilgpt2	torch-compile	warm	1	34	1496.6			torch-2.14.0+cu130
distilgpt2	torch-compile	warm	1	35	1494.6			torch-2.14.0+cu130
distilgpt2	torch-compile	warm	1	36	1503.9			torch-2.14.0+cu130
distilgpt2	torch-compile	warm	1	37	1524.2			torch-2.14.0+cu130
distilgpt2	torch-compile	warm	1	38	1479.6			torch-2.14.0+cu130
distilgpt2	torch-compile	warm	1	39	1482.5			torch-2.14.0+cu130
distilgpt2	torch-compile	warm	1	40	1500.4			torch-2.14.0+cu130
distilgpt2	torch-compile	warm	1	41	1513.5			torch-2.14.0+cu130
distilgpt2	torch-compile	warm	1	42	1507.5			torch-2.14.0+cu130
distilgpt2	torch-compile	warm	1	43	1483.4			torch-2.14.0+cu130
distilgpt2	torch-compile	warm	1	44	1494.6			torch-2.14.0+cu130
distilgpt2	torch-compile	warm	1	45	1467.0			torch-2.14.0+cu130
distilgpt2	torch-compile	warm	1	46	1487.0			torch-2.14.0+cu130
distilgpt2	torch-compile	warm	1	47	1499.9			torch-2.14.0+cu130
distilgpt2	torch-compile	warm	1	48	1524.4			torch-2.14.0+cu130
distilgpt2	torch-compile	warm	1	49	1479.4			torch-2.14.0+cu130
distilgpt2	torch-compile	warm	1	50	1497.0			torch-2.14.0+cu130
distilgpt2	torch-compile	warm	1	51	1501.6			torch-2.14.0+cu130
distilgpt2	torch-compile	warm	1	52	1555.9			torch-2.14.0+cu130
distilgpt2	torch-compile	warm	1	53	1547.8			torch-2.14.0+cu130
distilgpt2	torch-compile	warm	1	54	1488.4			torch-2.14.0+cu130
distilgpt2	torch-compile	warm	1	55	1491.8			torch-2.14.0+cu130
distilgpt2	torch-compile	warm	1	56	1584.8			torch-2.14.0+cu130
distilgpt2	torch-compile	warm	1	57	1529.9			torch-2.14.0+cu130
distilgpt2	torch-compile	warm	1	58	1516.8			torch-2.14.0+cu130
distilgpt2	torch-compile	warm	1	59	1570.2			torch-2.14.0+cu130
distilgpt2	torch-compile	warm	1	60	1500.1			torch-2.14.0+cu130
distilgpt2	torch-compile	warm	1	61	1493.2			torch-2.14.0+cu130
distilgpt2	torch-compile	warm	1	62	1471.0			torch-2.14.0+cu130
distilgpt2	torch-compile	warm	1	63	1486.3			torch-2.14.0+cu130
distilgpt2	torch-compile	warm	1	64	1497.5			torch-2.14.0+cu130
distilgpt2	torch-compile	warm	1	65	1509.0			torch-2.14.0+cu130
distilgpt2	torch-compile	warm	1	66	1488.0			torch-2.14.0+cu130
distilgpt2	torch-compile	warm	1	67	1491.1			torch-2.14.0+cu130
distilgpt2	torch-compile	warm	1	68	1490.4			torch-2.14.0+cu130
distilgpt2	torch-compile	warm	1	69	1489.9			torch-2.14.0+cu130
distilgpt2	torch-compile	warm	1	70	1493.9			torch-2.14.0+cu130
distilgpt2	torch-compile	warm	1	71	1487.7			torch-2.14.0+cu130
distilgpt2	torch-compile	warm	1	72	1487.0			torch-2.14.0+cu130
distilgpt2	torch-compile	warm	1	73	1479.1			torch-2.14.0+cu130
distilgpt2	torch-compile	warm	1	74	1472.2			torch-2.14.0+cu130
distilgpt2	torch-compile	warm	1	75	1473.2			torch-2.14.0+cu130
distilgpt2	torch-compile	warm	1	76	1478.7			torch-2.14.0+cu130
distilgpt2	torch-compile	warm	1	77	1489.6			torch-2.14.0+cu130
distilgpt2	torch-compile	warm	1	78	1487.7			torch-2.14.0+cu130
distilgpt2	torch-compile	warm	1	79	1512.8			torch-2.14.0+cu130
distilgpt2	torch-compile	warm	1	80	1544.2			torch-2.14.0+cu130
distilgpt2	torch-compile	warm	1	81	1491.8			torch-2.14.0+cu130
distilgpt2	torch-compile	warm	1	82	1488.0			torch-2.14.0+cu130
distilgpt2	torch-compile	warm	1	83	1483.0			torch-2.14.0+cu130
distilgpt2	torch-compile	warm	1	84	1513.2			torch-2.14.0+cu130
distilgpt2	torch-compile	warm	1	85	1492.7			torch-2.14.0+cu130
distilgpt2	torch-compile	warm	1	86	1486.3			torch-2.14.0+cu130
distilgpt2	torch-compile	warm	1	87	1495.8			torch-2.14.0+cu130
distilgpt2	torch-compile	warm	1	88	1504.4			torch-2.14.0+cu130
distilgpt2	torch-compile	warm	1	89	1485.6			torch-2.14.0+cu130
distilgpt2	torch-compile	warm	1	90	1500.6			torch-2.14.0+cu130
distilgpt2	torch-compile	warm	1	91	1504.4			torch-2.14.0+cu130
distilgpt2	torch-compile	warm	1	92	1552.3			torch-2.14.0+cu130
distilgpt2	torch-compile	warm	1	93	1487.5			torch-2.14.0+cu130
distilgpt2	torch-compile	warm	1	94	1522.1			torch-2.14.0+cu130
distilgpt2	torch-compile	warm	1	95	1480.8			torch-2.14.0+cu130
distilgpt2	torch-compile	warm	1	96	1492.5			torch-2.14.0+cu130
distilgpt2	torch-compile	warm	1	97	1889.7			torch-2.14.0+cu130
distilgpt2	torch-compile	warm	1	98	1654.6			torch-2.14.0+cu130
distilgpt2	torch-compile	warm	1	99	1465.3			torch-2.14.0+cu130
distilgpt2	torch-compile	warm	1	100	1460.8			torch-2.14.0+cu130
distilgpt2	torch-compile	warm	1	101	1478.0			torch-2.14.0+cu130
distilgpt2	torch-compile	warm	1	102	1450.3			torch-2.14.0+cu130
distilgpt2	torch-compile	warm	1	103	1772.2			torch-2.14.0+cu130
distilgpt2	torch-compile	warm	1	104	1747.1			torch-2.14.0+cu130
distilgpt2	torch-compile	warm	1	105	1654.9			torch-2.14.0+cu130
distilgpt2	torch-compile	warm	1	106	1561.9			torch-2.14.0+cu130
distilgpt2	torch-compile	warm	1	107	1673.9			torch-2.14.0+cu130
distilgpt2	torch-compile	warm	1	108	1529.9			torch-2.14.0+cu130
distilgpt2	torch-compile	warm	1	109	1510.9			torch-2.14.0+cu130
distilgpt2	torch-compile	warm	1	110	1499.4			torch-2.14.0+cu130
distilgpt2	torch-compile	warm	1	111	1495.8			torch-2.14.0+cu130
distilgpt2	torch-compile	warm	1	112	1544.0			torch-2.14.0+cu130
distilgpt2	torch-compile	warm	1	113	1503.2			torch-2.14.0+cu130
distilgpt2	torch-compile	warm	1	114	1505.6			torch-2.14.0+cu130
distilgpt2	torch-compile	warm	1	115	1505.6			torch-2.14.0+cu130
distilgpt2	torch-compile	warm	1	116	1499.9			torch-2.14.0+cu130
distilgpt2	torch-compile	warm	1	117	1487.0			torch-2.14.0+cu130
distilgpt2	torch-compile	warm	1	118	1490.1			torch-2.14.0+cu130
distilgpt2	torch-compile	warm	1	119	1460.6			torch-2.14.0+cu130
distilgpt2	torch-compile	warm	1	120	1483.4			torch-2.14.0+cu130
distilgpt2	torch-compile	warm	1	121	1519.4			torch-2.14.0+cu130
distilgpt2	torch-compile	warm	1	122	1484.4			torch-2.14.0+cu130
distilgpt2	torch-compile	warm	1	123	1481.5			torch-2.14.0+cu130
distilgpt2	torch-compile	warm	1	124	1479.4			torch-2.14.0+cu130
distilgpt2	torch-compile	warm	1	125	1473.7			torch-2.14.0+cu130
distilgpt2	torch-compile	warm	1	126	1481.3			torch-2.14.0+cu130
distilgpt2	torch-compile	warm	1	127	1469.4			torch-2.14.0+cu130
distilgpt2	torch-compile	warm	1	128	1494.2			torch-2.14.0+cu130
distilgpt2	torch-compile	warm	1	129	1573.3			torch-2.14.0+cu130
distilgpt2	torch-compile	warm	1	130	1494.6			torch-2.14.0+cu130
distilgpt2	torch-compile	warm	1	131	1488.7			torch-2.14.0+cu130
distilgpt2	torch-compile	warm	1	132	1497.3			torch-2.14.0+cu130
distilgpt2	torch-compile	warm	1	133	1469.4			torch-2.14.0+cu130
distilgpt2	torch-compile	warm	1	134	1498.5			torch-2.14.0+cu130
distilgpt2	torch-compile	warm	1	135	1477.2			torch-2.14.0+cu130
distilgpt2	torch-compile	warm	1	136	1482.5			torch-2.14.0+cu130
distilgpt2	torch-compile	warm	1	137	1482.0			torch-2.14.0+cu130
distilgpt2	torch-compile	warm	1	138	1467.5			torch-2.14.0+cu130
distilgpt2	torch-compile	warm	1	139	1495.1			torch-2.14.0+cu130
distilgpt2	torch-compile	warm	1	140	1506.6			torch-2.14.0+cu130
distilgpt2	torch-compile	warm	1	141	1478.4			torch-2.14.0+cu130
distilgpt2	torch-compile	warm	1	142	1494.9			torch-2.14.0+cu130
distilgpt2	torch-compile	warm	1	143	1467.2			torch-2.14.0+cu130
distilgpt2	torch-compile	warm	1	144	1478.9			torch-2.14.0+cu130
distilgpt2	torch-compile	warm	1	145	1512.1			torch-2.14.0+cu130
distilgpt2	torch-compile	warm	1	146	1498.0			torch-2.14.0+cu130
distilgpt2	torch-compile	warm	1	147	1533.0			torch-2.14.0+cu130
distilgpt2	torch-compile	warm	1	148	1480.8			torch-2.14.0+cu130
distilgpt2	torch-compile	warm	1	149	1464.1			torch-2.14.0+cu130
distilgpt2	torch-compile	warm	1	150	1510.6			torch-2.14.0+cu130
distilgpt2	torch-compile	warm	1	151	1489.6			torch-2.14.0+cu130
distilgpt2	torch-compile	warm	1	152	1482.2			torch-2.14.0+cu130
distilgpt2	torch-compile	warm	1	153	1514.2			torch-2.14.0+cu130
distilgpt2	torch-compile	warm	1	154	1509.0			torch-2.14.0+cu130
distilgpt2	torch-compile	warm	1	155	1482.5			torch-2.14.0+cu130
distilgpt2	torch-compile	warm	1	156	1529.7			torch-2.14.0+cu130
distilgpt2	torch-compile	warm	1	157	1471.3			torch-2.14.0+cu130
distilgpt2	torch-compile	warm	1	158	1570.2			torch-2.14.0+cu130
distilgpt2	torch-compile	warm	1	159	1511.8			torch-2.14.0+cu130
distilgpt2	torch-compile	warm	1	160	1472.2			torch-2.14.0+cu130
distilgpt2	torch-compile	warm	1	161	1503.5			torch-2.14.0+cu130
distilgpt2	torch-compile	warm	1	162	1502.5			torch-2.14.0+cu130
distilgpt2	torch-compile	warm	1	163	1502.3			torch-2.14.0+cu130
distilgpt2	torch-compile	warm	1	164	1485.3			torch-2.14.0+cu130
distilgpt2	torch-compile	warm	1	165	1475.8			torch-2.14.0+cu130
distilgpt2	torch-compile	warm	1	166	1535.2			torch-2.14.0+cu130
distilgpt2	torch-compile	warm	1	167	1475.1			torch-2.14.0+cu130
distilgpt2	torch-compile	warm	1	168	1469.6			torch-2.14.0+cu130
distilgpt2	torch-compile	warm	1	169	1484.9			torch-2.14.0+cu130
distilgpt2	torch-compile	warm	1	170	1480.3			torch-2.14.0+cu130
distilgpt2	torch-compile	warm	1	171	1478.7			torch-2.14.0+cu130
distilgpt2	torch-compile	warm	1	172	1468.7			torch-2.14.0+cu130
distilgpt2	torch-compile	warm	1	173	1487.0			torch-2.14.0+cu130
distilgpt2	torch-compile	warm	1	174	1528.5			torch-2.14.0+cu130
distilgpt2	torch-compile	warm	1	175	1523.3			torch-2.14.0+cu130
distilgpt2	torch-compile	warm	1	176	1499.4			torch-2.14.0+cu130
distilgpt2	torch-compile	warm	1	177	1471.5			torch-2.14.0+cu130
distilgpt2	torch-compile	warm	1	178	1516.3			torch-2.14.0+cu130
distilgpt2	torch-compile	warm	1	179	1476.3			torch-2.14.0+cu130
distilgpt2	torch-compile	warm	1	180	1464.1			torch-2.14.0+cu130
distilgpt2	torch-compile	warm	1	181	1496.8			torch-2.14.0+cu130
distilgpt2	torch-compile	warm	1	182	1522.5			torch-2.14.0+cu130
distilgpt2	torch-compile	warm	1	183	1493.9			torch-2.14.0+cu130
distilgpt2	torch-compile	warm	1	184	1476.8			torch-2.14.0+cu130
distilgpt2	torch-compile	warm	1	185	1476.3			torch-2.14.0+cu130
distilgpt2	torch-compile	warm	1	186	1472.5			torch-2.14.0+cu130
distilgpt2	torch-compile	warm	1	187	1485.8			torch-2.14.0+cu130
distilgpt2	torch-compile	warm	1	188	1463.9			torch-2.14.0+cu130
distilgpt2	torch-compile	warm	1	189	1493.2			torch-2.14.0+cu130
distilgpt2	torch-compile	warm	1	190	1461.0			torch-2.14.0+cu130
distilgpt2	torch-compile	warm	1	191	1522.5			torch-2.14.0+cu130
distilgpt2	torch-compile	warm	1	192	1523.0			torch-2.14.0+cu130
distilgpt2	torch-compile	warm	1	193	1482.0			torch-2.14.0+cu130
distilgpt2	torch-compile	warm	1	194	1471.0			torch-2.14.0+cu130
distilgpt2	torch-compile	warm	1	195	1498.5			torch-2.14.0+cu130
distilgpt2	torch-compile	warm	1	196	1483.2			torch-2.14.0+cu130
distilgpt2	torch-compile	warm	1	197	1457.5			torch-2.14.0+cu130
distilgpt2	torch-compile	warm	1	198	1494.4			torch-2.14.0+cu130
distilgpt2	torch-compile	warm	1	199	1487.5			torch-2.14.0+cu130
distilgpt2	torch-compile	warm	1	200	1474.4			torch-2.14.0+cu130
distilgpt2	torch-compile	warm	1	201	1552.1			torch-2.14.0+cu130
distilgpt2	torch-compile	warm	1	202	1504.7			torch-2.14.0+cu130
distilgpt2	torch-compile	warm	1	203	1472.0			torch-2.14.0+cu130
distilgpt2	torch-compile	warm	1	204	1516.1			torch-2.14.0+cu130
distilgpt2	torch-compile	warm	1	205	1499.7			torch-2.14.0+cu130
distilgpt2	torch-compile	warm	1	206	1515.9			torch-2.14.0+cu130
distilgpt2	torch-compile	warm	1	207	1492.3			torch-2.14.0+cu130
distilgpt2	torch-compile	warm	1	208	1506.8			torch-2.14.0+cu130
distilgpt2	torch-compile	warm	1	209	1486.8			torch-2.14.0+cu130
distilgpt2	torch-compile	warm	1	210	1507.0			torch-2.14.0+cu130
distilgpt2	torch-compile	warm	1	211	1490.4			torch-2.14.0+cu130
distilgpt2	torch-compile	warm	1	212	1488.4			torch-2.14.0+cu130
distilgpt2	torch-compile	warm	1	213	1486.8			torch-2.14.0+cu130
distilgpt2	torch-compile	warm	1	214	1479.4			torch-2.14.0+cu130
distilgpt2	torch-compile	warm	1	215	1474.1			torch-2.14.0+cu130
distilgpt2	torch-compile	warm	1	216	1469.4			torch-2.14.0+cu130
distilgpt2	torch-compile	warm	1	217	1479.9			torch-2.14.0+cu130
distilgpt2	torch-compile	warm	1	218	1511.1			torch-2.14.0+cu130
distilgpt2	torch-compile	warm	1	219	1473.7			torch-2.14.0+cu130
distilgpt2	torch-compile	warm	1	220	1463.4			torch-2.14.0+cu130
distilgpt2	torch-compile	warm	1	221	1491.3			torch-2.14.0+cu130
distilgpt2	torch-compile	warm	1	222	1470.6			torch-2.14.0+cu130
distilgpt2	torch-compile	warm	1	223	1477.2			torch-2.14.0+cu130
distilgpt2	torch-compile	warm	1	224	1472.2			torch-2.14.0+cu130
distilgpt2	torch-compile	warm	1	225	1462.7			torch-2.14.0+cu130
distilgpt2	torch-compile	warm	1	226	1475.6			torch-2.14.0+cu130
distilgpt2	torch-compile	warm	1	227	1483.9			torch-2.14.0+cu130
distilgpt2	torch-compile	warm	1	228	1494.6			torch-2.14.0+cu130
distilgpt2	torch-compile	warm	1	229	1468.4			torch-2.14.0+cu130
distilgpt2	torch-compile	warm	1	230	1472.9			torch-2.14.0+cu130
distilgpt2	torch-compile	warm	1	231	1479.1			torch-2.14.0+cu130
distilgpt2	torch-compile	warm	1	232	1467.7			torch-2.14.0+cu130
distilgpt2	torch-compile	warm	1	233	1480.1			torch-2.14.0+cu130
distilgpt2	torch-compile	warm	1	234	1482.2			torch-2.14.0+cu130
distilgpt2	torch-compile	warm	1	235	1506.8			torch-2.14.0+cu130
distilgpt2	torch-compile	warm	1	236	1522.5			torch-2.14.0+cu130
distilgpt2	torch-compile	warm	1	237	1457.2			torch-2.14.0+cu130
distilgpt2	torch-compile	warm	1	238	1467.9			torch-2.14.0+cu130
distilgpt2	torch-compile	warm	1	239	1469.9			torch-2.14.0+cu130
distilgpt2	torch-compile	warm	1	240	1549.0			torch-2.14.0+cu130
distilgpt2	torch-compile	warm	1	241	1485.8			torch-2.14.0+cu130
distilgpt2	torch-compile	warm	1	242	1475.1			torch-2.14.0+cu130
distilgpt2	torch-compile	warm	1	243	1517.1			torch-2.14.0+cu130
distilgpt2	torch-compile	warm	1	244	1477.5			torch-2.14.0+cu130
distilgpt2	torch-compile	warm	1	245	1511.3			torch-2.14.0+cu130
distilgpt2	torch-compile	warm	1	246	1532.8			torch-2.14.0+cu130
distilgpt2	torch-compile	warm	1	247	1472.2			torch-2.14.0+cu130
distilgpt2	torch-compile	warm	1	248	1470.1			torch-2.14.0+cu130
distilgpt2	torch-compile	warm	1	249	1461.5			torch-2.14.0+cu130
distilgpt2	torch-compile	warm	1	250	1489.4			torch-2.14.0+cu130
distilgpt2	torch-compile	warm	1	251	1541.4			torch-2.14.0+cu130
distilgpt2	torch-compile	warm	1	252	1480.1			torch-2.14.0+cu130
distilgpt2	torch-compile	warm	1	253	1730.9			torch-2.14.0+cu130
distilgpt2	torch-compile	warm	1	254	1677.3			torch-2.14.0+cu130
distilgpt2	torch-compile	warm	1	255	1520.2			torch-2.14.0+cu130
distilgpt2	torch-compile	warm	1	256	1472.5			torch-2.14.0+cu130
distilgpt2	torch-compile	warm	1	257	1472.7			torch-2.14.0+cu130
distilgpt2	torch-compile	warm	1	258	1565.7			torch-2.14.0+cu130
distilgpt2	torch-compile	warm	1	259	1505.9			torch-2.14.0+cu130
distilgpt2	torch-compile	warm	1	260	1505.9			torch-2.14.0+cu130
distilgpt2	torch-compile	warm	1	261	1501.6			torch-2.14.0+cu130
distilgpt2	torch-compile	warm	1	262	1492.5			torch-2.14.0+cu130
distilgpt2	torch-compile	warm	1	263	1471.8			torch-2.14.0+cu130
distilgpt2	torch-compile	warm	1	264	1469.6			torch-2.14.0+cu130
distilgpt2	torch-compile	warm	1	265	1483.0			torch-2.14.0+cu130
distilgpt2	torch-compile	warm	1	266	1468.9			torch-2.14.0+cu130
distilgpt2	torch-compile	warm	1	267	1477.5			torch-2.14.0+cu130
distilgpt2	torch-compile	warm	1	268	1459.6			torch-2.14.0+cu130
distilgpt2	torch-compile	warm	1	269	1485.8			torch-2.14.0+cu130
distilgpt2	torch-compile	warm	1	270	1479.6			torch-2.14.0+cu130
distilgpt2	torch-compile	warm	1	271	1474.9			torch-2.14.0+cu130
distilgpt2	torch-compile	warm	1	272	1463.7			torch-2.14.0+cu130
distilgpt2	torch-compile	warm	1	273	1497.5			torch-2.14.0+cu130
distilgpt2	torch-compile	warm	1	274	1470.8			torch-2.14.0+cu130
distilgpt2	torch-compile	warm	1	275	1519.7			torch-2.14.0+cu130
distilgpt2	torch-compile	warm	1	276	1497.3			torch-2.14.0+cu130
distilgpt2	torch-compile	warm	1	277	1479.6			torch-2.14.0+cu130
distilgpt2	torch-compile	warm	1	278	1482.0			torch-2.14.0+cu130
distilgpt2	torch-compile	warm	1	279	1547.1			torch-2.14.0+cu130
distilgpt2	torch-compile	warm	1	280	1461.0			torch-2.14.0+cu130
distilgpt2	torch-compile	warm	1	281	1475.8			torch-2.14.0+cu130
distilgpt2	torch-compile	warm	1	282	1460.3			torch-2.14.0+cu130
distilgpt2	torch-compile	warm	1	283	1525.4			torch-2.14.0+cu130
distilgpt2	torch-compile	warm	1	284	1483.7			torch-2.14.0+cu130
distilgpt2	torch-compile	warm	1	285	1464.8			torch-2.14.0+cu130
distilgpt2	torch-compile	warm	1	286	1472.2			torch-2.14.0+cu130
distilgpt2	torch-compile	warm	1	287	1530.2			torch-2.14.0+cu130
distilgpt2	torch-compile	warm	1	288	1461.3			torch-2.14.0+cu130
distilgpt2	torch-compile	warm	1	289	1482.5			torch-2.14.0+cu130
distilgpt2	torch-compile	warm	1	290	1498.7			torch-2.14.0+cu130
distilgpt2	torch-compile	warm	1	291	1526.8			torch-2.14.0+cu130
distilgpt2	torch-compile	warm	1	292	1488.7			torch-2.14.0+cu130
distilgpt2	torch-compile	warm	1	293	1480.6			torch-2.14.0+cu130
distilgpt2	torch-compile	warm	1	294	1480.1			torch-2.14.0+cu130
distilgpt2	torch-compile	warm	1	295	1545.7			torch-2.14.0+cu130
distilgpt2	torch-compile	warm	1	296	1467.5			torch-2.14.0+cu130
distilgpt2	torch-compile	warm	1	297	1488.4			torch-2.14.0+cu130
distilgpt2	torch-compile	warm	1	298	1508.5			torch-2.14.0+cu130
distilgpt2	torch-compile	warm	1	299	1464.6			torch-2.14.0+cu130
distilgpt2	torch-compile-ro	warm	1	0	1660548.0			torch-2.14.0+cu130
distilgpt2	torch-compile-ro	warm	1	1	33952.5			torch-2.14.0+cu130
distilgpt2	torch-compile-ro	warm	1	2	1708.0			torch-2.14.0+cu130
distilgpt2	torch-compile-ro	warm	1	3	1430.5			torch-2.14.0+cu130
distilgpt2	torch-compile-ro	warm	1	4	1413.3			torch-2.14.0+cu130
distilgpt2	torch-compile-ro	warm	1	5	1416.7			torch-2.14.0+cu130
distilgpt2	torch-compile-ro	warm	1	6	1369.2			torch-2.14.0+cu130
distilgpt2	torch-compile-ro	warm	1	7	1389.3			torch-2.14.0+cu130
distilgpt2	torch-compile-ro	warm	1	8	1381.2			torch-2.14.0+cu130
distilgpt2	torch-compile-ro	warm	1	9	1388.3			torch-2.14.0+cu130
distilgpt2	torch-compile-ro	warm	1	10	1375.7			torch-2.14.0+cu130
distilgpt2	torch-compile-ro	warm	1	11	1378.1			torch-2.14.0+cu130
distilgpt2	torch-compile-ro	warm	1	12	1391.9			torch-2.14.0+cu130
distilgpt2	torch-compile-ro	warm	1	13	1368.8			torch-2.14.0+cu130
distilgpt2	torch-compile-ro	warm	1	14	1376.4			torch-2.14.0+cu130
distilgpt2	torch-compile-ro	warm	1	15	1365.7			torch-2.14.0+cu130
distilgpt2	torch-compile-ro	warm	1	16	1372.6			torch-2.14.0+cu130
distilgpt2	torch-compile-ro	warm	1	17	1364.7			torch-2.14.0+cu130
distilgpt2	torch-compile-ro	warm	1	18	1366.6			torch-2.14.0+cu130
distilgpt2	torch-compile-ro	warm	1	19	1370.2			torch-2.14.0+cu130
distilgpt2	torch-compile-ro	warm	1	20	1395.7			torch-2.14.0+cu130
distilgpt2	torch-compile-ro	warm	1	21	1373.5			torch-2.14.0+cu130
distilgpt2	torch-compile-ro	warm	1	22	1399.5			torch-2.14.0+cu130
distilgpt2	torch-compile-ro	warm	1	23	1375.2			torch-2.14.0+cu130
distilgpt2	torch-compile-ro	warm	1	24	1369.2			torch-2.14.0+cu130
distilgpt2	torch-compile-ro	warm	1	25	1403.8			torch-2.14.0+cu130
distilgpt2	torch-compile-ro	warm	1	26	1394.7			torch-2.14.0+cu130
distilgpt2	torch-compile-ro	warm	1	27	1411.4			torch-2.14.0+cu130
distilgpt2	torch-compile-ro	warm	1	28	1397.6			torch-2.14.0+cu130
distilgpt2	torch-compile-ro	warm	1	29	1366.9			torch-2.14.0+cu130
distilgpt2	torch-compile-ro	warm	1	30	1375.9			torch-2.14.0+cu130
distilgpt2	torch-compile-ro	warm	1	31	1392.4			torch-2.14.0+cu130
distilgpt2	torch-compile-ro	warm	1	32	1357.3			torch-2.14.0+cu130
distilgpt2	torch-compile-ro	warm	1	33	1355.2			torch-2.14.0+cu130
distilgpt2	torch-compile-ro	warm	1	34	1378.8			torch-2.14.0+cu130
distilgpt2	torch-compile-ro	warm	1	35	1368.5			torch-2.14.0+cu130
distilgpt2	torch-compile-ro	warm	1	36	1349.9			torch-2.14.0+cu130
distilgpt2	torch-compile-ro	warm	1	37	1419.5			torch-2.14.0+cu130
distilgpt2	torch-compile-ro	warm	1	38	1363.5			torch-2.14.0+cu130
distilgpt2	torch-compile-ro	warm	1	39	1383.5			torch-2.14.0+cu130
distilgpt2	torch-compile-ro	warm	1	40	1411.4			torch-2.14.0+cu130
distilgpt2	torch-compile-ro	warm	1	41	1374.5			torch-2.14.0+cu130
distilgpt2	torch-compile-ro	warm	1	42	1391.9			torch-2.14.0+cu130
distilgpt2	torch-compile-ro	warm	1	43	1391.4			torch-2.14.0+cu130
distilgpt2	torch-compile-ro	warm	1	44	1394.7			torch-2.14.0+cu130
distilgpt2	torch-compile-ro	warm	1	45	1376.4			torch-2.14.0+cu130
distilgpt2	torch-compile-ro	warm	1	46	1383.3			torch-2.14.0+cu130
distilgpt2	torch-compile-ro	warm	1	47	1362.6			torch-2.14.0+cu130
distilgpt2	torch-compile-ro	warm	1	48	1369.2			torch-2.14.0+cu130
distilgpt2	torch-compile-ro	warm	1	49	1363.8			torch-2.14.0+cu130
distilgpt2	torch-compile-ro	warm	1	50	1425.5			torch-2.14.0+cu130
distilgpt2	torch-compile-ro	warm	1	51	1357.8			torch-2.14.0+cu130
distilgpt2	torch-compile-ro	warm	1	52	1394.0			torch-2.14.0+cu130
distilgpt2	torch-compile-ro	warm	1	53	1373.5			torch-2.14.0+cu130
distilgpt2	torch-compile-ro	warm	1	54	1358.7			torch-2.14.0+cu130
distilgpt2	torch-compile-ro	warm	1	55	1383.8			torch-2.14.0+cu130
distilgpt2	torch-compile-ro	warm	1	56	1379.7			torch-2.14.0+cu130
distilgpt2	torch-compile-ro	warm	1	57	1386.9			torch-2.14.0+cu130
distilgpt2	torch-compile-ro	warm	1	58	1367.6			torch-2.14.0+cu130
distilgpt2	torch-compile-ro	warm	1	59	1407.4			torch-2.14.0+cu130
distilgpt2	torch-compile-ro	warm	1	60	1387.4			torch-2.14.0+cu130
distilgpt2	torch-compile-ro	warm	1	61	1422.2			torch-2.14.0+cu130
distilgpt2	torch-compile-ro	warm	1	62	1385.5			torch-2.14.0+cu130
distilgpt2	torch-compile-ro	warm	1	63	1364.5			torch-2.14.0+cu130
distilgpt2	torch-compile-ro	warm	1	64	1363.3			torch-2.14.0+cu130
distilgpt2	torch-compile-ro	warm	1	65	1363.3			torch-2.14.0+cu130
distilgpt2	torch-compile-ro	warm	1	66	1391.9			torch-2.14.0+cu130
distilgpt2	torch-compile-ro	warm	1	67	1370.2			torch-2.14.0+cu130
distilgpt2	torch-compile-ro	warm	1	68	1394.7			torch-2.14.0+cu130
distilgpt2	torch-compile-ro	warm	1	69	1395.0			torch-2.14.0+cu130
distilgpt2	torch-compile-ro	warm	1	70	1363.3			torch-2.14.0+cu130
distilgpt2	torch-compile-ro	warm	1	71	1389.5			torch-2.14.0+cu130
distilgpt2	torch-compile-ro	warm	1	72	1363.8			torch-2.14.0+cu130
distilgpt2	torch-compile-ro	warm	1	73	1402.4			torch-2.14.0+cu130
distilgpt2	torch-compile-ro	warm	1	74	1384.0			torch-2.14.0+cu130
distilgpt2	torch-compile-ro	warm	1	75	1379.0			torch-2.14.0+cu130
distilgpt2	torch-compile-ro	warm	1	76	1359.2			torch-2.14.0+cu130
distilgpt2	torch-compile-ro	warm	1	77	1377.1			torch-2.14.0+cu130
distilgpt2	torch-compile-ro	warm	1	78	1380.2			torch-2.14.0+cu130
distilgpt2	torch-compile-ro	warm	1	79	1356.8			torch-2.14.0+cu130
distilgpt2	torch-compile-ro	warm	1	80	1364.7			torch-2.14.0+cu130
distilgpt2	torch-compile-ro	warm	1	81	1354.2			torch-2.14.0+cu130
distilgpt2	torch-compile-ro	warm	1	82	1398.1			torch-2.14.0+cu130
distilgpt2	torch-compile-ro	warm	1	83	1390.5			torch-2.14.0+cu130
distilgpt2	torch-compile-ro	warm	1	84	1358.5			torch-2.14.0+cu130
distilgpt2	torch-compile-ro	warm	1	85	1357.6			torch-2.14.0+cu130
distilgpt2	torch-compile-ro	warm	1	86	1352.5			torch-2.14.0+cu130
distilgpt2	torch-compile-ro	warm	1	87	1379.3			torch-2.14.0+cu130
distilgpt2	torch-compile-ro	warm	1	88	1368.3			torch-2.14.0+cu130
distilgpt2	torch-compile-ro	warm	1	89	1386.2			torch-2.14.0+cu130
distilgpt2	torch-compile-ro	warm	1	90	1385.7			torch-2.14.0+cu130
distilgpt2	torch-compile-ro	warm	1	91	1399.3			torch-2.14.0+cu130
distilgpt2	torch-compile-ro	warm	1	92	1366.1			torch-2.14.0+cu130
distilgpt2	torch-compile-ro	warm	1	93	1393.1			torch-2.14.0+cu130
distilgpt2	torch-compile-ro	warm	1	94	1366.9			torch-2.14.0+cu130
distilgpt2	torch-compile-ro	warm	1	95	1350.4			torch-2.14.0+cu130
distilgpt2	torch-compile-ro	warm	1	96	1371.9			torch-2.14.0+cu130
distilgpt2	torch-compile-ro	warm	1	97	1372.6			torch-2.14.0+cu130
distilgpt2	torch-compile-ro	warm	1	98	1380.2			torch-2.14.0+cu130
distilgpt2	torch-compile-ro	warm	1	99	1377.1			torch-2.14.0+cu130
distilgpt2	torch-compile-ro	warm	1	100	1365.4			torch-2.14.0+cu130
distilgpt2	torch-compile-ro	warm	1	101	1363.8			torch-2.14.0+cu130
distilgpt2	torch-compile-ro	warm	1	102	1356.4			torch-2.14.0+cu130
distilgpt2	torch-compile-ro	warm	1	103	1351.6			torch-2.14.0+cu130
distilgpt2	torch-compile-ro	warm	1	104	1351.4			torch-2.14.0+cu130
distilgpt2	torch-compile-ro	warm	1	105	1402.6			torch-2.14.0+cu130
distilgpt2	torch-compile-ro	warm	1	106	1368.3			torch-2.14.0+cu130
distilgpt2	torch-compile-ro	warm	1	107	1410.7			torch-2.14.0+cu130
distilgpt2	torch-compile-ro	warm	1	108	1346.1			torch-2.14.0+cu130
distilgpt2	torch-compile-ro	warm	1	109	1372.1			torch-2.14.0+cu130
distilgpt2	torch-compile-ro	warm	1	110	1381.2			torch-2.14.0+cu130
distilgpt2	torch-compile-ro	warm	1	111	1419.3			torch-2.14.0+cu130
distilgpt2	torch-compile-ro	warm	1	112	1367.6			torch-2.14.0+cu130
distilgpt2	torch-compile-ro	warm	1	113	1363.5			torch-2.14.0+cu130
distilgpt2	torch-compile-ro	warm	1	114	1432.4			torch-2.14.0+cu130
distilgpt2	torch-compile-ro	warm	1	115	1392.1			torch-2.14.0+cu130
distilgpt2	torch-compile-ro	warm	1	116	1369.5			torch-2.14.0+cu130
distilgpt2	torch-compile-ro	warm	1	117	1370.4			torch-2.14.0+cu130
distilgpt2	torch-compile-ro	warm	1	118	1356.6			torch-2.14.0+cu130
distilgpt2	torch-compile-ro	warm	1	119	1388.5			torch-2.14.0+cu130
distilgpt2	torch-compile-ro	warm	1	120	1374.7			torch-2.14.0+cu130
distilgpt2	torch-compile-ro	warm	1	121	1356.8			torch-2.14.0+cu130
distilgpt2	torch-compile-ro	warm	1	122	1383.1			torch-2.14.0+cu130
distilgpt2	torch-compile-ro	warm	1	123	1362.8			torch-2.14.0+cu130
distilgpt2	torch-compile-ro	warm	1	124	1385.5			torch-2.14.0+cu130
distilgpt2	torch-compile-ro	warm	1	125	1375.0			torch-2.14.0+cu130
distilgpt2	torch-compile-ro	warm	1	126	1355.2			torch-2.14.0+cu130
distilgpt2	torch-compile-ro	warm	1	127	1359.2			torch-2.14.0+cu130
distilgpt2	torch-compile-ro	warm	1	128	1361.8			torch-2.14.0+cu130
distilgpt2	torch-compile-ro	warm	1	129	1351.8			torch-2.14.0+cu130
distilgpt2	torch-compile-ro	warm	1	130	1376.9			torch-2.14.0+cu130
distilgpt2	torch-compile-ro	warm	1	131	1393.6			torch-2.14.0+cu130
distilgpt2	torch-compile-ro	warm	1	132	1367.3			torch-2.14.0+cu130
distilgpt2	torch-compile-ro	warm	1	133	1370.7			torch-2.14.0+cu130
distilgpt2	torch-compile-ro	warm	1	134	1360.9			torch-2.14.0+cu130
distilgpt2	torch-compile-ro	warm	1	135	1385.2			torch-2.14.0+cu130
distilgpt2	torch-compile-ro	warm	1	136	1369.7			torch-2.14.0+cu130
distilgpt2	torch-compile-ro	warm	1	137	1390.2			torch-2.14.0+cu130
distilgpt2	torch-compile-ro	warm	1	138	1367.1			torch-2.14.0+cu130
distilgpt2	torch-compile-ro	warm	1	139	1358.3			torch-2.14.0+cu130
distilgpt2	torch-compile-ro	warm	1	140	1383.3			torch-2.14.0+cu130
distilgpt2	torch-compile-ro	warm	1	141	1356.6			torch-2.14.0+cu130
distilgpt2	torch-compile-ro	warm	1	142	1360.7			torch-2.14.0+cu130
distilgpt2	torch-compile-ro	warm	1	143	1380.9			torch-2.14.0+cu130
distilgpt2	torch-compile-ro	warm	1	144	1372.3			torch-2.14.0+cu130
distilgpt2	torch-compile-ro	warm	1	145	1359.5			torch-2.14.0+cu130
distilgpt2	torch-compile-ro	warm	1	146	1367.3			torch-2.14.0+cu130
distilgpt2	torch-compile-ro	warm	1	147	1394.0			torch-2.14.0+cu130
distilgpt2	torch-compile-ro	warm	1	148	1372.8			torch-2.14.0+cu130
distilgpt2	torch-compile-ro	warm	1	149	1353.7			torch-2.14.0+cu130
distilgpt2	torch-compile-ro	warm	1	150	1356.6			torch-2.14.0+cu130
distilgpt2	torch-compile-ro	warm	1	151	1393.8			torch-2.14.0+cu130
distilgpt2	torch-compile-ro	warm	1	152	1362.6			torch-2.14.0+cu130
distilgpt2	torch-compile-ro	warm	1	153	1384.5			torch-2.14.0+cu130
distilgpt2	torch-compile-ro	warm	1	154	1379.7			torch-2.14.0+cu130
distilgpt2	torch-compile-ro	warm	1	155	1352.8			torch-2.14.0+cu130
distilgpt2	torch-compile-ro	warm	1	156	1371.4			torch-2.14.0+cu130
distilgpt2	torch-compile-ro	warm	1	157	1368.5			torch-2.14.0+cu130
distilgpt2	torch-compile-ro	warm	1	158	1389.3			torch-2.14.0+cu130
distilgpt2	torch-compile-ro	warm	1	159	1371.4			torch-2.14.0+cu130
distilgpt2	torch-compile-ro	warm	1	160	1356.4			torch-2.14.0+cu130
distilgpt2	torch-compile-ro	warm	1	161	1385.7			torch-2.14.0+cu130
distilgpt2	torch-compile-ro	warm	1	162	1363.5			torch-2.14.0+cu130
distilgpt2	torch-compile-ro	warm	1	163	1380.2			torch-2.14.0+cu130
distilgpt2	torch-compile-ro	warm	1	164	1351.1			torch-2.14.0+cu130
distilgpt2	torch-compile-ro	warm	1	165	1355.4			torch-2.14.0+cu130
distilgpt2	torch-compile-ro	warm	1	166	1356.6			torch-2.14.0+cu130
distilgpt2	torch-compile-ro	warm	1	167	1356.8			torch-2.14.0+cu130
distilgpt2	torch-compile-ro	warm	1	168	1369.2			torch-2.14.0+cu130
distilgpt2	torch-compile-ro	warm	1	169	1363.0			torch-2.14.0+cu130
distilgpt2	torch-compile-ro	warm	1	170	1386.4			torch-2.14.0+cu130
distilgpt2	torch-compile-ro	warm	1	171	1408.8			torch-2.14.0+cu130
distilgpt2	torch-compile-ro	warm	1	172	1359.9			torch-2.14.0+cu130
distilgpt2	torch-compile-ro	warm	1	173	1378.3			torch-2.14.0+cu130
distilgpt2	torch-compile-ro	warm	1	174	1348.0			torch-2.14.0+cu130
distilgpt2	torch-compile-ro	warm	1	175	1352.3			torch-2.14.0+cu130
distilgpt2	torch-compile-ro	warm	1	176	1352.8			torch-2.14.0+cu130
distilgpt2	torch-compile-ro	warm	1	177	1362.3			torch-2.14.0+cu130
distilgpt2	torch-compile-ro	warm	1	178	1372.3			torch-2.14.0+cu130
distilgpt2	torch-compile-ro	warm	1	179	1387.1			torch-2.14.0+cu130
distilgpt2	torch-compile-ro	warm	1	180	1374.5			torch-2.14.0+cu130
distilgpt2	torch-compile-ro	warm	1	181	1354.2			torch-2.14.0+cu130
distilgpt2	torch-compile-ro	warm	1	182	1391.6			torch-2.14.0+cu130
distilgpt2	torch-compile-ro	warm	1	183	1350.4			torch-2.14.0+cu130
distilgpt2	torch-compile-ro	warm	1	184	1370.2			torch-2.14.0+cu130
distilgpt2	torch-compile-ro	warm	1	185	1381.4			torch-2.14.0+cu130
distilgpt2	torch-compile-ro	warm	1	186	1416.4			torch-2.14.0+cu130
distilgpt2	torch-compile-ro	warm	1	187	1376.6			torch-2.14.0+cu130
distilgpt2	torch-compile-ro	warm	1	188	1364.7			torch-2.14.0+cu130
distilgpt2	torch-compile-ro	warm	1	189	1386.6			torch-2.14.0+cu130
distilgpt2	torch-compile-ro	warm	1	190	1368.5			torch-2.14.0+cu130
distilgpt2	torch-compile-ro	warm	1	191	1387.8			torch-2.14.0+cu130
distilgpt2	torch-compile-ro	warm	1	192	1384.3			torch-2.14.0+cu130
distilgpt2	torch-compile-ro	warm	1	193	1355.9			torch-2.14.0+cu130
distilgpt2	torch-compile-ro	warm	1	194	1366.4			torch-2.14.0+cu130
distilgpt2	torch-compile-ro	warm	1	195	1370.7			torch-2.14.0+cu130
distilgpt2	torch-compile-ro	warm	1	196	1362.3			torch-2.14.0+cu130
distilgpt2	torch-compile-ro	warm	1	197	1375.9			torch-2.14.0+cu130
distilgpt2	torch-compile-ro	warm	1	198	1367.6			torch-2.14.0+cu130
distilgpt2	torch-compile-ro	warm	1	199	1362.8			torch-2.14.0+cu130
distilgpt2	torch-compile-ro	warm	1	200	1366.4			torch-2.14.0+cu130
distilgpt2	torch-compile-ro	warm	1	201	1386.6			torch-2.14.0+cu130
distilgpt2	torch-compile-ro	warm	1	202	1411.2			torch-2.14.0+cu130
distilgpt2	torch-compile-ro	warm	1	203	1370.0			torch-2.14.0+cu130
distilgpt2	torch-compile-ro	warm	1	204	1362.6			torch-2.14.0+cu130
distilgpt2	torch-compile-ro	warm	1	205	1427.4			torch-2.14.0+cu130
distilgpt2	torch-compile-ro	warm	1	206	1364.0			torch-2.14.0+cu130
distilgpt2	torch-compile-ro	warm	1	207	1374.7			torch-2.14.0+cu130
distilgpt2	torch-compile-ro	warm	1	208	1366.1			torch-2.14.0+cu130
distilgpt2	torch-compile-ro	warm	1	209	1356.6			torch-2.14.0+cu130
distilgpt2	torch-compile-ro	warm	1	210	1373.5			torch-2.14.0+cu130
distilgpt2	torch-compile-ro	warm	1	211	1364.5			torch-2.14.0+cu130
distilgpt2	torch-compile-ro	warm	1	212	1362.1			torch-2.14.0+cu130
distilgpt2	torch-compile-ro	warm	1	213	1382.1			torch-2.14.0+cu130
distilgpt2	torch-compile-ro	warm	1	214	1361.6			torch-2.14.0+cu130
distilgpt2	torch-compile-ro	warm	1	215	1363.8			torch-2.14.0+cu130
distilgpt2	torch-compile-ro	warm	1	216	1361.8			torch-2.14.0+cu130
distilgpt2	torch-compile-ro	warm	1	217	1364.0			torch-2.14.0+cu130
distilgpt2	torch-compile-ro	warm	1	218	1360.2			torch-2.14.0+cu130
distilgpt2	torch-compile-ro	warm	1	219	1368.5			torch-2.14.0+cu130
distilgpt2	torch-compile-ro	warm	1	220	1385.0			torch-2.14.0+cu130
distilgpt2	torch-compile-ro	warm	1	221	1365.9			torch-2.14.0+cu130
distilgpt2	torch-compile-ro	warm	1	222	1398.3			torch-2.14.0+cu130
distilgpt2	torch-compile-ro	warm	1	223	1368.5			torch-2.14.0+cu130
distilgpt2	torch-compile-ro	warm	1	224	1421.5			torch-2.14.0+cu130
distilgpt2	torch-compile-ro	warm	1	225	1380.7			torch-2.14.0+cu130
distilgpt2	torch-compile-ro	warm	1	226	1365.2			torch-2.14.0+cu130
distilgpt2	torch-compile-ro	warm	1	227	1398.1			torch-2.14.0+cu130
distilgpt2	torch-compile-ro	warm	1	228	1370.9			torch-2.14.0+cu130
distilgpt2	torch-compile-ro	warm	1	229	1384.0			torch-2.14.0+cu130
distilgpt2	torch-compile-ro	warm	1	230	1365.9			torch-2.14.0+cu130
distilgpt2	torch-compile-ro	warm	1	231	1383.1			torch-2.14.0+cu130
distilgpt2	torch-compile-ro	warm	1	232	1386.4			torch-2.14.0+cu130
distilgpt2	torch-compile-ro	warm	1	233	1329.7			torch-2.14.0+cu130
distilgpt2	torch-compile-ro	warm	1	234	1347.1			torch-2.14.0+cu130
distilgpt2	torch-compile-ro	warm	1	235	1338.2			torch-2.14.0+cu130
distilgpt2	torch-compile-ro	warm	1	236	1331.8			torch-2.14.0+cu130
distilgpt2	torch-compile-ro	warm	1	237	1408.8			torch-2.14.0+cu130
distilgpt2	torch-compile-ro	warm	1	238	1328.0			torch-2.14.0+cu130
distilgpt2	torch-compile-ro	warm	1	239	1350.6			torch-2.14.0+cu130
distilgpt2	torch-compile-ro	warm	1	240	1319.9			torch-2.14.0+cu130
distilgpt2	torch-compile-ro	warm	1	241	1332.5			torch-2.14.0+cu130
distilgpt2	torch-compile-ro	warm	1	242	1344.2			torch-2.14.0+cu130
distilgpt2	torch-compile-ro	warm	1	243	1323.2			torch-2.14.0+cu130
distilgpt2	torch-compile-ro	warm	1	244	1387.1			torch-2.14.0+cu130
distilgpt2	torch-compile-ro	warm	1	245	1354.2			torch-2.14.0+cu130
distilgpt2	torch-compile-ro	warm	1	246	1328.0			torch-2.14.0+cu130
distilgpt2	torch-compile-ro	warm	1	247	1333.7			torch-2.14.0+cu130
distilgpt2	torch-compile-ro	warm	1	248	1347.5			torch-2.14.0+cu130
distilgpt2	torch-compile-ro	warm	1	249	1324.9			torch-2.14.0+cu130
distilgpt2	torch-compile-ro	warm	1	250	1328.7			torch-2.14.0+cu130
distilgpt2	torch-compile-ro	warm	1	251	1334.9			torch-2.14.0+cu130
distilgpt2	torch-compile-ro	warm	1	252	1328.7			torch-2.14.0+cu130
distilgpt2	torch-compile-ro	warm	1	253	1323.5			torch-2.14.0+cu130
distilgpt2	torch-compile-ro	warm	1	254	1339.9			torch-2.14.0+cu130
distilgpt2	torch-compile-ro	warm	1	255	1338.2			torch-2.14.0+cu130
distilgpt2	torch-compile-ro	warm	1	256	1324.4			torch-2.14.0+cu130
distilgpt2	torch-compile-ro	warm	1	257	1332.0			torch-2.14.0+cu130
distilgpt2	torch-compile-ro	warm	1	258	1319.2			torch-2.14.0+cu130
distilgpt2	torch-compile-ro	warm	1	259	1326.8			torch-2.14.0+cu130
distilgpt2	torch-compile-ro	warm	1	260	1336.8			torch-2.14.0+cu130
distilgpt2	torch-compile-ro	warm	1	261	1391.4			torch-2.14.0+cu130
distilgpt2	torch-compile-ro	warm	1	262	1330.9			torch-2.14.0+cu130
distilgpt2	torch-compile-ro	warm	1	263	1372.6			torch-2.14.0+cu130
distilgpt2	torch-compile-ro	warm	1	264	1323.2			torch-2.14.0+cu130
distilgpt2	torch-compile-ro	warm	1	265	1329.7			torch-2.14.0+cu130
distilgpt2	torch-compile-ro	warm	1	266	1355.9			torch-2.14.0+cu130
distilgpt2	torch-compile-ro	warm	1	267	1324.4			torch-2.14.0+cu130
distilgpt2	torch-compile-ro	warm	1	268	1344.9			torch-2.14.0+cu130
distilgpt2	torch-compile-ro	warm	1	269	1402.1			torch-2.14.0+cu130
distilgpt2	torch-compile-ro	warm	1	270	1320.6			torch-2.14.0+cu130
distilgpt2	torch-compile-ro	warm	1	271	1336.1			torch-2.14.0+cu130
distilgpt2	torch-compile-ro	warm	1	272	1325.6			torch-2.14.0+cu130
distilgpt2	torch-compile-ro	warm	1	273	1318.9			torch-2.14.0+cu130
distilgpt2	torch-compile-ro	warm	1	274	1373.1			torch-2.14.0+cu130
distilgpt2	torch-compile-ro	warm	1	275	1332.8			torch-2.14.0+cu130
distilgpt2	torch-compile-ro	warm	1	276	1324.4			torch-2.14.0+cu130
distilgpt2	torch-compile-ro	warm	1	277	1387.1			torch-2.14.0+cu130
distilgpt2	torch-compile-ro	warm	1	278	1339.2			torch-2.14.0+cu130
distilgpt2	torch-compile-ro	warm	1	279	1352.3			torch-2.14.0+cu130
distilgpt2	torch-compile-ro	warm	1	280	1343.3			torch-2.14.0+cu130
distilgpt2	torch-compile-ro	warm	1	281	1330.9			torch-2.14.0+cu130
distilgpt2	torch-compile-ro	warm	1	282	1320.1			torch-2.14.0+cu130
distilgpt2	torch-compile-ro	warm	1	283	1326.8			torch-2.14.0+cu130
distilgpt2	torch-compile-ro	warm	1	284	1313.0			torch-2.14.0+cu130
distilgpt2	torch-compile-ro	warm	1	285	1344.9			torch-2.14.0+cu130
distilgpt2	torch-compile-ro	warm	1	286	1340.4			torch-2.14.0+cu130
distilgpt2	torch-compile-ro	warm	1	287	1350.2			torch-2.14.0+cu130
distilgpt2	torch-compile-ro	warm	1	288	1320.6			torch-2.14.0+cu130
distilgpt2	torch-compile-ro	warm	1	289	1338.5			torch-2.14.0+cu130
distilgpt2	torch-compile-ro	warm	1	290	1322.7			torch-2.14.0+cu130
distilgpt2	torch-compile-ro	warm	1	291	1323.5			torch-2.14.0+cu130
distilgpt2	torch-compile-ro	warm	1	292	1354.0			torch-2.14.0+cu130
distilgpt2	torch-compile-ro	warm	1	293	1326.1			torch-2.14.0+cu130
distilgpt2	torch-compile-ro	warm	1	294	1367.1			torch-2.14.0+cu130
distilgpt2	torch-compile-ro	warm	1	295	1334.2			torch-2.14.0+cu130
distilgpt2	torch-compile-ro	warm	1	296	1371.9			torch-2.14.0+cu130
distilgpt2	torch-compile-ro	warm	1	297	1393.3			torch-2.14.0+cu130
distilgpt2	torch-compile-ro	warm	1	298	1366.4			torch-2.14.0+cu130
distilgpt2	torch-compile-ro	warm	1	299	1344.2			torch-2.14.0+cu130
distilgpt2	jax	warm	1	0	54669.0			jax-0.11.1
distilgpt2	jax	warm	1	1	1506.4			jax-0.11.1
distilgpt2	jax	warm	1	2	1350.0			jax-0.11.1
distilgpt2	jax	warm	1	3	1234.1			jax-0.11.1
distilgpt2	jax	warm	1	4	1246.7			jax-0.11.1
distilgpt2	jax	warm	1	5	1230.2			jax-0.11.1
distilgpt2	jax	warm	1	6	1258.6			jax-0.11.1
distilgpt2	jax	warm	1	7	1247.8			jax-0.11.1
distilgpt2	jax	warm	1	8	1214.5			jax-0.11.1
distilgpt2	jax	warm	1	9	1258.8			jax-0.11.1
distilgpt2	jax	warm	1	10	1207.8			jax-0.11.1
distilgpt2	jax	warm	1	11	1191.9			jax-0.11.1
distilgpt2	jax	warm	1	12	1219.5			jax-0.11.1
distilgpt2	jax	warm	1	13	1225.9			jax-0.11.1
distilgpt2	jax	warm	1	14	1218.8			jax-0.11.1
distilgpt2	jax	warm	1	15	1249.3			jax-0.11.1
distilgpt2	jax	warm	1	16	1224.4			jax-0.11.1
distilgpt2	jax	warm	1	17	1186.6			jax-0.11.1
distilgpt2	jax	warm	1	18	1199.5			jax-0.11.1
distilgpt2	jax	warm	1	19	1188.0			jax-0.11.1
distilgpt2	jax	warm	1	20	1192.0			jax-0.11.1
distilgpt2	jax	warm	1	21	1239.3			jax-0.11.1
distilgpt2	jax	warm	1	22	1221.7			jax-0.11.1
distilgpt2	jax	warm	1	23	1254.1			jax-0.11.1
distilgpt2	jax	warm	1	24	1220.4			jax-0.11.1
distilgpt2	jax	warm	1	25	1251.2			jax-0.11.1
distilgpt2	jax	warm	1	26	1249.5			jax-0.11.1
distilgpt2	jax	warm	1	27	1225.1			jax-0.11.1
distilgpt2	jax	warm	1	28	1185.9			jax-0.11.1
distilgpt2	jax	warm	1	29	1192.5			jax-0.11.1
distilgpt2	jax	warm	1	30	1184.4			jax-0.11.1
distilgpt2	jax	warm	1	31	1180.9			jax-0.11.1
distilgpt2	jax	warm	1	32	1224.6			jax-0.11.1
distilgpt2	jax	warm	1	33	1183.7			jax-0.11.1
distilgpt2	jax	warm	1	34	1204.0			jax-0.11.1
distilgpt2	jax	warm	1	35	1208.3			jax-0.11.1
distilgpt2	jax	warm	1	36	1211.9			jax-0.11.1
distilgpt2	jax	warm	1	37	1264.0			jax-0.11.1
distilgpt2	jax	warm	1	38	1245.3			jax-0.11.1
distilgpt2	jax	warm	1	39	1240.6			jax-0.11.1
distilgpt2	jax	warm	1	40	1256.6			jax-0.11.1
distilgpt2	jax	warm	1	41	1251.6			jax-0.11.1
distilgpt2	jax	warm	1	42	1244.8			jax-0.11.1
distilgpt2	jax	warm	1	43	1210.8			jax-0.11.1
distilgpt2	jax	warm	1	44	1201.9			jax-0.11.1
distilgpt2	jax	warm	1	45	1206.1			jax-0.11.1
distilgpt2	jax	warm	1	46	1199.3			jax-0.11.1
distilgpt2	jax	warm	1	47	1189.7			jax-0.11.1
distilgpt2	jax	warm	1	48	1215.9			jax-0.11.1
distilgpt2	jax	warm	1	49	1220.6			jax-0.11.1
distilgpt2	jax	warm	1	50	1249.2			jax-0.11.1
distilgpt2	jax	warm	1	51	1248.8			jax-0.11.1
distilgpt2	jax	warm	1	52	1223.1			jax-0.11.1
distilgpt2	jax	warm	1	53	1197.9			jax-0.11.1
distilgpt2	jax	warm	1	54	1205.0			jax-0.11.1
distilgpt2	jax	warm	1	55	1185.2			jax-0.11.1
distilgpt2	jax	warm	1	56	1196.5			jax-0.11.1
distilgpt2	jax	warm	1	57	1196.8			jax-0.11.1
distilgpt2	jax	warm	1	58	1195.7			jax-0.11.1
distilgpt2	jax	warm	1	59	1205.3			jax-0.11.1
distilgpt2	jax	warm	1	60	1225.0			jax-0.11.1
distilgpt2	jax	warm	1	61	1166.6			jax-0.11.1
distilgpt2	jax	warm	1	62	1176.7			jax-0.11.1
distilgpt2	jax	warm	1	63	1188.3			jax-0.11.1
distilgpt2	jax	warm	1	64	1216.5			jax-0.11.1
distilgpt2	jax	warm	1	65	1207.1			jax-0.11.1
distilgpt2	jax	warm	1	66	1215.1			jax-0.11.1
distilgpt2	jax	warm	1	67	1185.4			jax-0.11.1
distilgpt2	jax	warm	1	68	1193.4			jax-0.11.1
distilgpt2	jax	warm	1	69	1198.2			jax-0.11.1
distilgpt2	jax	warm	1	70	1230.8			jax-0.11.1
distilgpt2	jax	warm	1	71	1190.6			jax-0.11.1
distilgpt2	jax	warm	1	72	1215.4			jax-0.11.1
distilgpt2	jax	warm	1	73	1190.4			jax-0.11.1
distilgpt2	jax	warm	1	74	1197.4			jax-0.11.1
distilgpt2	jax	warm	1	75	1191.8			jax-0.11.1
distilgpt2	jax	warm	1	76	1214.6			jax-0.11.1
distilgpt2	jax	warm	1	77	1216.7			jax-0.11.1
distilgpt2	jax	warm	1	78	1220.9			jax-0.11.1
distilgpt2	jax	warm	1	79	1222.1			jax-0.11.1
distilgpt2	jax	warm	1	80	1225.4			jax-0.11.1
distilgpt2	jax	warm	1	81	1240.6			jax-0.11.1
distilgpt2	jax	warm	1	82	1216.2			jax-0.11.1
distilgpt2	jax	warm	1	83	1227.5			jax-0.11.1
distilgpt2	jax	warm	1	84	1212.6			jax-0.11.1
distilgpt2	jax	warm	1	85	1216.6			jax-0.11.1
distilgpt2	jax	warm	1	86	1224.1			jax-0.11.1
distilgpt2	jax	warm	1	87	1222.6			jax-0.11.1
distilgpt2	jax	warm	1	88	1216.2			jax-0.11.1
distilgpt2	jax	warm	1	89	1220.1			jax-0.11.1
distilgpt2	jax	warm	1	90	1190.9			jax-0.11.1
distilgpt2	jax	warm	1	91	1212.3			jax-0.11.1
distilgpt2	jax	warm	1	92	1228.1			jax-0.11.1
distilgpt2	jax	warm	1	93	1214.0			jax-0.11.1
distilgpt2	jax	warm	1	94	1188.6			jax-0.11.1
distilgpt2	jax	warm	1	95	1182.9			jax-0.11.1
distilgpt2	jax	warm	1	96	1214.1			jax-0.11.1
distilgpt2	jax	warm	1	97	1226.6			jax-0.11.1
distilgpt2	jax	warm	1	98	1218.1			jax-0.11.1
distilgpt2	jax	warm	1	99	1195.1			jax-0.11.1
distilgpt2	jax	warm	1	100	1213.5			jax-0.11.1
distilgpt2	jax	warm	1	101	1215.9			jax-0.11.1
distilgpt2	jax	warm	1	102	1214.7			jax-0.11.1
distilgpt2	jax	warm	1	103	1216.3			jax-0.11.1
distilgpt2	jax	warm	1	104	1239.2			jax-0.11.1
distilgpt2	jax	warm	1	105	1216.8			jax-0.11.1
distilgpt2	jax	warm	1	106	1234.8			jax-0.11.1
distilgpt2	jax	warm	1	107	1221.9			jax-0.11.1
distilgpt2	jax	warm	1	108	1223.3			jax-0.11.1
distilgpt2	jax	warm	1	109	1237.5			jax-0.11.1
distilgpt2	jax	warm	1	110	1229.5			jax-0.11.1
distilgpt2	jax	warm	1	111	1187.3			jax-0.11.1
distilgpt2	jax	warm	1	112	1212.6			jax-0.11.1
distilgpt2	jax	warm	1	113	1193.8			jax-0.11.1
distilgpt2	jax	warm	1	114	1219.7			jax-0.11.1
distilgpt2	jax	warm	1	115	1229.4			jax-0.11.1
distilgpt2	jax	warm	1	116	1184.4			jax-0.11.1
distilgpt2	jax	warm	1	117	1224.3			jax-0.11.1
distilgpt2	jax	warm	1	118	1213.7			jax-0.11.1
distilgpt2	jax	warm	1	119	1213.5			jax-0.11.1
distilgpt2	jax	warm	1	120	1190.7			jax-0.11.1
distilgpt2	jax	warm	1	121	1217.0			jax-0.11.1
distilgpt2	jax	warm	1	122	1184.3			jax-0.11.1
distilgpt2	jax	warm	1	123	1183.3			jax-0.11.1
distilgpt2	jax	warm	1	124	1220.7			jax-0.11.1
distilgpt2	jax	warm	1	125	1190.3			jax-0.11.1
distilgpt2	jax	warm	1	126	1214.0			jax-0.11.1
distilgpt2	jax	warm	1	127	1188.4			jax-0.11.1
distilgpt2	jax	warm	1	128	1189.6			jax-0.11.1
distilgpt2	jax	warm	1	129	1210.6			jax-0.11.1
distilgpt2	jax	warm	1	130	1201.0			jax-0.11.1
distilgpt2	jax	warm	1	131	1202.1			jax-0.11.1
distilgpt2	jax	warm	1	132	1205.1			jax-0.11.1
distilgpt2	jax	warm	1	133	1203.1			jax-0.11.1
distilgpt2	jax	warm	1	134	1203.5			jax-0.11.1
distilgpt2	jax	warm	1	135	1262.4			jax-0.11.1
distilgpt2	jax	warm	1	136	1213.6			jax-0.11.1
distilgpt2	jax	warm	1	137	1215.5			jax-0.11.1
distilgpt2	jax	warm	1	138	1201.8			jax-0.11.1
distilgpt2	jax	warm	1	139	1221.6			jax-0.11.1
distilgpt2	jax	warm	1	140	1226.1			jax-0.11.1
distilgpt2	jax	warm	1	141	1209.8			jax-0.11.1
distilgpt2	jax	warm	1	142	1215.2			jax-0.11.1
distilgpt2	jax	warm	1	143	1212.9			jax-0.11.1
distilgpt2	jax	warm	1	144	1213.4			jax-0.11.1
distilgpt2	jax	warm	1	145	1207.1			jax-0.11.1
distilgpt2	jax	warm	1	146	1193.9			jax-0.11.1
distilgpt2	jax	warm	1	147	1211.6			jax-0.11.1
distilgpt2	jax	warm	1	148	1233.5			jax-0.11.1
distilgpt2	jax	warm	1	149	1187.6			jax-0.11.1
distilgpt2	jax	warm	1	150	1164.2			jax-0.11.1
distilgpt2	jax	warm	1	151	1200.2			jax-0.11.1
distilgpt2	jax	warm	1	152	1204.4			jax-0.11.1
distilgpt2	jax	warm	1	153	1201.1			jax-0.11.1
distilgpt2	jax	warm	1	154	1197.1			jax-0.11.1
distilgpt2	jax	warm	1	155	1217.3			jax-0.11.1
distilgpt2	jax	warm	1	156	1234.1			jax-0.11.1
distilgpt2	jax	warm	1	157	1229.1			jax-0.11.1
distilgpt2	jax	warm	1	158	1210.4			jax-0.11.1
distilgpt2	jax	warm	1	159	1189.9			jax-0.11.1
distilgpt2	jax	warm	1	160	1180.4			jax-0.11.1
distilgpt2	jax	warm	1	161	1153.9			jax-0.11.1
distilgpt2	jax	warm	1	162	1177.9			jax-0.11.1
distilgpt2	jax	warm	1	163	1218.1			jax-0.11.1
distilgpt2	jax	warm	1	164	1221.4			jax-0.11.1
distilgpt2	jax	warm	1	165	1175.4			jax-0.11.1
distilgpt2	jax	warm	1	166	1190.0			jax-0.11.1
distilgpt2	jax	warm	1	167	1200.7			jax-0.11.1
distilgpt2	jax	warm	1	168	1196.7			jax-0.11.1
distilgpt2	jax	warm	1	169	1194.9			jax-0.11.1
distilgpt2	jax	warm	1	170	1197.8			jax-0.11.1
distilgpt2	jax	warm	1	171	1194.6			jax-0.11.1
distilgpt2	jax	warm	1	172	1187.9			jax-0.11.1
distilgpt2	jax	warm	1	173	1207.4			jax-0.11.1
distilgpt2	jax	warm	1	174	1195.7			jax-0.11.1
distilgpt2	jax	warm	1	175	1192.2			jax-0.11.1
distilgpt2	jax	warm	1	176	1212.9			jax-0.11.1
distilgpt2	jax	warm	1	177	1194.0			jax-0.11.1
distilgpt2	jax	warm	1	178	1216.4			jax-0.11.1
distilgpt2	jax	warm	1	179	1185.9			jax-0.11.1
distilgpt2	jax	warm	1	180	1199.2			jax-0.11.1
distilgpt2	jax	warm	1	181	1180.2			jax-0.11.1
distilgpt2	jax	warm	1	182	1198.0			jax-0.11.1
distilgpt2	jax	warm	1	183	1191.2			jax-0.11.1
distilgpt2	jax	warm	1	184	1188.5			jax-0.11.1
distilgpt2	jax	warm	1	185	1169.5			jax-0.11.1
distilgpt2	jax	warm	1	186	1260.5			jax-0.11.1
distilgpt2	jax	warm	1	187	1184.5			jax-0.11.1
distilgpt2	jax	warm	1	188	1206.7			jax-0.11.1
distilgpt2	jax	warm	1	189	1187.7			jax-0.11.1
distilgpt2	jax	warm	1	190	1196.9			jax-0.11.1
distilgpt2	jax	warm	1	191	1182.1			jax-0.11.1
distilgpt2	jax	warm	1	192	1190.4			jax-0.11.1
distilgpt2	jax	warm	1	193	1223.7			jax-0.11.1
distilgpt2	jax	warm	1	194	1159.4			jax-0.11.1
distilgpt2	jax	warm	1	195	1184.6			jax-0.11.1
distilgpt2	jax	warm	1	196	1192.4			jax-0.11.1
distilgpt2	jax	warm	1	197	1198.0			jax-0.11.1
distilgpt2	jax	warm	1	198	1189.6			jax-0.11.1
distilgpt2	jax	warm	1	199	1185.2			jax-0.11.1
distilgpt2	jax	warm	1	200	1186.9			jax-0.11.1
distilgpt2	jax	warm	1	201	1201.0			jax-0.11.1
distilgpt2	jax	warm	1	202	1183.4			jax-0.11.1
distilgpt2	jax	warm	1	203	1204.6			jax-0.11.1
distilgpt2	jax	warm	1	204	1178.3			jax-0.11.1
distilgpt2	jax	warm	1	205	1186.2			jax-0.11.1
distilgpt2	jax	warm	1	206	1179.9			jax-0.11.1
distilgpt2	jax	warm	1	207	1184.1			jax-0.11.1
distilgpt2	jax	warm	1	208	1191.8			jax-0.11.1
distilgpt2	jax	warm	1	209	1187.3			jax-0.11.1
distilgpt2	jax	warm	1	210	1186.7			jax-0.11.1
distilgpt2	jax	warm	1	211	1185.1			jax-0.11.1
distilgpt2	jax	warm	1	212	1212.9			jax-0.11.1
distilgpt2	jax	warm	1	213	1179.7			jax-0.11.1
distilgpt2	jax	warm	1	214	1187.7			jax-0.11.1
distilgpt2	jax	warm	1	215	1174.7			jax-0.11.1
distilgpt2	jax	warm	1	216	1180.3			jax-0.11.1
distilgpt2	jax	warm	1	217	1181.3			jax-0.11.1
distilgpt2	jax	warm	1	218	1182.4			jax-0.11.1
distilgpt2	jax	warm	1	219	1193.7			jax-0.11.1
distilgpt2	jax	warm	1	220	1196.2			jax-0.11.1
distilgpt2	jax	warm	1	221	1187.9			jax-0.11.1
distilgpt2	jax	warm	1	222	1186.8			jax-0.11.1
distilgpt2	jax	warm	1	223	1182.8			jax-0.11.1
distilgpt2	jax	warm	1	224	1194.0			jax-0.11.1
distilgpt2	jax	warm	1	225	1188.2			jax-0.11.1
distilgpt2	jax	warm	1	226	1195.8			jax-0.11.1
distilgpt2	jax	warm	1	227	1187.9			jax-0.11.1
distilgpt2	jax	warm	1	228	1180.8			jax-0.11.1
distilgpt2	jax	warm	1	229	1195.0			jax-0.11.1
distilgpt2	jax	warm	1	230	1212.0			jax-0.11.1
distilgpt2	jax	warm	1	231	1199.5			jax-0.11.1
distilgpt2	jax	warm	1	232	1187.4			jax-0.11.1
distilgpt2	jax	warm	1	233	1182.7			jax-0.11.1
distilgpt2	jax	warm	1	234	1179.5			jax-0.11.1
distilgpt2	jax	warm	1	235	1206.0			jax-0.11.1
distilgpt2	jax	warm	1	236	1182.1			jax-0.11.1
distilgpt2	jax	warm	1	237	1192.6			jax-0.11.1
distilgpt2	jax	warm	1	238	1199.8			jax-0.11.1
distilgpt2	jax	warm	1	239	1180.7			jax-0.11.1
distilgpt2	jax	warm	1	240	1196.0			jax-0.11.1
distilgpt2	jax	warm	1	241	1186.7			jax-0.11.1
distilgpt2	jax	warm	1	242	1199.8			jax-0.11.1
distilgpt2	jax	warm	1	243	1180.8			jax-0.11.1
distilgpt2	jax	warm	1	244	1180.4			jax-0.11.1
distilgpt2	jax	warm	1	245	1195.3			jax-0.11.1
distilgpt2	jax	warm	1	246	1152.8			jax-0.11.1
distilgpt2	jax	warm	1	247	1185.5			jax-0.11.1
distilgpt2	jax	warm	1	248	1187.1			jax-0.11.1
distilgpt2	jax	warm	1	249	1170.7			jax-0.11.1
distilgpt2	jax	warm	1	250	1191.8			jax-0.11.1
distilgpt2	jax	warm	1	251	1187.7			jax-0.11.1
distilgpt2	jax	warm	1	252	1176.0			jax-0.11.1
distilgpt2	jax	warm	1	253	1185.2			jax-0.11.1
distilgpt2	jax	warm	1	254	1184.1			jax-0.11.1
distilgpt2	jax	warm	1	255	1173.8			jax-0.11.1
distilgpt2	jax	warm	1	256	1197.8			jax-0.11.1
distilgpt2	jax	warm	1	257	1193.1			jax-0.11.1
distilgpt2	jax	warm	1	258	1189.1			jax-0.11.1
distilgpt2	jax	warm	1	259	1174.2			jax-0.11.1
distilgpt2	jax	warm	1	260	1158.3			jax-0.11.1
distilgpt2	jax	warm	1	261	1200.5			jax-0.11.1
distilgpt2	jax	warm	1	262	1155.3			jax-0.11.1
distilgpt2	jax	warm	1	263	1181.6			jax-0.11.1
distilgpt2	jax	warm	1	264	1183.4			jax-0.11.1
distilgpt2	jax	warm	1	265	1178.4			jax-0.11.1
distilgpt2	jax	warm	1	266	1197.8			jax-0.11.1
distilgpt2	jax	warm	1	267	1186.7			jax-0.11.1
distilgpt2	jax	warm	1	268	1205.2			jax-0.11.1
distilgpt2	jax	warm	1	269	1197.2			jax-0.11.1
distilgpt2	jax	warm	1	270	1185.9			jax-0.11.1
distilgpt2	jax	warm	1	271	1183.7			jax-0.11.1
distilgpt2	jax	warm	1	272	1205.9			jax-0.11.1
distilgpt2	jax	warm	1	273	1177.8			jax-0.11.1
distilgpt2	jax	warm	1	274	1182.6			jax-0.11.1
distilgpt2	jax	warm	1	275	1185.9			jax-0.11.1
distilgpt2	jax	warm	1	276	1195.4			jax-0.11.1
distilgpt2	jax	warm	1	277	1190.2			jax-0.11.1
distilgpt2	jax	warm	1	278	1184.8			jax-0.11.1
distilgpt2	jax	warm	1	279	1191.7			jax-0.11.1
distilgpt2	jax	warm	1	280	1176.9			jax-0.11.1
distilgpt2	jax	warm	1	281	1185.4			jax-0.11.1
distilgpt2	jax	warm	1	282	1171.0			jax-0.11.1
distilgpt2	jax	warm	1	283	1184.3			jax-0.11.1
distilgpt2	jax	warm	1	284	1189.6			jax-0.11.1
distilgpt2	jax	warm	1	285	1191.5			jax-0.11.1
distilgpt2	jax	warm	1	286	1172.4			jax-0.11.1
distilgpt2	jax	warm	1	287	1188.4			jax-0.11.1
distilgpt2	jax	warm	1	288	1196.1			jax-0.11.1
distilgpt2	jax	warm	1	289	1184.0			jax-0.11.1
distilgpt2	jax	warm	1	290	1184.4			jax-0.11.1
distilgpt2	jax	warm	1	291	1188.1			jax-0.11.1
distilgpt2	jax	warm	1	292	1191.7			jax-0.11.1
distilgpt2	jax	warm	1	293	1198.0			jax-0.11.1
distilgpt2	jax	warm	1	294	1186.4			jax-0.11.1
distilgpt2	jax	warm	1	295	1191.5			jax-0.11.1
distilgpt2	jax	warm	1	296	1182.3			jax-0.11.1
distilgpt2	jax	warm	1	297	1188.4			jax-0.11.1
distilgpt2	jax	warm	1	298	1190.7			jax-0.11.1
distilgpt2	jax	warm	1	299	1183.0			jax-0.11.1
distilgpt2	torch-eager	warm	2	0	150055.6			torch-2.14.0+cu130
distilgpt2	torch-eager	warm	2	1	3822.8			torch-2.14.0+cu130
distilgpt2	torch-eager	warm	2	2	3659.0			torch-2.14.0+cu130
distilgpt2	torch-eager	warm	2	3	3470.7			torch-2.14.0+cu130
distilgpt2	torch-eager	warm	2	4	3481.6			torch-2.14.0+cu130
distilgpt2	torch-eager	warm	2	5	4321.8			torch-2.14.0+cu130
distilgpt2	torch-eager	warm	2	6	3517.9			torch-2.14.0+cu130
distilgpt2	torch-eager	warm	2	7	3464.2			torch-2.14.0+cu130
distilgpt2	torch-eager	warm	2	8	3433.7			torch-2.14.0+cu130
distilgpt2	torch-eager	warm	2	9	3442.8			torch-2.14.0+cu130
distilgpt2	torch-eager	warm	2	10	3487.8			torch-2.14.0+cu130
distilgpt2	torch-eager	warm	2	11	3489.0			torch-2.14.0+cu130
distilgpt2	torch-eager	warm	2	12	3430.1			torch-2.14.0+cu130
distilgpt2	torch-eager	warm	2	13	3422.3			torch-2.14.0+cu130
distilgpt2	torch-eager	warm	2	14	3464.7			torch-2.14.0+cu130
distilgpt2	torch-eager	warm	2	15	3427.0			torch-2.14.0+cu130
distilgpt2	torch-eager	warm	2	16	3480.0			torch-2.14.0+cu130
distilgpt2	torch-eager	warm	2	17	3413.7			torch-2.14.0+cu130
distilgpt2	torch-eager	warm	2	18	3482.3			torch-2.14.0+cu130
distilgpt2	torch-eager	warm	2	19	3423.9			torch-2.14.0+cu130
distilgpt2	torch-eager	warm	2	20	3426.1			torch-2.14.0+cu130
distilgpt2	torch-eager	warm	2	21	3446.1			torch-2.14.0+cu130
distilgpt2	torch-eager	warm	2	22	3454.7			torch-2.14.0+cu130
distilgpt2	torch-eager	warm	2	23	3394.4			torch-2.14.0+cu130
distilgpt2	torch-eager	warm	2	24	3459.2			torch-2.14.0+cu130
distilgpt2	torch-eager	warm	2	25	3423.5			torch-2.14.0+cu130
distilgpt2	torch-eager	warm	2	26	3446.8			torch-2.14.0+cu130
distilgpt2	torch-eager	warm	2	27	3432.8			torch-2.14.0+cu130
distilgpt2	torch-eager	warm	2	28	3398.2			torch-2.14.0+cu130
distilgpt2	torch-eager	warm	2	29	3411.1			torch-2.14.0+cu130
distilgpt2	torch-eager	warm	2	30	3436.1			torch-2.14.0+cu130
distilgpt2	torch-eager	warm	2	31	3449.2			torch-2.14.0+cu130
distilgpt2	torch-eager	warm	2	32	3449.0			torch-2.14.0+cu130
distilgpt2	torch-eager	warm	2	33	3506.9			torch-2.14.0+cu130
distilgpt2	torch-eager	warm	2	34	3582.2			torch-2.14.0+cu130
distilgpt2	torch-eager	warm	2	35	3501.4			torch-2.14.0+cu130
distilgpt2	torch-eager	warm	2	36	3486.6			torch-2.14.0+cu130
distilgpt2	torch-eager	warm	2	37	3508.1			torch-2.14.0+cu130
distilgpt2	torch-eager	warm	2	38	3488.5			torch-2.14.0+cu130
distilgpt2	torch-eager	warm	2	39	3506.2			torch-2.14.0+cu130
distilgpt2	torch-eager	warm	2	40	3499.3			torch-2.14.0+cu130
distilgpt2	torch-eager	warm	2	41	3534.1			torch-2.14.0+cu130
distilgpt2	torch-eager	warm	2	42	3510.7			torch-2.14.0+cu130
distilgpt2	torch-eager	warm	2	43	3487.8			torch-2.14.0+cu130
distilgpt2	torch-eager	warm	2	44	3455.2			torch-2.14.0+cu130
distilgpt2	torch-eager	warm	2	45	3495.2			torch-2.14.0+cu130
distilgpt2	torch-eager	warm	2	46	3540.0			torch-2.14.0+cu130
distilgpt2	torch-eager	warm	2	47	3557.9			torch-2.14.0+cu130
distilgpt2	torch-eager	warm	2	48	3551.7			torch-2.14.0+cu130
distilgpt2	torch-eager	warm	2	49	3532.6			torch-2.14.0+cu130
distilgpt2	torch-eager	warm	2	50	3520.3			torch-2.14.0+cu130
distilgpt2	torch-eager	warm	2	51	3539.8			torch-2.14.0+cu130
distilgpt2	torch-eager	warm	2	52	3506.4			torch-2.14.0+cu130
distilgpt2	torch-eager	warm	2	53	3492.1			torch-2.14.0+cu130
distilgpt2	torch-eager	warm	2	54	3458.0			torch-2.14.0+cu130
distilgpt2	torch-eager	warm	2	55	3423.5			torch-2.14.0+cu130
distilgpt2	torch-eager	warm	2	56	3439.7			torch-2.14.0+cu130
distilgpt2	torch-eager	warm	2	57	3540.3			torch-2.14.0+cu130
distilgpt2	torch-eager	warm	2	58	3433.5			torch-2.14.0+cu130
distilgpt2	torch-eager	warm	2	59	3433.7			torch-2.14.0+cu130
distilgpt2	torch-eager	warm	2	60	3418.9			torch-2.14.0+cu130
distilgpt2	torch-eager	warm	2	61	3412.2			torch-2.14.0+cu130
distilgpt2	torch-eager	warm	2	62	3418.9			torch-2.14.0+cu130
distilgpt2	torch-eager	warm	2	63	3452.3			torch-2.14.0+cu130
distilgpt2	torch-eager	warm	2	64	3508.1			torch-2.14.0+cu130
distilgpt2	torch-eager	warm	2	65	3426.1			torch-2.14.0+cu130
distilgpt2	torch-eager	warm	2	66	3418.7			torch-2.14.0+cu130
distilgpt2	torch-eager	warm	2	67	3436.3			torch-2.14.0+cu130
distilgpt2	torch-eager	warm	2	68	3435.6			torch-2.14.0+cu130
distilgpt2	torch-eager	warm	2	69	3422.5			torch-2.14.0+cu130
distilgpt2	torch-eager	warm	2	70	3423.7			torch-2.14.0+cu130
distilgpt2	torch-eager	warm	2	71	3429.9			torch-2.14.0+cu130
distilgpt2	torch-eager	warm	2	72	3409.1			torch-2.14.0+cu130
distilgpt2	torch-eager	warm	2	73	3459.5			torch-2.14.0+cu130
distilgpt2	torch-eager	warm	2	74	3429.4			torch-2.14.0+cu130
distilgpt2	torch-eager	warm	2	75	3464.9			torch-2.14.0+cu130
distilgpt2	torch-eager	warm	2	76	3476.4			torch-2.14.0+cu130
distilgpt2	torch-eager	warm	2	77	3447.1			torch-2.14.0+cu130
distilgpt2	torch-eager	warm	2	78	3445.6			torch-2.14.0+cu130
distilgpt2	torch-eager	warm	2	79	3705.5			torch-2.14.0+cu130
distilgpt2	torch-eager	warm	2	80	3414.2			torch-2.14.0+cu130
distilgpt2	torch-eager	warm	2	81	3422.5			torch-2.14.0+cu130
distilgpt2	torch-eager	warm	2	82	3446.8			torch-2.14.0+cu130
distilgpt2	torch-eager	warm	2	83	3499.3			torch-2.14.0+cu130
distilgpt2	torch-eager	warm	2	84	3429.9			torch-2.14.0+cu130
distilgpt2	torch-eager	warm	2	85	3426.1			torch-2.14.0+cu130
distilgpt2	torch-eager	warm	2	86	3420.8			torch-2.14.0+cu130
distilgpt2	torch-eager	warm	2	87	3415.8			torch-2.14.0+cu130
distilgpt2	torch-eager	warm	2	88	3447.3			torch-2.14.0+cu130
distilgpt2	torch-eager	warm	2	89	3397.5			torch-2.14.0+cu130
distilgpt2	torch-eager	warm	2	90	3399.8			torch-2.14.0+cu130
distilgpt2	torch-eager	warm	2	91	3411.1			torch-2.14.0+cu130
distilgpt2	torch-eager	warm	2	92	3502.8			torch-2.14.0+cu130
distilgpt2	torch-eager	warm	2	93	3419.4			torch-2.14.0+cu130
distilgpt2	torch-eager	warm	2	94	3410.8			torch-2.14.0+cu130
distilgpt2	torch-eager	warm	2	95	3418.2			torch-2.14.0+cu130
distilgpt2	torch-eager	warm	2	96	3418.4			torch-2.14.0+cu130
distilgpt2	torch-eager	warm	2	97	3432.5			torch-2.14.0+cu130
distilgpt2	torch-eager	warm	2	98	3458.0			torch-2.14.0+cu130
distilgpt2	torch-eager	warm	2	99	3421.3			torch-2.14.0+cu130
distilgpt2	torch-eager	warm	2	100	3425.6			torch-2.14.0+cu130
distilgpt2	torch-eager	warm	2	101	3454.0			torch-2.14.0+cu130
distilgpt2	torch-eager	warm	2	102	3395.1			torch-2.14.0+cu130
distilgpt2	torch-eager	warm	2	103	3400.1			torch-2.14.0+cu130
distilgpt2	torch-eager	warm	2	104	3408.0			torch-2.14.0+cu130
distilgpt2	torch-eager	warm	2	105	3413.0			torch-2.14.0+cu130
distilgpt2	torch-eager	warm	2	106	3415.8			torch-2.14.0+cu130
distilgpt2	torch-eager	warm	2	107	3443.2			torch-2.14.0+cu130
distilgpt2	torch-eager	warm	2	108	3392.0			torch-2.14.0+cu130
distilgpt2	torch-eager	warm	2	109	3405.6			torch-2.14.0+cu130
distilgpt2	torch-eager	warm	2	110	3414.2			torch-2.14.0+cu130
distilgpt2	torch-eager	warm	2	111	3418.4			torch-2.14.0+cu130
distilgpt2	torch-eager	warm	2	112	3490.0			torch-2.14.0+cu130
distilgpt2	torch-eager	warm	2	113	3433.7			torch-2.14.0+cu130
distilgpt2	torch-eager	warm	2	114	3408.9			torch-2.14.0+cu130
distilgpt2	torch-eager	warm	2	115	3422.0			torch-2.14.0+cu130
distilgpt2	torch-eager	warm	2	116	3439.2			torch-2.14.0+cu130
distilgpt2	torch-eager	warm	2	117	3498.6			torch-2.14.0+cu130
distilgpt2	torch-eager	warm	2	118	3432.5			torch-2.14.0+cu130
distilgpt2	torch-eager	warm	2	119	3393.9			torch-2.14.0+cu130
distilgpt2	torch-eager	warm	2	120	3449.0			torch-2.14.0+cu130
distilgpt2	torch-eager	warm	2	121	3418.7			torch-2.14.0+cu130
distilgpt2	torch-eager	warm	2	122	3441.3			torch-2.14.0+cu130
distilgpt2	torch-eager	warm	2	123	3409.1			torch-2.14.0+cu130
distilgpt2	torch-eager	warm	2	124	3416.3			torch-2.14.0+cu130
distilgpt2	torch-eager	warm	2	125	3403.7			torch-2.14.0+cu130
distilgpt2	torch-eager	warm	2	126	3437.8			torch-2.14.0+cu130
distilgpt2	torch-eager	warm	2	127	3449.4			torch-2.14.0+cu130
distilgpt2	torch-eager	warm	2	128	3390.8			torch-2.14.0+cu130
distilgpt2	torch-eager	warm	2	129	3364.3			torch-2.14.0+cu130
distilgpt2	torch-eager	warm	2	130	3389.8			torch-2.14.0+cu130
distilgpt2	torch-eager	warm	2	131	3402.2			torch-2.14.0+cu130
distilgpt2	torch-eager	warm	2	132	3402.9			torch-2.14.0+cu130
distilgpt2	torch-eager	warm	2	133	3397.0			torch-2.14.0+cu130
distilgpt2	torch-eager	warm	2	134	3398.7			torch-2.14.0+cu130
distilgpt2	torch-eager	warm	2	135	3395.6			torch-2.14.0+cu130
distilgpt2	torch-eager	warm	2	136	3400.1			torch-2.14.0+cu130
distilgpt2	torch-eager	warm	2	137	3409.1			torch-2.14.0+cu130
distilgpt2	torch-eager	warm	2	138	3398.7			torch-2.14.0+cu130
distilgpt2	torch-eager	warm	2	139	3393.9			torch-2.14.0+cu130
distilgpt2	torch-eager	warm	2	140	3362.4			torch-2.14.0+cu130
distilgpt2	torch-eager	warm	2	141	3362.9			torch-2.14.0+cu130
distilgpt2	torch-eager	warm	2	142	3475.7			torch-2.14.0+cu130
distilgpt2	torch-eager	warm	2	143	3388.9			torch-2.14.0+cu130
distilgpt2	torch-eager	warm	2	144	3406.3			torch-2.14.0+cu130
distilgpt2	torch-eager	warm	2	145	3385.1			torch-2.14.0+cu130
distilgpt2	torch-eager	warm	2	146	3386.7			torch-2.14.0+cu130
distilgpt2	torch-eager	warm	2	147	3412.0			torch-2.14.0+cu130
distilgpt2	torch-eager	warm	2	148	3392.9			torch-2.14.0+cu130
distilgpt2	torch-eager	warm	2	149	3379.6			torch-2.14.0+cu130
distilgpt2	torch-eager	warm	2	150	3443.5			torch-2.14.0+cu130
distilgpt2	torch-eager	warm	2	151	3424.2			torch-2.14.0+cu130
distilgpt2	torch-eager	warm	2	152	3409.9			torch-2.14.0+cu130
distilgpt2	torch-eager	warm	2	153	3366.5			torch-2.14.0+cu130
distilgpt2	torch-eager	warm	2	154	3411.5			torch-2.14.0+cu130
distilgpt2	torch-eager	warm	2	155	3401.3			torch-2.14.0+cu130
distilgpt2	torch-eager	warm	2	156	3384.4			torch-2.14.0+cu130
distilgpt2	torch-eager	warm	2	157	3383.9			torch-2.14.0+cu130
distilgpt2	torch-eager	warm	2	158	3362.4			torch-2.14.0+cu130
distilgpt2	torch-eager	warm	2	159	3360.3			torch-2.14.0+cu130
distilgpt2	torch-eager	warm	2	160	3385.1			torch-2.14.0+cu130
distilgpt2	torch-eager	warm	2	161	3412.5			torch-2.14.0+cu130
distilgpt2	torch-eager	warm	2	162	3413.9			torch-2.14.0+cu130
distilgpt2	torch-eager	warm	2	163	3337.1			torch-2.14.0+cu130
distilgpt2	torch-eager	warm	2	164	3331.9			torch-2.14.0+cu130
distilgpt2	torch-eager	warm	2	165	3391.5			torch-2.14.0+cu130
distilgpt2	torch-eager	warm	2	166	3386.3			torch-2.14.0+cu130
distilgpt2	torch-eager	warm	2	167	3359.1			torch-2.14.0+cu130
distilgpt2	torch-eager	warm	2	168	3392.7			torch-2.14.0+cu130
distilgpt2	torch-eager	warm	2	169	3404.6			torch-2.14.0+cu130
distilgpt2	torch-eager	warm	2	170	3380.1			torch-2.14.0+cu130
distilgpt2	torch-eager	warm	2	171	3346.0			torch-2.14.0+cu130
distilgpt2	torch-eager	warm	2	172	3368.9			torch-2.14.0+cu130
distilgpt2	torch-eager	warm	2	173	3393.2			torch-2.14.0+cu130
distilgpt2	torch-eager	warm	2	174	3384.6			torch-2.14.0+cu130
distilgpt2	torch-eager	warm	2	175	3361.2			torch-2.14.0+cu130
distilgpt2	torch-eager	warm	2	176	3402.5			torch-2.14.0+cu130
distilgpt2	torch-eager	warm	2	177	3413.2			torch-2.14.0+cu130
distilgpt2	torch-eager	warm	2	178	3417.7			torch-2.14.0+cu130
distilgpt2	torch-eager	warm	2	179	3359.3			torch-2.14.0+cu130
distilgpt2	torch-eager	warm	2	180	3358.1			torch-2.14.0+cu130
distilgpt2	torch-eager	warm	2	181	3377.9			torch-2.14.0+cu130
distilgpt2	torch-eager	warm	2	182	3346.4			torch-2.14.0+cu130
distilgpt2	torch-eager	warm	2	183	3353.4			torch-2.14.0+cu130
distilgpt2	torch-eager	warm	2	184	3377.0			torch-2.14.0+cu130
distilgpt2	torch-eager	warm	2	185	3396.5			torch-2.14.0+cu130
distilgpt2	torch-eager	warm	2	186	3405.3			torch-2.14.0+cu130
distilgpt2	torch-eager	warm	2	187	3387.2			torch-2.14.0+cu130
distilgpt2	torch-eager	warm	2	188	3400.8			torch-2.14.0+cu130
distilgpt2	torch-eager	warm	2	189	3403.9			torch-2.14.0+cu130
distilgpt2	torch-eager	warm	2	190	3390.1			torch-2.14.0+cu130
distilgpt2	torch-eager	warm	2	191	3364.8			torch-2.14.0+cu130
distilgpt2	torch-eager	warm	2	192	3407.5			torch-2.14.0+cu130
distilgpt2	torch-eager	warm	2	193	3373.4			torch-2.14.0+cu130
distilgpt2	torch-eager	warm	2	194	3400.8			torch-2.14.0+cu130
distilgpt2	torch-eager	warm	2	195	3397.7			torch-2.14.0+cu130
distilgpt2	torch-eager	warm	2	196	3378.9			torch-2.14.0+cu130
distilgpt2	torch-eager	warm	2	197	3366.9			torch-2.14.0+cu130
distilgpt2	torch-eager	warm	2	198	3379.6			torch-2.14.0+cu130
distilgpt2	torch-eager	warm	2	199	3391.3			torch-2.14.0+cu130
distilgpt2	torch-eager	warm	2	200	3394.4			torch-2.14.0+cu130
distilgpt2	torch-eager	warm	2	201	3397.0			torch-2.14.0+cu130
distilgpt2	torch-eager	warm	2	202	3459.2			torch-2.14.0+cu130
distilgpt2	torch-eager	warm	2	203	3426.8			torch-2.14.0+cu130
distilgpt2	torch-eager	warm	2	204	3387.0			torch-2.14.0+cu130
distilgpt2	torch-eager	warm	2	205	3438.5			torch-2.14.0+cu130
distilgpt2	torch-eager	warm	2	206	3490.0			torch-2.14.0+cu130
distilgpt2	torch-eager	warm	2	207	3419.9			torch-2.14.0+cu130
distilgpt2	torch-eager	warm	2	208	3433.7			torch-2.14.0+cu130
distilgpt2	torch-eager	warm	2	209	3463.0			torch-2.14.0+cu130
distilgpt2	torch-eager	warm	2	210	3401.0			torch-2.14.0+cu130
distilgpt2	torch-eager	warm	2	211	3393.2			torch-2.14.0+cu130
distilgpt2	torch-eager	warm	2	212	3382.2			torch-2.14.0+cu130
distilgpt2	torch-eager	warm	2	213	3383.4			torch-2.14.0+cu130
distilgpt2	torch-eager	warm	2	214	3405.8			torch-2.14.0+cu130
distilgpt2	torch-eager	warm	2	215	3372.9			torch-2.14.0+cu130
distilgpt2	torch-eager	warm	2	216	3358.6			torch-2.14.0+cu130
distilgpt2	torch-eager	warm	2	217	3354.1			torch-2.14.0+cu130
distilgpt2	torch-eager	warm	2	218	3404.4			torch-2.14.0+cu130
distilgpt2	torch-eager	warm	2	219	3373.1			torch-2.14.0+cu130
distilgpt2	torch-eager	warm	2	220	3355.3			torch-2.14.0+cu130
distilgpt2	torch-eager	warm	2	221	3372.2			torch-2.14.0+cu130
distilgpt2	torch-eager	warm	2	222	3359.3			torch-2.14.0+cu130
distilgpt2	torch-eager	warm	2	223	3365.5			torch-2.14.0+cu130
distilgpt2	torch-eager	warm	2	224	3405.3			torch-2.14.0+cu130
distilgpt2	torch-eager	warm	2	225	3391.0			torch-2.14.0+cu130
distilgpt2	torch-eager	warm	2	226	3366.0			torch-2.14.0+cu130
distilgpt2	torch-eager	warm	2	227	3431.3			torch-2.14.0+cu130
distilgpt2	torch-eager	warm	2	228	3406.8			torch-2.14.0+cu130
distilgpt2	torch-eager	warm	2	229	3411.3			torch-2.14.0+cu130
distilgpt2	torch-eager	warm	2	230	3346.0			torch-2.14.0+cu130
distilgpt2	torch-eager	warm	2	231	3393.2			torch-2.14.0+cu130
distilgpt2	torch-eager	warm	2	232	3394.1			torch-2.14.0+cu130
distilgpt2	torch-eager	warm	2	233	3450.9			torch-2.14.0+cu130
distilgpt2	torch-eager	warm	2	234	3450.2			torch-2.14.0+cu130
distilgpt2	torch-eager	warm	2	235	3469.5			torch-2.14.0+cu130
distilgpt2	torch-eager	warm	2	236	3451.1			torch-2.14.0+cu130
distilgpt2	torch-eager	warm	2	237	3471.6			torch-2.14.0+cu130
distilgpt2	torch-eager	warm	2	238	3455.6			torch-2.14.0+cu130
distilgpt2	torch-eager	warm	2	239	3469.5			torch-2.14.0+cu130
distilgpt2	torch-eager	warm	2	240	3496.4			torch-2.14.0+cu130
distilgpt2	torch-eager	warm	2	241	3471.4			torch-2.14.0+cu130
distilgpt2	torch-eager	warm	2	242	3449.4			torch-2.14.0+cu130
distilgpt2	torch-eager	warm	2	243	3454.2			torch-2.14.0+cu130
distilgpt2	torch-eager	warm	2	244	3482.8			torch-2.14.0+cu130
distilgpt2	torch-eager	warm	2	245	3447.5			torch-2.14.0+cu130
distilgpt2	torch-eager	warm	2	246	3502.8			torch-2.14.0+cu130
distilgpt2	torch-eager	warm	2	247	3536.5			torch-2.14.0+cu130
distilgpt2	torch-eager	warm	2	248	3454.7			torch-2.14.0+cu130
distilgpt2	torch-eager	warm	2	249	3449.9			torch-2.14.0+cu130
distilgpt2	torch-eager	warm	2	250	3454.0			torch-2.14.0+cu130
distilgpt2	torch-eager	warm	2	251	3473.3			torch-2.14.0+cu130
distilgpt2	torch-eager	warm	2	252	3651.6			torch-2.14.0+cu130
distilgpt2	torch-eager	warm	2	253	3487.3			torch-2.14.0+cu130
distilgpt2	torch-eager	warm	2	254	3485.9			torch-2.14.0+cu130
distilgpt2	torch-eager	warm	2	255	3489.5			torch-2.14.0+cu130
distilgpt2	torch-eager	warm	2	256	3453.0			torch-2.14.0+cu130
distilgpt2	torch-eager	warm	2	257	3471.4			torch-2.14.0+cu130
distilgpt2	torch-eager	warm	2	258	3459.5			torch-2.14.0+cu130
distilgpt2	torch-eager	warm	2	259	3474.2			torch-2.14.0+cu130
distilgpt2	torch-eager	warm	2	260	3495.0			torch-2.14.0+cu130
distilgpt2	torch-eager	warm	2	261	3474.7			torch-2.14.0+cu130
distilgpt2	torch-eager	warm	2	262	3449.9			torch-2.14.0+cu130
distilgpt2	torch-eager	warm	2	263	3489.3			torch-2.14.0+cu130
distilgpt2	torch-eager	warm	2	264	3482.3			torch-2.14.0+cu130
distilgpt2	torch-eager	warm	2	265	3436.3			torch-2.14.0+cu130
distilgpt2	torch-eager	warm	2	266	3402.0			torch-2.14.0+cu130
distilgpt2	torch-eager	warm	2	267	3401.3			torch-2.14.0+cu130
distilgpt2	torch-eager	warm	2	268	3390.3			torch-2.14.0+cu130
distilgpt2	torch-eager	warm	2	269	3438.2			torch-2.14.0+cu130
distilgpt2	torch-eager	warm	2	270	3440.4			torch-2.14.0+cu130
distilgpt2	torch-eager	warm	2	271	3449.2			torch-2.14.0+cu130
distilgpt2	torch-eager	warm	2	272	3413.2			torch-2.14.0+cu130
distilgpt2	torch-eager	warm	2	273	3478.1			torch-2.14.0+cu130
distilgpt2	torch-eager	warm	2	274	3479.5			torch-2.14.0+cu130
distilgpt2	torch-eager	warm	2	275	3499.7			torch-2.14.0+cu130
distilgpt2	torch-eager	warm	2	276	3381.7			torch-2.14.0+cu130
distilgpt2	torch-eager	warm	2	277	3397.5			torch-2.14.0+cu130
distilgpt2	torch-eager	warm	2	278	3461.8			torch-2.14.0+cu130
distilgpt2	torch-eager	warm	2	279	3394.8			torch-2.14.0+cu130
distilgpt2	torch-eager	warm	2	280	3373.4			torch-2.14.0+cu130
distilgpt2	torch-eager	warm	2	281	3428.0			torch-2.14.0+cu130
distilgpt2	torch-eager	warm	2	282	3409.1			torch-2.14.0+cu130
distilgpt2	torch-eager	warm	2	283	3481.1			torch-2.14.0+cu130
distilgpt2	torch-eager	warm	2	284	3455.2			torch-2.14.0+cu130
distilgpt2	torch-eager	warm	2	285	3417.3			torch-2.14.0+cu130
distilgpt2	torch-eager	warm	2	286	3377.9			torch-2.14.0+cu130
distilgpt2	torch-eager	warm	2	287	3392.2			torch-2.14.0+cu130
distilgpt2	torch-eager	warm	2	288	3425.4			torch-2.14.0+cu130
distilgpt2	torch-eager	warm	2	289	3372.7			torch-2.14.0+cu130
distilgpt2	torch-eager	warm	2	290	3373.9			torch-2.14.0+cu130
distilgpt2	torch-eager	warm	2	291	3397.9			torch-2.14.0+cu130
distilgpt2	torch-eager	warm	2	292	3516.9			torch-2.14.0+cu130
distilgpt2	torch-eager	warm	2	293	3402.2			torch-2.14.0+cu130
distilgpt2	torch-eager	warm	2	294	3395.1			torch-2.14.0+cu130
distilgpt2	torch-eager	warm	2	295	3368.4			torch-2.14.0+cu130
distilgpt2	torch-eager	warm	2	296	4333.5			torch-2.14.0+cu130
distilgpt2	torch-eager	warm	2	297	3485.9			torch-2.14.0+cu130
distilgpt2	torch-eager	warm	2	298	3413.4			torch-2.14.0+cu130
distilgpt2	torch-eager	warm	2	299	3426.3			torch-2.14.0+cu130
distilgpt2	ours	warm	2	0	622179.0	0	254	ddc8008cdeaf
distilgpt2	ours	warm	2	1	10184.0	0	93	ddc8008cdeaf
distilgpt2	ours	warm	2	2	1372.8	0	57	ddc8008cdeaf
distilgpt2	ours	warm	2	3	15270.9	0	87	ddc8008cdeaf
distilgpt2	ours	warm	2	4	5921.1	0	77	ddc8008cdeaf
distilgpt2	ours	warm	2	5	4101.0	0	39	ddc8008cdeaf
distilgpt2	ours	warm	2	6	2543.2	0	39	ddc8008cdeaf
distilgpt2	ours	warm	2	7	2095.0	0	39	ddc8008cdeaf
distilgpt2	ours	warm	2	8	1275.1	0	39	ddc8008cdeaf
distilgpt2	ours	warm	2	9	3997.1	0	39	ddc8008cdeaf
distilgpt2	ours	warm	2	10	1316.1	0	39	ddc8008cdeaf
distilgpt2	ours	warm	2	11	1308.0	0	39	ddc8008cdeaf
distilgpt2	ours	warm	2	12	3191.9	0	39	ddc8008cdeaf
distilgpt2	ours	warm	2	13	1289.1	0	39	ddc8008cdeaf
distilgpt2	ours	warm	2	14	1272.0	0	39	ddc8008cdeaf
distilgpt2	ours	warm	2	15	1349.0	0	39	ddc8008cdeaf
distilgpt2	ours	warm	2	16	3099.9	0	39	ddc8008cdeaf
distilgpt2	ours	warm	2	17	1301.1	0	39	ddc8008cdeaf
distilgpt2	ours	warm	2	18	1283.2	0	39	ddc8008cdeaf
distilgpt2	ours	warm	2	19	1277.9	0	39	ddc8008cdeaf
distilgpt2	ours	warm	2	20	1275.1	0	39	ddc8008cdeaf
distilgpt2	ours	warm	2	21	2951.9	0	39	ddc8008cdeaf
distilgpt2	ours	warm	2	22	1282.0	0	39	ddc8008cdeaf
distilgpt2	ours	warm	2	23	1285.1	0	39	ddc8008cdeaf
distilgpt2	ours	warm	2	24	1285.1	0	39	ddc8008cdeaf
distilgpt2	ours	warm	2	25	1284.8	0	39	ddc8008cdeaf
distilgpt2	ours	warm	2	26	1283.9	0	39	ddc8008cdeaf
distilgpt2	ours	warm	2	27	3061.1	0	39	ddc8008cdeaf
distilgpt2	ours	warm	2	28	1278.9	0	39	ddc8008cdeaf
distilgpt2	ours	warm	2	29	1291.0	0	39	ddc8008cdeaf
distilgpt2	ours	warm	2	30	1287.0	0	39	ddc8008cdeaf
distilgpt2	ours	warm	2	31	1276.0	0	39	ddc8008cdeaf
distilgpt2	ours	warm	2	32	1276.0	0	39	ddc8008cdeaf
distilgpt2	ours	warm	2	33	1274.1	0	39	ddc8008cdeaf
distilgpt2	ours	warm	2	34	3339.1	0	39	ddc8008cdeaf
distilgpt2	ours	warm	2	35	1297.0	0	39	ddc8008cdeaf
distilgpt2	ours	warm	2	36	1337.1	0	39	ddc8008cdeaf
distilgpt2	ours	warm	2	37	1297.0	0	39	ddc8008cdeaf
distilgpt2	ours	warm	2	38	1268.1	0	39	ddc8008cdeaf
distilgpt2	ours	warm	2	39	1283.9	0	39	ddc8008cdeaf
distilgpt2	ours	warm	2	40	1276.0	0	39	ddc8008cdeaf
distilgpt2	ours	warm	2	41	1293.9	0	39	ddc8008cdeaf
distilgpt2	ours	warm	2	42	3154.0	0	39	ddc8008cdeaf
distilgpt2	ours	warm	2	43	1275.1	0	39	ddc8008cdeaf
distilgpt2	ours	warm	2	44	1301.1	0	39	ddc8008cdeaf
distilgpt2	ours	warm	2	45	1282.9	0	39	ddc8008cdeaf
distilgpt2	ours	warm	2	46	1270.1	0	39	ddc8008cdeaf
distilgpt2	ours	warm	2	47	1280.1	0	39	ddc8008cdeaf
distilgpt2	ours	warm	2	48	1261.0	0	39	ddc8008cdeaf
distilgpt2	ours	warm	2	49	1282.2	0	39	ddc8008cdeaf
distilgpt2	ours	warm	2	50	1288.9	0	39	ddc8008cdeaf
distilgpt2	ours	warm	2	51	3208.9	0	39	ddc8008cdeaf
distilgpt2	ours	warm	2	52	1280.8	0	39	ddc8008cdeaf
distilgpt2	ours	warm	2	53	1287.0	0	39	ddc8008cdeaf
distilgpt2	ours	warm	2	54	1282.0	0	39	ddc8008cdeaf
distilgpt2	ours	warm	2	55	1301.1	0	39	ddc8008cdeaf
distilgpt2	ours	warm	2	56	1272.0	0	39	ddc8008cdeaf
distilgpt2	ours	warm	2	57	1299.9	0	39	ddc8008cdeaf
distilgpt2	ours	warm	2	58	1270.8	0	39	ddc8008cdeaf
distilgpt2	ours	warm	2	59	1286.0	0	39	ddc8008cdeaf
distilgpt2	ours	warm	2	60	1281.0	0	39	ddc8008cdeaf
distilgpt2	ours	warm	2	61	3413.0	0	39	ddc8008cdeaf
distilgpt2	ours	warm	2	62	1267.0	0	39	ddc8008cdeaf
distilgpt2	ours	warm	2	63	1272.2	0	39	ddc8008cdeaf
distilgpt2	ours	warm	2	64	1292.0	0	39	ddc8008cdeaf
distilgpt2	ours	warm	2	65	1304.9	0	39	ddc8008cdeaf
distilgpt2	ours	warm	2	66	1272.9	0	39	ddc8008cdeaf
distilgpt2	ours	warm	2	67	1277.0	0	39	ddc8008cdeaf
distilgpt2	ours	warm	2	68	1314.9	0	39	ddc8008cdeaf
distilgpt2	ours	warm	2	69	1286.0	0	39	ddc8008cdeaf
distilgpt2	ours	warm	2	70	1280.1	0	39	ddc8008cdeaf
distilgpt2	ours	warm	2	71	1280.1	0	39	ddc8008cdeaf
distilgpt2	ours	warm	2	72	3498.1	0	39	ddc8008cdeaf
distilgpt2	ours	warm	2	73	1303.2	0	39	ddc8008cdeaf
distilgpt2	ours	warm	2	74	1298.9	0	39	ddc8008cdeaf
distilgpt2	ours	warm	2	75	1286.0	0	39	ddc8008cdeaf
distilgpt2	ours	warm	2	76	1282.0	0	39	ddc8008cdeaf
distilgpt2	ours	warm	2	77	1304.9	0	39	ddc8008cdeaf
distilgpt2	ours	warm	2	78	1283.9	0	39	ddc8008cdeaf
distilgpt2	ours	warm	2	79	1277.0	0	39	ddc8008cdeaf
distilgpt2	ours	warm	2	80	1285.1	0	39	ddc8008cdeaf
distilgpt2	ours	warm	2	81	1282.0	0	39	ddc8008cdeaf
distilgpt2	ours	warm	2	82	1281.0	0	39	ddc8008cdeaf
distilgpt2	ours	warm	2	83	1290.1	0	39	ddc8008cdeaf
distilgpt2	ours	warm	2	84	3709.1	0	39	ddc8008cdeaf
distilgpt2	ours	warm	2	85	1292.9	0	39	ddc8008cdeaf
distilgpt2	ours	warm	2	86	1292.0	0	39	ddc8008cdeaf
distilgpt2	ours	warm	2	87	1287.0	0	39	ddc8008cdeaf
distilgpt2	ours	warm	2	88	1282.9	0	39	ddc8008cdeaf
distilgpt2	ours	warm	2	89	1298.0	0	39	ddc8008cdeaf
distilgpt2	ours	warm	2	90	1285.1	0	39	ddc8008cdeaf
distilgpt2	ours	warm	2	91	1284.1	0	39	ddc8008cdeaf
distilgpt2	ours	warm	2	92	1281.0	0	39	ddc8008cdeaf
distilgpt2	ours	warm	2	93	1341.1	0	39	ddc8008cdeaf
distilgpt2	ours	warm	2	94	1308.0	0	39	ddc8008cdeaf
distilgpt2	ours	warm	2	95	1307.0	0	39	ddc8008cdeaf
distilgpt2	ours	warm	2	96	1285.1	0	39	ddc8008cdeaf
distilgpt2	ours	warm	2	97	3950.1	0	39	ddc8008cdeaf
distilgpt2	ours	warm	2	98	1287.9	0	39	ddc8008cdeaf
distilgpt2	ours	warm	2	99	1282.0	0	39	ddc8008cdeaf
distilgpt2	ours	warm	2	100	1277.0	0	39	ddc8008cdeaf
distilgpt2	ours	warm	2	101	1287.0	0	39	ddc8008cdeaf
distilgpt2	ours	warm	2	102	1273.9	0	39	ddc8008cdeaf
distilgpt2	ours	warm	2	103	1281.0	0	39	ddc8008cdeaf
distilgpt2	ours	warm	2	104	1277.2	0	39	ddc8008cdeaf
distilgpt2	ours	warm	2	105	1306.1	0	39	ddc8008cdeaf
distilgpt2	ours	warm	2	106	1288.9	0	39	ddc8008cdeaf
distilgpt2	ours	warm	2	107	1288.9	0	39	ddc8008cdeaf
distilgpt2	ours	warm	2	108	1268.9	0	39	ddc8008cdeaf
distilgpt2	ours	warm	2	109	1279.1	0	39	ddc8008cdeaf
distilgpt2	ours	warm	2	110	1287.9	0	39	ddc8008cdeaf
distilgpt2	ours	warm	2	111	4159.0	0	39	ddc8008cdeaf
distilgpt2	ours	warm	2	112	1290.1	0	39	ddc8008cdeaf
distilgpt2	ours	warm	2	113	1272.9	0	39	ddc8008cdeaf
distilgpt2	ours	warm	2	114	1278.9	0	39	ddc8008cdeaf
distilgpt2	ours	warm	2	115	1322.0	0	39	ddc8008cdeaf
distilgpt2	ours	warm	2	116	1275.1	0	39	ddc8008cdeaf
distilgpt2	ours	warm	2	117	1286.0	0	39	ddc8008cdeaf
distilgpt2	ours	warm	2	118	1289.8	0	39	ddc8008cdeaf
distilgpt2	ours	warm	2	119	1282.9	0	39	ddc8008cdeaf
distilgpt2	ours	warm	2	120	1264.1	0	39	ddc8008cdeaf
distilgpt2	ours	warm	2	121	1298.9	0	39	ddc8008cdeaf
distilgpt2	ours	warm	2	122	1277.0	0	39	ddc8008cdeaf
distilgpt2	ours	warm	2	123	1291.0	0	39	ddc8008cdeaf
distilgpt2	ours	warm	2	124	1308.0	0	39	ddc8008cdeaf
distilgpt2	ours	warm	2	125	1287.0	0	39	ddc8008cdeaf
distilgpt2	ours	warm	2	126	3810.2	0	39	ddc8008cdeaf
distilgpt2	ours	warm	2	127	1288.2	0	39	ddc8008cdeaf
distilgpt2	ours	warm	2	128	1285.1	0	39	ddc8008cdeaf
distilgpt2	ours	warm	2	129	1307.0	0	39	ddc8008cdeaf
distilgpt2	ours	warm	2	130	1267.9	0	39	ddc8008cdeaf
distilgpt2	ours	warm	2	131	1294.9	0	39	ddc8008cdeaf
distilgpt2	ours	warm	2	132	1279.1	0	39	ddc8008cdeaf
distilgpt2	ours	warm	2	133	1346.1	0	39	ddc8008cdeaf
distilgpt2	ours	warm	2	134	1291.0	0	39	ddc8008cdeaf
distilgpt2	ours	warm	2	135	1300.1	0	39	ddc8008cdeaf
distilgpt2	ours	warm	2	136	1349.9	0	39	ddc8008cdeaf
distilgpt2	ours	warm	2	137	1275.1	0	39	ddc8008cdeaf
distilgpt2	ours	warm	2	138	1266.0	0	39	ddc8008cdeaf
distilgpt2	ours	warm	2	139	1274.8	0	39	ddc8008cdeaf
distilgpt2	ours	warm	2	140	1287.2	0	39	ddc8008cdeaf
distilgpt2	ours	warm	2	141	1312.0	0	39	ddc8008cdeaf
distilgpt2	ours	warm	2	142	1292.9	0	39	ddc8008cdeaf
distilgpt2	ours	warm	2	143	1281.0	0	39	ddc8008cdeaf
distilgpt2	ours	warm	2	144	1283.2	0	39	ddc8008cdeaf
distilgpt2	ours	warm	2	145	1277.9	0	39	ddc8008cdeaf
distilgpt2	ours	warm	2	146	1282.0	0	39	ddc8008cdeaf
distilgpt2	ours	warm	2	147	1302.0	0	39	ddc8008cdeaf
distilgpt2	ours	warm	2	148	4198.1	0	39	ddc8008cdeaf
distilgpt2	ours	warm	2	149	1296.0	0	39	ddc8008cdeaf
distilgpt2	ours	warm	2	150	1299.1	0	39	ddc8008cdeaf
distilgpt2	ours	warm	2	151	1286.0	0	39	ddc8008cdeaf
distilgpt2	ours	warm	2	152	1284.8	0	39	ddc8008cdeaf
distilgpt2	ours	warm	2	153	1299.9	0	39	ddc8008cdeaf
distilgpt2	ours	warm	2	154	1286.0	0	39	ddc8008cdeaf
distilgpt2	ours	warm	2	155	1299.9	0	39	ddc8008cdeaf
distilgpt2	ours	warm	2	156	1289.1	0	39	ddc8008cdeaf
distilgpt2	ours	warm	2	157	1312.0	0	39	ddc8008cdeaf
distilgpt2	ours	warm	2	158	1287.0	0	39	ddc8008cdeaf
distilgpt2	ours	warm	2	159	1323.0	0	39	ddc8008cdeaf
distilgpt2	ours	warm	2	160	1296.0	0	39	ddc8008cdeaf
distilgpt2	ours	warm	2	161	1299.1	0	39	ddc8008cdeaf
distilgpt2	ours	warm	2	162	1287.9	0	39	ddc8008cdeaf
distilgpt2	ours	warm	2	163	1268.1	0	39	ddc8008cdeaf
distilgpt2	ours	warm	2	164	1335.9	0	39	ddc8008cdeaf
distilgpt2	ours	warm	2	165	1295.8	0	39	ddc8008cdeaf
distilgpt2	ours	warm	2	166	3894.8	0	39	ddc8008cdeaf
distilgpt2	ours	warm	2	167	1268.9	0	39	ddc8008cdeaf
distilgpt2	ours	warm	2	168	1256.9	0	39	ddc8008cdeaf
distilgpt2	ours	warm	2	169	1245.0	0	39	ddc8008cdeaf
distilgpt2	ours	warm	2	170	1258.9	0	39	ddc8008cdeaf
distilgpt2	ours	warm	2	171	1247.2	0	39	ddc8008cdeaf
distilgpt2	ours	warm	2	172	1245.0	0	39	ddc8008cdeaf
distilgpt2	ours	warm	2	173	1242.9	0	39	ddc8008cdeaf
distilgpt2	ours	warm	2	174	1312.0	0	39	ddc8008cdeaf
distilgpt2	ours	warm	2	175	1297.0	0	39	ddc8008cdeaf
distilgpt2	ours	warm	2	176	1258.1	0	39	ddc8008cdeaf
distilgpt2	ours	warm	2	177	1238.1	0	39	ddc8008cdeaf
distilgpt2	ours	warm	2	178	1234.1	0	39	ddc8008cdeaf
distilgpt2	ours	warm	2	179	1275.1	0	39	ddc8008cdeaf
distilgpt2	ours	warm	2	180	1246.9	0	39	ddc8008cdeaf
distilgpt2	ours	warm	2	181	1251.9	0	39	ddc8008cdeaf
distilgpt2	ours	warm	2	182	1234.1	0	39	ddc8008cdeaf
distilgpt2	ours	warm	2	183	1251.9	0	39	ddc8008cdeaf
distilgpt2	ours	warm	2	184	1253.1	0	39	ddc8008cdeaf
distilgpt2	ours	warm	2	185	1281.0	0	39	ddc8008cdeaf
distilgpt2	ours	warm	2	186	1251.9	0	39	ddc8008cdeaf
distilgpt2	ours	warm	2	187	1246.9	0	39	ddc8008cdeaf
distilgpt2	ours	warm	2	188	1230.0	0	39	ddc8008cdeaf
distilgpt2	ours	warm	2	189	1243.1	0	39	ddc8008cdeaf
distilgpt2	ours	warm	2	190	1247.2	0	39	ddc8008cdeaf
distilgpt2	ours	warm	2	191	1255.0	0	39	ddc8008cdeaf
distilgpt2	ours	warm	2	192	3871.0	0	39	ddc8008cdeaf
distilgpt2	ours	warm	2	193	1247.9	0	39	ddc8008cdeaf
distilgpt2	ours	warm	2	194	1248.1	0	39	ddc8008cdeaf
distilgpt2	ours	warm	2	195	1258.1	0	39	ddc8008cdeaf
distilgpt2	ours	warm	2	196	1296.0	0	39	ddc8008cdeaf
distilgpt2	ours	warm	2	197	1229.0	0	39	ddc8008cdeaf
distilgpt2	ours	warm	2	198	1250.0	0	39	ddc8008cdeaf
distilgpt2	ours	warm	2	199	1254.1	0	39	ddc8008cdeaf
distilgpt2	ours	warm	2	200	1235.0	0	39	ddc8008cdeaf
distilgpt2	ours	warm	2	201	1241.2	0	39	ddc8008cdeaf
distilgpt2	ours	warm	2	202	1254.1	0	39	ddc8008cdeaf
distilgpt2	ours	warm	2	203	1254.1	0	39	ddc8008cdeaf
distilgpt2	ours	warm	2	204	1252.9	0	39	ddc8008cdeaf
distilgpt2	ours	warm	2	205	1256.2	0	39	ddc8008cdeaf
distilgpt2	ours	warm	2	206	1257.9	0	39	ddc8008cdeaf
distilgpt2	ours	warm	2	207	1241.0	0	39	ddc8008cdeaf
distilgpt2	ours	warm	2	208	1265.0	0	39	ddc8008cdeaf
distilgpt2	ours	warm	2	209	1236.9	0	39	ddc8008cdeaf
distilgpt2	ours	warm	2	210	1294.9	0	39	ddc8008cdeaf
distilgpt2	ours	warm	2	211	1247.2	0	39	ddc8008cdeaf
distilgpt2	ours	warm	2	212	1250.0	0	39	ddc8008cdeaf
distilgpt2	ours	warm	2	213	1238.1	0	39	ddc8008cdeaf
distilgpt2	ours	warm	2	214	1255.0	0	39	ddc8008cdeaf
distilgpt2	ours	warm	2	215	1236.0	0	39	ddc8008cdeaf
distilgpt2	ours	warm	2	216	3917.9	0	39	ddc8008cdeaf
distilgpt2	ours	warm	2	217	1241.9	0	39	ddc8008cdeaf
distilgpt2	ours	warm	2	218	1248.1	0	39	ddc8008cdeaf
distilgpt2	ours	warm	2	219	1265.0	0	39	ddc8008cdeaf
distilgpt2	ours	warm	2	220	1267.0	0	39	ddc8008cdeaf
distilgpt2	ours	warm	2	221	1256.0	0	39	ddc8008cdeaf
distilgpt2	ours	warm	2	222	1233.8	0	39	ddc8008cdeaf
distilgpt2	ours	warm	2	223	1243.8	0	39	ddc8008cdeaf
distilgpt2	ours	warm	2	224	1256.0	0	39	ddc8008cdeaf
distilgpt2	ours	warm	2	225	1254.1	0	39	ddc8008cdeaf
distilgpt2	ours	warm	2	226	1236.0	0	39	ddc8008cdeaf
distilgpt2	ours	warm	2	227	1237.9	0	39	ddc8008cdeaf
distilgpt2	ours	warm	2	228	1255.0	0	39	ddc8008cdeaf
distilgpt2	ours	warm	2	229	1247.2	0	39	ddc8008cdeaf
distilgpt2	ours	warm	2	230	1256.9	0	39	ddc8008cdeaf
distilgpt2	ours	warm	2	231	1256.9	0	39	ddc8008cdeaf
distilgpt2	ours	warm	2	232	1246.0	0	39	ddc8008cdeaf
distilgpt2	ours	warm	2	233	1232.1	0	39	ddc8008cdeaf
distilgpt2	ours	warm	2	234	1233.1	0	39	ddc8008cdeaf
distilgpt2	ours	warm	2	235	1288.9	0	39	ddc8008cdeaf
distilgpt2	ours	warm	2	236	1241.0	0	39	ddc8008cdeaf
distilgpt2	ours	warm	2	237	1237.9	0	39	ddc8008cdeaf
distilgpt2	ours	warm	2	238	1257.9	0	39	ddc8008cdeaf
distilgpt2	ours	warm	2	239	1245.0	0	39	ddc8008cdeaf
distilgpt2	ours	warm	2	240	1278.2	0	39	ddc8008cdeaf
distilgpt2	ours	warm	2	241	1250.0	0	39	ddc8008cdeaf
distilgpt2	ours	warm	2	242	1238.1	0	39	ddc8008cdeaf
distilgpt2	ours	warm	2	243	4195.9	0	39	ddc8008cdeaf
distilgpt2	ours	warm	2	244	1310.8	0	39	ddc8008cdeaf
distilgpt2	ours	warm	2	245	1282.2	0	39	ddc8008cdeaf
distilgpt2	ours	warm	2	246	1303.9	0	39	ddc8008cdeaf
distilgpt2	ours	warm	2	247	1249.1	0	39	ddc8008cdeaf
distilgpt2	ours	warm	2	248	1254.1	0	39	ddc8008cdeaf
distilgpt2	ours	warm	2	249	1248.1	0	39	ddc8008cdeaf
distilgpt2	ours	warm	2	250	1237.9	0	39	ddc8008cdeaf
distilgpt2	ours	warm	2	251	1261.9	0	39	ddc8008cdeaf
distilgpt2	ours	warm	2	252	1250.0	0	39	ddc8008cdeaf
distilgpt2	ours	warm	2	253	1246.0	0	39	ddc8008cdeaf
distilgpt2	ours	warm	2	254	1246.0	0	39	ddc8008cdeaf
distilgpt2	ours	warm	2	255	1242.9	0	39	ddc8008cdeaf
distilgpt2	ours	warm	2	256	1256.9	0	39	ddc8008cdeaf
distilgpt2	ours	warm	2	257	1254.1	0	39	ddc8008cdeaf
distilgpt2	ours	warm	2	258	1234.1	0	39	ddc8008cdeaf
distilgpt2	ours	warm	2	259	1236.9	0	39	ddc8008cdeaf
distilgpt2	ours	warm	2	260	1307.0	0	39	ddc8008cdeaf
distilgpt2	ours	warm	2	261	1292.0	0	39	ddc8008cdeaf
distilgpt2	ours	warm	2	262	1242.2	0	39	ddc8008cdeaf
distilgpt2	ours	warm	2	263	1262.9	0	39	ddc8008cdeaf
distilgpt2	ours	warm	2	264	1247.9	0	39	ddc8008cdeaf
distilgpt2	ours	warm	2	265	1252.2	0	39	ddc8008cdeaf
distilgpt2	ours	warm	2	266	1250.0	0	39	ddc8008cdeaf
distilgpt2	ours	warm	2	267	1248.8	0	39	ddc8008cdeaf
distilgpt2	ours	warm	2	268	1242.9	0	39	ddc8008cdeaf
distilgpt2	ours	warm	2	269	1266.0	0	39	ddc8008cdeaf
distilgpt2	ours	warm	2	270	1255.0	0	39	ddc8008cdeaf
distilgpt2	ours	warm	2	271	1301.1	0	39	ddc8008cdeaf
distilgpt2	ours	warm	2	272	4108.0	0	39	ddc8008cdeaf
distilgpt2	ours	warm	2	273	1252.2	0	39	ddc8008cdeaf
distilgpt2	ours	warm	2	274	1272.0	0	39	ddc8008cdeaf
distilgpt2	ours	warm	2	275	1251.0	0	39	ddc8008cdeaf
distilgpt2	ours	warm	2	276	1267.0	0	39	ddc8008cdeaf
distilgpt2	ours	warm	2	277	1255.0	0	39	ddc8008cdeaf
distilgpt2	ours	warm	2	278	1252.2	0	39	ddc8008cdeaf
distilgpt2	ours	warm	2	279	1298.0	0	39	ddc8008cdeaf
distilgpt2	ours	warm	2	280	1271.0	0	39	ddc8008cdeaf
distilgpt2	ours	warm	2	281	1251.0	0	39	ddc8008cdeaf
distilgpt2	ours	warm	2	282	1267.9	0	39	ddc8008cdeaf
distilgpt2	ours	warm	2	283	1268.1	0	39	ddc8008cdeaf
distilgpt2	ours	warm	2	284	1268.9	0	39	ddc8008cdeaf
distilgpt2	ours	warm	2	285	1239.1	0	39	ddc8008cdeaf
distilgpt2	ours	warm	2	286	1304.1	0	39	ddc8008cdeaf
distilgpt2	ours	warm	2	287	1241.9	0	39	ddc8008cdeaf
distilgpt2	ours	warm	2	288	1265.0	0	39	ddc8008cdeaf
distilgpt2	ours	warm	2	289	1263.1	0	39	ddc8008cdeaf
distilgpt2	ours	warm	2	290	1243.1	0	39	ddc8008cdeaf
distilgpt2	ours	warm	2	291	1277.0	0	39	ddc8008cdeaf
distilgpt2	ours	warm	2	292	1276.0	0	39	ddc8008cdeaf
distilgpt2	ours	warm	2	293	1237.2	0	39	ddc8008cdeaf
distilgpt2	ours	warm	2	294	1267.9	0	39	ddc8008cdeaf
distilgpt2	ours	warm	2	295	1317.0	0	39	ddc8008cdeaf
distilgpt2	ours	warm	2	296	1266.0	0	39	ddc8008cdeaf
distilgpt2	ours	warm	2	297	1248.8	0	39	ddc8008cdeaf
distilgpt2	ours	warm	2	298	1249.8	0	39	ddc8008cdeaf
distilgpt2	ours	warm	2	299	1251.9	0	39	ddc8008cdeaf
distilgpt2	torch-compile	warm	2	0	1638447.5			torch-2.14.0+cu130
distilgpt2	torch-compile	warm	2	1	1752.4			torch-2.14.0+cu130
distilgpt2	torch-compile	warm	2	2	1500.8			torch-2.14.0+cu130
distilgpt2	torch-compile	warm	2	3	1470.8			torch-2.14.0+cu130
distilgpt2	torch-compile	warm	2	4	1452.7			torch-2.14.0+cu130
distilgpt2	torch-compile	warm	2	5	1446.2			torch-2.14.0+cu130
distilgpt2	torch-compile	warm	2	6	1520.4			torch-2.14.0+cu130
distilgpt2	torch-compile	warm	2	7	1437.2			torch-2.14.0+cu130
distilgpt2	torch-compile	warm	2	8	1447.4			torch-2.14.0+cu130
distilgpt2	torch-compile	warm	2	9	1443.1			torch-2.14.0+cu130
distilgpt2	torch-compile	warm	2	10	1453.2			torch-2.14.0+cu130
distilgpt2	torch-compile	warm	2	11	1453.6			torch-2.14.0+cu130
distilgpt2	torch-compile	warm	2	12	1433.4			torch-2.14.0+cu130
distilgpt2	torch-compile	warm	2	13	1459.6			torch-2.14.0+cu130
distilgpt2	torch-compile	warm	2	14	1454.1			torch-2.14.0+cu130
distilgpt2	torch-compile	warm	2	15	1439.8			torch-2.14.0+cu130
distilgpt2	torch-compile	warm	2	16	1428.4			torch-2.14.0+cu130
distilgpt2	torch-compile	warm	2	17	1439.8			torch-2.14.0+cu130
distilgpt2	torch-compile	warm	2	18	1436.9			torch-2.14.0+cu130
distilgpt2	torch-compile	warm	2	19	1497.5			torch-2.14.0+cu130
distilgpt2	torch-compile	warm	2	20	1434.3			torch-2.14.0+cu130
distilgpt2	torch-compile	warm	2	21	1466.0			torch-2.14.0+cu130
distilgpt2	torch-compile	warm	2	22	1499.4			torch-2.14.0+cu130
distilgpt2	torch-compile	warm	2	23	1464.4			torch-2.14.0+cu130
distilgpt2	torch-compile	warm	2	24	1437.4			torch-2.14.0+cu130
distilgpt2	torch-compile	warm	2	25	1435.8			torch-2.14.0+cu130
distilgpt2	torch-compile	warm	2	26	1462.7			torch-2.14.0+cu130
distilgpt2	torch-compile	warm	2	27	1431.0			torch-2.14.0+cu130
distilgpt2	torch-compile	warm	2	28	1501.3			torch-2.14.0+cu130
distilgpt2	torch-compile	warm	2	29	1436.5			torch-2.14.0+cu130
distilgpt2	torch-compile	warm	2	30	1479.1			torch-2.14.0+cu130
distilgpt2	torch-compile	warm	2	31	1465.3			torch-2.14.0+cu130
distilgpt2	torch-compile	warm	2	32	1457.0			torch-2.14.0+cu130
distilgpt2	torch-compile	warm	2	33	1478.7			torch-2.14.0+cu130
distilgpt2	torch-compile	warm	2	34	1458.4			torch-2.14.0+cu130
distilgpt2	torch-compile	warm	2	35	1455.3			torch-2.14.0+cu130
distilgpt2	torch-compile	warm	2	36	1435.0			torch-2.14.0+cu130
distilgpt2	torch-compile	warm	2	37	1436.9			torch-2.14.0+cu130
distilgpt2	torch-compile	warm	2	38	1591.4			torch-2.14.0+cu130
distilgpt2	torch-compile	warm	2	39	1439.3			torch-2.14.0+cu130
distilgpt2	torch-compile	warm	2	40	1427.9			torch-2.14.0+cu130
distilgpt2	torch-compile	warm	2	41	1450.3			torch-2.14.0+cu130
distilgpt2	torch-compile	warm	2	42	1464.4			torch-2.14.0+cu130
distilgpt2	torch-compile	warm	2	43	1440.3			torch-2.14.0+cu130
distilgpt2	torch-compile	warm	2	44	1491.5			torch-2.14.0+cu130
distilgpt2	torch-compile	warm	2	45	1428.4			torch-2.14.0+cu130
distilgpt2	torch-compile	warm	2	46	1421.9			torch-2.14.0+cu130
distilgpt2	torch-compile	warm	2	47	1434.3			torch-2.14.0+cu130
distilgpt2	torch-compile	warm	2	48	1420.0			torch-2.14.0+cu130
distilgpt2	torch-compile	warm	2	49	1456.3			torch-2.14.0+cu130
distilgpt2	torch-compile	warm	2	50	1454.8			torch-2.14.0+cu130
distilgpt2	torch-compile	warm	2	51	1423.1			torch-2.14.0+cu130
distilgpt2	torch-compile	warm	2	52	1441.7			torch-2.14.0+cu130
distilgpt2	torch-compile	warm	2	53	1435.0			torch-2.14.0+cu130
distilgpt2	torch-compile	warm	2	54	1454.8			torch-2.14.0+cu130
distilgpt2	torch-compile	warm	2	55	1460.3			torch-2.14.0+cu130
distilgpt2	torch-compile	warm	2	56	1450.3			torch-2.14.0+cu130
distilgpt2	torch-compile	warm	2	57	1471.0			torch-2.14.0+cu130
distilgpt2	torch-compile	warm	2	58	1443.9			torch-2.14.0+cu130
distilgpt2	torch-compile	warm	2	59	1457.0			torch-2.14.0+cu130
distilgpt2	torch-compile	warm	2	60	1485.8			torch-2.14.0+cu130
distilgpt2	torch-compile	warm	2	61	1468.4			torch-2.14.0+cu130
distilgpt2	torch-compile	warm	2	62	1452.0			torch-2.14.0+cu130
distilgpt2	torch-compile	warm	2	63	1466.5			torch-2.14.0+cu130
distilgpt2	torch-compile	warm	2	64	1466.8			torch-2.14.0+cu130
distilgpt2	torch-compile	warm	2	65	1453.9			torch-2.14.0+cu130
distilgpt2	torch-compile	warm	2	66	1456.7			torch-2.14.0+cu130
distilgpt2	torch-compile	warm	2	67	1463.7			torch-2.14.0+cu130
distilgpt2	torch-compile	warm	2	68	1451.3			torch-2.14.0+cu130
distilgpt2	torch-compile	warm	2	69	1450.8			torch-2.14.0+cu130
distilgpt2	torch-compile	warm	2	70	1467.5			torch-2.14.0+cu130
distilgpt2	torch-compile	warm	2	71	1436.5			torch-2.14.0+cu130
distilgpt2	torch-compile	warm	2	72	1445.1			torch-2.14.0+cu130
distilgpt2	torch-compile	warm	2	73	1448.9			torch-2.14.0+cu130
distilgpt2	torch-compile	warm	2	74	1502.5			torch-2.14.0+cu130
distilgpt2	torch-compile	warm	2	75	1449.3			torch-2.14.0+cu130
distilgpt2	torch-compile	warm	2	76	1406.2			torch-2.14.0+cu130
distilgpt2	torch-compile	warm	2	77	1405.5			torch-2.14.0+cu130
distilgpt2	torch-compile	warm	2	78	1427.2			torch-2.14.0+cu130
distilgpt2	torch-compile	warm	2	79	1416.0			torch-2.14.0+cu130
distilgpt2	torch-compile	warm	2	80	1409.1			torch-2.14.0+cu130
distilgpt2	torch-compile	warm	2	81	1422.9			torch-2.14.0+cu130
distilgpt2	torch-compile	warm	2	82	1434.8			torch-2.14.0+cu130
distilgpt2	torch-compile	warm	2	83	1411.2			torch-2.14.0+cu130
distilgpt2	torch-compile	warm	2	84	1431.2			torch-2.14.0+cu130
distilgpt2	torch-compile	warm	2	85	1426.7			torch-2.14.0+cu130
distilgpt2	torch-compile	warm	2	86	1401.2			torch-2.14.0+cu130
distilgpt2	torch-compile	warm	2	87	1383.3			torch-2.14.0+cu130
distilgpt2	torch-compile	warm	2	88	1405.5			torch-2.14.0+cu130
distilgpt2	torch-compile	warm	2	89	1436.9			torch-2.14.0+cu130
distilgpt2	torch-compile	warm	2	90	1418.1			torch-2.14.0+cu130
distilgpt2	torch-compile	warm	2	91	1450.3			torch-2.14.0+cu130
distilgpt2	torch-compile	warm	2	92	1451.3			torch-2.14.0+cu130
distilgpt2	torch-compile	warm	2	93	1435.0			torch-2.14.0+cu130
distilgpt2	torch-compile	warm	2	94	1440.3			torch-2.14.0+cu130
distilgpt2	torch-compile	warm	2	95	1443.4			torch-2.14.0+cu130
distilgpt2	torch-compile	warm	2	96	1424.3			torch-2.14.0+cu130
distilgpt2	torch-compile	warm	2	97	1419.1			torch-2.14.0+cu130
distilgpt2	torch-compile	warm	2	98	1409.8			torch-2.14.0+cu130
distilgpt2	torch-compile	warm	2	99	1407.6			torch-2.14.0+cu130
distilgpt2	torch-compile	warm	2	100	1397.1			torch-2.14.0+cu130
distilgpt2	torch-compile	warm	2	101	1402.1			torch-2.14.0+cu130
distilgpt2	torch-compile	warm	2	102	1424.6			torch-2.14.0+cu130
distilgpt2	torch-compile	warm	2	103	1397.8			torch-2.14.0+cu130
distilgpt2	torch-compile	warm	2	104	1458.9			torch-2.14.0+cu130
distilgpt2	torch-compile	warm	2	105	1405.7			torch-2.14.0+cu130
distilgpt2	torch-compile	warm	2	106	1433.4			torch-2.14.0+cu130
distilgpt2	torch-compile	warm	2	107	1424.3			torch-2.14.0+cu130
distilgpt2	torch-compile	warm	2	108	1440.0			torch-2.14.0+cu130
distilgpt2	torch-compile	warm	2	109	1412.9			torch-2.14.0+cu130
distilgpt2	torch-compile	warm	2	110	1403.8			torch-2.14.0+cu130
distilgpt2	torch-compile	warm	2	111	1426.5			torch-2.14.0+cu130
distilgpt2	torch-compile	warm	2	112	1394.5			torch-2.14.0+cu130
distilgpt2	torch-compile	warm	2	113	1388.5			torch-2.14.0+cu130
distilgpt2	torch-compile	warm	2	114	1431.7			torch-2.14.0+cu130
distilgpt2	torch-compile	warm	2	115	1447.7			torch-2.14.0+cu130
distilgpt2	torch-compile	warm	2	116	1428.4			torch-2.14.0+cu130
distilgpt2	torch-compile	warm	2	117	1399.0			torch-2.14.0+cu130
distilgpt2	torch-compile	warm	2	118	1419.1			torch-2.14.0+cu130
distilgpt2	torch-compile	warm	2	119	1462.9			torch-2.14.0+cu130
distilgpt2	torch-compile	warm	2	120	1413.6			torch-2.14.0+cu130
distilgpt2	torch-compile	warm	2	121	1420.5			torch-2.14.0+cu130
distilgpt2	torch-compile	warm	2	122	1420.5			torch-2.14.0+cu130
distilgpt2	torch-compile	warm	2	123	1482.2			torch-2.14.0+cu130
distilgpt2	torch-compile	warm	2	124	1431.2			torch-2.14.0+cu130
distilgpt2	torch-compile	warm	2	125	1476.8			torch-2.14.0+cu130
distilgpt2	torch-compile	warm	2	126	1460.8			torch-2.14.0+cu130
distilgpt2	torch-compile	warm	2	127	1422.2			torch-2.14.0+cu130
distilgpt2	torch-compile	warm	2	128	1431.9			torch-2.14.0+cu130
distilgpt2	torch-compile	warm	2	129	1424.3			torch-2.14.0+cu130
distilgpt2	torch-compile	warm	2	130	1420.7			torch-2.14.0+cu130
distilgpt2	torch-compile	warm	2	131	1409.1			torch-2.14.0+cu130
distilgpt2	torch-compile	warm	2	132	1405.7			torch-2.14.0+cu130
distilgpt2	torch-compile	warm	2	133	1441.0			torch-2.14.0+cu130
distilgpt2	torch-compile	warm	2	134	1430.0			torch-2.14.0+cu130
distilgpt2	torch-compile	warm	2	135	1477.5			torch-2.14.0+cu130
distilgpt2	torch-compile	warm	2	136	1450.5			torch-2.14.0+cu130
distilgpt2	torch-compile	warm	2	137	1417.6			torch-2.14.0+cu130
distilgpt2	torch-compile	warm	2	138	1440.0			torch-2.14.0+cu130
distilgpt2	torch-compile	warm	2	139	1410.5			torch-2.14.0+cu130
distilgpt2	torch-compile	warm	2	140	1422.9			torch-2.14.0+cu130
distilgpt2	torch-compile	warm	2	141	1399.8			torch-2.14.0+cu130
distilgpt2	torch-compile	warm	2	142	1411.4			torch-2.14.0+cu130
distilgpt2	torch-compile	warm	2	143	1440.0			torch-2.14.0+cu130
distilgpt2	torch-compile	warm	2	144	1425.5			torch-2.14.0+cu130
distilgpt2	torch-compile	warm	2	145	1424.8			torch-2.14.0+cu130
distilgpt2	torch-compile	warm	2	146	1417.4			torch-2.14.0+cu130
distilgpt2	torch-compile	warm	2	147	1395.2			torch-2.14.0+cu130
distilgpt2	torch-compile	warm	2	148	1466.3			torch-2.14.0+cu130
distilgpt2	torch-compile	warm	2	149	1434.1			torch-2.14.0+cu130
distilgpt2	torch-compile	warm	2	150	1433.6			torch-2.14.0+cu130
distilgpt2	torch-compile	warm	2	151	1435.5			torch-2.14.0+cu130
distilgpt2	torch-compile	warm	2	152	1441.5			torch-2.14.0+cu130
distilgpt2	torch-compile	warm	2	153	1418.8			torch-2.14.0+cu130
distilgpt2	torch-compile	warm	2	154	1429.6			torch-2.14.0+cu130
distilgpt2	torch-compile	warm	2	155	1426.2			torch-2.14.0+cu130
distilgpt2	torch-compile	warm	2	156	1397.1			torch-2.14.0+cu130
distilgpt2	torch-compile	warm	2	157	1400.7			torch-2.14.0+cu130
distilgpt2	torch-compile	warm	2	158	1405.2			torch-2.14.0+cu130
distilgpt2	torch-compile	warm	2	159	1384.0			torch-2.14.0+cu130
distilgpt2	torch-compile	warm	2	160	1409.8			torch-2.14.0+cu130
distilgpt2	torch-compile	warm	2	161	1403.1			torch-2.14.0+cu130
distilgpt2	torch-compile	warm	2	162	1413.1			torch-2.14.0+cu130
distilgpt2	torch-compile	warm	2	163	1408.3			torch-2.14.0+cu130
distilgpt2	torch-compile	warm	2	164	1429.1			torch-2.14.0+cu130
distilgpt2	torch-compile	warm	2	165	1411.9			torch-2.14.0+cu130
distilgpt2	torch-compile	warm	2	166	1416.7			torch-2.14.0+cu130
distilgpt2	torch-compile	warm	2	167	1419.8			torch-2.14.0+cu130
distilgpt2	torch-compile	warm	2	168	1423.6			torch-2.14.0+cu130
distilgpt2	torch-compile	warm	2	169	1416.2			torch-2.14.0+cu130
distilgpt2	torch-compile	warm	2	170	1404.8			torch-2.14.0+cu130
distilgpt2	torch-compile	warm	2	171	1409.1			torch-2.14.0+cu130
distilgpt2	torch-compile	warm	2	172	1469.1			torch-2.14.0+cu130
distilgpt2	torch-compile	warm	2	173	1397.6			torch-2.14.0+cu130
distilgpt2	torch-compile	warm	2	174	1453.2			torch-2.14.0+cu130
distilgpt2	torch-compile	warm	2	175	1410.0			torch-2.14.0+cu130
distilgpt2	torch-compile	warm	2	176	1401.9			torch-2.14.0+cu130
distilgpt2	torch-compile	warm	2	177	1417.9			torch-2.14.0+cu130
distilgpt2	torch-compile	warm	2	178	1416.4			torch-2.14.0+cu130
distilgpt2	torch-compile	warm	2	179	1406.4			torch-2.14.0+cu130
distilgpt2	torch-compile	warm	2	180	1440.3			torch-2.14.0+cu130
distilgpt2	torch-compile	warm	2	181	1439.3			torch-2.14.0+cu130
distilgpt2	torch-compile	warm	2	182	1410.7			torch-2.14.0+cu130
distilgpt2	torch-compile	warm	2	183	1402.1			torch-2.14.0+cu130
distilgpt2	torch-compile	warm	2	184	1421.2			torch-2.14.0+cu130
distilgpt2	torch-compile	warm	2	185	1426.5			torch-2.14.0+cu130
distilgpt2	torch-compile	warm	2	186	1457.9			torch-2.14.0+cu130
distilgpt2	torch-compile	warm	2	187	1406.2			torch-2.14.0+cu130
distilgpt2	torch-compile	warm	2	188	1474.4			torch-2.14.0+cu130
distilgpt2	torch-compile	warm	2	189	1421.2			torch-2.14.0+cu130
distilgpt2	torch-compile	warm	2	190	1471.3			torch-2.14.0+cu130
distilgpt2	torch-compile	warm	2	191	1429.3			torch-2.14.0+cu130
distilgpt2	torch-compile	warm	2	192	1436.2			torch-2.14.0+cu130
distilgpt2	torch-compile	warm	2	193	1413.1			torch-2.14.0+cu130
distilgpt2	torch-compile	warm	2	194	1410.2			torch-2.14.0+cu130
distilgpt2	torch-compile	warm	2	195	1430.7			torch-2.14.0+cu130
distilgpt2	torch-compile	warm	2	196	1454.4			torch-2.14.0+cu130
distilgpt2	torch-compile	warm	2	197	1510.6			torch-2.14.0+cu130
distilgpt2	torch-compile	warm	2	198	1470.1			torch-2.14.0+cu130
distilgpt2	torch-compile	warm	2	199	1424.1			torch-2.14.0+cu130
distilgpt2	torch-compile	warm	2	200	1428.8			torch-2.14.0+cu130
distilgpt2	torch-compile	warm	2	201	1422.9			torch-2.14.0+cu130
distilgpt2	torch-compile	warm	2	202	1419.8			torch-2.14.0+cu130
distilgpt2	torch-compile	warm	2	203	1449.3			torch-2.14.0+cu130
distilgpt2	torch-compile	warm	2	204	1426.2			torch-2.14.0+cu130
distilgpt2	torch-compile	warm	2	205	1414.1			torch-2.14.0+cu130
distilgpt2	torch-compile	warm	2	206	1483.9			torch-2.14.0+cu130
distilgpt2	torch-compile	warm	2	207	1470.1			torch-2.14.0+cu130
distilgpt2	torch-compile	warm	2	208	1480.1			torch-2.14.0+cu130
distilgpt2	torch-compile	warm	2	209	1424.8			torch-2.14.0+cu130
distilgpt2	torch-compile	warm	2	210	1404.8			torch-2.14.0+cu130
distilgpt2	torch-compile	warm	2	211	1433.4			torch-2.14.0+cu130
distilgpt2	torch-compile	warm	2	212	1427.9			torch-2.14.0+cu130
distilgpt2	torch-compile	warm	2	213	1444.1			torch-2.14.0+cu130
distilgpt2	torch-compile	warm	2	214	1490.1			torch-2.14.0+cu130
distilgpt2	torch-compile	warm	2	215	1434.6			torch-2.14.0+cu130
distilgpt2	torch-compile	warm	2	216	1410.7			torch-2.14.0+cu130
distilgpt2	torch-compile	warm	2	217	1431.2			torch-2.14.0+cu130
distilgpt2	torch-compile	warm	2	218	1430.0			torch-2.14.0+cu130
distilgpt2	torch-compile	warm	2	219	1394.0			torch-2.14.0+cu130
distilgpt2	torch-compile	warm	2	220	1404.8			torch-2.14.0+cu130
distilgpt2	torch-compile	warm	2	221	1409.3			torch-2.14.0+cu130
distilgpt2	torch-compile	warm	2	222	1401.2			torch-2.14.0+cu130
distilgpt2	torch-compile	warm	2	223	1443.4			torch-2.14.0+cu130
distilgpt2	torch-compile	warm	2	224	1416.2			torch-2.14.0+cu130
distilgpt2	torch-compile	warm	2	225	1443.4			torch-2.14.0+cu130
distilgpt2	torch-compile	warm	2	226	1408.3			torch-2.14.0+cu130
distilgpt2	torch-compile	warm	2	227	1403.3			torch-2.14.0+cu130
distilgpt2	torch-compile	warm	2	228	1443.9			torch-2.14.0+cu130
distilgpt2	torch-compile	warm	2	229	1430.3			torch-2.14.0+cu130
distilgpt2	torch-compile	warm	2	230	1444.6			torch-2.14.0+cu130
distilgpt2	torch-compile	warm	2	231	1457.7			torch-2.14.0+cu130
distilgpt2	torch-compile	warm	2	232	1486.8			torch-2.14.0+cu130
distilgpt2	torch-compile	warm	2	233	1427.2			torch-2.14.0+cu130
distilgpt2	torch-compile	warm	2	234	1409.8			torch-2.14.0+cu130
distilgpt2	torch-compile	warm	2	235	1439.6			torch-2.14.0+cu130
distilgpt2	torch-compile	warm	2	236	1434.6			torch-2.14.0+cu130
distilgpt2	torch-compile	warm	2	237	1396.7			torch-2.14.0+cu130
distilgpt2	torch-compile	warm	2	238	1390.9			torch-2.14.0+cu130
distilgpt2	torch-compile	warm	2	239	1432.7			torch-2.14.0+cu130
distilgpt2	torch-compile	warm	2	240	1408.1			torch-2.14.0+cu130
distilgpt2	torch-compile	warm	2	241	1408.3			torch-2.14.0+cu130
distilgpt2	torch-compile	warm	2	242	1395.9			torch-2.14.0+cu130
distilgpt2	torch-compile	warm	2	243	1424.1			torch-2.14.0+cu130
distilgpt2	torch-compile	warm	2	244	1468.2			torch-2.14.0+cu130
distilgpt2	torch-compile	warm	2	245	1474.4			torch-2.14.0+cu130
distilgpt2	torch-compile	warm	2	246	1457.9			torch-2.14.0+cu130
distilgpt2	torch-compile	warm	2	247	1448.9			torch-2.14.0+cu130
distilgpt2	torch-compile	warm	2	248	1439.1			torch-2.14.0+cu130
distilgpt2	torch-compile	warm	2	249	1439.6			torch-2.14.0+cu130
distilgpt2	torch-compile	warm	2	250	1417.9			torch-2.14.0+cu130
distilgpt2	torch-compile	warm	2	251	1448.4			torch-2.14.0+cu130
distilgpt2	torch-compile	warm	2	252	1426.9			torch-2.14.0+cu130
distilgpt2	torch-compile	warm	2	253	1431.7			torch-2.14.0+cu130
distilgpt2	torch-compile	warm	2	254	1470.3			torch-2.14.0+cu130
distilgpt2	torch-compile	warm	2	255	1473.9			torch-2.14.0+cu130
distilgpt2	torch-compile	warm	2	256	1467.9			torch-2.14.0+cu130
distilgpt2	torch-compile	warm	2	257	1411.2			torch-2.14.0+cu130
distilgpt2	torch-compile	warm	2	258	1421.0			torch-2.14.0+cu130
distilgpt2	torch-compile	warm	2	259	1409.3			torch-2.14.0+cu130
distilgpt2	torch-compile	warm	2	260	1400.9			torch-2.14.0+cu130
distilgpt2	torch-compile	warm	2	261	1434.3			torch-2.14.0+cu130
distilgpt2	torch-compile	warm	2	262	1450.3			torch-2.14.0+cu130
distilgpt2	torch-compile	warm	2	263	1426.0			torch-2.14.0+cu130
distilgpt2	torch-compile	warm	2	264	1415.0			torch-2.14.0+cu130
distilgpt2	torch-compile	warm	2	265	1405.2			torch-2.14.0+cu130
distilgpt2	torch-compile	warm	2	266	1460.8			torch-2.14.0+cu130
distilgpt2	torch-compile	warm	2	267	1411.0			torch-2.14.0+cu130
distilgpt2	torch-compile	warm	2	268	1408.3			torch-2.14.0+cu130
distilgpt2	torch-compile	warm	2	269	1420.0			torch-2.14.0+cu130
distilgpt2	torch-compile	warm	2	270	1390.9			torch-2.14.0+cu130
distilgpt2	torch-compile	warm	2	271	1410.0			torch-2.14.0+cu130
distilgpt2	torch-compile	warm	2	272	1389.5			torch-2.14.0+cu130
distilgpt2	torch-compile	warm	2	273	1434.8			torch-2.14.0+cu130
distilgpt2	torch-compile	warm	2	274	1410.7			torch-2.14.0+cu130
distilgpt2	torch-compile	warm	2	275	1404.0			torch-2.14.0+cu130
distilgpt2	torch-compile	warm	2	276	1404.0			torch-2.14.0+cu130
distilgpt2	torch-compile	warm	2	277	1407.4			torch-2.14.0+cu130
distilgpt2	torch-compile	warm	2	278	1456.7			torch-2.14.0+cu130
distilgpt2	torch-compile	warm	2	279	1441.5			torch-2.14.0+cu130
distilgpt2	torch-compile	warm	2	280	1428.6			torch-2.14.0+cu130
distilgpt2	torch-compile	warm	2	281	1474.4			torch-2.14.0+cu130
distilgpt2	torch-compile	warm	2	282	1404.5			torch-2.14.0+cu130
distilgpt2	torch-compile	warm	2	283	1401.4			torch-2.14.0+cu130
distilgpt2	torch-compile	warm	2	284	1400.2			torch-2.14.0+cu130
distilgpt2	torch-compile	warm	2	285	1384.5			torch-2.14.0+cu130
distilgpt2	torch-compile	warm	2	286	1395.2			torch-2.14.0+cu130
distilgpt2	torch-compile	warm	2	287	1414.1			torch-2.14.0+cu130
distilgpt2	torch-compile	warm	2	288	1462.9			torch-2.14.0+cu130
distilgpt2	torch-compile	warm	2	289	1389.5			torch-2.14.0+cu130
distilgpt2	torch-compile	warm	2	290	1416.9			torch-2.14.0+cu130
distilgpt2	torch-compile	warm	2	291	1402.6			torch-2.14.0+cu130
distilgpt2	torch-compile	warm	2	292	1429.6			torch-2.14.0+cu130
distilgpt2	torch-compile	warm	2	293	1497.7			torch-2.14.0+cu130
distilgpt2	torch-compile	warm	2	294	1436.0			torch-2.14.0+cu130
distilgpt2	torch-compile	warm	2	295	1415.7			torch-2.14.0+cu130
distilgpt2	torch-compile	warm	2	296	1400.9			torch-2.14.0+cu130
distilgpt2	torch-compile	warm	2	297	1422.9			torch-2.14.0+cu130
distilgpt2	torch-compile	warm	2	298	1407.9			torch-2.14.0+cu130
distilgpt2	torch-compile	warm	2	299	1459.1			torch-2.14.0+cu130
distilgpt2	torch-compile-ro	warm	2	0	1706037.3			torch-2.14.0+cu130
distilgpt2	torch-compile-ro	warm	2	1	33924.3			torch-2.14.0+cu130
distilgpt2	torch-compile-ro	warm	2	2	1685.4			torch-2.14.0+cu130
distilgpt2	torch-compile-ro	warm	2	3	1436.7			torch-2.14.0+cu130
distilgpt2	torch-compile-ro	warm	2	4	1391.2			torch-2.14.0+cu130
distilgpt2	torch-compile-ro	warm	2	5	1396.2			torch-2.14.0+cu130
distilgpt2	torch-compile-ro	warm	2	6	1365.4			torch-2.14.0+cu130
distilgpt2	torch-compile-ro	warm	2	7	1376.2			torch-2.14.0+cu130
distilgpt2	torch-compile-ro	warm	2	8	1376.2			torch-2.14.0+cu130
distilgpt2	torch-compile-ro	warm	2	9	1376.6			torch-2.14.0+cu130
distilgpt2	torch-compile-ro	warm	2	10	1368.3			torch-2.14.0+cu130
distilgpt2	torch-compile-ro	warm	2	11	1378.1			torch-2.14.0+cu130
distilgpt2	torch-compile-ro	warm	2	12	1370.9			torch-2.14.0+cu130
distilgpt2	torch-compile-ro	warm	2	13	1432.9			torch-2.14.0+cu130
distilgpt2	torch-compile-ro	warm	2	14	1369.2			torch-2.14.0+cu130
distilgpt2	torch-compile-ro	warm	2	15	1392.6			torch-2.14.0+cu130
distilgpt2	torch-compile-ro	warm	2	16	1371.9			torch-2.14.0+cu130
distilgpt2	torch-compile-ro	warm	2	17	1375.0			torch-2.14.0+cu130
distilgpt2	torch-compile-ro	warm	2	18	1360.4			torch-2.14.0+cu130
distilgpt2	torch-compile-ro	warm	2	19	1385.0			torch-2.14.0+cu130
distilgpt2	torch-compile-ro	warm	2	20	1383.3			torch-2.14.0+cu130
distilgpt2	torch-compile-ro	warm	2	21	1364.5			torch-2.14.0+cu130
distilgpt2	torch-compile-ro	warm	2	22	1394.7			torch-2.14.0+cu130
distilgpt2	torch-compile-ro	warm	2	23	1382.8			torch-2.14.0+cu130
distilgpt2	torch-compile-ro	warm	2	24	1360.7			torch-2.14.0+cu130
distilgpt2	torch-compile-ro	warm	2	25	1376.4			torch-2.14.0+cu130
distilgpt2	torch-compile-ro	warm	2	26	1368.0			torch-2.14.0+cu130
distilgpt2	torch-compile-ro	warm	2	27	1368.0			torch-2.14.0+cu130
distilgpt2	torch-compile-ro	warm	2	28	1366.6			torch-2.14.0+cu130
distilgpt2	torch-compile-ro	warm	2	29	1422.9			torch-2.14.0+cu130
distilgpt2	torch-compile-ro	warm	2	30	1416.2			torch-2.14.0+cu130
distilgpt2	torch-compile-ro	warm	2	31	1373.8			torch-2.14.0+cu130
distilgpt2	torch-compile-ro	warm	2	32	1374.2			torch-2.14.0+cu130
distilgpt2	torch-compile-ro	warm	2	33	1375.7			torch-2.14.0+cu130
distilgpt2	torch-compile-ro	warm	2	34	1398.1			torch-2.14.0+cu130
distilgpt2	torch-compile-ro	warm	2	35	1369.2			torch-2.14.0+cu130
distilgpt2	torch-compile-ro	warm	2	36	1404.0			torch-2.14.0+cu130
distilgpt2	torch-compile-ro	warm	2	37	1380.7			torch-2.14.0+cu130
distilgpt2	torch-compile-ro	warm	2	38	1371.9			torch-2.14.0+cu130
distilgpt2	torch-compile-ro	warm	2	39	1357.3			torch-2.14.0+cu130
distilgpt2	torch-compile-ro	warm	2	40	1384.0			torch-2.14.0+cu130
distilgpt2	torch-compile-ro	warm	2	41	1388.3			torch-2.14.0+cu130
distilgpt2	torch-compile-ro	warm	2	42	1366.9			torch-2.14.0+cu130
distilgpt2	torch-compile-ro	warm	2	43	1362.6			torch-2.14.0+cu130
distilgpt2	torch-compile-ro	warm	2	44	1380.0			torch-2.14.0+cu130
distilgpt2	torch-compile-ro	warm	2	45	1360.2			torch-2.14.0+cu130
distilgpt2	torch-compile-ro	warm	2	46	1387.1			torch-2.14.0+cu130
distilgpt2	torch-compile-ro	warm	2	47	1398.3			torch-2.14.0+cu130
distilgpt2	torch-compile-ro	warm	2	48	1424.3			torch-2.14.0+cu130
distilgpt2	torch-compile-ro	warm	2	49	1361.8			torch-2.14.0+cu130
distilgpt2	torch-compile-ro	warm	2	50	1394.0			torch-2.14.0+cu130
distilgpt2	torch-compile-ro	warm	2	51	1377.8			torch-2.14.0+cu130
distilgpt2	torch-compile-ro	warm	2	52	1385.7			torch-2.14.0+cu130
distilgpt2	torch-compile-ro	warm	2	53	1362.6			torch-2.14.0+cu130
distilgpt2	torch-compile-ro	warm	2	54	1383.1			torch-2.14.0+cu130
distilgpt2	torch-compile-ro	warm	2	55	1358.0			torch-2.14.0+cu130
distilgpt2	torch-compile-ro	warm	2	56	1367.3			torch-2.14.0+cu130
distilgpt2	torch-compile-ro	warm	2	57	1373.1			torch-2.14.0+cu130
distilgpt2	torch-compile-ro	warm	2	58	1366.1			torch-2.14.0+cu130
distilgpt2	torch-compile-ro	warm	2	59	1390.5			torch-2.14.0+cu130
distilgpt2	torch-compile-ro	warm	2	60	1355.4			torch-2.14.0+cu130
distilgpt2	torch-compile-ro	warm	2	61	1376.9			torch-2.14.0+cu130
distilgpt2	torch-compile-ro	warm	2	62	1400.2			torch-2.14.0+cu130
distilgpt2	torch-compile-ro	warm	2	63	1358.0			torch-2.14.0+cu130
distilgpt2	torch-compile-ro	warm	2	64	1367.8			torch-2.14.0+cu130
distilgpt2	torch-compile-ro	warm	2	65	1360.7			torch-2.14.0+cu130
distilgpt2	torch-compile-ro	warm	2	66	1400.0			torch-2.14.0+cu130
distilgpt2	torch-compile-ro	warm	2	67	1402.9			torch-2.14.0+cu130
distilgpt2	torch-compile-ro	warm	2	68	1403.3			torch-2.14.0+cu130
distilgpt2	torch-compile-ro	warm	2	69	1364.5			torch-2.14.0+cu130
distilgpt2	torch-compile-ro	warm	2	70	1386.9			torch-2.14.0+cu130
distilgpt2	torch-compile-ro	warm	2	71	1379.3			torch-2.14.0+cu130
distilgpt2	torch-compile-ro	warm	2	72	1382.8			torch-2.14.0+cu130
distilgpt2	torch-compile-ro	warm	2	73	1364.7			torch-2.14.0+cu130
distilgpt2	torch-compile-ro	warm	2	74	1380.9			torch-2.14.0+cu130
distilgpt2	torch-compile-ro	warm	2	75	1360.2			torch-2.14.0+cu130
distilgpt2	torch-compile-ro	warm	2	76	1346.3			torch-2.14.0+cu130
distilgpt2	torch-compile-ro	warm	2	77	1373.3			torch-2.14.0+cu130
distilgpt2	torch-compile-ro	warm	2	78	1373.5			torch-2.14.0+cu130
distilgpt2	torch-compile-ro	warm	2	79	1356.1			torch-2.14.0+cu130
distilgpt2	torch-compile-ro	warm	2	80	1396.7			torch-2.14.0+cu130
distilgpt2	torch-compile-ro	warm	2	81	1357.3			torch-2.14.0+cu130
distilgpt2	torch-compile-ro	warm	2	82	1367.8			torch-2.14.0+cu130
distilgpt2	torch-compile-ro	warm	2	83	1376.2			torch-2.14.0+cu130
distilgpt2	torch-compile-ro	warm	2	84	1367.1			torch-2.14.0+cu130
distilgpt2	torch-compile-ro	warm	2	85	1364.0			torch-2.14.0+cu130
distilgpt2	torch-compile-ro	warm	2	86	1412.6			torch-2.14.0+cu130
distilgpt2	torch-compile-ro	warm	2	87	1371.4			torch-2.14.0+cu130
distilgpt2	torch-compile-ro	warm	2	88	1386.4			torch-2.14.0+cu130
distilgpt2	torch-compile-ro	warm	2	89	1365.4			torch-2.14.0+cu130
distilgpt2	torch-compile-ro	warm	2	90	1351.4			torch-2.14.0+cu130
distilgpt2	torch-compile-ro	warm	2	91	1375.9			torch-2.14.0+cu130
distilgpt2	torch-compile-ro	warm	2	92	1355.2			torch-2.14.0+cu130
distilgpt2	torch-compile-ro	warm	2	93	1365.9			torch-2.14.0+cu130
distilgpt2	torch-compile-ro	warm	2	94	1358.3			torch-2.14.0+cu130
distilgpt2	torch-compile-ro	warm	2	95	1432.7			torch-2.14.0+cu130
distilgpt2	torch-compile-ro	warm	2	96	1366.9			torch-2.14.0+cu130
distilgpt2	torch-compile-ro	warm	2	97	1361.4			torch-2.14.0+cu130
distilgpt2	torch-compile-ro	warm	2	98	1359.2			torch-2.14.0+cu130
distilgpt2	torch-compile-ro	warm	2	99	1360.2			torch-2.14.0+cu130
distilgpt2	torch-compile-ro	warm	2	100	1319.9			torch-2.14.0+cu130
distilgpt2	torch-compile-ro	warm	2	101	1320.8			torch-2.14.0+cu130
distilgpt2	torch-compile-ro	warm	2	102	1337.5			torch-2.14.0+cu130
distilgpt2	torch-compile-ro	warm	2	103	1319.2			torch-2.14.0+cu130
distilgpt2	torch-compile-ro	warm	2	104	1353.0			torch-2.14.0+cu130
distilgpt2	torch-compile-ro	warm	2	105	1327.0			torch-2.14.0+cu130
distilgpt2	torch-compile-ro	warm	2	106	1355.2			torch-2.14.0+cu130
distilgpt2	torch-compile-ro	warm	2	107	1319.4			torch-2.14.0+cu130
distilgpt2	torch-compile-ro	warm	2	108	1327.0			torch-2.14.0+cu130
distilgpt2	torch-compile-ro	warm	2	109	1350.6			torch-2.14.0+cu130
distilgpt2	torch-compile-ro	warm	2	110	1334.9			torch-2.14.0+cu130
distilgpt2	torch-compile-ro	warm	2	111	1327.0			torch-2.14.0+cu130
distilgpt2	torch-compile-ro	warm	2	112	1329.9			torch-2.14.0+cu130
distilgpt2	torch-compile-ro	warm	2	113	1330.6			torch-2.14.0+cu130
distilgpt2	torch-compile-ro	warm	2	114	1339.2			torch-2.14.0+cu130
distilgpt2	torch-compile-ro	warm	2	115	1339.9			torch-2.14.0+cu130
distilgpt2	torch-compile-ro	warm	2	116	1391.2			torch-2.14.0+cu130
distilgpt2	torch-compile-ro	warm	2	117	1327.5			torch-2.14.0+cu130
distilgpt2	torch-compile-ro	warm	2	118	1313.9			torch-2.14.0+cu130
distilgpt2	torch-compile-ro	warm	2	119	1322.7			torch-2.14.0+cu130
distilgpt2	torch-compile-ro	warm	2	120	1363.0			torch-2.14.0+cu130
distilgpt2	torch-compile-ro	warm	2	121	1328.2			torch-2.14.0+cu130
distilgpt2	torch-compile-ro	warm	2	122	1325.6			torch-2.14.0+cu130
distilgpt2	torch-compile-ro	warm	2	123	1348.5			torch-2.14.0+cu130
distilgpt2	torch-compile-ro	warm	2	124	1348.0			torch-2.14.0+cu130
distilgpt2	torch-compile-ro	warm	2	125	1377.1			torch-2.14.0+cu130
distilgpt2	torch-compile-ro	warm	2	126	1327.0			torch-2.14.0+cu130
distilgpt2	torch-compile-ro	warm	2	127	1323.5			torch-2.14.0+cu130
distilgpt2	torch-compile-ro	warm	2	128	1347.1			torch-2.14.0+cu130
distilgpt2	torch-compile-ro	warm	2	129	1331.1			torch-2.14.0+cu130
distilgpt2	torch-compile-ro	warm	2	130	1318.0			torch-2.14.0+cu130
distilgpt2	torch-compile-ro	warm	2	131	1325.6			torch-2.14.0+cu130
distilgpt2	torch-compile-ro	warm	2	132	1338.0			torch-2.14.0+cu130
distilgpt2	torch-compile-ro	warm	2	133	1313.7			torch-2.14.0+cu130
distilgpt2	torch-compile-ro	warm	2	134	1348.7			torch-2.14.0+cu130
distilgpt2	torch-compile-ro	warm	2	135	1340.9			torch-2.14.0+cu130
distilgpt2	torch-compile-ro	warm	2	136	1337.5			torch-2.14.0+cu130
distilgpt2	torch-compile-ro	warm	2	137	1348.0			torch-2.14.0+cu130
distilgpt2	torch-compile-ro	warm	2	138	1322.7			torch-2.14.0+cu130
distilgpt2	torch-compile-ro	warm	2	139	1316.8			torch-2.14.0+cu130
distilgpt2	torch-compile-ro	warm	2	140	1380.4			torch-2.14.0+cu130
distilgpt2	torch-compile-ro	warm	2	141	1355.4			torch-2.14.0+cu130
distilgpt2	torch-compile-ro	warm	2	142	1321.6			torch-2.14.0+cu130
distilgpt2	torch-compile-ro	warm	2	143	1368.8			torch-2.14.0+cu130
distilgpt2	torch-compile-ro	warm	2	144	1319.2			torch-2.14.0+cu130
distilgpt2	torch-compile-ro	warm	2	145	1341.8			torch-2.14.0+cu130
distilgpt2	torch-compile-ro	warm	2	146	1364.9			torch-2.14.0+cu130
distilgpt2	torch-compile-ro	warm	2	147	1348.0			torch-2.14.0+cu130
distilgpt2	torch-compile-ro	warm	2	148	1359.7			torch-2.14.0+cu130
distilgpt2	torch-compile-ro	warm	2	149	1354.9			torch-2.14.0+cu130
distilgpt2	torch-compile-ro	warm	2	150	1342.5			torch-2.14.0+cu130
distilgpt2	torch-compile-ro	warm	2	151	1339.9			torch-2.14.0+cu130
distilgpt2	torch-compile-ro	warm	2	152	1342.1			torch-2.14.0+cu130
distilgpt2	torch-compile-ro	warm	2	153	1333.5			torch-2.14.0+cu130
distilgpt2	torch-compile-ro	warm	2	154	1330.4			torch-2.14.0+cu130
distilgpt2	torch-compile-ro	warm	2	155	1319.9			torch-2.14.0+cu130
distilgpt2	torch-compile-ro	warm	2	156	1344.2			torch-2.14.0+cu130
distilgpt2	torch-compile-ro	warm	2	157	1331.1			torch-2.14.0+cu130
distilgpt2	torch-compile-ro	warm	2	158	1331.8			torch-2.14.0+cu130
distilgpt2	torch-compile-ro	warm	2	159	1333.5			torch-2.14.0+cu130
distilgpt2	torch-compile-ro	warm	2	160	1320.6			torch-2.14.0+cu130
distilgpt2	torch-compile-ro	warm	2	161	1328.9			torch-2.14.0+cu130
distilgpt2	torch-compile-ro	warm	2	162	1326.1			torch-2.14.0+cu130
distilgpt2	torch-compile-ro	warm	2	163	1372.8			torch-2.14.0+cu130
distilgpt2	torch-compile-ro	warm	2	164	1353.0			torch-2.14.0+cu130
distilgpt2	torch-compile-ro	warm	2	165	1342.1			torch-2.14.0+cu130
distilgpt2	torch-compile-ro	warm	2	166	1334.0			torch-2.14.0+cu130
distilgpt2	torch-compile-ro	warm	2	167	1323.2			torch-2.14.0+cu130
distilgpt2	torch-compile-ro	warm	2	168	1328.5			torch-2.14.0+cu130
distilgpt2	torch-compile-ro	warm	2	169	1328.5			torch-2.14.0+cu130
distilgpt2	torch-compile-ro	warm	2	170	1346.3			torch-2.14.0+cu130
distilgpt2	torch-compile-ro	warm	2	171	1329.2			torch-2.14.0+cu130
distilgpt2	torch-compile-ro	warm	2	172	1345.4			torch-2.14.0+cu130
distilgpt2	torch-compile-ro	warm	2	173	1337.3			torch-2.14.0+cu130
distilgpt2	torch-compile-ro	warm	2	174	1359.7			torch-2.14.0+cu130
distilgpt2	torch-compile-ro	warm	2	175	1353.0			torch-2.14.0+cu130
distilgpt2	torch-compile-ro	warm	2	176	1339.2			torch-2.14.0+cu130
distilgpt2	torch-compile-ro	warm	2	177	1338.0			torch-2.14.0+cu130
distilgpt2	torch-compile-ro	warm	2	178	1328.0			torch-2.14.0+cu130
distilgpt2	torch-compile-ro	warm	2	179	1379.0			torch-2.14.0+cu130
distilgpt2	torch-compile-ro	warm	2	180	1326.6			torch-2.14.0+cu130
distilgpt2	torch-compile-ro	warm	2	181	1323.2			torch-2.14.0+cu130
distilgpt2	torch-compile-ro	warm	2	182	1338.7			torch-2.14.0+cu130
distilgpt2	torch-compile-ro	warm	2	183	1310.8			torch-2.14.0+cu130
distilgpt2	torch-compile-ro	warm	2	184	1331.6			torch-2.14.0+cu130
distilgpt2	torch-compile-ro	warm	2	185	1340.2			torch-2.14.0+cu130
distilgpt2	torch-compile-ro	warm	2	186	1325.8			torch-2.14.0+cu130
distilgpt2	torch-compile-ro	warm	2	187	1325.1			torch-2.14.0+cu130
distilgpt2	torch-compile-ro	warm	2	188	1316.5			torch-2.14.0+cu130
distilgpt2	torch-compile-ro	warm	2	189	1329.4			torch-2.14.0+cu130
distilgpt2	torch-compile-ro	warm	2	190	1354.2			torch-2.14.0+cu130
distilgpt2	torch-compile-ro	warm	2	191	1332.8			torch-2.14.0+cu130
distilgpt2	torch-compile-ro	warm	2	192	1369.7			torch-2.14.0+cu130
distilgpt2	torch-compile-ro	warm	2	193	1339.0			torch-2.14.0+cu130
distilgpt2	torch-compile-ro	warm	2	194	1341.6			torch-2.14.0+cu130
distilgpt2	torch-compile-ro	warm	2	195	1341.8			torch-2.14.0+cu130
distilgpt2	torch-compile-ro	warm	2	196	1337.3			torch-2.14.0+cu130
distilgpt2	torch-compile-ro	warm	2	197	1377.3			torch-2.14.0+cu130
distilgpt2	torch-compile-ro	warm	2	198	1328.7			torch-2.14.0+cu130
distilgpt2	torch-compile-ro	warm	2	199	1341.1			torch-2.14.0+cu130
distilgpt2	torch-compile-ro	warm	2	200	1335.1			torch-2.14.0+cu130
distilgpt2	torch-compile-ro	warm	2	201	1328.7			torch-2.14.0+cu130
distilgpt2	torch-compile-ro	warm	2	202	1328.9			torch-2.14.0+cu130
distilgpt2	torch-compile-ro	warm	2	203	1318.5			torch-2.14.0+cu130
distilgpt2	torch-compile-ro	warm	2	204	1349.4			torch-2.14.0+cu130
distilgpt2	torch-compile-ro	warm	2	205	1319.9			torch-2.14.0+cu130
distilgpt2	torch-compile-ro	warm	2	206	1333.7			torch-2.14.0+cu130
distilgpt2	torch-compile-ro	warm	2	207	1347.3			torch-2.14.0+cu130
distilgpt2	torch-compile-ro	warm	2	208	1331.1			torch-2.14.0+cu130
distilgpt2	torch-compile-ro	warm	2	209	1322.0			torch-2.14.0+cu130
distilgpt2	torch-compile-ro	warm	2	210	1352.5			torch-2.14.0+cu130
distilgpt2	torch-compile-ro	warm	2	211	1338.5			torch-2.14.0+cu130
distilgpt2	torch-compile-ro	warm	2	212	1326.8			torch-2.14.0+cu130
distilgpt2	torch-compile-ro	warm	2	213	1316.1			torch-2.14.0+cu130
distilgpt2	torch-compile-ro	warm	2	214	1323.9			torch-2.14.0+cu130
distilgpt2	torch-compile-ro	warm	2	215	1336.1			torch-2.14.0+cu130
distilgpt2	torch-compile-ro	warm	2	216	1331.3			torch-2.14.0+cu130
distilgpt2	torch-compile-ro	warm	2	217	1342.5			torch-2.14.0+cu130
distilgpt2	torch-compile-ro	warm	2	218	1352.3			torch-2.14.0+cu130
distilgpt2	torch-compile-ro	warm	2	219	1323.9			torch-2.14.0+cu130
distilgpt2	torch-compile-ro	warm	2	220	1337.3			torch-2.14.0+cu130
distilgpt2	torch-compile-ro	warm	2	221	1325.6			torch-2.14.0+cu130
distilgpt2	torch-compile-ro	warm	2	222	1333.0			torch-2.14.0+cu130
distilgpt2	torch-compile-ro	warm	2	223	1392.4			torch-2.14.0+cu130
distilgpt2	torch-compile-ro	warm	2	224	1336.6			torch-2.14.0+cu130
distilgpt2	torch-compile-ro	warm	2	225	1345.2			torch-2.14.0+cu130
distilgpt2	torch-compile-ro	warm	2	226	1371.9			torch-2.14.0+cu130
distilgpt2	torch-compile-ro	warm	2	227	1347.8			torch-2.14.0+cu130
distilgpt2	torch-compile-ro	warm	2	228	1364.9			torch-2.14.0+cu130
distilgpt2	torch-compile-ro	warm	2	229	1343.7			torch-2.14.0+cu130
distilgpt2	torch-compile-ro	warm	2	230	1359.9			torch-2.14.0+cu130
distilgpt2	torch-compile-ro	warm	2	231	1361.8			torch-2.14.0+cu130
distilgpt2	torch-compile-ro	warm	2	232	1330.9			torch-2.14.0+cu130
distilgpt2	torch-compile-ro	warm	2	233	1333.7			torch-2.14.0+cu130
distilgpt2	torch-compile-ro	warm	2	234	1335.9			torch-2.14.0+cu130
distilgpt2	torch-compile-ro	warm	2	235	1345.2			torch-2.14.0+cu130
distilgpt2	torch-compile-ro	warm	2	236	1327.3			torch-2.14.0+cu130
distilgpt2	torch-compile-ro	warm	2	237	1332.0			torch-2.14.0+cu130
distilgpt2	torch-compile-ro	warm	2	238	1329.7			torch-2.14.0+cu130
distilgpt2	torch-compile-ro	warm	2	239	1354.0			torch-2.14.0+cu130
distilgpt2	torch-compile-ro	warm	2	240	1340.2			torch-2.14.0+cu130
distilgpt2	torch-compile-ro	warm	2	241	1360.4			torch-2.14.0+cu130
distilgpt2	torch-compile-ro	warm	2	242	1356.6			torch-2.14.0+cu130
distilgpt2	torch-compile-ro	warm	2	243	1334.0			torch-2.14.0+cu130
distilgpt2	torch-compile-ro	warm	2	244	1330.6			torch-2.14.0+cu130
distilgpt2	torch-compile-ro	warm	2	245	1334.4			torch-2.14.0+cu130
distilgpt2	torch-compile-ro	warm	2	246	1326.6			torch-2.14.0+cu130
distilgpt2	torch-compile-ro	warm	2	247	1358.7			torch-2.14.0+cu130
distilgpt2	torch-compile-ro	warm	2	248	1345.2			torch-2.14.0+cu130
distilgpt2	torch-compile-ro	warm	2	249	1332.8			torch-2.14.0+cu130
distilgpt2	torch-compile-ro	warm	2	250	1333.0			torch-2.14.0+cu130
distilgpt2	torch-compile-ro	warm	2	251	1370.2			torch-2.14.0+cu130
distilgpt2	torch-compile-ro	warm	2	252	1332.0			torch-2.14.0+cu130
distilgpt2	torch-compile-ro	warm	2	253	1371.4			torch-2.14.0+cu130
distilgpt2	torch-compile-ro	warm	2	254	1426.2			torch-2.14.0+cu130
distilgpt2	torch-compile-ro	warm	2	255	1340.4			torch-2.14.0+cu130
distilgpt2	torch-compile-ro	warm	2	256	1331.8			torch-2.14.0+cu130
distilgpt2	torch-compile-ro	warm	2	257	1333.5			torch-2.14.0+cu130
distilgpt2	torch-compile-ro	warm	2	258	1321.6			torch-2.14.0+cu130
distilgpt2	torch-compile-ro	warm	2	259	1327.5			torch-2.14.0+cu130
distilgpt2	torch-compile-ro	warm	2	260	1355.6			torch-2.14.0+cu130
distilgpt2	torch-compile-ro	warm	2	261	1345.2			torch-2.14.0+cu130
distilgpt2	torch-compile-ro	warm	2	262	1340.9			torch-2.14.0+cu130
distilgpt2	torch-compile-ro	warm	2	263	1339.7			torch-2.14.0+cu130
distilgpt2	torch-compile-ro	warm	2	264	1336.6			torch-2.14.0+cu130
distilgpt2	torch-compile-ro	warm	2	265	1335.9			torch-2.14.0+cu130
distilgpt2	torch-compile-ro	warm	2	266	1334.9			torch-2.14.0+cu130
distilgpt2	torch-compile-ro	warm	2	267	1321.8			torch-2.14.0+cu130
distilgpt2	torch-compile-ro	warm	2	268	1334.9			torch-2.14.0+cu130
distilgpt2	torch-compile-ro	warm	2	269	1330.6			torch-2.14.0+cu130
distilgpt2	torch-compile-ro	warm	2	270	1354.2			torch-2.14.0+cu130
distilgpt2	torch-compile-ro	warm	2	271	1348.7			torch-2.14.0+cu130
distilgpt2	torch-compile-ro	warm	2	272	1352.5			torch-2.14.0+cu130
distilgpt2	torch-compile-ro	warm	2	273	1319.9			torch-2.14.0+cu130
distilgpt2	torch-compile-ro	warm	2	274	1342.1			torch-2.14.0+cu130
distilgpt2	torch-compile-ro	warm	2	275	1332.0			torch-2.14.0+cu130
distilgpt2	torch-compile-ro	warm	2	276	1343.5			torch-2.14.0+cu130
distilgpt2	torch-compile-ro	warm	2	277	1344.7			torch-2.14.0+cu130
distilgpt2	torch-compile-ro	warm	2	278	1346.1			torch-2.14.0+cu130
distilgpt2	torch-compile-ro	warm	2	279	1339.4			torch-2.14.0+cu130
distilgpt2	torch-compile-ro	warm	2	280	1359.5			torch-2.14.0+cu130
distilgpt2	torch-compile-ro	warm	2	281	1330.6			torch-2.14.0+cu130
distilgpt2	torch-compile-ro	warm	2	282	1395.9			torch-2.14.0+cu130
distilgpt2	torch-compile-ro	warm	2	283	1333.0			torch-2.14.0+cu130
distilgpt2	torch-compile-ro	warm	2	284	1350.4			torch-2.14.0+cu130
distilgpt2	torch-compile-ro	warm	2	285	1328.0			torch-2.14.0+cu130
distilgpt2	torch-compile-ro	warm	2	286	1337.3			torch-2.14.0+cu130
distilgpt2	torch-compile-ro	warm	2	287	1349.2			torch-2.14.0+cu130
distilgpt2	torch-compile-ro	warm	2	288	1325.4			torch-2.14.0+cu130
distilgpt2	torch-compile-ro	warm	2	289	1400.2			torch-2.14.0+cu130
distilgpt2	torch-compile-ro	warm	2	290	1326.1			torch-2.14.0+cu130
distilgpt2	torch-compile-ro	warm	2	291	1362.1			torch-2.14.0+cu130
distilgpt2	torch-compile-ro	warm	2	292	1356.4			torch-2.14.0+cu130
distilgpt2	torch-compile-ro	warm	2	293	1337.8			torch-2.14.0+cu130
distilgpt2	torch-compile-ro	warm	2	294	1364.2			torch-2.14.0+cu130
distilgpt2	torch-compile-ro	warm	2	295	1362.8			torch-2.14.0+cu130
distilgpt2	torch-compile-ro	warm	2	296	1343.0			torch-2.14.0+cu130
distilgpt2	torch-compile-ro	warm	2	297	1335.9			torch-2.14.0+cu130
distilgpt2	torch-compile-ro	warm	2	298	1335.4			torch-2.14.0+cu130
distilgpt2	torch-compile-ro	warm	2	299	1340.9			torch-2.14.0+cu130
distilgpt2	jax	warm	2	0	55343.4			jax-0.11.1
distilgpt2	jax	warm	2	1	1394.6			jax-0.11.1
distilgpt2	jax	warm	2	2	1329.7			jax-0.11.1
distilgpt2	jax	warm	2	3	1276.5			jax-0.11.1
distilgpt2	jax	warm	2	4	1212.5			jax-0.11.1
distilgpt2	jax	warm	2	5	1196.2			jax-0.11.1
distilgpt2	jax	warm	2	6	1232.5			jax-0.11.1
distilgpt2	jax	warm	2	7	1250.9			jax-0.11.1
distilgpt2	jax	warm	2	8	1215.3			jax-0.11.1
distilgpt2	jax	warm	2	9	1210.4			jax-0.11.1
distilgpt2	jax	warm	2	10	1196.8			jax-0.11.1
distilgpt2	jax	warm	2	11	1227.1			jax-0.11.1
distilgpt2	jax	warm	2	12	1234.3			jax-0.11.1
distilgpt2	jax	warm	2	13	1188.3			jax-0.11.1
distilgpt2	jax	warm	2	14	1212.2			jax-0.11.1
distilgpt2	jax	warm	2	15	1199.1			jax-0.11.1
distilgpt2	jax	warm	2	16	1259.0			jax-0.11.1
distilgpt2	jax	warm	2	17	1187.1			jax-0.11.1
distilgpt2	jax	warm	2	18	1225.0			jax-0.11.1
distilgpt2	jax	warm	2	19	1193.8			jax-0.11.1
distilgpt2	jax	warm	2	20	1200.7			jax-0.11.1
distilgpt2	jax	warm	2	21	1217.6			jax-0.11.1
distilgpt2	jax	warm	2	22	1193.5			jax-0.11.1
distilgpt2	jax	warm	2	23	1158.8			jax-0.11.1
distilgpt2	jax	warm	2	24	1161.9			jax-0.11.1
distilgpt2	jax	warm	2	25	1194.4			jax-0.11.1
distilgpt2	jax	warm	2	26	1188.4			jax-0.11.1
distilgpt2	jax	warm	2	27	1213.9			jax-0.11.1
distilgpt2	jax	warm	2	28	1184.8			jax-0.11.1
distilgpt2	jax	warm	2	29	1184.3			jax-0.11.1
distilgpt2	jax	warm	2	30	1169.9			jax-0.11.1
distilgpt2	jax	warm	2	31	1236.6			jax-0.11.1
distilgpt2	jax	warm	2	32	1236.7			jax-0.11.1
distilgpt2	jax	warm	2	33	1229.5			jax-0.11.1
distilgpt2	jax	warm	2	34	1196.3			jax-0.11.1
distilgpt2	jax	warm	2	35	1209.4			jax-0.11.1
distilgpt2	jax	warm	2	36	1167.1			jax-0.11.1
distilgpt2	jax	warm	2	37	1201.1			jax-0.11.1
distilgpt2	jax	warm	2	38	1193.3			jax-0.11.1
distilgpt2	jax	warm	2	39	1191.0			jax-0.11.1
distilgpt2	jax	warm	2	40	1193.9			jax-0.11.1
distilgpt2	jax	warm	2	41	1176.6			jax-0.11.1
distilgpt2	jax	warm	2	42	1194.3			jax-0.11.1
distilgpt2	jax	warm	2	43	1164.4			jax-0.11.1
distilgpt2	jax	warm	2	44	1197.6			jax-0.11.1
distilgpt2	jax	warm	2	45	1239.2			jax-0.11.1
distilgpt2	jax	warm	2	46	1188.0			jax-0.11.1
distilgpt2	jax	warm	2	47	1179.2			jax-0.11.1
distilgpt2	jax	warm	2	48	1215.7			jax-0.11.1
distilgpt2	jax	warm	2	49	1164.7			jax-0.11.1
distilgpt2	jax	warm	2	50	1205.7			jax-0.11.1
distilgpt2	jax	warm	2	51	1188.7			jax-0.11.1
distilgpt2	jax	warm	2	52	1167.3			jax-0.11.1
distilgpt2	jax	warm	2	53	1188.7			jax-0.11.1
distilgpt2	jax	warm	2	54	1190.9			jax-0.11.1
distilgpt2	jax	warm	2	55	1192.1			jax-0.11.1
distilgpt2	jax	warm	2	56	1221.5			jax-0.11.1
distilgpt2	jax	warm	2	57	1196.0			jax-0.11.1
distilgpt2	jax	warm	2	58	1191.9			jax-0.11.1
distilgpt2	jax	warm	2	59	1160.5			jax-0.11.1
distilgpt2	jax	warm	2	60	1204.2			jax-0.11.1
distilgpt2	jax	warm	2	61	1201.7			jax-0.11.1
distilgpt2	jax	warm	2	62	1163.2			jax-0.11.1
distilgpt2	jax	warm	2	63	1189.9			jax-0.11.1
distilgpt2	jax	warm	2	64	1184.6			jax-0.11.1
distilgpt2	jax	warm	2	65	1174.8			jax-0.11.1
distilgpt2	jax	warm	2	66	1190.6			jax-0.11.1
distilgpt2	jax	warm	2	67	1238.1			jax-0.11.1
distilgpt2	jax	warm	2	68	1186.9			jax-0.11.1
distilgpt2	jax	warm	2	69	1152.4			jax-0.11.1
distilgpt2	jax	warm	2	70	1182.6			jax-0.11.1
distilgpt2	jax	warm	2	71	1198.1			jax-0.11.1
distilgpt2	jax	warm	2	72	1205.2			jax-0.11.1
distilgpt2	jax	warm	2	73	1194.2			jax-0.11.1
distilgpt2	jax	warm	2	74	1220.2			jax-0.11.1
distilgpt2	jax	warm	2	75	1235.2			jax-0.11.1
distilgpt2	jax	warm	2	76	1169.4			jax-0.11.1
distilgpt2	jax	warm	2	77	1214.4			jax-0.11.1
distilgpt2	jax	warm	2	78	1189.3			jax-0.11.1
distilgpt2	jax	warm	2	79	1165.5			jax-0.11.1
distilgpt2	jax	warm	2	80	1163.5			jax-0.11.1
distilgpt2	jax	warm	2	81	1236.0			jax-0.11.1
distilgpt2	jax	warm	2	82	1174.9			jax-0.11.1
distilgpt2	jax	warm	2	83	1158.7			jax-0.11.1
distilgpt2	jax	warm	2	84	1188.3			jax-0.11.1
distilgpt2	jax	warm	2	85	1177.1			jax-0.11.1
distilgpt2	jax	warm	2	86	1191.1			jax-0.11.1
distilgpt2	jax	warm	2	87	1225.0			jax-0.11.1
distilgpt2	jax	warm	2	88	1215.9			jax-0.11.1
distilgpt2	jax	warm	2	89	1164.7			jax-0.11.1
distilgpt2	jax	warm	2	90	1188.4			jax-0.11.1
distilgpt2	jax	warm	2	91	1200.5			jax-0.11.1
distilgpt2	jax	warm	2	92	1187.5			jax-0.11.1
distilgpt2	jax	warm	2	93	1191.2			jax-0.11.1
distilgpt2	jax	warm	2	94	1155.1			jax-0.11.1
distilgpt2	jax	warm	2	95	1153.5			jax-0.11.1
distilgpt2	jax	warm	2	96	1185.3			jax-0.11.1
distilgpt2	jax	warm	2	97	1182.4			jax-0.11.1
distilgpt2	jax	warm	2	98	1207.3			jax-0.11.1
distilgpt2	jax	warm	2	99	1159.4			jax-0.11.1
distilgpt2	jax	warm	2	100	1181.1			jax-0.11.1
distilgpt2	jax	warm	2	101	1190.4			jax-0.11.1
distilgpt2	jax	warm	2	102	1238.1			jax-0.11.1
distilgpt2	jax	warm	2	103	1218.1			jax-0.11.1
distilgpt2	jax	warm	2	104	1194.4			jax-0.11.1
distilgpt2	jax	warm	2	105	1169.8			jax-0.11.1
distilgpt2	jax	warm	2	106	1172.6			jax-0.11.1
distilgpt2	jax	warm	2	107	1210.1			jax-0.11.1
distilgpt2	jax	warm	2	108	1191.6			jax-0.11.1
distilgpt2	jax	warm	2	109	1170.0			jax-0.11.1
distilgpt2	jax	warm	2	110	1172.1			jax-0.11.1
distilgpt2	jax	warm	2	111	1171.5			jax-0.11.1
distilgpt2	jax	warm	2	112	1256.2			jax-0.11.1
distilgpt2	jax	warm	2	113	1259.4			jax-0.11.1
distilgpt2	jax	warm	2	114	1221.1			jax-0.11.1
distilgpt2	jax	warm	2	115	1223.5			jax-0.11.1
distilgpt2	jax	warm	2	116	1220.0			jax-0.11.1
distilgpt2	jax	warm	2	117	1242.9			jax-0.11.1
distilgpt2	jax	warm	2	118	1188.7			jax-0.11.1
distilgpt2	jax	warm	2	119	1213.9			jax-0.11.1
distilgpt2	jax	warm	2	120	1193.4			jax-0.11.1
distilgpt2	jax	warm	2	121	1218.9			jax-0.11.1
distilgpt2	jax	warm	2	122	1216.4			jax-0.11.1
distilgpt2	jax	warm	2	123	1193.4			jax-0.11.1
distilgpt2	jax	warm	2	124	1190.7			jax-0.11.1
distilgpt2	jax	warm	2	125	1160.5			jax-0.11.1
distilgpt2	jax	warm	2	126	1252.0			jax-0.11.1
distilgpt2	jax	warm	2	127	1204.3			jax-0.11.1
distilgpt2	jax	warm	2	128	1191.6			jax-0.11.1
distilgpt2	jax	warm	2	129	1179.4			jax-0.11.1
distilgpt2	jax	warm	2	130	1195.0			jax-0.11.1
distilgpt2	jax	warm	2	131	1201.4			jax-0.11.1
distilgpt2	jax	warm	2	132	1205.2			jax-0.11.1
distilgpt2	jax	warm	2	133	1199.2			jax-0.11.1
distilgpt2	jax	warm	2	134	1197.3			jax-0.11.1
distilgpt2	jax	warm	2	135	1211.7			jax-0.11.1
distilgpt2	jax	warm	2	136	1170.5			jax-0.11.1
distilgpt2	jax	warm	2	137	1200.7			jax-0.11.1
distilgpt2	jax	warm	2	138	1161.7			jax-0.11.1
distilgpt2	jax	warm	2	139	1190.7			jax-0.11.1
distilgpt2	jax	warm	2	140	1197.6			jax-0.11.1
distilgpt2	jax	warm	2	141	1172.6			jax-0.11.1
distilgpt2	jax	warm	2	142	1222.6			jax-0.11.1
distilgpt2	jax	warm	2	143	1160.6			jax-0.11.1
distilgpt2	jax	warm	2	144	1190.2			jax-0.11.1
distilgpt2	jax	warm	2	145	1167.5			jax-0.11.1
distilgpt2	jax	warm	2	146	1167.8			jax-0.11.1
distilgpt2	jax	warm	2	147	1191.6			jax-0.11.1
distilgpt2	jax	warm	2	148	1170.0			jax-0.11.1
distilgpt2	jax	warm	2	149	1209.7			jax-0.11.1
distilgpt2	jax	warm	2	150	1203.7			jax-0.11.1
distilgpt2	jax	warm	2	151	1201.2			jax-0.11.1
distilgpt2	jax	warm	2	152	1201.0			jax-0.11.1
distilgpt2	jax	warm	2	153	1194.5			jax-0.11.1
distilgpt2	jax	warm	2	154	1198.8			jax-0.11.1
distilgpt2	jax	warm	2	155	1191.0			jax-0.11.1
distilgpt2	jax	warm	2	156	1195.3			jax-0.11.1
distilgpt2	jax	warm	2	157	1167.4			jax-0.11.1
distilgpt2	jax	warm	2	158	1180.0			jax-0.11.1
distilgpt2	jax	warm	2	159	1167.0			jax-0.11.1
distilgpt2	jax	warm	2	160	1194.4			jax-0.11.1
distilgpt2	jax	warm	2	161	1167.8			jax-0.11.1
distilgpt2	jax	warm	2	162	1182.2			jax-0.11.1
distilgpt2	jax	warm	2	163	1191.2			jax-0.11.1
distilgpt2	jax	warm	2	164	1194.8			jax-0.11.1
distilgpt2	jax	warm	2	165	1190.2			jax-0.11.1
distilgpt2	jax	warm	2	166	1163.8			jax-0.11.1
distilgpt2	jax	warm	2	167	1172.7			jax-0.11.1
distilgpt2	jax	warm	2	168	1196.4			jax-0.11.1
distilgpt2	jax	warm	2	169	1199.2			jax-0.11.1
distilgpt2	jax	warm	2	170	1190.9			jax-0.11.1
distilgpt2	jax	warm	2	171	1174.8			jax-0.11.1
distilgpt2	jax	warm	2	172	1200.5			jax-0.11.1
distilgpt2	jax	warm	2	173	1214.1			jax-0.11.1
distilgpt2	jax	warm	2	174	1170.7			jax-0.11.1
distilgpt2	jax	warm	2	175	1190.8			jax-0.11.1
distilgpt2	jax	warm	2	176	1174.2			jax-0.11.1
distilgpt2	jax	warm	2	177	1193.3			jax-0.11.1
distilgpt2	jax	warm	2	178	1194.0			jax-0.11.1
distilgpt2	jax	warm	2	179	1185.6			jax-0.11.1
distilgpt2	jax	warm	2	180	1179.3			jax-0.11.1
distilgpt2	jax	warm	2	181	1169.8			jax-0.11.1
distilgpt2	jax	warm	2	182	1171.1			jax-0.11.1
distilgpt2	jax	warm	2	183	1177.3			jax-0.11.1
distilgpt2	jax	warm	2	184	1200.2			jax-0.11.1
distilgpt2	jax	warm	2	185	1167.8			jax-0.11.1
distilgpt2	jax	warm	2	186	1185.9			jax-0.11.1
distilgpt2	jax	warm	2	187	1173.8			jax-0.11.1
distilgpt2	jax	warm	2	188	1176.3			jax-0.11.1
distilgpt2	jax	warm	2	189	1193.4			jax-0.11.1
distilgpt2	jax	warm	2	190	1189.5			jax-0.11.1
distilgpt2	jax	warm	2	191	1170.8			jax-0.11.1
distilgpt2	jax	warm	2	192	1177.8			jax-0.11.1
distilgpt2	jax	warm	2	193	1172.2			jax-0.11.1
distilgpt2	jax	warm	2	194	1199.1			jax-0.11.1
distilgpt2	jax	warm	2	195	1201.4			jax-0.11.1
distilgpt2	jax	warm	2	196	1176.9			jax-0.11.1
distilgpt2	jax	warm	2	197	1172.0			jax-0.11.1
distilgpt2	jax	warm	2	198	1174.9			jax-0.11.1
distilgpt2	jax	warm	2	199	1148.9			jax-0.11.1
distilgpt2	jax	warm	2	200	1186.7			jax-0.11.1
distilgpt2	jax	warm	2	201	1193.2			jax-0.11.1
distilgpt2	jax	warm	2	202	1179.5			jax-0.11.1
distilgpt2	jax	warm	2	203	1172.6			jax-0.11.1
distilgpt2	jax	warm	2	204	1175.1			jax-0.11.1
distilgpt2	jax	warm	2	205	1191.2			jax-0.11.1
distilgpt2	jax	warm	2	206	1201.4			jax-0.11.1
distilgpt2	jax	warm	2	207	1169.7			jax-0.11.1
distilgpt2	jax	warm	2	208	1171.7			jax-0.11.1
distilgpt2	jax	warm	2	209	1173.3			jax-0.11.1
distilgpt2	jax	warm	2	210	1187.5			jax-0.11.1
distilgpt2	jax	warm	2	211	1180.2			jax-0.11.1
distilgpt2	jax	warm	2	212	1185.2			jax-0.11.1
distilgpt2	jax	warm	2	213	1177.8			jax-0.11.1
distilgpt2	jax	warm	2	214	1177.0			jax-0.11.1
distilgpt2	jax	warm	2	215	1147.2			jax-0.11.1
distilgpt2	jax	warm	2	216	1184.7			jax-0.11.1
distilgpt2	jax	warm	2	217	1210.7			jax-0.11.1
distilgpt2	jax	warm	2	218	1185.0			jax-0.11.1
distilgpt2	jax	warm	2	219	1174.8			jax-0.11.1
distilgpt2	jax	warm	2	220	1173.5			jax-0.11.1
distilgpt2	jax	warm	2	221	1183.4			jax-0.11.1
distilgpt2	jax	warm	2	222	1180.1			jax-0.11.1
distilgpt2	jax	warm	2	223	1202.3			jax-0.11.1
distilgpt2	jax	warm	2	224	1141.4			jax-0.11.1
distilgpt2	jax	warm	2	225	1181.1			jax-0.11.1
distilgpt2	jax	warm	2	226	1173.0			jax-0.11.1
distilgpt2	jax	warm	2	227	1183.6			jax-0.11.1
distilgpt2	jax	warm	2	228	1203.8			jax-0.11.1
distilgpt2	jax	warm	2	229	1182.8			jax-0.11.1
distilgpt2	jax	warm	2	230	1179.6			jax-0.11.1
distilgpt2	jax	warm	2	231	1156.0			jax-0.11.1
distilgpt2	jax	warm	2	232	1173.2			jax-0.11.1
distilgpt2	jax	warm	2	233	1184.0			jax-0.11.1
distilgpt2	jax	warm	2	234	1181.2			jax-0.11.1
distilgpt2	jax	warm	2	235	1172.3			jax-0.11.1
distilgpt2	jax	warm	2	236	1187.1			jax-0.11.1
distilgpt2	jax	warm	2	237	1182.9			jax-0.11.1
distilgpt2	jax	warm	2	238	1191.3			jax-0.11.1
distilgpt2	jax	warm	2	239	1212.9			jax-0.11.1
distilgpt2	jax	warm	2	240	1147.7			jax-0.11.1
distilgpt2	jax	warm	2	241	1168.1			jax-0.11.1
distilgpt2	jax	warm	2	242	1174.5			jax-0.11.1
distilgpt2	jax	warm	2	243	1171.9			jax-0.11.1
distilgpt2	jax	warm	2	244	1179.0			jax-0.11.1
distilgpt2	jax	warm	2	245	1181.9			jax-0.11.1
distilgpt2	jax	warm	2	246	1170.9			jax-0.11.1
distilgpt2	jax	warm	2	247	1180.7			jax-0.11.1
distilgpt2	jax	warm	2	248	1179.9			jax-0.11.1
distilgpt2	jax	warm	2	249	1192.0			jax-0.11.1
distilgpt2	jax	warm	2	250	1196.0			jax-0.11.1
distilgpt2	jax	warm	2	251	1170.6			jax-0.11.1
distilgpt2	jax	warm	2	252	1170.7			jax-0.11.1
distilgpt2	jax	warm	2	253	1180.4			jax-0.11.1
distilgpt2	jax	warm	2	254	1175.6			jax-0.11.1
distilgpt2	jax	warm	2	255	1174.3			jax-0.11.1
distilgpt2	jax	warm	2	256	1194.1			jax-0.11.1
distilgpt2	jax	warm	2	257	1183.1			jax-0.11.1
distilgpt2	jax	warm	2	258	1184.1			jax-0.11.1
distilgpt2	jax	warm	2	259	1146.5			jax-0.11.1
distilgpt2	jax	warm	2	260	1187.6			jax-0.11.1
distilgpt2	jax	warm	2	261	1199.7			jax-0.11.1
distilgpt2	jax	warm	2	262	1186.7			jax-0.11.1
distilgpt2	jax	warm	2	263	1172.4			jax-0.11.1
distilgpt2	jax	warm	2	264	1177.3			jax-0.11.1
distilgpt2	jax	warm	2	265	1159.2			jax-0.11.1
distilgpt2	jax	warm	2	266	1186.0			jax-0.11.1
distilgpt2	jax	warm	2	267	1173.4			jax-0.11.1
distilgpt2	jax	warm	2	268	1177.8			jax-0.11.1
distilgpt2	jax	warm	2	269	1188.8			jax-0.11.1
distilgpt2	jax	warm	2	270	1170.7			jax-0.11.1
distilgpt2	jax	warm	2	271	1182.4			jax-0.11.1
distilgpt2	jax	warm	2	272	1201.5			jax-0.11.1
distilgpt2	jax	warm	2	273	1177.9			jax-0.11.1
distilgpt2	jax	warm	2	274	1173.1			jax-0.11.1
distilgpt2	jax	warm	2	275	1174.7			jax-0.11.1
distilgpt2	jax	warm	2	276	1173.5			jax-0.11.1
distilgpt2	jax	warm	2	277	1186.6			jax-0.11.1
distilgpt2	jax	warm	2	278	1169.8			jax-0.11.1
distilgpt2	jax	warm	2	279	1173.6			jax-0.11.1
distilgpt2	jax	warm	2	280	1180.0			jax-0.11.1
distilgpt2	jax	warm	2	281	1174.6			jax-0.11.1
distilgpt2	jax	warm	2	282	1191.0			jax-0.11.1
distilgpt2	jax	warm	2	283	1215.3			jax-0.11.1
distilgpt2	jax	warm	2	284	1170.7			jax-0.11.1
distilgpt2	jax	warm	2	285	1180.8			jax-0.11.1
distilgpt2	jax	warm	2	286	1176.9			jax-0.11.1
distilgpt2	jax	warm	2	287	1186.8			jax-0.11.1
distilgpt2	jax	warm	2	288	1188.0			jax-0.11.1
distilgpt2	jax	warm	2	289	1178.7			jax-0.11.1
distilgpt2	jax	warm	2	290	1168.4			jax-0.11.1
distilgpt2	jax	warm	2	291	1176.1			jax-0.11.1
distilgpt2	jax	warm	2	292	1142.6			jax-0.11.1
distilgpt2	jax	warm	2	293	1178.2			jax-0.11.1
distilgpt2	jax	warm	2	294	1201.4			jax-0.11.1
distilgpt2	jax	warm	2	295	1174.9			jax-0.11.1
distilgpt2	jax	warm	2	296	1175.7			jax-0.11.1
distilgpt2	jax	warm	2	297	1168.1			jax-0.11.1
distilgpt2	jax	warm	2	298	1170.0			jax-0.11.1
distilgpt2	jax	warm	2	299	1173.9			jax-0.11.1
distilgpt2	torch-eager	warm	3	0	153111.2			torch-2.14.0+cu130
distilgpt2	torch-eager	warm	3	1	3625.2			torch-2.14.0+cu130
distilgpt2	torch-eager	warm	3	2	3327.6			torch-2.14.0+cu130
distilgpt2	torch-eager	warm	3	3	3352.6			torch-2.14.0+cu130
distilgpt2	torch-eager	warm	3	4	3279.0			torch-2.14.0+cu130
distilgpt2	torch-eager	warm	3	5	3299.7			torch-2.14.0+cu130
distilgpt2	torch-eager	warm	3	6	3264.2			torch-2.14.0+cu130
distilgpt2	torch-eager	warm	3	7	3301.4			torch-2.14.0+cu130
distilgpt2	torch-eager	warm	3	8	3251.3			torch-2.14.0+cu130
distilgpt2	torch-eager	warm	3	9	3270.9			torch-2.14.0+cu130
distilgpt2	torch-eager	warm	3	10	3265.6			torch-2.14.0+cu130
distilgpt2	torch-eager	warm	3	11	3240.3			torch-2.14.0+cu130
distilgpt2	torch-eager	warm	3	12	3288.0			torch-2.14.0+cu130
distilgpt2	torch-eager	warm	3	13	3229.1			torch-2.14.0+cu130
distilgpt2	torch-eager	warm	3	14	3284.0			torch-2.14.0+cu130
distilgpt2	torch-eager	warm	3	15	3268.5			torch-2.14.0+cu130
distilgpt2	torch-eager	warm	3	16	3254.7			torch-2.14.0+cu130
distilgpt2	torch-eager	warm	3	17	3268.5			torch-2.14.0+cu130
distilgpt2	torch-eager	warm	3	18	3251.6			torch-2.14.0+cu130
distilgpt2	torch-eager	warm	3	19	3244.9			torch-2.14.0+cu130
distilgpt2	torch-eager	warm	3	20	3244.4			torch-2.14.0+cu130
distilgpt2	torch-eager	warm	3	21	3336.4			torch-2.14.0+cu130
distilgpt2	torch-eager	warm	3	22	3236.1			torch-2.14.0+cu130
distilgpt2	torch-eager	warm	3	23	3300.7			torch-2.14.0+cu130
distilgpt2	torch-eager	warm	3	24	3253.5			torch-2.14.0+cu130
distilgpt2	torch-eager	warm	3	25	3268.0			torch-2.14.0+cu130
distilgpt2	torch-eager	warm	3	26	3337.9			torch-2.14.0+cu130
distilgpt2	torch-eager	warm	3	27	3229.9			torch-2.14.0+cu130
distilgpt2	torch-eager	warm	3	28	3263.0			torch-2.14.0+cu130
distilgpt2	torch-eager	warm	3	29	3277.3			torch-2.14.0+cu130
distilgpt2	torch-eager	warm	3	30	3264.0			torch-2.14.0+cu130
distilgpt2	torch-eager	warm	3	31	3350.5			torch-2.14.0+cu130
distilgpt2	torch-eager	warm	3	32	3247.3			torch-2.14.0+cu130
distilgpt2	torch-eager	warm	3	33	3293.5			torch-2.14.0+cu130
distilgpt2	torch-eager	warm	3	34	3260.4			torch-2.14.0+cu130
distilgpt2	torch-eager	warm	3	35	3289.9			torch-2.14.0+cu130
distilgpt2	torch-eager	warm	3	36	3259.7			torch-2.14.0+cu130
distilgpt2	torch-eager	warm	3	37	3367.9			torch-2.14.0+cu130
distilgpt2	torch-eager	warm	3	38	3336.2			torch-2.14.0+cu130
distilgpt2	torch-eager	warm	3	39	3465.4			torch-2.14.0+cu130
distilgpt2	torch-eager	warm	3	40	3363.6			torch-2.14.0+cu130
distilgpt2	torch-eager	warm	3	41	3318.1			torch-2.14.0+cu130
distilgpt2	torch-eager	warm	3	42	3277.1			torch-2.14.0+cu130
distilgpt2	torch-eager	warm	3	43	3291.4			torch-2.14.0+cu130
distilgpt2	torch-eager	warm	3	44	3289.7			torch-2.14.0+cu130
distilgpt2	torch-eager	warm	3	45	3285.9			torch-2.14.0+cu130
distilgpt2	torch-eager	warm	3	46	3246.8			torch-2.14.0+cu130
distilgpt2	torch-eager	warm	3	47	3258.5			torch-2.14.0+cu130
distilgpt2	torch-eager	warm	3	48	3260.1			torch-2.14.0+cu130
distilgpt2	torch-eager	warm	3	49	3240.1			torch-2.14.0+cu130
distilgpt2	torch-eager	warm	3	50	3292.3			torch-2.14.0+cu130
distilgpt2	torch-eager	warm	3	51	3307.3			torch-2.14.0+cu130
distilgpt2	torch-eager	warm	3	52	3278.0			torch-2.14.0+cu130
distilgpt2	torch-eager	warm	3	53	3305.0			torch-2.14.0+cu130
distilgpt2	torch-eager	warm	3	54	3294.9			torch-2.14.0+cu130
distilgpt2	torch-eager	warm	3	55	3284.2			torch-2.14.0+cu130
distilgpt2	torch-eager	warm	3	56	3292.1			torch-2.14.0+cu130
distilgpt2	torch-eager	warm	3	57	3303.5			torch-2.14.0+cu130
distilgpt2	torch-eager	warm	3	58	3266.6			torch-2.14.0+cu130
distilgpt2	torch-eager	warm	3	59	3269.0			torch-2.14.0+cu130
distilgpt2	torch-eager	warm	3	60	3296.4			torch-2.14.0+cu130
distilgpt2	torch-eager	warm	3	61	3293.8			torch-2.14.0+cu130
distilgpt2	torch-eager	warm	3	62	3334.0			torch-2.14.0+cu130
distilgpt2	torch-eager	warm	3	63	3317.8			torch-2.14.0+cu130
distilgpt2	torch-eager	warm	3	64	3366.9			torch-2.14.0+cu130
distilgpt2	torch-eager	warm	3	65	3298.8			torch-2.14.0+cu130
distilgpt2	torch-eager	warm	3	66	3306.9			torch-2.14.0+cu130
distilgpt2	torch-eager	warm	3	67	3287.8			torch-2.14.0+cu130
distilgpt2	torch-eager	warm	3	68	3295.2			torch-2.14.0+cu130
distilgpt2	torch-eager	warm	3	69	3310.9			torch-2.14.0+cu130
distilgpt2	torch-eager	warm	3	70	3291.6			torch-2.14.0+cu130
distilgpt2	torch-eager	warm	3	71	3310.7			torch-2.14.0+cu130
distilgpt2	torch-eager	warm	3	72	3255.1			torch-2.14.0+cu130
distilgpt2	torch-eager	warm	3	73	3294.7			torch-2.14.0+cu130
distilgpt2	torch-eager	warm	3	74	3301.1			torch-2.14.0+cu130
distilgpt2	torch-eager	warm	3	75	3253.5			torch-2.14.0+cu130
distilgpt2	torch-eager	warm	3	76	3297.6			torch-2.14.0+cu130
distilgpt2	torch-eager	warm	3	77	3385.5			torch-2.14.0+cu130
distilgpt2	torch-eager	warm	3	78	3319.3			torch-2.14.0+cu130
distilgpt2	torch-eager	warm	3	79	3335.0			torch-2.14.0+cu130
distilgpt2	torch-eager	warm	3	80	3300.7			torch-2.14.0+cu130
distilgpt2	torch-eager	warm	3	81	3292.3			torch-2.14.0+cu130
distilgpt2	torch-eager	warm	3	82	3225.8			torch-2.14.0+cu130
distilgpt2	torch-eager	warm	3	83	3296.1			torch-2.14.0+cu130
distilgpt2	torch-eager	warm	3	84	3309.2			torch-2.14.0+cu130
distilgpt2	torch-eager	warm	3	85	3268.0			torch-2.14.0+cu130
distilgpt2	torch-eager	warm	3	86	3282.3			torch-2.14.0+cu130
distilgpt2	torch-eager	warm	3	87	3227.0			torch-2.14.0+cu130
distilgpt2	torch-eager	warm	3	88	3220.1			torch-2.14.0+cu130
distilgpt2	torch-eager	warm	3	89	3252.3			torch-2.14.0+cu130
distilgpt2	torch-eager	warm	3	90	3246.8			torch-2.14.0+cu130
distilgpt2	torch-eager	warm	3	91	3254.7			torch-2.14.0+cu130
distilgpt2	torch-eager	warm	3	92	3264.4			torch-2.14.0+cu130
distilgpt2	torch-eager	warm	3	93	3391.0			torch-2.14.0+cu130
distilgpt2	torch-eager	warm	3	94	3283.0			torch-2.14.0+cu130
distilgpt2	torch-eager	warm	3	95	3260.4			torch-2.14.0+cu130
distilgpt2	torch-eager	warm	3	96	3247.3			torch-2.14.0+cu130
distilgpt2	torch-eager	warm	3	97	3217.5			torch-2.14.0+cu130
distilgpt2	torch-eager	warm	3	98	3245.1			torch-2.14.0+cu130
distilgpt2	torch-eager	warm	3	99	3263.0			torch-2.14.0+cu130
distilgpt2	torch-eager	warm	3	100	3315.0			torch-2.14.0+cu130
distilgpt2	torch-eager	warm	3	101	3296.1			torch-2.14.0+cu130
distilgpt2	torch-eager	warm	3	102	3267.3			torch-2.14.0+cu130
distilgpt2	torch-eager	warm	3	103	3259.4			torch-2.14.0+cu130
distilgpt2	torch-eager	warm	3	104	3283.7			torch-2.14.0+cu130
distilgpt2	torch-eager	warm	3	105	3263.7			torch-2.14.0+cu130
distilgpt2	torch-eager	warm	3	106	3244.4			torch-2.14.0+cu130
distilgpt2	torch-eager	warm	3	107	3238.7			torch-2.14.0+cu130
distilgpt2	torch-eager	warm	3	108	3257.3			torch-2.14.0+cu130
distilgpt2	torch-eager	warm	3	109	3277.5			torch-2.14.0+cu130
distilgpt2	torch-eager	warm	3	110	3230.8			torch-2.14.0+cu130
distilgpt2	torch-eager	warm	3	111	3246.3			torch-2.14.0+cu130
distilgpt2	torch-eager	warm	3	112	3265.9			torch-2.14.0+cu130
distilgpt2	torch-eager	warm	3	113	3302.8			torch-2.14.0+cu130
distilgpt2	torch-eager	warm	3	114	3276.1			torch-2.14.0+cu130
distilgpt2	torch-eager	warm	3	115	3285.4			torch-2.14.0+cu130
distilgpt2	torch-eager	warm	3	116	3277.5			torch-2.14.0+cu130
distilgpt2	torch-eager	warm	3	117	3263.7			torch-2.14.0+cu130
distilgpt2	torch-eager	warm	3	118	3331.7			torch-2.14.0+cu130
distilgpt2	torch-eager	warm	3	119	3268.5			torch-2.14.0+cu130
distilgpt2	torch-eager	warm	3	120	3237.5			torch-2.14.0+cu130
distilgpt2	torch-eager	warm	3	121	3284.7			torch-2.14.0+cu130
distilgpt2	torch-eager	warm	3	122	3243.9			torch-2.14.0+cu130
distilgpt2	torch-eager	warm	3	123	3285.4			torch-2.14.0+cu130
distilgpt2	torch-eager	warm	3	124	3284.9			torch-2.14.0+cu130
distilgpt2	torch-eager	warm	3	125	3293.8			torch-2.14.0+cu130
distilgpt2	torch-eager	warm	3	126	3271.3			torch-2.14.0+cu130
distilgpt2	torch-eager	warm	3	127	3268.0			torch-2.14.0+cu130
distilgpt2	torch-eager	warm	3	128	3296.6			torch-2.14.0+cu130
distilgpt2	torch-eager	warm	3	129	3283.5			torch-2.14.0+cu130
distilgpt2	torch-eager	warm	3	130	3293.8			torch-2.14.0+cu130
distilgpt2	torch-eager	warm	3	131	3239.4			torch-2.14.0+cu130
distilgpt2	torch-eager	warm	3	132	3261.3			torch-2.14.0+cu130
distilgpt2	torch-eager	warm	3	133	3262.3			torch-2.14.0+cu130
distilgpt2	torch-eager	warm	3	134	3289.5			torch-2.14.0+cu130
distilgpt2	torch-eager	warm	3	135	3256.8			torch-2.14.0+cu130
distilgpt2	torch-eager	warm	3	136	3226.8			torch-2.14.0+cu130
distilgpt2	torch-eager	warm	3	137	3241.3			torch-2.14.0+cu130
distilgpt2	torch-eager	warm	3	138	3246.1			torch-2.14.0+cu130
distilgpt2	torch-eager	warm	3	139	3268.7			torch-2.14.0+cu130
distilgpt2	torch-eager	warm	3	140	3254.7			torch-2.14.0+cu130
distilgpt2	torch-eager	warm	3	141	3229.9			torch-2.14.0+cu130
distilgpt2	torch-eager	warm	3	142	3300.9			torch-2.14.0+cu130
distilgpt2	torch-eager	warm	3	143	3290.9			torch-2.14.0+cu130
distilgpt2	torch-eager	warm	3	144	3280.6			torch-2.14.0+cu130
distilgpt2	torch-eager	warm	3	145	3284.0			torch-2.14.0+cu130
distilgpt2	torch-eager	warm	3	146	3246.5			torch-2.14.0+cu130
distilgpt2	torch-eager	warm	3	147	3235.1			torch-2.14.0+cu130
distilgpt2	torch-eager	warm	3	148	3378.4			torch-2.14.0+cu130
distilgpt2	torch-eager	warm	3	149	3329.5			torch-2.14.0+cu130
distilgpt2	torch-eager	warm	3	150	3238.7			torch-2.14.0+cu130
distilgpt2	torch-eager	warm	3	151	3269.2			torch-2.14.0+cu130
distilgpt2	torch-eager	warm	3	152	3315.2			torch-2.14.0+cu130
distilgpt2	torch-eager	warm	3	153	3226.3			torch-2.14.0+cu130
distilgpt2	torch-eager	warm	3	154	3263.5			torch-2.14.0+cu130
distilgpt2	torch-eager	warm	3	155	3302.8			torch-2.14.0+cu130
distilgpt2	torch-eager	warm	3	156	3248.0			torch-2.14.0+cu130
distilgpt2	torch-eager	warm	3	157	3209.1			torch-2.14.0+cu130
distilgpt2	torch-eager	warm	3	158	3232.2			torch-2.14.0+cu130
distilgpt2	torch-eager	warm	3	159	3270.6			torch-2.14.0+cu130
distilgpt2	torch-eager	warm	3	160	3236.1			torch-2.14.0+cu130
distilgpt2	torch-eager	warm	3	161	3316.4			torch-2.14.0+cu130
distilgpt2	torch-eager	warm	3	162	3284.7			torch-2.14.0+cu130
distilgpt2	torch-eager	warm	3	163	3229.4			torch-2.14.0+cu130
distilgpt2	torch-eager	warm	3	164	3286.4			torch-2.14.0+cu130
distilgpt2	torch-eager	warm	3	165	3262.8			torch-2.14.0+cu130
distilgpt2	torch-eager	warm	3	166	3271.3			torch-2.14.0+cu130
distilgpt2	torch-eager	warm	3	167	3273.7			torch-2.14.0+cu130
distilgpt2	torch-eager	warm	3	168	3279.0			torch-2.14.0+cu130
distilgpt2	torch-eager	warm	3	169	3300.4			torch-2.14.0+cu130
distilgpt2	torch-eager	warm	3	170	3260.1			torch-2.14.0+cu130
distilgpt2	torch-eager	warm	3	171	3266.6			torch-2.14.0+cu130
distilgpt2	torch-eager	warm	3	172	3290.9			torch-2.14.0+cu130
distilgpt2	torch-eager	warm	3	173	3288.3			torch-2.14.0+cu130
distilgpt2	torch-eager	warm	3	174	3309.7			torch-2.14.0+cu130
distilgpt2	torch-eager	warm	3	175	3287.6			torch-2.14.0+cu130
distilgpt2	torch-eager	warm	3	176	3271.6			torch-2.14.0+cu130
distilgpt2	torch-eager	warm	3	177	3271.8			torch-2.14.0+cu130
distilgpt2	torch-eager	warm	3	178	3309.2			torch-2.14.0+cu130
distilgpt2	torch-eager	warm	3	179	3277.5			torch-2.14.0+cu130
distilgpt2	torch-eager	warm	3	180	3281.4			torch-2.14.0+cu130
distilgpt2	torch-eager	warm	3	181	3333.3			torch-2.14.0+cu130
distilgpt2	torch-eager	warm	3	182	3275.9			torch-2.14.0+cu130
distilgpt2	torch-eager	warm	3	183	3288.0			torch-2.14.0+cu130
distilgpt2	torch-eager	warm	3	184	3293.3			torch-2.14.0+cu130
distilgpt2	torch-eager	warm	3	185	3342.2			torch-2.14.0+cu130
distilgpt2	torch-eager	warm	3	186	3286.6			torch-2.14.0+cu130
distilgpt2	torch-eager	warm	3	187	3295.4			torch-2.14.0+cu130
distilgpt2	torch-eager	warm	3	188	3249.4			torch-2.14.0+cu130
distilgpt2	torch-eager	warm	3	189	3269.7			torch-2.14.0+cu130
distilgpt2	torch-eager	warm	3	190	3308.5			torch-2.14.0+cu130
distilgpt2	torch-eager	warm	3	191	3318.5			torch-2.14.0+cu130
distilgpt2	torch-eager	warm	3	192	3324.0			torch-2.14.0+cu130
distilgpt2	torch-eager	warm	3	193	3281.1			torch-2.14.0+cu130
distilgpt2	torch-eager	warm	3	194	3275.2			torch-2.14.0+cu130
distilgpt2	torch-eager	warm	3	195	3282.8			torch-2.14.0+cu130
distilgpt2	torch-eager	warm	3	196	3256.3			torch-2.14.0+cu130
distilgpt2	torch-eager	warm	3	197	3261.1			torch-2.14.0+cu130
distilgpt2	torch-eager	warm	3	198	3271.6			torch-2.14.0+cu130
distilgpt2	torch-eager	warm	3	199	3260.4			torch-2.14.0+cu130
distilgpt2	torch-eager	warm	3	200	3272.8			torch-2.14.0+cu130
distilgpt2	torch-eager	warm	3	201	3245.1			torch-2.14.0+cu130
distilgpt2	torch-eager	warm	3	202	3282.5			torch-2.14.0+cu130
distilgpt2	torch-eager	warm	3	203	3307.1			torch-2.14.0+cu130
distilgpt2	torch-eager	warm	3	204	3247.7			torch-2.14.0+cu130
distilgpt2	torch-eager	warm	3	205	3289.2			torch-2.14.0+cu130
distilgpt2	torch-eager	warm	3	206	3331.2			torch-2.14.0+cu130
distilgpt2	torch-eager	warm	3	207	3345.3			torch-2.14.0+cu130
distilgpt2	torch-eager	warm	3	208	3271.3			torch-2.14.0+cu130
distilgpt2	torch-eager	warm	3	209	3283.0			torch-2.14.0+cu130
distilgpt2	torch-eager	warm	3	210	3305.9			torch-2.14.0+cu130
distilgpt2	torch-eager	warm	3	211	3259.2			torch-2.14.0+cu130
distilgpt2	torch-eager	warm	3	212	3295.9			torch-2.14.0+cu130
distilgpt2	torch-eager	warm	3	213	3285.9			torch-2.14.0+cu130
distilgpt2	torch-eager	warm	3	214	3277.5			torch-2.14.0+cu130
distilgpt2	torch-eager	warm	3	215	3279.9			torch-2.14.0+cu130
distilgpt2	torch-eager	warm	3	216	3287.6			torch-2.14.0+cu130
distilgpt2	torch-eager	warm	3	217	3314.3			torch-2.14.0+cu130
distilgpt2	torch-eager	warm	3	218	3225.8			torch-2.14.0+cu130
distilgpt2	torch-eager	warm	3	219	3251.6			torch-2.14.0+cu130
distilgpt2	torch-eager	warm	3	220	3277.5			torch-2.14.0+cu130
distilgpt2	torch-eager	warm	3	221	3283.0			torch-2.14.0+cu130
distilgpt2	torch-eager	warm	3	222	3244.2			torch-2.14.0+cu130
distilgpt2	torch-eager	warm	3	223	3301.4			torch-2.14.0+cu130
distilgpt2	torch-eager	warm	3	224	3245.4			torch-2.14.0+cu130
distilgpt2	torch-eager	warm	3	225	3250.8			torch-2.14.0+cu130
distilgpt2	torch-eager	warm	3	226	3293.5			torch-2.14.0+cu130
distilgpt2	torch-eager	warm	3	227	3245.1			torch-2.14.0+cu130
distilgpt2	torch-eager	warm	3	228	3230.3			torch-2.14.0+cu130
distilgpt2	torch-eager	warm	3	229	3248.2			torch-2.14.0+cu130
distilgpt2	torch-eager	warm	3	230	3293.8			torch-2.14.0+cu130
distilgpt2	torch-eager	warm	3	231	3336.9			torch-2.14.0+cu130
distilgpt2	torch-eager	warm	3	232	3251.6			torch-2.14.0+cu130
distilgpt2	torch-eager	warm	3	233	3304.0			torch-2.14.0+cu130
distilgpt2	torch-eager	warm	3	234	3259.7			torch-2.14.0+cu130
distilgpt2	torch-eager	warm	3	235	3238.9			torch-2.14.0+cu130
distilgpt2	torch-eager	warm	3	236	3322.8			torch-2.14.0+cu130
distilgpt2	torch-eager	warm	3	237	3298.5			torch-2.14.0+cu130
distilgpt2	torch-eager	warm	3	238	3278.7			torch-2.14.0+cu130
distilgpt2	torch-eager	warm	3	239	3290.7			torch-2.14.0+cu130
distilgpt2	torch-eager	warm	3	240	3276.1			torch-2.14.0+cu130
distilgpt2	torch-eager	warm	3	241	3256.1			torch-2.14.0+cu130
distilgpt2	torch-eager	warm	3	242	3255.4			torch-2.14.0+cu130
distilgpt2	torch-eager	warm	3	243	3273.0			torch-2.14.0+cu130
distilgpt2	torch-eager	warm	3	244	3286.8			torch-2.14.0+cu130
distilgpt2	torch-eager	warm	3	245	3275.9			torch-2.14.0+cu130
distilgpt2	torch-eager	warm	3	246	3295.7			torch-2.14.0+cu130
distilgpt2	torch-eager	warm	3	247	3293.8			torch-2.14.0+cu130
distilgpt2	torch-eager	warm	3	248	3292.8			torch-2.14.0+cu130
distilgpt2	torch-eager	warm	3	249	3261.6			torch-2.14.0+cu130
distilgpt2	torch-eager	warm	3	250	3267.8			torch-2.14.0+cu130
distilgpt2	torch-eager	warm	3	251	3288.7			torch-2.14.0+cu130
distilgpt2	torch-eager	warm	3	252	3243.7			torch-2.14.0+cu130
distilgpt2	torch-eager	warm	3	253	3294.5			torch-2.14.0+cu130
distilgpt2	torch-eager	warm	3	254	3279.0			torch-2.14.0+cu130
distilgpt2	torch-eager	warm	3	255	3300.0			torch-2.14.0+cu130
distilgpt2	torch-eager	warm	3	256	3272.3			torch-2.14.0+cu130
distilgpt2	torch-eager	warm	3	257	3276.1			torch-2.14.0+cu130
distilgpt2	torch-eager	warm	3	258	3295.9			torch-2.14.0+cu130
distilgpt2	torch-eager	warm	3	259	3305.4			torch-2.14.0+cu130
distilgpt2	torch-eager	warm	3	260	3263.5			torch-2.14.0+cu130
distilgpt2	torch-eager	warm	3	261	3269.4			torch-2.14.0+cu130
distilgpt2	torch-eager	warm	3	262	3283.7			torch-2.14.0+cu130
distilgpt2	torch-eager	warm	3	263	3239.6			torch-2.14.0+cu130
distilgpt2	torch-eager	warm	3	264	3309.5			torch-2.14.0+cu130
distilgpt2	torch-eager	warm	3	265	3292.3			torch-2.14.0+cu130
distilgpt2	torch-eager	warm	3	266	3268.5			torch-2.14.0+cu130
distilgpt2	torch-eager	warm	3	267	3286.1			torch-2.14.0+cu130
distilgpt2	torch-eager	warm	3	268	3297.3			torch-2.14.0+cu130
distilgpt2	torch-eager	warm	3	269	3244.9			torch-2.14.0+cu130
distilgpt2	torch-eager	warm	3	270	3256.3			torch-2.14.0+cu130
distilgpt2	torch-eager	warm	3	271	3269.0			torch-2.14.0+cu130
distilgpt2	torch-eager	warm	3	272	3254.2			torch-2.14.0+cu130
distilgpt2	torch-eager	warm	3	273	3300.9			torch-2.14.0+cu130
distilgpt2	torch-eager	warm	3	274	3245.8			torch-2.14.0+cu130
distilgpt2	torch-eager	warm	3	275	3238.2			torch-2.14.0+cu130
distilgpt2	torch-eager	warm	3	276	3266.1			torch-2.14.0+cu130
distilgpt2	torch-eager	warm	3	277	3254.9			torch-2.14.0+cu130
distilgpt2	torch-eager	warm	3	278	3283.5			torch-2.14.0+cu130
distilgpt2	torch-eager	warm	3	279	3263.5			torch-2.14.0+cu130
distilgpt2	torch-eager	warm	3	280	3256.6			torch-2.14.0+cu130
distilgpt2	torch-eager	warm	3	281	3012.4			torch-2.14.0+cu130
distilgpt2	torch-eager	warm	3	282	3316.6			torch-2.14.0+cu130
distilgpt2	torch-eager	warm	3	283	2816.7			torch-2.14.0+cu130
distilgpt2	torch-eager	warm	3	284	2860.1			torch-2.14.0+cu130
distilgpt2	torch-eager	warm	3	285	2818.3			torch-2.14.0+cu130
distilgpt2	torch-eager	warm	3	286	3138.3			torch-2.14.0+cu130
distilgpt2	torch-eager	warm	3	287	2819.3			torch-2.14.0+cu130
distilgpt2	torch-eager	warm	3	288	3015.8			torch-2.14.0+cu130
distilgpt2	torch-eager	warm	3	289	3131.2			torch-2.14.0+cu130
distilgpt2	torch-eager	warm	3	290	2866.7			torch-2.14.0+cu130
distilgpt2	torch-eager	warm	3	291	2913.5			torch-2.14.0+cu130
distilgpt2	torch-eager	warm	3	292	2798.3			torch-2.14.0+cu130
distilgpt2	torch-eager	warm	3	293	2833.6			torch-2.14.0+cu130
distilgpt2	torch-eager	warm	3	294	2807.4			torch-2.14.0+cu130
distilgpt2	torch-eager	warm	3	295	2831.2			torch-2.14.0+cu130
distilgpt2	torch-eager	warm	3	296	2800.2			torch-2.14.0+cu130
distilgpt2	torch-eager	warm	3	297	2805.2			torch-2.14.0+cu130
distilgpt2	torch-eager	warm	3	298	2799.0			torch-2.14.0+cu130
distilgpt2	torch-eager	warm	3	299	2865.1			torch-2.14.0+cu130
distilgpt2	ours	warm	3	0	601303.1	0	254	ddc8008cdeaf
distilgpt2	ours	warm	3	1	9693.1	0	93	ddc8008cdeaf
distilgpt2	ours	warm	3	2	1411.9	0	57	ddc8008cdeaf
distilgpt2	ours	warm	3	3	14744.0	0	87	ddc8008cdeaf
distilgpt2	ours	warm	3	4	5455.0	0	77	ddc8008cdeaf
distilgpt2	ours	warm	3	5	3500.0	0	39	ddc8008cdeaf
distilgpt2	ours	warm	3	6	2485.0	0	39	ddc8008cdeaf
distilgpt2	ours	warm	3	7	2106.9	0	39	ddc8008cdeaf
distilgpt2	ours	warm	3	8	1279.1	0	39	ddc8008cdeaf
distilgpt2	ours	warm	3	9	1938.1	0	39	ddc8008cdeaf
distilgpt2	ours	warm	3	10	1277.0	0	39	ddc8008cdeaf
distilgpt2	ours	warm	3	11	1269.8	0	39	ddc8008cdeaf
distilgpt2	ours	warm	3	12	2133.8	0	39	ddc8008cdeaf
distilgpt2	ours	warm	3	13	1292.9	0	39	ddc8008cdeaf
distilgpt2	ours	warm	3	14	1313.9	0	39	ddc8008cdeaf
distilgpt2	ours	warm	3	15	1277.0	0	39	ddc8008cdeaf
distilgpt2	ours	warm	3	16	2323.9	0	39	ddc8008cdeaf
distilgpt2	ours	warm	3	17	1304.9	0	39	ddc8008cdeaf
distilgpt2	ours	warm	3	18	1273.9	0	39	ddc8008cdeaf
distilgpt2	ours	warm	3	19	1284.1	0	39	ddc8008cdeaf
distilgpt2	ours	warm	3	20	1283.9	0	39	ddc8008cdeaf
distilgpt2	ours	warm	3	21	2893.0	0	39	ddc8008cdeaf
distilgpt2	ours	warm	3	22	1280.1	0	39	ddc8008cdeaf
distilgpt2	ours	warm	3	23	1318.9	0	39	ddc8008cdeaf
distilgpt2	ours	warm	3	24	1278.9	0	39	ddc8008cdeaf
distilgpt2	ours	warm	3	25	1344.2	0	39	ddc8008cdeaf
distilgpt2	ours	warm	3	26	1277.0	0	39	ddc8008cdeaf
distilgpt2	ours	warm	3	27	2739.2	0	39	ddc8008cdeaf
distilgpt2	ours	warm	3	28	1280.1	0	39	ddc8008cdeaf
distilgpt2	ours	warm	3	29	1336.8	0	39	ddc8008cdeaf
distilgpt2	ours	warm	3	30	1348.0	0	39	ddc8008cdeaf
distilgpt2	ours	warm	3	31	1273.9	0	39	ddc8008cdeaf
distilgpt2	ours	warm	3	32	1269.1	0	39	ddc8008cdeaf
distilgpt2	ours	warm	3	33	1287.9	0	39	ddc8008cdeaf
distilgpt2	ours	warm	3	34	2524.1	0	39	ddc8008cdeaf
distilgpt2	ours	warm	3	35	1279.1	0	39	ddc8008cdeaf
distilgpt2	ours	warm	3	36	1339.9	0	39	ddc8008cdeaf
distilgpt2	ours	warm	3	37	1275.1	0	39	ddc8008cdeaf
distilgpt2	ours	warm	3	38	1289.1	0	39	ddc8008cdeaf
distilgpt2	ours	warm	3	39	1280.1	0	39	ddc8008cdeaf
distilgpt2	ours	warm	3	40	1287.0	0	39	ddc8008cdeaf
distilgpt2	ours	warm	3	41	1285.1	0	39	ddc8008cdeaf
distilgpt2	ours	warm	3	42	2332.9	0	39	ddc8008cdeaf
distilgpt2	ours	warm	3	43	1298.0	0	39	ddc8008cdeaf
distilgpt2	ours	warm	3	44	1285.1	0	39	ddc8008cdeaf
distilgpt2	ours	warm	3	45	1264.1	0	39	ddc8008cdeaf
distilgpt2	ours	warm	3	46	1276.0	0	39	ddc8008cdeaf
distilgpt2	ours	warm	3	47	1271.0	0	39	ddc8008cdeaf
distilgpt2	ours	warm	3	48	1296.0	0	39	ddc8008cdeaf
distilgpt2	ours	warm	3	49	1298.9	0	39	ddc8008cdeaf
distilgpt2	ours	warm	3	50	1334.9	0	39	ddc8008cdeaf
distilgpt2	ours	warm	3	51	2350.1	0	39	ddc8008cdeaf
distilgpt2	ours	warm	3	52	1285.1	0	39	ddc8008cdeaf
distilgpt2	ours	warm	3	53	1283.9	0	39	ddc8008cdeaf
distilgpt2	ours	warm	3	54	1277.9	0	39	ddc8008cdeaf
distilgpt2	ours	warm	3	55	1294.1	0	39	ddc8008cdeaf
distilgpt2	ours	warm	3	56	1272.9	0	39	ddc8008cdeaf
distilgpt2	ours	warm	3	57	1308.0	0	39	ddc8008cdeaf
distilgpt2	ours	warm	3	58	1273.9	0	39	ddc8008cdeaf
distilgpt2	ours	warm	3	59	1299.9	0	39	ddc8008cdeaf
distilgpt2	ours	warm	3	60	1283.2	0	39	ddc8008cdeaf
distilgpt2	ours	warm	3	61	2359.9	0	39	ddc8008cdeaf
distilgpt2	ours	warm	3	62	1282.0	0	39	ddc8008cdeaf
distilgpt2	ours	warm	3	63	1268.9	0	39	ddc8008cdeaf
distilgpt2	ours	warm	3	64	1283.2	0	39	ddc8008cdeaf
distilgpt2	ours	warm	3	65	1300.1	0	39	ddc8008cdeaf
distilgpt2	ours	warm	3	66	1272.0	0	39	ddc8008cdeaf
distilgpt2	ours	warm	3	67	1262.9	0	39	ddc8008cdeaf
distilgpt2	ours	warm	3	68	1278.9	0	39	ddc8008cdeaf
distilgpt2	ours	warm	3	69	1278.2	0	39	ddc8008cdeaf
distilgpt2	ours	warm	3	70	1271.0	0	39	ddc8008cdeaf
distilgpt2	ours	warm	3	71	1307.0	0	39	ddc8008cdeaf
distilgpt2	ours	warm	3	72	2423.0	0	39	ddc8008cdeaf
distilgpt2	ours	warm	3	73	1295.1	0	39	ddc8008cdeaf
distilgpt2	ours	warm	3	74	1281.0	0	39	ddc8008cdeaf
distilgpt2	ours	warm	3	75	1307.0	0	39	ddc8008cdeaf
distilgpt2	ours	warm	3	76	1308.2	0	39	ddc8008cdeaf
distilgpt2	ours	warm	3	77	1292.9	0	39	ddc8008cdeaf
distilgpt2	ours	warm	3	78	1279.1	0	39	ddc8008cdeaf
distilgpt2	ours	warm	3	79	1297.0	0	39	ddc8008cdeaf
distilgpt2	ours	warm	3	80	1277.9	0	39	ddc8008cdeaf
distilgpt2	ours	warm	3	81	1308.9	0	39	ddc8008cdeaf
distilgpt2	ours	warm	3	82	1282.9	0	39	ddc8008cdeaf
distilgpt2	ours	warm	3	83	1278.2	0	39	ddc8008cdeaf
distilgpt2	ours	warm	3	84	3289.0	0	39	ddc8008cdeaf
distilgpt2	ours	warm	3	85	1283.2	0	39	ddc8008cdeaf
distilgpt2	ours	warm	3	86	1273.9	0	39	ddc8008cdeaf
distilgpt2	ours	warm	3	87	1339.2	0	39	ddc8008cdeaf
distilgpt2	ours	warm	3	88	1280.1	0	39	ddc8008cdeaf
distilgpt2	ours	warm	3	89	1302.0	0	39	ddc8008cdeaf
distilgpt2	ours	warm	3	90	1286.0	0	39	ddc8008cdeaf
distilgpt2	ours	warm	3	91	1273.2	0	39	ddc8008cdeaf
distilgpt2	ours	warm	3	92	1313.0	0	39	ddc8008cdeaf
distilgpt2	ours	warm	3	93	1280.1	0	39	ddc8008cdeaf
distilgpt2	ours	warm	3	94	1323.9	0	39	ddc8008cdeaf
distilgpt2	ours	warm	3	95	1281.0	0	39	ddc8008cdeaf
distilgpt2	ours	warm	3	96	1282.0	0	39	ddc8008cdeaf
distilgpt2	ours	warm	3	97	3464.0	0	39	ddc8008cdeaf
distilgpt2	ours	warm	3	98	1298.0	0	39	ddc8008cdeaf
distilgpt2	ours	warm	3	99	1274.1	0	39	ddc8008cdeaf
distilgpt2	ours	warm	3	100	1271.0	0	39	ddc8008cdeaf
distilgpt2	ours	warm	3	101	1277.9	0	39	ddc8008cdeaf
distilgpt2	ours	warm	3	102	1279.1	0	39	ddc8008cdeaf
distilgpt2	ours	warm	3	103	1281.0	0	39	ddc8008cdeaf
distilgpt2	ours	warm	3	104	1272.0	0	39	ddc8008cdeaf
distilgpt2	ours	warm	3	105	1274.1	0	39	ddc8008cdeaf
distilgpt2	ours	warm	3	106	1309.2	0	39	ddc8008cdeaf
distilgpt2	ours	warm	3	107	1294.9	0	39	ddc8008cdeaf
distilgpt2	ours	warm	3	108	1280.8	0	39	ddc8008cdeaf
distilgpt2	ours	warm	3	109	1282.0	0	39	ddc8008cdeaf
distilgpt2	ours	warm	3	110	1275.1	0	39	ddc8008cdeaf
distilgpt2	ours	warm	3	111	3025.1	0	39	ddc8008cdeaf
distilgpt2	ours	warm	3	112	1276.0	0	39	ddc8008cdeaf
distilgpt2	ours	warm	3	113	1292.0	0	39	ddc8008cdeaf
distilgpt2	ours	warm	3	114	1336.1	0	39	ddc8008cdeaf
distilgpt2	ours	warm	3	115	1280.1	0	39	ddc8008cdeaf
distilgpt2	ours	warm	3	116	1288.9	0	39	ddc8008cdeaf
distilgpt2	ours	warm	3	117	1272.0	0	39	ddc8008cdeaf
distilgpt2	ours	warm	3	118	1277.9	0	39	ddc8008cdeaf
distilgpt2	ours	warm	3	119	1283.2	0	39	ddc8008cdeaf
distilgpt2	ours	warm	3	120	1287.0	0	39	ddc8008cdeaf
distilgpt2	ours	warm	3	121	1291.0	0	39	ddc8008cdeaf
distilgpt2	ours	warm	3	122	1260.0	0	39	ddc8008cdeaf
distilgpt2	ours	warm	3	123	1238.1	0	39	ddc8008cdeaf
distilgpt2	ours	warm	3	124	1241.9	0	39	ddc8008cdeaf
distilgpt2	ours	warm	3	125	1267.2	0	39	ddc8008cdeaf
distilgpt2	ours	warm	3	126	2811.0	0	39	ddc8008cdeaf
distilgpt2	ours	warm	3	127	1261.0	0	39	ddc8008cdeaf
distilgpt2	ours	warm	3	128	1249.1	0	39	ddc8008cdeaf
distilgpt2	ours	warm	3	129	1242.2	0	39	ddc8008cdeaf
distilgpt2	ours	warm	3	130	1241.0	0	39	ddc8008cdeaf
distilgpt2	ours	warm	3	131	1241.0	0	39	ddc8008cdeaf
distilgpt2	ours	warm	3	132	1245.0	0	39	ddc8008cdeaf
distilgpt2	ours	warm	3	133	1240.0	0	39	ddc8008cdeaf
distilgpt2	ours	warm	3	134	1242.9	0	39	ddc8008cdeaf
distilgpt2	ours	warm	3	135	1244.1	0	39	ddc8008cdeaf
distilgpt2	ours	warm	3	136	1238.1	0	39	ddc8008cdeaf
distilgpt2	ours	warm	3	137	1244.1	0	39	ddc8008cdeaf
distilgpt2	ours	warm	3	138	1272.0	0	39	ddc8008cdeaf
distilgpt2	ours	warm	3	139	1244.1	0	39	ddc8008cdeaf
distilgpt2	ours	warm	3	140	1295.1	0	39	ddc8008cdeaf
distilgpt2	ours	warm	3	141	1243.1	0	39	ddc8008cdeaf
distilgpt2	ours	warm	3	142	1237.9	0	39	ddc8008cdeaf
distilgpt2	ours	warm	3	143	1257.2	0	39	ddc8008cdeaf
distilgpt2	ours	warm	3	144	1292.0	0	39	ddc8008cdeaf
distilgpt2	ours	warm	3	145	1240.0	0	39	ddc8008cdeaf
distilgpt2	ours	warm	3	146	1243.1	0	39	ddc8008cdeaf
distilgpt2	ours	warm	3	147	1244.1	0	39	ddc8008cdeaf
distilgpt2	ours	warm	3	148	3824.0	0	39	ddc8008cdeaf
distilgpt2	ours	warm	3	149	1246.9	0	39	ddc8008cdeaf
distilgpt2	ours	warm	3	150	1246.9	0	39	ddc8008cdeaf
distilgpt2	ours	warm	3	151	1241.9	0	39	ddc8008cdeaf
distilgpt2	ours	warm	3	152	1245.0	0	39	ddc8008cdeaf
distilgpt2	ours	warm	3	153	1241.0	0	39	ddc8008cdeaf
distilgpt2	ours	warm	3	154	1265.0	0	39	ddc8008cdeaf
distilgpt2	ours	warm	3	155	1252.9	0	39	ddc8008cdeaf
distilgpt2	ours	warm	3	156	1251.9	0	39	ddc8008cdeaf
distilgpt2	ours	warm	3	157	1272.9	0	39	ddc8008cdeaf
distilgpt2	ours	warm	3	158	1248.8	0	39	ddc8008cdeaf
distilgpt2	ours	warm	3	159	1300.1	0	39	ddc8008cdeaf
distilgpt2	ours	warm	3	160	1227.1	0	39	ddc8008cdeaf
distilgpt2	ours	warm	3	161	1243.8	0	39	ddc8008cdeaf
distilgpt2	ours	warm	3	162	1252.9	0	39	ddc8008cdeaf
distilgpt2	ours	warm	3	163	1255.0	0	39	ddc8008cdeaf
distilgpt2	ours	warm	3	164	1278.2	0	39	ddc8008cdeaf
distilgpt2	ours	warm	3	165	1242.9	0	39	ddc8008cdeaf
distilgpt2	ours	warm	3	166	3273.0	0	39	ddc8008cdeaf
distilgpt2	ours	warm	3	167	1253.8	0	39	ddc8008cdeaf
distilgpt2	ours	warm	3	168	1261.0	0	39	ddc8008cdeaf
distilgpt2	ours	warm	3	169	1241.0	0	39	ddc8008cdeaf
distilgpt2	ours	warm	3	170	1256.9	0	39	ddc8008cdeaf
distilgpt2	ours	warm	3	171	1261.9	0	39	ddc8008cdeaf
distilgpt2	ours	warm	3	172	1245.0	0	39	ddc8008cdeaf
distilgpt2	ours	warm	3	173	1259.1	0	39	ddc8008cdeaf
distilgpt2	ours	warm	3	174	1234.1	0	39	ddc8008cdeaf
distilgpt2	ours	warm	3	175	1291.0	0	39	ddc8008cdeaf
distilgpt2	ours	warm	3	176	1245.0	0	39	ddc8008cdeaf
distilgpt2	ours	warm	3	177	1285.1	0	39	ddc8008cdeaf
distilgpt2	ours	warm	3	178	1251.9	0	39	ddc8008cdeaf
distilgpt2	ours	warm	3	179	1234.1	0	39	ddc8008cdeaf
distilgpt2	ours	warm	3	180	1289.1	0	39	ddc8008cdeaf
distilgpt2	ours	warm	3	181	1292.9	0	39	ddc8008cdeaf
distilgpt2	ours	warm	3	182	1248.1	0	39	ddc8008cdeaf
distilgpt2	ours	warm	3	183	1236.0	0	39	ddc8008cdeaf
distilgpt2	ours	warm	3	184	1258.1	0	39	ddc8008cdeaf
distilgpt2	ours	warm	3	185	1246.0	0	39	ddc8008cdeaf
distilgpt2	ours	warm	3	186	1237.2	0	39	ddc8008cdeaf
distilgpt2	ours	warm	3	187	1253.8	0	39	ddc8008cdeaf
distilgpt2	ours	warm	3	188	1245.0	0	39	ddc8008cdeaf
distilgpt2	ours	warm	3	189	1265.0	0	39	ddc8008cdeaf
distilgpt2	ours	warm	3	190	1235.0	0	39	ddc8008cdeaf
distilgpt2	ours	warm	3	191	1298.9	0	39	ddc8008cdeaf
distilgpt2	ours	warm	3	192	3175.0	0	39	ddc8008cdeaf
distilgpt2	ours	warm	3	193	1247.9	0	39	ddc8008cdeaf
distilgpt2	ours	warm	3	194	1249.1	0	39	ddc8008cdeaf
distilgpt2	ours	warm	3	195	1287.0	0	39	ddc8008cdeaf
distilgpt2	ours	warm	3	196	1246.0	0	39	ddc8008cdeaf
distilgpt2	ours	warm	3	197	1256.0	0	39	ddc8008cdeaf
distilgpt2	ours	warm	3	198	1242.9	0	39	ddc8008cdeaf
distilgpt2	ours	warm	3	199	1273.2	0	39	ddc8008cdeaf
distilgpt2	ours	warm	3	200	1273.9	0	39	ddc8008cdeaf
distilgpt2	ours	warm	3	201	1267.9	0	39	ddc8008cdeaf
distilgpt2	ours	warm	3	202	1231.2	0	39	ddc8008cdeaf
distilgpt2	ours	warm	3	203	1246.9	0	39	ddc8008cdeaf
distilgpt2	ours	warm	3	204	1270.1	0	39	ddc8008cdeaf
distilgpt2	ours	warm	3	205	1243.1	0	39	ddc8008cdeaf
distilgpt2	ours	warm	3	206	1251.9	0	39	ddc8008cdeaf
distilgpt2	ours	warm	3	207	1241.0	0	39	ddc8008cdeaf
distilgpt2	ours	warm	3	208	1237.9	0	39	ddc8008cdeaf
distilgpt2	ours	warm	3	209	1261.0	0	39	ddc8008cdeaf
distilgpt2	ours	warm	3	210	1260.0	0	39	ddc8008cdeaf
distilgpt2	ours	warm	3	211	1259.1	0	39	ddc8008cdeaf
distilgpt2	ours	warm	3	212	1234.1	0	39	ddc8008cdeaf
distilgpt2	ours	warm	3	213	1238.8	0	39	ddc8008cdeaf
distilgpt2	ours	warm	3	214	1265.0	0	39	ddc8008cdeaf
distilgpt2	ours	warm	3	215	1302.0	0	39	ddc8008cdeaf
distilgpt2	ours	warm	3	216	3902.9	0	39	ddc8008cdeaf
distilgpt2	ours	warm	3	217	1243.1	0	39	ddc8008cdeaf
distilgpt2	ours	warm	3	218	1259.1	0	39	ddc8008cdeaf
distilgpt2	ours	warm	3	219	1251.9	0	39	ddc8008cdeaf
distilgpt2	ours	warm	3	220	1305.1	0	39	ddc8008cdeaf
distilgpt2	ours	warm	3	221	1255.0	0	39	ddc8008cdeaf
distilgpt2	ours	warm	3	222	1235.0	0	39	ddc8008cdeaf
distilgpt2	ours	warm	3	223	1241.9	0	39	ddc8008cdeaf
distilgpt2	ours	warm	3	224	1238.1	0	39	ddc8008cdeaf
distilgpt2	ours	warm	3	225	1300.1	0	39	ddc8008cdeaf
distilgpt2	ours	warm	3	226	1266.0	0	39	ddc8008cdeaf
distilgpt2	ours	warm	3	227	1240.0	0	39	ddc8008cdeaf
distilgpt2	ours	warm	3	228	1243.8	0	39	ddc8008cdeaf
distilgpt2	ours	warm	3	229	1277.2	0	39	ddc8008cdeaf
distilgpt2	ours	warm	3	230	1245.0	0	39	ddc8008cdeaf
distilgpt2	ours	warm	3	231	1235.0	0	39	ddc8008cdeaf
distilgpt2	ours	warm	3	232	1244.1	0	39	ddc8008cdeaf
distilgpt2	ours	warm	3	233	1257.9	0	39	ddc8008cdeaf
distilgpt2	ours	warm	3	234	1232.9	0	39	ddc8008cdeaf
distilgpt2	ours	warm	3	235	1242.9	0	39	ddc8008cdeaf
distilgpt2	ours	warm	3	236	1263.1	0	39	ddc8008cdeaf
distilgpt2	ours	warm	3	237	1250.0	0	39	ddc8008cdeaf
distilgpt2	ours	warm	3	238	1239.1	0	39	ddc8008cdeaf
distilgpt2	ours	warm	3	239	1240.0	0	39	ddc8008cdeaf
distilgpt2	ours	warm	3	240	1298.9	0	39	ddc8008cdeaf
distilgpt2	ours	warm	3	241	1264.1	0	39	ddc8008cdeaf
distilgpt2	ours	warm	3	242	1263.1	0	39	ddc8008cdeaf
distilgpt2	ours	warm	3	243	3572.9	0	39	ddc8008cdeaf
distilgpt2	ours	warm	3	244	1261.0	0	39	ddc8008cdeaf
distilgpt2	ours	warm	3	245	1248.1	0	39	ddc8008cdeaf
distilgpt2	ours	warm	3	246	1272.9	0	39	ddc8008cdeaf
distilgpt2	ours	warm	3	247	1249.1	0	39	ddc8008cdeaf
distilgpt2	ours	warm	3	248	1242.2	0	39	ddc8008cdeaf
distilgpt2	ours	warm	3	249	1261.9	0	39	ddc8008cdeaf
distilgpt2	ours	warm	3	250	1251.9	0	39	ddc8008cdeaf
distilgpt2	ours	warm	3	251	1257.9	0	39	ddc8008cdeaf
distilgpt2	ours	warm	3	252	1235.0	0	39	ddc8008cdeaf
distilgpt2	ours	warm	3	253	1261.0	0	39	ddc8008cdeaf
distilgpt2	ours	warm	3	254	1262.2	0	39	ddc8008cdeaf
distilgpt2	ours	warm	3	255	1245.0	0	39	ddc8008cdeaf
distilgpt2	ours	warm	3	256	1271.0	0	39	ddc8008cdeaf
distilgpt2	ours	warm	3	257	1262.9	0	39	ddc8008cdeaf
distilgpt2	ours	warm	3	258	1241.2	0	39	ddc8008cdeaf
distilgpt2	ours	warm	3	259	1263.9	0	39	ddc8008cdeaf
distilgpt2	ours	warm	3	260	1247.2	0	39	ddc8008cdeaf
distilgpt2	ours	warm	3	261	1241.9	0	39	ddc8008cdeaf
distilgpt2	ours	warm	3	262	1261.9	0	39	ddc8008cdeaf
distilgpt2	ours	warm	3	263	1289.8	0	39	ddc8008cdeaf
distilgpt2	ours	warm	3	264	1237.2	0	39	ddc8008cdeaf
distilgpt2	ours	warm	3	265	1257.9	0	39	ddc8008cdeaf
distilgpt2	ours	warm	3	266	1259.8	0	39	ddc8008cdeaf
distilgpt2	ours	warm	3	267	1288.2	0	39	ddc8008cdeaf
distilgpt2	ours	warm	3	268	1252.9	0	39	ddc8008cdeaf
distilgpt2	ours	warm	3	269	1251.0	0	39	ddc8008cdeaf
distilgpt2	ours	warm	3	270	1241.0	0	39	ddc8008cdeaf
distilgpt2	ours	warm	3	271	1265.0	0	39	ddc8008cdeaf
distilgpt2	ours	warm	3	272	3362.9	0	39	ddc8008cdeaf
distilgpt2	ours	warm	3	273	1251.9	0	39	ddc8008cdeaf
distilgpt2	ours	warm	3	274	1288.9	0	39	ddc8008cdeaf
distilgpt2	ours	warm	3	275	1315.8	0	39	ddc8008cdeaf
distilgpt2	ours	warm	3	276	1251.9	0	39	ddc8008cdeaf
distilgpt2	ours	warm	3	277	1256.0	0	39	ddc8008cdeaf
distilgpt2	ours	warm	3	278	1275.1	0	39	ddc8008cdeaf
distilgpt2	ours	warm	3	279	1254.1	0	39	ddc8008cdeaf
distilgpt2	ours	warm	3	280	1276.0	0	39	ddc8008cdeaf
distilgpt2	ours	warm	3	281	1246.0	0	39	ddc8008cdeaf
distilgpt2	ours	warm	3	282	1268.1	0	39	ddc8008cdeaf
distilgpt2	ours	warm	3	283	1284.8	0	39	ddc8008cdeaf
distilgpt2	ours	warm	3	284	1253.1	0	39	ddc8008cdeaf
distilgpt2	ours	warm	3	285	1246.9	0	39	ddc8008cdeaf
distilgpt2	ours	warm	3	286	1246.9	0	39	ddc8008cdeaf
distilgpt2	ours	warm	3	287	1261.0	0	39	ddc8008cdeaf
distilgpt2	ours	warm	3	288	1272.0	0	39	ddc8008cdeaf
distilgpt2	ours	warm	3	289	1246.2	0	39	ddc8008cdeaf
distilgpt2	ours	warm	3	290	1248.8	0	39	ddc8008cdeaf
distilgpt2	ours	warm	3	291	1263.9	0	39	ddc8008cdeaf
distilgpt2	ours	warm	3	292	1260.0	0	39	ddc8008cdeaf
distilgpt2	ours	warm	3	293	1261.2	0	39	ddc8008cdeaf
distilgpt2	ours	warm	3	294	1249.8	0	39	ddc8008cdeaf
distilgpt2	ours	warm	3	295	1249.8	0	39	ddc8008cdeaf
distilgpt2	ours	warm	3	296	1265.0	0	39	ddc8008cdeaf
distilgpt2	ours	warm	3	297	1302.0	0	39	ddc8008cdeaf
distilgpt2	ours	warm	3	298	1243.8	0	39	ddc8008cdeaf
distilgpt2	ours	warm	3	299	1272.0	0	39	ddc8008cdeaf
distilgpt2	torch-compile	warm	3	0	1622071.3			torch-2.14.0+cu130
distilgpt2	torch-compile	warm	3	1	1990.6			torch-2.14.0+cu130
distilgpt2	torch-compile	warm	3	2	1537.1			torch-2.14.0+cu130
distilgpt2	torch-compile	warm	3	3	1498.9			torch-2.14.0+cu130
distilgpt2	torch-compile	warm	3	4	1487.0			torch-2.14.0+cu130
distilgpt2	torch-compile	warm	3	5	1492.5			torch-2.14.0+cu130
distilgpt2	torch-compile	warm	3	6	1509.7			torch-2.14.0+cu130
distilgpt2	torch-compile	warm	3	7	1485.1			torch-2.14.0+cu130
distilgpt2	torch-compile	warm	3	8	1490.4			torch-2.14.0+cu130
distilgpt2	torch-compile	warm	3	9	1489.4			torch-2.14.0+cu130
distilgpt2	torch-compile	warm	3	10	1474.9			torch-2.14.0+cu130
distilgpt2	torch-compile	warm	3	11	1499.4			torch-2.14.0+cu130
distilgpt2	torch-compile	warm	3	12	1485.3			torch-2.14.0+cu130
distilgpt2	torch-compile	warm	3	13	1534.5			torch-2.14.0+cu130
distilgpt2	torch-compile	warm	3	14	1515.2			torch-2.14.0+cu130
distilgpt2	torch-compile	warm	3	15	1484.6			torch-2.14.0+cu130
distilgpt2	torch-compile	warm	3	16	1536.4			torch-2.14.0+cu130
distilgpt2	torch-compile	warm	3	17	1507.8			torch-2.14.0+cu130
distilgpt2	torch-compile	warm	3	18	1489.4			torch-2.14.0+cu130
distilgpt2	torch-compile	warm	3	19	1495.6			torch-2.14.0+cu130
distilgpt2	torch-compile	warm	3	20	1512.5			torch-2.14.0+cu130
distilgpt2	torch-compile	warm	3	21	1494.9			torch-2.14.0+cu130
distilgpt2	torch-compile	warm	3	22	1538.3			torch-2.14.0+cu130
distilgpt2	torch-compile	warm	3	23	1536.6			torch-2.14.0+cu130
distilgpt2	torch-compile	warm	3	24	1484.6			torch-2.14.0+cu130
distilgpt2	torch-compile	warm	3	25	1556.4			torch-2.14.0+cu130
distilgpt2	torch-compile	warm	3	26	1493.2			torch-2.14.0+cu130
distilgpt2	torch-compile	warm	3	27	1500.8			torch-2.14.0+cu130
distilgpt2	torch-compile	warm	3	28	1496.8			torch-2.14.0+cu130
distilgpt2	torch-compile	warm	3	29	1510.1			torch-2.14.0+cu130
distilgpt2	torch-compile	warm	3	30	1508.0			torch-2.14.0+cu130
distilgpt2	torch-compile	warm	3	31	1504.9			torch-2.14.0+cu130
distilgpt2	torch-compile	warm	3	32	1486.1			torch-2.14.0+cu130
distilgpt2	torch-compile	warm	3	33	1520.2			torch-2.14.0+cu130
distilgpt2	torch-compile	warm	3	34	1480.3			torch-2.14.0+cu130
distilgpt2	torch-compile	warm	3	35	1532.8			torch-2.14.0+cu130
distilgpt2	torch-compile	warm	3	36	1490.6			torch-2.14.0+cu130
distilgpt2	torch-compile	warm	3	37	1505.6			torch-2.14.0+cu130
distilgpt2	torch-compile	warm	3	38	1505.6			torch-2.14.0+cu130
distilgpt2	torch-compile	warm	3	39	1514.2			torch-2.14.0+cu130
distilgpt2	torch-compile	warm	3	40	1491.5			torch-2.14.0+cu130
distilgpt2	torch-compile	warm	3	41	1478.9			torch-2.14.0+cu130
distilgpt2	torch-compile	warm	3	42	1513.7			torch-2.14.0+cu130
distilgpt2	torch-compile	warm	3	43	1498.2			torch-2.14.0+cu130
distilgpt2	torch-compile	warm	3	44	1487.7			torch-2.14.0+cu130
distilgpt2	torch-compile	warm	3	45	1492.0			torch-2.14.0+cu130
distilgpt2	torch-compile	warm	3	46	1476.8			torch-2.14.0+cu130
distilgpt2	torch-compile	warm	3	47	1495.8			torch-2.14.0+cu130
distilgpt2	torch-compile	warm	3	48	1488.4			torch-2.14.0+cu130
distilgpt2	torch-compile	warm	3	49	1497.0			torch-2.14.0+cu130
distilgpt2	torch-compile	warm	3	50	1491.8			torch-2.14.0+cu130
distilgpt2	torch-compile	warm	3	51	1486.3			torch-2.14.0+cu130
distilgpt2	torch-compile	warm	3	52	1481.3			torch-2.14.0+cu130
distilgpt2	torch-compile	warm	3	53	1481.3			torch-2.14.0+cu130
distilgpt2	torch-compile	warm	3	54	1494.2			torch-2.14.0+cu130
distilgpt2	torch-compile	warm	3	55	1483.0			torch-2.14.0+cu130
distilgpt2	torch-compile	warm	3	56	1485.8			torch-2.14.0+cu130
distilgpt2	torch-compile	warm	3	57	1561.9			torch-2.14.0+cu130
distilgpt2	torch-compile	warm	3	58	1500.1			torch-2.14.0+cu130
distilgpt2	torch-compile	warm	3	59	1490.1			torch-2.14.0+cu130
distilgpt2	torch-compile	warm	3	60	1499.4			torch-2.14.0+cu130
distilgpt2	torch-compile	warm	3	61	1483.2			torch-2.14.0+cu130
distilgpt2	torch-compile	warm	3	62	1488.7			torch-2.14.0+cu130
distilgpt2	torch-compile	warm	3	63	1493.2			torch-2.14.0+cu130
distilgpt2	torch-compile	warm	3	64	1490.8			torch-2.14.0+cu130
distilgpt2	torch-compile	warm	3	65	1493.2			torch-2.14.0+cu130
distilgpt2	torch-compile	warm	3	66	1480.6			torch-2.14.0+cu130
distilgpt2	torch-compile	warm	3	67	1486.5			torch-2.14.0+cu130
distilgpt2	torch-compile	warm	3	68	1478.7			torch-2.14.0+cu130
distilgpt2	torch-compile	warm	3	69	1503.5			torch-2.14.0+cu130
distilgpt2	torch-compile	warm	3	70	1495.1			torch-2.14.0+cu130
distilgpt2	torch-compile	warm	3	71	1487.5			torch-2.14.0+cu130
distilgpt2	torch-compile	warm	3	72	1477.0			torch-2.14.0+cu130
distilgpt2	torch-compile	warm	3	73	1502.5			torch-2.14.0+cu130
distilgpt2	torch-compile	warm	3	74	1570.0			torch-2.14.0+cu130
distilgpt2	torch-compile	warm	3	75	1532.1			torch-2.14.0+cu130
distilgpt2	torch-compile	warm	3	76	1583.6			torch-2.14.0+cu130
distilgpt2	torch-compile	warm	3	77	1523.3			torch-2.14.0+cu130
distilgpt2	torch-compile	warm	3	78	1488.4			torch-2.14.0+cu130
distilgpt2	torch-compile	warm	3	79	1492.3			torch-2.14.0+cu130
distilgpt2	torch-compile	warm	3	80	1570.5			torch-2.14.0+cu130
distilgpt2	torch-compile	warm	3	81	1523.5			torch-2.14.0+cu130
distilgpt2	torch-compile	warm	3	82	1528.0			torch-2.14.0+cu130
distilgpt2	torch-compile	warm	3	83	1508.2			torch-2.14.0+cu130
distilgpt2	torch-compile	warm	3	84	1549.7			torch-2.14.0+cu130
distilgpt2	torch-compile	warm	3	85	1511.1			torch-2.14.0+cu130
distilgpt2	torch-compile	warm	3	86	1484.2			torch-2.14.0+cu130
distilgpt2	torch-compile	warm	3	87	1485.6			torch-2.14.0+cu130
distilgpt2	torch-compile	warm	3	88	1487.7			torch-2.14.0+cu130
distilgpt2	torch-compile	warm	3	89	1473.2			torch-2.14.0+cu130
distilgpt2	torch-compile	warm	3	90	1494.2			torch-2.14.0+cu130
distilgpt2	torch-compile	warm	3	91	1513.7			torch-2.14.0+cu130
distilgpt2	torch-compile	warm	3	92	1506.1			torch-2.14.0+cu130
distilgpt2	torch-compile	warm	3	93	1508.2			torch-2.14.0+cu130
distilgpt2	torch-compile	warm	3	94	1502.8			torch-2.14.0+cu130
distilgpt2	torch-compile	warm	3	95	1489.2			torch-2.14.0+cu130
distilgpt2	torch-compile	warm	3	96	1523.0			torch-2.14.0+cu130
distilgpt2	torch-compile	warm	3	97	1492.0			torch-2.14.0+cu130
distilgpt2	torch-compile	warm	3	98	1496.3			torch-2.14.0+cu130
distilgpt2	torch-compile	warm	3	99	1488.7			torch-2.14.0+cu130
distilgpt2	torch-compile	warm	3	100	1474.1			torch-2.14.0+cu130
distilgpt2	torch-compile	warm	3	101	1503.9			torch-2.14.0+cu130
distilgpt2	torch-compile	warm	3	102	1514.4			torch-2.14.0+cu130
distilgpt2	torch-compile	warm	3	103	1481.8			torch-2.14.0+cu130
distilgpt2	torch-compile	warm	3	104	1497.5			torch-2.14.0+cu130
distilgpt2	torch-compile	warm	3	105	1504.4			torch-2.14.0+cu130
distilgpt2	torch-compile	warm	3	106	1499.2			torch-2.14.0+cu130
distilgpt2	torch-compile	warm	3	107	1503.5			torch-2.14.0+cu130
distilgpt2	torch-compile	warm	3	108	1512.3			torch-2.14.0+cu130
distilgpt2	torch-compile	warm	3	109	1493.7			torch-2.14.0+cu130
distilgpt2	torch-compile	warm	3	110	1491.1			torch-2.14.0+cu130
distilgpt2	torch-compile	warm	3	111	1498.5			torch-2.14.0+cu130
distilgpt2	torch-compile	warm	3	112	1483.9			torch-2.14.0+cu130
distilgpt2	torch-compile	warm	3	113	1495.1			torch-2.14.0+cu130
distilgpt2	torch-compile	warm	3	114	1560.2			torch-2.14.0+cu130
distilgpt2	torch-compile	warm	3	115	1482.2			torch-2.14.0+cu130
distilgpt2	torch-compile	warm	3	116	1517.5			torch-2.14.0+cu130
distilgpt2	torch-compile	warm	3	117	1491.1			torch-2.14.0+cu130
distilgpt2	torch-compile	warm	3	118	1501.1			torch-2.14.0+cu130
distilgpt2	torch-compile	warm	3	119	1488.2			torch-2.14.0+cu130
distilgpt2	torch-compile	warm	3	120	1488.4			torch-2.14.0+cu130
distilgpt2	torch-compile	warm	3	121	1512.3			torch-2.14.0+cu130
distilgpt2	torch-compile	warm	3	122	1579.8			torch-2.14.0+cu130
distilgpt2	torch-compile	warm	3	123	1503.2			torch-2.14.0+cu130
distilgpt2	torch-compile	warm	3	124	1501.6			torch-2.14.0+cu130
distilgpt2	torch-compile	warm	3	125	1503.2			torch-2.14.0+cu130
distilgpt2	torch-compile	warm	3	126	1503.2			torch-2.14.0+cu130
distilgpt2	torch-compile	warm	3	127	1509.2			torch-2.14.0+cu130
distilgpt2	torch-compile	warm	3	128	1491.1			torch-2.14.0+cu130
distilgpt2	torch-compile	warm	3	129	1530.6			torch-2.14.0+cu130
distilgpt2	torch-compile	warm	3	130	1495.4			torch-2.14.0+cu130
distilgpt2	torch-compile	warm	3	131	1552.8			torch-2.14.0+cu130
distilgpt2	torch-compile	warm	3	132	1510.4			torch-2.14.0+cu130
distilgpt2	torch-compile	warm	3	133	1479.1			torch-2.14.0+cu130
distilgpt2	torch-compile	warm	3	134	1480.8			torch-2.14.0+cu130
distilgpt2	torch-compile	warm	3	135	1482.5			torch-2.14.0+cu130
distilgpt2	torch-compile	warm	3	136	1505.4			torch-2.14.0+cu130
distilgpt2	torch-compile	warm	3	137	1541.4			torch-2.14.0+cu130
distilgpt2	torch-compile	warm	3	138	1535.4			torch-2.14.0+cu130
distilgpt2	torch-compile	warm	3	139	1511.8			torch-2.14.0+cu130
distilgpt2	torch-compile	warm	3	140	1497.3			torch-2.14.0+cu130
distilgpt2	torch-compile	warm	3	141	1483.0			torch-2.14.0+cu130
distilgpt2	torch-compile	warm	3	142	1519.4			torch-2.14.0+cu130
distilgpt2	torch-compile	warm	3	143	1492.0			torch-2.14.0+cu130
distilgpt2	torch-compile	warm	3	144	1503.9			torch-2.14.0+cu130
distilgpt2	torch-compile	warm	3	145	1506.6			torch-2.14.0+cu130
distilgpt2	torch-compile	warm	3	146	1503.0			torch-2.14.0+cu130
distilgpt2	torch-compile	warm	3	147	1483.4			torch-2.14.0+cu130
distilgpt2	torch-compile	warm	3	148	1487.5			torch-2.14.0+cu130
distilgpt2	torch-compile	warm	3	149	1490.1			torch-2.14.0+cu130
distilgpt2	torch-compile	warm	3	150	1490.4			torch-2.14.0+cu130
distilgpt2	torch-compile	warm	3	151	1481.1			torch-2.14.0+cu130
distilgpt2	torch-compile	warm	3	152	1497.5			torch-2.14.0+cu130
distilgpt2	torch-compile	warm	3	153	1512.5			torch-2.14.0+cu130
distilgpt2	torch-compile	warm	3	154	1530.4			torch-2.14.0+cu130
distilgpt2	torch-compile	warm	3	155	1505.4			torch-2.14.0+cu130
distilgpt2	torch-compile	warm	3	156	1501.1			torch-2.14.0+cu130
distilgpt2	torch-compile	warm	3	157	1500.6			torch-2.14.0+cu130
distilgpt2	torch-compile	warm	3	158	1510.9			torch-2.14.0+cu130
distilgpt2	torch-compile	warm	3	159	1513.7			torch-2.14.0+cu130
distilgpt2	torch-compile	warm	3	160	1513.2			torch-2.14.0+cu130
distilgpt2	torch-compile	warm	3	161	1556.4			torch-2.14.0+cu130
distilgpt2	torch-compile	warm	3	162	1479.4			torch-2.14.0+cu130
distilgpt2	torch-compile	warm	3	163	1517.8			torch-2.14.0+cu130
distilgpt2	torch-compile	warm	3	164	1493.0			torch-2.14.0+cu130
distilgpt2	torch-compile	warm	3	165	1481.8			torch-2.14.0+cu130
distilgpt2	torch-compile	warm	3	166	1517.8			torch-2.14.0+cu130
distilgpt2	torch-compile	warm	3	167	1539.2			torch-2.14.0+cu130
distilgpt2	torch-compile	warm	3	168	1520.9			torch-2.14.0+cu130
distilgpt2	torch-compile	warm	3	169	1502.3			torch-2.14.0+cu130
distilgpt2	torch-compile	warm	3	170	1541.1			torch-2.14.0+cu130
distilgpt2	torch-compile	warm	3	171	1487.3			torch-2.14.0+cu130
distilgpt2	torch-compile	warm	3	172	1478.7			torch-2.14.0+cu130
distilgpt2	torch-compile	warm	3	173	1457.0			torch-2.14.0+cu130
distilgpt2	torch-compile	warm	3	174	1475.6			torch-2.14.0+cu130
distilgpt2	torch-compile	warm	3	175	1459.4			torch-2.14.0+cu130
distilgpt2	torch-compile	warm	3	176	1459.8			torch-2.14.0+cu130
distilgpt2	torch-compile	warm	3	177	1490.1			torch-2.14.0+cu130
distilgpt2	torch-compile	warm	3	178	1475.8			torch-2.14.0+cu130
distilgpt2	torch-compile	warm	3	179	1527.8			torch-2.14.0+cu130
distilgpt2	torch-compile	warm	3	180	1491.8			torch-2.14.0+cu130
distilgpt2	torch-compile	warm	3	181	1476.8			torch-2.14.0+cu130
distilgpt2	torch-compile	warm	3	182	1499.9			torch-2.14.0+cu130
distilgpt2	torch-compile	warm	3	183	1500.6			torch-2.14.0+cu130
distilgpt2	torch-compile	warm	3	184	1471.3			torch-2.14.0+cu130
distilgpt2	torch-compile	warm	3	185	1473.4			torch-2.14.0+cu130
distilgpt2	torch-compile	warm	3	186	1545.9			torch-2.14.0+cu130
distilgpt2	torch-compile	warm	3	187	1515.4			torch-2.14.0+cu130
distilgpt2	torch-compile	warm	3	188	1496.6			torch-2.14.0+cu130
distilgpt2	torch-compile	warm	3	189	1491.1			torch-2.14.0+cu130
distilgpt2	torch-compile	warm	3	190	1552.1			torch-2.14.0+cu130
distilgpt2	torch-compile	warm	3	191	1531.4			torch-2.14.0+cu130
distilgpt2	torch-compile	warm	3	192	1503.5			torch-2.14.0+cu130
distilgpt2	torch-compile	warm	3	193	1481.5			torch-2.14.0+cu130
distilgpt2	torch-compile	warm	3	194	1467.9			torch-2.14.0+cu130
distilgpt2	torch-compile	warm	3	195	1461.0			torch-2.14.0+cu130
distilgpt2	torch-compile	warm	3	196	1478.9			torch-2.14.0+cu130
distilgpt2	torch-compile	warm	3	197	1497.7			torch-2.14.0+cu130
distilgpt2	torch-compile	warm	3	198	1470.6			torch-2.14.0+cu130
distilgpt2	torch-compile	warm	3	199	1463.4			torch-2.14.0+cu130
distilgpt2	torch-compile	warm	3	200	1464.6			torch-2.14.0+cu130
distilgpt2	torch-compile	warm	3	201	1509.7			torch-2.14.0+cu130
distilgpt2	torch-compile	warm	3	202	1525.9			torch-2.14.0+cu130
distilgpt2	torch-compile	warm	3	203	1473.2			torch-2.14.0+cu130
distilgpt2	torch-compile	warm	3	204	1475.1			torch-2.14.0+cu130
distilgpt2	torch-compile	warm	3	205	1466.3			torch-2.14.0+cu130
distilgpt2	torch-compile	warm	3	206	1486.8			torch-2.14.0+cu130
distilgpt2	torch-compile	warm	3	207	1483.7			torch-2.14.0+cu130
distilgpt2	torch-compile	warm	3	208	1471.3			torch-2.14.0+cu130
distilgpt2	torch-compile	warm	3	209	1473.2			torch-2.14.0+cu130
distilgpt2	torch-compile	warm	3	210	1521.1			torch-2.14.0+cu130
distilgpt2	torch-compile	warm	3	211	1482.5			torch-2.14.0+cu130
distilgpt2	torch-compile	warm	3	212	1517.1			torch-2.14.0+cu130
distilgpt2	torch-compile	warm	3	213	1493.7			torch-2.14.0+cu130
distilgpt2	torch-compile	warm	3	214	1476.3			torch-2.14.0+cu130
distilgpt2	torch-compile	warm	3	215	1498.7			torch-2.14.0+cu130
distilgpt2	torch-compile	warm	3	216	1483.0			torch-2.14.0+cu130
distilgpt2	torch-compile	warm	3	217	1480.1			torch-2.14.0+cu130
distilgpt2	torch-compile	warm	3	218	1481.5			torch-2.14.0+cu130
distilgpt2	torch-compile	warm	3	219	1483.2			torch-2.14.0+cu130
distilgpt2	torch-compile	warm	3	220	1483.4			torch-2.14.0+cu130
distilgpt2	torch-compile	warm	3	221	1480.1			torch-2.14.0+cu130
distilgpt2	torch-compile	warm	3	222	1465.1			torch-2.14.0+cu130
distilgpt2	torch-compile	warm	3	223	1464.6			torch-2.14.0+cu130
distilgpt2	torch-compile	warm	3	224	1579.8			torch-2.14.0+cu130
distilgpt2	torch-compile	warm	3	225	1493.7			torch-2.14.0+cu130
distilgpt2	torch-compile	warm	3	226	1477.0			torch-2.14.0+cu130
distilgpt2	torch-compile	warm	3	227	1571.7			torch-2.14.0+cu130
distilgpt2	torch-compile	warm	3	228	1484.4			torch-2.14.0+cu130
distilgpt2	torch-compile	warm	3	229	1473.4			torch-2.14.0+cu130
distilgpt2	torch-compile	warm	3	230	1498.0			torch-2.14.0+cu130
distilgpt2	torch-compile	warm	3	231	1469.4			torch-2.14.0+cu130
distilgpt2	torch-compile	warm	3	232	1469.1			torch-2.14.0+cu130
distilgpt2	torch-compile	warm	3	233	1519.7			torch-2.14.0+cu130
distilgpt2	torch-compile	warm	3	234	1529.7			torch-2.14.0+cu130
distilgpt2	torch-compile	warm	3	235	1501.8			torch-2.14.0+cu130
distilgpt2	torch-compile	warm	3	236	1521.1			torch-2.14.0+cu130
distilgpt2	torch-compile	warm	3	237	1514.2			torch-2.14.0+cu130
distilgpt2	torch-compile	warm	3	238	1520.2			torch-2.14.0+cu130
distilgpt2	torch-compile	warm	3	239	1546.6			torch-2.14.0+cu130
distilgpt2	torch-compile	warm	3	240	1548.3			torch-2.14.0+cu130
distilgpt2	torch-compile	warm	3	241	1500.1			torch-2.14.0+cu130
distilgpt2	torch-compile	warm	3	242	1466.8			torch-2.14.0+cu130
distilgpt2	torch-compile	warm	3	243	1491.8			torch-2.14.0+cu130
distilgpt2	torch-compile	warm	3	244	1476.0			torch-2.14.0+cu130
distilgpt2	torch-compile	warm	3	245	1489.2			torch-2.14.0+cu130
distilgpt2	torch-compile	warm	3	246	1481.5			torch-2.14.0+cu130
distilgpt2	torch-compile	warm	3	247	1516.8			torch-2.14.0+cu130
distilgpt2	torch-compile	warm	3	248	1483.7			torch-2.14.0+cu130
distilgpt2	torch-compile	warm	3	249	1481.5			torch-2.14.0+cu130
distilgpt2	torch-compile	warm	3	250	1465.3			torch-2.14.0+cu130
distilgpt2	torch-compile	warm	3	251	1489.6			torch-2.14.0+cu130
distilgpt2	torch-compile	warm	3	252	1537.8			torch-2.14.0+cu130
distilgpt2	torch-compile	warm	3	253	1485.8			torch-2.14.0+cu130
distilgpt2	torch-compile	warm	3	254	1492.5			torch-2.14.0+cu130
distilgpt2	torch-compile	warm	3	255	1538.5			torch-2.14.0+cu130
distilgpt2	torch-compile	warm	3	256	1482.7			torch-2.14.0+cu130
distilgpt2	torch-compile	warm	3	257	1495.8			torch-2.14.0+cu130
distilgpt2	torch-compile	warm	3	258	1513.0			torch-2.14.0+cu130
distilgpt2	torch-compile	warm	3	259	1470.8			torch-2.14.0+cu130
distilgpt2	torch-compile	warm	3	260	1478.0			torch-2.14.0+cu130
distilgpt2	torch-compile	warm	3	261	1549.0			torch-2.14.0+cu130
distilgpt2	torch-compile	warm	3	262	1474.6			torch-2.14.0+cu130
distilgpt2	torch-compile	warm	3	263	1479.1			torch-2.14.0+cu130
distilgpt2	torch-compile	warm	3	264	1466.0			torch-2.14.0+cu130
distilgpt2	torch-compile	warm	3	265	1477.7			torch-2.14.0+cu130
distilgpt2	torch-compile	warm	3	266	1464.6			torch-2.14.0+cu130
distilgpt2	torch-compile	warm	3	267	1478.0			torch-2.14.0+cu130
distilgpt2	torch-compile	warm	3	268	1466.0			torch-2.14.0+cu130
distilgpt2	torch-compile	warm	3	269	1471.5			torch-2.14.0+cu130
distilgpt2	torch-compile	warm	3	270	1511.8			torch-2.14.0+cu130
distilgpt2	torch-compile	warm	3	271	1488.7			torch-2.14.0+cu130
distilgpt2	torch-compile	warm	3	272	1512.3			torch-2.14.0+cu130
distilgpt2	torch-compile	warm	3	273	1493.2			torch-2.14.0+cu130
distilgpt2	torch-compile	warm	3	274	1485.8			torch-2.14.0+cu130
distilgpt2	torch-compile	warm	3	275	1534.5			torch-2.14.0+cu130
distilgpt2	torch-compile	warm	3	276	1475.1			torch-2.14.0+cu130
distilgpt2	torch-compile	warm	3	277	1474.6			torch-2.14.0+cu130
distilgpt2	torch-compile	warm	3	278	1477.7			torch-2.14.0+cu130
distilgpt2	torch-compile	warm	3	279	1469.6			torch-2.14.0+cu130
distilgpt2	torch-compile	warm	3	280	1499.7			torch-2.14.0+cu130
distilgpt2	torch-compile	warm	3	281	1484.6			torch-2.14.0+cu130
distilgpt2	torch-compile	warm	3	282	1477.2			torch-2.14.0+cu130
distilgpt2	torch-compile	warm	3	283	1542.3			torch-2.14.0+cu130
distilgpt2	torch-compile	warm	3	284	1467.9			torch-2.14.0+cu130
distilgpt2	torch-compile	warm	3	285	1507.5			torch-2.14.0+cu130
distilgpt2	torch-compile	warm	3	286	1477.2			torch-2.14.0+cu130
distilgpt2	torch-compile	warm	3	287	1528.0			torch-2.14.0+cu130
distilgpt2	torch-compile	warm	3	288	1500.6			torch-2.14.0+cu130
distilgpt2	torch-compile	warm	3	289	1504.4			torch-2.14.0+cu130
distilgpt2	torch-compile	warm	3	290	1489.6			torch-2.14.0+cu130
distilgpt2	torch-compile	warm	3	291	1476.0			torch-2.14.0+cu130
distilgpt2	torch-compile	warm	3	292	1556.2			torch-2.14.0+cu130
distilgpt2	torch-compile	warm	3	293	1492.5			torch-2.14.0+cu130
distilgpt2	torch-compile	warm	3	294	1488.0			torch-2.14.0+cu130
distilgpt2	torch-compile	warm	3	295	1492.0			torch-2.14.0+cu130
distilgpt2	torch-compile	warm	3	296	1467.5			torch-2.14.0+cu130
distilgpt2	torch-compile	warm	3	297	1533.5			torch-2.14.0+cu130
distilgpt2	torch-compile	warm	3	298	1501.6			torch-2.14.0+cu130
distilgpt2	torch-compile	warm	3	299	1461.3			torch-2.14.0+cu130
distilgpt2	torch-compile-ro	warm	3	0	1747811.6			torch-2.14.0+cu130
distilgpt2	torch-compile-ro	warm	3	1	32878.2			torch-2.14.0+cu130
distilgpt2	torch-compile-ro	warm	3	2	1731.4			torch-2.14.0+cu130
distilgpt2	torch-compile-ro	warm	3	3	1599.8			torch-2.14.0+cu130
distilgpt2	torch-compile-ro	warm	3	4	1478.2			torch-2.14.0+cu130
distilgpt2	torch-compile-ro	warm	3	5	1459.4			torch-2.14.0+cu130
distilgpt2	torch-compile-ro	warm	3	6	1391.2			torch-2.14.0+cu130
distilgpt2	torch-compile-ro	warm	3	7	1376.9			torch-2.14.0+cu130
distilgpt2	torch-compile-ro	warm	3	8	1362.3			torch-2.14.0+cu130
distilgpt2	torch-compile-ro	warm	3	9	1363.0			torch-2.14.0+cu130
distilgpt2	torch-compile-ro	warm	3	10	1341.8			torch-2.14.0+cu130
distilgpt2	torch-compile-ro	warm	3	11	1379.3			torch-2.14.0+cu130
distilgpt2	torch-compile-ro	warm	3	12	1421.0			torch-2.14.0+cu130
distilgpt2	torch-compile-ro	warm	3	13	1363.0			torch-2.14.0+cu130
distilgpt2	torch-compile-ro	warm	3	14	1353.3			torch-2.14.0+cu130
distilgpt2	torch-compile-ro	warm	3	15	1357.1			torch-2.14.0+cu130
distilgpt2	torch-compile-ro	warm	3	16	1346.3			torch-2.14.0+cu130
distilgpt2	torch-compile-ro	warm	3	17	1353.3			torch-2.14.0+cu130
distilgpt2	torch-compile-ro	warm	3	18	1373.1			torch-2.14.0+cu130
distilgpt2	torch-compile-ro	warm	3	19	1354.2			torch-2.14.0+cu130
distilgpt2	torch-compile-ro	warm	3	20	1358.5			torch-2.14.0+cu130
distilgpt2	torch-compile-ro	warm	3	21	1359.2			torch-2.14.0+cu130
distilgpt2	torch-compile-ro	warm	3	22	1376.6			torch-2.14.0+cu130
distilgpt2	torch-compile-ro	warm	3	23	1365.7			torch-2.14.0+cu130
distilgpt2	torch-compile-ro	warm	3	24	1380.2			torch-2.14.0+cu130
distilgpt2	torch-compile-ro	warm	3	25	1359.7			torch-2.14.0+cu130
distilgpt2	torch-compile-ro	warm	3	26	1364.2			torch-2.14.0+cu130
distilgpt2	torch-compile-ro	warm	3	27	1427.9			torch-2.14.0+cu130
distilgpt2	torch-compile-ro	warm	3	28	1351.6			torch-2.14.0+cu130
distilgpt2	torch-compile-ro	warm	3	29	1383.8			torch-2.14.0+cu130
distilgpt2	torch-compile-ro	warm	3	30	1356.1			torch-2.14.0+cu130
distilgpt2	torch-compile-ro	warm	3	31	1357.3			torch-2.14.0+cu130
distilgpt2	torch-compile-ro	warm	3	32	1384.3			torch-2.14.0+cu130
distilgpt2	torch-compile-ro	warm	3	33	1411.0			torch-2.14.0+cu130
distilgpt2	torch-compile-ro	warm	3	34	1381.4			torch-2.14.0+cu130
distilgpt2	torch-compile-ro	warm	3	35	1354.7			torch-2.14.0+cu130
distilgpt2	torch-compile-ro	warm	3	36	1385.9			torch-2.14.0+cu130
distilgpt2	torch-compile-ro	warm	3	37	1378.1			torch-2.14.0+cu130
distilgpt2	torch-compile-ro	warm	3	38	1418.8			torch-2.14.0+cu130
distilgpt2	torch-compile-ro	warm	3	39	1366.1			torch-2.14.0+cu130
distilgpt2	torch-compile-ro	warm	3	40	1372.3			torch-2.14.0+cu130
distilgpt2	torch-compile-ro	warm	3	41	1367.8			torch-2.14.0+cu130
distilgpt2	torch-compile-ro	warm	3	42	1391.2			torch-2.14.0+cu130
distilgpt2	torch-compile-ro	warm	3	43	1363.8			torch-2.14.0+cu130
distilgpt2	torch-compile-ro	warm	3	44	1354.2			torch-2.14.0+cu130
distilgpt2	torch-compile-ro	warm	3	45	1368.3			torch-2.14.0+cu130
distilgpt2	torch-compile-ro	warm	3	46	1395.2			torch-2.14.0+cu130
distilgpt2	torch-compile-ro	warm	3	47	1356.4			torch-2.14.0+cu130
distilgpt2	torch-compile-ro	warm	3	48	1376.2			torch-2.14.0+cu130
distilgpt2	torch-compile-ro	warm	3	49	1361.4			torch-2.14.0+cu130
distilgpt2	torch-compile-ro	warm	3	50	1359.7			torch-2.14.0+cu130
distilgpt2	torch-compile-ro	warm	3	51	1367.6			torch-2.14.0+cu130
distilgpt2	torch-compile-ro	warm	3	52	1359.9			torch-2.14.0+cu130
distilgpt2	torch-compile-ro	warm	3	53	1373.1			torch-2.14.0+cu130
distilgpt2	torch-compile-ro	warm	3	54	1357.6			torch-2.14.0+cu130
distilgpt2	torch-compile-ro	warm	3	55	1356.6			torch-2.14.0+cu130
distilgpt2	torch-compile-ro	warm	3	56	1387.4			torch-2.14.0+cu130
distilgpt2	torch-compile-ro	warm	3	57	1423.4			torch-2.14.0+cu130
distilgpt2	torch-compile-ro	warm	3	58	1381.6			torch-2.14.0+cu130
distilgpt2	torch-compile-ro	warm	3	59	1361.8			torch-2.14.0+cu130
distilgpt2	torch-compile-ro	warm	3	60	1350.6			torch-2.14.0+cu130
distilgpt2	torch-compile-ro	warm	3	61	1419.3			torch-2.14.0+cu130
distilgpt2	torch-compile-ro	warm	3	62	1355.9			torch-2.14.0+cu130
distilgpt2	torch-compile-ro	warm	3	63	1381.4			torch-2.14.0+cu130
distilgpt2	torch-compile-ro	warm	3	64	1363.3			torch-2.14.0+cu130
distilgpt2	torch-compile-ro	warm	3	65	1343.5			torch-2.14.0+cu130
distilgpt2	torch-compile-ro	warm	3	66	1351.1			torch-2.14.0+cu130
distilgpt2	torch-compile-ro	warm	3	67	1340.9			torch-2.14.0+cu130
distilgpt2	torch-compile-ro	warm	3	68	1364.9			torch-2.14.0+cu130
distilgpt2	torch-compile-ro	warm	3	69	1364.9			torch-2.14.0+cu130
distilgpt2	torch-compile-ro	warm	3	70	1368.3			torch-2.14.0+cu130
distilgpt2	torch-compile-ro	warm	3	71	1336.3			torch-2.14.0+cu130
distilgpt2	torch-compile-ro	warm	3	72	1374.0			torch-2.14.0+cu130
distilgpt2	torch-compile-ro	warm	3	73	1341.1			torch-2.14.0+cu130
distilgpt2	torch-compile-ro	warm	3	74	1343.7			torch-2.14.0+cu130
distilgpt2	torch-compile-ro	warm	3	75	1454.4			torch-2.14.0+cu130
distilgpt2	torch-compile-ro	warm	3	76	1450.5			torch-2.14.0+cu130
distilgpt2	torch-compile-ro	warm	3	77	1390.5			torch-2.14.0+cu130
distilgpt2	torch-compile-ro	warm	3	78	1371.4			torch-2.14.0+cu130
distilgpt2	torch-compile-ro	warm	3	79	1395.5			torch-2.14.0+cu130
distilgpt2	torch-compile-ro	warm	3	80	1377.8			torch-2.14.0+cu130
distilgpt2	torch-compile-ro	warm	3	81	1359.0			torch-2.14.0+cu130
distilgpt2	torch-compile-ro	warm	3	82	1359.5			torch-2.14.0+cu130
distilgpt2	torch-compile-ro	warm	3	83	1319.4			torch-2.14.0+cu130
distilgpt2	torch-compile-ro	warm	3	84	1333.5			torch-2.14.0+cu130
distilgpt2	torch-compile-ro	warm	3	85	1333.7			torch-2.14.0+cu130
distilgpt2	torch-compile-ro	warm	3	86	1349.4			torch-2.14.0+cu130
distilgpt2	torch-compile-ro	warm	3	87	1380.9			torch-2.14.0+cu130
distilgpt2	torch-compile-ro	warm	3	88	1377.1			torch-2.14.0+cu130
distilgpt2	torch-compile-ro	warm	3	89	1360.2			torch-2.14.0+cu130
distilgpt2	torch-compile-ro	warm	3	90	1363.0			torch-2.14.0+cu130
distilgpt2	torch-compile-ro	warm	3	91	1393.6			torch-2.14.0+cu130
distilgpt2	torch-compile-ro	warm	3	92	1461.3			torch-2.14.0+cu130
distilgpt2	torch-compile-ro	warm	3	93	1362.8			torch-2.14.0+cu130
distilgpt2	torch-compile-ro	warm	3	94	1359.9			torch-2.14.0+cu130
distilgpt2	torch-compile-ro	warm	3	95	1362.8			torch-2.14.0+cu130
distilgpt2	torch-compile-ro	warm	3	96	1432.4			torch-2.14.0+cu130
distilgpt2	torch-compile-ro	warm	3	97	1369.5			torch-2.14.0+cu130
distilgpt2	torch-compile-ro	warm	3	98	1362.8			torch-2.14.0+cu130
distilgpt2	torch-compile-ro	warm	3	99	1453.2			torch-2.14.0+cu130
distilgpt2	torch-compile-ro	warm	3	100	1455.1			torch-2.14.0+cu130
distilgpt2	torch-compile-ro	warm	3	101	1471.5			torch-2.14.0+cu130
distilgpt2	torch-compile-ro	warm	3	102	1458.6			torch-2.14.0+cu130
distilgpt2	torch-compile-ro	warm	3	103	1394.5			torch-2.14.0+cu130
distilgpt2	torch-compile-ro	warm	3	104	1379.5			torch-2.14.0+cu130
distilgpt2	torch-compile-ro	warm	3	105	1368.0			torch-2.14.0+cu130
distilgpt2	torch-compile-ro	warm	3	106	1349.9			torch-2.14.0+cu130
distilgpt2	torch-compile-ro	warm	3	107	1415.3			torch-2.14.0+cu130
distilgpt2	torch-compile-ro	warm	3	108	1357.1			torch-2.14.0+cu130
distilgpt2	torch-compile-ro	warm	3	109	1362.6			torch-2.14.0+cu130
distilgpt2	torch-compile-ro	warm	3	110	1383.5			torch-2.14.0+cu130
distilgpt2	torch-compile-ro	warm	3	111	1376.4			torch-2.14.0+cu130
distilgpt2	torch-compile-ro	warm	3	112	1324.4			torch-2.14.0+cu130
distilgpt2	torch-compile-ro	warm	3	113	1309.4			torch-2.14.0+cu130
distilgpt2	torch-compile-ro	warm	3	114	1348.0			torch-2.14.0+cu130
distilgpt2	torch-compile-ro	warm	3	115	1372.8			torch-2.14.0+cu130
distilgpt2	torch-compile-ro	warm	3	116	1392.8			torch-2.14.0+cu130
distilgpt2	torch-compile-ro	warm	3	117	1416.4			torch-2.14.0+cu130
distilgpt2	torch-compile-ro	warm	3	118	1423.1			torch-2.14.0+cu130
distilgpt2	torch-compile-ro	warm	3	119	1357.3			torch-2.14.0+cu130
distilgpt2	torch-compile-ro	warm	3	120	1463.7			torch-2.14.0+cu130
distilgpt2	torch-compile-ro	warm	3	121	1445.8			torch-2.14.0+cu130
distilgpt2	torch-compile-ro	warm	3	122	1335.9			torch-2.14.0+cu130
distilgpt2	torch-compile-ro	warm	3	123	1421.2			torch-2.14.0+cu130
distilgpt2	torch-compile-ro	warm	3	124	1429.3			torch-2.14.0+cu130
distilgpt2	torch-compile-ro	warm	3	125	1425.5			torch-2.14.0+cu130
distilgpt2	torch-compile-ro	warm	3	126	1428.8			torch-2.14.0+cu130
distilgpt2	torch-compile-ro	warm	3	127	1347.1			torch-2.14.0+cu130
distilgpt2	torch-compile-ro	warm	3	128	1454.1			torch-2.14.0+cu130
distilgpt2	torch-compile-ro	warm	3	129	1433.1			torch-2.14.0+cu130
distilgpt2	torch-compile-ro	warm	3	130	1424.6			torch-2.14.0+cu130
distilgpt2	torch-compile-ro	warm	3	131	1459.1			torch-2.14.0+cu130
distilgpt2	torch-compile-ro	warm	3	132	1411.7			torch-2.14.0+cu130
distilgpt2	torch-compile-ro	warm	3	133	1507.3			torch-2.14.0+cu130
distilgpt2	torch-compile-ro	warm	3	134	1416.7			torch-2.14.0+cu130
distilgpt2	torch-compile-ro	warm	3	135	1427.4			torch-2.14.0+cu130
distilgpt2	torch-compile-ro	warm	3	136	1409.1			torch-2.14.0+cu130
distilgpt2	torch-compile-ro	warm	3	137	1452.7			torch-2.14.0+cu130
distilgpt2	torch-compile-ro	warm	3	138	1427.4			torch-2.14.0+cu130
distilgpt2	torch-compile-ro	warm	3	139	1407.1			torch-2.14.0+cu130
distilgpt2	torch-compile-ro	warm	3	140	1504.4			torch-2.14.0+cu130
distilgpt2	torch-compile-ro	warm	3	141	1480.1			torch-2.14.0+cu130
distilgpt2	torch-compile-ro	warm	3	142	1491.3			torch-2.14.0+cu130
distilgpt2	torch-compile-ro	warm	3	143	1414.5			torch-2.14.0+cu130
distilgpt2	torch-compile-ro	warm	3	144	1419.8			torch-2.14.0+cu130
distilgpt2	torch-compile-ro	warm	3	145	1406.4			torch-2.14.0+cu130
distilgpt2	torch-compile-ro	warm	3	146	1422.2			torch-2.14.0+cu130
distilgpt2	torch-compile-ro	warm	3	147	1401.4			torch-2.14.0+cu130
distilgpt2	torch-compile-ro	warm	3	148	1496.3			torch-2.14.0+cu130
distilgpt2	torch-compile-ro	warm	3	149	1414.5			torch-2.14.0+cu130
distilgpt2	torch-compile-ro	warm	3	150	1445.8			torch-2.14.0+cu130
distilgpt2	torch-compile-ro	warm	3	151	1431.0			torch-2.14.0+cu130
distilgpt2	torch-compile-ro	warm	3	152	1393.8			torch-2.14.0+cu130
distilgpt2	torch-compile-ro	warm	3	153	1434.6			torch-2.14.0+cu130
distilgpt2	torch-compile-ro	warm	3	154	1413.8			torch-2.14.0+cu130
distilgpt2	torch-compile-ro	warm	3	155	1429.8			torch-2.14.0+cu130
distilgpt2	torch-compile-ro	warm	3	156	1492.3			torch-2.14.0+cu130
distilgpt2	torch-compile-ro	warm	3	157	1342.3			torch-2.14.0+cu130
distilgpt2	torch-compile-ro	warm	3	158	1318.5			torch-2.14.0+cu130
distilgpt2	torch-compile-ro	warm	3	159	1331.3			torch-2.14.0+cu130
distilgpt2	torch-compile-ro	warm	3	160	1344.2			torch-2.14.0+cu130
distilgpt2	torch-compile-ro	warm	3	161	1328.9			torch-2.14.0+cu130
distilgpt2	torch-compile-ro	warm	3	162	1368.8			torch-2.14.0+cu130
distilgpt2	torch-compile-ro	warm	3	163	1442.9			torch-2.14.0+cu130
distilgpt2	torch-compile-ro	warm	3	164	1426.2			torch-2.14.0+cu130
distilgpt2	torch-compile-ro	warm	3	165	1370.4			torch-2.14.0+cu130
distilgpt2	torch-compile-ro	warm	3	166	1336.6			torch-2.14.0+cu130
distilgpt2	torch-compile-ro	warm	3	167	1387.1			torch-2.14.0+cu130
distilgpt2	torch-compile-ro	warm	3	168	1333.0			torch-2.14.0+cu130
distilgpt2	torch-compile-ro	warm	3	169	1424.1			torch-2.14.0+cu130
distilgpt2	torch-compile-ro	warm	3	170	1339.7			torch-2.14.0+cu130
distilgpt2	torch-compile-ro	warm	3	171	1429.3			torch-2.14.0+cu130
distilgpt2	torch-compile-ro	warm	3	172	1330.4			torch-2.14.0+cu130
distilgpt2	torch-compile-ro	warm	3	173	1443.9			torch-2.14.0+cu130
distilgpt2	torch-compile-ro	warm	3	174	1380.4			torch-2.14.0+cu130
distilgpt2	torch-compile-ro	warm	3	175	1413.1			torch-2.14.0+cu130
distilgpt2	torch-compile-ro	warm	3	176	1393.6			torch-2.14.0+cu130
distilgpt2	torch-compile-ro	warm	3	177	1360.7			torch-2.14.0+cu130
distilgpt2	torch-compile-ro	warm	3	178	1314.6			torch-2.14.0+cu130
distilgpt2	torch-compile-ro	warm	3	179	1330.9			torch-2.14.0+cu130
distilgpt2	torch-compile-ro	warm	3	180	1351.6			torch-2.14.0+cu130
distilgpt2	torch-compile-ro	warm	3	181	1348.3			torch-2.14.0+cu130
distilgpt2	torch-compile-ro	warm	3	182	1317.0			torch-2.14.0+cu130
distilgpt2	torch-compile-ro	warm	3	183	1423.4			torch-2.14.0+cu130
distilgpt2	torch-compile-ro	warm	3	184	1332.8			torch-2.14.0+cu130
distilgpt2	torch-compile-ro	warm	3	185	1339.4			torch-2.14.0+cu130
distilgpt2	torch-compile-ro	warm	3	186	1333.0			torch-2.14.0+cu130
distilgpt2	torch-compile-ro	warm	3	187	1327.3			torch-2.14.0+cu130
distilgpt2	torch-compile-ro	warm	3	188	1354.2			torch-2.14.0+cu130
distilgpt2	torch-compile-ro	warm	3	189	1332.8			torch-2.14.0+cu130
distilgpt2	torch-compile-ro	warm	3	190	1447.0			torch-2.14.0+cu130
distilgpt2	torch-compile-ro	warm	3	191	1427.4			torch-2.14.0+cu130
distilgpt2	torch-compile-ro	warm	3	192	1361.8			torch-2.14.0+cu130
distilgpt2	torch-compile-ro	warm	3	193	1497.0			torch-2.14.0+cu130
distilgpt2	torch-compile-ro	warm	3	194	1360.9			torch-2.14.0+cu130
distilgpt2	torch-compile-ro	warm	3	195	1393.1			torch-2.14.0+cu130
distilgpt2	torch-compile-ro	warm	3	196	1467.0			torch-2.14.0+cu130
distilgpt2	torch-compile-ro	warm	3	197	1448.2			torch-2.14.0+cu130
distilgpt2	torch-compile-ro	warm	3	198	1446.2			torch-2.14.0+cu130
distilgpt2	torch-compile-ro	warm	3	199	1369.7			torch-2.14.0+cu130
distilgpt2	torch-compile-ro	warm	3	200	1344.7			torch-2.14.0+cu130
distilgpt2	torch-compile-ro	warm	3	201	1345.9			torch-2.14.0+cu130
distilgpt2	torch-compile-ro	warm	3	202	1320.4			torch-2.14.0+cu130
distilgpt2	torch-compile-ro	warm	3	203	1380.7			torch-2.14.0+cu130
distilgpt2	torch-compile-ro	warm	3	204	1337.8			torch-2.14.0+cu130
distilgpt2	torch-compile-ro	warm	3	205	1371.6			torch-2.14.0+cu130
distilgpt2	torch-compile-ro	warm	3	206	1380.7			torch-2.14.0+cu130
distilgpt2	torch-compile-ro	warm	3	207	1444.6			torch-2.14.0+cu130
distilgpt2	torch-compile-ro	warm	3	208	1371.9			torch-2.14.0+cu130
distilgpt2	torch-compile-ro	warm	3	209	1341.1			torch-2.14.0+cu130
distilgpt2	torch-compile-ro	warm	3	210	1322.3			torch-2.14.0+cu130
distilgpt2	torch-compile-ro	warm	3	211	1366.6			torch-2.14.0+cu130
distilgpt2	torch-compile-ro	warm	3	212	1334.4			torch-2.14.0+cu130
distilgpt2	torch-compile-ro	warm	3	213	1340.6			torch-2.14.0+cu130
distilgpt2	torch-compile-ro	warm	3	214	1365.7			torch-2.14.0+cu130
distilgpt2	torch-compile-ro	warm	3	215	1321.8			torch-2.14.0+cu130
distilgpt2	torch-compile-ro	warm	3	216	1317.0			torch-2.14.0+cu130
distilgpt2	torch-compile-ro	warm	3	217	1336.1			torch-2.14.0+cu130
distilgpt2	torch-compile-ro	warm	3	218	1318.0			torch-2.14.0+cu130
distilgpt2	torch-compile-ro	warm	3	219	1319.2			torch-2.14.0+cu130
distilgpt2	torch-compile-ro	warm	3	220	1323.5			torch-2.14.0+cu130
distilgpt2	torch-compile-ro	warm	3	221	1344.4			torch-2.14.0+cu130
distilgpt2	torch-compile-ro	warm	3	222	1340.9			torch-2.14.0+cu130
distilgpt2	torch-compile-ro	warm	3	223	1331.8			torch-2.14.0+cu130
distilgpt2	torch-compile-ro	warm	3	224	1401.4			torch-2.14.0+cu130
distilgpt2	torch-compile-ro	warm	3	225	1342.1			torch-2.14.0+cu130
distilgpt2	torch-compile-ro	warm	3	226	1361.1			torch-2.14.0+cu130
distilgpt2	torch-compile-ro	warm	3	227	1319.4			torch-2.14.0+cu130
distilgpt2	torch-compile-ro	warm	3	228	1312.5			torch-2.14.0+cu130
distilgpt2	torch-compile-ro	warm	3	229	1356.1			torch-2.14.0+cu130
distilgpt2	torch-compile-ro	warm	3	230	1331.1			torch-2.14.0+cu130
distilgpt2	torch-compile-ro	warm	3	231	1324.7			torch-2.14.0+cu130
distilgpt2	torch-compile-ro	warm	3	232	1344.9			torch-2.14.0+cu130
distilgpt2	torch-compile-ro	warm	3	233	1338.2			torch-2.14.0+cu130
distilgpt2	torch-compile-ro	warm	3	234	1365.7			torch-2.14.0+cu130
distilgpt2	torch-compile-ro	warm	3	235	1328.9			torch-2.14.0+cu130
distilgpt2	torch-compile-ro	warm	3	236	1310.8			torch-2.14.0+cu130
distilgpt2	torch-compile-ro	warm	3	237	1306.5			torch-2.14.0+cu130
distilgpt2	torch-compile-ro	warm	3	238	1341.8			torch-2.14.0+cu130
distilgpt2	torch-compile-ro	warm	3	239	1324.9			torch-2.14.0+cu130
distilgpt2	torch-compile-ro	warm	3	240	1344.9			torch-2.14.0+cu130
distilgpt2	torch-compile-ro	warm	3	241	1341.6			torch-2.14.0+cu130
distilgpt2	torch-compile-ro	warm	3	242	1327.5			torch-2.14.0+cu130
distilgpt2	torch-compile-ro	warm	3	243	1331.6			torch-2.14.0+cu130
distilgpt2	torch-compile-ro	warm	3	244	1454.6			torch-2.14.0+cu130
distilgpt2	torch-compile-ro	warm	3	245	1428.8			torch-2.14.0+cu130
distilgpt2	torch-compile-ro	warm	3	246	1356.8			torch-2.14.0+cu130
distilgpt2	torch-compile-ro	warm	3	247	1334.0			torch-2.14.0+cu130
distilgpt2	torch-compile-ro	warm	3	248	1341.3			torch-2.14.0+cu130
distilgpt2	torch-compile-ro	warm	3	249	1351.4			torch-2.14.0+cu130
distilgpt2	torch-compile-ro	warm	3	250	1334.0			torch-2.14.0+cu130
distilgpt2	torch-compile-ro	warm	3	251	1351.8			torch-2.14.0+cu130
distilgpt2	torch-compile-ro	warm	3	252	1360.4			torch-2.14.0+cu130
distilgpt2	torch-compile-ro	warm	3	253	1383.5			torch-2.14.0+cu130
distilgpt2	torch-compile-ro	warm	3	254	1317.0			torch-2.14.0+cu130
distilgpt2	torch-compile-ro	warm	3	255	1310.3			torch-2.14.0+cu130
distilgpt2	torch-compile-ro	warm	3	256	1312.3			torch-2.14.0+cu130
distilgpt2	torch-compile-ro	warm	3	257	1309.6			torch-2.14.0+cu130
distilgpt2	torch-compile-ro	warm	3	258	1327.3			torch-2.14.0+cu130
distilgpt2	torch-compile-ro	warm	3	259	1449.3			torch-2.14.0+cu130
distilgpt2	torch-compile-ro	warm	3	260	1442.0			torch-2.14.0+cu130
distilgpt2	torch-compile-ro	warm	3	261	1330.1			torch-2.14.0+cu130
distilgpt2	torch-compile-ro	warm	3	262	1321.6			torch-2.14.0+cu130
distilgpt2	torch-compile-ro	warm	3	263	1333.7			torch-2.14.0+cu130
distilgpt2	torch-compile-ro	warm	3	264	1313.9			torch-2.14.0+cu130
distilgpt2	torch-compile-ro	warm	3	265	1427.4			torch-2.14.0+cu130
distilgpt2	torch-compile-ro	warm	3	266	1453.6			torch-2.14.0+cu130
distilgpt2	torch-compile-ro	warm	3	267	1417.4			torch-2.14.0+cu130
distilgpt2	torch-compile-ro	warm	3	268	1488.2			torch-2.14.0+cu130
distilgpt2	torch-compile-ro	warm	3	269	1431.7			torch-2.14.0+cu130
distilgpt2	torch-compile-ro	warm	3	270	1426.9			torch-2.14.0+cu130
distilgpt2	torch-compile-ro	warm	3	271	1416.2			torch-2.14.0+cu130
distilgpt2	torch-compile-ro	warm	3	272	1385.9			torch-2.14.0+cu130
distilgpt2	torch-compile-ro	warm	3	273	1342.3			torch-2.14.0+cu130
distilgpt2	torch-compile-ro	warm	3	274	1323.0			torch-2.14.0+cu130
distilgpt2	torch-compile-ro	warm	3	275	1328.0			torch-2.14.0+cu130
distilgpt2	torch-compile-ro	warm	3	276	1313.9			torch-2.14.0+cu130
distilgpt2	torch-compile-ro	warm	3	277	1313.7			torch-2.14.0+cu130
distilgpt2	torch-compile-ro	warm	3	278	1329.7			torch-2.14.0+cu130
distilgpt2	torch-compile-ro	warm	3	279	1338.7			torch-2.14.0+cu130
distilgpt2	torch-compile-ro	warm	3	280	1348.3			torch-2.14.0+cu130
distilgpt2	torch-compile-ro	warm	3	281	1394.5			torch-2.14.0+cu130
distilgpt2	torch-compile-ro	warm	3	282	1328.7			torch-2.14.0+cu130
distilgpt2	torch-compile-ro	warm	3	283	1340.9			torch-2.14.0+cu130
distilgpt2	torch-compile-ro	warm	3	284	1322.7			torch-2.14.0+cu130
distilgpt2	torch-compile-ro	warm	3	285	1333.5			torch-2.14.0+cu130
distilgpt2	torch-compile-ro	warm	3	286	1364.2			torch-2.14.0+cu130
distilgpt2	torch-compile-ro	warm	3	287	1311.8			torch-2.14.0+cu130
distilgpt2	torch-compile-ro	warm	3	288	1316.5			torch-2.14.0+cu130
distilgpt2	torch-compile-ro	warm	3	289	1337.8			torch-2.14.0+cu130
distilgpt2	torch-compile-ro	warm	3	290	1346.8			torch-2.14.0+cu130
distilgpt2	torch-compile-ro	warm	3	291	1305.6			torch-2.14.0+cu130
distilgpt2	torch-compile-ro	warm	3	292	1314.6			torch-2.14.0+cu130
distilgpt2	torch-compile-ro	warm	3	293	1316.1			torch-2.14.0+cu130
distilgpt2	torch-compile-ro	warm	3	294	1335.4			torch-2.14.0+cu130
distilgpt2	torch-compile-ro	warm	3	295	1322.0			torch-2.14.0+cu130
distilgpt2	torch-compile-ro	warm	3	296	1328.2			torch-2.14.0+cu130
distilgpt2	torch-compile-ro	warm	3	297	1348.7			torch-2.14.0+cu130
distilgpt2	torch-compile-ro	warm	3	298	1313.4			torch-2.14.0+cu130
distilgpt2	torch-compile-ro	warm	3	299	1433.8			torch-2.14.0+cu130
distilgpt2	jax	warm	3	0	67064.0			jax-0.11.1
distilgpt2	jax	warm	3	1	1564.4			jax-0.11.1
distilgpt2	jax	warm	3	2	1364.2			jax-0.11.1
distilgpt2	jax	warm	3	3	1230.9			jax-0.11.1
distilgpt2	jax	warm	3	4	1254.8			jax-0.11.1
distilgpt2	jax	warm	3	5	1247.8			jax-0.11.1
distilgpt2	jax	warm	3	6	1244.8			jax-0.11.1
distilgpt2	jax	warm	3	7	1209.2			jax-0.11.1
distilgpt2	jax	warm	3	8	1250.7			jax-0.11.1
distilgpt2	jax	warm	3	9	1214.2			jax-0.11.1
distilgpt2	jax	warm	3	10	1242.4			jax-0.11.1
distilgpt2	jax	warm	3	11	1213.9			jax-0.11.1
distilgpt2	jax	warm	3	12	1241.1			jax-0.11.1
distilgpt2	jax	warm	3	13	1236.1			jax-0.11.1
distilgpt2	jax	warm	3	14	1243.1			jax-0.11.1
distilgpt2	jax	warm	3	15	1211.6			jax-0.11.1
distilgpt2	jax	warm	3	16	1263.9			jax-0.11.1
distilgpt2	jax	warm	3	17	1247.3			jax-0.11.1
distilgpt2	jax	warm	3	18	1255.4			jax-0.11.1
distilgpt2	jax	warm	3	19	1217.4			jax-0.11.1
distilgpt2	jax	warm	3	20	1215.8			jax-0.11.1
distilgpt2	jax	warm	3	21	1215.4			jax-0.11.1
distilgpt2	jax	warm	3	22	1237.4			jax-0.11.1
distilgpt2	jax	warm	3	23	1230.9			jax-0.11.1
distilgpt2	jax	warm	3	24	1209.3			jax-0.11.1
distilgpt2	jax	warm	3	25	1196.1			jax-0.11.1
distilgpt2	jax	warm	3	26	1232.2			jax-0.11.1
distilgpt2	jax	warm	3	27	1234.2			jax-0.11.1
distilgpt2	jax	warm	3	28	1233.3			jax-0.11.1
distilgpt2	jax	warm	3	29	1230.7			jax-0.11.1
distilgpt2	jax	warm	3	30	1198.5			jax-0.11.1
distilgpt2	jax	warm	3	31	1235.6			jax-0.11.1
distilgpt2	jax	warm	3	32	1202.6			jax-0.11.1
distilgpt2	jax	warm	3	33	1232.5			jax-0.11.1
distilgpt2	jax	warm	3	34	1228.7			jax-0.11.1
distilgpt2	jax	warm	3	35	1213.6			jax-0.11.1
distilgpt2	jax	warm	3	36	1205.0			jax-0.11.1
distilgpt2	jax	warm	3	37	1234.0			jax-0.11.1
distilgpt2	jax	warm	3	38	1231.0			jax-0.11.1
distilgpt2	jax	warm	3	39	1243.2			jax-0.11.1
distilgpt2	jax	warm	3	40	1241.2			jax-0.11.1
distilgpt2	jax	warm	3	41	1237.4			jax-0.11.1
distilgpt2	jax	warm	3	42	1232.6			jax-0.11.1
distilgpt2	jax	warm	3	43	1217.4			jax-0.11.1
distilgpt2	jax	warm	3	44	1229.3			jax-0.11.1
distilgpt2	jax	warm	3	45	1222.4			jax-0.11.1
distilgpt2	jax	warm	3	46	1219.7			jax-0.11.1
distilgpt2	jax	warm	3	47	1213.2			jax-0.11.1
distilgpt2	jax	warm	3	48	1222.0			jax-0.11.1
distilgpt2	jax	warm	3	49	1205.3			jax-0.11.1
distilgpt2	jax	warm	3	50	1226.6			jax-0.11.1
distilgpt2	jax	warm	3	51	1188.5			jax-0.11.1
distilgpt2	jax	warm	3	52	1218.2			jax-0.11.1
distilgpt2	jax	warm	3	53	1221.8			jax-0.11.1
distilgpt2	jax	warm	3	54	1193.1			jax-0.11.1
distilgpt2	jax	warm	3	55	1224.5			jax-0.11.1
distilgpt2	jax	warm	3	56	1198.9			jax-0.11.1
distilgpt2	jax	warm	3	57	1221.2			jax-0.11.1
distilgpt2	jax	warm	3	58	1229.6			jax-0.11.1
distilgpt2	jax	warm	3	59	1223.8			jax-0.11.1
distilgpt2	jax	warm	3	60	1193.4			jax-0.11.1
distilgpt2	jax	warm	3	61	1244.4			jax-0.11.1
distilgpt2	jax	warm	3	62	1231.4			jax-0.11.1
distilgpt2	jax	warm	3	63	1201.8			jax-0.11.1
distilgpt2	jax	warm	3	64	1231.3			jax-0.11.1
distilgpt2	jax	warm	3	65	1230.7			jax-0.11.1
distilgpt2	jax	warm	3	66	1225.4			jax-0.11.1
distilgpt2	jax	warm	3	67	1201.0			jax-0.11.1
distilgpt2	jax	warm	3	68	1230.6			jax-0.11.1
distilgpt2	jax	warm	3	69	1222.1			jax-0.11.1
distilgpt2	jax	warm	3	70	1236.6			jax-0.11.1
distilgpt2	jax	warm	3	71	1231.0			jax-0.11.1
distilgpt2	jax	warm	3	72	1224.9			jax-0.11.1
distilgpt2	jax	warm	3	73	1221.0			jax-0.11.1
distilgpt2	jax	warm	3	74	1223.7			jax-0.11.1
distilgpt2	jax	warm	3	75	1223.2			jax-0.11.1
distilgpt2	jax	warm	3	76	1238.1			jax-0.11.1
distilgpt2	jax	warm	3	77	1205.3			jax-0.11.1
distilgpt2	jax	warm	3	78	1228.8			jax-0.11.1
distilgpt2	jax	warm	3	79	1205.9			jax-0.11.1
distilgpt2	jax	warm	3	80	1251.0			jax-0.11.1
distilgpt2	jax	warm	3	81	1198.8			jax-0.11.1
distilgpt2	jax	warm	3	82	1227.6			jax-0.11.1
distilgpt2	jax	warm	3	83	1204.5			jax-0.11.1
distilgpt2	jax	warm	3	84	1213.4			jax-0.11.1
distilgpt2	jax	warm	3	85	1209.0			jax-0.11.1
distilgpt2	jax	warm	3	86	1227.6			jax-0.11.1
distilgpt2	jax	warm	3	87	1235.5			jax-0.11.1
distilgpt2	jax	warm	3	88	1234.1			jax-0.11.1
distilgpt2	jax	warm	3	89	1240.0			jax-0.11.1
distilgpt2	jax	warm	3	90	1232.1			jax-0.11.1
distilgpt2	jax	warm	3	91	1231.2			jax-0.11.1
distilgpt2	jax	warm	3	92	1228.1			jax-0.11.1
distilgpt2	jax	warm	3	93	1271.7			jax-0.11.1
distilgpt2	jax	warm	3	94	1258.1			jax-0.11.1
distilgpt2	jax	warm	3	95	1218.7			jax-0.11.1
distilgpt2	jax	warm	3	96	1248.4			jax-0.11.1
distilgpt2	jax	warm	3	97	1350.5			jax-0.11.1
distilgpt2	jax	warm	3	98	1289.0			jax-0.11.1
distilgpt2	jax	warm	3	99	1242.4			jax-0.11.1
distilgpt2	jax	warm	3	100	1248.5			jax-0.11.1
distilgpt2	jax	warm	3	101	1234.7			jax-0.11.1
distilgpt2	jax	warm	3	102	1249.7			jax-0.11.1
distilgpt2	jax	warm	3	103	1227.1			jax-0.11.1
distilgpt2	jax	warm	3	104	1224.4			jax-0.11.1
distilgpt2	jax	warm	3	105	1246.5			jax-0.11.1
distilgpt2	jax	warm	3	106	1269.1			jax-0.11.1
distilgpt2	jax	warm	3	107	1238.3			jax-0.11.1
distilgpt2	jax	warm	3	108	1252.9			jax-0.11.1
distilgpt2	jax	warm	3	109	1252.6			jax-0.11.1
distilgpt2	jax	warm	3	110	1206.0			jax-0.11.1
distilgpt2	jax	warm	3	111	1228.4			jax-0.11.1
distilgpt2	jax	warm	3	112	1201.2			jax-0.11.1
distilgpt2	jax	warm	3	113	1210.3			jax-0.11.1
distilgpt2	jax	warm	3	114	1240.2			jax-0.11.1
distilgpt2	jax	warm	3	115	1210.5			jax-0.11.1
distilgpt2	jax	warm	3	116	1222.7			jax-0.11.1
distilgpt2	jax	warm	3	117	1233.5			jax-0.11.1
distilgpt2	jax	warm	3	118	1200.7			jax-0.11.1
distilgpt2	jax	warm	3	119	1236.9			jax-0.11.1
distilgpt2	jax	warm	3	120	1276.0			jax-0.11.1
distilgpt2	jax	warm	3	121	1269.6			jax-0.11.1
distilgpt2	jax	warm	3	122	1205.8			jax-0.11.1
distilgpt2	jax	warm	3	123	1235.5			jax-0.11.1
distilgpt2	jax	warm	3	124	1232.6			jax-0.11.1
distilgpt2	jax	warm	3	125	1236.0			jax-0.11.1
distilgpt2	jax	warm	3	126	1229.7			jax-0.11.1
distilgpt2	jax	warm	3	127	1228.9			jax-0.11.1
distilgpt2	jax	warm	3	128	1208.8			jax-0.11.1
distilgpt2	jax	warm	3	129	1207.1			jax-0.11.1
distilgpt2	jax	warm	3	130	1203.7			jax-0.11.1
distilgpt2	jax	warm	3	131	1224.0			jax-0.11.1
distilgpt2	jax	warm	3	132	1199.1			jax-0.11.1
distilgpt2	jax	warm	3	133	1200.1			jax-0.11.1
distilgpt2	jax	warm	3	134	1193.5			jax-0.11.1
distilgpt2	jax	warm	3	135	1203.1			jax-0.11.1
distilgpt2	jax	warm	3	136	1229.3			jax-0.11.1
distilgpt2	jax	warm	3	137	1218.7			jax-0.11.1
distilgpt2	jax	warm	3	138	1198.5			jax-0.11.1
distilgpt2	jax	warm	3	139	1235.7			jax-0.11.1
distilgpt2	jax	warm	3	140	1214.0			jax-0.11.1
distilgpt2	jax	warm	3	141	1252.1			jax-0.11.1
distilgpt2	jax	warm	3	142	1275.6			jax-0.11.1
distilgpt2	jax	warm	3	143	1246.0			jax-0.11.1
distilgpt2	jax	warm	3	144	1280.5			jax-0.11.1
distilgpt2	jax	warm	3	145	1249.1			jax-0.11.1
distilgpt2	jax	warm	3	146	1227.0			jax-0.11.1
distilgpt2	jax	warm	3	147	1216.9			jax-0.11.1
distilgpt2	jax	warm	3	148	1248.2			jax-0.11.1
distilgpt2	jax	warm	3	149	1240.3			jax-0.11.1
distilgpt2	jax	warm	3	150	1230.7			jax-0.11.1
distilgpt2	jax	warm	3	151	1248.7			jax-0.11.1
distilgpt2	jax	warm	3	152	1244.5			jax-0.11.1
distilgpt2	jax	warm	3	153	1226.2			jax-0.11.1
distilgpt2	jax	warm	3	154	1225.8			jax-0.11.1
distilgpt2	jax	warm	3	155	1236.6			jax-0.11.1
distilgpt2	jax	warm	3	156	1223.9			jax-0.11.1
distilgpt2	jax	warm	3	157	1205.0			jax-0.11.1
distilgpt2	jax	warm	3	158	1201.6			jax-0.11.1
distilgpt2	jax	warm	3	159	1222.9			jax-0.11.1
distilgpt2	jax	warm	3	160	1230.6			jax-0.11.1
distilgpt2	jax	warm	3	161	1236.7			jax-0.11.1
distilgpt2	jax	warm	3	162	1240.1			jax-0.11.1
distilgpt2	jax	warm	3	163	1199.5			jax-0.11.1
distilgpt2	jax	warm	3	164	1198.6			jax-0.11.1
distilgpt2	jax	warm	3	165	1202.4			jax-0.11.1
distilgpt2	jax	warm	3	166	1235.5			jax-0.11.1
distilgpt2	jax	warm	3	167	1226.7			jax-0.11.1
distilgpt2	jax	warm	3	168	1195.5			jax-0.11.1
distilgpt2	jax	warm	3	169	1192.6			jax-0.11.1
distilgpt2	jax	warm	3	170	1233.0			jax-0.11.1
distilgpt2	jax	warm	3	171	1201.8			jax-0.11.1
distilgpt2	jax	warm	3	172	1227.3			jax-0.11.1
distilgpt2	jax	warm	3	173	1219.5			jax-0.11.1
distilgpt2	jax	warm	3	174	1240.2			jax-0.11.1
distilgpt2	jax	warm	3	175	1223.9			jax-0.11.1
distilgpt2	jax	warm	3	176	1201.2			jax-0.11.1
distilgpt2	jax	warm	3	177	1239.6			jax-0.11.1
distilgpt2	jax	warm	3	178	1227.6			jax-0.11.1
distilgpt2	jax	warm	3	179	1228.0			jax-0.11.1
distilgpt2	jax	warm	3	180	1225.5			jax-0.11.1
distilgpt2	jax	warm	3	181	1200.7			jax-0.11.1
distilgpt2	jax	warm	3	182	1229.2			jax-0.11.1
distilgpt2	jax	warm	3	183	1296.8			jax-0.11.1
distilgpt2	jax	warm	3	184	1239.7			jax-0.11.1
distilgpt2	jax	warm	3	185	1211.9			jax-0.11.1
distilgpt2	jax	warm	3	186	1273.4			jax-0.11.1
distilgpt2	jax	warm	3	187	1270.0			jax-0.11.1
distilgpt2	jax	warm	3	188	1211.7			jax-0.11.1
distilgpt2	jax	warm	3	189	1230.7			jax-0.11.1
distilgpt2	jax	warm	3	190	1247.0			jax-0.11.1
distilgpt2	jax	warm	3	191	1299.2			jax-0.11.1
distilgpt2	jax	warm	3	192	1222.3			jax-0.11.1
distilgpt2	jax	warm	3	193	1212.2			jax-0.11.1
distilgpt2	jax	warm	3	194	1206.9			jax-0.11.1
distilgpt2	jax	warm	3	195	1212.4			jax-0.11.1
distilgpt2	jax	warm	3	196	1251.4			jax-0.11.1
distilgpt2	jax	warm	3	197	1250.3			jax-0.11.1
distilgpt2	jax	warm	3	198	1206.2			jax-0.11.1
distilgpt2	jax	warm	3	199	1215.6			jax-0.11.1
distilgpt2	jax	warm	3	200	1226.5			jax-0.11.1
distilgpt2	jax	warm	3	201	1278.1			jax-0.11.1
distilgpt2	jax	warm	3	202	1228.3			jax-0.11.1
distilgpt2	jax	warm	3	203	1214.1			jax-0.11.1
distilgpt2	jax	warm	3	204	1204.2			jax-0.11.1
distilgpt2	jax	warm	3	205	1214.2			jax-0.11.1
distilgpt2	jax	warm	3	206	1217.2			jax-0.11.1
distilgpt2	jax	warm	3	207	1203.6			jax-0.11.1
distilgpt2	jax	warm	3	208	1205.6			jax-0.11.1
distilgpt2	jax	warm	3	209	1210.1			jax-0.11.1
distilgpt2	jax	warm	3	210	1210.8			jax-0.11.1
distilgpt2	jax	warm	3	211	1232.5			jax-0.11.1
distilgpt2	jax	warm	3	212	1231.3			jax-0.11.1
distilgpt2	jax	warm	3	213	1224.1			jax-0.11.1
distilgpt2	jax	warm	3	214	1209.7			jax-0.11.1
distilgpt2	jax	warm	3	215	1201.6			jax-0.11.1
distilgpt2	jax	warm	3	216	1224.6			jax-0.11.1
distilgpt2	jax	warm	3	217	1210.2			jax-0.11.1
distilgpt2	jax	warm	3	218	1208.2			jax-0.11.1
distilgpt2	jax	warm	3	219	1200.7			jax-0.11.1
distilgpt2	jax	warm	3	220	1209.0			jax-0.11.1
distilgpt2	jax	warm	3	221	1199.2			jax-0.11.1
distilgpt2	jax	warm	3	222	1212.5			jax-0.11.1
distilgpt2	jax	warm	3	223	1199.8			jax-0.11.1
distilgpt2	jax	warm	3	224	1170.3			jax-0.11.1
distilgpt2	jax	warm	3	225	1208.1			jax-0.11.1
distilgpt2	jax	warm	3	226	1180.1			jax-0.11.1
distilgpt2	jax	warm	3	227	1212.0			jax-0.11.1
distilgpt2	jax	warm	3	228	1182.7			jax-0.11.1
distilgpt2	jax	warm	3	229	1178.7			jax-0.11.1
distilgpt2	jax	warm	3	230	1212.1			jax-0.11.1
distilgpt2	jax	warm	3	231	1232.0			jax-0.11.1
distilgpt2	jax	warm	3	232	1278.3			jax-0.11.1
distilgpt2	jax	warm	3	233	1249.1			jax-0.11.1
distilgpt2	jax	warm	3	234	1239.6			jax-0.11.1
distilgpt2	jax	warm	3	235	1233.2			jax-0.11.1
distilgpt2	jax	warm	3	236	1256.7			jax-0.11.1
distilgpt2	jax	warm	3	237	1240.2			jax-0.11.1
distilgpt2	jax	warm	3	238	1228.9			jax-0.11.1
distilgpt2	jax	warm	3	239	1216.3			jax-0.11.1
distilgpt2	jax	warm	3	240	1225.2			jax-0.11.1
distilgpt2	jax	warm	3	241	1207.5			jax-0.11.1
distilgpt2	jax	warm	3	242	1176.5			jax-0.11.1
distilgpt2	jax	warm	3	243	1176.1			jax-0.11.1
distilgpt2	jax	warm	3	244	1213.9			jax-0.11.1
distilgpt2	jax	warm	3	245	1226.7			jax-0.11.1
distilgpt2	jax	warm	3	246	1206.1			jax-0.11.1
distilgpt2	jax	warm	3	247	1204.7			jax-0.11.1
distilgpt2	jax	warm	3	248	1205.4			jax-0.11.1
distilgpt2	jax	warm	3	249	1212.2			jax-0.11.1
distilgpt2	jax	warm	3	250	1231.5			jax-0.11.1
distilgpt2	jax	warm	3	251	1237.0			jax-0.11.1
distilgpt2	jax	warm	3	252	1234.6			jax-0.11.1
distilgpt2	jax	warm	3	253	1252.5			jax-0.11.1
distilgpt2	jax	warm	3	254	1237.8			jax-0.11.1
distilgpt2	jax	warm	3	255	1224.8			jax-0.11.1
distilgpt2	jax	warm	3	256	1194.6			jax-0.11.1
distilgpt2	jax	warm	3	257	1217.5			jax-0.11.1
distilgpt2	jax	warm	3	258	1255.3			jax-0.11.1
distilgpt2	jax	warm	3	259	1274.9			jax-0.11.1
distilgpt2	jax	warm	3	260	1184.5			jax-0.11.1
distilgpt2	jax	warm	3	261	1208.9			jax-0.11.1
distilgpt2	jax	warm	3	262	1198.4			jax-0.11.1
distilgpt2	jax	warm	3	263	1206.0			jax-0.11.1
distilgpt2	jax	warm	3	264	1217.5			jax-0.11.1
distilgpt2	jax	warm	3	265	1201.8			jax-0.11.1
distilgpt2	jax	warm	3	266	1198.7			jax-0.11.1
distilgpt2	jax	warm	3	267	1202.4			jax-0.11.1
distilgpt2	jax	warm	3	268	1212.4			jax-0.11.1
distilgpt2	jax	warm	3	269	1207.5			jax-0.11.1
distilgpt2	jax	warm	3	270	1204.4			jax-0.11.1
distilgpt2	jax	warm	3	271	1206.5			jax-0.11.1
distilgpt2	jax	warm	3	272	1244.8			jax-0.11.1
distilgpt2	jax	warm	3	273	1187.1			jax-0.11.1
distilgpt2	jax	warm	3	274	1228.6			jax-0.11.1
distilgpt2	jax	warm	3	275	1207.4			jax-0.11.1
distilgpt2	jax	warm	3	276	1209.1			jax-0.11.1
distilgpt2	jax	warm	3	277	1252.9			jax-0.11.1
distilgpt2	jax	warm	3	278	1233.7			jax-0.11.1
distilgpt2	jax	warm	3	279	1202.3			jax-0.11.1
distilgpt2	jax	warm	3	280	1227.4			jax-0.11.1
distilgpt2	jax	warm	3	281	1245.2			jax-0.11.1
distilgpt2	jax	warm	3	282	1216.3			jax-0.11.1
distilgpt2	jax	warm	3	283	1211.2			jax-0.11.1
distilgpt2	jax	warm	3	284	1276.1			jax-0.11.1
distilgpt2	jax	warm	3	285	1211.4			jax-0.11.1
distilgpt2	jax	warm	3	286	1192.1			jax-0.11.1
distilgpt2	jax	warm	3	287	1218.3			jax-0.11.1
distilgpt2	jax	warm	3	288	1202.2			jax-0.11.1
distilgpt2	jax	warm	3	289	1211.9			jax-0.11.1
distilgpt2	jax	warm	3	290	1215.2			jax-0.11.1
distilgpt2	jax	warm	3	291	1212.5			jax-0.11.1
distilgpt2	jax	warm	3	292	1200.2			jax-0.11.1
distilgpt2	jax	warm	3	293	1202.5			jax-0.11.1
distilgpt2	jax	warm	3	294	1219.8			jax-0.11.1
distilgpt2	jax	warm	3	295	1240.2			jax-0.11.1
distilgpt2	jax	warm	3	296	1222.1			jax-0.11.1
distilgpt2	jax	warm	3	297	1226.3			jax-0.11.1
distilgpt2	jax	warm	3	298	1229.3			jax-0.11.1
distilgpt2	jax	warm	3	299	1242.0			jax-0.11.1
gpt2	torch-eager	cold	1	0	151135.9			torch-2.14.0+cu130
gpt2	torch-eager	cold	1	1	6352.4			torch-2.14.0+cu130
gpt2	torch-eager	cold	1	2	6096.4			torch-2.14.0+cu130
gpt2	torch-eager	cold	1	3	5980.7			torch-2.14.0+cu130
gpt2	torch-eager	cold	1	4	5972.6			torch-2.14.0+cu130
gpt2	torch-eager	cold	1	5	6002.7			torch-2.14.0+cu130
gpt2	torch-eager	cold	1	6	5936.6			torch-2.14.0+cu130
gpt2	torch-eager	cold	1	7	5935.2			torch-2.14.0+cu130
gpt2	torch-eager	cold	1	8	5934.0			torch-2.14.0+cu130
gpt2	torch-eager	cold	1	9	6007.2			torch-2.14.0+cu130
gpt2	torch-eager	cold	1	10	6007.0			torch-2.14.0+cu130
gpt2	torch-eager	cold	1	11	5956.6			torch-2.14.0+cu130
gpt2	torch-eager	cold	1	12	5933.3			torch-2.14.0+cu130
gpt2	torch-eager	cold	1	13	6063.7			torch-2.14.0+cu130
gpt2	torch-eager	cold	1	14	5968.1			torch-2.14.0+cu130
gpt2	torch-eager	cold	1	15	5959.3			torch-2.14.0+cu130
gpt2	torch-eager	cold	1	16	6006.2			torch-2.14.0+cu130
gpt2	torch-eager	cold	1	17	5949.5			torch-2.14.0+cu130
gpt2	torch-eager	cold	1	18	5876.1			torch-2.14.0+cu130
gpt2	torch-eager	cold	1	19	5916.8			torch-2.14.0+cu130
gpt2	torch-eager	cold	1	20	5955.9			torch-2.14.0+cu130
gpt2	torch-eager	cold	1	21	5960.2			torch-2.14.0+cu130
gpt2	torch-eager	cold	1	22	5915.6			torch-2.14.0+cu130
gpt2	torch-eager	cold	1	23	6028.2			torch-2.14.0+cu130
gpt2	torch-eager	cold	1	24	6028.7			torch-2.14.0+cu130
gpt2	torch-eager	cold	1	25	6017.4			torch-2.14.0+cu130
gpt2	torch-eager	cold	1	26	5989.3			torch-2.14.0+cu130
gpt2	torch-eager	cold	1	27	5993.1			torch-2.14.0+cu130
gpt2	torch-eager	cold	1	28	5942.3			torch-2.14.0+cu130
gpt2	torch-eager	cold	1	29	5976.4			torch-2.14.0+cu130
gpt2	torch-eager	cold	1	30	5955.5			torch-2.14.0+cu130
gpt2	torch-eager	cold	1	31	5931.9			torch-2.14.0+cu130
gpt2	torch-eager	cold	1	32	5966.2			torch-2.14.0+cu130
gpt2	torch-eager	cold	1	33	5979.3			torch-2.14.0+cu130
gpt2	torch-eager	cold	1	34	5923.7			torch-2.14.0+cu130
gpt2	torch-eager	cold	1	35	5970.0			torch-2.14.0+cu130
gpt2	torch-eager	cold	1	36	6019.8			torch-2.14.0+cu130
gpt2	torch-eager	cold	1	37	5980.0			torch-2.14.0+cu130
gpt2	torch-eager	cold	1	38	5961.9			torch-2.14.0+cu130
gpt2	torch-eager	cold	1	39	5991.2			torch-2.14.0+cu130
gpt2	torch-eager	cold	1	40	6023.9			torch-2.14.0+cu130
gpt2	torch-eager	cold	1	41	6002.7			torch-2.14.0+cu130
gpt2	torch-eager	cold	1	42	5889.7			torch-2.14.0+cu130
gpt2	torch-eager	cold	1	43	5918.7			torch-2.14.0+cu130
gpt2	torch-eager	cold	1	44	6065.4			torch-2.14.0+cu130
gpt2	torch-eager	cold	1	45	5876.5			torch-2.14.0+cu130
gpt2	torch-eager	cold	1	46	5863.2			torch-2.14.0+cu130
gpt2	torch-eager	cold	1	47	5877.3			torch-2.14.0+cu130
gpt2	torch-eager	cold	1	48	5835.8			torch-2.14.0+cu130
gpt2	torch-eager	cold	1	49	5841.7			torch-2.14.0+cu130
gpt2	torch-eager	cold	1	50	5866.5			torch-2.14.0+cu130
gpt2	torch-eager	cold	1	51	5867.7			torch-2.14.0+cu130
gpt2	torch-eager	cold	1	52	6060.4			torch-2.14.0+cu130
gpt2	torch-eager	cold	1	53	5972.1			torch-2.14.0+cu130
gpt2	torch-eager	cold	1	54	6058.5			torch-2.14.0+cu130
gpt2	torch-eager	cold	1	55	6043.2			torch-2.14.0+cu130
gpt2	torch-eager	cold	1	56	5967.4			torch-2.14.0+cu130
gpt2	torch-eager	cold	1	57	5900.4			torch-2.14.0+cu130
gpt2	torch-eager	cold	1	58	5914.9			torch-2.14.0+cu130
gpt2	torch-eager	cold	1	59	5938.3			torch-2.14.0+cu130
gpt2	torch-eager	cold	1	60	5962.1			torch-2.14.0+cu130
gpt2	torch-eager	cold	1	61	5967.6			torch-2.14.0+cu130
gpt2	torch-eager	cold	1	62	5975.0			torch-2.14.0+cu130
gpt2	torch-eager	cold	1	63	6016.0			torch-2.14.0+cu130
gpt2	torch-eager	cold	1	64	5967.6			torch-2.14.0+cu130
gpt2	torch-eager	cold	1	65	5990.0			torch-2.14.0+cu130
gpt2	torch-eager	cold	1	66	5938.1			torch-2.14.0+cu130
gpt2	torch-eager	cold	1	67	6039.9			torch-2.14.0+cu130
gpt2	torch-eager	cold	1	68	5908.3			torch-2.14.0+cu130
gpt2	torch-eager	cold	1	69	6056.5			torch-2.14.0+cu130
gpt2	torch-eager	cold	1	70	5941.2			torch-2.14.0+cu130
gpt2	torch-eager	cold	1	71	5970.0			torch-2.14.0+cu130
gpt2	torch-eager	cold	1	72	6045.6			torch-2.14.0+cu130
gpt2	torch-eager	cold	1	73	5884.2			torch-2.14.0+cu130
gpt2	torch-eager	cold	1	74	5943.8			torch-2.14.0+cu130
gpt2	torch-eager	cold	1	75	5960.5			torch-2.14.0+cu130
gpt2	torch-eager	cold	1	76	5938.3			torch-2.14.0+cu130
gpt2	torch-eager	cold	1	77	5989.6			torch-2.14.0+cu130
gpt2	torch-eager	cold	1	78	5941.2			torch-2.14.0+cu130
gpt2	torch-eager	cold	1	79	5997.7			torch-2.14.0+cu130
gpt2	torch-eager	cold	1	80	5917.5			torch-2.14.0+cu130
gpt2	torch-eager	cold	1	81	5936.1			torch-2.14.0+cu130
gpt2	torch-eager	cold	1	82	6012.9			torch-2.14.0+cu130
gpt2	torch-eager	cold	1	83	6008.9			torch-2.14.0+cu130
gpt2	torch-eager	cold	1	84	5967.9			torch-2.14.0+cu130
gpt2	torch-eager	cold	1	85	5971.2			torch-2.14.0+cu130
gpt2	torch-eager	cold	1	86	5979.5			torch-2.14.0+cu130
gpt2	torch-eager	cold	1	87	5974.5			torch-2.14.0+cu130
gpt2	torch-eager	cold	1	88	6008.9			torch-2.14.0+cu130
gpt2	torch-eager	cold	1	89	5994.1			torch-2.14.0+cu130
gpt2	torch-eager	cold	1	90	5941.2			torch-2.14.0+cu130
gpt2	torch-eager	cold	1	91	5980.7			torch-2.14.0+cu130
gpt2	torch-eager	cold	1	92	5875.1			torch-2.14.0+cu130
gpt2	torch-eager	cold	1	93	6016.0			torch-2.14.0+cu130
gpt2	torch-eager	cold	1	94	6031.5			torch-2.14.0+cu130
gpt2	torch-eager	cold	1	95	6016.7			torch-2.14.0+cu130
gpt2	torch-eager	cold	1	96	6029.6			torch-2.14.0+cu130
gpt2	torch-eager	cold	1	97	6040.3			torch-2.14.0+cu130
gpt2	torch-eager	cold	1	98	6010.3			torch-2.14.0+cu130
gpt2	torch-eager	cold	1	99	5958.1			torch-2.14.0+cu130
gpt2	torch-eager	cold	1	100	5908.5			torch-2.14.0+cu130
gpt2	torch-eager	cold	1	101	5895.6			torch-2.14.0+cu130
gpt2	torch-eager	cold	1	102	5973.1			torch-2.14.0+cu130
gpt2	torch-eager	cold	1	103	5995.3			torch-2.14.0+cu130
gpt2	torch-eager	cold	1	104	5898.2			torch-2.14.0+cu130
gpt2	torch-eager	cold	1	105	5981.7			torch-2.14.0+cu130
gpt2	torch-eager	cold	1	106	5914.2			torch-2.14.0+cu130
gpt2	torch-eager	cold	1	107	5919.7			torch-2.14.0+cu130
gpt2	torch-eager	cold	1	108	5933.8			torch-2.14.0+cu130
gpt2	torch-eager	cold	1	109	5915.2			torch-2.14.0+cu130
gpt2	torch-eager	cold	1	110	5950.7			torch-2.14.0+cu130
gpt2	torch-eager	cold	1	111	5940.0			torch-2.14.0+cu130
gpt2	torch-eager	cold	1	112	5872.0			torch-2.14.0+cu130
gpt2	torch-eager	cold	1	113	5956.4			torch-2.14.0+cu130
gpt2	torch-eager	cold	1	114	6027.0			torch-2.14.0+cu130
gpt2	torch-eager	cold	1	115	6025.8			torch-2.14.0+cu130
gpt2	torch-eager	cold	1	116	5847.5			torch-2.14.0+cu130
gpt2	torch-eager	cold	1	117	5974.8			torch-2.14.0+cu130
gpt2	torch-eager	cold	1	118	6014.6			torch-2.14.0+cu130
gpt2	torch-eager	cold	1	119	5957.6			torch-2.14.0+cu130
gpt2	torch-eager	cold	1	120	6004.1			torch-2.14.0+cu130
gpt2	torch-eager	cold	1	121	5953.1			torch-2.14.0+cu130
gpt2	torch-eager	cold	1	122	6016.5			torch-2.14.0+cu130
gpt2	torch-eager	cold	1	123	5875.1			torch-2.14.0+cu130
gpt2	torch-eager	cold	1	124	5884.9			torch-2.14.0+cu130
gpt2	torch-eager	cold	1	125	6062.3			torch-2.14.0+cu130
gpt2	torch-eager	cold	1	126	6021.5			torch-2.14.0+cu130
gpt2	torch-eager	cold	1	127	5976.7			torch-2.14.0+cu130
gpt2	torch-eager	cold	1	128	6000.3			torch-2.14.0+cu130
gpt2	torch-eager	cold	1	129	6032.0			torch-2.14.0+cu130
gpt2	torch-eager	cold	1	130	6002.9			torch-2.14.0+cu130
gpt2	torch-eager	cold	1	131	5965.9			torch-2.14.0+cu130
gpt2	torch-eager	cold	1	132	5954.3			torch-2.14.0+cu130
gpt2	torch-eager	cold	1	133	6010.8			torch-2.14.0+cu130
gpt2	torch-eager	cold	1	134	5958.1			torch-2.14.0+cu130
gpt2	torch-eager	cold	1	135	5873.0			torch-2.14.0+cu130
gpt2	torch-eager	cold	1	136	6113.3			torch-2.14.0+cu130
gpt2	torch-eager	cold	1	137	6256.3			torch-2.14.0+cu130
gpt2	torch-eager	cold	1	138	6006.5			torch-2.14.0+cu130
gpt2	torch-eager	cold	1	139	5999.6			torch-2.14.0+cu130
gpt2	torch-eager	cold	1	140	5965.0			torch-2.14.0+cu130
gpt2	torch-eager	cold	1	141	6570.8			torch-2.14.0+cu130
gpt2	torch-eager	cold	1	142	6042.2			torch-2.14.0+cu130
gpt2	torch-eager	cold	1	143	5885.4			torch-2.14.0+cu130
gpt2	torch-eager	cold	1	144	6008.6			torch-2.14.0+cu130
gpt2	torch-eager	cold	1	145	6115.7			torch-2.14.0+cu130
gpt2	torch-eager	cold	1	146	6459.5			torch-2.14.0+cu130
gpt2	torch-eager	cold	1	147	6371.7			torch-2.14.0+cu130
gpt2	torch-eager	cold	1	148	6461.4			torch-2.14.0+cu130
gpt2	torch-eager	cold	1	149	6118.8			torch-2.14.0+cu130
gpt2	torch-eager	cold	1	150	6011.2			torch-2.14.0+cu130
gpt2	torch-eager	cold	1	151	5964.5			torch-2.14.0+cu130
gpt2	torch-eager	cold	1	152	5970.5			torch-2.14.0+cu130
gpt2	torch-eager	cold	1	153	6008.6			torch-2.14.0+cu130
gpt2	torch-eager	cold	1	154	5926.6			torch-2.14.0+cu130
gpt2	torch-eager	cold	1	155	5914.2			torch-2.14.0+cu130
gpt2	torch-eager	cold	1	156	5885.4			torch-2.14.0+cu130
gpt2	torch-eager	cold	1	157	5941.4			torch-2.14.0+cu130
gpt2	torch-eager	cold	1	158	5978.3			torch-2.14.0+cu130
gpt2	torch-eager	cold	1	159	5975.5			torch-2.14.0+cu130
gpt2	torch-eager	cold	1	160	5959.7			torch-2.14.0+cu130
gpt2	torch-eager	cold	1	161	6029.6			torch-2.14.0+cu130
gpt2	torch-eager	cold	1	162	5957.4			torch-2.14.0+cu130
gpt2	torch-eager	cold	1	163	5983.1			torch-2.14.0+cu130
gpt2	torch-eager	cold	1	164	5954.3			torch-2.14.0+cu130
gpt2	torch-eager	cold	1	165	6039.6			torch-2.14.0+cu130
gpt2	torch-eager	cold	1	166	6069.9			torch-2.14.0+cu130
gpt2	torch-eager	cold	1	167	5939.5			torch-2.14.0+cu130
gpt2	torch-eager	cold	1	168	5954.0			torch-2.14.0+cu130
gpt2	torch-eager	cold	1	169	6052.0			torch-2.14.0+cu130
gpt2	torch-eager	cold	1	170	5973.3			torch-2.14.0+cu130
gpt2	torch-eager	cold	1	171	6017.7			torch-2.14.0+cu130
gpt2	torch-eager	cold	1	172	5992.7			torch-2.14.0+cu130
gpt2	torch-eager	cold	1	173	6000.5			torch-2.14.0+cu130
gpt2	torch-eager	cold	1	174	5885.1			torch-2.14.0+cu130
gpt2	torch-eager	cold	1	175	5919.5			torch-2.14.0+cu130
gpt2	torch-eager	cold	1	176	5978.1			torch-2.14.0+cu130
gpt2	torch-eager	cold	1	177	5325.3			torch-2.14.0+cu130
gpt2	torch-eager	cold	1	178	5520.8			torch-2.14.0+cu130
gpt2	torch-eager	cold	1	179	5359.4			torch-2.14.0+cu130
gpt2	torch-eager	cold	1	180	5181.8			torch-2.14.0+cu130
gpt2	torch-eager	cold	1	181	5183.7			torch-2.14.0+cu130
gpt2	torch-eager	cold	1	182	5235.9			torch-2.14.0+cu130
gpt2	torch-eager	cold	1	183	5130.8			torch-2.14.0+cu130
gpt2	torch-eager	cold	1	184	5110.7			torch-2.14.0+cu130
gpt2	torch-eager	cold	1	185	5161.5			torch-2.14.0+cu130
gpt2	torch-eager	cold	1	186	5166.1			torch-2.14.0+cu130
gpt2	torch-eager	cold	1	187	5116.0			torch-2.14.0+cu130
gpt2	torch-eager	cold	1	188	5105.5			torch-2.14.0+cu130
gpt2	torch-eager	cold	1	189	5156.3			torch-2.14.0+cu130
gpt2	torch-eager	cold	1	190	5209.2			torch-2.14.0+cu130
gpt2	torch-eager	cold	1	191	5162.2			torch-2.14.0+cu130
gpt2	torch-eager	cold	1	192	5181.8			torch-2.14.0+cu130
gpt2	torch-eager	cold	1	193	5112.2			torch-2.14.0+cu130
gpt2	torch-eager	cold	1	194	5180.4			torch-2.14.0+cu130
gpt2	torch-eager	cold	1	195	5083.3			torch-2.14.0+cu130
gpt2	torch-eager	cold	1	196	5079.0			torch-2.14.0+cu130
gpt2	torch-eager	cold	1	197	5103.8			torch-2.14.0+cu130
gpt2	torch-eager	cold	1	198	5082.6			torch-2.14.0+cu130
gpt2	torch-eager	cold	1	199	5161.5			torch-2.14.0+cu130
gpt2	torch-eager	cold	1	200	5099.5			torch-2.14.0+cu130
gpt2	torch-eager	cold	1	201	5031.6			torch-2.14.0+cu130
gpt2	torch-eager	cold	1	202	5082.4			torch-2.14.0+cu130
gpt2	torch-eager	cold	1	203	5175.4			torch-2.14.0+cu130
gpt2	torch-eager	cold	1	204	5166.3			torch-2.14.0+cu130
gpt2	torch-eager	cold	1	205	5077.8			torch-2.14.0+cu130
gpt2	torch-eager	cold	1	206	5126.7			torch-2.14.0+cu130
gpt2	torch-eager	cold	1	207	5128.4			torch-2.14.0+cu130
gpt2	torch-eager	cold	1	208	5147.7			torch-2.14.0+cu130
gpt2	torch-eager	cold	1	209	5065.4			torch-2.14.0+cu130
gpt2	torch-eager	cold	1	210	5071.2			torch-2.14.0+cu130
gpt2	torch-eager	cold	1	211	5074.7			torch-2.14.0+cu130
gpt2	torch-eager	cold	1	212	5060.2			torch-2.14.0+cu130
gpt2	torch-eager	cold	1	213	5084.8			torch-2.14.0+cu130
gpt2	torch-eager	cold	1	214	5093.3			torch-2.14.0+cu130
gpt2	torch-eager	cold	1	215	5167.2			torch-2.14.0+cu130
gpt2	torch-eager	cold	1	216	5168.9			torch-2.14.0+cu130
gpt2	torch-eager	cold	1	217	5136.0			torch-2.14.0+cu130
gpt2	torch-eager	cold	1	218	5124.6			torch-2.14.0+cu130
gpt2	torch-eager	cold	1	219	5197.0			torch-2.14.0+cu130
gpt2	torch-eager	cold	1	220	5131.7			torch-2.14.0+cu130
gpt2	torch-eager	cold	1	221	5132.2			torch-2.14.0+cu130
gpt2	torch-eager	cold	1	222	5131.2			torch-2.14.0+cu130
gpt2	torch-eager	cold	1	223	5204.7			torch-2.14.0+cu130
gpt2	torch-eager	cold	1	224	5163.9			torch-2.14.0+cu130
gpt2	torch-eager	cold	1	225	5192.0			torch-2.14.0+cu130
gpt2	torch-eager	cold	1	226	5123.9			torch-2.14.0+cu130
gpt2	torch-eager	cold	1	227	5106.4			torch-2.14.0+cu130
gpt2	torch-eager	cold	1	228	5199.0			torch-2.14.0+cu130
gpt2	torch-eager	cold	1	229	5148.4			torch-2.14.0+cu130
gpt2	torch-eager	cold	1	230	5132.7			torch-2.14.0+cu130
gpt2	torch-eager	cold	1	231	5123.9			torch-2.14.0+cu130
gpt2	torch-eager	cold	1	232	5146.0			torch-2.14.0+cu130
gpt2	torch-eager	cold	1	233	5097.4			torch-2.14.0+cu130
gpt2	torch-eager	cold	1	234	5102.6			torch-2.14.0+cu130
gpt2	torch-eager	cold	1	235	5106.2			torch-2.14.0+cu130
gpt2	torch-eager	cold	1	236	5224.7			torch-2.14.0+cu130
gpt2	torch-eager	cold	1	237	5085.9			torch-2.14.0+cu130
gpt2	torch-eager	cold	1	238	5083.3			torch-2.14.0+cu130
gpt2	torch-eager	cold	1	239	5041.8			torch-2.14.0+cu130
gpt2	torch-eager	cold	1	240	5157.7			torch-2.14.0+cu130
gpt2	torch-eager	cold	1	241	5095.0			torch-2.14.0+cu130
gpt2	torch-eager	cold	1	242	5123.9			torch-2.14.0+cu130
gpt2	torch-eager	cold	1	243	5085.7			torch-2.14.0+cu130
gpt2	torch-eager	cold	1	244	5129.3			torch-2.14.0+cu130
gpt2	torch-eager	cold	1	245	5114.8			torch-2.14.0+cu130
gpt2	torch-eager	cold	1	246	5163.7			torch-2.14.0+cu130
gpt2	torch-eager	cold	1	247	5092.6			torch-2.14.0+cu130
gpt2	torch-eager	cold	1	248	5109.8			torch-2.14.0+cu130
gpt2	torch-eager	cold	1	249	5160.8			torch-2.14.0+cu130
gpt2	torch-eager	cold	1	250	5087.9			torch-2.14.0+cu130
gpt2	torch-eager	cold	1	251	5066.6			torch-2.14.0+cu130
gpt2	torch-eager	cold	1	252	5060.0			torch-2.14.0+cu130
gpt2	torch-eager	cold	1	253	5189.4			torch-2.14.0+cu130
gpt2	torch-eager	cold	1	254	5146.5			torch-2.14.0+cu130
gpt2	torch-eager	cold	1	255	5110.0			torch-2.14.0+cu130
gpt2	torch-eager	cold	1	256	5097.9			torch-2.14.0+cu130
gpt2	torch-eager	cold	1	257	5089.8			torch-2.14.0+cu130
gpt2	torch-eager	cold	1	258	5143.6			torch-2.14.0+cu130
gpt2	torch-eager	cold	1	259	5030.2			torch-2.14.0+cu130
gpt2	torch-eager	cold	1	260	5049.5			torch-2.14.0+cu130
gpt2	torch-eager	cold	1	261	5028.0			torch-2.14.0+cu130
gpt2	torch-eager	cold	1	262	5194.4			torch-2.14.0+cu130
gpt2	torch-eager	cold	1	263	5128.1			torch-2.14.0+cu130
gpt2	torch-eager	cold	1	264	5126.2			torch-2.14.0+cu130
gpt2	torch-eager	cold	1	265	5130.8			torch-2.14.0+cu130
gpt2	torch-eager	cold	1	266	5192.8			torch-2.14.0+cu130
gpt2	torch-eager	cold	1	267	5136.5			torch-2.14.0+cu130
gpt2	torch-eager	cold	1	268	5070.2			torch-2.14.0+cu130
gpt2	torch-eager	cold	1	269	5009.7			torch-2.14.0+cu130
gpt2	torch-eager	cold	1	270	4981.8			torch-2.14.0+cu130
gpt2	torch-eager	cold	1	271	4981.8			torch-2.14.0+cu130
gpt2	torch-eager	cold	1	272	5002.3			torch-2.14.0+cu130
gpt2	torch-eager	cold	1	273	5066.4			torch-2.14.0+cu130
gpt2	torch-eager	cold	1	274	5073.5			torch-2.14.0+cu130
gpt2	torch-eager	cold	1	275	5139.8			torch-2.14.0+cu130
gpt2	torch-eager	cold	1	276	5137.4			torch-2.14.0+cu130
gpt2	torch-eager	cold	1	277	5108.4			torch-2.14.0+cu130
gpt2	torch-eager	cold	1	278	5179.2			torch-2.14.0+cu130
gpt2	torch-eager	cold	1	279	5140.3			torch-2.14.0+cu130
gpt2	torch-eager	cold	1	280	5089.8			torch-2.14.0+cu130
gpt2	torch-eager	cold	1	281	5101.9			torch-2.14.0+cu130
gpt2	torch-eager	cold	1	282	5204.4			torch-2.14.0+cu130
gpt2	torch-eager	cold	1	283	5101.0			torch-2.14.0+cu130
gpt2	torch-eager	cold	1	284	5120.3			torch-2.14.0+cu130
gpt2	torch-eager	cold	1	285	5124.8			torch-2.14.0+cu130
gpt2	torch-eager	cold	1	286	5238.5			torch-2.14.0+cu130
gpt2	torch-eager	cold	1	287	5109.1			torch-2.14.0+cu130
gpt2	torch-eager	cold	1	288	5098.1			torch-2.14.0+cu130
gpt2	torch-eager	cold	1	289	5041.6			torch-2.14.0+cu130
gpt2	torch-eager	cold	1	290	5102.9			torch-2.14.0+cu130
gpt2	torch-eager	cold	1	291	5135.8			torch-2.14.0+cu130
gpt2	torch-eager	cold	1	292	5066.2			torch-2.14.0+cu130
gpt2	torch-eager	cold	1	293	5023.2			torch-2.14.0+cu130
gpt2	torch-eager	cold	1	294	5110.3			torch-2.14.0+cu130
gpt2	torch-eager	cold	1	295	5095.7			torch-2.14.0+cu130
gpt2	torch-eager	cold	1	296	5068.8			torch-2.14.0+cu130
gpt2	torch-eager	cold	1	297	5029.0			torch-2.14.0+cu130
gpt2	torch-eager	cold	1	298	5054.7			torch-2.14.0+cu130
gpt2	torch-eager	cold	1	299	5048.3			torch-2.14.0+cu130
gpt2	ours	cold	1	0	3805580.9	7	327	ddc8008cdeaf
gpt2	ours	cold	1	1	4803.9	0	93	ddc8008cdeaf
gpt2	ours	cold	1	2	3045.1	0	87	ddc8008cdeaf
gpt2	ours	cold	1	3	469214.0	1	113	ddc8008cdeaf
gpt2	ours	cold	1	4	8627.9	0	113	ddc8008cdeaf
gpt2	ours	cold	1	5	5268.1	1	75	ddc8008cdeaf
gpt2	ours	cold	1	6	2154.1	0	75	ddc8008cdeaf
gpt2	ours	cold	1	7	2687.0	0	75	ddc8008cdeaf
gpt2	ours	cold	1	8	2136.2	0	75	ddc8008cdeaf
gpt2	ours	cold	1	9	2181.1	0	75	ddc8008cdeaf
gpt2	ours	cold	1	10	2647.9	0	75	ddc8008cdeaf
gpt2	ours	cold	1	11	2182.0	0	75	ddc8008cdeaf
gpt2	ours	cold	1	12	2130.0	0	75	ddc8008cdeaf
gpt2	ours	cold	1	13	2186.1	0	75	ddc8008cdeaf
gpt2	ours	cold	1	14	2606.9	0	75	ddc8008cdeaf
gpt2	ours	cold	1	15	2122.9	0	75	ddc8008cdeaf
gpt2	ours	cold	1	16	2167.0	0	75	ddc8008cdeaf
gpt2	ours	cold	1	17	2122.9	0	75	ddc8008cdeaf
gpt2	ours	cold	1	18	2131.9	0	75	ddc8008cdeaf
gpt2	ours	cold	1	19	2742.1	0	75	ddc8008cdeaf
gpt2	ours	cold	1	20	2129.1	0	75	ddc8008cdeaf
gpt2	ours	cold	1	21	2161.0	0	75	ddc8008cdeaf
gpt2	ours	cold	1	22	2147.0	0	75	ddc8008cdeaf
gpt2	ours	cold	1	23	2141.0	0	75	ddc8008cdeaf
gpt2	ours	cold	1	24	2152.9	0	75	ddc8008cdeaf
gpt2	ours	cold	1	25	2953.1	0	75	ddc8008cdeaf
gpt2	ours	cold	1	26	2142.0	0	75	ddc8008cdeaf
gpt2	ours	cold	1	27	2123.8	0	75	ddc8008cdeaf
gpt2	ours	cold	1	28	2121.0	0	75	ddc8008cdeaf
gpt2	ours	cold	1	29	2121.0	0	75	ddc8008cdeaf
gpt2	ours	cold	1	30	2125.0	0	75	ddc8008cdeaf
gpt2	ours	cold	1	31	2126.0	0	75	ddc8008cdeaf
gpt2	ours	cold	1	32	2968.1	0	75	ddc8008cdeaf
gpt2	ours	cold	1	33	2182.0	0	75	ddc8008cdeaf
gpt2	ours	cold	1	34	2120.0	0	75	ddc8008cdeaf
gpt2	ours	cold	1	35	2135.0	0	75	ddc8008cdeaf
gpt2	ours	cold	1	36	2139.1	0	75	ddc8008cdeaf
gpt2	ours	cold	1	37	2116.0	0	75	ddc8008cdeaf
gpt2	ours	cold	1	38	2146.0	0	75	ddc8008cdeaf
gpt2	ours	cold	1	39	2144.8	0	75	ddc8008cdeaf
gpt2	ours	cold	1	40	2754.9	0	75	ddc8008cdeaf
gpt2	ours	cold	1	41	2172.9	0	75	ddc8008cdeaf
gpt2	ours	cold	1	42	2113.1	0	75	ddc8008cdeaf
gpt2	ours	cold	1	43	2185.1	0	75	ddc8008cdeaf
gpt2	ours	cold	1	44	2186.1	0	75	ddc8008cdeaf
gpt2	ours	cold	1	45	2153.9	0	75	ddc8008cdeaf
gpt2	ours	cold	1	46	2127.2	0	75	ddc8008cdeaf
gpt2	ours	cold	1	47	2129.1	0	75	ddc8008cdeaf
gpt2	ours	cold	1	48	2116.0	0	75	ddc8008cdeaf
gpt2	ours	cold	1	49	3103.0	0	75	ddc8008cdeaf
gpt2	ours	cold	1	50	2156.0	0	75	ddc8008cdeaf
gpt2	ours	cold	1	51	2141.0	0	75	ddc8008cdeaf
gpt2	ours	cold	1	52	2124.8	0	75	ddc8008cdeaf
gpt2	ours	cold	1	53	2136.9	0	75	ddc8008cdeaf
gpt2	ours	cold	1	54	2120.0	0	75	ddc8008cdeaf
gpt2	ours	cold	1	55	2130.0	0	75	ddc8008cdeaf
gpt2	ours	cold	1	56	2193.2	0	75	ddc8008cdeaf
gpt2	ours	cold	1	57	2130.0	0	75	ddc8008cdeaf
gpt2	ours	cold	1	58	2131.0	0	75	ddc8008cdeaf
gpt2	ours	cold	1	59	2945.9	0	75	ddc8008cdeaf
gpt2	ours	cold	1	60	2142.0	0	75	ddc8008cdeaf
gpt2	ours	cold	1	61	2126.0	0	75	ddc8008cdeaf
gpt2	ours	cold	1	62	2122.2	0	75	ddc8008cdeaf
gpt2	ours	cold	1	63	2115.0	0	75	ddc8008cdeaf
gpt2	ours	cold	1	64	2124.1	0	75	ddc8008cdeaf
gpt2	ours	cold	1	65	2132.9	0	75	ddc8008cdeaf
gpt2	ours	cold	1	66	2126.0	0	75	ddc8008cdeaf
gpt2	ours	cold	1	67	2138.9	0	75	ddc8008cdeaf
gpt2	ours	cold	1	68	2121.9	0	75	ddc8008cdeaf
gpt2	ours	cold	1	69	2124.1	0	75	ddc8008cdeaf
gpt2	ours	cold	1	70	3402.9	0	75	ddc8008cdeaf
gpt2	ours	cold	1	71	2136.9	0	75	ddc8008cdeaf
gpt2	ours	cold	1	72	2131.0	0	75	ddc8008cdeaf
gpt2	ours	cold	1	73	2128.8	0	75	ddc8008cdeaf
gpt2	ours	cold	1	74	2142.2	0	75	ddc8008cdeaf
gpt2	ours	cold	1	75	2187.0	0	75	ddc8008cdeaf
gpt2	ours	cold	1	76	2114.1	0	75	ddc8008cdeaf
gpt2	ours	cold	1	77	2128.1	0	75	ddc8008cdeaf
gpt2	ours	cold	1	78	2126.0	0	75	ddc8008cdeaf
gpt2	ours	cold	1	79	2167.0	0	75	ddc8008cdeaf
gpt2	ours	cold	1	80	2157.0	0	75	ddc8008cdeaf
gpt2	ours	cold	1	81	2129.8	0	75	ddc8008cdeaf
gpt2	ours	cold	1	82	3794.9	0	75	ddc8008cdeaf
gpt2	ours	cold	1	83	2198.0	0	75	ddc8008cdeaf
gpt2	ours	cold	1	84	2135.0	0	75	ddc8008cdeaf
gpt2	ours	cold	1	85	2162.0	0	75	ddc8008cdeaf
gpt2	ours	cold	1	86	2112.2	0	75	ddc8008cdeaf
gpt2	ours	cold	1	87	2147.0	0	75	ddc8008cdeaf
gpt2	ours	cold	1	88	2077.1	0	75	ddc8008cdeaf
gpt2	ours	cold	1	89	2056.1	0	75	ddc8008cdeaf
gpt2	ours	cold	1	90	2048.0	0	75	ddc8008cdeaf
gpt2	ours	cold	1	91	2057.1	0	75	ddc8008cdeaf
gpt2	ours	cold	1	92	2051.8	0	75	ddc8008cdeaf
gpt2	ours	cold	1	93	2059.0	0	75	ddc8008cdeaf
gpt2	ours	cold	1	94	2057.1	0	75	ddc8008cdeaf
gpt2	ours	cold	1	95	3684.0	0	75	ddc8008cdeaf
gpt2	ours	cold	1	96	2081.9	0	75	ddc8008cdeaf
gpt2	ours	cold	1	97	2054.9	0	75	ddc8008cdeaf
gpt2	ours	cold	1	98	2059.0	0	75	ddc8008cdeaf
gpt2	ours	cold	1	99	2066.1	0	75	ddc8008cdeaf
gpt2	ours	cold	1	100	2079.0	0	75	ddc8008cdeaf
gpt2	ours	cold	1	101	2095.2	0	75	ddc8008cdeaf
gpt2	ours	cold	1	102	2064.0	0	75	ddc8008cdeaf
gpt2	ours	cold	1	103	2054.9	0	75	ddc8008cdeaf
gpt2	ours	cold	1	104	2064.2	0	75	ddc8008cdeaf
gpt2	ours	cold	1	105	2054.0	0	75	ddc8008cdeaf
gpt2	ours	cold	1	106	2043.0	0	75	ddc8008cdeaf
gpt2	ours	cold	1	107	2072.1	0	75	ddc8008cdeaf
gpt2	ours	cold	1	108	2052.1	0	75	ddc8008cdeaf
gpt2	ours	cold	1	109	3342.9	0	75	ddc8008cdeaf
gpt2	ours	cold	1	110	2053.0	0	75	ddc8008cdeaf
gpt2	ours	cold	1	111	2054.0	0	75	ddc8008cdeaf
gpt2	ours	cold	1	112	2077.1	0	75	ddc8008cdeaf
gpt2	ours	cold	1	113	2081.9	0	75	ddc8008cdeaf
gpt2	ours	cold	1	114	2057.8	0	75	ddc8008cdeaf
gpt2	ours	cold	1	115	2050.9	0	75	ddc8008cdeaf
gpt2	ours	cold	1	116	2049.0	0	75	ddc8008cdeaf
gpt2	ours	cold	1	117	2059.0	0	75	ddc8008cdeaf
gpt2	ours	cold	1	118	2069.0	0	75	ddc8008cdeaf
gpt2	ours	cold	1	119	2057.1	0	75	ddc8008cdeaf
gpt2	ours	cold	1	120	2055.9	0	75	ddc8008cdeaf
gpt2	ours	cold	1	121	2097.8	0	75	ddc8008cdeaf
gpt2	ours	cold	1	122	2048.0	0	75	ddc8008cdeaf
gpt2	ours	cold	1	123	2118.8	0	75	ddc8008cdeaf
gpt2	ours	cold	1	124	3163.8	0	75	ddc8008cdeaf
gpt2	ours	cold	1	125	2067.8	0	75	ddc8008cdeaf
gpt2	ours	cold	1	126	2059.9	0	75	ddc8008cdeaf
gpt2	ours	cold	1	127	2066.1	0	75	ddc8008cdeaf
gpt2	ours	cold	1	128	2094.0	0	75	ddc8008cdeaf
gpt2	ours	cold	1	129	2049.0	0	75	ddc8008cdeaf
gpt2	ours	cold	1	130	2076.1	0	75	ddc8008cdeaf
gpt2	ours	cold	1	131	2051.8	0	75	ddc8008cdeaf
gpt2	ours	cold	1	132	2069.0	0	75	ddc8008cdeaf
gpt2	ours	cold	1	133	2064.0	0	75	ddc8008cdeaf
gpt2	ours	cold	1	134	2039.0	0	75	ddc8008cdeaf
gpt2	ours	cold	1	135	2065.9	0	75	ddc8008cdeaf
gpt2	ours	cold	1	136	2061.1	0	75	ddc8008cdeaf
gpt2	ours	cold	1	137	2061.8	0	75	ddc8008cdeaf
gpt2	ours	cold	1	138	2051.8	0	75	ddc8008cdeaf
gpt2	ours	cold	1	139	2095.0	0	75	ddc8008cdeaf
gpt2	ours	cold	1	140	4148.0	0	75	ddc8008cdeaf
gpt2	ours	cold	1	141	2069.0	0	75	ddc8008cdeaf
gpt2	ours	cold	1	142	2060.2	0	75	ddc8008cdeaf
gpt2	ours	cold	1	143	2068.0	0	75	ddc8008cdeaf
gpt2	ours	cold	1	144	2075.9	0	75	ddc8008cdeaf
gpt2	ours	cold	1	145	2058.0	0	75	ddc8008cdeaf
gpt2	ours	cold	1	146	2058.0	0	75	ddc8008cdeaf
gpt2	ours	cold	1	147	2084.0	0	75	ddc8008cdeaf
gpt2	ours	cold	1	148	2057.1	0	75	ddc8008cdeaf
gpt2	ours	cold	1	149	2080.2	0	75	ddc8008cdeaf
gpt2	ours	cold	1	150	2046.8	0	75	ddc8008cdeaf
gpt2	ours	cold	1	151	2067.8	0	75	ddc8008cdeaf
gpt2	ours	cold	1	152	2054.0	0	75	ddc8008cdeaf
gpt2	ours	cold	1	153	2116.9	0	75	ddc8008cdeaf
gpt2	ours	cold	1	154	2054.9	0	75	ddc8008cdeaf
gpt2	ours	cold	1	155	2093.1	0	75	ddc8008cdeaf
gpt2	ours	cold	1	156	2054.0	0	75	ddc8008cdeaf
gpt2	ours	cold	1	157	3593.0	0	75	ddc8008cdeaf
gpt2	ours	cold	1	158	2060.2	0	75	ddc8008cdeaf
gpt2	ours	cold	1	159	2083.1	0	75	ddc8008cdeaf
gpt2	ours	cold	1	160	2098.1	0	75	ddc8008cdeaf
gpt2	ours	cold	1	161	2084.0	0	75	ddc8008cdeaf
gpt2	ours	cold	1	162	2088.1	0	75	ddc8008cdeaf
gpt2	ours	cold	1	163	2071.9	0	75	ddc8008cdeaf
gpt2	ours	cold	1	164	2049.0	0	75	ddc8008cdeaf
gpt2	ours	cold	1	165	2059.9	0	75	ddc8008cdeaf
gpt2	ours	cold	1	166	2063.0	0	75	ddc8008cdeaf
gpt2	ours	cold	1	167	2058.0	0	75	ddc8008cdeaf
gpt2	ours	cold	1	168	2061.1	0	75	ddc8008cdeaf
gpt2	ours	cold	1	169	2100.0	0	75	ddc8008cdeaf
gpt2	ours	cold	1	170	2096.2	0	75	ddc8008cdeaf
gpt2	ours	cold	1	171	2063.0	0	75	ddc8008cdeaf
gpt2	ours	cold	1	172	2049.9	0	75	ddc8008cdeaf
gpt2	ours	cold	1	173	2085.0	0	75	ddc8008cdeaf
gpt2	ours	cold	1	174	2101.9	0	75	ddc8008cdeaf
gpt2	ours	cold	1	175	3321.2	0	75	ddc8008cdeaf
gpt2	ours	cold	1	176	2060.9	0	75	ddc8008cdeaf
gpt2	ours	cold	1	177	2079.0	0	75	ddc8008cdeaf
gpt2	ours	cold	1	178	2096.9	0	75	ddc8008cdeaf
gpt2	ours	cold	1	179	2071.1	0	75	ddc8008cdeaf
gpt2	ours	cold	1	180	2049.0	0	75	ddc8008cdeaf
gpt2	ours	cold	1	181	2060.2	0	75	ddc8008cdeaf
gpt2	ours	cold	1	182	2075.9	0	75	ddc8008cdeaf
gpt2	ours	cold	1	183	2062.1	0	75	ddc8008cdeaf
gpt2	ours	cold	1	184	2054.9	0	75	ddc8008cdeaf
gpt2	ours	cold	1	185	2230.9	0	75	ddc8008cdeaf
gpt2	ours	cold	1	186	2049.2	0	75	ddc8008cdeaf
gpt2	ours	cold	1	187	2118.8	0	75	ddc8008cdeaf
gpt2	ours	cold	1	188	2046.8	0	75	ddc8008cdeaf
gpt2	ours	cold	1	189	2067.8	0	75	ddc8008cdeaf
gpt2	ours	cold	1	190	2052.8	0	75	ddc8008cdeaf
gpt2	ours	cold	1	191	2059.9	0	75	ddc8008cdeaf
gpt2	ours	cold	1	192	2046.1	0	75	ddc8008cdeaf
gpt2	ours	cold	1	193	2069.0	0	75	ddc8008cdeaf
gpt2	ours	cold	1	194	3819.9	0	75	ddc8008cdeaf
gpt2	ours	cold	1	195	2066.9	0	75	ddc8008cdeaf
gpt2	ours	cold	1	196	2104.0	0	75	ddc8008cdeaf
gpt2	ours	cold	1	197	2047.1	0	75	ddc8008cdeaf
gpt2	ours	cold	1	198	2052.1	0	75	ddc8008cdeaf
gpt2	ours	cold	1	199	2051.1	0	75	ddc8008cdeaf
gpt2	ours	cold	1	200	2050.9	0	75	ddc8008cdeaf
gpt2	ours	cold	1	201	2102.9	0	75	ddc8008cdeaf
gpt2	ours	cold	1	202	2112.9	0	75	ddc8008cdeaf
gpt2	ours	cold	1	203	2058.0	0	75	ddc8008cdeaf
gpt2	ours	cold	1	204	2092.8	0	75	ddc8008cdeaf
gpt2	ours	cold	1	205	2046.1	0	75	ddc8008cdeaf
gpt2	ours	cold	1	206	2052.1	0	75	ddc8008cdeaf
gpt2	ours	cold	1	207	2106.9	0	75	ddc8008cdeaf
gpt2	ours	cold	1	208	2081.2	0	75	ddc8008cdeaf
gpt2	ours	cold	1	209	2095.0	0	75	ddc8008cdeaf
gpt2	ours	cold	1	210	2048.0	0	75	ddc8008cdeaf
gpt2	ours	cold	1	211	2085.0	0	75	ddc8008cdeaf
gpt2	ours	cold	1	212	2110.0	0	75	ddc8008cdeaf
gpt2	ours	cold	1	213	2046.8	0	75	ddc8008cdeaf
gpt2	ours	cold	1	214	3899.8	0	75	ddc8008cdeaf
gpt2	ours	cold	1	215	2071.9	0	75	ddc8008cdeaf
gpt2	ours	cold	1	216	2064.9	0	75	ddc8008cdeaf
gpt2	ours	cold	1	217	2063.0	0	75	ddc8008cdeaf
gpt2	ours	cold	1	218	2088.1	0	75	ddc8008cdeaf
gpt2	ours	cold	1	219	2064.0	0	75	ddc8008cdeaf
gpt2	ours	cold	1	220	2088.1	0	75	ddc8008cdeaf
gpt2	ours	cold	1	221	2081.2	0	75	ddc8008cdeaf
gpt2	ours	cold	1	222	2094.0	0	75	ddc8008cdeaf
gpt2	ours	cold	1	223	2073.0	0	75	ddc8008cdeaf
gpt2	ours	cold	1	224	2053.0	0	75	ddc8008cdeaf
gpt2	ours	cold	1	225	2045.9	0	75	ddc8008cdeaf
gpt2	ours	cold	1	226	2075.0	0	75	ddc8008cdeaf
gpt2	ours	cold	1	227	2054.0	0	75	ddc8008cdeaf
gpt2	ours	cold	1	228	2089.0	0	75	ddc8008cdeaf
gpt2	ours	cold	1	229	2095.0	0	75	ddc8008cdeaf
gpt2	ours	cold	1	230	2062.1	0	75	ddc8008cdeaf
gpt2	ours	cold	1	231	2058.0	0	75	ddc8008cdeaf
gpt2	ours	cold	1	232	2097.1	0	75	ddc8008cdeaf
gpt2	ours	cold	1	233	2058.0	0	75	ddc8008cdeaf
gpt2	ours	cold	1	234	2075.9	0	75	ddc8008cdeaf
gpt2	ours	cold	1	235	3436.8	0	75	ddc8008cdeaf
gpt2	ours	cold	1	236	2095.9	0	75	ddc8008cdeaf
gpt2	ours	cold	1	237	2061.1	0	75	ddc8008cdeaf
gpt2	ours	cold	1	238	2065.9	0	75	ddc8008cdeaf
gpt2	ours	cold	1	239	2055.9	0	75	ddc8008cdeaf
gpt2	ours	cold	1	240	2064.9	0	75	ddc8008cdeaf
gpt2	ours	cold	1	241	2055.2	0	75	ddc8008cdeaf
gpt2	ours	cold	1	242	2106.0	0	75	ddc8008cdeaf
gpt2	ours	cold	1	243	2119.1	0	75	ddc8008cdeaf
gpt2	ours	cold	1	244	2055.2	0	75	ddc8008cdeaf
gpt2	ours	cold	1	245	2075.9	0	75	ddc8008cdeaf
gpt2	ours	cold	1	246	2084.0	0	75	ddc8008cdeaf
gpt2	ours	cold	1	247	2126.2	0	75	ddc8008cdeaf
gpt2	ours	cold	1	248	2039.0	0	75	ddc8008cdeaf
gpt2	ours	cold	1	249	2084.0	0	75	ddc8008cdeaf
gpt2	ours	cold	1	250	2130.0	0	75	ddc8008cdeaf
gpt2	ours	cold	1	251	2064.0	0	75	ddc8008cdeaf
gpt2	ours	cold	1	252	2128.1	0	75	ddc8008cdeaf
gpt2	ours	cold	1	253	2062.1	0	75	ddc8008cdeaf
gpt2	ours	cold	1	254	2063.0	0	75	ddc8008cdeaf
gpt2	ours	cold	1	255	2056.1	0	75	ddc8008cdeaf
gpt2	ours	cold	1	256	2076.1	0	75	ddc8008cdeaf
gpt2	ours	cold	1	257	3547.9	0	75	ddc8008cdeaf
gpt2	ours	cold	1	258	2073.0	0	75	ddc8008cdeaf
gpt2	ours	cold	1	259	2068.0	0	75	ddc8008cdeaf
gpt2	ours	cold	1	260	2125.0	0	75	ddc8008cdeaf
gpt2	ours	cold	1	261	2132.9	0	75	ddc8008cdeaf
gpt2	ours	cold	1	262	2064.9	0	75	ddc8008cdeaf
gpt2	ours	cold	1	263	2049.9	0	75	ddc8008cdeaf
gpt2	ours	cold	1	264	2076.1	0	75	ddc8008cdeaf
gpt2	ours	cold	1	265	2058.0	0	75	ddc8008cdeaf
gpt2	ours	cold	1	266	2075.9	0	75	ddc8008cdeaf
gpt2	ours	cold	1	267	2123.1	0	75	ddc8008cdeaf
gpt2	ours	cold	1	268	2070.9	0	75	ddc8008cdeaf
gpt2	ours	cold	1	269	2058.0	0	75	ddc8008cdeaf
gpt2	ours	cold	1	270	2075.0	0	75	ddc8008cdeaf
gpt2	ours	cold	1	271	2053.0	0	75	ddc8008cdeaf
gpt2	ours	cold	1	272	2062.1	0	75	ddc8008cdeaf
gpt2	ours	cold	1	273	2073.0	0	75	ddc8008cdeaf
gpt2	ours	cold	1	274	2049.0	0	75	ddc8008cdeaf
gpt2	ours	cold	1	275	2090.0	0	75	ddc8008cdeaf
gpt2	ours	cold	1	276	2062.1	0	75	ddc8008cdeaf
gpt2	ours	cold	1	277	2053.0	0	75	ddc8008cdeaf
gpt2	ours	cold	1	278	2068.0	0	75	ddc8008cdeaf
gpt2	ours	cold	1	279	2101.9	0	75	ddc8008cdeaf
gpt2	ours	cold	1	280	4057.2	0	75	ddc8008cdeaf
gpt2	ours	cold	1	281	2069.0	0	75	ddc8008cdeaf
gpt2	ours	cold	1	282	2140.0	0	75	ddc8008cdeaf
gpt2	ours	cold	1	283	2135.0	0	75	ddc8008cdeaf
gpt2	ours	cold	1	284	2063.0	0	75	ddc8008cdeaf
gpt2	ours	cold	1	285	2097.1	0	75	ddc8008cdeaf
gpt2	ours	cold	1	286	2110.0	0	75	ddc8008cdeaf
gpt2	ours	cold	1	287	2056.1	0	75	ddc8008cdeaf
gpt2	ours	cold	1	288	2095.9	0	75	ddc8008cdeaf
gpt2	ours	cold	1	289	2094.0	0	75	ddc8008cdeaf
gpt2	ours	cold	1	290	2078.1	0	75	ddc8008cdeaf
gpt2	ours	cold	1	291	2088.1	0	75	ddc8008cdeaf
gpt2	ours	cold	1	292	2080.9	0	75	ddc8008cdeaf
gpt2	ours	cold	1	293	2088.1	0	75	ddc8008cdeaf
gpt2	ours	cold	1	294	2077.1	0	75	ddc8008cdeaf
gpt2	ours	cold	1	295	2131.9	0	75	ddc8008cdeaf
gpt2	ours	cold	1	296	2128.8	0	75	ddc8008cdeaf
gpt2	ours	cold	1	297	2115.0	0	75	ddc8008cdeaf
gpt2	ours	cold	1	298	2102.9	0	75	ddc8008cdeaf
gpt2	ours	cold	1	299	2053.0	0	75	ddc8008cdeaf
gpt2	torch-compile	cold	1	0	6113284.1			torch-2.14.0+cu130
gpt2	torch-compile	cold	1	1	2733.5			torch-2.14.0+cu130
gpt2	torch-compile	cold	1	2	2364.4			torch-2.14.0+cu130
gpt2	torch-compile	cold	1	3	2348.9			torch-2.14.0+cu130
gpt2	torch-compile	cold	1	4	2337.9			torch-2.14.0+cu130
gpt2	torch-compile	cold	1	5	2343.9			torch-2.14.0+cu130
gpt2	torch-compile	cold	1	6	2329.6			torch-2.14.0+cu130
gpt2	torch-compile	cold	1	7	2324.6			torch-2.14.0+cu130
gpt2	torch-compile	cold	1	8	2334.8			torch-2.14.0+cu130
gpt2	torch-compile	cold	1	9	2410.9			torch-2.14.0+cu130
gpt2	torch-compile	cold	1	10	2318.9			torch-2.14.0+cu130
gpt2	torch-compile	cold	1	11	2356.3			torch-2.14.0+cu130
gpt2	torch-compile	cold	1	12	2356.3			torch-2.14.0+cu130
gpt2	torch-compile	cold	1	13	2342.7			torch-2.14.0+cu130
gpt2	torch-compile	cold	1	14	2330.8			torch-2.14.0+cu130
gpt2	torch-compile	cold	1	15	2338.6			torch-2.14.0+cu130
gpt2	torch-compile	cold	1	16	2324.3			torch-2.14.0+cu130
gpt2	torch-compile	cold	1	17	2342.0			torch-2.14.0+cu130
gpt2	torch-compile	cold	1	18	2334.8			torch-2.14.0+cu130
gpt2	torch-compile	cold	1	19	2347.7			torch-2.14.0+cu130
gpt2	torch-compile	cold	1	20	2340.1			torch-2.14.0+cu130
gpt2	torch-compile	cold	1	21	2384.2			torch-2.14.0+cu130
gpt2	torch-compile	cold	1	22	2329.6			torch-2.14.0+cu130
gpt2	torch-compile	cold	1	23	2378.0			torch-2.14.0+cu130
gpt2	torch-compile	cold	1	24	2320.3			torch-2.14.0+cu130
gpt2	torch-compile	cold	1	25	2331.7			torch-2.14.0+cu130
gpt2	torch-compile	cold	1	26	2350.1			torch-2.14.0+cu130
gpt2	torch-compile	cold	1	27	2327.4			torch-2.14.0+cu130
gpt2	torch-compile	cold	1	28	2339.6			torch-2.14.0+cu130
gpt2	torch-compile	cold	1	29	2390.6			torch-2.14.0+cu130
gpt2	torch-compile	cold	1	30	2339.6			torch-2.14.0+cu130
gpt2	torch-compile	cold	1	31	2328.9			torch-2.14.0+cu130
gpt2	torch-compile	cold	1	32	2339.1			torch-2.14.0+cu130
gpt2	torch-compile	cold	1	33	2325.5			torch-2.14.0+cu130
gpt2	torch-compile	cold	1	34	2349.9			torch-2.14.0+cu130
gpt2	torch-compile	cold	1	35	2327.2			torch-2.14.0+cu130
gpt2	torch-compile	cold	1	36	2346.5			torch-2.14.0+cu130
gpt2	torch-compile	cold	1	37	2333.2			torch-2.14.0+cu130
gpt2	torch-compile	cold	1	38	2323.6			torch-2.14.0+cu130
gpt2	torch-compile	cold	1	39	2332.2			torch-2.14.0+cu130
gpt2	torch-compile	cold	1	40	2345.8			torch-2.14.0+cu130
gpt2	torch-compile	cold	1	41	2332.2			torch-2.14.0+cu130
gpt2	torch-compile	cold	1	42	2343.7			torch-2.14.0+cu130
gpt2	torch-compile	cold	1	43	2335.3			torch-2.14.0+cu130
gpt2	torch-compile	cold	1	44	2334.1			torch-2.14.0+cu130
gpt2	torch-compile	cold	1	45	2332.9			torch-2.14.0+cu130
gpt2	torch-compile	cold	1	46	2319.3			torch-2.14.0+cu130
gpt2	torch-compile	cold	1	47	2322.4			torch-2.14.0+cu130
gpt2	torch-compile	cold	1	48	2319.8			torch-2.14.0+cu130
gpt2	torch-compile	cold	1	49	2325.1			torch-2.14.0+cu130
gpt2	torch-compile	cold	1	50	2363.9			torch-2.14.0+cu130
gpt2	torch-compile	cold	1	51	2324.8			torch-2.14.0+cu130
gpt2	torch-compile	cold	1	52	2343.9			torch-2.14.0+cu130
gpt2	torch-compile	cold	1	53	2344.4			torch-2.14.0+cu130
gpt2	torch-compile	cold	1	54	2327.0			torch-2.14.0+cu130
gpt2	torch-compile	cold	1	55	2365.1			torch-2.14.0+cu130
gpt2	torch-compile	cold	1	56	2407.8			torch-2.14.0+cu130
gpt2	torch-compile	cold	1	57	2329.8			torch-2.14.0+cu130
gpt2	torch-compile	cold	1	58	2321.7			torch-2.14.0+cu130
gpt2	torch-compile	cold	1	59	2337.0			torch-2.14.0+cu130
gpt2	torch-compile	cold	1	60	2323.6			torch-2.14.0+cu130
gpt2	torch-compile	cold	1	61	2348.7			torch-2.14.0+cu130
gpt2	torch-compile	cold	1	62	2339.8			torch-2.14.0+cu130
gpt2	torch-compile	cold	1	63	2332.0			torch-2.14.0+cu130
gpt2	torch-compile	cold	1	64	2337.0			torch-2.14.0+cu130
gpt2	torch-compile	cold	1	65	2332.7			torch-2.14.0+cu130
gpt2	torch-compile	cold	1	66	2342.9			torch-2.14.0+cu130
gpt2	torch-compile	cold	1	67	2346.3			torch-2.14.0+cu130
gpt2	torch-compile	cold	1	68	2327.7			torch-2.14.0+cu130
gpt2	torch-compile	cold	1	69	2321.0			torch-2.14.0+cu130
gpt2	torch-compile	cold	1	70	2339.1			torch-2.14.0+cu130
gpt2	torch-compile	cold	1	71	2332.0			torch-2.14.0+cu130
gpt2	torch-compile	cold	1	72	2334.4			torch-2.14.0+cu130
gpt2	torch-compile	cold	1	73	2342.7			torch-2.14.0+cu130
gpt2	torch-compile	cold	1	74	2334.6			torch-2.14.0+cu130
gpt2	torch-compile	cold	1	75	2344.4			torch-2.14.0+cu130
gpt2	torch-compile	cold	1	76	2368.9			torch-2.14.0+cu130
gpt2	torch-compile	cold	1	77	2336.5			torch-2.14.0+cu130
gpt2	torch-compile	cold	1	78	2371.3			torch-2.14.0+cu130
gpt2	torch-compile	cold	1	79	2338.6			torch-2.14.0+cu130
gpt2	torch-compile	cold	1	80	2344.6			torch-2.14.0+cu130
gpt2	torch-compile	cold	1	81	2324.8			torch-2.14.0+cu130
gpt2	torch-compile	cold	1	82	2307.2			torch-2.14.0+cu130
gpt2	torch-compile	cold	1	83	2352.5			torch-2.14.0+cu130
gpt2	torch-compile	cold	1	84	2304.3			torch-2.14.0+cu130
gpt2	torch-compile	cold	1	85	2302.6			torch-2.14.0+cu130
gpt2	torch-compile	cold	1	86	2271.2			torch-2.14.0+cu130
gpt2	torch-compile	cold	1	87	2306.0			torch-2.14.0+cu130
gpt2	torch-compile	cold	1	88	2297.6			torch-2.14.0+cu130
gpt2	torch-compile	cold	1	89	2271.4			torch-2.14.0+cu130
gpt2	torch-compile	cold	1	90	2255.7			torch-2.14.0+cu130
gpt2	torch-compile	cold	1	91	2262.1			torch-2.14.0+cu130
gpt2	torch-compile	cold	1	92	2260.0			torch-2.14.0+cu130
gpt2	torch-compile	cold	1	93	2255.0			torch-2.14.0+cu130
gpt2	torch-compile	cold	1	94	2277.6			torch-2.14.0+cu130
gpt2	torch-compile	cold	1	95	2240.2			torch-2.14.0+cu130
gpt2	torch-compile	cold	1	96	2251.9			torch-2.14.0+cu130
gpt2	torch-compile	cold	1	97	2314.1			torch-2.14.0+cu130
gpt2	torch-compile	cold	1	98	2250.9			torch-2.14.0+cu130
gpt2	torch-compile	cold	1	99	2246.1			torch-2.14.0+cu130
gpt2	torch-compile	cold	1	100	2260.0			torch-2.14.0+cu130
gpt2	torch-compile	cold	1	101	2245.9			torch-2.14.0+cu130
gpt2	torch-compile	cold	1	102	2255.0			torch-2.14.0+cu130
gpt2	torch-compile	cold	1	103	2260.0			torch-2.14.0+cu130
gpt2	torch-compile	cold	1	104	2267.6			torch-2.14.0+cu130
gpt2	torch-compile	cold	1	105	2262.4			torch-2.14.0+cu130
gpt2	torch-compile	cold	1	106	2318.1			torch-2.14.0+cu130
gpt2	torch-compile	cold	1	107	2258.8			torch-2.14.0+cu130
gpt2	torch-compile	cold	1	108	2271.9			torch-2.14.0+cu130
gpt2	torch-compile	cold	1	109	2248.5			torch-2.14.0+cu130
gpt2	torch-compile	cold	1	110	2266.6			torch-2.14.0+cu130
gpt2	torch-compile	cold	1	111	2283.3			torch-2.14.0+cu130
gpt2	torch-compile	cold	1	112	2256.4			torch-2.14.0+cu130
gpt2	torch-compile	cold	1	113	2259.5			torch-2.14.0+cu130
gpt2	torch-compile	cold	1	114	2253.8			torch-2.14.0+cu130
gpt2	torch-compile	cold	1	115	2254.0			torch-2.14.0+cu130
gpt2	torch-compile	cold	1	116	2271.4			torch-2.14.0+cu130
gpt2	torch-compile	cold	1	117	2252.8			torch-2.14.0+cu130
gpt2	torch-compile	cold	1	118	2252.1			torch-2.14.0+cu130
gpt2	torch-compile	cold	1	119	2258.3			torch-2.14.0+cu130
gpt2	torch-compile	cold	1	120	2247.1			torch-2.14.0+cu130
gpt2	torch-compile	cold	1	121	2242.8			torch-2.14.0+cu130
gpt2	torch-compile	cold	1	122	2268.3			torch-2.14.0+cu130
gpt2	torch-compile	cold	1	123	2246.1			torch-2.14.0+cu130
gpt2	torch-compile	cold	1	124	2272.8			torch-2.14.0+cu130
gpt2	torch-compile	cold	1	125	2237.3			torch-2.14.0+cu130
gpt2	torch-compile	cold	1	126	2265.7			torch-2.14.0+cu130
gpt2	torch-compile	cold	1	127	2246.9			torch-2.14.0+cu130
gpt2	torch-compile	cold	1	128	2264.5			torch-2.14.0+cu130
gpt2	torch-compile	cold	1	129	2245.4			torch-2.14.0+cu130
gpt2	torch-compile	cold	1	130	2251.4			torch-2.14.0+cu130
gpt2	torch-compile	cold	1	131	2280.5			torch-2.14.0+cu130
gpt2	torch-compile	cold	1	132	2250.2			torch-2.14.0+cu130
gpt2	torch-compile	cold	1	133	2230.9			torch-2.14.0+cu130
gpt2	torch-compile	cold	1	134	2267.1			torch-2.14.0+cu130
gpt2	torch-compile	cold	1	135	2263.1			torch-2.14.0+cu130
gpt2	torch-compile	cold	1	136	2276.2			torch-2.14.0+cu130
gpt2	torch-compile	cold	1	137	2266.2			torch-2.14.0+cu130
gpt2	torch-compile	cold	1	138	2262.8			torch-2.14.0+cu130
gpt2	torch-compile	cold	1	139	2252.1			torch-2.14.0+cu130
gpt2	torch-compile	cold	1	140	2252.1			torch-2.14.0+cu130
gpt2	torch-compile	cold	1	141	2252.6			torch-2.14.0+cu130
gpt2	torch-compile	cold	1	142	2262.1			torch-2.14.0+cu130
gpt2	torch-compile	cold	1	143	2240.9			torch-2.14.0+cu130
gpt2	torch-compile	cold	1	144	2241.6			torch-2.14.0+cu130
gpt2	torch-compile	cold	1	145	2276.7			torch-2.14.0+cu130
gpt2	torch-compile	cold	1	146	2248.3			torch-2.14.0+cu130
gpt2	torch-compile	cold	1	147	2247.1			torch-2.14.0+cu130
gpt2	torch-compile	cold	1	148	2242.6			torch-2.14.0+cu130
gpt2	torch-compile	cold	1	149	2266.6			torch-2.14.0+cu130
gpt2	torch-compile	cold	1	150	2272.8			torch-2.14.0+cu130
gpt2	torch-compile	cold	1	151	2282.4			torch-2.14.0+cu130
gpt2	torch-compile	cold	1	152	2243.3			torch-2.14.0+cu130
gpt2	torch-compile	cold	1	153	2247.8			torch-2.14.0+cu130
gpt2	torch-compile	cold	1	154	2243.8			torch-2.14.0+cu130
gpt2	torch-compile	cold	1	155	2271.7			torch-2.14.0+cu130
gpt2	torch-compile	cold	1	156	2258.1			torch-2.14.0+cu130
gpt2	torch-compile	cold	1	157	2251.1			torch-2.14.0+cu130
gpt2	torch-compile	cold	1	158	2258.5			torch-2.14.0+cu130
gpt2	torch-compile	cold	1	159	2252.8			torch-2.14.0+cu130
gpt2	torch-compile	cold	1	160	2247.3			torch-2.14.0+cu130
gpt2	torch-compile	cold	1	161	2253.5			torch-2.14.0+cu130
gpt2	torch-compile	cold	1	162	2265.9			torch-2.14.0+cu130
gpt2	torch-compile	cold	1	163	2244.5			torch-2.14.0+cu130
gpt2	torch-compile	cold	1	164	2240.2			torch-2.14.0+cu130
gpt2	torch-compile	cold	1	165	2270.9			torch-2.14.0+cu130
gpt2	torch-compile	cold	1	166	2257.8			torch-2.14.0+cu130
gpt2	torch-compile	cold	1	167	2260.4			torch-2.14.0+cu130
gpt2	torch-compile	cold	1	168	2254.5			torch-2.14.0+cu130
gpt2	torch-compile	cold	1	169	2253.1			torch-2.14.0+cu130
gpt2	torch-compile	cold	1	170	2247.8			torch-2.14.0+cu130
gpt2	torch-compile	cold	1	171	2285.5			torch-2.14.0+cu130
gpt2	torch-compile	cold	1	172	2254.2			torch-2.14.0+cu130
gpt2	torch-compile	cold	1	173	2236.8			torch-2.14.0+cu130
gpt2	torch-compile	cold	1	174	2244.2			torch-2.14.0+cu130
gpt2	torch-compile	cold	1	175	2295.0			torch-2.14.0+cu130
gpt2	torch-compile	cold	1	176	2270.9			torch-2.14.0+cu130
gpt2	torch-compile	cold	1	177	2273.1			torch-2.14.0+cu130
gpt2	torch-compile	cold	1	178	2265.9			torch-2.14.0+cu130
gpt2	torch-compile	cold	1	179	2263.8			torch-2.14.0+cu130
gpt2	torch-compile	cold	1	180	2289.3			torch-2.14.0+cu130
gpt2	torch-compile	cold	1	181	2248.3			torch-2.14.0+cu130
gpt2	torch-compile	cold	1	182	2358.7			torch-2.14.0+cu130
gpt2	torch-compile	cold	1	183	2342.2			torch-2.14.0+cu130
gpt2	torch-compile	cold	1	184	2284.3			torch-2.14.0+cu130
gpt2	torch-compile	cold	1	185	2303.4			torch-2.14.0+cu130
gpt2	torch-compile	cold	1	186	2270.7			torch-2.14.0+cu130
gpt2	torch-compile	cold	1	187	2282.6			torch-2.14.0+cu130
gpt2	torch-compile	cold	1	188	2282.1			torch-2.14.0+cu130
gpt2	torch-compile	cold	1	189	2267.1			torch-2.14.0+cu130
gpt2	torch-compile	cold	1	190	2260.4			torch-2.14.0+cu130
gpt2	torch-compile	cold	1	191	2284.5			torch-2.14.0+cu130
gpt2	torch-compile	cold	1	192	2234.0			torch-2.14.0+cu130
gpt2	torch-compile	cold	1	193	2260.0			torch-2.14.0+cu130
gpt2	torch-compile	cold	1	194	2266.9			torch-2.14.0+cu130
gpt2	torch-compile	cold	1	195	2252.8			torch-2.14.0+cu130
gpt2	torch-compile	cold	1	196	2258.5			torch-2.14.0+cu130
gpt2	torch-compile	cold	1	197	2257.3			torch-2.14.0+cu130
gpt2	torch-compile	cold	1	198	2290.2			torch-2.14.0+cu130
gpt2	torch-compile	cold	1	199	2260.7			torch-2.14.0+cu130
gpt2	torch-compile	cold	1	200	2275.7			torch-2.14.0+cu130
gpt2	torch-compile	cold	1	201	2294.8			torch-2.14.0+cu130
gpt2	torch-compile	cold	1	202	2274.5			torch-2.14.0+cu130
gpt2	torch-compile	cold	1	203	2308.6			torch-2.14.0+cu130
gpt2	torch-compile	cold	1	204	2256.2			torch-2.14.0+cu130
gpt2	torch-compile	cold	1	205	2268.1			torch-2.14.0+cu130
gpt2	torch-compile	cold	1	206	2273.1			torch-2.14.0+cu130
gpt2	torch-compile	cold	1	207	2301.7			torch-2.14.0+cu130
gpt2	torch-compile	cold	1	208	2317.7			torch-2.14.0+cu130
gpt2	torch-compile	cold	1	209	2286.2			torch-2.14.0+cu130
gpt2	torch-compile	cold	1	210	2281.0			torch-2.14.0+cu130
gpt2	torch-compile	cold	1	211	2261.9			torch-2.14.0+cu130
gpt2	torch-compile	cold	1	212	2274.3			torch-2.14.0+cu130
gpt2	torch-compile	cold	1	213	2270.2			torch-2.14.0+cu130
gpt2	torch-compile	cold	1	214	2284.0			torch-2.14.0+cu130
gpt2	torch-compile	cold	1	215	2317.9			torch-2.14.0+cu130
gpt2	torch-compile	cold	1	216	2278.3			torch-2.14.0+cu130
gpt2	torch-compile	cold	1	217	2265.9			torch-2.14.0+cu130
gpt2	torch-compile	cold	1	218	2246.6			torch-2.14.0+cu130
gpt2	torch-compile	cold	1	219	2256.9			torch-2.14.0+cu130
gpt2	torch-compile	cold	1	220	2275.7			torch-2.14.0+cu130
gpt2	torch-compile	cold	1	221	2259.3			torch-2.14.0+cu130
gpt2	torch-compile	cold	1	222	2256.2			torch-2.14.0+cu130
gpt2	torch-compile	cold	1	223	2264.7			torch-2.14.0+cu130
gpt2	torch-compile	cold	1	224	2264.3			torch-2.14.0+cu130
gpt2	torch-compile	cold	1	225	2263.1			torch-2.14.0+cu130
gpt2	torch-compile	cold	1	226	2267.1			torch-2.14.0+cu130
gpt2	torch-compile	cold	1	227	2262.1			torch-2.14.0+cu130
gpt2	torch-compile	cold	1	228	2263.1			torch-2.14.0+cu130
gpt2	torch-compile	cold	1	229	2300.0			torch-2.14.0+cu130
gpt2	torch-compile	cold	1	230	2272.1			torch-2.14.0+cu130
gpt2	torch-compile	cold	1	231	2258.5			torch-2.14.0+cu130
gpt2	torch-compile	cold	1	232	2246.9			torch-2.14.0+cu130
gpt2	torch-compile	cold	1	233	2251.4			torch-2.14.0+cu130
gpt2	torch-compile	cold	1	234	2267.1			torch-2.14.0+cu130
gpt2	torch-compile	cold	1	235	2261.4			torch-2.14.0+cu130
gpt2	torch-compile	cold	1	236	2305.5			torch-2.14.0+cu130
gpt2	torch-compile	cold	1	237	2254.7			torch-2.14.0+cu130
gpt2	torch-compile	cold	1	238	2270.2			torch-2.14.0+cu130
gpt2	torch-compile	cold	1	239	2241.4			torch-2.14.0+cu130
gpt2	torch-compile	cold	1	240	2251.9			torch-2.14.0+cu130
gpt2	torch-compile	cold	1	241	2255.4			torch-2.14.0+cu130
gpt2	torch-compile	cold	1	242	2283.3			torch-2.14.0+cu130
gpt2	torch-compile	cold	1	243	2291.7			torch-2.14.0+cu130
gpt2	torch-compile	cold	1	244	2298.6			torch-2.14.0+cu130
gpt2	torch-compile	cold	1	245	2289.8			torch-2.14.0+cu130
gpt2	torch-compile	cold	1	246	2280.2			torch-2.14.0+cu130
gpt2	torch-compile	cold	1	247	2297.9			torch-2.14.0+cu130
gpt2	torch-compile	cold	1	248	2289.3			torch-2.14.0+cu130
gpt2	torch-compile	cold	1	249	2273.8			torch-2.14.0+cu130
gpt2	torch-compile	cold	1	250	2262.8			torch-2.14.0+cu130
gpt2	torch-compile	cold	1	251	2250.9			torch-2.14.0+cu130
gpt2	torch-compile	cold	1	252	2329.3			torch-2.14.0+cu130
gpt2	torch-compile	cold	1	253	2262.6			torch-2.14.0+cu130
gpt2	torch-compile	cold	1	254	2256.2			torch-2.14.0+cu130
gpt2	torch-compile	cold	1	255	2255.0			torch-2.14.0+cu130
gpt2	torch-compile	cold	1	256	2334.8			torch-2.14.0+cu130
gpt2	torch-compile	cold	1	257	2250.7			torch-2.14.0+cu130
gpt2	torch-compile	cold	1	258	2278.8			torch-2.14.0+cu130
gpt2	torch-compile	cold	1	259	2270.9			torch-2.14.0+cu130
gpt2	torch-compile	cold	1	260	2276.4			torch-2.14.0+cu130
gpt2	torch-compile	cold	1	261	2265.0			torch-2.14.0+cu130
gpt2	torch-compile	cold	1	262	2261.6			torch-2.14.0+cu130
gpt2	torch-compile	cold	1	263	2283.3			torch-2.14.0+cu130
gpt2	torch-compile	cold	1	264	2252.6			torch-2.14.0+cu130
gpt2	torch-compile	cold	1	265	2250.9			torch-2.14.0+cu130
gpt2	torch-compile	cold	1	266	2254.5			torch-2.14.0+cu130
gpt2	torch-compile	cold	1	267	2267.4			torch-2.14.0+cu130
gpt2	torch-compile	cold	1	268	2279.3			torch-2.14.0+cu130
gpt2	torch-compile	cold	1	269	2312.2			torch-2.14.0+cu130
gpt2	torch-compile	cold	1	270	2277.1			torch-2.14.0+cu130
gpt2	torch-compile	cold	1	271	2281.0			torch-2.14.0+cu130
gpt2	torch-compile	cold	1	272	2267.8			torch-2.14.0+cu130
gpt2	torch-compile	cold	1	273	2304.6			torch-2.14.0+cu130
gpt2	torch-compile	cold	1	274	2275.5			torch-2.14.0+cu130
gpt2	torch-compile	cold	1	275	2261.9			torch-2.14.0+cu130
gpt2	torch-compile	cold	1	276	2260.9			torch-2.14.0+cu130
gpt2	torch-compile	cold	1	277	2265.7			torch-2.14.0+cu130
gpt2	torch-compile	cold	1	278	2250.7			torch-2.14.0+cu130
gpt2	torch-compile	cold	1	279	2254.0			torch-2.14.0+cu130
gpt2	torch-compile	cold	1	280	2319.1			torch-2.14.0+cu130
gpt2	torch-compile	cold	1	281	2279.3			torch-2.14.0+cu130
gpt2	torch-compile	cold	1	282	2270.2			torch-2.14.0+cu130
gpt2	torch-compile	cold	1	283	2276.7			torch-2.14.0+cu130
gpt2	torch-compile	cold	1	284	2268.6			torch-2.14.0+cu130
gpt2	torch-compile	cold	1	285	2257.8			torch-2.14.0+cu130
gpt2	torch-compile	cold	1	286	2265.9			torch-2.14.0+cu130
gpt2	torch-compile	cold	1	287	2261.4			torch-2.14.0+cu130
gpt2	torch-compile	cold	1	288	2308.8			torch-2.14.0+cu130
gpt2	torch-compile	cold	1	289	2255.9			torch-2.14.0+cu130
gpt2	torch-compile	cold	1	290	2276.2			torch-2.14.0+cu130
gpt2	torch-compile	cold	1	291	2259.5			torch-2.14.0+cu130
gpt2	torch-compile	cold	1	292	2296.0			torch-2.14.0+cu130
gpt2	torch-compile	cold	1	293	2273.8			torch-2.14.0+cu130
gpt2	torch-compile	cold	1	294	2275.9			torch-2.14.0+cu130
gpt2	torch-compile	cold	1	295	2263.5			torch-2.14.0+cu130
gpt2	torch-compile	cold	1	296	2248.3			torch-2.14.0+cu130
gpt2	torch-compile	cold	1	297	2270.2			torch-2.14.0+cu130
gpt2	torch-compile	cold	1	298	2259.7			torch-2.14.0+cu130
gpt2	torch-compile	cold	1	299	2279.3			torch-2.14.0+cu130
gpt2	torch-compile-ro	cold	1	0	5622592.2			torch-2.14.0+cu130
gpt2	torch-compile-ro	cold	1	1	34123.7			torch-2.14.0+cu130
gpt2	torch-compile-ro	cold	1	2	2640.2			torch-2.14.0+cu130
gpt2	torch-compile-ro	cold	1	3	2270.9			torch-2.14.0+cu130
gpt2	torch-compile-ro	cold	1	4	2206.3			torch-2.14.0+cu130
gpt2	torch-compile-ro	cold	1	5	2161.7			torch-2.14.0+cu130
gpt2	torch-compile-ro	cold	1	6	2202.5			torch-2.14.0+cu130
gpt2	torch-compile-ro	cold	1	7	2162.7			torch-2.14.0+cu130
gpt2	torch-compile-ro	cold	1	8	2220.9			torch-2.14.0+cu130
gpt2	torch-compile-ro	cold	1	9	2169.8			torch-2.14.0+cu130
gpt2	torch-compile-ro	cold	1	10	2163.4			torch-2.14.0+cu130
gpt2	torch-compile-ro	cold	1	11	2178.0			torch-2.14.0+cu130
gpt2	torch-compile-ro	cold	1	12	2212.8			torch-2.14.0+cu130
gpt2	torch-compile-ro	cold	1	13	2181.1			torch-2.14.0+cu130
gpt2	torch-compile-ro	cold	1	14	2173.9			torch-2.14.0+cu130
gpt2	torch-compile-ro	cold	1	15	2169.8			torch-2.14.0+cu130
gpt2	torch-compile-ro	cold	1	16	2144.1			torch-2.14.0+cu130
gpt2	torch-compile-ro	cold	1	17	2156.7			torch-2.14.0+cu130
gpt2	torch-compile-ro	cold	1	18	2169.1			torch-2.14.0+cu130
gpt2	torch-compile-ro	cold	1	19	2164.6			torch-2.14.0+cu130
gpt2	torch-compile-ro	cold	1	20	2172.2			torch-2.14.0+cu130
gpt2	torch-compile-ro	cold	1	21	2161.7			torch-2.14.0+cu130
gpt2	torch-compile-ro	cold	1	22	2173.4			torch-2.14.0+cu130
gpt2	torch-compile-ro	cold	1	23	2152.4			torch-2.14.0+cu130
gpt2	torch-compile-ro	cold	1	24	2199.2			torch-2.14.0+cu130
gpt2	torch-compile-ro	cold	1	25	2152.7			torch-2.14.0+cu130
gpt2	torch-compile-ro	cold	1	26	2161.3			torch-2.14.0+cu130
gpt2	torch-compile-ro	cold	1	27	2180.8			torch-2.14.0+cu130
gpt2	torch-compile-ro	cold	1	28	2169.1			torch-2.14.0+cu130
gpt2	torch-compile-ro	cold	1	29	2155.3			torch-2.14.0+cu130
gpt2	torch-compile-ro	cold	1	30	2167.7			torch-2.14.0+cu130
gpt2	torch-compile-ro	cold	1	31	2179.9			torch-2.14.0+cu130
gpt2	torch-compile-ro	cold	1	32	2143.9			torch-2.14.0+cu130
gpt2	torch-compile-ro	cold	1	33	2169.8			torch-2.14.0+cu130
gpt2	torch-compile-ro	cold	1	34	2189.6			torch-2.14.0+cu130
gpt2	torch-compile-ro	cold	1	35	2169.1			torch-2.14.0+cu130
gpt2	torch-compile-ro	cold	1	36	2163.6			torch-2.14.0+cu130
gpt2	torch-compile-ro	cold	1	37	2177.2			torch-2.14.0+cu130
gpt2	torch-compile-ro	cold	1	38	2188.9			torch-2.14.0+cu130
gpt2	torch-compile-ro	cold	1	39	2174.4			torch-2.14.0+cu130
gpt2	torch-compile-ro	cold	1	40	2156.5			torch-2.14.0+cu130
gpt2	torch-compile-ro	cold	1	41	2151.3			torch-2.14.0+cu130
gpt2	torch-compile-ro	cold	1	42	2169.8			torch-2.14.0+cu130
gpt2	torch-compile-ro	cold	1	43	2171.3			torch-2.14.0+cu130
gpt2	torch-compile-ro	cold	1	44	2171.5			torch-2.14.0+cu130
gpt2	torch-compile-ro	cold	1	45	2163.9			torch-2.14.0+cu130
gpt2	torch-compile-ro	cold	1	46	2180.6			torch-2.14.0+cu130
gpt2	torch-compile-ro	cold	1	47	2237.1			torch-2.14.0+cu130
gpt2	torch-compile-ro	cold	1	48	2276.4			torch-2.14.0+cu130
gpt2	torch-compile-ro	cold	1	49	2262.8			torch-2.14.0+cu130
gpt2	torch-compile-ro	cold	1	50	2221.1			torch-2.14.0+cu130
gpt2	torch-compile-ro	cold	1	51	2278.1			torch-2.14.0+cu130
gpt2	torch-compile-ro	cold	1	52	2232.3			torch-2.14.0+cu130
gpt2	torch-compile-ro	cold	1	53	2231.6			torch-2.14.0+cu130
gpt2	torch-compile-ro	cold	1	54	2222.1			torch-2.14.0+cu130
gpt2	torch-compile-ro	cold	1	55	2200.4			torch-2.14.0+cu130
gpt2	torch-compile-ro	cold	1	56	2218.0			torch-2.14.0+cu130
gpt2	torch-compile-ro	cold	1	57	2292.2			torch-2.14.0+cu130
gpt2	torch-compile-ro	cold	1	58	2219.7			torch-2.14.0+cu130
gpt2	torch-compile-ro	cold	1	59	2211.8			torch-2.14.0+cu130
gpt2	torch-compile-ro	cold	1	60	2204.9			torch-2.14.0+cu130
gpt2	torch-compile-ro	cold	1	61	2252.1			torch-2.14.0+cu130
gpt2	torch-compile-ro	cold	1	62	2205.1			torch-2.14.0+cu130
gpt2	torch-compile-ro	cold	1	63	2181.3			torch-2.14.0+cu130
gpt2	torch-compile-ro	cold	1	64	2194.9			torch-2.14.0+cu130
gpt2	torch-compile-ro	cold	1	65	2173.7			torch-2.14.0+cu130
gpt2	torch-compile-ro	cold	1	66	2155.1			torch-2.14.0+cu130
gpt2	torch-compile-ro	cold	1	67	2167.2			torch-2.14.0+cu130
gpt2	torch-compile-ro	cold	1	68	2099.0			torch-2.14.0+cu130
gpt2	torch-compile-ro	cold	1	69	2085.9			torch-2.14.0+cu130
gpt2	torch-compile-ro	cold	1	70	2074.0			torch-2.14.0+cu130
gpt2	torch-compile-ro	cold	1	71	2093.1			torch-2.14.0+cu130
gpt2	torch-compile-ro	cold	1	72	2083.3			torch-2.14.0+cu130
gpt2	torch-compile-ro	cold	1	73	2075.0			torch-2.14.0+cu130
gpt2	torch-compile-ro	cold	1	74	2115.2			torch-2.14.0+cu130
gpt2	torch-compile-ro	cold	1	75	2100.7			torch-2.14.0+cu130
gpt2	torch-compile-ro	cold	1	76	2091.6			torch-2.14.0+cu130
gpt2	torch-compile-ro	cold	1	77	2100.7			torch-2.14.0+cu130
gpt2	torch-compile-ro	cold	1	78	2087.6			torch-2.14.0+cu130
gpt2	torch-compile-ro	cold	1	79	2106.4			torch-2.14.0+cu130
gpt2	torch-compile-ro	cold	1	80	2080.9			torch-2.14.0+cu130
gpt2	torch-compile-ro	cold	1	81	2088.1			torch-2.14.0+cu130
gpt2	torch-compile-ro	cold	1	82	2100.5			torch-2.14.0+cu130
gpt2	torch-compile-ro	cold	1	83	2085.9			torch-2.14.0+cu130
gpt2	torch-compile-ro	cold	1	84	2083.8			torch-2.14.0+cu130
gpt2	torch-compile-ro	cold	1	85	2082.6			torch-2.14.0+cu130
gpt2	torch-compile-ro	cold	1	86	2124.8			torch-2.14.0+cu130
gpt2	torch-compile-ro	cold	1	87	2088.8			torch-2.14.0+cu130
gpt2	torch-compile-ro	cold	1	88	2073.5			torch-2.14.0+cu130
gpt2	torch-compile-ro	cold	1	89	2103.3			torch-2.14.0+cu130
gpt2	torch-compile-ro	cold	1	90	2087.8			torch-2.14.0+cu130
gpt2	torch-compile-ro	cold	1	91	2108.1			torch-2.14.0+cu130
gpt2	torch-compile-ro	cold	1	92	2153.6			torch-2.14.0+cu130
gpt2	torch-compile-ro	cold	1	93	2079.7			torch-2.14.0+cu130
gpt2	torch-compile-ro	cold	1	94	2096.4			torch-2.14.0+cu130
gpt2	torch-compile-ro	cold	1	95	2104.8			torch-2.14.0+cu130
gpt2	torch-compile-ro	cold	1	96	2078.5			torch-2.14.0+cu130
gpt2	torch-compile-ro	cold	1	97	2085.2			torch-2.14.0+cu130
gpt2	torch-compile-ro	cold	1	98	2084.3			torch-2.14.0+cu130
gpt2	torch-compile-ro	cold	1	99	2091.4			torch-2.14.0+cu130
gpt2	torch-compile-ro	cold	1	100	2072.1			torch-2.14.0+cu130
gpt2	torch-compile-ro	cold	1	101	2081.4			torch-2.14.0+cu130
gpt2	torch-compile-ro	cold	1	102	2097.1			torch-2.14.0+cu130
gpt2	torch-compile-ro	cold	1	103	2074.5			torch-2.14.0+cu130
gpt2	torch-compile-ro	cold	1	104	2077.8			torch-2.14.0+cu130
gpt2	torch-compile-ro	cold	1	105	2091.4			torch-2.14.0+cu130
gpt2	torch-compile-ro	cold	1	106	2095.0			torch-2.14.0+cu130
gpt2	torch-compile-ro	cold	1	107	2070.9			torch-2.14.0+cu130
gpt2	torch-compile-ro	cold	1	108	2091.4			torch-2.14.0+cu130
gpt2	torch-compile-ro	cold	1	109	2077.8			torch-2.14.0+cu130
gpt2	torch-compile-ro	cold	1	110	2080.4			torch-2.14.0+cu130
gpt2	torch-compile-ro	cold	1	111	2083.3			torch-2.14.0+cu130
gpt2	torch-compile-ro	cold	1	112	2088.1			torch-2.14.0+cu130
gpt2	torch-compile-ro	cold	1	113	2105.0			torch-2.14.0+cu130
gpt2	torch-compile-ro	cold	1	114	2074.7			torch-2.14.0+cu130
gpt2	torch-compile-ro	cold	1	115	2139.3			torch-2.14.0+cu130
gpt2	torch-compile-ro	cold	1	116	2089.0			torch-2.14.0+cu130
gpt2	torch-compile-ro	cold	1	117	2094.0			torch-2.14.0+cu130
gpt2	torch-compile-ro	cold	1	118	2078.8			torch-2.14.0+cu130
gpt2	torch-compile-ro	cold	1	119	2145.8			torch-2.14.0+cu130
gpt2	torch-compile-ro	cold	1	120	2084.3			torch-2.14.0+cu130
gpt2	torch-compile-ro	cold	1	121	2103.6			torch-2.14.0+cu130
gpt2	torch-compile-ro	cold	1	122	2083.1			torch-2.14.0+cu130
gpt2	torch-compile-ro	cold	1	123	2074.5			torch-2.14.0+cu130
gpt2	torch-compile-ro	cold	1	124	2081.2			torch-2.14.0+cu130
gpt2	torch-compile-ro	cold	1	125	2074.5			torch-2.14.0+cu130
gpt2	torch-compile-ro	cold	1	126	2077.8			torch-2.14.0+cu130
gpt2	torch-compile-ro	cold	1	127	2101.4			torch-2.14.0+cu130
gpt2	torch-compile-ro	cold	1	128	2072.6			torch-2.14.0+cu130
gpt2	torch-compile-ro	cold	1	129	2070.9			torch-2.14.0+cu130
gpt2	torch-compile-ro	cold	1	130	2077.1			torch-2.14.0+cu130
gpt2	torch-compile-ro	cold	1	131	2077.3			torch-2.14.0+cu130
gpt2	torch-compile-ro	cold	1	132	2153.2			torch-2.14.0+cu130
gpt2	torch-compile-ro	cold	1	133	2077.1			torch-2.14.0+cu130
gpt2	torch-compile-ro	cold	1	134	2104.8			torch-2.14.0+cu130
gpt2	torch-compile-ro	cold	1	135	2082.1			torch-2.14.0+cu130
gpt2	torch-compile-ro	cold	1	136	2080.0			torch-2.14.0+cu130
gpt2	torch-compile-ro	cold	1	137	2080.4			torch-2.14.0+cu130
gpt2	torch-compile-ro	cold	1	138	2077.1			torch-2.14.0+cu130
gpt2	torch-compile-ro	cold	1	139	2089.5			torch-2.14.0+cu130
gpt2	torch-compile-ro	cold	1	140	2095.7			torch-2.14.0+cu130
gpt2	torch-compile-ro	cold	1	141	2083.8			torch-2.14.0+cu130
gpt2	torch-compile-ro	cold	1	142	2086.2			torch-2.14.0+cu130
gpt2	torch-compile-ro	cold	1	143	2102.9			torch-2.14.0+cu130
gpt2	torch-compile-ro	cold	1	144	2140.5			torch-2.14.0+cu130
gpt2	torch-compile-ro	cold	1	145	2099.3			torch-2.14.0+cu130
gpt2	torch-compile-ro	cold	1	146	2143.9			torch-2.14.0+cu130
gpt2	torch-compile-ro	cold	1	147	2089.3			torch-2.14.0+cu130
gpt2	torch-compile-ro	cold	1	148	2095.7			torch-2.14.0+cu130
gpt2	torch-compile-ro	cold	1	149	2135.3			torch-2.14.0+cu130
gpt2	torch-compile-ro	cold	1	150	2121.9			torch-2.14.0+cu130
gpt2	torch-compile-ro	cold	1	151	2086.9			torch-2.14.0+cu130
gpt2	torch-compile-ro	cold	1	152	2137.7			torch-2.14.0+cu130
gpt2	torch-compile-ro	cold	1	153	2102.9			torch-2.14.0+cu130
gpt2	torch-compile-ro	cold	1	154	2100.9			torch-2.14.0+cu130
gpt2	torch-compile-ro	cold	1	155	2103.6			torch-2.14.0+cu130
gpt2	torch-compile-ro	cold	1	156	2107.4			torch-2.14.0+cu130
gpt2	torch-compile-ro	cold	1	157	2138.4			torch-2.14.0+cu130
gpt2	torch-compile-ro	cold	1	158	2090.5			torch-2.14.0+cu130
gpt2	torch-compile-ro	cold	1	159	2096.4			torch-2.14.0+cu130
gpt2	torch-compile-ro	cold	1	160	2074.7			torch-2.14.0+cu130
gpt2	torch-compile-ro	cold	1	161	2115.0			torch-2.14.0+cu130
gpt2	torch-compile-ro	cold	1	162	2093.1			torch-2.14.0+cu130
gpt2	torch-compile-ro	cold	1	163	2090.0			torch-2.14.0+cu130
gpt2	torch-compile-ro	cold	1	164	2098.6			torch-2.14.0+cu130
gpt2	torch-compile-ro	cold	1	165	2144.8			torch-2.14.0+cu130
gpt2	torch-compile-ro	cold	1	166	2138.9			torch-2.14.0+cu130
gpt2	torch-compile-ro	cold	1	167	2097.4			torch-2.14.0+cu130
gpt2	torch-compile-ro	cold	1	168	2089.7			torch-2.14.0+cu130
gpt2	torch-compile-ro	cold	1	169	2116.7			torch-2.14.0+cu130
gpt2	torch-compile-ro	cold	1	170	2083.8			torch-2.14.0+cu130
gpt2	torch-compile-ro	cold	1	171	2105.5			torch-2.14.0+cu130
gpt2	torch-compile-ro	cold	1	172	2089.0			torch-2.14.0+cu130
gpt2	torch-compile-ro	cold	1	173	2105.5			torch-2.14.0+cu130
gpt2	torch-compile-ro	cold	1	174	2098.1			torch-2.14.0+cu130
gpt2	torch-compile-ro	cold	1	175	2138.9			torch-2.14.0+cu130
gpt2	torch-compile-ro	cold	1	176	2104.0			torch-2.14.0+cu130
gpt2	torch-compile-ro	cold	1	177	2091.6			torch-2.14.0+cu130
gpt2	torch-compile-ro	cold	1	178	2097.1			torch-2.14.0+cu130
gpt2	torch-compile-ro	cold	1	179	2098.8			torch-2.14.0+cu130
gpt2	torch-compile-ro	cold	1	180	2098.6			torch-2.14.0+cu130
gpt2	torch-compile-ro	cold	1	181	2100.0			torch-2.14.0+cu130
gpt2	torch-compile-ro	cold	1	182	2113.3			torch-2.14.0+cu130
gpt2	torch-compile-ro	cold	1	183	2144.1			torch-2.14.0+cu130
gpt2	torch-compile-ro	cold	1	184	2106.0			torch-2.14.0+cu130
gpt2	torch-compile-ro	cold	1	185	2091.9			torch-2.14.0+cu130
gpt2	torch-compile-ro	cold	1	186	2145.1			torch-2.14.0+cu130
gpt2	torch-compile-ro	cold	1	187	2100.9			torch-2.14.0+cu130
gpt2	torch-compile-ro	cold	1	188	2151.3			torch-2.14.0+cu130
gpt2	torch-compile-ro	cold	1	189	2069.5			torch-2.14.0+cu130
gpt2	torch-compile-ro	cold	1	190	2110.5			torch-2.14.0+cu130
gpt2	torch-compile-ro	cold	1	191	2140.8			torch-2.14.0+cu130
gpt2	torch-compile-ro	cold	1	192	2080.4			torch-2.14.0+cu130
gpt2	torch-compile-ro	cold	1	193	2087.8			torch-2.14.0+cu130
gpt2	torch-compile-ro	cold	1	194	2108.1			torch-2.14.0+cu130
gpt2	torch-compile-ro	cold	1	195	2115.2			torch-2.14.0+cu130
gpt2	torch-compile-ro	cold	1	196	2102.1			torch-2.14.0+cu130
gpt2	torch-compile-ro	cold	1	197	2097.1			torch-2.14.0+cu130
gpt2	torch-compile-ro	cold	1	198	2104.0			torch-2.14.0+cu130
gpt2	torch-compile-ro	cold	1	199	2098.6			torch-2.14.0+cu130
gpt2	torch-compile-ro	cold	1	200	2097.1			torch-2.14.0+cu130
gpt2	torch-compile-ro	cold	1	201	2075.4			torch-2.14.0+cu130
gpt2	torch-compile-ro	cold	1	202	2093.6			torch-2.14.0+cu130
gpt2	torch-compile-ro	cold	1	203	2093.8			torch-2.14.0+cu130
gpt2	torch-compile-ro	cold	1	204	2094.3			torch-2.14.0+cu130
gpt2	torch-compile-ro	cold	1	205	2103.6			torch-2.14.0+cu130
gpt2	torch-compile-ro	cold	1	206	2105.5			torch-2.14.0+cu130
gpt2	torch-compile-ro	cold	1	207	2093.3			torch-2.14.0+cu130
gpt2	torch-compile-ro	cold	1	208	2083.3			torch-2.14.0+cu130
gpt2	torch-compile-ro	cold	1	209	2094.7			torch-2.14.0+cu130
gpt2	torch-compile-ro	cold	1	210	2140.5			torch-2.14.0+cu130
gpt2	torch-compile-ro	cold	1	211	2083.3			torch-2.14.0+cu130
gpt2	torch-compile-ro	cold	1	212	2082.3			torch-2.14.0+cu130
gpt2	torch-compile-ro	cold	1	213	2090.7			torch-2.14.0+cu130
gpt2	torch-compile-ro	cold	1	214	2078.3			torch-2.14.0+cu130
gpt2	torch-compile-ro	cold	1	215	2088.1			torch-2.14.0+cu130
gpt2	torch-compile-ro	cold	1	216	2092.4			torch-2.14.0+cu130
gpt2	torch-compile-ro	cold	1	217	2153.6			torch-2.14.0+cu130
gpt2	torch-compile-ro	cold	1	218	2076.4			torch-2.14.0+cu130
gpt2	torch-compile-ro	cold	1	219	2152.4			torch-2.14.0+cu130
gpt2	torch-compile-ro	cold	1	220	2089.5			torch-2.14.0+cu130
gpt2	torch-compile-ro	cold	1	221	2109.3			torch-2.14.0+cu130
gpt2	torch-compile-ro	cold	1	222	2121.9			torch-2.14.0+cu130
gpt2	torch-compile-ro	cold	1	223	2116.9			torch-2.14.0+cu130
gpt2	torch-compile-ro	cold	1	224	2093.8			torch-2.14.0+cu130
gpt2	torch-compile-ro	cold	1	225	2124.8			torch-2.14.0+cu130
gpt2	torch-compile-ro	cold	1	226	2107.6			torch-2.14.0+cu130
gpt2	torch-compile-ro	cold	1	227	2136.7			torch-2.14.0+cu130
gpt2	torch-compile-ro	cold	1	228	2112.4			torch-2.14.0+cu130
gpt2	torch-compile-ro	cold	1	229	2079.5			torch-2.14.0+cu130
gpt2	torch-compile-ro	cold	1	230	2083.5			torch-2.14.0+cu130
gpt2	torch-compile-ro	cold	1	231	2085.4			torch-2.14.0+cu130
gpt2	torch-compile-ro	cold	1	232	2093.3			torch-2.14.0+cu130
gpt2	torch-compile-ro	cold	1	233	2092.8			torch-2.14.0+cu130
gpt2	torch-compile-ro	cold	1	234	2079.0			torch-2.14.0+cu130
gpt2	torch-compile-ro	cold	1	235	2111.0			torch-2.14.0+cu130
gpt2	torch-compile-ro	cold	1	236	2100.0			torch-2.14.0+cu130
gpt2	torch-compile-ro	cold	1	237	2140.3			torch-2.14.0+cu130
gpt2	torch-compile-ro	cold	1	238	2089.7			torch-2.14.0+cu130
gpt2	torch-compile-ro	cold	1	239	2098.8			torch-2.14.0+cu130
gpt2	torch-compile-ro	cold	1	240	2107.1			torch-2.14.0+cu130
gpt2	torch-compile-ro	cold	1	241	2093.1			torch-2.14.0+cu130
gpt2	torch-compile-ro	cold	1	242	2092.8			torch-2.14.0+cu130
gpt2	torch-compile-ro	cold	1	243	2088.5			torch-2.14.0+cu130
gpt2	torch-compile-ro	cold	1	244	2092.1			torch-2.14.0+cu130
gpt2	torch-compile-ro	cold	1	245	2096.4			torch-2.14.0+cu130
gpt2	torch-compile-ro	cold	1	246	2091.9			torch-2.14.0+cu130
gpt2	torch-compile-ro	cold	1	247	2100.0			torch-2.14.0+cu130
gpt2	torch-compile-ro	cold	1	248	2097.6			torch-2.14.0+cu130
gpt2	torch-compile-ro	cold	1	249	2088.5			torch-2.14.0+cu130
gpt2	torch-compile-ro	cold	1	250	2101.2			torch-2.14.0+cu130
gpt2	torch-compile-ro	cold	1	251	2099.8			torch-2.14.0+cu130
gpt2	torch-compile-ro	cold	1	252	2092.6			torch-2.14.0+cu130
gpt2	torch-compile-ro	cold	1	253	2088.1			torch-2.14.0+cu130
gpt2	torch-compile-ro	cold	1	254	2118.1			torch-2.14.0+cu130
gpt2	torch-compile-ro	cold	1	255	2147.0			torch-2.14.0+cu130
gpt2	torch-compile-ro	cold	1	256	2104.8			torch-2.14.0+cu130
gpt2	torch-compile-ro	cold	1	257	2120.0			torch-2.14.0+cu130
gpt2	torch-compile-ro	cold	1	258	2117.6			torch-2.14.0+cu130
gpt2	torch-compile-ro	cold	1	259	2108.6			torch-2.14.0+cu130
gpt2	torch-compile-ro	cold	1	260	2144.6			torch-2.14.0+cu130
gpt2	torch-compile-ro	cold	1	261	2100.9			torch-2.14.0+cu130
gpt2	torch-compile-ro	cold	1	262	2086.4			torch-2.14.0+cu130
gpt2	torch-compile-ro	cold	1	263	2142.2			torch-2.14.0+cu130
gpt2	torch-compile-ro	cold	1	264	2107.1			torch-2.14.0+cu130
gpt2	torch-compile-ro	cold	1	265	2084.0			torch-2.14.0+cu130
gpt2	torch-compile-ro	cold	1	266	2088.3			torch-2.14.0+cu130
gpt2	torch-compile-ro	cold	1	267	2098.1			torch-2.14.0+cu130
gpt2	torch-compile-ro	cold	1	268	2079.0			torch-2.14.0+cu130
gpt2	torch-compile-ro	cold	1	269	2092.6			torch-2.14.0+cu130
gpt2	torch-compile-ro	cold	1	270	2082.6			torch-2.14.0+cu130
gpt2	torch-compile-ro	cold	1	271	2149.6			torch-2.14.0+cu130
gpt2	torch-compile-ro	cold	1	272	2137.7			torch-2.14.0+cu130
gpt2	torch-compile-ro	cold	1	273	2121.4			torch-2.14.0+cu130
gpt2	torch-compile-ro	cold	1	274	2085.9			torch-2.14.0+cu130
gpt2	torch-compile-ro	cold	1	275	2094.5			torch-2.14.0+cu130
gpt2	torch-compile-ro	cold	1	276	2091.9			torch-2.14.0+cu130
gpt2	torch-compile-ro	cold	1	277	2114.5			torch-2.14.0+cu130
gpt2	torch-compile-ro	cold	1	278	2092.6			torch-2.14.0+cu130
gpt2	torch-compile-ro	cold	1	279	2143.9			torch-2.14.0+cu130
gpt2	torch-compile-ro	cold	1	280	2116.9			torch-2.14.0+cu130
gpt2	torch-compile-ro	cold	1	281	2125.0			torch-2.14.0+cu130
gpt2	torch-compile-ro	cold	1	282	2120.3			torch-2.14.0+cu130
gpt2	torch-compile-ro	cold	1	283	2082.3			torch-2.14.0+cu130
gpt2	torch-compile-ro	cold	1	284	2133.8			torch-2.14.0+cu130
gpt2	torch-compile-ro	cold	1	285	2081.9			torch-2.14.0+cu130
gpt2	torch-compile-ro	cold	1	286	2106.0			torch-2.14.0+cu130
gpt2	torch-compile-ro	cold	1	287	2079.7			torch-2.14.0+cu130
gpt2	torch-compile-ro	cold	1	288	2132.2			torch-2.14.0+cu130
gpt2	torch-compile-ro	cold	1	289	2083.1			torch-2.14.0+cu130
gpt2	torch-compile-ro	cold	1	290	2149.6			torch-2.14.0+cu130
gpt2	torch-compile-ro	cold	1	291	2082.6			torch-2.14.0+cu130
gpt2	torch-compile-ro	cold	1	292	2144.1			torch-2.14.0+cu130
gpt2	torch-compile-ro	cold	1	293	2147.0			torch-2.14.0+cu130
gpt2	torch-compile-ro	cold	1	294	2087.1			torch-2.14.0+cu130
gpt2	torch-compile-ro	cold	1	295	2104.8			torch-2.14.0+cu130
gpt2	torch-compile-ro	cold	1	296	2092.1			torch-2.14.0+cu130
gpt2	torch-compile-ro	cold	1	297	2102.4			torch-2.14.0+cu130
gpt2	torch-compile-ro	cold	1	298	2107.1			torch-2.14.0+cu130
gpt2	torch-compile-ro	cold	1	299	2106.7			torch-2.14.0+cu130
gpt2	jax	cold	1	0	8593.1			jax-0.11.1
gpt2	jax	cold	1	1	2227.0			jax-0.11.1
gpt2	jax	cold	1	2	2193.0			jax-0.11.1
gpt2	jax	cold	1	3	1999.5			jax-0.11.1
gpt2	jax	cold	1	4	2022.9			jax-0.11.1
gpt2	jax	cold	1	5	1987.4			jax-0.11.1
gpt2	jax	cold	1	6	2010.4			jax-0.11.1
gpt2	jax	cold	1	7	2012.3			jax-0.11.1
gpt2	jax	cold	1	8	2016.9			jax-0.11.1
gpt2	jax	cold	1	9	2011.7			jax-0.11.1
gpt2	jax	cold	1	10	2000.7			jax-0.11.1
gpt2	jax	cold	1	11	2001.7			jax-0.11.1
gpt2	jax	cold	1	12	1988.1			jax-0.11.1
gpt2	jax	cold	1	13	1999.3			jax-0.11.1
gpt2	jax	cold	1	14	1967.8			jax-0.11.1
gpt2	jax	cold	1	15	1995.2			jax-0.11.1
gpt2	jax	cold	1	16	1994.9			jax-0.11.1
gpt2	jax	cold	1	17	2000.1			jax-0.11.1
gpt2	jax	cold	1	18	2001.1			jax-0.11.1
gpt2	jax	cold	1	19	1997.0			jax-0.11.1
gpt2	jax	cold	1	20	1978.4			jax-0.11.1
gpt2	jax	cold	1	21	1997.1			jax-0.11.1
gpt2	jax	cold	1	22	2008.8			jax-0.11.1
gpt2	jax	cold	1	23	1988.6			jax-0.11.1
gpt2	jax	cold	1	24	2011.8			jax-0.11.1
gpt2	jax	cold	1	25	2006.2			jax-0.11.1
gpt2	jax	cold	1	26	2004.5			jax-0.11.1
gpt2	jax	cold	1	27	1999.8			jax-0.11.1
gpt2	jax	cold	1	28	1999.3			jax-0.11.1
gpt2	jax	cold	1	29	2000.4			jax-0.11.1
gpt2	jax	cold	1	30	2019.8			jax-0.11.1
gpt2	jax	cold	1	31	2003.4			jax-0.11.1
gpt2	jax	cold	1	32	2009.7			jax-0.11.1
gpt2	jax	cold	1	33	1998.3			jax-0.11.1
gpt2	jax	cold	1	34	2004.1			jax-0.11.1
gpt2	jax	cold	1	35	2003.8			jax-0.11.1
gpt2	jax	cold	1	36	1976.0			jax-0.11.1
gpt2	jax	cold	1	37	1977.1			jax-0.11.1
gpt2	jax	cold	1	38	1998.2			jax-0.11.1
gpt2	jax	cold	1	39	2007.4			jax-0.11.1
gpt2	jax	cold	1	40	2014.2			jax-0.11.1
gpt2	jax	cold	1	41	2018.0			jax-0.11.1
gpt2	jax	cold	1	42	2002.7			jax-0.11.1
gpt2	jax	cold	1	43	2005.8			jax-0.11.1
gpt2	jax	cold	1	44	2012.7			jax-0.11.1
gpt2	jax	cold	1	45	2008.9			jax-0.11.1
gpt2	jax	cold	1	46	2002.2			jax-0.11.1
gpt2	jax	cold	1	47	1998.9			jax-0.11.1
gpt2	jax	cold	1	48	2075.3			jax-0.11.1
gpt2	jax	cold	1	49	2252.4			jax-0.11.1
gpt2	jax	cold	1	50	2035.7			jax-0.11.1
gpt2	jax	cold	1	51	2049.9			jax-0.11.1
gpt2	jax	cold	1	52	2070.0			jax-0.11.1
gpt2	jax	cold	1	53	2187.2			jax-0.11.1
gpt2	jax	cold	1	54	1997.3			jax-0.11.1
gpt2	jax	cold	1	55	2000.2			jax-0.11.1
gpt2	jax	cold	1	56	1968.1			jax-0.11.1
gpt2	jax	cold	1	57	1985.4			jax-0.11.1
gpt2	jax	cold	1	58	1985.2			jax-0.11.1
gpt2	jax	cold	1	59	1990.1			jax-0.11.1
gpt2	jax	cold	1	60	2006.0			jax-0.11.1
gpt2	jax	cold	1	61	1993.0			jax-0.11.1
gpt2	jax	cold	1	62	2019.8			jax-0.11.1
gpt2	jax	cold	1	63	1993.2			jax-0.11.1
gpt2	jax	cold	1	64	1979.0			jax-0.11.1
gpt2	jax	cold	1	65	1986.2			jax-0.11.1
gpt2	jax	cold	1	66	1980.8			jax-0.11.1
gpt2	jax	cold	1	67	1979.5			jax-0.11.1
gpt2	jax	cold	1	68	1991.9			jax-0.11.1
gpt2	jax	cold	1	69	1974.0			jax-0.11.1
gpt2	jax	cold	1	70	1930.4			jax-0.11.1
gpt2	jax	cold	1	71	1970.6			jax-0.11.1
gpt2	jax	cold	1	72	1936.6			jax-0.11.1
gpt2	jax	cold	1	73	1913.4			jax-0.11.1
gpt2	jax	cold	1	74	1902.2			jax-0.11.1
gpt2	jax	cold	1	75	1897.1			jax-0.11.1
gpt2	jax	cold	1	76	1908.2			jax-0.11.1
gpt2	jax	cold	1	77	1905.6			jax-0.11.1
gpt2	jax	cold	1	78	1937.5			jax-0.11.1
gpt2	jax	cold	1	79	1928.0			jax-0.11.1
gpt2	jax	cold	1	80	1934.7			jax-0.11.1
gpt2	jax	cold	1	81	1975.5			jax-0.11.1
gpt2	jax	cold	1	82	1903.0			jax-0.11.1
gpt2	jax	cold	1	83	1921.3			jax-0.11.1
gpt2	jax	cold	1	84	1920.5			jax-0.11.1
gpt2	jax	cold	1	85	1912.0			jax-0.11.1
gpt2	jax	cold	1	86	1890.0			jax-0.11.1
gpt2	jax	cold	1	87	1902.7			jax-0.11.1
gpt2	jax	cold	1	88	1883.9			jax-0.11.1
gpt2	jax	cold	1	89	1893.0			jax-0.11.1
gpt2	jax	cold	1	90	1898.4			jax-0.11.1
gpt2	jax	cold	1	91	1918.7			jax-0.11.1
gpt2	jax	cold	1	92	1918.8			jax-0.11.1
gpt2	jax	cold	1	93	1925.0			jax-0.11.1
gpt2	jax	cold	1	94	1936.7			jax-0.11.1
gpt2	jax	cold	1	95	1932.7			jax-0.11.1
gpt2	jax	cold	1	96	1926.0			jax-0.11.1
gpt2	jax	cold	1	97	1944.1			jax-0.11.1
gpt2	jax	cold	1	98	1933.6			jax-0.11.1
gpt2	jax	cold	1	99	1938.5			jax-0.11.1
gpt2	jax	cold	1	100	1932.5			jax-0.11.1
gpt2	jax	cold	1	101	1923.7			jax-0.11.1
gpt2	jax	cold	1	102	1920.7			jax-0.11.1
gpt2	jax	cold	1	103	1937.3			jax-0.11.1
gpt2	jax	cold	1	104	1965.7			jax-0.11.1
gpt2	jax	cold	1	105	1970.2			jax-0.11.1
gpt2	jax	cold	1	106	1957.2			jax-0.11.1
gpt2	jax	cold	1	107	1973.9			jax-0.11.1
gpt2	jax	cold	1	108	1944.1			jax-0.11.1
gpt2	jax	cold	1	109	1936.3			jax-0.11.1
gpt2	jax	cold	1	110	1942.9			jax-0.11.1
gpt2	jax	cold	1	111	1937.1			jax-0.11.1
gpt2	jax	cold	1	112	1931.8			jax-0.11.1
gpt2	jax	cold	1	113	1968.1			jax-0.11.1
gpt2	jax	cold	1	114	1961.4			jax-0.11.1
gpt2	jax	cold	1	115	1980.5			jax-0.11.1
gpt2	jax	cold	1	116	1985.4			jax-0.11.1
gpt2	jax	cold	1	117	1956.0			jax-0.11.1
gpt2	jax	cold	1	118	1958.0			jax-0.11.1
gpt2	jax	cold	1	119	1959.2			jax-0.11.1
gpt2	jax	cold	1	120	1956.1			jax-0.11.1
gpt2	jax	cold	1	121	1963.5			jax-0.11.1
gpt2	jax	cold	1	122	1955.2			jax-0.11.1
gpt2	jax	cold	1	123	1986.4			jax-0.11.1
gpt2	jax	cold	1	124	2319.3			jax-0.11.1
gpt2	jax	cold	1	125	2009.3			jax-0.11.1
gpt2	jax	cold	1	126	2016.9			jax-0.11.1
gpt2	jax	cold	1	127	2031.9			jax-0.11.1
gpt2	jax	cold	1	128	2024.0			jax-0.11.1
gpt2	jax	cold	1	129	2017.4			jax-0.11.1
gpt2	jax	cold	1	130	2026.6			jax-0.11.1
gpt2	jax	cold	1	131	2019.1			jax-0.11.1
gpt2	jax	cold	1	132	2023.3			jax-0.11.1
gpt2	jax	cold	1	133	2009.6			jax-0.11.1
gpt2	jax	cold	1	134	2020.9			jax-0.11.1
gpt2	jax	cold	1	135	2011.0			jax-0.11.1
gpt2	jax	cold	1	136	2031.9			jax-0.11.1
gpt2	jax	cold	1	137	2003.3			jax-0.11.1
gpt2	jax	cold	1	138	2006.0			jax-0.11.1
gpt2	jax	cold	1	139	2007.1			jax-0.11.1
gpt2	jax	cold	1	140	2007.9			jax-0.11.1
gpt2	jax	cold	1	141	2011.2			jax-0.11.1
gpt2	jax	cold	1	142	2014.9			jax-0.11.1
gpt2	jax	cold	1	143	2004.7			jax-0.11.1
gpt2	jax	cold	1	144	2017.8			jax-0.11.1
gpt2	jax	cold	1	145	2005.2			jax-0.11.1
gpt2	jax	cold	1	146	2002.3			jax-0.11.1
gpt2	jax	cold	1	147	1985.5			jax-0.11.1
gpt2	jax	cold	1	148	1982.7			jax-0.11.1
gpt2	jax	cold	1	149	1975.5			jax-0.11.1
gpt2	jax	cold	1	150	1934.2			jax-0.11.1
gpt2	jax	cold	1	151	1939.5			jax-0.11.1
gpt2	jax	cold	1	152	1990.1			jax-0.11.1
gpt2	jax	cold	1	153	1988.0			jax-0.11.1
gpt2	jax	cold	1	154	1971.4			jax-0.11.1
gpt2	jax	cold	1	155	1958.3			jax-0.11.1
gpt2	jax	cold	1	156	1948.6			jax-0.11.1
gpt2	jax	cold	1	157	1946.9			jax-0.11.1
gpt2	jax	cold	1	158	1963.6			jax-0.11.1
gpt2	jax	cold	1	159	1949.5			jax-0.11.1
gpt2	jax	cold	1	160	1933.1			jax-0.11.1
gpt2	jax	cold	1	161	2258.4			jax-0.11.1
gpt2	jax	cold	1	162	2104.8			jax-0.11.1
gpt2	jax	cold	1	163	2024.6			jax-0.11.1
gpt2	jax	cold	1	164	1998.1			jax-0.11.1
gpt2	jax	cold	1	165	1992.7			jax-0.11.1
gpt2	jax	cold	1	166	1992.6			jax-0.11.1
gpt2	jax	cold	1	167	1969.9			jax-0.11.1
gpt2	jax	cold	1	168	1965.8			jax-0.11.1
gpt2	jax	cold	1	169	1954.7			jax-0.11.1
gpt2	jax	cold	1	170	1956.5			jax-0.11.1
gpt2	jax	cold	1	171	1944.9			jax-0.11.1
gpt2	jax	cold	1	172	1948.7			jax-0.11.1
gpt2	jax	cold	1	173	1949.5			jax-0.11.1
gpt2	jax	cold	1	174	1951.0			jax-0.11.1
gpt2	jax	cold	1	175	1952.1			jax-0.11.1
gpt2	jax	cold	1	176	1978.4			jax-0.11.1
gpt2	jax	cold	1	177	1999.3			jax-0.11.1
gpt2	jax	cold	1	178	1993.8			jax-0.11.1
gpt2	jax	cold	1	179	1996.4			jax-0.11.1
gpt2	jax	cold	1	180	1994.0			jax-0.11.1
gpt2	jax	cold	1	181	1972.5			jax-0.11.1
gpt2	jax	cold	1	182	1962.0			jax-0.11.1
gpt2	jax	cold	1	183	1929.7			jax-0.11.1
gpt2	jax	cold	1	184	1958.9			jax-0.11.1
gpt2	jax	cold	1	185	1958.7			jax-0.11.1
gpt2	jax	cold	1	186	1957.9			jax-0.11.1
gpt2	jax	cold	1	187	1954.2			jax-0.11.1
gpt2	jax	cold	1	188	1979.1			jax-0.11.1
gpt2	jax	cold	1	189	1955.7			jax-0.11.1
gpt2	jax	cold	1	190	1954.4			jax-0.11.1
gpt2	jax	cold	1	191	1977.5			jax-0.11.1
gpt2	jax	cold	1	192	1984.6			jax-0.11.1
gpt2	jax	cold	1	193	1950.8			jax-0.11.1
gpt2	jax	cold	1	194	1947.1			jax-0.11.1
gpt2	jax	cold	1	195	1942.6			jax-0.11.1
gpt2	jax	cold	1	196	1940.8			jax-0.11.1
gpt2	jax	cold	1	197	1934.6			jax-0.11.1
gpt2	jax	cold	1	198	1934.9			jax-0.11.1
gpt2	jax	cold	1	199	1899.0			jax-0.11.1
gpt2	jax	cold	1	200	1929.1			jax-0.11.1
gpt2	jax	cold	1	201	1917.4			jax-0.11.1
gpt2	jax	cold	1	202	1940.8			jax-0.11.1
gpt2	jax	cold	1	203	1946.4			jax-0.11.1
gpt2	jax	cold	1	204	1969.0			jax-0.11.1
gpt2	jax	cold	1	205	1952.7			jax-0.11.1
gpt2	jax	cold	1	206	1944.5			jax-0.11.1
gpt2	jax	cold	1	207	1934.6			jax-0.11.1
gpt2	jax	cold	1	208	1935.3			jax-0.11.1
gpt2	jax	cold	1	209	1933.1			jax-0.11.1
gpt2	jax	cold	1	210	1946.4			jax-0.11.1
gpt2	jax	cold	1	211	1933.1			jax-0.11.1
gpt2	jax	cold	1	212	1928.8			jax-0.11.1
gpt2	jax	cold	1	213	1925.8			jax-0.11.1
gpt2	jax	cold	1	214	1937.3			jax-0.11.1
gpt2	jax	cold	1	215	1929.9			jax-0.11.1
gpt2	jax	cold	1	216	1940.5			jax-0.11.1
gpt2	jax	cold	1	217	1941.3			jax-0.11.1
gpt2	jax	cold	1	218	1935.9			jax-0.11.1
gpt2	jax	cold	1	219	1928.0			jax-0.11.1
gpt2	jax	cold	1	220	1937.0			jax-0.11.1
gpt2	jax	cold	1	221	1936.2			jax-0.11.1
gpt2	jax	cold	1	222	1943.2			jax-0.11.1
gpt2	jax	cold	1	223	1946.4			jax-0.11.1
gpt2	jax	cold	1	224	1939.1			jax-0.11.1
gpt2	jax	cold	1	225	1943.9			jax-0.11.1
gpt2	jax	cold	1	226	1935.7			jax-0.11.1
gpt2	jax	cold	1	227	1946.9			jax-0.11.1
gpt2	jax	cold	1	228	1947.7			jax-0.11.1
gpt2	jax	cold	1	229	1947.8			jax-0.11.1
gpt2	jax	cold	1	230	1955.1			jax-0.11.1
gpt2	jax	cold	1	231	1949.8			jax-0.11.1
gpt2	jax	cold	1	232	1949.4			jax-0.11.1
gpt2	jax	cold	1	233	1954.2			jax-0.11.1
gpt2	jax	cold	1	234	1947.4			jax-0.11.1
gpt2	jax	cold	1	235	1948.9			jax-0.11.1
gpt2	jax	cold	1	236	1949.3			jax-0.11.1
gpt2	jax	cold	1	237	1948.9			jax-0.11.1
gpt2	jax	cold	1	238	1970.5			jax-0.11.1
gpt2	jax	cold	1	239	1964.8			jax-0.11.1
gpt2	jax	cold	1	240	1957.5			jax-0.11.1
gpt2	jax	cold	1	241	1959.9			jax-0.11.1
gpt2	jax	cold	1	242	1971.4			jax-0.11.1
gpt2	jax	cold	1	243	1981.7			jax-0.11.1
gpt2	jax	cold	1	244	1992.9			jax-0.11.1
gpt2	jax	cold	1	245	1968.4			jax-0.11.1
gpt2	jax	cold	1	246	1977.6			jax-0.11.1
gpt2	jax	cold	1	247	1973.9			jax-0.11.1
gpt2	jax	cold	1	248	1962.3			jax-0.11.1
gpt2	jax	cold	1	249	1961.3			jax-0.11.1
gpt2	jax	cold	1	250	1965.5			jax-0.11.1
gpt2	jax	cold	1	251	1948.9			jax-0.11.1
gpt2	jax	cold	1	252	1955.3			jax-0.11.1
gpt2	jax	cold	1	253	1952.6			jax-0.11.1
gpt2	jax	cold	1	254	1956.9			jax-0.11.1
gpt2	jax	cold	1	255	1949.0			jax-0.11.1
gpt2	jax	cold	1	256	1950.4			jax-0.11.1
gpt2	jax	cold	1	257	1945.6			jax-0.11.1
gpt2	jax	cold	1	258	1947.0			jax-0.11.1
gpt2	jax	cold	1	259	1951.1			jax-0.11.1
gpt2	jax	cold	1	260	1962.0			jax-0.11.1
gpt2	jax	cold	1	261	1951.2			jax-0.11.1
gpt2	jax	cold	1	262	1960.9			jax-0.11.1
gpt2	jax	cold	1	263	1954.8			jax-0.11.1
gpt2	jax	cold	1	264	1943.7			jax-0.11.1
gpt2	jax	cold	1	265	1952.2			jax-0.11.1
gpt2	jax	cold	1	266	1946.0			jax-0.11.1
gpt2	jax	cold	1	267	1958.2			jax-0.11.1
gpt2	jax	cold	1	268	1961.3			jax-0.11.1
gpt2	jax	cold	1	269	1954.4			jax-0.11.1
gpt2	jax	cold	1	270	1966.1			jax-0.11.1
gpt2	jax	cold	1	271	1953.3			jax-0.11.1
gpt2	jax	cold	1	272	1960.7			jax-0.11.1
gpt2	jax	cold	1	273	1973.0			jax-0.11.1
gpt2	jax	cold	1	274	1967.9			jax-0.11.1
gpt2	jax	cold	1	275	1960.7			jax-0.11.1
gpt2	jax	cold	1	276	1981.0			jax-0.11.1
gpt2	jax	cold	1	277	1973.9			jax-0.11.1
gpt2	jax	cold	1	278	1958.9			jax-0.11.1
gpt2	jax	cold	1	279	1954.2			jax-0.11.1
gpt2	jax	cold	1	280	1958.8			jax-0.11.1
gpt2	jax	cold	1	281	1958.5			jax-0.11.1
gpt2	jax	cold	1	282	1939.5			jax-0.11.1
gpt2	jax	cold	1	283	1933.4			jax-0.11.1
gpt2	jax	cold	1	284	1931.4			jax-0.11.1
gpt2	jax	cold	1	285	1940.2			jax-0.11.1
gpt2	jax	cold	1	286	1945.0			jax-0.11.1
gpt2	jax	cold	1	287	1940.5			jax-0.11.1
gpt2	jax	cold	1	288	1931.1			jax-0.11.1
gpt2	jax	cold	1	289	1941.8			jax-0.11.1
gpt2	jax	cold	1	290	1936.1			jax-0.11.1
gpt2	jax	cold	1	291	1937.1			jax-0.11.1
gpt2	jax	cold	1	292	1941.8			jax-0.11.1
gpt2	jax	cold	1	293	1930.8			jax-0.11.1
gpt2	jax	cold	1	294	1949.2			jax-0.11.1
gpt2	jax	cold	1	295	1956.8			jax-0.11.1
gpt2	jax	cold	1	296	1943.1			jax-0.11.1
gpt2	jax	cold	1	297	1946.2			jax-0.11.1
gpt2	jax	cold	1	298	1951.4			jax-0.11.1
gpt2	jax	cold	1	299	1939.0			jax-0.11.1
gpt2	torch-eager	cold	2	0	148259.9			torch-2.14.0+cu130
gpt2	torch-eager	cold	2	1	6266.6			torch-2.14.0+cu130
gpt2	torch-eager	cold	2	2	5999.3			torch-2.14.0+cu130
gpt2	torch-eager	cold	2	3	5937.3			torch-2.14.0+cu130
gpt2	torch-eager	cold	2	4	5940.9			torch-2.14.0+cu130
gpt2	torch-eager	cold	2	5	5904.4			torch-2.14.0+cu130
gpt2	torch-eager	cold	2	6	5964.5			torch-2.14.0+cu130
gpt2	torch-eager	cold	2	7	5860.1			torch-2.14.0+cu130
gpt2	torch-eager	cold	2	8	5938.3			torch-2.14.0+cu130
gpt2	torch-eager	cold	2	9	5946.6			torch-2.14.0+cu130
gpt2	torch-eager	cold	2	10	5994.6			torch-2.14.0+cu130
gpt2	torch-eager	cold	2	11	5893.0			torch-2.14.0+cu130
gpt2	torch-eager	cold	2	12	5960.7			torch-2.14.0+cu130
gpt2	torch-eager	cold	2	13	5936.6			torch-2.14.0+cu130
gpt2	torch-eager	cold	2	14	5900.1			torch-2.14.0+cu130
gpt2	torch-eager	cold	2	15	5847.5			torch-2.14.0+cu130
gpt2	torch-eager	cold	2	16	5907.3			torch-2.14.0+cu130
gpt2	torch-eager	cold	2	17	5978.6			torch-2.14.0+cu130
gpt2	torch-eager	cold	2	18	6056.1			torch-2.14.0+cu130
gpt2	torch-eager	cold	2	19	6014.8			torch-2.14.0+cu130
gpt2	torch-eager	cold	2	20	5970.2			torch-2.14.0+cu130
gpt2	torch-eager	cold	2	21	5948.8			torch-2.14.0+cu130
gpt2	torch-eager	cold	2	22	5914.0			torch-2.14.0+cu130
gpt2	torch-eager	cold	2	23	5961.9			torch-2.14.0+cu130
gpt2	torch-eager	cold	2	24	5921.4			torch-2.14.0+cu130
gpt2	torch-eager	cold	2	25	5885.4			torch-2.14.0+cu130
gpt2	torch-eager	cold	2	26	5921.8			torch-2.14.0+cu130
gpt2	torch-eager	cold	2	27	5950.5			torch-2.14.0+cu130
gpt2	torch-eager	cold	2	28	5948.3			torch-2.14.0+cu130
gpt2	torch-eager	cold	2	29	5895.6			torch-2.14.0+cu130
gpt2	torch-eager	cold	2	30	6004.3			torch-2.14.0+cu130
gpt2	torch-eager	cold	2	31	5946.9			torch-2.14.0+cu130
gpt2	torch-eager	cold	2	32	5957.8			torch-2.14.0+cu130
gpt2	torch-eager	cold	2	33	5926.4			torch-2.14.0+cu130
gpt2	torch-eager	cold	2	34	6001.2			torch-2.14.0+cu130
gpt2	torch-eager	cold	2	35	5911.8			torch-2.14.0+cu130
gpt2	torch-eager	cold	2	36	5904.0			torch-2.14.0+cu130
gpt2	torch-eager	cold	2	37	6030.3			torch-2.14.0+cu130
gpt2	torch-eager	cold	2	38	5910.9			torch-2.14.0+cu130
gpt2	torch-eager	cold	2	39	5861.3			torch-2.14.0+cu130
gpt2	torch-eager	cold	2	40	5847.7			torch-2.14.0+cu130
gpt2	torch-eager	cold	2	41	5821.0			torch-2.14.0+cu130
gpt2	torch-eager	cold	2	42	5912.8			torch-2.14.0+cu130
gpt2	torch-eager	cold	2	43	5956.4			torch-2.14.0+cu130
gpt2	torch-eager	cold	2	44	5915.6			torch-2.14.0+cu130
gpt2	torch-eager	cold	2	45	5952.6			torch-2.14.0+cu130
gpt2	torch-eager	cold	2	46	5964.8			torch-2.14.0+cu130
gpt2	torch-eager	cold	2	47	6184.1			torch-2.14.0+cu130
gpt2	torch-eager	cold	2	48	5981.4			torch-2.14.0+cu130
gpt2	torch-eager	cold	2	49	5957.1			torch-2.14.0+cu130
gpt2	torch-eager	cold	2	50	5920.4			torch-2.14.0+cu130
gpt2	torch-eager	cold	2	51	6065.1			torch-2.14.0+cu130
gpt2	torch-eager	cold	2	52	5907.8			torch-2.14.0+cu130
gpt2	torch-eager	cold	2	53	5918.3			torch-2.14.0+cu130
gpt2	torch-eager	cold	2	54	5937.8			torch-2.14.0+cu130
gpt2	torch-eager	cold	2	55	5945.4			torch-2.14.0+cu130
gpt2	torch-eager	cold	2	56	5999.8			torch-2.14.0+cu130
gpt2	torch-eager	cold	2	57	5998.8			torch-2.14.0+cu130
gpt2	torch-eager	cold	2	58	5964.0			torch-2.14.0+cu130
gpt2	torch-eager	cold	2	59	5958.8			torch-2.14.0+cu130
gpt2	torch-eager	cold	2	60	5943.1			torch-2.14.0+cu130
gpt2	torch-eager	cold	2	61	5881.5			torch-2.14.0+cu130
gpt2	torch-eager	cold	2	62	5965.0			torch-2.14.0+cu130
gpt2	torch-eager	cold	2	63	5912.5			torch-2.14.0+cu130
gpt2	torch-eager	cold	2	64	5983.6			torch-2.14.0+cu130
gpt2	torch-eager	cold	2	65	5918.7			torch-2.14.0+cu130
gpt2	torch-eager	cold	2	66	5912.8			torch-2.14.0+cu130
gpt2	torch-eager	cold	2	67	5901.8			torch-2.14.0+cu130
gpt2	torch-eager	cold	2	68	5895.6			torch-2.14.0+cu130
gpt2	torch-eager	cold	2	69	5822.2			torch-2.14.0+cu130
gpt2	torch-eager	cold	2	70	5858.7			torch-2.14.0+cu130
gpt2	torch-eager	cold	2	71	5973.6			torch-2.14.0+cu130
gpt2	torch-eager	cold	2	72	6070.6			torch-2.14.0+cu130
gpt2	torch-eager	cold	2	73	5974.8			torch-2.14.0+cu130
gpt2	torch-eager	cold	2	74	5931.1			torch-2.14.0+cu130
gpt2	torch-eager	cold	2	75	5911.6			torch-2.14.0+cu130
gpt2	torch-eager	cold	2	76	5891.3			torch-2.14.0+cu130
gpt2	torch-eager	cold	2	77	5943.8			torch-2.14.0+cu130
gpt2	torch-eager	cold	2	78	5924.2			torch-2.14.0+cu130
gpt2	torch-eager	cold	2	79	6037.2			torch-2.14.0+cu130
gpt2	torch-eager	cold	2	80	5937.8			torch-2.14.0+cu130
gpt2	torch-eager	cold	2	81	5890.1			torch-2.14.0+cu130
gpt2	torch-eager	cold	2	82	5906.6			torch-2.14.0+cu130
gpt2	torch-eager	cold	2	83	5900.6			torch-2.14.0+cu130
gpt2	torch-eager	cold	2	84	5921.6			torch-2.14.0+cu130
gpt2	torch-eager	cold	2	85	5834.8			torch-2.14.0+cu130
gpt2	torch-eager	cold	2	86	5944.5			torch-2.14.0+cu130
gpt2	torch-eager	cold	2	87	5882.0			torch-2.14.0+cu130
gpt2	torch-eager	cold	2	88	5968.8			torch-2.14.0+cu130
gpt2	torch-eager	cold	2	89	5919.7			torch-2.14.0+cu130
gpt2	torch-eager	cold	2	90	5873.9			torch-2.14.0+cu130
gpt2	torch-eager	cold	2	91	5918.3			torch-2.14.0+cu130
gpt2	torch-eager	cold	2	92	5874.6			torch-2.14.0+cu130
gpt2	torch-eager	cold	2	93	5884.9			torch-2.14.0+cu130
gpt2	torch-eager	cold	2	94	5921.4			torch-2.14.0+cu130
gpt2	torch-eager	cold	2	95	5839.8			torch-2.14.0+cu130
gpt2	torch-eager	cold	2	96	5961.4			torch-2.14.0+cu130
gpt2	torch-eager	cold	2	97	5976.4			torch-2.14.0+cu130
gpt2	torch-eager	cold	2	98	5967.4			torch-2.14.0+cu130
gpt2	torch-eager	cold	2	99	5939.2			torch-2.14.0+cu130
gpt2	torch-eager	cold	2	100	6617.3			torch-2.14.0+cu130
gpt2	torch-eager	cold	2	101	6326.4			torch-2.14.0+cu130
gpt2	torch-eager	cold	2	102	6364.6			torch-2.14.0+cu130
gpt2	torch-eager	cold	2	103	6318.3			torch-2.14.0+cu130
gpt2	torch-eager	cold	2	104	6358.4			torch-2.14.0+cu130
gpt2	torch-eager	cold	2	105	6358.4			torch-2.14.0+cu130
gpt2	torch-eager	cold	2	106	6372.2			torch-2.14.0+cu130
gpt2	torch-eager	cold	2	107	6396.8			torch-2.14.0+cu130
gpt2	torch-eager	cold	2	108	6422.0			torch-2.14.0+cu130
gpt2	torch-eager	cold	2	109	6316.7			torch-2.14.0+cu130
gpt2	torch-eager	cold	2	110	6333.6			torch-2.14.0+cu130
gpt2	torch-eager	cold	2	111	6289.7			torch-2.14.0+cu130
gpt2	torch-eager	cold	2	112	6373.2			torch-2.14.0+cu130
gpt2	torch-eager	cold	2	113	6323.8			torch-2.14.0+cu130
gpt2	torch-eager	cold	2	114	6302.6			torch-2.14.0+cu130
gpt2	torch-eager	cold	2	115	6253.0			torch-2.14.0+cu130
gpt2	torch-eager	cold	2	116	6287.6			torch-2.14.0+cu130
gpt2	torch-eager	cold	2	117	6315.2			torch-2.14.0+cu130
gpt2	torch-eager	cold	2	118	6282.3			torch-2.14.0+cu130
gpt2	torch-eager	cold	2	119	6243.9			torch-2.14.0+cu130
gpt2	torch-eager	cold	2	120	6257.3			torch-2.14.0+cu130
gpt2	torch-eager	cold	2	121	6367.7			torch-2.14.0+cu130
gpt2	torch-eager	cold	2	122	6372.2			torch-2.14.0+cu130
gpt2	torch-eager	cold	2	123	6361.2			torch-2.14.0+cu130
gpt2	torch-eager	cold	2	124	6309.3			torch-2.14.0+cu130
gpt2	torch-eager	cold	2	125	6296.6			torch-2.14.0+cu130
gpt2	torch-eager	cold	2	126	6264.7			torch-2.14.0+cu130
gpt2	torch-eager	cold	2	127	6363.2			torch-2.14.0+cu130
gpt2	torch-eager	cold	2	128	6250.9			torch-2.14.0+cu130
gpt2	torch-eager	cold	2	129	6317.1			torch-2.14.0+cu130
gpt2	torch-eager	cold	2	130	6276.6			torch-2.14.0+cu130
gpt2	torch-eager	cold	2	131	6302.4			torch-2.14.0+cu130
gpt2	torch-eager	cold	2	132	6337.2			torch-2.14.0+cu130
gpt2	torch-eager	cold	2	133	6315.7			torch-2.14.0+cu130
gpt2	torch-eager	cold	2	134	6298.8			torch-2.14.0+cu130
gpt2	torch-eager	cold	2	135	6258.2			torch-2.14.0+cu130
gpt2	torch-eager	cold	2	136	6238.2			torch-2.14.0+cu130
gpt2	torch-eager	cold	2	137	6323.6			torch-2.14.0+cu130
gpt2	torch-eager	cold	2	138	6318.6			torch-2.14.0+cu130
gpt2	torch-eager	cold	2	139	6261.3			torch-2.14.0+cu130
gpt2	torch-eager	cold	2	140	6275.4			torch-2.14.0+cu130
gpt2	torch-eager	cold	2	141	6211.0			torch-2.14.0+cu130
gpt2	torch-eager	cold	2	142	6310.5			torch-2.14.0+cu130
gpt2	torch-eager	cold	2	143	6267.3			torch-2.14.0+cu130
gpt2	torch-eager	cold	2	144	6223.0			torch-2.14.0+cu130
gpt2	torch-eager	cold	2	145	6350.0			torch-2.14.0+cu130
gpt2	torch-eager	cold	2	146	6236.6			torch-2.14.0+cu130
gpt2	torch-eager	cold	2	147	6379.8			torch-2.14.0+cu130
gpt2	torch-eager	cold	2	148	6432.5			torch-2.14.0+cu130
gpt2	torch-eager	cold	2	149	6350.3			torch-2.14.0+cu130
gpt2	torch-eager	cold	2	150	6321.0			torch-2.14.0+cu130
gpt2	torch-eager	cold	2	151	6243.5			torch-2.14.0+cu130
gpt2	torch-eager	cold	2	152	6063.2			torch-2.14.0+cu130
gpt2	torch-eager	cold	2	153	5997.7			torch-2.14.0+cu130
gpt2	torch-eager	cold	2	154	5848.4			torch-2.14.0+cu130
gpt2	torch-eager	cold	2	155	5844.6			torch-2.14.0+cu130
gpt2	torch-eager	cold	2	156	5898.7			torch-2.14.0+cu130
gpt2	torch-eager	cold	2	157	5521.3			torch-2.14.0+cu130
gpt2	torch-eager	cold	2	158	5415.2			torch-2.14.0+cu130
gpt2	torch-eager	cold	2	159	5245.7			torch-2.14.0+cu130
gpt2	torch-eager	cold	2	160	5314.6			torch-2.14.0+cu130
gpt2	torch-eager	cold	2	161	5245.0			torch-2.14.0+cu130
gpt2	torch-eager	cold	2	162	5388.3			torch-2.14.0+cu130
gpt2	torch-eager	cold	2	163	5237.1			torch-2.14.0+cu130
gpt2	torch-eager	cold	2	164	5329.1			torch-2.14.0+cu130
gpt2	torch-eager	cold	2	165	5272.6			torch-2.14.0+cu130
gpt2	torch-eager	cold	2	166	5261.2			torch-2.14.0+cu130
gpt2	torch-eager	cold	2	167	5270.2			torch-2.14.0+cu130
gpt2	torch-eager	cold	2	168	5337.5			torch-2.14.0+cu130
gpt2	torch-eager	cold	2	169	5450.7			torch-2.14.0+cu130
gpt2	torch-eager	cold	2	170	5343.9			torch-2.14.0+cu130
gpt2	torch-eager	cold	2	171	5329.4			torch-2.14.0+cu130
gpt2	torch-eager	cold	2	172	5285.0			torch-2.14.0+cu130
gpt2	torch-eager	cold	2	173	5256.9			torch-2.14.0+cu130
gpt2	torch-eager	cold	2	174	5268.3			torch-2.14.0+cu130
gpt2	torch-eager	cold	2	175	5264.8			torch-2.14.0+cu130
gpt2	torch-eager	cold	2	176	5328.2			torch-2.14.0+cu130
gpt2	torch-eager	cold	2	177	5444.0			torch-2.14.0+cu130
gpt2	torch-eager	cold	2	178	5416.4			torch-2.14.0+cu130
gpt2	torch-eager	cold	2	179	5374.2			torch-2.14.0+cu130
gpt2	torch-eager	cold	2	180	5352.0			torch-2.14.0+cu130
gpt2	torch-eager	cold	2	181	6139.0			torch-2.14.0+cu130
gpt2	torch-eager	cold	2	182	6303.3			torch-2.14.0+cu130
gpt2	torch-eager	cold	2	183	5386.6			torch-2.14.0+cu130
gpt2	torch-eager	cold	2	184	5350.4			torch-2.14.0+cu130
gpt2	torch-eager	cold	2	185	5354.9			torch-2.14.0+cu130
gpt2	torch-eager	cold	2	186	5320.8			torch-2.14.0+cu130
gpt2	torch-eager	cold	2	187	5304.1			torch-2.14.0+cu130
gpt2	torch-eager	cold	2	188	5336.5			torch-2.14.0+cu130
gpt2	torch-eager	cold	2	189	5327.0			torch-2.14.0+cu130
gpt2	torch-eager	cold	2	190	5394.7			torch-2.14.0+cu130
gpt2	torch-eager	cold	2	191	5341.3			torch-2.14.0+cu130
gpt2	torch-eager	cold	2	192	5345.8			torch-2.14.0+cu130
gpt2	torch-eager	cold	2	193	5338.7			torch-2.14.0+cu130
gpt2	torch-eager	cold	2	194	5330.6			torch-2.14.0+cu130
gpt2	torch-eager	cold	2	195	5346.1			torch-2.14.0+cu130
gpt2	torch-eager	cold	2	196	5330.1			torch-2.14.0+cu130
gpt2	torch-eager	cold	2	197	5363.5			torch-2.14.0+cu130
gpt2	torch-eager	cold	2	198	5319.1			torch-2.14.0+cu130
gpt2	torch-eager	cold	2	199	5322.0			torch-2.14.0+cu130
gpt2	torch-eager	cold	2	200	5315.1			torch-2.14.0+cu130
gpt2	torch-eager	cold	2	201	5337.7			torch-2.14.0+cu130
gpt2	torch-eager	cold	2	202	5311.0			torch-2.14.0+cu130
gpt2	torch-eager	cold	2	203	5371.1			torch-2.14.0+cu130
gpt2	torch-eager	cold	2	204	5356.6			torch-2.14.0+cu130
gpt2	torch-eager	cold	2	205	5311.3			torch-2.14.0+cu130
gpt2	torch-eager	cold	2	206	5308.6			torch-2.14.0+cu130
gpt2	torch-eager	cold	2	207	5296.0			torch-2.14.0+cu130
gpt2	torch-eager	cold	2	208	5326.0			torch-2.14.0+cu130
gpt2	torch-eager	cold	2	209	5297.4			torch-2.14.0+cu130
gpt2	torch-eager	cold	2	210	5351.1			torch-2.14.0+cu130
gpt2	torch-eager	cold	2	211	5283.1			torch-2.14.0+cu130
gpt2	torch-eager	cold	2	212	5280.7			torch-2.14.0+cu130
gpt2	torch-eager	cold	2	213	5344.2			torch-2.14.0+cu130
gpt2	torch-eager	cold	2	214	5306.7			torch-2.14.0+cu130
gpt2	torch-eager	cold	2	215	5274.8			torch-2.14.0+cu130
gpt2	torch-eager	cold	2	216	5343.0			torch-2.14.0+cu130
gpt2	torch-eager	cold	2	217	5327.5			torch-2.14.0+cu130
gpt2	torch-eager	cold	2	218	5356.6			torch-2.14.0+cu130
gpt2	torch-eager	cold	2	219	5327.5			torch-2.14.0+cu130
gpt2	torch-eager	cold	2	220	5340.6			torch-2.14.0+cu130
gpt2	torch-eager	cold	2	221	5362.5			torch-2.14.0+cu130
gpt2	torch-eager	cold	2	222	5340.1			torch-2.14.0+cu130
gpt2	torch-eager	cold	2	223	5346.1			torch-2.14.0+cu130
gpt2	torch-eager	cold	2	224	5323.4			torch-2.14.0+cu130
gpt2	torch-eager	cold	2	225	5287.2			torch-2.14.0+cu130
gpt2	torch-eager	cold	2	226	5220.7			torch-2.14.0+cu130
gpt2	torch-eager	cold	2	227	5350.1			torch-2.14.0+cu130
gpt2	torch-eager	cold	2	228	5292.2			torch-2.14.0+cu130
gpt2	torch-eager	cold	2	229	5288.4			torch-2.14.0+cu130
gpt2	torch-eager	cold	2	230	5314.8			torch-2.14.0+cu130
gpt2	torch-eager	cold	2	231	5312.4			torch-2.14.0+cu130
gpt2	torch-eager	cold	2	232	5256.9			torch-2.14.0+cu130
gpt2	torch-eager	cold	2	233	5327.9			torch-2.14.0+cu130
gpt2	torch-eager	cold	2	234	5256.9			torch-2.14.0+cu130
gpt2	torch-eager	cold	2	235	5265.5			torch-2.14.0+cu130
gpt2	torch-eager	cold	2	236	5357.7			torch-2.14.0+cu130
gpt2	torch-eager	cold	2	237	5413.1			torch-2.14.0+cu130
gpt2	torch-eager	cold	2	238	5321.3			torch-2.14.0+cu130
gpt2	torch-eager	cold	2	239	5396.6			torch-2.14.0+cu130
gpt2	torch-eager	cold	2	240	5313.2			torch-2.14.0+cu130
gpt2	torch-eager	cold	2	241	5379.7			torch-2.14.0+cu130
gpt2	torch-eager	cold	2	242	5292.7			torch-2.14.0+cu130
gpt2	torch-eager	cold	2	243	5274.5			torch-2.14.0+cu130
gpt2	torch-eager	cold	2	244	5306.2			torch-2.14.0+cu130
gpt2	torch-eager	cold	2	245	5265.2			torch-2.14.0+cu130
gpt2	torch-eager	cold	2	246	5322.9			torch-2.14.0+cu130
gpt2	torch-eager	cold	2	247	5317.7			torch-2.14.0+cu130
gpt2	torch-eager	cold	2	248	5262.6			torch-2.14.0+cu130
gpt2	torch-eager	cold	2	249	5284.1			torch-2.14.0+cu130
gpt2	torch-eager	cold	2	250	5385.2			torch-2.14.0+cu130
gpt2	torch-eager	cold	2	251	5280.7			torch-2.14.0+cu130
gpt2	torch-eager	cold	2	252	5305.1			torch-2.14.0+cu130
gpt2	torch-eager	cold	2	253	5289.3			torch-2.14.0+cu130
gpt2	torch-eager	cold	2	254	5269.5			torch-2.14.0+cu130
gpt2	torch-eager	cold	2	255	5318.2			torch-2.14.0+cu130
gpt2	torch-eager	cold	2	256	5328.9			torch-2.14.0+cu130
gpt2	torch-eager	cold	2	257	5316.0			torch-2.14.0+cu130
gpt2	torch-eager	cold	2	258	5330.8			torch-2.14.0+cu130
gpt2	torch-eager	cold	2	259	5256.9			torch-2.14.0+cu130
gpt2	torch-eager	cold	2	260	5266.4			torch-2.14.0+cu130
gpt2	torch-eager	cold	2	261	5220.7			torch-2.14.0+cu130
gpt2	torch-eager	cold	2	262	5210.6			torch-2.14.0+cu130
gpt2	torch-eager	cold	2	263	5260.7			torch-2.14.0+cu130
gpt2	torch-eager	cold	2	264	5314.1			torch-2.14.0+cu130
gpt2	torch-eager	cold	2	265	5307.7			torch-2.14.0+cu130
gpt2	torch-eager	cold	2	266	5344.2			torch-2.14.0+cu130
gpt2	torch-eager	cold	2	267	5262.6			torch-2.14.0+cu130
gpt2	torch-eager	cold	2	268	5343.2			torch-2.14.0+cu130
gpt2	torch-eager	cold	2	269	5261.7			torch-2.14.0+cu130
gpt2	torch-eager	cold	2	270	5319.4			torch-2.14.0+cu130
gpt2	torch-eager	cold	2	271	5281.0			torch-2.14.0+cu130
gpt2	torch-eager	cold	2	272	5323.2			torch-2.14.0+cu130
gpt2	torch-eager	cold	2	273	5250.7			torch-2.14.0+cu130
gpt2	torch-eager	cold	2	274	5278.1			torch-2.14.0+cu130
gpt2	torch-eager	cold	2	275	5264.5			torch-2.14.0+cu130
gpt2	torch-eager	cold	2	276	5325.8			torch-2.14.0+cu130
gpt2	torch-eager	cold	2	277	5287.2			torch-2.14.0+cu130
gpt2	torch-eager	cold	2	278	5318.9			torch-2.14.0+cu130
gpt2	torch-eager	cold	2	279	5358.9			torch-2.14.0+cu130
gpt2	torch-eager	cold	2	280	5370.6			torch-2.14.0+cu130
gpt2	torch-eager	cold	2	281	5391.4			torch-2.14.0+cu130
gpt2	torch-eager	cold	2	282	5334.9			torch-2.14.0+cu130
gpt2	torch-eager	cold	2	283	5464.1			torch-2.14.0+cu130
gpt2	torch-eager	cold	2	284	5340.1			torch-2.14.0+cu130
gpt2	torch-eager	cold	2	285	5332.2			torch-2.14.0+cu130
gpt2	torch-eager	cold	2	286	5432.1			torch-2.14.0+cu130
gpt2	torch-eager	cold	2	287	5345.3			torch-2.14.0+cu130
gpt2	torch-eager	cold	2	288	5222.8			torch-2.14.0+cu130
gpt2	torch-eager	cold	2	289	5331.5			torch-2.14.0+cu130
gpt2	torch-eager	cold	2	290	5266.4			torch-2.14.0+cu130
gpt2	torch-eager	cold	2	291	5355.8			torch-2.14.0+cu130
gpt2	torch-eager	cold	2	292	5247.6			torch-2.14.0+cu130
gpt2	torch-eager	cold	2	293	5336.3			torch-2.14.0+cu130
gpt2	torch-eager	cold	2	294	5230.9			torch-2.14.0+cu130
gpt2	torch-eager	cold	2	295	5232.3			torch-2.14.0+cu130
gpt2	torch-eager	cold	2	296	5392.8			torch-2.14.0+cu130
gpt2	torch-eager	cold	2	297	5468.8			torch-2.14.0+cu130
gpt2	torch-eager	cold	2	298	5397.6			torch-2.14.0+cu130
gpt2	torch-eager	cold	2	299	5427.1			torch-2.14.0+cu130
gpt2	ours	cold	2	0	3933602.1	7	327	ddc8008cdeaf
gpt2	ours	cold	2	1	5037.1	0	93	ddc8008cdeaf
gpt2	ours	cold	2	2	3574.1	0	87	ddc8008cdeaf
gpt2	ours	cold	2	3	492837.2	1	113	ddc8008cdeaf
gpt2	ours	cold	2	4	7561.9	0	113	ddc8008cdeaf
gpt2	ours	cold	2	5	5318.9	1	75	ddc8008cdeaf
gpt2	ours	cold	2	6	2131.0	0	75	ddc8008cdeaf
gpt2	ours	cold	2	7	2680.1	0	75	ddc8008cdeaf
gpt2	ours	cold	2	8	2168.2	0	75	ddc8008cdeaf
gpt2	ours	cold	2	9	2121.9	0	75	ddc8008cdeaf
gpt2	ours	cold	2	10	2395.2	0	75	ddc8008cdeaf
gpt2	ours	cold	2	11	2140.0	0	75	ddc8008cdeaf
gpt2	ours	cold	2	12	2122.2	0	75	ddc8008cdeaf
gpt2	ours	cold	2	13	2134.1	0	75	ddc8008cdeaf
gpt2	ours	cold	2	14	2326.0	0	75	ddc8008cdeaf
gpt2	ours	cold	2	15	2120.0	0	75	ddc8008cdeaf
gpt2	ours	cold	2	16	2120.0	0	75	ddc8008cdeaf
gpt2	ours	cold	2	17	2134.8	0	75	ddc8008cdeaf
gpt2	ours	cold	2	18	2157.9	0	75	ddc8008cdeaf
gpt2	ours	cold	2	19	2323.2	0	75	ddc8008cdeaf
gpt2	ours	cold	2	20	2191.1	0	75	ddc8008cdeaf
gpt2	ours	cold	2	21	2155.1	0	75	ddc8008cdeaf
gpt2	ours	cold	2	22	2137.9	0	75	ddc8008cdeaf
gpt2	ours	cold	2	23	2195.1	0	75	ddc8008cdeaf
gpt2	ours	cold	2	24	2126.9	0	75	ddc8008cdeaf
gpt2	ours	cold	2	25	2775.0	0	75	ddc8008cdeaf
gpt2	ours	cold	2	26	2136.0	0	75	ddc8008cdeaf
gpt2	ours	cold	2	27	2151.0	0	75	ddc8008cdeaf
gpt2	ours	cold	2	28	2116.0	0	75	ddc8008cdeaf
gpt2	ours	cold	2	29	2130.0	0	75	ddc8008cdeaf
gpt2	ours	cold	2	30	2141.0	0	75	ddc8008cdeaf
gpt2	ours	cold	2	31	2133.1	0	75	ddc8008cdeaf
gpt2	ours	cold	2	32	2365.1	0	75	ddc8008cdeaf
gpt2	ours	cold	2	33	2120.0	0	75	ddc8008cdeaf
gpt2	ours	cold	2	34	2139.1	0	75	ddc8008cdeaf
gpt2	ours	cold	2	35	2113.1	0	75	ddc8008cdeaf
gpt2	ours	cold	2	36	2135.0	0	75	ddc8008cdeaf
gpt2	ours	cold	2	37	2130.0	0	75	ddc8008cdeaf
gpt2	ours	cold	2	38	2145.1	0	75	ddc8008cdeaf
gpt2	ours	cold	2	39	2137.9	0	75	ddc8008cdeaf
gpt2	ours	cold	2	40	2351.0	0	75	ddc8008cdeaf
gpt2	ours	cold	2	41	2134.8	0	75	ddc8008cdeaf
gpt2	ours	cold	2	42	2139.8	0	75	ddc8008cdeaf
gpt2	ours	cold	2	43	2126.0	0	75	ddc8008cdeaf
gpt2	ours	cold	2	44	2145.1	0	75	ddc8008cdeaf
gpt2	ours	cold	2	45	2130.0	0	75	ddc8008cdeaf
gpt2	ours	cold	2	46	2127.9	0	75	ddc8008cdeaf
gpt2	ours	cold	2	47	2124.8	0	75	ddc8008cdeaf
gpt2	ours	cold	2	48	2125.0	0	75	ddc8008cdeaf
gpt2	ours	cold	2	49	2353.9	0	75	ddc8008cdeaf
gpt2	ours	cold	2	50	2142.2	0	75	ddc8008cdeaf
gpt2	ours	cold	2	51	2137.9	0	75	ddc8008cdeaf
gpt2	ours	cold	2	52	2136.0	0	75	ddc8008cdeaf
gpt2	ours	cold	2	53	2136.0	0	75	ddc8008cdeaf
gpt2	ours	cold	2	54	2138.9	0	75	ddc8008cdeaf
gpt2	ours	cold	2	55	2116.9	0	75	ddc8008cdeaf
gpt2	ours	cold	2	56	2126.9	0	75	ddc8008cdeaf
gpt2	ours	cold	2	57	2122.9	0	75	ddc8008cdeaf
gpt2	ours	cold	2	58	2138.1	0	75	ddc8008cdeaf
gpt2	ours	cold	2	59	2332.9	0	75	ddc8008cdeaf
gpt2	ours	cold	2	60	2138.1	0	75	ddc8008cdeaf
gpt2	ours	cold	2	61	2133.1	0	75	ddc8008cdeaf
gpt2	ours	cold	2	62	2143.9	0	75	ddc8008cdeaf
gpt2	ours	cold	2	63	2120.0	0	75	ddc8008cdeaf
gpt2	ours	cold	2	64	2112.9	0	75	ddc8008cdeaf
gpt2	ours	cold	2	65	2125.0	0	75	ddc8008cdeaf
gpt2	ours	cold	2	66	2138.1	0	75	ddc8008cdeaf
gpt2	ours	cold	2	67	2126.0	0	75	ddc8008cdeaf
gpt2	ours	cold	2	68	2154.1	0	75	ddc8008cdeaf
gpt2	ours	cold	2	69	2129.1	0	75	ddc8008cdeaf
gpt2	ours	cold	2	70	2357.0	0	75	ddc8008cdeaf
gpt2	ours	cold	2	71	2121.9	0	75	ddc8008cdeaf
gpt2	ours	cold	2	72	2136.9	0	75	ddc8008cdeaf
gpt2	ours	cold	2	73	2118.1	0	75	ddc8008cdeaf
gpt2	ours	cold	2	74	2123.8	0	75	ddc8008cdeaf
gpt2	ours	cold	2	75	2121.9	0	75	ddc8008cdeaf
gpt2	ours	cold	2	76	2136.0	0	75	ddc8008cdeaf
gpt2	ours	cold	2	77	2121.2	0	75	ddc8008cdeaf
gpt2	ours	cold	2	78	2116.9	0	75	ddc8008cdeaf
gpt2	ours	cold	2	79	2133.1	0	75	ddc8008cdeaf
gpt2	ours	cold	2	80	2193.0	0	75	ddc8008cdeaf
gpt2	ours	cold	2	81	2136.0	0	75	ddc8008cdeaf
gpt2	ours	cold	2	82	2373.2	0	75	ddc8008cdeaf
gpt2	ours	cold	2	83	2157.0	0	75	ddc8008cdeaf
gpt2	ours	cold	2	84	2156.0	0	75	ddc8008cdeaf
gpt2	ours	cold	2	85	2071.1	0	75	ddc8008cdeaf
gpt2	ours	cold	2	86	2080.0	0	75	ddc8008cdeaf
gpt2	ours	cold	2	87	2055.2	0	75	ddc8008cdeaf
gpt2	ours	cold	2	88	2069.0	0	75	ddc8008cdeaf
gpt2	ours	cold	2	89	2079.0	0	75	ddc8008cdeaf
gpt2	ours	cold	2	90	2054.0	0	75	ddc8008cdeaf
gpt2	ours	cold	2	91	2071.9	0	75	ddc8008cdeaf
gpt2	ours	cold	2	92	2070.9	0	75	ddc8008cdeaf
gpt2	ours	cold	2	93	2100.9	0	75	ddc8008cdeaf
gpt2	ours	cold	2	94	2059.9	0	75	ddc8008cdeaf
gpt2	ours	cold	2	95	2358.0	0	75	ddc8008cdeaf
gpt2	ours	cold	2	96	2050.2	0	75	ddc8008cdeaf
gpt2	ours	cold	2	97	2057.1	0	75	ddc8008cdeaf
gpt2	ours	cold	2	98	2116.9	0	75	ddc8008cdeaf
gpt2	ours	cold	2	99	2058.0	0	75	ddc8008cdeaf
gpt2	ours	cold	2	100	2074.0	0	75	ddc8008cdeaf
gpt2	ours	cold	2	101	2065.9	0	75	ddc8008cdeaf
gpt2	ours	cold	2	102	2053.0	0	75	ddc8008cdeaf
gpt2	ours	cold	2	103	2067.8	0	75	ddc8008cdeaf
gpt2	ours	cold	2	104	2061.8	0	75	ddc8008cdeaf
gpt2	ours	cold	2	105	2062.1	0	75	ddc8008cdeaf
gpt2	ours	cold	2	106	2064.9	0	75	ddc8008cdeaf
gpt2	ours	cold	2	107	2075.9	0	75	ddc8008cdeaf
gpt2	ours	cold	2	108	2057.1	0	75	ddc8008cdeaf
gpt2	ours	cold	2	109	2347.9	0	75	ddc8008cdeaf
gpt2	ours	cold	2	110	2065.9	0	75	ddc8008cdeaf
gpt2	ours	cold	2	111	2106.0	0	75	ddc8008cdeaf
gpt2	ours	cold	2	112	2074.0	0	75	ddc8008cdeaf
gpt2	ours	cold	2	113	2056.8	0	75	ddc8008cdeaf
gpt2	ours	cold	2	114	2059.9	0	75	ddc8008cdeaf
gpt2	ours	cold	2	115	2062.1	0	75	ddc8008cdeaf
gpt2	ours	cold	2	116	2074.0	0	75	ddc8008cdeaf
gpt2	ours	cold	2	117	2050.2	0	75	ddc8008cdeaf
gpt2	ours	cold	2	118	2058.0	0	75	ddc8008cdeaf
gpt2	ours	cold	2	119	2063.0	0	75	ddc8008cdeaf
gpt2	ours	cold	2	120	2064.9	0	75	ddc8008cdeaf
gpt2	ours	cold	2	121	2043.0	0	75	ddc8008cdeaf
gpt2	ours	cold	2	122	2068.0	0	75	ddc8008cdeaf
gpt2	ours	cold	2	123	2055.9	0	75	ddc8008cdeaf
gpt2	ours	cold	2	124	2385.1	0	75	ddc8008cdeaf
gpt2	ours	cold	2	125	2064.0	0	75	ddc8008cdeaf
gpt2	ours	cold	2	126	2061.1	0	75	ddc8008cdeaf
gpt2	ours	cold	2	127	2071.1	0	75	ddc8008cdeaf
gpt2	ours	cold	2	128	2057.1	0	75	ddc8008cdeaf
gpt2	ours	cold	2	129	2122.9	0	75	ddc8008cdeaf
gpt2	ours	cold	2	130	2044.9	0	75	ddc8008cdeaf
gpt2	ours	cold	2	131	2059.9	0	75	ddc8008cdeaf
gpt2	ours	cold	2	132	2069.0	0	75	ddc8008cdeaf
gpt2	ours	cold	2	133	2049.9	0	75	ddc8008cdeaf
gpt2	ours	cold	2	134	2075.0	0	75	ddc8008cdeaf
gpt2	ours	cold	2	135	2056.8	0	75	ddc8008cdeaf
gpt2	ours	cold	2	136	2063.0	0	75	ddc8008cdeaf
gpt2	ours	cold	2	137	2080.0	0	75	ddc8008cdeaf
gpt2	ours	cold	2	138	2062.1	0	75	ddc8008cdeaf
gpt2	ours	cold	2	139	2075.9	0	75	ddc8008cdeaf
gpt2	ours	cold	2	140	2356.1	0	75	ddc8008cdeaf
gpt2	ours	cold	2	141	2121.0	0	75	ddc8008cdeaf
gpt2	ours	cold	2	142	2121.0	0	75	ddc8008cdeaf
gpt2	ours	cold	2	143	2048.0	0	75	ddc8008cdeaf
gpt2	ours	cold	2	144	2091.2	0	75	ddc8008cdeaf
gpt2	ours	cold	2	145	2063.0	0	75	ddc8008cdeaf
gpt2	ours	cold	2	146	2054.9	0	75	ddc8008cdeaf
gpt2	ours	cold	2	147	2061.1	0	75	ddc8008cdeaf
gpt2	ours	cold	2	148	2059.9	0	75	ddc8008cdeaf
gpt2	ours	cold	2	149	2126.0	0	75	ddc8008cdeaf
gpt2	ours	cold	2	150	2071.9	0	75	ddc8008cdeaf
gpt2	ours	cold	2	151	2063.0	0	75	ddc8008cdeaf
gpt2	ours	cold	2	152	2071.1	0	75	ddc8008cdeaf
gpt2	ours	cold	2	153	2054.0	0	75	ddc8008cdeaf
gpt2	ours	cold	2	154	2075.2	0	75	ddc8008cdeaf
gpt2	ours	cold	2	155	2066.9	0	75	ddc8008cdeaf
gpt2	ours	cold	2	156	2052.8	0	75	ddc8008cdeaf
gpt2	ours	cold	2	157	2377.0	0	75	ddc8008cdeaf
gpt2	ours	cold	2	158	2073.0	0	75	ddc8008cdeaf
gpt2	ours	cold	2	159	2072.8	0	75	ddc8008cdeaf
gpt2	ours	cold	2	160	2072.8	0	75	ddc8008cdeaf
gpt2	ours	cold	2	161	2061.1	0	75	ddc8008cdeaf
gpt2	ours	cold	2	162	2042.1	0	75	ddc8008cdeaf
gpt2	ours	cold	2	163	2056.1	0	75	ddc8008cdeaf
gpt2	ours	cold	2	164	2080.9	0	75	ddc8008cdeaf
gpt2	ours	cold	2	165	2083.1	0	75	ddc8008cdeaf
gpt2	ours	cold	2	166	2064.0	0	75	ddc8008cdeaf
gpt2	ours	cold	2	167	2053.0	0	75	ddc8008cdeaf
gpt2	ours	cold	2	168	2077.8	0	75	ddc8008cdeaf
gpt2	ours	cold	2	169	2049.0	0	75	ddc8008cdeaf
gpt2	ours	cold	2	170	2045.9	0	75	ddc8008cdeaf
gpt2	ours	cold	2	171	2074.0	0	75	ddc8008cdeaf
gpt2	ours	cold	2	172	2059.9	0	75	ddc8008cdeaf
gpt2	ours	cold	2	173	2093.1	0	75	ddc8008cdeaf
gpt2	ours	cold	2	174	2051.8	0	75	ddc8008cdeaf
gpt2	ours	cold	2	175	2682.9	0	75	ddc8008cdeaf
gpt2	ours	cold	2	176	2087.1	0	75	ddc8008cdeaf
gpt2	ours	cold	2	177	2068.0	0	75	ddc8008cdeaf
gpt2	ours	cold	2	178	2058.0	0	75	ddc8008cdeaf
gpt2	ours	cold	2	179	2058.0	0	75	ddc8008cdeaf
gpt2	ours	cold	2	180	2060.2	0	75	ddc8008cdeaf
gpt2	ours	cold	2	181	2058.0	0	75	ddc8008cdeaf
gpt2	ours	cold	2	182	2057.1	0	75	ddc8008cdeaf
gpt2	ours	cold	2	183	2113.1	0	75	ddc8008cdeaf
gpt2	ours	cold	2	184	2070.0	0	75	ddc8008cdeaf
gpt2	ours	cold	2	185	2084.0	0	75	ddc8008cdeaf
gpt2	ours	cold	2	186	2076.1	0	75	ddc8008cdeaf
gpt2	ours	cold	2	187	2070.0	0	75	ddc8008cdeaf
gpt2	ours	cold	2	188	2096.2	0	75	ddc8008cdeaf
gpt2	ours	cold	2	189	2096.9	0	75	ddc8008cdeaf
gpt2	ours	cold	2	190	2066.9	0	75	ddc8008cdeaf
gpt2	ours	cold	2	191	2078.1	0	75	ddc8008cdeaf
gpt2	ours	cold	2	192	2061.1	0	75	ddc8008cdeaf
gpt2	ours	cold	2	193	2074.0	0	75	ddc8008cdeaf
gpt2	ours	cold	2	194	2413.0	0	75	ddc8008cdeaf
gpt2	ours	cold	2	195	2122.2	0	75	ddc8008cdeaf
gpt2	ours	cold	2	196	2075.0	0	75	ddc8008cdeaf
gpt2	ours	cold	2	197	2064.2	0	75	ddc8008cdeaf
gpt2	ours	cold	2	198	2063.0	0	75	ddc8008cdeaf
gpt2	ours	cold	2	199	2127.2	0	75	ddc8008cdeaf
gpt2	ours	cold	2	200	2070.0	0	75	ddc8008cdeaf
gpt2	ours	cold	2	201	2058.0	0	75	ddc8008cdeaf
gpt2	ours	cold	2	202	2066.1	0	75	ddc8008cdeaf
gpt2	ours	cold	2	203	2098.1	0	75	ddc8008cdeaf
gpt2	ours	cold	2	204	2067.1	0	75	ddc8008cdeaf
gpt2	ours	cold	2	205	2075.9	0	75	ddc8008cdeaf
gpt2	ours	cold	2	206	2081.2	0	75	ddc8008cdeaf
gpt2	ours	cold	2	207	2064.9	0	75	ddc8008cdeaf
gpt2	ours	cold	2	208	2067.1	0	75	ddc8008cdeaf
gpt2	ours	cold	2	209	2115.0	0	75	ddc8008cdeaf
gpt2	ours	cold	2	210	2063.0	0	75	ddc8008cdeaf
gpt2	ours	cold	2	211	2133.1	0	75	ddc8008cdeaf
gpt2	ours	cold	2	212	2074.0	0	75	ddc8008cdeaf
gpt2	ours	cold	2	213	2059.0	0	75	ddc8008cdeaf
gpt2	ours	cold	2	214	2750.9	0	75	ddc8008cdeaf
gpt2	ours	cold	2	215	2074.0	0	75	ddc8008cdeaf
gpt2	ours	cold	2	216	2063.0	0	75	ddc8008cdeaf
gpt2	ours	cold	2	217	2107.9	0	75	ddc8008cdeaf
gpt2	ours	cold	2	218	2077.8	0	75	ddc8008cdeaf
gpt2	ours	cold	2	219	2070.0	0	75	ddc8008cdeaf
gpt2	ours	cold	2	220	2070.9	0	75	ddc8008cdeaf
gpt2	ours	cold	2	221	2100.0	0	75	ddc8008cdeaf
gpt2	ours	cold	2	222	2120.0	0	75	ddc8008cdeaf
gpt2	ours	cold	2	223	2068.0	0	75	ddc8008cdeaf
gpt2	ours	cold	2	224	2059.0	0	75	ddc8008cdeaf
gpt2	ours	cold	2	225	2089.0	0	75	ddc8008cdeaf
gpt2	ours	cold	2	226	2061.8	0	75	ddc8008cdeaf
gpt2	ours	cold	2	227	2126.2	0	75	ddc8008cdeaf
gpt2	ours	cold	2	228	2060.9	0	75	ddc8008cdeaf
gpt2	ours	cold	2	229	2084.0	0	75	ddc8008cdeaf
gpt2	ours	cold	2	230	2068.0	0	75	ddc8008cdeaf
gpt2	ours	cold	2	231	2070.2	0	75	ddc8008cdeaf
gpt2	ours	cold	2	232	2095.9	0	75	ddc8008cdeaf
gpt2	ours	cold	2	233	2072.1	0	75	ddc8008cdeaf
gpt2	ours	cold	2	234	2064.0	0	75	ddc8008cdeaf
gpt2	ours	cold	2	235	2488.9	0	75	ddc8008cdeaf
gpt2	ours	cold	2	236	2100.0	0	75	ddc8008cdeaf
gpt2	ours	cold	2	237	2102.9	0	75	ddc8008cdeaf
gpt2	ours	cold	2	238	2096.2	0	75	ddc8008cdeaf
gpt2	ours	cold	2	239	2080.9	0	75	ddc8008cdeaf
gpt2	ours	cold	2	240	2077.1	0	75	ddc8008cdeaf
gpt2	ours	cold	2	241	2075.0	0	75	ddc8008cdeaf
gpt2	ours	cold	2	242	2073.0	0	75	ddc8008cdeaf
gpt2	ours	cold	2	243	2065.9	0	75	ddc8008cdeaf
gpt2	ours	cold	2	244	2061.1	0	75	ddc8008cdeaf
gpt2	ours	cold	2	245	2084.0	0	75	ddc8008cdeaf
gpt2	ours	cold	2	246	2068.0	0	75	ddc8008cdeaf
gpt2	ours	cold	2	247	2071.1	0	75	ddc8008cdeaf
gpt2	ours	cold	2	248	2080.9	0	75	ddc8008cdeaf
gpt2	ours	cold	2	249	2076.1	0	75	ddc8008cdeaf
gpt2	ours	cold	2	250	2122.9	0	75	ddc8008cdeaf
gpt2	ours	cold	2	251	2069.0	0	75	ddc8008cdeaf
gpt2	ours	cold	2	252	2065.9	0	75	ddc8008cdeaf
gpt2	ours	cold	2	253	2068.0	0	75	ddc8008cdeaf
gpt2	ours	cold	2	254	2070.2	0	75	ddc8008cdeaf
gpt2	ours	cold	2	255	2126.0	0	75	ddc8008cdeaf
gpt2	ours	cold	2	256	2080.0	0	75	ddc8008cdeaf
gpt2	ours	cold	2	257	2448.1	0	75	ddc8008cdeaf
gpt2	ours	cold	2	258	2088.1	0	75	ddc8008cdeaf
gpt2	ours	cold	2	259	2068.0	0	75	ddc8008cdeaf
gpt2	ours	cold	2	260	2091.2	0	75	ddc8008cdeaf
gpt2	ours	cold	2	261	2097.8	0	75	ddc8008cdeaf
gpt2	ours	cold	2	262	2062.8	0	75	ddc8008cdeaf
gpt2	ours	cold	2	263	2100.9	0	75	ddc8008cdeaf
gpt2	ours	cold	2	264	2056.1	0	75	ddc8008cdeaf
gpt2	ours	cold	2	265	2136.9	0	75	ddc8008cdeaf
gpt2	ours	cold	2	266	2059.9	0	75	ddc8008cdeaf
gpt2	ours	cold	2	267	2079.0	0	75	ddc8008cdeaf
gpt2	ours	cold	2	268	2084.0	0	75	ddc8008cdeaf
gpt2	ours	cold	2	269	2064.0	0	75	ddc8008cdeaf
gpt2	ours	cold	2	270	2070.9	0	75	ddc8008cdeaf
gpt2	ours	cold	2	271	2080.0	0	75	ddc8008cdeaf
gpt2	ours	cold	2	272	2080.9	0	75	ddc8008cdeaf
gpt2	ours	cold	2	273	2087.1	0	75	ddc8008cdeaf
gpt2	ours	cold	2	274	2060.9	0	75	ddc8008cdeaf
gpt2	ours	cold	2	275	2076.9	0	75	ddc8008cdeaf
gpt2	ours	cold	2	276	2063.0	0	75	ddc8008cdeaf
gpt2	ours	cold	2	277	2092.1	0	75	ddc8008cdeaf
gpt2	ours	cold	2	278	2070.0	0	75	ddc8008cdeaf
gpt2	ours	cold	2	279	2087.1	0	75	ddc8008cdeaf
gpt2	ours	cold	2	280	2390.1	0	75	ddc8008cdeaf
gpt2	ours	cold	2	281	2080.9	0	75	ddc8008cdeaf
gpt2	ours	cold	2	282	2068.0	0	75	ddc8008cdeaf
gpt2	ours	cold	2	283	2072.1	0	75	ddc8008cdeaf
gpt2	ours	cold	2	284	2059.0	0	75	ddc8008cdeaf
gpt2	ours	cold	2	285	2080.0	0	75	ddc8008cdeaf
gpt2	ours	cold	2	286	2083.1	0	75	ddc8008cdeaf
gpt2	ours	cold	2	287	2090.9	0	75	ddc8008cdeaf
gpt2	ours	cold	2	288	2078.1	0	75	ddc8008cdeaf
gpt2	ours	cold	2	289	2058.0	0	75	ddc8008cdeaf
gpt2	ours	cold	2	290	2122.2	0	75	ddc8008cdeaf
gpt2	ours	cold	2	291	2079.0	0	75	ddc8008cdeaf
gpt2	ours	cold	2	292	2080.0	0	75	ddc8008cdeaf
gpt2	ours	cold	2	293	2064.0	0	75	ddc8008cdeaf
gpt2	ours	cold	2	294	2116.9	0	75	ddc8008cdeaf
gpt2	ours	cold	2	295	2092.1	0	75	ddc8008cdeaf
gpt2	ours	cold	2	296	2073.0	0	75	ddc8008cdeaf
gpt2	ours	cold	2	297	2076.9	0	75	ddc8008cdeaf
gpt2	ours	cold	2	298	2072.8	0	75	ddc8008cdeaf
gpt2	ours	cold	2	299	2059.0	0	75	ddc8008cdeaf
gpt2	torch-compile	cold	2	0	5984444.1			torch-2.14.0+cu130
gpt2	torch-compile	cold	2	1	2571.8			torch-2.14.0+cu130
gpt2	torch-compile	cold	2	2	2397.5			torch-2.14.0+cu130
gpt2	torch-compile	cold	2	3	2383.0			torch-2.14.0+cu130
gpt2	torch-compile	cold	2	4	2364.2			torch-2.14.0+cu130
gpt2	torch-compile	cold	2	5	2348.7			torch-2.14.0+cu130
gpt2	torch-compile	cold	2	6	2368.5			torch-2.14.0+cu130
gpt2	torch-compile	cold	2	7	2351.0			torch-2.14.0+cu130
gpt2	torch-compile	cold	2	8	2342.0			torch-2.14.0+cu130
gpt2	torch-compile	cold	2	9	2330.8			torch-2.14.0+cu130
gpt2	torch-compile	cold	2	10	2328.9			torch-2.14.0+cu130
gpt2	torch-compile	cold	2	11	2363.7			torch-2.14.0+cu130
gpt2	torch-compile	cold	2	12	2345.1			torch-2.14.0+cu130
gpt2	torch-compile	cold	2	13	2330.5			torch-2.14.0+cu130
gpt2	torch-compile	cold	2	14	2337.5			torch-2.14.0+cu130
gpt2	torch-compile	cold	2	15	2334.6			torch-2.14.0+cu130
gpt2	torch-compile	cold	2	16	2362.3			torch-2.14.0+cu130
gpt2	torch-compile	cold	2	17	2373.2			torch-2.14.0+cu130
gpt2	torch-compile	cold	2	18	2341.3			torch-2.14.0+cu130
gpt2	torch-compile	cold	2	19	2391.1			torch-2.14.0+cu130
gpt2	torch-compile	cold	2	20	2322.0			torch-2.14.0+cu130
gpt2	torch-compile	cold	2	21	2323.2			torch-2.14.0+cu130
gpt2	torch-compile	cold	2	22	2331.3			torch-2.14.0+cu130
gpt2	torch-compile	cold	2	23	2325.3			torch-2.14.0+cu130
gpt2	torch-compile	cold	2	24	2346.8			torch-2.14.0+cu130
gpt2	torch-compile	cold	2	25	2327.0			torch-2.14.0+cu130
gpt2	torch-compile	cold	2	26	2317.9			torch-2.14.0+cu130
gpt2	torch-compile	cold	2	27	2352.0			torch-2.14.0+cu130
gpt2	torch-compile	cold	2	28	2357.2			torch-2.14.0+cu130
gpt2	torch-compile	cold	2	29	2342.9			torch-2.14.0+cu130
gpt2	torch-compile	cold	2	30	2336.5			torch-2.14.0+cu130
gpt2	torch-compile	cold	2	31	2365.6			torch-2.14.0+cu130
gpt2	torch-compile	cold	2	32	2327.4			torch-2.14.0+cu130
gpt2	torch-compile	cold	2	33	2325.1			torch-2.14.0+cu130
gpt2	torch-compile	cold	2	34	2358.4			torch-2.14.0+cu130
gpt2	torch-compile	cold	2	35	2318.6			torch-2.14.0+cu130
gpt2	torch-compile	cold	2	36	2339.6			torch-2.14.0+cu130
gpt2	torch-compile	cold	2	37	2345.1			torch-2.14.0+cu130
gpt2	torch-compile	cold	2	38	2353.7			torch-2.14.0+cu130
gpt2	torch-compile	cold	2	39	2342.0			torch-2.14.0+cu130
gpt2	torch-compile	cold	2	40	2347.0			torch-2.14.0+cu130
gpt2	torch-compile	cold	2	41	2317.2			torch-2.14.0+cu130
gpt2	torch-compile	cold	2	42	2328.4			torch-2.14.0+cu130
gpt2	torch-compile	cold	2	43	2353.9			torch-2.14.0+cu130
gpt2	torch-compile	cold	2	44	2323.4			torch-2.14.0+cu130
gpt2	torch-compile	cold	2	45	2311.7			torch-2.14.0+cu130
gpt2	torch-compile	cold	2	46	2322.9			torch-2.14.0+cu130
gpt2	torch-compile	cold	2	47	2327.9			torch-2.14.0+cu130
gpt2	torch-compile	cold	2	48	2322.0			torch-2.14.0+cu130
gpt2	torch-compile	cold	2	49	2324.1			torch-2.14.0+cu130
gpt2	torch-compile	cold	2	50	2393.5			torch-2.14.0+cu130
gpt2	torch-compile	cold	2	51	2343.7			torch-2.14.0+cu130
gpt2	torch-compile	cold	2	52	2353.0			torch-2.14.0+cu130
gpt2	torch-compile	cold	2	53	2342.7			torch-2.14.0+cu130
gpt2	torch-compile	cold	2	54	2327.0			torch-2.14.0+cu130
gpt2	torch-compile	cold	2	55	2335.1			torch-2.14.0+cu130
gpt2	torch-compile	cold	2	56	2324.6			torch-2.14.0+cu130
gpt2	torch-compile	cold	2	57	2326.3			torch-2.14.0+cu130
gpt2	torch-compile	cold	2	58	2314.1			torch-2.14.0+cu130
gpt2	torch-compile	cold	2	59	2396.3			torch-2.14.0+cu130
gpt2	torch-compile	cold	2	60	2333.6			torch-2.14.0+cu130
gpt2	torch-compile	cold	2	61	2323.2			torch-2.14.0+cu130
gpt2	torch-compile	cold	2	62	2338.4			torch-2.14.0+cu130
gpt2	torch-compile	cold	2	63	2357.0			torch-2.14.0+cu130
gpt2	torch-compile	cold	2	64	2325.5			torch-2.14.0+cu130
gpt2	torch-compile	cold	2	65	2401.1			torch-2.14.0+cu130
gpt2	torch-compile	cold	2	66	2332.4			torch-2.14.0+cu130
gpt2	torch-compile	cold	2	67	2332.0			torch-2.14.0+cu130
gpt2	torch-compile	cold	2	68	2354.9			torch-2.14.0+cu130
gpt2	torch-compile	cold	2	69	2346.3			torch-2.14.0+cu130
gpt2	torch-compile	cold	2	70	2348.2			torch-2.14.0+cu130
gpt2	torch-compile	cold	2	71	2358.0			torch-2.14.0+cu130
gpt2	torch-compile	cold	2	72	2315.8			torch-2.14.0+cu130
gpt2	torch-compile	cold	2	73	2331.3			torch-2.14.0+cu130
gpt2	torch-compile	cold	2	74	2318.6			torch-2.14.0+cu130
gpt2	torch-compile	cold	2	75	2324.6			torch-2.14.0+cu130
gpt2	torch-compile	cold	2	76	2328.6			torch-2.14.0+cu130
gpt2	torch-compile	cold	2	77	2316.2			torch-2.14.0+cu130
gpt2	torch-compile	cold	2	78	2320.5			torch-2.14.0+cu130
gpt2	torch-compile	cold	2	79	2337.5			torch-2.14.0+cu130
gpt2	torch-compile	cold	2	80	2323.4			torch-2.14.0+cu130
gpt2	torch-compile	cold	2	81	2360.3			torch-2.14.0+cu130
gpt2	torch-compile	cold	2	82	2352.2			torch-2.14.0+cu130
gpt2	torch-compile	cold	2	83	2341.0			torch-2.14.0+cu130
gpt2	torch-compile	cold	2	84	2427.3			torch-2.14.0+cu130
gpt2	torch-compile	cold	2	85	2346.5			torch-2.14.0+cu130
gpt2	torch-compile	cold	2	86	2400.9			torch-2.14.0+cu130
gpt2	torch-compile	cold	2	87	2407.3			torch-2.14.0+cu130
gpt2	torch-compile	cold	2	88	2331.0			torch-2.14.0+cu130
gpt2	torch-compile	cold	2	89	2325.1			torch-2.14.0+cu130
gpt2	torch-compile	cold	2	90	2329.1			torch-2.14.0+cu130
gpt2	torch-compile	cold	2	91	2262.8			torch-2.14.0+cu130
gpt2	torch-compile	cold	2	92	2285.2			torch-2.14.0+cu130
gpt2	torch-compile	cold	2	93	2281.9			torch-2.14.0+cu130
gpt2	torch-compile	cold	2	94	2266.4			torch-2.14.0+cu130
gpt2	torch-compile	cold	2	95	2266.9			torch-2.14.0+cu130
gpt2	torch-compile	cold	2	96	2473.6			torch-2.14.0+cu130
gpt2	torch-compile	cold	2	97	2268.8			torch-2.14.0+cu130
gpt2	torch-compile	cold	2	98	2252.8			torch-2.14.0+cu130
gpt2	torch-compile	cold	2	99	2262.4			torch-2.14.0+cu130
gpt2	torch-compile	cold	2	100	2306.0			torch-2.14.0+cu130
gpt2	torch-compile	cold	2	101	2244.5			torch-2.14.0+cu130
gpt2	torch-compile	cold	2	102	2254.7			torch-2.14.0+cu130
gpt2	torch-compile	cold	2	103	2268.6			torch-2.14.0+cu130
gpt2	torch-compile	cold	2	104	2258.5			torch-2.14.0+cu130
gpt2	torch-compile	cold	2	105	2243.0			torch-2.14.0+cu130
gpt2	torch-compile	cold	2	106	2249.7			torch-2.14.0+cu130
gpt2	torch-compile	cold	2	107	2233.0			torch-2.14.0+cu130
gpt2	torch-compile	cold	2	108	2272.4			torch-2.14.0+cu130
gpt2	torch-compile	cold	2	109	2241.8			torch-2.14.0+cu130
gpt2	torch-compile	cold	2	110	2251.1			torch-2.14.0+cu130
gpt2	torch-compile	cold	2	111	2251.1			torch-2.14.0+cu130
gpt2	torch-compile	cold	2	112	2258.5			torch-2.14.0+cu130
gpt2	torch-compile	cold	2	113	2269.0			torch-2.14.0+cu130
gpt2	torch-compile	cold	2	114	2242.8			torch-2.14.0+cu130
gpt2	torch-compile	cold	2	115	2245.9			torch-2.14.0+cu130
gpt2	torch-compile	cold	2	116	2242.6			torch-2.14.0+cu130
gpt2	torch-compile	cold	2	117	2227.3			torch-2.14.0+cu130
gpt2	torch-compile	cold	2	118	2247.6			torch-2.14.0+cu130
gpt2	torch-compile	cold	2	119	2240.7			torch-2.14.0+cu130
gpt2	torch-compile	cold	2	120	2253.5			torch-2.14.0+cu130
gpt2	torch-compile	cold	2	121	2258.1			torch-2.14.0+cu130
gpt2	torch-compile	cold	2	122	2249.7			torch-2.14.0+cu130
gpt2	torch-compile	cold	2	123	2284.3			torch-2.14.0+cu130
gpt2	torch-compile	cold	2	124	2253.5			torch-2.14.0+cu130
gpt2	torch-compile	cold	2	125	2243.0			torch-2.14.0+cu130
gpt2	torch-compile	cold	2	126	2255.9			torch-2.14.0+cu130
gpt2	torch-compile	cold	2	127	2266.9			torch-2.14.0+cu130
gpt2	torch-compile	cold	2	128	2417.1			torch-2.14.0+cu130
gpt2	torch-compile	cold	2	129	2348.4			torch-2.14.0+cu130
gpt2	torch-compile	cold	2	130	2308.8			torch-2.14.0+cu130
gpt2	torch-compile	cold	2	131	2313.6			torch-2.14.0+cu130
gpt2	torch-compile	cold	2	132	2294.5			torch-2.14.0+cu130
gpt2	torch-compile	cold	2	133	2277.6			torch-2.14.0+cu130
gpt2	torch-compile	cold	2	134	2295.5			torch-2.14.0+cu130
gpt2	torch-compile	cold	2	135	2266.4			torch-2.14.0+cu130
gpt2	torch-compile	cold	2	136	2270.9			torch-2.14.0+cu130
gpt2	torch-compile	cold	2	137	2361.8			torch-2.14.0+cu130
gpt2	torch-compile	cold	2	138	2373.2			torch-2.14.0+cu130
gpt2	torch-compile	cold	2	139	2311.5			torch-2.14.0+cu130
gpt2	torch-compile	cold	2	140	2297.2			torch-2.14.0+cu130
gpt2	torch-compile	cold	2	141	2278.1			torch-2.14.0+cu130
gpt2	torch-compile	cold	2	142	2287.6			torch-2.14.0+cu130
gpt2	torch-compile	cold	2	143	2292.4			torch-2.14.0+cu130
gpt2	torch-compile	cold	2	144	2309.6			torch-2.14.0+cu130
gpt2	torch-compile	cold	2	145	2273.6			torch-2.14.0+cu130
gpt2	torch-compile	cold	2	146	2318.1			torch-2.14.0+cu130
gpt2	torch-compile	cold	2	147	2296.4			torch-2.14.0+cu130
gpt2	torch-compile	cold	2	148	2270.0			torch-2.14.0+cu130
gpt2	torch-compile	cold	2	149	2283.8			torch-2.14.0+cu130
gpt2	torch-compile	cold	2	150	2289.8			torch-2.14.0+cu130
gpt2	torch-compile	cold	2	151	2286.0			torch-2.14.0+cu130
gpt2	torch-compile	cold	2	152	2287.1			torch-2.14.0+cu130
gpt2	torch-compile	cold	2	153	2276.7			torch-2.14.0+cu130
gpt2	torch-compile	cold	2	154	2310.0			torch-2.14.0+cu130
gpt2	torch-compile	cold	2	155	2311.5			torch-2.14.0+cu130
gpt2	torch-compile	cold	2	156	2291.0			torch-2.14.0+cu130
gpt2	torch-compile	cold	2	157	2281.9			torch-2.14.0+cu130
gpt2	torch-compile	cold	2	158	2266.9			torch-2.14.0+cu130
gpt2	torch-compile	cold	2	159	2275.7			torch-2.14.0+cu130
gpt2	torch-compile	cold	2	160	2317.0			torch-2.14.0+cu130
gpt2	torch-compile	cold	2	161	2309.6			torch-2.14.0+cu130
gpt2	torch-compile	cold	2	162	2313.1			torch-2.14.0+cu130
gpt2	torch-compile	cold	2	163	2279.3			torch-2.14.0+cu130
gpt2	torch-compile	cold	2	164	2286.0			torch-2.14.0+cu130
gpt2	torch-compile	cold	2	165	2332.7			torch-2.14.0+cu130
gpt2	torch-compile	cold	2	166	2291.2			torch-2.14.0+cu130
gpt2	torch-compile	cold	2	167	2291.7			torch-2.14.0+cu130
gpt2	torch-compile	cold	2	168	2283.6			torch-2.14.0+cu130
gpt2	torch-compile	cold	2	169	2291.7			torch-2.14.0+cu130
gpt2	torch-compile	cold	2	170	2300.7			torch-2.14.0+cu130
gpt2	torch-compile	cold	2	171	2307.9			torch-2.14.0+cu130
gpt2	torch-compile	cold	2	172	2298.4			torch-2.14.0+cu130
gpt2	torch-compile	cold	2	173	2292.6			torch-2.14.0+cu130
gpt2	torch-compile	cold	2	174	2327.4			torch-2.14.0+cu130
gpt2	torch-compile	cold	2	175	2288.1			torch-2.14.0+cu130
gpt2	torch-compile	cold	2	176	2329.6			torch-2.14.0+cu130
gpt2	torch-compile	cold	2	177	2300.3			torch-2.14.0+cu130
gpt2	torch-compile	cold	2	178	2281.0			torch-2.14.0+cu130
gpt2	torch-compile	cold	2	179	2293.3			torch-2.14.0+cu130
gpt2	torch-compile	cold	2	180	2276.4			torch-2.14.0+cu130
gpt2	torch-compile	cold	2	181	2288.6			torch-2.14.0+cu130
gpt2	torch-compile	cold	2	182	2291.7			torch-2.14.0+cu130
gpt2	torch-compile	cold	2	183	2278.1			torch-2.14.0+cu130
gpt2	torch-compile	cold	2	184	2298.8			torch-2.14.0+cu130
gpt2	torch-compile	cold	2	185	2276.4			torch-2.14.0+cu130
gpt2	torch-compile	cold	2	186	2274.3			torch-2.14.0+cu130
gpt2	torch-compile	cold	2	187	2276.2			torch-2.14.0+cu130
gpt2	torch-compile	cold	2	188	2297.4			torch-2.14.0+cu130
gpt2	torch-compile	cold	2	189	2279.0			torch-2.14.0+cu130
gpt2	torch-compile	cold	2	190	2285.7			torch-2.14.0+cu130
gpt2	torch-compile	cold	2	191	2299.5			torch-2.14.0+cu130
gpt2	torch-compile	cold	2	192	2402.8			torch-2.14.0+cu130
gpt2	torch-compile	cold	2	193	2276.2			torch-2.14.0+cu130
gpt2	torch-compile	cold	2	194	2275.7			torch-2.14.0+cu130
gpt2	torch-compile	cold	2	195	2270.9			torch-2.14.0+cu130
gpt2	torch-compile	cold	2	196	2447.8			torch-2.14.0+cu130
gpt2	torch-compile	cold	2	197	2281.7			torch-2.14.0+cu130
gpt2	torch-compile	cold	2	198	2284.3			torch-2.14.0+cu130
gpt2	torch-compile	cold	2	199	2476.2			torch-2.14.0+cu130
gpt2	torch-compile	cold	2	200	2295.0			torch-2.14.0+cu130
gpt2	torch-compile	cold	2	201	2287.4			torch-2.14.0+cu130
gpt2	torch-compile	cold	2	202	2287.1			torch-2.14.0+cu130
gpt2	torch-compile	cold	2	203	2363.0			torch-2.14.0+cu130
gpt2	torch-compile	cold	2	204	2279.8			torch-2.14.0+cu130
gpt2	torch-compile	cold	2	205	2342.2			torch-2.14.0+cu130
gpt2	torch-compile	cold	2	206	2370.4			torch-2.14.0+cu130
gpt2	torch-compile	cold	2	207	2625.7			torch-2.14.0+cu130
gpt2	torch-compile	cold	2	208	2649.1			torch-2.14.0+cu130
gpt2	torch-compile	cold	2	209	2544.4			torch-2.14.0+cu130
gpt2	torch-compile	cold	2	210	2383.7			torch-2.14.0+cu130
gpt2	torch-compile	cold	2	211	2303.4			torch-2.14.0+cu130
gpt2	torch-compile	cold	2	212	2306.2			torch-2.14.0+cu130
gpt2	torch-compile	cold	2	213	2305.3			torch-2.14.0+cu130
gpt2	torch-compile	cold	2	214	2288.6			torch-2.14.0+cu130
gpt2	torch-compile	cold	2	215	2286.7			torch-2.14.0+cu130
gpt2	torch-compile	cold	2	216	2289.8			torch-2.14.0+cu130
gpt2	torch-compile	cold	2	217	2280.7			torch-2.14.0+cu130
gpt2	torch-compile	cold	2	218	2289.5			torch-2.14.0+cu130
gpt2	torch-compile	cold	2	219	2283.6			torch-2.14.0+cu130
gpt2	torch-compile	cold	2	220	2278.3			torch-2.14.0+cu130
gpt2	torch-compile	cold	2	221	2295.3			torch-2.14.0+cu130
gpt2	torch-compile	cold	2	222	2300.7			torch-2.14.0+cu130
gpt2	torch-compile	cold	2	223	2297.2			torch-2.14.0+cu130
gpt2	torch-compile	cold	2	224	2300.5			torch-2.14.0+cu130
gpt2	torch-compile	cold	2	225	2279.5			torch-2.14.0+cu130
gpt2	torch-compile	cold	2	226	2355.3			torch-2.14.0+cu130
gpt2	torch-compile	cold	2	227	2300.0			torch-2.14.0+cu130
gpt2	torch-compile	cold	2	228	2283.6			torch-2.14.0+cu130
gpt2	torch-compile	cold	2	229	2309.8			torch-2.14.0+cu130
gpt2	torch-compile	cold	2	230	2291.9			torch-2.14.0+cu130
gpt2	torch-compile	cold	2	231	2278.3			torch-2.14.0+cu130
gpt2	torch-compile	cold	2	232	2292.6			torch-2.14.0+cu130
gpt2	torch-compile	cold	2	233	2296.7			torch-2.14.0+cu130
gpt2	torch-compile	cold	2	234	2298.8			torch-2.14.0+cu130
gpt2	torch-compile	cold	2	235	2302.2			torch-2.14.0+cu130
gpt2	torch-compile	cold	2	236	2309.6			torch-2.14.0+cu130
gpt2	torch-compile	cold	2	237	2304.6			torch-2.14.0+cu130
gpt2	torch-compile	cold	2	238	2297.2			torch-2.14.0+cu130
gpt2	torch-compile	cold	2	239	2323.4			torch-2.14.0+cu130
gpt2	torch-compile	cold	2	240	2287.1			torch-2.14.0+cu130
gpt2	torch-compile	cold	2	241	2286.0			torch-2.14.0+cu130
gpt2	torch-compile	cold	2	242	2351.3			torch-2.14.0+cu130
gpt2	torch-compile	cold	2	243	2315.5			torch-2.14.0+cu130
gpt2	torch-compile	cold	2	244	2309.6			torch-2.14.0+cu130
gpt2	torch-compile	cold	2	245	2299.1			torch-2.14.0+cu130
gpt2	torch-compile	cold	2	246	2306.9			torch-2.14.0+cu130
gpt2	torch-compile	cold	2	247	2293.6			torch-2.14.0+cu130
gpt2	torch-compile	cold	2	248	2343.4			torch-2.14.0+cu130
gpt2	torch-compile	cold	2	249	2291.7			torch-2.14.0+cu130
gpt2	torch-compile	cold	2	250	2291.2			torch-2.14.0+cu130
gpt2	torch-compile	cold	2	251	2279.0			torch-2.14.0+cu130
gpt2	torch-compile	cold	2	252	2280.2			torch-2.14.0+cu130
gpt2	torch-compile	cold	2	253	2290.7			torch-2.14.0+cu130
gpt2	torch-compile	cold	2	254	2296.9			torch-2.14.0+cu130
gpt2	torch-compile	cold	2	255	2289.3			torch-2.14.0+cu130
gpt2	torch-compile	cold	2	256	2295.3			torch-2.14.0+cu130
gpt2	torch-compile	cold	2	257	2282.6			torch-2.14.0+cu130
gpt2	torch-compile	cold	2	258	2279.0			torch-2.14.0+cu130
gpt2	torch-compile	cold	2	259	2301.0			torch-2.14.0+cu130
gpt2	torch-compile	cold	2	260	2299.5			torch-2.14.0+cu130
gpt2	torch-compile	cold	2	261	2291.4			torch-2.14.0+cu130
gpt2	torch-compile	cold	2	262	2298.4			torch-2.14.0+cu130
gpt2	torch-compile	cold	2	263	2291.7			torch-2.14.0+cu130
gpt2	torch-compile	cold	2	264	2278.6			torch-2.14.0+cu130
gpt2	torch-compile	cold	2	265	2294.8			torch-2.14.0+cu130
gpt2	torch-compile	cold	2	266	2307.4			torch-2.14.0+cu130
gpt2	torch-compile	cold	2	267	2270.7			torch-2.14.0+cu130
gpt2	torch-compile	cold	2	268	2290.5			torch-2.14.0+cu130
gpt2	torch-compile	cold	2	269	2330.5			torch-2.14.0+cu130
gpt2	torch-compile	cold	2	270	2279.0			torch-2.14.0+cu130
gpt2	torch-compile	cold	2	271	2283.1			torch-2.14.0+cu130
gpt2	torch-compile	cold	2	272	2296.0			torch-2.14.0+cu130
gpt2	torch-compile	cold	2	273	2297.6			torch-2.14.0+cu130
gpt2	torch-compile	cold	2	274	2283.6			torch-2.14.0+cu130
gpt2	torch-compile	cold	2	275	2310.5			torch-2.14.0+cu130
gpt2	torch-compile	cold	2	276	2286.9			torch-2.14.0+cu130
gpt2	torch-compile	cold	2	277	2296.0			torch-2.14.0+cu130
gpt2	torch-compile	cold	2	278	2295.3			torch-2.14.0+cu130
gpt2	torch-compile	cold	2	279	2353.2			torch-2.14.0+cu130
gpt2	torch-compile	cold	2	280	2285.5			torch-2.14.0+cu130
gpt2	torch-compile	cold	2	281	2290.5			torch-2.14.0+cu130
gpt2	torch-compile	cold	2	282	2295.5			torch-2.14.0+cu130
gpt2	torch-compile	cold	2	283	2299.5			torch-2.14.0+cu130
gpt2	torch-compile	cold	2	284	2314.6			torch-2.14.0+cu130
gpt2	torch-compile	cold	2	285	2295.3			torch-2.14.0+cu130
gpt2	torch-compile	cold	2	286	2307.2			torch-2.14.0+cu130
gpt2	torch-compile	cold	2	287	2284.8			torch-2.14.0+cu130
gpt2	torch-compile	cold	2	288	2281.0			torch-2.14.0+cu130
gpt2	torch-compile	cold	2	289	2299.8			torch-2.14.0+cu130
gpt2	torch-compile	cold	2	290	2306.9			torch-2.14.0+cu130
gpt2	torch-compile	cold	2	291	2334.8			torch-2.14.0+cu130
gpt2	torch-compile	cold	2	292	2281.0			torch-2.14.0+cu130
gpt2	torch-compile	cold	2	293	2332.4			torch-2.14.0+cu130
gpt2	torch-compile	cold	2	294	2282.6			torch-2.14.0+cu130
gpt2	torch-compile	cold	2	295	2277.6			torch-2.14.0+cu130
gpt2	torch-compile	cold	2	296	2285.5			torch-2.14.0+cu130
gpt2	torch-compile	cold	2	297	2281.7			torch-2.14.0+cu130
gpt2	torch-compile	cold	2	298	2293.6			torch-2.14.0+cu130
gpt2	torch-compile	cold	2	299	2299.3			torch-2.14.0+cu130
gpt2	torch-compile-ro	cold	2	0	5123807.2			torch-2.14.0+cu130
gpt2	torch-compile-ro	cold	2	1	36717.2			torch-2.14.0+cu130
gpt2	torch-compile-ro	cold	2	2	2645.3			torch-2.14.0+cu130
gpt2	torch-compile-ro	cold	2	3	2372.7			torch-2.14.0+cu130
gpt2	torch-compile-ro	cold	2	4	2294.5			torch-2.14.0+cu130
gpt2	torch-compile-ro	cold	2	5	2276.7			torch-2.14.0+cu130
gpt2	torch-compile-ro	cold	2	6	2271.4			torch-2.14.0+cu130
gpt2	torch-compile-ro	cold	2	7	2265.7			torch-2.14.0+cu130
gpt2	torch-compile-ro	cold	2	8	2258.3			torch-2.14.0+cu130
gpt2	torch-compile-ro	cold	2	9	2298.8			torch-2.14.0+cu130
gpt2	torch-compile-ro	cold	2	10	2218.2			torch-2.14.0+cu130
gpt2	torch-compile-ro	cold	2	11	2244.7			torch-2.14.0+cu130
gpt2	torch-compile-ro	cold	2	12	2204.2			torch-2.14.0+cu130
gpt2	torch-compile-ro	cold	2	13	2239.5			torch-2.14.0+cu130
gpt2	torch-compile-ro	cold	2	14	2226.8			torch-2.14.0+cu130
gpt2	torch-compile-ro	cold	2	15	2215.1			torch-2.14.0+cu130
gpt2	torch-compile-ro	cold	2	16	2206.3			torch-2.14.0+cu130
gpt2	torch-compile-ro	cold	2	17	2197.5			torch-2.14.0+cu130
gpt2	torch-compile-ro	cold	2	18	2209.4			torch-2.14.0+cu130
gpt2	torch-compile-ro	cold	2	19	2191.8			torch-2.14.0+cu130
gpt2	torch-compile-ro	cold	2	20	2177.2			torch-2.14.0+cu130
gpt2	torch-compile-ro	cold	2	21	2195.6			torch-2.14.0+cu130
gpt2	torch-compile-ro	cold	2	22	2191.8			torch-2.14.0+cu130
gpt2	torch-compile-ro	cold	2	23	2200.4			torch-2.14.0+cu130
gpt2	torch-compile-ro	cold	2	24	2201.3			torch-2.14.0+cu130
gpt2	torch-compile-ro	cold	2	25	2188.2			torch-2.14.0+cu130
gpt2	torch-compile-ro	cold	2	26	2183.7			torch-2.14.0+cu130
gpt2	torch-compile-ro	cold	2	27	2193.5			torch-2.14.0+cu130
gpt2	torch-compile-ro	cold	2	28	2204.9			torch-2.14.0+cu130
gpt2	torch-compile-ro	cold	2	29	2182.7			torch-2.14.0+cu130
gpt2	torch-compile-ro	cold	2	30	2245.7			torch-2.14.0+cu130
gpt2	torch-compile-ro	cold	2	31	2181.3			torch-2.14.0+cu130
gpt2	torch-compile-ro	cold	2	32	2169.1			torch-2.14.0+cu130
gpt2	torch-compile-ro	cold	2	33	2237.8			torch-2.14.0+cu130
gpt2	torch-compile-ro	cold	2	34	2214.2			torch-2.14.0+cu130
gpt2	torch-compile-ro	cold	2	35	2181.3			torch-2.14.0+cu130
gpt2	torch-compile-ro	cold	2	36	2184.9			torch-2.14.0+cu130
gpt2	torch-compile-ro	cold	2	37	2176.5			torch-2.14.0+cu130
gpt2	torch-compile-ro	cold	2	38	2213.7			torch-2.14.0+cu130
gpt2	torch-compile-ro	cold	2	39	2177.7			torch-2.14.0+cu130
gpt2	torch-compile-ro	cold	2	40	2175.8			torch-2.14.0+cu130
gpt2	torch-compile-ro	cold	2	41	2191.5			torch-2.14.0+cu130
gpt2	torch-compile-ro	cold	2	42	2175.3			torch-2.14.0+cu130
gpt2	torch-compile-ro	cold	2	43	2192.7			torch-2.14.0+cu130
gpt2	torch-compile-ro	cold	2	44	2202.0			torch-2.14.0+cu130
gpt2	torch-compile-ro	cold	2	45	2233.7			torch-2.14.0+cu130
gpt2	torch-compile-ro	cold	2	46	2176.3			torch-2.14.0+cu130
gpt2	torch-compile-ro	cold	2	47	2193.2			torch-2.14.0+cu130
gpt2	torch-compile-ro	cold	2	48	2176.0			torch-2.14.0+cu130
gpt2	torch-compile-ro	cold	2	49	2211.8			torch-2.14.0+cu130
gpt2	torch-compile-ro	cold	2	50	2195.6			torch-2.14.0+cu130
gpt2	torch-compile-ro	cold	2	51	2244.2			torch-2.14.0+cu130
gpt2	torch-compile-ro	cold	2	52	2206.3			torch-2.14.0+cu130
gpt2	torch-compile-ro	cold	2	53	2209.7			torch-2.14.0+cu130
gpt2	torch-compile-ro	cold	2	54	2175.3			torch-2.14.0+cu130
gpt2	torch-compile-ro	cold	2	55	2170.1			torch-2.14.0+cu130
gpt2	torch-compile-ro	cold	2	56	2189.9			torch-2.14.0+cu130
gpt2	torch-compile-ro	cold	2	57	2193.7			torch-2.14.0+cu130
gpt2	torch-compile-ro	cold	2	58	2247.6			torch-2.14.0+cu130
gpt2	torch-compile-ro	cold	2	59	2176.0			torch-2.14.0+cu130
gpt2	torch-compile-ro	cold	2	60	2174.4			torch-2.14.0+cu130
gpt2	torch-compile-ro	cold	2	61	2235.4			torch-2.14.0+cu130
gpt2	torch-compile-ro	cold	2	62	2176.8			torch-2.14.0+cu130
gpt2	torch-compile-ro	cold	2	63	2182.5			torch-2.14.0+cu130
gpt2	torch-compile-ro	cold	2	64	2211.3			torch-2.14.0+cu130
gpt2	torch-compile-ro	cold	2	65	2212.3			torch-2.14.0+cu130
gpt2	torch-compile-ro	cold	2	66	2169.4			torch-2.14.0+cu130
gpt2	torch-compile-ro	cold	2	67	2194.2			torch-2.14.0+cu130
gpt2	torch-compile-ro	cold	2	68	2175.8			torch-2.14.0+cu130
gpt2	torch-compile-ro	cold	2	69	2202.0			torch-2.14.0+cu130
gpt2	torch-compile-ro	cold	2	70	2165.6			torch-2.14.0+cu130
gpt2	torch-compile-ro	cold	2	71	2193.0			torch-2.14.0+cu130
gpt2	torch-compile-ro	cold	2	72	2184.9			torch-2.14.0+cu130
gpt2	torch-compile-ro	cold	2	73	2178.0			torch-2.14.0+cu130
gpt2	torch-compile-ro	cold	2	74	2197.0			torch-2.14.0+cu130
gpt2	torch-compile-ro	cold	2	75	2175.3			torch-2.14.0+cu130
gpt2	torch-compile-ro	cold	2	76	2206.8			torch-2.14.0+cu130
gpt2	torch-compile-ro	cold	2	77	2173.2			torch-2.14.0+cu130
gpt2	torch-compile-ro	cold	2	78	2201.1			torch-2.14.0+cu130
gpt2	torch-compile-ro	cold	2	79	2125.5			torch-2.14.0+cu130
gpt2	torch-compile-ro	cold	2	80	2116.0			torch-2.14.0+cu130
gpt2	torch-compile-ro	cold	2	81	2154.8			torch-2.14.0+cu130
gpt2	torch-compile-ro	cold	2	82	2101.9			torch-2.14.0+cu130
gpt2	torch-compile-ro	cold	2	83	2113.8			torch-2.14.0+cu130
gpt2	torch-compile-ro	cold	2	84	2105.7			torch-2.14.0+cu130
gpt2	torch-compile-ro	cold	2	85	2095.5			torch-2.14.0+cu130
gpt2	torch-compile-ro	cold	2	86	2144.6			torch-2.14.0+cu130
gpt2	torch-compile-ro	cold	2	87	2139.6			torch-2.14.0+cu130
gpt2	torch-compile-ro	cold	2	88	2111.9			torch-2.14.0+cu130
gpt2	torch-compile-ro	cold	2	89	2136.2			torch-2.14.0+cu130
gpt2	torch-compile-ro	cold	2	90	2097.1			torch-2.14.0+cu130
gpt2	torch-compile-ro	cold	2	91	2117.2			torch-2.14.0+cu130
gpt2	torch-compile-ro	cold	2	92	2118.8			torch-2.14.0+cu130
gpt2	torch-compile-ro	cold	2	93	2102.9			torch-2.14.0+cu130
gpt2	torch-compile-ro	cold	2	94	2125.0			torch-2.14.0+cu130
gpt2	torch-compile-ro	cold	2	95	2152.9			torch-2.14.0+cu130
gpt2	torch-compile-ro	cold	2	96	2111.0			torch-2.14.0+cu130
gpt2	torch-compile-ro	cold	2	97	2163.2			torch-2.14.0+cu130
gpt2	torch-compile-ro	cold	2	98	2109.8			torch-2.14.0+cu130
gpt2	torch-compile-ro	cold	2	99	2108.8			torch-2.14.0+cu130
gpt2	torch-compile-ro	cold	2	100	2117.4			torch-2.14.0+cu130
gpt2	torch-compile-ro	cold	2	101	2142.2			torch-2.14.0+cu130
gpt2	torch-compile-ro	cold	2	102	2100.9			torch-2.14.0+cu130
gpt2	torch-compile-ro	cold	2	103	2107.4			torch-2.14.0+cu130
gpt2	torch-compile-ro	cold	2	104	2100.0			torch-2.14.0+cu130
gpt2	torch-compile-ro	cold	2	105	2156.7			torch-2.14.0+cu130
gpt2	torch-compile-ro	cold	2	106	2103.6			torch-2.14.0+cu130
gpt2	torch-compile-ro	cold	2	107	2132.2			torch-2.14.0+cu130
gpt2	torch-compile-ro	cold	2	108	2087.6			torch-2.14.0+cu130
gpt2	torch-compile-ro	cold	2	109	2115.7			torch-2.14.0+cu130
gpt2	torch-compile-ro	cold	2	110	2128.1			torch-2.14.0+cu130
gpt2	torch-compile-ro	cold	2	111	2150.1			torch-2.14.0+cu130
gpt2	torch-compile-ro	cold	2	112	2105.7			torch-2.14.0+cu130
gpt2	torch-compile-ro	cold	2	113	2121.9			torch-2.14.0+cu130
gpt2	torch-compile-ro	cold	2	114	2117.4			torch-2.14.0+cu130
gpt2	torch-compile-ro	cold	2	115	2097.6			torch-2.14.0+cu130
gpt2	torch-compile-ro	cold	2	116	2222.3			torch-2.14.0+cu130
gpt2	torch-compile-ro	cold	2	117	2147.0			torch-2.14.0+cu130
gpt2	torch-compile-ro	cold	2	118	2133.6			torch-2.14.0+cu130
gpt2	torch-compile-ro	cold	2	119	2110.0			torch-2.14.0+cu130
gpt2	torch-compile-ro	cold	2	120	2098.3			torch-2.14.0+cu130
gpt2	torch-compile-ro	cold	2	121	2104.8			torch-2.14.0+cu130
gpt2	torch-compile-ro	cold	2	122	2112.9			torch-2.14.0+cu130
gpt2	torch-compile-ro	cold	2	123	2165.8			torch-2.14.0+cu130
gpt2	torch-compile-ro	cold	2	124	2142.4			torch-2.14.0+cu130
gpt2	torch-compile-ro	cold	2	125	2105.0			torch-2.14.0+cu130
gpt2	torch-compile-ro	cold	2	126	2107.1			torch-2.14.0+cu130
gpt2	torch-compile-ro	cold	2	127	2107.1			torch-2.14.0+cu130
gpt2	torch-compile-ro	cold	2	128	2145.1			torch-2.14.0+cu130
gpt2	torch-compile-ro	cold	2	129	2164.6			torch-2.14.0+cu130
gpt2	torch-compile-ro	cold	2	130	2120.3			torch-2.14.0+cu130
gpt2	torch-compile-ro	cold	2	131	2131.9			torch-2.14.0+cu130
gpt2	torch-compile-ro	cold	2	132	2101.7			torch-2.14.0+cu130
gpt2	torch-compile-ro	cold	2	133	2085.9			torch-2.14.0+cu130
gpt2	torch-compile-ro	cold	2	134	2094.3			torch-2.14.0+cu130
gpt2	torch-compile-ro	cold	2	135	2176.8			torch-2.14.0+cu130
gpt2	torch-compile-ro	cold	2	136	2121.0			torch-2.14.0+cu130
gpt2	torch-compile-ro	cold	2	137	2090.5			torch-2.14.0+cu130
gpt2	torch-compile-ro	cold	2	138	2100.7			torch-2.14.0+cu130
gpt2	torch-compile-ro	cold	2	139	2106.4			torch-2.14.0+cu130
gpt2	torch-compile-ro	cold	2	140	2132.7			torch-2.14.0+cu130
gpt2	torch-compile-ro	cold	2	141	2115.5			torch-2.14.0+cu130
gpt2	torch-compile-ro	cold	2	142	2118.6			torch-2.14.0+cu130
gpt2	torch-compile-ro	cold	2	143	2125.5			torch-2.14.0+cu130
gpt2	torch-compile-ro	cold	2	144	2110.0			torch-2.14.0+cu130
gpt2	torch-compile-ro	cold	2	145	2111.7			torch-2.14.0+cu130
gpt2	torch-compile-ro	cold	2	146	2121.0			torch-2.14.0+cu130
gpt2	torch-compile-ro	cold	2	147	2129.1			torch-2.14.0+cu130
gpt2	torch-compile-ro	cold	2	148	2113.6			torch-2.14.0+cu130
gpt2	torch-compile-ro	cold	2	149	2098.8			torch-2.14.0+cu130
gpt2	torch-compile-ro	cold	2	150	2098.3			torch-2.14.0+cu130
gpt2	torch-compile-ro	cold	2	151	2104.3			torch-2.14.0+cu130
gpt2	torch-compile-ro	cold	2	152	2136.5			torch-2.14.0+cu130
gpt2	torch-compile-ro	cold	2	153	2097.1			torch-2.14.0+cu130
gpt2	torch-compile-ro	cold	2	154	2125.0			torch-2.14.0+cu130
gpt2	torch-compile-ro	cold	2	155	2177.0			torch-2.14.0+cu130
gpt2	torch-compile-ro	cold	2	156	2105.7			torch-2.14.0+cu130
gpt2	torch-compile-ro	cold	2	157	2105.5			torch-2.14.0+cu130
gpt2	torch-compile-ro	cold	2	158	2102.1			torch-2.14.0+cu130
gpt2	torch-compile-ro	cold	2	159	2108.6			torch-2.14.0+cu130
gpt2	torch-compile-ro	cold	2	160	2106.9			torch-2.14.0+cu130
gpt2	torch-compile-ro	cold	2	161	2128.4			torch-2.14.0+cu130
gpt2	torch-compile-ro	cold	2	162	2093.1			torch-2.14.0+cu130
gpt2	torch-compile-ro	cold	2	163	2118.1			torch-2.14.0+cu130
gpt2	torch-compile-ro	cold	2	164	2097.1			torch-2.14.0+cu130
gpt2	torch-compile-ro	cold	2	165	2103.3			torch-2.14.0+cu130
gpt2	torch-compile-ro	cold	2	166	2108.3			torch-2.14.0+cu130
gpt2	torch-compile-ro	cold	2	167	2094.7			torch-2.14.0+cu130
gpt2	torch-compile-ro	cold	2	168	2131.7			torch-2.14.0+cu130
gpt2	torch-compile-ro	cold	2	169	2110.0			torch-2.14.0+cu130
gpt2	torch-compile-ro	cold	2	170	2110.5			torch-2.14.0+cu130
gpt2	torch-compile-ro	cold	2	171	2143.9			torch-2.14.0+cu130
gpt2	torch-compile-ro	cold	2	172	2117.4			torch-2.14.0+cu130
gpt2	torch-compile-ro	cold	2	173	2099.0			torch-2.14.0+cu130
gpt2	torch-compile-ro	cold	2	174	2112.2			torch-2.14.0+cu130
gpt2	torch-compile-ro	cold	2	175	2114.5			torch-2.14.0+cu130
gpt2	torch-compile-ro	cold	2	176	2167.0			torch-2.14.0+cu130
gpt2	torch-compile-ro	cold	2	177	2128.4			torch-2.14.0+cu130
gpt2	torch-compile-ro	cold	2	178	2119.3			torch-2.14.0+cu130
gpt2	torch-compile-ro	cold	2	179	2129.1			torch-2.14.0+cu130
gpt2	torch-compile-ro	cold	2	180	2113.1			torch-2.14.0+cu130
gpt2	torch-compile-ro	cold	2	181	2110.5			torch-2.14.0+cu130
gpt2	torch-compile-ro	cold	2	182	2130.3			torch-2.14.0+cu130
gpt2	torch-compile-ro	cold	2	183	2141.0			torch-2.14.0+cu130
gpt2	torch-compile-ro	cold	2	184	2138.9			torch-2.14.0+cu130
gpt2	torch-compile-ro	cold	2	185	2121.0			torch-2.14.0+cu130
gpt2	torch-compile-ro	cold	2	186	2132.9			torch-2.14.0+cu130
gpt2	torch-compile-ro	cold	2	187	2113.3			torch-2.14.0+cu130
gpt2	torch-compile-ro	cold	2	188	2119.3			torch-2.14.0+cu130
gpt2	torch-compile-ro	cold	2	189	2106.7			torch-2.14.0+cu130
gpt2	torch-compile-ro	cold	2	190	2128.1			torch-2.14.0+cu130
gpt2	torch-compile-ro	cold	2	191	2136.7			torch-2.14.0+cu130
gpt2	torch-compile-ro	cold	2	192	2117.4			torch-2.14.0+cu130
gpt2	torch-compile-ro	cold	2	193	2130.3			torch-2.14.0+cu130
gpt2	torch-compile-ro	cold	2	194	2106.2			torch-2.14.0+cu130
gpt2	torch-compile-ro	cold	2	195	2131.5			torch-2.14.0+cu130
gpt2	torch-compile-ro	cold	2	196	2132.9			torch-2.14.0+cu130
gpt2	torch-compile-ro	cold	2	197	2175.6			torch-2.14.0+cu130
gpt2	torch-compile-ro	cold	2	198	2124.1			torch-2.14.0+cu130
gpt2	torch-compile-ro	cold	2	199	2128.4			torch-2.14.0+cu130
gpt2	torch-compile-ro	cold	2	200	2121.2			torch-2.14.0+cu130
gpt2	torch-compile-ro	cold	2	201	2119.8			torch-2.14.0+cu130
gpt2	torch-compile-ro	cold	2	202	2112.2			torch-2.14.0+cu130
gpt2	torch-compile-ro	cold	2	203	2115.2			torch-2.14.0+cu130
gpt2	torch-compile-ro	cold	2	204	2107.9			torch-2.14.0+cu130
gpt2	torch-compile-ro	cold	2	205	2103.6			torch-2.14.0+cu130
gpt2	torch-compile-ro	cold	2	206	2112.2			torch-2.14.0+cu130
gpt2	torch-compile-ro	cold	2	207	2117.9			torch-2.14.0+cu130
gpt2	torch-compile-ro	cold	2	208	2118.3			torch-2.14.0+cu130
gpt2	torch-compile-ro	cold	2	209	2135.8			torch-2.14.0+cu130
gpt2	torch-compile-ro	cold	2	210	2124.5			torch-2.14.0+cu130
gpt2	torch-compile-ro	cold	2	211	2112.4			torch-2.14.0+cu130
gpt2	torch-compile-ro	cold	2	212	2111.0			torch-2.14.0+cu130
gpt2	torch-compile-ro	cold	2	213	2121.0			torch-2.14.0+cu130
gpt2	torch-compile-ro	cold	2	214	2116.2			torch-2.14.0+cu130
gpt2	torch-compile-ro	cold	2	215	2121.7			torch-2.14.0+cu130
gpt2	torch-compile-ro	cold	2	216	2129.3			torch-2.14.0+cu130
gpt2	torch-compile-ro	cold	2	217	2117.6			torch-2.14.0+cu130
gpt2	torch-compile-ro	cold	2	218	2135.5			torch-2.14.0+cu130
gpt2	torch-compile-ro	cold	2	219	2128.4			torch-2.14.0+cu130
gpt2	torch-compile-ro	cold	2	220	2152.7			torch-2.14.0+cu130
gpt2	torch-compile-ro	cold	2	221	2121.4			torch-2.14.0+cu130
gpt2	torch-compile-ro	cold	2	222	2110.0			torch-2.14.0+cu130
gpt2	torch-compile-ro	cold	2	223	2126.7			torch-2.14.0+cu130
gpt2	torch-compile-ro	cold	2	224	2124.1			torch-2.14.0+cu130
gpt2	torch-compile-ro	cold	2	225	2119.1			torch-2.14.0+cu130
gpt2	torch-compile-ro	cold	2	226	2125.0			torch-2.14.0+cu130
gpt2	torch-compile-ro	cold	2	227	2108.3			torch-2.14.0+cu130
gpt2	torch-compile-ro	cold	2	228	2102.9			torch-2.14.0+cu130
gpt2	torch-compile-ro	cold	2	229	2106.9			torch-2.14.0+cu130
gpt2	torch-compile-ro	cold	2	230	2107.9			torch-2.14.0+cu130
gpt2	torch-compile-ro	cold	2	231	2140.3			torch-2.14.0+cu130
gpt2	torch-compile-ro	cold	2	232	2156.5			torch-2.14.0+cu130
gpt2	torch-compile-ro	cold	2	233	2114.8			torch-2.14.0+cu130
gpt2	torch-compile-ro	cold	2	234	2107.9			torch-2.14.0+cu130
gpt2	torch-compile-ro	cold	2	235	2121.9			torch-2.14.0+cu130
gpt2	torch-compile-ro	cold	2	236	2133.8			torch-2.14.0+cu130
gpt2	torch-compile-ro	cold	2	237	2113.6			torch-2.14.0+cu130
gpt2	torch-compile-ro	cold	2	238	2126.9			torch-2.14.0+cu130
gpt2	torch-compile-ro	cold	2	239	2136.0			torch-2.14.0+cu130
gpt2	torch-compile-ro	cold	2	240	2169.6			torch-2.14.0+cu130
gpt2	torch-compile-ro	cold	2	241	2130.0			torch-2.14.0+cu130
gpt2	torch-compile-ro	cold	2	242	2129.6			torch-2.14.0+cu130
gpt2	torch-compile-ro	cold	2	243	2108.1			torch-2.14.0+cu130
gpt2	torch-compile-ro	cold	2	244	2110.7			torch-2.14.0+cu130
gpt2	torch-compile-ro	cold	2	245	2141.7			torch-2.14.0+cu130
gpt2	torch-compile-ro	cold	2	246	2109.5			torch-2.14.0+cu130
gpt2	torch-compile-ro	cold	2	247	2123.6			torch-2.14.0+cu130
gpt2	torch-compile-ro	cold	2	248	2116.4			torch-2.14.0+cu130
gpt2	torch-compile-ro	cold	2	249	2150.8			torch-2.14.0+cu130
gpt2	torch-compile-ro	cold	2	250	2099.3			torch-2.14.0+cu130
gpt2	torch-compile-ro	cold	2	251	2158.2			torch-2.14.0+cu130
gpt2	torch-compile-ro	cold	2	252	2137.2			torch-2.14.0+cu130
gpt2	torch-compile-ro	cold	2	253	2128.1			torch-2.14.0+cu130
gpt2	torch-compile-ro	cold	2	254	2112.9			torch-2.14.0+cu130
gpt2	torch-compile-ro	cold	2	255	2127.2			torch-2.14.0+cu130
gpt2	torch-compile-ro	cold	2	256	2176.0			torch-2.14.0+cu130
gpt2	torch-compile-ro	cold	2	257	2105.5			torch-2.14.0+cu130
gpt2	torch-compile-ro	cold	2	258	2117.9			torch-2.14.0+cu130
gpt2	torch-compile-ro	cold	2	259	2140.8			torch-2.14.0+cu130
gpt2	torch-compile-ro	cold	2	260	2156.5			torch-2.14.0+cu130
gpt2	torch-compile-ro	cold	2	261	2114.1			torch-2.14.0+cu130
gpt2	torch-compile-ro	cold	2	262	2107.9			torch-2.14.0+cu130
gpt2	torch-compile-ro	cold	2	263	2142.0			torch-2.14.0+cu130
gpt2	torch-compile-ro	cold	2	264	2116.4			torch-2.14.0+cu130
gpt2	torch-compile-ro	cold	2	265	2135.5			torch-2.14.0+cu130
gpt2	torch-compile-ro	cold	2	266	2125.5			torch-2.14.0+cu130
gpt2	torch-compile-ro	cold	2	267	2128.1			torch-2.14.0+cu130
gpt2	torch-compile-ro	cold	2	268	2122.6			torch-2.14.0+cu130
gpt2	torch-compile-ro	cold	2	269	2114.3			torch-2.14.0+cu130
gpt2	torch-compile-ro	cold	2	270	2127.9			torch-2.14.0+cu130
gpt2	torch-compile-ro	cold	2	271	2120.3			torch-2.14.0+cu130
gpt2	torch-compile-ro	cold	2	272	2136.7			torch-2.14.0+cu130
gpt2	torch-compile-ro	cold	2	273	2114.1			torch-2.14.0+cu130
gpt2	torch-compile-ro	cold	2	274	2123.1			torch-2.14.0+cu130
gpt2	torch-compile-ro	cold	2	275	2177.2			torch-2.14.0+cu130
gpt2	torch-compile-ro	cold	2	276	2104.8			torch-2.14.0+cu130
gpt2	torch-compile-ro	cold	2	277	2170.1			torch-2.14.0+cu130
gpt2	torch-compile-ro	cold	2	278	2119.3			torch-2.14.0+cu130
gpt2	torch-compile-ro	cold	2	279	2122.6			torch-2.14.0+cu130
gpt2	torch-compile-ro	cold	2	280	2116.7			torch-2.14.0+cu130
gpt2	torch-compile-ro	cold	2	281	2133.6			torch-2.14.0+cu130
gpt2	torch-compile-ro	cold	2	282	2177.0			torch-2.14.0+cu130
gpt2	torch-compile-ro	cold	2	283	2103.8			torch-2.14.0+cu130
gpt2	torch-compile-ro	cold	2	284	2139.6			torch-2.14.0+cu130
gpt2	torch-compile-ro	cold	2	285	2101.7			torch-2.14.0+cu130
gpt2	torch-compile-ro	cold	2	286	2142.2			torch-2.14.0+cu130
gpt2	torch-compile-ro	cold	2	287	2150.3			torch-2.14.0+cu130
gpt2	torch-compile-ro	cold	2	288	2121.7			torch-2.14.0+cu130
gpt2	torch-compile-ro	cold	2	289	2136.2			torch-2.14.0+cu130
gpt2	torch-compile-ro	cold	2	290	2121.2			torch-2.14.0+cu130
gpt2	torch-compile-ro	cold	2	291	2118.3			torch-2.14.0+cu130
gpt2	torch-compile-ro	cold	2	292	2156.0			torch-2.14.0+cu130
gpt2	torch-compile-ro	cold	2	293	2146.0			torch-2.14.0+cu130
gpt2	torch-compile-ro	cold	2	294	2151.7			torch-2.14.0+cu130
gpt2	torch-compile-ro	cold	2	295	2128.4			torch-2.14.0+cu130
gpt2	torch-compile-ro	cold	2	296	2125.0			torch-2.14.0+cu130
gpt2	torch-compile-ro	cold	2	297	2114.3			torch-2.14.0+cu130
gpt2	torch-compile-ro	cold	2	298	2136.0			torch-2.14.0+cu130
gpt2	torch-compile-ro	cold	2	299	2132.7			torch-2.14.0+cu130
gpt2	jax	cold	2	0	8886.5			jax-0.11.1
gpt2	jax	cold	2	1	2263.3			jax-0.11.1
gpt2	jax	cold	2	2	2254.6			jax-0.11.1
gpt2	jax	cold	2	3	2051.4			jax-0.11.1
gpt2	jax	cold	2	4	2045.4			jax-0.11.1
gpt2	jax	cold	2	5	2034.0			jax-0.11.1
gpt2	jax	cold	2	6	1976.7			jax-0.11.1
gpt2	jax	cold	2	7	2006.4			jax-0.11.1
gpt2	jax	cold	2	8	1990.2			jax-0.11.1
gpt2	jax	cold	2	9	2026.7			jax-0.11.1
gpt2	jax	cold	2	10	1986.4			jax-0.11.1
gpt2	jax	cold	2	11	2027.5			jax-0.11.1
gpt2	jax	cold	2	12	1982.3			jax-0.11.1
gpt2	jax	cold	2	13	2029.5			jax-0.11.1
gpt2	jax	cold	2	14	1951.5			jax-0.11.1
gpt2	jax	cold	2	15	1950.9			jax-0.11.1
gpt2	jax	cold	2	16	2039.8			jax-0.11.1
gpt2	jax	cold	2	17	2024.3			jax-0.11.1
gpt2	jax	cold	2	18	1983.0			jax-0.11.1
gpt2	jax	cold	2	19	2034.4			jax-0.11.1
gpt2	jax	cold	2	20	1975.8			jax-0.11.1
gpt2	jax	cold	2	21	1983.1			jax-0.11.1
gpt2	jax	cold	2	22	2032.6			jax-0.11.1
gpt2	jax	cold	2	23	1955.8			jax-0.11.1
gpt2	jax	cold	2	24	1992.3			jax-0.11.1
gpt2	jax	cold	2	25	2035.5			jax-0.11.1
gpt2	jax	cold	2	26	1961.1			jax-0.11.1
gpt2	jax	cold	2	27	1974.8			jax-0.11.1
gpt2	jax	cold	2	28	2035.5			jax-0.11.1
gpt2	jax	cold	2	29	1982.3			jax-0.11.1
gpt2	jax	cold	2	30	1956.6			jax-0.11.1
gpt2	jax	cold	2	31	2035.3			jax-0.11.1
gpt2	jax	cold	2	32	1954.3			jax-0.11.1
gpt2	jax	cold	2	33	2047.7			jax-0.11.1
gpt2	jax	cold	2	34	1984.8			jax-0.11.1
gpt2	jax	cold	2	35	2025.2			jax-0.11.1
gpt2	jax	cold	2	36	2179.5			jax-0.11.1
gpt2	jax	cold	2	37	2029.9			jax-0.11.1
gpt2	jax	cold	2	38	2241.1			jax-0.11.1
gpt2	jax	cold	2	39	2391.9			jax-0.11.1
gpt2	jax	cold	2	40	2277.4			jax-0.11.1
gpt2	jax	cold	2	41	2218.9			jax-0.11.1
gpt2	jax	cold	2	42	2181.8			jax-0.11.1
gpt2	jax	cold	2	43	1989.6			jax-0.11.1
gpt2	jax	cold	2	44	2340.4			jax-0.11.1
gpt2	jax	cold	2	45	2244.6			jax-0.11.1
gpt2	jax	cold	2	46	2038.5			jax-0.11.1
gpt2	jax	cold	2	47	2159.2			jax-0.11.1
gpt2	jax	cold	2	48	1976.2			jax-0.11.1
gpt2	jax	cold	2	49	2175.3			jax-0.11.1
gpt2	jax	cold	2	50	2369.2			jax-0.11.1
gpt2	jax	cold	2	51	2207.0			jax-0.11.1
gpt2	jax	cold	2	52	2196.1			jax-0.11.1
gpt2	jax	cold	2	53	1987.2			jax-0.11.1
gpt2	jax	cold	2	54	1985.0			jax-0.11.1
gpt2	jax	cold	2	55	1980.6			jax-0.11.1
gpt2	jax	cold	2	56	1951.4			jax-0.11.1
gpt2	jax	cold	2	57	2166.2			jax-0.11.1
gpt2	jax	cold	2	58	1975.0			jax-0.11.1
gpt2	jax	cold	2	59	2012.2			jax-0.11.1
gpt2	jax	cold	2	60	2518.9			jax-0.11.1
gpt2	jax	cold	2	61	2274.7			jax-0.11.1
gpt2	jax	cold	2	62	2029.0			jax-0.11.1
gpt2	jax	cold	2	63	1975.7			jax-0.11.1
gpt2	jax	cold	2	64	2174.9			jax-0.11.1
gpt2	jax	cold	2	65	1952.3			jax-0.11.1
gpt2	jax	cold	2	66	2008.4			jax-0.11.1
gpt2	jax	cold	2	67	2008.7			jax-0.11.1
gpt2	jax	cold	2	68	2017.5			jax-0.11.1
gpt2	jax	cold	2	69	2013.6			jax-0.11.1
gpt2	jax	cold	2	70	2521.1			jax-0.11.1
gpt2	jax	cold	2	71	2272.6			jax-0.11.1
gpt2	jax	cold	2	72	2291.8			jax-0.11.1
gpt2	jax	cold	2	73	1998.2			jax-0.11.1
gpt2	jax	cold	2	74	2424.0			jax-0.11.1
gpt2	jax	cold	2	75	2248.5			jax-0.11.1
gpt2	jax	cold	2	76	2045.5			jax-0.11.1
gpt2	jax	cold	2	77	1969.3			jax-0.11.1
gpt2	jax	cold	2	78	1957.3			jax-0.11.1
gpt2	jax	cold	2	79	2170.3			jax-0.11.1
gpt2	jax	cold	2	80	1975.5			jax-0.11.1
gpt2	jax	cold	2	81	1989.3			jax-0.11.1
gpt2	jax	cold	2	82	1962.9			jax-0.11.1
gpt2	jax	cold	2	83	1960.8			jax-0.11.1
gpt2	jax	cold	2	84	1973.9			jax-0.11.1
gpt2	jax	cold	2	85	2166.4			jax-0.11.1
gpt2	jax	cold	2	86	1975.4			jax-0.11.1
gpt2	jax	cold	2	87	2182.5			jax-0.11.1
gpt2	jax	cold	2	88	2386.6			jax-0.11.1
gpt2	jax	cold	2	89	2266.9			jax-0.11.1
gpt2	jax	cold	2	90	2327.2			jax-0.11.1
gpt2	jax	cold	2	91	2958.3			jax-0.11.1
gpt2	jax	cold	2	92	2422.7			jax-0.11.1
gpt2	jax	cold	2	93	2043.5			jax-0.11.1
gpt2	jax	cold	2	94	2281.0			jax-0.11.1
gpt2	jax	cold	2	95	2265.0			jax-0.11.1
gpt2	jax	cold	2	96	2027.1			jax-0.11.1
gpt2	jax	cold	2	97	2381.6			jax-0.11.1
gpt2	jax	cold	2	98	2275.6			jax-0.11.1
gpt2	jax	cold	2	99	2200.0			jax-0.11.1
gpt2	jax	cold	2	100	1983.4			jax-0.11.1
gpt2	jax	cold	2	101	1975.5			jax-0.11.1
gpt2	jax	cold	2	102	2012.3			jax-0.11.1
gpt2	jax	cold	2	103	2033.2			jax-0.11.1
gpt2	jax	cold	2	104	2498.4			jax-0.11.1
gpt2	jax	cold	2	105	2012.3			jax-0.11.1
gpt2	jax	cold	2	106	2279.4			jax-0.11.1
gpt2	jax	cold	2	107	2294.5			jax-0.11.1
gpt2	jax	cold	2	108	2026.1			jax-0.11.1
gpt2	jax	cold	2	109	2350.8			jax-0.11.1
gpt2	jax	cold	2	110	2277.4			jax-0.11.1
gpt2	jax	cold	2	111	2220.3			jax-0.11.1
gpt2	jax	cold	2	112	1988.3			jax-0.11.1
gpt2	jax	cold	2	113	2052.5			jax-0.11.1
gpt2	jax	cold	2	114	2106.2			jax-0.11.1
gpt2	jax	cold	2	115	2098.0			jax-0.11.1
gpt2	jax	cold	2	116	2089.0			jax-0.11.1
gpt2	jax	cold	2	117	2071.6			jax-0.11.1
gpt2	jax	cold	2	118	2073.4			jax-0.11.1
gpt2	jax	cold	2	119	2039.9			jax-0.11.1
gpt2	jax	cold	2	120	2075.2			jax-0.11.1
gpt2	jax	cold	2	121	2037.3			jax-0.11.1
gpt2	jax	cold	2	122	2030.5			jax-0.11.1
gpt2	jax	cold	2	123	2027.7			jax-0.11.1
gpt2	jax	cold	2	124	2028.7			jax-0.11.1
gpt2	jax	cold	2	125	2064.2			jax-0.11.1
gpt2	jax	cold	2	126	2027.9			jax-0.11.1
gpt2	jax	cold	2	127	2030.2			jax-0.11.1
gpt2	jax	cold	2	128	2038.7			jax-0.11.1
gpt2	jax	cold	2	129	2041.2			jax-0.11.1
gpt2	jax	cold	2	130	2043.4			jax-0.11.1
gpt2	jax	cold	2	131	1966.7			jax-0.11.1
gpt2	jax	cold	2	132	1962.5			jax-0.11.1
gpt2	jax	cold	2	133	1953.3			jax-0.11.1
gpt2	jax	cold	2	134	1961.3			jax-0.11.1
gpt2	jax	cold	2	135	1935.2			jax-0.11.1
gpt2	jax	cold	2	136	1926.9			jax-0.11.1
gpt2	jax	cold	2	137	1926.7			jax-0.11.1
gpt2	jax	cold	2	138	1927.4			jax-0.11.1
gpt2	jax	cold	2	139	1927.2			jax-0.11.1
gpt2	jax	cold	2	140	1974.7			jax-0.11.1
gpt2	jax	cold	2	141	1986.9			jax-0.11.1
gpt2	jax	cold	2	142	1968.6			jax-0.11.1
gpt2	jax	cold	2	143	1975.2			jax-0.11.1
gpt2	jax	cold	2	144	1972.5			jax-0.11.1
gpt2	jax	cold	2	145	1962.7			jax-0.11.1
gpt2	jax	cold	2	146	1970.7			jax-0.11.1
gpt2	jax	cold	2	147	1968.1			jax-0.11.1
gpt2	jax	cold	2	148	1975.9			jax-0.11.1
gpt2	jax	cold	2	149	1998.0			jax-0.11.1
gpt2	jax	cold	2	150	1977.9			jax-0.11.1
gpt2	jax	cold	2	151	1971.4			jax-0.11.1
gpt2	jax	cold	2	152	1978.1			jax-0.11.1
gpt2	jax	cold	2	153	1975.1			jax-0.11.1
gpt2	jax	cold	2	154	1981.2			jax-0.11.1
gpt2	jax	cold	2	155	1985.8			jax-0.11.1
gpt2	jax	cold	2	156	2019.8			jax-0.11.1
gpt2	jax	cold	2	157	2001.8			jax-0.11.1
gpt2	jax	cold	2	158	1951.8			jax-0.11.1
gpt2	jax	cold	2	159	1993.5			jax-0.11.1
gpt2	jax	cold	2	160	1987.8			jax-0.11.1
gpt2	jax	cold	2	161	1981.7			jax-0.11.1
gpt2	jax	cold	2	162	1999.2			jax-0.11.1
gpt2	jax	cold	2	163	1966.1			jax-0.11.1
gpt2	jax	cold	2	164	1998.3			jax-0.11.1
gpt2	jax	cold	2	165	2043.0			jax-0.11.1
gpt2	jax	cold	2	166	2011.5			jax-0.11.1
gpt2	jax	cold	2	167	1992.7			jax-0.11.1
gpt2	jax	cold	2	168	1988.1			jax-0.11.1
gpt2	jax	cold	2	169	1980.4			jax-0.11.1
gpt2	jax	cold	2	170	1991.2			jax-0.11.1
gpt2	jax	cold	2	171	1974.0			jax-0.11.1
gpt2	jax	cold	2	172	2005.9			jax-0.11.1
gpt2	jax	cold	2	173	1988.2			jax-0.11.1
gpt2	jax	cold	2	174	2061.8			jax-0.11.1
gpt2	jax	cold	2	175	1999.4			jax-0.11.1
gpt2	jax	cold	2	176	2003.4			jax-0.11.1
gpt2	jax	cold	2	177	1976.7			jax-0.11.1
gpt2	jax	cold	2	178	1984.6			jax-0.11.1
gpt2	jax	cold	2	179	1993.7			jax-0.11.1
gpt2	jax	cold	2	180	1993.7			jax-0.11.1
gpt2	jax	cold	2	181	1973.9			jax-0.11.1
gpt2	jax	cold	2	182	1975.5			jax-0.11.1
gpt2	jax	cold	2	183	1981.8			jax-0.11.1
gpt2	jax	cold	2	184	1990.5			jax-0.11.1
gpt2	jax	cold	2	185	1980.5			jax-0.11.1
gpt2	jax	cold	2	186	1981.0			jax-0.11.1
gpt2	jax	cold	2	187	1974.4			jax-0.11.1
gpt2	jax	cold	2	188	1991.4			jax-0.11.1
gpt2	jax	cold	2	189	1974.0			jax-0.11.1
gpt2	jax	cold	2	190	1969.5			jax-0.11.1
gpt2	jax	cold	2	191	1967.3			jax-0.11.1
gpt2	jax	cold	2	192	1942.7			jax-0.11.1
gpt2	jax	cold	2	193	1937.0			jax-0.11.1
gpt2	jax	cold	2	194	1916.2			jax-0.11.1
gpt2	jax	cold	2	195	1877.3			jax-0.11.1
gpt2	jax	cold	2	196	1920.5			jax-0.11.1
gpt2	jax	cold	2	197	1922.8			jax-0.11.1
gpt2	jax	cold	2	198	1953.6			jax-0.11.1
gpt2	jax	cold	2	199	1956.4			jax-0.11.1
gpt2	jax	cold	2	200	1961.4			jax-0.11.1
gpt2	jax	cold	2	201	1963.7			jax-0.11.1
gpt2	jax	cold	2	202	1957.9			jax-0.11.1
gpt2	jax	cold	2	203	1951.0			jax-0.11.1
gpt2	jax	cold	2	204	1969.0			jax-0.11.1
gpt2	jax	cold	2	205	1968.9			jax-0.11.1
gpt2	jax	cold	2	206	1970.4			jax-0.11.1
gpt2	jax	cold	2	207	1961.4			jax-0.11.1
gpt2	jax	cold	2	208	1947.4			jax-0.11.1
gpt2	jax	cold	2	209	1982.2			jax-0.11.1
gpt2	jax	cold	2	210	1978.6			jax-0.11.1
gpt2	jax	cold	2	211	1966.5			jax-0.11.1
gpt2	jax	cold	2	212	1971.1			jax-0.11.1
gpt2	jax	cold	2	213	1956.3			jax-0.11.1
gpt2	jax	cold	2	214	1955.4			jax-0.11.1
gpt2	jax	cold	2	215	1950.1			jax-0.11.1
gpt2	jax	cold	2	216	1942.7			jax-0.11.1
gpt2	jax	cold	2	217	1914.4			jax-0.11.1
gpt2	jax	cold	2	218	1917.4			jax-0.11.1
gpt2	jax	cold	2	219	1917.0			jax-0.11.1
gpt2	jax	cold	2	220	1919.0			jax-0.11.1
gpt2	jax	cold	2	221	1962.4			jax-0.11.1
gpt2	jax	cold	2	222	1960.7			jax-0.11.1
gpt2	jax	cold	2	223	1973.9			jax-0.11.1
gpt2	jax	cold	2	224	1967.8			jax-0.11.1
gpt2	jax	cold	2	225	1967.9			jax-0.11.1
gpt2	jax	cold	2	226	1965.2			jax-0.11.1
gpt2	jax	cold	2	227	1969.1			jax-0.11.1
gpt2	jax	cold	2	228	1966.0			jax-0.11.1
gpt2	jax	cold	2	229	1972.9			jax-0.11.1
gpt2	jax	cold	2	230	1990.9			jax-0.11.1
gpt2	jax	cold	2	231	1987.7			jax-0.11.1
gpt2	jax	cold	2	232	1989.2			jax-0.11.1
gpt2	jax	cold	2	233	1969.8			jax-0.11.1
gpt2	jax	cold	2	234	1976.7			jax-0.11.1
gpt2	jax	cold	2	235	1971.9			jax-0.11.1
gpt2	jax	cold	2	236	1981.0			jax-0.11.1
gpt2	jax	cold	2	237	1976.7			jax-0.11.1
gpt2	jax	cold	2	238	1984.1			jax-0.11.1
gpt2	jax	cold	2	239	1973.1			jax-0.11.1
gpt2	jax	cold	2	240	1979.1			jax-0.11.1
gpt2	jax	cold	2	241	1972.8			jax-0.11.1
gpt2	jax	cold	2	242	1972.9			jax-0.11.1
gpt2	jax	cold	2	243	1951.7			jax-0.11.1
gpt2	jax	cold	2	244	1940.2			jax-0.11.1
gpt2	jax	cold	2	245	1938.4			jax-0.11.1
gpt2	jax	cold	2	246	1934.2			jax-0.11.1
gpt2	jax	cold	2	247	1921.1			jax-0.11.1
gpt2	jax	cold	2	248	1922.1			jax-0.11.1
gpt2	jax	cold	2	249	1915.7			jax-0.11.1
gpt2	jax	cold	2	250	1925.4			jax-0.11.1
gpt2	jax	cold	2	251	1965.0			jax-0.11.1
gpt2	jax	cold	2	252	1976.5			jax-0.11.1
gpt2	jax	cold	2	253	1981.0			jax-0.11.1
gpt2	jax	cold	2	254	1963.0			jax-0.11.1
gpt2	jax	cold	2	255	1964.4			jax-0.11.1
gpt2	jax	cold	2	256	1969.3			jax-0.11.1
gpt2	jax	cold	2	257	1979.1			jax-0.11.1
gpt2	jax	cold	2	258	1971.0			jax-0.11.1
gpt2	jax	cold	2	259	2033.3			jax-0.11.1
gpt2	jax	cold	2	260	2035.2			jax-0.11.1
gpt2	jax	cold	2	261	1946.7			jax-0.11.1
gpt2	jax	cold	2	262	1988.0			jax-0.11.1
gpt2	jax	cold	2	263	1922.1			jax-0.11.1
gpt2	jax	cold	2	264	1969.0			jax-0.11.1
gpt2	jax	cold	2	265	1989.5			jax-0.11.1
gpt2	jax	cold	2	266	1959.0			jax-0.11.1
gpt2	jax	cold	2	267	1956.0			jax-0.11.1
gpt2	jax	cold	2	268	1962.6			jax-0.11.1
gpt2	jax	cold	2	269	1961.3			jax-0.11.1
gpt2	jax	cold	2	270	1957.3			jax-0.11.1
gpt2	jax	cold	2	271	1941.5			jax-0.11.1
gpt2	jax	cold	2	272	1936.2			jax-0.11.1
gpt2	jax	cold	2	273	1916.0			jax-0.11.1
gpt2	jax	cold	2	274	1907.8			jax-0.11.1
gpt2	jax	cold	2	275	1905.7			jax-0.11.1
gpt2	jax	cold	2	276	1911.9			jax-0.11.1
gpt2	jax	cold	2	277	1953.3			jax-0.11.1
gpt2	jax	cold	2	278	1956.5			jax-0.11.1
gpt2	jax	cold	2	279	1943.2			jax-0.11.1
gpt2	jax	cold	2	280	1944.3			jax-0.11.1
gpt2	jax	cold	2	281	1952.1			jax-0.11.1
gpt2	jax	cold	2	282	1967.0			jax-0.11.1
gpt2	jax	cold	2	283	1979.9			jax-0.11.1
gpt2	jax	cold	2	284	1973.7			jax-0.11.1
gpt2	jax	cold	2	285	1963.8			jax-0.11.1
gpt2	jax	cold	2	286	1977.6			jax-0.11.1
gpt2	jax	cold	2	287	1966.4			jax-0.11.1
gpt2	jax	cold	2	288	1966.3			jax-0.11.1
gpt2	jax	cold	2	289	1984.1			jax-0.11.1
gpt2	jax	cold	2	290	1987.1			jax-0.11.1
gpt2	jax	cold	2	291	1970.9			jax-0.11.1
gpt2	jax	cold	2	292	2065.8			jax-0.11.1
gpt2	jax	cold	2	293	1994.2			jax-0.11.1
gpt2	jax	cold	2	294	2004.0			jax-0.11.1
gpt2	jax	cold	2	295	1979.9			jax-0.11.1
gpt2	jax	cold	2	296	1970.7			jax-0.11.1
gpt2	jax	cold	2	297	1962.4			jax-0.11.1
gpt2	jax	cold	2	298	1968.1			jax-0.11.1
gpt2	jax	cold	2	299	1911.3			jax-0.11.1
gpt2	torch-eager	cold	3	0	131386.0			torch-2.14.0+cu130
gpt2	torch-eager	cold	3	1	5702.0			torch-2.14.0+cu130
gpt2	torch-eager	cold	3	2	5482.2			torch-2.14.0+cu130
gpt2	torch-eager	cold	3	3	5375.9			torch-2.14.0+cu130
gpt2	torch-eager	cold	3	4	5410.9			torch-2.14.0+cu130
gpt2	torch-eager	cold	3	5	5336.5			torch-2.14.0+cu130
gpt2	torch-eager	cold	3	6	5337.0			torch-2.14.0+cu130
gpt2	torch-eager	cold	3	7	5357.0			torch-2.14.0+cu130
gpt2	torch-eager	cold	3	8	5311.3			torch-2.14.0+cu130
gpt2	torch-eager	cold	3	9	5288.4			torch-2.14.0+cu130
gpt2	torch-eager	cold	3	10	5324.6			torch-2.14.0+cu130
gpt2	torch-eager	cold	3	11	5283.8			torch-2.14.0+cu130
gpt2	torch-eager	cold	3	12	5297.7			torch-2.14.0+cu130
gpt2	torch-eager	cold	3	13	5379.9			torch-2.14.0+cu130
gpt2	torch-eager	cold	3	14	5294.3			torch-2.14.0+cu130
gpt2	torch-eager	cold	3	15	5288.6			torch-2.14.0+cu130
gpt2	torch-eager	cold	3	16	5391.6			torch-2.14.0+cu130
gpt2	torch-eager	cold	3	17	5310.5			torch-2.14.0+cu130
gpt2	torch-eager	cold	3	18	5330.1			torch-2.14.0+cu130
gpt2	torch-eager	cold	3	19	5327.7			torch-2.14.0+cu130
gpt2	torch-eager	cold	3	20	5296.2			torch-2.14.0+cu130
gpt2	torch-eager	cold	3	21	5320.1			torch-2.14.0+cu130
gpt2	torch-eager	cold	3	22	5308.4			torch-2.14.0+cu130
gpt2	torch-eager	cold	3	23	5291.7			torch-2.14.0+cu130
gpt2	torch-eager	cold	3	24	5285.7			torch-2.14.0+cu130
gpt2	torch-eager	cold	3	25	5332.5			torch-2.14.0+cu130
gpt2	torch-eager	cold	3	26	5297.4			torch-2.14.0+cu130
gpt2	torch-eager	cold	3	27	5310.1			torch-2.14.0+cu130
gpt2	torch-eager	cold	3	28	5287.4			torch-2.14.0+cu130
gpt2	torch-eager	cold	3	29	5323.4			torch-2.14.0+cu130
gpt2	torch-eager	cold	3	30	5307.7			torch-2.14.0+cu130
gpt2	torch-eager	cold	3	31	5325.8			torch-2.14.0+cu130
gpt2	torch-eager	cold	3	32	5315.8			torch-2.14.0+cu130
gpt2	torch-eager	cold	3	33	5308.2			torch-2.14.0+cu130
gpt2	torch-eager	cold	3	34	5324.1			torch-2.14.0+cu130
gpt2	torch-eager	cold	3	35	5299.3			torch-2.14.0+cu130
gpt2	torch-eager	cold	3	36	5313.6			torch-2.14.0+cu130
gpt2	torch-eager	cold	3	37	5329.1			torch-2.14.0+cu130
gpt2	torch-eager	cold	3	38	5372.8			torch-2.14.0+cu130
gpt2	torch-eager	cold	3	39	5334.4			torch-2.14.0+cu130
gpt2	torch-eager	cold	3	40	5309.3			torch-2.14.0+cu130
gpt2	torch-eager	cold	3	41	5290.0			torch-2.14.0+cu130
gpt2	torch-eager	cold	3	42	5347.3			torch-2.14.0+cu130
gpt2	torch-eager	cold	3	43	5311.0			torch-2.14.0+cu130
gpt2	torch-eager	cold	3	44	5325.1			torch-2.14.0+cu130
gpt2	torch-eager	cold	3	45	5276.9			torch-2.14.0+cu130
gpt2	torch-eager	cold	3	46	5280.7			torch-2.14.0+cu130
gpt2	torch-eager	cold	3	47	5268.3			torch-2.14.0+cu130
gpt2	torch-eager	cold	3	48	5346.1			torch-2.14.0+cu130
gpt2	torch-eager	cold	3	49	5304.1			torch-2.14.0+cu130
gpt2	torch-eager	cold	3	50	5332.9			torch-2.14.0+cu130
gpt2	torch-eager	cold	3	51	5296.2			torch-2.14.0+cu130
gpt2	torch-eager	cold	3	52	5289.8			torch-2.14.0+cu130
gpt2	torch-eager	cold	3	53	5275.0			torch-2.14.0+cu130
gpt2	torch-eager	cold	3	54	5277.6			torch-2.14.0+cu130
gpt2	torch-eager	cold	3	55	5284.3			torch-2.14.0+cu130
gpt2	torch-eager	cold	3	56	5342.0			torch-2.14.0+cu130
gpt2	torch-eager	cold	3	57	5310.1			torch-2.14.0+cu130
gpt2	torch-eager	cold	3	58	5298.4			torch-2.14.0+cu130
gpt2	torch-eager	cold	3	59	5328.7			torch-2.14.0+cu130
gpt2	torch-eager	cold	3	60	5284.1			torch-2.14.0+cu130
gpt2	torch-eager	cold	3	61	5290.0			torch-2.14.0+cu130
gpt2	torch-eager	cold	3	62	5270.5			torch-2.14.0+cu130
gpt2	torch-eager	cold	3	63	5287.9			torch-2.14.0+cu130
gpt2	torch-eager	cold	3	64	5279.8			torch-2.14.0+cu130
gpt2	torch-eager	cold	3	65	5307.9			torch-2.14.0+cu130
gpt2	torch-eager	cold	3	66	5288.8			torch-2.14.0+cu130
gpt2	torch-eager	cold	3	67	5318.6			torch-2.14.0+cu130
gpt2	torch-eager	cold	3	68	5309.6			torch-2.14.0+cu130
gpt2	torch-eager	cold	3	69	5331.5			torch-2.14.0+cu130
gpt2	torch-eager	cold	3	70	5256.7			torch-2.14.0+cu130
gpt2	torch-eager	cold	3	71	5307.4			torch-2.14.0+cu130
gpt2	torch-eager	cold	3	72	5294.8			torch-2.14.0+cu130
gpt2	torch-eager	cold	3	73	5272.4			torch-2.14.0+cu130
gpt2	torch-eager	cold	3	74	5318.9			torch-2.14.0+cu130
gpt2	torch-eager	cold	3	75	5339.9			torch-2.14.0+cu130
gpt2	torch-eager	cold	3	76	5316.3			torch-2.14.0+cu130
gpt2	torch-eager	cold	3	77	5301.2			torch-2.14.0+cu130
gpt2	torch-eager	cold	3	78	5335.8			torch-2.14.0+cu130
gpt2	torch-eager	cold	3	79	5310.5			torch-2.14.0+cu130
gpt2	torch-eager	cold	3	80	5284.8			torch-2.14.0+cu130
gpt2	torch-eager	cold	3	81	5303.9			torch-2.14.0+cu130
gpt2	torch-eager	cold	3	82	5278.8			torch-2.14.0+cu130
gpt2	torch-eager	cold	3	83	5322.2			torch-2.14.0+cu130
gpt2	torch-eager	cold	3	84	5289.1			torch-2.14.0+cu130
gpt2	torch-eager	cold	3	85	5286.0			torch-2.14.0+cu130
gpt2	torch-eager	cold	3	86	5299.6			torch-2.14.0+cu130
gpt2	torch-eager	cold	3	87	5297.2			torch-2.14.0+cu130
gpt2	torch-eager	cold	3	88	5351.5			torch-2.14.0+cu130
gpt2	torch-eager	cold	3	89	5294.3			torch-2.14.0+cu130
gpt2	torch-eager	cold	3	90	5296.2			torch-2.14.0+cu130
gpt2	torch-eager	cold	3	91	5306.2			torch-2.14.0+cu130
gpt2	torch-eager	cold	3	92	5322.5			torch-2.14.0+cu130
gpt2	torch-eager	cold	3	93	5290.3			torch-2.14.0+cu130
gpt2	torch-eager	cold	3	94	5338.2			torch-2.14.0+cu130
gpt2	torch-eager	cold	3	95	5296.5			torch-2.14.0+cu130
gpt2	torch-eager	cold	3	96	5351.8			torch-2.14.0+cu130
gpt2	torch-eager	cold	3	97	5330.1			torch-2.14.0+cu130
gpt2	torch-eager	cold	3	98	5304.3			torch-2.14.0+cu130
gpt2	torch-eager	cold	3	99	5279.5			torch-2.14.0+cu130
gpt2	torch-eager	cold	3	100	5352.7			torch-2.14.0+cu130
gpt2	torch-eager	cold	3	101	5363.2			torch-2.14.0+cu130
gpt2	torch-eager	cold	3	102	5297.7			torch-2.14.0+cu130
gpt2	torch-eager	cold	3	103	5652.4			torch-2.14.0+cu130
gpt2	torch-eager	cold	3	104	5313.9			torch-2.14.0+cu130
gpt2	torch-eager	cold	3	105	5331.3			torch-2.14.0+cu130
gpt2	torch-eager	cold	3	106	5318.9			torch-2.14.0+cu130
gpt2	torch-eager	cold	3	107	5281.2			torch-2.14.0+cu130
gpt2	torch-eager	cold	3	108	5370.1			torch-2.14.0+cu130
gpt2	torch-eager	cold	3	109	5314.1			torch-2.14.0+cu130
gpt2	torch-eager	cold	3	110	5353.9			torch-2.14.0+cu130
gpt2	torch-eager	cold	3	111	5330.6			torch-2.14.0+cu130
gpt2	torch-eager	cold	3	112	5327.9			torch-2.14.0+cu130
gpt2	torch-eager	cold	3	113	5260.0			torch-2.14.0+cu130
gpt2	torch-eager	cold	3	114	5339.1			torch-2.14.0+cu130
gpt2	torch-eager	cold	3	115	5304.6			torch-2.14.0+cu130
gpt2	torch-eager	cold	3	116	5257.1			torch-2.14.0+cu130
gpt2	torch-eager	cold	3	117	5315.3			torch-2.14.0+cu130
gpt2	torch-eager	cold	3	118	5276.7			torch-2.14.0+cu130
gpt2	torch-eager	cold	3	119	5311.7			torch-2.14.0+cu130
gpt2	torch-eager	cold	3	120	5341.3			torch-2.14.0+cu130
gpt2	torch-eager	cold	3	121	5294.3			torch-2.14.0+cu130
gpt2	torch-eager	cold	3	122	5309.1			torch-2.14.0+cu130
gpt2	torch-eager	cold	3	123	5329.8			torch-2.14.0+cu130
gpt2	torch-eager	cold	3	124	5431.7			torch-2.14.0+cu130
gpt2	torch-eager	cold	3	125	5344.2			torch-2.14.0+cu130
gpt2	torch-eager	cold	3	126	5333.9			torch-2.14.0+cu130
gpt2	torch-eager	cold	3	127	5332.9			torch-2.14.0+cu130
gpt2	torch-eager	cold	3	128	5297.7			torch-2.14.0+cu130
gpt2	torch-eager	cold	3	129	5359.9			torch-2.14.0+cu130
gpt2	torch-eager	cold	3	130	5343.9			torch-2.14.0+cu130
gpt2	torch-eager	cold	3	131	5336.8			torch-2.14.0+cu130
gpt2	torch-eager	cold	3	132	5317.4			torch-2.14.0+cu130
gpt2	torch-eager	cold	3	133	5309.6			torch-2.14.0+cu130
gpt2	torch-eager	cold	3	134	5304.8			torch-2.14.0+cu130
gpt2	torch-eager	cold	3	135	5275.0			torch-2.14.0+cu130
gpt2	torch-eager	cold	3	136	5345.6			torch-2.14.0+cu130
gpt2	torch-eager	cold	3	137	5374.0			torch-2.14.0+cu130
gpt2	torch-eager	cold	3	138	5323.9			torch-2.14.0+cu130
gpt2	torch-eager	cold	3	139	5287.6			torch-2.14.0+cu130
gpt2	torch-eager	cold	3	140	5279.3			torch-2.14.0+cu130
gpt2	torch-eager	cold	3	141	5311.0			torch-2.14.0+cu130
gpt2	torch-eager	cold	3	142	5344.4			torch-2.14.0+cu130
gpt2	torch-eager	cold	3	143	5419.7			torch-2.14.0+cu130
gpt2	torch-eager	cold	3	144	5336.5			torch-2.14.0+cu130
gpt2	torch-eager	cold	3	145	5330.8			torch-2.14.0+cu130
gpt2	torch-eager	cold	3	146	5303.4			torch-2.14.0+cu130
gpt2	torch-eager	cold	3	147	5334.1			torch-2.14.0+cu130
gpt2	torch-eager	cold	3	148	5356.6			torch-2.14.0+cu130
gpt2	torch-eager	cold	3	149	5319.8			torch-2.14.0+cu130
gpt2	torch-eager	cold	3	150	5339.6			torch-2.14.0+cu130
gpt2	torch-eager	cold	3	151	5300.3			torch-2.14.0+cu130
gpt2	torch-eager	cold	3	152	5323.6			torch-2.14.0+cu130
gpt2	torch-eager	cold	3	153	5309.1			torch-2.14.0+cu130
gpt2	torch-eager	cold	3	154	5608.6			torch-2.14.0+cu130
gpt2	torch-eager	cold	3	155	5342.2			torch-2.14.0+cu130
gpt2	torch-eager	cold	3	156	5351.5			torch-2.14.0+cu130
gpt2	torch-eager	cold	3	157	5352.7			torch-2.14.0+cu130
gpt2	torch-eager	cold	3	158	5360.8			torch-2.14.0+cu130
gpt2	torch-eager	cold	3	159	5293.4			torch-2.14.0+cu130
gpt2	torch-eager	cold	3	160	5376.8			torch-2.14.0+cu130
gpt2	torch-eager	cold	3	161	5313.4			torch-2.14.0+cu130
gpt2	torch-eager	cold	3	162	5330.6			torch-2.14.0+cu130
gpt2	torch-eager	cold	3	163	5298.4			torch-2.14.0+cu130
gpt2	torch-eager	cold	3	164	5330.6			torch-2.14.0+cu130
gpt2	torch-eager	cold	3	165	5312.7			torch-2.14.0+cu130
gpt2	torch-eager	cold	3	166	5292.2			torch-2.14.0+cu130
gpt2	torch-eager	cold	3	167	5316.5			torch-2.14.0+cu130
gpt2	torch-eager	cold	3	168	5321.3			torch-2.14.0+cu130
gpt2	torch-eager	cold	3	169	5346.5			torch-2.14.0+cu130
gpt2	torch-eager	cold	3	170	5301.0			torch-2.14.0+cu130
gpt2	torch-eager	cold	3	171	5328.2			torch-2.14.0+cu130
gpt2	torch-eager	cold	3	172	5377.8			torch-2.14.0+cu130
gpt2	torch-eager	cold	3	173	5295.5			torch-2.14.0+cu130
gpt2	torch-eager	cold	3	174	5280.5			torch-2.14.0+cu130
gpt2	torch-eager	cold	3	175	5388.3			torch-2.14.0+cu130
gpt2	torch-eager	cold	3	176	5313.4			torch-2.14.0+cu130
gpt2	torch-eager	cold	3	177	5288.8			torch-2.14.0+cu130
gpt2	torch-eager	cold	3	178	5366.1			torch-2.14.0+cu130
gpt2	torch-eager	cold	3	179	5270.7			torch-2.14.0+cu130
gpt2	torch-eager	cold	3	180	5309.1			torch-2.14.0+cu130
gpt2	torch-eager	cold	3	181	5327.7			torch-2.14.0+cu130
gpt2	torch-eager	cold	3	182	5352.7			torch-2.14.0+cu130
gpt2	torch-eager	cold	3	183	5310.8			torch-2.14.0+cu130
gpt2	torch-eager	cold	3	184	5372.0			torch-2.14.0+cu130
gpt2	torch-eager	cold	3	185	5267.9			torch-2.14.0+cu130
gpt2	torch-eager	cold	3	186	5272.2			torch-2.14.0+cu130
gpt2	torch-eager	cold	3	187	5303.1			torch-2.14.0+cu130
gpt2	torch-eager	cold	3	188	5228.8			torch-2.14.0+cu130
gpt2	torch-eager	cold	3	189	5198.0			torch-2.14.0+cu130
gpt2	torch-eager	cold	3	190	5228.5			torch-2.14.0+cu130
gpt2	torch-eager	cold	3	191	5206.1			torch-2.14.0+cu130
gpt2	torch-eager	cold	3	192	5183.0			torch-2.14.0+cu130
gpt2	torch-eager	cold	3	193	5182.0			torch-2.14.0+cu130
gpt2	torch-eager	cold	3	194	5158.7			torch-2.14.0+cu130
gpt2	torch-eager	cold	3	195	5171.5			torch-2.14.0+cu130
gpt2	torch-eager	cold	3	196	5161.8			torch-2.14.0+cu130
gpt2	torch-eager	cold	3	197	5130.1			torch-2.14.0+cu130
gpt2	torch-eager	cold	3	198	5094.5			torch-2.14.0+cu130
gpt2	torch-eager	cold	3	199	5155.1			torch-2.14.0+cu130
gpt2	torch-eager	cold	3	200	5091.9			torch-2.14.0+cu130
gpt2	torch-eager	cold	3	201	5049.9			torch-2.14.0+cu130
gpt2	torch-eager	cold	3	202	5066.6			torch-2.14.0+cu130
gpt2	torch-eager	cold	3	203	5045.9			torch-2.14.0+cu130
gpt2	torch-eager	cold	3	204	5015.4			torch-2.14.0+cu130
gpt2	torch-eager	cold	3	205	5003.0			torch-2.14.0+cu130
gpt2	torch-eager	cold	3	206	5124.3			torch-2.14.0+cu130
gpt2	torch-eager	cold	3	207	5055.7			torch-2.14.0+cu130
gpt2	torch-eager	cold	3	208	4983.9			torch-2.14.0+cu130
gpt2	torch-eager	cold	3	209	5048.0			torch-2.14.0+cu130
gpt2	torch-eager	cold	3	210	4964.8			torch-2.14.0+cu130
gpt2	torch-eager	cold	3	211	4941.7			torch-2.14.0+cu130
gpt2	torch-eager	cold	3	212	4913.8			torch-2.14.0+cu130
gpt2	torch-eager	cold	3	213	4929.1			torch-2.14.0+cu130
gpt2	torch-eager	cold	3	214	4923.8			torch-2.14.0+cu130
gpt2	torch-eager	cold	3	215	4872.8			torch-2.14.0+cu130
gpt2	torch-eager	cold	3	216	4914.3			torch-2.14.0+cu130
gpt2	torch-eager	cold	3	217	4864.5			torch-2.14.0+cu130
gpt2	torch-eager	cold	3	218	4853.5			torch-2.14.0+cu130
gpt2	torch-eager	cold	3	219	4865.6			torch-2.14.0+cu130
gpt2	torch-eager	cold	3	220	4873.8			torch-2.14.0+cu130
gpt2	torch-eager	cold	3	221	4795.1			torch-2.14.0+cu130
gpt2	torch-eager	cold	3	222	4832.5			torch-2.14.0+cu130
gpt2	torch-eager	cold	3	223	4813.2			torch-2.14.0+cu130
gpt2	torch-eager	cold	3	224	4778.9			torch-2.14.0+cu130
gpt2	torch-eager	cold	3	225	4768.4			torch-2.14.0+cu130
gpt2	torch-eager	cold	3	226	4816.3			torch-2.14.0+cu130
gpt2	torch-eager	cold	3	227	4853.5			torch-2.14.0+cu130
gpt2	torch-eager	cold	3	228	4778.9			torch-2.14.0+cu130
gpt2	torch-eager	cold	3	229	4830.6			torch-2.14.0+cu130
gpt2	torch-eager	cold	3	230	4827.3			torch-2.14.0+cu130
gpt2	torch-eager	cold	3	231	4791.7			torch-2.14.0+cu130
gpt2	torch-eager	cold	3	232	4797.0			torch-2.14.0+cu130
gpt2	torch-eager	cold	3	233	4796.3			torch-2.14.0+cu130
gpt2	torch-eager	cold	3	234	4844.4			torch-2.14.0+cu130
gpt2	torch-eager	cold	3	235	4823.9			torch-2.14.0+cu130
gpt2	torch-eager	cold	3	236	4787.7			torch-2.14.0+cu130
gpt2	torch-eager	cold	3	237	4815.8			torch-2.14.0+cu130
gpt2	torch-eager	cold	3	238	4747.4			torch-2.14.0+cu130
gpt2	torch-eager	cold	3	239	4798.7			torch-2.14.0+cu130
gpt2	torch-eager	cold	3	240	4746.2			torch-2.14.0+cu130
gpt2	torch-eager	cold	3	241	4793.2			torch-2.14.0+cu130
gpt2	torch-eager	cold	3	242	4807.7			torch-2.14.0+cu130
gpt2	torch-eager	cold	3	243	5282.4			torch-2.14.0+cu130
gpt2	torch-eager	cold	3	244	4821.8			torch-2.14.0+cu130
gpt2	torch-eager	cold	3	245	4813.4			torch-2.14.0+cu130
gpt2	torch-eager	cold	3	246	4818.4			torch-2.14.0+cu130
gpt2	torch-eager	cold	3	247	4809.9			torch-2.14.0+cu130
gpt2	torch-eager	cold	3	248	4800.6			torch-2.14.0+cu130
gpt2	torch-eager	cold	3	249	4756.9			torch-2.14.0+cu130
gpt2	torch-eager	cold	3	250	4777.7			torch-2.14.0+cu130
gpt2	torch-eager	cold	3	251	4819.6			torch-2.14.0+cu130
gpt2	torch-eager	cold	3	252	4804.8			torch-2.14.0+cu130
gpt2	torch-eager	cold	3	253	4759.1			torch-2.14.0+cu130
gpt2	torch-eager	cold	3	254	4760.7			torch-2.14.0+cu130
gpt2	torch-eager	cold	3	255	4782.2			torch-2.14.0+cu130
gpt2	torch-eager	cold	3	256	4735.0			torch-2.14.0+cu130
gpt2	torch-eager	cold	3	257	4810.3			torch-2.14.0+cu130
gpt2	torch-eager	cold	3	258	4778.4			torch-2.14.0+cu130
gpt2	torch-eager	cold	3	259	4777.7			torch-2.14.0+cu130
gpt2	torch-eager	cold	3	260	4820.6			torch-2.14.0+cu130
gpt2	torch-eager	cold	3	261	4868.0			torch-2.14.0+cu130
gpt2	torch-eager	cold	3	262	4808.4			torch-2.14.0+cu130
gpt2	torch-eager	cold	3	263	4808.4			torch-2.14.0+cu130
gpt2	torch-eager	cold	3	264	4776.2			torch-2.14.0+cu130
gpt2	torch-eager	cold	3	265	4760.5			torch-2.14.0+cu130
gpt2	torch-eager	cold	3	266	4770.5			torch-2.14.0+cu130
gpt2	torch-eager	cold	3	267	4756.7			torch-2.14.0+cu130
gpt2	torch-eager	cold	3	268	4797.0			torch-2.14.0+cu130
gpt2	torch-eager	cold	3	269	4793.2			torch-2.14.0+cu130
gpt2	torch-eager	cold	3	270	4767.9			torch-2.14.0+cu130
gpt2	torch-eager	cold	3	271	4779.3			torch-2.14.0+cu130
gpt2	torch-eager	cold	3	272	4810.3			torch-2.14.0+cu130
gpt2	torch-eager	cold	3	273	4771.9			torch-2.14.0+cu130
gpt2	torch-eager	cold	3	274	4826.8			torch-2.14.0+cu130
gpt2	torch-eager	cold	3	275	4798.4			torch-2.14.0+cu130
gpt2	torch-eager	cold	3	276	4821.1			torch-2.14.0+cu130
gpt2	torch-eager	cold	3	277	4769.1			torch-2.14.0+cu130
gpt2	torch-eager	cold	3	278	4769.1			torch-2.14.0+cu130
gpt2	torch-eager	cold	3	279	4775.0			torch-2.14.0+cu130
gpt2	torch-eager	cold	3	280	4758.6			torch-2.14.0+cu130
gpt2	torch-eager	cold	3	281	4877.8			torch-2.14.0+cu130
gpt2	torch-eager	cold	3	282	4797.0			torch-2.14.0+cu130
gpt2	torch-eager	cold	3	283	4782.9			torch-2.14.0+cu130
gpt2	torch-eager	cold	3	284	4822.5			torch-2.14.0+cu130
gpt2	torch-eager	cold	3	285	4777.2			torch-2.14.0+cu130
gpt2	torch-eager	cold	3	286	4770.0			torch-2.14.0+cu130
gpt2	torch-eager	cold	3	287	4793.6			torch-2.14.0+cu130
gpt2	torch-eager	cold	3	288	4790.3			torch-2.14.0+cu130
gpt2	torch-eager	cold	3	289	4822.0			torch-2.14.0+cu130
gpt2	torch-eager	cold	3	290	4798.2			torch-2.14.0+cu130
gpt2	torch-eager	cold	3	291	4768.1			torch-2.14.0+cu130
gpt2	torch-eager	cold	3	292	4815.6			torch-2.14.0+cu130
gpt2	torch-eager	cold	3	293	4769.3			torch-2.14.0+cu130
gpt2	torch-eager	cold	3	294	4765.0			torch-2.14.0+cu130
gpt2	torch-eager	cold	3	295	4821.1			torch-2.14.0+cu130
gpt2	torch-eager	cold	3	296	4819.2			torch-2.14.0+cu130
gpt2	torch-eager	cold	3	297	4832.5			torch-2.14.0+cu130
gpt2	torch-eager	cold	3	298	4830.1			torch-2.14.0+cu130
gpt2	torch-eager	cold	3	299	4809.9			torch-2.14.0+cu130
gpt2	ours	cold	3	0	4304842.9	7	327	ddc8008cdeaf
gpt2	ours	cold	3	1	6289.0	0	93	ddc8008cdeaf
gpt2	ours	cold	3	2	6251.1	0	87	ddc8008cdeaf
gpt2	ours	cold	3	3	566319.9	1	113	ddc8008cdeaf
gpt2	ours	cold	3	4	8678.0	0	113	ddc8008cdeaf
gpt2	ours	cold	3	5	5705.1	1	75	ddc8008cdeaf
gpt2	ours	cold	3	6	2193.0	0	75	ddc8008cdeaf
gpt2	ours	cold	3	7	3264.0	0	75	ddc8008cdeaf
gpt2	ours	cold	3	8	2143.1	0	75	ddc8008cdeaf
gpt2	ours	cold	3	9	2135.0	0	75	ddc8008cdeaf
gpt2	ours	cold	3	10	4539.0	0	75	ddc8008cdeaf
gpt2	ours	cold	3	11	2153.9	0	75	ddc8008cdeaf
gpt2	ours	cold	3	12	2133.8	0	75	ddc8008cdeaf
gpt2	ours	cold	3	13	2131.9	0	75	ddc8008cdeaf
gpt2	ours	cold	3	14	3829.0	0	75	ddc8008cdeaf
gpt2	ours	cold	3	15	2164.8	0	75	ddc8008cdeaf
gpt2	ours	cold	3	16	2195.8	0	75	ddc8008cdeaf
gpt2	ours	cold	3	17	2121.9	0	75	ddc8008cdeaf
gpt2	ours	cold	3	18	2138.1	0	75	ddc8008cdeaf
gpt2	ours	cold	3	19	4397.9	0	75	ddc8008cdeaf
gpt2	ours	cold	3	20	2167.0	0	75	ddc8008cdeaf
gpt2	ours	cold	3	21	2145.1	0	75	ddc8008cdeaf
gpt2	ours	cold	3	22	2129.1	0	75	ddc8008cdeaf
gpt2	ours	cold	3	23	2161.0	0	75	ddc8008cdeaf
gpt2	ours	cold	3	24	2135.0	0	75	ddc8008cdeaf
gpt2	ours	cold	3	25	3263.0	0	75	ddc8008cdeaf
gpt2	ours	cold	3	26	2127.9	0	75	ddc8008cdeaf
gpt2	ours	cold	3	27	2131.0	0	75	ddc8008cdeaf
gpt2	ours	cold	3	28	2136.0	0	75	ddc8008cdeaf
gpt2	ours	cold	3	29	2179.1	0	75	ddc8008cdeaf
gpt2	ours	cold	3	30	2128.8	0	75	ddc8008cdeaf
gpt2	ours	cold	3	31	2121.0	0	75	ddc8008cdeaf
gpt2	ours	cold	3	32	3216.0	0	75	ddc8008cdeaf
gpt2	ours	cold	3	33	2167.9	0	75	ddc8008cdeaf
gpt2	ours	cold	3	34	2122.9	0	75	ddc8008cdeaf
gpt2	ours	cold	3	35	2136.9	0	75	ddc8008cdeaf
gpt2	ours	cold	3	36	2122.9	0	75	ddc8008cdeaf
gpt2	ours	cold	3	37	2152.0	0	75	ddc8008cdeaf
gpt2	ours	cold	3	38	2145.1	0	75	ddc8008cdeaf
gpt2	ours	cold	3	39	2120.0	0	75	ddc8008cdeaf
gpt2	ours	cold	3	40	3711.9	0	75	ddc8008cdeaf
gpt2	ours	cold	3	41	2147.9	0	75	ddc8008cdeaf
gpt2	ours	cold	3	42	2139.1	0	75	ddc8008cdeaf
gpt2	ours	cold	3	43	2127.2	0	75	ddc8008cdeaf
gpt2	ours	cold	3	44	2131.9	0	75	ddc8008cdeaf
gpt2	ours	cold	3	45	2146.0	0	75	ddc8008cdeaf
gpt2	ours	cold	3	46	2132.9	0	75	ddc8008cdeaf
gpt2	ours	cold	3	47	2128.8	0	75	ddc8008cdeaf
gpt2	ours	cold	3	48	2120.0	0	75	ddc8008cdeaf
gpt2	ours	cold	3	49	3695.0	0	75	ddc8008cdeaf
gpt2	ours	cold	3	50	2132.9	0	75	ddc8008cdeaf
gpt2	ours	cold	3	51	2044.2	0	75	ddc8008cdeaf
gpt2	ours	cold	3	52	2054.0	0	75	ddc8008cdeaf
gpt2	ours	cold	3	53	2039.0	0	75	ddc8008cdeaf
gpt2	ours	cold	3	54	2049.0	0	75	ddc8008cdeaf
gpt2	ours	cold	3	55	2046.1	0	75	ddc8008cdeaf
gpt2	ours	cold	3	56	2053.0	0	75	ddc8008cdeaf
gpt2	ours	cold	3	57	2060.9	0	75	ddc8008cdeaf
gpt2	ours	cold	3	58	2051.8	0	75	ddc8008cdeaf
gpt2	ours	cold	3	59	3656.9	0	75	ddc8008cdeaf
gpt2	ours	cold	3	60	2054.0	0	75	ddc8008cdeaf
gpt2	ours	cold	3	61	2069.0	0	75	ddc8008cdeaf
gpt2	ours	cold	3	62	2069.0	0	75	ddc8008cdeaf
gpt2	ours	cold	3	63	2050.2	0	75	ddc8008cdeaf
gpt2	ours	cold	3	64	2077.1	0	75	ddc8008cdeaf
gpt2	ours	cold	3	65	2049.0	0	75	ddc8008cdeaf
gpt2	ours	cold	3	66	2070.9	0	75	ddc8008cdeaf
gpt2	ours	cold	3	67	2041.8	0	75	ddc8008cdeaf
gpt2	ours	cold	3	68	2044.0	0	75	ddc8008cdeaf
gpt2	ours	cold	3	69	2049.9	0	75	ddc8008cdeaf
gpt2	ours	cold	3	70	3393.9	0	75	ddc8008cdeaf
gpt2	ours	cold	3	71	2046.1	0	75	ddc8008cdeaf
gpt2	ours	cold	3	72	2033.0	0	75	ddc8008cdeaf
gpt2	ours	cold	3	73	2059.9	0	75	ddc8008cdeaf
gpt2	ours	cold	3	74	2049.0	0	75	ddc8008cdeaf
gpt2	ours	cold	3	75	2071.1	0	75	ddc8008cdeaf
gpt2	ours	cold	3	76	2068.0	0	75	ddc8008cdeaf
gpt2	ours	cold	3	77	2065.9	0	75	ddc8008cdeaf
gpt2	ours	cold	3	78	2070.0	0	75	ddc8008cdeaf
gpt2	ours	cold	3	79	2121.9	0	75	ddc8008cdeaf
gpt2	ours	cold	3	80	2039.2	0	75	ddc8008cdeaf
gpt2	ours	cold	3	81	2049.0	0	75	ddc8008cdeaf
gpt2	ours	cold	3	82	3214.1	0	75	ddc8008cdeaf
gpt2	ours	cold	3	83	2058.0	0	75	ddc8008cdeaf
gpt2	ours	cold	3	84	2045.9	0	75	ddc8008cdeaf
gpt2	ours	cold	3	85	2055.9	0	75	ddc8008cdeaf
gpt2	ours	cold	3	86	2060.2	0	75	ddc8008cdeaf
gpt2	ours	cold	3	87	2109.1	0	75	ddc8008cdeaf
gpt2	ours	cold	3	88	2050.9	0	75	ddc8008cdeaf
gpt2	ours	cold	3	89	2059.9	0	75	ddc8008cdeaf
gpt2	ours	cold	3	90	2051.1	0	75	ddc8008cdeaf
gpt2	ours	cold	3	91	2040.9	0	75	ddc8008cdeaf
gpt2	ours	cold	3	92	2082.8	0	75	ddc8008cdeaf
gpt2	ours	cold	3	93	2047.8	0	75	ddc8008cdeaf
gpt2	ours	cold	3	94	2050.9	0	75	ddc8008cdeaf
gpt2	ours	cold	3	95	3216.0	0	75	ddc8008cdeaf
gpt2	ours	cold	3	96	2055.2	0	75	ddc8008cdeaf
gpt2	ours	cold	3	97	2068.0	0	75	ddc8008cdeaf
gpt2	ours	cold	3	98	2084.0	0	75	ddc8008cdeaf
gpt2	ours	cold	3	99	2120.0	0	75	ddc8008cdeaf
gpt2	ours	cold	3	100	2073.0	0	75	ddc8008cdeaf
gpt2	ours	cold	3	101	2074.0	0	75	ddc8008cdeaf
gpt2	ours	cold	3	102	2076.1	0	75	ddc8008cdeaf
gpt2	ours	cold	3	103	2113.1	0	75	ddc8008cdeaf
gpt2	ours	cold	3	104	2085.9	0	75	ddc8008cdeaf
gpt2	ours	cold	3	105	2183.0	0	75	ddc8008cdeaf
gpt2	ours	cold	3	106	2086.9	0	75	ddc8008cdeaf
gpt2	ours	cold	3	107	2067.8	0	75	ddc8008cdeaf
gpt2	ours	cold	3	108	2075.0	0	75	ddc8008cdeaf
gpt2	ours	cold	3	109	7221.0	0	75	ddc8008cdeaf
gpt2	ours	cold	3	110	2072.8	0	75	ddc8008cdeaf
gpt2	ours	cold	3	111	2063.0	0	75	ddc8008cdeaf
gpt2	ours	cold	3	112	2071.9	0	75	ddc8008cdeaf
gpt2	ours	cold	3	113	2051.8	0	75	ddc8008cdeaf
gpt2	ours	cold	3	114	2082.1	0	75	ddc8008cdeaf
gpt2	ours	cold	3	115	2062.1	0	75	ddc8008cdeaf
gpt2	ours	cold	3	116	2058.0	0	75	ddc8008cdeaf
gpt2	ours	cold	3	117	2072.1	0	75	ddc8008cdeaf
gpt2	ours	cold	3	118	2069.0	0	75	ddc8008cdeaf
gpt2	ours	cold	3	119	2064.0	0	75	ddc8008cdeaf
gpt2	ours	cold	3	120	2068.0	0	75	ddc8008cdeaf
gpt2	ours	cold	3	121	2050.2	0	75	ddc8008cdeaf
gpt2	ours	cold	3	122	2059.0	0	75	ddc8008cdeaf
gpt2	ours	cold	3	123	2049.9	0	75	ddc8008cdeaf
gpt2	ours	cold	3	124	4211.9	0	75	ddc8008cdeaf
gpt2	ours	cold	3	125	2074.0	0	75	ddc8008cdeaf
gpt2	ours	cold	3	126	2050.9	0	75	ddc8008cdeaf
gpt2	ours	cold	3	127	2055.2	0	75	ddc8008cdeaf
gpt2	ours	cold	3	128	2053.0	0	75	ddc8008cdeaf
gpt2	ours	cold	3	129	2082.1	0	75	ddc8008cdeaf
gpt2	ours	cold	3	130	2063.0	0	75	ddc8008cdeaf
gpt2	ours	cold	3	131	2111.0	0	75	ddc8008cdeaf
gpt2	ours	cold	3	132	2060.2	0	75	ddc8008cdeaf
gpt2	ours	cold	3	133	2066.9	0	75	ddc8008cdeaf
gpt2	ours	cold	3	134	2046.8	0	75	ddc8008cdeaf
gpt2	ours	cold	3	135	2086.9	0	75	ddc8008cdeaf
gpt2	ours	cold	3	136	2056.1	0	75	ddc8008cdeaf
gpt2	ours	cold	3	137	2059.0	0	75	ddc8008cdeaf
gpt2	ours	cold	3	138	2078.8	0	75	ddc8008cdeaf
gpt2	ours	cold	3	139	2121.9	0	75	ddc8008cdeaf
gpt2	ours	cold	3	140	4137.0	0	75	ddc8008cdeaf
gpt2	ours	cold	3	141	2085.2	0	75	ddc8008cdeaf
gpt2	ours	cold	3	142	2061.8	0	75	ddc8008cdeaf
gpt2	ours	cold	3	143	2061.8	0	75	ddc8008cdeaf
gpt2	ours	cold	3	144	2109.1	0	75	ddc8008cdeaf
gpt2	ours	cold	3	145	2070.2	0	75	ddc8008cdeaf
gpt2	ours	cold	3	146	2065.9	0	75	ddc8008cdeaf
gpt2	ours	cold	3	147	2064.0	0	75	ddc8008cdeaf
gpt2	ours	cold	3	148	2063.0	0	75	ddc8008cdeaf
gpt2	ours	cold	3	149	2070.9	0	75	ddc8008cdeaf
gpt2	ours	cold	3	150	2056.8	0	75	ddc8008cdeaf
gpt2	ours	cold	3	151	2049.2	0	75	ddc8008cdeaf
gpt2	ours	cold	3	152	2060.9	0	75	ddc8008cdeaf
gpt2	ours	cold	3	153	2113.8	0	75	ddc8008cdeaf
gpt2	ours	cold	3	154	2071.9	0	75	ddc8008cdeaf
gpt2	ours	cold	3	155	2061.1	0	75	ddc8008cdeaf
gpt2	ours	cold	3	156	2054.9	0	75	ddc8008cdeaf
gpt2	ours	cold	3	157	4175.9	0	75	ddc8008cdeaf
gpt2	ours	cold	3	158	2070.2	0	75	ddc8008cdeaf
gpt2	ours	cold	3	159	2068.0	0	75	ddc8008cdeaf
gpt2	ours	cold	3	160	2085.9	0	75	ddc8008cdeaf
gpt2	ours	cold	3	161	2077.1	0	75	ddc8008cdeaf
gpt2	ours	cold	3	162	2080.9	0	75	ddc8008cdeaf
gpt2	ours	cold	3	163	2068.0	0	75	ddc8008cdeaf
gpt2	ours	cold	3	164	2076.9	0	75	ddc8008cdeaf
gpt2	ours	cold	3	165	2062.1	0	75	ddc8008cdeaf
gpt2	ours	cold	3	166	2058.0	0	75	ddc8008cdeaf
gpt2	ours	cold	3	167	2077.1	0	75	ddc8008cdeaf
gpt2	ours	cold	3	168	2075.0	0	75	ddc8008cdeaf
gpt2	ours	cold	3	169	2060.9	0	75	ddc8008cdeaf
gpt2	ours	cold	3	170	2058.0	0	75	ddc8008cdeaf
gpt2	ours	cold	3	171	2074.0	0	75	ddc8008cdeaf
gpt2	ours	cold	3	172	2111.2	0	75	ddc8008cdeaf
gpt2	ours	cold	3	173	2111.0	0	75	ddc8008cdeaf
gpt2	ours	cold	3	174	2107.1	0	75	ddc8008cdeaf
gpt2	ours	cold	3	175	4190.0	0	75	ddc8008cdeaf
gpt2	ours	cold	3	176	2073.0	0	75	ddc8008cdeaf
gpt2	ours	cold	3	177	2069.0	0	75	ddc8008cdeaf
gpt2	ours	cold	3	178	2058.0	0	75	ddc8008cdeaf
gpt2	ours	cold	3	179	2077.1	0	75	ddc8008cdeaf
gpt2	ours	cold	3	180	2052.1	0	75	ddc8008cdeaf
gpt2	ours	cold	3	181	2058.0	0	75	ddc8008cdeaf
gpt2	ours	cold	3	182	2075.9	0	75	ddc8008cdeaf
gpt2	ours	cold	3	183	2056.1	0	75	ddc8008cdeaf
gpt2	ours	cold	3	184	2065.9	0	75	ddc8008cdeaf
gpt2	ours	cold	3	185	2076.9	0	75	ddc8008cdeaf
gpt2	ours	cold	3	186	2091.9	0	75	ddc8008cdeaf
gpt2	ours	cold	3	187	2076.1	0	75	ddc8008cdeaf
gpt2	ours	cold	3	188	2064.9	0	75	ddc8008cdeaf
gpt2	ours	cold	3	189	2091.9	0	75	ddc8008cdeaf
gpt2	ours	cold	3	190	2064.0	0	75	ddc8008cdeaf
gpt2	ours	cold	3	191	2086.9	0	75	ddc8008cdeaf
gpt2	ours	cold	3	192	2056.1	0	75	ddc8008cdeaf
gpt2	ours	cold	3	193	2048.0	0	75	ddc8008cdeaf
gpt2	ours	cold	3	194	4695.9	0	75	ddc8008cdeaf
gpt2	ours	cold	3	195	2076.1	0	75	ddc8008cdeaf
gpt2	ours	cold	3	196	2076.9	0	75	ddc8008cdeaf
gpt2	ours	cold	3	197	2110.0	0	75	ddc8008cdeaf
gpt2	ours	cold	3	198	2068.0	0	75	ddc8008cdeaf
gpt2	ours	cold	3	199	2064.9	0	75	ddc8008cdeaf
gpt2	ours	cold	3	200	2059.0	0	75	ddc8008cdeaf
gpt2	ours	cold	3	201	2083.1	0	75	ddc8008cdeaf
gpt2	ours	cold	3	202	2102.1	0	75	ddc8008cdeaf
gpt2	ours	cold	3	203	2068.0	0	75	ddc8008cdeaf
gpt2	ours	cold	3	204	2065.2	0	75	ddc8008cdeaf
gpt2	ours	cold	3	205	2060.9	0	75	ddc8008cdeaf
gpt2	ours	cold	3	206	2081.2	0	75	ddc8008cdeaf
gpt2	ours	cold	3	207	2053.0	0	75	ddc8008cdeaf
gpt2	ours	cold	3	208	2062.1	0	75	ddc8008cdeaf
gpt2	ours	cold	3	209	2052.1	0	75	ddc8008cdeaf
gpt2	ours	cold	3	210	2082.1	0	75	ddc8008cdeaf
gpt2	ours	cold	3	211	2075.0	0	75	ddc8008cdeaf
gpt2	ours	cold	3	212	2077.1	0	75	ddc8008cdeaf
gpt2	ours	cold	3	213	2058.0	0	75	ddc8008cdeaf
gpt2	ours	cold	3	214	5001.1	0	75	ddc8008cdeaf
gpt2	ours	cold	3	215	2095.0	0	75	ddc8008cdeaf
gpt2	ours	cold	3	216	2094.0	0	75	ddc8008cdeaf
gpt2	ours	cold	3	217	2064.0	0	75	ddc8008cdeaf
gpt2	ours	cold	3	218	2062.1	0	75	ddc8008cdeaf
gpt2	ours	cold	3	219	2058.0	0	75	ddc8008cdeaf
gpt2	ours	cold	3	220	2057.1	0	75	ddc8008cdeaf
gpt2	ours	cold	3	221	2074.0	0	75	ddc8008cdeaf
gpt2	ours	cold	3	222	2081.9	0	75	ddc8008cdeaf
gpt2	ours	cold	3	223	2058.0	0	75	ddc8008cdeaf
gpt2	ours	cold	3	224	2047.1	0	75	ddc8008cdeaf
gpt2	ours	cold	3	225	2076.1	0	75	ddc8008cdeaf
gpt2	ours	cold	3	226	2065.9	0	75	ddc8008cdeaf
gpt2	ours	cold	3	227	2056.8	0	75	ddc8008cdeaf
gpt2	ours	cold	3	228	2058.0	0	75	ddc8008cdeaf
gpt2	ours	cold	3	229	2063.0	0	75	ddc8008cdeaf
gpt2	ours	cold	3	230	2057.1	0	75	ddc8008cdeaf
gpt2	ours	cold	3	231	2067.1	0	75	ddc8008cdeaf
gpt2	ours	cold	3	232	2074.0	0	75	ddc8008cdeaf
gpt2	ours	cold	3	233	2084.0	0	75	ddc8008cdeaf
gpt2	ours	cold	3	234	2082.8	0	75	ddc8008cdeaf
gpt2	ours	cold	3	235	4812.0	0	75	ddc8008cdeaf
gpt2	ours	cold	3	236	2104.0	0	75	ddc8008cdeaf
gpt2	ours	cold	3	237	2067.1	0	75	ddc8008cdeaf
gpt2	ours	cold	3	238	2073.0	0	75	ddc8008cdeaf
gpt2	ours	cold	3	239	2058.0	0	75	ddc8008cdeaf
gpt2	ours	cold	3	240	2102.1	0	75	ddc8008cdeaf
gpt2	ours	cold	3	241	2070.0	0	75	ddc8008cdeaf
gpt2	ours	cold	3	242	2061.1	0	75	ddc8008cdeaf
gpt2	ours	cold	3	243	2049.0	0	75	ddc8008cdeaf
gpt2	ours	cold	3	244	2057.8	0	75	ddc8008cdeaf
gpt2	ours	cold	3	245	2075.0	0	75	ddc8008cdeaf
gpt2	ours	cold	3	246	2057.1	0	75	ddc8008cdeaf
gpt2	ours	cold	3	247	2059.9	0	75	ddc8008cdeaf
gpt2	ours	cold	3	248	2068.0	0	75	ddc8008cdeaf
gpt2	ours	cold	3	249	2131.9	0	75	ddc8008cdeaf
gpt2	ours	cold	3	250	2070.9	0	75	ddc8008cdeaf
gpt2	ours	cold	3	251	2065.9	0	75	ddc8008cdeaf
gpt2	ours	cold	3	252	2064.0	0	75	ddc8008cdeaf
gpt2	ours	cold	3	253	2078.1	0	75	ddc8008cdeaf
gpt2	ours	cold	3	254	2059.9	0	75	ddc8008cdeaf
gpt2	ours	cold	3	255	2069.0	0	75	ddc8008cdeaf
gpt2	ours	cold	3	256	2075.2	0	75	ddc8008cdeaf
gpt2	ours	cold	3	257	4263.2	0	75	ddc8008cdeaf
gpt2	ours	cold	3	258	2068.0	0	75	ddc8008cdeaf
gpt2	ours	cold	3	259	2053.0	0	75	ddc8008cdeaf
gpt2	ours	cold	3	260	2068.0	0	75	ddc8008cdeaf
gpt2	ours	cold	3	261	2043.0	0	75	ddc8008cdeaf
gpt2	ours	cold	3	262	2059.9	0	75	ddc8008cdeaf
gpt2	ours	cold	3	263	2114.1	0	75	ddc8008cdeaf
gpt2	ours	cold	3	264	2064.0	0	75	ddc8008cdeaf
gpt2	ours	cold	3	265	2049.2	0	75	ddc8008cdeaf
gpt2	ours	cold	3	266	2075.9	0	75	ddc8008cdeaf
gpt2	ours	cold	3	267	2078.1	0	75	ddc8008cdeaf
gpt2	ours	cold	3	268	2065.2	0	75	ddc8008cdeaf
gpt2	ours	cold	3	269	2048.0	0	75	ddc8008cdeaf
gpt2	ours	cold	3	270	4446.0	0	75	ddc8008cdeaf
gpt2	ours	cold	3	271	2079.0	0	75	ddc8008cdeaf
gpt2	ours	cold	3	272	2054.2	0	75	ddc8008cdeaf
gpt2	ours	cold	3	273	2049.9	0	75	ddc8008cdeaf
gpt2	ours	cold	3	274	2069.0	0	75	ddc8008cdeaf
gpt2	ours	cold	3	275	2053.0	0	75	ddc8008cdeaf
gpt2	ours	cold	3	276	2074.0	0	75	ddc8008cdeaf
gpt2	ours	cold	3	277	2049.9	0	75	ddc8008cdeaf
gpt2	ours	cold	3	278	2078.1	0	75	ddc8008cdeaf
gpt2	ours	cold	3	279	2956.2	0	75	ddc8008cdeaf
gpt2	ours	cold	3	280	4256.0	0	75	ddc8008cdeaf
gpt2	ours	cold	3	281	4732.8	0	75	ddc8008cdeaf
gpt2	ours	cold	3	282	2069.0	0	75	ddc8008cdeaf
gpt2	ours	cold	3	283	2063.0	0	75	ddc8008cdeaf
gpt2	ours	cold	3	284	2075.0	0	75	ddc8008cdeaf
gpt2	ours	cold	3	285	2052.8	0	75	ddc8008cdeaf
gpt2	ours	cold	3	286	2066.9	0	75	ddc8008cdeaf
gpt2	ours	cold	3	287	2071.9	0	75	ddc8008cdeaf
gpt2	ours	cold	3	288	2059.2	0	75	ddc8008cdeaf
gpt2	ours	cold	3	289	2064.9	0	75	ddc8008cdeaf
gpt2	ours	cold	3	290	2089.0	0	75	ddc8008cdeaf
gpt2	ours	cold	3	291	2053.0	0	75	ddc8008cdeaf
gpt2	ours	cold	3	292	2085.0	0	75	ddc8008cdeaf
gpt2	ours	cold	3	293	2059.9	0	75	ddc8008cdeaf
gpt2	ours	cold	3	294	2099.0	0	75	ddc8008cdeaf
gpt2	ours	cold	3	295	2110.0	0	75	ddc8008cdeaf
gpt2	ours	cold	3	296	2070.9	0	75	ddc8008cdeaf
gpt2	ours	cold	3	297	4898.1	0	75	ddc8008cdeaf
gpt2	ours	cold	3	298	2129.1	0	75	ddc8008cdeaf
gpt2	ours	cold	3	299	2072.8	0	75	ddc8008cdeaf
gpt2	torch-compile	cold	3	0	6569262.0			torch-2.14.0+cu130
gpt2	torch-compile	cold	3	1	2840.8			torch-2.14.0+cu130
gpt2	torch-compile	cold	3	2	2665.0			torch-2.14.0+cu130
gpt2	torch-compile	cold	3	3	2568.2			torch-2.14.0+cu130
gpt2	torch-compile	cold	3	4	2520.8			torch-2.14.0+cu130
gpt2	torch-compile	cold	3	5	2465.0			torch-2.14.0+cu130
gpt2	torch-compile	cold	3	6	2433.8			torch-2.14.0+cu130
gpt2	torch-compile	cold	3	7	2410.7			torch-2.14.0+cu130
gpt2	torch-compile	cold	3	8	2397.1			torch-2.14.0+cu130
gpt2	torch-compile	cold	3	9	2389.2			torch-2.14.0+cu130
gpt2	torch-compile	cold	3	10	2391.1			torch-2.14.0+cu130
gpt2	torch-compile	cold	3	11	2414.5			torch-2.14.0+cu130
gpt2	torch-compile	cold	3	12	2366.1			torch-2.14.0+cu130
gpt2	torch-compile	cold	3	13	2385.1			torch-2.14.0+cu130
gpt2	torch-compile	cold	3	14	2357.2			torch-2.14.0+cu130
gpt2	torch-compile	cold	3	15	2367.3			torch-2.14.0+cu130
gpt2	torch-compile	cold	3	16	2384.7			torch-2.14.0+cu130
gpt2	torch-compile	cold	3	17	2375.4			torch-2.14.0+cu130
gpt2	torch-compile	cold	3	18	2350.6			torch-2.14.0+cu130
gpt2	torch-compile	cold	3	19	2373.2			torch-2.14.0+cu130
gpt2	torch-compile	cold	3	20	2374.6			torch-2.14.0+cu130
gpt2	torch-compile	cold	3	21	2421.4			torch-2.14.0+cu130
gpt2	torch-compile	cold	3	22	2336.7			torch-2.14.0+cu130
gpt2	torch-compile	cold	3	23	2348.9			torch-2.14.0+cu130
gpt2	torch-compile	cold	3	24	2353.4			torch-2.14.0+cu130
gpt2	torch-compile	cold	3	25	2354.6			torch-2.14.0+cu130
gpt2	torch-compile	cold	3	26	2382.5			torch-2.14.0+cu130
gpt2	torch-compile	cold	3	27	2378.0			torch-2.14.0+cu130
gpt2	torch-compile	cold	3	28	2395.9			torch-2.14.0+cu130
gpt2	torch-compile	cold	3	29	2380.8			torch-2.14.0+cu130
gpt2	torch-compile	cold	3	30	2358.9			torch-2.14.0+cu130
gpt2	torch-compile	cold	3	31	2349.1			torch-2.14.0+cu130
gpt2	torch-compile	cold	3	32	2378.5			torch-2.14.0+cu130
gpt2	torch-compile	cold	3	33	2359.4			torch-2.14.0+cu130
gpt2	torch-compile	cold	3	34	2363.2			torch-2.14.0+cu130
gpt2	torch-compile	cold	3	35	2373.0			torch-2.14.0+cu130
gpt2	torch-compile	cold	3	36	2361.3			torch-2.14.0+cu130
gpt2	torch-compile	cold	3	37	2372.3			torch-2.14.0+cu130
gpt2	torch-compile	cold	3	38	2389.4			torch-2.14.0+cu130
gpt2	torch-compile	cold	3	39	2377.0			torch-2.14.0+cu130
gpt2	torch-compile	cold	3	40	2368.0			torch-2.14.0+cu130
gpt2	torch-compile	cold	3	41	2356.8			torch-2.14.0+cu130
gpt2	torch-compile	cold	3	42	2356.5			torch-2.14.0+cu130
gpt2	torch-compile	cold	3	43	2358.2			torch-2.14.0+cu130
gpt2	torch-compile	cold	3	44	2368.9			torch-2.14.0+cu130
gpt2	torch-compile	cold	3	45	2348.4			torch-2.14.0+cu130
gpt2	torch-compile	cold	3	46	2353.7			torch-2.14.0+cu130
gpt2	torch-compile	cold	3	47	2320.8			torch-2.14.0+cu130
gpt2	torch-compile	cold	3	48	2292.9			torch-2.14.0+cu130
gpt2	torch-compile	cold	3	49	2264.7			torch-2.14.0+cu130
gpt2	torch-compile	cold	3	50	2291.0			torch-2.14.0+cu130
gpt2	torch-compile	cold	3	51	2265.7			torch-2.14.0+cu130
gpt2	torch-compile	cold	3	52	2258.5			torch-2.14.0+cu130
gpt2	torch-compile	cold	3	53	2256.9			torch-2.14.0+cu130
gpt2	torch-compile	cold	3	54	2315.5			torch-2.14.0+cu130
gpt2	torch-compile	cold	3	55	2288.6			torch-2.14.0+cu130
gpt2	torch-compile	cold	3	56	2326.7			torch-2.14.0+cu130
gpt2	torch-compile	cold	3	57	2265.5			torch-2.14.0+cu130
gpt2	torch-compile	cold	3	58	2265.0			torch-2.14.0+cu130
gpt2	torch-compile	cold	3	59	2293.8			torch-2.14.0+cu130
gpt2	torch-compile	cold	3	60	2267.4			torch-2.14.0+cu130
gpt2	torch-compile	cold	3	61	2287.1			torch-2.14.0+cu130
gpt2	torch-compile	cold	3	62	2291.9			torch-2.14.0+cu130
gpt2	torch-compile	cold	3	63	2283.1			torch-2.14.0+cu130
gpt2	torch-compile	cold	3	64	2291.7			torch-2.14.0+cu130
gpt2	torch-compile	cold	3	65	2286.4			torch-2.14.0+cu130
gpt2	torch-compile	cold	3	66	2340.3			torch-2.14.0+cu130
gpt2	torch-compile	cold	3	67	2328.9			torch-2.14.0+cu130
gpt2	torch-compile	cold	3	68	2268.1			torch-2.14.0+cu130
gpt2	torch-compile	cold	3	69	2271.4			torch-2.14.0+cu130
gpt2	torch-compile	cold	3	70	2262.4			torch-2.14.0+cu130
gpt2	torch-compile	cold	3	71	2293.6			torch-2.14.0+cu130
gpt2	torch-compile	cold	3	72	2267.4			torch-2.14.0+cu130
gpt2	torch-compile	cold	3	73	2292.4			torch-2.14.0+cu130
gpt2	torch-compile	cold	3	74	2286.2			torch-2.14.0+cu130
gpt2	torch-compile	cold	3	75	2288.3			torch-2.14.0+cu130
gpt2	torch-compile	cold	3	76	2322.4			torch-2.14.0+cu130
gpt2	torch-compile	cold	3	77	2290.2			torch-2.14.0+cu130
gpt2	torch-compile	cold	3	78	2293.1			torch-2.14.0+cu130
gpt2	torch-compile	cold	3	79	2283.8			torch-2.14.0+cu130
gpt2	torch-compile	cold	3	80	2294.5			torch-2.14.0+cu130
gpt2	torch-compile	cold	3	81	2305.0			torch-2.14.0+cu130
gpt2	torch-compile	cold	3	82	2311.0			torch-2.14.0+cu130
gpt2	torch-compile	cold	3	83	2285.7			torch-2.14.0+cu130
gpt2	torch-compile	cold	3	84	2283.1			torch-2.14.0+cu130
gpt2	torch-compile	cold	3	85	2273.6			torch-2.14.0+cu130
gpt2	torch-compile	cold	3	86	2324.6			torch-2.14.0+cu130
gpt2	torch-compile	cold	3	87	2347.2			torch-2.14.0+cu130
gpt2	torch-compile	cold	3	88	2283.1			torch-2.14.0+cu130
gpt2	torch-compile	cold	3	89	2338.2			torch-2.14.0+cu130
gpt2	torch-compile	cold	3	90	2277.4			torch-2.14.0+cu130
gpt2	torch-compile	cold	3	91	2278.6			torch-2.14.0+cu130
gpt2	torch-compile	cold	3	92	2275.0			torch-2.14.0+cu130
gpt2	torch-compile	cold	3	93	2309.3			torch-2.14.0+cu130
gpt2	torch-compile	cold	3	94	2285.7			torch-2.14.0+cu130
gpt2	torch-compile	cold	3	95	2276.4			torch-2.14.0+cu130
gpt2	torch-compile	cold	3	96	2303.4			torch-2.14.0+cu130
gpt2	torch-compile	cold	3	97	2265.2			torch-2.14.0+cu130
gpt2	torch-compile	cold	3	98	2311.9			torch-2.14.0+cu130
gpt2	torch-compile	cold	3	99	2322.7			torch-2.14.0+cu130
gpt2	torch-compile	cold	3	100	2348.2			torch-2.14.0+cu130
gpt2	torch-compile	cold	3	101	2296.0			torch-2.14.0+cu130
gpt2	torch-compile	cold	3	102	2294.3			torch-2.14.0+cu130
gpt2	torch-compile	cold	3	103	2292.9			torch-2.14.0+cu130
gpt2	torch-compile	cold	3	104	2308.8			torch-2.14.0+cu130
gpt2	torch-compile	cold	3	105	2291.7			torch-2.14.0+cu130
gpt2	torch-compile	cold	3	106	2308.4			torch-2.14.0+cu130
gpt2	torch-compile	cold	3	107	2290.7			torch-2.14.0+cu130
gpt2	torch-compile	cold	3	108	2305.3			torch-2.14.0+cu130
gpt2	torch-compile	cold	3	109	2286.9			torch-2.14.0+cu130
gpt2	torch-compile	cold	3	110	2280.0			torch-2.14.0+cu130
gpt2	torch-compile	cold	3	111	2258.8			torch-2.14.0+cu130
gpt2	torch-compile	cold	3	112	2272.4			torch-2.14.0+cu130
gpt2	torch-compile	cold	3	113	2277.1			torch-2.14.0+cu130
gpt2	torch-compile	cold	3	114	2290.2			torch-2.14.0+cu130
gpt2	torch-compile	cold	3	115	2266.9			torch-2.14.0+cu130
gpt2	torch-compile	cold	3	116	2278.6			torch-2.14.0+cu130
gpt2	torch-compile	cold	3	117	2270.2			torch-2.14.0+cu130
gpt2	torch-compile	cold	3	118	2275.2			torch-2.14.0+cu130
gpt2	torch-compile	cold	3	119	2276.4			torch-2.14.0+cu130
gpt2	torch-compile	cold	3	120	2289.3			torch-2.14.0+cu130
gpt2	torch-compile	cold	3	121	2270.5			torch-2.14.0+cu130
gpt2	torch-compile	cold	3	122	2261.2			torch-2.14.0+cu130
gpt2	torch-compile	cold	3	123	2285.7			torch-2.14.0+cu130
gpt2	torch-compile	cold	3	124	2269.7			torch-2.14.0+cu130
gpt2	torch-compile	cold	3	125	2266.2			torch-2.14.0+cu130
gpt2	torch-compile	cold	3	126	2265.5			torch-2.14.0+cu130
gpt2	torch-compile	cold	3	127	2277.6			torch-2.14.0+cu130
gpt2	torch-compile	cold	3	128	2263.5			torch-2.14.0+cu130
gpt2	torch-compile	cold	3	129	2271.2			torch-2.14.0+cu130
gpt2	torch-compile	cold	3	130	2322.9			torch-2.14.0+cu130
gpt2	torch-compile	cold	3	131	2286.0			torch-2.14.0+cu130
gpt2	torch-compile	cold	3	132	2283.3			torch-2.14.0+cu130
gpt2	torch-compile	cold	3	133	2284.8			torch-2.14.0+cu130
gpt2	torch-compile	cold	3	134	2307.2			torch-2.14.0+cu130
gpt2	torch-compile	cold	3	135	2282.6			torch-2.14.0+cu130
gpt2	torch-compile	cold	3	136	2264.3			torch-2.14.0+cu130
gpt2	torch-compile	cold	3	137	2274.3			torch-2.14.0+cu130
gpt2	torch-compile	cold	3	138	2287.9			torch-2.14.0+cu130
gpt2	torch-compile	cold	3	139	2293.3			torch-2.14.0+cu130
gpt2	torch-compile	cold	3	140	2267.1			torch-2.14.0+cu130
gpt2	torch-compile	cold	3	141	2280.5			torch-2.14.0+cu130
gpt2	torch-compile	cold	3	142	2306.0			torch-2.14.0+cu130
gpt2	torch-compile	cold	3	143	2280.2			torch-2.14.0+cu130
gpt2	torch-compile	cold	3	144	2256.4			torch-2.14.0+cu130
gpt2	torch-compile	cold	3	145	2298.6			torch-2.14.0+cu130
gpt2	torch-compile	cold	3	146	2292.9			torch-2.14.0+cu130
gpt2	torch-compile	cold	3	147	2277.9			torch-2.14.0+cu130
gpt2	torch-compile	cold	3	148	2305.3			torch-2.14.0+cu130
gpt2	torch-compile	cold	3	149	2287.1			torch-2.14.0+cu130
gpt2	torch-compile	cold	3	150	2265.0			torch-2.14.0+cu130
gpt2	torch-compile	cold	3	151	2268.6			torch-2.14.0+cu130
gpt2	torch-compile	cold	3	152	2305.0			torch-2.14.0+cu130
gpt2	torch-compile	cold	3	153	2296.9			torch-2.14.0+cu130
gpt2	torch-compile	cold	3	154	2282.4			torch-2.14.0+cu130
gpt2	torch-compile	cold	3	155	2279.8			torch-2.14.0+cu130
gpt2	torch-compile	cold	3	156	2278.6			torch-2.14.0+cu130
gpt2	torch-compile	cold	3	157	2267.6			torch-2.14.0+cu130
gpt2	torch-compile	cold	3	158	2267.6			torch-2.14.0+cu130
gpt2	torch-compile	cold	3	159	2289.3			torch-2.14.0+cu130
gpt2	torch-compile	cold	3	160	2279.3			torch-2.14.0+cu130
gpt2	torch-compile	cold	3	161	2271.4			torch-2.14.0+cu130
gpt2	torch-compile	cold	3	162	2270.9			torch-2.14.0+cu130
gpt2	torch-compile	cold	3	163	2277.4			torch-2.14.0+cu130
gpt2	torch-compile	cold	3	164	2273.8			torch-2.14.0+cu130
gpt2	torch-compile	cold	3	165	2259.5			torch-2.14.0+cu130
gpt2	torch-compile	cold	3	166	2295.7			torch-2.14.0+cu130
gpt2	torch-compile	cold	3	167	2277.9			torch-2.14.0+cu130
gpt2	torch-compile	cold	3	168	2266.4			torch-2.14.0+cu130
gpt2	torch-compile	cold	3	169	2263.5			torch-2.14.0+cu130
gpt2	torch-compile	cold	3	170	2274.0			torch-2.14.0+cu130
gpt2	torch-compile	cold	3	171	2273.8			torch-2.14.0+cu130
gpt2	torch-compile	cold	3	172	2329.3			torch-2.14.0+cu130
gpt2	torch-compile	cold	3	173	2308.8			torch-2.14.0+cu130
gpt2	torch-compile	cold	3	174	2287.6			torch-2.14.0+cu130
gpt2	torch-compile	cold	3	175	2279.0			torch-2.14.0+cu130
gpt2	torch-compile	cold	3	176	2281.4			torch-2.14.0+cu130
gpt2	torch-compile	cold	3	177	2271.7			torch-2.14.0+cu130
gpt2	torch-compile	cold	3	178	2263.3			torch-2.14.0+cu130
gpt2	torch-compile	cold	3	179	2299.1			torch-2.14.0+cu130
gpt2	torch-compile	cold	3	180	2286.4			torch-2.14.0+cu130
gpt2	torch-compile	cold	3	181	2259.5			torch-2.14.0+cu130
gpt2	torch-compile	cold	3	182	2265.7			torch-2.14.0+cu130
gpt2	torch-compile	cold	3	183	2291.4			torch-2.14.0+cu130
gpt2	torch-compile	cold	3	184	2312.4			torch-2.14.0+cu130
gpt2	torch-compile	cold	3	185	2289.5			torch-2.14.0+cu130
gpt2	torch-compile	cold	3	186	2296.4			torch-2.14.0+cu130
gpt2	torch-compile	cold	3	187	2280.0			torch-2.14.0+cu130
gpt2	torch-compile	cold	3	188	2278.6			torch-2.14.0+cu130
gpt2	torch-compile	cold	3	189	2296.7			torch-2.14.0+cu130
gpt2	torch-compile	cold	3	190	2291.2			torch-2.14.0+cu130
gpt2	torch-compile	cold	3	191	2287.6			torch-2.14.0+cu130
gpt2	torch-compile	cold	3	192	2294.8			torch-2.14.0+cu130
gpt2	torch-compile	cold	3	193	2269.3			torch-2.14.0+cu130
gpt2	torch-compile	cold	3	194	2327.0			torch-2.14.0+cu130
gpt2	torch-compile	cold	3	195	2282.9			torch-2.14.0+cu130
gpt2	torch-compile	cold	3	196	2279.8			torch-2.14.0+cu130
gpt2	torch-compile	cold	3	197	2277.1			torch-2.14.0+cu130
gpt2	torch-compile	cold	3	198	2272.6			torch-2.14.0+cu130
gpt2	torch-compile	cold	3	199	2303.1			torch-2.14.0+cu130
gpt2	torch-compile	cold	3	200	2270.5			torch-2.14.0+cu130
gpt2	torch-compile	cold	3	201	2300.3			torch-2.14.0+cu130
gpt2	torch-compile	cold	3	202	2340.1			torch-2.14.0+cu130
gpt2	torch-compile	cold	3	203	2311.9			torch-2.14.0+cu130
gpt2	torch-compile	cold	3	204	2336.7			torch-2.14.0+cu130
gpt2	torch-compile	cold	3	205	2301.9			torch-2.14.0+cu130
gpt2	torch-compile	cold	3	206	2266.9			torch-2.14.0+cu130
gpt2	torch-compile	cold	3	207	2263.8			torch-2.14.0+cu130
gpt2	torch-compile	cold	3	208	2264.0			torch-2.14.0+cu130
gpt2	torch-compile	cold	3	209	2266.2			torch-2.14.0+cu130
gpt2	torch-compile	cold	3	210	2286.7			torch-2.14.0+cu130
gpt2	torch-compile	cold	3	211	2286.2			torch-2.14.0+cu130
gpt2	torch-compile	cold	3	212	2252.6			torch-2.14.0+cu130
gpt2	torch-compile	cold	3	213	2265.5			torch-2.14.0+cu130
gpt2	torch-compile	cold	3	214	2288.3			torch-2.14.0+cu130
gpt2	torch-compile	cold	3	215	2309.3			torch-2.14.0+cu130
gpt2	torch-compile	cold	3	216	2276.7			torch-2.14.0+cu130
gpt2	torch-compile	cold	3	217	2281.2			torch-2.14.0+cu130
gpt2	torch-compile	cold	3	218	2296.2			torch-2.14.0+cu130
gpt2	torch-compile	cold	3	219	2295.0			torch-2.14.0+cu130
gpt2	torch-compile	cold	3	220	2296.7			torch-2.14.0+cu130
gpt2	torch-compile	cold	3	221	2355.8			torch-2.14.0+cu130
gpt2	torch-compile	cold	3	222	2271.4			torch-2.14.0+cu130
gpt2	torch-compile	cold	3	223	2270.9			torch-2.14.0+cu130
gpt2	torch-compile	cold	3	224	2340.6			torch-2.14.0+cu130
gpt2	torch-compile	cold	3	225	2274.8			torch-2.14.0+cu130
gpt2	torch-compile	cold	3	226	2288.6			torch-2.14.0+cu130
gpt2	torch-compile	cold	3	227	2284.3			torch-2.14.0+cu130
gpt2	torch-compile	cold	3	228	2293.8			torch-2.14.0+cu130
gpt2	torch-compile	cold	3	229	2268.8			torch-2.14.0+cu130
gpt2	torch-compile	cold	3	230	2275.7			torch-2.14.0+cu130
gpt2	torch-compile	cold	3	231	2293.1			torch-2.14.0+cu130
gpt2	torch-compile	cold	3	232	2300.3			torch-2.14.0+cu130
gpt2	torch-compile	cold	3	233	2290.5			torch-2.14.0+cu130
gpt2	torch-compile	cold	3	234	2268.6			torch-2.14.0+cu130
gpt2	torch-compile	cold	3	235	2281.4			torch-2.14.0+cu130
gpt2	torch-compile	cold	3	236	2276.7			torch-2.14.0+cu130
gpt2	torch-compile	cold	3	237	2315.3			torch-2.14.0+cu130
gpt2	torch-compile	cold	3	238	2277.1			torch-2.14.0+cu130
gpt2	torch-compile	cold	3	239	2288.1			torch-2.14.0+cu130
gpt2	torch-compile	cold	3	240	2287.9			torch-2.14.0+cu130
gpt2	torch-compile	cold	3	241	2315.0			torch-2.14.0+cu130
gpt2	torch-compile	cold	3	242	2274.8			torch-2.14.0+cu130
gpt2	torch-compile	cold	3	243	2272.1			torch-2.14.0+cu130
gpt2	torch-compile	cold	3	244	2274.0			torch-2.14.0+cu130
gpt2	torch-compile	cold	3	245	2272.4			torch-2.14.0+cu130
gpt2	torch-compile	cold	3	246	2257.3			torch-2.14.0+cu130
gpt2	torch-compile	cold	3	247	2269.5			torch-2.14.0+cu130
gpt2	torch-compile	cold	3	248	2285.7			torch-2.14.0+cu130
gpt2	torch-compile	cold	3	249	2288.3			torch-2.14.0+cu130
gpt2	torch-compile	cold	3	250	2296.7			torch-2.14.0+cu130
gpt2	torch-compile	cold	3	251	2305.3			torch-2.14.0+cu130
gpt2	torch-compile	cold	3	252	2339.4			torch-2.14.0+cu130
gpt2	torch-compile	cold	3	253	2312.9			torch-2.14.0+cu130
gpt2	torch-compile	cold	3	254	2320.1			torch-2.14.0+cu130
gpt2	torch-compile	cold	3	255	2348.7			torch-2.14.0+cu130
gpt2	torch-compile	cold	3	256	2343.9			torch-2.14.0+cu130
gpt2	torch-compile	cold	3	257	2282.4			torch-2.14.0+cu130
gpt2	torch-compile	cold	3	258	2294.1			torch-2.14.0+cu130
gpt2	torch-compile	cold	3	259	2259.3			torch-2.14.0+cu130
gpt2	torch-compile	cold	3	260	2275.9			torch-2.14.0+cu130
gpt2	torch-compile	cold	3	261	2302.2			torch-2.14.0+cu130
gpt2	torch-compile	cold	3	262	2467.6			torch-2.14.0+cu130
gpt2	torch-compile	cold	3	263	2301.5			torch-2.14.0+cu130
gpt2	torch-compile	cold	3	264	2270.2			torch-2.14.0+cu130
gpt2	torch-compile	cold	3	265	2283.1			torch-2.14.0+cu130
gpt2	torch-compile	cold	3	266	2255.2			torch-2.14.0+cu130
gpt2	torch-compile	cold	3	267	2308.8			torch-2.14.0+cu130
gpt2	torch-compile	cold	3	268	2286.2			torch-2.14.0+cu130
gpt2	torch-compile	cold	3	269	2261.6			torch-2.14.0+cu130
gpt2	torch-compile	cold	3	270	2286.0			torch-2.14.0+cu130
gpt2	torch-compile	cold	3	271	2260.2			torch-2.14.0+cu130
gpt2	torch-compile	cold	3	272	2315.0			torch-2.14.0+cu130
gpt2	torch-compile	cold	3	273	2264.7			torch-2.14.0+cu130
gpt2	torch-compile	cold	3	274	2327.2			torch-2.14.0+cu130
gpt2	torch-compile	cold	3	275	2325.8			torch-2.14.0+cu130
gpt2	torch-compile	cold	3	276	2264.5			torch-2.14.0+cu130
gpt2	torch-compile	cold	3	277	2319.3			torch-2.14.0+cu130
gpt2	torch-compile	cold	3	278	2299.3			torch-2.14.0+cu130
gpt2	torch-compile	cold	3	279	2268.6			torch-2.14.0+cu130
gpt2	torch-compile	cold	3	280	2273.8			torch-2.14.0+cu130
gpt2	torch-compile	cold	3	281	2289.8			torch-2.14.0+cu130
gpt2	torch-compile	cold	3	282	2256.6			torch-2.14.0+cu130
gpt2	torch-compile	cold	3	283	2276.9			torch-2.14.0+cu130
gpt2	torch-compile	cold	3	284	2250.7			torch-2.14.0+cu130
gpt2	torch-compile	cold	3	285	2275.2			torch-2.14.0+cu130
gpt2	torch-compile	cold	3	286	2281.0			torch-2.14.0+cu130
gpt2	torch-compile	cold	3	287	2276.9			torch-2.14.0+cu130
gpt2	torch-compile	cold	3	288	2263.1			torch-2.14.0+cu130
gpt2	torch-compile	cold	3	289	2283.1			torch-2.14.0+cu130
gpt2	torch-compile	cold	3	290	2324.3			torch-2.14.0+cu130
gpt2	torch-compile	cold	3	291	2284.0			torch-2.14.0+cu130
gpt2	torch-compile	cold	3	292	2255.9			torch-2.14.0+cu130
gpt2	torch-compile	cold	3	293	2264.0			torch-2.14.0+cu130
gpt2	torch-compile	cold	3	294	2292.9			torch-2.14.0+cu130
gpt2	torch-compile	cold	3	295	2264.5			torch-2.14.0+cu130
gpt2	torch-compile	cold	3	296	2281.4			torch-2.14.0+cu130
gpt2	torch-compile	cold	3	297	2261.2			torch-2.14.0+cu130
gpt2	torch-compile	cold	3	298	2259.5			torch-2.14.0+cu130
gpt2	torch-compile	cold	3	299	2255.2			torch-2.14.0+cu130
gpt2	torch-compile-ro	cold	3	0	5610361.8			torch-2.14.0+cu130
gpt2	torch-compile-ro	cold	3	1	31289.8			torch-2.14.0+cu130
gpt2	torch-compile-ro	cold	3	2	2605.4			torch-2.14.0+cu130
gpt2	torch-compile-ro	cold	3	3	2394.2			torch-2.14.0+cu130
gpt2	torch-compile-ro	cold	3	4	2240.9			torch-2.14.0+cu130
gpt2	torch-compile-ro	cold	3	5	2175.8			torch-2.14.0+cu130
gpt2	torch-compile-ro	cold	3	6	2160.8			torch-2.14.0+cu130
gpt2	torch-compile-ro	cold	3	7	2171.5			torch-2.14.0+cu130
gpt2	torch-compile-ro	cold	3	8	2154.4			torch-2.14.0+cu130
gpt2	torch-compile-ro	cold	3	9	2147.0			torch-2.14.0+cu130
gpt2	torch-compile-ro	cold	3	10	2176.8			torch-2.14.0+cu130
gpt2	torch-compile-ro	cold	3	11	2191.5			torch-2.14.0+cu130
gpt2	torch-compile-ro	cold	3	12	2159.6			torch-2.14.0+cu130
gpt2	torch-compile-ro	cold	3	13	2172.2			torch-2.14.0+cu130
gpt2	torch-compile-ro	cold	3	14	2176.8			torch-2.14.0+cu130
gpt2	torch-compile-ro	cold	3	15	2164.8			torch-2.14.0+cu130
gpt2	torch-compile-ro	cold	3	16	2225.4			torch-2.14.0+cu130
gpt2	torch-compile-ro	cold	3	17	2171.5			torch-2.14.0+cu130
gpt2	torch-compile-ro	cold	3	18	2176.3			torch-2.14.0+cu130
gpt2	torch-compile-ro	cold	3	19	2188.7			torch-2.14.0+cu130
gpt2	torch-compile-ro	cold	3	20	2172.0			torch-2.14.0+cu130
gpt2	torch-compile-ro	cold	3	21	2162.0			torch-2.14.0+cu130
gpt2	torch-compile-ro	cold	3	22	2157.9			torch-2.14.0+cu130
gpt2	torch-compile-ro	cold	3	23	2160.8			torch-2.14.0+cu130
gpt2	torch-compile-ro	cold	3	24	2194.9			torch-2.14.0+cu130
gpt2	torch-compile-ro	cold	3	25	2166.3			torch-2.14.0+cu130
gpt2	torch-compile-ro	cold	3	26	2152.4			torch-2.14.0+cu130
gpt2	torch-compile-ro	cold	3	27	2144.3			torch-2.14.0+cu130
gpt2	torch-compile-ro	cold	3	28	2188.0			torch-2.14.0+cu130
gpt2	torch-compile-ro	cold	3	29	2174.9			torch-2.14.0+cu130
gpt2	torch-compile-ro	cold	3	30	2162.2			torch-2.14.0+cu130
gpt2	torch-compile-ro	cold	3	31	2186.1			torch-2.14.0+cu130
gpt2	torch-compile-ro	cold	3	32	2184.4			torch-2.14.0+cu130
gpt2	torch-compile-ro	cold	3	33	2221.8			torch-2.14.0+cu130
gpt2	torch-compile-ro	cold	3	34	2162.2			torch-2.14.0+cu130
gpt2	torch-compile-ro	cold	3	35	2180.8			torch-2.14.0+cu130
gpt2	torch-compile-ro	cold	3	36	2160.8			torch-2.14.0+cu130
gpt2	torch-compile-ro	cold	3	37	2197.3			torch-2.14.0+cu130
gpt2	torch-compile-ro	cold	3	38	2159.8			torch-2.14.0+cu130
gpt2	torch-compile-ro	cold	3	39	2164.1			torch-2.14.0+cu130
gpt2	torch-compile-ro	cold	3	40	2189.9			torch-2.14.0+cu130
gpt2	torch-compile-ro	cold	3	41	2158.2			torch-2.14.0+cu130
gpt2	torch-compile-ro	cold	3	42	2156.0			torch-2.14.0+cu130
gpt2	torch-compile-ro	cold	3	43	2162.7			torch-2.14.0+cu130
gpt2	torch-compile-ro	cold	3	44	2171.8			torch-2.14.0+cu130
gpt2	torch-compile-ro	cold	3	45	2194.6			torch-2.14.0+cu130
gpt2	torch-compile-ro	cold	3	46	2215.1			torch-2.14.0+cu130
gpt2	torch-compile-ro	cold	3	47	2160.8			torch-2.14.0+cu130
gpt2	torch-compile-ro	cold	3	48	2171.3			torch-2.14.0+cu130
gpt2	torch-compile-ro	cold	3	49	2166.7			torch-2.14.0+cu130
gpt2	torch-compile-ro	cold	3	50	2162.9			torch-2.14.0+cu130
gpt2	torch-compile-ro	cold	3	51	2163.6			torch-2.14.0+cu130
gpt2	torch-compile-ro	cold	3	52	2191.5			torch-2.14.0+cu130
gpt2	torch-compile-ro	cold	3	53	2161.5			torch-2.14.0+cu130
gpt2	torch-compile-ro	cold	3	54	2165.6			torch-2.14.0+cu130
gpt2	torch-compile-ro	cold	3	55	2159.4			torch-2.14.0+cu130
gpt2	torch-compile-ro	cold	3	56	2171.0			torch-2.14.0+cu130
gpt2	torch-compile-ro	cold	3	57	2162.0			torch-2.14.0+cu130
gpt2	torch-compile-ro	cold	3	58	2163.2			torch-2.14.0+cu130
gpt2	torch-compile-ro	cold	3	59	2172.9			torch-2.14.0+cu130
gpt2	torch-compile-ro	cold	3	60	2213.2			torch-2.14.0+cu130
gpt2	torch-compile-ro	cold	3	61	2158.4			torch-2.14.0+cu130
gpt2	torch-compile-ro	cold	3	62	2166.5			torch-2.14.0+cu130
gpt2	torch-compile-ro	cold	3	63	2197.3			torch-2.14.0+cu130
gpt2	torch-compile-ro	cold	3	64	2207.5			torch-2.14.0+cu130
gpt2	torch-compile-ro	cold	3	65	2162.7			torch-2.14.0+cu130
gpt2	torch-compile-ro	cold	3	66	2162.0			torch-2.14.0+cu130
gpt2	torch-compile-ro	cold	3	67	2161.0			torch-2.14.0+cu130
gpt2	torch-compile-ro	cold	3	68	2162.0			torch-2.14.0+cu130
gpt2	torch-compile-ro	cold	3	69	2162.5			torch-2.14.0+cu130
gpt2	torch-compile-ro	cold	3	70	2164.4			torch-2.14.0+cu130
gpt2	torch-compile-ro	cold	3	71	2176.5			torch-2.14.0+cu130
gpt2	torch-compile-ro	cold	3	72	2148.4			torch-2.14.0+cu130
gpt2	torch-compile-ro	cold	3	73	2160.3			torch-2.14.0+cu130
gpt2	torch-compile-ro	cold	3	74	2163.2			torch-2.14.0+cu130
gpt2	torch-compile-ro	cold	3	75	2185.3			torch-2.14.0+cu130
gpt2	torch-compile-ro	cold	3	76	2157.7			torch-2.14.0+cu130
gpt2	torch-compile-ro	cold	3	77	2152.7			torch-2.14.0+cu130
gpt2	torch-compile-ro	cold	3	78	2149.8			torch-2.14.0+cu130
gpt2	torch-compile-ro	cold	3	79	2148.2			torch-2.14.0+cu130
gpt2	torch-compile-ro	cold	3	80	2165.3			torch-2.14.0+cu130
gpt2	torch-compile-ro	cold	3	81	2168.4			torch-2.14.0+cu130
gpt2	torch-compile-ro	cold	3	82	2231.1			torch-2.14.0+cu130
gpt2	torch-compile-ro	cold	3	83	2206.6			torch-2.14.0+cu130
gpt2	torch-compile-ro	cold	3	84	2165.1			torch-2.14.0+cu130
gpt2	torch-compile-ro	cold	3	85	2162.7			torch-2.14.0+cu130
gpt2	torch-compile-ro	cold	3	86	2171.5			torch-2.14.0+cu130
gpt2	torch-compile-ro	cold	3	87	2183.9			torch-2.14.0+cu130
gpt2	torch-compile-ro	cold	3	88	2170.1			torch-2.14.0+cu130
gpt2	torch-compile-ro	cold	3	89	2174.6			torch-2.14.0+cu130
gpt2	torch-compile-ro	cold	3	90	2170.3			torch-2.14.0+cu130
gpt2	torch-compile-ro	cold	3	91	2161.5			torch-2.14.0+cu130
gpt2	torch-compile-ro	cold	3	92	2187.0			torch-2.14.0+cu130
gpt2	torch-compile-ro	cold	3	93	2201.3			torch-2.14.0+cu130
gpt2	torch-compile-ro	cold	3	94	2178.0			torch-2.14.0+cu130
gpt2	torch-compile-ro	cold	3	95	2187.3			torch-2.14.0+cu130
gpt2	torch-compile-ro	cold	3	96	2156.3			torch-2.14.0+cu130
gpt2	torch-compile-ro	cold	3	97	2186.8			torch-2.14.0+cu130
gpt2	torch-compile-ro	cold	3	98	2164.1			torch-2.14.0+cu130
gpt2	torch-compile-ro	cold	3	99	2152.4			torch-2.14.0+cu130
gpt2	torch-compile-ro	cold	3	100	2166.3			torch-2.14.0+cu130
gpt2	torch-compile-ro	cold	3	101	2191.8			torch-2.14.0+cu130
gpt2	torch-compile-ro	cold	3	102	2168.2			torch-2.14.0+cu130
gpt2	torch-compile-ro	cold	3	103	2170.1			torch-2.14.0+cu130
gpt2	torch-compile-ro	cold	3	104	2191.8			torch-2.14.0+cu130
gpt2	torch-compile-ro	cold	3	105	2157.0			torch-2.14.0+cu130
gpt2	torch-compile-ro	cold	3	106	2136.9			torch-2.14.0+cu130
gpt2	torch-compile-ro	cold	3	107	2114.8			torch-2.14.0+cu130
gpt2	torch-compile-ro	cold	3	108	2080.0			torch-2.14.0+cu130
gpt2	torch-compile-ro	cold	3	109	2104.8			torch-2.14.0+cu130
gpt2	torch-compile-ro	cold	3	110	2104.5			torch-2.14.0+cu130
gpt2	torch-compile-ro	cold	3	111	2085.7			torch-2.14.0+cu130
gpt2	torch-compile-ro	cold	3	112	2097.1			torch-2.14.0+cu130
gpt2	torch-compile-ro	cold	3	113	2104.3			torch-2.14.0+cu130
gpt2	torch-compile-ro	cold	3	114	2080.2			torch-2.14.0+cu130
gpt2	torch-compile-ro	cold	3	115	2106.9			torch-2.14.0+cu130
gpt2	torch-compile-ro	cold	3	116	2090.9			torch-2.14.0+cu130
gpt2	torch-compile-ro	cold	3	117	2098.8			torch-2.14.0+cu130
gpt2	torch-compile-ro	cold	3	118	2100.0			torch-2.14.0+cu130
gpt2	torch-compile-ro	cold	3	119	2081.2			torch-2.14.0+cu130
gpt2	torch-compile-ro	cold	3	120	2098.3			torch-2.14.0+cu130
gpt2	torch-compile-ro	cold	3	121	2104.3			torch-2.14.0+cu130
gpt2	torch-compile-ro	cold	3	122	2106.4			torch-2.14.0+cu130
gpt2	torch-compile-ro	cold	3	123	2178.9			torch-2.14.0+cu130
gpt2	torch-compile-ro	cold	3	124	2155.8			torch-2.14.0+cu130
gpt2	torch-compile-ro	cold	3	125	2209.4			torch-2.14.0+cu130
gpt2	torch-compile-ro	cold	3	126	2119.8			torch-2.14.0+cu130
gpt2	torch-compile-ro	cold	3	127	2116.2			torch-2.14.0+cu130
gpt2	torch-compile-ro	cold	3	128	2100.0			torch-2.14.0+cu130
gpt2	torch-compile-ro	cold	3	129	2122.9			torch-2.14.0+cu130
gpt2	torch-compile-ro	cold	3	130	2135.0			torch-2.14.0+cu130
gpt2	torch-compile-ro	cold	3	131	2111.0			torch-2.14.0+cu130
gpt2	torch-compile-ro	cold	3	132	2099.3			torch-2.14.0+cu130
gpt2	torch-compile-ro	cold	3	133	2114.5			torch-2.14.0+cu130
gpt2	torch-compile-ro	cold	3	134	2094.0			torch-2.14.0+cu130
gpt2	torch-compile-ro	cold	3	135	2147.4			torch-2.14.0+cu130
gpt2	torch-compile-ro	cold	3	136	2092.4			torch-2.14.0+cu130
gpt2	torch-compile-ro	cold	3	137	2106.9			torch-2.14.0+cu130
gpt2	torch-compile-ro	cold	3	138	2102.4			torch-2.14.0+cu130
gpt2	torch-compile-ro	cold	3	139	2097.6			torch-2.14.0+cu130
gpt2	torch-compile-ro	cold	3	140	2131.5			torch-2.14.0+cu130
gpt2	torch-compile-ro	cold	3	141	2121.0			torch-2.14.0+cu130
gpt2	torch-compile-ro	cold	3	142	2085.7			torch-2.14.0+cu130
gpt2	torch-compile-ro	cold	3	143	2162.5			torch-2.14.0+cu130
gpt2	torch-compile-ro	cold	3	144	2122.9			torch-2.14.0+cu130
gpt2	torch-compile-ro	cold	3	145	2086.2			torch-2.14.0+cu130
gpt2	torch-compile-ro	cold	3	146	2112.4			torch-2.14.0+cu130
gpt2	torch-compile-ro	cold	3	147	2094.3			torch-2.14.0+cu130
gpt2	torch-compile-ro	cold	3	148	2083.3			torch-2.14.0+cu130
gpt2	torch-compile-ro	cold	3	149	2106.7			torch-2.14.0+cu130
gpt2	torch-compile-ro	cold	3	150	2104.3			torch-2.14.0+cu130
gpt2	torch-compile-ro	cold	3	151	2098.6			torch-2.14.0+cu130
gpt2	torch-compile-ro	cold	3	152	2083.1			torch-2.14.0+cu130
gpt2	torch-compile-ro	cold	3	153	2112.4			torch-2.14.0+cu130
gpt2	torch-compile-ro	cold	3	154	2114.1			torch-2.14.0+cu130
gpt2	torch-compile-ro	cold	3	155	2094.7			torch-2.14.0+cu130
gpt2	torch-compile-ro	cold	3	156	2145.5			torch-2.14.0+cu130
gpt2	torch-compile-ro	cold	3	157	2090.9			torch-2.14.0+cu130
gpt2	torch-compile-ro	cold	3	158	2112.6			torch-2.14.0+cu130
gpt2	torch-compile-ro	cold	3	159	2091.2			torch-2.14.0+cu130
gpt2	torch-compile-ro	cold	3	160	2092.6			torch-2.14.0+cu130
gpt2	torch-compile-ro	cold	3	161	2084.3			torch-2.14.0+cu130
gpt2	torch-compile-ro	cold	3	162	2083.5			torch-2.14.0+cu130
gpt2	torch-compile-ro	cold	3	163	2088.5			torch-2.14.0+cu130
gpt2	torch-compile-ro	cold	3	164	2098.8			torch-2.14.0+cu130
gpt2	torch-compile-ro	cold	3	165	2083.8			torch-2.14.0+cu130
gpt2	torch-compile-ro	cold	3	166	2099.5			torch-2.14.0+cu130
gpt2	torch-compile-ro	cold	3	167	2147.0			torch-2.14.0+cu130
gpt2	torch-compile-ro	cold	3	168	2083.5			torch-2.14.0+cu130
gpt2	torch-compile-ro	cold	3	169	2076.1			torch-2.14.0+cu130
gpt2	torch-compile-ro	cold	3	170	2104.8			torch-2.14.0+cu130
gpt2	torch-compile-ro	cold	3	171	2144.3			torch-2.14.0+cu130
gpt2	torch-compile-ro	cold	3	172	2087.6			torch-2.14.0+cu130
gpt2	torch-compile-ro	cold	3	173	2121.4			torch-2.14.0+cu130
gpt2	torch-compile-ro	cold	3	174	2093.6			torch-2.14.0+cu130
gpt2	torch-compile-ro	cold	3	175	2121.9			torch-2.14.0+cu130
gpt2	torch-compile-ro	cold	3	176	2137.9			torch-2.14.0+cu130
gpt2	torch-compile-ro	cold	3	177	2092.6			torch-2.14.0+cu130
gpt2	torch-compile-ro	cold	3	178	2096.2			torch-2.14.0+cu130
gpt2	torch-compile-ro	cold	3	179	2101.9			torch-2.14.0+cu130
gpt2	torch-compile-ro	cold	3	180	2092.6			torch-2.14.0+cu130
gpt2	torch-compile-ro	cold	3	181	2164.1			torch-2.14.0+cu130
gpt2	torch-compile-ro	cold	3	182	2080.9			torch-2.14.0+cu130
gpt2	torch-compile-ro	cold	3	183	2119.5			torch-2.14.0+cu130
gpt2	torch-compile-ro	cold	3	184	2096.2			torch-2.14.0+cu130
gpt2	torch-compile-ro	cold	3	185	2162.9			torch-2.14.0+cu130
gpt2	torch-compile-ro	cold	3	186	2091.9			torch-2.14.0+cu130
gpt2	torch-compile-ro	cold	3	187	2101.4			torch-2.14.0+cu130
gpt2	torch-compile-ro	cold	3	188	2133.6			torch-2.14.0+cu130
gpt2	torch-compile-ro	cold	3	189	2104.8			torch-2.14.0+cu130
gpt2	torch-compile-ro	cold	3	190	2090.9			torch-2.14.0+cu130
gpt2	torch-compile-ro	cold	3	191	2088.5			torch-2.14.0+cu130
gpt2	torch-compile-ro	cold	3	192	2128.6			torch-2.14.0+cu130
gpt2	torch-compile-ro	cold	3	193	2102.9			torch-2.14.0+cu130
gpt2	torch-compile-ro	cold	3	194	2120.3			torch-2.14.0+cu130
gpt2	torch-compile-ro	cold	3	195	2095.0			torch-2.14.0+cu130
gpt2	torch-compile-ro	cold	3	196	2153.9			torch-2.14.0+cu130
gpt2	torch-compile-ro	cold	3	197	2099.8			torch-2.14.0+cu130
gpt2	torch-compile-ro	cold	3	198	2122.4			torch-2.14.0+cu130
gpt2	torch-compile-ro	cold	3	199	2092.4			torch-2.14.0+cu130
gpt2	torch-compile-ro	cold	3	200	2151.3			torch-2.14.0+cu130
gpt2	torch-compile-ro	cold	3	201	2102.9			torch-2.14.0+cu130
gpt2	torch-compile-ro	cold	3	202	2113.3			torch-2.14.0+cu130
gpt2	torch-compile-ro	cold	3	203	2130.5			torch-2.14.0+cu130
gpt2	torch-compile-ro	cold	3	204	2111.0			torch-2.14.0+cu130
gpt2	torch-compile-ro	cold	3	205	2158.9			torch-2.14.0+cu130
gpt2	torch-compile-ro	cold	3	206	2108.8			torch-2.14.0+cu130
gpt2	torch-compile-ro	cold	3	207	2106.0			torch-2.14.0+cu130
gpt2	torch-compile-ro	cold	3	208	2114.8			torch-2.14.0+cu130
gpt2	torch-compile-ro	cold	3	209	2114.8			torch-2.14.0+cu130
gpt2	torch-compile-ro	cold	3	210	2090.2			torch-2.14.0+cu130
gpt2	torch-compile-ro	cold	3	211	2117.9			torch-2.14.0+cu130
gpt2	torch-compile-ro	cold	3	212	2091.9			torch-2.14.0+cu130
gpt2	torch-compile-ro	cold	3	213	2089.5			torch-2.14.0+cu130
gpt2	torch-compile-ro	cold	3	214	2099.5			torch-2.14.0+cu130
gpt2	torch-compile-ro	cold	3	215	2105.7			torch-2.14.0+cu130
gpt2	torch-compile-ro	cold	3	216	2104.3			torch-2.14.0+cu130
gpt2	torch-compile-ro	cold	3	217	2125.7			torch-2.14.0+cu130
gpt2	torch-compile-ro	cold	3	218	2113.6			torch-2.14.0+cu130
gpt2	torch-compile-ro	cold	3	219	2102.9			torch-2.14.0+cu130
gpt2	torch-compile-ro	cold	3	220	2107.1			torch-2.14.0+cu130
gpt2	torch-compile-ro	cold	3	221	2091.4			torch-2.14.0+cu130
gpt2	torch-compile-ro	cold	3	222	2083.3			torch-2.14.0+cu130
gpt2	torch-compile-ro	cold	3	223	2104.5			torch-2.14.0+cu130
gpt2	torch-compile-ro	cold	3	224	2110.2			torch-2.14.0+cu130
gpt2	torch-compile-ro	cold	3	225	2120.7			torch-2.14.0+cu130
gpt2	torch-compile-ro	cold	3	226	2091.9			torch-2.14.0+cu130
gpt2	torch-compile-ro	cold	3	227	2121.0			torch-2.14.0+cu130
gpt2	torch-compile-ro	cold	3	228	2092.1			torch-2.14.0+cu130
gpt2	torch-compile-ro	cold	3	229	2119.3			torch-2.14.0+cu130
gpt2	torch-compile-ro	cold	3	230	2088.3			torch-2.14.0+cu130
gpt2	torch-compile-ro	cold	3	231	2103.6			torch-2.14.0+cu130
gpt2	torch-compile-ro	cold	3	232	2092.8			torch-2.14.0+cu130
gpt2	torch-compile-ro	cold	3	233	2092.8			torch-2.14.0+cu130
gpt2	torch-compile-ro	cold	3	234	2086.2			torch-2.14.0+cu130
gpt2	torch-compile-ro	cold	3	235	2111.4			torch-2.14.0+cu130
gpt2	torch-compile-ro	cold	3	236	2092.6			torch-2.14.0+cu130
gpt2	torch-compile-ro	cold	3	237	2106.9			torch-2.14.0+cu130
gpt2	torch-compile-ro	cold	3	238	2119.5			torch-2.14.0+cu130
gpt2	torch-compile-ro	cold	3	239	2100.9			torch-2.14.0+cu130
gpt2	torch-compile-ro	cold	3	240	2111.9			torch-2.14.0+cu130
gpt2	torch-compile-ro	cold	3	241	2096.4			torch-2.14.0+cu130
gpt2	torch-compile-ro	cold	3	242	2109.3			torch-2.14.0+cu130
gpt2	torch-compile-ro	cold	3	243	2090.7			torch-2.14.0+cu130
gpt2	torch-compile-ro	cold	3	244	2101.4			torch-2.14.0+cu130
gpt2	torch-compile-ro	cold	3	245	2094.5			torch-2.14.0+cu130
gpt2	torch-compile-ro	cold	3	246	2093.1			torch-2.14.0+cu130
gpt2	torch-compile-ro	cold	3	247	2098.3			torch-2.14.0+cu130
gpt2	torch-compile-ro	cold	3	248	2094.5			torch-2.14.0+cu130
gpt2	torch-compile-ro	cold	3	249	2165.3			torch-2.14.0+cu130
gpt2	torch-compile-ro	cold	3	250	2098.6			torch-2.14.0+cu130
gpt2	torch-compile-ro	cold	3	251	2111.0			torch-2.14.0+cu130
gpt2	torch-compile-ro	cold	3	252	2099.3			torch-2.14.0+cu130
gpt2	torch-compile-ro	cold	3	253	2135.0			torch-2.14.0+cu130
gpt2	torch-compile-ro	cold	3	254	2094.0			torch-2.14.0+cu130
gpt2	torch-compile-ro	cold	3	255	2148.9			torch-2.14.0+cu130
gpt2	torch-compile-ro	cold	3	256	2088.5			torch-2.14.0+cu130
gpt2	torch-compile-ro	cold	3	257	2101.7			torch-2.14.0+cu130
gpt2	torch-compile-ro	cold	3	258	2090.5			torch-2.14.0+cu130
gpt2	torch-compile-ro	cold	3	259	2119.8			torch-2.14.0+cu130
gpt2	torch-compile-ro	cold	3	260	2188.7			torch-2.14.0+cu130
gpt2	torch-compile-ro	cold	3	261	2225.4			torch-2.14.0+cu130
gpt2	torch-compile-ro	cold	3	262	2132.2			torch-2.14.0+cu130
gpt2	torch-compile-ro	cold	3	263	2138.6			torch-2.14.0+cu130
gpt2	torch-compile-ro	cold	3	264	2125.0			torch-2.14.0+cu130
gpt2	torch-compile-ro	cold	3	265	2114.5			torch-2.14.0+cu130
gpt2	torch-compile-ro	cold	3	266	2131.9			torch-2.14.0+cu130
gpt2	torch-compile-ro	cold	3	267	2111.7			torch-2.14.0+cu130
gpt2	torch-compile-ro	cold	3	268	2113.1			torch-2.14.0+cu130
gpt2	torch-compile-ro	cold	3	269	2083.5			torch-2.14.0+cu130
gpt2	torch-compile-ro	cold	3	270	2086.2			torch-2.14.0+cu130
gpt2	torch-compile-ro	cold	3	271	2106.4			torch-2.14.0+cu130
gpt2	torch-compile-ro	cold	3	272	2096.4			torch-2.14.0+cu130
gpt2	torch-compile-ro	cold	3	273	2106.2			torch-2.14.0+cu130
gpt2	torch-compile-ro	cold	3	274	2111.9			torch-2.14.0+cu130
gpt2	torch-compile-ro	cold	3	275	2109.1			torch-2.14.0+cu130
gpt2	torch-compile-ro	cold	3	276	2089.7			torch-2.14.0+cu130
gpt2	torch-compile-ro	cold	3	277	2088.8			torch-2.14.0+cu130
gpt2	torch-compile-ro	cold	3	278	2099.3			torch-2.14.0+cu130
gpt2	torch-compile-ro	cold	3	279	2117.4			torch-2.14.0+cu130
gpt2	torch-compile-ro	cold	3	280	2100.5			torch-2.14.0+cu130
gpt2	torch-compile-ro	cold	3	281	2095.9			torch-2.14.0+cu130
gpt2	torch-compile-ro	cold	3	282	2100.2			torch-2.14.0+cu130
gpt2	torch-compile-ro	cold	3	283	2112.9			torch-2.14.0+cu130
gpt2	torch-compile-ro	cold	3	284	2129.6			torch-2.14.0+cu130
gpt2	torch-compile-ro	cold	3	285	2084.7			torch-2.14.0+cu130
gpt2	torch-compile-ro	cold	3	286	2142.9			torch-2.14.0+cu130
gpt2	torch-compile-ro	cold	3	287	2118.3			torch-2.14.0+cu130
gpt2	torch-compile-ro	cold	3	288	2080.2			torch-2.14.0+cu130
gpt2	torch-compile-ro	cold	3	289	2092.8			torch-2.14.0+cu130
gpt2	torch-compile-ro	cold	3	290	2097.4			torch-2.14.0+cu130
gpt2	torch-compile-ro	cold	3	291	2134.3			torch-2.14.0+cu130
gpt2	torch-compile-ro	cold	3	292	2107.9			torch-2.14.0+cu130
gpt2	torch-compile-ro	cold	3	293	2098.1			torch-2.14.0+cu130
gpt2	torch-compile-ro	cold	3	294	2100.2			torch-2.14.0+cu130
gpt2	torch-compile-ro	cold	3	295	2101.7			torch-2.14.0+cu130
gpt2	torch-compile-ro	cold	3	296	2091.6			torch-2.14.0+cu130
gpt2	torch-compile-ro	cold	3	297	2094.3			torch-2.14.0+cu130
gpt2	torch-compile-ro	cold	3	298	2117.9			torch-2.14.0+cu130
gpt2	torch-compile-ro	cold	3	299	2087.4			torch-2.14.0+cu130
gpt2	jax	cold	3	0	8540.6			jax-0.11.1
gpt2	jax	cold	3	1	2319.1			jax-0.11.1
gpt2	jax	cold	3	2	2204.4			jax-0.11.1
gpt2	jax	cold	3	3	1975.1			jax-0.11.1
gpt2	jax	cold	3	4	1964.9			jax-0.11.1
gpt2	jax	cold	3	5	2000.9			jax-0.11.1
gpt2	jax	cold	3	6	2009.6			jax-0.11.1
gpt2	jax	cold	3	7	2006.2			jax-0.11.1
gpt2	jax	cold	3	8	2001.6			jax-0.11.1
gpt2	jax	cold	3	9	1999.5			jax-0.11.1
gpt2	jax	cold	3	10	2003.0			jax-0.11.1
gpt2	jax	cold	3	11	1995.7			jax-0.11.1
gpt2	jax	cold	3	12	1967.9			jax-0.11.1
gpt2	jax	cold	3	13	1990.8			jax-0.11.1
gpt2	jax	cold	3	14	1968.2			jax-0.11.1
gpt2	jax	cold	3	15	1998.4			jax-0.11.1
gpt2	jax	cold	3	16	2000.6			jax-0.11.1
gpt2	jax	cold	3	17	1998.3			jax-0.11.1
gpt2	jax	cold	3	18	1998.1			jax-0.11.1
gpt2	jax	cold	3	19	2006.4			jax-0.11.1
gpt2	jax	cold	3	20	1970.3			jax-0.11.1
gpt2	jax	cold	3	21	2004.6			jax-0.11.1
gpt2	jax	cold	3	22	2000.2			jax-0.11.1
gpt2	jax	cold	3	23	1979.2			jax-0.11.1
gpt2	jax	cold	3	24	2002.1			jax-0.11.1
gpt2	jax	cold	3	25	2020.7			jax-0.11.1
gpt2	jax	cold	3	26	1982.7			jax-0.11.1
gpt2	jax	cold	3	27	2004.4			jax-0.11.1
gpt2	jax	cold	3	28	2008.0			jax-0.11.1
gpt2	jax	cold	3	29	1976.6			jax-0.11.1
gpt2	jax	cold	3	30	2007.7			jax-0.11.1
gpt2	jax	cold	3	31	2004.5			jax-0.11.1
gpt2	jax	cold	3	32	1981.0			jax-0.11.1
gpt2	jax	cold	3	33	2016.7			jax-0.11.1
gpt2	jax	cold	3	34	2004.7			jax-0.11.1
gpt2	jax	cold	3	35	2005.8			jax-0.11.1
gpt2	jax	cold	3	36	1968.6			jax-0.11.1
gpt2	jax	cold	3	37	1977.6			jax-0.11.1
gpt2	jax	cold	3	38	1980.4			jax-0.11.1
gpt2	jax	cold	3	39	2011.4			jax-0.11.1
gpt2	jax	cold	3	40	2004.5			jax-0.11.1
gpt2	jax	cold	3	41	1999.7			jax-0.11.1
gpt2	jax	cold	3	42	2049.0			jax-0.11.1
gpt2	jax	cold	3	43	2010.1			jax-0.11.1
gpt2	jax	cold	3	44	2039.4			jax-0.11.1
gpt2	jax	cold	3	45	2029.8			jax-0.11.1
gpt2	jax	cold	3	46	1984.9			jax-0.11.1
gpt2	jax	cold	3	47	1989.4			jax-0.11.1
gpt2	jax	cold	3	48	2017.2			jax-0.11.1
gpt2	jax	cold	3	49	2002.3			jax-0.11.1
gpt2	jax	cold	3	50	1971.6			jax-0.11.1
gpt2	jax	cold	3	51	1999.8			jax-0.11.1
gpt2	jax	cold	3	52	2002.2			jax-0.11.1
gpt2	jax	cold	3	53	1973.5			jax-0.11.1
gpt2	jax	cold	3	54	2007.1			jax-0.11.1
gpt2	jax	cold	3	55	1982.7			jax-0.11.1
gpt2	jax	cold	3	56	2006.6			jax-0.11.1
gpt2	jax	cold	3	57	1950.2			jax-0.11.1
gpt2	jax	cold	3	58	2011.8			jax-0.11.1
gpt2	jax	cold	3	59	1982.2			jax-0.11.1
gpt2	jax	cold	3	60	2020.2			jax-0.11.1
gpt2	jax	cold	3	61	1956.6			jax-0.11.1
gpt2	jax	cold	3	62	1997.4			jax-0.11.1
gpt2	jax	cold	3	63	1993.3			jax-0.11.1
gpt2	jax	cold	3	64	1984.1			jax-0.11.1
gpt2	jax	cold	3	65	2004.9			jax-0.11.1
gpt2	jax	cold	3	66	1989.0			jax-0.11.1
gpt2	jax	cold	3	67	1987.2			jax-0.11.1
gpt2	jax	cold	3	68	1992.0			jax-0.11.1
gpt2	jax	cold	3	69	1975.2			jax-0.11.1
gpt2	jax	cold	3	70	2017.2			jax-0.11.1
gpt2	jax	cold	3	71	1993.4			jax-0.11.1
gpt2	jax	cold	3	72	1998.6			jax-0.11.1
gpt2	jax	cold	3	73	2001.0			jax-0.11.1
gpt2	jax	cold	3	74	2003.5			jax-0.11.1
gpt2	jax	cold	3	75	2017.5			jax-0.11.1
gpt2	jax	cold	3	76	1989.6			jax-0.11.1
gpt2	jax	cold	3	77	1985.6			jax-0.11.1
gpt2	jax	cold	3	78	1991.5			jax-0.11.1
gpt2	jax	cold	3	79	1993.4			jax-0.11.1
gpt2	jax	cold	3	80	1986.4			jax-0.11.1
gpt2	jax	cold	3	81	1986.9			jax-0.11.1
gpt2	jax	cold	3	82	1992.7			jax-0.11.1
gpt2	jax	cold	3	83	1982.2			jax-0.11.1
gpt2	jax	cold	3	84	1984.3			jax-0.11.1
gpt2	jax	cold	3	85	1975.9			jax-0.11.1
gpt2	jax	cold	3	86	2000.6			jax-0.11.1
gpt2	jax	cold	3	87	1958.0			jax-0.11.1
gpt2	jax	cold	3	88	1988.3			jax-0.11.1
gpt2	jax	cold	3	89	1992.2			jax-0.11.1
gpt2	jax	cold	3	90	1986.5			jax-0.11.1
gpt2	jax	cold	3	91	1982.7			jax-0.11.1
gpt2	jax	cold	3	92	1963.0			jax-0.11.1
gpt2	jax	cold	3	93	2001.9			jax-0.11.1
gpt2	jax	cold	3	94	2023.7			jax-0.11.1
gpt2	jax	cold	3	95	2023.8			jax-0.11.1
gpt2	jax	cold	3	96	1997.8			jax-0.11.1
gpt2	jax	cold	3	97	1984.8			jax-0.11.1
gpt2	jax	cold	3	98	2025.0			jax-0.11.1
gpt2	jax	cold	3	99	1987.7			jax-0.11.1
gpt2	jax	cold	3	100	2006.4			jax-0.11.1
gpt2	jax	cold	3	101	2001.8			jax-0.11.1
gpt2	jax	cold	3	102	1973.8			jax-0.11.1
gpt2	jax	cold	3	103	1998.1			jax-0.11.1
gpt2	jax	cold	3	104	2015.3			jax-0.11.1
gpt2	jax	cold	3	105	2002.6			jax-0.11.1
gpt2	jax	cold	3	106	1994.6			jax-0.11.1
gpt2	jax	cold	3	107	1999.4			jax-0.11.1
gpt2	jax	cold	3	108	2074.3			jax-0.11.1
gpt2	jax	cold	3	109	1998.1			jax-0.11.1
gpt2	jax	cold	3	110	1970.3			jax-0.11.1
gpt2	jax	cold	3	111	1997.0			jax-0.11.1
gpt2	jax	cold	3	112	1959.4			jax-0.11.1
gpt2	jax	cold	3	113	1959.1			jax-0.11.1
gpt2	jax	cold	3	114	1962.2			jax-0.11.1
gpt2	jax	cold	3	115	1980.9			jax-0.11.1
gpt2	jax	cold	3	116	1983.1			jax-0.11.1
gpt2	jax	cold	3	117	1956.5			jax-0.11.1
gpt2	jax	cold	3	118	1985.8			jax-0.11.1
gpt2	jax	cold	3	119	1996.1			jax-0.11.1
gpt2	jax	cold	3	120	1966.2			jax-0.11.1
gpt2	jax	cold	3	121	1981.4			jax-0.11.1
gpt2	jax	cold	3	122	1978.2			jax-0.11.1
gpt2	jax	cold	3	123	1998.2			jax-0.11.1
gpt2	jax	cold	3	124	2008.2			jax-0.11.1
gpt2	jax	cold	3	125	2005.2			jax-0.11.1
gpt2	jax	cold	3	126	2024.3			jax-0.11.1
gpt2	jax	cold	3	127	1999.8			jax-0.11.1
gpt2	jax	cold	3	128	2010.2			jax-0.11.1
gpt2	jax	cold	3	129	2008.9			jax-0.11.1
gpt2	jax	cold	3	130	2013.7			jax-0.11.1
gpt2	jax	cold	3	131	2015.8			jax-0.11.1
gpt2	jax	cold	3	132	2005.2			jax-0.11.1
gpt2	jax	cold	3	133	1997.2			jax-0.11.1
gpt2	jax	cold	3	134	1998.8			jax-0.11.1
gpt2	jax	cold	3	135	1992.1			jax-0.11.1
gpt2	jax	cold	3	136	1998.3			jax-0.11.1
gpt2	jax	cold	3	137	1978.0			jax-0.11.1
gpt2	jax	cold	3	138	1994.9			jax-0.11.1
gpt2	jax	cold	3	139	1994.3			jax-0.11.1
gpt2	jax	cold	3	140	1995.8			jax-0.11.1
gpt2	jax	cold	3	141	1987.9			jax-0.11.1
gpt2	jax	cold	3	142	1931.9			jax-0.11.1
gpt2	jax	cold	3	143	1930.3			jax-0.11.1
gpt2	jax	cold	3	144	1948.9			jax-0.11.1
gpt2	jax	cold	3	145	1961.6			jax-0.11.1
gpt2	jax	cold	3	146	1928.0			jax-0.11.1
gpt2	jax	cold	3	147	1926.3			jax-0.11.1
gpt2	jax	cold	3	148	1926.7			jax-0.11.1
gpt2	jax	cold	3	149	1931.8			jax-0.11.1
gpt2	jax	cold	3	150	1937.1			jax-0.11.1
gpt2	jax	cold	3	151	1928.6			jax-0.11.1
gpt2	jax	cold	3	152	1930.4			jax-0.11.1
gpt2	jax	cold	3	153	1908.9			jax-0.11.1
gpt2	jax	cold	3	154	1931.6			jax-0.11.1
gpt2	jax	cold	3	155	1942.5			jax-0.11.1
gpt2	jax	cold	3	156	1939.1			jax-0.11.1
gpt2	jax	cold	3	157	1929.1			jax-0.11.1
gpt2	jax	cold	3	158	1932.8			jax-0.11.1
gpt2	jax	cold	3	159	1921.0			jax-0.11.1
gpt2	jax	cold	3	160	1927.1			jax-0.11.1
gpt2	jax	cold	3	161	1932.4			jax-0.11.1
gpt2	jax	cold	3	162	1946.8			jax-0.11.1
gpt2	jax	cold	3	163	1950.8			jax-0.11.1
gpt2	jax	cold	3	164	1944.4			jax-0.11.1
gpt2	jax	cold	3	165	1947.4			jax-0.11.1
gpt2	jax	cold	3	166	1946.1			jax-0.11.1
gpt2	jax	cold	3	167	1935.9			jax-0.11.1
gpt2	jax	cold	3	168	1975.4			jax-0.11.1
gpt2	jax	cold	3	169	1944.6			jax-0.11.1
gpt2	jax	cold	3	170	1945.2			jax-0.11.1
gpt2	jax	cold	3	171	1943.2			jax-0.11.1
gpt2	jax	cold	3	172	1949.5			jax-0.11.1
gpt2	jax	cold	3	173	1948.6			jax-0.11.1
gpt2	jax	cold	3	174	1997.0			jax-0.11.1
gpt2	jax	cold	3	175	1947.8			jax-0.11.1
gpt2	jax	cold	3	176	1948.2			jax-0.11.1
gpt2	jax	cold	3	177	1973.8			jax-0.11.1
gpt2	jax	cold	3	178	1940.2			jax-0.11.1
gpt2	jax	cold	3	179	1938.8			jax-0.11.1
gpt2	jax	cold	3	180	1950.7			jax-0.11.1
gpt2	jax	cold	3	181	1948.8			jax-0.11.1
gpt2	jax	cold	3	182	1938.5			jax-0.11.1
gpt2	jax	cold	3	183	1947.6			jax-0.11.1
gpt2	jax	cold	3	184	1951.7			jax-0.11.1
gpt2	jax	cold	3	185	1935.4			jax-0.11.1
gpt2	jax	cold	3	186	1949.7			jax-0.11.1
gpt2	jax	cold	3	187	1931.4			jax-0.11.1
gpt2	jax	cold	3	188	1941.8			jax-0.11.1
gpt2	jax	cold	3	189	1932.7			jax-0.11.1
gpt2	jax	cold	3	190	1939.7			jax-0.11.1
gpt2	jax	cold	3	191	1937.9			jax-0.11.1
gpt2	jax	cold	3	192	1944.4			jax-0.11.1
gpt2	jax	cold	3	193	1952.2			jax-0.11.1
gpt2	jax	cold	3	194	1949.9			jax-0.11.1
gpt2	jax	cold	3	195	1943.2			jax-0.11.1
gpt2	jax	cold	3	196	1941.8			jax-0.11.1
gpt2	jax	cold	3	197	1936.8			jax-0.11.1
gpt2	jax	cold	3	198	1940.3			jax-0.11.1
gpt2	jax	cold	3	199	1946.9			jax-0.11.1
gpt2	jax	cold	3	200	1935.3			jax-0.11.1
gpt2	jax	cold	3	201	1937.7			jax-0.11.1
gpt2	jax	cold	3	202	1946.0			jax-0.11.1
gpt2	jax	cold	3	203	1947.5			jax-0.11.1
gpt2	jax	cold	3	204	1936.3			jax-0.11.1
gpt2	jax	cold	3	205	1942.4			jax-0.11.1
gpt2	jax	cold	3	206	1948.9			jax-0.11.1
gpt2	jax	cold	3	207	1948.1			jax-0.11.1
gpt2	jax	cold	3	208	1955.3			jax-0.11.1
gpt2	jax	cold	3	209	1959.0			jax-0.11.1
gpt2	jax	cold	3	210	1941.8			jax-0.11.1
gpt2	jax	cold	3	211	1961.1			jax-0.11.1
gpt2	jax	cold	3	212	1946.4			jax-0.11.1
gpt2	jax	cold	3	213	1958.4			jax-0.11.1
gpt2	jax	cold	3	214	1962.9			jax-0.11.1
gpt2	jax	cold	3	215	1948.8			jax-0.11.1
gpt2	jax	cold	3	216	1944.4			jax-0.11.1
gpt2	jax	cold	3	217	1931.0			jax-0.11.1
gpt2	jax	cold	3	218	1929.8			jax-0.11.1
gpt2	jax	cold	3	219	1935.7			jax-0.11.1
gpt2	jax	cold	3	220	1939.6			jax-0.11.1
gpt2	jax	cold	3	221	1936.5			jax-0.11.1
gpt2	jax	cold	3	222	1933.8			jax-0.11.1
gpt2	jax	cold	3	223	1943.0			jax-0.11.1
gpt2	jax	cold	3	224	1928.7			jax-0.11.1
gpt2	jax	cold	3	225	1928.7			jax-0.11.1
gpt2	jax	cold	3	226	1933.2			jax-0.11.1
gpt2	jax	cold	3	227	1946.5			jax-0.11.1
gpt2	jax	cold	3	228	1977.0			jax-0.11.1
gpt2	jax	cold	3	229	1952.0			jax-0.11.1
gpt2	jax	cold	3	230	1964.0			jax-0.11.1
gpt2	jax	cold	3	231	1947.2			jax-0.11.1
gpt2	jax	cold	3	232	1956.8			jax-0.11.1
gpt2	jax	cold	3	233	1948.6			jax-0.11.1
gpt2	jax	cold	3	234	1944.8			jax-0.11.1
gpt2	jax	cold	3	235	1947.8			jax-0.11.1
gpt2	jax	cold	3	236	1948.0			jax-0.11.1
gpt2	jax	cold	3	237	1937.2			jax-0.11.1
gpt2	jax	cold	3	238	1940.2			jax-0.11.1
gpt2	jax	cold	3	239	1944.3			jax-0.11.1
gpt2	jax	cold	3	240	1936.9			jax-0.11.1
gpt2	jax	cold	3	241	1935.6			jax-0.11.1
gpt2	jax	cold	3	242	1950.7			jax-0.11.1
gpt2	jax	cold	3	243	1940.1			jax-0.11.1
gpt2	jax	cold	3	244	1942.4			jax-0.11.1
gpt2	jax	cold	3	245	1928.4			jax-0.11.1
gpt2	jax	cold	3	246	1939.3			jax-0.11.1
gpt2	jax	cold	3	247	1949.3			jax-0.11.1
gpt2	jax	cold	3	248	1936.2			jax-0.11.1
gpt2	jax	cold	3	249	1963.7			jax-0.11.1
gpt2	jax	cold	3	250	1959.8			jax-0.11.1
gpt2	jax	cold	3	251	1953.9			jax-0.11.1
gpt2	jax	cold	3	252	1957.0			jax-0.11.1
gpt2	jax	cold	3	253	1956.2			jax-0.11.1
gpt2	jax	cold	3	254	1954.6			jax-0.11.1
gpt2	jax	cold	3	255	1948.6			jax-0.11.1
gpt2	jax	cold	3	256	1942.3			jax-0.11.1
gpt2	jax	cold	3	257	1928.5			jax-0.11.1
gpt2	jax	cold	3	258	1940.2			jax-0.11.1
gpt2	jax	cold	3	259	1933.2			jax-0.11.1
gpt2	jax	cold	3	260	1929.6			jax-0.11.1
gpt2	jax	cold	3	261	1930.6			jax-0.11.1
gpt2	jax	cold	3	262	1938.9			jax-0.11.1
gpt2	jax	cold	3	263	1936.3			jax-0.11.1
gpt2	jax	cold	3	264	1937.5			jax-0.11.1
gpt2	jax	cold	3	265	1937.1			jax-0.11.1
gpt2	jax	cold	3	266	1937.0			jax-0.11.1
gpt2	jax	cold	3	267	1936.2			jax-0.11.1
gpt2	jax	cold	3	268	1941.5			jax-0.11.1
gpt2	jax	cold	3	269	1963.7			jax-0.11.1
gpt2	jax	cold	3	270	1938.9			jax-0.11.1
gpt2	jax	cold	3	271	1950.3			jax-0.11.1
gpt2	jax	cold	3	272	1952.4			jax-0.11.1
gpt2	jax	cold	3	273	1939.1			jax-0.11.1
gpt2	jax	cold	3	274	1932.1			jax-0.11.1
gpt2	jax	cold	3	275	1937.6			jax-0.11.1
gpt2	jax	cold	3	276	1940.4			jax-0.11.1
gpt2	jax	cold	3	277	1964.0			jax-0.11.1
gpt2	jax	cold	3	278	1928.4			jax-0.11.1
gpt2	jax	cold	3	279	1917.1			jax-0.11.1
gpt2	jax	cold	3	280	1921.4			jax-0.11.1
gpt2	jax	cold	3	281	1921.6			jax-0.11.1
gpt2	jax	cold	3	282	1919.5			jax-0.11.1
gpt2	jax	cold	3	283	1929.4			jax-0.11.1
gpt2	jax	cold	3	284	1931.1			jax-0.11.1
gpt2	jax	cold	3	285	1934.7			jax-0.11.1
gpt2	jax	cold	3	286	1927.9			jax-0.11.1
gpt2	jax	cold	3	287	1924.2			jax-0.11.1
gpt2	jax	cold	3	288	1929.1			jax-0.11.1
gpt2	jax	cold	3	289	1926.1			jax-0.11.1
gpt2	jax	cold	3	290	1929.1			jax-0.11.1
gpt2	jax	cold	3	291	1926.1			jax-0.11.1
gpt2	jax	cold	3	292	1921.5			jax-0.11.1
gpt2	jax	cold	3	293	1916.4			jax-0.11.1
gpt2	jax	cold	3	294	1919.3			jax-0.11.1
gpt2	jax	cold	3	295	1919.7			jax-0.11.1
gpt2	jax	cold	3	296	1930.8			jax-0.11.1
gpt2	jax	cold	3	297	1918.4			jax-0.11.1
gpt2	jax	cold	3	298	1930.4			jax-0.11.1
gpt2	jax	cold	3	299	1936.9			jax-0.11.1
gpt2	torch-eager	warm	1	0	171926.0			torch-2.14.0+cu130
gpt2	torch-eager	warm	1	1	8870.1			torch-2.14.0+cu130
gpt2	torch-eager	warm	1	2	8645.8			torch-2.14.0+cu130
gpt2	torch-eager	warm	1	3	8138.7			torch-2.14.0+cu130
gpt2	torch-eager	warm	1	4	8137.0			torch-2.14.0+cu130
gpt2	torch-eager	warm	1	5	8022.5			torch-2.14.0+cu130
gpt2	torch-eager	warm	1	6	8662.5			torch-2.14.0+cu130
gpt2	torch-eager	warm	1	7	8352.0			torch-2.14.0+cu130
gpt2	torch-eager	warm	1	8	8651.0			torch-2.14.0+cu130
gpt2	torch-eager	warm	1	9	8748.5			torch-2.14.0+cu130
gpt2	torch-eager	warm	1	10	8268.4			torch-2.14.0+cu130
gpt2	torch-eager	warm	1	11	8275.5			torch-2.14.0+cu130
gpt2	torch-eager	warm	1	12	7628.4			torch-2.14.0+cu130
gpt2	torch-eager	warm	1	13	8401.2			torch-2.14.0+cu130
gpt2	torch-eager	warm	1	14	7617.0			torch-2.14.0+cu130
gpt2	torch-eager	warm	1	15	5621.7			torch-2.14.0+cu130
gpt2	torch-eager	warm	1	16	7375.5			torch-2.14.0+cu130
gpt2	torch-eager	warm	1	17	7826.3			torch-2.14.0+cu130
gpt2	torch-eager	warm	1	18	7878.3			torch-2.14.0+cu130
gpt2	torch-eager	warm	1	19	8180.9			torch-2.14.0+cu130
gpt2	torch-eager	warm	1	20	6482.8			torch-2.14.0+cu130
gpt2	torch-eager	warm	1	21	8280.0			torch-2.14.0+cu130
gpt2	torch-eager	warm	1	22	8384.5			torch-2.14.0+cu130
gpt2	torch-eager	warm	1	23	9046.6			torch-2.14.0+cu130
gpt2	torch-eager	warm	1	24	9031.1			torch-2.14.0+cu130
gpt2	torch-eager	warm	1	25	9033.2			torch-2.14.0+cu130
gpt2	torch-eager	warm	1	26	6926.1			torch-2.14.0+cu130
gpt2	torch-eager	warm	1	27	8292.7			torch-2.14.0+cu130
gpt2	torch-eager	warm	1	28	8689.2			torch-2.14.0+cu130
gpt2	torch-eager	warm	1	29	8213.0			torch-2.14.0+cu130
gpt2	torch-eager	warm	1	30	8920.9			torch-2.14.0+cu130
gpt2	torch-eager	warm	1	31	9044.2			torch-2.14.0+cu130
gpt2	torch-eager	warm	1	32	8137.7			torch-2.14.0+cu130
gpt2	torch-eager	warm	1	33	7549.3			torch-2.14.0+cu130
gpt2	torch-eager	warm	1	34	7807.7			torch-2.14.0+cu130
gpt2	torch-eager	warm	1	35	7916.5			torch-2.14.0+cu130
gpt2	torch-eager	warm	1	36	8049.5			torch-2.14.0+cu130
gpt2	torch-eager	warm	1	37	7936.0			torch-2.14.0+cu130
gpt2	torch-eager	warm	1	38	7488.5			torch-2.14.0+cu130
gpt2	torch-eager	warm	1	39	7776.7			torch-2.14.0+cu130
gpt2	torch-eager	warm	1	40	8164.9			torch-2.14.0+cu130
gpt2	torch-eager	warm	1	41	8412.6			torch-2.14.0+cu130
gpt2	torch-eager	warm	1	42	8663.9			torch-2.14.0+cu130
gpt2	torch-eager	warm	1	43	8420.7			torch-2.14.0+cu130
gpt2	torch-eager	warm	1	44	8354.2			torch-2.14.0+cu130
gpt2	torch-eager	warm	1	45	8571.6			torch-2.14.0+cu130
gpt2	torch-eager	warm	1	46	8787.6			torch-2.14.0+cu130
gpt2	torch-eager	warm	1	47	8330.1			torch-2.14.0+cu130
gpt2	torch-eager	warm	1	48	8652.2			torch-2.14.0+cu130
gpt2	torch-eager	warm	1	49	8104.3			torch-2.14.0+cu130
gpt2	torch-eager	warm	1	50	8230.0			torch-2.14.0+cu130
gpt2	torch-eager	warm	1	51	7941.0			torch-2.14.0+cu130
gpt2	torch-eager	warm	1	52	7813.0			torch-2.14.0+cu130
gpt2	torch-eager	warm	1	53	8342.7			torch-2.14.0+cu130
gpt2	torch-eager	warm	1	54	8323.9			torch-2.14.0+cu130
gpt2	torch-eager	warm	1	55	7061.2			torch-2.14.0+cu130
gpt2	torch-eager	warm	1	56	7479.0			torch-2.14.0+cu130
gpt2	torch-eager	warm	1	57	7741.5			torch-2.14.0+cu130
gpt2	torch-eager	warm	1	58	8662.2			torch-2.14.0+cu130
gpt2	torch-eager	warm	1	59	8577.8			torch-2.14.0+cu130
gpt2	torch-eager	warm	1	60	8749.0			torch-2.14.0+cu130
gpt2	torch-eager	warm	1	61	9054.7			torch-2.14.0+cu130
gpt2	torch-eager	warm	1	62	8565.7			torch-2.14.0+cu130
gpt2	torch-eager	warm	1	63	8200.9			torch-2.14.0+cu130
gpt2	torch-eager	warm	1	64	8164.2			torch-2.14.0+cu130
gpt2	torch-eager	warm	1	65	8182.0			torch-2.14.0+cu130
gpt2	torch-eager	warm	1	66	8241.4			torch-2.14.0+cu130
gpt2	torch-eager	warm	1	67	8239.3			torch-2.14.0+cu130
gpt2	torch-eager	warm	1	68	8238.6			torch-2.14.0+cu130
gpt2	torch-eager	warm	1	69	8248.6			torch-2.14.0+cu130
gpt2	torch-eager	warm	1	70	8239.0			torch-2.14.0+cu130
gpt2	torch-eager	warm	1	71	8211.4			torch-2.14.0+cu130
gpt2	torch-eager	warm	1	72	8255.5			torch-2.14.0+cu130
gpt2	torch-eager	warm	1	73	8198.0			torch-2.14.0+cu130
gpt2	torch-eager	warm	1	74	8202.8			torch-2.14.0+cu130
gpt2	torch-eager	warm	1	75	7811.1			torch-2.14.0+cu130
gpt2	torch-eager	warm	1	76	7749.3			torch-2.14.0+cu130
gpt2	torch-eager	warm	1	77	7310.9			torch-2.14.0+cu130
gpt2	torch-eager	warm	1	78	9597.5			torch-2.14.0+cu130
gpt2	torch-eager	warm	1	79	9650.2			torch-2.14.0+cu130
gpt2	torch-eager	warm	1	80	9432.3			torch-2.14.0+cu130
gpt2	torch-eager	warm	1	81	8499.9			torch-2.14.0+cu130
gpt2	torch-eager	warm	1	82	8185.9			torch-2.14.0+cu130
gpt2	torch-eager	warm	1	83	8161.3			torch-2.14.0+cu130
gpt2	torch-eager	warm	1	84	8014.9			torch-2.14.0+cu130
gpt2	torch-eager	warm	1	85	8756.4			torch-2.14.0+cu130
gpt2	torch-eager	warm	1	86	8244.3			torch-2.14.0+cu130
gpt2	torch-eager	warm	1	87	8223.1			torch-2.14.0+cu130
gpt2	torch-eager	warm	1	88	6188.4			torch-2.14.0+cu130
gpt2	torch-eager	warm	1	89	6280.9			torch-2.14.0+cu130
gpt2	torch-eager	warm	1	90	6216.8			torch-2.14.0+cu130
gpt2	torch-eager	warm	1	91	6028.7			torch-2.14.0+cu130
gpt2	torch-eager	warm	1	92	6228.0			torch-2.14.0+cu130
gpt2	torch-eager	warm	1	93	6067.3			torch-2.14.0+cu130
gpt2	torch-eager	warm	1	94	6047.5			torch-2.14.0+cu130
gpt2	torch-eager	warm	1	95	6190.5			torch-2.14.0+cu130
gpt2	torch-eager	warm	1	96	6040.1			torch-2.14.0+cu130
gpt2	torch-eager	warm	1	97	6065.1			torch-2.14.0+cu130
gpt2	torch-eager	warm	1	98	6189.3			torch-2.14.0+cu130
gpt2	torch-eager	warm	1	99	6058.5			torch-2.14.0+cu130
gpt2	torch-eager	warm	1	100	6163.8			torch-2.14.0+cu130
gpt2	torch-eager	warm	1	101	6069.9			torch-2.14.0+cu130
gpt2	torch-eager	warm	1	102	6057.3			torch-2.14.0+cu130
gpt2	torch-eager	warm	1	103	6122.4			torch-2.14.0+cu130
gpt2	torch-eager	warm	1	104	6063.7			torch-2.14.0+cu130
gpt2	torch-eager	warm	1	105	6190.8			torch-2.14.0+cu130
gpt2	torch-eager	warm	1	106	6080.9			torch-2.14.0+cu130
gpt2	torch-eager	warm	1	107	6017.2			torch-2.14.0+cu130
gpt2	torch-eager	warm	1	108	6040.3			torch-2.14.0+cu130
gpt2	torch-eager	warm	1	109	6117.1			torch-2.14.0+cu130
gpt2	torch-eager	warm	1	110	6000.5			torch-2.14.0+cu130
gpt2	torch-eager	warm	1	111	6151.7			torch-2.14.0+cu130
gpt2	torch-eager	warm	1	112	6000.0			torch-2.14.0+cu130
gpt2	torch-eager	warm	1	113	5988.1			torch-2.14.0+cu130
gpt2	torch-eager	warm	1	114	5965.9			torch-2.14.0+cu130
gpt2	torch-eager	warm	1	115	5941.6			torch-2.14.0+cu130
gpt2	torch-eager	warm	1	116	5948.1			torch-2.14.0+cu130
gpt2	torch-eager	warm	1	117	6105.7			torch-2.14.0+cu130
gpt2	torch-eager	warm	1	118	5970.5			torch-2.14.0+cu130
gpt2	torch-eager	warm	1	119	5991.5			torch-2.14.0+cu130
gpt2	torch-eager	warm	1	120	5915.9			torch-2.14.0+cu130
gpt2	torch-eager	warm	1	121	6115.9			torch-2.14.0+cu130
gpt2	torch-eager	warm	1	122	5996.2			torch-2.14.0+cu130
gpt2	torch-eager	warm	1	123	6012.4			torch-2.14.0+cu130
gpt2	torch-eager	warm	1	124	6011.2			torch-2.14.0+cu130
gpt2	torch-eager	warm	1	125	5986.0			torch-2.14.0+cu130
gpt2	torch-eager	warm	1	126	5981.9			torch-2.14.0+cu130
gpt2	torch-eager	warm	1	127	5973.1			torch-2.14.0+cu130
gpt2	torch-eager	warm	1	128	5964.0			torch-2.14.0+cu130
gpt2	torch-eager	warm	1	129	5975.5			torch-2.14.0+cu130
gpt2	torch-eager	warm	1	130	5988.4			torch-2.14.0+cu130
gpt2	torch-eager	warm	1	131	6012.4			torch-2.14.0+cu130
gpt2	torch-eager	warm	1	132	5929.0			torch-2.14.0+cu130
gpt2	torch-eager	warm	1	133	5950.0			torch-2.14.0+cu130
gpt2	torch-eager	warm	1	134	6115.7			torch-2.14.0+cu130
gpt2	torch-eager	warm	1	135	5991.0			torch-2.14.0+cu130
gpt2	torch-eager	warm	1	136	5975.0			torch-2.14.0+cu130
gpt2	torch-eager	warm	1	137	5953.3			torch-2.14.0+cu130
gpt2	torch-eager	warm	1	138	6022.7			torch-2.14.0+cu130
gpt2	torch-eager	warm	1	139	5967.9			torch-2.14.0+cu130
gpt2	torch-eager	warm	1	140	5958.6			torch-2.14.0+cu130
gpt2	torch-eager	warm	1	141	5995.3			torch-2.14.0+cu130
gpt2	torch-eager	warm	1	142	5966.2			torch-2.14.0+cu130
gpt2	torch-eager	warm	1	143	5974.5			torch-2.14.0+cu130
gpt2	torch-eager	warm	1	144	5986.7			torch-2.14.0+cu130
gpt2	torch-eager	warm	1	145	5978.6			torch-2.14.0+cu130
gpt2	torch-eager	warm	1	146	5958.6			torch-2.14.0+cu130
gpt2	torch-eager	warm	1	147	5987.9			torch-2.14.0+cu130
gpt2	torch-eager	warm	1	148	6011.0			torch-2.14.0+cu130
gpt2	torch-eager	warm	1	149	5522.7			torch-2.14.0+cu130
gpt2	torch-eager	warm	1	150	5115.7			torch-2.14.0+cu130
gpt2	torch-eager	warm	1	151	5090.2			torch-2.14.0+cu130
gpt2	torch-eager	warm	1	152	5076.4			torch-2.14.0+cu130
gpt2	torch-eager	warm	1	153	5130.3			torch-2.14.0+cu130
gpt2	torch-eager	warm	1	154	5134.3			torch-2.14.0+cu130
gpt2	torch-eager	warm	1	155	7876.4			torch-2.14.0+cu130
gpt2	torch-eager	warm	1	156	5142.9			torch-2.14.0+cu130
gpt2	torch-eager	warm	1	157	5112.9			torch-2.14.0+cu130
gpt2	torch-eager	warm	1	158	6206.8			torch-2.14.0+cu130
gpt2	torch-eager	warm	1	159	7699.3			torch-2.14.0+cu130
gpt2	torch-eager	warm	1	160	5238.3			torch-2.14.0+cu130
gpt2	torch-eager	warm	1	161	5110.5			torch-2.14.0+cu130
gpt2	torch-eager	warm	1	162	5097.9			torch-2.14.0+cu130
gpt2	torch-eager	warm	1	163	5059.5			torch-2.14.0+cu130
gpt2	torch-eager	warm	1	164	5055.0			torch-2.14.0+cu130
gpt2	torch-eager	warm	1	165	5065.0			torch-2.14.0+cu130
gpt2	torch-eager	warm	1	166	5045.4			torch-2.14.0+cu130
gpt2	torch-eager	warm	1	167	5037.5			torch-2.14.0+cu130
gpt2	torch-eager	warm	1	168	5045.4			torch-2.14.0+cu130
gpt2	torch-eager	warm	1	169	5058.8			torch-2.14.0+cu130
gpt2	torch-eager	warm	1	170	5044.2			torch-2.14.0+cu130
gpt2	torch-eager	warm	1	171	5023.2			torch-2.14.0+cu130
gpt2	torch-eager	warm	1	172	5039.9			torch-2.14.0+cu130
gpt2	torch-eager	warm	1	173	5036.8			torch-2.14.0+cu130
gpt2	torch-eager	warm	1	174	5027.1			torch-2.14.0+cu130
gpt2	torch-eager	warm	1	175	5011.1			torch-2.14.0+cu130
gpt2	torch-eager	warm	1	176	5004.6			torch-2.14.0+cu130
gpt2	torch-eager	warm	1	177	5019.9			torch-2.14.0+cu130
gpt2	torch-eager	warm	1	178	5054.0			torch-2.14.0+cu130
gpt2	torch-eager	warm	1	179	5036.4			torch-2.14.0+cu130
gpt2	torch-eager	warm	1	180	5030.4			torch-2.14.0+cu130
gpt2	torch-eager	warm	1	181	5017.0			torch-2.14.0+cu130
gpt2	torch-eager	warm	1	182	5017.5			torch-2.14.0+cu130
gpt2	torch-eager	warm	1	183	5062.6			torch-2.14.0+cu130
gpt2	torch-eager	warm	1	184	5064.5			torch-2.14.0+cu130
gpt2	torch-eager	warm	1	185	5077.4			torch-2.14.0+cu130
gpt2	torch-eager	warm	1	186	5062.3			torch-2.14.0+cu130
gpt2	torch-eager	warm	1	187	5040.2			torch-2.14.0+cu130
gpt2	torch-eager	warm	1	188	4995.8			torch-2.14.0+cu130
gpt2	torch-eager	warm	1	189	5042.8			torch-2.14.0+cu130
gpt2	torch-eager	warm	1	190	5079.7			torch-2.14.0+cu130
gpt2	torch-eager	warm	1	191	5138.6			torch-2.14.0+cu130
gpt2	torch-eager	warm	1	192	5086.2			torch-2.14.0+cu130
gpt2	torch-eager	warm	1	193	5147.2			torch-2.14.0+cu130
gpt2	torch-eager	warm	1	194	5069.0			torch-2.14.0+cu130
gpt2	torch-eager	warm	1	195	5091.4			torch-2.14.0+cu130
gpt2	torch-eager	warm	1	196	5065.4			torch-2.14.0+cu130
gpt2	torch-eager	warm	1	197	5103.8			torch-2.14.0+cu130
gpt2	torch-eager	warm	1	198	5112.4			torch-2.14.0+cu130
gpt2	torch-eager	warm	1	199	5097.2			torch-2.14.0+cu130
gpt2	torch-eager	warm	1	200	5083.6			torch-2.14.0+cu130
gpt2	torch-eager	warm	1	201	8262.9			torch-2.14.0+cu130
gpt2	torch-eager	warm	1	202	5113.4			torch-2.14.0+cu130
gpt2	torch-eager	warm	1	203	5112.2			torch-2.14.0+cu130
gpt2	torch-eager	warm	1	204	5106.7			torch-2.14.0+cu130
gpt2	torch-eager	warm	1	205	8260.5			torch-2.14.0+cu130
gpt2	torch-eager	warm	1	206	5156.5			torch-2.14.0+cu130
gpt2	torch-eager	warm	1	207	5110.7			torch-2.14.0+cu130
gpt2	torch-eager	warm	1	208	5075.7			torch-2.14.0+cu130
gpt2	torch-eager	warm	1	209	8217.6			torch-2.14.0+cu130
gpt2	torch-eager	warm	1	210	5224.7			torch-2.14.0+cu130
gpt2	torch-eager	warm	1	211	5135.3			torch-2.14.0+cu130
gpt2	torch-eager	warm	1	212	5153.7			torch-2.14.0+cu130
gpt2	torch-eager	warm	1	213	5096.9			torch-2.14.0+cu130
gpt2	torch-eager	warm	1	214	5251.4			torch-2.14.0+cu130
gpt2	torch-eager	warm	1	215	5116.0			torch-2.14.0+cu130
gpt2	torch-eager	warm	1	216	5083.8			torch-2.14.0+cu130
gpt2	torch-eager	warm	1	217	5107.4			torch-2.14.0+cu130
gpt2	torch-eager	warm	1	218	5119.1			torch-2.14.0+cu130
gpt2	torch-eager	warm	1	219	5143.6			torch-2.14.0+cu130
gpt2	torch-eager	warm	1	220	5107.2			torch-2.14.0+cu130
gpt2	torch-eager	warm	1	221	5110.7			torch-2.14.0+cu130
gpt2	torch-eager	warm	1	222	5125.0			torch-2.14.0+cu130
gpt2	torch-eager	warm	1	223	5078.3			torch-2.14.0+cu130
gpt2	torch-eager	warm	1	224	8380.4			torch-2.14.0+cu130
gpt2	torch-eager	warm	1	225	5240.7			torch-2.14.0+cu130
gpt2	torch-eager	warm	1	226	5222.3			torch-2.14.0+cu130
gpt2	torch-eager	warm	1	227	5233.3			torch-2.14.0+cu130
gpt2	torch-eager	warm	1	228	5209.0			torch-2.14.0+cu130
gpt2	torch-eager	warm	1	229	5590.2			torch-2.14.0+cu130
gpt2	torch-eager	warm	1	230	5179.2			torch-2.14.0+cu130
gpt2	torch-eager	warm	1	231	5126.5			torch-2.14.0+cu130
gpt2	torch-eager	warm	1	232	5174.6			torch-2.14.0+cu130
gpt2	torch-eager	warm	1	233	5119.8			torch-2.14.0+cu130
gpt2	torch-eager	warm	1	234	5079.5			torch-2.14.0+cu130
gpt2	torch-eager	warm	1	235	5117.7			torch-2.14.0+cu130
gpt2	torch-eager	warm	1	236	5137.2			torch-2.14.0+cu130
gpt2	torch-eager	warm	1	237	5091.7			torch-2.14.0+cu130
gpt2	torch-eager	warm	1	238	5179.2			torch-2.14.0+cu130
gpt2	torch-eager	warm	1	239	5124.3			torch-2.14.0+cu130
gpt2	torch-eager	warm	1	240	5120.8			torch-2.14.0+cu130
gpt2	torch-eager	warm	1	241	5126.7			torch-2.14.0+cu130
gpt2	torch-eager	warm	1	242	8243.6			torch-2.14.0+cu130
gpt2	torch-eager	warm	1	243	5142.0			torch-2.14.0+cu130
gpt2	torch-eager	warm	1	244	5165.8			torch-2.14.0+cu130
gpt2	torch-eager	warm	1	245	5149.8			torch-2.14.0+cu130
gpt2	torch-eager	warm	1	246	5139.6			torch-2.14.0+cu130
gpt2	torch-eager	warm	1	247	7514.2			torch-2.14.0+cu130
gpt2	torch-eager	warm	1	248	6135.7			torch-2.14.0+cu130
gpt2	torch-eager	warm	1	249	6258.7			torch-2.14.0+cu130
gpt2	torch-eager	warm	1	250	6073.7			torch-2.14.0+cu130
gpt2	torch-eager	warm	1	251	6077.8			torch-2.14.0+cu130
gpt2	torch-eager	warm	1	252	6104.5			torch-2.14.0+cu130
gpt2	torch-eager	warm	1	253	6204.6			torch-2.14.0+cu130
gpt2	torch-eager	warm	1	254	6151.9			torch-2.14.0+cu130
gpt2	torch-eager	warm	1	255	6091.4			torch-2.14.0+cu130
gpt2	torch-eager	warm	1	256	6143.6			torch-2.14.0+cu130
gpt2	torch-eager	warm	1	257	6137.1			torch-2.14.0+cu130
gpt2	torch-eager	warm	1	258	6112.3			torch-2.14.0+cu130
gpt2	torch-eager	warm	1	259	6116.2			torch-2.14.0+cu130
gpt2	torch-eager	warm	1	260	6113.5			torch-2.14.0+cu130
gpt2	torch-eager	warm	1	261	6191.7			torch-2.14.0+cu130
gpt2	torch-eager	warm	1	262	6087.3			torch-2.14.0+cu130
gpt2	torch-eager	warm	1	263	6104.5			torch-2.14.0+cu130
gpt2	torch-eager	warm	1	264	6061.6			torch-2.14.0+cu130
gpt2	torch-eager	warm	1	265	6081.3			torch-2.14.0+cu130
gpt2	torch-eager	warm	1	266	6106.6			torch-2.14.0+cu130
gpt2	torch-eager	warm	1	267	6078.7			torch-2.14.0+cu130
gpt2	torch-eager	warm	1	268	6057.7			torch-2.14.0+cu130
gpt2	torch-eager	warm	1	269	6031.3			torch-2.14.0+cu130
gpt2	torch-eager	warm	1	270	7162.8			torch-2.14.0+cu130
gpt2	torch-eager	warm	1	271	6309.7			torch-2.14.0+cu130
gpt2	torch-eager	warm	1	272	6112.1			torch-2.14.0+cu130
gpt2	torch-eager	warm	1	273	6063.5			torch-2.14.0+cu130
gpt2	torch-eager	warm	1	274	6136.2			torch-2.14.0+cu130
gpt2	torch-eager	warm	1	275	6122.8			torch-2.14.0+cu130
gpt2	torch-eager	warm	1	276	6185.5			torch-2.14.0+cu130
gpt2	torch-eager	warm	1	277	6232.5			torch-2.14.0+cu130
gpt2	torch-eager	warm	1	278	6101.4			torch-2.14.0+cu130
gpt2	torch-eager	warm	1	279	6203.7			torch-2.14.0+cu130
gpt2	torch-eager	warm	1	280	6207.0			torch-2.14.0+cu130
gpt2	torch-eager	warm	1	281	6196.5			torch-2.14.0+cu130
gpt2	torch-eager	warm	1	282	6242.0			torch-2.14.0+cu130
gpt2	torch-eager	warm	1	283	6156.2			torch-2.14.0+cu130
gpt2	torch-eager	warm	1	284	6148.1			torch-2.14.0+cu130
gpt2	torch-eager	warm	1	285	6141.7			torch-2.14.0+cu130
gpt2	torch-eager	warm	1	286	6122.1			torch-2.14.0+cu130
gpt2	torch-eager	warm	1	287	6125.7			torch-2.14.0+cu130
gpt2	torch-eager	warm	1	288	6116.9			torch-2.14.0+cu130
gpt2	torch-eager	warm	1	289	6095.4			torch-2.14.0+cu130
gpt2	torch-eager	warm	1	290	6100.9			torch-2.14.0+cu130
gpt2	torch-eager	warm	1	291	6402.0			torch-2.14.0+cu130
gpt2	torch-eager	warm	1	292	6190.3			torch-2.14.0+cu130
gpt2	torch-eager	warm	1	293	6459.5			torch-2.14.0+cu130
gpt2	torch-eager	warm	1	294	6220.8			torch-2.14.0+cu130
gpt2	torch-eager	warm	1	295	6242.8			torch-2.14.0+cu130
gpt2	torch-eager	warm	1	296	6250.1			torch-2.14.0+cu130
gpt2	torch-eager	warm	1	297	6217.5			torch-2.14.0+cu130
gpt2	torch-eager	warm	1	298	6200.1			torch-2.14.0+cu130
gpt2	torch-eager	warm	1	299	6150.5			torch-2.14.0+cu130
gpt2	ours	warm	1	0	777054.8	0	327	ddc8008cdeaf
gpt2	ours	warm	1	1	5589.0	0	93	ddc8008cdeaf
gpt2	ours	warm	1	2	4429.1	0	87	ddc8008cdeaf
gpt2	ours	warm	1	3	15268.1	0	113	ddc8008cdeaf
gpt2	ours	warm	1	4	8008.0	0	113	ddc8008cdeaf
gpt2	ours	warm	1	5	5862.0	0	75	ddc8008cdeaf
gpt2	ours	warm	1	6	2123.1	0	75	ddc8008cdeaf
gpt2	ours	warm	1	7	2788.1	0	75	ddc8008cdeaf
gpt2	ours	warm	1	8	2136.0	0	75	ddc8008cdeaf
gpt2	ours	warm	1	9	2123.8	0	75	ddc8008cdeaf
gpt2	ours	warm	1	10	2568.0	0	75	ddc8008cdeaf
gpt2	ours	warm	1	11	2132.9	0	75	ddc8008cdeaf
gpt2	ours	warm	1	12	2124.1	0	75	ddc8008cdeaf
gpt2	ours	warm	1	13	2116.0	0	75	ddc8008cdeaf
gpt2	ours	warm	1	14	2438.1	0	75	ddc8008cdeaf
gpt2	ours	warm	1	15	2126.9	0	75	ddc8008cdeaf
gpt2	ours	warm	1	16	2129.1	0	75	ddc8008cdeaf
gpt2	ours	warm	1	17	2120.0	0	75	ddc8008cdeaf
gpt2	ours	warm	1	18	2139.1	0	75	ddc8008cdeaf
gpt2	ours	warm	1	19	2441.2	0	75	ddc8008cdeaf
gpt2	ours	warm	1	20	2138.9	0	75	ddc8008cdeaf
gpt2	ours	warm	1	21	2124.8	0	75	ddc8008cdeaf
gpt2	ours	warm	1	22	2143.9	0	75	ddc8008cdeaf
gpt2	ours	warm	1	23	2211.8	0	75	ddc8008cdeaf
gpt2	ours	warm	1	24	2125.0	0	75	ddc8008cdeaf
gpt2	ours	warm	1	25	4076.0	0	75	ddc8008cdeaf
gpt2	ours	warm	1	26	2159.8	0	75	ddc8008cdeaf
gpt2	ours	warm	1	27	2136.0	0	75	ddc8008cdeaf
gpt2	ours	warm	1	28	2129.1	0	75	ddc8008cdeaf
gpt2	ours	warm	1	29	2161.0	0	75	ddc8008cdeaf
gpt2	ours	warm	1	30	2123.1	0	75	ddc8008cdeaf
gpt2	ours	warm	1	31	2116.9	0	75	ddc8008cdeaf
gpt2	ours	warm	1	32	4011.2	0	75	ddc8008cdeaf
gpt2	ours	warm	1	33	2145.1	0	75	ddc8008cdeaf
gpt2	ours	warm	1	34	2116.9	0	75	ddc8008cdeaf
gpt2	ours	warm	1	35	2155.8	0	75	ddc8008cdeaf
gpt2	ours	warm	1	36	2124.1	0	75	ddc8008cdeaf
gpt2	ours	warm	1	37	2137.9	0	75	ddc8008cdeaf
gpt2	ours	warm	1	38	2122.2	0	75	ddc8008cdeaf
gpt2	ours	warm	1	39	2126.9	0	75	ddc8008cdeaf
gpt2	ours	warm	1	40	4006.1	0	75	ddc8008cdeaf
gpt2	ours	warm	1	41	2157.9	0	75	ddc8008cdeaf
gpt2	ours	warm	1	42	2149.8	0	75	ddc8008cdeaf
gpt2	ours	warm	1	43	2123.8	0	75	ddc8008cdeaf
gpt2	ours	warm	1	44	2149.1	0	75	ddc8008cdeaf
gpt2	ours	warm	1	45	2111.2	0	75	ddc8008cdeaf
gpt2	ours	warm	1	46	2125.0	0	75	ddc8008cdeaf
gpt2	ours	warm	1	47	2120.0	0	75	ddc8008cdeaf
gpt2	ours	warm	1	48	2152.9	0	75	ddc8008cdeaf
gpt2	ours	warm	1	49	4525.2	0	75	ddc8008cdeaf
gpt2	ours	warm	1	50	2196.1	0	75	ddc8008cdeaf
gpt2	ours	warm	1	51	2123.1	0	75	ddc8008cdeaf
gpt2	ours	warm	1	52	2127.9	0	75	ddc8008cdeaf
gpt2	ours	warm	1	53	2130.0	0	75	ddc8008cdeaf
gpt2	ours	warm	1	54	2120.0	0	75	ddc8008cdeaf
gpt2	ours	warm	1	55	2132.2	0	75	ddc8008cdeaf
gpt2	ours	warm	1	56	2125.0	0	75	ddc8008cdeaf
gpt2	ours	warm	1	57	2130.0	0	75	ddc8008cdeaf
gpt2	ours	warm	1	58	2129.1	0	75	ddc8008cdeaf
gpt2	ours	warm	1	59	4666.1	0	75	ddc8008cdeaf
gpt2	ours	warm	1	60	2141.0	0	75	ddc8008cdeaf
gpt2	ours	warm	1	61	2138.9	0	75	ddc8008cdeaf
gpt2	ours	warm	1	62	2133.8	0	75	ddc8008cdeaf
gpt2	ours	warm	1	63	2117.2	0	75	ddc8008cdeaf
gpt2	ours	warm	1	64	2116.0	0	75	ddc8008cdeaf
gpt2	ours	warm	1	65	2118.1	0	75	ddc8008cdeaf
gpt2	ours	warm	1	66	2196.1	0	75	ddc8008cdeaf
gpt2	ours	warm	1	67	2120.0	0	75	ddc8008cdeaf
gpt2	ours	warm	1	68	2118.1	0	75	ddc8008cdeaf
gpt2	ours	warm	1	69	2142.9	0	75	ddc8008cdeaf
gpt2	ours	warm	1	70	4216.9	0	75	ddc8008cdeaf
gpt2	ours	warm	1	71	2127.9	0	75	ddc8008cdeaf
gpt2	ours	warm	1	72	2114.1	0	75	ddc8008cdeaf
gpt2	ours	warm	1	73	2146.0	0	75	ddc8008cdeaf
gpt2	ours	warm	1	74	2127.9	0	75	ddc8008cdeaf
gpt2	ours	warm	1	75	2133.1	0	75	ddc8008cdeaf
gpt2	ours	warm	1	76	2167.0	0	75	ddc8008cdeaf
gpt2	ours	warm	1	77	2136.0	0	75	ddc8008cdeaf
gpt2	ours	warm	1	78	2145.8	0	75	ddc8008cdeaf
gpt2	ours	warm	1	79	2214.9	0	75	ddc8008cdeaf
gpt2	ours	warm	1	80	2149.1	0	75	ddc8008cdeaf
gpt2	ours	warm	1	81	2126.9	0	75	ddc8008cdeaf
gpt2	ours	warm	1	82	4271.0	0	75	ddc8008cdeaf
gpt2	ours	warm	1	83	2126.9	0	75	ddc8008cdeaf
gpt2	ours	warm	1	84	2126.0	0	75	ddc8008cdeaf
gpt2	ours	warm	1	85	2087.8	0	75	ddc8008cdeaf
gpt2	ours	warm	1	86	2101.2	0	75	ddc8008cdeaf
gpt2	ours	warm	1	87	2047.1	0	75	ddc8008cdeaf
gpt2	ours	warm	1	88	2065.9	0	75	ddc8008cdeaf
gpt2	ours	warm	1	89	2111.9	0	75	ddc8008cdeaf
gpt2	ours	warm	1	90	2055.2	0	75	ddc8008cdeaf
gpt2	ours	warm	1	91	2053.0	0	75	ddc8008cdeaf
gpt2	ours	warm	1	92	2049.9	0	75	ddc8008cdeaf
gpt2	ours	warm	1	93	2059.2	0	75	ddc8008cdeaf
gpt2	ours	warm	1	94	2056.8	0	75	ddc8008cdeaf
gpt2	ours	warm	1	95	4222.9	0	75	ddc8008cdeaf
gpt2	ours	warm	1	96	2067.8	0	75	ddc8008cdeaf
gpt2	ours	warm	1	97	2060.9	0	75	ddc8008cdeaf
gpt2	ours	warm	1	98	2075.0	0	75	ddc8008cdeaf
gpt2	ours	warm	1	99	2054.9	0	75	ddc8008cdeaf
gpt2	ours	warm	1	100	2054.9	0	75	ddc8008cdeaf
gpt2	ours	warm	1	101	2054.9	0	75	ddc8008cdeaf
gpt2	ours	warm	1	102	2052.1	0	75	ddc8008cdeaf
gpt2	ours	warm	1	103	2062.1	0	75	ddc8008cdeaf
gpt2	ours	warm	1	104	2092.8	0	75	ddc8008cdeaf
gpt2	ours	warm	1	105	2064.9	0	75	ddc8008cdeaf
gpt2	ours	warm	1	106	2052.1	0	75	ddc8008cdeaf
gpt2	ours	warm	1	107	2097.1	0	75	ddc8008cdeaf
gpt2	ours	warm	1	108	2048.0	0	75	ddc8008cdeaf
gpt2	ours	warm	1	109	4197.1	0	75	ddc8008cdeaf
gpt2	ours	warm	1	110	2063.0	0	75	ddc8008cdeaf
gpt2	ours	warm	1	111	2093.1	0	75	ddc8008cdeaf
gpt2	ours	warm	1	112	2049.9	0	75	ddc8008cdeaf
gpt2	ours	warm	1	113	2075.9	0	75	ddc8008cdeaf
gpt2	ours	warm	1	114	2046.1	0	75	ddc8008cdeaf
gpt2	ours	warm	1	115	2055.9	0	75	ddc8008cdeaf
gpt2	ours	warm	1	116	2053.0	0	75	ddc8008cdeaf
gpt2	ours	warm	1	117	2057.8	0	75	ddc8008cdeaf
gpt2	ours	warm	1	118	2066.9	0	75	ddc8008cdeaf
gpt2	ours	warm	1	119	2110.0	0	75	ddc8008cdeaf
gpt2	ours	warm	1	120	2054.9	0	75	ddc8008cdeaf
gpt2	ours	warm	1	121	2066.1	0	75	ddc8008cdeaf
gpt2	ours	warm	1	122	2067.1	0	75	ddc8008cdeaf
gpt2	ours	warm	1	123	2056.8	0	75	ddc8008cdeaf
gpt2	ours	warm	1	124	4328.0	0	75	ddc8008cdeaf
gpt2	ours	warm	1	125	2059.0	0	75	ddc8008cdeaf
gpt2	ours	warm	1	126	2083.1	0	75	ddc8008cdeaf
gpt2	ours	warm	1	127	2041.8	0	75	ddc8008cdeaf
gpt2	ours	warm	1	128	2049.0	0	75	ddc8008cdeaf
gpt2	ours	warm	1	129	2067.1	0	75	ddc8008cdeaf
gpt2	ours	warm	1	130	2059.0	0	75	ddc8008cdeaf
gpt2	ours	warm	1	131	2050.9	0	75	ddc8008cdeaf
gpt2	ours	warm	1	132	2056.8	0	75	ddc8008cdeaf
gpt2	ours	warm	1	133	2047.8	0	75	ddc8008cdeaf
gpt2	ours	warm	1	134	2054.0	0	75	ddc8008cdeaf
gpt2	ours	warm	1	135	2053.0	0	75	ddc8008cdeaf
gpt2	ours	warm	1	136	2054.0	0	75	ddc8008cdeaf
gpt2	ours	warm	1	137	2128.1	0	75	ddc8008cdeaf
gpt2	ours	warm	1	138	2073.0	0	75	ddc8008cdeaf
gpt2	ours	warm	1	139	2049.9	0	75	ddc8008cdeaf
gpt2	ours	warm	1	140	4231.9	0	75	ddc8008cdeaf
gpt2	ours	warm	1	141	2064.0	0	75	ddc8008cdeaf
gpt2	ours	warm	1	142	2100.0	0	75	ddc8008cdeaf
gpt2	ours	warm	1	143	2049.0	0	75	ddc8008cdeaf
gpt2	ours	warm	1	144	2100.9	0	75	ddc8008cdeaf
gpt2	ours	warm	1	145	2050.2	0	75	ddc8008cdeaf
gpt2	ours	warm	1	146	2070.0	0	75	ddc8008cdeaf
gpt2	ours	warm	1	147	2075.0	0	75	ddc8008cdeaf
gpt2	ours	warm	1	148	2059.9	0	75	ddc8008cdeaf
gpt2	ours	warm	1	149	2097.1	0	75	ddc8008cdeaf
gpt2	ours	warm	1	150	2055.9	0	75	ddc8008cdeaf
gpt2	ours	warm	1	151	2061.8	0	75	ddc8008cdeaf
gpt2	ours	warm	1	152	2079.0	0	75	ddc8008cdeaf
gpt2	ours	warm	1	153	2060.9	0	75	ddc8008cdeaf
gpt2	ours	warm	1	154	2074.0	0	75	ddc8008cdeaf
gpt2	ours	warm	1	155	2060.9	0	75	ddc8008cdeaf
gpt2	ours	warm	1	156	2054.0	0	75	ddc8008cdeaf
gpt2	ours	warm	1	157	4277.0	0	75	ddc8008cdeaf
gpt2	ours	warm	1	158	2088.1	0	75	ddc8008cdeaf
gpt2	ours	warm	1	159	2055.9	0	75	ddc8008cdeaf
gpt2	ours	warm	1	160	2057.8	0	75	ddc8008cdeaf
gpt2	ours	warm	1	161	2071.9	0	75	ddc8008cdeaf
gpt2	ours	warm	1	162	2087.1	0	75	ddc8008cdeaf
gpt2	ours	warm	1	163	2054.9	0	75	ddc8008cdeaf
gpt2	ours	warm	1	164	2103.8	0	75	ddc8008cdeaf
gpt2	ours	warm	1	165	2051.8	0	75	ddc8008cdeaf
gpt2	ours	warm	1	166	2049.0	0	75	ddc8008cdeaf
gpt2	ours	warm	1	167	2055.9	0	75	ddc8008cdeaf
gpt2	ours	warm	1	168	2045.9	0	75	ddc8008cdeaf
gpt2	ours	warm	1	169	2111.0	0	75	ddc8008cdeaf
gpt2	ours	warm	1	170	2056.8	0	75	ddc8008cdeaf
gpt2	ours	warm	1	171	2106.0	0	75	ddc8008cdeaf
gpt2	ours	warm	1	172	2048.0	0	75	ddc8008cdeaf
gpt2	ours	warm	1	173	2073.0	0	75	ddc8008cdeaf
gpt2	ours	warm	1	174	2057.1	0	75	ddc8008cdeaf
gpt2	ours	warm	1	175	4305.1	0	75	ddc8008cdeaf
gpt2	ours	warm	1	176	2065.2	0	75	ddc8008cdeaf
gpt2	ours	warm	1	177	2055.9	0	75	ddc8008cdeaf
gpt2	ours	warm	1	178	2054.0	0	75	ddc8008cdeaf
gpt2	ours	warm	1	179	2054.0	0	75	ddc8008cdeaf
gpt2	ours	warm	1	180	2052.1	0	75	ddc8008cdeaf
gpt2	ours	warm	1	181	2048.0	0	75	ddc8008cdeaf
gpt2	ours	warm	1	182	2048.0	0	75	ddc8008cdeaf
gpt2	ours	warm	1	183	2039.9	0	75	ddc8008cdeaf
gpt2	ours	warm	1	184	2098.1	0	75	ddc8008cdeaf
gpt2	ours	warm	1	185	2079.0	0	75	ddc8008cdeaf
gpt2	ours	warm	1	186	2051.1	0	75	ddc8008cdeaf
gpt2	ours	warm	1	187	2054.0	0	75	ddc8008cdeaf
gpt2	ours	warm	1	188	2049.0	0	75	ddc8008cdeaf
gpt2	ours	warm	1	189	2054.9	0	75	ddc8008cdeaf
gpt2	ours	warm	1	190	2067.1	0	75	ddc8008cdeaf
gpt2	ours	warm	1	191	2059.0	0	75	ddc8008cdeaf
gpt2	ours	warm	1	192	2052.1	0	75	ddc8008cdeaf
gpt2	ours	warm	1	193	2078.1	0	75	ddc8008cdeaf
gpt2	ours	warm	1	194	4406.9	0	75	ddc8008cdeaf
gpt2	ours	warm	1	195	2059.9	0	75	ddc8008cdeaf
gpt2	ours	warm	1	196	2062.1	0	75	ddc8008cdeaf
gpt2	ours	warm	1	197	2052.1	0	75	ddc8008cdeaf
gpt2	ours	warm	1	198	2049.9	0	75	ddc8008cdeaf
gpt2	ours	warm	1	199	2055.9	0	75	ddc8008cdeaf
gpt2	ours	warm	1	200	2074.0	0	75	ddc8008cdeaf
gpt2	ours	warm	1	201	2082.1	0	75	ddc8008cdeaf
gpt2	ours	warm	1	202	2056.1	0	75	ddc8008cdeaf
gpt2	ours	warm	1	203	2118.1	0	75	ddc8008cdeaf
gpt2	ours	warm	1	204	2059.9	0	75	ddc8008cdeaf
gpt2	ours	warm	1	205	2085.0	0	75	ddc8008cdeaf
gpt2	ours	warm	1	206	2053.0	0	75	ddc8008cdeaf
gpt2	ours	warm	1	207	2054.9	0	75	ddc8008cdeaf
gpt2	ours	warm	1	208	2051.1	0	75	ddc8008cdeaf
gpt2	ours	warm	1	209	2068.0	0	75	ddc8008cdeaf
gpt2	ours	warm	1	210	2089.0	0	75	ddc8008cdeaf
gpt2	ours	warm	1	211	2054.0	0	75	ddc8008cdeaf
gpt2	ours	warm	1	212	2063.0	0	75	ddc8008cdeaf
gpt2	ours	warm	1	213	2090.9	0	75	ddc8008cdeaf
gpt2	ours	warm	1	214	4424.1	0	75	ddc8008cdeaf
gpt2	ours	warm	1	215	2080.0	0	75	ddc8008cdeaf
gpt2	ours	warm	1	216	2070.0	0	75	ddc8008cdeaf
gpt2	ours	warm	1	217	2100.9	0	75	ddc8008cdeaf
gpt2	ours	warm	1	218	2067.1	0	75	ddc8008cdeaf
gpt2	ours	warm	1	219	2115.0	0	75	ddc8008cdeaf
gpt2	ours	warm	1	220	2091.9	0	75	ddc8008cdeaf
gpt2	ours	warm	1	221	2075.0	0	75	ddc8008cdeaf
gpt2	ours	warm	1	222	2059.9	0	75	ddc8008cdeaf
gpt2	ours	warm	1	223	2075.9	0	75	ddc8008cdeaf
gpt2	ours	warm	1	224	2058.0	0	75	ddc8008cdeaf
gpt2	ours	warm	1	225	2075.0	0	75	ddc8008cdeaf
gpt2	ours	warm	1	226	2095.0	0	75	ddc8008cdeaf
gpt2	ours	warm	1	227	2080.0	0	75	ddc8008cdeaf
gpt2	ours	warm	1	228	2133.8	0	75	ddc8008cdeaf
gpt2	ours	warm	1	229	2090.9	0	75	ddc8008cdeaf
gpt2	ours	warm	1	230	2085.0	0	75	ddc8008cdeaf
gpt2	ours	warm	1	231	2052.1	0	75	ddc8008cdeaf
gpt2	ours	warm	1	232	2070.0	0	75	ddc8008cdeaf
gpt2	ours	warm	1	233	2063.0	0	75	ddc8008cdeaf
gpt2	ours	warm	1	234	2090.9	0	75	ddc8008cdeaf
gpt2	ours	warm	1	235	4449.8	0	75	ddc8008cdeaf
gpt2	ours	warm	1	236	2074.0	0	75	ddc8008cdeaf
gpt2	ours	warm	1	237	2078.1	0	75	ddc8008cdeaf
gpt2	ours	warm	1	238	2125.0	0	75	ddc8008cdeaf
gpt2	ours	warm	1	239	2064.9	0	75	ddc8008cdeaf
gpt2	ours	warm	1	240	2079.0	0	75	ddc8008cdeaf
gpt2	ours	warm	1	241	2105.0	0	75	ddc8008cdeaf
gpt2	ours	warm	1	242	2080.9	0	75	ddc8008cdeaf
gpt2	ours	warm	1	243	2067.8	0	75	ddc8008cdeaf
gpt2	ours	warm	1	244	2081.9	0	75	ddc8008cdeaf
gpt2	ours	warm	1	245	2057.1	0	75	ddc8008cdeaf
gpt2	ours	warm	1	246	2059.9	0	75	ddc8008cdeaf
gpt2	ours	warm	1	247	2087.8	0	75	ddc8008cdeaf
gpt2	ours	warm	1	248	2078.8	0	75	ddc8008cdeaf
gpt2	ours	warm	1	249	2074.0	0	75	ddc8008cdeaf
gpt2	ours	warm	1	250	2075.0	0	75	ddc8008cdeaf
gpt2	ours	warm	1	251	2068.0	0	75	ddc8008cdeaf
gpt2	ours	warm	1	252	2056.1	0	75	ddc8008cdeaf
gpt2	ours	warm	1	253	2057.1	0	75	ddc8008cdeaf
gpt2	ours	warm	1	254	2126.0	0	75	ddc8008cdeaf
gpt2	ours	warm	1	255	2065.2	0	75	ddc8008cdeaf
gpt2	ours	warm	1	256	2082.8	0	75	ddc8008cdeaf
gpt2	ours	warm	1	257	4371.9	0	75	ddc8008cdeaf
gpt2	ours	warm	1	258	2080.9	0	75	ddc8008cdeaf
gpt2	ours	warm	1	259	2074.0	0	75	ddc8008cdeaf
gpt2	ours	warm	1	260	2080.0	0	75	ddc8008cdeaf
gpt2	ours	warm	1	261	2076.9	0	75	ddc8008cdeaf
gpt2	ours	warm	1	262	2077.8	0	75	ddc8008cdeaf
gpt2	ours	warm	1	263	2067.8	0	75	ddc8008cdeaf
gpt2	ours	warm	1	264	2066.9	0	75	ddc8008cdeaf
gpt2	ours	warm	1	265	2068.0	0	75	ddc8008cdeaf
gpt2	ours	warm	1	266	2102.1	0	75	ddc8008cdeaf
gpt2	ours	warm	1	267	2088.1	0	75	ddc8008cdeaf
gpt2	ours	warm	1	268	2057.1	0	75	ddc8008cdeaf
gpt2	ours	warm	1	269	2050.9	0	75	ddc8008cdeaf
gpt2	ours	warm	1	270	2088.1	0	75	ddc8008cdeaf
gpt2	ours	warm	1	271	2066.9	0	75	ddc8008cdeaf
gpt2	ours	warm	1	272	2076.9	0	75	ddc8008cdeaf
gpt2	ours	warm	1	273	2064.0	0	75	ddc8008cdeaf
gpt2	ours	warm	1	274	2088.1	0	75	ddc8008cdeaf
gpt2	ours	warm	1	275	2088.1	0	75	ddc8008cdeaf
gpt2	ours	warm	1	276	2080.9	0	75	ddc8008cdeaf
gpt2	ours	warm	1	277	2083.1	0	75	ddc8008cdeaf
gpt2	ours	warm	1	278	2067.1	0	75	ddc8008cdeaf
gpt2	ours	warm	1	279	2060.9	0	75	ddc8008cdeaf
gpt2	ours	warm	1	280	4355.0	0	75	ddc8008cdeaf
gpt2	ours	warm	1	281	2097.1	0	75	ddc8008cdeaf
gpt2	ours	warm	1	282	2137.9	0	75	ddc8008cdeaf
gpt2	ours	warm	1	283	2077.1	0	75	ddc8008cdeaf
gpt2	ours	warm	1	284	2082.1	0	75	ddc8008cdeaf
gpt2	ours	warm	1	285	2124.1	0	75	ddc8008cdeaf
gpt2	ours	warm	1	286	2071.9	0	75	ddc8008cdeaf
gpt2	ours	warm	1	287	2060.9	0	75	ddc8008cdeaf
gpt2	ours	warm	1	288	2075.0	0	75	ddc8008cdeaf
gpt2	ours	warm	1	289	2074.0	0	75	ddc8008cdeaf
gpt2	ours	warm	1	290	2085.0	0	75	ddc8008cdeaf
gpt2	ours	warm	1	291	2116.0	0	75	ddc8008cdeaf
gpt2	ours	warm	1	292	2074.0	0	75	ddc8008cdeaf
gpt2	ours	warm	1	293	2054.9	0	75	ddc8008cdeaf
gpt2	ours	warm	1	294	2066.1	0	75	ddc8008cdeaf
gpt2	ours	warm	1	295	2068.0	0	75	ddc8008cdeaf
gpt2	ours	warm	1	296	2071.9	0	75	ddc8008cdeaf
gpt2	ours	warm	1	297	2070.9	0	75	ddc8008cdeaf
gpt2	ours	warm	1	298	2056.1	0	75	ddc8008cdeaf
gpt2	ours	warm	1	299	2130.0	0	75	ddc8008cdeaf
gpt2	torch-compile	warm	1	0	2390610.9			torch-2.14.0+cu130
gpt2	torch-compile	warm	1	1	3175.7			torch-2.14.0+cu130
gpt2	torch-compile	warm	1	2	2716.1			torch-2.14.0+cu130
gpt2	torch-compile	warm	1	3	2529.9			torch-2.14.0+cu130
gpt2	torch-compile	warm	1	4	2466.0			torch-2.14.0+cu130
gpt2	torch-compile	warm	1	5	2425.0			torch-2.14.0+cu130
gpt2	torch-compile	warm	1	6	2408.0			torch-2.14.0+cu130
gpt2	torch-compile	warm	1	7	2441.2			torch-2.14.0+cu130
gpt2	torch-compile	warm	1	8	2472.6			torch-2.14.0+cu130
gpt2	torch-compile	warm	1	9	2420.9			torch-2.14.0+cu130
gpt2	torch-compile	warm	1	10	2456.2			torch-2.14.0+cu130
gpt2	torch-compile	warm	1	11	2423.3			torch-2.14.0+cu130
gpt2	torch-compile	warm	1	12	2408.7			torch-2.14.0+cu130
gpt2	torch-compile	warm	1	13	2418.3			torch-2.14.0+cu130
gpt2	torch-compile	warm	1	14	2393.7			torch-2.14.0+cu130
gpt2	torch-compile	warm	1	15	2412.6			torch-2.14.0+cu130
gpt2	torch-compile	warm	1	16	2428.8			torch-2.14.0+cu130
gpt2	torch-compile	warm	1	17	2392.1			torch-2.14.0+cu130
gpt2	torch-compile	warm	1	18	2416.1			torch-2.14.0+cu130
gpt2	torch-compile	warm	1	19	2395.9			torch-2.14.0+cu130
gpt2	torch-compile	warm	1	20	2401.1			torch-2.14.0+cu130
gpt2	torch-compile	warm	1	21	2431.4			torch-2.14.0+cu130
gpt2	torch-compile	warm	1	22	2539.2			torch-2.14.0+cu130
gpt2	torch-compile	warm	1	23	2444.0			torch-2.14.0+cu130
gpt2	torch-compile	warm	1	24	2468.1			torch-2.14.0+cu130
gpt2	torch-compile	warm	1	25	2409.7			torch-2.14.0+cu130
gpt2	torch-compile	warm	1	26	2476.2			torch-2.14.0+cu130
gpt2	torch-compile	warm	1	27	2416.1			torch-2.14.0+cu130
gpt2	torch-compile	warm	1	28	2408.0			torch-2.14.0+cu130
gpt2	torch-compile	warm	1	29	2390.9			torch-2.14.0+cu130
gpt2	torch-compile	warm	1	30	2484.8			torch-2.14.0+cu130
gpt2	torch-compile	warm	1	31	2409.2			torch-2.14.0+cu130
gpt2	torch-compile	warm	1	32	2440.0			torch-2.14.0+cu130
gpt2	torch-compile	warm	1	33	2430.9			torch-2.14.0+cu130
gpt2	torch-compile	warm	1	34	2421.1			torch-2.14.0+cu130
gpt2	torch-compile	warm	1	35	2488.6			torch-2.14.0+cu130
gpt2	torch-compile	warm	1	36	2572.5			torch-2.14.0+cu130
gpt2	torch-compile	warm	1	37	2456.7			torch-2.14.0+cu130
gpt2	torch-compile	warm	1	38	2435.7			torch-2.14.0+cu130
gpt2	torch-compile	warm	1	39	2648.1			torch-2.14.0+cu130
gpt2	torch-compile	warm	1	40	2529.1			torch-2.14.0+cu130
gpt2	torch-compile	warm	1	41	2509.6			torch-2.14.0+cu130
gpt2	torch-compile	warm	1	42	2455.0			torch-2.14.0+cu130
gpt2	torch-compile	warm	1	43	2413.7			torch-2.14.0+cu130
gpt2	torch-compile	warm	1	44	2445.9			torch-2.14.0+cu130
gpt2	torch-compile	warm	1	45	2399.4			torch-2.14.0+cu130
gpt2	torch-compile	warm	1	46	2396.3			torch-2.14.0+cu130
gpt2	torch-compile	warm	1	47	2376.6			torch-2.14.0+cu130
gpt2	torch-compile	warm	1	48	2456.9			torch-2.14.0+cu130
gpt2	torch-compile	warm	1	49	2393.2			torch-2.14.0+cu130
gpt2	torch-compile	warm	1	50	2412.6			torch-2.14.0+cu130
gpt2	torch-compile	warm	1	51	2530.3			torch-2.14.0+cu130
gpt2	torch-compile	warm	1	52	2412.6			torch-2.14.0+cu130
gpt2	torch-compile	warm	1	53	2386.8			torch-2.14.0+cu130
gpt2	torch-compile	warm	1	54	2430.2			torch-2.14.0+cu130
gpt2	torch-compile	warm	1	55	2395.6			torch-2.14.0+cu130
gpt2	torch-compile	warm	1	56	2528.2			torch-2.14.0+cu130
gpt2	torch-compile	warm	1	57	2415.4			torch-2.14.0+cu130
gpt2	torch-compile	warm	1	58	2408.7			torch-2.14.0+cu130
gpt2	torch-compile	warm	1	59	2467.2			torch-2.14.0+cu130
gpt2	torch-compile	warm	1	60	2378.5			torch-2.14.0+cu130
gpt2	torch-compile	warm	1	61	2368.2			torch-2.14.0+cu130
gpt2	torch-compile	warm	1	62	2485.8			torch-2.14.0+cu130
gpt2	torch-compile	warm	1	63	2430.4			torch-2.14.0+cu130
gpt2	torch-compile	warm	1	64	2385.9			torch-2.14.0+cu130
gpt2	torch-compile	warm	1	65	2515.3			torch-2.14.0+cu130
gpt2	torch-compile	warm	1	66	2418.8			torch-2.14.0+cu130
gpt2	torch-compile	warm	1	67	2406.4			torch-2.14.0+cu130
gpt2	torch-compile	warm	1	68	2465.0			torch-2.14.0+cu130
gpt2	torch-compile	warm	1	69	2394.0			torch-2.14.0+cu130
gpt2	torch-compile	warm	1	70	2436.4			torch-2.14.0+cu130
gpt2	torch-compile	warm	1	71	2419.2			torch-2.14.0+cu130
gpt2	torch-compile	warm	1	72	2378.5			torch-2.14.0+cu130
gpt2	torch-compile	warm	1	73	2378.5			torch-2.14.0+cu130
gpt2	torch-compile	warm	1	74	2397.5			torch-2.14.0+cu130
gpt2	torch-compile	warm	1	75	2389.0			torch-2.14.0+cu130
gpt2	torch-compile	warm	1	76	2533.7			torch-2.14.0+cu130
gpt2	torch-compile	warm	1	77	2394.9			torch-2.14.0+cu130
gpt2	torch-compile	warm	1	78	2385.1			torch-2.14.0+cu130
gpt2	torch-compile	warm	1	79	2441.6			torch-2.14.0+cu130
gpt2	torch-compile	warm	1	80	2376.3			torch-2.14.0+cu130
gpt2	torch-compile	warm	1	81	2478.6			torch-2.14.0+cu130
gpt2	torch-compile	warm	1	82	2413.7			torch-2.14.0+cu130
gpt2	torch-compile	warm	1	83	2397.5			torch-2.14.0+cu130
gpt2	torch-compile	warm	1	84	2400.9			torch-2.14.0+cu130
gpt2	torch-compile	warm	1	85	2381.1			torch-2.14.0+cu130
gpt2	torch-compile	warm	1	86	2395.2			torch-2.14.0+cu130
gpt2	torch-compile	warm	1	87	2393.7			torch-2.14.0+cu130
gpt2	torch-compile	warm	1	88	2460.0			torch-2.14.0+cu130
gpt2	torch-compile	warm	1	89	2432.1			torch-2.14.0+cu130
gpt2	torch-compile	warm	1	90	2478.8			torch-2.14.0+cu130
gpt2	torch-compile	warm	1	91	2459.3			torch-2.14.0+cu130
gpt2	torch-compile	warm	1	92	2405.4			torch-2.14.0+cu130
gpt2	torch-compile	warm	1	93	2435.4			torch-2.14.0+cu130
gpt2	torch-compile	warm	1	94	2406.6			torch-2.14.0+cu130
gpt2	torch-compile	warm	1	95	2366.1			torch-2.14.0+cu130
gpt2	torch-compile	warm	1	96	2451.7			torch-2.14.0+cu130
gpt2	torch-compile	warm	1	97	2384.2			torch-2.14.0+cu130
gpt2	torch-compile	warm	1	98	2538.4			torch-2.14.0+cu130
gpt2	torch-compile	warm	1	99	2404.9			torch-2.14.0+cu130
gpt2	torch-compile	warm	1	100	2408.3			torch-2.14.0+cu130
gpt2	torch-compile	warm	1	101	2394.7			torch-2.14.0+cu130
gpt2	torch-compile	warm	1	102	2465.0			torch-2.14.0+cu130
gpt2	torch-compile	warm	1	103	2575.4			torch-2.14.0+cu130
gpt2	torch-compile	warm	1	104	2497.2			torch-2.14.0+cu130
gpt2	torch-compile	warm	1	105	2419.2			torch-2.14.0+cu130
gpt2	torch-compile	warm	1	106	2456.7			torch-2.14.0+cu130
gpt2	torch-compile	warm	1	107	2441.6			torch-2.14.0+cu130
gpt2	torch-compile	warm	1	108	2478.6			torch-2.14.0+cu130
gpt2	torch-compile	warm	1	109	2444.3			torch-2.14.0+cu130
gpt2	torch-compile	warm	1	110	2439.3			torch-2.14.0+cu130
gpt2	torch-compile	warm	1	111	2448.6			torch-2.14.0+cu130
gpt2	torch-compile	warm	1	112	2582.3			torch-2.14.0+cu130
gpt2	torch-compile	warm	1	113	2417.1			torch-2.14.0+cu130
gpt2	torch-compile	warm	1	114	2380.8			torch-2.14.0+cu130
gpt2	torch-compile	warm	1	115	2395.9			torch-2.14.0+cu130
gpt2	torch-compile	warm	1	116	2379.4			torch-2.14.0+cu130
gpt2	torch-compile	warm	1	117	2441.2			torch-2.14.0+cu130
gpt2	torch-compile	warm	1	118	2440.5			torch-2.14.0+cu130
gpt2	torch-compile	warm	1	119	2396.6			torch-2.14.0+cu130
gpt2	torch-compile	warm	1	120	2376.8			torch-2.14.0+cu130
gpt2	torch-compile	warm	1	121	2381.1			torch-2.14.0+cu130
gpt2	torch-compile	warm	1	122	2434.0			torch-2.14.0+cu130
gpt2	torch-compile	warm	1	123	2385.6			torch-2.14.0+cu130
gpt2	torch-compile	warm	1	124	2377.0			torch-2.14.0+cu130
gpt2	torch-compile	warm	1	125	2383.7			torch-2.14.0+cu130
gpt2	torch-compile	warm	1	126	2385.6			torch-2.14.0+cu130
gpt2	torch-compile	warm	1	127	2369.9			torch-2.14.0+cu130
gpt2	torch-compile	warm	1	128	2365.1			torch-2.14.0+cu130
gpt2	torch-compile	warm	1	129	2391.8			torch-2.14.0+cu130
gpt2	torch-compile	warm	1	130	2380.1			torch-2.14.0+cu130
gpt2	torch-compile	warm	1	131	2448.6			torch-2.14.0+cu130
gpt2	torch-compile	warm	1	132	2401.4			torch-2.14.0+cu130
gpt2	torch-compile	warm	1	133	2376.8			torch-2.14.0+cu130
gpt2	torch-compile	warm	1	134	2376.6			torch-2.14.0+cu130
gpt2	torch-compile	warm	1	135	2543.2			torch-2.14.0+cu130
gpt2	torch-compile	warm	1	136	2383.7			torch-2.14.0+cu130
gpt2	torch-compile	warm	1	137	2402.3			torch-2.14.0+cu130
gpt2	torch-compile	warm	1	138	2410.2			torch-2.14.0+cu130
gpt2	torch-compile	warm	1	139	2461.0			torch-2.14.0+cu130
gpt2	torch-compile	warm	1	140	2422.3			torch-2.14.0+cu130
gpt2	torch-compile	warm	1	141	2392.3			torch-2.14.0+cu130
gpt2	torch-compile	warm	1	142	2377.5			torch-2.14.0+cu130
gpt2	torch-compile	warm	1	143	2455.9			torch-2.14.0+cu130
gpt2	torch-compile	warm	1	144	2549.6			torch-2.14.0+cu130
gpt2	torch-compile	warm	1	145	2408.3			torch-2.14.0+cu130
gpt2	torch-compile	warm	1	146	2379.7			torch-2.14.0+cu130
gpt2	torch-compile	warm	1	147	2385.9			torch-2.14.0+cu130
gpt2	torch-compile	warm	1	148	2382.0			torch-2.14.0+cu130
gpt2	torch-compile	warm	1	149	2390.1			torch-2.14.0+cu130
gpt2	torch-compile	warm	1	150	2435.7			torch-2.14.0+cu130
gpt2	torch-compile	warm	1	151	2376.3			torch-2.14.0+cu130
gpt2	torch-compile	warm	1	152	2387.8			torch-2.14.0+cu130
gpt2	torch-compile	warm	1	153	2383.7			torch-2.14.0+cu130
gpt2	torch-compile	warm	1	154	2405.2			torch-2.14.0+cu130
gpt2	torch-compile	warm	1	155	2415.2			torch-2.14.0+cu130
gpt2	torch-compile	warm	1	156	2509.4			torch-2.14.0+cu130
gpt2	torch-compile	warm	1	157	2424.7			torch-2.14.0+cu130
gpt2	torch-compile	warm	1	158	2504.3			torch-2.14.0+cu130
gpt2	torch-compile	warm	1	159	2413.5			torch-2.14.0+cu130
gpt2	torch-compile	warm	1	160	2510.8			torch-2.14.0+cu130
gpt2	torch-compile	warm	1	161	2403.5			torch-2.14.0+cu130
gpt2	torch-compile	warm	1	162	2411.1			torch-2.14.0+cu130
gpt2	torch-compile	warm	1	163	2387.8			torch-2.14.0+cu130
gpt2	torch-compile	warm	1	164	2402.5			torch-2.14.0+cu130
gpt2	torch-compile	warm	1	165	2388.2			torch-2.14.0+cu130
gpt2	torch-compile	warm	1	166	2388.7			torch-2.14.0+cu130
gpt2	torch-compile	warm	1	167	2399.4			torch-2.14.0+cu130
gpt2	torch-compile	warm	1	168	2397.5			torch-2.14.0+cu130
gpt2	torch-compile	warm	1	169	2386.3			torch-2.14.0+cu130
gpt2	torch-compile	warm	1	170	2439.3			torch-2.14.0+cu130
gpt2	torch-compile	warm	1	171	2510.5			torch-2.14.0+cu130
gpt2	torch-compile	warm	1	172	2405.9			torch-2.14.0+cu130
gpt2	torch-compile	warm	1	173	2395.4			torch-2.14.0+cu130
gpt2	torch-compile	warm	1	174	2412.3			torch-2.14.0+cu130
gpt2	torch-compile	warm	1	175	2409.2			torch-2.14.0+cu130
gpt2	torch-compile	warm	1	176	2461.4			torch-2.14.0+cu130
gpt2	torch-compile	warm	1	177	2391.3			torch-2.14.0+cu130
gpt2	torch-compile	warm	1	178	2378.9			torch-2.14.0+cu130
gpt2	torch-compile	warm	1	179	2471.0			torch-2.14.0+cu130
gpt2	torch-compile	warm	1	180	2382.5			torch-2.14.0+cu130
gpt2	torch-compile	warm	1	181	2460.5			torch-2.14.0+cu130
gpt2	torch-compile	warm	1	182	2464.1			torch-2.14.0+cu130
gpt2	torch-compile	warm	1	183	2642.6			torch-2.14.0+cu130
gpt2	torch-compile	warm	1	184	2509.1			torch-2.14.0+cu130
gpt2	torch-compile	warm	1	185	2569.7			torch-2.14.0+cu130
gpt2	torch-compile	warm	1	186	2580.9			torch-2.14.0+cu130
gpt2	torch-compile	warm	1	187	2749.9			torch-2.14.0+cu130
gpt2	torch-compile	warm	1	188	2623.6			torch-2.14.0+cu130
gpt2	torch-compile	warm	1	189	2623.6			torch-2.14.0+cu130
gpt2	torch-compile	warm	1	190	2582.1			torch-2.14.0+cu130
gpt2	torch-compile	warm	1	191	2489.6			torch-2.14.0+cu130
gpt2	torch-compile	warm	1	192	2479.3			torch-2.14.0+cu130
gpt2	torch-compile	warm	1	193	2442.6			torch-2.14.0+cu130
gpt2	torch-compile	warm	1	194	2450.7			torch-2.14.0+cu130
gpt2	torch-compile	warm	1	195	2437.6			torch-2.14.0+cu130
gpt2	torch-compile	warm	1	196	2428.5			torch-2.14.0+cu130
gpt2	torch-compile	warm	1	197	2390.4			torch-2.14.0+cu130
gpt2	torch-compile	warm	1	198	2498.1			torch-2.14.0+cu130
gpt2	torch-compile	warm	1	199	2418.0			torch-2.14.0+cu130
gpt2	torch-compile	warm	1	200	2419.2			torch-2.14.0+cu130
gpt2	torch-compile	warm	1	201	2459.3			torch-2.14.0+cu130
gpt2	torch-compile	warm	1	202	2562.3			torch-2.14.0+cu130
gpt2	torch-compile	warm	1	203	2438.1			torch-2.14.0+cu130
gpt2	torch-compile	warm	1	204	2389.2			torch-2.14.0+cu130
gpt2	torch-compile	warm	1	205	2401.8			torch-2.14.0+cu130
gpt2	torch-compile	warm	1	206	2376.1			torch-2.14.0+cu130
gpt2	torch-compile	warm	1	207	2407.1			torch-2.14.0+cu130
gpt2	torch-compile	warm	1	208	2428.3			torch-2.14.0+cu130
gpt2	torch-compile	warm	1	209	2412.6			torch-2.14.0+cu130
gpt2	torch-compile	warm	1	210	2437.6			torch-2.14.0+cu130
gpt2	torch-compile	warm	1	211	2391.3			torch-2.14.0+cu130
gpt2	torch-compile	warm	1	212	2507.0			torch-2.14.0+cu130
gpt2	torch-compile	warm	1	213	2415.7			torch-2.14.0+cu130
gpt2	torch-compile	warm	1	214	2435.4			torch-2.14.0+cu130
gpt2	torch-compile	warm	1	215	2401.1			torch-2.14.0+cu130
gpt2	torch-compile	warm	1	216	2399.7			torch-2.14.0+cu130
gpt2	torch-compile	warm	1	217	2424.7			torch-2.14.0+cu130
gpt2	torch-compile	warm	1	218	2557.0			torch-2.14.0+cu130
gpt2	torch-compile	warm	1	219	2386.6			torch-2.14.0+cu130
gpt2	torch-compile	warm	1	220	2461.9			torch-2.14.0+cu130
gpt2	torch-compile	warm	1	221	2426.1			torch-2.14.0+cu130
gpt2	torch-compile	warm	1	222	2444.3			torch-2.14.0+cu130
gpt2	torch-compile	warm	1	223	2418.5			torch-2.14.0+cu130
gpt2	torch-compile	warm	1	224	2454.0			torch-2.14.0+cu130
gpt2	torch-compile	warm	1	225	2441.4			torch-2.14.0+cu130
gpt2	torch-compile	warm	1	226	2478.1			torch-2.14.0+cu130
gpt2	torch-compile	warm	1	227	2434.0			torch-2.14.0+cu130
gpt2	torch-compile	warm	1	228	2442.8			torch-2.14.0+cu130
gpt2	torch-compile	warm	1	229	2410.2			torch-2.14.0+cu130
gpt2	torch-compile	warm	1	230	2389.0			torch-2.14.0+cu130
gpt2	torch-compile	warm	1	231	2373.5			torch-2.14.0+cu130
gpt2	torch-compile	warm	1	232	2398.0			torch-2.14.0+cu130
gpt2	torch-compile	warm	1	233	2381.6			torch-2.14.0+cu130
gpt2	torch-compile	warm	1	234	2424.7			torch-2.14.0+cu130
gpt2	torch-compile	warm	1	235	2539.6			torch-2.14.0+cu130
gpt2	torch-compile	warm	1	236	2404.7			torch-2.14.0+cu130
gpt2	torch-compile	warm	1	237	2409.5			torch-2.14.0+cu130
gpt2	torch-compile	warm	1	238	2385.1			torch-2.14.0+cu130
gpt2	torch-compile	warm	1	239	2550.8			torch-2.14.0+cu130
gpt2	torch-compile	warm	1	240	2514.4			torch-2.14.0+cu130
gpt2	torch-compile	warm	1	241	2450.0			torch-2.14.0+cu130
gpt2	torch-compile	warm	1	242	2445.5			torch-2.14.0+cu130
gpt2	torch-compile	warm	1	243	2439.0			torch-2.14.0+cu130
gpt2	torch-compile	warm	1	244	2436.4			torch-2.14.0+cu130
gpt2	torch-compile	warm	1	245	2412.1			torch-2.14.0+cu130
gpt2	torch-compile	warm	1	246	2412.3			torch-2.14.0+cu130
gpt2	torch-compile	warm	1	247	2450.0			torch-2.14.0+cu130
gpt2	torch-compile	warm	1	248	2544.4			torch-2.14.0+cu130
gpt2	torch-compile	warm	1	249	2462.9			torch-2.14.0+cu130
gpt2	torch-compile	warm	1	250	2470.3			torch-2.14.0+cu130
gpt2	torch-compile	warm	1	251	2510.5			torch-2.14.0+cu130
gpt2	torch-compile	warm	1	252	2510.5			torch-2.14.0+cu130
gpt2	torch-compile	warm	1	253	2391.3			torch-2.14.0+cu130
gpt2	torch-compile	warm	1	254	2349.4			torch-2.14.0+cu130
gpt2	torch-compile	warm	1	255	2338.4			torch-2.14.0+cu130
gpt2	torch-compile	warm	1	256	2359.9			torch-2.14.0+cu130
gpt2	torch-compile	warm	1	257	2333.4			torch-2.14.0+cu130
gpt2	torch-compile	warm	1	258	2343.2			torch-2.14.0+cu130
gpt2	torch-compile	warm	1	259	4032.9			torch-2.14.0+cu130
gpt2	torch-compile	warm	1	260	2811.7			torch-2.14.0+cu130
gpt2	torch-compile	warm	1	261	2394.9			torch-2.14.0+cu130
gpt2	torch-compile	warm	1	262	2330.1			torch-2.14.0+cu130
gpt2	torch-compile	warm	1	263	2340.6			torch-2.14.0+cu130
gpt2	torch-compile	warm	1	264	2295.0			torch-2.14.0+cu130
gpt2	torch-compile	warm	1	265	2336.3			torch-2.14.0+cu130
gpt2	torch-compile	warm	1	266	3141.2			torch-2.14.0+cu130
gpt2	torch-compile	warm	1	267	2701.5			torch-2.14.0+cu130
gpt2	torch-compile	warm	1	268	2535.1			torch-2.14.0+cu130
gpt2	torch-compile	warm	1	269	2493.9			torch-2.14.0+cu130
gpt2	torch-compile	warm	1	270	2468.8			torch-2.14.0+cu130
gpt2	torch-compile	warm	1	271	2428.3			torch-2.14.0+cu130
gpt2	torch-compile	warm	1	272	2482.9			torch-2.14.0+cu130
gpt2	torch-compile	warm	1	273	2431.4			torch-2.14.0+cu130
gpt2	torch-compile	warm	1	274	2498.4			torch-2.14.0+cu130
gpt2	torch-compile	warm	1	275	2568.2			torch-2.14.0+cu130
gpt2	torch-compile	warm	1	276	2452.9			torch-2.14.0+cu130
gpt2	torch-compile	warm	1	277	2491.0			torch-2.14.0+cu130
gpt2	torch-compile	warm	1	278	2434.5			torch-2.14.0+cu130
gpt2	torch-compile	warm	1	279	2488.4			torch-2.14.0+cu130
gpt2	torch-compile	warm	1	280	2455.9			torch-2.14.0+cu130
gpt2	torch-compile	warm	1	281	2509.8			torch-2.14.0+cu130
gpt2	torch-compile	warm	1	282	2476.5			torch-2.14.0+cu130
gpt2	torch-compile	warm	1	283	2448.6			torch-2.14.0+cu130
gpt2	torch-compile	warm	1	284	2433.1			torch-2.14.0+cu130
gpt2	torch-compile	warm	1	285	2494.6			torch-2.14.0+cu130
gpt2	torch-compile	warm	1	286	2579.2			torch-2.14.0+cu130
gpt2	torch-compile	warm	1	287	2420.9			torch-2.14.0+cu130
gpt2	torch-compile	warm	1	288	2388.0			torch-2.14.0+cu130
gpt2	torch-compile	warm	1	289	2386.6			torch-2.14.0+cu130
gpt2	torch-compile	warm	1	290	2407.8			torch-2.14.0+cu130
gpt2	torch-compile	warm	1	291	2414.2			torch-2.14.0+cu130
gpt2	torch-compile	warm	1	292	2394.0			torch-2.14.0+cu130
gpt2	torch-compile	warm	1	293	2455.9			torch-2.14.0+cu130
gpt2	torch-compile	warm	1	294	2397.5			torch-2.14.0+cu130
gpt2	torch-compile	warm	1	295	2411.8			torch-2.14.0+cu130
gpt2	torch-compile	warm	1	296	2376.3			torch-2.14.0+cu130
gpt2	torch-compile	warm	1	297	2366.3			torch-2.14.0+cu130
gpt2	torch-compile	warm	1	298	2435.9			torch-2.14.0+cu130
gpt2	torch-compile	warm	1	299	2393.7			torch-2.14.0+cu130
gpt2	torch-compile-ro	warm	1	0	2510736.0			torch-2.14.0+cu130
gpt2	torch-compile-ro	warm	1	1	41870.8			torch-2.14.0+cu130
gpt2	torch-compile-ro	warm	1	2	2832.4			torch-2.14.0+cu130
gpt2	torch-compile-ro	warm	1	3	2558.5			torch-2.14.0+cu130
gpt2	torch-compile-ro	warm	1	4	4844.0			torch-2.14.0+cu130
gpt2	torch-compile-ro	warm	1	5	2510.8			torch-2.14.0+cu130
gpt2	torch-compile-ro	warm	1	6	2409.7			torch-2.14.0+cu130
gpt2	torch-compile-ro	warm	1	7	2274.3			torch-2.14.0+cu130
gpt2	torch-compile-ro	warm	1	8	2217.8			torch-2.14.0+cu130
gpt2	torch-compile-ro	warm	1	9	2236.1			torch-2.14.0+cu130
gpt2	torch-compile-ro	warm	1	10	2200.6			torch-2.14.0+cu130
gpt2	torch-compile-ro	warm	1	11	2212.0			torch-2.14.0+cu130
gpt2	torch-compile-ro	warm	1	12	2208.5			torch-2.14.0+cu130
gpt2	torch-compile-ro	warm	1	13	2196.1			torch-2.14.0+cu130
gpt2	torch-compile-ro	warm	1	14	2231.8			torch-2.14.0+cu130
gpt2	torch-compile-ro	warm	1	15	4270.6			torch-2.14.0+cu130
gpt2	torch-compile-ro	warm	1	16	2512.2			torch-2.14.0+cu130
gpt2	torch-compile-ro	warm	1	17	2307.2			torch-2.14.0+cu130
gpt2	torch-compile-ro	warm	1	18	2286.4			torch-2.14.0+cu130
gpt2	torch-compile-ro	warm	1	19	2270.9			torch-2.14.0+cu130
gpt2	torch-compile-ro	warm	1	20	2210.4			torch-2.14.0+cu130
gpt2	torch-compile-ro	warm	1	21	4383.8			torch-2.14.0+cu130
gpt2	torch-compile-ro	warm	1	22	2460.2			torch-2.14.0+cu130
gpt2	torch-compile-ro	warm	1	23	2436.6			torch-2.14.0+cu130
gpt2	torch-compile-ro	warm	1	24	2307.7			torch-2.14.0+cu130
gpt2	torch-compile-ro	warm	1	25	2275.7			torch-2.14.0+cu130
gpt2	torch-compile-ro	warm	1	26	2245.4			torch-2.14.0+cu130
gpt2	torch-compile-ro	warm	1	27	3267.0			torch-2.14.0+cu130
gpt2	torch-compile-ro	warm	1	28	2432.6			torch-2.14.0+cu130
gpt2	torch-compile-ro	warm	1	29	2311.2			torch-2.14.0+cu130
gpt2	torch-compile-ro	warm	1	30	2338.6			torch-2.14.0+cu130
gpt2	torch-compile-ro	warm	1	31	2332.2			torch-2.14.0+cu130
gpt2	torch-compile-ro	warm	1	32	2292.6			torch-2.14.0+cu130
gpt2	torch-compile-ro	warm	1	33	2440.2			torch-2.14.0+cu130
gpt2	torch-compile-ro	warm	1	34	2314.8			torch-2.14.0+cu130
gpt2	torch-compile-ro	warm	1	35	2316.7			torch-2.14.0+cu130
gpt2	torch-compile-ro	warm	1	36	2323.4			torch-2.14.0+cu130
gpt2	torch-compile-ro	warm	1	37	2247.6			torch-2.14.0+cu130
gpt2	torch-compile-ro	warm	1	38	2279.5			torch-2.14.0+cu130
gpt2	torch-compile-ro	warm	1	39	2248.0			torch-2.14.0+cu130
gpt2	torch-compile-ro	warm	1	40	2296.4			torch-2.14.0+cu130
gpt2	torch-compile-ro	warm	1	41	2315.8			torch-2.14.0+cu130
gpt2	torch-compile-ro	warm	1	42	2251.9			torch-2.14.0+cu130
gpt2	torch-compile-ro	warm	1	43	2326.0			torch-2.14.0+cu130
gpt2	torch-compile-ro	warm	1	44	2250.2			torch-2.14.0+cu130
gpt2	torch-compile-ro	warm	1	45	2302.6			torch-2.14.0+cu130
gpt2	torch-compile-ro	warm	1	46	2273.1			torch-2.14.0+cu130
gpt2	torch-compile-ro	warm	1	47	2256.2			torch-2.14.0+cu130
gpt2	torch-compile-ro	warm	1	48	2248.5			torch-2.14.0+cu130
gpt2	torch-compile-ro	warm	1	49	2208.7			torch-2.14.0+cu130
gpt2	torch-compile-ro	warm	1	50	2164.8			torch-2.14.0+cu130
gpt2	torch-compile-ro	warm	1	51	2240.4			torch-2.14.0+cu130
gpt2	torch-compile-ro	warm	1	52	2202.7			torch-2.14.0+cu130
gpt2	torch-compile-ro	warm	1	53	2213.2			torch-2.14.0+cu130
gpt2	torch-compile-ro	warm	1	54	2319.8			torch-2.14.0+cu130
gpt2	torch-compile-ro	warm	1	55	2245.7			torch-2.14.0+cu130
gpt2	torch-compile-ro	warm	1	56	2242.1			torch-2.14.0+cu130
gpt2	torch-compile-ro	warm	1	57	2226.8			torch-2.14.0+cu130
gpt2	torch-compile-ro	warm	1	58	2160.1			torch-2.14.0+cu130
gpt2	torch-compile-ro	warm	1	59	2228.5			torch-2.14.0+cu130
gpt2	torch-compile-ro	warm	1	60	2188.2			torch-2.14.0+cu130
gpt2	torch-compile-ro	warm	1	61	2211.8			torch-2.14.0+cu130
gpt2	torch-compile-ro	warm	1	62	2266.9			torch-2.14.0+cu130
gpt2	torch-compile-ro	warm	1	63	2243.3			torch-2.14.0+cu130
gpt2	torch-compile-ro	warm	1	64	2313.9			torch-2.14.0+cu130
gpt2	torch-compile-ro	warm	1	65	2273.6			torch-2.14.0+cu130
gpt2	torch-compile-ro	warm	1	66	2262.8			torch-2.14.0+cu130
gpt2	torch-compile-ro	warm	1	67	2363.7			torch-2.14.0+cu130
gpt2	torch-compile-ro	warm	1	68	2256.9			torch-2.14.0+cu130
gpt2	torch-compile-ro	warm	1	69	2227.1			torch-2.14.0+cu130
gpt2	torch-compile-ro	warm	1	70	2228.7			torch-2.14.0+cu130
gpt2	torch-compile-ro	warm	1	71	2200.6			torch-2.14.0+cu130
gpt2	torch-compile-ro	warm	1	72	2206.1			torch-2.14.0+cu130
gpt2	torch-compile-ro	warm	1	73	2195.8			torch-2.14.0+cu130
gpt2	torch-compile-ro	warm	1	74	2218.2			torch-2.14.0+cu130
gpt2	torch-compile-ro	warm	1	75	2192.3			torch-2.14.0+cu130
gpt2	torch-compile-ro	warm	1	76	2172.5			torch-2.14.0+cu130
gpt2	torch-compile-ro	warm	1	77	2175.3			torch-2.14.0+cu130
gpt2	torch-compile-ro	warm	1	78	2192.7			torch-2.14.0+cu130
gpt2	torch-compile-ro	warm	1	79	2180.8			torch-2.14.0+cu130
gpt2	torch-compile-ro	warm	1	80	2202.5			torch-2.14.0+cu130
gpt2	torch-compile-ro	warm	1	81	2253.5			torch-2.14.0+cu130
gpt2	torch-compile-ro	warm	1	82	2158.9			torch-2.14.0+cu130
gpt2	torch-compile-ro	warm	1	83	2175.1			torch-2.14.0+cu130
gpt2	torch-compile-ro	warm	1	84	2158.4			torch-2.14.0+cu130
gpt2	torch-compile-ro	warm	1	85	2192.7			torch-2.14.0+cu130
gpt2	torch-compile-ro	warm	1	86	2186.1			torch-2.14.0+cu130
gpt2	torch-compile-ro	warm	1	87	2240.4			torch-2.14.0+cu130
gpt2	torch-compile-ro	warm	1	88	2183.7			torch-2.14.0+cu130
gpt2	torch-compile-ro	warm	1	89	2244.7			torch-2.14.0+cu130
gpt2	torch-compile-ro	warm	1	90	2224.4			torch-2.14.0+cu130
gpt2	torch-compile-ro	warm	1	91	2292.6			torch-2.14.0+cu130
gpt2	torch-compile-ro	warm	1	92	2241.8			torch-2.14.0+cu130
gpt2	torch-compile-ro	warm	1	93	2228.7			torch-2.14.0+cu130
gpt2	torch-compile-ro	warm	1	94	2299.8			torch-2.14.0+cu130
gpt2	torch-compile-ro	warm	1	95	2269.3			torch-2.14.0+cu130
gpt2	torch-compile-ro	warm	1	96	2227.8			torch-2.14.0+cu130
gpt2	torch-compile-ro	warm	1	97	2287.1			torch-2.14.0+cu130
gpt2	torch-compile-ro	warm	1	98	2241.8			torch-2.14.0+cu130
gpt2	torch-compile-ro	warm	1	99	2281.2			torch-2.14.0+cu130
gpt2	torch-compile-ro	warm	1	100	2241.1			torch-2.14.0+cu130
gpt2	torch-compile-ro	warm	1	101	2197.3			torch-2.14.0+cu130
gpt2	torch-compile-ro	warm	1	102	2229.0			torch-2.14.0+cu130
gpt2	torch-compile-ro	warm	1	103	2225.4			torch-2.14.0+cu130
gpt2	torch-compile-ro	warm	1	104	2260.2			torch-2.14.0+cu130
gpt2	torch-compile-ro	warm	1	105	2290.0			torch-2.14.0+cu130
gpt2	torch-compile-ro	warm	1	106	2223.5			torch-2.14.0+cu130
gpt2	torch-compile-ro	warm	1	107	2200.8			torch-2.14.0+cu130
gpt2	torch-compile-ro	warm	1	108	2314.3			torch-2.14.0+cu130
gpt2	torch-compile-ro	warm	1	109	2195.8			torch-2.14.0+cu130
gpt2	torch-compile-ro	warm	1	110	2281.4			torch-2.14.0+cu130
gpt2	torch-compile-ro	warm	1	111	2235.7			torch-2.14.0+cu130
gpt2	torch-compile-ro	warm	1	112	2278.6			torch-2.14.0+cu130
gpt2	torch-compile-ro	warm	1	113	2375.1			torch-2.14.0+cu130
gpt2	torch-compile-ro	warm	1	114	2236.6			torch-2.14.0+cu130
gpt2	torch-compile-ro	warm	1	115	2273.6			torch-2.14.0+cu130
gpt2	torch-compile-ro	warm	1	116	2260.7			torch-2.14.0+cu130
gpt2	torch-compile-ro	warm	1	117	2278.1			torch-2.14.0+cu130
gpt2	torch-compile-ro	warm	1	118	2337.2			torch-2.14.0+cu130
gpt2	torch-compile-ro	warm	1	119	2271.9			torch-2.14.0+cu130
gpt2	torch-compile-ro	warm	1	120	2295.7			torch-2.14.0+cu130
gpt2	torch-compile-ro	warm	1	121	2317.4			torch-2.14.0+cu130
gpt2	torch-compile-ro	warm	1	122	2226.6			torch-2.14.0+cu130
gpt2	torch-compile-ro	warm	1	123	2288.8			torch-2.14.0+cu130
gpt2	torch-compile-ro	warm	1	124	2255.7			torch-2.14.0+cu130
gpt2	torch-compile-ro	warm	1	125	2190.6			torch-2.14.0+cu130
gpt2	torch-compile-ro	warm	1	126	2253.8			torch-2.14.0+cu130
gpt2	torch-compile-ro	warm	1	127	2211.8			torch-2.14.0+cu130
gpt2	torch-compile-ro	warm	1	128	2204.7			torch-2.14.0+cu130
gpt2	torch-compile-ro	warm	1	129	2192.3			torch-2.14.0+cu130
gpt2	torch-compile-ro	warm	1	130	2173.7			torch-2.14.0+cu130
gpt2	torch-compile-ro	warm	1	131	2198.0			torch-2.14.0+cu130
gpt2	torch-compile-ro	warm	1	132	2214.4			torch-2.14.0+cu130
gpt2	torch-compile-ro	warm	1	133	2142.2			torch-2.14.0+cu130
gpt2	torch-compile-ro	warm	1	134	2183.4			torch-2.14.0+cu130
gpt2	torch-compile-ro	warm	1	135	2178.0			torch-2.14.0+cu130
gpt2	torch-compile-ro	warm	1	136	2181.3			torch-2.14.0+cu130
gpt2	torch-compile-ro	warm	1	137	2162.2			torch-2.14.0+cu130
gpt2	torch-compile-ro	warm	1	138	2216.8			torch-2.14.0+cu130
gpt2	torch-compile-ro	warm	1	139	2183.7			torch-2.14.0+cu130
gpt2	torch-compile-ro	warm	1	140	2207.0			torch-2.14.0+cu130
gpt2	torch-compile-ro	warm	1	141	2186.1			torch-2.14.0+cu130
gpt2	torch-compile-ro	warm	1	142	2148.4			torch-2.14.0+cu130
gpt2	torch-compile-ro	warm	1	143	2186.3			torch-2.14.0+cu130
gpt2	torch-compile-ro	warm	1	144	2200.6			torch-2.14.0+cu130
gpt2	torch-compile-ro	warm	1	145	2175.6			torch-2.14.0+cu130
gpt2	torch-compile-ro	warm	1	146	2187.5			torch-2.14.0+cu130
gpt2	torch-compile-ro	warm	1	147	2184.4			torch-2.14.0+cu130
gpt2	torch-compile-ro	warm	1	148	2188.2			torch-2.14.0+cu130
gpt2	torch-compile-ro	warm	1	149	2210.9			torch-2.14.0+cu130
gpt2	torch-compile-ro	warm	1	150	2173.9			torch-2.14.0+cu130
gpt2	torch-compile-ro	warm	1	151	2187.7			torch-2.14.0+cu130
gpt2	torch-compile-ro	warm	1	152	2198.7			torch-2.14.0+cu130
gpt2	torch-compile-ro	warm	1	153	2187.5			torch-2.14.0+cu130
gpt2	torch-compile-ro	warm	1	154	2272.1			torch-2.14.0+cu130
gpt2	torch-compile-ro	warm	1	155	2188.7			torch-2.14.0+cu130
gpt2	torch-compile-ro	warm	1	156	2134.3			torch-2.14.0+cu130
gpt2	torch-compile-ro	warm	1	157	4783.9			torch-2.14.0+cu130
gpt2	torch-compile-ro	warm	1	158	2383.9			torch-2.14.0+cu130
gpt2	torch-compile-ro	warm	1	159	2359.4			torch-2.14.0+cu130
gpt2	torch-compile-ro	warm	1	160	2345.3			torch-2.14.0+cu130
gpt2	torch-compile-ro	warm	1	161	2298.1			torch-2.14.0+cu130
gpt2	torch-compile-ro	warm	1	162	2392.5			torch-2.14.0+cu130
gpt2	torch-compile-ro	warm	1	163	5444.3			torch-2.14.0+cu130
gpt2	torch-compile-ro	warm	1	164	2352.5			torch-2.14.0+cu130
gpt2	torch-compile-ro	warm	1	165	2375.8			torch-2.14.0+cu130
gpt2	torch-compile-ro	warm	1	166	2324.8			torch-2.14.0+cu130
gpt2	torch-compile-ro	warm	1	167	4677.5			torch-2.14.0+cu130
gpt2	torch-compile-ro	warm	1	168	2401.4			torch-2.14.0+cu130
gpt2	torch-compile-ro	warm	1	169	2361.1			torch-2.14.0+cu130
gpt2	torch-compile-ro	warm	1	170	2369.2			torch-2.14.0+cu130
gpt2	torch-compile-ro	warm	1	171	2284.3			torch-2.14.0+cu130
gpt2	torch-compile-ro	warm	1	172	2326.5			torch-2.14.0+cu130
gpt2	torch-compile-ro	warm	1	173	5428.6			torch-2.14.0+cu130
gpt2	torch-compile-ro	warm	1	174	2395.2			torch-2.14.0+cu130
gpt2	torch-compile-ro	warm	1	175	2327.7			torch-2.14.0+cu130
gpt2	torch-compile-ro	warm	1	176	2352.7			torch-2.14.0+cu130
gpt2	torch-compile-ro	warm	1	177	2282.9			torch-2.14.0+cu130
gpt2	torch-compile-ro	warm	1	178	4421.2			torch-2.14.0+cu130
gpt2	torch-compile-ro	warm	1	179	2423.3			torch-2.14.0+cu130
gpt2	torch-compile-ro	warm	1	180	2421.1			torch-2.14.0+cu130
gpt2	torch-compile-ro	warm	1	181	2315.0			torch-2.14.0+cu130
gpt2	torch-compile-ro	warm	1	182	2302.2			torch-2.14.0+cu130
gpt2	torch-compile-ro	warm	1	183	3515.2			torch-2.14.0+cu130
gpt2	torch-compile-ro	warm	1	184	2309.8			torch-2.14.0+cu130
gpt2	torch-compile-ro	warm	1	185	2284.0			torch-2.14.0+cu130
gpt2	torch-compile-ro	warm	1	186	2252.1			torch-2.14.0+cu130
gpt2	torch-compile-ro	warm	1	187	2258.5			torch-2.14.0+cu130
gpt2	torch-compile-ro	warm	1	188	3875.0			torch-2.14.0+cu130
gpt2	torch-compile-ro	warm	1	189	2382.5			torch-2.14.0+cu130
gpt2	torch-compile-ro	warm	1	190	2317.7			torch-2.14.0+cu130
gpt2	torch-compile-ro	warm	1	191	2287.6			torch-2.14.0+cu130
gpt2	torch-compile-ro	warm	1	192	4995.1			torch-2.14.0+cu130
gpt2	torch-compile-ro	warm	1	193	2397.5			torch-2.14.0+cu130
gpt2	torch-compile-ro	warm	1	194	2370.6			torch-2.14.0+cu130
gpt2	torch-compile-ro	warm	1	195	2277.4			torch-2.14.0+cu130
gpt2	torch-compile-ro	warm	1	196	2350.8			torch-2.14.0+cu130
gpt2	torch-compile-ro	warm	1	197	2289.3			torch-2.14.0+cu130
gpt2	torch-compile-ro	warm	1	198	5354.2			torch-2.14.0+cu130
gpt2	torch-compile-ro	warm	1	199	2374.9			torch-2.14.0+cu130
gpt2	torch-compile-ro	warm	1	200	2389.7			torch-2.14.0+cu130
gpt2	torch-compile-ro	warm	1	201	2350.6			torch-2.14.0+cu130
gpt2	torch-compile-ro	warm	1	202	3806.1			torch-2.14.0+cu130
gpt2	torch-compile-ro	warm	1	203	2365.8			torch-2.14.0+cu130
gpt2	torch-compile-ro	warm	1	204	2334.6			torch-2.14.0+cu130
gpt2	torch-compile-ro	warm	1	205	2347.7			torch-2.14.0+cu130
gpt2	torch-compile-ro	warm	1	206	2267.8			torch-2.14.0+cu130
gpt2	torch-compile-ro	warm	1	207	2436.4			torch-2.14.0+cu130
gpt2	torch-compile-ro	warm	1	208	2434.0			torch-2.14.0+cu130
gpt2	torch-compile-ro	warm	1	209	2427.8			torch-2.14.0+cu130
gpt2	torch-compile-ro	warm	1	210	2466.0			torch-2.14.0+cu130
gpt2	torch-compile-ro	warm	1	211	2363.0			torch-2.14.0+cu130
gpt2	torch-compile-ro	warm	1	212	2361.5			torch-2.14.0+cu130
gpt2	torch-compile-ro	warm	1	213	2397.5			torch-2.14.0+cu130
gpt2	torch-compile-ro	warm	1	214	2335.1			torch-2.14.0+cu130
gpt2	torch-compile-ro	warm	1	215	2394.0			torch-2.14.0+cu130
gpt2	torch-compile-ro	warm	1	216	2380.6			torch-2.14.0+cu130
gpt2	torch-compile-ro	warm	1	217	2361.3			torch-2.14.0+cu130
gpt2	torch-compile-ro	warm	1	218	2349.4			torch-2.14.0+cu130
gpt2	torch-compile-ro	warm	1	219	2360.8			torch-2.14.0+cu130
gpt2	torch-compile-ro	warm	1	220	2463.8			torch-2.14.0+cu130
gpt2	torch-compile-ro	warm	1	221	2437.4			torch-2.14.0+cu130
gpt2	torch-compile-ro	warm	1	222	2429.0			torch-2.14.0+cu130
gpt2	torch-compile-ro	warm	1	223	2425.0			torch-2.14.0+cu130
gpt2	torch-compile-ro	warm	1	224	2450.9			torch-2.14.0+cu130
gpt2	torch-compile-ro	warm	1	225	2517.9			torch-2.14.0+cu130
gpt2	torch-compile-ro	warm	1	226	2454.3			torch-2.14.0+cu130
gpt2	torch-compile-ro	warm	1	227	2596.4			torch-2.14.0+cu130
gpt2	torch-compile-ro	warm	1	228	2476.2			torch-2.14.0+cu130
gpt2	torch-compile-ro	warm	1	229	2507.2			torch-2.14.0+cu130
gpt2	torch-compile-ro	warm	1	230	2459.0			torch-2.14.0+cu130
gpt2	torch-compile-ro	warm	1	231	2436.4			torch-2.14.0+cu130
gpt2	torch-compile-ro	warm	1	232	2511.3			torch-2.14.0+cu130
gpt2	torch-compile-ro	warm	1	233	2426.9			torch-2.14.0+cu130
gpt2	torch-compile-ro	warm	1	234	2493.6			torch-2.14.0+cu130
gpt2	torch-compile-ro	warm	1	235	2446.2			torch-2.14.0+cu130
gpt2	torch-compile-ro	warm	1	236	2440.9			torch-2.14.0+cu130
gpt2	torch-compile-ro	warm	1	237	2469.1			torch-2.14.0+cu130
gpt2	torch-compile-ro	warm	1	238	2402.8			torch-2.14.0+cu130
gpt2	torch-compile-ro	warm	1	239	2459.3			torch-2.14.0+cu130
gpt2	torch-compile-ro	warm	1	240	2427.1			torch-2.14.0+cu130
gpt2	torch-compile-ro	warm	1	241	2423.5			torch-2.14.0+cu130
gpt2	torch-compile-ro	warm	1	242	2455.0			torch-2.14.0+cu130
gpt2	torch-compile-ro	warm	1	243	2391.1			torch-2.14.0+cu130
gpt2	torch-compile-ro	warm	1	244	2452.1			torch-2.14.0+cu130
gpt2	torch-compile-ro	warm	1	245	2379.2			torch-2.14.0+cu130
gpt2	torch-compile-ro	warm	1	246	2434.5			torch-2.14.0+cu130
gpt2	torch-compile-ro	warm	1	247	2486.2			torch-2.14.0+cu130
gpt2	torch-compile-ro	warm	1	248	2426.1			torch-2.14.0+cu130
gpt2	torch-compile-ro	warm	1	249	2518.7			torch-2.14.0+cu130
gpt2	torch-compile-ro	warm	1	250	2415.2			torch-2.14.0+cu130
gpt2	torch-compile-ro	warm	1	251	2460.7			torch-2.14.0+cu130
gpt2	torch-compile-ro	warm	1	252	2417.6			torch-2.14.0+cu130
gpt2	torch-compile-ro	warm	1	253	2423.0			torch-2.14.0+cu130
gpt2	torch-compile-ro	warm	1	254	2467.6			torch-2.14.0+cu130
gpt2	torch-compile-ro	warm	1	255	2386.6			torch-2.14.0+cu130
gpt2	torch-compile-ro	warm	1	256	2500.1			torch-2.14.0+cu130
gpt2	torch-compile-ro	warm	1	257	2444.0			torch-2.14.0+cu130
gpt2	torch-compile-ro	warm	1	258	2455.0			torch-2.14.0+cu130
gpt2	torch-compile-ro	warm	1	259	2427.3			torch-2.14.0+cu130
gpt2	torch-compile-ro	warm	1	260	2350.1			torch-2.14.0+cu130
gpt2	torch-compile-ro	warm	1	261	2407.6			torch-2.14.0+cu130
gpt2	torch-compile-ro	warm	1	262	2534.9			torch-2.14.0+cu130
gpt2	torch-compile-ro	warm	1	263	2458.3			torch-2.14.0+cu130
gpt2	torch-compile-ro	warm	1	264	2438.8			torch-2.14.0+cu130
gpt2	torch-compile-ro	warm	1	265	2474.5			torch-2.14.0+cu130
gpt2	torch-compile-ro	warm	1	266	2440.9			torch-2.14.0+cu130
gpt2	torch-compile-ro	warm	1	267	2434.5			torch-2.14.0+cu130
gpt2	torch-compile-ro	warm	1	268	2465.0			torch-2.14.0+cu130
gpt2	torch-compile-ro	warm	1	269	2442.6			torch-2.14.0+cu130
gpt2	torch-compile-ro	warm	1	270	2431.2			torch-2.14.0+cu130
gpt2	torch-compile-ro	warm	1	271	2394.9			torch-2.14.0+cu130
gpt2	torch-compile-ro	warm	1	272	2373.0			torch-2.14.0+cu130
gpt2	torch-compile-ro	warm	1	273	2374.9			torch-2.14.0+cu130
gpt2	torch-compile-ro	warm	1	274	2345.8			torch-2.14.0+cu130
gpt2	torch-compile-ro	warm	1	275	2364.6			torch-2.14.0+cu130
gpt2	torch-compile-ro	warm	1	276	2366.1			torch-2.14.0+cu130
gpt2	torch-compile-ro	warm	1	277	2383.9			torch-2.14.0+cu130
gpt2	torch-compile-ro	warm	1	278	2394.0			torch-2.14.0+cu130
gpt2	torch-compile-ro	warm	1	279	2343.7			torch-2.14.0+cu130
gpt2	torch-compile-ro	warm	1	280	2345.3			torch-2.14.0+cu130
gpt2	torch-compile-ro	warm	1	281	2354.4			torch-2.14.0+cu130
gpt2	torch-compile-ro	warm	1	282	2338.9			torch-2.14.0+cu130
gpt2	torch-compile-ro	warm	1	283	2336.3			torch-2.14.0+cu130
gpt2	torch-compile-ro	warm	1	284	2332.4			torch-2.14.0+cu130
gpt2	torch-compile-ro	warm	1	285	2372.5			torch-2.14.0+cu130
gpt2	torch-compile-ro	warm	1	286	2375.8			torch-2.14.0+cu130
gpt2	torch-compile-ro	warm	1	287	2360.1			torch-2.14.0+cu130
gpt2	torch-compile-ro	warm	1	288	2366.3			torch-2.14.0+cu130
gpt2	torch-compile-ro	warm	1	289	2329.1			torch-2.14.0+cu130
gpt2	torch-compile-ro	warm	1	290	2409.5			torch-2.14.0+cu130
gpt2	torch-compile-ro	warm	1	291	2379.7			torch-2.14.0+cu130
gpt2	torch-compile-ro	warm	1	292	2403.0			torch-2.14.0+cu130
gpt2	torch-compile-ro	warm	1	293	2409.0			torch-2.14.0+cu130
gpt2	torch-compile-ro	warm	1	294	2369.6			torch-2.14.0+cu130
gpt2	torch-compile-ro	warm	1	295	2387.3			torch-2.14.0+cu130
gpt2	torch-compile-ro	warm	1	296	2347.9			torch-2.14.0+cu130
gpt2	torch-compile-ro	warm	1	297	2379.4			torch-2.14.0+cu130
gpt2	torch-compile-ro	warm	1	298	2372.5			torch-2.14.0+cu130
gpt2	torch-compile-ro	warm	1	299	2306.0			torch-2.14.0+cu130
gpt2	jax	warm	1	0	56068.4			jax-0.11.1
gpt2	jax	warm	1	1	2471.6			jax-0.11.1
gpt2	jax	warm	1	2	2257.3			jax-0.11.1
gpt2	jax	warm	1	3	2002.8			jax-0.11.1
gpt2	jax	warm	1	4	2045.2			jax-0.11.1
gpt2	jax	warm	1	5	1985.5			jax-0.11.1
gpt2	jax	warm	1	6	1992.7			jax-0.11.1
gpt2	jax	warm	1	7	1982.3			jax-0.11.1
gpt2	jax	warm	1	8	1982.2			jax-0.11.1
gpt2	jax	warm	1	9	1968.0			jax-0.11.1
gpt2	jax	warm	1	10	1989.2			jax-0.11.1
gpt2	jax	warm	1	11	2018.1			jax-0.11.1
gpt2	jax	warm	1	12	1997.4			jax-0.11.1
gpt2	jax	warm	1	13	1977.8			jax-0.11.1
gpt2	jax	warm	1	14	1970.4			jax-0.11.1
gpt2	jax	warm	1	15	2086.4			jax-0.11.1
gpt2	jax	warm	1	16	2027.6			jax-0.11.1
gpt2	jax	warm	1	17	2001.1			jax-0.11.1
gpt2	jax	warm	1	18	1969.2			jax-0.11.1
gpt2	jax	warm	1	19	2003.7			jax-0.11.1
gpt2	jax	warm	1	20	1962.0			jax-0.11.1
gpt2	jax	warm	1	21	1995.5			jax-0.11.1
gpt2	jax	warm	1	22	1999.9			jax-0.11.1
gpt2	jax	warm	1	23	1992.0			jax-0.11.1
gpt2	jax	warm	1	24	1986.5			jax-0.11.1
gpt2	jax	warm	1	25	1974.8			jax-0.11.1
gpt2	jax	warm	1	26	2014.8			jax-0.11.1
gpt2	jax	warm	1	27	2039.9			jax-0.11.1
gpt2	jax	warm	1	28	2031.9			jax-0.11.1
gpt2	jax	warm	1	29	1967.9			jax-0.11.1
gpt2	jax	warm	1	30	1967.4			jax-0.11.1
gpt2	jax	warm	1	31	1993.7			jax-0.11.1
gpt2	jax	warm	1	32	1998.0			jax-0.11.1
gpt2	jax	warm	1	33	1982.3			jax-0.11.1
gpt2	jax	warm	1	34	1950.7			jax-0.11.1
gpt2	jax	warm	1	35	1987.1			jax-0.11.1
gpt2	jax	warm	1	36	2024.0			jax-0.11.1
gpt2	jax	warm	1	37	1979.4			jax-0.11.1
gpt2	jax	warm	1	38	1992.5			jax-0.11.1
gpt2	jax	warm	1	39	1989.6			jax-0.11.1
gpt2	jax	warm	1	40	2022.2			jax-0.11.1
gpt2	jax	warm	1	41	1996.2			jax-0.11.1
gpt2	jax	warm	1	42	2102.3			jax-0.11.1
gpt2	jax	warm	1	43	2049.3			jax-0.11.1
gpt2	jax	warm	1	44	2049.1			jax-0.11.1
gpt2	jax	warm	1	45	2018.8			jax-0.11.1
gpt2	jax	warm	1	46	2029.4			jax-0.11.1
gpt2	jax	warm	1	47	2061.5			jax-0.11.1
gpt2	jax	warm	1	48	2021.3			jax-0.11.1
gpt2	jax	warm	1	49	2028.5			jax-0.11.1
gpt2	jax	warm	1	50	2077.4			jax-0.11.1
gpt2	jax	warm	1	51	2082.5			jax-0.11.1
gpt2	jax	warm	1	52	2054.4			jax-0.11.1
gpt2	jax	warm	1	53	2019.5			jax-0.11.1
gpt2	jax	warm	1	54	2020.8			jax-0.11.1
gpt2	jax	warm	1	55	2013.8			jax-0.11.1
gpt2	jax	warm	1	56	1997.7			jax-0.11.1
gpt2	jax	warm	1	57	2043.6			jax-0.11.1
gpt2	jax	warm	1	58	2017.9			jax-0.11.1
gpt2	jax	warm	1	59	1986.3			jax-0.11.1
gpt2	jax	warm	1	60	2021.1			jax-0.11.1
gpt2	jax	warm	1	61	2059.7			jax-0.11.1
gpt2	jax	warm	1	62	2065.9			jax-0.11.1
gpt2	jax	warm	1	63	2042.3			jax-0.11.1
gpt2	jax	warm	1	64	2048.7			jax-0.11.1
gpt2	jax	warm	1	65	2037.1			jax-0.11.1
gpt2	jax	warm	1	66	2045.0			jax-0.11.1
gpt2	jax	warm	1	67	2030.8			jax-0.11.1
gpt2	jax	warm	1	68	2039.8			jax-0.11.1
gpt2	jax	warm	1	69	2033.4			jax-0.11.1
gpt2	jax	warm	1	70	2035.1			jax-0.11.1
gpt2	jax	warm	1	71	2037.1			jax-0.11.1
gpt2	jax	warm	1	72	2106.9			jax-0.11.1
gpt2	jax	warm	1	73	2108.1			jax-0.11.1
gpt2	jax	warm	1	74	2090.8			jax-0.11.1
gpt2	jax	warm	1	75	2065.3			jax-0.11.1
gpt2	jax	warm	1	76	2059.9			jax-0.11.1
gpt2	jax	warm	1	77	2063.2			jax-0.11.1
gpt2	jax	warm	1	78	2080.9			jax-0.11.1
gpt2	jax	warm	1	79	2098.8			jax-0.11.1
gpt2	jax	warm	1	80	2025.0			jax-0.11.1
gpt2	jax	warm	1	81	2008.5			jax-0.11.1
gpt2	jax	warm	1	82	1991.0			jax-0.11.1
gpt2	jax	warm	1	83	2021.1			jax-0.11.1
gpt2	jax	warm	1	84	2025.7			jax-0.11.1
gpt2	jax	warm	1	85	2002.7			jax-0.11.1
gpt2	jax	warm	1	86	1995.6			jax-0.11.1
gpt2	jax	warm	1	87	1985.3			jax-0.11.1
gpt2	jax	warm	1	88	2004.1			jax-0.11.1
gpt2	jax	warm	1	89	2019.0			jax-0.11.1
gpt2	jax	warm	1	90	2005.3			jax-0.11.1
gpt2	jax	warm	1	91	1997.8			jax-0.11.1
gpt2	jax	warm	1	92	1981.4			jax-0.11.1
gpt2	jax	warm	1	93	1993.2			jax-0.11.1
gpt2	jax	warm	1	94	1992.9			jax-0.11.1
gpt2	jax	warm	1	95	2016.9			jax-0.11.1
gpt2	jax	warm	1	96	2022.3			jax-0.11.1
gpt2	jax	warm	1	97	1982.6			jax-0.11.1
gpt2	jax	warm	1	98	1982.4			jax-0.11.1
gpt2	jax	warm	1	99	1967.1			jax-0.11.1
gpt2	jax	warm	1	100	1981.7			jax-0.11.1
gpt2	jax	warm	1	101	1975.4			jax-0.11.1
gpt2	jax	warm	1	102	1969.9			jax-0.11.1
gpt2	jax	warm	1	103	1971.4			jax-0.11.1
gpt2	jax	warm	1	104	1958.6			jax-0.11.1
gpt2	jax	warm	1	105	1975.7			jax-0.11.1
gpt2	jax	warm	1	106	1981.5			jax-0.11.1
gpt2	jax	warm	1	107	2009.5			jax-0.11.1
gpt2	jax	warm	1	108	1985.2			jax-0.11.1
gpt2	jax	warm	1	109	1975.6			jax-0.11.1
gpt2	jax	warm	1	110	1979.3			jax-0.11.1
gpt2	jax	warm	1	111	1984.8			jax-0.11.1
gpt2	jax	warm	1	112	1976.9			jax-0.11.1
gpt2	jax	warm	1	113	1976.7			jax-0.11.1
gpt2	jax	warm	1	114	1978.7			jax-0.11.1
gpt2	jax	warm	1	115	1985.1			jax-0.11.1
gpt2	jax	warm	1	116	1976.4			jax-0.11.1
gpt2	jax	warm	1	117	2016.6			jax-0.11.1
gpt2	jax	warm	1	118	2017.3			jax-0.11.1
gpt2	jax	warm	1	119	1995.5			jax-0.11.1
gpt2	jax	warm	1	120	2008.4			jax-0.11.1
gpt2	jax	warm	1	121	1986.0			jax-0.11.1
gpt2	jax	warm	1	122	1996.9			jax-0.11.1
gpt2	jax	warm	1	123	1993.0			jax-0.11.1
gpt2	jax	warm	1	124	2106.0			jax-0.11.1
gpt2	jax	warm	1	125	1955.3			jax-0.11.1
gpt2	jax	warm	1	126	2007.2			jax-0.11.1
gpt2	jax	warm	1	127	1996.8			jax-0.11.1
gpt2	jax	warm	1	128	2004.2			jax-0.11.1
gpt2	jax	warm	1	129	2049.0			jax-0.11.1
gpt2	jax	warm	1	130	1963.8			jax-0.11.1
gpt2	jax	warm	1	131	1986.7			jax-0.11.1
gpt2	jax	warm	1	132	1970.4			jax-0.11.1
gpt2	jax	warm	1	133	1971.6			jax-0.11.1
gpt2	jax	warm	1	134	1973.7			jax-0.11.1
gpt2	jax	warm	1	135	1967.1			jax-0.11.1
gpt2	jax	warm	1	136	1967.2			jax-0.11.1
gpt2	jax	warm	1	137	1960.9			jax-0.11.1
gpt2	jax	warm	1	138	1968.6			jax-0.11.1
gpt2	jax	warm	1	139	1964.1			jax-0.11.1
gpt2	jax	warm	1	140	1933.2			jax-0.11.1
gpt2	jax	warm	1	141	1989.9			jax-0.11.1
gpt2	jax	warm	1	142	1977.9			jax-0.11.1
gpt2	jax	warm	1	143	1969.7			jax-0.11.1
gpt2	jax	warm	1	144	1994.4			jax-0.11.1
gpt2	jax	warm	1	145	1980.2			jax-0.11.1
gpt2	jax	warm	1	146	1981.7			jax-0.11.1
gpt2	jax	warm	1	147	1983.3			jax-0.11.1
gpt2	jax	warm	1	148	1981.7			jax-0.11.1
gpt2	jax	warm	1	149	2041.3			jax-0.11.1
gpt2	jax	warm	1	150	2012.3			jax-0.11.1
gpt2	jax	warm	1	151	1980.9			jax-0.11.1
gpt2	jax	warm	1	152	1977.2			jax-0.11.1
gpt2	jax	warm	1	153	1983.4			jax-0.11.1
gpt2	jax	warm	1	154	1981.6			jax-0.11.1
gpt2	jax	warm	1	155	1991.0			jax-0.11.1
gpt2	jax	warm	1	156	2022.1			jax-0.11.1
gpt2	jax	warm	1	157	2036.5			jax-0.11.1
gpt2	jax	warm	1	158	1994.8			jax-0.11.1
gpt2	jax	warm	1	159	1982.5			jax-0.11.1
gpt2	jax	warm	1	160	2010.3			jax-0.11.1
gpt2	jax	warm	1	161	2020.4			jax-0.11.1
gpt2	jax	warm	1	162	2004.5			jax-0.11.1
gpt2	jax	warm	1	163	2012.9			jax-0.11.1
gpt2	jax	warm	1	164	1990.7			jax-0.11.1
gpt2	jax	warm	1	165	1976.1			jax-0.11.1
gpt2	jax	warm	1	166	1980.5			jax-0.11.1
gpt2	jax	warm	1	167	1973.6			jax-0.11.1
gpt2	jax	warm	1	168	1980.1			jax-0.11.1
gpt2	jax	warm	1	169	1966.0			jax-0.11.1
gpt2	jax	warm	1	170	1978.3			jax-0.11.1
gpt2	jax	warm	1	171	1978.0			jax-0.11.1
gpt2	jax	warm	1	172	2001.3			jax-0.11.1
gpt2	jax	warm	1	173	2029.3			jax-0.11.1
gpt2	jax	warm	1	174	1994.9			jax-0.11.1
gpt2	jax	warm	1	175	1979.5			jax-0.11.1
gpt2	jax	warm	1	176	1986.9			jax-0.11.1
gpt2	jax	warm	1	177	1943.3			jax-0.11.1
gpt2	jax	warm	1	178	1984.0			jax-0.11.1
gpt2	jax	warm	1	179	1967.6			jax-0.11.1
gpt2	jax	warm	1	180	1971.3			jax-0.11.1
gpt2	jax	warm	1	181	1969.7			jax-0.11.1
gpt2	jax	warm	1	182	2059.0			jax-0.11.1
gpt2	jax	warm	1	183	2010.9			jax-0.11.1
gpt2	jax	warm	1	184	2016.3			jax-0.11.1
gpt2	jax	warm	1	185	2019.2			jax-0.11.1
gpt2	jax	warm	1	186	2007.4			jax-0.11.1
gpt2	jax	warm	1	187	2005.5			jax-0.11.1
gpt2	jax	warm	1	188	2010.2			jax-0.11.1
gpt2	jax	warm	1	189	1979.8			jax-0.11.1
gpt2	jax	warm	1	190	1963.2			jax-0.11.1
gpt2	jax	warm	1	191	1962.1			jax-0.11.1
gpt2	jax	warm	1	192	1996.9			jax-0.11.1
gpt2	jax	warm	1	193	1984.6			jax-0.11.1
gpt2	jax	warm	1	194	1980.7			jax-0.11.1
gpt2	jax	warm	1	195	1996.0			jax-0.11.1
gpt2	jax	warm	1	196	1994.1			jax-0.11.1
gpt2	jax	warm	1	197	2049.0			jax-0.11.1
gpt2	jax	warm	1	198	1996.1			jax-0.11.1
gpt2	jax	warm	1	199	2004.6			jax-0.11.1
gpt2	jax	warm	1	200	2003.1			jax-0.11.1
gpt2	jax	warm	1	201	2000.1			jax-0.11.1
gpt2	jax	warm	1	202	1993.1			jax-0.11.1
gpt2	jax	warm	1	203	1977.0			jax-0.11.1
gpt2	jax	warm	1	204	1980.9			jax-0.11.1
gpt2	jax	warm	1	205	1985.2			jax-0.11.1
gpt2	jax	warm	1	206	2032.5			jax-0.11.1
gpt2	jax	warm	1	207	2003.0			jax-0.11.1
gpt2	jax	warm	1	208	2044.4			jax-0.11.1
gpt2	jax	warm	1	209	2038.5			jax-0.11.1
gpt2	jax	warm	1	210	2052.0			jax-0.11.1
gpt2	jax	warm	1	211	2015.2			jax-0.11.1
gpt2	jax	warm	1	212	2038.2			jax-0.11.1
gpt2	jax	warm	1	213	2004.4			jax-0.11.1
gpt2	jax	warm	1	214	2000.0			jax-0.11.1
gpt2	jax	warm	1	215	2001.5			jax-0.11.1
gpt2	jax	warm	1	216	1969.0			jax-0.11.1
gpt2	jax	warm	1	217	1994.9			jax-0.11.1
gpt2	jax	warm	1	218	2001.8			jax-0.11.1
gpt2	jax	warm	1	219	1984.6			jax-0.11.1
gpt2	jax	warm	1	220	1985.7			jax-0.11.1
gpt2	jax	warm	1	221	2024.2			jax-0.11.1
gpt2	jax	warm	1	222	2036.3			jax-0.11.1
gpt2	jax	warm	1	223	1994.0			jax-0.11.1
gpt2	jax	warm	1	224	2013.2			jax-0.11.1
gpt2	jax	warm	1	225	2015.1			jax-0.11.1
gpt2	jax	warm	1	226	2002.4			jax-0.11.1
gpt2	jax	warm	1	227	1989.6			jax-0.11.1
gpt2	jax	warm	1	228	2009.7			jax-0.11.1
gpt2	jax	warm	1	229	2001.0			jax-0.11.1
gpt2	jax	warm	1	230	1998.3			jax-0.11.1
gpt2	jax	warm	1	231	1980.2			jax-0.11.1
gpt2	jax	warm	1	232	2021.2			jax-0.11.1
gpt2	jax	warm	1	233	2029.9			jax-0.11.1
gpt2	jax	warm	1	234	2003.2			jax-0.11.1
gpt2	jax	warm	1	235	2013.3			jax-0.11.1
gpt2	jax	warm	1	236	2000.4			jax-0.11.1
gpt2	jax	warm	1	237	2005.3			jax-0.11.1
gpt2	jax	warm	1	238	2010.4			jax-0.11.1
gpt2	jax	warm	1	239	1977.7			jax-0.11.1
gpt2	jax	warm	1	240	1996.6			jax-0.11.1
gpt2	jax	warm	1	241	1984.7			jax-0.11.1
gpt2	jax	warm	1	242	2007.1			jax-0.11.1
gpt2	jax	warm	1	243	1981.5			jax-0.11.1
gpt2	jax	warm	1	244	2019.1			jax-0.11.1
gpt2	jax	warm	1	245	2005.1			jax-0.11.1
gpt2	jax	warm	1	246	2048.3			jax-0.11.1
gpt2	jax	warm	1	247	2002.5			jax-0.11.1
gpt2	jax	warm	1	248	1991.3			jax-0.11.1
gpt2	jax	warm	1	249	2001.5			jax-0.11.1
gpt2	jax	warm	1	250	2020.1			jax-0.11.1
gpt2	jax	warm	1	251	1998.0			jax-0.11.1
gpt2	jax	warm	1	252	2005.6			jax-0.11.1
gpt2	jax	warm	1	253	1988.4			jax-0.11.1
gpt2	jax	warm	1	254	1996.8			jax-0.11.1
gpt2	jax	warm	1	255	1987.6			jax-0.11.1
gpt2	jax	warm	1	256	1998.2			jax-0.11.1
gpt2	jax	warm	1	257	2013.5			jax-0.11.1
gpt2	jax	warm	1	258	2041.6			jax-0.11.1
gpt2	jax	warm	1	259	1961.4			jax-0.11.1
gpt2	jax	warm	1	260	2023.1			jax-0.11.1
gpt2	jax	warm	1	261	2037.3			jax-0.11.1
gpt2	jax	warm	1	262	1966.0			jax-0.11.1
gpt2	jax	warm	1	263	1953.0			jax-0.11.1
gpt2	jax	warm	1	264	2002.7			jax-0.11.1
gpt2	jax	warm	1	265	1982.9			jax-0.11.1
gpt2	jax	warm	1	266	1994.0			jax-0.11.1
gpt2	jax	warm	1	267	1977.9			jax-0.11.1
gpt2	jax	warm	1	268	2006.3			jax-0.11.1
gpt2	jax	warm	1	269	2034.0			jax-0.11.1
gpt2	jax	warm	1	270	1973.7			jax-0.11.1
gpt2	jax	warm	1	271	2003.9			jax-0.11.1
gpt2	jax	warm	1	272	2005.3			jax-0.11.1
gpt2	jax	warm	1	273	2033.8			jax-0.11.1
gpt2	jax	warm	1	274	1958.9			jax-0.11.1
gpt2	jax	warm	1	275	1992.3			jax-0.11.1
gpt2	jax	warm	1	276	2002.8			jax-0.11.1
gpt2	jax	warm	1	277	2006.2			jax-0.11.1
gpt2	jax	warm	1	278	1938.6			jax-0.11.1
gpt2	jax	warm	1	279	1978.5			jax-0.11.1
gpt2	jax	warm	1	280	2032.2			jax-0.11.1
gpt2	jax	warm	1	281	2012.4			jax-0.11.1
gpt2	jax	warm	1	282	2014.6			jax-0.11.1
gpt2	jax	warm	1	283	1962.5			jax-0.11.1
gpt2	jax	warm	1	284	2002.9			jax-0.11.1
gpt2	jax	warm	1	285	1991.9			jax-0.11.1
gpt2	jax	warm	1	286	2009.9			jax-0.11.1
gpt2	jax	warm	1	287	1991.0			jax-0.11.1
gpt2	jax	warm	1	288	2005.5			jax-0.11.1
gpt2	jax	warm	1	289	1991.5			jax-0.11.1
gpt2	jax	warm	1	290	1959.9			jax-0.11.1
gpt2	jax	warm	1	291	1996.2			jax-0.11.1
gpt2	jax	warm	1	292	2027.7			jax-0.11.1
gpt2	jax	warm	1	293	2045.9			jax-0.11.1
gpt2	jax	warm	1	294	1976.0			jax-0.11.1
gpt2	jax	warm	1	295	1999.1			jax-0.11.1
gpt2	jax	warm	1	296	1955.0			jax-0.11.1
gpt2	jax	warm	1	297	1995.5			jax-0.11.1
gpt2	jax	warm	1	298	1973.8			jax-0.11.1
gpt2	jax	warm	1	299	1972.0			jax-0.11.1
gpt2	torch-eager	warm	2	0	149445.8			torch-2.14.0+cu130
gpt2	torch-eager	warm	2	1	6304.7			torch-2.14.0+cu130
gpt2	torch-eager	warm	2	2	6132.4			torch-2.14.0+cu130
gpt2	torch-eager	warm	2	3	6032.2			torch-2.14.0+cu130
gpt2	torch-eager	warm	2	4	5983.1			torch-2.14.0+cu130
gpt2	torch-eager	warm	2	5	5927.1			torch-2.14.0+cu130
gpt2	torch-eager	warm	2	6	5968.3			torch-2.14.0+cu130
gpt2	torch-eager	warm	2	7	5942.1			torch-2.14.0+cu130
gpt2	torch-eager	warm	2	8	5936.6			torch-2.14.0+cu130
gpt2	torch-eager	warm	2	9	5934.0			torch-2.14.0+cu130
gpt2	torch-eager	warm	2	10	5890.4			torch-2.14.0+cu130
gpt2	torch-eager	warm	2	11	5985.7			torch-2.14.0+cu130
gpt2	torch-eager	warm	2	12	5983.8			torch-2.14.0+cu130
gpt2	torch-eager	warm	2	13	5950.2			torch-2.14.0+cu130
gpt2	torch-eager	warm	2	14	5975.5			torch-2.14.0+cu130
gpt2	torch-eager	warm	2	15	5951.4			torch-2.14.0+cu130
gpt2	torch-eager	warm	2	16	5902.1			torch-2.14.0+cu130
gpt2	torch-eager	warm	2	17	5961.2			torch-2.14.0+cu130
gpt2	torch-eager	warm	2	18	5892.8			torch-2.14.0+cu130
gpt2	torch-eager	warm	2	19	5966.9			torch-2.14.0+cu130
gpt2	torch-eager	warm	2	20	5868.7			torch-2.14.0+cu130
gpt2	torch-eager	warm	2	21	6015.3			torch-2.14.0+cu130
gpt2	torch-eager	warm	2	22	5855.3			torch-2.14.0+cu130
gpt2	torch-eager	warm	2	23	5893.2			torch-2.14.0+cu130
gpt2	torch-eager	warm	2	24	5899.9			torch-2.14.0+cu130
gpt2	torch-eager	warm	2	25	5878.7			torch-2.14.0+cu130
gpt2	torch-eager	warm	2	26	5923.3			torch-2.14.0+cu130
gpt2	torch-eager	warm	2	27	5865.8			torch-2.14.0+cu130
gpt2	torch-eager	warm	2	28	5961.2			torch-2.14.0+cu130
gpt2	torch-eager	warm	2	29	5841.7			torch-2.14.0+cu130
gpt2	torch-eager	warm	2	30	5853.7			torch-2.14.0+cu130
gpt2	torch-eager	warm	2	31	5876.8			torch-2.14.0+cu130
gpt2	torch-eager	warm	2	32	5849.4			torch-2.14.0+cu130
gpt2	torch-eager	warm	2	33	5885.1			torch-2.14.0+cu130
gpt2	torch-eager	warm	2	34	6147.1			torch-2.14.0+cu130
gpt2	torch-eager	warm	2	35	5991.5			torch-2.14.0+cu130
gpt2	torch-eager	warm	2	36	5967.6			torch-2.14.0+cu130
gpt2	torch-eager	warm	2	37	5929.9			torch-2.14.0+cu130
gpt2	torch-eager	warm	2	38	5930.7			torch-2.14.0+cu130
gpt2	torch-eager	warm	2	39	5898.5			torch-2.14.0+cu130
gpt2	torch-eager	warm	2	40	5993.8			torch-2.14.0+cu130
gpt2	torch-eager	warm	2	41	6042.2			torch-2.14.0+cu130
gpt2	torch-eager	warm	2	42	6027.9			torch-2.14.0+cu130
gpt2	torch-eager	warm	2	43	5934.5			torch-2.14.0+cu130
gpt2	torch-eager	warm	2	44	5886.1			torch-2.14.0+cu130
gpt2	torch-eager	warm	2	45	5948.3			torch-2.14.0+cu130
gpt2	torch-eager	warm	2	46	5870.1			torch-2.14.0+cu130
gpt2	torch-eager	warm	2	47	5934.7			torch-2.14.0+cu130
gpt2	torch-eager	warm	2	48	5905.2			torch-2.14.0+cu130
gpt2	torch-eager	warm	2	49	5887.5			torch-2.14.0+cu130
gpt2	torch-eager	warm	2	50	5872.7			torch-2.14.0+cu130
gpt2	torch-eager	warm	2	51	5845.5			torch-2.14.0+cu130
gpt2	torch-eager	warm	2	52	6038.7			torch-2.14.0+cu130
gpt2	torch-eager	warm	2	53	5898.0			torch-2.14.0+cu130
gpt2	torch-eager	warm	2	54	5882.0			torch-2.14.0+cu130
gpt2	torch-eager	warm	2	55	5881.5			torch-2.14.0+cu130
gpt2	torch-eager	warm	2	56	6019.8			torch-2.14.0+cu130
gpt2	torch-eager	warm	2	57	5891.3			torch-2.14.0+cu130
gpt2	torch-eager	warm	2	58	6002.9			torch-2.14.0+cu130
gpt2	torch-eager	warm	2	59	5954.3			torch-2.14.0+cu130
gpt2	torch-eager	warm	2	60	5980.5			torch-2.14.0+cu130
gpt2	torch-eager	warm	2	61	5888.5			torch-2.14.0+cu130
gpt2	torch-eager	warm	2	62	5977.9			torch-2.14.0+cu130
gpt2	torch-eager	warm	2	63	5877.5			torch-2.14.0+cu130
gpt2	torch-eager	warm	2	64	5875.6			torch-2.14.0+cu130
gpt2	torch-eager	warm	2	65	5914.4			torch-2.14.0+cu130
gpt2	torch-eager	warm	2	66	5896.6			torch-2.14.0+cu130
gpt2	torch-eager	warm	2	67	5918.0			torch-2.14.0+cu130
gpt2	torch-eager	warm	2	68	5903.0			torch-2.14.0+cu130
gpt2	torch-eager	warm	2	69	5916.4			torch-2.14.0+cu130
gpt2	torch-eager	warm	2	70	5985.3			torch-2.14.0+cu130
gpt2	torch-eager	warm	2	71	5975.7			torch-2.14.0+cu130
gpt2	torch-eager	warm	2	72	5850.1			torch-2.14.0+cu130
gpt2	torch-eager	warm	2	73	5983.4			torch-2.14.0+cu130
gpt2	torch-eager	warm	2	74	5859.9			torch-2.14.0+cu130
gpt2	torch-eager	warm	2	75	5997.2			torch-2.14.0+cu130
gpt2	torch-eager	warm	2	76	5946.4			torch-2.14.0+cu130
gpt2	torch-eager	warm	2	77	5810.7			torch-2.14.0+cu130
gpt2	torch-eager	warm	2	78	5894.7			torch-2.14.0+cu130
gpt2	torch-eager	warm	2	79	5946.6			torch-2.14.0+cu130
gpt2	torch-eager	warm	2	80	5914.7			torch-2.14.0+cu130
gpt2	torch-eager	warm	2	81	5887.3			torch-2.14.0+cu130
gpt2	torch-eager	warm	2	82	5922.8			torch-2.14.0+cu130
gpt2	torch-eager	warm	2	83	5921.1			torch-2.14.0+cu130
gpt2	torch-eager	warm	2	84	5949.0			torch-2.14.0+cu130
gpt2	torch-eager	warm	2	85	5898.2			torch-2.14.0+cu130
gpt2	torch-eager	warm	2	86	5864.6			torch-2.14.0+cu130
gpt2	torch-eager	warm	2	87	5921.8			torch-2.14.0+cu130
gpt2	torch-eager	warm	2	88	5915.4			torch-2.14.0+cu130
gpt2	torch-eager	warm	2	89	5887.7			torch-2.14.0+cu130
gpt2	torch-eager	warm	2	90	5952.8			torch-2.14.0+cu130
gpt2	torch-eager	warm	2	91	5939.2			torch-2.14.0+cu130
gpt2	torch-eager	warm	2	92	5947.4			torch-2.14.0+cu130
gpt2	torch-eager	warm	2	93	5951.9			torch-2.14.0+cu130
gpt2	torch-eager	warm	2	94	6012.2			torch-2.14.0+cu130
gpt2	torch-eager	warm	2	95	6007.2			torch-2.14.0+cu130
gpt2	torch-eager	warm	2	96	5967.4			torch-2.14.0+cu130
gpt2	torch-eager	warm	2	97	5946.4			torch-2.14.0+cu130
gpt2	torch-eager	warm	2	98	5961.2			torch-2.14.0+cu130
gpt2	torch-eager	warm	2	99	5976.4			torch-2.14.0+cu130
gpt2	torch-eager	warm	2	100	5950.7			torch-2.14.0+cu130
gpt2	torch-eager	warm	2	101	5935.9			torch-2.14.0+cu130
gpt2	torch-eager	warm	2	102	5848.2			torch-2.14.0+cu130
gpt2	torch-eager	warm	2	103	5916.4			torch-2.14.0+cu130
gpt2	torch-eager	warm	2	104	5904.2			torch-2.14.0+cu130
gpt2	torch-eager	warm	2	105	5867.0			torch-2.14.0+cu130
gpt2	torch-eager	warm	2	106	5895.6			torch-2.14.0+cu130
gpt2	torch-eager	warm	2	107	5957.1			torch-2.14.0+cu130
gpt2	torch-eager	warm	2	108	5852.5			torch-2.14.0+cu130
gpt2	torch-eager	warm	2	109	5954.3			torch-2.14.0+cu130
gpt2	torch-eager	warm	2	110	5932.3			torch-2.14.0+cu130
gpt2	torch-eager	warm	2	111	5974.3			torch-2.14.0+cu130
gpt2	torch-eager	warm	2	112	6002.7			torch-2.14.0+cu130
gpt2	torch-eager	warm	2	113	5996.2			torch-2.14.0+cu130
gpt2	torch-eager	warm	2	114	5957.1			torch-2.14.0+cu130
gpt2	torch-eager	warm	2	115	5970.2			torch-2.14.0+cu130
gpt2	torch-eager	warm	2	116	5973.3			torch-2.14.0+cu130
gpt2	torch-eager	warm	2	117	5939.2			torch-2.14.0+cu130
gpt2	torch-eager	warm	2	118	6023.2			torch-2.14.0+cu130
gpt2	torch-eager	warm	2	119	6040.8			torch-2.14.0+cu130
gpt2	torch-eager	warm	2	120	5983.6			torch-2.14.0+cu130
gpt2	torch-eager	warm	2	121	6058.5			torch-2.14.0+cu130
gpt2	torch-eager	warm	2	122	6221.3			torch-2.14.0+cu130
gpt2	torch-eager	warm	2	123	5977.9			torch-2.14.0+cu130
gpt2	torch-eager	warm	2	124	5925.2			torch-2.14.0+cu130
gpt2	torch-eager	warm	2	125	5904.0			torch-2.14.0+cu130
gpt2	torch-eager	warm	2	126	5957.4			torch-2.14.0+cu130
gpt2	torch-eager	warm	2	127	5986.5			torch-2.14.0+cu130
gpt2	torch-eager	warm	2	128	5914.2			torch-2.14.0+cu130
gpt2	torch-eager	warm	2	129	5978.1			torch-2.14.0+cu130
gpt2	torch-eager	warm	2	130	5937.1			torch-2.14.0+cu130
gpt2	torch-eager	warm	2	131	5899.7			torch-2.14.0+cu130
gpt2	torch-eager	warm	2	132	5857.5			torch-2.14.0+cu130
gpt2	torch-eager	warm	2	133	6009.3			torch-2.14.0+cu130
gpt2	torch-eager	warm	2	134	5967.1			torch-2.14.0+cu130
gpt2	torch-eager	warm	2	135	5957.6			torch-2.14.0+cu130
gpt2	torch-eager	warm	2	136	5952.1			torch-2.14.0+cu130
gpt2	torch-eager	warm	2	137	6000.5			torch-2.14.0+cu130
gpt2	torch-eager	warm	2	138	6035.8			torch-2.14.0+cu130
gpt2	torch-eager	warm	2	139	5980.0			torch-2.14.0+cu130
gpt2	torch-eager	warm	2	140	6003.4			torch-2.14.0+cu130
gpt2	torch-eager	warm	2	141	5976.2			torch-2.14.0+cu130
gpt2	torch-eager	warm	2	142	6019.8			torch-2.14.0+cu130
gpt2	torch-eager	warm	2	143	6014.1			torch-2.14.0+cu130
gpt2	torch-eager	warm	2	144	6011.5			torch-2.14.0+cu130
gpt2	torch-eager	warm	2	145	6043.7			torch-2.14.0+cu130
gpt2	torch-eager	warm	2	146	6006.7			torch-2.14.0+cu130
gpt2	torch-eager	warm	2	147	5948.8			torch-2.14.0+cu130
gpt2	torch-eager	warm	2	148	5961.7			torch-2.14.0+cu130
gpt2	torch-eager	warm	2	149	5943.8			torch-2.14.0+cu130
gpt2	torch-eager	warm	2	150	6097.8			torch-2.14.0+cu130
gpt2	torch-eager	warm	2	151	5994.6			torch-2.14.0+cu130
gpt2	torch-eager	warm	2	152	5943.1			torch-2.14.0+cu130
gpt2	torch-eager	warm	2	153	6560.8			torch-2.14.0+cu130
gpt2	torch-eager	warm	2	154	6059.2			torch-2.14.0+cu130
gpt2	torch-eager	warm	2	155	6345.0			torch-2.14.0+cu130
gpt2	torch-eager	warm	2	156	6028.4			torch-2.14.0+cu130
gpt2	torch-eager	warm	2	157	6080.2			torch-2.14.0+cu130
gpt2	torch-eager	warm	2	158	6008.1			torch-2.14.0+cu130
gpt2	torch-eager	warm	2	159	6014.3			torch-2.14.0+cu130
gpt2	torch-eager	warm	2	160	5982.6			torch-2.14.0+cu130
gpt2	torch-eager	warm	2	161	5960.2			torch-2.14.0+cu130
gpt2	torch-eager	warm	2	162	5958.6			torch-2.14.0+cu130
gpt2	torch-eager	warm	2	163	6038.9			torch-2.14.0+cu130
gpt2	torch-eager	warm	2	164	6083.0			torch-2.14.0+cu130
gpt2	torch-eager	warm	2	165	6171.2			torch-2.14.0+cu130
gpt2	torch-eager	warm	2	166	6062.3			torch-2.14.0+cu130
gpt2	torch-eager	warm	2	167	6104.5			torch-2.14.0+cu130
gpt2	torch-eager	warm	2	168	6012.4			torch-2.14.0+cu130
gpt2	torch-eager	warm	2	169	5995.5			torch-2.14.0+cu130
gpt2	torch-eager	warm	2	170	5936.9			torch-2.14.0+cu130
gpt2	torch-eager	warm	2	171	5997.2			torch-2.14.0+cu130
gpt2	torch-eager	warm	2	172	5962.8			torch-2.14.0+cu130
gpt2	torch-eager	warm	2	173	6005.8			torch-2.14.0+cu130
gpt2	torch-eager	warm	2	174	5895.6			torch-2.14.0+cu130
gpt2	torch-eager	warm	2	175	5966.2			torch-2.14.0+cu130
gpt2	torch-eager	warm	2	176	5988.1			torch-2.14.0+cu130
gpt2	torch-eager	warm	2	177	5968.8			torch-2.14.0+cu130
gpt2	torch-eager	warm	2	178	5931.9			torch-2.14.0+cu130
gpt2	torch-eager	warm	2	179	5990.7			torch-2.14.0+cu130
gpt2	torch-eager	warm	2	180	5976.7			torch-2.14.0+cu130
gpt2	torch-eager	warm	2	181	5926.8			torch-2.14.0+cu130
gpt2	torch-eager	warm	2	182	5869.4			torch-2.14.0+cu130
gpt2	torch-eager	warm	2	183	6027.5			torch-2.14.0+cu130
gpt2	torch-eager	warm	2	184	5914.0			torch-2.14.0+cu130
gpt2	torch-eager	warm	2	185	5933.3			torch-2.14.0+cu130
gpt2	torch-eager	warm	2	186	5898.7			torch-2.14.0+cu130
gpt2	torch-eager	warm	2	187	5932.3			torch-2.14.0+cu130
gpt2	torch-eager	warm	2	188	5855.1			torch-2.14.0+cu130
gpt2	torch-eager	warm	2	189	5964.3			torch-2.14.0+cu130
gpt2	torch-eager	warm	2	190	5972.1			torch-2.14.0+cu130
gpt2	torch-eager	warm	2	191	5888.0			torch-2.14.0+cu130
gpt2	torch-eager	warm	2	192	5979.3			torch-2.14.0+cu130
gpt2	torch-eager	warm	2	193	5939.5			torch-2.14.0+cu130
gpt2	torch-eager	warm	2	194	5953.6			torch-2.14.0+cu130
gpt2	torch-eager	warm	2	195	5885.1			torch-2.14.0+cu130
gpt2	torch-eager	warm	2	196	5986.0			torch-2.14.0+cu130
gpt2	torch-eager	warm	2	197	5909.9			torch-2.14.0+cu130
gpt2	torch-eager	warm	2	198	5844.4			torch-2.14.0+cu130
gpt2	torch-eager	warm	2	199	5905.4			torch-2.14.0+cu130
gpt2	torch-eager	warm	2	200	5589.5			torch-2.14.0+cu130
gpt2	torch-eager	warm	2	201	5518.0			torch-2.14.0+cu130
gpt2	torch-eager	warm	2	202	5337.7			torch-2.14.0+cu130
gpt2	torch-eager	warm	2	203	5102.9			torch-2.14.0+cu130
gpt2	torch-eager	warm	2	204	5070.7			torch-2.14.0+cu130
gpt2	torch-eager	warm	2	205	5085.9			torch-2.14.0+cu130
gpt2	torch-eager	warm	2	206	5060.7			torch-2.14.0+cu130
gpt2	torch-eager	warm	2	207	5068.3			torch-2.14.0+cu130
gpt2	torch-eager	warm	2	208	5152.7			torch-2.14.0+cu130
gpt2	torch-eager	warm	2	209	5016.1			torch-2.14.0+cu130
gpt2	torch-eager	warm	2	210	5029.2			torch-2.14.0+cu130
gpt2	torch-eager	warm	2	211	5084.5			torch-2.14.0+cu130
gpt2	torch-eager	warm	2	212	5092.9			torch-2.14.0+cu130
gpt2	torch-eager	warm	2	213	5020.9			torch-2.14.0+cu130
gpt2	torch-eager	warm	2	214	5001.1			torch-2.14.0+cu130
gpt2	torch-eager	warm	2	215	5075.0			torch-2.14.0+cu130
gpt2	torch-eager	warm	2	216	5044.5			torch-2.14.0+cu130
gpt2	torch-eager	warm	2	217	5037.3			torch-2.14.0+cu130
gpt2	torch-eager	warm	2	218	5057.8			torch-2.14.0+cu130
gpt2	torch-eager	warm	2	219	5036.1			torch-2.14.0+cu130
gpt2	torch-eager	warm	2	220	5080.5			torch-2.14.0+cu130
gpt2	torch-eager	warm	2	221	5077.1			torch-2.14.0+cu130
gpt2	torch-eager	warm	2	222	4988.7			torch-2.14.0+cu130
gpt2	torch-eager	warm	2	223	5023.2			torch-2.14.0+cu130
gpt2	torch-eager	warm	2	224	4991.3			torch-2.14.0+cu130
gpt2	torch-eager	warm	2	225	5039.0			torch-2.14.0+cu130
gpt2	torch-eager	warm	2	226	5017.0			torch-2.14.0+cu130
gpt2	torch-eager	warm	2	227	5073.8			torch-2.14.0+cu130
gpt2	torch-eager	warm	2	228	6417.5			torch-2.14.0+cu130
gpt2	torch-eager	warm	2	229	6002.9			torch-2.14.0+cu130
gpt2	torch-eager	warm	2	230	5999.1			torch-2.14.0+cu130
gpt2	torch-eager	warm	2	231	5085.5			torch-2.14.0+cu130
gpt2	torch-eager	warm	2	232	5120.8			torch-2.14.0+cu130
gpt2	torch-eager	warm	2	233	5063.3			torch-2.14.0+cu130
gpt2	torch-eager	warm	2	234	5114.1			torch-2.14.0+cu130
gpt2	torch-eager	warm	2	235	5057.1			torch-2.14.0+cu130
gpt2	torch-eager	warm	2	236	5071.6			torch-2.14.0+cu130
gpt2	torch-eager	warm	2	237	5047.8			torch-2.14.0+cu130
gpt2	torch-eager	warm	2	238	5038.3			torch-2.14.0+cu130
gpt2	torch-eager	warm	2	239	5067.3			torch-2.14.0+cu130
gpt2	torch-eager	warm	2	240	5079.3			torch-2.14.0+cu130
gpt2	torch-eager	warm	2	241	5004.4			torch-2.14.0+cu130
gpt2	torch-eager	warm	2	242	5029.7			torch-2.14.0+cu130
gpt2	torch-eager	warm	2	243	5016.3			torch-2.14.0+cu130
gpt2	torch-eager	warm	2	244	5058.8			torch-2.14.0+cu130
gpt2	torch-eager	warm	2	245	4986.3			torch-2.14.0+cu130
gpt2	torch-eager	warm	2	246	5004.9			torch-2.14.0+cu130
gpt2	torch-eager	warm	2	247	5102.6			torch-2.14.0+cu130
gpt2	torch-eager	warm	2	248	5012.0			torch-2.14.0+cu130
gpt2	torch-eager	warm	2	249	5011.6			torch-2.14.0+cu130
gpt2	torch-eager	warm	2	250	5154.1			torch-2.14.0+cu130
gpt2	torch-eager	warm	2	251	5100.3			torch-2.14.0+cu130
gpt2	torch-eager	warm	2	252	4973.4			torch-2.14.0+cu130
gpt2	torch-eager	warm	2	253	5022.8			torch-2.14.0+cu130
gpt2	torch-eager	warm	2	254	5014.9			torch-2.14.0+cu130
gpt2	torch-eager	warm	2	255	5028.2			torch-2.14.0+cu130
gpt2	torch-eager	warm	2	256	4994.2			torch-2.14.0+cu130
gpt2	torch-eager	warm	2	257	5063.5			torch-2.14.0+cu130
gpt2	torch-eager	warm	2	258	5024.2			torch-2.14.0+cu130
gpt2	torch-eager	warm	2	259	5005.1			torch-2.14.0+cu130
gpt2	torch-eager	warm	2	260	5098.1			torch-2.14.0+cu130
gpt2	torch-eager	warm	2	261	4981.0			torch-2.14.0+cu130
gpt2	torch-eager	warm	2	262	5030.4			torch-2.14.0+cu130
gpt2	torch-eager	warm	2	263	5008.0			torch-2.14.0+cu130
gpt2	torch-eager	warm	2	264	5012.5			torch-2.14.0+cu130
gpt2	torch-eager	warm	2	265	5041.8			torch-2.14.0+cu130
gpt2	torch-eager	warm	2	266	5029.0			torch-2.14.0+cu130
gpt2	torch-eager	warm	2	267	5069.0			torch-2.14.0+cu130
gpt2	torch-eager	warm	2	268	5097.2			torch-2.14.0+cu130
gpt2	torch-eager	warm	2	269	5083.1			torch-2.14.0+cu130
gpt2	torch-eager	warm	2	270	5084.3			torch-2.14.0+cu130
gpt2	torch-eager	warm	2	271	5076.4			torch-2.14.0+cu130
gpt2	torch-eager	warm	2	272	5071.9			torch-2.14.0+cu130
gpt2	torch-eager	warm	2	273	5106.4			torch-2.14.0+cu130
gpt2	torch-eager	warm	2	274	5055.4			torch-2.14.0+cu130
gpt2	torch-eager	warm	2	275	5044.9			torch-2.14.0+cu130
gpt2	torch-eager	warm	2	276	5034.7			torch-2.14.0+cu130
gpt2	torch-eager	warm	2	277	5060.7			torch-2.14.0+cu130
gpt2	torch-eager	warm	2	278	4984.1			torch-2.14.0+cu130
gpt2	torch-eager	warm	2	279	5063.3			torch-2.14.0+cu130
gpt2	torch-eager	warm	2	280	5034.0			torch-2.14.0+cu130
gpt2	torch-eager	warm	2	281	5015.6			torch-2.14.0+cu130
gpt2	torch-eager	warm	2	282	5022.0			torch-2.14.0+cu130
gpt2	torch-eager	warm	2	283	5057.8			torch-2.14.0+cu130
gpt2	torch-eager	warm	2	284	5006.3			torch-2.14.0+cu130
gpt2	torch-eager	warm	2	285	5005.8			torch-2.14.0+cu130
gpt2	torch-eager	warm	2	286	5047.6			torch-2.14.0+cu130
gpt2	torch-eager	warm	2	287	5046.6			torch-2.14.0+cu130
gpt2	torch-eager	warm	2	288	5006.3			torch-2.14.0+cu130
gpt2	torch-eager	warm	2	289	5022.0			torch-2.14.0+cu130
gpt2	torch-eager	warm	2	290	5029.0			torch-2.14.0+cu130
gpt2	torch-eager	warm	2	291	5049.2			torch-2.14.0+cu130
gpt2	torch-eager	warm	2	292	4984.1			torch-2.14.0+cu130
gpt2	torch-eager	warm	2	293	5061.6			torch-2.14.0+cu130
gpt2	torch-eager	warm	2	294	5019.2			torch-2.14.0+cu130
gpt2	torch-eager	warm	2	295	5028.2			torch-2.14.0+cu130
gpt2	torch-eager	warm	2	296	5012.5			torch-2.14.0+cu130
gpt2	torch-eager	warm	2	297	5004.4			torch-2.14.0+cu130
gpt2	torch-eager	warm	2	298	4970.8			torch-2.14.0+cu130
gpt2	torch-eager	warm	2	299	5027.8			torch-2.14.0+cu130
gpt2	ours	warm	2	0	669803.1	0	327	ddc8008cdeaf
gpt2	ours	warm	2	1	4678.0	0	93	ddc8008cdeaf
gpt2	ours	warm	2	2	3144.0	0	87	ddc8008cdeaf
gpt2	ours	warm	2	3	11460.1	0	113	ddc8008cdeaf
gpt2	ours	warm	2	4	6047.0	0	113	ddc8008cdeaf
gpt2	ours	warm	2	5	5082.1	0	75	ddc8008cdeaf
gpt2	ours	warm	2	6	2151.0	0	75	ddc8008cdeaf
gpt2	ours	warm	2	7	2790.2	0	75	ddc8008cdeaf
gpt2	ours	warm	2	8	2130.0	0	75	ddc8008cdeaf
gpt2	ours	warm	2	9	2142.0	0	75	ddc8008cdeaf
gpt2	ours	warm	2	10	2528.2	0	75	ddc8008cdeaf
gpt2	ours	warm	2	11	2123.8	0	75	ddc8008cdeaf
gpt2	ours	warm	2	12	2126.9	0	75	ddc8008cdeaf
gpt2	ours	warm	2	13	2139.1	0	75	ddc8008cdeaf
gpt2	ours	warm	2	14	2436.9	0	75	ddc8008cdeaf
gpt2	ours	warm	2	15	2128.8	0	75	ddc8008cdeaf
gpt2	ours	warm	2	16	2131.0	0	75	ddc8008cdeaf
gpt2	ours	warm	2	17	2112.9	0	75	ddc8008cdeaf
gpt2	ours	warm	2	18	2131.0	0	75	ddc8008cdeaf
gpt2	ours	warm	2	19	2506.0	0	75	ddc8008cdeaf
gpt2	ours	warm	2	20	2142.9	0	75	ddc8008cdeaf
gpt2	ours	warm	2	21	2114.1	0	75	ddc8008cdeaf
gpt2	ours	warm	2	22	2128.1	0	75	ddc8008cdeaf
gpt2	ours	warm	2	23	2161.0	0	75	ddc8008cdeaf
gpt2	ours	warm	2	24	2193.9	0	75	ddc8008cdeaf
gpt2	ours	warm	2	25	2584.0	0	75	ddc8008cdeaf
gpt2	ours	warm	2	26	2172.0	0	75	ddc8008cdeaf
gpt2	ours	warm	2	27	2184.2	0	75	ddc8008cdeaf
gpt2	ours	warm	2	28	2131.0	0	75	ddc8008cdeaf
gpt2	ours	warm	2	29	2140.0	0	75	ddc8008cdeaf
gpt2	ours	warm	2	30	2160.1	0	75	ddc8008cdeaf
gpt2	ours	warm	2	31	2130.0	0	75	ddc8008cdeaf
gpt2	ours	warm	2	32	2773.0	0	75	ddc8008cdeaf
gpt2	ours	warm	2	33	2129.1	0	75	ddc8008cdeaf
gpt2	ours	warm	2	34	2182.0	0	75	ddc8008cdeaf
gpt2	ours	warm	2	35	2137.9	0	75	ddc8008cdeaf
gpt2	ours	warm	2	36	2122.9	0	75	ddc8008cdeaf
gpt2	ours	warm	2	37	2121.0	0	75	ddc8008cdeaf
gpt2	ours	warm	2	38	2120.0	0	75	ddc8008cdeaf
gpt2	ours	warm	2	39	2126.9	0	75	ddc8008cdeaf
gpt2	ours	warm	2	40	2833.1	0	75	ddc8008cdeaf
gpt2	ours	warm	2	41	2133.8	0	75	ddc8008cdeaf
gpt2	ours	warm	2	42	2125.0	0	75	ddc8008cdeaf
gpt2	ours	warm	2	43	2191.1	0	75	ddc8008cdeaf
gpt2	ours	warm	2	44	2148.2	0	75	ddc8008cdeaf
gpt2	ours	warm	2	45	2115.0	0	75	ddc8008cdeaf
gpt2	ours	warm	2	46	2146.0	0	75	ddc8008cdeaf
gpt2	ours	warm	2	47	2123.1	0	75	ddc8008cdeaf
gpt2	ours	warm	2	48	2147.0	0	75	ddc8008cdeaf
gpt2	ours	warm	2	49	3194.1	0	75	ddc8008cdeaf
gpt2	ours	warm	2	50	2143.1	0	75	ddc8008cdeaf
gpt2	ours	warm	2	51	2100.9	0	75	ddc8008cdeaf
gpt2	ours	warm	2	52	2125.0	0	75	ddc8008cdeaf
gpt2	ours	warm	2	53	2116.2	0	75	ddc8008cdeaf
gpt2	ours	warm	2	54	2125.0	0	75	ddc8008cdeaf
gpt2	ours	warm	2	55	2119.1	0	75	ddc8008cdeaf
gpt2	ours	warm	2	56	2126.9	0	75	ddc8008cdeaf
gpt2	ours	warm	2	57	2123.1	0	75	ddc8008cdeaf
gpt2	ours	warm	2	58	2109.1	0	75	ddc8008cdeaf
gpt2	ours	warm	2	59	3404.1	0	75	ddc8008cdeaf
gpt2	ours	warm	2	60	2130.0	0	75	ddc8008cdeaf
gpt2	ours	warm	2	61	2117.9	0	75	ddc8008cdeaf
gpt2	ours	warm	2	62	2121.0	0	75	ddc8008cdeaf
gpt2	ours	warm	2	63	2161.0	0	75	ddc8008cdeaf
gpt2	ours	warm	2	64	2119.1	0	75	ddc8008cdeaf
gpt2	ours	warm	2	65	2106.9	0	75	ddc8008cdeaf
gpt2	ours	warm	2	66	2121.0	0	75	ddc8008cdeaf
gpt2	ours	warm	2	67	2132.9	0	75	ddc8008cdeaf
gpt2	ours	warm	2	68	2137.9	0	75	ddc8008cdeaf
gpt2	ours	warm	2	69	2126.0	0	75	ddc8008cdeaf
gpt2	ours	warm	2	70	3158.8	0	75	ddc8008cdeaf
gpt2	ours	warm	2	71	2131.9	0	75	ddc8008cdeaf
gpt2	ours	warm	2	72	2121.0	0	75	ddc8008cdeaf
gpt2	ours	warm	2	73	2139.1	0	75	ddc8008cdeaf
gpt2	ours	warm	2	74	2131.9	0	75	ddc8008cdeaf
gpt2	ours	warm	2	75	2116.9	0	75	ddc8008cdeaf
gpt2	ours	warm	2	76	2147.0	0	75	ddc8008cdeaf
gpt2	ours	warm	2	77	2119.1	0	75	ddc8008cdeaf
gpt2	ours	warm	2	78	2119.1	0	75	ddc8008cdeaf
gpt2	ours	warm	2	79	2136.0	0	75	ddc8008cdeaf
gpt2	ours	warm	2	80	2112.9	0	75	ddc8008cdeaf
gpt2	ours	warm	2	81	2121.0	0	75	ddc8008cdeaf
gpt2	ours	warm	2	82	3057.0	0	75	ddc8008cdeaf
gpt2	ours	warm	2	83	2135.0	0	75	ddc8008cdeaf
gpt2	ours	warm	2	84	2135.0	0	75	ddc8008cdeaf
gpt2	ours	warm	2	85	2131.0	0	75	ddc8008cdeaf
gpt2	ours	warm	2	86	2123.1	0	75	ddc8008cdeaf
gpt2	ours	warm	2	87	2123.8	0	75	ddc8008cdeaf
gpt2	ours	warm	2	88	2188.9	0	75	ddc8008cdeaf
gpt2	ours	warm	2	89	2125.0	0	75	ddc8008cdeaf
gpt2	ours	warm	2	90	2125.0	0	75	ddc8008cdeaf
gpt2	ours	warm	2	91	2130.0	0	75	ddc8008cdeaf
gpt2	ours	warm	2	92	2120.0	0	75	ddc8008cdeaf
gpt2	ours	warm	2	93	2123.1	0	75	ddc8008cdeaf
gpt2	ours	warm	2	94	2133.1	0	75	ddc8008cdeaf
gpt2	ours	warm	2	95	3305.9	0	75	ddc8008cdeaf
gpt2	ours	warm	2	96	2156.0	0	75	ddc8008cdeaf
gpt2	ours	warm	2	97	2144.8	0	75	ddc8008cdeaf
gpt2	ours	warm	2	98	2150.1	0	75	ddc8008cdeaf
gpt2	ours	warm	2	99	2142.0	0	75	ddc8008cdeaf
gpt2	ours	warm	2	100	2156.0	0	75	ddc8008cdeaf
gpt2	ours	warm	2	101	2114.1	0	75	ddc8008cdeaf
gpt2	ours	warm	2	102	2118.1	0	75	ddc8008cdeaf
gpt2	ours	warm	2	103	2124.1	0	75	ddc8008cdeaf
gpt2	ours	warm	2	104	2122.9	0	75	ddc8008cdeaf
gpt2	ours	warm	2	105	2153.2	0	75	ddc8008cdeaf
gpt2	ours	warm	2	106	2127.9	0	75	ddc8008cdeaf
gpt2	ours	warm	2	107	2119.8	0	75	ddc8008cdeaf
gpt2	ours	warm	2	108	2151.0	0	75	ddc8008cdeaf
gpt2	ours	warm	2	109	3033.9	0	75	ddc8008cdeaf
gpt2	ours	warm	2	110	2060.2	0	75	ddc8008cdeaf
gpt2	ours	warm	2	111	2059.9	0	75	ddc8008cdeaf
gpt2	ours	warm	2	112	2053.0	0	75	ddc8008cdeaf
gpt2	ours	warm	2	113	2042.1	0	75	ddc8008cdeaf
gpt2	ours	warm	2	114	2058.0	0	75	ddc8008cdeaf
gpt2	ours	warm	2	115	2081.2	0	75	ddc8008cdeaf
gpt2	ours	warm	2	116	2058.0	0	75	ddc8008cdeaf
gpt2	ours	warm	2	117	2062.1	0	75	ddc8008cdeaf
gpt2	ours	warm	2	118	2052.1	0	75	ddc8008cdeaf
gpt2	ours	warm	2	119	2056.8	0	75	ddc8008cdeaf
gpt2	ours	warm	2	120	2075.0	0	75	ddc8008cdeaf
gpt2	ours	warm	2	121	2064.0	0	75	ddc8008cdeaf
gpt2	ours	warm	2	122	2119.1	0	75	ddc8008cdeaf
gpt2	ours	warm	2	123	2069.0	0	75	ddc8008cdeaf
gpt2	ours	warm	2	124	3940.1	0	75	ddc8008cdeaf
gpt2	ours	warm	2	125	2073.0	0	75	ddc8008cdeaf
gpt2	ours	warm	2	126	2075.0	0	75	ddc8008cdeaf
gpt2	ours	warm	2	127	2054.0	0	75	ddc8008cdeaf
gpt2	ours	warm	2	128	2114.1	0	75	ddc8008cdeaf
gpt2	ours	warm	2	129	2076.9	0	75	ddc8008cdeaf
gpt2	ours	warm	2	130	2050.9	0	75	ddc8008cdeaf
gpt2	ours	warm	2	131	2051.1	0	75	ddc8008cdeaf
gpt2	ours	warm	2	132	2082.1	0	75	ddc8008cdeaf
gpt2	ours	warm	2	133	2079.0	0	75	ddc8008cdeaf
gpt2	ours	warm	2	134	2049.9	0	75	ddc8008cdeaf
gpt2	ours	warm	2	135	2060.2	0	75	ddc8008cdeaf
gpt2	ours	warm	2	136	2052.1	0	75	ddc8008cdeaf
gpt2	ours	warm	2	137	2055.9	0	75	ddc8008cdeaf
gpt2	ours	warm	2	138	2059.0	0	75	ddc8008cdeaf
gpt2	ours	warm	2	139	2066.9	0	75	ddc8008cdeaf
gpt2	ours	warm	2	140	3918.9	0	75	ddc8008cdeaf
gpt2	ours	warm	2	141	2063.0	0	75	ddc8008cdeaf
gpt2	ours	warm	2	142	2054.9	0	75	ddc8008cdeaf
gpt2	ours	warm	2	143	2066.9	0	75	ddc8008cdeaf
gpt2	ours	warm	2	144	2060.9	0	75	ddc8008cdeaf
gpt2	ours	warm	2	145	2066.1	0	75	ddc8008cdeaf
gpt2	ours	warm	2	146	2054.0	0	75	ddc8008cdeaf
gpt2	ours	warm	2	147	2059.9	0	75	ddc8008cdeaf
gpt2	ours	warm	2	148	2064.9	0	75	ddc8008cdeaf
gpt2	ours	warm	2	149	2051.1	0	75	ddc8008cdeaf
gpt2	ours	warm	2	150	2080.9	0	75	ddc8008cdeaf
gpt2	ours	warm	2	151	2044.0	0	75	ddc8008cdeaf
gpt2	ours	warm	2	152	2047.1	0	75	ddc8008cdeaf
gpt2	ours	warm	2	153	2048.0	0	75	ddc8008cdeaf
gpt2	ours	warm	2	154	2065.9	0	75	ddc8008cdeaf
gpt2	ours	warm	2	155	2067.8	0	75	ddc8008cdeaf
gpt2	ours	warm	2	156	2075.0	0	75	ddc8008cdeaf
gpt2	ours	warm	2	157	3234.9	0	75	ddc8008cdeaf
gpt2	ours	warm	2	158	2055.9	0	75	ddc8008cdeaf
gpt2	ours	warm	2	159	2070.9	0	75	ddc8008cdeaf
gpt2	ours	warm	2	160	2078.1	0	75	ddc8008cdeaf
gpt2	ours	warm	2	161	2054.0	0	75	ddc8008cdeaf
gpt2	ours	warm	2	162	2055.2	0	75	ddc8008cdeaf
gpt2	ours	warm	2	163	2052.1	0	75	ddc8008cdeaf
gpt2	ours	warm	2	164	2054.9	0	75	ddc8008cdeaf
gpt2	ours	warm	2	165	2061.1	0	75	ddc8008cdeaf
gpt2	ours	warm	2	166	2064.9	0	75	ddc8008cdeaf
gpt2	ours	warm	2	167	2058.0	0	75	ddc8008cdeaf
gpt2	ours	warm	2	168	2090.9	0	75	ddc8008cdeaf
gpt2	ours	warm	2	169	2094.0	0	75	ddc8008cdeaf
gpt2	ours	warm	2	170	2087.1	0	75	ddc8008cdeaf
gpt2	ours	warm	2	171	2061.1	0	75	ddc8008cdeaf
gpt2	ours	warm	2	172	2089.0	0	75	ddc8008cdeaf
gpt2	ours	warm	2	173	2049.9	0	75	ddc8008cdeaf
gpt2	ours	warm	2	174	2060.9	0	75	ddc8008cdeaf
gpt2	ours	warm	2	175	4639.9	0	75	ddc8008cdeaf
gpt2	ours	warm	2	176	2070.9	0	75	ddc8008cdeaf
gpt2	ours	warm	2	177	2062.1	0	75	ddc8008cdeaf
gpt2	ours	warm	2	178	2058.0	0	75	ddc8008cdeaf
gpt2	ours	warm	2	179	2052.1	0	75	ddc8008cdeaf
gpt2	ours	warm	2	180	2057.1	0	75	ddc8008cdeaf
gpt2	ours	warm	2	181	2045.9	0	75	ddc8008cdeaf
gpt2	ours	warm	2	182	2090.0	0	75	ddc8008cdeaf
gpt2	ours	warm	2	183	2077.1	0	75	ddc8008cdeaf
gpt2	ours	warm	2	184	2052.1	0	75	ddc8008cdeaf
gpt2	ours	warm	2	185	2068.0	0	75	ddc8008cdeaf
gpt2	ours	warm	2	186	2058.0	0	75	ddc8008cdeaf
gpt2	ours	warm	2	187	2046.1	0	75	ddc8008cdeaf
gpt2	ours	warm	2	188	2058.0	0	75	ddc8008cdeaf
gpt2	ours	warm	2	189	2060.9	0	75	ddc8008cdeaf
gpt2	ours	warm	2	190	2064.0	0	75	ddc8008cdeaf
gpt2	ours	warm	2	191	2058.0	0	75	ddc8008cdeaf
gpt2	ours	warm	2	192	2056.1	0	75	ddc8008cdeaf
gpt2	ours	warm	2	193	2061.8	0	75	ddc8008cdeaf
gpt2	ours	warm	2	194	4056.0	0	75	ddc8008cdeaf
gpt2	ours	warm	2	195	2128.1	0	75	ddc8008cdeaf
gpt2	ours	warm	2	196	2072.1	0	75	ddc8008cdeaf
gpt2	ours	warm	2	197	2051.8	0	75	ddc8008cdeaf
gpt2	ours	warm	2	198	2079.0	0	75	ddc8008cdeaf
gpt2	ours	warm	2	199	2050.2	0	75	ddc8008cdeaf
gpt2	ours	warm	2	200	2065.9	0	75	ddc8008cdeaf
gpt2	ours	warm	2	201	2069.2	0	75	ddc8008cdeaf
gpt2	ours	warm	2	202	2065.9	0	75	ddc8008cdeaf
gpt2	ours	warm	2	203	2056.8	0	75	ddc8008cdeaf
gpt2	ours	warm	2	204	2078.1	0	75	ddc8008cdeaf
gpt2	ours	warm	2	205	2078.1	0	75	ddc8008cdeaf
gpt2	ours	warm	2	206	2071.1	0	75	ddc8008cdeaf
gpt2	ours	warm	2	207	2079.0	0	75	ddc8008cdeaf
gpt2	ours	warm	2	208	2054.0	0	75	ddc8008cdeaf
gpt2	ours	warm	2	209	2051.1	0	75	ddc8008cdeaf
gpt2	ours	warm	2	210	2085.9	0	75	ddc8008cdeaf
gpt2	ours	warm	2	211	2066.9	0	75	ddc8008cdeaf
gpt2	ours	warm	2	212	2088.1	0	75	ddc8008cdeaf
gpt2	ours	warm	2	213	2046.1	0	75	ddc8008cdeaf
gpt2	ours	warm	2	214	4188.1	0	75	ddc8008cdeaf
gpt2	ours	warm	2	215	2086.2	0	75	ddc8008cdeaf
gpt2	ours	warm	2	216	2056.8	0	75	ddc8008cdeaf
gpt2	ours	warm	2	217	2071.9	0	75	ddc8008cdeaf
gpt2	ours	warm	2	218	2065.9	0	75	ddc8008cdeaf
gpt2	ours	warm	2	219	2061.1	0	75	ddc8008cdeaf
gpt2	ours	warm	2	220	2084.0	0	75	ddc8008cdeaf
gpt2	ours	warm	2	221	2057.1	0	75	ddc8008cdeaf
gpt2	ours	warm	2	222	2064.9	0	75	ddc8008cdeaf
gpt2	ours	warm	2	223	2085.0	0	75	ddc8008cdeaf
gpt2	ours	warm	2	224	2064.0	0	75	ddc8008cdeaf
gpt2	ours	warm	2	225	2059.0	0	75	ddc8008cdeaf
gpt2	ours	warm	2	226	2077.1	0	75	ddc8008cdeaf
gpt2	ours	warm	2	227	2059.0	0	75	ddc8008cdeaf
gpt2	ours	warm	2	228	2130.0	0	75	ddc8008cdeaf
gpt2	ours	warm	2	229	2063.0	0	75	ddc8008cdeaf
gpt2	ours	warm	2	230	2053.0	0	75	ddc8008cdeaf
gpt2	ours	warm	2	231	2068.0	0	75	ddc8008cdeaf
gpt2	ours	warm	2	232	2073.0	0	75	ddc8008cdeaf
gpt2	ours	warm	2	233	2139.1	0	75	ddc8008cdeaf
gpt2	ours	warm	2	234	2079.0	0	75	ddc8008cdeaf
gpt2	ours	warm	2	235	3758.0	0	75	ddc8008cdeaf
gpt2	ours	warm	2	236	2074.0	0	75	ddc8008cdeaf
gpt2	ours	warm	2	237	2083.1	0	75	ddc8008cdeaf
gpt2	ours	warm	2	238	2078.1	0	75	ddc8008cdeaf
gpt2	ours	warm	2	239	2066.9	0	75	ddc8008cdeaf
gpt2	ours	warm	2	240	2085.0	0	75	ddc8008cdeaf
gpt2	ours	warm	2	241	2080.9	0	75	ddc8008cdeaf
gpt2	ours	warm	2	242	2061.1	0	75	ddc8008cdeaf
gpt2	ours	warm	2	243	2081.9	0	75	ddc8008cdeaf
gpt2	ours	warm	2	244	2075.9	0	75	ddc8008cdeaf
gpt2	ours	warm	2	245	2067.1	0	75	ddc8008cdeaf
gpt2	ours	warm	2	246	2070.0	0	75	ddc8008cdeaf
gpt2	ours	warm	2	247	2059.9	0	75	ddc8008cdeaf
gpt2	ours	warm	2	248	2070.9	0	75	ddc8008cdeaf
gpt2	ours	warm	2	249	2075.0	0	75	ddc8008cdeaf
gpt2	ours	warm	2	250	2095.9	0	75	ddc8008cdeaf
gpt2	ours	warm	2	251	2059.0	0	75	ddc8008cdeaf
gpt2	ours	warm	2	252	2090.0	0	75	ddc8008cdeaf
gpt2	ours	warm	2	253	2091.2	0	75	ddc8008cdeaf
gpt2	ours	warm	2	254	2059.0	0	75	ddc8008cdeaf
gpt2	ours	warm	2	255	2067.1	0	75	ddc8008cdeaf
gpt2	ours	warm	2	256	2076.9	0	75	ddc8008cdeaf
gpt2	ours	warm	2	257	3858.1	0	75	ddc8008cdeaf
gpt2	ours	warm	2	258	2073.0	0	75	ddc8008cdeaf
gpt2	ours	warm	2	259	2068.0	0	75	ddc8008cdeaf
gpt2	ours	warm	2	260	2072.1	0	75	ddc8008cdeaf
gpt2	ours	warm	2	261	2078.1	0	75	ddc8008cdeaf
gpt2	ours	warm	2	262	2072.1	0	75	ddc8008cdeaf
gpt2	ours	warm	2	263	2116.0	0	75	ddc8008cdeaf
gpt2	ours	warm	2	264	2100.0	0	75	ddc8008cdeaf
gpt2	ours	warm	2	265	2079.0	0	75	ddc8008cdeaf
gpt2	ours	warm	2	266	2071.9	0	75	ddc8008cdeaf
gpt2	ours	warm	2	267	2065.9	0	75	ddc8008cdeaf
gpt2	ours	warm	2	268	2058.0	0	75	ddc8008cdeaf
gpt2	ours	warm	2	269	2059.9	0	75	ddc8008cdeaf
gpt2	ours	warm	2	270	2083.1	0	75	ddc8008cdeaf
gpt2	ours	warm	2	271	2068.0	0	75	ddc8008cdeaf
gpt2	ours	warm	2	272	2073.0	0	75	ddc8008cdeaf
gpt2	ours	warm	2	273	2061.8	0	75	ddc8008cdeaf
gpt2	ours	warm	2	274	2077.1	0	75	ddc8008cdeaf
gpt2	ours	warm	2	275	2108.1	0	75	ddc8008cdeaf
gpt2	ours	warm	2	276	2095.0	0	75	ddc8008cdeaf
gpt2	ours	warm	2	277	2130.0	0	75	ddc8008cdeaf
gpt2	ours	warm	2	278	2078.1	0	75	ddc8008cdeaf
gpt2	ours	warm	2	279	2072.1	0	75	ddc8008cdeaf
gpt2	ours	warm	2	280	3732.9	0	75	ddc8008cdeaf
gpt2	ours	warm	2	281	2100.0	0	75	ddc8008cdeaf
gpt2	ours	warm	2	282	2076.9	0	75	ddc8008cdeaf
gpt2	ours	warm	2	283	2081.9	0	75	ddc8008cdeaf
gpt2	ours	warm	2	284	2067.1	0	75	ddc8008cdeaf
gpt2	ours	warm	2	285	2070.0	0	75	ddc8008cdeaf
gpt2	ours	warm	2	286	2066.9	0	75	ddc8008cdeaf
gpt2	ours	warm	2	287	2069.0	0	75	ddc8008cdeaf
gpt2	ours	warm	2	288	2076.9	0	75	ddc8008cdeaf
gpt2	ours	warm	2	289	2088.1	0	75	ddc8008cdeaf
gpt2	ours	warm	2	290	2081.2	0	75	ddc8008cdeaf
gpt2	ours	warm	2	291	2079.0	0	75	ddc8008cdeaf
gpt2	ours	warm	2	292	2071.9	0	75	ddc8008cdeaf
gpt2	ours	warm	2	293	2074.0	0	75	ddc8008cdeaf
gpt2	ours	warm	2	294	2128.8	0	75	ddc8008cdeaf
gpt2	ours	warm	2	295	2070.2	0	75	ddc8008cdeaf
gpt2	ours	warm	2	296	2090.0	0	75	ddc8008cdeaf
gpt2	ours	warm	2	297	2064.9	0	75	ddc8008cdeaf
gpt2	ours	warm	2	298	2060.2	0	75	ddc8008cdeaf
gpt2	ours	warm	2	299	2095.0	0	75	ddc8008cdeaf
gpt2	torch-compile	warm	2	0	2066115.4			torch-2.14.0+cu130
gpt2	torch-compile	warm	2	1	2979.3			torch-2.14.0+cu130
gpt2	torch-compile	warm	2	2	2536.8			torch-2.14.0+cu130
gpt2	torch-compile	warm	2	3	2439.7			torch-2.14.0+cu130
gpt2	torch-compile	warm	2	4	2414.5			torch-2.14.0+cu130
gpt2	torch-compile	warm	2	5	2470.7			torch-2.14.0+cu130
gpt2	torch-compile	warm	2	6	2409.5			torch-2.14.0+cu130
gpt2	torch-compile	warm	2	7	2434.0			torch-2.14.0+cu130
gpt2	torch-compile	warm	2	8	2384.4			torch-2.14.0+cu130
gpt2	torch-compile	warm	2	9	2400.6			torch-2.14.0+cu130
gpt2	torch-compile	warm	2	10	2406.4			torch-2.14.0+cu130
gpt2	torch-compile	warm	2	11	2422.1			torch-2.14.0+cu130
gpt2	torch-compile	warm	2	12	2437.4			torch-2.14.0+cu130
gpt2	torch-compile	warm	2	13	2417.8			torch-2.14.0+cu130
gpt2	torch-compile	warm	2	14	2427.6			torch-2.14.0+cu130
gpt2	torch-compile	warm	2	15	2406.4			torch-2.14.0+cu130
gpt2	torch-compile	warm	2	16	2422.8			torch-2.14.0+cu130
gpt2	torch-compile	warm	2	17	2395.2			torch-2.14.0+cu130
gpt2	torch-compile	warm	2	18	2379.2			torch-2.14.0+cu130
gpt2	torch-compile	warm	2	19	2393.0			torch-2.14.0+cu130
gpt2	torch-compile	warm	2	20	2390.6			torch-2.14.0+cu130
gpt2	torch-compile	warm	2	21	2443.6			torch-2.14.0+cu130
gpt2	torch-compile	warm	2	22	2397.8			torch-2.14.0+cu130
gpt2	torch-compile	warm	2	23	2374.6			torch-2.14.0+cu130
gpt2	torch-compile	warm	2	24	2428.1			torch-2.14.0+cu130
gpt2	torch-compile	warm	2	25	2402.5			torch-2.14.0+cu130
gpt2	torch-compile	warm	2	26	2458.6			torch-2.14.0+cu130
gpt2	torch-compile	warm	2	27	2387.5			torch-2.14.0+cu130
gpt2	torch-compile	warm	2	28	2429.2			torch-2.14.0+cu130
gpt2	torch-compile	warm	2	29	2457.4			torch-2.14.0+cu130
gpt2	torch-compile	warm	2	30	2519.6			torch-2.14.0+cu130
gpt2	torch-compile	warm	2	31	2458.1			torch-2.14.0+cu130
gpt2	torch-compile	warm	2	32	2446.4			torch-2.14.0+cu130
gpt2	torch-compile	warm	2	33	2430.2			torch-2.14.0+cu130
gpt2	torch-compile	warm	2	34	2442.1			torch-2.14.0+cu130
gpt2	torch-compile	warm	2	35	2416.4			torch-2.14.0+cu130
gpt2	torch-compile	warm	2	36	2450.7			torch-2.14.0+cu130
gpt2	torch-compile	warm	2	37	2455.0			torch-2.14.0+cu130
gpt2	torch-compile	warm	2	38	2422.6			torch-2.14.0+cu130
gpt2	torch-compile	warm	2	39	2402.8			torch-2.14.0+cu130
gpt2	torch-compile	warm	2	40	2389.9			torch-2.14.0+cu130
gpt2	torch-compile	warm	2	41	2408.0			torch-2.14.0+cu130
gpt2	torch-compile	warm	2	42	2404.2			torch-2.14.0+cu130
gpt2	torch-compile	warm	2	43	2426.1			torch-2.14.0+cu130
gpt2	torch-compile	warm	2	44	2399.4			torch-2.14.0+cu130
gpt2	torch-compile	warm	2	45	2423.8			torch-2.14.0+cu130
gpt2	torch-compile	warm	2	46	2400.6			torch-2.14.0+cu130
gpt2	torch-compile	warm	2	47	2406.8			torch-2.14.0+cu130
gpt2	torch-compile	warm	2	48	2399.0			torch-2.14.0+cu130
gpt2	torch-compile	warm	2	49	2397.5			torch-2.14.0+cu130
gpt2	torch-compile	warm	2	50	2439.0			torch-2.14.0+cu130
gpt2	torch-compile	warm	2	51	2429.0			torch-2.14.0+cu130
gpt2	torch-compile	warm	2	52	2406.6			torch-2.14.0+cu130
gpt2	torch-compile	warm	2	53	2454.5			torch-2.14.0+cu130
gpt2	torch-compile	warm	2	54	2430.9			torch-2.14.0+cu130
gpt2	torch-compile	warm	2	55	2384.2			torch-2.14.0+cu130
gpt2	torch-compile	warm	2	56	2409.7			torch-2.14.0+cu130
gpt2	torch-compile	warm	2	57	2410.4			torch-2.14.0+cu130
gpt2	torch-compile	warm	2	58	2380.1			torch-2.14.0+cu130
gpt2	torch-compile	warm	2	59	2459.3			torch-2.14.0+cu130
gpt2	torch-compile	warm	2	60	2411.4			torch-2.14.0+cu130
gpt2	torch-compile	warm	2	61	2411.1			torch-2.14.0+cu130
gpt2	torch-compile	warm	2	62	2396.3			torch-2.14.0+cu130
gpt2	torch-compile	warm	2	63	2449.5			torch-2.14.0+cu130
gpt2	torch-compile	warm	2	64	2393.0			torch-2.14.0+cu130
gpt2	torch-compile	warm	2	65	2436.2			torch-2.14.0+cu130
gpt2	torch-compile	warm	2	66	2392.3			torch-2.14.0+cu130
gpt2	torch-compile	warm	2	67	2380.6			torch-2.14.0+cu130
gpt2	torch-compile	warm	2	68	2453.1			torch-2.14.0+cu130
gpt2	torch-compile	warm	2	69	2409.7			torch-2.14.0+cu130
gpt2	torch-compile	warm	2	70	2405.4			torch-2.14.0+cu130
gpt2	torch-compile	warm	2	71	2470.5			torch-2.14.0+cu130
gpt2	torch-compile	warm	2	72	2417.3			torch-2.14.0+cu130
gpt2	torch-compile	warm	2	73	2413.0			torch-2.14.0+cu130
gpt2	torch-compile	warm	2	74	2393.2			torch-2.14.0+cu130
gpt2	torch-compile	warm	2	75	2399.7			torch-2.14.0+cu130
gpt2	torch-compile	warm	2	76	2404.2			torch-2.14.0+cu130
gpt2	torch-compile	warm	2	77	2447.6			torch-2.14.0+cu130
gpt2	torch-compile	warm	2	78	2447.8			torch-2.14.0+cu130
gpt2	torch-compile	warm	2	79	2435.2			torch-2.14.0+cu130
gpt2	torch-compile	warm	2	80	2466.4			torch-2.14.0+cu130
gpt2	torch-compile	warm	2	81	2457.1			torch-2.14.0+cu130
gpt2	torch-compile	warm	2	82	2456.4			torch-2.14.0+cu130
gpt2	torch-compile	warm	2	83	2502.7			torch-2.14.0+cu130
gpt2	torch-compile	warm	2	84	2487.7			torch-2.14.0+cu130
gpt2	torch-compile	warm	2	85	2430.2			torch-2.14.0+cu130
gpt2	torch-compile	warm	2	86	2432.3			torch-2.14.0+cu130
gpt2	torch-compile	warm	2	87	2424.5			torch-2.14.0+cu130
gpt2	torch-compile	warm	2	88	2416.8			torch-2.14.0+cu130
gpt2	torch-compile	warm	2	89	2418.8			torch-2.14.0+cu130
gpt2	torch-compile	warm	2	90	2403.3			torch-2.14.0+cu130
gpt2	torch-compile	warm	2	91	2426.4			torch-2.14.0+cu130
gpt2	torch-compile	warm	2	92	2408.5			torch-2.14.0+cu130
gpt2	torch-compile	warm	2	93	2419.0			torch-2.14.0+cu130
gpt2	torch-compile	warm	2	94	2404.9			torch-2.14.0+cu130
gpt2	torch-compile	warm	2	95	2381.3			torch-2.14.0+cu130
gpt2	torch-compile	warm	2	96	2333.4			torch-2.14.0+cu130
gpt2	torch-compile	warm	2	97	2367.7			torch-2.14.0+cu130
gpt2	torch-compile	warm	2	98	2367.0			torch-2.14.0+cu130
gpt2	torch-compile	warm	2	99	2335.5			torch-2.14.0+cu130
gpt2	torch-compile	warm	2	100	2360.1			torch-2.14.0+cu130
gpt2	torch-compile	warm	2	101	2319.6			torch-2.14.0+cu130
gpt2	torch-compile	warm	2	102	2326.0			torch-2.14.0+cu130
gpt2	torch-compile	warm	2	103	2326.5			torch-2.14.0+cu130
gpt2	torch-compile	warm	2	104	2388.2			torch-2.14.0+cu130
gpt2	torch-compile	warm	2	105	2355.1			torch-2.14.0+cu130
gpt2	torch-compile	warm	2	106	2363.2			torch-2.14.0+cu130
gpt2	torch-compile	warm	2	107	2382.8			torch-2.14.0+cu130
gpt2	torch-compile	warm	2	108	2386.8			torch-2.14.0+cu130
gpt2	torch-compile	warm	2	109	2362.3			torch-2.14.0+cu130
gpt2	torch-compile	warm	2	110	2344.1			torch-2.14.0+cu130
gpt2	torch-compile	warm	2	111	2350.1			torch-2.14.0+cu130
gpt2	torch-compile	warm	2	112	2399.2			torch-2.14.0+cu130
gpt2	torch-compile	warm	2	113	2354.6			torch-2.14.0+cu130
gpt2	torch-compile	warm	2	114	2356.5			torch-2.14.0+cu130
gpt2	torch-compile	warm	2	115	2362.5			torch-2.14.0+cu130
gpt2	torch-compile	warm	2	116	2352.2			torch-2.14.0+cu130
gpt2	torch-compile	warm	2	117	2335.1			torch-2.14.0+cu130
gpt2	torch-compile	warm	2	118	2437.4			torch-2.14.0+cu130
gpt2	torch-compile	warm	2	119	2411.4			torch-2.14.0+cu130
gpt2	torch-compile	warm	2	120	2381.3			torch-2.14.0+cu130
gpt2	torch-compile	warm	2	121	2413.3			torch-2.14.0+cu130
gpt2	torch-compile	warm	2	122	2395.9			torch-2.14.0+cu130
gpt2	torch-compile	warm	2	123	2372.0			torch-2.14.0+cu130
gpt2	torch-compile	warm	2	124	2356.1			torch-2.14.0+cu130
gpt2	torch-compile	warm	2	125	2356.1			torch-2.14.0+cu130
gpt2	torch-compile	warm	2	126	2349.4			torch-2.14.0+cu130
gpt2	torch-compile	warm	2	127	2365.4			torch-2.14.0+cu130
gpt2	torch-compile	warm	2	128	2366.3			torch-2.14.0+cu130
gpt2	torch-compile	warm	2	129	2348.7			torch-2.14.0+cu130
gpt2	torch-compile	warm	2	130	2347.0			torch-2.14.0+cu130
gpt2	torch-compile	warm	2	131	2394.7			torch-2.14.0+cu130
gpt2	torch-compile	warm	2	132	2369.9			torch-2.14.0+cu130
gpt2	torch-compile	warm	2	133	2338.2			torch-2.14.0+cu130
gpt2	torch-compile	warm	2	134	2396.6			torch-2.14.0+cu130
gpt2	torch-compile	warm	2	135	2346.8			torch-2.14.0+cu130
gpt2	torch-compile	warm	2	136	2386.8			torch-2.14.0+cu130
gpt2	torch-compile	warm	2	137	2340.6			torch-2.14.0+cu130
gpt2	torch-compile	warm	2	138	2340.8			torch-2.14.0+cu130
gpt2	torch-compile	warm	2	139	2363.0			torch-2.14.0+cu130
gpt2	torch-compile	warm	2	140	2348.7			torch-2.14.0+cu130
gpt2	torch-compile	warm	2	141	2333.6			torch-2.14.0+cu130
gpt2	torch-compile	warm	2	142	2357.7			torch-2.14.0+cu130
gpt2	torch-compile	warm	2	143	2346.5			torch-2.14.0+cu130
gpt2	torch-compile	warm	2	144	2350.1			torch-2.14.0+cu130
gpt2	torch-compile	warm	2	145	2372.7			torch-2.14.0+cu130
gpt2	torch-compile	warm	2	146	2360.8			torch-2.14.0+cu130
gpt2	torch-compile	warm	2	147	2335.3			torch-2.14.0+cu130
gpt2	torch-compile	warm	2	148	2421.6			torch-2.14.0+cu130
gpt2	torch-compile	warm	2	149	2342.0			torch-2.14.0+cu130
gpt2	torch-compile	warm	2	150	2370.6			torch-2.14.0+cu130
gpt2	torch-compile	warm	2	151	2404.5			torch-2.14.0+cu130
gpt2	torch-compile	warm	2	152	2335.3			torch-2.14.0+cu130
gpt2	torch-compile	warm	2	153	2360.1			torch-2.14.0+cu130
gpt2	torch-compile	warm	2	154	2343.9			torch-2.14.0+cu130
gpt2	torch-compile	warm	2	155	2353.0			torch-2.14.0+cu130
gpt2	torch-compile	warm	2	156	2338.6			torch-2.14.0+cu130
gpt2	torch-compile	warm	2	157	2395.4			torch-2.14.0+cu130
gpt2	torch-compile	warm	2	158	2370.6			torch-2.14.0+cu130
gpt2	torch-compile	warm	2	159	2323.6			torch-2.14.0+cu130
gpt2	torch-compile	warm	2	160	2378.2			torch-2.14.0+cu130
gpt2	torch-compile	warm	2	161	2405.9			torch-2.14.0+cu130
gpt2	torch-compile	warm	2	162	2370.6			torch-2.14.0+cu130
gpt2	torch-compile	warm	2	163	2331.7			torch-2.14.0+cu130
gpt2	torch-compile	warm	2	164	2362.5			torch-2.14.0+cu130
gpt2	torch-compile	warm	2	165	2363.2			torch-2.14.0+cu130
gpt2	torch-compile	warm	2	166	2328.2			torch-2.14.0+cu130
gpt2	torch-compile	warm	2	167	2336.7			torch-2.14.0+cu130
gpt2	torch-compile	warm	2	168	2355.8			torch-2.14.0+cu130
gpt2	torch-compile	warm	2	169	2363.9			torch-2.14.0+cu130
gpt2	torch-compile	warm	2	170	2340.3			torch-2.14.0+cu130
gpt2	torch-compile	warm	2	171	2389.4			torch-2.14.0+cu130
gpt2	torch-compile	warm	2	172	2417.1			torch-2.14.0+cu130
gpt2	torch-compile	warm	2	173	2337.0			torch-2.14.0+cu130
gpt2	torch-compile	warm	2	174	2412.8			torch-2.14.0+cu130
gpt2	torch-compile	warm	2	175	2350.3			torch-2.14.0+cu130
gpt2	torch-compile	warm	2	176	2402.5			torch-2.14.0+cu130
gpt2	torch-compile	warm	2	177	2437.6			torch-2.14.0+cu130
gpt2	torch-compile	warm	2	178	2356.5			torch-2.14.0+cu130
gpt2	torch-compile	warm	2	179	2337.5			torch-2.14.0+cu130
gpt2	torch-compile	warm	2	180	2412.6			torch-2.14.0+cu130
gpt2	torch-compile	warm	2	181	2346.8			torch-2.14.0+cu130
gpt2	torch-compile	warm	2	182	2366.1			torch-2.14.0+cu130
gpt2	torch-compile	warm	2	183	2394.9			torch-2.14.0+cu130
gpt2	torch-compile	warm	2	184	2357.5			torch-2.14.0+cu130
gpt2	torch-compile	warm	2	185	2348.2			torch-2.14.0+cu130
gpt2	torch-compile	warm	2	186	2331.0			torch-2.14.0+cu130
gpt2	torch-compile	warm	2	187	2329.3			torch-2.14.0+cu130
gpt2	torch-compile	warm	2	188	2332.7			torch-2.14.0+cu130
gpt2	torch-compile	warm	2	189	2357.0			torch-2.14.0+cu130
gpt2	torch-compile	warm	2	190	2338.6			torch-2.14.0+cu130
gpt2	torch-compile	warm	2	191	2338.9			torch-2.14.0+cu130
gpt2	torch-compile	warm	2	192	2338.6			torch-2.14.0+cu130
gpt2	torch-compile	warm	2	193	2354.4			torch-2.14.0+cu130
gpt2	torch-compile	warm	2	194	2341.5			torch-2.14.0+cu130
gpt2	torch-compile	warm	2	195	2358.0			torch-2.14.0+cu130
gpt2	torch-compile	warm	2	196	2347.2			torch-2.14.0+cu130
gpt2	torch-compile	warm	2	197	2348.7			torch-2.14.0+cu130
gpt2	torch-compile	warm	2	198	2326.0			torch-2.14.0+cu130
gpt2	torch-compile	warm	2	199	2332.4			torch-2.14.0+cu130
gpt2	torch-compile	warm	2	200	2355.6			torch-2.14.0+cu130
gpt2	torch-compile	warm	2	201	2363.4			torch-2.14.0+cu130
gpt2	torch-compile	warm	2	202	2374.4			torch-2.14.0+cu130
gpt2	torch-compile	warm	2	203	2357.2			torch-2.14.0+cu130
gpt2	torch-compile	warm	2	204	2332.9			torch-2.14.0+cu130
gpt2	torch-compile	warm	2	205	2381.8			torch-2.14.0+cu130
gpt2	torch-compile	warm	2	206	2405.6			torch-2.14.0+cu130
gpt2	torch-compile	warm	2	207	2330.8			torch-2.14.0+cu130
gpt2	torch-compile	warm	2	208	2348.9			torch-2.14.0+cu130
gpt2	torch-compile	warm	2	209	2345.3			torch-2.14.0+cu130
gpt2	torch-compile	warm	2	210	2352.5			torch-2.14.0+cu130
gpt2	torch-compile	warm	2	211	2332.4			torch-2.14.0+cu130
gpt2	torch-compile	warm	2	212	2355.6			torch-2.14.0+cu130
gpt2	torch-compile	warm	2	213	2366.5			torch-2.14.0+cu130
gpt2	torch-compile	warm	2	214	2364.6			torch-2.14.0+cu130
gpt2	torch-compile	warm	2	215	2332.2			torch-2.14.0+cu130
gpt2	torch-compile	warm	2	216	2362.7			torch-2.14.0+cu130
gpt2	torch-compile	warm	2	217	2347.0			torch-2.14.0+cu130
gpt2	torch-compile	warm	2	218	2359.2			torch-2.14.0+cu130
gpt2	torch-compile	warm	2	219	2477.6			torch-2.14.0+cu130
gpt2	torch-compile	warm	2	220	2371.5			torch-2.14.0+cu130
gpt2	torch-compile	warm	2	221	2360.1			torch-2.14.0+cu130
gpt2	torch-compile	warm	2	222	2404.0			torch-2.14.0+cu130
gpt2	torch-compile	warm	2	223	2341.7			torch-2.14.0+cu130
gpt2	torch-compile	warm	2	224	2357.5			torch-2.14.0+cu130
gpt2	torch-compile	warm	2	225	2329.3			torch-2.14.0+cu130
gpt2	torch-compile	warm	2	226	2377.0			torch-2.14.0+cu130
gpt2	torch-compile	warm	2	227	2336.3			torch-2.14.0+cu130
gpt2	torch-compile	warm	2	228	2329.8			torch-2.14.0+cu130
gpt2	torch-compile	warm	2	229	2343.4			torch-2.14.0+cu130
gpt2	torch-compile	warm	2	230	2337.5			torch-2.14.0+cu130
gpt2	torch-compile	warm	2	231	2356.1			torch-2.14.0+cu130
gpt2	torch-compile	warm	2	232	2359.4			torch-2.14.0+cu130
gpt2	torch-compile	warm	2	233	2345.8			torch-2.14.0+cu130
gpt2	torch-compile	warm	2	234	2352.2			torch-2.14.0+cu130
gpt2	torch-compile	warm	2	235	2462.6			torch-2.14.0+cu130
gpt2	torch-compile	warm	2	236	2405.2			torch-2.14.0+cu130
gpt2	torch-compile	warm	2	237	2367.5			torch-2.14.0+cu130
gpt2	torch-compile	warm	2	238	2380.1			torch-2.14.0+cu130
gpt2	torch-compile	warm	2	239	2335.8			torch-2.14.0+cu130
gpt2	torch-compile	warm	2	240	2358.2			torch-2.14.0+cu130
gpt2	torch-compile	warm	2	241	2367.7			torch-2.14.0+cu130
gpt2	torch-compile	warm	2	242	2361.8			torch-2.14.0+cu130
gpt2	torch-compile	warm	2	243	2362.0			torch-2.14.0+cu130
gpt2	torch-compile	warm	2	244	2352.7			torch-2.14.0+cu130
gpt2	torch-compile	warm	2	245	2350.3			torch-2.14.0+cu130
gpt2	torch-compile	warm	2	246	2365.1			torch-2.14.0+cu130
gpt2	torch-compile	warm	2	247	2342.7			torch-2.14.0+cu130
gpt2	torch-compile	warm	2	248	2349.9			torch-2.14.0+cu130
gpt2	torch-compile	warm	2	249	2381.6			torch-2.14.0+cu130
gpt2	torch-compile	warm	2	250	2342.2			torch-2.14.0+cu130
gpt2	torch-compile	warm	2	251	2347.7			torch-2.14.0+cu130
gpt2	torch-compile	warm	2	252	2342.5			torch-2.14.0+cu130
gpt2	torch-compile	warm	2	253	2353.7			torch-2.14.0+cu130
gpt2	torch-compile	warm	2	254	2339.1			torch-2.14.0+cu130
gpt2	torch-compile	warm	2	255	2336.7			torch-2.14.0+cu130
gpt2	torch-compile	warm	2	256	2351.8			torch-2.14.0+cu130
gpt2	torch-compile	warm	2	257	2353.7			torch-2.14.0+cu130
gpt2	torch-compile	warm	2	258	2342.2			torch-2.14.0+cu130
gpt2	torch-compile	warm	2	259	2359.2			torch-2.14.0+cu130
gpt2	torch-compile	warm	2	260	2345.6			torch-2.14.0+cu130
gpt2	torch-compile	warm	2	261	2373.2			torch-2.14.0+cu130
gpt2	torch-compile	warm	2	262	2354.1			torch-2.14.0+cu130
gpt2	torch-compile	warm	2	263	2371.1			torch-2.14.0+cu130
gpt2	torch-compile	warm	2	264	2354.1			torch-2.14.0+cu130
gpt2	torch-compile	warm	2	265	2355.8			torch-2.14.0+cu130
gpt2	torch-compile	warm	2	266	2599.7			torch-2.14.0+cu130
gpt2	torch-compile	warm	2	267	2382.5			torch-2.14.0+cu130
gpt2	torch-compile	warm	2	268	2337.2			torch-2.14.0+cu130
gpt2	torch-compile	warm	2	269	2341.0			torch-2.14.0+cu130
gpt2	torch-compile	warm	2	270	2341.3			torch-2.14.0+cu130
gpt2	torch-compile	warm	2	271	2341.5			torch-2.14.0+cu130
gpt2	torch-compile	warm	2	272	2325.8			torch-2.14.0+cu130
gpt2	torch-compile	warm	2	273	2373.9			torch-2.14.0+cu130
gpt2	torch-compile	warm	2	274	2361.1			torch-2.14.0+cu130
gpt2	torch-compile	warm	2	275	2339.1			torch-2.14.0+cu130
gpt2	torch-compile	warm	2	276	2333.6			torch-2.14.0+cu130
gpt2	torch-compile	warm	2	277	2362.0			torch-2.14.0+cu130
gpt2	torch-compile	warm	2	278	2357.0			torch-2.14.0+cu130
gpt2	torch-compile	warm	2	279	2338.6			torch-2.14.0+cu130
gpt2	torch-compile	warm	2	280	2333.9			torch-2.14.0+cu130
gpt2	torch-compile	warm	2	281	2378.9			torch-2.14.0+cu130
gpt2	torch-compile	warm	2	282	2353.9			torch-2.14.0+cu130
gpt2	torch-compile	warm	2	283	2373.7			torch-2.14.0+cu130
gpt2	torch-compile	warm	2	284	2353.9			torch-2.14.0+cu130
gpt2	torch-compile	warm	2	285	2433.8			torch-2.14.0+cu130
gpt2	torch-compile	warm	2	286	2399.2			torch-2.14.0+cu130
gpt2	torch-compile	warm	2	287	2402.5			torch-2.14.0+cu130
gpt2	torch-compile	warm	2	288	2388.7			torch-2.14.0+cu130
gpt2	torch-compile	warm	2	289	2449.5			torch-2.14.0+cu130
gpt2	torch-compile	warm	2	290	2430.9			torch-2.14.0+cu130
gpt2	torch-compile	warm	2	291	2461.4			torch-2.14.0+cu130
gpt2	torch-compile	warm	2	292	2413.5			torch-2.14.0+cu130
gpt2	torch-compile	warm	2	293	2404.5			torch-2.14.0+cu130
gpt2	torch-compile	warm	2	294	2448.3			torch-2.14.0+cu130
gpt2	torch-compile	warm	2	295	2407.1			torch-2.14.0+cu130
gpt2	torch-compile	warm	2	296	2368.7			torch-2.14.0+cu130
gpt2	torch-compile	warm	2	297	2382.3			torch-2.14.0+cu130
gpt2	torch-compile	warm	2	298	2407.6			torch-2.14.0+cu130
gpt2	torch-compile	warm	2	299	2414.9			torch-2.14.0+cu130
gpt2	torch-compile-ro	warm	2	0	2772471.7			torch-2.14.0+cu130
gpt2	torch-compile-ro	warm	2	1	32975.0			torch-2.14.0+cu130
gpt2	torch-compile-ro	warm	2	2	2647.4			torch-2.14.0+cu130
gpt2	torch-compile-ro	warm	2	3	2497.7			torch-2.14.0+cu130
gpt2	torch-compile-ro	warm	2	4	2438.8			torch-2.14.0+cu130
gpt2	torch-compile-ro	warm	2	5	2359.6			torch-2.14.0+cu130
gpt2	torch-compile-ro	warm	2	6	2311.2			torch-2.14.0+cu130
gpt2	torch-compile-ro	warm	2	7	2266.4			torch-2.14.0+cu130
gpt2	torch-compile-ro	warm	2	8	2252.6			torch-2.14.0+cu130
gpt2	torch-compile-ro	warm	2	9	2251.1			torch-2.14.0+cu130
gpt2	torch-compile-ro	warm	2	10	2220.2			torch-2.14.0+cu130
gpt2	torch-compile-ro	warm	2	11	2219.4			torch-2.14.0+cu130
gpt2	torch-compile-ro	warm	2	12	2185.3			torch-2.14.0+cu130
gpt2	torch-compile-ro	warm	2	13	2194.4			torch-2.14.0+cu130
gpt2	torch-compile-ro	warm	2	14	2215.6			torch-2.14.0+cu130
gpt2	torch-compile-ro	warm	2	15	2206.3			torch-2.14.0+cu130
gpt2	torch-compile-ro	warm	2	16	2176.8			torch-2.14.0+cu130
gpt2	torch-compile-ro	warm	2	17	2202.5			torch-2.14.0+cu130
gpt2	torch-compile-ro	warm	2	18	2198.2			torch-2.14.0+cu130
gpt2	torch-compile-ro	warm	2	19	2188.4			torch-2.14.0+cu130
gpt2	torch-compile-ro	warm	2	20	2165.6			torch-2.14.0+cu130
gpt2	torch-compile-ro	warm	2	21	2188.0			torch-2.14.0+cu130
gpt2	torch-compile-ro	warm	2	22	2186.3			torch-2.14.0+cu130
gpt2	torch-compile-ro	warm	2	23	2194.2			torch-2.14.0+cu130
gpt2	torch-compile-ro	warm	2	24	2171.8			torch-2.14.0+cu130
gpt2	torch-compile-ro	warm	2	25	2169.1			torch-2.14.0+cu130
gpt2	torch-compile-ro	warm	2	26	2184.6			torch-2.14.0+cu130
gpt2	torch-compile-ro	warm	2	27	2171.8			torch-2.14.0+cu130
gpt2	torch-compile-ro	warm	2	28	2188.7			torch-2.14.0+cu130
gpt2	torch-compile-ro	warm	2	29	2181.1			torch-2.14.0+cu130
gpt2	torch-compile-ro	warm	2	30	2234.5			torch-2.14.0+cu130
gpt2	torch-compile-ro	warm	2	31	2216.3			torch-2.14.0+cu130
gpt2	torch-compile-ro	warm	2	32	2167.9			torch-2.14.0+cu130
gpt2	torch-compile-ro	warm	2	33	2186.3			torch-2.14.0+cu130
gpt2	torch-compile-ro	warm	2	34	2182.2			torch-2.14.0+cu130
gpt2	torch-compile-ro	warm	2	35	2173.4			torch-2.14.0+cu130
gpt2	torch-compile-ro	warm	2	36	2167.5			torch-2.14.0+cu130
gpt2	torch-compile-ro	warm	2	37	2206.6			torch-2.14.0+cu130
gpt2	torch-compile-ro	warm	2	38	2194.4			torch-2.14.0+cu130
gpt2	torch-compile-ro	warm	2	39	2192.5			torch-2.14.0+cu130
gpt2	torch-compile-ro	warm	2	40	2198.5			torch-2.14.0+cu130
gpt2	torch-compile-ro	warm	2	41	2187.7			torch-2.14.0+cu130
gpt2	torch-compile-ro	warm	2	42	2188.7			torch-2.14.0+cu130
gpt2	torch-compile-ro	warm	2	43	2173.4			torch-2.14.0+cu130
gpt2	torch-compile-ro	warm	2	44	2194.4			torch-2.14.0+cu130
gpt2	torch-compile-ro	warm	2	45	2203.2			torch-2.14.0+cu130
gpt2	torch-compile-ro	warm	2	46	2188.0			torch-2.14.0+cu130
gpt2	torch-compile-ro	warm	2	47	2175.8			torch-2.14.0+cu130
gpt2	torch-compile-ro	warm	2	48	2170.3			torch-2.14.0+cu130
gpt2	torch-compile-ro	warm	2	49	2184.9			torch-2.14.0+cu130
gpt2	torch-compile-ro	warm	2	50	2174.9			torch-2.14.0+cu130
gpt2	torch-compile-ro	warm	2	51	2174.1			torch-2.14.0+cu130
gpt2	torch-compile-ro	warm	2	52	2175.8			torch-2.14.0+cu130
gpt2	torch-compile-ro	warm	2	53	2183.4			torch-2.14.0+cu130
gpt2	torch-compile-ro	warm	2	54	2183.9			torch-2.14.0+cu130
gpt2	torch-compile-ro	warm	2	55	2188.9			torch-2.14.0+cu130
gpt2	torch-compile-ro	warm	2	56	2176.0			torch-2.14.0+cu130
gpt2	torch-compile-ro	warm	2	57	2245.9			torch-2.14.0+cu130
gpt2	torch-compile-ro	warm	2	58	2236.4			torch-2.14.0+cu130
gpt2	torch-compile-ro	warm	2	59	2199.9			torch-2.14.0+cu130
gpt2	torch-compile-ro	warm	2	60	2231.6			torch-2.14.0+cu130
gpt2	torch-compile-ro	warm	2	61	2174.1			torch-2.14.0+cu130
gpt2	torch-compile-ro	warm	2	62	2186.3			torch-2.14.0+cu130
gpt2	torch-compile-ro	warm	2	63	2167.9			torch-2.14.0+cu130
gpt2	torch-compile-ro	warm	2	64	2175.1			torch-2.14.0+cu130
gpt2	torch-compile-ro	warm	2	65	2166.3			torch-2.14.0+cu130
gpt2	torch-compile-ro	warm	2	66	2188.2			torch-2.14.0+cu130
gpt2	torch-compile-ro	warm	2	67	2200.8			torch-2.14.0+cu130
gpt2	torch-compile-ro	warm	2	68	2179.1			torch-2.14.0+cu130
gpt2	torch-compile-ro	warm	2	69	2162.9			torch-2.14.0+cu130
gpt2	torch-compile-ro	warm	2	70	2163.2			torch-2.14.0+cu130
gpt2	torch-compile-ro	warm	2	71	2167.9			torch-2.14.0+cu130
gpt2	torch-compile-ro	warm	2	72	2174.6			torch-2.14.0+cu130
gpt2	torch-compile-ro	warm	2	73	2184.2			torch-2.14.0+cu130
gpt2	torch-compile-ro	warm	2	74	2281.7			torch-2.14.0+cu130
gpt2	torch-compile-ro	warm	2	75	2257.3			torch-2.14.0+cu130
gpt2	torch-compile-ro	warm	2	76	2273.8			torch-2.14.0+cu130
gpt2	torch-compile-ro	warm	2	77	2283.6			torch-2.14.0+cu130
gpt2	torch-compile-ro	warm	2	78	2246.1			torch-2.14.0+cu130
gpt2	torch-compile-ro	warm	2	79	2271.7			torch-2.14.0+cu130
gpt2	torch-compile-ro	warm	2	80	2261.2			torch-2.14.0+cu130
gpt2	torch-compile-ro	warm	2	81	2247.6			torch-2.14.0+cu130
gpt2	torch-compile-ro	warm	2	82	2234.0			torch-2.14.0+cu130
gpt2	torch-compile-ro	warm	2	83	2219.0			torch-2.14.0+cu130
gpt2	torch-compile-ro	warm	2	84	2202.5			torch-2.14.0+cu130
gpt2	torch-compile-ro	warm	2	85	2199.6			torch-2.14.0+cu130
gpt2	torch-compile-ro	warm	2	86	2198.7			torch-2.14.0+cu130
gpt2	torch-compile-ro	warm	2	87	2194.6			torch-2.14.0+cu130
gpt2	torch-compile-ro	warm	2	88	2192.7			torch-2.14.0+cu130
gpt2	torch-compile-ro	warm	2	89	2180.8			torch-2.14.0+cu130
gpt2	torch-compile-ro	warm	2	90	2166.7			torch-2.14.0+cu130
gpt2	torch-compile-ro	warm	2	91	2231.6			torch-2.14.0+cu130
gpt2	torch-compile-ro	warm	2	92	2223.3			torch-2.14.0+cu130
gpt2	torch-compile-ro	warm	2	93	2168.2			torch-2.14.0+cu130
gpt2	torch-compile-ro	warm	2	94	2218.5			torch-2.14.0+cu130
gpt2	torch-compile-ro	warm	2	95	2176.3			torch-2.14.0+cu130
gpt2	torch-compile-ro	warm	2	96	2198.0			torch-2.14.0+cu130
gpt2	torch-compile-ro	warm	2	97	2238.8			torch-2.14.0+cu130
gpt2	torch-compile-ro	warm	2	98	2157.9			torch-2.14.0+cu130
gpt2	torch-compile-ro	warm	2	99	2170.3			torch-2.14.0+cu130
gpt2	torch-compile-ro	warm	2	100	2170.8			torch-2.14.0+cu130
gpt2	torch-compile-ro	warm	2	101	2173.2			torch-2.14.0+cu130
gpt2	torch-compile-ro	warm	2	102	2181.8			torch-2.14.0+cu130
gpt2	torch-compile-ro	warm	2	103	2237.6			torch-2.14.0+cu130
gpt2	torch-compile-ro	warm	2	104	2196.3			torch-2.14.0+cu130
gpt2	torch-compile-ro	warm	2	105	2239.5			torch-2.14.0+cu130
gpt2	torch-compile-ro	warm	2	106	2183.4			torch-2.14.0+cu130
gpt2	torch-compile-ro	warm	2	107	2196.6			torch-2.14.0+cu130
gpt2	torch-compile-ro	warm	2	108	2175.8			torch-2.14.0+cu130
gpt2	torch-compile-ro	warm	2	109	2174.1			torch-2.14.0+cu130
gpt2	torch-compile-ro	warm	2	110	2164.8			torch-2.14.0+cu130
gpt2	torch-compile-ro	warm	2	111	2174.4			torch-2.14.0+cu130
gpt2	torch-compile-ro	warm	2	112	2172.2			torch-2.14.0+cu130
gpt2	torch-compile-ro	warm	2	113	2187.7			torch-2.14.0+cu130
gpt2	torch-compile-ro	warm	2	114	2161.5			torch-2.14.0+cu130
gpt2	torch-compile-ro	warm	2	115	2173.9			torch-2.14.0+cu130
gpt2	torch-compile-ro	warm	2	116	2163.6			torch-2.14.0+cu130
gpt2	torch-compile-ro	warm	2	117	2174.1			torch-2.14.0+cu130
gpt2	torch-compile-ro	warm	2	118	2192.7			torch-2.14.0+cu130
gpt2	torch-compile-ro	warm	2	119	2212.0			torch-2.14.0+cu130
gpt2	torch-compile-ro	warm	2	120	2149.3			torch-2.14.0+cu130
gpt2	torch-compile-ro	warm	2	121	2114.1			torch-2.14.0+cu130
gpt2	torch-compile-ro	warm	2	122	2128.1			torch-2.14.0+cu130
gpt2	torch-compile-ro	warm	2	123	2132.4			torch-2.14.0+cu130
gpt2	torch-compile-ro	warm	2	124	2139.3			torch-2.14.0+cu130
gpt2	torch-compile-ro	warm	2	125	2088.1			torch-2.14.0+cu130
gpt2	torch-compile-ro	warm	2	126	2102.1			torch-2.14.0+cu130
gpt2	torch-compile-ro	warm	2	127	2103.3			torch-2.14.0+cu130
gpt2	torch-compile-ro	warm	2	128	2161.7			torch-2.14.0+cu130
gpt2	torch-compile-ro	warm	2	129	2111.0			torch-2.14.0+cu130
gpt2	torch-compile-ro	warm	2	130	2135.5			torch-2.14.0+cu130
gpt2	torch-compile-ro	warm	2	131	2092.4			torch-2.14.0+cu130
gpt2	torch-compile-ro	warm	2	132	2092.1			torch-2.14.0+cu130
gpt2	torch-compile-ro	warm	2	133	2097.8			torch-2.14.0+cu130
gpt2	torch-compile-ro	warm	2	134	2123.6			torch-2.14.0+cu130
gpt2	torch-compile-ro	warm	2	135	2123.6			torch-2.14.0+cu130
gpt2	torch-compile-ro	warm	2	136	2129.1			torch-2.14.0+cu130
gpt2	torch-compile-ro	warm	2	137	2100.2			torch-2.14.0+cu130
gpt2	torch-compile-ro	warm	2	138	2096.4			torch-2.14.0+cu130
gpt2	torch-compile-ro	warm	2	139	2121.2			torch-2.14.0+cu130
gpt2	torch-compile-ro	warm	2	140	2097.8			torch-2.14.0+cu130
gpt2	torch-compile-ro	warm	2	141	2106.2			torch-2.14.0+cu130
gpt2	torch-compile-ro	warm	2	142	2087.4			torch-2.14.0+cu130
gpt2	torch-compile-ro	warm	2	143	2099.8			torch-2.14.0+cu130
gpt2	torch-compile-ro	warm	2	144	2087.8			torch-2.14.0+cu130
gpt2	torch-compile-ro	warm	2	145	2108.8			torch-2.14.0+cu130
gpt2	torch-compile-ro	warm	2	146	2151.0			torch-2.14.0+cu130
gpt2	torch-compile-ro	warm	2	147	2092.8			torch-2.14.0+cu130
gpt2	torch-compile-ro	warm	2	148	2107.6			torch-2.14.0+cu130
gpt2	torch-compile-ro	warm	2	149	2131.9			torch-2.14.0+cu130
gpt2	torch-compile-ro	warm	2	150	2092.4			torch-2.14.0+cu130
gpt2	torch-compile-ro	warm	2	151	2147.2			torch-2.14.0+cu130
gpt2	torch-compile-ro	warm	2	152	2114.8			torch-2.14.0+cu130
gpt2	torch-compile-ro	warm	2	153	2087.1			torch-2.14.0+cu130
gpt2	torch-compile-ro	warm	2	154	2115.5			torch-2.14.0+cu130
gpt2	torch-compile-ro	warm	2	155	2130.7			torch-2.14.0+cu130
gpt2	torch-compile-ro	warm	2	156	2103.3			torch-2.14.0+cu130
gpt2	torch-compile-ro	warm	2	157	2108.3			torch-2.14.0+cu130
gpt2	torch-compile-ro	warm	2	158	2086.6			torch-2.14.0+cu130
gpt2	torch-compile-ro	warm	2	159	2095.9			torch-2.14.0+cu130
gpt2	torch-compile-ro	warm	2	160	2099.8			torch-2.14.0+cu130
gpt2	torch-compile-ro	warm	2	161	2121.0			torch-2.14.0+cu130
gpt2	torch-compile-ro	warm	2	162	2095.7			torch-2.14.0+cu130
gpt2	torch-compile-ro	warm	2	163	2082.8			torch-2.14.0+cu130
gpt2	torch-compile-ro	warm	2	164	2117.6			torch-2.14.0+cu130
gpt2	torch-compile-ro	warm	2	165	2130.7			torch-2.14.0+cu130
gpt2	torch-compile-ro	warm	2	166	2111.4			torch-2.14.0+cu130
gpt2	torch-compile-ro	warm	2	167	2102.6			torch-2.14.0+cu130
gpt2	torch-compile-ro	warm	2	168	2105.5			torch-2.14.0+cu130
gpt2	torch-compile-ro	warm	2	169	2166.5			torch-2.14.0+cu130
gpt2	torch-compile-ro	warm	2	170	2117.4			torch-2.14.0+cu130
gpt2	torch-compile-ro	warm	2	171	2100.9			torch-2.14.0+cu130
gpt2	torch-compile-ro	warm	2	172	2116.0			torch-2.14.0+cu130
gpt2	torch-compile-ro	warm	2	173	2115.7			torch-2.14.0+cu130
gpt2	torch-compile-ro	warm	2	174	2132.7			torch-2.14.0+cu130
gpt2	torch-compile-ro	warm	2	175	2125.3			torch-2.14.0+cu130
gpt2	torch-compile-ro	warm	2	176	2127.2			torch-2.14.0+cu130
gpt2	torch-compile-ro	warm	2	177	2100.5			torch-2.14.0+cu130
gpt2	torch-compile-ro	warm	2	178	2094.5			torch-2.14.0+cu130
gpt2	torch-compile-ro	warm	2	179	2111.4			torch-2.14.0+cu130
gpt2	torch-compile-ro	warm	2	180	2128.8			torch-2.14.0+cu130
gpt2	torch-compile-ro	warm	2	181	2109.1			torch-2.14.0+cu130
gpt2	torch-compile-ro	warm	2	182	2111.9			torch-2.14.0+cu130
gpt2	torch-compile-ro	warm	2	183	2108.8			torch-2.14.0+cu130
gpt2	torch-compile-ro	warm	2	184	2153.9			torch-2.14.0+cu130
gpt2	torch-compile-ro	warm	2	185	2168.4			torch-2.14.0+cu130
gpt2	torch-compile-ro	warm	2	186	2126.2			torch-2.14.0+cu130
gpt2	torch-compile-ro	warm	2	187	2132.4			torch-2.14.0+cu130
gpt2	torch-compile-ro	warm	2	188	2117.4			torch-2.14.0+cu130
gpt2	torch-compile-ro	warm	2	189	2126.0			torch-2.14.0+cu130
gpt2	torch-compile-ro	warm	2	190	2116.2			torch-2.14.0+cu130
gpt2	torch-compile-ro	warm	2	191	2127.4			torch-2.14.0+cu130
gpt2	torch-compile-ro	warm	2	192	2129.6			torch-2.14.0+cu130
gpt2	torch-compile-ro	warm	2	193	2096.2			torch-2.14.0+cu130
gpt2	torch-compile-ro	warm	2	194	2100.0			torch-2.14.0+cu130
gpt2	torch-compile-ro	warm	2	195	2094.5			torch-2.14.0+cu130
gpt2	torch-compile-ro	warm	2	196	2114.1			torch-2.14.0+cu130
gpt2	torch-compile-ro	warm	2	197	2101.4			torch-2.14.0+cu130
gpt2	torch-compile-ro	warm	2	198	2114.1			torch-2.14.0+cu130
gpt2	torch-compile-ro	warm	2	199	2118.3			torch-2.14.0+cu130
gpt2	torch-compile-ro	warm	2	200	2154.1			torch-2.14.0+cu130
gpt2	torch-compile-ro	warm	2	201	2129.1			torch-2.14.0+cu130
gpt2	torch-compile-ro	warm	2	202	2137.2			torch-2.14.0+cu130
gpt2	torch-compile-ro	warm	2	203	2110.5			torch-2.14.0+cu130
gpt2	torch-compile-ro	warm	2	204	2114.8			torch-2.14.0+cu130
gpt2	torch-compile-ro	warm	2	205	2133.6			torch-2.14.0+cu130
gpt2	torch-compile-ro	warm	2	206	2108.8			torch-2.14.0+cu130
gpt2	torch-compile-ro	warm	2	207	2129.6			torch-2.14.0+cu130
gpt2	torch-compile-ro	warm	2	208	2096.9			torch-2.14.0+cu130
gpt2	torch-compile-ro	warm	2	209	2104.3			torch-2.14.0+cu130
gpt2	torch-compile-ro	warm	2	210	2129.8			torch-2.14.0+cu130
gpt2	torch-compile-ro	warm	2	211	2129.6			torch-2.14.0+cu130
gpt2	torch-compile-ro	warm	2	212	2089.0			torch-2.14.0+cu130
gpt2	torch-compile-ro	warm	2	213	2092.4			torch-2.14.0+cu130
gpt2	torch-compile-ro	warm	2	214	2104.0			torch-2.14.0+cu130
gpt2	torch-compile-ro	warm	2	215	2106.4			torch-2.14.0+cu130
gpt2	torch-compile-ro	warm	2	216	2097.6			torch-2.14.0+cu130
gpt2	torch-compile-ro	warm	2	217	2113.1			torch-2.14.0+cu130
gpt2	torch-compile-ro	warm	2	218	2082.6			torch-2.14.0+cu130
gpt2	torch-compile-ro	warm	2	219	2086.6			torch-2.14.0+cu130
gpt2	torch-compile-ro	warm	2	220	2084.5			torch-2.14.0+cu130
gpt2	torch-compile-ro	warm	2	221	2090.9			torch-2.14.0+cu130
gpt2	torch-compile-ro	warm	2	222	2111.2			torch-2.14.0+cu130
gpt2	torch-compile-ro	warm	2	223	2128.1			torch-2.14.0+cu130
gpt2	torch-compile-ro	warm	2	224	2108.3			torch-2.14.0+cu130
gpt2	torch-compile-ro	warm	2	225	2104.0			torch-2.14.0+cu130
gpt2	torch-compile-ro	warm	2	226	2162.2			torch-2.14.0+cu130
gpt2	torch-compile-ro	warm	2	227	2109.8			torch-2.14.0+cu130
gpt2	torch-compile-ro	warm	2	228	2109.8			torch-2.14.0+cu130
gpt2	torch-compile-ro	warm	2	229	2145.8			torch-2.14.0+cu130
gpt2	torch-compile-ro	warm	2	230	2093.3			torch-2.14.0+cu130
gpt2	torch-compile-ro	warm	2	231	2127.6			torch-2.14.0+cu130
gpt2	torch-compile-ro	warm	2	232	2159.8			torch-2.14.0+cu130
gpt2	torch-compile-ro	warm	2	233	2121.9			torch-2.14.0+cu130
gpt2	torch-compile-ro	warm	2	234	2130.7			torch-2.14.0+cu130
gpt2	torch-compile-ro	warm	2	235	2128.4			torch-2.14.0+cu130
gpt2	torch-compile-ro	warm	2	236	2108.3			torch-2.14.0+cu130
gpt2	torch-compile-ro	warm	2	237	2093.8			torch-2.14.0+cu130
gpt2	torch-compile-ro	warm	2	238	2100.0			torch-2.14.0+cu130
gpt2	torch-compile-ro	warm	2	239	2098.8			torch-2.14.0+cu130
gpt2	torch-compile-ro	warm	2	240	2102.9			torch-2.14.0+cu130
gpt2	torch-compile-ro	warm	2	241	2107.4			torch-2.14.0+cu130
gpt2	torch-compile-ro	warm	2	242	2099.5			torch-2.14.0+cu130
gpt2	torch-compile-ro	warm	2	243	2081.4			torch-2.14.0+cu130
gpt2	torch-compile-ro	warm	2	244	2094.0			torch-2.14.0+cu130
gpt2	torch-compile-ro	warm	2	245	2090.5			torch-2.14.0+cu130
gpt2	torch-compile-ro	warm	2	246	2109.3			torch-2.14.0+cu130
gpt2	torch-compile-ro	warm	2	247	2105.0			torch-2.14.0+cu130
gpt2	torch-compile-ro	warm	2	248	2090.9			torch-2.14.0+cu130
gpt2	torch-compile-ro	warm	2	249	2120.7			torch-2.14.0+cu130
gpt2	torch-compile-ro	warm	2	250	2122.9			torch-2.14.0+cu130
gpt2	torch-compile-ro	warm	2	251	2099.0			torch-2.14.0+cu130
gpt2	torch-compile-ro	warm	2	252	2091.2			torch-2.14.0+cu130
gpt2	torch-compile-ro	warm	2	253	2092.8			torch-2.14.0+cu130
gpt2	torch-compile-ro	warm	2	254	2112.2			torch-2.14.0+cu130
gpt2	torch-compile-ro	warm	2	255	2090.0			torch-2.14.0+cu130
gpt2	torch-compile-ro	warm	2	256	2094.7			torch-2.14.0+cu130
gpt2	torch-compile-ro	warm	2	257	2108.6			torch-2.14.0+cu130
gpt2	torch-compile-ro	warm	2	258	2131.0			torch-2.14.0+cu130
gpt2	torch-compile-ro	warm	2	259	4377.1			torch-2.14.0+cu130
gpt2	torch-compile-ro	warm	2	260	2202.5			torch-2.14.0+cu130
gpt2	torch-compile-ro	warm	2	261	2195.8			torch-2.14.0+cu130
gpt2	torch-compile-ro	warm	2	262	2311.9			torch-2.14.0+cu130
gpt2	torch-compile-ro	warm	2	263	3109.2			torch-2.14.0+cu130
gpt2	torch-compile-ro	warm	2	264	2297.4			torch-2.14.0+cu130
gpt2	torch-compile-ro	warm	2	265	2305.5			torch-2.14.0+cu130
gpt2	torch-compile-ro	warm	2	266	2305.5			torch-2.14.0+cu130
gpt2	torch-compile-ro	warm	2	267	2293.3			torch-2.14.0+cu130
gpt2	torch-compile-ro	warm	2	268	2258.3			torch-2.14.0+cu130
gpt2	torch-compile-ro	warm	2	269	2290.7			torch-2.14.0+cu130
gpt2	torch-compile-ro	warm	2	270	2316.7			torch-2.14.0+cu130
gpt2	torch-compile-ro	warm	2	271	2313.4			torch-2.14.0+cu130
gpt2	torch-compile-ro	warm	2	272	2259.3			torch-2.14.0+cu130
gpt2	torch-compile-ro	warm	2	273	2260.9			torch-2.14.0+cu130
gpt2	torch-compile-ro	warm	2	274	2261.6			torch-2.14.0+cu130
gpt2	torch-compile-ro	warm	2	275	2267.8			torch-2.14.0+cu130
gpt2	torch-compile-ro	warm	2	276	2283.8			torch-2.14.0+cu130
gpt2	torch-compile-ro	warm	2	277	2286.0			torch-2.14.0+cu130
gpt2	torch-compile-ro	warm	2	278	2142.2			torch-2.14.0+cu130
gpt2	torch-compile-ro	warm	2	279	2176.8			torch-2.14.0+cu130
gpt2	torch-compile-ro	warm	2	280	2118.3			torch-2.14.0+cu130
gpt2	torch-compile-ro	warm	2	281	2144.3			torch-2.14.0+cu130
gpt2	torch-compile-ro	warm	2	282	2272.8			torch-2.14.0+cu130
gpt2	torch-compile-ro	warm	2	283	2293.8			torch-2.14.0+cu130
gpt2	torch-compile-ro	warm	2	284	2251.1			torch-2.14.0+cu130
gpt2	torch-compile-ro	warm	2	285	2296.7			torch-2.14.0+cu130
gpt2	torch-compile-ro	warm	2	286	2310.0			torch-2.14.0+cu130
gpt2	torch-compile-ro	warm	2	287	2272.8			torch-2.14.0+cu130
gpt2	torch-compile-ro	warm	2	288	2255.2			torch-2.14.0+cu130
gpt2	torch-compile-ro	warm	2	289	2270.5			torch-2.14.0+cu130
gpt2	torch-compile-ro	warm	2	290	2370.8			torch-2.14.0+cu130
gpt2	torch-compile-ro	warm	2	291	2269.3			torch-2.14.0+cu130
gpt2	torch-compile-ro	warm	2	292	2262.8			torch-2.14.0+cu130
gpt2	torch-compile-ro	warm	2	293	2262.4			torch-2.14.0+cu130
gpt2	torch-compile-ro	warm	2	294	2272.8			torch-2.14.0+cu130
gpt2	torch-compile-ro	warm	2	295	2313.1			torch-2.14.0+cu130
gpt2	torch-compile-ro	warm	2	296	2264.3			torch-2.14.0+cu130
gpt2	torch-compile-ro	warm	2	297	2251.6			torch-2.14.0+cu130
gpt2	torch-compile-ro	warm	2	298	2263.8			torch-2.14.0+cu130
gpt2	torch-compile-ro	warm	2	299	2250.4			torch-2.14.0+cu130
gpt2	jax	warm	2	0	71627.5			jax-0.11.1
gpt2	jax	warm	2	1	2779.3			jax-0.11.1
gpt2	jax	warm	2	2	2465.3			jax-0.11.1
gpt2	jax	warm	2	3	2208.7			jax-0.11.1
gpt2	jax	warm	2	4	2116.8			jax-0.11.1
gpt2	jax	warm	2	5	2137.5			jax-0.11.1
gpt2	jax	warm	2	6	2133.0			jax-0.11.1
gpt2	jax	warm	2	7	2076.0			jax-0.11.1
gpt2	jax	warm	2	8	2110.4			jax-0.11.1
gpt2	jax	warm	2	9	2092.3			jax-0.11.1
gpt2	jax	warm	2	10	2050.5			jax-0.11.1
gpt2	jax	warm	2	11	2052.6			jax-0.11.1
gpt2	jax	warm	2	12	2077.9			jax-0.11.1
gpt2	jax	warm	2	13	2026.2			jax-0.11.1
gpt2	jax	warm	2	14	2052.3			jax-0.11.1
gpt2	jax	warm	2	15	2038.6			jax-0.11.1
gpt2	jax	warm	2	16	2040.4			jax-0.11.1
gpt2	jax	warm	2	17	2030.3			jax-0.11.1
gpt2	jax	warm	2	18	2036.2			jax-0.11.1
gpt2	jax	warm	2	19	2033.9			jax-0.11.1
gpt2	jax	warm	2	20	2022.9			jax-0.11.1
gpt2	jax	warm	2	21	2021.4			jax-0.11.1
gpt2	jax	warm	2	22	2021.8			jax-0.11.1
gpt2	jax	warm	2	23	2037.8			jax-0.11.1
gpt2	jax	warm	2	24	2021.2			jax-0.11.1
gpt2	jax	warm	2	25	2009.9			jax-0.11.1
gpt2	jax	warm	2	26	2008.0			jax-0.11.1
gpt2	jax	warm	2	27	2019.0			jax-0.11.1
gpt2	jax	warm	2	28	2036.0			jax-0.11.1
gpt2	jax	warm	2	29	2038.5			jax-0.11.1
gpt2	jax	warm	2	30	2007.9			jax-0.11.1
gpt2	jax	warm	2	31	2017.6			jax-0.11.1
gpt2	jax	warm	2	32	2011.7			jax-0.11.1
gpt2	jax	warm	2	33	2005.6			jax-0.11.1
gpt2	jax	warm	2	34	1997.5			jax-0.11.1
gpt2	jax	warm	2	35	2054.0			jax-0.11.1
gpt2	jax	warm	2	36	2106.6			jax-0.11.1
gpt2	jax	warm	2	37	2086.9			jax-0.11.1
gpt2	jax	warm	2	38	2048.0			jax-0.11.1
gpt2	jax	warm	2	39	2085.9			jax-0.11.1
gpt2	jax	warm	2	40	2110.4			jax-0.11.1
gpt2	jax	warm	2	41	2146.2			jax-0.11.1
gpt2	jax	warm	2	42	2134.0			jax-0.11.1
gpt2	jax	warm	2	43	2163.8			jax-0.11.1
gpt2	jax	warm	2	44	2129.6			jax-0.11.1
gpt2	jax	warm	2	45	2107.7			jax-0.11.1
gpt2	jax	warm	2	46	2127.4			jax-0.11.1
gpt2	jax	warm	2	47	2118.5			jax-0.11.1
gpt2	jax	warm	2	48	2093.3			jax-0.11.1
gpt2	jax	warm	2	49	2093.6			jax-0.11.1
gpt2	jax	warm	2	50	2098.9			jax-0.11.1
gpt2	jax	warm	2	51	2071.3			jax-0.11.1
gpt2	jax	warm	2	52	2056.3			jax-0.11.1
gpt2	jax	warm	2	53	2068.1			jax-0.11.1
gpt2	jax	warm	2	54	2053.7			jax-0.11.1
gpt2	jax	warm	2	55	2049.6			jax-0.11.1
gpt2	jax	warm	2	56	2220.8			jax-0.11.1
gpt2	jax	warm	2	57	2223.6			jax-0.11.1
gpt2	jax	warm	2	58	2142.9			jax-0.11.1
gpt2	jax	warm	2	59	2098.6			jax-0.11.1
gpt2	jax	warm	2	60	2100.5			jax-0.11.1
gpt2	jax	warm	2	61	2143.6			jax-0.11.1
gpt2	jax	warm	2	62	2134.1			jax-0.11.1
gpt2	jax	warm	2	63	2088.1			jax-0.11.1
gpt2	jax	warm	2	64	2107.4			jax-0.11.1
gpt2	jax	warm	2	65	2101.5			jax-0.11.1
gpt2	jax	warm	2	66	2122.3			jax-0.11.1
gpt2	jax	warm	2	67	2100.3			jax-0.11.1
gpt2	jax	warm	2	68	2089.0			jax-0.11.1
gpt2	jax	warm	2	69	2089.5			jax-0.11.1
gpt2	jax	warm	2	70	2092.0			jax-0.11.1
gpt2	jax	warm	2	71	2057.0			jax-0.11.1
gpt2	jax	warm	2	72	2078.3			jax-0.11.1
gpt2	jax	warm	2	73	2057.6			jax-0.11.1
gpt2	jax	warm	2	74	2020.9			jax-0.11.1
gpt2	jax	warm	2	75	2069.5			jax-0.11.1
gpt2	jax	warm	2	76	2069.9			jax-0.11.1
gpt2	jax	warm	2	77	2057.5			jax-0.11.1
gpt2	jax	warm	2	78	2102.8			jax-0.11.1
gpt2	jax	warm	2	79	2083.1			jax-0.11.1
gpt2	jax	warm	2	80	2060.8			jax-0.11.1
gpt2	jax	warm	2	81	2061.7			jax-0.11.1
gpt2	jax	warm	2	82	2036.0			jax-0.11.1
gpt2	jax	warm	2	83	2030.7			jax-0.11.1
gpt2	jax	warm	2	84	1993.0			jax-0.11.1
gpt2	jax	warm	2	85	1984.4			jax-0.11.1
gpt2	jax	warm	2	86	1997.7			jax-0.11.1
gpt2	jax	warm	2	87	1957.7			jax-0.11.1
gpt2	jax	warm	2	88	1958.2			jax-0.11.1
gpt2	jax	warm	2	89	1994.9			jax-0.11.1
gpt2	jax	warm	2	90	2026.3			jax-0.11.1
gpt2	jax	warm	2	91	1983.2			jax-0.11.1
gpt2	jax	warm	2	92	1992.5			jax-0.11.1
gpt2	jax	warm	2	93	1990.4			jax-0.11.1
gpt2	jax	warm	2	94	1983.4			jax-0.11.1
gpt2	jax	warm	2	95	1991.4			jax-0.11.1
gpt2	jax	warm	2	96	1984.9			jax-0.11.1
gpt2	jax	warm	2	97	1987.3			jax-0.11.1
gpt2	jax	warm	2	98	1969.9			jax-0.11.1
gpt2	jax	warm	2	99	1957.2			jax-0.11.1
gpt2	jax	warm	2	100	1968.5			jax-0.11.1
gpt2	jax	warm	2	101	2001.0			jax-0.11.1
gpt2	jax	warm	2	102	1990.2			jax-0.11.1
gpt2	jax	warm	2	103	1968.9			jax-0.11.1
gpt2	jax	warm	2	104	2000.3			jax-0.11.1
gpt2	jax	warm	2	105	2003.7			jax-0.11.1
gpt2	jax	warm	2	106	2020.0			jax-0.11.1
gpt2	jax	warm	2	107	1985.1			jax-0.11.1
gpt2	jax	warm	2	108	1983.8			jax-0.11.1
gpt2	jax	warm	2	109	1988.9			jax-0.11.1
gpt2	jax	warm	2	110	2024.6			jax-0.11.1
gpt2	jax	warm	2	111	2004.4			jax-0.11.1
gpt2	jax	warm	2	112	2020.0			jax-0.11.1
gpt2	jax	warm	2	113	2046.9			jax-0.11.1
gpt2	jax	warm	2	114	2051.3			jax-0.11.1
gpt2	jax	warm	2	115	2036.5			jax-0.11.1
gpt2	jax	warm	2	116	2036.7			jax-0.11.1
gpt2	jax	warm	2	117	2051.6			jax-0.11.1
gpt2	jax	warm	2	118	2054.7			jax-0.11.1
gpt2	jax	warm	2	119	2059.2			jax-0.11.1
gpt2	jax	warm	2	120	2051.6			jax-0.11.1
gpt2	jax	warm	2	121	2052.7			jax-0.11.1
gpt2	jax	warm	2	122	2058.7			jax-0.11.1
gpt2	jax	warm	2	123	2053.9			jax-0.11.1
gpt2	jax	warm	2	124	2046.6			jax-0.11.1
gpt2	jax	warm	2	125	2047.4			jax-0.11.1
gpt2	jax	warm	2	126	2061.2			jax-0.11.1
gpt2	jax	warm	2	127	2039.2			jax-0.11.1
gpt2	jax	warm	2	128	2052.9			jax-0.11.1
gpt2	jax	warm	2	129	2048.3			jax-0.11.1
gpt2	jax	warm	2	130	2065.4			jax-0.11.1
gpt2	jax	warm	2	131	2042.3			jax-0.11.1
gpt2	jax	warm	2	132	2039.2			jax-0.11.1
gpt2	jax	warm	2	133	2031.1			jax-0.11.1
gpt2	jax	warm	2	134	2035.9			jax-0.11.1
gpt2	jax	warm	2	135	2043.1			jax-0.11.1
gpt2	jax	warm	2	136	2044.5			jax-0.11.1
gpt2	jax	warm	2	137	2043.3			jax-0.11.1
gpt2	jax	warm	2	138	2035.9			jax-0.11.1
gpt2	jax	warm	2	139	2024.5			jax-0.11.1
gpt2	jax	warm	2	140	2027.2			jax-0.11.1
gpt2	jax	warm	2	141	2046.7			jax-0.11.1
gpt2	jax	warm	2	142	2062.9			jax-0.11.1
gpt2	jax	warm	2	143	2060.6			jax-0.11.1
gpt2	jax	warm	2	144	2065.2			jax-0.11.1
gpt2	jax	warm	2	145	2043.6			jax-0.11.1
gpt2	jax	warm	2	146	2040.5			jax-0.11.1
gpt2	jax	warm	2	147	2012.9			jax-0.11.1
gpt2	jax	warm	2	148	2051.7			jax-0.11.1
gpt2	jax	warm	2	149	2045.7			jax-0.11.1
gpt2	jax	warm	2	150	2041.1			jax-0.11.1
gpt2	jax	warm	2	151	2031.5			jax-0.11.1
gpt2	jax	warm	2	152	2038.6			jax-0.11.1
gpt2	jax	warm	2	153	2027.4			jax-0.11.1
gpt2	jax	warm	2	154	2011.6			jax-0.11.1
gpt2	jax	warm	2	155	2000.0			jax-0.11.1
gpt2	jax	warm	2	156	2020.4			jax-0.11.1
gpt2	jax	warm	2	157	2009.4			jax-0.11.1
gpt2	jax	warm	2	158	2003.7			jax-0.11.1
gpt2	jax	warm	2	159	1993.5			jax-0.11.1
gpt2	jax	warm	2	160	1995.6			jax-0.11.1
gpt2	jax	warm	2	161	1982.6			jax-0.11.1
gpt2	jax	warm	2	162	1993.2			jax-0.11.1
gpt2	jax	warm	2	163	2001.3			jax-0.11.1
gpt2	jax	warm	2	164	1992.4			jax-0.11.1
gpt2	jax	warm	2	165	2005.4			jax-0.11.1
gpt2	jax	warm	2	166	1999.0			jax-0.11.1
gpt2	jax	warm	2	167	1995.6			jax-0.11.1
gpt2	jax	warm	2	168	1985.9			jax-0.11.1
gpt2	jax	warm	2	169	1986.1			jax-0.11.1
gpt2	jax	warm	2	170	2005.0			jax-0.11.1
gpt2	jax	warm	2	171	1981.0			jax-0.11.1
gpt2	jax	warm	2	172	1981.6			jax-0.11.1
gpt2	jax	warm	2	173	1987.5			jax-0.11.1
gpt2	jax	warm	2	174	1990.8			jax-0.11.1
gpt2	jax	warm	2	175	1980.3			jax-0.11.1
gpt2	jax	warm	2	176	1997.8			jax-0.11.1
gpt2	jax	warm	2	177	1978.8			jax-0.11.1
gpt2	jax	warm	2	178	1996.6			jax-0.11.1
gpt2	jax	warm	2	179	2052.2			jax-0.11.1
gpt2	jax	warm	2	180	2044.3			jax-0.11.1
gpt2	jax	warm	2	181	2054.1			jax-0.11.1
gpt2	jax	warm	2	182	2049.1			jax-0.11.1
gpt2	jax	warm	2	183	2047.5			jax-0.11.1
gpt2	jax	warm	2	184	2039.4			jax-0.11.1
gpt2	jax	warm	2	185	2078.7			jax-0.11.1
gpt2	jax	warm	2	186	2241.2			jax-0.11.1
gpt2	jax	warm	2	187	2046.1			jax-0.11.1
gpt2	jax	warm	2	188	2016.1			jax-0.11.1
gpt2	jax	warm	2	189	2016.7			jax-0.11.1
gpt2	jax	warm	2	190	2006.6			jax-0.11.1
gpt2	jax	warm	2	191	2015.4			jax-0.11.1
gpt2	jax	warm	2	192	2001.7			jax-0.11.1
gpt2	jax	warm	2	193	1991.5			jax-0.11.1
gpt2	jax	warm	2	194	1981.0			jax-0.11.1
gpt2	jax	warm	2	195	1976.2			jax-0.11.1
gpt2	jax	warm	2	196	1989.3			jax-0.11.1
gpt2	jax	warm	2	197	1985.3			jax-0.11.1
gpt2	jax	warm	2	198	1991.1			jax-0.11.1
gpt2	jax	warm	2	199	1986.5			jax-0.11.1
gpt2	jax	warm	2	200	1992.6			jax-0.11.1
gpt2	jax	warm	2	201	1987.4			jax-0.11.1
gpt2	jax	warm	2	202	1982.3			jax-0.11.1
gpt2	jax	warm	2	203	1963.3			jax-0.11.1
gpt2	jax	warm	2	204	1959.1			jax-0.11.1
gpt2	jax	warm	2	205	1978.5			jax-0.11.1
gpt2	jax	warm	2	206	1959.6			jax-0.11.1
gpt2	jax	warm	2	207	1972.6			jax-0.11.1
gpt2	jax	warm	2	208	2001.9			jax-0.11.1
gpt2	jax	warm	2	209	1982.8			jax-0.11.1
gpt2	jax	warm	2	210	1975.8			jax-0.11.1
gpt2	jax	warm	2	211	1979.8			jax-0.11.1
gpt2	jax	warm	2	212	1986.0			jax-0.11.1
gpt2	jax	warm	2	213	1974.3			jax-0.11.1
gpt2	jax	warm	2	214	1985.3			jax-0.11.1
gpt2	jax	warm	2	215	1994.1			jax-0.11.1
gpt2	jax	warm	2	216	1973.1			jax-0.11.1
gpt2	jax	warm	2	217	1982.6			jax-0.11.1
gpt2	jax	warm	2	218	1998.6			jax-0.11.1
gpt2	jax	warm	2	219	1969.3			jax-0.11.1
gpt2	jax	warm	2	220	1987.0			jax-0.11.1
gpt2	jax	warm	2	221	1994.1			jax-0.11.1
gpt2	jax	warm	2	222	1980.8			jax-0.11.1
gpt2	jax	warm	2	223	1986.8			jax-0.11.1
gpt2	jax	warm	2	224	2022.1			jax-0.11.1
gpt2	jax	warm	2	225	1991.4			jax-0.11.1
gpt2	jax	warm	2	226	2005.9			jax-0.11.1
gpt2	jax	warm	2	227	1985.0			jax-0.11.1
gpt2	jax	warm	2	228	2069.2			jax-0.11.1
gpt2	jax	warm	2	229	2019.1			jax-0.11.1
gpt2	jax	warm	2	230	2043.4			jax-0.11.1
gpt2	jax	warm	2	231	1991.8			jax-0.11.1
gpt2	jax	warm	2	232	2002.4			jax-0.11.1
gpt2	jax	warm	2	233	1994.2			jax-0.11.1
gpt2	jax	warm	2	234	1984.2			jax-0.11.1
gpt2	jax	warm	2	235	1996.6			jax-0.11.1
gpt2	jax	warm	2	236	1987.1			jax-0.11.1
gpt2	jax	warm	2	237	1985.9			jax-0.11.1
gpt2	jax	warm	2	238	1977.8			jax-0.11.1
gpt2	jax	warm	2	239	1962.9			jax-0.11.1
gpt2	jax	warm	2	240	1984.5			jax-0.11.1
gpt2	jax	warm	2	241	1980.5			jax-0.11.1
gpt2	jax	warm	2	242	1983.0			jax-0.11.1
gpt2	jax	warm	2	243	1963.0			jax-0.11.1
gpt2	jax	warm	2	244	1972.5			jax-0.11.1
gpt2	jax	warm	2	245	1980.5			jax-0.11.1
gpt2	jax	warm	2	246	1974.4			jax-0.11.1
gpt2	jax	warm	2	247	1986.2			jax-0.11.1
gpt2	jax	warm	2	248	2051.2			jax-0.11.1
gpt2	jax	warm	2	249	2068.6			jax-0.11.1
gpt2	jax	warm	2	250	2000.1			jax-0.11.1
gpt2	jax	warm	2	251	2028.2			jax-0.11.1
gpt2	jax	warm	2	252	2008.2			jax-0.11.1
gpt2	jax	warm	2	253	2002.5			jax-0.11.1
gpt2	jax	warm	2	254	2033.6			jax-0.11.1
gpt2	jax	warm	2	255	2004.5			jax-0.11.1
gpt2	jax	warm	2	256	2004.2			jax-0.11.1
gpt2	jax	warm	2	257	2026.9			jax-0.11.1
gpt2	jax	warm	2	258	2010.4			jax-0.11.1
gpt2	jax	warm	2	259	2006.8			jax-0.11.1
gpt2	jax	warm	2	260	2036.5			jax-0.11.1
gpt2	jax	warm	2	261	2022.0			jax-0.11.1
gpt2	jax	warm	2	262	2057.3			jax-0.11.1
gpt2	jax	warm	2	263	2044.4			jax-0.11.1
gpt2	jax	warm	2	264	2031.2			jax-0.11.1
gpt2	jax	warm	2	265	2052.5			jax-0.11.1
gpt2	jax	warm	2	266	2047.4			jax-0.11.1
gpt2	jax	warm	2	267	2015.1			jax-0.11.1
gpt2	jax	warm	2	268	2049.5			jax-0.11.1
gpt2	jax	warm	2	269	2031.8			jax-0.11.1
gpt2	jax	warm	2	270	2019.7			jax-0.11.1
gpt2	jax	warm	2	271	2019.9			jax-0.11.1
gpt2	jax	warm	2	272	2011.4			jax-0.11.1
gpt2	jax	warm	2	273	2021.8			jax-0.11.1
gpt2	jax	warm	2	274	2020.0			jax-0.11.1
gpt2	jax	warm	2	275	2034.8			jax-0.11.1
gpt2	jax	warm	2	276	2019.8			jax-0.11.1
gpt2	jax	warm	2	277	1998.0			jax-0.11.1
gpt2	jax	warm	2	278	2022.5			jax-0.11.1
gpt2	jax	warm	2	279	2035.3			jax-0.11.1
gpt2	jax	warm	2	280	2008.2			jax-0.11.1
gpt2	jax	warm	2	281	2024.9			jax-0.11.1
gpt2	jax	warm	2	282	2016.4			jax-0.11.1
gpt2	jax	warm	2	283	2002.5			jax-0.11.1
gpt2	jax	warm	2	284	2015.7			jax-0.11.1
gpt2	jax	warm	2	285	2002.2			jax-0.11.1
gpt2	jax	warm	2	286	2005.8			jax-0.11.1
gpt2	jax	warm	2	287	2017.9			jax-0.11.1
gpt2	jax	warm	2	288	2005.7			jax-0.11.1
gpt2	jax	warm	2	289	1990.3			jax-0.11.1
gpt2	jax	warm	2	290	2020.3			jax-0.11.1
gpt2	jax	warm	2	291	2038.6			jax-0.11.1
gpt2	jax	warm	2	292	2024.1			jax-0.11.1
gpt2	jax	warm	2	293	2019.2			jax-0.11.1
gpt2	jax	warm	2	294	2014.5			jax-0.11.1
gpt2	jax	warm	2	295	2020.2			jax-0.11.1
gpt2	jax	warm	2	296	2025.4			jax-0.11.1
gpt2	jax	warm	2	297	1988.3			jax-0.11.1
gpt2	jax	warm	2	298	2000.9			jax-0.11.1
gpt2	jax	warm	2	299	2032.4			jax-0.11.1
gpt2	torch-eager	warm	3	0	147339.8			torch-2.14.0+cu130
gpt2	torch-eager	warm	3	1	6261.1			torch-2.14.0+cu130
gpt2	torch-eager	warm	3	2	5984.1			torch-2.14.0+cu130
gpt2	torch-eager	warm	3	3	5913.0			torch-2.14.0+cu130
gpt2	torch-eager	warm	3	4	6004.3			torch-2.14.0+cu130
gpt2	torch-eager	warm	3	5	5914.2			torch-2.14.0+cu130
gpt2	torch-eager	warm	3	6	5905.6			torch-2.14.0+cu130
gpt2	torch-eager	warm	3	7	5883.0			torch-2.14.0+cu130
gpt2	torch-eager	warm	3	8	5930.9			torch-2.14.0+cu130
gpt2	torch-eager	warm	3	9	5947.6			torch-2.14.0+cu130
gpt2	torch-eager	warm	3	10	5875.1			torch-2.14.0+cu130
gpt2	torch-eager	warm	3	11	5881.5			torch-2.14.0+cu130
gpt2	torch-eager	warm	3	12	5891.8			torch-2.14.0+cu130
gpt2	torch-eager	warm	3	13	5947.6			torch-2.14.0+cu130
gpt2	torch-eager	warm	3	14	5880.1			torch-2.14.0+cu130
gpt2	torch-eager	warm	3	15	5948.1			torch-2.14.0+cu130
gpt2	torch-eager	warm	3	16	5887.5			torch-2.14.0+cu130
gpt2	torch-eager	warm	3	17	5924.0			torch-2.14.0+cu130
gpt2	torch-eager	warm	3	18	5946.2			torch-2.14.0+cu130
gpt2	torch-eager	warm	3	19	5882.0			torch-2.14.0+cu130
gpt2	torch-eager	warm	3	20	5865.6			torch-2.14.0+cu130
gpt2	torch-eager	warm	3	21	5885.8			torch-2.14.0+cu130
gpt2	torch-eager	warm	3	22	5861.3			torch-2.14.0+cu130
gpt2	torch-eager	warm	3	23	5857.5			torch-2.14.0+cu130
gpt2	torch-eager	warm	3	24	5874.2			torch-2.14.0+cu130
gpt2	torch-eager	warm	3	25	5931.1			torch-2.14.0+cu130
gpt2	torch-eager	warm	3	26	5917.8			torch-2.14.0+cu130
gpt2	torch-eager	warm	3	27	5859.9			torch-2.14.0+cu130
gpt2	torch-eager	warm	3	28	5859.4			torch-2.14.0+cu130
gpt2	torch-eager	warm	3	29	5940.4			torch-2.14.0+cu130
gpt2	torch-eager	warm	3	30	5924.7			torch-2.14.0+cu130
gpt2	torch-eager	warm	3	31	5876.5			torch-2.14.0+cu130
gpt2	torch-eager	warm	3	32	5904.4			torch-2.14.0+cu130
gpt2	torch-eager	warm	3	33	5887.5			torch-2.14.0+cu130
gpt2	torch-eager	warm	3	34	5913.5			torch-2.14.0+cu130
gpt2	torch-eager	warm	3	35	5909.9			torch-2.14.0+cu130
gpt2	torch-eager	warm	3	36	5927.1			torch-2.14.0+cu130
gpt2	torch-eager	warm	3	37	5919.5			torch-2.14.0+cu130
gpt2	torch-eager	warm	3	38	5937.6			torch-2.14.0+cu130
gpt2	torch-eager	warm	3	39	5833.1			torch-2.14.0+cu130
gpt2	torch-eager	warm	3	40	5834.8			torch-2.14.0+cu130
gpt2	torch-eager	warm	3	41	5845.3			torch-2.14.0+cu130
gpt2	torch-eager	warm	3	42	5899.0			torch-2.14.0+cu130
gpt2	torch-eager	warm	3	43	5928.5			torch-2.14.0+cu130
gpt2	torch-eager	warm	3	44	6049.4			torch-2.14.0+cu130
gpt2	torch-eager	warm	3	45	6021.3			torch-2.14.0+cu130
gpt2	torch-eager	warm	3	46	5998.4			torch-2.14.0+cu130
gpt2	torch-eager	warm	3	47	6521.2			torch-2.14.0+cu130
gpt2	torch-eager	warm	3	48	5918.3			torch-2.14.0+cu130
gpt2	torch-eager	warm	3	49	5946.9			torch-2.14.0+cu130
gpt2	torch-eager	warm	3	50	6327.9			torch-2.14.0+cu130
gpt2	torch-eager	warm	3	51	6328.3			torch-2.14.0+cu130
gpt2	torch-eager	warm	3	52	6321.9			torch-2.14.0+cu130
gpt2	torch-eager	warm	3	53	6289.0			torch-2.14.0+cu130
gpt2	torch-eager	warm	3	54	6235.4			torch-2.14.0+cu130
gpt2	torch-eager	warm	3	55	6275.4			torch-2.14.0+cu130
gpt2	torch-eager	warm	3	56	6247.0			torch-2.14.0+cu130
gpt2	torch-eager	warm	3	57	6218.7			torch-2.14.0+cu130
gpt2	torch-eager	warm	3	58	6297.8			torch-2.14.0+cu130
gpt2	torch-eager	warm	3	59	6324.3			torch-2.14.0+cu130
gpt2	torch-eager	warm	3	60	6254.7			torch-2.14.0+cu130
gpt2	torch-eager	warm	3	61	6247.5			torch-2.14.0+cu130
gpt2	torch-eager	warm	3	62	6273.0			torch-2.14.0+cu130
gpt2	torch-eager	warm	3	63	6284.0			torch-2.14.0+cu130
gpt2	torch-eager	warm	3	64	6232.3			torch-2.14.0+cu130
gpt2	torch-eager	warm	3	65	6249.4			torch-2.14.0+cu130
gpt2	torch-eager	warm	3	66	6238.7			torch-2.14.0+cu130
gpt2	torch-eager	warm	3	67	6230.6			torch-2.14.0+cu130
gpt2	torch-eager	warm	3	68	6317.9			torch-2.14.0+cu130
gpt2	torch-eager	warm	3	69	6331.4			torch-2.14.0+cu130
gpt2	torch-eager	warm	3	70	6294.3			torch-2.14.0+cu130
gpt2	torch-eager	warm	3	71	6327.4			torch-2.14.0+cu130
gpt2	torch-eager	warm	3	72	6223.0			torch-2.14.0+cu130
gpt2	torch-eager	warm	3	73	6252.5			torch-2.14.0+cu130
gpt2	torch-eager	warm	3	74	6269.2			torch-2.14.0+cu130
gpt2	torch-eager	warm	3	75	6259.4			torch-2.14.0+cu130
gpt2	torch-eager	warm	3	76	6284.0			torch-2.14.0+cu130
gpt2	torch-eager	warm	3	77	6244.4			torch-2.14.0+cu130
gpt2	torch-eager	warm	3	78	6256.3			torch-2.14.0+cu130
gpt2	torch-eager	warm	3	79	6263.0			torch-2.14.0+cu130
gpt2	torch-eager	warm	3	80	6243.0			torch-2.14.0+cu130
gpt2	torch-eager	warm	3	81	6300.0			torch-2.14.0+cu130
gpt2	torch-eager	warm	3	82	6277.6			torch-2.14.0+cu130
gpt2	torch-eager	warm	3	83	6283.8			torch-2.14.0+cu130
gpt2	torch-eager	warm	3	84	6262.3			torch-2.14.0+cu130
gpt2	torch-eager	warm	3	85	6247.3			torch-2.14.0+cu130
gpt2	torch-eager	warm	3	86	6273.3			torch-2.14.0+cu130
gpt2	torch-eager	warm	3	87	6256.6			torch-2.14.0+cu130
gpt2	torch-eager	warm	3	88	6274.5			torch-2.14.0+cu130
gpt2	torch-eager	warm	3	89	6229.6			torch-2.14.0+cu130
gpt2	torch-eager	warm	3	90	6316.4			torch-2.14.0+cu130
gpt2	torch-eager	warm	3	91	6320.2			torch-2.14.0+cu130
gpt2	torch-eager	warm	3	92	6475.4			torch-2.14.0+cu130
gpt2	torch-eager	warm	3	93	6346.2			torch-2.14.0+cu130
gpt2	torch-eager	warm	3	94	6351.0			torch-2.14.0+cu130
gpt2	torch-eager	warm	3	95	6337.6			torch-2.14.0+cu130
gpt2	torch-eager	warm	3	96	6274.5			torch-2.14.0+cu130
gpt2	torch-eager	warm	3	97	6260.9			torch-2.14.0+cu130
gpt2	torch-eager	warm	3	98	6239.9			torch-2.14.0+cu130
gpt2	torch-eager	warm	3	99	6330.3			torch-2.14.0+cu130
gpt2	torch-eager	warm	3	100	6335.3			torch-2.14.0+cu130
gpt2	torch-eager	warm	3	101	6225.3			torch-2.14.0+cu130
gpt2	torch-eager	warm	3	102	6331.4			torch-2.14.0+cu130
gpt2	torch-eager	warm	3	103	6261.3			torch-2.14.0+cu130
gpt2	torch-eager	warm	3	104	6301.4			torch-2.14.0+cu130
gpt2	torch-eager	warm	3	105	6219.9			torch-2.14.0+cu130
gpt2	torch-eager	warm	3	106	6262.8			torch-2.14.0+cu130
gpt2	torch-eager	warm	3	107	6272.6			torch-2.14.0+cu130
gpt2	torch-eager	warm	3	108	6233.0			torch-2.14.0+cu130
gpt2	torch-eager	warm	3	109	6218.2			torch-2.14.0+cu130
gpt2	torch-eager	warm	3	110	6295.2			torch-2.14.0+cu130
gpt2	torch-eager	warm	3	111	6391.3			torch-2.14.0+cu130
gpt2	torch-eager	warm	3	112	6297.1			torch-2.14.0+cu130
gpt2	torch-eager	warm	3	113	6291.4			torch-2.14.0+cu130
gpt2	torch-eager	warm	3	114	6257.8			torch-2.14.0+cu130
gpt2	torch-eager	warm	3	115	6321.2			torch-2.14.0+cu130
gpt2	torch-eager	warm	3	116	6324.8			torch-2.14.0+cu130
gpt2	torch-eager	warm	3	117	6256.8			torch-2.14.0+cu130
gpt2	torch-eager	warm	3	118	6239.7			torch-2.14.0+cu130
gpt2	torch-eager	warm	3	119	5901.8			torch-2.14.0+cu130
gpt2	torch-eager	warm	3	120	5943.5			torch-2.14.0+cu130
gpt2	torch-eager	warm	3	121	5871.1			torch-2.14.0+cu130
gpt2	torch-eager	warm	3	122	6023.4			torch-2.14.0+cu130
gpt2	torch-eager	warm	3	123	5919.0			torch-2.14.0+cu130
gpt2	torch-eager	warm	3	124	5994.8			torch-2.14.0+cu130
gpt2	torch-eager	warm	3	125	5928.8			torch-2.14.0+cu130
gpt2	torch-eager	warm	3	126	5860.8			torch-2.14.0+cu130
gpt2	torch-eager	warm	3	127	5907.3			torch-2.14.0+cu130
gpt2	torch-eager	warm	3	128	5889.2			torch-2.14.0+cu130
gpt2	torch-eager	warm	3	129	5899.0			torch-2.14.0+cu130
gpt2	torch-eager	warm	3	130	5923.0			torch-2.14.0+cu130
gpt2	torch-eager	warm	3	131	5888.9			torch-2.14.0+cu130
gpt2	torch-eager	warm	3	132	5944.7			torch-2.14.0+cu130
gpt2	torch-eager	warm	3	133	5889.2			torch-2.14.0+cu130
gpt2	torch-eager	warm	3	134	5916.6			torch-2.14.0+cu130
gpt2	torch-eager	warm	3	135	5960.7			torch-2.14.0+cu130
gpt2	torch-eager	warm	3	136	5883.9			torch-2.14.0+cu130
gpt2	torch-eager	warm	3	137	5888.9			torch-2.14.0+cu130
gpt2	torch-eager	warm	3	138	5857.0			torch-2.14.0+cu130
gpt2	torch-eager	warm	3	139	5872.7			torch-2.14.0+cu130
gpt2	torch-eager	warm	3	140	5912.8			torch-2.14.0+cu130
gpt2	torch-eager	warm	3	141	5920.4			torch-2.14.0+cu130
gpt2	torch-eager	warm	3	142	5830.8			torch-2.14.0+cu130
gpt2	torch-eager	warm	3	143	5895.9			torch-2.14.0+cu130
gpt2	torch-eager	warm	3	144	5886.6			torch-2.14.0+cu130
gpt2	torch-eager	warm	3	145	5877.3			torch-2.14.0+cu130
gpt2	torch-eager	warm	3	146	5947.6			torch-2.14.0+cu130
gpt2	torch-eager	warm	3	147	5967.1			torch-2.14.0+cu130
gpt2	torch-eager	warm	3	148	5942.6			torch-2.14.0+cu130
gpt2	torch-eager	warm	3	149	5961.2			torch-2.14.0+cu130
gpt2	torch-eager	warm	3	150	5946.6			torch-2.14.0+cu130
gpt2	torch-eager	warm	3	151	6027.2			torch-2.14.0+cu130
gpt2	torch-eager	warm	3	152	5964.0			torch-2.14.0+cu130
gpt2	torch-eager	warm	3	153	5928.3			torch-2.14.0+cu130
gpt2	torch-eager	warm	3	154	5948.1			torch-2.14.0+cu130
gpt2	torch-eager	warm	3	155	5911.4			torch-2.14.0+cu130
gpt2	torch-eager	warm	3	156	5936.4			torch-2.14.0+cu130
gpt2	torch-eager	warm	3	157	5938.3			torch-2.14.0+cu130
gpt2	torch-eager	warm	3	158	5862.5			torch-2.14.0+cu130
gpt2	torch-eager	warm	3	159	5868.2			torch-2.14.0+cu130
gpt2	torch-eager	warm	3	160	5944.0			torch-2.14.0+cu130
gpt2	torch-eager	warm	3	161	5736.1			torch-2.14.0+cu130
gpt2	torch-eager	warm	3	162	5516.5			torch-2.14.0+cu130
gpt2	torch-eager	warm	3	163	5256.7			torch-2.14.0+cu130
gpt2	torch-eager	warm	3	164	5451.0			torch-2.14.0+cu130
gpt2	torch-eager	warm	3	165	5563.5			torch-2.14.0+cu130
gpt2	torch-eager	warm	3	166	5355.6			torch-2.14.0+cu130
gpt2	torch-eager	warm	3	167	5450.0			torch-2.14.0+cu130
gpt2	torch-eager	warm	3	168	5030.2			torch-2.14.0+cu130
gpt2	torch-eager	warm	3	169	5109.8			torch-2.14.0+cu130
gpt2	torch-eager	warm	3	170	5055.9			torch-2.14.0+cu130
gpt2	torch-eager	warm	3	171	5020.4			torch-2.14.0+cu130
gpt2	torch-eager	warm	3	172	5067.8			torch-2.14.0+cu130
gpt2	torch-eager	warm	3	173	4990.6			torch-2.14.0+cu130
gpt2	torch-eager	warm	3	174	5017.0			torch-2.14.0+cu130
gpt2	torch-eager	warm	3	175	4997.0			torch-2.14.0+cu130
gpt2	torch-eager	warm	3	176	5037.3			torch-2.14.0+cu130
gpt2	torch-eager	warm	3	177	5024.2			torch-2.14.0+cu130
gpt2	torch-eager	warm	3	178	5039.2			torch-2.14.0+cu130
gpt2	torch-eager	warm	3	179	5026.1			torch-2.14.0+cu130
gpt2	torch-eager	warm	3	180	5072.1			torch-2.14.0+cu130
gpt2	torch-eager	warm	3	181	4960.3			torch-2.14.0+cu130
gpt2	torch-eager	warm	3	182	5013.9			torch-2.14.0+cu130
gpt2	torch-eager	warm	3	183	5021.3			torch-2.14.0+cu130
gpt2	torch-eager	warm	3	184	5033.7			torch-2.14.0+cu130
gpt2	torch-eager	warm	3	185	4988.2			torch-2.14.0+cu130
gpt2	torch-eager	warm	3	186	5040.2			torch-2.14.0+cu130
gpt2	torch-eager	warm	3	187	5011.8			torch-2.14.0+cu130
gpt2	torch-eager	warm	3	188	5055.2			torch-2.14.0+cu130
gpt2	torch-eager	warm	3	189	5020.1			torch-2.14.0+cu130
gpt2	torch-eager	warm	3	190	5036.1			torch-2.14.0+cu130
gpt2	torch-eager	warm	3	191	5016.8			torch-2.14.0+cu130
gpt2	torch-eager	warm	3	192	5015.6			torch-2.14.0+cu130
gpt2	torch-eager	warm	3	193	4972.0			torch-2.14.0+cu130
gpt2	torch-eager	warm	3	194	5098.8			torch-2.14.0+cu130
gpt2	torch-eager	warm	3	195	5008.2			torch-2.14.0+cu130
gpt2	torch-eager	warm	3	196	5057.6			torch-2.14.0+cu130
gpt2	torch-eager	warm	3	197	5125.3			torch-2.14.0+cu130
gpt2	torch-eager	warm	3	198	4975.6			torch-2.14.0+cu130
gpt2	torch-eager	warm	3	199	5008.9			torch-2.14.0+cu130
gpt2	torch-eager	warm	3	200	5003.0			torch-2.14.0+cu130
gpt2	torch-eager	warm	3	201	4977.2			torch-2.14.0+cu130
gpt2	torch-eager	warm	3	202	5024.9			torch-2.14.0+cu130
gpt2	torch-eager	warm	3	203	5128.4			torch-2.14.0+cu130
gpt2	torch-eager	warm	3	204	4983.4			torch-2.14.0+cu130
gpt2	torch-eager	warm	3	205	5016.8			torch-2.14.0+cu130
gpt2	torch-eager	warm	3	206	5008.5			torch-2.14.0+cu130
gpt2	torch-eager	warm	3	207	5023.7			torch-2.14.0+cu130
gpt2	torch-eager	warm	3	208	5049.9			torch-2.14.0+cu130
gpt2	torch-eager	warm	3	209	5072.6			torch-2.14.0+cu130
gpt2	torch-eager	warm	3	210	5118.6			torch-2.14.0+cu130
gpt2	torch-eager	warm	3	211	5066.6			torch-2.14.0+cu130
gpt2	torch-eager	warm	3	212	5054.2			torch-2.14.0+cu130
gpt2	torch-eager	warm	3	213	5104.1			torch-2.14.0+cu130
gpt2	torch-eager	warm	3	214	5123.6			torch-2.14.0+cu130
gpt2	torch-eager	warm	3	215	5068.3			torch-2.14.0+cu130
gpt2	torch-eager	warm	3	216	5044.0			torch-2.14.0+cu130
gpt2	torch-eager	warm	3	217	5257.4			torch-2.14.0+cu130
gpt2	torch-eager	warm	3	218	5157.2			torch-2.14.0+cu130
gpt2	torch-eager	warm	3	219	5664.8			torch-2.14.0+cu130
gpt2	torch-eager	warm	3	220	5297.2			torch-2.14.0+cu130
gpt2	torch-eager	warm	3	221	5338.4			torch-2.14.0+cu130
gpt2	torch-eager	warm	3	222	5399.7			torch-2.14.0+cu130
gpt2	torch-eager	warm	3	223	5480.1			torch-2.14.0+cu130
gpt2	torch-eager	warm	3	224	5373.7			torch-2.14.0+cu130
gpt2	torch-eager	warm	3	225	5363.5			torch-2.14.0+cu130
gpt2	torch-eager	warm	3	226	5354.2			torch-2.14.0+cu130
gpt2	torch-eager	warm	3	227	5327.7			torch-2.14.0+cu130
gpt2	torch-eager	warm	3	228	5343.2			torch-2.14.0+cu130
gpt2	torch-eager	warm	3	229	5294.6			torch-2.14.0+cu130
gpt2	torch-eager	warm	3	230	5295.0			torch-2.14.0+cu130
gpt2	torch-eager	warm	3	231	5353.9			torch-2.14.0+cu130
gpt2	torch-eager	warm	3	232	5314.4			torch-2.14.0+cu130
gpt2	torch-eager	warm	3	233	5341.3			torch-2.14.0+cu130
gpt2	torch-eager	warm	3	234	5299.3			torch-2.14.0+cu130
gpt2	torch-eager	warm	3	235	5237.1			torch-2.14.0+cu130
gpt2	torch-eager	warm	3	236	5300.8			torch-2.14.0+cu130
gpt2	torch-eager	warm	3	237	5320.8			torch-2.14.0+cu130
gpt2	torch-eager	warm	3	238	5316.7			torch-2.14.0+cu130
gpt2	torch-eager	warm	3	239	5302.0			torch-2.14.0+cu130
gpt2	torch-eager	warm	3	240	5332.2			torch-2.14.0+cu130
gpt2	torch-eager	warm	3	241	5293.4			torch-2.14.0+cu130
gpt2	torch-eager	warm	3	242	5323.9			torch-2.14.0+cu130
gpt2	torch-eager	warm	3	243	5263.1			torch-2.14.0+cu130
gpt2	torch-eager	warm	3	244	5380.4			torch-2.14.0+cu130
gpt2	torch-eager	warm	3	245	5329.4			torch-2.14.0+cu130
gpt2	torch-eager	warm	3	246	5342.5			torch-2.14.0+cu130
gpt2	torch-eager	warm	3	247	5340.8			torch-2.14.0+cu130
gpt2	torch-eager	warm	3	248	5405.7			torch-2.14.0+cu130
gpt2	torch-eager	warm	3	249	5321.7			torch-2.14.0+cu130
gpt2	torch-eager	warm	3	250	5277.4			torch-2.14.0+cu130
gpt2	torch-eager	warm	3	251	5341.3			torch-2.14.0+cu130
gpt2	torch-eager	warm	3	252	5430.0			torch-2.14.0+cu130
gpt2	torch-eager	warm	3	253	5291.2			torch-2.14.0+cu130
gpt2	torch-eager	warm	3	254	5255.5			torch-2.14.0+cu130
gpt2	torch-eager	warm	3	255	5277.6			torch-2.14.0+cu130
gpt2	torch-eager	warm	3	256	5288.6			torch-2.14.0+cu130
gpt2	torch-eager	warm	3	257	5317.9			torch-2.14.0+cu130
gpt2	torch-eager	warm	3	258	5340.8			torch-2.14.0+cu130
gpt2	torch-eager	warm	3	259	5284.8			torch-2.14.0+cu130
gpt2	torch-eager	warm	3	260	5365.8			torch-2.14.0+cu130
gpt2	torch-eager	warm	3	261	5317.0			torch-2.14.0+cu130
gpt2	torch-eager	warm	3	262	5287.6			torch-2.14.0+cu130
gpt2	torch-eager	warm	3	263	5313.2			torch-2.14.0+cu130
gpt2	torch-eager	warm	3	264	5316.7			torch-2.14.0+cu130
gpt2	torch-eager	warm	3	265	5323.4			torch-2.14.0+cu130
gpt2	torch-eager	warm	3	266	5290.7			torch-2.14.0+cu130
gpt2	torch-eager	warm	3	267	5294.1			torch-2.14.0+cu130
gpt2	torch-eager	warm	3	268	5299.6			torch-2.14.0+cu130
gpt2	torch-eager	warm	3	269	5319.8			torch-2.14.0+cu130
gpt2	torch-eager	warm	3	270	5291.2			torch-2.14.0+cu130
gpt2	torch-eager	warm	3	271	5345.3			torch-2.14.0+cu130
gpt2	torch-eager	warm	3	272	5268.3			torch-2.14.0+cu130
gpt2	torch-eager	warm	3	273	5567.8			torch-2.14.0+cu130
gpt2	torch-eager	warm	3	274	5353.9			torch-2.14.0+cu130
gpt2	torch-eager	warm	3	275	5390.9			torch-2.14.0+cu130
gpt2	torch-eager	warm	3	276	5386.4			torch-2.14.0+cu130
gpt2	torch-eager	warm	3	277	5324.4			torch-2.14.0+cu130
gpt2	torch-eager	warm	3	278	5340.6			torch-2.14.0+cu130
gpt2	torch-eager	warm	3	279	5271.9			torch-2.14.0+cu130
gpt2	torch-eager	warm	3	280	5367.3			torch-2.14.0+cu130
gpt2	torch-eager	warm	3	281	5262.1			torch-2.14.0+cu130
gpt2	torch-eager	warm	3	282	5380.2			torch-2.14.0+cu130
gpt2	torch-eager	warm	3	283	5382.3			torch-2.14.0+cu130
gpt2	torch-eager	warm	3	284	5393.5			torch-2.14.0+cu130
gpt2	torch-eager	warm	3	285	5384.4			torch-2.14.0+cu130
gpt2	torch-eager	warm	3	286	5046.1			torch-2.14.0+cu130
gpt2	torch-eager	warm	3	287	5045.7			torch-2.14.0+cu130
gpt2	torch-eager	warm	3	288	5077.1			torch-2.14.0+cu130
gpt2	torch-eager	warm	3	289	5035.6			torch-2.14.0+cu130
gpt2	torch-eager	warm	3	290	5133.9			torch-2.14.0+cu130
gpt2	torch-eager	warm	3	291	5030.6			torch-2.14.0+cu130
gpt2	torch-eager	warm	3	292	5010.1			torch-2.14.0+cu130
gpt2	torch-eager	warm	3	293	4986.8			torch-2.14.0+cu130
gpt2	torch-eager	warm	3	294	5009.7			torch-2.14.0+cu130
gpt2	torch-eager	warm	3	295	5034.2			torch-2.14.0+cu130
gpt2	torch-eager	warm	3	296	5044.5			torch-2.14.0+cu130
gpt2	torch-eager	warm	3	297	5026.1			torch-2.14.0+cu130
gpt2	torch-eager	warm	3	298	5003.0			torch-2.14.0+cu130
gpt2	torch-eager	warm	3	299	5046.6			torch-2.14.0+cu130
gpt2	ours	warm	3	0	670820.0	0	327	ddc8008cdeaf
gpt2	ours	warm	3	1	4850.9	0	93	ddc8008cdeaf
gpt2	ours	warm	3	2	5519.2	0	87	ddc8008cdeaf
gpt2	ours	warm	3	3	13064.1	0	113	ddc8008cdeaf
gpt2	ours	warm	3	4	7520.9	0	113	ddc8008cdeaf
gpt2	ours	warm	3	5	4691.1	0	75	ddc8008cdeaf
gpt2	ours	warm	3	6	2148.9	0	75	ddc8008cdeaf
gpt2	ours	warm	3	7	2706.1	0	75	ddc8008cdeaf
gpt2	ours	warm	3	8	2136.2	0	75	ddc8008cdeaf
gpt2	ours	warm	3	9	2146.0	0	75	ddc8008cdeaf
gpt2	ours	warm	3	10	2476.9	0	75	ddc8008cdeaf
gpt2	ours	warm	3	11	2142.0	0	75	ddc8008cdeaf
gpt2	ours	warm	3	12	2139.1	0	75	ddc8008cdeaf
gpt2	ours	warm	3	13	2193.9	0	75	ddc8008cdeaf
gpt2	ours	warm	3	14	2335.1	0	75	ddc8008cdeaf
gpt2	ours	warm	3	15	2133.1	0	75	ddc8008cdeaf
gpt2	ours	warm	3	16	2126.9	0	75	ddc8008cdeaf
gpt2	ours	warm	3	17	2134.1	0	75	ddc8008cdeaf
gpt2	ours	warm	3	18	2119.1	0	75	ddc8008cdeaf
gpt2	ours	warm	3	19	2380.1	0	75	ddc8008cdeaf
gpt2	ours	warm	3	20	2124.1	0	75	ddc8008cdeaf
gpt2	ours	warm	3	21	2182.0	0	75	ddc8008cdeaf
gpt2	ours	warm	3	22	2127.9	0	75	ddc8008cdeaf
gpt2	ours	warm	3	23	2136.0	0	75	ddc8008cdeaf
gpt2	ours	warm	3	24	2140.0	0	75	ddc8008cdeaf
gpt2	ours	warm	3	25	2543.9	0	75	ddc8008cdeaf
gpt2	ours	warm	3	26	2144.1	0	75	ddc8008cdeaf
gpt2	ours	warm	3	27	2113.1	0	75	ddc8008cdeaf
gpt2	ours	warm	3	28	2111.0	0	75	ddc8008cdeaf
gpt2	ours	warm	3	29	2140.0	0	75	ddc8008cdeaf
gpt2	ours	warm	3	30	2139.1	0	75	ddc8008cdeaf
gpt2	ours	warm	3	31	2131.9	0	75	ddc8008cdeaf
gpt2	ours	warm	3	32	2409.0	0	75	ddc8008cdeaf
gpt2	ours	warm	3	33	2142.9	0	75	ddc8008cdeaf
gpt2	ours	warm	3	34	2123.1	0	75	ddc8008cdeaf
gpt2	ours	warm	3	35	2130.0	0	75	ddc8008cdeaf
gpt2	ours	warm	3	36	2125.0	0	75	ddc8008cdeaf
gpt2	ours	warm	3	37	2159.1	0	75	ddc8008cdeaf
gpt2	ours	warm	3	38	2111.0	0	75	ddc8008cdeaf
gpt2	ours	warm	3	39	2107.1	0	75	ddc8008cdeaf
gpt2	ours	warm	3	40	3150.0	0	75	ddc8008cdeaf
gpt2	ours	warm	3	41	2138.9	0	75	ddc8008cdeaf
gpt2	ours	warm	3	42	2147.9	0	75	ddc8008cdeaf
gpt2	ours	warm	3	43	2123.1	0	75	ddc8008cdeaf
gpt2	ours	warm	3	44	2132.9	0	75	ddc8008cdeaf
gpt2	ours	warm	3	45	2132.2	0	75	ddc8008cdeaf
gpt2	ours	warm	3	46	2135.0	0	75	ddc8008cdeaf
gpt2	ours	warm	3	47	2129.1	0	75	ddc8008cdeaf
gpt2	ours	warm	3	48	2150.1	0	75	ddc8008cdeaf
gpt2	ours	warm	3	49	2805.0	0	75	ddc8008cdeaf
gpt2	ours	warm	3	50	2164.1	0	75	ddc8008cdeaf
gpt2	ours	warm	3	51	2126.0	0	75	ddc8008cdeaf
gpt2	ours	warm	3	52	2120.0	0	75	ddc8008cdeaf
gpt2	ours	warm	3	53	2131.9	0	75	ddc8008cdeaf
gpt2	ours	warm	3	54	2122.9	0	75	ddc8008cdeaf
gpt2	ours	warm	3	55	2136.0	0	75	ddc8008cdeaf
gpt2	ours	warm	3	56	2123.8	0	75	ddc8008cdeaf
gpt2	ours	warm	3	57	2122.9	0	75	ddc8008cdeaf
gpt2	ours	warm	3	58	2176.0	0	75	ddc8008cdeaf
gpt2	ours	warm	3	59	2591.1	0	75	ddc8008cdeaf
gpt2	ours	warm	3	60	2154.1	0	75	ddc8008cdeaf
gpt2	ours	warm	3	61	2137.9	0	75	ddc8008cdeaf
gpt2	ours	warm	3	62	2142.2	0	75	ddc8008cdeaf
gpt2	ours	warm	3	63	2138.9	0	75	ddc8008cdeaf
gpt2	ours	warm	3	64	2122.9	0	75	ddc8008cdeaf
gpt2	ours	warm	3	65	2150.1	0	75	ddc8008cdeaf
gpt2	ours	warm	3	66	2144.1	0	75	ddc8008cdeaf
gpt2	ours	warm	3	67	2128.1	0	75	ddc8008cdeaf
gpt2	ours	warm	3	68	2116.0	0	75	ddc8008cdeaf
gpt2	ours	warm	3	69	2135.0	0	75	ddc8008cdeaf
gpt2	ours	warm	3	70	2712.0	0	75	ddc8008cdeaf
gpt2	ours	warm	3	71	2125.0	0	75	ddc8008cdeaf
gpt2	ours	warm	3	72	2111.0	0	75	ddc8008cdeaf
gpt2	ours	warm	3	73	2126.0	0	75	ddc8008cdeaf
gpt2	ours	warm	3	74	2126.0	0	75	ddc8008cdeaf
gpt2	ours	warm	3	75	2175.1	0	75	ddc8008cdeaf
gpt2	ours	warm	3	76	2136.9	0	75	ddc8008cdeaf
gpt2	ours	warm	3	77	2118.8	0	75	ddc8008cdeaf
gpt2	ours	warm	3	78	2129.8	0	75	ddc8008cdeaf
gpt2	ours	warm	3	79	2117.9	0	75	ddc8008cdeaf
gpt2	ours	warm	3	80	2126.0	0	75	ddc8008cdeaf
gpt2	ours	warm	3	81	2126.9	0	75	ddc8008cdeaf
gpt2	ours	warm	3	82	2733.9	0	75	ddc8008cdeaf
gpt2	ours	warm	3	83	2133.8	0	75	ddc8008cdeaf
gpt2	ours	warm	3	84	2142.0	0	75	ddc8008cdeaf
gpt2	ours	warm	3	85	2146.0	0	75	ddc8008cdeaf
gpt2	ours	warm	3	86	2192.0	0	75	ddc8008cdeaf
gpt2	ours	warm	3	87	2140.0	0	75	ddc8008cdeaf
gpt2	ours	warm	3	88	2084.0	0	75	ddc8008cdeaf
gpt2	ours	warm	3	89	2056.8	0	75	ddc8008cdeaf
gpt2	ours	warm	3	90	2069.0	0	75	ddc8008cdeaf
gpt2	ours	warm	3	91	2070.0	0	75	ddc8008cdeaf
gpt2	ours	warm	3	92	2063.0	0	75	ddc8008cdeaf
gpt2	ours	warm	3	93	2059.0	0	75	ddc8008cdeaf
gpt2	ours	warm	3	94	2073.0	0	75	ddc8008cdeaf
gpt2	ours	warm	3	95	2812.1	0	75	ddc8008cdeaf
gpt2	ours	warm	3	96	2120.0	0	75	ddc8008cdeaf
gpt2	ours	warm	3	97	2066.1	0	75	ddc8008cdeaf
gpt2	ours	warm	3	98	2058.0	0	75	ddc8008cdeaf
gpt2	ours	warm	3	99	2110.0	0	75	ddc8008cdeaf
gpt2	ours	warm	3	100	2073.0	0	75	ddc8008cdeaf
gpt2	ours	warm	3	101	2078.1	0	75	ddc8008cdeaf
gpt2	ours	warm	3	102	2051.1	0	75	ddc8008cdeaf
gpt2	ours	warm	3	103	2050.9	0	75	ddc8008cdeaf
gpt2	ours	warm	3	104	2067.8	0	75	ddc8008cdeaf
gpt2	ours	warm	3	105	2056.8	0	75	ddc8008cdeaf
gpt2	ours	warm	3	106	2084.0	0	75	ddc8008cdeaf
gpt2	ours	warm	3	107	2040.9	0	75	ddc8008cdeaf
gpt2	ours	warm	3	108	2048.0	0	75	ddc8008cdeaf
gpt2	ours	warm	3	109	3069.9	0	75	ddc8008cdeaf
gpt2	ours	warm	3	110	2067.8	0	75	ddc8008cdeaf
gpt2	ours	warm	3	111	2055.9	0	75	ddc8008cdeaf
gpt2	ours	warm	3	112	2070.0	0	75	ddc8008cdeaf
gpt2	ours	warm	3	113	2110.0	0	75	ddc8008cdeaf
gpt2	ours	warm	3	114	2096.9	0	75	ddc8008cdeaf
gpt2	ours	warm	3	115	2073.0	0	75	ddc8008cdeaf
gpt2	ours	warm	3	116	2056.1	0	75	ddc8008cdeaf
gpt2	ours	warm	3	117	2075.0	0	75	ddc8008cdeaf
gpt2	ours	warm	3	118	2061.1	0	75	ddc8008cdeaf
gpt2	ours	warm	3	119	2064.0	0	75	ddc8008cdeaf
gpt2	ours	warm	3	120	2086.2	0	75	ddc8008cdeaf
gpt2	ours	warm	3	121	2100.9	0	75	ddc8008cdeaf
gpt2	ours	warm	3	122	2049.0	0	75	ddc8008cdeaf
gpt2	ours	warm	3	123	2073.0	0	75	ddc8008cdeaf
gpt2	ours	warm	3	124	3297.1	0	75	ddc8008cdeaf
gpt2	ours	warm	3	125	2073.0	0	75	ddc8008cdeaf
gpt2	ours	warm	3	126	2047.1	0	75	ddc8008cdeaf
gpt2	ours	warm	3	127	2060.9	0	75	ddc8008cdeaf
gpt2	ours	warm	3	128	2050.2	0	75	ddc8008cdeaf
gpt2	ours	warm	3	129	2060.9	0	75	ddc8008cdeaf
gpt2	ours	warm	3	130	2108.1	0	75	ddc8008cdeaf
gpt2	ours	warm	3	131	2061.1	0	75	ddc8008cdeaf
gpt2	ours	warm	3	132	2058.0	0	75	ddc8008cdeaf
gpt2	ours	warm	3	133	2058.0	0	75	ddc8008cdeaf
gpt2	ours	warm	3	134	2057.1	0	75	ddc8008cdeaf
gpt2	ours	warm	3	135	2050.9	0	75	ddc8008cdeaf
gpt2	ours	warm	3	136	2054.9	0	75	ddc8008cdeaf
gpt2	ours	warm	3	137	2084.0	0	75	ddc8008cdeaf
gpt2	ours	warm	3	138	2109.1	0	75	ddc8008cdeaf
gpt2	ours	warm	3	139	2070.0	0	75	ddc8008cdeaf
gpt2	ours	warm	3	140	2885.8	0	75	ddc8008cdeaf
gpt2	ours	warm	3	141	2073.0	0	75	ddc8008cdeaf
gpt2	ours	warm	3	142	2056.8	0	75	ddc8008cdeaf
gpt2	ours	warm	3	143	2049.9	0	75	ddc8008cdeaf
gpt2	ours	warm	3	144	2066.1	0	75	ddc8008cdeaf
gpt2	ours	warm	3	145	2049.9	0	75	ddc8008cdeaf
gpt2	ours	warm	3	146	2073.0	0	75	ddc8008cdeaf
gpt2	ours	warm	3	147	2073.0	0	75	ddc8008cdeaf
gpt2	ours	warm	3	148	2052.1	0	75	ddc8008cdeaf
gpt2	ours	warm	3	149	2059.9	0	75	ddc8008cdeaf
gpt2	ours	warm	3	150	2070.9	0	75	ddc8008cdeaf
gpt2	ours	warm	3	151	2064.9	0	75	ddc8008cdeaf
gpt2	ours	warm	3	152	2075.9	0	75	ddc8008cdeaf
gpt2	ours	warm	3	153	2103.1	0	75	ddc8008cdeaf
gpt2	ours	warm	3	154	2070.0	0	75	ddc8008cdeaf
gpt2	ours	warm	3	155	2059.0	0	75	ddc8008cdeaf
gpt2	ours	warm	3	156	2067.8	0	75	ddc8008cdeaf
gpt2	ours	warm	3	157	2867.0	0	75	ddc8008cdeaf
gpt2	ours	warm	3	158	2077.1	0	75	ddc8008cdeaf
gpt2	ours	warm	3	159	2075.0	0	75	ddc8008cdeaf
gpt2	ours	warm	3	160	2092.1	0	75	ddc8008cdeaf
gpt2	ours	warm	3	161	2076.1	0	75	ddc8008cdeaf
gpt2	ours	warm	3	162	2054.0	0	75	ddc8008cdeaf
gpt2	ours	warm	3	163	2131.9	0	75	ddc8008cdeaf
gpt2	ours	warm	3	164	2069.0	0	75	ddc8008cdeaf
gpt2	ours	warm	3	165	2075.0	0	75	ddc8008cdeaf
gpt2	ours	warm	3	166	2081.9	0	75	ddc8008cdeaf
gpt2	ours	warm	3	167	2074.0	0	75	ddc8008cdeaf
gpt2	ours	warm	3	168	2059.9	0	75	ddc8008cdeaf
gpt2	ours	warm	3	169	2068.0	0	75	ddc8008cdeaf
gpt2	ours	warm	3	170	2108.1	0	75	ddc8008cdeaf
gpt2	ours	warm	3	171	2065.9	0	75	ddc8008cdeaf
gpt2	ours	warm	3	172	2075.0	0	75	ddc8008cdeaf
gpt2	ours	warm	3	173	2081.9	0	75	ddc8008cdeaf
gpt2	ours	warm	3	174	2055.9	0	75	ddc8008cdeaf
gpt2	ours	warm	3	175	3546.0	0	75	ddc8008cdeaf
gpt2	ours	warm	3	176	2080.0	0	75	ddc8008cdeaf
gpt2	ours	warm	3	177	2073.0	0	75	ddc8008cdeaf
gpt2	ours	warm	3	178	2077.1	0	75	ddc8008cdeaf
gpt2	ours	warm	3	179	2055.9	0	75	ddc8008cdeaf
gpt2	ours	warm	3	180	2067.8	0	75	ddc8008cdeaf
gpt2	ours	warm	3	181	2104.0	0	75	ddc8008cdeaf
gpt2	ours	warm	3	182	2078.1	0	75	ddc8008cdeaf
gpt2	ours	warm	3	183	2063.0	0	75	ddc8008cdeaf
gpt2	ours	warm	3	184	2085.2	0	75	ddc8008cdeaf
gpt2	ours	warm	3	185	2081.9	0	75	ddc8008cdeaf
gpt2	ours	warm	3	186	2080.9	0	75	ddc8008cdeaf
gpt2	ours	warm	3	187	2068.0	0	75	ddc8008cdeaf
gpt2	ours	warm	3	188	2082.1	0	75	ddc8008cdeaf
gpt2	ours	warm	3	189	2054.9	0	75	ddc8008cdeaf
gpt2	ours	warm	3	190	2086.2	0	75	ddc8008cdeaf
gpt2	ours	warm	3	191	2080.0	0	75	ddc8008cdeaf
gpt2	ours	warm	3	192	2062.1	0	75	ddc8008cdeaf
gpt2	ours	warm	3	193	2068.0	0	75	ddc8008cdeaf
gpt2	ours	warm	3	194	2990.0	0	75	ddc8008cdeaf
gpt2	ours	warm	3	195	2126.0	0	75	ddc8008cdeaf
gpt2	ours	warm	3	196	2112.2	0	75	ddc8008cdeaf
gpt2	ours	warm	3	197	2064.9	0	75	ddc8008cdeaf
gpt2	ours	warm	3	198	2080.2	0	75	ddc8008cdeaf
gpt2	ours	warm	3	199	2063.0	0	75	ddc8008cdeaf
gpt2	ours	warm	3	200	2078.1	0	75	ddc8008cdeaf
gpt2	ours	warm	3	201	2065.9	0	75	ddc8008cdeaf
gpt2	ours	warm	3	202	2090.0	0	75	ddc8008cdeaf
gpt2	ours	warm	3	203	2095.0	0	75	ddc8008cdeaf
gpt2	ours	warm	3	204	2100.0	0	75	ddc8008cdeaf
gpt2	ours	warm	3	205	2067.8	0	75	ddc8008cdeaf
gpt2	ours	warm	3	206	2088.8	0	75	ddc8008cdeaf
gpt2	ours	warm	3	207	2070.0	0	75	ddc8008cdeaf
gpt2	ours	warm	3	208	2128.1	0	75	ddc8008cdeaf
gpt2	ours	warm	3	209	2080.9	0	75	ddc8008cdeaf
gpt2	ours	warm	3	210	2071.1	0	75	ddc8008cdeaf
gpt2	ours	warm	3	211	2134.8	0	75	ddc8008cdeaf
gpt2	ours	warm	3	212	2072.8	0	75	ddc8008cdeaf
gpt2	ours	warm	3	213	2080.9	0	75	ddc8008cdeaf
gpt2	ours	warm	3	214	3101.1	0	75	ddc8008cdeaf
gpt2	ours	warm	3	215	2068.0	0	75	ddc8008cdeaf
gpt2	ours	warm	3	216	2064.0	0	75	ddc8008cdeaf
gpt2	ours	warm	3	217	2062.1	0	75	ddc8008cdeaf
gpt2	ours	warm	3	218	2076.1	0	75	ddc8008cdeaf
gpt2	ours	warm	3	219	2079.0	0	75	ddc8008cdeaf
gpt2	ours	warm	3	220	2075.0	0	75	ddc8008cdeaf
gpt2	ours	warm	3	221	2076.1	0	75	ddc8008cdeaf
gpt2	ours	warm	3	222	2064.9	0	75	ddc8008cdeaf
gpt2	ours	warm	3	223	2104.0	0	75	ddc8008cdeaf
gpt2	ours	warm	3	224	2120.0	0	75	ddc8008cdeaf
gpt2	ours	warm	3	225	2048.0	0	75	ddc8008cdeaf
gpt2	ours	warm	3	226	2070.9	0	75	ddc8008cdeaf
gpt2	ours	warm	3	227	2126.9	0	75	ddc8008cdeaf
gpt2	ours	warm	3	228	2074.0	0	75	ddc8008cdeaf
gpt2	ours	warm	3	229	2069.0	0	75	ddc8008cdeaf
gpt2	ours	warm	3	230	2090.0	0	75	ddc8008cdeaf
gpt2	ours	warm	3	231	2064.0	0	75	ddc8008cdeaf
gpt2	ours	warm	3	232	2084.0	0	75	ddc8008cdeaf
gpt2	ours	warm	3	233	2135.0	0	75	ddc8008cdeaf
gpt2	ours	warm	3	234	2096.9	0	75	ddc8008cdeaf
gpt2	ours	warm	3	235	3492.8	0	75	ddc8008cdeaf
gpt2	ours	warm	3	236	2071.9	0	75	ddc8008cdeaf
gpt2	ours	warm	3	237	2064.2	0	75	ddc8008cdeaf
gpt2	ours	warm	3	238	2136.0	0	75	ddc8008cdeaf
gpt2	ours	warm	3	239	2065.9	0	75	ddc8008cdeaf
gpt2	ours	warm	3	240	2113.8	0	75	ddc8008cdeaf
gpt2	ours	warm	3	241	2056.8	0	75	ddc8008cdeaf
gpt2	ours	warm	3	242	2115.0	0	75	ddc8008cdeaf
gpt2	ours	warm	3	243	2066.9	0	75	ddc8008cdeaf
gpt2	ours	warm	3	244	2064.0	0	75	ddc8008cdeaf
gpt2	ours	warm	3	245	2059.0	0	75	ddc8008cdeaf
gpt2	ours	warm	3	246	2069.0	0	75	ddc8008cdeaf
gpt2	ours	warm	3	247	2075.9	0	75	ddc8008cdeaf
gpt2	ours	warm	3	248	2120.0	0	75	ddc8008cdeaf
gpt2	ours	warm	3	249	2080.9	0	75	ddc8008cdeaf
gpt2	ours	warm	3	250	2095.0	0	75	ddc8008cdeaf
gpt2	ours	warm	3	251	2108.8	0	75	ddc8008cdeaf
gpt2	ours	warm	3	252	2116.0	0	75	ddc8008cdeaf
gpt2	ours	warm	3	253	2106.0	0	75	ddc8008cdeaf
gpt2	ours	warm	3	254	2125.0	0	75	ddc8008cdeaf
gpt2	ours	warm	3	255	2071.1	0	75	ddc8008cdeaf
gpt2	ours	warm	3	256	2091.9	0	75	ddc8008cdeaf
gpt2	ours	warm	3	257	3065.1	0	75	ddc8008cdeaf
gpt2	ours	warm	3	258	2082.1	0	75	ddc8008cdeaf
gpt2	ours	warm	3	259	2080.9	0	75	ddc8008cdeaf
gpt2	ours	warm	3	260	2080.0	0	75	ddc8008cdeaf
gpt2	ours	warm	3	261	2129.1	0	75	ddc8008cdeaf
gpt2	ours	warm	3	262	2058.0	0	75	ddc8008cdeaf
gpt2	ours	warm	3	263	2075.0	0	75	ddc8008cdeaf
gpt2	ours	warm	3	264	2105.0	0	75	ddc8008cdeaf
gpt2	ours	warm	3	265	2087.8	0	75	ddc8008cdeaf
gpt2	ours	warm	3	266	2072.8	0	75	ddc8008cdeaf
gpt2	ours	warm	3	267	2060.9	0	75	ddc8008cdeaf
gpt2	ours	warm	3	268	2062.1	0	75	ddc8008cdeaf
gpt2	ours	warm	3	269	2079.0	0	75	ddc8008cdeaf
gpt2	ours	warm	3	270	2070.2	0	75	ddc8008cdeaf
gpt2	ours	warm	3	271	2070.9	0	75	ddc8008cdeaf
gpt2	ours	warm	3	272	2080.2	0	75	ddc8008cdeaf
gpt2	ours	warm	3	273	2080.9	0	75	ddc8008cdeaf
gpt2	ours	warm	3	274	2064.9	0	75	ddc8008cdeaf
gpt2	ours	warm	3	275	2070.9	0	75	ddc8008cdeaf
gpt2	ours	warm	3	276	2057.1	0	75	ddc8008cdeaf
gpt2	ours	warm	3	277	2064.9	0	75	ddc8008cdeaf
gpt2	ours	warm	3	278	2066.1	0	75	ddc8008cdeaf
gpt2	ours	warm	3	279	2080.0	0	75	ddc8008cdeaf
gpt2	ours	warm	3	280	3982.1	0	75	ddc8008cdeaf
gpt2	ours	warm	3	281	2091.9	0	75	ddc8008cdeaf
gpt2	ours	warm	3	282	2063.0	0	75	ddc8008cdeaf
gpt2	ours	warm	3	283	2075.2	0	75	ddc8008cdeaf
gpt2	ours	warm	3	284	2116.9	0	75	ddc8008cdeaf
gpt2	ours	warm	3	285	2064.0	0	75	ddc8008cdeaf
gpt2	ours	warm	3	286	2071.9	0	75	ddc8008cdeaf
gpt2	ours	warm	3	287	2095.9	0	75	ddc8008cdeaf
gpt2	ours	warm	3	288	2085.9	0	75	ddc8008cdeaf
gpt2	ours	warm	3	289	2064.9	0	75	ddc8008cdeaf
gpt2	ours	warm	3	290	2127.2	0	75	ddc8008cdeaf
gpt2	ours	warm	3	291	2078.1	0	75	ddc8008cdeaf
gpt2	ours	warm	3	292	2094.0	0	75	ddc8008cdeaf
gpt2	ours	warm	3	293	2062.1	0	75	ddc8008cdeaf
gpt2	ours	warm	3	294	2069.0	0	75	ddc8008cdeaf
gpt2	ours	warm	3	295	2059.0	0	75	ddc8008cdeaf
gpt2	ours	warm	3	296	2066.1	0	75	ddc8008cdeaf
gpt2	ours	warm	3	297	2074.0	0	75	ddc8008cdeaf
gpt2	ours	warm	3	298	2059.9	0	75	ddc8008cdeaf
gpt2	ours	warm	3	299	2128.8	0	75	ddc8008cdeaf
gpt2	torch-compile	warm	3	0	2108017.7			torch-2.14.0+cu130
gpt2	torch-compile	warm	3	1	2748.3			torch-2.14.0+cu130
gpt2	torch-compile	warm	3	2	2378.0			torch-2.14.0+cu130
gpt2	torch-compile	warm	3	3	2390.1			torch-2.14.0+cu130
gpt2	torch-compile	warm	3	4	2369.2			torch-2.14.0+cu130
gpt2	torch-compile	warm	3	5	2347.2			torch-2.14.0+cu130
gpt2	torch-compile	warm	3	6	2435.7			torch-2.14.0+cu130
gpt2	torch-compile	warm	3	7	2352.0			torch-2.14.0+cu130
gpt2	torch-compile	warm	3	8	2409.5			torch-2.14.0+cu130
gpt2	torch-compile	warm	3	9	2371.1			torch-2.14.0+cu130
gpt2	torch-compile	warm	3	10	2365.4			torch-2.14.0+cu130
gpt2	torch-compile	warm	3	11	2358.0			torch-2.14.0+cu130
gpt2	torch-compile	warm	3	12	2332.4			torch-2.14.0+cu130
gpt2	torch-compile	warm	3	13	2336.0			torch-2.14.0+cu130
gpt2	torch-compile	warm	3	14	2362.3			torch-2.14.0+cu130
gpt2	torch-compile	warm	3	15	2334.4			torch-2.14.0+cu130
gpt2	torch-compile	warm	3	16	2351.0			torch-2.14.0+cu130
gpt2	torch-compile	warm	3	17	2352.0			torch-2.14.0+cu130
gpt2	torch-compile	warm	3	18	2362.7			torch-2.14.0+cu130
gpt2	torch-compile	warm	3	19	2351.0			torch-2.14.0+cu130
gpt2	torch-compile	warm	3	20	2394.2			torch-2.14.0+cu130
gpt2	torch-compile	warm	3	21	2332.0			torch-2.14.0+cu130
gpt2	torch-compile	warm	3	22	2352.0			torch-2.14.0+cu130
gpt2	torch-compile	warm	3	23	2353.7			torch-2.14.0+cu130
gpt2	torch-compile	warm	3	24	2336.0			torch-2.14.0+cu130
gpt2	torch-compile	warm	3	25	2391.8			torch-2.14.0+cu130
gpt2	torch-compile	warm	3	26	2369.2			torch-2.14.0+cu130
gpt2	torch-compile	warm	3	27	2342.0			torch-2.14.0+cu130
gpt2	torch-compile	warm	3	28	2346.5			torch-2.14.0+cu130
gpt2	torch-compile	warm	3	29	2332.2			torch-2.14.0+cu130
gpt2	torch-compile	warm	3	30	2339.4			torch-2.14.0+cu130
gpt2	torch-compile	warm	3	31	2334.6			torch-2.14.0+cu130
gpt2	torch-compile	warm	3	32	2364.9			torch-2.14.0+cu130
gpt2	torch-compile	warm	3	33	2345.3			torch-2.14.0+cu130
gpt2	torch-compile	warm	3	34	2328.6			torch-2.14.0+cu130
gpt2	torch-compile	warm	3	35	2327.9			torch-2.14.0+cu130
gpt2	torch-compile	warm	3	36	2355.6			torch-2.14.0+cu130
gpt2	torch-compile	warm	3	37	2325.5			torch-2.14.0+cu130
gpt2	torch-compile	warm	3	38	2385.6			torch-2.14.0+cu130
gpt2	torch-compile	warm	3	39	2376.8			torch-2.14.0+cu130
gpt2	torch-compile	warm	3	40	2347.9			torch-2.14.0+cu130
gpt2	torch-compile	warm	3	41	2325.1			torch-2.14.0+cu130
gpt2	torch-compile	warm	3	42	2340.6			torch-2.14.0+cu130
gpt2	torch-compile	warm	3	43	2321.2			torch-2.14.0+cu130
gpt2	torch-compile	warm	3	44	2318.1			torch-2.14.0+cu130
gpt2	torch-compile	warm	3	45	2325.3			torch-2.14.0+cu130
gpt2	torch-compile	warm	3	46	2329.8			torch-2.14.0+cu130
gpt2	torch-compile	warm	3	47	2329.8			torch-2.14.0+cu130
gpt2	torch-compile	warm	3	48	2365.6			torch-2.14.0+cu130
gpt2	torch-compile	warm	3	49	2348.4			torch-2.14.0+cu130
gpt2	torch-compile	warm	3	50	2323.2			torch-2.14.0+cu130
gpt2	torch-compile	warm	3	51	2356.8			torch-2.14.0+cu130
gpt2	torch-compile	warm	3	52	2330.5			torch-2.14.0+cu130
gpt2	torch-compile	warm	3	53	2353.2			torch-2.14.0+cu130
gpt2	torch-compile	warm	3	54	2381.8			torch-2.14.0+cu130
gpt2	torch-compile	warm	3	55	2343.7			torch-2.14.0+cu130
gpt2	torch-compile	warm	3	56	2337.2			torch-2.14.0+cu130
gpt2	torch-compile	warm	3	57	2342.0			torch-2.14.0+cu130
gpt2	torch-compile	warm	3	58	2371.3			torch-2.14.0+cu130
gpt2	torch-compile	warm	3	59	2392.8			torch-2.14.0+cu130
gpt2	torch-compile	warm	3	60	2388.0			torch-2.14.0+cu130
gpt2	torch-compile	warm	3	61	2408.7			torch-2.14.0+cu130
gpt2	torch-compile	warm	3	62	2401.8			torch-2.14.0+cu130
gpt2	torch-compile	warm	3	63	2362.7			torch-2.14.0+cu130
gpt2	torch-compile	warm	3	64	2352.0			torch-2.14.0+cu130
gpt2	torch-compile	warm	3	65	2343.7			torch-2.14.0+cu130
gpt2	torch-compile	warm	3	66	2350.1			torch-2.14.0+cu130
gpt2	torch-compile	warm	3	67	2402.5			torch-2.14.0+cu130
gpt2	torch-compile	warm	3	68	2349.6			torch-2.14.0+cu130
gpt2	torch-compile	warm	3	69	2379.2			torch-2.14.0+cu130
gpt2	torch-compile	warm	3	70	2383.5			torch-2.14.0+cu130
gpt2	torch-compile	warm	3	71	2347.0			torch-2.14.0+cu130
gpt2	torch-compile	warm	3	72	2340.8			torch-2.14.0+cu130
gpt2	torch-compile	warm	3	73	2329.3			torch-2.14.0+cu130
gpt2	torch-compile	warm	3	74	2322.2			torch-2.14.0+cu130
gpt2	torch-compile	warm	3	75	2328.6			torch-2.14.0+cu130
gpt2	torch-compile	warm	3	76	2348.4			torch-2.14.0+cu130
gpt2	torch-compile	warm	3	77	2337.2			torch-2.14.0+cu130
gpt2	torch-compile	warm	3	78	2353.7			torch-2.14.0+cu130
gpt2	torch-compile	warm	3	79	2330.5			torch-2.14.0+cu130
gpt2	torch-compile	warm	3	80	2322.9			torch-2.14.0+cu130
gpt2	torch-compile	warm	3	81	2357.0			torch-2.14.0+cu130
gpt2	torch-compile	warm	3	82	2380.8			torch-2.14.0+cu130
gpt2	torch-compile	warm	3	83	2380.4			torch-2.14.0+cu130
gpt2	torch-compile	warm	3	84	2327.4			torch-2.14.0+cu130
gpt2	torch-compile	warm	3	85	2321.2			torch-2.14.0+cu130
gpt2	torch-compile	warm	3	86	2346.5			torch-2.14.0+cu130
gpt2	torch-compile	warm	3	87	2353.2			torch-2.14.0+cu130
gpt2	torch-compile	warm	3	88	2322.4			torch-2.14.0+cu130
gpt2	torch-compile	warm	3	89	2319.6			torch-2.14.0+cu130
gpt2	torch-compile	warm	3	90	2345.1			torch-2.14.0+cu130
gpt2	torch-compile	warm	3	91	2366.8			torch-2.14.0+cu130
gpt2	torch-compile	warm	3	92	2363.0			torch-2.14.0+cu130
gpt2	torch-compile	warm	3	93	2345.1			torch-2.14.0+cu130
gpt2	torch-compile	warm	3	94	2319.8			torch-2.14.0+cu130
gpt2	torch-compile	warm	3	95	2334.6			torch-2.14.0+cu130
gpt2	torch-compile	warm	3	96	2343.2			torch-2.14.0+cu130
gpt2	torch-compile	warm	3	97	2326.7			torch-2.14.0+cu130
gpt2	torch-compile	warm	3	98	2336.5			torch-2.14.0+cu130
gpt2	torch-compile	warm	3	99	2354.9			torch-2.14.0+cu130
gpt2	torch-compile	warm	3	100	2392.3			torch-2.14.0+cu130
gpt2	torch-compile	warm	3	101	2327.0			torch-2.14.0+cu130
gpt2	torch-compile	warm	3	102	2358.2			torch-2.14.0+cu130
gpt2	torch-compile	warm	3	103	2333.6			torch-2.14.0+cu130
gpt2	torch-compile	warm	3	104	2339.6			torch-2.14.0+cu130
gpt2	torch-compile	warm	3	105	2322.7			torch-2.14.0+cu130
gpt2	torch-compile	warm	3	106	2346.5			torch-2.14.0+cu130
gpt2	torch-compile	warm	3	107	2350.6			torch-2.14.0+cu130
gpt2	torch-compile	warm	3	108	2352.2			torch-2.14.0+cu130
gpt2	torch-compile	warm	3	109	2341.7			torch-2.14.0+cu130
gpt2	torch-compile	warm	3	110	2435.7			torch-2.14.0+cu130
gpt2	torch-compile	warm	3	111	2402.1			torch-2.14.0+cu130
gpt2	torch-compile	warm	3	112	2393.2			torch-2.14.0+cu130
gpt2	torch-compile	warm	3	113	2488.1			torch-2.14.0+cu130
gpt2	torch-compile	warm	3	114	2389.9			torch-2.14.0+cu130
gpt2	torch-compile	warm	3	115	2390.9			torch-2.14.0+cu130
gpt2	torch-compile	warm	3	116	2344.1			torch-2.14.0+cu130
gpt2	torch-compile	warm	3	117	2346.8			torch-2.14.0+cu130
gpt2	torch-compile	warm	3	118	2360.6			torch-2.14.0+cu130
gpt2	torch-compile	warm	3	119	2349.9			torch-2.14.0+cu130
gpt2	torch-compile	warm	3	120	2354.9			torch-2.14.0+cu130
gpt2	torch-compile	warm	3	121	2357.7			torch-2.14.0+cu130
gpt2	torch-compile	warm	3	122	2348.4			torch-2.14.0+cu130
gpt2	torch-compile	warm	3	123	2424.0			torch-2.14.0+cu130
gpt2	torch-compile	warm	3	124	2304.3			torch-2.14.0+cu130
gpt2	torch-compile	warm	3	125	2281.9			torch-2.14.0+cu130
gpt2	torch-compile	warm	3	126	2305.7			torch-2.14.0+cu130
gpt2	torch-compile	warm	3	127	2270.7			torch-2.14.0+cu130
gpt2	torch-compile	warm	3	128	2297.2			torch-2.14.0+cu130
gpt2	torch-compile	warm	3	129	2285.7			torch-2.14.0+cu130
gpt2	torch-compile	warm	3	130	2264.3			torch-2.14.0+cu130
gpt2	torch-compile	warm	3	131	2259.5			torch-2.14.0+cu130
gpt2	torch-compile	warm	3	132	2255.4			torch-2.14.0+cu130
gpt2	torch-compile	warm	3	133	2265.2			torch-2.14.0+cu130
gpt2	torch-compile	warm	3	134	2281.9			torch-2.14.0+cu130
gpt2	torch-compile	warm	3	135	2261.4			torch-2.14.0+cu130
gpt2	torch-compile	warm	3	136	2261.6			torch-2.14.0+cu130
gpt2	torch-compile	warm	3	137	2271.9			torch-2.14.0+cu130
gpt2	torch-compile	warm	3	138	2292.6			torch-2.14.0+cu130
gpt2	torch-compile	warm	3	139	2360.6			torch-2.14.0+cu130
gpt2	torch-compile	warm	3	140	2312.7			torch-2.14.0+cu130
gpt2	torch-compile	warm	3	141	2308.8			torch-2.14.0+cu130
gpt2	torch-compile	warm	3	142	2323.4			torch-2.14.0+cu130
gpt2	torch-compile	warm	3	143	2341.5			torch-2.14.0+cu130
gpt2	torch-compile	warm	3	144	2304.3			torch-2.14.0+cu130
gpt2	torch-compile	warm	3	145	2362.0			torch-2.14.0+cu130
gpt2	torch-compile	warm	3	146	2376.1			torch-2.14.0+cu130
gpt2	torch-compile	warm	3	147	2356.1			torch-2.14.0+cu130
gpt2	torch-compile	warm	3	148	2319.6			torch-2.14.0+cu130
gpt2	torch-compile	warm	3	149	2315.8			torch-2.14.0+cu130
gpt2	torch-compile	warm	3	150	2282.1			torch-2.14.0+cu130
gpt2	torch-compile	warm	3	151	2264.5			torch-2.14.0+cu130
gpt2	torch-compile	warm	3	152	2333.9			torch-2.14.0+cu130
gpt2	torch-compile	warm	3	153	2287.1			torch-2.14.0+cu130
gpt2	torch-compile	warm	3	154	2263.5			torch-2.14.0+cu130
gpt2	torch-compile	warm	3	155	2232.8			torch-2.14.0+cu130
gpt2	torch-compile	warm	3	156	2284.5			torch-2.14.0+cu130
gpt2	torch-compile	warm	3	157	2265.7			torch-2.14.0+cu130
gpt2	torch-compile	warm	3	158	2268.8			torch-2.14.0+cu130
gpt2	torch-compile	warm	3	159	2278.8			torch-2.14.0+cu130
gpt2	torch-compile	warm	3	160	2309.6			torch-2.14.0+cu130
gpt2	torch-compile	warm	3	161	2257.3			torch-2.14.0+cu130
gpt2	torch-compile	warm	3	162	2294.1			torch-2.14.0+cu130
gpt2	torch-compile	warm	3	163	2268.1			torch-2.14.0+cu130
gpt2	torch-compile	warm	3	164	2258.3			torch-2.14.0+cu130
gpt2	torch-compile	warm	3	165	2260.2			torch-2.14.0+cu130
gpt2	torch-compile	warm	3	166	2239.5			torch-2.14.0+cu130
gpt2	torch-compile	warm	3	167	2280.5			torch-2.14.0+cu130
gpt2	torch-compile	warm	3	168	2267.4			torch-2.14.0+cu130
gpt2	torch-compile	warm	3	169	2262.1			torch-2.14.0+cu130
gpt2	torch-compile	warm	3	170	2267.6			torch-2.14.0+cu130
gpt2	torch-compile	warm	3	171	2281.4			torch-2.14.0+cu130
gpt2	torch-compile	warm	3	172	2272.8			torch-2.14.0+cu130
gpt2	torch-compile	warm	3	173	2267.8			torch-2.14.0+cu130
gpt2	torch-compile	warm	3	174	2278.3			torch-2.14.0+cu130
gpt2	torch-compile	warm	3	175	2260.7			torch-2.14.0+cu130
gpt2	torch-compile	warm	3	176	2244.9			torch-2.14.0+cu130
gpt2	torch-compile	warm	3	177	2260.9			torch-2.14.0+cu130
gpt2	torch-compile	warm	3	178	2252.6			torch-2.14.0+cu130
gpt2	torch-compile	warm	3	179	2229.2			torch-2.14.0+cu130
gpt2	torch-compile	warm	3	180	2263.8			torch-2.14.0+cu130
gpt2	torch-compile	warm	3	181	2309.6			torch-2.14.0+cu130
gpt2	torch-compile	warm	3	182	2260.7			torch-2.14.0+cu130
gpt2	torch-compile	warm	3	183	2290.5			torch-2.14.0+cu130
gpt2	torch-compile	warm	3	184	2281.2			torch-2.14.0+cu130
gpt2	torch-compile	warm	3	185	2271.7			torch-2.14.0+cu130
gpt2	torch-compile	warm	3	186	2288.3			torch-2.14.0+cu130
gpt2	torch-compile	warm	3	187	2246.9			torch-2.14.0+cu130
gpt2	torch-compile	warm	3	188	2308.8			torch-2.14.0+cu130
gpt2	torch-compile	warm	3	189	2286.2			torch-2.14.0+cu130
gpt2	torch-compile	warm	3	190	2252.3			torch-2.14.0+cu130
gpt2	torch-compile	warm	3	191	2292.6			torch-2.14.0+cu130
gpt2	torch-compile	warm	3	192	2288.8			torch-2.14.0+cu130
gpt2	torch-compile	warm	3	193	2277.1			torch-2.14.0+cu130
gpt2	torch-compile	warm	3	194	2257.8			torch-2.14.0+cu130
gpt2	torch-compile	warm	3	195	2286.4			torch-2.14.0+cu130
gpt2	torch-compile	warm	3	196	2289.5			torch-2.14.0+cu130
gpt2	torch-compile	warm	3	197	2283.8			torch-2.14.0+cu130
gpt2	torch-compile	warm	3	198	2282.6			torch-2.14.0+cu130
gpt2	torch-compile	warm	3	199	2296.0			torch-2.14.0+cu130
gpt2	torch-compile	warm	3	200	2284.5			torch-2.14.0+cu130
gpt2	torch-compile	warm	3	201	2251.4			torch-2.14.0+cu130
gpt2	torch-compile	warm	3	202	2264.0			torch-2.14.0+cu130
gpt2	torch-compile	warm	3	203	2286.9			torch-2.14.0+cu130
gpt2	torch-compile	warm	3	204	2268.8			torch-2.14.0+cu130
gpt2	torch-compile	warm	3	205	2275.9			torch-2.14.0+cu130
gpt2	torch-compile	warm	3	206	2273.3			torch-2.14.0+cu130
gpt2	torch-compile	warm	3	207	2268.6			torch-2.14.0+cu130
gpt2	torch-compile	warm	3	208	2270.5			torch-2.14.0+cu130
gpt2	torch-compile	warm	3	209	2294.5			torch-2.14.0+cu130
gpt2	torch-compile	warm	3	210	2296.7			torch-2.14.0+cu130
gpt2	torch-compile	warm	3	211	2270.5			torch-2.14.0+cu130
gpt2	torch-compile	warm	3	212	2271.9			torch-2.14.0+cu130
gpt2	torch-compile	warm	3	213	2275.0			torch-2.14.0+cu130
gpt2	torch-compile	warm	3	214	2285.0			torch-2.14.0+cu130
gpt2	torch-compile	warm	3	215	2261.9			torch-2.14.0+cu130
gpt2	torch-compile	warm	3	216	2263.8			torch-2.14.0+cu130
gpt2	torch-compile	warm	3	217	2264.0			torch-2.14.0+cu130
gpt2	torch-compile	warm	3	218	2270.5			torch-2.14.0+cu130
gpt2	torch-compile	warm	3	219	2291.7			torch-2.14.0+cu130
gpt2	torch-compile	warm	3	220	2271.2			torch-2.14.0+cu130
gpt2	torch-compile	warm	3	221	2276.2			torch-2.14.0+cu130
gpt2	torch-compile	warm	3	222	2252.3			torch-2.14.0+cu130
gpt2	torch-compile	warm	3	223	2271.2			torch-2.14.0+cu130
gpt2	torch-compile	warm	3	224	2250.4			torch-2.14.0+cu130
gpt2	torch-compile	warm	3	225	2298.6			torch-2.14.0+cu130
gpt2	torch-compile	warm	3	226	2287.4			torch-2.14.0+cu130
gpt2	torch-compile	warm	3	227	2273.8			torch-2.14.0+cu130
gpt2	torch-compile	warm	3	228	2269.5			torch-2.14.0+cu130
gpt2	torch-compile	warm	3	229	2261.4			torch-2.14.0+cu130
gpt2	torch-compile	warm	3	230	2252.8			torch-2.14.0+cu130
gpt2	torch-compile	warm	3	231	2252.1			torch-2.14.0+cu130
gpt2	torch-compile	warm	3	232	2287.9			torch-2.14.0+cu130
gpt2	torch-compile	warm	3	233	2265.0			torch-2.14.0+cu130
gpt2	torch-compile	warm	3	234	2271.4			torch-2.14.0+cu130
gpt2	torch-compile	warm	3	235	2267.6			torch-2.14.0+cu130
gpt2	torch-compile	warm	3	236	2263.8			torch-2.14.0+cu130
gpt2	torch-compile	warm	3	237	2305.7			torch-2.14.0+cu130
gpt2	torch-compile	warm	3	238	2255.2			torch-2.14.0+cu130
gpt2	torch-compile	warm	3	239	2340.1			torch-2.14.0+cu130
gpt2	torch-compile	warm	3	240	2328.6			torch-2.14.0+cu130
gpt2	torch-compile	warm	3	241	2331.5			torch-2.14.0+cu130
gpt2	torch-compile	warm	3	242	2294.1			torch-2.14.0+cu130
gpt2	torch-compile	warm	3	243	2274.8			torch-2.14.0+cu130
gpt2	torch-compile	warm	3	244	2284.8			torch-2.14.0+cu130
gpt2	torch-compile	warm	3	245	2321.2			torch-2.14.0+cu130
gpt2	torch-compile	warm	3	246	2286.7			torch-2.14.0+cu130
gpt2	torch-compile	warm	3	247	2270.9			torch-2.14.0+cu130
gpt2	torch-compile	warm	3	248	2271.2			torch-2.14.0+cu130
gpt2	torch-compile	warm	3	249	2293.6			torch-2.14.0+cu130
gpt2	torch-compile	warm	3	250	2314.6			torch-2.14.0+cu130
gpt2	torch-compile	warm	3	251	2300.0			torch-2.14.0+cu130
gpt2	torch-compile	warm	3	252	2332.9			torch-2.14.0+cu130
gpt2	torch-compile	warm	3	253	2335.1			torch-2.14.0+cu130
gpt2	torch-compile	warm	3	254	2319.1			torch-2.14.0+cu130
gpt2	torch-compile	warm	3	255	2323.4			torch-2.14.0+cu130
gpt2	torch-compile	warm	3	256	2359.4			torch-2.14.0+cu130
gpt2	torch-compile	warm	3	257	2289.5			torch-2.14.0+cu130
gpt2	torch-compile	warm	3	258	2298.6			torch-2.14.0+cu130
gpt2	torch-compile	warm	3	259	2321.7			torch-2.14.0+cu130
gpt2	torch-compile	warm	3	260	2309.1			torch-2.14.0+cu130
gpt2	torch-compile	warm	3	261	2267.4			torch-2.14.0+cu130
gpt2	torch-compile	warm	3	262	2282.1			torch-2.14.0+cu130
gpt2	torch-compile	warm	3	263	2260.9			torch-2.14.0+cu130
gpt2	torch-compile	warm	3	264	2268.1			torch-2.14.0+cu130
gpt2	torch-compile	warm	3	265	2300.0			torch-2.14.0+cu130
gpt2	torch-compile	warm	3	266	2284.8			torch-2.14.0+cu130
gpt2	torch-compile	warm	3	267	2277.9			torch-2.14.0+cu130
gpt2	torch-compile	warm	3	268	2251.4			torch-2.14.0+cu130
gpt2	torch-compile	warm	3	269	2332.9			torch-2.14.0+cu130
gpt2	torch-compile	warm	3	270	2289.3			torch-2.14.0+cu130
gpt2	torch-compile	warm	3	271	2262.6			torch-2.14.0+cu130
gpt2	torch-compile	warm	3	272	2281.2			torch-2.14.0+cu130
gpt2	torch-compile	warm	3	273	2291.7			torch-2.14.0+cu130
gpt2	torch-compile	warm	3	274	2274.5			torch-2.14.0+cu130
gpt2	torch-compile	warm	3	275	2267.6			torch-2.14.0+cu130
gpt2	torch-compile	warm	3	276	2272.4			torch-2.14.0+cu130
gpt2	torch-compile	warm	3	277	2287.1			torch-2.14.0+cu130
gpt2	torch-compile	warm	3	278	2249.7			torch-2.14.0+cu130
gpt2	torch-compile	warm	3	279	2294.3			torch-2.14.0+cu130
gpt2	torch-compile	warm	3	280	2289.3			torch-2.14.0+cu130
gpt2	torch-compile	warm	3	281	2261.9			torch-2.14.0+cu130
gpt2	torch-compile	warm	3	282	2260.4			torch-2.14.0+cu130
gpt2	torch-compile	warm	3	283	2292.9			torch-2.14.0+cu130
gpt2	torch-compile	warm	3	284	2268.6			torch-2.14.0+cu130
gpt2	torch-compile	warm	3	285	2270.5			torch-2.14.0+cu130
gpt2	torch-compile	warm	3	286	2275.7			torch-2.14.0+cu130
gpt2	torch-compile	warm	3	287	2268.6			torch-2.14.0+cu130
gpt2	torch-compile	warm	3	288	2255.4			torch-2.14.0+cu130
gpt2	torch-compile	warm	3	289	2261.4			torch-2.14.0+cu130
gpt2	torch-compile	warm	3	290	2244.5			torch-2.14.0+cu130
gpt2	torch-compile	warm	3	291	2297.4			torch-2.14.0+cu130
gpt2	torch-compile	warm	3	292	2264.7			torch-2.14.0+cu130
gpt2	torch-compile	warm	3	293	2251.9			torch-2.14.0+cu130
gpt2	torch-compile	warm	3	294	2265.9			torch-2.14.0+cu130
gpt2	torch-compile	warm	3	295	2281.4			torch-2.14.0+cu130
gpt2	torch-compile	warm	3	296	2263.8			torch-2.14.0+cu130
gpt2	torch-compile	warm	3	297	2252.1			torch-2.14.0+cu130
gpt2	torch-compile	warm	3	298	2287.1			torch-2.14.0+cu130
gpt2	torch-compile	warm	3	299	2301.7			torch-2.14.0+cu130
gpt2	torch-compile-ro	warm	3	0	2278707.0			torch-2.14.0+cu130
gpt2	torch-compile-ro	warm	3	1	38236.1			torch-2.14.0+cu130
gpt2	torch-compile-ro	warm	3	2	2674.3			torch-2.14.0+cu130
gpt2	torch-compile-ro	warm	3	3	2392.3			torch-2.14.0+cu130
gpt2	torch-compile-ro	warm	3	4	2453.3			torch-2.14.0+cu130
gpt2	torch-compile-ro	warm	3	5	2374.9			torch-2.14.0+cu130
gpt2	torch-compile-ro	warm	3	6	2348.4			torch-2.14.0+cu130
gpt2	torch-compile-ro	warm	3	7	2285.5			torch-2.14.0+cu130
gpt2	torch-compile-ro	warm	3	8	2292.2			torch-2.14.0+cu130
gpt2	torch-compile-ro	warm	3	9	2254.7			torch-2.14.0+cu130
gpt2	torch-compile-ro	warm	3	10	2235.2			torch-2.14.0+cu130
gpt2	torch-compile-ro	warm	3	11	2473.1			torch-2.14.0+cu130
gpt2	torch-compile-ro	warm	3	12	2452.9			torch-2.14.0+cu130
gpt2	torch-compile-ro	warm	3	13	2318.6			torch-2.14.0+cu130
gpt2	torch-compile-ro	warm	3	14	2299.1			torch-2.14.0+cu130
gpt2	torch-compile-ro	warm	3	15	2611.6			torch-2.14.0+cu130
gpt2	torch-compile-ro	warm	3	16	2505.8			torch-2.14.0+cu130
gpt2	torch-compile-ro	warm	3	17	2282.6			torch-2.14.0+cu130
gpt2	torch-compile-ro	warm	3	18	2333.2			torch-2.14.0+cu130
gpt2	torch-compile-ro	warm	3	19	2252.6			torch-2.14.0+cu130
gpt2	torch-compile-ro	warm	3	20	2266.9			torch-2.14.0+cu130
gpt2	torch-compile-ro	warm	3	21	2286.4			torch-2.14.0+cu130
gpt2	torch-compile-ro	warm	3	22	2303.6			torch-2.14.0+cu130
gpt2	torch-compile-ro	warm	3	23	2248.3			torch-2.14.0+cu130
gpt2	torch-compile-ro	warm	3	24	2376.3			torch-2.14.0+cu130
gpt2	torch-compile-ro	warm	3	25	2472.9			torch-2.14.0+cu130
gpt2	torch-compile-ro	warm	3	26	2500.8			torch-2.14.0+cu130
gpt2	torch-compile-ro	warm	3	27	2304.1			torch-2.14.0+cu130
gpt2	torch-compile-ro	warm	3	28	2346.5			torch-2.14.0+cu130
gpt2	torch-compile-ro	warm	3	29	2291.2			torch-2.14.0+cu130
gpt2	torch-compile-ro	warm	3	30	2241.1			torch-2.14.0+cu130
gpt2	torch-compile-ro	warm	3	31	2248.5			torch-2.14.0+cu130
gpt2	torch-compile-ro	warm	3	32	2255.9			torch-2.14.0+cu130
gpt2	torch-compile-ro	warm	3	33	2246.6			torch-2.14.0+cu130
gpt2	torch-compile-ro	warm	3	34	2216.3			torch-2.14.0+cu130
gpt2	torch-compile-ro	warm	3	35	2306.5			torch-2.14.0+cu130
gpt2	torch-compile-ro	warm	3	36	2432.8			torch-2.14.0+cu130
gpt2	torch-compile-ro	warm	3	37	2235.7			torch-2.14.0+cu130
gpt2	torch-compile-ro	warm	3	38	2224.9			torch-2.14.0+cu130
gpt2	torch-compile-ro	warm	3	39	2241.4			torch-2.14.0+cu130
gpt2	torch-compile-ro	warm	3	40	2270.7			torch-2.14.0+cu130
gpt2	torch-compile-ro	warm	3	41	2263.3			torch-2.14.0+cu130
gpt2	torch-compile-ro	warm	3	42	2265.9			torch-2.14.0+cu130
gpt2	torch-compile-ro	warm	3	43	2246.1			torch-2.14.0+cu130
gpt2	torch-compile-ro	warm	3	44	2226.1			torch-2.14.0+cu130
gpt2	torch-compile-ro	warm	3	45	2323.4			torch-2.14.0+cu130
gpt2	torch-compile-ro	warm	3	46	2363.2			torch-2.14.0+cu130
gpt2	torch-compile-ro	warm	3	47	2302.2			torch-2.14.0+cu130
gpt2	torch-compile-ro	warm	3	48	2331.0			torch-2.14.0+cu130
gpt2	torch-compile-ro	warm	3	49	2274.8			torch-2.14.0+cu130
gpt2	torch-compile-ro	warm	3	50	2306.7			torch-2.14.0+cu130
gpt2	torch-compile-ro	warm	3	51	2394.9			torch-2.14.0+cu130
gpt2	torch-compile-ro	warm	3	52	2299.1			torch-2.14.0+cu130
gpt2	torch-compile-ro	warm	3	53	2283.6			torch-2.14.0+cu130
gpt2	torch-compile-ro	warm	3	54	2300.7			torch-2.14.0+cu130
gpt2	torch-compile-ro	warm	3	55	2399.7			torch-2.14.0+cu130
gpt2	torch-compile-ro	warm	3	56	2515.1			torch-2.14.0+cu130
gpt2	torch-compile-ro	warm	3	57	2440.0			torch-2.14.0+cu130
gpt2	torch-compile-ro	warm	3	58	2349.9			torch-2.14.0+cu130
gpt2	torch-compile-ro	warm	3	59	2291.9			torch-2.14.0+cu130
gpt2	torch-compile-ro	warm	3	60	2333.2			torch-2.14.0+cu130
gpt2	torch-compile-ro	warm	3	61	2275.9			torch-2.14.0+cu130
gpt2	torch-compile-ro	warm	3	62	2239.2			torch-2.14.0+cu130
gpt2	torch-compile-ro	warm	3	63	2235.2			torch-2.14.0+cu130
gpt2	torch-compile-ro	warm	3	64	2222.8			torch-2.14.0+cu130
gpt2	torch-compile-ro	warm	3	65	2310.8			torch-2.14.0+cu130
gpt2	torch-compile-ro	warm	3	66	2314.3			torch-2.14.0+cu130
gpt2	torch-compile-ro	warm	3	67	2252.1			torch-2.14.0+cu130
gpt2	torch-compile-ro	warm	3	68	2229.5			torch-2.14.0+cu130
gpt2	torch-compile-ro	warm	3	69	2235.7			torch-2.14.0+cu130
gpt2	torch-compile-ro	warm	3	70	2268.6			torch-2.14.0+cu130
gpt2	torch-compile-ro	warm	3	71	2313.6			torch-2.14.0+cu130
gpt2	torch-compile-ro	warm	3	72	2236.4			torch-2.14.0+cu130
gpt2	torch-compile-ro	warm	3	73	2221.3			torch-2.14.0+cu130
gpt2	torch-compile-ro	warm	3	74	2322.0			torch-2.14.0+cu130
gpt2	torch-compile-ro	warm	3	75	2363.0			torch-2.14.0+cu130
gpt2	torch-compile-ro	warm	3	76	2343.9			torch-2.14.0+cu130
gpt2	torch-compile-ro	warm	3	77	2258.3			torch-2.14.0+cu130
gpt2	torch-compile-ro	warm	3	78	2279.5			torch-2.14.0+cu130
gpt2	torch-compile-ro	warm	3	79	2249.7			torch-2.14.0+cu130
gpt2	torch-compile-ro	warm	3	80	2254.0			torch-2.14.0+cu130
gpt2	torch-compile-ro	warm	3	81	2288.3			torch-2.14.0+cu130
gpt2	torch-compile-ro	warm	3	82	2259.0			torch-2.14.0+cu130
gpt2	torch-compile-ro	warm	3	83	2238.8			torch-2.14.0+cu130
gpt2	torch-compile-ro	warm	3	84	2275.2			torch-2.14.0+cu130
gpt2	torch-compile-ro	warm	3	85	2397.5			torch-2.14.0+cu130
gpt2	torch-compile-ro	warm	3	86	2326.0			torch-2.14.0+cu130
gpt2	torch-compile-ro	warm	3	87	2298.6			torch-2.14.0+cu130
gpt2	torch-compile-ro	warm	3	88	2276.2			torch-2.14.0+cu130
gpt2	torch-compile-ro	warm	3	89	2268.1			torch-2.14.0+cu130
gpt2	torch-compile-ro	warm	3	90	2248.0			torch-2.14.0+cu130
gpt2	torch-compile-ro	warm	3	91	2246.9			torch-2.14.0+cu130
gpt2	torch-compile-ro	warm	3	92	2238.3			torch-2.14.0+cu130
gpt2	torch-compile-ro	warm	3	93	2250.4			torch-2.14.0+cu130
gpt2	torch-compile-ro	warm	3	94	2292.6			torch-2.14.0+cu130
gpt2	torch-compile-ro	warm	3	95	2344.6			torch-2.14.0+cu130
gpt2	torch-compile-ro	warm	3	96	2318.4			torch-2.14.0+cu130
gpt2	torch-compile-ro	warm	3	97	2298.4			torch-2.14.0+cu130
gpt2	torch-compile-ro	warm	3	98	2265.2			torch-2.14.0+cu130
gpt2	torch-compile-ro	warm	3	99	2263.8			torch-2.14.0+cu130
gpt2	torch-compile-ro	warm	3	100	2283.1			torch-2.14.0+cu130
gpt2	torch-compile-ro	warm	3	101	2267.6			torch-2.14.0+cu130
gpt2	torch-compile-ro	warm	3	102	2250.2			torch-2.14.0+cu130
gpt2	torch-compile-ro	warm	3	103	2223.0			torch-2.14.0+cu130
gpt2	torch-compile-ro	warm	3	104	2260.0			torch-2.14.0+cu130
gpt2	torch-compile-ro	warm	3	105	2347.2			torch-2.14.0+cu130
gpt2	torch-compile-ro	warm	3	106	2306.5			torch-2.14.0+cu130
gpt2	torch-compile-ro	warm	3	107	2265.0			torch-2.14.0+cu130
gpt2	torch-compile-ro	warm	3	108	2294.5			torch-2.14.0+cu130
gpt2	torch-compile-ro	warm	3	109	2270.9			torch-2.14.0+cu130
gpt2	torch-compile-ro	warm	3	110	2221.6			torch-2.14.0+cu130
gpt2	torch-compile-ro	warm	3	111	2240.9			torch-2.14.0+cu130
gpt2	torch-compile-ro	warm	3	112	2188.4			torch-2.14.0+cu130
gpt2	torch-compile-ro	warm	3	113	2140.3			torch-2.14.0+cu130
gpt2	torch-compile-ro	warm	3	114	2183.0			torch-2.14.0+cu130
gpt2	torch-compile-ro	warm	3	115	2280.2			torch-2.14.0+cu130
gpt2	torch-compile-ro	warm	3	116	2246.6			torch-2.14.0+cu130
gpt2	torch-compile-ro	warm	3	117	2225.9			torch-2.14.0+cu130
gpt2	torch-compile-ro	warm	3	118	2180.6			torch-2.14.0+cu130
gpt2	torch-compile-ro	warm	3	119	2168.9			torch-2.14.0+cu130
gpt2	torch-compile-ro	warm	3	120	2258.5			torch-2.14.0+cu130
gpt2	torch-compile-ro	warm	3	121	2203.2			torch-2.14.0+cu130
gpt2	torch-compile-ro	warm	3	122	2224.2			torch-2.14.0+cu130
gpt2	torch-compile-ro	warm	3	123	2162.5			torch-2.14.0+cu130
gpt2	torch-compile-ro	warm	3	124	2175.8			torch-2.14.0+cu130
gpt2	torch-compile-ro	warm	3	125	2281.9			torch-2.14.0+cu130
gpt2	torch-compile-ro	warm	3	126	2244.7			torch-2.14.0+cu130
gpt2	torch-compile-ro	warm	3	127	2166.7			torch-2.14.0+cu130
gpt2	torch-compile-ro	warm	3	128	2174.9			torch-2.14.0+cu130
gpt2	torch-compile-ro	warm	3	129	2187.3			torch-2.14.0+cu130
gpt2	torch-compile-ro	warm	3	130	2148.2			torch-2.14.0+cu130
gpt2	torch-compile-ro	warm	3	131	2156.5			torch-2.14.0+cu130
gpt2	torch-compile-ro	warm	3	132	2123.1			torch-2.14.0+cu130
gpt2	torch-compile-ro	warm	3	133	2132.9			torch-2.14.0+cu130
gpt2	torch-compile-ro	warm	3	134	2131.7			torch-2.14.0+cu130
gpt2	torch-compile-ro	warm	3	135	2131.9			torch-2.14.0+cu130
gpt2	torch-compile-ro	warm	3	136	2153.4			torch-2.14.0+cu130
gpt2	torch-compile-ro	warm	3	137	2147.2			torch-2.14.0+cu130
gpt2	torch-compile-ro	warm	3	138	2147.7			torch-2.14.0+cu130
gpt2	torch-compile-ro	warm	3	139	2188.9			torch-2.14.0+cu130
gpt2	torch-compile-ro	warm	3	140	2257.1			torch-2.14.0+cu130
gpt2	torch-compile-ro	warm	3	141	2320.1			torch-2.14.0+cu130
gpt2	torch-compile-ro	warm	3	142	2320.5			torch-2.14.0+cu130
gpt2	torch-compile-ro	warm	3	143	2235.7			torch-2.14.0+cu130
gpt2	torch-compile-ro	warm	3	144	2210.9			torch-2.14.0+cu130
gpt2	torch-compile-ro	warm	3	145	2201.8			torch-2.14.0+cu130
gpt2	torch-compile-ro	warm	3	146	2195.6			torch-2.14.0+cu130
gpt2	torch-compile-ro	warm	3	147	2181.3			torch-2.14.0+cu130
gpt2	torch-compile-ro	warm	3	148	2169.6			torch-2.14.0+cu130
gpt2	torch-compile-ro	warm	3	149	2147.0			torch-2.14.0+cu130
gpt2	torch-compile-ro	warm	3	150	2205.8			torch-2.14.0+cu130
gpt2	torch-compile-ro	warm	3	151	2281.7			torch-2.14.0+cu130
gpt2	torch-compile-ro	warm	3	152	2275.7			torch-2.14.0+cu130
gpt2	torch-compile-ro	warm	3	153	2188.7			torch-2.14.0+cu130
gpt2	torch-compile-ro	warm	3	154	2189.9			torch-2.14.0+cu130
gpt2	torch-compile-ro	warm	3	155	2219.7			torch-2.14.0+cu130
gpt2	torch-compile-ro	warm	3	156	2205.8			torch-2.14.0+cu130
gpt2	torch-compile-ro	warm	3	157	2207.0			torch-2.14.0+cu130
gpt2	torch-compile-ro	warm	3	158	2245.7			torch-2.14.0+cu130
gpt2	torch-compile-ro	warm	3	159	2186.1			torch-2.14.0+cu130
gpt2	torch-compile-ro	warm	3	160	2179.4			torch-2.14.0+cu130
gpt2	torch-compile-ro	warm	3	161	2241.1			torch-2.14.0+cu130
gpt2	torch-compile-ro	warm	3	162	2252.1			torch-2.14.0+cu130
gpt2	torch-compile-ro	warm	3	163	2202.3			torch-2.14.0+cu130
gpt2	torch-compile-ro	warm	3	164	2185.3			torch-2.14.0+cu130
gpt2	torch-compile-ro	warm	3	165	2196.1			torch-2.14.0+cu130
gpt2	torch-compile-ro	warm	3	166	2184.6			torch-2.14.0+cu130
gpt2	torch-compile-ro	warm	3	167	2197.5			torch-2.14.0+cu130
gpt2	torch-compile-ro	warm	3	168	2215.4			torch-2.14.0+cu130
gpt2	torch-compile-ro	warm	3	169	2203.7			torch-2.14.0+cu130
gpt2	torch-compile-ro	warm	3	170	2155.1			torch-2.14.0+cu130
gpt2	torch-compile-ro	warm	3	171	2153.2			torch-2.14.0+cu130
gpt2	torch-compile-ro	warm	3	172	2286.9			torch-2.14.0+cu130
gpt2	torch-compile-ro	warm	3	173	2255.0			torch-2.14.0+cu130
gpt2	torch-compile-ro	warm	3	174	2251.1			torch-2.14.0+cu130
gpt2	torch-compile-ro	warm	3	175	2293.1			torch-2.14.0+cu130
gpt2	torch-compile-ro	warm	3	176	2297.2			torch-2.14.0+cu130
gpt2	torch-compile-ro	warm	3	177	2255.7			torch-2.14.0+cu130
gpt2	torch-compile-ro	warm	3	178	2193.0			torch-2.14.0+cu130
gpt2	torch-compile-ro	warm	3	179	2193.0			torch-2.14.0+cu130
gpt2	torch-compile-ro	warm	3	180	2188.7			torch-2.14.0+cu130
gpt2	torch-compile-ro	warm	3	181	2160.5			torch-2.14.0+cu130
gpt2	torch-compile-ro	warm	3	182	2205.8			torch-2.14.0+cu130
gpt2	torch-compile-ro	warm	3	183	2305.5			torch-2.14.0+cu130
gpt2	torch-compile-ro	warm	3	184	2264.7			torch-2.14.0+cu130
gpt2	torch-compile-ro	warm	3	185	2216.3			torch-2.14.0+cu130
gpt2	torch-compile-ro	warm	3	186	2230.2			torch-2.14.0+cu130
gpt2	torch-compile-ro	warm	3	187	2192.7			torch-2.14.0+cu130
gpt2	torch-compile-ro	warm	3	188	2235.7			torch-2.14.0+cu130
gpt2	torch-compile-ro	warm	3	189	2247.8			torch-2.14.0+cu130
gpt2	torch-compile-ro	warm	3	190	2193.0			torch-2.14.0+cu130
gpt2	torch-compile-ro	warm	3	191	2201.8			torch-2.14.0+cu130
gpt2	torch-compile-ro	warm	3	192	2169.6			torch-2.14.0+cu130
gpt2	torch-compile-ro	warm	3	193	2215.6			torch-2.14.0+cu130
gpt2	torch-compile-ro	warm	3	194	2247.3			torch-2.14.0+cu130
gpt2	torch-compile-ro	warm	3	195	2273.3			torch-2.14.0+cu130
gpt2	torch-compile-ro	warm	3	196	2188.9			torch-2.14.0+cu130
gpt2	torch-compile-ro	warm	3	197	2181.1			torch-2.14.0+cu130
gpt2	torch-compile-ro	warm	3	198	2182.7			torch-2.14.0+cu130
gpt2	torch-compile-ro	warm	3	199	2188.0			torch-2.14.0+cu130
gpt2	torch-compile-ro	warm	3	200	2200.4			torch-2.14.0+cu130
gpt2	torch-compile-ro	warm	3	201	2209.4			torch-2.14.0+cu130
gpt2	torch-compile-ro	warm	3	202	2185.6			torch-2.14.0+cu130
gpt2	torch-compile-ro	warm	3	203	2173.4			torch-2.14.0+cu130
gpt2	torch-compile-ro	warm	3	204	2288.8			torch-2.14.0+cu130
gpt2	torch-compile-ro	warm	3	205	2326.5			torch-2.14.0+cu130
gpt2	torch-compile-ro	warm	3	206	2279.0			torch-2.14.0+cu130
gpt2	torch-compile-ro	warm	3	207	2269.0			torch-2.14.0+cu130
gpt2	torch-compile-ro	warm	3	208	2227.8			torch-2.14.0+cu130
gpt2	torch-compile-ro	warm	3	209	2245.9			torch-2.14.0+cu130
gpt2	torch-compile-ro	warm	3	210	2232.8			torch-2.14.0+cu130
gpt2	torch-compile-ro	warm	3	211	2272.1			torch-2.14.0+cu130
gpt2	torch-compile-ro	warm	3	212	2247.1			torch-2.14.0+cu130
gpt2	torch-compile-ro	warm	3	213	2176.5			torch-2.14.0+cu130
gpt2	torch-compile-ro	warm	3	214	2177.2			torch-2.14.0+cu130
gpt2	torch-compile-ro	warm	3	215	2270.2			torch-2.14.0+cu130
gpt2	torch-compile-ro	warm	3	216	2249.0			torch-2.14.0+cu130
gpt2	torch-compile-ro	warm	3	217	2217.5			torch-2.14.0+cu130
gpt2	torch-compile-ro	warm	3	218	2236.4			torch-2.14.0+cu130
gpt2	torch-compile-ro	warm	3	219	2183.7			torch-2.14.0+cu130
gpt2	torch-compile-ro	warm	3	220	2195.6			torch-2.14.0+cu130
gpt2	torch-compile-ro	warm	3	221	2164.6			torch-2.14.0+cu130
gpt2	torch-compile-ro	warm	3	222	2182.0			torch-2.14.0+cu130
gpt2	torch-compile-ro	warm	3	223	2202.0			torch-2.14.0+cu130
gpt2	torch-compile-ro	warm	3	224	2148.6			torch-2.14.0+cu130
gpt2	torch-compile-ro	warm	3	225	2167.5			torch-2.14.0+cu130
gpt2	torch-compile-ro	warm	3	226	2208.2			torch-2.14.0+cu130
gpt2	torch-compile-ro	warm	3	227	2223.0			torch-2.14.0+cu130
gpt2	torch-compile-ro	warm	3	228	2172.2			torch-2.14.0+cu130
gpt2	torch-compile-ro	warm	3	229	2255.4			torch-2.14.0+cu130
gpt2	torch-compile-ro	warm	3	230	2239.5			torch-2.14.0+cu130
gpt2	torch-compile-ro	warm	3	231	2258.1			torch-2.14.0+cu130
gpt2	torch-compile-ro	warm	3	232	2224.0			torch-2.14.0+cu130
gpt2	torch-compile-ro	warm	3	233	2202.3			torch-2.14.0+cu130
gpt2	torch-compile-ro	warm	3	234	2225.2			torch-2.14.0+cu130
gpt2	torch-compile-ro	warm	3	235	2244.9			torch-2.14.0+cu130
gpt2	torch-compile-ro	warm	3	236	2287.4			torch-2.14.0+cu130
gpt2	torch-compile-ro	warm	3	237	2266.9			torch-2.14.0+cu130
gpt2	torch-compile-ro	warm	3	238	2259.3			torch-2.14.0+cu130
gpt2	torch-compile-ro	warm	3	239	2228.3			torch-2.14.0+cu130
gpt2	torch-compile-ro	warm	3	240	2183.0			torch-2.14.0+cu130
gpt2	torch-compile-ro	warm	3	241	2191.8			torch-2.14.0+cu130
gpt2	torch-compile-ro	warm	3	242	2147.4			torch-2.14.0+cu130
gpt2	torch-compile-ro	warm	3	243	2232.6			torch-2.14.0+cu130
gpt2	torch-compile-ro	warm	3	244	2218.2			torch-2.14.0+cu130
gpt2	torch-compile-ro	warm	3	245	2182.7			torch-2.14.0+cu130
gpt2	torch-compile-ro	warm	3	246	2179.4			torch-2.14.0+cu130
gpt2	torch-compile-ro	warm	3	247	2216.3			torch-2.14.0+cu130
gpt2	torch-compile-ro	warm	3	248	2273.3			torch-2.14.0+cu130
gpt2	torch-compile-ro	warm	3	249	2192.5			torch-2.14.0+cu130
gpt2	torch-compile-ro	warm	3	250	2218.7			torch-2.14.0+cu130
gpt2	torch-compile-ro	warm	3	251	2178.0			torch-2.14.0+cu130
gpt2	torch-compile-ro	warm	3	252	2184.4			torch-2.14.0+cu130
gpt2	torch-compile-ro	warm	3	253	2173.2			torch-2.14.0+cu130
gpt2	torch-compile-ro	warm	3	254	2170.3			torch-2.14.0+cu130
gpt2	torch-compile-ro	warm	3	255	2202.0			torch-2.14.0+cu130
gpt2	torch-compile-ro	warm	3	256	2181.1			torch-2.14.0+cu130
gpt2	torch-compile-ro	warm	3	257	2428.5			torch-2.14.0+cu130
gpt2	torch-compile-ro	warm	3	258	2335.8			torch-2.14.0+cu130
gpt2	torch-compile-ro	warm	3	259	2284.8			torch-2.14.0+cu130
gpt2	torch-compile-ro	warm	3	260	2190.4			torch-2.14.0+cu130
gpt2	torch-compile-ro	warm	3	261	2190.4			torch-2.14.0+cu130
gpt2	torch-compile-ro	warm	3	262	2214.7			torch-2.14.0+cu130
gpt2	torch-compile-ro	warm	3	263	2178.7			torch-2.14.0+cu130
gpt2	torch-compile-ro	warm	3	264	2231.1			torch-2.14.0+cu130
gpt2	torch-compile-ro	warm	3	265	2201.3			torch-2.14.0+cu130
gpt2	torch-compile-ro	warm	3	266	2210.9			torch-2.14.0+cu130
gpt2	torch-compile-ro	warm	3	267	2203.7			torch-2.14.0+cu130
gpt2	torch-compile-ro	warm	3	268	2248.3			torch-2.14.0+cu130
gpt2	torch-compile-ro	warm	3	269	2371.1			torch-2.14.0+cu130
gpt2	torch-compile-ro	warm	3	270	2273.8			torch-2.14.0+cu130
gpt2	torch-compile-ro	warm	3	271	2265.0			torch-2.14.0+cu130
gpt2	torch-compile-ro	warm	3	272	2208.7			torch-2.14.0+cu130
gpt2	torch-compile-ro	warm	3	273	2165.1			torch-2.14.0+cu130
gpt2	torch-compile-ro	warm	3	274	2136.0			torch-2.14.0+cu130
gpt2	torch-compile-ro	warm	3	275	2200.4			torch-2.14.0+cu130
gpt2	torch-compile-ro	warm	3	276	2158.6			torch-2.14.0+cu130
gpt2	torch-compile-ro	warm	3	277	2152.0			torch-2.14.0+cu130
gpt2	torch-compile-ro	warm	3	278	2164.8			torch-2.14.0+cu130
gpt2	torch-compile-ro	warm	3	279	2179.4			torch-2.14.0+cu130
gpt2	torch-compile-ro	warm	3	280	2201.6			torch-2.14.0+cu130
gpt2	torch-compile-ro	warm	3	281	2191.8			torch-2.14.0+cu130
gpt2	torch-compile-ro	warm	3	282	2171.3			torch-2.14.0+cu130
gpt2	torch-compile-ro	warm	3	283	2306.7			torch-2.14.0+cu130
gpt2	torch-compile-ro	warm	3	284	2285.5			torch-2.14.0+cu130
gpt2	torch-compile-ro	warm	3	285	2269.5			torch-2.14.0+cu130
gpt2	torch-compile-ro	warm	3	286	2332.2			torch-2.14.0+cu130
gpt2	torch-compile-ro	warm	3	287	2269.0			torch-2.14.0+cu130
gpt2	torch-compile-ro	warm	3	288	2219.4			torch-2.14.0+cu130
gpt2	torch-compile-ro	warm	3	289	2232.8			torch-2.14.0+cu130
gpt2	torch-compile-ro	warm	3	290	2255.7			torch-2.14.0+cu130
gpt2	torch-compile-ro	warm	3	291	2204.9			torch-2.14.0+cu130
gpt2	torch-compile-ro	warm	3	292	2177.0			torch-2.14.0+cu130
gpt2	torch-compile-ro	warm	3	293	2187.3			torch-2.14.0+cu130
gpt2	torch-compile-ro	warm	3	294	2252.3			torch-2.14.0+cu130
gpt2	torch-compile-ro	warm	3	295	2297.2			torch-2.14.0+cu130
gpt2	torch-compile-ro	warm	3	296	2206.3			torch-2.14.0+cu130
gpt2	torch-compile-ro	warm	3	297	2199.4			torch-2.14.0+cu130
gpt2	torch-compile-ro	warm	3	298	2190.4			torch-2.14.0+cu130
gpt2	torch-compile-ro	warm	3	299	2208.2			torch-2.14.0+cu130
gpt2	jax	warm	3	0	65319.9			jax-0.11.1
gpt2	jax	warm	3	1	2397.6			jax-0.11.1
gpt2	jax	warm	3	2	2454.2			jax-0.11.1
gpt2	jax	warm	3	3	2044.8			jax-0.11.1
gpt2	jax	warm	3	4	2004.4			jax-0.11.1
gpt2	jax	warm	3	5	1990.4			jax-0.11.1
gpt2	jax	warm	3	6	2025.3			jax-0.11.1
gpt2	jax	warm	3	7	2040.0			jax-0.11.1
gpt2	jax	warm	3	8	2009.0			jax-0.11.1
gpt2	jax	warm	3	9	2009.8			jax-0.11.1
gpt2	jax	warm	3	10	2011.4			jax-0.11.1
gpt2	jax	warm	3	11	1991.0			jax-0.11.1
gpt2	jax	warm	3	12	2015.5			jax-0.11.1
gpt2	jax	warm	3	13	2025.5			jax-0.11.1
gpt2	jax	warm	3	14	2108.9			jax-0.11.1
gpt2	jax	warm	3	15	2015.4			jax-0.11.1
gpt2	jax	warm	3	16	2020.4			jax-0.11.1
gpt2	jax	warm	3	17	2086.9			jax-0.11.1
gpt2	jax	warm	3	18	2078.7			jax-0.11.1
gpt2	jax	warm	3	19	2043.0			jax-0.11.1
gpt2	jax	warm	3	20	2033.9			jax-0.11.1
gpt2	jax	warm	3	21	1984.0			jax-0.11.1
gpt2	jax	warm	3	22	2006.7			jax-0.11.1
gpt2	jax	warm	3	23	2020.0			jax-0.11.1
gpt2	jax	warm	3	24	1970.1			jax-0.11.1
gpt2	jax	warm	3	25	2009.1			jax-0.11.1
gpt2	jax	warm	3	26	2010.4			jax-0.11.1
gpt2	jax	warm	3	27	1974.4			jax-0.11.1
gpt2	jax	warm	3	28	2004.9			jax-0.11.1
gpt2	jax	warm	3	29	2013.3			jax-0.11.1
gpt2	jax	warm	3	30	2019.7			jax-0.11.1
gpt2	jax	warm	3	31	2011.2			jax-0.11.1
gpt2	jax	warm	3	32	1974.1			jax-0.11.1
gpt2	jax	warm	3	33	2000.4			jax-0.11.1
gpt2	jax	warm	3	34	1991.7			jax-0.11.1
gpt2	jax	warm	3	35	1998.8			jax-0.11.1
gpt2	jax	warm	3	36	2102.0			jax-0.11.1
gpt2	jax	warm	3	37	2031.6			jax-0.11.1
gpt2	jax	warm	3	38	2024.2			jax-0.11.1
gpt2	jax	warm	3	39	2009.8			jax-0.11.1
gpt2	jax	warm	3	40	2008.3			jax-0.11.1
gpt2	jax	warm	3	41	1977.2			jax-0.11.1
gpt2	jax	warm	3	42	2005.0			jax-0.11.1
gpt2	jax	warm	3	43	1993.0			jax-0.11.1
gpt2	jax	warm	3	44	1981.7			jax-0.11.1
gpt2	jax	warm	3	45	2052.3			jax-0.11.1
gpt2	jax	warm	3	46	2024.8			jax-0.11.1
gpt2	jax	warm	3	47	2105.2			jax-0.11.1
gpt2	jax	warm	3	48	2085.0			jax-0.11.1
gpt2	jax	warm	3	49	2026.7			jax-0.11.1
gpt2	jax	warm	3	50	2030.1			jax-0.11.1
gpt2	jax	warm	3	51	2021.8			jax-0.11.1
gpt2	jax	warm	3	52	2005.4			jax-0.11.1
gpt2	jax	warm	3	53	1992.0			jax-0.11.1
gpt2	jax	warm	3	54	2027.2			jax-0.11.1
gpt2	jax	warm	3	55	2009.9			jax-0.11.1
gpt2	jax	warm	3	56	2011.5			jax-0.11.1
gpt2	jax	warm	3	57	2003.9			jax-0.11.1
gpt2	jax	warm	3	58	2015.3			jax-0.11.1
gpt2	jax	warm	3	59	2127.9			jax-0.11.1
gpt2	jax	warm	3	60	2087.6			jax-0.11.1
gpt2	jax	warm	3	61	2056.9			jax-0.11.1
gpt2	jax	warm	3	62	2049.7			jax-0.11.1
gpt2	jax	warm	3	63	2108.5			jax-0.11.1
gpt2	jax	warm	3	64	2030.3			jax-0.11.1
gpt2	jax	warm	3	65	2035.7			jax-0.11.1
gpt2	jax	warm	3	66	2020.6			jax-0.11.1
gpt2	jax	warm	3	67	2010.1			jax-0.11.1
gpt2	jax	warm	3	68	2027.5			jax-0.11.1
gpt2	jax	warm	3	69	2079.1			jax-0.11.1
gpt2	jax	warm	3	70	2091.1			jax-0.11.1
gpt2	jax	warm	3	71	2026.4			jax-0.11.1
gpt2	jax	warm	3	72	2030.7			jax-0.11.1
gpt2	jax	warm	3	73	2002.1			jax-0.11.1
gpt2	jax	warm	3	74	2017.3			jax-0.11.1
gpt2	jax	warm	3	75	2009.0			jax-0.11.1
gpt2	jax	warm	3	76	2005.5			jax-0.11.1
gpt2	jax	warm	3	77	1997.9			jax-0.11.1
gpt2	jax	warm	3	78	1998.5			jax-0.11.1
gpt2	jax	warm	3	79	1994.7			jax-0.11.1
gpt2	jax	warm	3	80	2102.6			jax-0.11.1
gpt2	jax	warm	3	81	2048.9			jax-0.11.1
gpt2	jax	warm	3	82	2024.6			jax-0.11.1
gpt2	jax	warm	3	83	2031.8			jax-0.11.1
gpt2	jax	warm	3	84	2006.7			jax-0.11.1
gpt2	jax	warm	3	85	2023.8			jax-0.11.1
gpt2	jax	warm	3	86	2032.7			jax-0.11.1
gpt2	jax	warm	3	87	2010.7			jax-0.11.1
gpt2	jax	warm	3	88	1978.6			jax-0.11.1
gpt2	jax	warm	3	89	2008.4			jax-0.11.1
gpt2	jax	warm	3	90	1974.1			jax-0.11.1
gpt2	jax	warm	3	91	2035.0			jax-0.11.1
gpt2	jax	warm	3	92	2081.0			jax-0.11.1
gpt2	jax	warm	3	93	2057.6			jax-0.11.1
gpt2	jax	warm	3	94	2038.3			jax-0.11.1
gpt2	jax	warm	3	95	1986.6			jax-0.11.1
gpt2	jax	warm	3	96	1972.8			jax-0.11.1
gpt2	jax	warm	3	97	1986.6			jax-0.11.1
gpt2	jax	warm	3	98	1946.6			jax-0.11.1
gpt2	jax	warm	3	99	1962.5			jax-0.11.1
gpt2	jax	warm	3	100	1985.8			jax-0.11.1
gpt2	jax	warm	3	101	1968.8			jax-0.11.1
gpt2	jax	warm	3	102	1976.4			jax-0.11.1
gpt2	jax	warm	3	103	1978.2			jax-0.11.1
gpt2	jax	warm	3	104	2000.5			jax-0.11.1
gpt2	jax	warm	3	105	1962.8			jax-0.11.1
gpt2	jax	warm	3	106	1969.7			jax-0.11.1
gpt2	jax	warm	3	107	1952.1			jax-0.11.1
gpt2	jax	warm	3	108	1961.1			jax-0.11.1
gpt2	jax	warm	3	109	1946.4			jax-0.11.1
gpt2	jax	warm	3	110	1956.4			jax-0.11.1
gpt2	jax	warm	3	111	1973.8			jax-0.11.1
gpt2	jax	warm	3	112	1944.4			jax-0.11.1
gpt2	jax	warm	3	113	1953.4			jax-0.11.1
gpt2	jax	warm	3	114	1991.6			jax-0.11.1
gpt2	jax	warm	3	115	1988.1			jax-0.11.1
gpt2	jax	warm	3	116	1959.0			jax-0.11.1
gpt2	jax	warm	3	117	1941.5			jax-0.11.1
gpt2	jax	warm	3	118	1954.0			jax-0.11.1
gpt2	jax	warm	3	119	1951.6			jax-0.11.1
gpt2	jax	warm	3	120	1958.0			jax-0.11.1
gpt2	jax	warm	3	121	1949.2			jax-0.11.1
gpt2	jax	warm	3	122	1943.7			jax-0.11.1
gpt2	jax	warm	3	123	1957.8			jax-0.11.1
gpt2	jax	warm	3	124	1949.9			jax-0.11.1
gpt2	jax	warm	3	125	1971.7			jax-0.11.1
gpt2	jax	warm	3	126	2056.4			jax-0.11.1
gpt2	jax	warm	3	127	1996.5			jax-0.11.1
gpt2	jax	warm	3	128	1970.3			jax-0.11.1
gpt2	jax	warm	3	129	1971.3			jax-0.11.1
gpt2	jax	warm	3	130	1973.1			jax-0.11.1
gpt2	jax	warm	3	131	1972.1			jax-0.11.1
gpt2	jax	warm	3	132	1964.4			jax-0.11.1
gpt2	jax	warm	3	133	1961.8			jax-0.11.1
gpt2	jax	warm	3	134	1954.2			jax-0.11.1
gpt2	jax	warm	3	135	1952.9			jax-0.11.1
gpt2	jax	warm	3	136	1970.5			jax-0.11.1
gpt2	jax	warm	3	137	2016.3			jax-0.11.1
gpt2	jax	warm	3	138	2019.3			jax-0.11.1
gpt2	jax	warm	3	139	1972.7			jax-0.11.1
gpt2	jax	warm	3	140	1969.4			jax-0.11.1
gpt2	jax	warm	3	141	1953.4			jax-0.11.1
gpt2	jax	warm	3	142	1965.0			jax-0.11.1
gpt2	jax	warm	3	143	1944.3			jax-0.11.1
gpt2	jax	warm	3	144	1962.4			jax-0.11.1
gpt2	jax	warm	3	145	1948.0			jax-0.11.1
gpt2	jax	warm	3	146	1946.7			jax-0.11.1
gpt2	jax	warm	3	147	1930.9			jax-0.11.1
gpt2	jax	warm	3	148	1994.1			jax-0.11.1
gpt2	jax	warm	3	149	1983.2			jax-0.11.1
gpt2	jax	warm	3	150	1954.7			jax-0.11.1
gpt2	jax	warm	3	151	1967.3			jax-0.11.1
gpt2	jax	warm	3	152	1952.0			jax-0.11.1
gpt2	jax	warm	3	153	1948.1			jax-0.11.1
gpt2	jax	warm	3	154	1963.0			jax-0.11.1
gpt2	jax	warm	3	155	1943.8			jax-0.11.1
gpt2	jax	warm	3	156	1953.2			jax-0.11.1
gpt2	jax	warm	3	157	1955.4			jax-0.11.1
gpt2	jax	warm	3	158	1939.5			jax-0.11.1
gpt2	jax	warm	3	159	1946.4			jax-0.11.1
gpt2	jax	warm	3	160	1972.3			jax-0.11.1
gpt2	jax	warm	3	161	2025.2			jax-0.11.1
gpt2	jax	warm	3	162	1968.8			jax-0.11.1
gpt2	jax	warm	3	163	1975.0			jax-0.11.1
gpt2	jax	warm	3	164	1954.4			jax-0.11.1
gpt2	jax	warm	3	165	1960.1			jax-0.11.1
gpt2	jax	warm	3	166	1946.9			jax-0.11.1
gpt2	jax	warm	3	167	2013.4			jax-0.11.1
gpt2	jax	warm	3	168	1973.8			jax-0.11.1
gpt2	jax	warm	3	169	2102.7			jax-0.11.1
gpt2	jax	warm	3	170	2038.0			jax-0.11.1
gpt2	jax	warm	3	171	2012.0			jax-0.11.1
gpt2	jax	warm	3	172	2087.6			jax-0.11.1
gpt2	jax	warm	3	173	2255.7			jax-0.11.1
gpt2	jax	warm	3	174	1975.8			jax-0.11.1
gpt2	jax	warm	3	175	1948.4			jax-0.11.1
gpt2	jax	warm	3	176	1946.1			jax-0.11.1
gpt2	jax	warm	3	177	1937.6			jax-0.11.1
gpt2	jax	warm	3	178	1933.9			jax-0.11.1
gpt2	jax	warm	3	179	1953.9			jax-0.11.1
gpt2	jax	warm	3	180	1968.3			jax-0.11.1
gpt2	jax	warm	3	181	1979.8			jax-0.11.1
gpt2	jax	warm	3	182	1949.6			jax-0.11.1
gpt2	jax	warm	3	183	1952.1			jax-0.11.1
gpt2	jax	warm	3	184	2032.8			jax-0.11.1
gpt2	jax	warm	3	185	1972.8			jax-0.11.1
gpt2	jax	warm	3	186	1962.4			jax-0.11.1
gpt2	jax	warm	3	187	1943.1			jax-0.11.1
gpt2	jax	warm	3	188	1952.2			jax-0.11.1
gpt2	jax	warm	3	189	2025.9			jax-0.11.1
gpt2	jax	warm	3	190	2008.1			jax-0.11.1
gpt2	jax	warm	3	191	1979.5			jax-0.11.1
gpt2	jax	warm	3	192	1967.1			jax-0.11.1
gpt2	jax	warm	3	193	1977.6			jax-0.11.1
gpt2	jax	warm	3	194	1976.4			jax-0.11.1
gpt2	jax	warm	3	195	1958.1			jax-0.11.1
gpt2	jax	warm	3	196	1993.7			jax-0.11.1
gpt2	jax	warm	3	197	1963.3			jax-0.11.1
gpt2	jax	warm	3	198	1962.5			jax-0.11.1
gpt2	jax	warm	3	199	1940.9			jax-0.11.1
gpt2	jax	warm	3	200	1960.1			jax-0.11.1
gpt2	jax	warm	3	201	1994.8			jax-0.11.1
gpt2	jax	warm	3	202	1978.9			jax-0.11.1
gpt2	jax	warm	3	203	1949.8			jax-0.11.1
gpt2	jax	warm	3	204	1961.5			jax-0.11.1
gpt2	jax	warm	3	205	1932.5			jax-0.11.1
gpt2	jax	warm	3	206	1951.4			jax-0.11.1
gpt2	jax	warm	3	207	1946.1			jax-0.11.1
gpt2	jax	warm	3	208	1975.0			jax-0.11.1
gpt2	jax	warm	3	209	1956.6			jax-0.11.1
gpt2	jax	warm	3	210	1951.1			jax-0.11.1
gpt2	jax	warm	3	211	1950.9			jax-0.11.1
gpt2	jax	warm	3	212	2032.5			jax-0.11.1
gpt2	jax	warm	3	213	2048.1			jax-0.11.1
gpt2	jax	warm	3	214	1985.2			jax-0.11.1
gpt2	jax	warm	3	215	1972.3			jax-0.11.1
gpt2	jax	warm	3	216	1970.9			jax-0.11.1
gpt2	jax	warm	3	217	1971.1			jax-0.11.1
gpt2	jax	warm	3	218	1945.0			jax-0.11.1
gpt2	jax	warm	3	219	1959.8			jax-0.11.1
gpt2	jax	warm	3	220	1958.0			jax-0.11.1
gpt2	jax	warm	3	221	1944.4			jax-0.11.1
gpt2	jax	warm	3	222	1984.5			jax-0.11.1
gpt2	jax	warm	3	223	1992.3			jax-0.11.1
gpt2	jax	warm	3	224	2065.3			jax-0.11.1
gpt2	jax	warm	3	225	1982.1			jax-0.11.1
gpt2	jax	warm	3	226	1954.5			jax-0.11.1
gpt2	jax	warm	3	227	1956.5			jax-0.11.1
gpt2	jax	warm	3	228	1990.0			jax-0.11.1
gpt2	jax	warm	3	229	2007.0			jax-0.11.1
gpt2	jax	warm	3	230	2035.4			jax-0.11.1
gpt2	jax	warm	3	231	1966.1			jax-0.11.1
gpt2	jax	warm	3	232	1970.2			jax-0.11.1
gpt2	jax	warm	3	233	1964.0			jax-0.11.1
gpt2	jax	warm	3	234	1968.9			jax-0.11.1
gpt2	jax	warm	3	235	2035.8			jax-0.11.1
gpt2	jax	warm	3	236	1995.4			jax-0.11.1
gpt2	jax	warm	3	237	1968.2			jax-0.11.1
gpt2	jax	warm	3	238	1989.0			jax-0.11.1
gpt2	jax	warm	3	239	1966.5			jax-0.11.1
gpt2	jax	warm	3	240	1963.8			jax-0.11.1
gpt2	jax	warm	3	241	1947.5			jax-0.11.1
gpt2	jax	warm	3	242	1967.3			jax-0.11.1
gpt2	jax	warm	3	243	1946.2			jax-0.11.1
gpt2	jax	warm	3	244	1954.8			jax-0.11.1
gpt2	jax	warm	3	245	1971.9			jax-0.11.1
gpt2	jax	warm	3	246	2012.1			jax-0.11.1
gpt2	jax	warm	3	247	2029.8			jax-0.11.1
gpt2	jax	warm	3	248	1964.4			jax-0.11.1
gpt2	jax	warm	3	249	1969.7			jax-0.11.1
gpt2	jax	warm	3	250	1955.8			jax-0.11.1
gpt2	jax	warm	3	251	1966.4			jax-0.11.1
gpt2	jax	warm	3	252	1967.5			jax-0.11.1
gpt2	jax	warm	3	253	1978.7			jax-0.11.1
gpt2	jax	warm	3	254	1960.5			jax-0.11.1
gpt2	jax	warm	3	255	1955.8			jax-0.11.1
gpt2	jax	warm	3	256	1948.9			jax-0.11.1
gpt2	jax	warm	3	257	1983.0			jax-0.11.1
gpt2	jax	warm	3	258	2003.0			jax-0.11.1
gpt2	jax	warm	3	259	1976.3			jax-0.11.1
gpt2	jax	warm	3	260	1962.4			jax-0.11.1
gpt2	jax	warm	3	261	1984.3			jax-0.11.1
gpt2	jax	warm	3	262	1970.1			jax-0.11.1
gpt2	jax	warm	3	263	1995.8			jax-0.11.1
gpt2	jax	warm	3	264	1992.5			jax-0.11.1
gpt2	jax	warm	3	265	1971.2			jax-0.11.1
gpt2	jax	warm	3	266	1961.0			jax-0.11.1
gpt2	jax	warm	3	267	1962.4			jax-0.11.1
gpt2	jax	warm	3	268	1997.9			jax-0.11.1
gpt2	jax	warm	3	269	2021.1			jax-0.11.1
gpt2	jax	warm	3	270	1981.7			jax-0.11.1
gpt2	jax	warm	3	271	1956.0			jax-0.11.1
gpt2	jax	warm	3	272	1964.6			jax-0.11.1
gpt2	jax	warm	3	273	1961.8			jax-0.11.1
gpt2	jax	warm	3	274	1964.9			jax-0.11.1
gpt2	jax	warm	3	275	1953.1			jax-0.11.1
gpt2	jax	warm	3	276	1974.3			jax-0.11.1
gpt2	jax	warm	3	277	1971.1			jax-0.11.1
gpt2	jax	warm	3	278	1957.9			jax-0.11.1
gpt2	jax	warm	3	279	1982.7			jax-0.11.1
gpt2	jax	warm	3	280	2053.2			jax-0.11.1
gpt2	jax	warm	3	281	2027.8			jax-0.11.1
gpt2	jax	warm	3	282	1970.7			jax-0.11.1
gpt2	jax	warm	3	283	1970.2			jax-0.11.1
gpt2	jax	warm	3	284	1958.4			jax-0.11.1
gpt2	jax	warm	3	285	1993.1			jax-0.11.1
gpt2	jax	warm	3	286	1963.6			jax-0.11.1
gpt2	jax	warm	3	287	1981.6			jax-0.11.1
gpt2	jax	warm	3	288	1968.9			jax-0.11.1
gpt2	jax	warm	3	289	1954.5			jax-0.11.1
gpt2	jax	warm	3	290	1960.8			jax-0.11.1
gpt2	jax	warm	3	291	2014.7			jax-0.11.1
gpt2	jax	warm	3	292	1992.8			jax-0.11.1
gpt2	jax	warm	3	293	1968.4			jax-0.11.1
gpt2	jax	warm	3	294	1952.9			jax-0.11.1
gpt2	jax	warm	3	295	1958.0			jax-0.11.1
gpt2	jax	warm	3	296	1968.2			jax-0.11.1
gpt2	jax	warm	3	297	1965.0			jax-0.11.1
gpt2	jax	warm	3	298	1970.3			jax-0.11.1
gpt2	jax	warm	3	299	1960.5			jax-0.11.1
