system	round	pass	length	us	build_us	binary
ours	1	1	32	11461.0	753.9	bc0b741fada7
ours	1	1	48	39825.9	1052.1	bc0b741fada7
ours	1	1	64	55943.0	3113.0	bc0b741fada7
ours	1	1	96	13458.0	4282.0	bc0b741fada7
ours	1	1	128	19050.1	5078.1	bc0b741fada7
ours	1	1	32	10015.0	579.1	bc0b741fada7
ours	1	1	48	18184.2	505.0	bc0b741fada7
ours	1	1	64	1337.1	603.9	bc0b741fada7
ours	1	1	96	1672.0	968.0	bc0b741fada7
ours	1	1	128	1740.9	1224.0	bc0b741fada7
ours	1	1	32	3308.1	335.0	bc0b741fada7
ours	1	1	48	3468.0	460.1	bc0b741fada7
ours	1	1	64	1246.2	598.0	bc0b741fada7
ours	1	1	96	3353.8	906.2	bc0b741fada7
ours	1	1	128	1761.0	1216.9	bc0b741fada7
ours	1	1	32	956.1	286.1	bc0b741fada7
ours	1	1	48	1193.0	485.9	bc0b741fada7
ours	1	1	64	1228.1	664.0	bc0b741fada7
ours	1	1	96	3458.0	938.2	bc0b741fada7
ours	1	1	128	1750.9	1219.0	bc0b741fada7
ours	1	1	32	948.0	297.1	bc0b741fada7
ours	1	1	48	1161.1	433.0	bc0b741fada7
ours	1	1	64	1230.0	591.0	bc0b741fada7
ours	1	1	96	1672.0	918.9	bc0b741fada7
ours	1	1	128	4036.9	1200.0	bc0b741fada7
ours	1	1	32	953.0	295.9	bc0b741fada7
ours	1	1	48	1157.0	451.1	bc0b741fada7
ours	1	1	64	1234.1	573.2	bc0b741fada7
ours	1	1	96	1686.1	888.8	bc0b741fada7
ours	1	1	128	3531.9	1209.0	bc0b741fada7
ours	1	1	32	967.0	296.1	bc0b741fada7
ours	1	1	48	1164.0	448.9	bc0b741fada7
ours	1	1	64	1231.0	574.1	bc0b741fada7
ours	1	1	96	1681.1	881.9	bc0b741fada7
ours	1	1	128	1745.0	1200.0	bc0b741fada7
ours	1	1	32	963.9	290.2	bc0b741fada7
ours	1	1	48	3464.9	445.1	bc0b741fada7
ours	1	1	64	3432.0	597.0	bc0b741fada7
ours	1	1	96	1683.0	899.1	bc0b741fada7
ours	1	1	128	1739.0	1195.9	bc0b741fada7
ours	1	1	32	947.0	286.1	bc0b741fada7
ours	1	1	48	1156.1	438.9	bc0b741fada7
ours	1	1	64	3700.0	571.0	bc0b741fada7
ours	1	1	96	1682.0	901.0	bc0b741fada7
ours	1	1	128	1733.1	1191.1	bc0b741fada7
ours	1	1	32	942.9	294.0	bc0b741fada7
ours	1	1	48	1158.0	434.9	bc0b741fada7
ours	1	1	64	1233.1	586.0	bc0b741fada7
ours	1	1	96	1678.9	891.9	bc0b741fada7
ours	1	1	128	1735.9	1192.1	bc0b741fada7
ours	1	1	32	948.0	287.1	bc0b741fada7
ours	1	1	48	3418.0	432.0	bc0b741fada7
ours	1	1	64	1244.1	581.0	bc0b741fada7
ours	1	1	96	1684.9	884.1	bc0b741fada7
ours	1	1	128	1745.0	1204.0	bc0b741fada7
ours	1	1	32	955.1	289.0	bc0b741fada7
ours	1	1	48	1159.0	438.9	bc0b741fada7
ours	1	1	64	1233.1	582.9	bc0b741fada7
ours	1	1	96	1667.0	906.0	bc0b741fada7
ours	1	1	128	1738.1	1208.8	bc0b741fada7
ours	1	1	32	944.9	301.1	bc0b741fada7
ours	1	1	48	1158.0	432.0	bc0b741fada7
ours	1	1	64	3470.9	587.0	bc0b741fada7
ours	1	1	96	1688.0	911.0	bc0b741fada7
ours	1	1	128	1737.1	1195.9	bc0b741fada7
ours	1	1	32	946.0	289.0	bc0b741fada7
ours	1	1	48	1169.2	435.8	bc0b741fada7
ours	1	1	64	1237.9	572.0	bc0b741fada7
ours	1	1	96	1673.0	891.9	bc0b741fada7
ours	1	1	128	1729.0	1205.0	bc0b741fada7
ours	1	1	32	939.8	290.2	bc0b741fada7
ours	1	1	48	1158.0	453.9	bc0b741fada7
ours	1	1	64	1225.0	579.1	bc0b741fada7
ours	1	1	96	3487.1	886.9	bc0b741fada7
ours	1	1	128	1744.0	1200.0	bc0b741fada7
ours	1	1	32	947.0	291.1	bc0b741fada7
ours	1	1	48	1155.9	442.0	bc0b741fada7
ours	1	1	64	1229.0	576.0	bc0b741fada7
ours	1	1	96	1684.0	876.2	bc0b741fada7
ours	1	1	128	1732.8	1198.1	bc0b741fada7
ours	1	1	32	944.9	291.1	bc0b741fada7
ours	1	1	48	1159.9	441.1	bc0b741fada7
ours	1	1	64	1237.9	599.1	bc0b741fada7
ours	1	1	96	1664.9	895.0	bc0b741fada7
ours	1	1	128	3489.0	1200.0	bc0b741fada7
ours	1	1	32	974.2	300.9	bc0b741fada7
ours	1	1	48	1167.1	449.9	bc0b741fada7
ours	1	1	64	1233.1	589.8	bc0b741fada7
ours	1	1	96	1667.0	905.0	bc0b741fada7
ours	1	1	128	1739.0	1216.9	bc0b741fada7
ours	1	1	32	949.1	299.9	bc0b741fada7
ours	1	1	48	1160.1	436.1	bc0b741fada7
ours	1	1	64	1237.9	589.1	bc0b741fada7
ours	1	1	96	1668.0	893.1	bc0b741fada7
ours	1	1	128	1738.1	1192.8	bc0b741fada7
ours	1	1	32	3377.0	298.0	bc0b741fada7
ours	1	1	48	1174.0	459.2	bc0b741fada7
ours	1	1	64	1232.1	568.9	bc0b741fada7
ours	1	1	96	1673.0	892.9	bc0b741fada7
ours	1	1	128	1752.1	1199.0	bc0b741fada7
ours	1	2	32	959.9	293.0	bc0b741fada7
ours	1	2	48	1154.2	438.0	bc0b741fada7
ours	1	2	64	1225.0	591.0	bc0b741fada7
ours	1	2	96	1664.9	896.9	bc0b741fada7
ours	1	2	128	1734.0	1217.1	bc0b741fada7
ours	1	2	32	3276.1	296.8	bc0b741fada7
ours	1	2	48	1189.0	450.1	bc0b741fada7
ours	1	2	64	1231.0	577.9	bc0b741fada7
ours	1	2	96	1666.1	889.1	bc0b741fada7
ours	1	2	128	1742.1	1196.9	bc0b741fada7
ours	1	2	32	947.0	288.0	bc0b741fada7
ours	1	2	48	1162.1	446.1	bc0b741fada7
ours	1	2	64	1228.1	572.9	bc0b741fada7
ours	1	2	96	1686.1	881.9	bc0b741fada7
ours	1	2	128	1743.1	1183.0	bc0b741fada7
ours	1	2	32	3241.1	289.0	bc0b741fada7
ours	1	2	48	1169.0	441.1	bc0b741fada7
ours	1	2	64	1229.0	578.9	bc0b741fada7
ours	1	2	96	1673.0	899.1	bc0b741fada7
ours	1	2	128	1735.0	1189.0	bc0b741fada7
ours	1	2	32	945.1	286.8	bc0b741fada7
ours	1	2	48	1156.8	431.1	bc0b741fada7
ours	1	2	64	1239.1	579.1	bc0b741fada7
ours	1	2	96	1674.9	902.9	bc0b741fada7
ours	1	2	128	1735.0	1191.1	bc0b741fada7
ours	1	2	32	942.0	289.9	bc0b741fada7
ours	1	2	48	1153.9	436.1	bc0b741fada7
ours	1	2	64	1232.1	569.8	bc0b741fada7
ours	1	2	96	1662.0	899.8	bc0b741fada7
ours	1	2	128	1729.0	1200.9	bc0b741fada7
ours	1	2	32	948.9	290.2	bc0b741fada7
ours	1	2	48	1158.0	441.1	bc0b741fada7
ours	1	2	64	3423.0	569.1	bc0b741fada7
ours	1	2	96	1677.0	904.1	bc0b741fada7
ours	1	2	128	1733.1	1241.9	bc0b741fada7
ours	1	2	32	945.8	302.1	bc0b741fada7
ours	1	2	48	1163.0	432.0	bc0b741fada7
ours	1	2	64	1230.0	587.9	bc0b741fada7
ours	1	2	96	1663.2	892.9	bc0b741fada7
ours	1	2	128	1741.2	1199.0	bc0b741fada7
ours	1	2	32	937.0	297.1	bc0b741fada7
ours	1	2	48	1151.1	432.0	bc0b741fada7
ours	1	2	64	1231.0	587.0	bc0b741fada7
ours	1	2	96	1669.2	897.9	bc0b741fada7
ours	1	2	128	1738.8	1195.2	bc0b741fada7
ours	1	2	32	944.9	290.2	bc0b741fada7
ours	1	2	48	1152.0	436.1	bc0b741fada7
ours	1	2	64	1224.0	587.0	bc0b741fada7
ours	1	2	96	3523.1	899.8	bc0b741fada7
ours	1	2	128	1750.0	1205.0	bc0b741fada7
ours	1	2	32	942.9	290.9	bc0b741fada7
ours	1	2	48	1159.9	439.2	bc0b741fada7
ours	1	2	64	1233.1	573.9	bc0b741fada7
ours	1	2	96	1675.8	889.1	bc0b741fada7
ours	1	2	128	1734.0	1225.0	bc0b741fada7
ours	1	2	32	1060.0	289.9	bc0b741fada7
ours	1	2	48	1164.0	443.0	bc0b741fada7
ours	1	2	64	1235.0	577.0	bc0b741fada7
ours	1	2	96	1679.9	881.0	bc0b741fada7
ours	1	2	128	1740.9	1204.0	bc0b741fada7
ours	1	2	32	952.0	292.1	bc0b741fada7
ours	1	2	48	1159.0	442.0	bc0b741fada7
ours	1	2	64	1225.9	580.1	bc0b741fada7
ours	1	2	96	1671.1	903.8	bc0b741fada7
ours	1	2	128	3536.9	1208.1	bc0b741fada7
ours	1	2	32	984.0	297.1	bc0b741fada7
ours	1	2	48	1157.0	440.1	bc0b741fada7
ours	1	2	64	1232.9	582.9	bc0b741fada7
ours	1	2	96	1668.0	893.1	bc0b741fada7
ours	1	2	128	1734.0	1201.9	bc0b741fada7
ours	1	2	32	949.1	298.0	bc0b741fada7
ours	1	2	48	1164.9	436.1	bc0b741fada7
ours	1	2	64	1232.9	579.1	bc0b741fada7
ours	1	2	96	1665.8	883.1	bc0b741fada7
ours	1	2	128	1742.1	1193.0	bc0b741fada7
ours	1	2	32	948.0	290.2	bc0b741fada7
ours	1	2	48	1156.1	435.8	bc0b741fada7
ours	1	2	64	1230.0	582.9	bc0b741fada7
ours	1	2	96	1677.0	893.1	bc0b741fada7
ours	1	2	128	1730.0	1197.1	bc0b741fada7
ours	1	2	32	947.0	289.9	bc0b741fada7
ours	1	2	48	1161.1	432.0	bc0b741fada7
ours	1	2	64	1226.9	577.9	bc0b741fada7
ours	1	2	96	1659.2	896.9	bc0b741fada7
ours	1	2	128	3518.1	1195.0	bc0b741fada7
ours	1	2	32	975.1	299.0	bc0b741fada7
ours	1	2	48	1154.9	432.0	bc0b741fada7
ours	1	2	64	1231.9	587.0	bc0b741fada7
ours	1	2	96	1669.9	883.1	bc0b741fada7
ours	1	2	128	1738.1	1230.0	bc0b741fada7
ours	1	2	32	944.9	289.2	bc0b741fada7
ours	1	2	48	1154.9	446.1	bc0b741fada7
ours	1	2	64	1235.0	576.0	bc0b741fada7
ours	1	2	96	1666.1	886.0	bc0b741fada7
ours	1	2	128	1731.9	1199.0	bc0b741fada7
ours	1	2	32	943.9	286.1	bc0b741fada7
ours	1	2	48	1155.1	444.9	bc0b741fada7
ours	1	2	64	1231.0	569.1	bc0b741fada7
ours	1	2	96	1667.0	890.0	bc0b741fada7
ours	1	2	128	1742.1	1202.8	bc0b741fada7
torch-eager	1	1	32	2124.1	144.7	torch-2.14.0+cu130
torch-eager	1	1	48	2914.2	156.9	torch-2.14.0+cu130
torch-eager	1	1	64	2785.7	203.8	torch-2.14.0+cu130
torch-eager	1	1	96	2858.2	222.7	torch-2.14.0+cu130
torch-eager	1	1	128	2799.3	241.5	torch-2.14.0+cu130
torch-eager	1	1	32	2197.5	187.6	torch-2.14.0+cu130
torch-eager	1	1	48	2178.7	169.3	torch-2.14.0+cu130
torch-eager	1	1	64	2176.5	165.2	torch-2.14.0+cu130
torch-eager	1	1	96	2285.7	193.1	torch-2.14.0+cu130
torch-eager	1	1	128	2299.3	196.0	torch-2.14.0+cu130
torch-eager	1	1	32	2144.1	150.2	torch-2.14.0+cu130
torch-eager	1	1	48	2145.5	153.1	torch-2.14.0+cu130
torch-eager	1	1	64	2174.6	157.4	torch-2.14.0+cu130
torch-eager	1	1	96	2275.7	177.6	torch-2.14.0+cu130
torch-eager	1	1	128	2307.2	183.6	torch-2.14.0+cu130
torch-eager	1	1	32	2117.6	151.6	torch-2.14.0+cu130
torch-eager	1	1	48	2150.5	161.9	torch-2.14.0+cu130
torch-eager	1	1	64	2165.1	163.3	torch-2.14.0+cu130
torch-eager	1	1	96	2260.2	174.5	torch-2.14.0+cu130
torch-eager	1	1	128	2322.7	206.0	torch-2.14.0+cu130
torch-eager	1	1	32	2104.3	146.4	torch-2.14.0+cu130
torch-eager	1	1	48	2183.2	152.1	torch-2.14.0+cu130
torch-eager	1	1	64	2165.6	157.4	torch-2.14.0+cu130
torch-eager	1	1	96	2298.6	171.7	torch-2.14.0+cu130
torch-eager	1	1	128	2291.7	191.7	torch-2.14.0+cu130
torch-eager	1	1	32	2102.9	149.7	torch-2.14.0+cu130
torch-eager	1	1	48	2160.8	148.8	torch-2.14.0+cu130
torch-eager	1	1	64	2168.4	163.1	torch-2.14.0+cu130
torch-eager	1	1	96	2275.2	170.9	torch-2.14.0+cu130
torch-eager	1	1	128	2320.1	181.9	torch-2.14.0+cu130
torch-eager	1	1	32	2110.7	144.5	torch-2.14.0+cu130
torch-eager	1	1	48	2152.7	151.4	torch-2.14.0+cu130
torch-eager	1	1	64	2144.1	163.1	torch-2.14.0+cu130
torch-eager	1	1	96	2282.1	172.6	torch-2.14.0+cu130
torch-eager	1	1	128	2325.1	184.3	torch-2.14.0+cu130
torch-eager	1	1	32	2100.2	143.8	torch-2.14.0+cu130
torch-eager	1	1	48	2176.8	149.3	torch-2.14.0+cu130
torch-eager	1	1	64	2164.4	153.1	torch-2.14.0+cu130
torch-eager	1	1	96	2266.9	174.0	torch-2.14.0+cu130
torch-eager	1	1	128	2301.7	182.9	torch-2.14.0+cu130
torch-eager	1	1	32	2085.2	147.1	torch-2.14.0+cu130
torch-eager	1	1	48	2157.0	148.3	torch-2.14.0+cu130
torch-eager	1	1	64	2168.2	152.8	torch-2.14.0+cu130
torch-eager	1	1	96	2270.2	179.5	torch-2.14.0+cu130
torch-eager	1	1	128	2314.1	186.7	torch-2.14.0+cu130
torch-eager	1	1	32	2081.9	152.6	torch-2.14.0+cu130
torch-eager	1	1	48	2155.3	150.7	torch-2.14.0+cu130
torch-eager	1	1	64	2151.3	153.1	torch-2.14.0+cu130
torch-eager	1	1	96	2270.7	172.9	torch-2.14.0+cu130
torch-eager	1	1	128	2296.2	183.6	torch-2.14.0+cu130
torch-eager	1	1	32	2093.6	148.5	torch-2.14.0+cu130
torch-eager	1	1	48	2155.8	157.6	torch-2.14.0+cu130
torch-eager	1	1	64	2156.7	160.7	torch-2.14.0+cu130
torch-eager	1	1	96	2289.1	173.1	torch-2.14.0+cu130
torch-eager	1	1	128	2292.9	185.7	torch-2.14.0+cu130
torch-eager	1	1	32	2103.8	147.8	torch-2.14.0+cu130
torch-eager	1	1	48	2142.4	148.5	torch-2.14.0+cu130
torch-eager	1	1	64	2169.6	155.9	torch-2.14.0+cu130
torch-eager	1	1	96	2280.2	169.5	torch-2.14.0+cu130
torch-eager	1	1	128	2291.2	197.6	torch-2.14.0+cu130
torch-eager	1	1	32	2106.0	145.2	torch-2.14.0+cu130
torch-eager	1	1	48	2152.2	152.8	torch-2.14.0+cu130
torch-eager	1	1	64	2148.4	164.7	torch-2.14.0+cu130
torch-eager	1	1	96	2304.1	173.8	torch-2.14.0+cu130
torch-eager	1	1	128	2329.1	184.3	torch-2.14.0+cu130
torch-eager	1	1	32	2109.3	145.2	torch-2.14.0+cu130
torch-eager	1	1	48	2171.5	147.6	torch-2.14.0+cu130
torch-eager	1	1	64	2167.9	151.9	torch-2.14.0+cu130
torch-eager	1	1	96	2269.3	172.6	torch-2.14.0+cu130
torch-eager	1	1	128	2318.6	183.8	torch-2.14.0+cu130
torch-eager	1	1	32	2154.8	144.0	torch-2.14.0+cu130
torch-eager	1	1	48	2248.3	146.6	torch-2.14.0+cu130
torch-eager	1	1	64	2204.2	164.7	torch-2.14.0+cu130
torch-eager	1	1	96	2302.2	174.8	torch-2.14.0+cu130
torch-eager	1	1	128	2312.4	186.2	torch-2.14.0+cu130
torch-eager	1	1	32	2094.5	144.0	torch-2.14.0+cu130
torch-eager	1	1	48	2178.0	149.5	torch-2.14.0+cu130
torch-eager	1	1	64	2162.5	151.4	torch-2.14.0+cu130
torch-eager	1	1	96	2294.5	170.7	torch-2.14.0+cu130
torch-eager	1	1	128	2299.8	182.4	torch-2.14.0+cu130
torch-eager	1	1	32	2096.9	150.0	torch-2.14.0+cu130
torch-eager	1	1	48	2155.8	151.4	torch-2.14.0+cu130
torch-eager	1	1	64	2162.9	155.0	torch-2.14.0+cu130
torch-eager	1	1	96	2252.3	179.5	torch-2.14.0+cu130
torch-eager	1	1	128	2299.8	183.8	torch-2.14.0+cu130
torch-eager	1	1	32	2091.6	153.3	torch-2.14.0+cu130
torch-eager	1	1	48	2157.9	154.0	torch-2.14.0+cu130
torch-eager	1	1	64	2188.4	156.9	torch-2.14.0+cu130
torch-eager	1	1	96	2272.4	172.9	torch-2.14.0+cu130
torch-eager	1	1	128	2321.0	184.5	torch-2.14.0+cu130
torch-eager	1	1	32	2098.8	145.0	torch-2.14.0+cu130
torch-eager	1	1	48	2152.0	156.6	torch-2.14.0+cu130
torch-eager	1	1	64	2157.4	152.8	torch-2.14.0+cu130
torch-eager	1	1	96	2277.1	169.8	torch-2.14.0+cu130
torch-eager	1	1	128	2288.3	181.7	torch-2.14.0+cu130
torch-eager	1	1	32	2101.9	150.4	torch-2.14.0+cu130
torch-eager	1	1	48	2152.7	150.4	torch-2.14.0+cu130
torch-eager	1	1	64	2155.3	154.7	torch-2.14.0+cu130
torch-eager	1	1	96	2299.1	170.9	torch-2.14.0+cu130
torch-eager	1	1	128	2278.8	192.4	torch-2.14.0+cu130
torch-eager	1	2	32	2104.3	141.1	torch-2.14.0+cu130
torch-eager	1	2	48	2151.3	151.2	torch-2.14.0+cu130
torch-eager	1	2	64	2135.8	164.5	torch-2.14.0+cu130
torch-eager	1	2	96	2273.8	175.7	torch-2.14.0+cu130
torch-eager	1	2	128	2334.1	195.0	torch-2.14.0+cu130
torch-eager	1	2	32	2106.9	147.6	torch-2.14.0+cu130
torch-eager	1	2	48	2154.6	147.3	torch-2.14.0+cu130
torch-eager	1	2	64	2160.3	157.6	torch-2.14.0+cu130
torch-eager	1	2	96	2271.2	172.6	torch-2.14.0+cu130
torch-eager	1	2	128	2315.5	187.6	torch-2.14.0+cu130
torch-eager	1	2	32	2105.7	147.6	torch-2.14.0+cu130
torch-eager	1	2	48	2152.9	150.7	torch-2.14.0+cu130
torch-eager	1	2	64	2152.9	153.8	torch-2.14.0+cu130
torch-eager	1	2	96	2265.2	179.5	torch-2.14.0+cu130
torch-eager	1	2	128	2296.9	182.4	torch-2.14.0+cu130
torch-eager	1	2	32	2109.5	155.7	torch-2.14.0+cu130
torch-eager	1	2	48	2173.4	150.2	torch-2.14.0+cu130
torch-eager	1	2	64	2175.1	158.8	torch-2.14.0+cu130
torch-eager	1	2	96	2267.1	181.2	torch-2.14.0+cu130
torch-eager	1	2	128	2335.3	185.3	torch-2.14.0+cu130
torch-eager	1	2	32	2095.2	153.8	torch-2.14.0+cu130
torch-eager	1	2	48	2170.3	152.8	torch-2.14.0+cu130
torch-eager	1	2	64	2193.5	154.3	torch-2.14.0+cu130
torch-eager	1	2	96	2277.9	171.9	torch-2.14.0+cu130
torch-eager	1	2	128	2307.2	189.1	torch-2.14.0+cu130
torch-eager	1	2	32	2133.4	144.0	torch-2.14.0+cu130
torch-eager	1	2	48	2146.0	153.5	torch-2.14.0+cu130
torch-eager	1	2	64	2153.4	154.3	torch-2.14.0+cu130
torch-eager	1	2	96	2262.1	174.8	torch-2.14.0+cu130
torch-eager	1	2	128	2307.2	184.5	torch-2.14.0+cu130
torch-eager	1	2	32	2106.2	148.1	torch-2.14.0+cu130
torch-eager	1	2	48	2152.7	159.0	torch-2.14.0+cu130
torch-eager	1	2	64	2153.4	157.8	torch-2.14.0+cu130
torch-eager	1	2	96	2261.2	170.0	torch-2.14.0+cu130
torch-eager	1	2	128	2315.0	197.9	torch-2.14.0+cu130
torch-eager	1	2	32	2100.0	145.4	torch-2.14.0+cu130
torch-eager	1	2	48	2156.5	149.0	torch-2.14.0+cu130
torch-eager	1	2	64	2142.9	153.5	torch-2.14.0+cu130
torch-eager	1	2	96	2270.9	171.7	torch-2.14.0+cu130
torch-eager	1	2	128	2287.1	180.2	torch-2.14.0+cu130
torch-eager	1	2	32	2104.8	140.9	torch-2.14.0+cu130
torch-eager	1	2	48	2151.3	153.1	torch-2.14.0+cu130
torch-eager	1	2	64	2160.8	154.3	torch-2.14.0+cu130
torch-eager	1	2	96	2265.9	174.3	torch-2.14.0+cu130
torch-eager	1	2	128	2289.1	182.6	torch-2.14.0+cu130
torch-eager	1	2	32	2111.4	145.9	torch-2.14.0+cu130
torch-eager	1	2	48	2148.6	147.1	torch-2.14.0+cu130
torch-eager	1	2	64	2178.7	153.1	torch-2.14.0+cu130
torch-eager	1	2	96	2255.0	177.4	torch-2.14.0+cu130
torch-eager	1	2	128	2311.9	181.0	torch-2.14.0+cu130
torch-eager	1	2	32	2094.0	152.1	torch-2.14.0+cu130
torch-eager	1	2	48	2182.7	147.6	torch-2.14.0+cu130
torch-eager	1	2	64	2164.1	151.2	torch-2.14.0+cu130
torch-eager	1	2	96	2282.6	170.7	torch-2.14.0+cu130
torch-eager	1	2	128	2294.1	179.3	torch-2.14.0+cu130
torch-eager	1	2	32	2095.2	143.5	torch-2.14.0+cu130
torch-eager	1	2	48	2132.2	156.6	torch-2.14.0+cu130
torch-eager	1	2	64	2184.9	152.3	torch-2.14.0+cu130
torch-eager	1	2	96	2265.7	168.6	torch-2.14.0+cu130
torch-eager	1	2	128	2297.2	182.6	torch-2.14.0+cu130
torch-eager	1	2	32	2119.3	141.4	torch-2.14.0+cu130
torch-eager	1	2	48	2152.4	145.9	torch-2.14.0+cu130
torch-eager	1	2	64	2163.2	157.1	torch-2.14.0+cu130
torch-eager	1	2	96	2301.2	170.7	torch-2.14.0+cu130
torch-eager	1	2	128	2289.8	194.1	torch-2.14.0+cu130
torch-eager	1	2	32	2132.7	145.7	torch-2.14.0+cu130
torch-eager	1	2	48	2161.0	148.8	torch-2.14.0+cu130
torch-eager	1	2	64	2173.2	155.7	torch-2.14.0+cu130
torch-eager	1	2	96	2276.4	170.2	torch-2.14.0+cu130
torch-eager	1	2	128	2298.1	179.3	torch-2.14.0+cu130
torch-eager	1	2	32	2097.8	148.8	torch-2.14.0+cu130
torch-eager	1	2	48	2146.7	148.1	torch-2.14.0+cu130
torch-eager	1	2	64	2158.6	165.7	torch-2.14.0+cu130
torch-eager	1	2	96	2261.6	171.2	torch-2.14.0+cu130
torch-eager	1	2	128	2288.8	183.1	torch-2.14.0+cu130
torch-eager	1	2	32	2081.6	144.0	torch-2.14.0+cu130
torch-eager	1	2	48	2177.7	147.3	torch-2.14.0+cu130
torch-eager	1	2	64	2163.6	152.8	torch-2.14.0+cu130
torch-eager	1	2	96	2280.0	176.4	torch-2.14.0+cu130
torch-eager	1	2	128	2291.2	180.2	torch-2.14.0+cu130
torch-eager	1	2	32	2103.1	150.2	torch-2.14.0+cu130
torch-eager	1	2	48	2166.0	147.1	torch-2.14.0+cu130
torch-eager	1	2	64	2167.2	152.8	torch-2.14.0+cu130
torch-eager	1	2	96	2243.8	176.2	torch-2.14.0+cu130
torch-eager	1	2	128	2319.3	181.9	torch-2.14.0+cu130
torch-eager	1	2	32	2096.7	141.1	torch-2.14.0+cu130
torch-eager	1	2	48	2152.2	144.5	torch-2.14.0+cu130
torch-eager	1	2	64	2161.5	157.8	torch-2.14.0+cu130
torch-eager	1	2	96	2289.8	169.5	torch-2.14.0+cu130
torch-eager	1	2	128	2296.9	184.5	torch-2.14.0+cu130
torch-eager	1	2	32	2094.5	142.3	torch-2.14.0+cu130
torch-eager	1	2	48	2178.7	145.4	torch-2.14.0+cu130
torch-eager	1	2	64	2153.6	152.6	torch-2.14.0+cu130
torch-eager	1	2	96	2263.3	170.0	torch-2.14.0+cu130
torch-eager	1	2	128	2265.5	192.9	torch-2.14.0+cu130
torch-eager	1	2	32	2102.4	144.0	torch-2.14.0+cu130
torch-eager	1	2	48	2144.8	145.0	torch-2.14.0+cu130
torch-eager	1	2	64	2160.8	160.2	torch-2.14.0+cu130
torch-eager	1	2	96	2263.5	167.6	torch-2.14.0+cu130
torch-eager	1	2	128	2318.6	196.2	torch-2.14.0+cu130
torch-compile-static	1	1	32	1008.5	140.2	torch-2.14.0+cu130
torch-compile-static	1	1	48	351248.7	155.4	torch-2.14.0+cu130
torch-compile-static	1	1	64	345893.9	253.4	torch-2.14.0+cu130
torch-compile-static	1	1	96	349517.3	314.2	torch-2.14.0+cu130
torch-compile-static	1	1	128	348279.2	340.9	torch-2.14.0+cu130
torch-compile-static	1	1	32	1157.5	293.0	torch-2.14.0+cu130
torch-compile-static	1	1	48	1263.1	197.2	torch-2.14.0+cu130
torch-compile-static	1	1	64	1303.4	199.8	torch-2.14.0+cu130
torch-compile-static	1	1	96	1597.4	199.6	torch-2.14.0+cu130
torch-compile-static	1	1	128	1664.4	218.4	torch-2.14.0+cu130
torch-compile-static	1	1	32	1032.6	162.4	torch-2.14.0+cu130
torch-compile-static	1	1	48	1217.1	165.9	torch-2.14.0+cu130
torch-compile-static	1	1	64	1275.1	162.4	torch-2.14.0+cu130
torch-compile-static	1	1	96	1560.4	178.1	torch-2.14.0+cu130
torch-compile-static	1	1	128	1657.5	211.2	torch-2.14.0+cu130
torch-compile-static	1	1	32	1003.5	164.5	torch-2.14.0+cu130
torch-compile-static	1	1	48	1192.6	150.7	torch-2.14.0+cu130
torch-compile-static	1	1	64	1249.6	156.9	torch-2.14.0+cu130
torch-compile-static	1	1	96	1558.8	169.3	torch-2.14.0+cu130
torch-compile-static	1	1	128	1649.9	191.2	torch-2.14.0+cu130
torch-compile-static	1	1	32	1030.2	151.2	torch-2.14.0+cu130
torch-compile-static	1	1	48	1200.4	152.3	torch-2.14.0+cu130
torch-compile-static	1	1	64	1244.8	166.9	torch-2.14.0+cu130
torch-compile-static	1	1	96	1565.0	176.7	torch-2.14.0+cu130
torch-compile-static	1	1	128	1643.4	191.0	torch-2.14.0+cu130
torch-compile-static	1	1	32	1020.0	157.6	torch-2.14.0+cu130
torch-compile-static	1	1	48	1197.1	148.5	torch-2.14.0+cu130
torch-compile-static	1	1	64	1254.8	166.9	torch-2.14.0+cu130
torch-compile-static	1	1	96	1551.6	184.8	torch-2.14.0+cu130
torch-compile-static	1	1	128	1658.2	185.5	torch-2.14.0+cu130
torch-compile-static	1	1	32	1015.4	146.6	torch-2.14.0+cu130
torch-compile-static	1	1	48	1210.7	145.9	torch-2.14.0+cu130
torch-compile-static	1	1	64	1245.3	161.4	torch-2.14.0+cu130
torch-compile-static	1	1	96	1543.3	174.8	torch-2.14.0+cu130
torch-compile-static	1	1	128	1650.6	185.0	torch-2.14.0+cu130
torch-compile-static	1	1	32	995.6	157.1	torch-2.14.0+cu130
torch-compile-static	1	1	48	1186.1	152.6	torch-2.14.0+cu130
torch-compile-static	1	1	64	1244.1	155.2	torch-2.14.0+cu130
torch-compile-static	1	1	96	1534.2	178.8	torch-2.14.0+cu130
torch-compile-static	1	1	128	1645.3	180.5	torch-2.14.0+cu130
torch-compile-static	1	1	32	1016.6	150.7	torch-2.14.0+cu130
torch-compile-static	1	1	48	1200.9	149.3	torch-2.14.0+cu130
torch-compile-static	1	1	64	1251.2	154.5	torch-2.14.0+cu130
torch-compile-static	1	1	96	1534.9	167.4	torch-2.14.0+cu130
torch-compile-static	1	1	128	1648.7	187.2	torch-2.14.0+cu130
torch-compile-static	1	1	32	1004.5	156.6	torch-2.14.0+cu130
torch-compile-static	1	1	48	1191.1	147.6	torch-2.14.0+cu130
torch-compile-static	1	1	64	1248.6	155.0	torch-2.14.0+cu130
torch-compile-static	1	1	96	1546.9	181.4	torch-2.14.0+cu130
torch-compile-static	1	1	128	1653.2	182.9	torch-2.14.0+cu130
torch-compile-static	1	1	32	1013.0	145.7	torch-2.14.0+cu130
torch-compile-static	1	1	48	1206.9	147.6	torch-2.14.0+cu130
torch-compile-static	1	1	64	1253.1	158.1	torch-2.14.0+cu130
torch-compile-static	1	1	96	1542.1	170.7	torch-2.14.0+cu130
torch-compile-static	1	1	128	1648.7	187.6	torch-2.14.0+cu130
torch-compile-static	1	1	32	1002.8	149.0	torch-2.14.0+cu130
torch-compile-static	1	1	48	1190.4	149.3	torch-2.14.0+cu130
torch-compile-static	1	1	64	1247.2	153.5	torch-2.14.0+cu130
torch-compile-static	1	1	96	1555.7	189.3	torch-2.14.0+cu130
torch-compile-static	1	1	128	1656.1	191.0	torch-2.14.0+cu130
torch-compile-static	1	1	32	1010.9	148.8	torch-2.14.0+cu130
torch-compile-static	1	1	48	1205.9	147.8	torch-2.14.0+cu130
torch-compile-static	1	1	64	1252.4	163.1	torch-2.14.0+cu130
torch-compile-static	1	1	96	1546.9	175.5	torch-2.14.0+cu130
torch-compile-static	1	1	128	1646.0	186.4	torch-2.14.0+cu130
torch-compile-static	1	1	32	1000.4	146.9	torch-2.14.0+cu130
torch-compile-static	1	1	48	1198.8	153.1	torch-2.14.0+cu130
torch-compile-static	1	1	64	1243.6	158.1	torch-2.14.0+cu130
torch-compile-static	1	1	96	1540.7	184.5	torch-2.14.0+cu130
torch-compile-static	1	1	128	1651.8	183.3	torch-2.14.0+cu130
torch-compile-static	1	1	32	1015.4	151.2	torch-2.14.0+cu130
torch-compile-static	1	1	48	1200.4	151.6	torch-2.14.0+cu130
torch-compile-static	1	1	64	1239.1	152.8	torch-2.14.0+cu130
torch-compile-static	1	1	96	1537.8	167.6	torch-2.14.0+cu130
torch-compile-static	1	1	128	1637.7	182.9	torch-2.14.0+cu130
torch-compile-static	1	1	32	997.3	150.9	torch-2.14.0+cu130
torch-compile-static	1	1	48	1189.5	150.9	torch-2.14.0+cu130
torch-compile-static	1	1	64	1239.3	154.0	torch-2.14.0+cu130
torch-compile-static	1	1	96	1552.6	172.1	torch-2.14.0+cu130
torch-compile-static	1	1	128	1649.9	184.5	torch-2.14.0+cu130
torch-compile-static	1	1	32	1004.9	142.6	torch-2.14.0+cu130
torch-compile-static	1	1	48	1185.7	146.9	torch-2.14.0+cu130
torch-compile-static	1	1	64	1236.7	160.9	torch-2.14.0+cu130
torch-compile-static	1	1	96	1544.2	175.0	torch-2.14.0+cu130
torch-compile-static	1	1	128	1640.1	186.2	torch-2.14.0+cu130
torch-compile-static	1	1	32	994.9	157.8	torch-2.14.0+cu130
torch-compile-static	1	1	48	1193.5	149.0	torch-2.14.0+cu130
torch-compile-static	1	1	64	1248.1	155.4	torch-2.14.0+cu130
torch-compile-static	1	1	96	1540.7	178.3	torch-2.14.0+cu130
torch-compile-static	1	1	128	1637.9	181.0	torch-2.14.0+cu130
torch-compile-static	1	1	32	996.4	141.1	torch-2.14.0+cu130
torch-compile-static	1	1	48	1195.0	145.4	torch-2.14.0+cu130
torch-compile-static	1	1	64	1243.1	164.3	torch-2.14.0+cu130
torch-compile-static	1	1	96	1544.2	167.8	torch-2.14.0+cu130
torch-compile-static	1	1	128	1636.5	182.6	torch-2.14.0+cu130
torch-compile-static	1	1	32	997.1	152.3	torch-2.14.0+cu130
torch-compile-static	1	1	48	1191.1	157.6	torch-2.14.0+cu130
torch-compile-static	1	1	64	1238.6	159.3	torch-2.14.0+cu130
torch-compile-static	1	1	96	1558.3	172.1	torch-2.14.0+cu130
torch-compile-static	1	1	128	1637.2	185.0	torch-2.14.0+cu130
torch-compile-static	1	2	32	1011.6	145.9	torch-2.14.0+cu130
torch-compile-static	1	2	48	1191.6	155.4	torch-2.14.0+cu130
torch-compile-static	1	2	64	1241.9	171.2	torch-2.14.0+cu130
torch-compile-static	1	2	96	1546.4	171.9	torch-2.14.0+cu130
torch-compile-static	1	2	128	1641.3	185.5	torch-2.14.0+cu130
torch-compile-static	1	2	32	1008.0	163.3	torch-2.14.0+cu130
torch-compile-static	1	2	48	1189.9	152.1	torch-2.14.0+cu130
torch-compile-static	1	2	64	1255.8	158.5	torch-2.14.0+cu130
torch-compile-static	1	2	96	1565.5	171.2	torch-2.14.0+cu130
torch-compile-static	1	2	128	1641.3	185.5	torch-2.14.0+cu130
torch-compile-static	1	2	32	1005.2	146.2	torch-2.14.0+cu130
torch-compile-static	1	2	48	1191.9	150.0	torch-2.14.0+cu130
torch-compile-static	1	2	64	1244.1	165.2	torch-2.14.0+cu130
torch-compile-static	1	2	96	1538.8	169.8	torch-2.14.0+cu130
torch-compile-static	1	2	128	1640.3	183.8	torch-2.14.0+cu130
torch-compile-static	1	2	32	1009.9	163.8	torch-2.14.0+cu130
torch-compile-static	1	2	48	1195.4	152.6	torch-2.14.0+cu130
torch-compile-static	1	2	64	1236.9	153.5	torch-2.14.0+cu130
torch-compile-static	1	2	96	1560.2	166.9	torch-2.14.0+cu130
torch-compile-static	1	2	128	1647.7	191.9	torch-2.14.0+cu130
torch-compile-static	1	2	32	1003.0	148.3	torch-2.14.0+cu130
torch-compile-static	1	2	48	1192.8	148.3	torch-2.14.0+cu130
torch-compile-static	1	2	64	1239.1	162.1	torch-2.14.0+cu130
torch-compile-static	1	2	96	1541.9	178.6	torch-2.14.0+cu130
torch-compile-static	1	2	128	1638.4	189.8	torch-2.14.0+cu130
torch-compile-static	1	2	32	1008.5	155.4	torch-2.14.0+cu130
torch-compile-static	1	2	48	1196.1	151.4	torch-2.14.0+cu130
torch-compile-static	1	2	64	1236.4	155.4	torch-2.14.0+cu130
torch-compile-static	1	2	96	1553.1	167.8	torch-2.14.0+cu130
torch-compile-static	1	2	128	1632.5	183.6	torch-2.14.0+cu130
torch-compile-static	1	2	32	1010.4	142.1	torch-2.14.0+cu130
torch-compile-static	1	2	48	1200.4	143.8	torch-2.14.0+cu130
torch-compile-static	1	2	64	1255.0	152.6	torch-2.14.0+cu130
torch-compile-static	1	2	96	1538.8	170.0	torch-2.14.0+cu130
torch-compile-static	1	2	128	1645.6	192.4	torch-2.14.0+cu130
torch-compile-static	1	2	32	1008.3	145.0	torch-2.14.0+cu130
torch-compile-static	1	2	48	1191.6	158.1	torch-2.14.0+cu130
torch-compile-static	1	2	64	1235.5	152.6	torch-2.14.0+cu130
torch-compile-static	1	2	96	1568.1	168.8	torch-2.14.0+cu130
torch-compile-static	1	2	128	1639.4	186.4	torch-2.14.0+cu130
torch-compile-static	1	2	32	1010.2	144.7	torch-2.14.0+cu130
torch-compile-static	1	2	48	1181.8	143.8	torch-2.14.0+cu130
torch-compile-static	1	2	64	1262.2	152.3	torch-2.14.0+cu130
torch-compile-static	1	2	96	1549.0	169.3	torch-2.14.0+cu130
torch-compile-static	1	2	128	1637.5	191.0	torch-2.14.0+cu130
torch-compile-static	1	2	32	1004.9	143.1	torch-2.14.0+cu130
torch-compile-static	1	2	48	1179.5	152.6	torch-2.14.0+cu130
torch-compile-static	1	2	64	1248.4	159.5	torch-2.14.0+cu130
torch-compile-static	1	2	96	1546.9	169.5	torch-2.14.0+cu130
torch-compile-static	1	2	128	1638.9	184.1	torch-2.14.0+cu130
torch-compile-static	1	2	32	1006.6	144.0	torch-2.14.0+cu130
torch-compile-static	1	2	48	1194.0	150.2	torch-2.14.0+cu130
torch-compile-static	1	2	64	1255.3	156.6	torch-2.14.0+cu130
torch-compile-static	1	2	96	1544.7	171.7	torch-2.14.0+cu130
torch-compile-static	1	2	128	1635.8	192.6	torch-2.14.0+cu130
torch-compile-static	1	2	32	1021.4	147.1	torch-2.14.0+cu130
torch-compile-static	1	2	48	1192.3	160.5	torch-2.14.0+cu130
torch-compile-static	1	2	64	1243.1	157.1	torch-2.14.0+cu130
torch-compile-static	1	2	96	1551.6	167.1	torch-2.14.0+cu130
torch-compile-static	1	2	128	1638.2	181.0	torch-2.14.0+cu130
torch-compile-static	1	2	32	1008.7	153.1	torch-2.14.0+cu130
torch-compile-static	1	2	48	1191.1	150.9	torch-2.14.0+cu130
torch-compile-static	1	2	64	1256.9	157.6	torch-2.14.0+cu130
torch-compile-static	1	2	96	1556.2	169.8	torch-2.14.0+cu130
torch-compile-static	1	2	128	1638.7	202.9	torch-2.14.0+cu130
torch-compile-static	1	2	32	1004.2	149.3	torch-2.14.0+cu130
torch-compile-static	1	2	48	1187.3	161.6	torch-2.14.0+cu130
torch-compile-static	1	2	64	1243.4	154.5	torch-2.14.0+cu130
torch-compile-static	1	2	96	1562.1	175.0	torch-2.14.0+cu130
torch-compile-static	1	2	128	1638.2	189.8	torch-2.14.0+cu130
torch-compile-static	1	2	32	1017.1	148.1	torch-2.14.0+cu130
torch-compile-static	1	2	48	1187.1	150.2	torch-2.14.0+cu130
torch-compile-static	1	2	64	1251.5	154.0	torch-2.14.0+cu130
torch-compile-static	1	2	96	1534.7	167.8	torch-2.14.0+cu130
torch-compile-static	1	2	128	1651.8	194.1	torch-2.14.0+cu130
torch-compile-static	1	2	32	1013.3	147.6	torch-2.14.0+cu130
torch-compile-static	1	2	48	1191.6	156.6	torch-2.14.0+cu130
torch-compile-static	1	2	64	1241.7	152.8	torch-2.14.0+cu130
torch-compile-static	1	2	96	1554.0	167.1	torch-2.14.0+cu130
torch-compile-static	1	2	128	1650.6	186.4	torch-2.14.0+cu130
torch-compile-static	1	2	32	1004.2	147.3	torch-2.14.0+cu130
torch-compile-static	1	2	48	1182.3	151.6	torch-2.14.0+cu130
torch-compile-static	1	2	64	1250.0	152.8	torch-2.14.0+cu130
torch-compile-static	1	2	96	1559.7	180.7	torch-2.14.0+cu130
torch-compile-static	1	2	128	1641.0	199.6	torch-2.14.0+cu130
torch-compile-static	1	2	32	1009.0	145.7	torch-2.14.0+cu130
torch-compile-static	1	2	48	1182.8	156.4	torch-2.14.0+cu130
torch-compile-static	1	2	64	1255.3	158.3	torch-2.14.0+cu130
torch-compile-static	1	2	96	1555.0	170.5	torch-2.14.0+cu130
torch-compile-static	1	2	128	1638.2	186.4	torch-2.14.0+cu130
torch-compile-static	1	2	32	1008.0	146.9	torch-2.14.0+cu130
torch-compile-static	1	2	48	1200.7	155.0	torch-2.14.0+cu130
torch-compile-static	1	2	64	1261.9	157.4	torch-2.14.0+cu130
torch-compile-static	1	2	96	1547.3	172.1	torch-2.14.0+cu130
torch-compile-static	1	2	128	1637.5	188.8	torch-2.14.0+cu130
torch-compile-static	1	2	32	1005.6	144.0	torch-2.14.0+cu130
torch-compile-static	1	2	48	1189.2	164.3	torch-2.14.0+cu130
torch-compile-static	1	2	64	1243.6	160.5	torch-2.14.0+cu130
torch-compile-static	1	2	96	1556.9	168.8	torch-2.14.0+cu130
torch-compile-static	1	2	128	1637.9	185.7	torch-2.14.0+cu130
torch-compile-dynamic	1	1	32	1092.2	143.5	torch-2.14.0+cu130
torch-compile-dynamic	1	1	48	1744.0	169.0	torch-2.14.0+cu130
torch-compile-dynamic	1	1	64	1590.5	227.5	torch-2.14.0+cu130
torch-compile-dynamic	1	1	96	1908.8	225.1	torch-2.14.0+cu130
torch-compile-dynamic	1	1	128	2100.2	257.3	torch-2.14.0+cu130
torch-compile-dynamic	1	1	32	1143.9	194.5	torch-2.14.0+cu130
torch-compile-dynamic	1	1	48	1313.9	175.0	torch-2.14.0+cu130
torch-compile-dynamic	1	1	64	1357.1	171.7	torch-2.14.0+cu130
torch-compile-dynamic	1	1	96	1658.2	187.2	torch-2.14.0+cu130
torch-compile-dynamic	1	1	128	1746.2	194.5	torch-2.14.0+cu130
torch-compile-dynamic	1	1	32	1089.1	150.4	torch-2.14.0+cu130
torch-compile-dynamic	1	1	48	1299.6	160.2	torch-2.14.0+cu130
torch-compile-dynamic	1	1	64	1327.8	158.3	torch-2.14.0+cu130
torch-compile-dynamic	1	1	96	1665.6	175.2	torch-2.14.0+cu130
torch-compile-dynamic	1	1	128	1756.0	200.5	torch-2.14.0+cu130
torch-compile-dynamic	1	1	32	1076.5	149.5	torch-2.14.0+cu130
torch-compile-dynamic	1	1	48	1292.7	149.7	torch-2.14.0+cu130
torch-compile-dynamic	1	1	64	1339.7	164.3	torch-2.14.0+cu130
torch-compile-dynamic	1	1	96	1647.2	175.2	torch-2.14.0+cu130
torch-compile-dynamic	1	1	128	1739.3	186.7	torch-2.14.0+cu130
torch-compile-dynamic	1	1	32	1075.0	149.0	torch-2.14.0+cu130
torch-compile-dynamic	1	1	48	1308.9	164.0	torch-2.14.0+cu130
torch-compile-dynamic	1	1	64	1327.0	162.1	torch-2.14.0+cu130
torch-compile-dynamic	1	1	96	1643.2	179.8	torch-2.14.0+cu130
torch-compile-dynamic	1	1	128	1740.5	184.3	torch-2.14.0+cu130
torch-compile-dynamic	1	1	32	1080.8	156.4	torch-2.14.0+cu130
torch-compile-dynamic	1	1	48	1287.0	157.8	torch-2.14.0+cu130
torch-compile-dynamic	1	1	64	1321.3	156.6	torch-2.14.0+cu130
torch-compile-dynamic	1	1	96	1631.7	171.9	torch-2.14.0+cu130
torch-compile-dynamic	1	1	128	1748.1	191.2	torch-2.14.0+cu130
torch-compile-dynamic	1	1	32	1064.5	150.2	torch-2.14.0+cu130
torch-compile-dynamic	1	1	48	1275.5	151.6	torch-2.14.0+cu130
torch-compile-dynamic	1	1	64	1321.3	160.7	torch-2.14.0+cu130
torch-compile-dynamic	1	1	96	1651.5	174.3	torch-2.14.0+cu130
torch-compile-dynamic	1	1	128	1740.2	186.2	torch-2.14.0+cu130
torch-compile-dynamic	1	1	32	1072.9	145.0	torch-2.14.0+cu130
torch-compile-dynamic	1	1	48	1282.9	150.0	torch-2.14.0+cu130
torch-compile-dynamic	1	1	64	1339.9	163.1	torch-2.14.0+cu130
torch-compile-dynamic	1	1	96	1637.0	181.0	torch-2.14.0+cu130
torch-compile-dynamic	1	1	128	1738.3	182.6	torch-2.14.0+cu130
torch-compile-dynamic	1	1	32	1075.3	152.3	torch-2.14.0+cu130
torch-compile-dynamic	1	1	48	1278.9	154.7	torch-2.14.0+cu130
torch-compile-dynamic	1	1	64	1323.0	164.0	torch-2.14.0+cu130
torch-compile-dynamic	1	1	96	1627.0	173.6	torch-2.14.0+cu130
torch-compile-dynamic	1	1	128	1742.6	181.7	torch-2.14.0+cu130
torch-compile-dynamic	1	1	32	1068.8	149.7	torch-2.14.0+cu130
torch-compile-dynamic	1	1	48	1278.9	149.7	torch-2.14.0+cu130
torch-compile-dynamic	1	1	64	1333.0	152.8	torch-2.14.0+cu130
torch-compile-dynamic	1	1	96	1642.9	169.0	torch-2.14.0+cu130
torch-compile-dynamic	1	1	128	1736.6	187.4	torch-2.14.0+cu130
torch-compile-dynamic	1	1	32	1051.4	154.5	torch-2.14.0+cu130
torch-compile-dynamic	1	1	48	1267.9	150.9	torch-2.14.0+cu130
torch-compile-dynamic	1	1	64	1354.5	155.9	torch-2.14.0+cu130
torch-compile-dynamic	1	1	96	1635.3	176.0	torch-2.14.0+cu130
torch-compile-dynamic	1	1	128	1738.8	196.5	torch-2.14.0+cu130
torch-compile-dynamic	1	1	32	1085.8	161.9	torch-2.14.0+cu130
torch-compile-dynamic	1	1	48	1286.7	153.3	torch-2.14.0+cu130
torch-compile-dynamic	1	1	64	1325.4	155.7	torch-2.14.0+cu130
torch-compile-dynamic	1	1	96	1633.2	170.0	torch-2.14.0+cu130
torch-compile-dynamic	1	1	128	1741.6	184.1	torch-2.14.0+cu130
torch-compile-dynamic	1	1	32	1068.1	145.4	torch-2.14.0+cu130
torch-compile-dynamic	1	1	48	1273.6	150.2	torch-2.14.0+cu130
torch-compile-dynamic	1	1	64	1327.8	151.2	torch-2.14.0+cu130
torch-compile-dynamic	1	1	96	1640.6	190.3	torch-2.14.0+cu130
torch-compile-dynamic	1	1	128	1739.7	199.3	torch-2.14.0+cu130
torch-compile-dynamic	1	1	32	1076.7	148.5	torch-2.14.0+cu130
torch-compile-dynamic	1	1	48	1279.1	160.0	torch-2.14.0+cu130
torch-compile-dynamic	1	1	64	1317.7	159.7	torch-2.14.0+cu130
torch-compile-dynamic	1	1	96	1621.5	180.0	torch-2.14.0+cu130
torch-compile-dynamic	1	1	128	1743.3	184.5	torch-2.14.0+cu130
torch-compile-dynamic	1	1	32	1072.9	150.2	torch-2.14.0+cu130
torch-compile-dynamic	1	1	48	1277.0	162.1	torch-2.14.0+cu130
torch-compile-dynamic	1	1	64	1320.4	154.7	torch-2.14.0+cu130
torch-compile-dynamic	1	1	96	1630.3	179.3	torch-2.14.0+cu130
torch-compile-dynamic	1	1	128	1750.2	194.3	torch-2.14.0+cu130
torch-compile-dynamic	1	1	32	1065.3	151.4	torch-2.14.0+cu130
torch-compile-dynamic	1	1	48	1290.1	152.8	torch-2.14.0+cu130
torch-compile-dynamic	1	1	64	1325.1	155.7	torch-2.14.0+cu130
torch-compile-dynamic	1	1	96	1643.4	182.9	torch-2.14.0+cu130
torch-compile-dynamic	1	1	128	1745.9	188.8	torch-2.14.0+cu130
torch-compile-dynamic	1	1	32	1063.3	148.3	torch-2.14.0+cu130
torch-compile-dynamic	1	1	48	1281.0	151.2	torch-2.14.0+cu130
torch-compile-dynamic	1	1	64	1330.6	159.3	torch-2.14.0+cu130
torch-compile-dynamic	1	1	96	1647.7	174.0	torch-2.14.0+cu130
torch-compile-dynamic	1	1	128	1735.7	181.7	torch-2.14.0+cu130
torch-compile-dynamic	1	1	32	1071.9	153.8	torch-2.14.0+cu130
torch-compile-dynamic	1	1	48	1290.6	151.9	torch-2.14.0+cu130
torch-compile-dynamic	1	1	64	1327.0	154.5	torch-2.14.0+cu130
torch-compile-dynamic	1	1	96	1637.7	168.1	torch-2.14.0+cu130
torch-compile-dynamic	1	1	128	1739.7	181.4	torch-2.14.0+cu130
torch-compile-dynamic	1	1	32	1065.0	145.2	torch-2.14.0+cu130
torch-compile-dynamic	1	1	48	1275.8	148.5	torch-2.14.0+cu130
torch-compile-dynamic	1	1	64	1330.6	154.3	torch-2.14.0+cu130
torch-compile-dynamic	1	1	96	1638.2	180.7	torch-2.14.0+cu130
torch-compile-dynamic	1	1	128	1738.8	186.4	torch-2.14.0+cu130
torch-compile-dynamic	1	1	32	1068.6	146.6	torch-2.14.0+cu130
torch-compile-dynamic	1	1	48	1266.0	149.0	torch-2.14.0+cu130
torch-compile-dynamic	1	1	64	1324.2	161.6	torch-2.14.0+cu130
torch-compile-dynamic	1	1	96	1639.6	183.1	torch-2.14.0+cu130
torch-compile-dynamic	1	1	128	1736.4	186.9	torch-2.14.0+cu130
torch-compile-dynamic	1	2	32	1088.1	153.5	torch-2.14.0+cu130
torch-compile-dynamic	1	2	48	1281.7	154.3	torch-2.14.0+cu130
torch-compile-dynamic	1	2	64	1320.8	167.1	torch-2.14.0+cu130
torch-compile-dynamic	1	2	96	1630.8	172.1	torch-2.14.0+cu130
torch-compile-dynamic	1	2	128	1736.2	181.4	torch-2.14.0+cu130
torch-compile-dynamic	1	2	32	1074.1	143.5	torch-2.14.0+cu130
torch-compile-dynamic	1	2	48	1280.1	149.7	torch-2.14.0+cu130
torch-compile-dynamic	1	2	64	1334.7	149.5	torch-2.14.0+cu130
torch-compile-dynamic	1	2	96	1628.9	165.9	torch-2.14.0+cu130
torch-compile-dynamic	1	2	128	1751.4	184.8	torch-2.14.0+cu130
torch-compile-dynamic	1	2	32	1070.0	146.2	torch-2.14.0+cu130
torch-compile-dynamic	1	2	48	1279.8	149.3	torch-2.14.0+cu130
torch-compile-dynamic	1	2	64	1355.2	150.2	torch-2.14.0+cu130
torch-compile-dynamic	1	2	96	1651.5	182.9	torch-2.14.0+cu130
torch-compile-dynamic	1	2	128	1741.4	187.6	torch-2.14.0+cu130
torch-compile-dynamic	1	2	32	1063.1	156.4	torch-2.14.0+cu130
torch-compile-dynamic	1	2	48	1277.9	149.7	torch-2.14.0+cu130
torch-compile-dynamic	1	2	64	1341.6	151.2	torch-2.14.0+cu130
torch-compile-dynamic	1	2	96	1639.8	173.8	torch-2.14.0+cu130
torch-compile-dynamic	1	2	128	1732.6	224.1	torch-2.14.0+cu130
torch-compile-dynamic	1	2	32	1051.2	153.1	torch-2.14.0+cu130
torch-compile-dynamic	1	2	48	1283.2	150.4	torch-2.14.0+cu130
torch-compile-dynamic	1	2	64	1317.7	154.3	torch-2.14.0+cu130
torch-compile-dynamic	1	2	96	1622.0	168.1	torch-2.14.0+cu130
torch-compile-dynamic	1	2	128	1732.6	189.3	torch-2.14.0+cu130
torch-compile-dynamic	1	2	32	1076.7	145.4	torch-2.14.0+cu130
torch-compile-dynamic	1	2	48	1275.3	159.7	torch-2.14.0+cu130
torch-compile-dynamic	1	2	64	1326.3	152.1	torch-2.14.0+cu130
torch-compile-dynamic	1	2	96	1648.7	175.2	torch-2.14.0+cu130
torch-compile-dynamic	1	2	128	1751.7	186.2	torch-2.14.0+cu130
torch-compile-dynamic	1	2	32	1060.5	142.6	torch-2.14.0+cu130
torch-compile-dynamic	1	2	48	1278.6	157.1	torch-2.14.0+cu130
torch-compile-dynamic	1	2	64	1327.8	158.1	torch-2.14.0+cu130
torch-compile-dynamic	1	2	96	1639.4	181.9	torch-2.14.0+cu130
torch-compile-dynamic	1	2	128	1744.0	181.0	torch-2.14.0+cu130
torch-compile-dynamic	1	2	32	1072.4	144.0	torch-2.14.0+cu130
torch-compile-dynamic	1	2	48	1289.6	156.9	torch-2.14.0+cu130
torch-compile-dynamic	1	2	64	1327.8	157.8	torch-2.14.0+cu130
torch-compile-dynamic	1	2	96	1637.9	172.9	torch-2.14.0+cu130
torch-compile-dynamic	1	2	128	1756.2	182.2	torch-2.14.0+cu130
torch-compile-dynamic	1	2	32	1062.4	146.6	torch-2.14.0+cu130
torch-compile-dynamic	1	2	48	1283.2	147.3	torch-2.14.0+cu130
torch-compile-dynamic	1	2	64	1315.1	150.2	torch-2.14.0+cu130
torch-compile-dynamic	1	2	96	1650.6	173.1	torch-2.14.0+cu130
torch-compile-dynamic	1	2	128	1737.1	182.9	torch-2.14.0+cu130
torch-compile-dynamic	1	2	32	1057.9	142.6	torch-2.14.0+cu130
torch-compile-dynamic	1	2	48	1292.9	153.8	torch-2.14.0+cu130
torch-compile-dynamic	1	2	64	1321.6	153.3	torch-2.14.0+cu130
torch-compile-dynamic	1	2	96	1628.9	166.7	torch-2.14.0+cu130
torch-compile-dynamic	1	2	128	1731.4	176.9	torch-2.14.0+cu130
torch-compile-dynamic	1	2	32	1069.1	151.6	torch-2.14.0+cu130
torch-compile-dynamic	1	2	48	1270.5	153.3	torch-2.14.0+cu130
torch-compile-dynamic	1	2	64	1327.5	164.0	torch-2.14.0+cu130
torch-compile-dynamic	1	2	96	1653.2	179.8	torch-2.14.0+cu130
torch-compile-dynamic	1	2	128	1733.5	190.7	torch-2.14.0+cu130
torch-compile-dynamic	1	2	32	1062.4	147.8	torch-2.14.0+cu130
torch-compile-dynamic	1	2	48	1272.4	148.3	torch-2.14.0+cu130
torch-compile-dynamic	1	2	64	1326.8	160.9	torch-2.14.0+cu130
torch-compile-dynamic	1	2	96	1630.5	181.2	torch-2.14.0+cu130
torch-compile-dynamic	1	2	128	1736.4	187.4	torch-2.14.0+cu130
torch-compile-dynamic	1	2	32	1059.3	147.8	torch-2.14.0+cu130
torch-compile-dynamic	1	2	48	1281.3	158.3	torch-2.14.0+cu130
torch-compile-dynamic	1	2	64	1334.9	160.0	torch-2.14.0+cu130
torch-compile-dynamic	1	2	96	1627.4	171.2	torch-2.14.0+cu130
torch-compile-dynamic	1	2	128	1747.6	186.7	torch-2.14.0+cu130
torch-compile-dynamic	1	2	32	1055.2	149.0	torch-2.14.0+cu130
torch-compile-dynamic	1	2	48	1282.2	150.7	torch-2.14.0+cu130
torch-compile-dynamic	1	2	64	1334.0	151.9	torch-2.14.0+cu130
torch-compile-dynamic	1	2	96	1642.7	181.4	torch-2.14.0+cu130
torch-compile-dynamic	1	2	128	1736.6	187.6	torch-2.14.0+cu130
torch-compile-dynamic	1	2	32	1043.6	161.2	torch-2.14.0+cu130
torch-compile-dynamic	1	2	48	1269.8	151.2	torch-2.14.0+cu130
torch-compile-dynamic	1	2	64	1319.6	151.4	torch-2.14.0+cu130
torch-compile-dynamic	1	2	96	1637.2	179.1	torch-2.14.0+cu130
torch-compile-dynamic	1	2	128	1739.0	195.0	torch-2.14.0+cu130
torch-compile-dynamic	1	2	32	1054.8	145.0	torch-2.14.0+cu130
torch-compile-dynamic	1	2	48	1286.5	155.4	torch-2.14.0+cu130
torch-compile-dynamic	1	2	64	1317.5	154.7	torch-2.14.0+cu130
torch-compile-dynamic	1	2	96	1645.3	189.3	torch-2.14.0+cu130
torch-compile-dynamic	1	2	128	1748.8	181.4	torch-2.14.0+cu130
torch-compile-dynamic	1	2	32	1062.4	155.7	torch-2.14.0+cu130
torch-compile-dynamic	1	2	48	1278.9	164.7	torch-2.14.0+cu130
torch-compile-dynamic	1	2	64	1322.3	158.1	torch-2.14.0+cu130
torch-compile-dynamic	1	2	96	1624.1	181.7	torch-2.14.0+cu130
torch-compile-dynamic	1	2	128	1759.3	189.8	torch-2.14.0+cu130
torch-compile-dynamic	1	2	32	1077.9	148.8	torch-2.14.0+cu130
torch-compile-dynamic	1	2	48	1275.5	162.6	torch-2.14.0+cu130
torch-compile-dynamic	1	2	64	1335.4	155.9	torch-2.14.0+cu130
torch-compile-dynamic	1	2	96	1639.1	183.8	torch-2.14.0+cu130
torch-compile-dynamic	1	2	128	1740.5	182.4	torch-2.14.0+cu130
torch-compile-dynamic	1	2	32	1061.9	145.0	torch-2.14.0+cu130
torch-compile-dynamic	1	2	48	1294.9	146.4	torch-2.14.0+cu130
torch-compile-dynamic	1	2	64	1323.2	155.2	torch-2.14.0+cu130
torch-compile-dynamic	1	2	96	1644.6	166.9	torch-2.14.0+cu130
torch-compile-dynamic	1	2	128	1730.2	180.2	torch-2.14.0+cu130
torch-compile-dynamic	1	2	32	1078.4	145.7	torch-2.14.0+cu130
torch-compile-dynamic	1	2	48	1293.2	152.1	torch-2.14.0+cu130
torch-compile-dynamic	1	2	64	1319.6	151.9	torch-2.14.0+cu130
torch-compile-dynamic	1	2	96	1648.4	171.4	torch-2.14.0+cu130
torch-compile-dynamic	1	2	128	1745.5	182.6	torch-2.14.0+cu130
ours	2	1	32	11442.9	742.0	bc0b741fada7
ours	2	1	48	40216.9	1159.0	bc0b741fada7
ours	2	1	64	55414.0	3179.1	bc0b741fada7
ours	2	1	96	13329.0	4488.9	bc0b741fada7
ours	2	1	128	19202.9	5069.0	bc0b741fada7
ours	2	1	32	10196.0	624.2	bc0b741fada7
ours	2	1	48	18277.2	509.0	bc0b741fada7
ours	2	1	64	1380.0	598.0	bc0b741fada7
ours	2	1	96	1675.1	917.9	bc0b741fada7
ours	2	1	128	1741.9	1220.0	bc0b741fada7
ours	2	1	32	3307.1	292.1	bc0b741fada7
ours	2	1	48	3563.2	454.9	bc0b741fada7
ours	2	1	64	1251.0	608.9	bc0b741fada7
ours	2	1	96	3362.9	909.1	bc0b741fada7
ours	2	1	128	1749.0	1229.0	bc0b741fada7
ours	2	1	32	946.0	298.0	bc0b741fada7
ours	2	1	48	1163.0	433.0	bc0b741fada7
ours	2	1	64	1233.1	584.1	bc0b741fada7
ours	2	1	96	3467.1	904.8	bc0b741fada7
ours	2	1	128	1768.1	1213.8	bc0b741fada7
ours	2	1	32	946.0	288.0	bc0b741fada7
ours	2	1	48	1160.9	436.1	bc0b741fada7
ours	2	1	64	1242.2	583.9	bc0b741fada7
ours	2	1	96	1673.0	906.0	bc0b741fada7
ours	2	1	128	4096.0	1205.0	bc0b741fada7
ours	2	1	32	958.0	295.2	bc0b741fada7
ours	2	1	48	1163.0	440.8	bc0b741fada7
ours	2	1	64	1230.0	583.2	bc0b741fada7
ours	2	1	96	1670.8	910.0	bc0b741fada7
ours	2	1	128	3594.2	1235.0	bc0b741fada7
ours	2	1	32	976.1	299.0	bc0b741fada7
ours	2	1	48	1161.1	460.9	bc0b741fada7
ours	2	1	64	1237.2	598.0	bc0b741fada7
ours	2	1	96	1668.0	907.2	bc0b741fada7
ours	2	1	128	1762.2	1201.9	bc0b741fada7
ours	2	1	32	952.0	299.0	bc0b741fada7
ours	2	1	48	3460.2	432.0	bc0b741fada7
ours	2	1	64	3387.0	587.0	bc0b741fada7
ours	2	1	96	1689.0	937.9	bc0b741fada7
ours	2	1	128	1756.0	1207.1	bc0b741fada7
ours	2	1	32	946.0	297.1	bc0b741fada7
ours	2	1	48	1163.0	445.1	bc0b741fada7
ours	2	1	64	3753.9	588.9	bc0b741fada7
ours	2	1	96	1680.1	923.9	bc0b741fada7
ours	2	1	128	1739.0	1236.9	bc0b741fada7
ours	2	1	32	949.9	297.1	bc0b741fada7
ours	2	1	48	1163.0	445.1	bc0b741fada7
ours	2	1	64	1241.0	582.0	bc0b741fada7
ours	2	1	96	1673.0	900.0	bc0b741fada7
ours	2	1	128	1750.9	1193.0	bc0b741fada7
ours	2	1	32	950.1	300.9	bc0b741fada7
ours	2	1	48	3437.0	455.9	bc0b741fada7
ours	2	1	64	1246.0	599.1	bc0b741fada7
ours	2	1	96	1678.0	905.0	bc0b741fada7
ours	2	1	128	1740.0	1206.9	bc0b741fada7
ours	2	1	32	941.0	291.1	bc0b741fada7
ours	2	1	48	1174.9	428.9	bc0b741fada7
ours	2	1	64	1225.9	574.1	bc0b741fada7
ours	2	1	96	1673.0	903.8	bc0b741fada7
ours	2	1	128	1738.1	1189.9	bc0b741fada7
ours	2	1	32	950.1	289.9	bc0b741fada7
ours	2	1	48	1156.1	450.8	bc0b741fada7
ours	2	1	64	3380.1	583.9	bc0b741fada7
ours	2	1	96	1684.9	912.2	bc0b741fada7
ours	2	1	128	1740.9	1206.2	bc0b741fada7
ours	2	1	32	942.0	300.9	bc0b741fada7
ours	2	1	48	1167.1	457.0	bc0b741fada7
ours	2	1	64	1232.9	592.0	bc0b741fada7
ours	2	1	96	1668.9	909.1	bc0b741fada7
ours	2	1	128	1738.8	1196.1	bc0b741fada7
ours	2	1	32	942.9	292.1	bc0b741fada7
ours	2	1	48	1155.1	438.0	bc0b741fada7
ours	2	1	64	1231.9	588.2	bc0b741fada7
ours	2	1	96	3505.9	904.1	bc0b741fada7
ours	2	1	128	1746.9	1209.0	bc0b741fada7
ours	2	1	32	947.0	301.1	bc0b741fada7
ours	2	1	48	1159.0	430.1	bc0b741fada7
ours	2	1	64	1231.9	587.0	bc0b741fada7
ours	2	1	96	1677.0	896.9	bc0b741fada7
ours	2	1	128	1739.0	1196.1	bc0b741fada7
ours	2	1	32	939.1	291.8	bc0b741fada7
ours	2	1	48	1173.0	430.8	bc0b741fada7
ours	2	1	64	1228.1	581.0	bc0b741fada7
ours	2	1	96	1672.0	904.8	bc0b741fada7
ours	2	1	128	3544.8	1196.1	bc0b741fada7
ours	2	1	32	976.1	309.0	bc0b741fada7
ours	2	1	48	1169.0	449.9	bc0b741fada7
ours	2	1	64	1242.2	576.0	bc0b741fada7
ours	2	1	96	1694.0	891.9	bc0b741fada7
ours	2	1	128	1752.1	1221.9	bc0b741fada7
ours	2	1	32	952.0	288.0	bc0b741fada7
ours	2	1	48	1164.9	443.2	bc0b741fada7
ours	2	1	64	1225.9	585.1	bc0b741fada7
ours	2	1	96	1663.9	906.9	bc0b741fada7
ours	2	1	128	1748.1	1261.9	bc0b741fada7
ours	2	1	32	3423.9	309.0	bc0b741fada7
ours	2	1	48	1179.9	462.1	bc0b741fada7
ours	2	1	64	1231.0	581.0	bc0b741fada7
ours	2	1	96	1681.1	886.9	bc0b741fada7
ours	2	1	128	1743.1	1205.0	bc0b741fada7
ours	2	2	32	956.1	294.0	bc0b741fada7
ours	2	2	48	1159.9	440.1	bc0b741fada7
ours	2	2	64	1244.1	586.0	bc0b741fada7
ours	2	2	96	1672.0	903.8	bc0b741fada7
ours	2	2	128	1738.1	1225.0	bc0b741fada7
ours	2	2	32	3310.9	299.0	bc0b741fada7
ours	2	2	48	1184.0	444.9	bc0b741fada7
ours	2	2	64	1236.0	576.0	bc0b741fada7
ours	2	2	96	1669.9	902.2	bc0b741fada7
ours	2	2	128	1739.0	1204.0	bc0b741fada7
ours	2	2	32	940.1	290.9	bc0b741fada7
ours	2	2	48	1159.9	447.0	bc0b741fada7
ours	2	2	64	1231.0	575.1	bc0b741fada7
ours	2	2	96	1668.9	901.0	bc0b741fada7
ours	2	2	128	1750.9	1198.1	bc0b741fada7
ours	2	2	32	3256.8	287.1	bc0b741fada7
ours	2	2	48	1174.9	448.0	bc0b741fada7
ours	2	2	64	1233.1	581.0	bc0b741fada7
ours	2	2	96	1683.0	896.9	bc0b741fada7
ours	2	2	128	1743.1	1210.9	bc0b741fada7
ours	2	2	32	952.0	286.8	bc0b741fada7
ours	2	2	48	1161.1	433.9	bc0b741fada7
ours	2	2	64	1232.9	570.1	bc0b741fada7
ours	2	2	96	1668.9	898.1	bc0b741fada7
ours	2	2	128	1746.2	1201.9	bc0b741fada7
ours	2	2	32	947.0	291.1	bc0b741fada7
ours	2	2	48	1161.1	443.9	bc0b741fada7
ours	2	2	64	1263.9	572.2	bc0b741fada7
ours	2	2	96	1677.0	889.1	bc0b741fada7
ours	2	2	128	1739.0	1205.0	bc0b741fada7
ours	2	2	32	954.2	289.0	bc0b741fada7
ours	2	2	48	1159.9	453.9	bc0b741fada7
ours	2	2	64	3539.1	582.9	bc0b741fada7
ours	2	2	96	1684.9	910.0	bc0b741fada7
ours	2	2	128	1738.1	1205.0	bc0b741fada7
ours	2	2	32	944.9	291.1	bc0b741fada7
ours	2	2	48	1166.8	434.2	bc0b741fada7
ours	2	2	64	1231.9	584.1	bc0b741fada7
ours	2	2	96	1673.0	906.0	bc0b741fada7
ours	2	2	128	1735.9	1209.0	bc0b741fada7
ours	2	2	32	942.9	292.1	bc0b741fada7
ours	2	2	48	1170.9	440.1	bc0b741fada7
ours	2	2	64	1236.9	571.0	bc0b741fada7
ours	2	2	96	1669.9	908.1	bc0b741fada7
ours	2	2	128	1750.9	1209.0	bc0b741fada7
ours	2	2	32	942.0	290.2	bc0b741fada7
ours	2	2	48	1159.0	448.9	bc0b741fada7
ours	2	2	64	1236.9	570.1	bc0b741fada7
ours	2	2	96	3514.1	900.0	bc0b741fada7
ours	2	2	128	1770.0	1215.0	bc0b741fada7
ours	2	2	32	961.1	293.0	bc0b741fada7
ours	2	2	48	1159.9	451.1	bc0b741fada7
ours	2	2	64	1240.0	580.1	bc0b741fada7
ours	2	2	96	1672.0	901.0	bc0b741fada7
ours	2	2	128	1742.8	1225.0	bc0b741fada7
ours	2	2	32	1061.9	299.0	bc0b741fada7
ours	2	2	48	1157.0	437.0	bc0b741fada7
ours	2	2	64	1235.0	585.1	bc0b741fada7
ours	2	2	96	1673.9	913.1	bc0b741fada7
ours	2	2	128	1741.9	1200.0	bc0b741fada7
ours	2	2	32	942.0	292.1	bc0b741fada7
ours	2	2	48	1153.9	436.1	bc0b741fada7
ours	2	2	64	1230.0	573.9	bc0b741fada7
ours	2	2	96	1671.8	902.2	bc0b741fada7
ours	2	2	128	3550.1	1204.0	bc0b741fada7
ours	2	2	32	971.1	300.9	bc0b741fada7
ours	2	2	48	1160.9	437.0	bc0b741fada7
ours	2	2	64	1233.1	572.0	bc0b741fada7
ours	2	2	96	1670.8	899.1	bc0b741fada7
ours	2	2	128	1740.0	1197.1	bc0b741fada7
ours	2	2	32	948.9	297.1	bc0b741fada7
ours	2	2	48	1159.2	443.9	bc0b741fada7
ours	2	2	64	1236.0	568.2	bc0b741fada7
ours	2	2	96	1686.1	881.0	bc0b741fada7
ours	2	2	128	1736.2	1202.8	bc0b741fada7
ours	2	2	32	950.1	295.9	bc0b741fada7
ours	2	2	48	1159.9	443.9	bc0b741fada7
ours	2	2	64	1241.0	573.2	bc0b741fada7
ours	2	2	96	1675.1	894.8	bc0b741fada7
ours	2	2	128	1740.9	1215.9	bc0b741fada7
ours	2	2	32	942.9	307.1	bc0b741fada7
ours	2	2	48	1155.1	434.9	bc0b741fada7
ours	2	2	64	1232.9	592.0	bc0b741fada7
ours	2	2	96	1684.2	912.0	bc0b741fada7
ours	2	2	128	3573.2	1213.8	bc0b741fada7
ours	2	2	32	973.0	311.1	bc0b741fada7
ours	2	2	48	1166.1	429.9	bc0b741fada7
ours	2	2	64	1230.0	578.9	bc0b741fada7
ours	2	2	96	1668.0	899.1	bc0b741fada7
ours	2	2	128	1745.9	1209.0	bc0b741fada7
ours	2	2	32	943.9	292.1	bc0b741fada7
ours	2	2	48	1163.0	435.1	bc0b741fada7
ours	2	2	64	1230.0	585.8	bc0b741fada7
ours	2	2	96	1676.1	895.0	bc0b741fada7
ours	2	2	128	1739.0	1210.9	bc0b741fada7
ours	2	2	32	947.0	291.1	bc0b741fada7
ours	2	2	48	1169.9	433.0	bc0b741fada7
ours	2	2	64	1238.1	572.0	bc0b741fada7
ours	2	2	96	1672.0	899.1	bc0b741fada7
ours	2	2	128	1741.9	1204.0	bc0b741fada7
torch-eager	2	1	32	2116.4	143.3	torch-2.14.0+cu130
torch-eager	2	1	48	2909.7	154.3	torch-2.14.0+cu130
torch-eager	2	1	64	2746.3	201.7	torch-2.14.0+cu130
torch-eager	2	1	96	2856.3	221.7	torch-2.14.0+cu130
torch-eager	2	1	128	2834.3	245.6	torch-2.14.0+cu130
torch-eager	2	1	32	2168.2	183.8	torch-2.14.0+cu130
torch-eager	2	1	48	2172.0	169.5	torch-2.14.0+cu130
torch-eager	2	1	64	2157.9	162.8	torch-2.14.0+cu130
torch-eager	2	1	96	2280.0	191.5	torch-2.14.0+cu130
torch-eager	2	1	128	2292.4	191.7	torch-2.14.0+cu130
torch-eager	2	1	32	2129.6	145.7	torch-2.14.0+cu130
torch-eager	2	1	48	2146.0	150.7	torch-2.14.0+cu130
torch-eager	2	1	64	2187.5	154.7	torch-2.14.0+cu130
torch-eager	2	1	96	2278.3	170.5	torch-2.14.0+cu130
torch-eager	2	1	128	2294.5	181.7	torch-2.14.0+cu130
torch-eager	2	1	32	2152.7	149.5	torch-2.14.0+cu130
torch-eager	2	1	48	2172.9	166.2	torch-2.14.0+cu130
torch-eager	2	1	64	2163.9	158.5	torch-2.14.0+cu130
torch-eager	2	1	96	2355.3	179.8	torch-2.14.0+cu130
torch-eager	2	1	128	2305.5	198.6	torch-2.14.0+cu130
torch-eager	2	1	32	2112.9	150.0	torch-2.14.0+cu130
torch-eager	2	1	48	2169.4	165.9	torch-2.14.0+cu130
torch-eager	2	1	64	2181.8	158.8	torch-2.14.0+cu130
torch-eager	2	1	96	2282.4	177.1	torch-2.14.0+cu130
torch-eager	2	1	128	2295.5	184.3	torch-2.14.0+cu130
torch-eager	2	1	32	2102.1	149.3	torch-2.14.0+cu130
torch-eager	2	1	48	2163.6	148.8	torch-2.14.0+cu130
torch-eager	2	1	64	2158.2	156.9	torch-2.14.0+cu130
torch-eager	2	1	96	2259.0	170.0	torch-2.14.0+cu130
torch-eager	2	1	128	2306.5	191.9	torch-2.14.0+cu130
torch-eager	2	1	32	2114.5	156.9	torch-2.14.0+cu130
torch-eager	2	1	48	2156.0	150.4	torch-2.14.0+cu130
torch-eager	2	1	64	2148.2	160.9	torch-2.14.0+cu130
torch-eager	2	1	96	2279.8	174.3	torch-2.14.0+cu130
torch-eager	2	1	128	2304.6	193.8	torch-2.14.0+cu130
torch-eager	2	1	32	2092.4	151.2	torch-2.14.0+cu130
torch-eager	2	1	48	2155.3	148.8	torch-2.14.0+cu130
torch-eager	2	1	64	2161.7	156.9	torch-2.14.0+cu130
torch-eager	2	1	96	2296.7	172.6	torch-2.14.0+cu130
torch-eager	2	1	128	2287.6	187.9	torch-2.14.0+cu130
torch-eager	2	1	32	2104.3	144.5	torch-2.14.0+cu130
torch-eager	2	1	48	2155.5	151.2	torch-2.14.0+cu130
torch-eager	2	1	64	2168.7	154.0	torch-2.14.0+cu130
torch-eager	2	1	96	2253.8	174.3	torch-2.14.0+cu130
torch-eager	2	1	128	2309.6	184.8	torch-2.14.0+cu130
torch-eager	2	1	32	2090.9	156.4	torch-2.14.0+cu130
torch-eager	2	1	48	2148.6	147.3	torch-2.14.0+cu130
torch-eager	2	1	64	2182.2	153.1	torch-2.14.0+cu130
torch-eager	2	1	96	2259.7	178.1	torch-2.14.0+cu130
torch-eager	2	1	128	2297.9	185.7	torch-2.14.0+cu130
torch-eager	2	1	32	2104.0	142.8	torch-2.14.0+cu130
torch-eager	2	1	48	2143.6	152.8	torch-2.14.0+cu130
torch-eager	2	1	64	2193.2	156.9	torch-2.14.0+cu130
torch-eager	2	1	96	2265.2	171.9	torch-2.14.0+cu130
torch-eager	2	1	128	2299.1	186.0	torch-2.14.0+cu130
torch-eager	2	1	32	2108.6	142.1	torch-2.14.0+cu130
torch-eager	2	1	48	2133.6	160.0	torch-2.14.0+cu130
torch-eager	2	1	64	2157.2	152.6	torch-2.14.0+cu130
torch-eager	2	1	96	2267.4	169.3	torch-2.14.0+cu130
torch-eager	2	1	128	2274.5	190.0	torch-2.14.0+cu130
torch-eager	2	1	32	2102.1	144.2	torch-2.14.0+cu130
torch-eager	2	1	48	2154.4	145.4	torch-2.14.0+cu130
torch-eager	2	1	64	2137.9	163.3	torch-2.14.0+cu130
torch-eager	2	1	96	2291.2	169.8	torch-2.14.0+cu130
torch-eager	2	1	128	2288.6	190.3	torch-2.14.0+cu130
torch-eager	2	1	32	2122.9	151.6	torch-2.14.0+cu130
torch-eager	2	1	48	2144.8	146.9	torch-2.14.0+cu130
torch-eager	2	1	64	2187.7	154.3	torch-2.14.0+cu130
torch-eager	2	1	96	2275.9	172.6	torch-2.14.0+cu130
torch-eager	2	1	128	2372.0	180.7	torch-2.14.0+cu130
torch-eager	2	1	32	2139.8	154.0	torch-2.14.0+cu130
torch-eager	2	1	48	2183.9	150.2	torch-2.14.0+cu130
torch-eager	2	1	64	2211.1	155.2	torch-2.14.0+cu130
torch-eager	2	1	96	2312.4	173.8	torch-2.14.0+cu130
torch-eager	2	1	128	2320.5	183.1	torch-2.14.0+cu130
torch-eager	2	1	32	2106.0	145.0	torch-2.14.0+cu130
torch-eager	2	1	48	2151.7	148.3	torch-2.14.0+cu130
torch-eager	2	1	64	2155.3	150.9	torch-2.14.0+cu130
torch-eager	2	1	96	2267.8	172.9	torch-2.14.0+cu130
torch-eager	2	1	128	2304.6	182.4	torch-2.14.0+cu130
torch-eager	2	1	32	2091.9	149.3	torch-2.14.0+cu130
torch-eager	2	1	48	2146.7	150.2	torch-2.14.0+cu130
torch-eager	2	1	64	2157.0	153.5	torch-2.14.0+cu130
torch-eager	2	1	96	2248.0	178.8	torch-2.14.0+cu130
torch-eager	2	1	128	2286.2	183.8	torch-2.14.0+cu130
torch-eager	2	1	32	2099.0	142.1	torch-2.14.0+cu130
torch-eager	2	1	48	2152.4	146.6	torch-2.14.0+cu130
torch-eager	2	1	64	2147.7	152.3	torch-2.14.0+cu130
torch-eager	2	1	96	2281.7	168.1	torch-2.14.0+cu130
torch-eager	2	1	128	2285.7	181.0	torch-2.14.0+cu130
torch-eager	2	1	32	2092.4	144.0	torch-2.14.0+cu130
torch-eager	2	1	48	2154.6	143.3	torch-2.14.0+cu130
torch-eager	2	1	64	2166.0	156.9	torch-2.14.0+cu130
torch-eager	2	1	96	2294.8	170.0	torch-2.14.0+cu130
torch-eager	2	1	128	2276.7	193.6	torch-2.14.0+cu130
torch-eager	2	1	32	2105.0	142.3	torch-2.14.0+cu130
torch-eager	2	1	48	2177.2	151.4	torch-2.14.0+cu130
torch-eager	2	1	64	2175.6	157.4	torch-2.14.0+cu130
torch-eager	2	1	96	2278.3	168.8	torch-2.14.0+cu130
torch-eager	2	1	128	2310.5	194.8	torch-2.14.0+cu130
torch-eager	2	2	32	2101.2	144.5	torch-2.14.0+cu130
torch-eager	2	2	48	2147.7	144.2	torch-2.14.0+cu130
torch-eager	2	2	64	2148.9	162.4	torch-2.14.0+cu130
torch-eager	2	2	96	2289.3	170.2	torch-2.14.0+cu130
torch-eager	2	2	128	2293.6	187.6	torch-2.14.0+cu130
torch-eager	2	2	32	2111.4	145.4	torch-2.14.0+cu130
torch-eager	2	2	48	2170.6	149.0	torch-2.14.0+cu130
torch-eager	2	2	64	2176.0	152.1	torch-2.14.0+cu130
torch-eager	2	2	96	2307.7	175.7	torch-2.14.0+cu130
torch-eager	2	2	128	2297.2	188.1	torch-2.14.0+cu130
torch-eager	2	2	32	2093.6	145.2	torch-2.14.0+cu130
torch-eager	2	2	48	2165.1	152.3	torch-2.14.0+cu130
torch-eager	2	2	64	2167.5	154.3	torch-2.14.0+cu130
torch-eager	2	2	96	2258.1	180.7	torch-2.14.0+cu130
torch-eager	2	2	128	2306.9	183.3	torch-2.14.0+cu130
torch-eager	2	2	32	2097.8	160.2	torch-2.14.0+cu130
torch-eager	2	2	48	2177.2	157.1	torch-2.14.0+cu130
torch-eager	2	2	64	2143.4	155.4	torch-2.14.0+cu130
torch-eager	2	2	96	2261.6	177.1	torch-2.14.0+cu130
torch-eager	2	2	128	2286.9	183.1	torch-2.14.0+cu130
torch-eager	2	2	32	2120.0	143.1	torch-2.14.0+cu130
torch-eager	2	2	48	2145.1	149.0	torch-2.14.0+cu130
torch-eager	2	2	64	2172.2	153.3	torch-2.14.0+cu130
torch-eager	2	2	96	2339.4	167.8	torch-2.14.0+cu130
torch-eager	2	2	128	2300.3	190.0	torch-2.14.0+cu130
torch-eager	2	2	32	2108.8	144.0	torch-2.14.0+cu130
torch-eager	2	2	48	2165.1	156.9	torch-2.14.0+cu130
torch-eager	2	2	64	2159.8	154.3	torch-2.14.0+cu130
torch-eager	2	2	96	2271.9	165.7	torch-2.14.0+cu130
torch-eager	2	2	128	2267.8	186.4	torch-2.14.0+cu130
torch-eager	2	2	32	2093.8	142.3	torch-2.14.0+cu130
torch-eager	2	2	48	2145.8	147.3	torch-2.14.0+cu130
torch-eager	2	2	64	2159.8	150.4	torch-2.14.0+cu130
torch-eager	2	2	96	2276.4	172.9	torch-2.14.0+cu130
torch-eager	2	2	128	2303.8	179.5	torch-2.14.0+cu130
torch-eager	2	2	32	2094.0	146.4	torch-2.14.0+cu130
torch-eager	2	2	48	2138.4	145.7	torch-2.14.0+cu130
torch-eager	2	2	64	2180.3	152.1	torch-2.14.0+cu130
torch-eager	2	2	96	2255.9	166.9	torch-2.14.0+cu130
torch-eager	2	2	128	2299.8	177.6	torch-2.14.0+cu130
torch-eager	2	2	32	2089.5	140.7	torch-2.14.0+cu130
torch-eager	2	2	48	2179.9	148.1	torch-2.14.0+cu130
torch-eager	2	2	64	2146.0	150.2	torch-2.14.0+cu130
torch-eager	2	2	96	2271.4	176.0	torch-2.14.0+cu130
torch-eager	2	2	128	2276.9	180.7	torch-2.14.0+cu130
torch-eager	2	2	32	2100.7	150.9	torch-2.14.0+cu130
torch-eager	2	2	48	2150.8	148.3	torch-2.14.0+cu130
torch-eager	2	2	64	2154.6	154.0	torch-2.14.0+cu130
torch-eager	2	2	96	2254.5	165.2	torch-2.14.0+cu130
torch-eager	2	2	128	2316.0	182.6	torch-2.14.0+cu130
torch-eager	2	2	32	2131.9	143.1	torch-2.14.0+cu130
torch-eager	2	2	48	2156.3	165.5	torch-2.14.0+cu130
torch-eager	2	2	64	2158.9	153.8	torch-2.14.0+cu130
torch-eager	2	2	96	2293.1	167.6	torch-2.14.0+cu130
torch-eager	2	2	128	2270.0	182.4	torch-2.14.0+cu130
torch-eager	2	2	32	2106.0	140.9	torch-2.14.0+cu130
torch-eager	2	2	48	2145.5	146.6	torch-2.14.0+cu130
torch-eager	2	2	64	2159.8	150.0	torch-2.14.0+cu130
torch-eager	2	2	96	2261.4	169.0	torch-2.14.0+cu130
torch-eager	2	2	128	2269.5	190.0	torch-2.14.0+cu130
torch-eager	2	2	32	2121.7	139.7	torch-2.14.0+cu130
torch-eager	2	2	48	2142.2	143.1	torch-2.14.0+cu130
torch-eager	2	2	64	2154.4	157.8	torch-2.14.0+cu130
torch-eager	2	2	96	2278.1	170.5	torch-2.14.0+cu130
torch-eager	2	2	128	2285.2	185.7	torch-2.14.0+cu130
torch-eager	2	2	32	2099.5	143.3	torch-2.14.0+cu130
torch-eager	2	2	48	2158.6	149.3	torch-2.14.0+cu130
torch-eager	2	2	64	2153.4	150.7	torch-2.14.0+cu130
torch-eager	2	2	96	2262.8	170.5	torch-2.14.0+cu130
torch-eager	2	2	128	2279.5	179.3	torch-2.14.0+cu130
torch-eager	2	2	32	2104.3	154.0	torch-2.14.0+cu130
torch-eager	2	2	48	2153.2	145.2	torch-2.14.0+cu130
torch-eager	2	2	64	2181.1	149.5	torch-2.14.0+cu130
torch-eager	2	2	96	2272.6	167.8	torch-2.14.0+cu130
torch-eager	2	2	128	2290.7	182.2	torch-2.14.0+cu130
torch-eager	2	2	32	2105.7	140.4	torch-2.14.0+cu130
torch-eager	2	2	48	2165.1	145.4	torch-2.14.0+cu130
torch-eager	2	2	64	2325.5	151.4	torch-2.14.0+cu130
torch-eager	2	2	96	2295.5	175.5	torch-2.14.0+cu130
torch-eager	2	2	128	2286.7	183.1	torch-2.14.0+cu130
torch-eager	2	2	32	2117.9	139.0	torch-2.14.0+cu130
torch-eager	2	2	48	2139.8	150.0	torch-2.14.0+cu130
torch-eager	2	2	64	2163.6	153.8	torch-2.14.0+cu130
torch-eager	2	2	96	2273.3	170.9	torch-2.14.0+cu130
torch-eager	2	2	128	2273.8	180.5	torch-2.14.0+cu130
torch-eager	2	2	32	2117.4	140.4	torch-2.14.0+cu130
torch-eager	2	2	48	2156.0	144.0	torch-2.14.0+cu130
torch-eager	2	2	64	2166.0	148.5	torch-2.14.0+cu130
torch-eager	2	2	96	2258.3	171.9	torch-2.14.0+cu130
torch-eager	2	2	128	2277.6	194.8	torch-2.14.0+cu130
torch-eager	2	2	32	2089.3	145.2	torch-2.14.0+cu130
torch-eager	2	2	48	2157.7	144.2	torch-2.14.0+cu130
torch-eager	2	2	64	2147.0	163.3	torch-2.14.0+cu130
torch-eager	2	2	96	2270.7	169.3	torch-2.14.0+cu130
torch-eager	2	2	128	2279.3	179.3	torch-2.14.0+cu130
torch-eager	2	2	32	2092.1	139.5	torch-2.14.0+cu130
torch-eager	2	2	48	2152.0	144.0	torch-2.14.0+cu130
torch-eager	2	2	64	2151.5	149.7	torch-2.14.0+cu130
torch-eager	2	2	96	2252.3	174.5	torch-2.14.0+cu130
torch-eager	2	2	128	2293.6	180.5	torch-2.14.0+cu130
torch-compile-static	2	1	32	1009.9	142.3	torch-2.14.0+cu130
torch-compile-static	2	1	48	348546.7	166.2	torch-2.14.0+cu130
torch-compile-static	2	1	64	342570.8	252.2	torch-2.14.0+cu130
torch-compile-static	2	1	96	344704.9	302.3	torch-2.14.0+cu130
torch-compile-static	2	1	128	344771.6	324.0	torch-2.14.0+cu130
torch-compile-static	2	1	32	1142.3	282.0	torch-2.14.0+cu130
torch-compile-static	2	1	48	1271.2	197.9	torch-2.14.0+cu130
torch-compile-static	2	1	64	1298.2	184.8	torch-2.14.0+cu130
torch-compile-static	2	1	96	1588.6	205.8	torch-2.14.0+cu130
torch-compile-static	2	1	128	1676.8	205.5	torch-2.14.0+cu130
torch-compile-static	2	1	32	1032.6	154.5	torch-2.14.0+cu130
torch-compile-static	2	1	48	1215.0	158.1	torch-2.14.0+cu130
torch-compile-static	2	1	64	1257.2	162.8	torch-2.14.0+cu130
torch-compile-static	2	1	96	1577.9	178.6	torch-2.14.0+cu130
torch-compile-static	2	1	128	1647.2	189.5	torch-2.14.0+cu130
torch-compile-static	2	1	32	1022.1	143.8	torch-2.14.0+cu130
torch-compile-static	2	1	48	1204.3	157.1	torch-2.14.0+cu130
torch-compile-static	2	1	64	1256.9	158.5	torch-2.14.0+cu130
torch-compile-static	2	1	96	1546.6	172.9	torch-2.14.0+cu130
torch-compile-static	2	1	128	1639.1	189.3	torch-2.14.0+cu130
torch-compile-static	2	1	32	1033.3	145.9	torch-2.14.0+cu130
torch-compile-static	2	1	48	1209.3	160.9	torch-2.14.0+cu130
torch-compile-static	2	1	64	1249.1	152.8	torch-2.14.0+cu130
torch-compile-static	2	1	96	1565.2	171.4	torch-2.14.0+cu130
torch-compile-static	2	1	128	1649.1	193.1	torch-2.14.0+cu130
torch-compile-static	2	1	32	1023.8	149.7	torch-2.14.0+cu130
torch-compile-static	2	1	48	1192.1	155.9	torch-2.14.0+cu130
torch-compile-static	2	1	64	1242.4	157.4	torch-2.14.0+cu130
torch-compile-static	2	1	96	1546.6	177.1	torch-2.14.0+cu130
torch-compile-static	2	1	128	1642.9	181.2	torch-2.14.0+cu130
torch-compile-static	2	1	32	1016.4	160.9	torch-2.14.0+cu130
torch-compile-static	2	1	48	1196.4	152.8	torch-2.14.0+cu130
torch-compile-static	2	1	64	1245.5	154.0	torch-2.14.0+cu130
torch-compile-static	2	1	96	1560.2	169.5	torch-2.14.0+cu130
torch-compile-static	2	1	128	1650.8	184.8	torch-2.14.0+cu130
torch-compile-static	2	1	32	1005.9	144.5	torch-2.14.0+cu130
torch-compile-static	2	1	48	1193.5	150.0	torch-2.14.0+cu130
torch-compile-static	2	1	64	1243.8	164.0	torch-2.14.0+cu130
torch-compile-static	2	1	96	1544.2	167.4	torch-2.14.0+cu130
torch-compile-static	2	1	128	1639.6	180.7	torch-2.14.0+cu130
torch-compile-static	2	1	32	1017.8	142.1	torch-2.14.0+cu130
torch-compile-static	2	1	48	1191.6	147.8	torch-2.14.0+cu130
torch-compile-static	2	1	64	1240.0	152.8	torch-2.14.0+cu130
torch-compile-static	2	1	96	1551.4	166.2	torch-2.14.0+cu130
torch-compile-static	2	1	128	1632.0	180.5	torch-2.14.0+cu130
torch-compile-static	2	1	32	1021.1	152.8	torch-2.14.0+cu130
torch-compile-static	2	1	48	1190.2	150.0	torch-2.14.0+cu130
torch-compile-static	2	1	64	1253.4	152.8	torch-2.14.0+cu130
torch-compile-static	2	1	96	1537.3	170.2	torch-2.14.0+cu130
torch-compile-static	2	1	128	1647.9	191.5	torch-2.14.0+cu130
torch-compile-static	2	1	32	1019.0	146.4	torch-2.14.0+cu130
torch-compile-static	2	1	48	1188.5	152.3	torch-2.14.0+cu130
torch-compile-static	2	1	64	1244.5	152.3	torch-2.14.0+cu130
torch-compile-static	2	1	96	1572.6	188.4	torch-2.14.0+cu130
torch-compile-static	2	1	128	1641.8	189.3	torch-2.14.0+cu130
torch-compile-static	2	1	32	1013.3	148.8	torch-2.14.0+cu130
torch-compile-static	2	1	48	1193.3	149.0	torch-2.14.0+cu130
torch-compile-static	2	1	64	1247.6	163.3	torch-2.14.0+cu130
torch-compile-static	2	1	96	1550.4	171.2	torch-2.14.0+cu130
torch-compile-static	2	1	128	1636.3	181.0	torch-2.14.0+cu130
torch-compile-static	2	1	32	1009.7	141.9	torch-2.14.0+cu130
torch-compile-static	2	1	48	1191.9	150.0	torch-2.14.0+cu130
torch-compile-static	2	1	64	1240.0	151.2	torch-2.14.0+cu130
torch-compile-static	2	1	96	1556.6	167.8	torch-2.14.0+cu130
torch-compile-static	2	1	128	1635.3	180.2	torch-2.14.0+cu130
torch-compile-static	2	1	32	1022.8	151.6	torch-2.14.0+cu130
torch-compile-static	2	1	48	1189.2	148.1	torch-2.14.0+cu130
torch-compile-static	2	1	64	1243.6	151.6	torch-2.14.0+cu130
torch-compile-static	2	1	96	1539.7	167.8	torch-2.14.0+cu130
torch-compile-static	2	1	128	1642.7	188.8	torch-2.14.0+cu130
torch-compile-static	2	1	32	1015.2	145.7	torch-2.14.0+cu130
torch-compile-static	2	1	48	1185.2	156.2	torch-2.14.0+cu130
torch-compile-static	2	1	64	1238.1	148.8	torch-2.14.0+cu130
torch-compile-static	2	1	96	1548.8	164.5	torch-2.14.0+cu130
torch-compile-static	2	1	128	1647.2	182.9	torch-2.14.0+cu130
torch-compile-static	2	1	32	1015.4	147.3	torch-2.14.0+cu130
torch-compile-static	2	1	48	1183.7	146.6	torch-2.14.0+cu130
torch-compile-static	2	1	64	1354.9	156.2	torch-2.14.0+cu130
torch-compile-static	2	1	96	1582.6	215.1	torch-2.14.0+cu130
torch-compile-static	2	1	128	1651.0	200.0	torch-2.14.0+cu130
torch-compile-static	2	1	32	999.7	156.4	torch-2.14.0+cu130
torch-compile-static	2	1	48	1187.1	155.0	torch-2.14.0+cu130
torch-compile-static	2	1	64	1247.2	159.0	torch-2.14.0+cu130
torch-compile-static	2	1	96	1553.1	177.4	torch-2.14.0+cu130
torch-compile-static	2	1	128	1651.8	181.7	torch-2.14.0+cu130
torch-compile-static	2	1	32	1013.0	145.0	torch-2.14.0+cu130
torch-compile-static	2	1	48	1193.3	155.0	torch-2.14.0+cu130
torch-compile-static	2	1	64	1237.4	166.2	torch-2.14.0+cu130
torch-compile-static	2	1	96	1540.9	169.5	torch-2.14.0+cu130
torch-compile-static	2	1	128	1633.6	178.6	torch-2.14.0+cu130
torch-compile-static	2	1	32	1009.9	161.9	torch-2.14.0+cu130
torch-compile-static	2	1	48	1191.4	151.2	torch-2.14.0+cu130
torch-compile-static	2	1	64	1237.9	153.3	torch-2.14.0+cu130
torch-compile-static	2	1	96	1536.6	178.6	torch-2.14.0+cu130
torch-compile-static	2	1	128	1637.5	180.5	torch-2.14.0+cu130
torch-compile-static	2	1	32	1004.7	147.6	torch-2.14.0+cu130
torch-compile-static	2	1	48	1183.3	146.2	torch-2.14.0+cu130
torch-compile-static	2	1	64	1233.3	159.7	torch-2.14.0+cu130
torch-compile-static	2	1	96	1548.1	166.2	torch-2.14.0+cu130
torch-compile-static	2	1	128	1651.3	183.1	torch-2.14.0+cu130
torch-compile-static	2	2	32	1000.9	152.6	torch-2.14.0+cu130
torch-compile-static	2	2	48	1186.4	145.0	torch-2.14.0+cu130
torch-compile-static	2	2	64	1245.5	151.4	torch-2.14.0+cu130
torch-compile-static	2	2	96	1559.0	166.9	torch-2.14.0+cu130
torch-compile-static	2	2	128	1642.9	179.3	torch-2.14.0+cu130
torch-compile-static	2	2	32	1014.9	144.0	torch-2.14.0+cu130
torch-compile-static	2	2	48	1192.3	157.1	torch-2.14.0+cu130
torch-compile-static	2	2	64	1238.6	162.4	torch-2.14.0+cu130
torch-compile-static	2	2	96	1545.2	169.8	torch-2.14.0+cu130
torch-compile-static	2	2	128	1630.1	190.5	torch-2.14.0+cu130
torch-compile-static	2	2	32	1027.8	145.0	torch-2.14.0+cu130
torch-compile-static	2	2	48	1188.0	157.6	torch-2.14.0+cu130
torch-compile-static	2	2	64	1241.9	152.3	torch-2.14.0+cu130
torch-compile-static	2	2	96	1552.1	165.9	torch-2.14.0+cu130
torch-compile-static	2	2	128	1638.2	175.2	torch-2.14.0+cu130
torch-compile-static	2	2	32	1033.3	153.3	torch-2.14.0+cu130
torch-compile-static	2	2	48	1182.8	153.5	torch-2.14.0+cu130
torch-compile-static	2	2	64	1249.8	152.8	torch-2.14.0+cu130
torch-compile-static	2	2	96	1537.6	166.9	torch-2.14.0+cu130
torch-compile-static	2	2	128	1637.7	190.0	torch-2.14.0+cu130
torch-compile-static	2	2	32	1009.5	149.7	torch-2.14.0+cu130
torch-compile-static	2	2	48	1186.4	160.7	torch-2.14.0+cu130
torch-compile-static	2	2	64	1237.6	152.1	torch-2.14.0+cu130
torch-compile-static	2	2	96	1564.3	168.6	torch-2.14.0+cu130
torch-compile-static	2	2	128	1643.4	182.9	torch-2.14.0+cu130
torch-compile-static	2	2	32	996.1	142.8	torch-2.14.0+cu130
torch-compile-static	2	2	48	1185.7	144.7	torch-2.14.0+cu130
torch-compile-static	2	2	64	1245.5	147.8	torch-2.14.0+cu130
torch-compile-static	2	2	96	1545.7	174.5	torch-2.14.0+cu130
torch-compile-static	2	2	128	1641.5	192.9	torch-2.14.0+cu130
torch-compile-static	2	2	32	1005.9	143.8	torch-2.14.0+cu130
torch-compile-static	2	2	48	1187.1	149.3	torch-2.14.0+cu130
torch-compile-static	2	2	64	1245.0	155.7	torch-2.14.0+cu130
torch-compile-static	2	2	96	1545.9	170.0	torch-2.14.0+cu130
torch-compile-static	2	2	128	1635.1	180.0	torch-2.14.0+cu130
torch-compile-static	2	2	32	1011.8	145.0	torch-2.14.0+cu130
torch-compile-static	2	2	48	1187.3	147.8	torch-2.14.0+cu130
torch-compile-static	2	2	64	1245.3	153.3	torch-2.14.0+cu130
torch-compile-static	2	2	96	1535.2	166.2	torch-2.14.0+cu130
torch-compile-static	2	2	128	1636.7	177.4	torch-2.14.0+cu130
torch-compile-static	2	2	32	1012.1	148.3	torch-2.14.0+cu130
torch-compile-static	2	2	48	1204.3	147.8	torch-2.14.0+cu130
torch-compile-static	2	2	64	1238.1	152.8	torch-2.14.0+cu130
torch-compile-static	2	2	96	1541.9	166.7	torch-2.14.0+cu130
torch-compile-static	2	2	128	1634.1	177.1	torch-2.14.0+cu130
torch-compile-static	2	2	32	998.3	154.3	torch-2.14.0+cu130
torch-compile-static	2	2	48	1188.3	150.0	torch-2.14.0+cu130
torch-compile-static	2	2	64	1233.8	155.0	torch-2.14.0+cu130
torch-compile-static	2	2	96	1536.4	177.4	torch-2.14.0+cu130
torch-compile-static	2	2	128	1652.7	177.6	torch-2.14.0+cu130
torch-compile-static	2	2	32	1005.4	152.3	torch-2.14.0+cu130
torch-compile-static	2	2	48	1196.9	148.8	torch-2.14.0+cu130
torch-compile-static	2	2	64	1232.1	152.8	torch-2.14.0+cu130
torch-compile-static	2	2	96	1550.2	168.1	torch-2.14.0+cu130
torch-compile-static	2	2	128	1634.8	182.4	torch-2.14.0+cu130
torch-compile-static	2	2	32	993.3	147.6	torch-2.14.0+cu130
torch-compile-static	2	2	48	1186.1	143.1	torch-2.14.0+cu130
torch-compile-static	2	2	64	1242.4	160.2	torch-2.14.0+cu130
torch-compile-static	2	2	96	1543.0	174.5	torch-2.14.0+cu130
torch-compile-static	2	2	128	1643.2	180.7	torch-2.14.0+cu130
torch-compile-static	2	2	32	1001.1	144.5	torch-2.14.0+cu130
torch-compile-static	2	2	48	1195.7	152.8	torch-2.14.0+cu130
torch-compile-static	2	2	64	1242.9	165.5	torch-2.14.0+cu130
torch-compile-static	2	2	96	1539.0	170.2	torch-2.14.0+cu130
torch-compile-static	2	2	128	1642.2	179.5	torch-2.14.0+cu130
torch-compile-static	2	2	32	1007.1	164.0	torch-2.14.0+cu130
torch-compile-static	2	2	48	1186.1	150.7	torch-2.14.0+cu130
torch-compile-static	2	2	64	1238.3	151.4	torch-2.14.0+cu130
torch-compile-static	2	2	96	1551.2	167.4	torch-2.14.0+cu130
torch-compile-static	2	2	128	1639.8	185.3	torch-2.14.0+cu130
torch-compile-static	2	2	32	996.4	146.2	torch-2.14.0+cu130
torch-compile-static	2	2	48	1182.6	145.9	torch-2.14.0+cu130
torch-compile-static	2	2	64	1241.0	160.0	torch-2.14.0+cu130
torch-compile-static	2	2	96	1549.5	176.0	torch-2.14.0+cu130
torch-compile-static	2	2	128	1640.1	184.1	torch-2.14.0+cu130
torch-compile-static	2	2	32	1031.2	143.3	torch-2.14.0+cu130
torch-compile-static	2	2	48	1184.7	148.5	torch-2.14.0+cu130
torch-compile-static	2	2	64	1234.3	149.3	torch-2.14.0+cu130
torch-compile-static	2	2	96	1558.8	177.6	torch-2.14.0+cu130
torch-compile-static	2	2	128	1634.6	184.3	torch-2.14.0+cu130
torch-compile-static	2	2	32	1007.6	145.4	torch-2.14.0+cu130
torch-compile-static	2	2	48	1186.1	144.0	torch-2.14.0+cu130
torch-compile-static	2	2	64	1256.7	151.4	torch-2.14.0+cu130
torch-compile-static	2	2	96	1539.0	168.3	torch-2.14.0+cu130
torch-compile-static	2	2	128	1641.0	187.9	torch-2.14.0+cu130
torch-compile-static	2	2	32	1008.7	140.4	torch-2.14.0+cu130
torch-compile-static	2	2	48	1195.2	155.4	torch-2.14.0+cu130
torch-compile-static	2	2	64	1239.1	151.4	torch-2.14.0+cu130
torch-compile-static	2	2	96	1554.0	165.2	torch-2.14.0+cu130
torch-compile-static	2	2	128	1645.6	177.9	torch-2.14.0+cu130
torch-compile-static	2	2	32	1020.2	148.1	torch-2.14.0+cu130
torch-compile-static	2	2	48	1189.5	149.0	torch-2.14.0+cu130
torch-compile-static	2	2	64	1246.7	150.7	torch-2.14.0+cu130
torch-compile-static	2	2	96	1533.7	165.7	torch-2.14.0+cu130
torch-compile-static	2	2	128	1639.8	187.4	torch-2.14.0+cu130
torch-compile-static	2	2	32	997.8	147.6	torch-2.14.0+cu130
torch-compile-static	2	2	48	1189.2	155.2	torch-2.14.0+cu130
torch-compile-static	2	2	64	1236.0	150.4	torch-2.14.0+cu130
torch-compile-static	2	2	96	1545.2	166.9	torch-2.14.0+cu130
torch-compile-static	2	2	128	1632.5	177.6	torch-2.14.0+cu130
torch-compile-dynamic	2	1	32	1101.3	142.1	torch-2.14.0+cu130
torch-compile-dynamic	2	1	48	1735.4	166.9	torch-2.14.0+cu130
torch-compile-dynamic	2	1	64	1589.1	228.4	torch-2.14.0+cu130
torch-compile-dynamic	2	1	96	1931.4	229.4	torch-2.14.0+cu130
torch-compile-dynamic	2	1	128	2094.0	255.6	torch-2.14.0+cu130
torch-compile-dynamic	2	1	32	1181.6	196.0	torch-2.14.0+cu130
torch-compile-dynamic	2	1	48	1329.4	176.2	torch-2.14.0+cu130
torch-compile-dynamic	2	1	64	1354.9	170.5	torch-2.14.0+cu130
torch-compile-dynamic	2	1	96	1669.9	184.1	torch-2.14.0+cu130
torch-compile-dynamic	2	1	128	1761.4	194.1	torch-2.14.0+cu130
torch-compile-dynamic	2	1	32	1122.2	157.4	torch-2.14.0+cu130
torch-compile-dynamic	2	1	48	1302.5	155.9	torch-2.14.0+cu130
torch-compile-dynamic	2	1	64	1335.9	160.0	torch-2.14.0+cu130
torch-compile-dynamic	2	1	96	1661.1	173.8	torch-2.14.0+cu130
torch-compile-dynamic	2	1	128	1766.2	196.9	torch-2.14.0+cu130
torch-compile-dynamic	2	1	32	1142.0	154.3	torch-2.14.0+cu130
torch-compile-dynamic	2	1	48	1296.5	174.5	torch-2.14.0+cu130
torch-compile-dynamic	2	1	64	1334.0	160.2	torch-2.14.0+cu130
torch-compile-dynamic	2	1	96	1651.5	203.1	torch-2.14.0+cu130
torch-compile-dynamic	2	1	128	1759.1	191.7	torch-2.14.0+cu130
torch-compile-dynamic	2	1	32	1092.0	150.4	torch-2.14.0+cu130
torch-compile-dynamic	2	1	48	1297.0	160.5	torch-2.14.0+cu130
torch-compile-dynamic	2	1	64	1338.7	168.8	torch-2.14.0+cu130
torch-compile-dynamic	2	1	96	1642.0	184.3	torch-2.14.0+cu130
torch-compile-dynamic	2	1	128	1757.9	186.4	torch-2.14.0+cu130
torch-compile-dynamic	2	1	32	1087.9	147.3	torch-2.14.0+cu130
torch-compile-dynamic	2	1	48	1292.9	167.8	torch-2.14.0+cu130
torch-compile-dynamic	2	1	64	1338.2	159.5	torch-2.14.0+cu130
torch-compile-dynamic	2	1	96	1630.1	175.7	torch-2.14.0+cu130
torch-compile-dynamic	2	1	128	1749.3	183.8	torch-2.14.0+cu130
torch-compile-dynamic	2	1	32	1106.5	150.9	torch-2.14.0+cu130
torch-compile-dynamic	2	1	48	1295.6	334.5	torch-2.14.0+cu130
torch-compile-dynamic	2	1	64	1338.2	155.7	torch-2.14.0+cu130
torch-compile-dynamic	2	1	96	1657.7	182.4	torch-2.14.0+cu130
torch-compile-dynamic	2	1	128	1753.1	199.8	torch-2.14.0+cu130
torch-compile-dynamic	2	1	32	1076.5	155.4	torch-2.14.0+cu130
torch-compile-dynamic	2	1	48	1272.7	147.1	torch-2.14.0+cu130
torch-compile-dynamic	2	1	64	1344.7	158.3	torch-2.14.0+cu130
torch-compile-dynamic	2	1	96	1639.6	175.7	torch-2.14.0+cu130
torch-compile-dynamic	2	1	128	1734.0	189.8	torch-2.14.0+cu130
torch-compile-dynamic	2	1	32	1092.2	143.3	torch-2.14.0+cu130
torch-compile-dynamic	2	1	48	1279.1	160.0	torch-2.14.0+cu130
torch-compile-dynamic	2	1	64	1328.7	158.1	torch-2.14.0+cu130
torch-compile-dynamic	2	1	96	1641.3	182.6	torch-2.14.0+cu130
torch-compile-dynamic	2	1	128	1750.2	196.0	torch-2.14.0+cu130
torch-compile-dynamic	2	1	32	1095.1	155.2	torch-2.14.0+cu130
torch-compile-dynamic	2	1	48	1284.6	153.3	torch-2.14.0+cu130
torch-compile-dynamic	2	1	64	1324.7	155.2	torch-2.14.0+cu130
torch-compile-dynamic	2	1	96	1652.2	186.9	torch-2.14.0+cu130
torch-compile-dynamic	2	1	128	1752.1	195.0	torch-2.14.0+cu130
torch-compile-dynamic	2	1	32	1095.3	146.9	torch-2.14.0+cu130
torch-compile-dynamic	2	1	48	1294.6	151.6	torch-2.14.0+cu130
torch-compile-dynamic	2	1	64	1340.2	158.3	torch-2.14.0+cu130
torch-compile-dynamic	2	1	96	1637.5	183.6	torch-2.14.0+cu130
torch-compile-dynamic	2	1	128	1748.8	201.7	torch-2.14.0+cu130
torch-compile-dynamic	2	1	32	1092.7	155.2	torch-2.14.0+cu130
torch-compile-dynamic	2	1	48	1292.7	155.2	torch-2.14.0+cu130
torch-compile-dynamic	2	1	64	1336.8	165.5	torch-2.14.0+cu130
torch-compile-dynamic	2	1	96	1647.2	184.8	torch-2.14.0+cu130
torch-compile-dynamic	2	1	128	1739.0	194.8	torch-2.14.0+cu130
torch-compile-dynamic	2	1	32	1076.0	145.0	torch-2.14.0+cu130
torch-compile-dynamic	2	1	48	1287.7	164.0	torch-2.14.0+cu130
torch-compile-dynamic	2	1	64	1337.1	157.1	torch-2.14.0+cu130
torch-compile-dynamic	2	1	96	1626.0	182.9	torch-2.14.0+cu130
torch-compile-dynamic	2	1	128	1756.0	180.5	torch-2.14.0+cu130
torch-compile-dynamic	2	1	32	1086.0	155.2	torch-2.14.0+cu130
torch-compile-dynamic	2	1	48	1274.3	160.0	torch-2.14.0+cu130
torch-compile-dynamic	2	1	64	1323.2	155.4	torch-2.14.0+cu130
torch-compile-dynamic	2	1	96	1634.8	177.6	torch-2.14.0+cu130
torch-compile-dynamic	2	1	128	1762.6	188.1	torch-2.14.0+cu130
torch-compile-dynamic	2	1	32	1080.5	147.8	torch-2.14.0+cu130
torch-compile-dynamic	2	1	48	1275.3	158.5	torch-2.14.0+cu130
torch-compile-dynamic	2	1	64	1324.4	152.3	torch-2.14.0+cu130
torch-compile-dynamic	2	1	96	1648.2	181.4	torch-2.14.0+cu130
torch-compile-dynamic	2	1	128	1753.6	183.6	torch-2.14.0+cu130
torch-compile-dynamic	2	1	32	1081.2	144.7	torch-2.14.0+cu130
torch-compile-dynamic	2	1	48	1291.5	146.4	torch-2.14.0+cu130
torch-compile-dynamic	2	1	64	1323.0	161.9	torch-2.14.0+cu130
torch-compile-dynamic	2	1	96	1643.2	177.4	torch-2.14.0+cu130
torch-compile-dynamic	2	1	128	1745.2	183.1	torch-2.14.0+cu130
torch-compile-dynamic	2	1	32	1081.0	143.5	torch-2.14.0+cu130
torch-compile-dynamic	2	1	48	1287.9	145.2	torch-2.14.0+cu130
torch-compile-dynamic	2	1	64	1335.1	162.4	torch-2.14.0+cu130
torch-compile-dynamic	2	1	96	1642.0	173.6	torch-2.14.0+cu130
torch-compile-dynamic	2	1	128	1736.4	184.3	torch-2.14.0+cu130
torch-compile-dynamic	2	1	32	1079.1	145.0	torch-2.14.0+cu130
torch-compile-dynamic	2	1	48	1297.5	149.3	torch-2.14.0+cu130
torch-compile-dynamic	2	1	64	1332.3	155.7	torch-2.14.0+cu130
torch-compile-dynamic	2	1	96	1642.9	169.8	torch-2.14.0+cu130
torch-compile-dynamic	2	1	128	1744.3	180.0	torch-2.14.0+cu130
torch-compile-dynamic	2	1	32	1090.5	151.4	torch-2.14.0+cu130
torch-compile-dynamic	2	1	48	1295.1	152.3	torch-2.14.0+cu130
torch-compile-dynamic	2	1	64	1327.0	157.8	torch-2.14.0+cu130
torch-compile-dynamic	2	1	96	1643.7	169.5	torch-2.14.0+cu130
torch-compile-dynamic	2	1	128	1750.0	189.8	torch-2.14.0+cu130
torch-compile-dynamic	2	1	32	1094.8	148.3	torch-2.14.0+cu130
torch-compile-dynamic	2	1	48	1280.5	147.1	torch-2.14.0+cu130
torch-compile-dynamic	2	1	64	1347.5	157.6	torch-2.14.0+cu130
torch-compile-dynamic	2	1	96	1642.2	173.3	torch-2.14.0+cu130
torch-compile-dynamic	2	1	128	1742.1	182.6	torch-2.14.0+cu130
torch-compile-dynamic	2	2	32	1085.0	143.3	torch-2.14.0+cu130
torch-compile-dynamic	2	2	48	1281.5	153.5	torch-2.14.0+cu130
torch-compile-dynamic	2	2	64	1334.7	158.5	torch-2.14.0+cu130
torch-compile-dynamic	2	2	96	1636.0	172.6	torch-2.14.0+cu130
torch-compile-dynamic	2	2	128	1743.6	181.0	torch-2.14.0+cu130
torch-compile-dynamic	2	2	32	1094.6	146.2	torch-2.14.0+cu130
torch-compile-dynamic	2	2	48	1275.5	147.8	torch-2.14.0+cu130
torch-compile-dynamic	2	2	64	1327.5	156.6	torch-2.14.0+cu130
torch-compile-dynamic	2	2	96	1625.5	166.2	torch-2.14.0+cu130
torch-compile-dynamic	2	2	128	1756.0	185.0	torch-2.14.0+cu130
torch-compile-dynamic	2	2	32	1084.8	146.9	torch-2.14.0+cu130
torch-compile-dynamic	2	2	48	1281.5	150.7	torch-2.14.0+cu130
torch-compile-dynamic	2	2	64	1341.6	175.2	torch-2.14.0+cu130
torch-compile-dynamic	2	2	96	1637.0	177.4	torch-2.14.0+cu130
torch-compile-dynamic	2	2	128	1737.6	185.5	torch-2.14.0+cu130
torch-compile-dynamic	2	2	32	1104.1	151.4	torch-2.14.0+cu130
torch-compile-dynamic	2	2	48	1286.3	150.7	torch-2.14.0+cu130
torch-compile-dynamic	2	2	64	1345.6	155.4	torch-2.14.0+cu130
torch-compile-dynamic	2	2	96	1623.4	170.0	torch-2.14.0+cu130
torch-compile-dynamic	2	2	128	1733.8	179.5	torch-2.14.0+cu130
torch-compile-dynamic	2	2	32	1081.2	150.9	torch-2.14.0+cu130
torch-compile-dynamic	2	2	48	1279.4	152.1	torch-2.14.0+cu130
torch-compile-dynamic	2	2	64	1343.5	153.5	torch-2.14.0+cu130
torch-compile-dynamic	2	2	96	1641.0	181.7	torch-2.14.0+cu130
torch-compile-dynamic	2	2	128	1744.0	190.5	torch-2.14.0+cu130
torch-compile-dynamic	2	2	32	1067.9	146.4	torch-2.14.0+cu130
torch-compile-dynamic	2	2	48	1277.7	147.6	torch-2.14.0+cu130
torch-compile-dynamic	2	2	64	1331.6	151.2	torch-2.14.0+cu130
torch-compile-dynamic	2	2	96	1639.1	176.2	torch-2.14.0+cu130
torch-compile-dynamic	2	2	128	1737.1	195.5	torch-2.14.0+cu130
torch-compile-dynamic	2	2	32	1070.3	154.0	torch-2.14.0+cu130
torch-compile-dynamic	2	2	48	1273.9	147.1	torch-2.14.0+cu130
torch-compile-dynamic	2	2	64	1331.3	157.4	torch-2.14.0+cu130
torch-compile-dynamic	2	2	96	1637.0	172.4	torch-2.14.0+cu130
torch-compile-dynamic	2	2	128	1740.9	190.0	torch-2.14.0+cu130
torch-compile-dynamic	2	2	32	1089.8	147.3	torch-2.14.0+cu130
torch-compile-dynamic	2	2	48	1283.2	149.5	torch-2.14.0+cu130
torch-compile-dynamic	2	2	64	1319.6	154.5	torch-2.14.0+cu130
torch-compile-dynamic	2	2	96	1632.0	168.3	torch-2.14.0+cu130
torch-compile-dynamic	2	2	128	1740.5	199.3	torch-2.14.0+cu130
torch-compile-dynamic	2	2	32	1083.1	150.2	torch-2.14.0+cu130
torch-compile-dynamic	2	2	48	1277.0	151.6	torch-2.14.0+cu130
torch-compile-dynamic	2	2	64	1342.1	154.3	torch-2.14.0+cu130
torch-compile-dynamic	2	2	96	1636.0	180.5	torch-2.14.0+cu130
torch-compile-dynamic	2	2	128	1747.8	192.2	torch-2.14.0+cu130
torch-compile-dynamic	2	2	32	1082.7	143.5	torch-2.14.0+cu130
torch-compile-dynamic	2	2	48	1283.9	156.9	torch-2.14.0+cu130
torch-compile-dynamic	2	2	64	1329.9	155.0	torch-2.14.0+cu130
torch-compile-dynamic	2	2	96	1635.3	179.5	torch-2.14.0+cu130
torch-compile-dynamic	2	2	128	1747.4	179.8	torch-2.14.0+cu130
torch-compile-dynamic	2	2	32	1095.8	154.3	torch-2.14.0+cu130
torch-compile-dynamic	2	2	48	1279.8	162.8	torch-2.14.0+cu130
torch-compile-dynamic	2	2	64	1322.5	156.2	torch-2.14.0+cu130
torch-compile-dynamic	2	2	96	1642.0	179.8	torch-2.14.0+cu130
torch-compile-dynamic	2	2	128	1756.2	192.4	torch-2.14.0+cu130
torch-compile-dynamic	2	2	32	1075.7	149.5	torch-2.14.0+cu130
torch-compile-dynamic	2	2	48	1272.4	159.3	torch-2.14.0+cu130
torch-compile-dynamic	2	2	64	1339.9	159.0	torch-2.14.0+cu130
torch-compile-dynamic	2	2	96	1642.2	174.8	torch-2.14.0+cu130
torch-compile-dynamic	2	2	128	1750.2	183.1	torch-2.14.0+cu130
torch-compile-dynamic	2	2	32	1080.3	145.0	torch-2.14.0+cu130
torch-compile-dynamic	2	2	48	1299.1	149.3	torch-2.14.0+cu130
torch-compile-dynamic	2	2	64	1327.3	154.0	torch-2.14.0+cu130
torch-compile-dynamic	2	2	96	1644.6	169.8	torch-2.14.0+cu130
torch-compile-dynamic	2	2	128	1735.4	180.7	torch-2.14.0+cu130
torch-compile-dynamic	2	2	32	1082.7	147.3	torch-2.14.0+cu130
torch-compile-dynamic	2	2	48	1290.3	147.8	torch-2.14.0+cu130
torch-compile-dynamic	2	2	64	1333.5	153.1	torch-2.14.0+cu130
torch-compile-dynamic	2	2	96	1640.6	168.6	torch-2.14.0+cu130
torch-compile-dynamic	2	2	128	1755.0	184.8	torch-2.14.0+cu130
torch-compile-dynamic	2	2	32	1090.0	146.6	torch-2.14.0+cu130
torch-compile-dynamic	2	2	48	1290.6	146.4	torch-2.14.0+cu130
torch-compile-dynamic	2	2	64	1328.9	150.2	torch-2.14.0+cu130
torch-compile-dynamic	2	2	96	1648.7	178.1	torch-2.14.0+cu130
torch-compile-dynamic	2	2	128	1750.0	187.2	torch-2.14.0+cu130
torch-compile-dynamic	2	2	32	1079.3	146.6	torch-2.14.0+cu130
torch-compile-dynamic	2	2	48	1282.5	147.6	torch-2.14.0+cu130
torch-compile-dynamic	2	2	64	1331.3	162.4	torch-2.14.0+cu130
torch-compile-dynamic	2	2	96	1642.0	176.2	torch-2.14.0+cu130
torch-compile-dynamic	2	2	128	1736.4	185.0	torch-2.14.0+cu130
torch-compile-dynamic	2	2	32	1091.0	147.8	torch-2.14.0+cu130
torch-compile-dynamic	2	2	48	1279.1	149.3	torch-2.14.0+cu130
torch-compile-dynamic	2	2	64	1327.0	159.0	torch-2.14.0+cu130
torch-compile-dynamic	2	2	96	1624.6	169.3	torch-2.14.0+cu130
torch-compile-dynamic	2	2	128	1749.8	189.8	torch-2.14.0+cu130
torch-compile-dynamic	2	2	32	1071.9	149.3	torch-2.14.0+cu130
torch-compile-dynamic	2	2	48	1278.6	150.0	torch-2.14.0+cu130
torch-compile-dynamic	2	2	64	1340.9	164.7	torch-2.14.0+cu130
torch-compile-dynamic	2	2	96	1639.4	172.9	torch-2.14.0+cu130
torch-compile-dynamic	2	2	128	1747.8	184.8	torch-2.14.0+cu130
torch-compile-dynamic	2	2	32	1090.8	146.4	torch-2.14.0+cu130
torch-compile-dynamic	2	2	48	1283.6	159.7	torch-2.14.0+cu130
torch-compile-dynamic	2	2	64	1341.6	260.8	torch-2.14.0+cu130
torch-compile-dynamic	2	2	96	1631.5	177.4	torch-2.14.0+cu130
torch-compile-dynamic	2	2	128	1750.2	184.5	torch-2.14.0+cu130
torch-compile-dynamic	2	2	32	1087.7	157.6	torch-2.14.0+cu130
torch-compile-dynamic	2	2	48	1276.7	156.4	torch-2.14.0+cu130
torch-compile-dynamic	2	2	64	1323.9	162.8	torch-2.14.0+cu130
torch-compile-dynamic	2	2	96	1649.1	174.0	torch-2.14.0+cu130
torch-compile-dynamic	2	2	128	1744.3	186.0	torch-2.14.0+cu130
ours	3	1	32	11997.9	753.2	bc0b741fada7
ours	3	1	48	40344.0	1020.0	bc0b741fada7
ours	3	1	64	55560.1	3196.0	bc0b741fada7
ours	3	1	96	13510.0	4295.8	bc0b741fada7
ours	3	1	128	19033.0	5204.0	bc0b741fada7
ours	3	1	32	10170.0	577.0	bc0b741fada7
ours	3	1	48	18232.1	508.8	bc0b741fada7
ours	3	1	64	1353.0	594.1	bc0b741fada7
ours	3	1	96	1687.0	941.0	bc0b741fada7
ours	3	1	128	1748.1	1208.1	bc0b741fada7
ours	3	1	32	3274.0	290.9	bc0b741fada7
ours	3	1	48	3526.9	443.9	bc0b741fada7
ours	3	1	64	1247.9	586.0	bc0b741fada7
ours	3	1	96	3400.1	888.1	bc0b741fada7
ours	3	1	128	1748.1	1197.1	bc0b741fada7
ours	3	1	32	946.0	286.8	bc0b741fada7
ours	3	1	48	1164.0	437.0	bc0b741fada7
ours	3	1	64	1226.9	570.1	bc0b741fada7
ours	3	1	96	3509.0	900.0	bc0b741fada7
ours	3	1	128	1752.1	1197.8	bc0b741fada7
ours	3	1	32	947.0	287.1	bc0b741fada7
ours	3	1	48	1169.0	436.1	bc0b741fada7
ours	3	1	64	1228.1	570.1	bc0b741fada7
ours	3	1	96	1673.9	912.0	bc0b741fada7
ours	3	1	128	4066.0	1187.1	bc0b741fada7
ours	3	1	32	954.9	306.1	bc0b741fada7
ours	3	1	48	1158.0	431.1	bc0b741fada7
ours	3	1	64	1231.0	576.0	bc0b741fada7
ours	3	1	96	1679.2	901.9	bc0b741fada7
ours	3	1	128	3570.1	1195.9	bc0b741fada7
ours	3	1	32	969.9	314.0	bc0b741fada7
ours	3	1	48	1164.0	432.0	bc0b741fada7
ours	3	1	64	1235.0	585.1	bc0b741fada7
ours	3	1	96	1671.1	902.9	bc0b741fada7
ours	3	1	128	1733.1	1194.0	bc0b741fada7
ours	3	1	32	948.2	286.8	bc0b741fada7
ours	3	1	48	3410.1	429.9	bc0b741fada7
ours	3	1	64	3398.9	588.2	bc0b741fada7
ours	3	1	96	1687.0	953.9	bc0b741fada7
ours	3	1	128	1756.0	1197.1	bc0b741fada7
ours	3	1	32	949.1	299.9	bc0b741fada7
ours	3	1	48	1161.1	449.9	bc0b741fada7
ours	3	1	64	3743.9	584.1	bc0b741fada7
ours	3	1	96	1682.0	901.9	bc0b741fada7
ours	3	1	128	1746.9	1186.1	bc0b741fada7
ours	3	1	32	942.9	297.1	bc0b741fada7
ours	3	1	48	1159.9	448.9	bc0b741fada7
ours	3	1	64	1233.8	568.2	bc0b741fada7
ours	3	1	96	1669.9	901.0	bc0b741fada7
ours	3	1	128	1745.0	1201.2	bc0b741fada7
ours	3	1	32	963.9	289.0	bc0b741fada7
ours	3	1	48	3460.9	436.1	bc0b741fada7
ours	3	1	64	1250.0	621.1	bc0b741fada7
ours	3	1	96	1680.9	917.0	bc0b741fada7
ours	3	1	128	1736.9	1186.1	bc0b741fada7
ours	3	1	32	947.0	288.0	bc0b741fada7
ours	3	1	48	1158.0	430.1	bc0b741fada7
ours	3	1	64	1230.0	586.0	bc0b741fada7
ours	3	1	96	1670.1	894.1	bc0b741fada7
ours	3	1	128	1742.1	1201.9	bc0b741fada7
ours	3	1	32	943.9	288.0	bc0b741fada7
ours	3	1	48	1157.0	443.9	bc0b741fada7
ours	3	1	64	3387.9	598.0	bc0b741fada7
ours	3	1	96	1687.0	900.0	bc0b741fada7
ours	3	1	128	1742.8	1192.1	bc0b741fada7
ours	3	1	32	949.1	299.0	bc0b741fada7
ours	3	1	48	1162.1	430.8	bc0b741fada7
ours	3	1	64	1227.9	610.1	bc0b741fada7
ours	3	1	96	1678.0	893.1	bc0b741fada7
ours	3	1	128	1733.1	1186.8	bc0b741fada7
ours	3	1	32	947.0	295.9	bc0b741fada7
ours	3	1	48	1164.2	437.0	bc0b741fada7
ours	3	1	64	1230.0	604.2	bc0b741fada7
ours	3	1	96	3531.0	896.9	bc0b741fada7
ours	3	1	128	1749.0	1202.8	bc0b741fada7
ours	3	1	32	944.1	288.0	bc0b741fada7
ours	3	1	48	1159.0	428.0	bc0b741fada7
ours	3	1	64	1228.8	579.1	bc0b741fada7
ours	3	1	96	1673.0	889.1	bc0b741fada7
ours	3	1	128	1736.2	1199.0	bc0b741fada7
ours	3	1	32	948.9	287.1	bc0b741fada7
ours	3	1	48	1157.0	431.1	bc0b741fada7
ours	3	1	64	1236.9	569.1	bc0b741fada7
ours	3	1	96	1664.9	888.1	bc0b741fada7
ours	3	1	128	3560.1	1189.0	bc0b741fada7
ours	3	1	32	977.0	299.9	bc0b741fada7
ours	3	1	48	1158.0	432.0	bc0b741fada7
ours	3	1	64	1231.0	592.0	bc0b741fada7
ours	3	1	96	1672.0	901.0	bc0b741fada7
ours	3	1	128	1740.9	1203.1	bc0b741fada7
ours	3	1	32	948.9	287.1	bc0b741fada7
ours	3	1	48	1161.1	448.0	bc0b741fada7
ours	3	1	64	1274.8	575.1	bc0b741fada7
ours	3	1	96	1683.0	889.1	bc0b741fada7
ours	3	1	128	1740.0	1199.0	bc0b741fada7
ours	3	1	32	3448.0	286.1	bc0b741fada7
ours	3	1	48	1182.1	443.9	bc0b741fada7
ours	3	1	64	1236.9	581.0	bc0b741fada7
ours	3	1	96	1676.1	895.0	bc0b741fada7
ours	3	1	128	1741.2	1202.8	bc0b741fada7
ours	3	2	32	951.1	293.0	bc0b741fada7
ours	3	2	48	1160.9	447.0	bc0b741fada7
ours	3	2	64	1227.1	568.9	bc0b741fada7
ours	3	2	96	1681.8	880.0	bc0b741fada7
ours	3	2	128	1745.9	1202.1	bc0b741fada7
ours	3	2	32	3339.1	289.0	bc0b741fada7
ours	3	2	48	1177.1	443.0	bc0b741fada7
ours	3	2	64	1236.0	605.1	bc0b741fada7
ours	3	2	96	1672.0	885.0	bc0b741fada7
ours	3	2	128	1743.1	1196.9	bc0b741fada7
ours	3	2	32	950.1	289.9	bc0b741fada7
ours	3	2	48	1155.9	432.0	bc0b741fada7
ours	3	2	64	1232.9	573.2	bc0b741fada7
ours	3	2	96	1661.8	883.1	bc0b741fada7
ours	3	2	128	1738.1	1202.1	bc0b741fada7
ours	3	2	32	3301.1	285.9	bc0b741fada7
ours	3	2	48	1174.9	453.0	bc0b741fada7
ours	3	2	64	1234.1	592.0	bc0b741fada7
ours	3	2	96	1675.1	896.9	bc0b741fada7
ours	3	2	128	1734.0	1211.9	bc0b741fada7
ours	3	2	32	947.0	297.1	bc0b741fada7
ours	3	2	48	1157.0	429.9	bc0b741fada7
ours	3	2	64	1237.9	595.1	bc0b741fada7
ours	3	2	96	1673.9	900.0	bc0b741fada7
ours	3	2	128	1737.1	1188.0	bc0b741fada7
ours	3	2	32	945.1	289.9	bc0b741fada7
ours	3	2	48	1153.0	435.1	bc0b741fada7
ours	3	2	64	1228.1	587.9	bc0b741fada7
ours	3	2	96	1666.1	896.9	bc0b741fada7
ours	3	2	128	1740.9	1189.0	bc0b741fada7
ours	3	2	32	948.2	286.8	bc0b741fada7
ours	3	2	48	1165.9	437.0	bc0b741fada7
ours	3	2	64	3490.9	569.1	bc0b741fada7
ours	3	2	96	1689.2	903.8	bc0b741fada7
ours	3	2	128	1747.8	1193.0	bc0b741fada7
ours	3	2	32	948.0	301.1	bc0b741fada7
ours	3	2	48	1160.1	444.9	bc0b741fada7
ours	3	2	64	1235.0	577.0	bc0b741fada7
ours	3	2	96	1667.0	922.0	bc0b741fada7
ours	3	2	128	1731.9	1188.0	bc0b741fada7
ours	3	2	32	940.8	295.2	bc0b741fada7
ours	3	2	48	1154.9	435.1	bc0b741fada7
ours	3	2	64	1236.0	576.0	bc0b741fada7
ours	3	2	96	1666.1	906.0	bc0b741fada7
ours	3	2	128	1736.2	1186.8	bc0b741fada7
ours	3	2	32	948.0	288.0	bc0b741fada7
ours	3	2	48	1163.0	431.1	bc0b741fada7
ours	3	2	64	1232.9	579.1	bc0b741fada7
ours	3	2	96	3522.2	889.1	bc0b741fada7
ours	3	2	128	1755.0	1230.0	bc0b741fada7
ours	3	2	32	949.1	288.0	bc0b741fada7
ours	3	2	48	1159.0	439.9	bc0b741fada7
ours	3	2	64	1235.0	584.1	bc0b741fada7
ours	3	2	96	1678.0	894.1	bc0b741fada7
ours	3	2	128	1735.0	1200.9	bc0b741fada7
ours	3	2	32	1058.8	286.1	bc0b741fada7
ours	3	2	48	1163.0	451.8	bc0b741fada7
ours	3	2	64	1230.0	571.0	bc0b741fada7
ours	3	2	96	1685.9	895.0	bc0b741fada7
ours	3	2	128	1742.1	1199.0	bc0b741fada7
ours	3	2	32	951.1	286.8	bc0b741fada7
ours	3	2	48	1161.1	438.0	bc0b741fada7
ours	3	2	64	1230.0	580.1	bc0b741fada7
ours	3	2	96	1681.1	893.8	bc0b741fada7
ours	3	2	128	3585.8	1208.1	bc0b741fada7
ours	3	2	32	986.1	299.0	bc0b741fada7
ours	3	2	48	1160.9	447.0	bc0b741fada7
ours	3	2	64	1237.2	576.0	bc0b741fada7
ours	3	2	96	1668.0	886.9	bc0b741fada7
ours	3	2	128	1743.8	1197.1	bc0b741fada7
ours	3	2	32	943.9	296.1	bc0b741fada7
ours	3	2	48	1153.9	436.1	bc0b741fada7
ours	3	2	64	1235.0	571.0	bc0b741fada7
ours	3	2	96	1673.0	886.9	bc0b741fada7
ours	3	2	128	1742.8	1189.0	bc0b741fada7
ours	3	2	32	949.1	288.0	bc0b741fada7
ours	3	2	48	1164.0	429.9	bc0b741fada7
ours	3	2	64	1229.0	579.1	bc0b741fada7
ours	3	2	96	1694.0	893.1	bc0b741fada7
ours	3	2	128	1740.0	1203.1	bc0b741fada7
ours	3	2	32	944.9	286.1	bc0b741fada7
ours	3	2	48	1167.1	448.0	bc0b741fada7
ours	3	2	64	1226.9	571.0	bc0b741fada7
ours	3	2	96	1663.0	900.0	bc0b741fada7
ours	3	2	128	3529.1	1189.9	bc0b741fada7
ours	3	2	32	972.0	299.9	bc0b741fada7
ours	3	2	48	1172.1	433.0	bc0b741fada7
ours	3	2	64	1226.2	561.0	bc0b741fada7
ours	3	2	96	1669.9	881.9	bc0b741fada7
ours	3	2	128	1738.1	1191.1	bc0b741fada7
ours	3	2	32	947.0	289.0	bc0b741fada7
ours	3	2	48	1156.8	437.0	bc0b741fada7
ours	3	2	64	1237.2	591.0	bc0b741fada7
ours	3	2	96	1679.2	881.0	bc0b741fada7
ours	3	2	128	1737.8	1199.0	bc0b741fada7
ours	3	2	32	942.9	285.1	bc0b741fada7
ours	3	2	48	1162.1	438.9	bc0b741fada7
ours	3	2	64	1246.9	576.0	bc0b741fada7
ours	3	2	96	1672.0	891.0	bc0b741fada7
ours	3	2	128	1757.1	1184.9	bc0b741fada7
torch-eager	3	1	32	2153.9	154.0	torch-2.14.0+cu130
torch-eager	3	1	48	2924.9	158.8	torch-2.14.0+cu130
torch-eager	3	1	64	2772.3	208.6	torch-2.14.0+cu130
torch-eager	3	1	96	2909.4	227.2	torch-2.14.0+cu130
torch-eager	3	1	128	2790.0	242.0	torch-2.14.0+cu130
torch-eager	3	1	32	2179.9	190.0	torch-2.14.0+cu130
torch-eager	3	1	48	2166.7	179.5	torch-2.14.0+cu130
torch-eager	3	1	64	2183.0	171.7	torch-2.14.0+cu130
torch-eager	3	1	96	2303.8	186.4	torch-2.14.0+cu130
torch-eager	3	1	128	2313.1	199.1	torch-2.14.0+cu130
torch-eager	3	1	32	2128.4	151.2	torch-2.14.0+cu130
torch-eager	3	1	48	2157.4	166.9	torch-2.14.0+cu130
torch-eager	3	1	64	2174.9	158.8	torch-2.14.0+cu130
torch-eager	3	1	96	2286.9	177.4	torch-2.14.0+cu130
torch-eager	3	1	128	2295.0	186.2	torch-2.14.0+cu130
torch-eager	3	1	32	2115.7	149.3	torch-2.14.0+cu130
torch-eager	3	1	48	2153.2	158.8	torch-2.14.0+cu130
torch-eager	3	1	64	2186.1	158.3	torch-2.14.0+cu130
torch-eager	3	1	96	2297.2	172.1	torch-2.14.0+cu130
torch-eager	3	1	128	2292.9	197.4	torch-2.14.0+cu130
torch-eager	3	1	32	2100.7	147.1	torch-2.14.0+cu130
torch-eager	3	1	48	2200.6	153.8	torch-2.14.0+cu130
torch-eager	3	1	64	2181.3	164.5	torch-2.14.0+cu130
torch-eager	3	1	96	2290.2	174.3	torch-2.14.0+cu130
torch-eager	3	1	128	2296.9	197.2	torch-2.14.0+cu130
torch-eager	3	1	32	2103.6	146.2	torch-2.14.0+cu130
torch-eager	3	1	48	2174.1	150.0	torch-2.14.0+cu130
torch-eager	3	1	64	2163.4	157.1	torch-2.14.0+cu130
torch-eager	3	1	96	2275.5	172.6	torch-2.14.0+cu130
torch-eager	3	1	128	2313.1	193.8	torch-2.14.0+cu130
torch-eager	3	1	32	2112.9	150.0	torch-2.14.0+cu130
torch-eager	3	1	48	2194.9	151.4	torch-2.14.0+cu130
torch-eager	3	1	64	2158.2	168.8	torch-2.14.0+cu130
torch-eager	3	1	96	2317.7	186.0	torch-2.14.0+cu130
torch-eager	3	1	128	2289.1	198.6	torch-2.14.0+cu130
torch-eager	3	1	32	2120.7	145.0	torch-2.14.0+cu130
torch-eager	3	1	48	2175.6	155.4	torch-2.14.0+cu130
torch-eager	3	1	64	2165.8	165.9	torch-2.14.0+cu130
torch-eager	3	1	96	2292.4	176.7	torch-2.14.0+cu130
torch-eager	3	1	128	2294.1	185.3	torch-2.14.0+cu130
torch-eager	3	1	32	2109.3	150.0	torch-2.14.0+cu130
torch-eager	3	1	48	2164.6	150.2	torch-2.14.0+cu130
torch-eager	3	1	64	2177.0	158.8	torch-2.14.0+cu130
torch-eager	3	1	96	2309.6	175.0	torch-2.14.0+cu130
torch-eager	3	1	128	2312.4	188.1	torch-2.14.0+cu130
torch-eager	3	1	32	2137.9	147.6	torch-2.14.0+cu130
torch-eager	3	1	48	2167.7	148.8	torch-2.14.0+cu130
torch-eager	3	1	64	2165.8	153.5	torch-2.14.0+cu130
torch-eager	3	1	96	2314.3	191.2	torch-2.14.0+cu130
torch-eager	3	1	128	2312.9	191.9	torch-2.14.0+cu130
torch-eager	3	1	32	2106.4	150.7	torch-2.14.0+cu130
torch-eager	3	1	48	2154.1	149.3	torch-2.14.0+cu130
torch-eager	3	1	64	2199.2	159.7	torch-2.14.0+cu130
torch-eager	3	1	96	2276.7	174.5	torch-2.14.0+cu130
torch-eager	3	1	128	2300.0	188.6	torch-2.14.0+cu130
torch-eager	3	1	32	2099.8	145.0	torch-2.14.0+cu130
torch-eager	3	1	48	2158.9	151.2	torch-2.14.0+cu130
torch-eager	3	1	64	2162.5	153.5	torch-2.14.0+cu130
torch-eager	3	1	96	2302.6	181.0	torch-2.14.0+cu130
torch-eager	3	1	128	2303.1	186.0	torch-2.14.0+cu130
torch-eager	3	1	32	2114.5	153.5	torch-2.14.0+cu130
torch-eager	3	1	48	2160.1	146.9	torch-2.14.0+cu130
torch-eager	3	1	64	2169.1	151.9	torch-2.14.0+cu130
torch-eager	3	1	96	2281.0	175.0	torch-2.14.0+cu130
torch-eager	3	1	128	2328.4	189.3	torch-2.14.0+cu130
torch-eager	3	1	32	2108.8	147.1	torch-2.14.0+cu130
torch-eager	3	1	48	2195.1	151.4	torch-2.14.0+cu130
torch-eager	3	1	64	2164.8	155.7	torch-2.14.0+cu130
torch-eager	3	1	96	2304.8	171.4	torch-2.14.0+cu130
torch-eager	3	1	128	2332.0	186.2	torch-2.14.0+cu130
torch-eager	3	1	32	2169.6	148.1	torch-2.14.0+cu130
torch-eager	3	1	48	2206.8	148.8	torch-2.14.0+cu130
torch-eager	3	1	64	2194.2	160.2	torch-2.14.0+cu130
torch-eager	3	1	96	2318.6	173.8	torch-2.14.0+cu130
torch-eager	3	1	128	2385.6	187.6	torch-2.14.0+cu130
torch-eager	3	1	32	2107.9	161.2	torch-2.14.0+cu130
torch-eager	3	1	48	2191.3	152.8	torch-2.14.0+cu130
torch-eager	3	1	64	2168.7	156.2	torch-2.14.0+cu130
torch-eager	3	1	96	2313.4	193.6	torch-2.14.0+cu130
torch-eager	3	1	128	2310.3	185.5	torch-2.14.0+cu130
torch-eager	3	1	32	2118.6	153.5	torch-2.14.0+cu130
torch-eager	3	1	48	2168.4	155.9	torch-2.14.0+cu130
torch-eager	3	1	64	2163.6	155.4	torch-2.14.0+cu130
torch-eager	3	1	96	2276.7	172.9	torch-2.14.0+cu130
torch-eager	3	1	128	2321.2	184.5	torch-2.14.0+cu130
torch-eager	3	1	32	2110.0	145.4	torch-2.14.0+cu130
torch-eager	3	1	48	2165.6	148.3	torch-2.14.0+cu130
torch-eager	3	1	64	2175.6	159.7	torch-2.14.0+cu130
torch-eager	3	1	96	2275.9	172.4	torch-2.14.0+cu130
torch-eager	3	1	128	2305.7	186.2	torch-2.14.0+cu130
torch-eager	3	1	32	2126.0	149.0	torch-2.14.0+cu130
torch-eager	3	1	48	2157.4	158.5	torch-2.14.0+cu130
torch-eager	3	1	64	2179.6	154.0	torch-2.14.0+cu130
torch-eager	3	1	96	2289.1	176.7	torch-2.14.0+cu130
torch-eager	3	1	128	2299.1	190.0	torch-2.14.0+cu130
torch-eager	3	1	32	2114.3	147.8	torch-2.14.0+cu130
torch-eager	3	1	48	2187.5	149.0	torch-2.14.0+cu130
torch-eager	3	1	64	2166.0	156.2	torch-2.14.0+cu130
torch-eager	3	1	96	2301.5	170.5	torch-2.14.0+cu130
torch-eager	3	1	128	2296.0	194.1	torch-2.14.0+cu130
torch-eager	3	2	32	2118.8	149.7	torch-2.14.0+cu130
torch-eager	3	2	48	2285.7	150.7	torch-2.14.0+cu130
torch-eager	3	2	64	2155.5	165.9	torch-2.14.0+cu130
torch-eager	3	2	96	2276.9	173.8	torch-2.14.0+cu130
torch-eager	3	2	128	2290.5	196.9	torch-2.14.0+cu130
torch-eager	3	2	32	2125.3	147.6	torch-2.14.0+cu130
torch-eager	3	2	48	2162.9	150.0	torch-2.14.0+cu130
torch-eager	3	2	64	2185.8	155.2	torch-2.14.0+cu130
torch-eager	3	2	96	2288.1	170.2	torch-2.14.0+cu130
torch-eager	3	2	128	2324.6	195.5	torch-2.14.0+cu130
torch-eager	3	2	32	2117.6	146.4	torch-2.14.0+cu130
torch-eager	3	2	48	2194.2	148.8	torch-2.14.0+cu130
torch-eager	3	2	64	2154.4	154.7	torch-2.14.0+cu130
torch-eager	3	2	96	2302.2	173.6	torch-2.14.0+cu130
torch-eager	3	2	128	2298.4	194.1	torch-2.14.0+cu130
torch-eager	3	2	32	2144.6	147.1	torch-2.14.0+cu130
torch-eager	3	2	48	2172.9	149.7	torch-2.14.0+cu130
torch-eager	3	2	64	2158.2	168.6	torch-2.14.0+cu130
torch-eager	3	2	96	2274.8	170.7	torch-2.14.0+cu130
torch-eager	3	2	128	2307.4	183.1	torch-2.14.0+cu130
torch-eager	3	2	32	2102.6	145.0	torch-2.14.0+cu130
torch-eager	3	2	48	2175.6	149.5	torch-2.14.0+cu130
torch-eager	3	2	64	2173.4	154.3	torch-2.14.0+cu130
torch-eager	3	2	96	2278.3	171.7	torch-2.14.0+cu130
torch-eager	3	2	128	2296.4	184.5	torch-2.14.0+cu130
torch-eager	3	2	32	2103.3	146.2	torch-2.14.0+cu130
torch-eager	3	2	48	2152.4	148.1	torch-2.14.0+cu130
torch-eager	3	2	64	2176.0	157.6	torch-2.14.0+cu130
torch-eager	3	2	96	2360.3	171.9	torch-2.14.0+cu130
torch-eager	3	2	128	2305.7	194.1	torch-2.14.0+cu130
torch-eager	3	2	32	2134.6	149.0	torch-2.14.0+cu130
torch-eager	3	2	48	2172.2	156.2	torch-2.14.0+cu130
torch-eager	3	2	64	2202.3	158.1	torch-2.14.0+cu130
torch-eager	3	2	96	2283.3	178.3	torch-2.14.0+cu130
torch-eager	3	2	128	2322.0	184.3	torch-2.14.0+cu130
torch-eager	3	2	32	2106.4	148.3	torch-2.14.0+cu130
torch-eager	3	2	48	2165.3	150.4	torch-2.14.0+cu130
torch-eager	3	2	64	2164.1	157.1	torch-2.14.0+cu130
torch-eager	3	2	96	2287.6	178.8	torch-2.14.0+cu130
torch-eager	3	2	128	2296.2	189.5	torch-2.14.0+cu130
torch-eager	3	2	32	2115.5	154.5	torch-2.14.0+cu130
torch-eager	3	2	48	2168.2	151.9	torch-2.14.0+cu130
torch-eager	3	2	64	2161.5	154.3	torch-2.14.0+cu130
torch-eager	3	2	96	2275.0	184.3	torch-2.14.0+cu130
torch-eager	3	2	128	2287.9	184.3	torch-2.14.0+cu130
torch-eager	3	2	32	2109.1	149.5	torch-2.14.0+cu130
torch-eager	3	2	48	2143.9	150.9	torch-2.14.0+cu130
torch-eager	3	2	64	2172.0	156.6	torch-2.14.0+cu130
torch-eager	3	2	96	2276.9	169.5	torch-2.14.0+cu130
torch-eager	3	2	128	2300.0	186.2	torch-2.14.0+cu130
torch-eager	3	2	32	2118.3	143.1	torch-2.14.0+cu130
torch-eager	3	2	48	2156.7	161.9	torch-2.14.0+cu130
torch-eager	3	2	64	2167.0	157.1	torch-2.14.0+cu130
torch-eager	3	2	96	2278.8	173.6	torch-2.14.0+cu130
torch-eager	3	2	128	2285.0	186.4	torch-2.14.0+cu130
torch-eager	3	2	32	2122.2	147.1	torch-2.14.0+cu130
torch-eager	3	2	48	2154.4	149.3	torch-2.14.0+cu130
torch-eager	3	2	64	2177.7	155.7	torch-2.14.0+cu130
torch-eager	3	2	96	2284.8	171.2	torch-2.14.0+cu130
torch-eager	3	2	128	2318.6	196.9	torch-2.14.0+cu130
torch-eager	3	2	32	2118.1	146.6	torch-2.14.0+cu130
torch-eager	3	2	48	2180.8	146.6	torch-2.14.0+cu130
torch-eager	3	2	64	2152.7	157.6	torch-2.14.0+cu130
torch-eager	3	2	96	2317.2	173.6	torch-2.14.0+cu130
torch-eager	3	2	128	2297.6	194.3	torch-2.14.0+cu130
torch-eager	3	2	32	2130.0	144.7	torch-2.14.0+cu130
torch-eager	3	2	48	2165.1	152.8	torch-2.14.0+cu130
torch-eager	3	2	64	2157.7	166.7	torch-2.14.0+cu130
torch-eager	3	2	96	2283.6	175.0	torch-2.14.0+cu130
torch-eager	3	2	128	2294.3	186.2	torch-2.14.0+cu130
torch-eager	3	2	32	2117.2	148.8	torch-2.14.0+cu130
torch-eager	3	2	48	2159.8	148.8	torch-2.14.0+cu130
torch-eager	3	2	64	2187.3	158.5	torch-2.14.0+cu130
torch-eager	3	2	96	2299.3	172.4	torch-2.14.0+cu130
torch-eager	3	2	128	2288.1	184.3	torch-2.14.0+cu130
torch-eager	3	2	32	2120.5	144.2	torch-2.14.0+cu130
torch-eager	3	2	48	2160.1	149.3	torch-2.14.0+cu130
torch-eager	3	2	64	2158.9	154.3	torch-2.14.0+cu130
torch-eager	3	2	96	2270.5	173.8	torch-2.14.0+cu130
torch-eager	3	2	128	2287.9	183.6	torch-2.14.0+cu130
torch-eager	3	2	32	2101.7	157.8	torch-2.14.0+cu130
torch-eager	3	2	48	2201.8	154.0	torch-2.14.0+cu130
torch-eager	3	2	64	2223.5	157.8	torch-2.14.0+cu130
torch-eager	3	2	96	2275.5	190.3	torch-2.14.0+cu130
torch-eager	3	2	128	2302.2	184.8	torch-2.14.0+cu130
torch-eager	3	2	32	2106.0	160.9	torch-2.14.0+cu130
torch-eager	3	2	48	2167.2	156.2	torch-2.14.0+cu130
torch-eager	3	2	64	2166.5	159.0	torch-2.14.0+cu130
torch-eager	3	2	96	2272.8	184.3	torch-2.14.0+cu130
torch-eager	3	2	128	2298.8	189.3	torch-2.14.0+cu130
torch-eager	3	2	32	2109.8	145.7	torch-2.14.0+cu130
torch-eager	3	2	48	2162.9	151.6	torch-2.14.0+cu130
torch-eager	3	2	64	2170.6	154.5	torch-2.14.0+cu130
torch-eager	3	2	96	2281.0	175.2	torch-2.14.0+cu130
torch-eager	3	2	128	2296.0	188.1	torch-2.14.0+cu130
torch-eager	3	2	32	2119.1	144.7	torch-2.14.0+cu130
torch-eager	3	2	48	2159.8	159.3	torch-2.14.0+cu130
torch-eager	3	2	64	2168.4	157.8	torch-2.14.0+cu130
torch-eager	3	2	96	2285.2	171.7	torch-2.14.0+cu130
torch-eager	3	2	128	2323.9	187.2	torch-2.14.0+cu130
torch-compile-static	3	1	32	1018.5	150.7	torch-2.14.0+cu130
torch-compile-static	3	1	48	354805.7	177.4	torch-2.14.0+cu130
torch-compile-static	3	1	64	348788.5	270.6	torch-2.14.0+cu130
torch-compile-static	3	1	96	350454.6	302.8	torch-2.14.0+cu130
torch-compile-static	3	1	128	351498.6	340.2	torch-2.14.0+cu130
torch-compile-static	3	1	32	1164.2	281.1	torch-2.14.0+cu130
torch-compile-static	3	1	48	1267.2	203.1	torch-2.14.0+cu130
torch-compile-static	3	1	64	1322.7	192.6	torch-2.14.0+cu130
torch-compile-static	3	1	96	1597.2	206.2	torch-2.14.0+cu130
torch-compile-static	3	1	128	1672.0	219.3	torch-2.14.0+cu130
torch-compile-static	3	1	32	1055.7	169.5	torch-2.14.0+cu130
torch-compile-static	3	1	48	1227.9	170.5	torch-2.14.0+cu130
torch-compile-static	3	1	64	1263.9	169.0	torch-2.14.0+cu130
torch-compile-static	3	1	96	1575.7	205.8	torch-2.14.0+cu130
torch-compile-static	3	1	128	1664.9	202.4	torch-2.14.0+cu130
torch-compile-static	3	1	32	1021.4	155.9	torch-2.14.0+cu130
torch-compile-static	3	1	48	1220.5	157.1	torch-2.14.0+cu130
torch-compile-static	3	1	64	1256.5	163.3	torch-2.14.0+cu130
torch-compile-static	3	1	96	1558.3	190.5	torch-2.14.0+cu130
torch-compile-static	3	1	128	1656.3	199.8	torch-2.14.0+cu130
torch-compile-static	3	1	32	1027.3	158.1	torch-2.14.0+cu130
torch-compile-static	3	1	48	1212.1	161.2	torch-2.14.0+cu130
torch-compile-static	3	1	64	1274.3	175.0	torch-2.14.0+cu130
torch-compile-static	3	1	96	1572.8	190.0	torch-2.14.0+cu130
torch-compile-static	3	1	128	1664.6	223.4	torch-2.14.0+cu130
torch-compile-static	3	1	32	1032.1	175.2	torch-2.14.0+cu130
torch-compile-static	3	1	48	1205.0	162.4	torch-2.14.0+cu130
torch-compile-static	3	1	64	1251.0	164.3	torch-2.14.0+cu130
torch-compile-static	3	1	96	1565.5	192.9	torch-2.14.0+cu130
torch-compile-static	3	1	128	1673.2	195.5	torch-2.14.0+cu130
torch-compile-static	3	1	32	1023.8	155.9	torch-2.14.0+cu130
torch-compile-static	3	1	48	1217.4	157.4	torch-2.14.0+cu130
torch-compile-static	3	1	64	1246.2	163.8	torch-2.14.0+cu130
torch-compile-static	3	1	96	1559.7	188.8	torch-2.14.0+cu130
torch-compile-static	3	1	128	1655.8	208.4	torch-2.14.0+cu130
torch-compile-static	3	1	32	1002.1	159.7	torch-2.14.0+cu130
torch-compile-static	3	1	48	1203.1	159.5	torch-2.14.0+cu130
torch-compile-static	3	1	64	1262.2	172.6	torch-2.14.0+cu130
torch-compile-static	3	1	96	1545.9	186.0	torch-2.14.0+cu130
torch-compile-static	3	1	128	1642.0	205.5	torch-2.14.0+cu130
torch-compile-static	3	1	32	1007.8	155.7	torch-2.14.0+cu130
torch-compile-static	3	1	48	1211.6	207.9	torch-2.14.0+cu130
torch-compile-static	3	1	64	1252.2	171.7	torch-2.14.0+cu130
torch-compile-static	3	1	96	1565.5	182.9	torch-2.14.0+cu130
torch-compile-static	3	1	128	1642.9	193.4	torch-2.14.0+cu130
torch-compile-static	3	1	32	1025.0	156.6	torch-2.14.0+cu130
torch-compile-static	3	1	48	1196.4	159.0	torch-2.14.0+cu130
torch-compile-static	3	1	64	1255.0	173.1	torch-2.14.0+cu130
torch-compile-static	3	1	96	1549.0	177.9	torch-2.14.0+cu130
torch-compile-static	3	1	128	1658.9	201.7	torch-2.14.0+cu130
torch-compile-static	3	1	32	1003.7	170.2	torch-2.14.0+cu130
torch-compile-static	3	1	48	1195.9	159.5	torch-2.14.0+cu130
torch-compile-static	3	1	64	1250.3	163.8	torch-2.14.0+cu130
torch-compile-static	3	1	96	1564.5	192.9	torch-2.14.0+cu130
torch-compile-static	3	1	128	1670.1	193.4	torch-2.14.0+cu130
torch-compile-static	3	1	32	1014.5	153.8	torch-2.14.0+cu130
torch-compile-static	3	1	48	1215.7	158.3	torch-2.14.0+cu130
torch-compile-static	3	1	64	1256.5	164.5	torch-2.14.0+cu130
torch-compile-static	3	1	96	1549.0	177.4	torch-2.14.0+cu130
torch-compile-static	3	1	128	1638.4	189.1	torch-2.14.0+cu130
torch-compile-static	3	1	32	1007.8	158.5	torch-2.14.0+cu130
torch-compile-static	3	1	48	1195.4	157.4	torch-2.14.0+cu130
torch-compile-static	3	1	64	1246.9	158.5	torch-2.14.0+cu130
torch-compile-static	3	1	96	1551.2	176.4	torch-2.14.0+cu130
torch-compile-static	3	1	128	1657.5	194.1	torch-2.14.0+cu130
torch-compile-static	3	1	32	1024.7	156.4	torch-2.14.0+cu130
torch-compile-static	3	1	48	1205.0	155.9	torch-2.14.0+cu130
torch-compile-static	3	1	64	1248.1	165.9	torch-2.14.0+cu130
torch-compile-static	3	1	96	1548.8	174.5	torch-2.14.0+cu130
torch-compile-static	3	1	128	1647.0	196.7	torch-2.14.0+cu130
torch-compile-static	3	1	32	1008.7	155.2	torch-2.14.0+cu130
torch-compile-static	3	1	48	1200.4	155.0	torch-2.14.0+cu130
torch-compile-static	3	1	64	1250.7	160.5	torch-2.14.0+cu130
torch-compile-static	3	1	96	1552.8	177.6	torch-2.14.0+cu130
torch-compile-static	3	1	128	1649.9	210.5	torch-2.14.0+cu130
torch-compile-static	3	1	32	1016.4	158.5	torch-2.14.0+cu130
torch-compile-static	3	1	48	1204.0	249.4	torch-2.14.0+cu130
torch-compile-static	3	1	64	1256.5	167.6	torch-2.14.0+cu130
torch-compile-static	3	1	96	1556.4	188.8	torch-2.14.0+cu130
torch-compile-static	3	1	128	1651.8	192.9	torch-2.14.0+cu130
torch-compile-static	3	1	32	1009.7	153.8	torch-2.14.0+cu130
torch-compile-static	3	1	48	1196.6	156.2	torch-2.14.0+cu130
torch-compile-static	3	1	64	1250.0	174.0	torch-2.14.0+cu130
torch-compile-static	3	1	96	1548.1	178.1	torch-2.14.0+cu130
torch-compile-static	3	1	128	1652.5	191.7	torch-2.14.0+cu130
torch-compile-static	3	1	32	1011.4	167.8	torch-2.14.0+cu130
torch-compile-static	3	1	48	1197.3	159.7	torch-2.14.0+cu130
torch-compile-static	3	1	64	1254.1	164.5	torch-2.14.0+cu130
torch-compile-static	3	1	96	1555.4	183.6	torch-2.14.0+cu130
torch-compile-static	3	1	128	1658.7	199.6	torch-2.14.0+cu130
torch-compile-static	3	1	32	1012.6	159.0	torch-2.14.0+cu130
torch-compile-static	3	1	48	1204.7	154.7	torch-2.14.0+cu130
torch-compile-static	3	1	64	1245.3	162.6	torch-2.14.0+cu130
torch-compile-static	3	1	96	1562.8	182.4	torch-2.14.0+cu130
torch-compile-static	3	1	128	1644.4	194.1	torch-2.14.0+cu130
torch-compile-static	3	1	32	1000.9	154.5	torch-2.14.0+cu130
torch-compile-static	3	1	48	1198.3	155.7	torch-2.14.0+cu130
torch-compile-static	3	1	64	1270.3	168.6	torch-2.14.0+cu130
torch-compile-static	3	1	96	1552.6	182.4	torch-2.14.0+cu130
torch-compile-static	3	1	128	1647.0	201.5	torch-2.14.0+cu130
torch-compile-static	3	2	32	1027.6	155.4	torch-2.14.0+cu130
torch-compile-static	3	2	48	1200.0	161.9	torch-2.14.0+cu130
torch-compile-static	3	2	64	1244.8	160.9	torch-2.14.0+cu130
torch-compile-static	3	2	96	1565.2	177.9	torch-2.14.0+cu130
torch-compile-static	3	2	128	1639.8	189.5	torch-2.14.0+cu130
torch-compile-static	3	2	32	1033.3	157.8	torch-2.14.0+cu130
torch-compile-static	3	2	48	1195.2	158.8	torch-2.14.0+cu130
torch-compile-static	3	2	64	1262.4	160.0	torch-2.14.0+cu130
torch-compile-static	3	2	96	1566.4	178.8	torch-2.14.0+cu130
torch-compile-static	3	2	128	1652.2	196.0	torch-2.14.0+cu130
torch-compile-static	3	2	32	1023.1	152.8	torch-2.14.0+cu130
torch-compile-static	3	2	48	1208.1	157.4	torch-2.14.0+cu130
torch-compile-static	3	2	64	1253.1	161.6	torch-2.14.0+cu130
torch-compile-static	3	2	96	1562.8	175.0	torch-2.14.0+cu130
torch-compile-static	3	2	128	1644.4	189.1	torch-2.14.0+cu130
torch-compile-static	3	2	32	1040.2	154.0	torch-2.14.0+cu130
torch-compile-static	3	2	48	1201.2	159.0	torch-2.14.0+cu130
torch-compile-static	3	2	64	1240.5	167.1	torch-2.14.0+cu130
torch-compile-static	3	2	96	1545.7	177.1	torch-2.14.0+cu130
torch-compile-static	3	2	128	1644.4	192.4	torch-2.14.0+cu130
torch-compile-static	3	2	32	1011.4	162.6	torch-2.14.0+cu130
torch-compile-static	3	2	48	1200.2	156.4	torch-2.14.0+cu130
torch-compile-static	3	2	64	1247.6	161.4	torch-2.14.0+cu130
torch-compile-static	3	2	96	1546.9	184.3	torch-2.14.0+cu130
torch-compile-static	3	2	128	1665.8	190.0	torch-2.14.0+cu130
torch-compile-static	3	2	32	1022.1	154.3	torch-2.14.0+cu130
torch-compile-static	3	2	48	1209.3	155.4	torch-2.14.0+cu130
torch-compile-static	3	2	64	1249.1	161.4	torch-2.14.0+cu130
torch-compile-static	3	2	96	1540.4	174.8	torch-2.14.0+cu130
torch-compile-static	3	2	128	1651.5	190.7	torch-2.14.0+cu130
torch-compile-static	3	2	32	1010.4	155.2	torch-2.14.0+cu130
torch-compile-static	3	2	48	1205.0	158.1	torch-2.14.0+cu130
torch-compile-static	3	2	64	1248.8	163.1	torch-2.14.0+cu130
torch-compile-static	3	2	96	1545.7	178.6	torch-2.14.0+cu130
torch-compile-static	3	2	128	1657.7	189.3	torch-2.14.0+cu130
torch-compile-static	3	2	32	1019.7	154.7	torch-2.14.0+cu130
torch-compile-static	3	2	48	1208.8	155.4	torch-2.14.0+cu130
torch-compile-static	3	2	64	1251.0	161.4	torch-2.14.0+cu130
torch-compile-static	3	2	96	1553.3	174.8	torch-2.14.0+cu130
torch-compile-static	3	2	128	1643.9	189.1	torch-2.14.0+cu130
torch-compile-static	3	2	32	1010.2	163.1	torch-2.14.0+cu130
torch-compile-static	3	2	48	1195.4	156.9	torch-2.14.0+cu130
torch-compile-static	3	2	64	1258.6	162.6	torch-2.14.0+cu130
torch-compile-static	3	2	96	1558.1	182.9	torch-2.14.0+cu130
torch-compile-static	3	2	128	1652.0	204.1	torch-2.14.0+cu130
torch-compile-static	3	2	32	1012.3	153.5	torch-2.14.0+cu130
torch-compile-static	3	2	48	1195.2	155.7	torch-2.14.0+cu130
torch-compile-static	3	2	64	1255.8	165.9	torch-2.14.0+cu130
torch-compile-static	3	2	96	1563.1	179.1	torch-2.14.0+cu130
torch-compile-static	3	2	128	1645.6	190.0	torch-2.14.0+cu130
torch-compile-static	3	2	32	1015.9	152.6	torch-2.14.0+cu130
torch-compile-static	3	2	48	1195.0	151.4	torch-2.14.0+cu130
torch-compile-static	3	2	64	1260.8	168.1	torch-2.14.0+cu130
torch-compile-static	3	2	96	1551.9	182.9	torch-2.14.0+cu130
torch-compile-static	3	2	128	1651.8	197.2	torch-2.14.0+cu130
torch-compile-static	3	2	32	1020.0	154.3	torch-2.14.0+cu130
torch-compile-static	3	2	48	1198.3	155.0	torch-2.14.0+cu130
torch-compile-static	3	2	64	1253.4	170.7	torch-2.14.0+cu130
torch-compile-static	3	2	96	1558.1	181.2	torch-2.14.0+cu130
torch-compile-static	3	2	128	1640.6	192.6	torch-2.14.0+cu130
torch-compile-static	3	2	32	1053.6	152.8	torch-2.14.0+cu130
torch-compile-static	3	2	48	1201.9	171.2	torch-2.14.0+cu130
torch-compile-static	3	2	64	1248.6	175.0	torch-2.14.0+cu130
torch-compile-static	3	2	96	1542.1	181.2	torch-2.14.0+cu130
torch-compile-static	3	2	128	1645.8	191.7	torch-2.14.0+cu130
torch-compile-static	3	2	32	1011.1	169.0	torch-2.14.0+cu130
torch-compile-static	3	2	48	1196.4	157.6	torch-2.14.0+cu130
torch-compile-static	3	2	64	1248.4	161.4	torch-2.14.0+cu130
torch-compile-static	3	2	96	1549.7	188.8	torch-2.14.0+cu130
torch-compile-static	3	2	128	1662.5	203.8	torch-2.14.0+cu130
torch-compile-static	3	2	32	1016.6	158.1	torch-2.14.0+cu130
torch-compile-static	3	2	48	1217.6	157.1	torch-2.14.0+cu130
torch-compile-static	3	2	64	1248.8	170.2	torch-2.14.0+cu130
torch-compile-static	3	2	96	1550.7	176.4	torch-2.14.0+cu130
torch-compile-static	3	2	128	1643.7	201.5	torch-2.14.0+cu130
torch-compile-static	3	2	32	998.3	160.5	torch-2.14.0+cu130
torch-compile-static	3	2	48	1189.7	156.6	torch-2.14.0+cu130
torch-compile-static	3	2	64	1267.7	162.1	torch-2.14.0+cu130
torch-compile-static	3	2	96	1552.8	191.5	torch-2.14.0+cu130
torch-compile-static	3	2	128	1642.7	206.2	torch-2.14.0+cu130
torch-compile-static	3	2	32	1013.3	155.9	torch-2.14.0+cu130
torch-compile-static	3	2	48	1199.0	166.7	torch-2.14.0+cu130
torch-compile-static	3	2	64	1246.9	170.2	torch-2.14.0+cu130
torch-compile-static	3	2	96	1574.3	183.6	torch-2.14.0+cu130
torch-compile-static	3	2	128	1647.5	195.0	torch-2.14.0+cu130
torch-compile-static	3	2	32	1021.6	167.4	torch-2.14.0+cu130
torch-compile-static	3	2	48	1195.0	161.6	torch-2.14.0+cu130
torch-compile-static	3	2	64	1246.9	173.1	torch-2.14.0+cu130
torch-compile-static	3	2	96	1552.8	178.1	torch-2.14.0+cu130
torch-compile-static	3	2	128	1650.1	193.6	torch-2.14.0+cu130
torch-compile-static	3	2	32	1000.9	163.8	torch-2.14.0+cu130
torch-compile-static	3	2	48	1195.9	155.2	torch-2.14.0+cu130
torch-compile-static	3	2	64	1250.5	161.2	torch-2.14.0+cu130
torch-compile-static	3	2	96	1554.0	190.7	torch-2.14.0+cu130
torch-compile-static	3	2	128	1643.2	193.4	torch-2.14.0+cu130
torch-compile-static	3	2	32	1018.3	154.7	torch-2.14.0+cu130
torch-compile-static	3	2	48	1188.0	154.3	torch-2.14.0+cu130
torch-compile-static	3	2	64	1261.2	176.4	torch-2.14.0+cu130
torch-compile-static	3	2	96	1552.6	180.0	torch-2.14.0+cu130
torch-compile-static	3	2	128	1647.5	194.1	torch-2.14.0+cu130
torch-compile-dynamic	3	1	32	1107.9	146.2	torch-2.14.0+cu130
torch-compile-dynamic	3	1	48	1763.8	161.2	torch-2.14.0+cu130
torch-compile-dynamic	3	1	64	1581.4	215.8	torch-2.14.0+cu130
torch-compile-dynamic	3	1	96	1894.7	240.8	torch-2.14.0+cu130
torch-compile-dynamic	3	1	128	2124.8	256.3	torch-2.14.0+cu130
torch-compile-dynamic	3	1	32	1160.6	194.3	torch-2.14.0+cu130
torch-compile-dynamic	3	1	48	1325.1	172.9	torch-2.14.0+cu130
torch-compile-dynamic	3	1	64	1365.4	171.9	torch-2.14.0+cu130
torch-compile-dynamic	3	1	96	1671.8	187.9	torch-2.14.0+cu130
torch-compile-dynamic	3	1	128	1761.9	196.9	torch-2.14.0+cu130
torch-compile-dynamic	3	1	32	1124.4	154.7	torch-2.14.0+cu130
torch-compile-dynamic	3	1	48	1301.8	175.2	torch-2.14.0+cu130
torch-compile-dynamic	3	1	64	1336.8	159.3	torch-2.14.0+cu130
torch-compile-dynamic	3	1	96	1637.9	181.7	torch-2.14.0+cu130
torch-compile-dynamic	3	1	128	1773.8	188.6	torch-2.14.0+cu130
torch-compile-dynamic	3	1	32	1106.3	155.0	torch-2.14.0+cu130
torch-compile-dynamic	3	1	48	1289.4	164.7	torch-2.14.0+cu130
torch-compile-dynamic	3	1	64	1328.0	154.7	torch-2.14.0+cu130
torch-compile-dynamic	3	1	96	1660.3	185.7	torch-2.14.0+cu130
torch-compile-dynamic	3	1	128	1766.0	191.0	torch-2.14.0+cu130
torch-compile-dynamic	3	1	32	1091.2	149.0	torch-2.14.0+cu130
torch-compile-dynamic	3	1	48	1288.7	162.6	torch-2.14.0+cu130
torch-compile-dynamic	3	1	64	1343.3	163.3	torch-2.14.0+cu130
torch-compile-dynamic	3	1	96	1653.0	180.5	torch-2.14.0+cu130
torch-compile-dynamic	3	1	128	1749.3	203.6	torch-2.14.0+cu130
torch-compile-dynamic	3	1	32	1089.6	148.3	torch-2.14.0+cu130
torch-compile-dynamic	3	1	48	1294.1	155.9	torch-2.14.0+cu130
torch-compile-dynamic	3	1	64	1339.4	157.6	torch-2.14.0+cu130
torch-compile-dynamic	3	1	96	1641.0	181.0	torch-2.14.0+cu130
torch-compile-dynamic	3	1	128	1756.0	185.5	torch-2.14.0+cu130
torch-compile-dynamic	3	1	32	1102.0	155.2	torch-2.14.0+cu130
torch-compile-dynamic	3	1	48	1291.0	155.4	torch-2.14.0+cu130
torch-compile-dynamic	3	1	64	1346.1	164.3	torch-2.14.0+cu130
torch-compile-dynamic	3	1	96	1663.0	185.7	torch-2.14.0+cu130
torch-compile-dynamic	3	1	128	1750.2	200.7	torch-2.14.0+cu130
torch-compile-dynamic	3	1	32	1090.3	145.4	torch-2.14.0+cu130
torch-compile-dynamic	3	1	48	1276.7	149.5	torch-2.14.0+cu130
torch-compile-dynamic	3	1	64	1341.1	158.5	torch-2.14.0+cu130
torch-compile-dynamic	3	1	96	1661.1	189.3	torch-2.14.0+cu130
torch-compile-dynamic	3	1	128	1746.7	187.2	torch-2.14.0+cu130
torch-compile-dynamic	3	1	32	1093.6	154.0	torch-2.14.0+cu130
torch-compile-dynamic	3	1	48	1291.3	153.5	torch-2.14.0+cu130
torch-compile-dynamic	3	1	64	1331.1	152.6	torch-2.14.0+cu130
torch-compile-dynamic	3	1	96	1642.0	172.1	torch-2.14.0+cu130
torch-compile-dynamic	3	1	128	1757.1	203.1	torch-2.14.0+cu130
torch-compile-dynamic	3	1	32	1097.9	150.9	torch-2.14.0+cu130
torch-compile-dynamic	3	1	48	1291.8	154.0	torch-2.14.0+cu130
torch-compile-dynamic	3	1	64	1333.7	156.4	torch-2.14.0+cu130
torch-compile-dynamic	3	1	96	1650.1	181.9	torch-2.14.0+cu130
torch-compile-dynamic	3	1	128	1743.8	200.3	torch-2.14.0+cu130
torch-compile-dynamic	3	1	32	1077.4	147.8	torch-2.14.0+cu130
torch-compile-dynamic	3	1	48	1289.1	156.2	torch-2.14.0+cu130
torch-compile-dynamic	3	1	64	1331.8	159.3	torch-2.14.0+cu130
torch-compile-dynamic	3	1	96	1645.3	176.7	torch-2.14.0+cu130
torch-compile-dynamic	3	1	128	1759.8	198.1	torch-2.14.0+cu130
torch-compile-dynamic	3	1	32	1089.8	148.3	torch-2.14.0+cu130
torch-compile-dynamic	3	1	48	1289.1	153.8	torch-2.14.0+cu130
torch-compile-dynamic	3	1	64	1338.0	154.5	torch-2.14.0+cu130
torch-compile-dynamic	3	1	96	1640.1	176.9	torch-2.14.0+cu130
torch-compile-dynamic	3	1	128	1741.4	194.3	torch-2.14.0+cu130
torch-compile-dynamic	3	1	32	1080.0	145.9	torch-2.14.0+cu130
torch-compile-dynamic	3	1	48	1274.1	148.5	torch-2.14.0+cu130
torch-compile-dynamic	3	1	64	1337.5	158.3	torch-2.14.0+cu130
torch-compile-dynamic	3	1	96	1641.5	184.3	torch-2.14.0+cu130
torch-compile-dynamic	3	1	128	1750.5	183.1	torch-2.14.0+cu130
torch-compile-dynamic	3	1	32	1083.9	145.2	torch-2.14.0+cu130
torch-compile-dynamic	3	1	48	1296.3	160.2	torch-2.14.0+cu130
torch-compile-dynamic	3	1	64	1330.9	155.4	torch-2.14.0+cu130
torch-compile-dynamic	3	1	96	1639.1	177.1	torch-2.14.0+cu130
torch-compile-dynamic	3	1	128	1768.6	186.4	torch-2.14.0+cu130
torch-compile-dynamic	3	1	32	1085.3	145.7	torch-2.14.0+cu130
torch-compile-dynamic	3	1	48	1282.5	159.0	torch-2.14.0+cu130
torch-compile-dynamic	3	1	64	1328.5	153.5	torch-2.14.0+cu130
torch-compile-dynamic	3	1	96	1646.8	188.6	torch-2.14.0+cu130
torch-compile-dynamic	3	1	128	1759.3	186.7	torch-2.14.0+cu130
torch-compile-dynamic	3	1	32	1076.0	148.1	torch-2.14.0+cu130
torch-compile-dynamic	3	1	48	1277.4	158.8	torch-2.14.0+cu130
torch-compile-dynamic	3	1	64	1328.5	162.8	torch-2.14.0+cu130
torch-compile-dynamic	3	1	96	1644.1	186.2	torch-2.14.0+cu130
torch-compile-dynamic	3	1	128	1745.9	184.1	torch-2.14.0+cu130
torch-compile-dynamic	3	1	32	1086.2	144.2	torch-2.14.0+cu130
torch-compile-dynamic	3	1	48	1275.5	170.2	torch-2.14.0+cu130
torch-compile-dynamic	3	1	64	1330.4	159.5	torch-2.14.0+cu130
torch-compile-dynamic	3	1	96	1646.0	172.4	torch-2.14.0+cu130
torch-compile-dynamic	3	1	128	1749.5	184.1	torch-2.14.0+cu130
torch-compile-dynamic	3	1	32	1087.9	154.0	torch-2.14.0+cu130
torch-compile-dynamic	3	1	48	1284.1	152.8	torch-2.14.0+cu130
torch-compile-dynamic	3	1	64	1323.9	156.9	torch-2.14.0+cu130
torch-compile-dynamic	3	1	96	1661.1	177.9	torch-2.14.0+cu130
torch-compile-dynamic	3	1	128	1749.3	188.1	torch-2.14.0+cu130
torch-compile-dynamic	3	1	32	1076.0	146.9	torch-2.14.0+cu130
torch-compile-dynamic	3	1	48	1280.1	148.5	torch-2.14.0+cu130
torch-compile-dynamic	3	1	64	1345.6	161.4	torch-2.14.0+cu130
torch-compile-dynamic	3	1	96	1641.8	173.3	torch-2.14.0+cu130
torch-compile-dynamic	3	1	128	1773.1	185.5	torch-2.14.0+cu130
torch-compile-dynamic	3	1	32	1091.0	148.5	torch-2.14.0+cu130
torch-compile-dynamic	3	1	48	1290.6	151.2	torch-2.14.0+cu130
torch-compile-dynamic	3	1	64	1327.8	152.8	torch-2.14.0+cu130
torch-compile-dynamic	3	1	96	1659.9	178.3	torch-2.14.0+cu130
torch-compile-dynamic	3	1	128	1751.9	187.2	torch-2.14.0+cu130
torch-compile-dynamic	3	2	32	1091.2	147.1	torch-2.14.0+cu130
torch-compile-dynamic	3	2	48	1298.4	148.1	torch-2.14.0+cu130
torch-compile-dynamic	3	2	64	1336.8	165.9	torch-2.14.0+cu130
torch-compile-dynamic	3	2	96	1644.6	176.2	torch-2.14.0+cu130
torch-compile-dynamic	3	2	128	1734.3	186.4	torch-2.14.0+cu130
torch-compile-dynamic	3	2	32	1088.9	150.4	torch-2.14.0+cu130
torch-compile-dynamic	3	2	48	1289.8	151.2	torch-2.14.0+cu130
torch-compile-dynamic	3	2	64	1332.3	154.5	torch-2.14.0+cu130
torch-compile-dynamic	3	2	96	1662.3	182.2	torch-2.14.0+cu130
torch-compile-dynamic	3	2	128	1747.1	190.7	torch-2.14.0+cu130
torch-compile-dynamic	3	2	32	1092.7	148.5	torch-2.14.0+cu130
torch-compile-dynamic	3	2	48	1303.0	159.7	torch-2.14.0+cu130
torch-compile-dynamic	3	2	64	1334.9	160.7	torch-2.14.0+cu130
torch-compile-dynamic	3	2	96	1642.0	174.3	torch-2.14.0+cu130
torch-compile-dynamic	3	2	128	1739.0	184.8	torch-2.14.0+cu130
torch-compile-dynamic	3	2	32	1100.5	155.4	torch-2.14.0+cu130
torch-compile-dynamic	3	2	48	1298.9	155.7	torch-2.14.0+cu130
torch-compile-dynamic	3	2	64	1333.2	158.3	torch-2.14.0+cu130
torch-compile-dynamic	3	2	96	1660.6	171.9	torch-2.14.0+cu130
torch-compile-dynamic	3	2	128	1762.6	197.4	torch-2.14.0+cu130
torch-compile-dynamic	3	2	32	1100.8	150.0	torch-2.14.0+cu130
torch-compile-dynamic	3	2	48	1291.3	153.3	torch-2.14.0+cu130
torch-compile-dynamic	3	2	64	1325.1	155.9	torch-2.14.0+cu130
torch-compile-dynamic	3	2	96	1665.6	174.5	torch-2.14.0+cu130
torch-compile-dynamic	3	2	128	1745.7	187.9	torch-2.14.0+cu130
torch-compile-dynamic	3	2	32	1085.5	145.2	torch-2.14.0+cu130
torch-compile-dynamic	3	2	48	1298.7	154.3	torch-2.14.0+cu130
torch-compile-dynamic	3	2	64	1330.6	157.8	torch-2.14.0+cu130
torch-compile-dynamic	3	2	96	1653.9	171.4	torch-2.14.0+cu130
torch-compile-dynamic	3	2	128	1739.5	183.6	torch-2.14.0+cu130
torch-compile-dynamic	3	2	32	1094.8	154.5	torch-2.14.0+cu130
torch-compile-dynamic	3	2	48	1291.8	154.3	torch-2.14.0+cu130
torch-compile-dynamic	3	2	64	1325.6	157.6	torch-2.14.0+cu130
torch-compile-dynamic	3	2	96	1647.0	171.9	torch-2.14.0+cu130
torch-compile-dynamic	3	2	128	1747.1	191.2	torch-2.14.0+cu130
torch-compile-dynamic	3	2	32	1085.8	149.3	torch-2.14.0+cu130
torch-compile-dynamic	3	2	48	1287.5	148.1	torch-2.14.0+cu130
torch-compile-dynamic	3	2	64	1343.0	159.5	torch-2.14.0+cu130
torch-compile-dynamic	3	2	96	1646.5	173.8	torch-2.14.0+cu130
torch-compile-dynamic	3	2	128	1739.7	183.3	torch-2.14.0+cu130
torch-compile-dynamic	3	2	32	1087.7	151.6	torch-2.14.0+cu130
torch-compile-dynamic	3	2	48	1292.5	157.8	torch-2.14.0+cu130
torch-compile-dynamic	3	2	64	1330.4	158.1	torch-2.14.0+cu130
torch-compile-dynamic	3	2	96	1640.3	172.1	torch-2.14.0+cu130
torch-compile-dynamic	3	2	128	1743.8	181.9	torch-2.14.0+cu130
torch-compile-dynamic	3	2	32	1091.7	155.7	torch-2.14.0+cu130
torch-compile-dynamic	3	2	48	1277.0	153.8	torch-2.14.0+cu130
torch-compile-dynamic	3	2	64	1324.4	158.5	torch-2.14.0+cu130
torch-compile-dynamic	3	2	96	1642.0	180.5	torch-2.14.0+cu130
torch-compile-dynamic	3	2	128	1740.0	189.1	torch-2.14.0+cu130
torch-compile-dynamic	3	2	32	1085.3	145.7	torch-2.14.0+cu130
torch-compile-dynamic	3	2	48	1276.5	149.5	torch-2.14.0+cu130
torch-compile-dynamic	3	2	64	1337.3	167.1	torch-2.14.0+cu130
torch-compile-dynamic	3	2	96	1643.4	173.3	torch-2.14.0+cu130
torch-compile-dynamic	3	2	128	1747.4	185.0	torch-2.14.0+cu130
torch-compile-dynamic	3	2	32	1107.0	147.8	torch-2.14.0+cu130
torch-compile-dynamic	3	2	48	1278.6	150.0	torch-2.14.0+cu130
torch-compile-dynamic	3	2	64	1329.9	162.1	torch-2.14.0+cu130
torch-compile-dynamic	3	2	96	1646.8	170.9	torch-2.14.0+cu130
torch-compile-dynamic	3	2	128	1752.4	191.7	torch-2.14.0+cu130
torch-compile-dynamic	3	2	32	1082.7	147.1	torch-2.14.0+cu130
torch-compile-dynamic	3	2	48	1281.3	147.6	torch-2.14.0+cu130
torch-compile-dynamic	3	2	64	1354.5	169.3	torch-2.14.0+cu130
torch-compile-dynamic	3	2	96	1655.6	174.8	torch-2.14.0+cu130
torch-compile-dynamic	3	2	128	1736.6	183.8	torch-2.14.0+cu130
torch-compile-dynamic	3	2	32	1079.1	145.0	torch-2.14.0+cu130
torch-compile-dynamic	3	2	48	1289.1	155.9	torch-2.14.0+cu130
torch-compile-dynamic	3	2	64	1335.4	164.3	torch-2.14.0+cu130
torch-compile-dynamic	3	2	96	1648.4	173.3	torch-2.14.0+cu130
torch-compile-dynamic	3	2	128	1744.5	193.4	torch-2.14.0+cu130
torch-compile-dynamic	3	2	32	1071.7	150.0	torch-2.14.0+cu130
torch-compile-dynamic	3	2	48	1274.6	152.3	torch-2.14.0+cu130
torch-compile-dynamic	3	2	64	1349.2	155.2	torch-2.14.0+cu130
torch-compile-dynamic	3	2	96	1639.8	178.3	torch-2.14.0+cu130
torch-compile-dynamic	3	2	128	1740.7	186.4	torch-2.14.0+cu130
torch-compile-dynamic	3	2	32	1091.5	149.7	torch-2.14.0+cu130
torch-compile-dynamic	3	2	48	1281.5	152.1	torch-2.14.0+cu130
torch-compile-dynamic	3	2	64	1340.4	154.0	torch-2.14.0+cu130
torch-compile-dynamic	3	2	96	1636.0	168.6	torch-2.14.0+cu130
torch-compile-dynamic	3	2	128	1750.9	183.1	torch-2.14.0+cu130
torch-compile-dynamic	3	2	32	1081.9	146.9	torch-2.14.0+cu130
torch-compile-dynamic	3	2	48	1273.6	150.0	torch-2.14.0+cu130
torch-compile-dynamic	3	2	64	1331.1	153.1	torch-2.14.0+cu130
torch-compile-dynamic	3	2	96	1654.1	170.2	torch-2.14.0+cu130
torch-compile-dynamic	3	2	128	1739.7	183.3	torch-2.14.0+cu130
torch-compile-dynamic	3	2	32	1070.7	145.0	torch-2.14.0+cu130
torch-compile-dynamic	3	2	48	1271.7	145.4	torch-2.14.0+cu130
torch-compile-dynamic	3	2	64	1324.9	149.7	torch-2.14.0+cu130
torch-compile-dynamic	3	2	96	1640.6	177.9	torch-2.14.0+cu130
torch-compile-dynamic	3	2	128	1747.6	195.7	torch-2.14.0+cu130
torch-compile-dynamic	3	2	32	1092.7	146.9	torch-2.14.0+cu130
torch-compile-dynamic	3	2	48	1282.7	160.0	torch-2.14.0+cu130
torch-compile-dynamic	3	2	64	1325.1	159.0	torch-2.14.0+cu130
torch-compile-dynamic	3	2	96	1630.5	174.3	torch-2.14.0+cu130
torch-compile-dynamic	3	2	128	1740.5	191.5	torch-2.14.0+cu130
torch-compile-dynamic	3	2	32	1088.6	154.0	torch-2.14.0+cu130
torch-compile-dynamic	3	2	48	1282.0	153.5	torch-2.14.0+cu130
torch-compile-dynamic	3	2	64	1321.8	155.0	torch-2.14.0+cu130
torch-compile-dynamic	3	2	96	1638.7	179.3	torch-2.14.0+cu130
torch-compile-dynamic	3	2	128	1751.2	211.7	torch-2.14.0+cu130
