mode	variant	k	n	iters	warm_s	steady_us	kernels	acc	compiled_in_timed	launches_per_iter	graphs	breaks	compile_ms	first_run_ms	binary
fused	0	1	1000000	200	0.594670	13.080835	52	1000000.000000	0	1.015000	float64				c4768c675165
eager	0	1	1000000	200	0.001558	28.089285	51	1000000.000000	0	3.005000	float64				c4768c675165
nojit	0	1	1000000	200	0.000965	30.130148	51	1000000.000000	0	3.005000	float64				c4768c675165
torch-compile	0	1	1000000	200	0.964855	36.548376	0	1000000.000000	0	1	0	float64	-1	963.460	torch-2.14.0+cu130
torch-eager	0	1	1000000	200	0.049608	24.523735	0	1000000.000000	0	-1	-1	float64	-1	48.724	torch-2.14.0+cu130
triton	0	1	1000000	200	0.560612	37.460327	1	1000000.000000	0	-1	-1	float64	542.701	0.120	triton-3.8.0
torch-compile-ro	0	1	1000000	200	1.002804	92.285872	0	1000000.000000	0	1	0	float64	-1	967.236	torch-2.14.0+cu130
torch-compile-mat	0	1	1000000	200	1.433927	94.861984	0	1000000.000000	0	1	0	float64	-1	1398.703	torch-2.14.0+cu130
jax	0	1	1000000	200	0.005655	46.581030	0	1000000.000000	0	-1	-1	float64	273.880	1.023	jax-0.11.1
fused	0	4	1000000	200	0.601108	33.190250	52	1000000.000000	0	1.060000	float64				c4768c675165
eager	0	4	1000000	200	0.003962	109.829903	51	1000000.000000	0	12.005000	float64				c4768c675165
nojit	0	4	1000000	200	0.003556	120.754242	51	1000000.000000	0	12.005000	float64				c4768c675165
torch-compile	0	4	1000000	200	0.989839	56.158304	0	1000000.000000	0	1	0	float64	-1	987.987	torch-2.14.0+cu130
torch-eager	0	4	1000000	200	0.052231	97.321272	0	1000000.000000	0	-1	-1	float64	-1	49.305	torch-2.14.0+cu130
triton	0	4	1000000	200	0.561787	29.429197	1	1000000.000000	0	-1	-1	float64	544.199	0.122	triton-3.8.0
torch-compile-ro	0	4	1000000	200	1.019324	93.977451	0	1000000.000000	0	1	0	float64	-1	986.423	torch-2.14.0+cu130
torch-compile-mat	0	4	1000000	200	1.525768	95.421076	0	1000000.000000	0	1	0	float64	-1	1492.715	torch-2.14.0+cu130
jax	0	4	1000000	200	0.005770	81.034899	0	1000000.000000	0	-1	-1	float64	291.536	0.834	jax-0.11.1
fused	0	8	1000000	200	0.594776	64.890385	52	1000000.000000	0	1.120000	float64				c4768c675165
eager	0	8	1000000	200	0.007937	241.835117	51	1000000.000000	0	24.005000	float64				c4768c675165
nojit	0	8	1000000	200	0.007026	241.434574	51	1000000.000000	0	24.005000	float64				c4768c675165
torch-compile	0	8	1000000	200	1.020635	110.856295	0	1000000.000000	0	1	0	float64	-1	1017.206	torch-2.14.0+cu130
torch-eager	0	8	1000000	200	0.054749	194.387436	0	1000000.000000	0	-1	-1	float64	-1	49.009	torch-2.14.0+cu130
triton	0	8	1000000	200	0.585885	58.215857	1	1000000.000000	0	-1	-1	float64	567.686	0.155	triton-3.8.0
torch-compile-ro	0	8	1000000	200	1.071741	137.506723	0	1000000.000000	0	1	0	float64	-1	1036.175	torch-2.14.0+cu130
torch-compile-mat	0	8	1000000	200	1.946360	139.513016	0	1000000.000000	0	1	0	float64	-1	1911.858	torch-2.14.0+cu130
jax	0	8	1000000	200	0.008791	155.084133	0	1000000.000000	0	-1	-1	float64	302.543	1.777	jax-0.11.1
fused	0	4	10000	200	0.001110	9.264946	52	10000.000000	0	1.060000	float64				c4768c675165
eager	0	4	10000	200	0.001467	28.350353	51	10000.000000	0	12.005000	float64				c4768c675165
nojit	0	4	10000	200	0.000843	27.076006	51	10000.000000	0	12.005000	float64				c4768c675165
torch-compile	0	4	10000	200	0.986522	33.625364	0	10000.000000	0	1	0	float64	-1	985.190	torch-2.14.0+cu130
torch-eager	0	4	10000	200	0.051993	69.719553	0	10000.000000	0	-1	-1	float64	-1	49.826	torch-2.14.0+cu130
triton	0	4	10000	200	0.508895	19.019842	1	10000.000000	0	-1	-1	float64	491.655	0.151	triton-3.8.0
torch-compile-ro	0	4	10000	200	1.022433	91.298819	0	10000.000000	0	1	0	float64	-1	986.061	torch-2.14.0+cu130
torch-compile-mat	0	4	10000	200	1.397271	94.988346	0	10000.000000	0	1	0	float64	-1	1363.808	torch-2.14.0+cu130
jax	0	4	10000	200	0.002270	30.633211	0	10000.000000	0	-1	-1	float64	271.838	0.654	jax-0.11.1
fused	0	4	100000	200	0.001116	9.305477	52	100000.000000	0	1.060000	float64				c4768c675165
eager	0	4	100000	200	0.001636	31.384230	51	100000.000000	0	12.005000	float64				c4768c675165
nojit	0	4	100000	200	0.000915	28.744936	51	100000.000000	0	12.005000	float64				c4768c675165
torch-compile	0	4	100000	200	0.985202	34.902096	0	100000.000000	0	1	0	float64	-1	983.807	torch-2.14.0+cu130
torch-eager	0	4	100000	200	0.053410	71.183443	0	100000.000000	0	-1	-1	float64	-1	51.198	torch-2.14.0+cu130
triton	0	4	100000	200	0.505243	19.421577	1	100000.000000	0	-1	-1	float64	487.599	0.104	triton-3.8.0
torch-compile-ro	0	4	100000	200	1.021522	104.951859	0	100000.000000	0	1	0	float64	-1	988.893	torch-2.14.0+cu130
torch-compile-mat	0	4	100000	200	1.526059	90.517998	0	100000.000000	0	1	0	float64	-1	1493.437	torch-2.14.0+cu130
jax	0	4	100000	200	0.003834	31.599998	0	100000.000000	0	-1	-1	float64	266.623	1.189	jax-0.11.1
fused	0	4	1000000	200	0.001970	33.144951	52	1000000.000000	0	1.060000	float64				c4768c675165
eager	0	4	1000000	200	0.003946	109.724998	51	1000000.000000	0	12.005000	float64				c4768c675165
nojit	0	4	1000000	200	0.003543	120.810270	51	1000000.000000	0	12.005000	float64				c4768c675165
torch-compile	0	4	1000000	200	0.652833	56.184530	0	1000000.000000	0	1	0	float64	-1	650.961	torch-2.14.0+cu130
torch-eager	0	4	1000000	200	0.052010	97.341537	0	1000000.000000	0	-1	-1	float64	-1	49.086	torch-2.14.0+cu130
triton	0	4	1000000	200	0.504717	29.470921	1	1000000.000000	0	-1	-1	float64	487.359	0.160	triton-3.8.0
torch-compile-ro	0	4	1000000	200	0.686039	97.397566	0	1000000.000000	0	1	0	float64	-1	653.017	torch-2.14.0+cu130
torch-compile-mat	0	4	1000000	200	0.695429	93.069077	0	1000000.000000	0	1	0	float64	-1	662.490	torch-2.14.0+cu130
jax	0	4	1000000	200	0.006041	83.658695	0	1000000.000000	0	-1	-1	float64	289.327	1.123	jax-0.11.1
fused	0	4	10000000	200	0.016015	339.314938	52	10000000.000000	0	1.060000	float64				c4768c675165
eager	0	4	10000000	200	0.096245	3286.494017	51	10000000.000000	0	12.005000	float64				c4768c675165
nojit	0	4	10000000	200	0.095939	3288.474083	51	10000000.000000	0	12.005000	float64				c4768c675165
torch-compile	0	4	10000000	200	1.002026	548.613071	0	10000000.000000	0	1	0	float64	-1	985.847	torch-2.14.0+cu130
torch-eager	0	4	10000000	200	0.146369	3275.445700	0	10000000.000000	0	-1	-1	float64	-1	50.823	torch-2.14.0+cu130
triton	0	4	10000000	200	0.513023	309.530497	1	10000000.000000	0	-1	-1	float64	486.864	0.558	triton-3.8.0
torch-compile-ro	0	4	10000000	200	1.063763	1170.586348	0	10000000.000000	0	1	0	float64	-1	998.400	torch-2.14.0+cu130
torch-compile-mat	0	4	10000000	200	1.634367	1169.931889	0	10000000.000000	0	1	0	float64	-1	1570.000	torch-2.14.0+cu130
jax	0	4	10000000	200	0.051189	843.062401	0	10000000.000000	0	-1	-1	float64	305.175	1.579	jax-0.11.1
fused	1	4	1000000	200	1.282171	33.755302	53	1000122.070313	0	1.060000	float64				c4768c675165
eager	1	4	1000000	200	0.004447	122.394562	51	1000122.070313	0	12.150000	float64				c4768c675165
nojit	1	4	1000000	200	0.003539	121.159554	51	1000122.070313	0	12.150000	float64				c4768c675165
torch-compile	1	4	1000000	200	1.411817	97.464323	0	1000122.070313	0	1	0	float64	-1	1006.549	torch-2.14.0+cu130
torch-eager	1	4	1000000	200	0.052190	98.544359	0	1000122.070313	0	-1	-1	float64	-1	49.221	torch-2.14.0+cu130
triton	1	4	1000000	200	0.552294	30.831099	2	1000122.070313	0	-1	-1	float64	534.779	0.102	triton-3.8.0
torch-compile-ro	1	4	1000000	200	1.444816	185.681581	0	1000122.070313	0	1	0	float64	-1	997.911	torch-2.14.0+cu130
torch-compile-mat	1	4	1000000	200	1.894416	186.887980	0	1000122.070313	0	1	0	float64	-1	1548.610	torch-2.14.0+cu130
jax	1	4	1000000	200	0.006385	83.137751	0	1000122.070313	0	-1	-1	float64	282.935	1.241	jax-0.11.1
fused	2	4	1000000	200	0.593706	34.344196	53	1000122.070313	0	1.150000	float64				c4768c675165
eager	2	4	1000000	200	0.004464	122.394562	51	1000122.070313	0	12.150000	float64				c4768c675165
nojit	2	4	1000000	200	0.003566	122.694969	51	1000122.070313	0	12.150000	float64				c4768c675165
torch-compile	2	4	1000000	200	1.152770	57.408810	0	1000122.070313	0	2	1	float64	-1	1144.561	torch-2.14.0+cu130
torch-eager	2	4	1000000	200	0.052547	108.388662	0	1000122.070313	0	-1	-1	float64	-1	49.282	torch-2.14.0+cu130
triton	2	4	1000000	200	0.510007	52.640438	2	1000122.070313	0	-1	-1	float64	491.366	0.103	triton-3.8.0
torch-compile-ro	2	4	1000000	200	1.194680	106.014013	0	1000122.070313	0	2	1	float64	-1	1152.485	torch-2.14.0+cu130
torch-compile-mat	2	4	1000000	200	1.535329	105.277300	0	1000122.070313	0	2	1	float64	-1	1491.502	torch-2.14.0+cu130
jax	2	4	1000000	200	0.008672	134.834051	0	1000122.070313	0	-1	-1	float64	295.367	1.273	jax-0.11.1
fused	3	4	1000000	200	0.591275	65.155029	53	1533333.333333	0	2.005000	float64				c4768c675165
eager	3	4	1000000	200	0.005275	147.525072	51	1533333.333333	0	14.005000	float64				c4768c675165
nojit	3	4	1000000	200	0.004318	147.529840	51	1533333.333333	0	14.005000	float64				c4768c675165
torch-compile	3	4	1000000	200	1.440517	128.113031	0	1533333.333333	0	2	1	float64	-1	1216.061	torch-2.14.0+cu130
torch-eager	3	4	1000000	200	0.052340	131.012201	0	1533333.333333	0	-1	-1	float64	-1	48.462	torch-2.14.0+cu130
triton	3	4	1000000	200	0.509438	84.725618	2	1533333.333333	0	-1	-1	float64	490.000	0.102	triton-3.8.0
torch-compile-ro	3	4	1000000	200	1.492470	318.424702	0	1533333.333333	0	2	1	float64	-1	1209.094	torch-2.14.0+cu130
torch-compile-mat	3	4	1000000	200	3.717532	314.040184	0	1533333.333333	0	2	1	float64	-1	3428.128	torch-2.14.0+cu130
jax	3	4	1000000	200	0.013203	238.807201	0	1533333.333333	0	-1	-1	float64	288.798	1.848	jax-0.11.1
fused	4	4	1000000	200	1.281130	37.119389	53	1533317.820224	0	1.065000	float64				c4768c675165
eager	4	4	1000000	200	0.004676	119.085312	51	1533317.820224	0	13.005000	float64				c4768c675165
nojit	4	4	1000000	200	0.003786	131.235123	51	1533317.820224	0	13.005000	float64				c4768c675165
torch-compile	4	4	1000000	200	1.405133	104.353428	0	1533317.820224	0	1	0	float64	-1	994.475	torch-2.14.0+cu130
torch-eager	4	4	1000000	200	0.051216	105.706453	0	1533317.820224	0	-1	-1	float64	-1	48.039	torch-2.14.0+cu130
triton	4	4	1000000	200	0.555058	38.008690	3	1533317.820224	0	-1	-1	float64	536.460	0.135	triton-3.8.0
torch-compile-ro	4	4	1000000	200	1.450079	193.283558	0	1533317.820224	0	1	0	float64	-1	998.569	torch-2.14.0+cu130
torch-compile-mat	4	4	1000000	200	2.036615	193.402767	0	1533317.820224	0	1	0	float64	-1	1685.688	torch-2.14.0+cu130
jax	4	4	1000000	200	0.006932	91.356039	0	1533317.820224	0	-1	-1	float64	289.923	0.997	jax-0.11.1
fused	5	4	1000000	200	0.002886	37.165880	52	1533333.333333	0	1.065000	float64				c4768c675165
eager	5	4	1000000	200	0.004867	128.935575	51	1533333.333333	0	13.005000	float64				c4768c675165
nojit	5	4	1000000	200	0.003784	130.319595	51	1533333.333333	0	13.005000	float64				c4768c675165
torch-compile	5	4	1000000	200	0.989967	104.640722	0	1533333.333333	0	2	1	float64	-1	694.988	torch-2.14.0+cu130
torch-eager	5	4	1000000	200	0.051928	105.688572	0	1533333.333333	0	-1	-1	float64	-1	48.759	torch-2.14.0+cu130
triton	5	4	1000000	200	0.506650	38.104057	2	1533333.333333	0	-1	-1	float64	488.934	0.099	triton-3.8.0
torch-compile-ro	5	4	1000000	200	1.045824	193.418264	0	1533333.333333	0	2	1	float64	-1	706.573	torch-2.14.0+cu130
torch-compile-mat	5	4	1000000	200	1.088498	193.276405	0	1533333.333333	0	2	1	float64	-1	721.478	torch-2.14.0+cu130
jax	5	4	1000000	200	0.006288	91.429949	0	1533333.333333	0	-1	-1	float64	291.919	1.085	jax-0.11.1
fused	11	1	25600	200	0.001182	3.035069	52	95540.500674	0	1.040000	float64				c4768c675165
eager	11	1	25600	200	0.002104	41.594505	51	95540.500674	0	8.005000	float64				c4768c675165
nojit	11	1	25600	200	0.001322	41.769743	51	95540.500674	0	8.005000	float64				c4768c675165
torch-compile	11	1	25600	200	3.247983	54.802895	0	95540.500674	0	-1	-1	float64	-1	3242.274	torch-2.14.0+cu130
torch-eager	11	1	25600	200	0.191427	67.001581	0	95540.500674	0	-1	-1	float64	-1	186.593	torch-2.14.0+cu130
triton	11	1	25600	200	0.599312	18.520355	1	95540.500674	0	-1	-1	float64	580.354	0.107	triton-3.8.0
torch-compile-ro	11	1	25600	200	2.859217	112.515688	0	95540.500674	0	-1	-1	float64	-1	2822.209	torch-2.14.0+cu130
torch-compile-mat	11	1	25600	200	3.305441	114.536285	0	95540.500674	0	-1	-1	float64	-1	3267.569	torch-2.14.0+cu130
jax	11	1	25600	200	0.003503	33.081770	0	95540.500674	0	-1	-1	float64	126.582	1.327	jax-0.11.1
fused	11	1	256000	200	0.002549	13.835430	52	955405.006738	0	1.040000	float64				c4768c675165
eager	11	1	256000	200	0.004955	109.930038	51	955405.006738	0	8.005000	float64				c4768c675165
nojit	11	1	256000	200	0.004358	113.300085	51	955405.006738	0	8.005000	float64				c4768c675165
torch-compile	11	1	256000	200	3.328433	201.184750	0	955405.006738	0	-1	-1	float64	-1	3292.624	torch-2.14.0+cu130
torch-eager	11	1	256000	200	0.248510	207.979679	0	955405.006738	0	-1	-1	float64	-1	213.719	torch-2.14.0+cu130
triton	11	1	256000	200	0.502588	18.804073	1	955405.006738	0	-1	-1	float64	483.861	0.116	triton-3.8.0
torch-compile-ro	11	1	256000	200	2.961502	261.131525	0	955405.006738	0	-1	-1	float64	-1	2896.541	torch-2.14.0+cu130
torch-compile-mat	11	1	256000	200	3.673203	272.276402	0	955405.006738	0	-1	-1	float64	-1	3607.682	torch-2.14.0+cu130
jax	11	1	256000	200	0.004731	35.892725	0	955405.006738	0	-1	-1	float64	127.043	0.568	jax-0.11.1
fused	12	1	25600	200	1.193519	69.955587	53	256.065387	0	2.005000	float64				c4768c675165
eager	12	1	25600	200	0.004287	69.448948	51	256.065387	0	2.005000	float64				c4768c675165
nojit	12	1	25600	200	0.002550	69.289207	51	256.065387	0	2.005000	float64				c4768c675165
torch-compile	12	1	25600	200	2.958454	131.882429	0	256.065387	0	-1	-1	float64	-1	2941.712	torch-2.14.0+cu130
torch-eager	12	1	25600	200	0.282351	125.870705	0	256.065387	0	-1	-1	float64	-1	267.178	torch-2.14.0+cu130
triton	12	1	25600	200	0.516526	228.691101	1	256.065387	0	-1	-1	float64	493.050	0.362	triton-3.8.0
torch-compile-ro	12	1	25600	200	2.988685	167.813301	0	256.065387	0	-1	-1	float64	-1	2940.503	torch-2.14.0+cu130
torch-compile-mat	12	1	25600	200	3.392615	166.941881	0	256.065387	0	-1	-1	float64	-1	3345.381	torch-2.14.0+cu130
jax	12	1	25600	200	0.003796	32.087564	0	256.065387	0	-1	-1	float64	1204.272	1.594	jax-0.11.1
fused	12	1	256000	200	0.011513	255.969763	53	2560.654532	0	2.005000	float64				c4768c675165
eager	12	1	256000	200	0.010763	258.885622	51	2560.654532	0	2.005000	float64				c4768c675165
nojit	12	1	256000	200	0.009804	258.799791	51	2560.654532	0	2.005000	float64				c4768c675165
torch-compile	12	1	256000	200	2.989210	458.747149	0	2560.654532	0	-1	-1	float64	-1	2937.434	torch-2.14.0+cu130
torch-eager	12	1	256000	200	0.347667	451.782942	0	2560.654532	0	-1	-1	float64	-1	297.378	torch-2.14.0+cu130
triton	12	1	256000	200	0.519006	230.008364	1	2560.654532	0	-1	-1	float64	495.658	0.355	triton-3.8.0
torch-compile-ro	12	1	256000	200	3.036709	490.032434	0	2560.654532	0	-1	-1	float64	-1	2956.271	torch-2.14.0+cu130
torch-compile-mat	12	1	256000	200	3.590319	489.536524	0	2560.654532	0	-1	-1	float64	-1	3509.658	torch-2.14.0+cu130
jax	12	1	256000	200	0.010185	214.312077	0	2560.654532	0	-1	-1	float64	2488.694	1.216	jax-0.11.1
fused	13	1	25600	200	0.602438	312.439203	52	0.000000	0	1.005000	float64				c4768c675165
eager	13	1	25600	200	0.014292	406.260490	51	0.000000	0	6.005000	float64				c4768c675165
nojit	13	1	25600	200	0.013383	405.975580	51	0.000000	0	6.005000	float64				c4768c675165
torch-compile	13	1	25600	200	3.455749	528.712273	0	0.000000	0	-1	-1	float64	-1	3402.963	torch-2.14.0+cu130
torch-eager	13	1	25600	200	0.361101	521.926880	0	0.000000	0	-1	-1	float64	-1	310.336	torch-2.14.0+cu130
triton	13	1	25600	200	1.541510	1002.293825	2	0.000000	0	-1	-1	float64	1495.386	1.052	triton-3.8.0
torch-compile-ro	13	1	25600	200	3.449811	548.173189	0	0.000000	0	-1	-1	float64	-1	3366.036	torch-2.14.0+cu130
torch-compile-mat	13	1	25600	200	5.352109	546.493530	0	0.000000	0	-1	-1	float64	-1	5269.999	torch-2.14.0+cu130
jax	13	1	25600	200	0.005062	103.610754	0	0.000000	0	-1	-1	float64	1781.567	1.399	jax-0.11.1
fused	13	1	256000	200	0.707522	3650.120497	52	-0.000000	0	1.005000	float64				c4768c675165
eager	13	1	256000	200	0.132373	4133.290052	51	-0.000000	0	6.005000	float64				c4768c675165
nojit	13	1	256000	200	0.131974	4143.840075	51	-0.000000	0	6.005000	float64				c4768c675165
torch-compile	13	1	256000	200	3.591493	4011.734724	0	-0.000000	0	-1	-1	float64	-1	3405.534	torch-2.14.0+cu130
torch-eager	13	1	256000	200	0.537868	3984.670639	0	-0.000000	0	-1	-1	float64	-1	355.663	torch-2.14.0+cu130
triton	13	1	256000	200	0.620573	3513.305187	2	-0.000000	0	-1	-1	float64	495.167	3.700	triton-3.8.0
torch-compile-ro	13	1	256000	200	3.623700	4027.452469	0	-0.000000	0	-1	-1	float64	-1	3408.097	torch-2.14.0+cu130
torch-compile-mat	13	1	256000	200	7.228569	4046.648741	0	-0.000000	0	-1	-1	float64	-1	7008.555	torch-2.14.0+cu130
jax	13	1	256000	200	0.096714	2904.462814	0	-0.000000	0	-1	-1	float64	3079.767	4.435	jax-0.11.1
fused	6	1	25600	200	1.790546	207.159519	55	256.065463	0	6.005000	float64				c4768c675165
eager	6	1	25600	200	0.011688	206.409693	51	256.065463	0	6.005000	float64				c4768c675165
nojit	6	1	25600	200	0.007111	206.359625	51	256.065463	0	6.005000	float64				c4768c675165
torch-compile	6	1	25600	200	3.079710	351.299047	0	256.065463	0	-1	-1	float64	-1	3040.747	torch-2.14.0+cu130
torch-eager	6	1	25600	200	0.390696	348.678827	0	256.065463	0	-1	-1	float64	-1	353.498	torch-2.14.0+cu130
triton	6	1	25600	200	0.531907	684.034824	1	256.065463	0	-1	-1	float64	494.826	0.729	triton-3.8.0
torch-compile-ro	6	1	25600	200	3.096441	373.375416	0	256.065463	0	-1	-1	float64	-1	3026.135	torch-2.14.0+cu130
torch-compile-mat	6	1	25600	200	3.108739	372.455120	0	256.065463	0	-1	-1	float64	-1	3037.808	torch-2.14.0+cu130
jax	6	1	25600	200	0.003837	77.245235	0	256.065463	0	-1	-1	float64	1200.373	1.033	jax-0.11.1
fused	6	1	256000	200	0.028404	763.350725	55	2560.654707	0	6.005000	float64				c4768c675165
eager	6	1	256000	200	0.028069	763.200521	51	2560.654707	0	6.005000	float64				c4768c675165
nojit	6	1	256000	200	0.024973	763.285160	51	2560.654707	0	6.005000	float64				c4768c675165
torch-compile	6	1	256000	200	3.113961	1050.401926	0	2560.654707	0	-1	-1	float64	-1	3029.263	torch-2.14.0+cu130
torch-eager	6	1	256000	200	0.410020	1044.735909	0	2560.654707	0	-1	-1	float64	-1	327.419	torch-2.14.0+cu130
triton	6	1	256000	200	0.529355	687.279701	1	2560.654707	0	-1	-1	float64	491.851	0.732	triton-3.8.0
torch-compile-ro	6	1	256000	200	3.157926	1082.447767	0	2560.654707	0	-1	-1	float64	-1	3043.983	torch-2.14.0+cu130
torch-compile-mat	6	1	256000	200	3.150594	1082.013845	0	2560.654707	0	-1	-1	float64	-1	3036.424	torch-2.14.0+cu130
jax	6	1	256000	200	0.023066	627.081394	0	2560.654707	0	-1	-1	float64	2518.794	1.629	jax-0.11.1
fused	7	1	25600	200	3.581918	492.135286	57	25.611041	0	16.000000	float64				c4768c675165
eager	7	1	25600	200	0.031286	500.304699	51	25.611041	0	26.000000	float64				c4768c675165
nojit	7	1	25600	200	0.015582	498.800278	51	25.611041	0	26.000000	float64				c4768c675165
torch-compile	7	1	25600	200	3.414592	716.329813	0	25.611041	0	-1	-1	float64	-1	3362.707	torch-2.14.0+cu130
torch-eager	7	1	25600	200	0.355491	644.074678	0	25.611041	0	-1	-1	float64	-1	307.743	torch-2.14.0+cu130
torch-compile-ro	7	1	25600	200	3.546323	773.843527	0	25.611041	0	-1	-1	float64	-1	3456.279	torch-2.14.0+cu130
torch-compile-mat	7	1	25600	200	7.211643	778.112411	0	25.611041	0	-1	-1	float64	-1	7126.413	torch-2.14.0+cu130
jax	7	1	25600	200	0.008916	221.134424	0	25.611041	0	-1	-1	float64	2662.475	1.933	jax-0.11.1
fused	7	1	256000	200	0.074750	2029.689550	57	0.000000	0	16.000000	float64				c4768c675165
eager	7	1	256000	200	0.077465	2060.019970	51	0.000000	0	26.000000	float64				c4768c675165
nojit	7	1	256000	200	0.062583	2044.270039	51	0.000000	0	26.000000	float64				c4768c675165
torch-compile	7	1	256000	200	3.750006	2431.161404	0	0.000000	0	-1	-1	float64	-1	3625.250	torch-2.14.0+cu130
torch-eager	7	1	256000	200	0.463588	2415.827513	0	0.000000	0	-1	-1	float64	-1	341.065	torch-2.14.0+cu130
torch-compile-ro	7	1	256000	200	3.888344	2495.608330	0	0.000000	0	-1	-1	float64	-1	3728.720	torch-2.14.0+cu130
torch-compile-mat	7	1	256000	200	8.919966	2463.655472	0	0.000000	0	-1	-1	float64	-1	8760.069	torch-2.14.0+cu130
jax	7	1	256000	200	0.055473	1718.298197	0	0.000000	0	-1	-1	float64	3466.522	4.154	jax-0.11.1
fused	8	1	25600	200	0.015178	365.799665	56	3221914.952339	0	5.015000	float64				c4768c675165
eager	8	1	25600	200	0.023145	629.185438	51	3221914.952339	0	34.005000	float64				c4768c675165
nojit	8	1	25600	200	0.018862	629.509687	51	3221914.952339	0	34.005000	float64				c4768c675165
torch-compile	8	1	25600	200	2.686231	407.612324	0	3221914.952339	0	-1	-1	float64	-1	2666.822	torch-2.14.0+cu130
torch-eager	8	1	25600	200	0.372266	419.797897	0	3221914.952339	0	-1	-1	float64	-1	353.596	torch-2.14.0+cu130
torch-compile-ro	8	1	25600	200	2.789658	416.718721	0	3221914.952339	0	-1	-1	float64	-1	2739.273	torch-2.14.0+cu130
torch-compile-mat	8	1	25600	200	2.830598	410.822630	0	3221914.952339	0	-1	-1	float64	-1	2780.239	torch-2.14.0+cu130
jax	8	1	25600	200	0.009001	224.303007	0	3221914.952339	0	-1	-1	float64	2169.824	1.639	jax-0.11.1
fused	8	1	256000	200	1.125556	16175.584793	56	32261731.495851	0	5.015000	float64				c4768c675165
eager	8	1	256000	200	0.604292	19111.365080	51	32261731.495851	0	34.005000	float64				c4768c675165
nojit	8	1	256000	200	0.597096	19107.040167	51	32261731.495851	0	34.005000	float64				c4768c675165
torch-compile	8	1	256000	200	4.429389	21466.565132	0	32261731.495851	0	-1	-1	float64	-1	3716.000	torch-2.14.0+cu130
torch-eager	8	1	256000	200	1.078436	20806.099176	0	32261731.495851	0	-1	-1	float64	-1	387.599	torch-2.14.0+cu130
torch-compile-ro	8	1	256000	200	4.453224	21490.110159	0	32261731.495851	0	-1	-1	float64	-1	3708.145	torch-2.14.0+cu130
torch-compile-mat	8	1	256000	200	17.971939	21482.751369	0	32261731.495851	0	-1	-1	float64	-1	17185.837	torch-2.14.0+cu130
jax	8	1	256000	200	0.405512	11907.660961	0	32261731.495851	0	-1	-1	float64	3066.254	15.454	jax-0.11.1
fused	9	1	25600	200	1.203985	574.984550	57	214.208506	0	6.000000	float64				c4768c675165
eager	9	1	25600	200	0.020273	573.855639	54	214.208506	0	10.000000	float64				c4768c675165
nojit	9	1	25600	200	0.016969	572.730303	54	214.208506	0	10.000000	float64				c4768c675165
torch-compile	9	1	25600	200	3.457899	718.678236	0	214.208506	0	-1	-1	float64	-1	3430.103	torch-2.14.0+cu130
torch-eager	9	1	25600	200	0.426669	656.260252	0	214.208506	0	-1	-1	float64	-1	402.126	torch-2.14.0+cu130
torch-compile-ro	9	1	25600	200	3.552960	732.582808	0	214.208506	0	-1	-1	float64	-1	3495.564	torch-2.14.0+cu130
torch-compile-mat	9	1	25600	200	6.753589	738.582611	0	214.208506	0	-1	-1	float64	-1	6696.759	torch-2.14.0+cu130
jax	9	1	25600	200	0.009588	179.722309	0	214.208506	0	-1	-1	float64	880.389	1.743	jax-0.11.1
fused	9	1	256000	200	0.017734	415.179729	57	2158.224764	0	6.000000	float64				c4768c675165
eager	9	1	256000	200	0.018073	449.845791	54	2158.224764	0	10.000000	float64				c4768c675165
nojit	9	1	256000	200	0.014712	433.984995	54	2158.224764	0	10.000000	float64				c4768c675165
torch-compile	9	1	256000	200	3.543162	1344.481707	0	2158.224764	0	-1	-1	float64	-1	3471.683	torch-2.14.0+cu130
torch-eager	9	1	256000	200	0.465038	1275.489330	0	2158.224764	0	-1	-1	float64	-1	395.957	torch-2.14.0+cu130
torch-compile-ro	9	1	256000	200	3.633925	1383.690834	0	2158.224764	0	-1	-1	float64	-1	3534.523	torch-2.14.0+cu130
torch-compile-mat	9	1	256000	200	6.467239	1379.277706	0	2158.224764	0	-1	-1	float64	-1	6368.220	torch-2.14.0+cu130
jax	9	1	256000	200	0.010894	253.804922	0	2158.224764	0	-1	-1	float64	959.622	1.262	jax-0.11.1
fused	10	1	25600	200	14.786912	3140.754700	76	0.000000	0	78.000000	float64				c4768c675165
eager	10	1	25600	200	0.433966	3786.334991	51	0.000000	0	235.000000	float64				c4768c675165
nojit	10	1	25600	200	0.106851	3545.404673	51	0.000000	0	238.000000	float64				c4768c675165
torch-compile	10	1	25600	200	5.674632	2488.824129	0	0.000000	0	-1	-1	float64	-1	5590.878	torch-2.14.0+cu130
torch-eager	10	1	25600	200	0.498847	3015.278578	0	0.000000	0	-1	-1	float64	-1	400.254	torch-2.14.0+cu130
torch-compile-ro	10	1	25600	200	5.743626	2499.006987	0	0.000000	0	-1	-1	float64	-1	5622.190	torch-2.14.0+cu130
torch-compile-mat	10	1	25600	200	21.140451	2456.723452	0	0.000000	0	-1	-1	float64	-1	21012.356	torch-2.14.0+cu130
jax	10	1	25600	200	0.038101	1067.806482	0	0.000000	0	-1	-1	float64	5185.715	6.964	jax-0.11.1
fused	10	1	155008	200	2.837276	49298.979044	76	0.000000	0	78.000000	float64				c4768c675165
eager	10	1	155008	200	1.800056	51687.909365	51	0.000000	0	235.000000	float64				c4768c675165
nojit	10	1	155008	200	1.468775	51687.970161	51	0.000000	0	238.000000	float64				c4768c675165
torch-compile	10	1	155008	200	7.023381	38464.115858	0	0.000000	0	-1	-1	float64	-1	5829.415	torch-2.14.0+cu130
torch-eager	10	1	155008	200	1.682142	40364.570618	0	0.000000	0	-1	-1	float64	-1	437.273	torch-2.14.0+cu130
torch-compile-ro	10	1	155008	200	7.074485	38451.471329	0	0.000000	0	-1	-1	float64	-1	5841.099	torch-2.14.0+cu130
torch-compile-mat	10	1	155008	200	41.840084	37598.233223	0	0.000000	0	-1	-1	float64	-1	40608.670	torch-2.14.0+cu130
jax	10	1	155008	200	0.699288	21936.283112	0	0.000000	0	-1	-1	float64	6326.888	41.483	jax-0.11.1
fused	0	1	1000000	200	0.001258	11.990070	52	1000000.000000	0	1.015000	float64				c4768c675165
eager	0	1	1000000	200	0.001503	28.084517	51	1000000.000000	0	3.005000	float64				c4768c675165
nojit	0	1	1000000	200	0.000965	30.469894	51	1000000.000000	0	3.005000	float64				c4768c675165
torch-compile	0	1	1000000	200	0.636290	34.968853	0	1000000.000000	0	1	0	float64	-1	634.912	torch-2.14.0+cu130
torch-eager	0	1	1000000	200	0.049877	24.552345	0	1000000.000000	0	-1	-1	float64	-1	48.990	torch-2.14.0+cu130
triton	0	1	1000000	200	0.501981	19.320250	1	1000000.000000	0	-1	-1	float64	484.177	0.107	triton-3.8.0
torch-compile-ro	0	1	1000000	200	0.682015	92.794895	0	1000000.000000	0	1	0	float64	-1	649.015	torch-2.14.0+cu130
torch-compile-mat	0	1	1000000	200	0.681691	93.758106	0	1000000.000000	0	1	0	float64	-1	648.904	torch-2.14.0+cu130
jax	0	1	1000000	200	0.005077	37.521124	0	1000000.000000	0	-1	-1	float64	279.699	0.916	jax-0.11.1
fused	0	4	1000000	200	0.001963	33.274889	52	1000000.000000	0	1.060000	float64				c4768c675165
eager	0	4	1000000	200	0.003922	109.825134	51	1000000.000000	0	12.005000	float64				c4768c675165
nojit	0	4	1000000	200	0.003524	120.844841	51	1000000.000000	0	12.005000	float64				c4768c675165
torch-compile	0	4	1000000	200	0.645334	56.190491	0	1000000.000000	0	1	0	float64	-1	643.467	torch-2.14.0+cu130
torch-eager	0	4	1000000	200	0.052227	97.291470	0	1000000.000000	0	-1	-1	float64	-1	49.299	torch-2.14.0+cu130
triton	0	4	1000000	200	0.506304	29.528141	1	1000000.000000	0	-1	-1	float64	488.457	0.129	triton-3.8.0
torch-compile-ro	0	4	1000000	200	0.681688	93.944073	0	1000000.000000	0	1	0	float64	-1	648.636	torch-2.14.0+cu130
torch-compile-mat	0	4	1000000	200	0.697248	93.058348	0	1000000.000000	0	1	0	float64	-1	664.260	torch-2.14.0+cu130
jax	0	4	1000000	200	0.007074	80.676079	0	1000000.000000	0	-1	-1	float64	290.583	1.774	jax-0.11.1
fused	0	8	1000000	200	0.003219	64.830780	52	1000000.000000	0	1.120000	float64				c4768c675165
eager	0	8	1000000	200	0.007934	241.904259	51	1000000.000000	0	24.005000	float64				c4768c675165
nojit	0	8	1000000	200	0.007033	241.564512	51	1000000.000000	0	24.005000	float64				c4768c675165
torch-compile	0	8	1000000	200	0.647075	110.781193	0	1000000.000000	0	1	0	float64	-1	643.639	torch-2.14.0+cu130
torch-eager	0	8	1000000	200	0.054965	194.530487	0	1000000.000000	0	-1	-1	float64	-1	49.213	torch-2.14.0+cu130
triton	0	8	1000000	200	0.511109	58.200359	1	1000000.000000	0	-1	-1	float64	492.345	0.169	triton-3.8.0
torch-compile-ro	0	8	1000000	200	0.688687	138.134956	0	1000000.000000	0	1	0	float64	-1	654.621	torch-2.14.0+cu130
torch-compile-mat	0	8	1000000	200	0.702116	138.925314	0	1000000.000000	0	1	0	float64	-1	668.103	torch-2.14.0+cu130
jax	0	8	1000000	200	0.008306	153.286457	0	1000000.000000	0	-1	-1	float64	301.605	1.132	jax-0.11.1
fused	0	4	10000	200	0.001134	9.250641	52	10000.000000	0	1.060000	float64				c4768c675165
eager	0	4	10000	200	0.001482	28.740168	51	10000.000000	0	12.005000	float64				c4768c675165
nojit	0	4	10000	200	0.000842	41.409731	51	10000.000000	0	12.005000	float64				c4768c675165
torch-compile	0	4	10000	200	0.639677	33.828020	0	10000.000000	0	1	0	float64	-1	638.277	torch-2.14.0+cu130
torch-eager	0	4	10000	200	0.052701	69.810152	0	10000.000000	0	-1	-1	float64	-1	50.534	torch-2.14.0+cu130
triton	0	4	10000	200	0.507405	18.914938	1	10000.000000	0	-1	-1	float64	490.379	0.110	triton-3.8.0
torch-compile-ro	0	4	10000	200	0.678527	95.494986	0	10000.000000	0	1	0	float64	-1	645.782	torch-2.14.0+cu130
torch-compile-mat	0	4	10000	200	0.682875	91.202259	0	10000.000000	0	1	0	float64	-1	650.269	torch-2.14.0+cu130
jax	0	4	10000	200	0.003243	30.512810	0	10000.000000	0	-1	-1	float64	262.246	1.634	jax-0.11.1
fused	0	4	100000	200	0.001138	9.324551	52	100000.000000	0	1.060000	float64				c4768c675165
eager	0	4	100000	200	0.001658	31.369925	51	100000.000000	0	12.005000	float64				c4768c675165
nojit	0	4	100000	200	0.000932	28.555393	51	100000.000000	0	12.005000	float64				c4768c675165
torch-compile	0	4	100000	200	0.639987	35.295486	0	100000.000000	0	1	0	float64	-1	638.566	torch-2.14.0+cu130
torch-eager	0	4	100000	200	0.051781	71.462393	0	100000.000000	0	-1	-1	float64	-1	49.547	torch-2.14.0+cu130
triton	0	4	100000	200	0.503172	19.042492	1	100000.000000	0	-1	-1	float64	486.219	0.106	triton-3.8.0
torch-compile-ro	0	4	100000	200	0.686929	93.815327	0	100000.000000	0	1	0	float64	-1	654.171	torch-2.14.0+cu130
torch-compile-mat	0	4	100000	200	0.696342	91.435909	0	100000.000000	0	1	0	float64	-1	663.851	torch-2.14.0+cu130
jax	0	4	100000	200	0.003877	32.602549	0	100000.000000	0	-1	-1	float64	262.353	1.195	jax-0.11.1
fused	0	4	1000000	200	0.002003	33.169985	52	1000000.000000	0	1.060000	float64				c4768c675165
eager	0	4	1000000	200	0.003934	109.825134	51	1000000.000000	0	12.005000	float64				c4768c675165
nojit	0	4	1000000	200	0.003519	120.829344	51	1000000.000000	0	12.005000	float64				c4768c675165
torch-compile	0	4	1000000	200	0.646249	56.152344	0	1000000.000000	0	1	0	float64	-1	644.384	torch-2.14.0+cu130
torch-eager	0	4	1000000	200	0.052387	97.337961	0	1000000.000000	0	-1	-1	float64	-1	49.460	torch-2.14.0+cu130
triton	0	4	1000000	200	0.502811	29.456615	1	1000000.000000	0	-1	-1	float64	485.633	0.123	triton-3.8.0
torch-compile-ro	0	4	1000000	200	0.681762	94.374418	0	1000000.000000	0	1	0	float64	-1	648.924	torch-2.14.0+cu130
torch-compile-mat	0	4	1000000	200	0.689121	92.867613	0	1000000.000000	0	1	0	float64	-1	656.286	torch-2.14.0+cu130
jax	0	4	1000000	200	0.006500	80.980062	0	1000000.000000	0	-1	-1	float64	288.430	1.474	jax-0.11.1
fused	0	4	10000000	200	0.016019	339.230299	52	10000000.000000	0	1.060000	float64				c4768c675165
eager	0	4	10000000	200	0.096232	3290.274143	51	10000000.000000	0	12.005000	float64				c4768c675165
nojit	0	4	10000000	200	0.095937	3289.529085	51	10000000.000000	0	12.005000	float64				c4768c675165
torch-compile	0	4	10000000	200	0.653757	547.986031	0	10000000.000000	0	1	0	float64	-1	637.561	torch-2.14.0+cu130
torch-eager	0	4	10000000	200	0.146227	3277.360201	0	10000000.000000	0	-1	-1	float64	-1	50.692	torch-2.14.0+cu130
triton	0	4	10000000	200	0.518291	309.543610	1	10000000.000000	0	-1	-1	float64	492.537	0.546	triton-3.8.0
torch-compile-ro	0	4	10000000	200	0.713657	1151.235104	0	10000000.000000	0	1	0	float64	-1	649.918	torch-2.14.0+cu130
torch-compile-mat	0	4	10000000	200	0.716860	1167.392731	0	10000000.000000	0	1	0	float64	-1	653.138	torch-2.14.0+cu130
jax	0	4	10000000	200	0.051321	851.262808	0	10000000.000000	0	-1	-1	float64	314.062	2.259	jax-0.11.1
fused	1	4	1000000	200	0.002725	33.740997	53	1000122.070313	0	1.060000	float64				c4768c675165
eager	1	4	1000000	200	0.004394	122.444630	51	1000122.070313	0	12.150000	float64				c4768c675165
nojit	1	4	1000000	200	0.003544	121.215582	51	1000122.070313	0	12.150000	float64				c4768c675165
torch-compile	1	4	1000000	200	0.929196	97.420216	0	1000122.070313	0	1	0	float64	-1	643.316	torch-2.14.0+cu130
torch-eager	1	4	1000000	200	0.052118	98.497868	0	1000122.070313	0	-1	-1	float64	-1	49.140	torch-2.14.0+cu130
triton	1	4	1000000	200	0.507814	30.785799	2	1000122.070313	0	-1	-1	float64	490.410	0.104	triton-3.8.0
torch-compile-ro	1	4	1000000	200	0.971852	185.084343	0	1000122.070313	0	1	0	float64	-1	645.782	torch-2.14.0+cu130
torch-compile-mat	1	4	1000000	200	0.994555	185.544491	0	1000122.070313	0	1	0	float64	-1	653.505	torch-2.14.0+cu130
jax	1	4	1000000	200	0.007261	82.918406	0	1000122.070313	0	-1	-1	float64	292.013	1.762	jax-0.11.1
fused	2	4	1000000	200	0.002224	34.295321	53	1000122.070313	0	1.150000	float64				c4768c675165
eager	2	4	1000000	200	0.004461	122.375488	51	1000122.070313	0	12.150000	float64				c4768c675165
nojit	2	4	1000000	200	0.003536	121.198893	51	1000122.070313	0	12.150000	float64				c4768c675165
torch-compile	2	4	1000000	200	0.728593	57.408810	0	1000122.070313	0	2	1	float64	-1	720.786	torch-2.14.0+cu130
torch-eager	2	4	1000000	200	0.052461	107.935667	0	1000122.070313	0	-1	-1	float64	-1	49.212	torch-2.14.0+cu130
triton	2	4	1000000	200	0.507949	61.931610	2	1000122.070313	0	-1	-1	float64	489.113	0.100	triton-3.8.0
torch-compile-ro	2	4	1000000	200	0.772475	110.359192	0	1000122.070313	0	2	1	float64	-1	731.260	torch-2.14.0+cu130
torch-compile-mat	2	4	1000000	200	0.782768	109.760761	0	1000122.070313	0	2	1	float64	-1	741.139	torch-2.14.0+cu130
jax	2	4	1000000	200	0.009370	135.027170	0	1000122.070313	0	-1	-1	float64	294.151	1.600	jax-0.11.1
fused	3	4	1000000	200	0.003085	65.075159	53	1533333.333333	0	2.005000	float64				c4768c675165
eager	3	4	1000000	200	0.005210	147.360563	51	1533333.333333	0	14.005000	float64				c4768c675165
nojit	3	4	1000000	200	0.004373	147.370100	51	1533333.333333	0	14.005000	float64				c4768c675165
torch-compile	3	4	1000000	200	0.913121	127.818584	0	1533333.333333	0	2	1	float64	-1	682.521	torch-2.14.0+cu130
torch-eager	3	4	1000000	200	0.053378	131.657124	0	1533333.333333	0	-1	-1	float64	-1	49.487	torch-2.14.0+cu130
triton	3	4	1000000	200	0.517521	84.965229	2	1533333.333333	0	-1	-1	float64	498.132	0.101	triton-3.8.0
torch-compile-ro	3	4	1000000	200	0.970925	311.095715	0	1533333.333333	0	2	1	float64	-1	689.175	torch-2.14.0+cu130
torch-compile-mat	3	4	1000000	200	1.097128	309.118032	0	1533333.333333	0	2	1	float64	-1	806.248	torch-2.14.0+cu130
jax	3	4	1000000	200	0.012541	249.390602	0	1533333.333333	0	-1	-1	float64	304.739	0.813	jax-0.11.1
fused	4	4	1000000	200	0.002899	37.155151	53	1533317.820224	0	1.065000	float64				c4768c675165
eager	4	4	1000000	200	0.004655	119.115114	51	1533317.820224	0	13.005000	float64				c4768c675165
nojit	4	4	1000000	200	0.003783	130.984783	51	1533317.820224	0	13.005000	float64				c4768c675165
torch-compile	4	4	1000000	200	0.927845	104.393959	0	1533317.820224	0	1	0	float64	-1	638.561	torch-2.14.0+cu130
torch-eager	4	4	1000000	200	0.052359	105.731487	0	1533317.820224	0	-1	-1	float64	-1	49.187	torch-2.14.0+cu130
triton	4	4	1000000	200	0.513900	37.857294	3	1533317.820224	0	-1	-1	float64	496.050	0.097	triton-3.8.0
torch-compile-ro	4	4	1000000	200	0.983323	192.234516	0	1533317.820224	0	1	0	float64	-1	648.133	torch-2.14.0+cu130
torch-compile-mat	4	4	1000000	200	0.997867	191.863775	0	1533317.820224	0	1	0	float64	-1	652.270	torch-2.14.0+cu130
jax	4	4	1000000	200	0.007241	91.546774	0	1533317.820224	0	-1	-1	float64	293.556	1.624	jax-0.11.1
fused	5	4	1000000	200	0.002832	37.111044	52	1533333.333333	0	1.065000	float64				c4768c675165
eager	5	4	1000000	200	0.004887	127.910376	51	1533333.333333	0	13.005000	float64				c4768c675165
nojit	5	4	1000000	200	0.003786	129.970312	51	1533333.333333	0	13.005000	float64				c4768c675165
torch-compile	5	4	1000000	200	0.987169	104.533434	0	1533333.333333	0	2	1	float64	-1	703.543	torch-2.14.0+cu130
torch-eager	5	4	1000000	200	0.051487	105.661154	0	1533333.333333	0	-1	-1	float64	-1	48.321	torch-2.14.0+cu130
triton	5	4	1000000	200	0.508481	37.974119	2	1533333.333333	0	-1	-1	float64	490.737	0.096	triton-3.8.0
torch-compile-ro	5	4	1000000	200	1.046283	193.279982	0	1533333.333333	0	2	1	float64	-1	709.487	torch-2.14.0+cu130
torch-compile-mat	5	4	1000000	200	1.065943	192.899704	0	1533333.333333	0	2	1	float64	-1	718.610	torch-2.14.0+cu130
jax	5	4	1000000	200	0.006796	91.208220	0	1533333.333333	0	-1	-1	float64	290.713	1.656	jax-0.11.1
fused	11	1	25600	200	0.001201	3.130436	52	95540.500674	0	1.040000	float64				c4768c675165
eager	11	1	25600	200	0.002045	41.580200	51	95540.500674	0	8.005000	float64				c4768c675165
nojit	11	1	25600	200	0.001326	41.735172	51	95540.500674	0	8.005000	float64				c4768c675165
torch-compile	11	1	25600	200	2.487504	54.029226	0	95540.500674	0	-1	-1	float64	-1	2481.889	torch-2.14.0+cu130
torch-eager	11	1	25600	200	0.202847	67.365170	0	95540.500674	0	-1	-1	float64	-1	198.051	torch-2.14.0+cu130
triton	11	1	25600	200	0.507375	18.630028	1	95540.500674	0	-1	-1	float64	489.037	0.109	triton-3.8.0
torch-compile-ro	11	1	25600	200	2.491787	113.351345	0	95540.500674	0	-1	-1	float64	-1	2454.693	torch-2.14.0+cu130
torch-compile-mat	11	1	25600	200	2.507744	112.892389	0	95540.500674	0	-1	-1	float64	-1	2470.660	torch-2.14.0+cu130
jax	11	1	25600	200	0.003037	32.298565	0	95540.500674	0	-1	-1	float64	113.849	1.137	jax-0.11.1
fused	11	1	256000	200	0.002468	13.870001	52	955405.006738	0	1.040000	float64				c4768c675165
eager	11	1	256000	200	0.004896	109.795332	51	955405.006738	0	8.005000	float64				c4768c675165
nojit	11	1	256000	200	0.004353	113.129616	51	955405.006738	0	8.005000	float64				c4768c675165
torch-compile	11	1	256000	200	2.525368	193.605423	0	955405.006738	0	-1	-1	float64	-1	2487.716	torch-2.14.0+cu130
torch-eager	11	1	256000	200	0.247565	207.128525	0	955405.006738	0	-1	-1	float64	-1	212.291	torch-2.14.0+cu130
triton	11	1	256000	200	0.509833	18.577576	1	955405.006738	0	-1	-1	float64	491.026	0.111	triton-3.8.0
torch-compile-ro	11	1	256000	200	2.548387	261.183977	0	955405.006738	0	-1	-1	float64	-1	2483.218	torch-2.14.0+cu130
torch-compile-mat	11	1	256000	200	2.581268	263.167620	0	955405.006738	0	-1	-1	float64	-1	2515.960	torch-2.14.0+cu130
jax	11	1	256000	200	0.004975	35.915375	0	955405.006738	0	-1	-1	float64	147.677	1.210	jax-0.11.1
fused	12	1	25600	200	0.004654	69.780350	53	256.065387	0	2.005000	float64				c4768c675165
eager	12	1	25600	200	0.004278	69.429874	51	256.065387	0	2.005000	float64				c4768c675165
nojit	12	1	25600	200	0.002569	69.195032	51	256.065387	0	2.005000	float64				c4768c675165
torch-compile	12	1	25600	200	2.608186	130.259991	0	256.065387	0	-1	-1	float64	-1	2591.520	torch-2.14.0+cu130
torch-eager	12	1	25600	200	0.283220	127.785206	0	256.065387	0	-1	-1	float64	-1	268.222	torch-2.14.0+cu130
triton	12	1	25600	200	0.509134	228.619576	1	256.065387	0	-1	-1	float64	485.750	0.348	triton-3.8.0
torch-compile-ro	12	1	25600	200	2.676603	166.993141	0	256.065387	0	-1	-1	float64	-1	2628.591	torch-2.14.0+cu130
torch-compile-mat	12	1	25600	200	2.723430	168.061256	0	256.065387	0	-1	-1	float64	-1	2675.346	torch-2.14.0+cu130
jax	12	1	25600	200	0.002991	35.514832	0	256.065387	0	-1	-1	float64	1158.512	1.253	jax-0.11.1
fused	12	1	256000	200	0.011367	256.035328	53	2560.654532	0	2.005000	float64				c4768c675165
eager	12	1	256000	200	0.010904	258.774757	51	2560.654532	0	2.005000	float64				c4768c675165
nojit	12	1	256000	200	0.009720	258.719921	51	2560.654532	0	2.005000	float64				c4768c675165
torch-compile	12	1	256000	200	2.667446	455.485582	0	2560.654532	0	-1	-1	float64	-1	2616.164	torch-2.14.0+cu130
torch-eager	12	1	256000	200	0.355803	447.218418	0	2560.654532	0	-1	-1	float64	-1	305.807	torch-2.14.0+cu130
triton	12	1	256000	200	0.513132	229.797363	1	2560.654532	0	-1	-1	float64	489.943	0.345	triton-3.8.0
torch-compile-ro	12	1	256000	200	2.699692	489.301682	0	2560.654532	0	-1	-1	float64	-1	2618.835	torch-2.14.0+cu130
torch-compile-mat	12	1	256000	200	2.710814	489.586592	0	2560.654532	0	-1	-1	float64	-1	2629.766	torch-2.14.0+cu130
jax	12	1	256000	200	0.010716	214.828253	0	2560.654532	0	-1	-1	float64	2435.749	1.623	jax-0.11.1
fused	13	1	25600	200	0.011782	312.075615	52	0.000000	0	1.005000	float64				c4768c675165
eager	13	1	25600	200	0.014237	406.174660	51	0.000000	0	6.005000	float64				c4768c675165
nojit	13	1	25600	200	0.013180	405.964851	51	0.000000	0	6.005000	float64				c4768c675165
torch-compile	13	1	25600	200	2.717642	527.476072	0	0.000000	0	-1	-1	float64	-1	2665.171	torch-2.14.0+cu130
torch-eager	13	1	25600	200	0.366689	522.408485	0	0.000000	0	-1	-1	float64	-1	315.596	torch-2.14.0+cu130
triton	13	1	25600	200	0.536877	1002.265215	2	0.000000	0	-1	-1	float64	488.429	1.053	triton-3.8.0
torch-compile-ro	13	1	25600	200	2.766678	551.593304	0	0.000000	0	-1	-1	float64	-1	2682.544	torch-2.14.0+cu130
torch-compile-mat	13	1	25600	200	2.812485	547.248125	0	0.000000	0	-1	-1	float64	-1	2728.601	torch-2.14.0+cu130
jax	13	1	25600	200	0.005030	100.097656	0	0.000000	0	-1	-1	float64	1727.874	1.449	jax-0.11.1
fused	13	1	256000	200	0.116826	3557.709455	52	-0.000000	0	1.005000	float64				c4768c675165
eager	13	1	256000	200	0.132249	4161.499739	51	-0.000000	0	6.005000	float64				c4768c675165
nojit	13	1	256000	200	0.132114	4081.200361	51	-0.000000	0	6.005000	float64				c4768c675165
torch-compile	13	1	256000	200	2.876839	3992.406130	0	-0.000000	0	-1	-1	float64	-1	2690.976	torch-2.14.0+cu130
torch-eager	13	1	256000	200	0.528790	3960.224390	0	-0.000000	0	-1	-1	float64	-1	345.482	torch-2.14.0+cu130
triton	13	1	256000	200	0.621917	3491.504192	2	-0.000000	0	-1	-1	float64	497.277	3.689	triton-3.8.0
torch-compile-ro	13	1	256000	200	2.923752	4061.541557	0	-0.000000	0	-1	-1	float64	-1	2708.024	torch-2.14.0+cu130
torch-compile-mat	13	1	256000	200	2.944235	4112.759829	0	-0.000000	0	-1	-1	float64	-1	2729.308	torch-2.14.0+cu130
jax	13	1	256000	200	0.096273	2888.364792	0	-0.000000	0	-1	-1	float64	3140.646	4.638	jax-0.11.1
fused	6	1	25600	200	0.011967	207.184553	55	256.065463	0	6.005000	float64				c4768c675165
eager	6	1	25600	200	0.011699	206.309557	51	256.065463	0	6.005000	float64				c4768c675165
nojit	6	1	25600	200	0.007326	206.365585	51	256.065463	0	6.005000	float64				c4768c675165
torch-compile	6	1	25600	200	2.640115	351.675749	0	256.065463	0	-1	-1	float64	-1	2601.023	torch-2.14.0+cu130
torch-eager	6	1	25600	200	0.326569	350.663662	0	256.065463	0	-1	-1	float64	-1	288.820	torch-2.14.0+cu130
triton	6	1	25600	200	0.529815	683.931112	1	256.065463	0	-1	-1	float64	492.242	0.725	triton-3.8.0
torch-compile-ro	6	1	25600	200	2.686297	371.320248	0	256.065463	0	-1	-1	float64	-1	2616.555	torch-2.14.0+cu130
torch-compile-mat	6	1	25600	200	3.003007	370.563269	0	256.065463	0	-1	-1	float64	-1	2932.937	torch-2.14.0+cu130
jax	6	1	25600	200	0.004035	77.546835	0	256.065463	0	-1	-1	float64	1204.974	1.243	jax-0.11.1
fused	6	1	256000	200	0.028382	763.485432	55	2560.654707	0	6.005000	float64				c4768c675165
eager	6	1	256000	200	0.028143	763.449669	51	2560.654707	0	6.005000	float64				c4768c675165
nojit	6	1	256000	200	0.024776	763.620138	51	2560.654707	0	6.005000	float64				c4768c675165
torch-compile	6	1	256000	200	2.731890	1050.732136	0	2560.654707	0	-1	-1	float64	-1	2646.548	torch-2.14.0+cu130
torch-eager	6	1	256000	200	0.421396	1042.562723	0	2560.654707	0	-1	-1	float64	-1	339.417	torch-2.14.0+cu130
triton	6	1	256000	200	0.524596	687.437057	1	2560.654707	0	-1	-1	float64	487.596	0.728	triton-3.8.0
torch-compile-ro	6	1	256000	200	2.758888	1082.181931	0	2560.654707	0	-1	-1	float64	-1	2645.029	torch-2.14.0+cu130
torch-compile-mat	6	1	256000	200	3.075630	1083.563566	0	2560.654707	0	-1	-1	float64	-1	2955.131	torch-2.14.0+cu130
jax	6	1	256000	200	0.023080	627.374649	0	2560.654707	0	-1	-1	float64	2484.269	1.574	jax-0.11.1
fused	7	1	25600	200	0.028402	492.260456	57	25.611041	0	16.000000	float64				c4768c675165
eager	7	1	25600	200	0.031117	499.991179	51	25.611041	0	26.000000	float64				c4768c675165
nojit	7	1	25600	200	0.015561	499.199629	51	25.611041	0	26.000000	float64				c4768c675165
torch-compile	7	1	25600	200	2.676416	716.310740	0	25.611041	0	-1	-1	float64	-1	2625.522	torch-2.14.0+cu130
torch-eager	7	1	25600	200	0.355035	643.373728	0	25.611041	0	-1	-1	float64	-1	308.621	torch-2.14.0+cu130
torch-compile-ro	7	1	25600	200	2.800362	773.326159	0	25.611041	0	-1	-1	float64	-1	2710.546	torch-2.14.0+cu130
torch-compile-mat	7	1	25600	200	2.757869	766.019821	0	25.611041	0	-1	-1	float64	-1	2669.251	torch-2.14.0+cu130
jax	7	1	25600	200	0.009143	223.225355	0	25.611041	0	-1	-1	float64	2767.685	2.035	jax-0.11.1
fused	7	1	256000	200	0.074778	2027.735710	57	0.000000	0	16.000000	float64				c4768c675165
eager	7	1	256000	200	0.077510	2056.949139	51	0.000000	0	26.000000	float64				c4768c675165
nojit	7	1	256000	200	0.062751	2039.735317	51	0.000000	0	26.000000	float64				c4768c675165
torch-compile	7	1	256000	200	2.775341	2407.037020	0	0.000000	0	-1	-1	float64	-1	2650.212	torch-2.14.0+cu130
torch-eager	7	1	256000	200	0.463492	2406.971455	0	0.000000	0	-1	-1	float64	-1	340.614	torch-2.14.0+cu130
torch-compile-ro	7	1	256000	200	2.897387	2494.510412	0	0.000000	0	-1	-1	float64	-1	2736.808	torch-2.14.0+cu130
torch-compile-mat	7	1	256000	200	2.872129	2488.411665	0	0.000000	0	-1	-1	float64	-1	2712.439	torch-2.14.0+cu130
jax	7	1	256000	200	0.055485	1734.133959	0	0.000000	0	-1	-1	float64	3457.338	4.118	jax-0.11.1
fused	8	1	25600	200	0.015130	365.780592	56	3221914.952339	0	5.015000	float64				c4768c675165
eager	8	1	25600	200	0.023043	629.230738	51	3221914.952339	0	34.005000	float64				c4768c675165
nojit	8	1	25600	200	0.018611	629.475117	51	3221914.952339	0	34.005000	float64				c4768c675165
torch-compile	8	1	25600	200	2.681776	407.117605	0	3221914.952339	0	-1	-1	float64	-1	2662.421	torch-2.14.0+cu130
torch-eager	8	1	25600	200	0.367695	419.306755	0	3221914.952339	0	-1	-1	float64	-1	349.084	torch-2.14.0+cu130
torch-compile-ro	8	1	25600	200	2.790191	416.446924	0	3221914.952339	0	-1	-1	float64	-1	2739.738	torch-2.14.0+cu130
torch-compile-mat	8	1	25600	200	2.813627	410.350561	0	3221914.952339	0	-1	-1	float64	-1	2763.215	torch-2.14.0+cu130
jax	8	1	25600	200	0.008982	224.623680	0	3221914.952339	0	-1	-1	float64	2135.190	1.614	jax-0.11.1
fused	8	1	256000	200	0.527064	16168.749332	56	32261731.495851	0	5.015000	float64				c4768c675165
eager	8	1	256000	200	0.600120	19103.059769	51	32261731.495851	0	34.005000	float64				c4768c675165
nojit	8	1	256000	200	0.597365	19100.550413	51	32261731.495851	0	34.005000	float64				c4768c675165
torch-compile	8	1	256000	200	3.408529	21462.582350	0	32261731.495851	0	-1	-1	float64	-1	2695.542	torch-2.14.0+cu130
torch-eager	8	1	256000	200	1.091270	20795.960426	0	32261731.495851	0	-1	-1	float64	-1	416.721	torch-2.14.0+cu130
torch-compile-ro	8	1	256000	200	3.495070	21494.807005	0	32261731.495851	0	-1	-1	float64	-1	2750.567	torch-2.14.0+cu130
torch-compile-mat	8	1	256000	200	3.484567	21589.248180	0	32261731.495851	0	-1	-1	float64	-1	2747.853	torch-2.14.0+cu130
jax	8	1	256000	200	0.412454	12135.381699	0	32261731.495851	0	-1	-1	float64	3097.839	15.545	jax-0.11.1
fused	9	1	25600	200	0.020507	573.884249	57	214.208506	0	6.000000	float64				c4768c675165
eager	9	1	25600	200	0.020209	573.669672	54	214.208506	0	10.000000	float64				c4768c675165
nojit	9	1	25600	200	0.016975	572.979450	54	214.208506	0	10.000000	float64				c4768c675165
torch-compile	9	1	25600	200	2.695184	719.535351	0	214.208506	0	-1	-1	float64	-1	2667.355	torch-2.14.0+cu130
torch-eager	9	1	25600	200	0.356034	658.080578	0	214.208506	0	-1	-1	float64	-1	331.577	torch-2.14.0+cu130
torch-compile-ro	9	1	25600	200	2.809298	733.619928	0	214.208506	0	-1	-1	float64	-1	2751.520	torch-2.14.0+cu130
torch-compile-mat	9	1	25600	200	2.753597	733.803511	0	214.208506	0	-1	-1	float64	-1	2695.760	torch-2.14.0+cu130
jax	9	1	25600	200	0.008490	182.045698	0	214.208506	0	-1	-1	float64	842.564	1.089	jax-0.11.1
fused	9	1	256000	200	0.017817	415.890217	57	2158.224764	0	6.000000	float64				c4768c675165
eager	9	1	256000	200	0.018017	450.284481	54	2158.224764	0	10.000000	float64				c4768c675165
nojit	9	1	256000	200	0.014861	434.854031	54	2158.224764	0	10.000000	float64				c4768c675165
torch-compile	9	1	256000	200	2.780627	1345.523596	0	2158.224764	0	-1	-1	float64	-1	2709.069	torch-2.14.0+cu130
torch-eager	9	1	256000	200	0.512977	1270.821095	0	2158.224764	0	-1	-1	float64	-1	444.668	torch-2.14.0+cu130
torch-compile-ro	9	1	256000	200	2.908566	1383.937597	0	2158.224764	0	-1	-1	float64	-1	2808.866	torch-2.14.0+cu130
torch-compile-mat	9	1	256000	200	3.162722	1382.223368	0	2158.224764	0	-1	-1	float64	-1	3062.976	torch-2.14.0+cu130
jax	9	1	256000	200	0.011456	255.936384	0	2158.224764	0	-1	-1	float64	910.508	1.529	jax-0.11.1
fused	10	1	25600	200	0.321113	3151.715994	76	0.000000	0	78.000000	float64				c4768c675165
eager	10	1	25600	200	0.433954	3787.704706	51	0.000000	0	235.000000	float64				c4768c675165
nojit	10	1	25600	200	0.106889	3555.260897	51	0.000000	0	238.000000	float64				c4768c675165
torch-compile	10	1	25600	200	2.892805	2488.690615	0	0.000000	0	-1	-1	float64	-1	2807.356	torch-2.14.0+cu130
torch-eager	10	1	25600	200	0.495898	3001.339436	0	0.000000	0	-1	-1	float64	-1	396.132	torch-2.14.0+cu130
torch-compile-ro	10	1	25600	200	2.974725	2487.020493	0	0.000000	0	-1	-1	float64	-1	2851.238	torch-2.14.0+cu130
torch-compile-mat	10	1	25600	200	3.040241	2477.744818	0	0.000000	0	-1	-1	float64	-1	2917.194	torch-2.14.0+cu130
jax	10	1	25600	200	0.038102	1058.130264	0	0.000000	0	-1	-1	float64	5180.990	6.947	jax-0.11.1
fused	10	1	155008	200	1.643156	49301.855564	76	0.000000	0	78.000000	float64				c4768c675165
eager	10	1	155008	200	1.802329	51693.630219	51	0.000000	0	235.000000	float64				c4768c675165
nojit	10	1	155008	200	1.468375	51689.065695	51	0.000000	0	238.000000	float64				c4768c675165
torch-compile	10	1	155008	200	4.029984	38469.969034	0	0.000000	0	-1	-1	float64	-1	2841.480	torch-2.14.0+cu130
torch-eager	10	1	155008	200	1.673411	40284.397602	0	0.000000	0	-1	-1	float64	-1	437.534	torch-2.14.0+cu130
torch-compile-ro	10	1	155008	200	4.127032	38378.689289	0	0.000000	0	-1	-1	float64	-1	2877.956	torch-2.14.0+cu130
torch-compile-mat	10	1	155008	200	4.196311	37587.534189	0	0.000000	0	-1	-1	float64	-1	2974.311	torch-2.14.0+cu130
jax	10	1	155008	200	0.696844	21882.790327	0	0.000000	0	-1	-1	float64	6236.053	40.705	jax-0.11.1
fused	0	1	1000000	200	0.001245	12.021065	52	1000000.000000	0	1.015000	float64				c4768c675165
eager	0	1	1000000	200	0.001543	28.154850	51	1000000.000000	0	3.005000	float64				c4768c675165
nojit	0	1	1000000	200	0.000965	30.109882	51	1000000.000000	0	3.005000	float64				c4768c675165
torch-compile	0	1	1000000	200	0.643746	34.930706	0	1000000.000000	0	1	0	float64	-1	642.377	torch-2.14.0+cu130
torch-eager	0	1	1000000	200	0.050000	24.548769	0	1000000.000000	0	-1	-1	float64	-1	49.114	torch-2.14.0+cu130
triton	0	1	1000000	200	0.507848	18.604994	1	1000000.000000	0	-1	-1	float64	489.968	0.113	triton-3.8.0
torch-compile-ro	0	1	1000000	200	0.680587	93.152523	0	1000000.000000	0	1	0	float64	-1	645.079	torch-2.14.0+cu130
torch-compile-mat	0	1	1000000	200	0.682206	92.939138	0	1000000.000000	0	1	0	float64	-1	649.107	torch-2.14.0+cu130
jax	0	1	1000000	200	0.006310	37.844181	0	1000000.000000	0	-1	-1	float64	279.351	1.780	jax-0.11.1
fused	0	4	1000000	200	0.001997	33.180714	52	1000000.000000	0	1.060000	float64				c4768c675165
eager	0	4	1000000	200	0.003972	109.745264	51	1000000.000000	0	12.005000	float64				c4768c675165
nojit	0	4	1000000	200	0.003514	120.894909	51	1000000.000000	0	12.005000	float64				c4768c675165
torch-compile	0	4	1000000	200	0.640058	56.166649	0	1000000.000000	0	1	0	float64	-1	638.177	torch-2.14.0+cu130
torch-eager	0	4	1000000	200	0.052182	97.339153	0	1000000.000000	0	-1	-1	float64	-1	49.256	torch-2.14.0+cu130
triton	0	4	1000000	200	0.502599	29.404163	1	1000000.000000	0	-1	-1	float64	484.547	0.157	triton-3.8.0
torch-compile-ro	0	4	1000000	200	0.686155	94.438791	0	1000000.000000	0	1	0	float64	-1	653.126	torch-2.14.0+cu130
torch-compile-mat	0	4	1000000	200	0.692757	99.184513	0	1000000.000000	0	1	0	float64	-1	659.779	torch-2.14.0+cu130
jax	0	4	1000000	200	0.006940	80.941916	0	1000000.000000	0	-1	-1	float64	299.310	1.597	jax-0.11.1
fused	0	8	1000000	200	0.003223	64.843893	52	1000000.000000	0	1.120000	float64				c4768c675165
eager	0	8	1000000	200	0.008059	242.525339	51	1000000.000000	0	24.005000	float64				c4768c675165
nojit	0	8	1000000	200	0.007024	241.684914	51	1000000.000000	0	24.005000	float64				c4768c675165
torch-compile	0	8	1000000	200	0.652644	110.871792	0	1000000.000000	0	1	0	float64	-1	649.213	torch-2.14.0+cu130
torch-eager	0	8	1000000	200	0.054872	194.387436	0	1000000.000000	0	-1	-1	float64	-1	49.136	torch-2.14.0+cu130
triton	0	8	1000000	200	0.511328	58.362484	1	1000000.000000	0	-1	-1	float64	493.096	0.158	triton-3.8.0
torch-compile-ro	0	8	1000000	200	0.694957	138.125420	0	1000000.000000	0	1	0	float64	-1	660.727	torch-2.14.0+cu130
torch-compile-mat	0	8	1000000	200	0.699142	139.061213	0	1000000.000000	0	1	0	float64	-1	665.327	torch-2.14.0+cu130
jax	0	8	1000000	200	0.008427	152.924061	0	1000000.000000	0	-1	-1	float64	295.669	1.297	jax-0.11.1
fused	0	4	10000	200	0.001088	9.260178	52	10000.000000	0	1.060000	float64				c4768c675165
eager	0	4	10000	200	0.001487	28.350353	51	10000.000000	0	12.005000	float64				c4768c675165
nojit	0	4	10000	200	0.000842	27.019978	51	10000.000000	0	12.005000	float64				c4768c675165
torch-compile	0	4	10000	200	0.643237	37.162304	0	10000.000000	0	1	0	float64	-1	641.771	torch-2.14.0+cu130
torch-eager	0	4	10000	200	0.050885	70.686340	0	10000.000000	0	-1	-1	float64	-1	48.680	torch-2.14.0+cu130
triton	0	4	10000	200	0.510282	18.801689	1	10000.000000	0	-1	-1	float64	493.101	0.103	triton-3.8.0
torch-compile-ro	0	4	10000	200	0.678528	95.090866	0	10000.000000	0	1	0	float64	-1	645.785	torch-2.14.0+cu130
torch-compile-mat	0	4	10000	200	0.677985	91.378689	0	10000.000000	0	1	0	float64	-1	645.422	torch-2.14.0+cu130
jax	0	4	10000	200	0.003048	31.900406	0	10000.000000	0	-1	-1	float64	282.744	1.485	jax-0.11.1
fused	0	4	100000	200	0.001092	9.299517	52	100000.000000	0	1.060000	float64				c4768c675165
eager	0	4	100000	200	0.001672	31.369925	51	100000.000000	0	12.005000	float64				c4768c675165
nojit	0	4	100000	200	0.000934	28.560162	51	100000.000000	0	12.005000	float64				c4768c675165
torch-compile	0	4	100000	200	0.643572	34.011602	0	100000.000000	0	1	0	float64	-1	642.189	torch-2.14.0+cu130
torch-eager	0	4	100000	200	0.053432	71.898699	0	100000.000000	0	-1	-1	float64	-1	51.202	torch-2.14.0+cu130
triton	0	4	100000	200	0.507710	20.165443	1	100000.000000	0	-1	-1	float64	490.056	0.143	triton-3.8.0
torch-compile-ro	0	4	100000	200	0.680700	92.003345	0	100000.000000	0	1	0	float64	-1	647.907	torch-2.14.0+cu130
torch-compile-mat	0	4	100000	200	0.690851	89.712143	0	100000.000000	0	1	0	float64	-1	658.036	torch-2.14.0+cu130
jax	0	4	100000	200	0.003761	30.716658	0	100000.000000	0	-1	-1	float64	269.455	1.177	jax-0.11.1
fused	0	4	1000000	200	0.002011	33.174753	52	1000000.000000	0	1.060000	float64				c4768c675165
eager	0	4	1000000	200	0.003948	109.980106	51	1000000.000000	0	12.005000	float64				c4768c675165
nojit	0	4	1000000	200	0.003519	120.954514	51	1000000.000000	0	12.005000	float64				c4768c675165
torch-compile	0	4	1000000	200	0.644477	56.185722	0	1000000.000000	0	1	0	float64	-1	642.606	torch-2.14.0+cu130
torch-eager	0	4	1000000	200	0.052283	97.322464	0	1000000.000000	0	-1	-1	float64	-1	49.355	torch-2.14.0+cu130
triton	0	4	1000000	200	0.512348	30.766726	1	1000000.000000	0	-1	-1	float64	494.621	0.124	triton-3.8.0
torch-compile-ro	0	4	1000000	200	0.684039	97.563267	0	1000000.000000	0	1	0	float64	-1	650.766	torch-2.14.0+cu130
torch-compile-mat	0	4	1000000	200	0.685978	96.664429	0	1000000.000000	0	1	0	float64	-1	652.834	torch-2.14.0+cu130
jax	0	4	1000000	200	0.006078	81.119537	0	1000000.000000	0	-1	-1	float64	294.115	1.303	jax-0.11.1
fused	0	4	10000000	200	0.016016	339.125395	52	10000000.000000	0	1.060000	float64				c4768c675165
eager	0	4	10000000	200	0.096242	3289.004564	51	10000000.000000	0	12.005000	float64				c4768c675165
nojit	0	4	10000000	200	0.095938	3289.300203	51	10000000.000000	0	12.005000	float64				c4768c675165
torch-compile	0	4	10000000	200	0.663286	548.590422	0	10000000.000000	0	1	0	float64	-1	647.090	torch-2.14.0+cu130
torch-eager	0	4	10000000	200	0.146446	3278.956413	0	10000000.000000	0	-1	-1	float64	-1	50.926	torch-2.14.0+cu130
triton	0	4	10000000	200	0.511790	309.158564	1	10000000.000000	0	-1	-1	float64	486.231	0.604	triton-3.8.0
torch-compile-ro	0	4	10000000	200	0.716438	1167.756319	0	10000000.000000	0	1	0	float64	-1	652.766	torch-2.14.0+cu130
torch-compile-mat	0	4	10000000	200	0.711217	1170.227528	0	10000000.000000	0	1	0	float64	-1	647.468	torch-2.14.0+cu130
jax	0	4	10000000	200	0.052205	848.504305	0	10000000.000000	0	-1	-1	float64	302.847	1.504	jax-0.11.1
fused	1	4	1000000	200	0.002646	33.750534	53	1000122.070313	0	1.060000	float64				c4768c675165
eager	1	4	1000000	200	0.004425	122.364759	51	1000122.070313	0	12.150000	float64				c4768c675165
nojit	1	4	1000000	200	0.003538	121.248960	51	1000122.070313	0	12.150000	float64				c4768c675165
torch-compile	1	4	1000000	200	0.926837	97.362995	0	1000122.070313	0	1	0	float64	-1	642.582	torch-2.14.0+cu130
torch-eager	1	4	1000000	200	0.051968	98.520517	0	1000122.070313	0	-1	-1	float64	-1	49.006	torch-2.14.0+cu130
triton	1	4	1000000	200	0.505590	30.736923	2	1000122.070313	0	-1	-1	float64	488.264	0.098	triton-3.8.0
torch-compile-ro	1	4	1000000	200	0.979558	185.103416	0	1000122.070313	0	1	0	float64	-1	650.437	torch-2.14.0+cu130
torch-compile-mat	1	4	1000000	200	1.002765	185.360909	0	1000122.070313	0	1	0	float64	-1	661.220	torch-2.14.0+cu130
jax	1	4	1000000	200	0.007081	82.217455	0	1000122.070313	0	-1	-1	float64	301.208	1.626	jax-0.11.1
fused	2	4	1000000	200	0.002238	34.360886	53	1000122.070313	0	1.150000	float64				c4768c675165
eager	2	4	1000000	200	0.004423	122.464895	51	1000122.070313	0	12.150000	float64				c4768c675165
nojit	2	4	1000000	200	0.003540	121.250153	51	1000122.070313	0	12.150000	float64				c4768c675165
torch-compile	2	4	1000000	200	0.727251	57.410002	0	1000122.070313	0	2	1	float64	-1	719.378	torch-2.14.0+cu130
torch-eager	2	4	1000000	200	0.051368	107.947588	0	1000122.070313	0	-1	-1	float64	-1	48.117	torch-2.14.0+cu130
triton	2	4	1000000	200	0.505487	53.018332	2	1000122.070313	0	-1	-1	float64	487.131	0.100	triton-3.8.0
torch-compile-ro	2	4	1000000	200	0.776153	104.025602	0	1000122.070313	0	2	1	float64	-1	734.775	torch-2.14.0+cu130
torch-compile-mat	2	4	1000000	200	0.788124	104.273558	0	1000122.070313	0	2	1	float64	-1	746.655	torch-2.14.0+cu130
jax	2	4	1000000	200	0.008088	135.388374	0	1000122.070313	0	-1	-1	float64	291.016	0.712	jax-0.11.1
fused	3	4	1000000	200	0.003113	65.100193	53	1533333.333333	0	2.005000	float64				c4768c675165
eager	3	4	1000000	200	0.005257	147.465467	51	1533333.333333	0	14.005000	float64				c4768c675165
nojit	3	4	1000000	200	0.004370	148.109198	51	1533333.333333	0	14.005000	float64				c4768c675165
torch-compile	3	4	1000000	200	0.919523	127.440691	0	1533333.333333	0	2	1	float64	-1	691.159	torch-2.14.0+cu130
torch-eager	3	4	1000000	200	0.053152	131.773949	0	1533333.333333	0	-1	-1	float64	-1	49.240	torch-2.14.0+cu130
triton	3	4	1000000	200	0.510394	85.058212	2	1533333.333333	0	-1	-1	float64	490.402	0.099	triton-3.8.0
torch-compile-ro	3	4	1000000	200	0.981550	311.661959	0	1533333.333333	0	2	1	float64	-1	698.166	torch-2.14.0+cu130
torch-compile-mat	3	4	1000000	200	1.096220	311.025381	0	1533333.333333	0	2	1	float64	-1	806.100	torch-2.14.0+cu130
jax	3	4	1000000	200	0.013474	245.240927	0	1533333.333333	0	-1	-1	float64	294.773	0.970	jax-0.11.1
fused	4	4	1000000	200	0.002762	37.170649	53	1533317.820224	0	1.065000	float64				c4768c675165
eager	4	4	1000000	200	0.004664	119.074583	51	1533317.820224	0	13.005000	float64				c4768c675165
nojit	4	4	1000000	200	0.003784	130.064487	51	1533317.820224	0	13.005000	float64				c4768c675165
torch-compile	4	4	1000000	200	0.929852	104.383230	0	1533317.820224	0	1	0	float64	-1	640.334	torch-2.14.0+cu130
torch-eager	4	4	1000000	200	0.052353	105.733871	0	1533317.820224	0	-1	-1	float64	-1	49.181	torch-2.14.0+cu130
triton	4	4	1000000	200	0.508135	38.158894	3	1533317.820224	0	-1	-1	float64	490.418	0.100	triton-3.8.0
torch-compile-ro	4	4	1000000	200	0.987216	192.135572	0	1533317.820224	0	1	0	float64	-1	652.871	torch-2.14.0+cu130
torch-compile-mat	4	4	1000000	200	1.001250	192.306042	0	1533317.820224	0	1	0	float64	-1	654.526	torch-2.14.0+cu130
jax	4	4	1000000	200	0.007157	91.595650	0	1533317.820224	0	-1	-1	float64	299.019	1.660	jax-0.11.1
fused	5	4	1000000	200	0.002876	37.155151	52	1533333.333333	0	1.065000	float64				c4768c675165
eager	5	4	1000000	200	0.004896	127.680302	51	1533333.333333	0	13.005000	float64				c4768c675165
nojit	5	4	1000000	200	0.003784	130.159855	51	1533333.333333	0	13.005000	float64				c4768c675165
torch-compile	5	4	1000000	200	0.979926	104.628801	0	1533333.333333	0	2	1	float64	-1	695.378	torch-2.14.0+cu130
torch-eager	5	4	1000000	200	0.052270	105.682611	0	1533333.333333	0	-1	-1	float64	-1	49.103	torch-2.14.0+cu130
triton	5	4	1000000	200	0.510681	37.965775	2	1533333.333333	0	-1	-1	float64	493.120	0.123	triton-3.8.0
torch-compile-ro	5	4	1000000	200	1.052558	192.263126	0	1533333.333333	0	2	1	float64	-1	707.675	torch-2.14.0+cu130
torch-compile-mat	5	4	1000000	200	1.060505	194.395781	0	1533333.333333	0	2	1	float64	-1	713.964	torch-2.14.0+cu130
jax	5	4	1000000	200	0.007340	91.336966	0	1533333.333333	0	-1	-1	float64	281.156	1.001	jax-0.11.1
fused	11	1	25600	200	0.001178	3.124475	52	95540.500674	0	1.040000	float64				c4768c675165
eager	11	1	25600	200	0.002022	41.610003	51	95540.500674	0	8.005000	float64				c4768c675165
nojit	11	1	25600	200	0.001315	41.744709	51	95540.500674	0	8.005000	float64				c4768c675165
torch-compile	11	1	25600	200	2.480527	53.914785	0	95540.500674	0	-1	-1	float64	-1	2474.853	torch-2.14.0+cu130
torch-eager	11	1	25600	200	0.251957	67.639351	0	95540.500674	0	-1	-1	float64	-1	247.128	torch-2.14.0+cu130
triton	11	1	25600	200	0.507180	18.522739	1	95540.500674	0	-1	-1	float64	488.221	0.141	triton-3.8.0
torch-compile-ro	11	1	25600	200	2.568990	113.044977	0	95540.500674	0	-1	-1	float64	-1	2531.986	torch-2.14.0+cu130
torch-compile-mat	11	1	25600	200	2.576465	113.619566	0	95540.500674	0	-1	-1	float64	-1	2539.596	torch-2.14.0+cu130
jax	11	1	25600	200	0.003158	33.611059	0	95540.500674	0	-1	-1	float64	118.762	0.853	jax-0.11.1
fused	11	1	256000	200	0.002468	13.830662	52	955405.006738	0	1.040000	float64				c4768c675165
eager	11	1	256000	200	0.004898	109.865665	51	955405.006738	0	8.005000	float64				c4768c675165
nojit	11	1	256000	200	0.004354	113.170147	51	955405.006738	0	8.005000	float64				c4768c675165
torch-compile	11	1	256000	200	2.551384	192.739964	0	955405.006738	0	-1	-1	float64	-1	2516.008	torch-2.14.0+cu130
torch-eager	11	1	256000	200	0.245453	209.323168	0	955405.006738	0	-1	-1	float64	-1	210.904	torch-2.14.0+cu130
triton	11	1	256000	200	0.503741	18.733740	1	955405.006738	0	-1	-1	float64	484.998	0.114	triton-3.8.0
torch-compile-ro	11	1	256000	200	2.583285	265.040398	0	955405.006738	0	-1	-1	float64	-1	2518.204	torch-2.14.0+cu130
torch-compile-mat	11	1	256000	200	2.563210	263.260603	0	955405.006738	0	-1	-1	float64	-1	2498.185	torch-2.14.0+cu130
jax	11	1	256000	200	0.004399	37.044287	0	955405.006738	0	-1	-1	float64	153.264	0.564	jax-0.11.1
fused	12	1	25600	200	0.004625	69.674253	53	256.065387	0	2.005000	float64				c4768c675165
eager	12	1	25600	200	0.004396	69.419146	51	256.065387	0	2.005000	float64				c4768c675165
nojit	12	1	25600	200	0.002570	69.215298	51	256.065387	0	2.005000	float64				c4768c675165
torch-compile	12	1	25600	200	2.588799	129.923820	0	256.065387	0	-1	-1	float64	-1	2572.143	torch-2.14.0+cu130
torch-eager	12	1	25600	200	0.281070	125.300884	0	256.065387	0	-1	-1	float64	-1	266.087	torch-2.14.0+cu130
triton	12	1	25600	200	0.516365	228.606462	1	256.065387	0	-1	-1	float64	492.533	0.343	triton-3.8.0
torch-compile-ro	12	1	25600	200	2.630181	167.739391	0	256.065387	0	-1	-1	float64	-1	2582.286	torch-2.14.0+cu130
torch-compile-mat	12	1	25600	200	2.641212	177.228451	0	256.065387	0	-1	-1	float64	-1	2593.648	torch-2.14.0+cu130
jax	12	1	25600	200	0.002810	31.260252	0	256.065387	0	-1	-1	float64	1206.693	1.093	jax-0.11.1
fused	12	1	256000	200	0.011347	255.994797	53	2560.654532	0	2.005000	float64				c4768c675165
eager	12	1	256000	200	0.011065	258.790255	51	2560.654532	0	2.005000	float64				c4768c675165
nojit	12	1	256000	200	0.009544	258.849859	51	2560.654532	0	2.005000	float64				c4768c675165
torch-compile	12	1	256000	200	2.664304	458.563566	0	2560.654532	0	-1	-1	float64	-1	2612.591	torch-2.14.0+cu130
torch-eager	12	1	256000	200	0.419810	446.270704	0	2560.654532	0	-1	-1	float64	-1	371.049	torch-2.14.0+cu130
triton	12	1	256000	200	0.520004	229.763985	1	2560.654532	0	-1	-1	float64	495.960	0.361	triton-3.8.0
torch-compile-ro	12	1	256000	200	2.690353	489.107370	0	2560.654532	0	-1	-1	float64	-1	2608.855	torch-2.14.0+cu130
torch-compile-mat	12	1	256000	200	2.710546	489.896536	0	2560.654532	0	-1	-1	float64	-1	2629.334	torch-2.14.0+cu130
jax	12	1	256000	200	0.010115	214.588642	0	2560.654532	0	-1	-1	float64	2482.495	1.269	jax-0.11.1
fused	13	1	25600	200	0.012083	312.435627	52	0.000000	0	1.005000	float64				c4768c675165
eager	13	1	25600	200	0.014278	406.304598	51	0.000000	0	6.005000	float64				c4768c675165
nojit	13	1	25600	200	0.013135	406.163931	51	0.000000	0	6.005000	float64				c4768c675165
torch-compile	13	1	25600	200	2.720235	526.111126	0	0.000000	0	-1	-1	float64	-1	2668.335	torch-2.14.0+cu130
torch-eager	13	1	25600	200	0.368956	522.975922	0	0.000000	0	-1	-1	float64	-1	317.875	torch-2.14.0+cu130
triton	13	1	25600	200	0.539129	1001.486778	2	0.000000	0	-1	-1	float64	490.437	1.058	triton-3.8.0
torch-compile-ro	13	1	25600	200	2.760136	551.427603	0	0.000000	0	-1	-1	float64	-1	2675.973	torch-2.14.0+cu130
torch-compile-mat	13	1	25600	200	2.761243	545.969009	0	0.000000	0	-1	-1	float64	-1	2677.034	torch-2.14.0+cu130
jax	13	1	25600	200	0.005077	104.563236	0	0.000000	0	-1	-1	float64	1864.989	1.448	jax-0.11.1
fused	13	1	256000	200	0.116825	3639.584780	52	-0.000000	0	1.005000	float64				c4768c675165
eager	13	1	256000	200	0.132405	4128.735065	51	-0.000000	0	6.005000	float64				c4768c675165
nojit	13	1	256000	200	0.132008	4154.824018	51	-0.000000	0	6.005000	float64				c4768c675165
torch-compile	13	1	256000	200	2.879185	4069.418907	0	-0.000000	0	-1	-1	float64	-1	2693.171	torch-2.14.0+cu130
torch-eager	13	1	256000	200	0.556533	3990.404606	0	-0.000000	0	-1	-1	float64	-1	374.181	torch-2.14.0+cu130
triton	13	1	256000	200	0.623633	3514.621258	2	-0.000000	0	-1	-1	float64	498.057	3.699	triton-3.8.0
torch-compile-ro	13	1	256000	200	2.935166	4083.389044	0	-0.000000	0	-1	-1	float64	-1	2719.852	torch-2.14.0+cu130
torch-compile-mat	13	1	256000	200	2.954364	4029.371738	0	-0.000000	0	-1	-1	float64	-1	2738.948	torch-2.14.0+cu130
jax	13	1	256000	200	0.096504	2916.977406	0	-0.000000	0	-1	-1	float64	3149.632	4.278	jax-0.11.1
fused	6	1	25600	200	0.011992	207.365751	55	256.065463	0	6.005000	float64				c4768c675165
eager	6	1	25600	200	0.011770	206.344128	51	256.065463	0	6.005000	float64				c4768c675165
nojit	6	1	25600	200	0.007080	206.325054	51	256.065463	0	6.005000	float64				c4768c675165
torch-compile	6	1	25600	200	2.674557	350.799561	0	256.065463	0	-1	-1	float64	-1	2634.734	torch-2.14.0+cu130
torch-eager	6	1	25600	200	0.396136	348.988771	0	256.065463	0	-1	-1	float64	-1	358.474	torch-2.14.0+cu130
triton	6	1	25600	200	0.529263	683.981180	1	256.065463	0	-1	-1	float64	491.768	0.729	triton-3.8.0
torch-compile-ro	6	1	25600	200	2.682545	370.185375	0	256.065463	0	-1	-1	float64	-1	2609.996	torch-2.14.0+cu130
torch-compile-mat	6	1	25600	200	3.116947	370.141268	0	256.065463	0	-1	-1	float64	-1	3047.218	torch-2.14.0+cu130
jax	6	1	25600	200	0.003915	77.501535	0	256.065463	0	-1	-1	float64	1220.585	1.035	jax-0.11.1
fused	6	1	256000	200	0.028406	763.455629	55	2560.654707	0	6.005000	float64				c4768c675165
eager	6	1	256000	200	0.028037	763.413906	51	2560.654707	0	6.005000	float64				c4768c675165
nojit	6	1	256000	200	0.024979	763.390064	51	2560.654707	0	6.005000	float64				c4768c675165
torch-compile	6	1	256000	200	2.719258	1050.660610	0	2560.654707	0	-1	-1	float64	-1	2634.000	torch-2.14.0+cu130
torch-eager	6	1	256000	200	0.402514	1046.699286	0	2560.654707	0	-1	-1	float64	-1	319.139	torch-2.14.0+cu130
triton	6	1	256000	200	0.524958	687.744617	1	2560.654707	0	-1	-1	float64	487.417	0.735	triton-3.8.0
torch-compile-ro	6	1	256000	200	2.753035	1081.970930	0	2560.654707	0	-1	-1	float64	-1	2638.757	torch-2.14.0+cu130
torch-compile-mat	6	1	256000	200	2.965195	1078.747511	0	2560.654707	0	-1	-1	float64	-1	2850.737	torch-2.14.0+cu130
jax	6	1	256000	200	0.023095	626.915693	0	2560.654707	0	-1	-1	float64	2542.372	1.593	jax-0.11.1
fused	7	1	25600	200	0.028418	491.529703	57	25.611041	0	16.000000	float64				c4768c675165
eager	7	1	25600	200	0.030950	500.254631	51	25.611041	0	26.000000	float64				c4768c675165
nojit	7	1	25600	200	0.015548	499.759912	51	25.611041	0	26.000000	float64				c4768c675165
torch-compile	7	1	25600	200	2.694816	724.529028	0	25.611041	0	-1	-1	float64	-1	2643.739	torch-2.14.0+cu130
torch-eager	7	1	25600	200	0.425737	640.592575	0	25.611041	0	-1	-1	float64	-1	379.405	torch-2.14.0+cu130
torch-compile-ro	7	1	25600	200	2.801926	771.785975	0	25.611041	0	-1	-1	float64	-1	2713.709	torch-2.14.0+cu130
torch-compile-mat	7	1	25600	200	2.756215	764.802694	0	25.611041	0	-1	-1	float64	-1	2668.072	torch-2.14.0+cu130
jax	7	1	25600	200	0.008970	221.164227	0	25.611041	0	-1	-1	float64	2774.276	1.985	jax-0.11.1
fused	7	1	256000	200	0.074872	2054.860592	57	0.000000	0	16.000000	float64				c4768c675165
eager	7	1	256000	200	0.077400	2044.000626	51	0.000000	0	26.000000	float64				c4768c675165
nojit	7	1	256000	200	0.062566	2027.934790	51	0.000000	0	26.000000	float64				c4768c675165
torch-compile	7	1	256000	200	2.795838	2398.141623	0	0.000000	0	-1	-1	float64	-1	2671.355	torch-2.14.0+cu130
torch-eager	7	1	256000	200	0.465934	2425.272465	0	0.000000	0	-1	-1	float64	-1	341.744	torch-2.14.0+cu130
torch-compile-ro	7	1	256000	200	2.902164	2462.371588	0	0.000000	0	-1	-1	float64	-1	2741.818	torch-2.14.0+cu130
torch-compile-mat	7	1	256000	200	2.862802	2477.331161	0	0.000000	0	-1	-1	float64	-1	2699.420	torch-2.14.0+cu130
jax	7	1	256000	200	0.055619	1740.365028	0	0.000000	0	-1	-1	float64	3331.717	4.109	jax-0.11.1
fused	8	1	25600	200	0.015269	365.869999	56	3221914.952339	0	5.015000	float64				c4768c675165
eager	8	1	25600	200	0.023107	629.205704	51	3221914.952339	0	34.005000	float64				c4768c675165
nojit	8	1	25600	200	0.018608	629.584789	51	3221914.952339	0	34.005000	float64				c4768c675165
torch-compile	8	1	25600	200	2.673385	407.156944	0	3221914.952339	0	-1	-1	float64	-1	2654.023	torch-2.14.0+cu130
torch-eager	8	1	25600	200	0.372183	419.567823	0	3221914.952339	0	-1	-1	float64	-1	353.591	torch-2.14.0+cu130
torch-compile-ro	8	1	25600	200	2.789143	416.449308	0	3221914.952339	0	-1	-1	float64	-1	2738.703	torch-2.14.0+cu130
torch-compile-mat	8	1	25600	200	2.756654	410.696268	0	3221914.952339	0	-1	-1	float64	-1	2706.436	torch-2.14.0+cu130
jax	8	1	25600	200	0.008972	223.895311	0	3221914.952339	0	-1	-1	float64	2139.936	1.622	jax-0.11.1
fused	8	1	256000	200	0.527550	16166.094542	56	32261731.495851	0	5.015000	float64				c4768c675165
eager	8	1	256000	200	0.609369	19116.005898	51	32261731.495851	0	34.005000	float64				c4768c675165
nojit	8	1	256000	200	0.602290	19112.474918	51	32261731.495851	0	34.005000	float64				c4768c675165
torch-compile	8	1	256000	200	3.407925	21457.912922	0	32261731.495851	0	-1	-1	float64	-1	2710.941	torch-2.14.0+cu130
torch-eager	8	1	256000	200	1.075070	20804.377794	0	32261731.495851	0	-1	-1	float64	-1	386.854	torch-2.14.0+cu130
torch-compile-ro	8	1	256000	200	3.509229	21484.616995	0	32261731.495851	0	-1	-1	float64	-1	2774.953	torch-2.14.0+cu130
torch-compile-mat	8	1	256000	200	3.499868	21485.043764	0	32261731.495851	0	-1	-1	float64	-1	2756.119	torch-2.14.0+cu130
jax	8	1	256000	200	0.407186	12052.218914	0	32261731.495851	0	-1	-1	float64	3088.916	15.461	jax-0.11.1
fused	9	1	25600	200	0.020718	573.639870	57	214.208506	0	6.000000	float64				c4768c675165
eager	9	1	25600	200	0.020283	573.619604	54	214.208506	0	10.000000	float64				c4768c675165
nojit	9	1	25600	200	0.017004	573.105812	54	214.208506	0	10.000000	float64				c4768c675165
torch-compile	9	1	25600	200	2.692245	719.574690	0	214.208506	0	-1	-1	float64	-1	2664.230	torch-2.14.0+cu130
torch-eager	9	1	25600	200	0.358011	657.644272	0	214.208506	0	-1	-1	float64	-1	333.469	torch-2.14.0+cu130
torch-compile-ro	9	1	25600	200	2.788149	741.020441	0	214.208506	0	-1	-1	float64	-1	2730.424	torch-2.14.0+cu130
torch-compile-mat	9	1	25600	200	2.821813	733.315945	0	214.208506	0	-1	-1	float64	-1	2763.885	torch-2.14.0+cu130
jax	9	1	25600	200	0.009350	184.158087	0	214.208506	0	-1	-1	float64	839.406	1.672	jax-0.11.1
fused	9	1	256000	200	0.018007	415.019989	57	2158.224764	0	6.000000	float64				c4768c675165
eager	9	1	256000	200	0.018020	450.290442	54	2158.224764	0	10.000000	float64				c4768c675165
nojit	9	1	256000	200	0.014792	433.520079	54	2158.224764	0	10.000000	float64				c4768c675165
torch-compile	9	1	256000	200	2.773973	1343.449354	0	2158.224764	0	-1	-1	float64	-1	2702.012	torch-2.14.0+cu130
torch-eager	9	1	256000	200	0.443144	1276.255846	0	2158.224764	0	-1	-1	float64	-1	374.005	torch-2.14.0+cu130
torch-compile-ro	9	1	256000	200	2.893824	1382.749081	0	2158.224764	0	-1	-1	float64	-1	2793.567	torch-2.14.0+cu130
torch-compile-mat	9	1	256000	200	3.133016	1383.028030	0	2158.224764	0	-1	-1	float64	-1	3033.329	torch-2.14.0+cu130
jax	9	1	256000	200	0.010804	283.738375	0	2158.224764	0	-1	-1	float64	921.252	1.284	jax-0.11.1
fused	10	1	25600	200	0.320890	3161.120415	76	0.000000	0	78.000000	float64				c4768c675165
eager	10	1	25600	200	0.435950	3787.335157	51	0.000000	0	235.000000	float64				c4768c675165
nojit	10	1	25600	200	0.106834	3518.360853	51	0.000000	0	238.000000	float64				c4768c675165
torch-compile	10	1	25600	200	2.905506	2451.809645	0	0.000000	0	-1	-1	float64	-1	2821.043	torch-2.14.0+cu130
torch-eager	10	1	25600	200	0.502488	2999.249697	0	0.000000	0	-1	-1	float64	-1	398.643	torch-2.14.0+cu130
torch-compile-ro	10	1	25600	200	3.014224	2482.826710	0	0.000000	0	-1	-1	float64	-1	2887.356	torch-2.14.0+cu130
torch-compile-mat	10	1	25600	200	3.053123	2463.049889	0	0.000000	0	-1	-1	float64	-1	2928.236	torch-2.14.0+cu130
jax	10	1	25600	200	0.038007	1063.060760	0	0.000000	0	-1	-1	float64	5480.981	7.084	jax-0.11.1
fused	10	1	155008	200	1.649478	49305.955172	76	0.000000	0	78.000000	float64				c4768c675165
eager	10	1	155008	200	1.807408	51693.184376	51	0.000000	0	235.000000	float64				c4768c675165
nojit	10	1	155008	200	1.473663	51693.445444	51	0.000000	0	238.000000	float64				c4768c675165
torch-compile	10	1	155008	200	4.035007	38488.315344	0	0.000000	0	-1	-1	float64	-1	2837.007	torch-2.14.0+cu130
torch-eager	10	1	155008	200	1.681082	40370.972157	0	0.000000	0	-1	-1	float64	-1	436.716	torch-2.14.0+cu130
torch-compile-ro	10	1	155008	200	4.131052	38437.926769	0	0.000000	0	-1	-1	float64	-1	2882.023	torch-2.14.0+cu130
torch-compile-mat	10	1	155008	200	4.213104	37557.442188	0	0.000000	0	-1	-1	float64	-1	2992.188	torch-2.14.0+cu130
jax	10	1	155008	200	0.684347	21870.671511	0	0.000000	0	-1	-1	float64	6309.209	41.399	jax-0.11.1
fused	8	1	256000	200	3.180815	1713.620424	107	32261722.000000	0	5.015000	float32				c4768c675165
eager	8	1	256000	200	0.132039	4338.874817	102	32261732.000000	0	34.005000	float32				c4768c675165
nojit	8	1	256000	200	0.130866	4345.539808	102	32261728.000000	0	34.005000	float32				c4768c675165
torch-compile	8	1	256000	200	3.794853	1878.490448	0	32261729.681484	0	-1	-1	float32	-1	3706.828	torch-2.14.0+cu130
torch-eager	8	1	256000	200	0.496360	2599.800825	0	32261724.455585	0	-1	-1	float32	-1	387.893	torch-2.14.0+cu130
torch-compile-ro	8	1	256000	200	3.892176	1916.549206	0	32261729.681484	0	-1	-1	float32	-1	3773.937	torch-2.14.0+cu130
torch-compile-mat	8	1	256000	200	18.346690	1505.873203	0	32261729.681484	0	-1	-1	float32	-1	18217.455	torch-2.14.0+cu130
jax	8	1	256000	200	0.046318	1365.779638	0	32261727.092222	0	-1	-1	float32	2517.674	2.667	jax-0.11.1
fused	8	1	256000	200	3.142712	798.790455	107	32281071.750000	0	5.010000	float16				c4768c675165
eager	8	1	256000	200	0.070441	2163.463831	102	32274429.953125	0	34.000000	float16				c4768c675165
nojit	8	1	256000	200	0.067297	2163.249254	102	32274429.953125	0	34.000000	float16				c4768c675165
torch-compile	8	1	256000	200	3.869683	927.486420	0	32309351.265625	0	-1	-1	float16	-1	3809.925	torch-2.14.0+cu130
torch-eager	8	1	256000	200	0.515409	1478.899717	0	32304965.484375	0	-1	-1	float16	-1	440.035	torch-2.14.0+cu130
torch-compile-ro	8	1	256000	200	3.921365	941.343307	0	32309351.265625	0	-1	-1	float16	-1	3831.491	torch-2.14.0+cu130
torch-compile-mat	8	1	256000	200	16.103549	837.997198	0	32309351.265625	0	-1	-1	float16	-1	16018.005	torch-2.14.0+cu130
jax	8	1	256000	200	0.025238	690.897703	0	32299835.312500	0	-1	-1	float16	1176.927	2.050	jax-0.11.1
fused	11	1	256000	200	0.002390	6.929636	103	955405.437500	0	1.040000	float32				c4768c675165
eager	11	1	256000	200	0.002784	28.699636	102	955405.437500	0	8.005000	float32				c4768c675165
nojit	11	1	256000	200	0.002045	31.949282	102	955405.437500	0	8.005000	float32				c4768c675165
torch-compile	11	1	256000	200	3.242108	194.081068	0	955405.029297	0	-1	-1	float32	-1	3206.748	torch-2.14.0+cu130
torch-eager	11	1	256000	200	0.298704	205.920935	0	955404.907227	0	-1	-1	float32	-1	264.425	torch-2.14.0+cu130
triton	11	1	256000	200	0.590315	19.193888	1	955405.029297	0	-1	-1	float32	557.666	0.363	triton-3.8.0
torch-compile-ro	11	1	256000	200	2.929681	262.957811	0	955405.029297	0	-1	-1	float32	-1	2863.857	torch-2.14.0+cu130
torch-compile-mat	11	1	256000	200	3.281961	258.152485	0	955405.029297	0	-1	-1	float32	-1	3213.130	torch-2.14.0+cu130
jax	11	1	256000	200	0.004051	33.568144	0	955405.029297	0	-1	-1	float32	107.664	1.092	jax-0.11.1
fused	11	1	256000	200	0.006786	24.060011	103	955000.000000	0	1.035000	float16				c4768c675165
eager	11	1	256000	200	0.007391	49.705505	102	955000.000000	0	8.000000	float16				c4768c675165
nojit	11	1	256000	200	0.005017	46.764612	102	955000.000000	0	8.000000	float16				c4768c675165
torch-compile	11	1	256000	200	3.188621	199.596882	0	955000.000000	0	-1	-1	float16	-1	3153.450	torch-2.14.0+cu130
torch-eager	11	1	256000	200	0.260408	204.200745	0	955000.000000	0	-1	-1	float16	-1	226.259	torch-2.14.0+cu130
triton	11	1	256000	200	0.588657	18.564463	1	955000.000000	0	-1	-1	float16	556.731	0.102	triton-3.8.0
torch-compile-ro	11	1	256000	200	2.919956	254.331827	0	955000.000000	0	-1	-1	float16	-1	2854.807	torch-2.14.0+cu130
torch-compile-mat	11	1	256000	200	3.372708	261.859894	0	955000.000000	0	-1	-1	float16	-1	3305.766	torch-2.14.0+cu130
jax	11	1	256000	200	0.004231	33.841133	0	955000.000000	0	-1	-1	float16	108.727	1.095	jax-0.11.1
fused	13	1	256000	200	0.601909	224.155188	103	-0.000000	0	1.005000	float32				c4768c675165
eager	13	1	256000	200	0.016660	401.760340	102	-0.000000	0	6.005000	float32				c4768c675165
nojit	13	1	256000	200	0.015131	402.995348	102	-0.000000	0	6.005000	float32				c4768c675165
torch-compile	13	1	256000	200	3.493574	556.366444	0	-0.000000	0	-1	-1	float32	-1	3414.556	torch-2.14.0+cu130
torch-eager	13	1	256000	200	0.432710	604.627132	0	-0.000000	0	-1	-1	float32	-1	354.258	torch-2.14.0+cu130
triton	13	1	256000	200	1.159361	132.451057	2	-0.000000	0	-1	-1	float32	1125.353	0.210	triton-3.8.0
torch-compile-ro	13	1	256000	200	3.546781	577.082634	0	-0.000000	0	-1	-1	float32	-1	3437.978	torch-2.14.0+cu130
torch-compile-mat	13	1	256000	200	21.338544	511.523485	0	-0.000000	0	-1	-1	float32	-1	21233.388	torch-2.14.0+cu130
jax	13	1	256000	200	0.008698	156.793594	0	-0.000000	0	-1	-1	float32	3149.416	1.669	jax-0.11.1
fused	13	1	256000	200	0.630250	100.139380	103	0.000000	0	1.000000	float16				c4768c675165
eager	13	1	256000	200	0.034740	330.215693	102	-0.049591	0	6.000000	float16				c4768c675165
nojit	13	1	256000	200	0.033253	332.434177	102	-0.049591	0	6.000000	float16				c4768c675165
torch-compile	13	1	256000	200	3.562682	464.912653	0	0.003457	0	-1	-1	float16	-1	3486.539	torch-2.14.0+cu130
torch-eager	13	1	256000	200	0.551461	451.402664	0	0.003457	0	-1	-1	float16	-1	477.079	torch-2.14.0+cu130
triton	13	1	256000	200	1.026661	129.350424	2	0.000000	0	-1	-1	float16	991.977	0.257	triton-3.8.0
torch-compile-ro	13	1	256000	200	3.632293	457.215309	0	0.003457	0	-1	-1	float16	-1	3527.207	torch-2.14.0+cu130
torch-compile-mat	13	1	256000	200	11.596041	453.977585	0	0.003457	0	-1	-1	float16	-1	11492.270	torch-2.14.0+cu130
jax	13	1	256000	200	0.005908	57.877302	0	0.001252	0	-1	-1	float16	1167.705	1.271	jax-0.11.1
fused	8	1	256000	200	0.058184	1706.069708	107	32261724.000000	0	5.015000	float32				c4768c675165
eager	8	1	256000	200	0.131941	4349.249601	102	32261728.000000	0	34.005000	float32				c4768c675165
nojit	8	1	256000	200	0.131079	4338.580370	102	32261728.000000	0	34.005000	float32				c4768c675165
torch-compile	8	1	256000	200	2.798725	1908.985376	0	32261729.681484	0	-1	-1	float32	-1	2710.617	torch-2.14.0+cu130
torch-eager	8	1	256000	200	0.523020	2594.071627	0	32261724.455585	0	-1	-1	float32	-1	415.551	torch-2.14.0+cu130
torch-compile-ro	8	1	256000	200	2.865788	1916.776896	0	32261729.681484	0	-1	-1	float32	-1	2747.401	torch-2.14.0+cu130
torch-compile-mat	8	1	256000	200	2.811249	1514.555216	0	32261729.681484	0	-1	-1	float32	-1	2705.769	torch-2.14.0+cu130
jax	8	1	256000	200	0.047051	1397.057772	0	32261712.056194	0	-1	-1	float32	2681.835	2.690	jax-0.11.1
fused	8	1	256000	200	0.031481	798.039436	107	32281071.750000	0	5.010000	float16				c4768c675165
eager	8	1	256000	200	0.070376	2167.019844	102	32274429.953125	0	34.000000	float16				c4768c675165
nojit	8	1	256000	200	0.067235	2169.535160	102	32274429.953125	0	34.000000	float16				c4768c675165
torch-compile	8	1	256000	200	2.808902	923.711061	0	32309351.265625	0	-1	-1	float16	-1	2748.914	torch-2.14.0+cu130
torch-eager	8	1	256000	200	0.513931	1478.041410	0	32304965.484375	0	-1	-1	float16	-1	439.001	torch-2.14.0+cu130
torch-compile-ro	8	1	256000	200	2.901225	939.794779	0	32309351.265625	0	-1	-1	float16	-1	2809.004	torch-2.14.0+cu130
torch-compile-mat	8	1	256000	200	2.763810	840.188265	0	32309351.265625	0	-1	-1	float16	-1	2677.595	torch-2.14.0+cu130
jax	8	1	256000	200	0.025700	688.985586	0	32299835.312500	0	-1	-1	float16	1206.170	1.932	jax-0.11.1
fused	11	1	256000	200	0.002334	6.935596	103	955405.437500	0	1.040000	float32				c4768c675165
eager	11	1	256000	200	0.002875	28.485060	102	955405.437500	0	8.005000	float32				c4768c675165
nojit	11	1	256000	200	0.002110	32.439232	102	955405.437500	0	8.005000	float32				c4768c675165
torch-compile	11	1	256000	200	2.521024	197.449923	0	955405.029297	0	-1	-1	float32	-1	2485.833	torch-2.14.0+cu130
torch-eager	11	1	256000	200	0.326539	203.701258	0	955404.907227	0	-1	-1	float32	-1	292.238	torch-2.14.0+cu130
triton	11	1	256000	200	0.521930	18.591881	1	955405.029297	0	-1	-1	float32	490.315	0.235	triton-3.8.0
torch-compile-ro	11	1	256000	200	2.561460	257.778168	0	955405.029297	0	-1	-1	float32	-1	2495.986	torch-2.14.0+cu130
torch-compile-mat	11	1	256000	200	2.567266	260.882378	0	955405.029297	0	-1	-1	float32	-1	2499.502	torch-2.14.0+cu130
jax	11	1	256000	200	0.003639	34.263134	0	955405.029297	0	-1	-1	float32	117.238	1.089	jax-0.11.1
fused	11	1	256000	200	0.007072	24.344921	103	955000.000000	0	1.035000	float16				c4768c675165
eager	11	1	256000	200	0.007265	49.610138	102	955000.000000	0	8.000000	float16				c4768c675165
nojit	11	1	256000	200	0.004997	46.724081	102	955000.000000	0	8.000000	float16				c4768c675165
torch-compile	11	1	256000	200	2.518710	193.328857	0	955000.000000	0	-1	-1	float16	-1	2483.767	torch-2.14.0+cu130
torch-eager	11	1	256000	200	0.258844	205.787420	0	955000.000000	0	-1	-1	float16	-1	224.595	torch-2.14.0+cu130
triton	11	1	256000	200	0.518370	18.557310	1	955000.000000	0	-1	-1	float16	486.160	0.104	triton-3.8.0
torch-compile-ro	11	1	256000	200	2.569370	257.785320	0	955000.000000	0	-1	-1	float16	-1	2503.310	torch-2.14.0+cu130
torch-compile-mat	11	1	256000	200	2.578939	277.595520	0	955000.000000	0	-1	-1	float16	-1	2513.695	torch-2.14.0+cu130
jax	11	1	256000	200	0.003450	33.147335	0	955000.000000	0	-1	-1	float16	106.442	0.863	jax-0.11.1
fused	13	1	256000	200	0.011777	223.720074	103	-0.000000	0	1.005000	float32				c4768c675165
eager	13	1	256000	200	0.016712	401.880741	102	-0.000000	0	6.005000	float32				c4768c675165
nojit	13	1	256000	200	0.015121	402.840376	102	-0.000000	0	6.005000	float32				c4768c675165
torch-compile	13	1	256000	200	2.775178	556.384325	0	-0.000000	0	-1	-1	float32	-1	2695.971	torch-2.14.0+cu130
torch-eager	13	1	256000	200	0.457884	605.673790	0	-0.000000	0	-1	-1	float32	-1	379.032	torch-2.14.0+cu130
triton	13	1	256000	200	0.531065	131.837130	2	-0.000000	0	-1	-1	float32	495.058	0.213	triton-3.8.0
torch-compile-ro	13	1	256000	200	2.837081	582.069159	0	-0.000000	0	-1	-1	float32	-1	2728.047	torch-2.14.0+cu130
torch-compile-mat	13	1	256000	200	2.891965	514.553785	0	-0.000000	0	-1	-1	float32	-1	2785.970	torch-2.14.0+cu130
jax	13	1	256000	200	0.008222	155.452490	0	-0.000000	0	-1	-1	float32	3130.268	1.314	jax-0.11.1
fused	13	1	256000	200	0.031267	99.954605	103	0.000000	0	1.000000	float16				c4768c675165
eager	13	1	256000	200	0.034582	329.989195	102	-0.049591	0	6.000000	float16				c4768c675165
nojit	13	1	256000	200	0.033037	332.535505	102	-0.049591	0	6.000000	float16				c4768c675165
torch-compile	13	1	256000	200	2.841141	468.592644	0	0.003457	0	-1	-1	float16	-1	2764.488	torch-2.14.0+cu130
torch-eager	13	1	256000	200	0.478169	456.566811	0	0.003457	0	-1	-1	float16	-1	403.346	torch-2.14.0+cu130
triton	13	1	256000	200	0.529636	131.638050	2	0.000000	0	-1	-1	float16	494.979	0.211	triton-3.8.0
torch-compile-ro	13	1	256000	200	2.884957	460.692644	0	0.003457	0	-1	-1	float16	-1	2779.696	torch-2.14.0+cu130
torch-compile-mat	13	1	256000	200	2.794196	464.271307	0	0.003457	0	-1	-1	float16	-1	2688.899	torch-2.14.0+cu130
jax	13	1	256000	200	0.005065	57.762861	0	0.001252	0	-1	-1	float16	1125.459	1.083	jax-0.11.1
fused	8	1	256000	200	0.058378	1709.671021	107	32261722.000000	0	5.015000	float32				c4768c675165
eager	8	1	256000	200	0.132078	4339.820147	102	32261728.000000	0	34.005000	float32				c4768c675165
nojit	8	1	256000	200	0.130845	4348.474741	102	32261726.000000	0	34.005000	float32				c4768c675165
torch-compile	8	1	256000	200	2.797549	1880.059242	0	32261729.681484	0	-1	-1	float32	-1	2709.431	torch-2.14.0+cu130
torch-eager	8	1	256000	200	0.523993	2596.248388	0	32261724.455585	0	-1	-1	float32	-1	415.871	torch-2.14.0+cu130
torch-compile-ro	8	1	256000	200	2.911031	1919.333935	0	32261729.681484	0	-1	-1	float32	-1	2792.664	torch-2.14.0+cu130
torch-compile-mat	8	1	256000	200	2.819645	1514.753103	0	32261729.681484	0	-1	-1	float32	-1	2711.455	torch-2.14.0+cu130
jax	8	1	256000	200	0.046663	1364.611387	0	32261732.044956	0	-1	-1	float32	2390.111	2.694	jax-0.11.1
fused	8	1	256000	200	0.031458	798.105001	107	32281071.750000	0	5.010000	float16				c4768c675165
eager	8	1	256000	200	0.070461	2166.385651	102	32274429.953125	0	34.000000	float16				c4768c675165
nojit	8	1	256000	200	0.067195	2169.945240	102	32274429.953125	0	34.000000	float16				c4768c675165
torch-compile	8	1	256000	200	2.810609	921.105146	0	32309351.265625	0	-1	-1	float16	-1	2750.543	torch-2.14.0+cu130
torch-eager	8	1	256000	200	0.513772	1478.089094	0	32304965.484375	0	-1	-1	float16	-1	439.047	torch-2.14.0+cu130
torch-compile-ro	8	1	256000	200	2.876774	942.026377	0	32309351.265625	0	-1	-1	float16	-1	2786.823	torch-2.14.0+cu130
torch-compile-mat	8	1	256000	200	2.796264	839.823484	0	32309351.265625	0	-1	-1	float16	-1	2710.188	torch-2.14.0+cu130
jax	8	1	256000	200	0.024953	693.658590	0	32299835.312500	0	-1	-1	float16	1164.462	1.932	jax-0.11.1
fused	11	1	256000	200	0.002393	6.754398	103	955405.437500	0	1.040000	float32				c4768c675165
eager	11	1	256000	200	0.002826	28.705597	102	955405.437500	0	8.005000	float32				c4768c675165
nojit	11	1	256000	200	0.001961	31.349659	102	955405.437500	0	8.005000	float32				c4768c675165
torch-compile	11	1	256000	200	2.521791	196.287632	0	955405.029297	0	-1	-1	float32	-1	2486.437	torch-2.14.0+cu130
torch-eager	11	1	256000	200	0.302459	219.998360	0	955404.907227	0	-1	-1	float32	-1	268.378	torch-2.14.0+cu130
triton	11	1	256000	200	0.521313	18.488169	1	955405.029297	0	-1	-1	float32	490.187	0.247	triton-3.8.0
torch-compile-ro	11	1	256000	200	2.575932	257.798433	0	955405.029297	0	-1	-1	float32	-1	2510.623	torch-2.14.0+cu130
torch-compile-mat	11	1	256000	200	2.629037	259.609222	0	955405.029297	0	-1	-1	float32	-1	2563.754	torch-2.14.0+cu130
jax	11	1	256000	200	0.003253	32.888651	0	955405.029297	0	-1	-1	float32	106.790	0.603	jax-0.11.1
fused	11	1	256000	200	0.006905	24.185181	103	955000.000000	0	1.035000	float16				c4768c675165
eager	11	1	256000	200	0.007176	49.440861	102	955000.000000	0	8.000000	float16				c4768c675165
nojit	11	1	256000	200	0.005111	46.949387	102	955000.000000	0	8.000000	float16				c4768c675165
torch-compile	11	1	256000	200	2.531535	193.374157	0	955000.000000	0	-1	-1	float16	-1	2496.471	torch-2.14.0+cu130
torch-eager	11	1	256000	200	0.258688	205.823183	0	955000.000000	0	-1	-1	float16	-1	224.725	torch-2.14.0+cu130
triton	11	1	256000	200	0.519047	18.610954	1	955000.000000	0	-1	-1	float16	487.175	0.104	triton-3.8.0
torch-compile-ro	11	1	256000	200	2.551704	266.972780	0	955000.000000	0	-1	-1	float16	-1	2486.335	torch-2.14.0+cu130
torch-compile-mat	11	1	256000	200	2.571682	256.057978	0	955000.000000	0	-1	-1	float16	-1	2506.414	torch-2.14.0+cu130
jax	11	1	256000	200	0.003151	33.181906	0	955000.000000	0	-1	-1	float16	121.882	1.061	jax-0.11.1
fused	13	1	256000	200	0.011731	224.064589	103	-0.000000	0	1.005000	float32				c4768c675165
eager	13	1	256000	200	0.016617	401.544571	102	-0.000000	0	6.005000	float32				c4768c675165
nojit	13	1	256000	200	0.015096	403.105021	102	-0.000000	0	6.005000	float32				c4768c675165
torch-compile	13	1	256000	200	2.777936	561.360121	0	-0.000000	0	-1	-1	float32	-1	2699.246	torch-2.14.0+cu130
torch-eager	13	1	256000	200	0.457571	602.070093	0	-0.000000	0	-1	-1	float32	-1	379.701	torch-2.14.0+cu130
triton	13	1	256000	200	0.528378	130.023956	2	-0.000000	0	-1	-1	float32	492.260	0.211	triton-3.8.0
torch-compile-ro	13	1	256000	200	2.843957	585.829020	0	-0.000000	0	-1	-1	float32	-1	2734.538	torch-2.14.0+cu130
torch-compile-mat	13	1	256000	200	2.880195	515.421629	0	-0.000000	0	-1	-1	float32	-1	2774.415	torch-2.14.0+cu130
jax	13	1	256000	200	0.008301	155.863762	0	-0.000000	0	-1	-1	float32	3156.003	1.394	jax-0.11.1
fused	13	1	256000	200	0.031478	100.089312	103	0.000000	0	1.000000	float16				c4768c675165
eager	13	1	256000	200	0.034813	330.234766	102	-0.049591	0	6.000000	float16				c4768c675165
nojit	13	1	256000	200	0.033164	332.210064	102	-0.049591	0	6.000000	float16				c4768c675165
torch-compile	13	1	256000	200	2.847128	469.092131	0	0.003457	0	-1	-1	float16	-1	2770.904	torch-2.14.0+cu130
torch-eager	13	1	256000	200	0.478997	452.007055	0	0.003457	0	-1	-1	float16	-1	404.235	torch-2.14.0+cu130
triton	13	1	256000	200	0.528515	129.325390	2	0.000000	0	-1	-1	float16	492.754	0.205	triton-3.8.0
torch-compile-ro	13	1	256000	200	2.878940	464.010239	0	0.003457	0	-1	-1	float16	-1	2772.951	torch-2.14.0+cu130
torch-compile-mat	13	1	256000	200	2.785355	472.035408	0	0.003457	0	-1	-1	float16	-1	2677.678	torch-2.14.0+cu130
jax	13	1	256000	200	0.006035	62.339306	0	0.001252	0	-1	-1	float16	1134.521	1.496	jax-0.11.1
app	0	1	1000000	200	0.599608	13.859272	53	1000000.000000	0	1.015000	float64				bc0b741fada7
app	0	4	1000000	200	0.002186	50.250292	53	1000000.000000	1	4.015000	float64				bc0b741fada7
app	0	8	1000000	200	0.005363	95.314980	52	1000000.000000	0	8.015000	float64				bc0b741fada7
app	0	4	10000	200	0.000973	14.259815	53	10000.000000	1	4.015000	float64				bc0b741fada7
app	0	4	100000	200	0.000971	15.355349	53	100000.000000	1	4.015000	float64				bc0b741fada7
app	0	4	1000000	200	0.002199	49.589872	53	1000000.000000	1	4.015000	float64				bc0b741fada7
app	0	4	10000000	200	0.037961	1237.539053	53	10000000.000000	0	4.015000	float64				bc0b741fada7
app	1	4	1000000	200	0.002915	48.869848	52	1000122.070313	0	4.160000	float64				bc0b741fada7
app	2	4	1000000	200	0.002973	48.840046	52	1000122.070313	0	4.160000	float64				bc0b741fada7
app	3	4	1000000	200	0.003653	86.460114	53	1533333.333333	0	6.015000	float64				bc0b741fada7
app	4	4	1000000	200	0.005544	58.450699	52	1533317.820224	0	5.015000	float64				bc0b741fada7
app	5	4	1000000	200	0.002704	60.235262	52	1533333.333333	0	5.035000	float64				bc0b741fada7
app	11	1	25600	200	1.240112	17.085075	53	95540.500674	0	2.035000	float64				bc0b741fada7
app	11	1	256000	200	0.007434	146.249533	53	955405.006738	0	2.035000	float64				bc0b741fada7
app	12	1	25600	200	0.008481	66.785812	52	256.065387	0	1.010000	float64				bc0b741fada7
app	12	1	256000	200	0.012646	250.130892	52	2560.654532	0	1.010000	float64				bc0b741fada7
app	13	1	25600	200	0.613831	320.525169	54	0.000000	0	5.005000	float64				bc0b741fada7
app	13	1	256000	200	0.707092	3624.094725	54	-0.000000	0	5.005000	float64				bc0b741fada7
app	6	1	25600	200	0.012993	200.135708	52	256.065463	0	3.005000	float64				bc0b741fada7
app	6	1	256000	200	0.026883	750.249624	52	2560.654707	0	3.005000	float64				bc0b741fada7
app	7	1	25600	200	3.052486	726.779699	58	25.611041	0	21.010000	float64				bc0b741fada7
app	7	1	256000	200	0.135454	2266.165018	58	0.000000	0	21.010000	float64				bc0b741fada7
app	8	1	25600	200	3.212932	420.219898	58	3221914.952339	0	11.140000	float64				bc0b741fada7
app	8	1	256000	200	1.140397	16354.345083	58	32261731.495851	0	11.140000	float64				bc0b741fada7
app	9	1	25600	200	1.800663	579.354763	58	214.208506	0	7.010000	float64				bc0b741fada7
app	9	1	256000	200	0.027886	422.544479	58	2158.224764	0	7.010000	float64				bc0b741fada7
app	10	1	25600	200	23.218999	4172.364473	90	0.000000	0	212.010000	float64				bc0b741fada7
app	10	1	155008	200	5.425855	51115.394831	90	0.000000	0	212.010000	float64				bc0b741fada7
app	0	1	1000000	200	0.004289	12.505054	53	1000000.000000	0	1.015000	float64				bc0b741fada7
app	0	4	1000000	200	0.002203	49.614906	53	1000000.000000	1	4.015000	float64				bc0b741fada7
app	0	8	1000000	200	0.005307	95.340014	52	1000000.000000	0	8.015000	float64				bc0b741fada7
app	0	4	10000	200	0.000948	14.309883	53	10000.000000	1	4.015000	float64				bc0b741fada7
app	0	4	100000	200	0.000960	15.469790	53	100000.000000	1	4.015000	float64				bc0b741fada7
app	0	4	1000000	200	0.002192	49.735308	53	1000000.000000	1	4.015000	float64				bc0b741fada7
app	0	4	10000000	200	0.037971	1234.574318	53	10000000.000000	0	4.015000	float64				bc0b741fada7
app	1	4	1000000	200	0.002977	48.795938	52	1000122.070313	0	4.160000	float64				bc0b741fada7
app	2	4	1000000	200	0.003016	51.444769	52	1000122.070313	0	4.160000	float64				bc0b741fada7
app	3	4	1000000	200	0.003721	85.955858	53	1533333.333333	0	6.015000	float64				bc0b741fada7
app	4	4	1000000	200	0.005443	58.455467	52	1533317.820224	0	5.015000	float64				bc0b741fada7
app	5	4	1000000	200	0.002699	60.200691	52	1533333.333333	0	5.035000	float64				bc0b741fada7
app	11	1	25600	200	0.004107	17.055273	53	95540.500674	0	2.035000	float64				bc0b741fada7
app	11	1	256000	200	0.007497	146.269798	53	955405.006738	0	2.035000	float64				bc0b741fada7
app	12	1	25600	200	0.008557	66.790581	52	256.065387	0	1.010000	float64				bc0b741fada7
app	12	1	256000	200	0.012871	250.699520	52	2560.654532	0	1.010000	float64				bc0b741fada7
app	13	1	25600	200	0.022018	320.445299	54	0.000000	0	5.005000	float64				bc0b741fada7
app	13	1	256000	200	0.120835	3561.680317	54	-0.000000	0	5.005000	float64				bc0b741fada7
app	6	1	25600	200	0.012947	200.200081	52	256.065463	0	3.005000	float64				bc0b741fada7
app	6	1	256000	200	0.026989	750.330687	52	2560.654707	0	3.005000	float64				bc0b741fada7
app	7	1	25600	200	0.092195	715.614557	58	25.611041	0	21.010000	float64				bc0b741fada7
app	7	1	256000	200	0.134488	2267.429829	58	0.000000	0	21.010000	float64				bc0b741fada7
app	8	1	25600	200	0.041626	418.674946	58	3221914.952339	0	11.140000	float64				bc0b741fada7
app	8	1	256000	200	0.553114	16318.379641	58	32261731.495851	0	11.140000	float64				bc0b741fada7
app	9	1	25600	200	0.029159	575.829744	58	214.208506	0	7.010000	float64				bc0b741fada7
app	9	1	256000	200	0.027715	422.050953	58	2158.224764	0	7.010000	float64				bc0b741fada7
app	10	1	25600	200	0.318498	4173.914194	90	0.000000	0	212.010000	float64				bc0b741fada7
app	10	1	155008	200	1.654028	50890.364647	90	0.000000	0	212.010000	float64				bc0b741fada7
app	0	1	1000000	200	0.004309	12.409687	53	1000000.000000	0	1.015000	float64				bc0b741fada7
app	0	4	1000000	200	0.002207	49.569607	53	1000000.000000	1	4.015000	float64				bc0b741fada7
app	0	8	1000000	200	0.005319	95.250607	52	1000000.000000	0	8.015000	float64				bc0b741fada7
app	0	4	10000	200	0.000936	14.280081	53	10000.000000	1	4.015000	float64				bc0b741fada7
app	0	4	100000	200	0.000947	15.335083	53	100000.000000	1	4.015000	float64				bc0b741fada7
app	0	4	1000000	200	0.002190	49.771070	53	1000000.000000	1	4.015000	float64				bc0b741fada7
app	0	4	10000000	200	0.037951	1237.825155	53	10000000.000000	0	4.015000	float64				bc0b741fada7
app	1	4	1000000	200	0.002940	48.849583	52	1000122.070313	0	4.160000	float64				bc0b741fada7
app	2	4	1000000	200	0.003009	48.799515	52	1000122.070313	0	4.160000	float64				bc0b741fada7
app	3	4	1000000	200	0.003658	86.319447	53	1533333.333333	0	6.015000	float64				bc0b741fada7
app	4	4	1000000	200	0.005477	58.360100	52	1533317.820224	0	5.015000	float64				bc0b741fada7
app	5	4	1000000	200	0.002728	60.179234	52	1533333.333333	0	5.035000	float64				bc0b741fada7
app	11	1	25600	200	0.004164	17.069578	53	95540.500674	0	2.035000	float64				bc0b741fada7
app	11	1	256000	200	0.007440	146.200657	53	955405.006738	0	2.035000	float64				bc0b741fada7
app	12	1	25600	200	0.008411	66.800117	52	256.065387	0	1.010000	float64				bc0b741fada7
app	12	1	256000	200	0.012735	250.170231	52	2560.654532	0	1.010000	float64				bc0b741fada7
app	13	1	25600	200	0.022025	320.395231	54	0.000000	0	5.005000	float64				bc0b741fada7
app	13	1	256000	200	0.120806	3574.370146	54	-0.000000	0	5.005000	float64				bc0b741fada7
app	6	1	25600	200	0.012953	200.124979	52	256.065463	0	3.005000	float64				bc0b741fada7
app	6	1	256000	200	0.026936	750.304461	52	2560.654707	0	3.005000	float64				bc0b741fada7
app	7	1	25600	200	0.090305	715.005398	58	25.611041	0	21.010000	float64				bc0b741fada7
app	7	1	256000	200	0.136184	2266.989946	58	0.000000	0	21.010000	float64				bc0b741fada7
app	8	1	25600	200	0.041760	418.009758	58	3221914.952339	0	11.140000	float64				bc0b741fada7
app	8	1	256000	200	0.553550	16324.850321	58	32261731.495851	0	11.140000	float64				bc0b741fada7
app	9	1	25600	200	0.029160	577.304363	58	214.208506	0	7.010000	float64				bc0b741fada7
app	9	1	256000	200	0.027783	423.020124	58	2158.224764	0	7.010000	float64				bc0b741fada7
app	10	1	25600	200	0.317828	4168.870449	90	0.000000	0	212.010000	float64				bc0b741fada7
app	10	1	155008	200	1.632587	50881.274939	90	0.000000	0	212.010000	float64				bc0b741fada7
torch-tensorrt	8	1	256000	200	6.599351	1591.657400	0	32261721.388920	0	-1	-1	float32	-1	6524.639	torch_tensorrt-2.14.0+cu130
torch-tensorrt	8	1	256000	200	21.813877	325.793028	0	32312624.140625	0	-1	-1	float16	-1	21778.249	torch_tensorrt-2.14.0+cu130
torch-tensorrt	11	1	256000	200	3.308663	221.208334	0	955404.907227	0	-1	-1	float32	-1	3277.311	torch_tensorrt-2.14.0+cu130
torch-tensorrt	11	1	256000	200	3.492595	219.768286	0	955000.000000	0	-1	-1	float16	-1	3461.576	torch_tensorrt-2.14.0+cu130
torch-tensorrt	13	1	256000	200	6.407005	469.207764	0	-0.000000	0	-1	-1	float32	-1	6337.161	torch_tensorrt-2.14.0+cu130
torch-tensorrt	13	1	256000	200	7.515811	445.150137	0	0.000000	0	-1	-1	float16	-1	7447.156	torch_tensorrt-2.14.0+cu130
torch-tensorrt	8	1	256000	200	6.735290	1589.275599	0	32261721.388920	0	-1	-1	float32	-1	6660.954	torch_tensorrt-2.14.0+cu130
torch-tensorrt	8	1	256000	200	6.661759	321.753025	0	32312624.140625	0	-1	-1	float16	-1	6623.889	torch_tensorrt-2.14.0+cu130
torch-tensorrt	11	1	256000	200	3.315343	221.726894	0	955404.907227	0	-1	-1	float32	-1	3283.684	torch_tensorrt-2.14.0+cu130
torch-tensorrt	11	1	256000	200	3.323898	224.379301	0	955000.000000	0	-1	-1	float16	-1	3292.226	torch_tensorrt-2.14.0+cu130
torch-tensorrt	13	1	256000	200	6.474005	465.688705	0	-0.000000	0	-1	-1	float32	-1	6403.800	torch_tensorrt-2.14.0+cu130
torch-tensorrt	13	1	256000	200	6.344070	440.732241	0	0.000000	0	-1	-1	float16	-1	6275.509	torch_tensorrt-2.14.0+cu130
torch-tensorrt	8	1	256000	200	6.804456	1589.444876	0	32261721.388920	0	-1	-1	float32	-1	6729.701	torch_tensorrt-2.14.0+cu130
torch-tensorrt	8	1	256000	200	6.665076	323.377848	0	32312624.140625	0	-1	-1	float16	-1	6627.185	torch_tensorrt-2.14.0+cu130
torch-tensorrt	11	1	256000	200	3.320965	223.785639	0	955404.907227	0	-1	-1	float32	-1	3289.228	torch_tensorrt-2.14.0+cu130
torch-tensorrt	11	1	256000	200	3.324705	223.231316	0	955000.000000	0	-1	-1	float16	-1	3293.064	torch_tensorrt-2.14.0+cu130
torch-tensorrt	13	1	256000	200	6.399365	464.447737	0	-0.000000	0	-1	-1	float32	-1	6328.761	torch_tensorrt-2.14.0+cu130
torch-tensorrt	13	1	256000	200	6.383057	440.609455	0	0.000000	0	-1	-1	float16	-1	6313.515	torch_tensorrt-2.14.0+cu130
