mode	variant	k	n	iters	warm_s	steady_us	kernels	acc	compiled_in_timed	launches_per_iter	graphs	breaks	compile_ms	first_run_ms	binary
fused	0	1	1000000	200	0.001521	29.075146	52	1000000.000000	0	1.015000	float64				d161d7cb4db2
eager	0	1	1000000	200	0.002687	77.500343	51	1000000.000000	0	3.005000	float64				d161d7cb4db2
nojit	0	1	1000000	200	0.002335	77.430010	51	1000000.000000	0	3.005000	float64				d161d7cb4db2
torch-compile	0	1	1000000	200	0.415581	54.092407	0	1000000.000000	0	1	0	float64	-1	413.666	torch-2.14.0+cu130
torch-eager	0	1	1000000	200	0.040867	78.209639	0	1000000.000000	0	-1	-1	float64	-1	38.489	torch-2.14.0+cu130
triton	0	1	1000000	200	0.323337	30.691624	1	1000000.000000	0	-1	-1	float64	309.271	0.117	triton-3.8.0
torch-tensorrt	0	1	1000000	200	0.041723	80.689192	0	1000000.000000	0	-1	-1	float64	-1	39.286	torch_tensorrt-2.9.0+cu130
torch-compile-ro	0	1	1000000	200	0.460222	110.371113	0	1000000.000000	0	1	0	float64	-1	427.774	torch-2.14.0+cu130
torch-compile-mat	0	1	1000000	200	0.909664	120.537281	0	1000000.000000	0	1	0	float64	-1	874.208	torch-2.14.0+cu130
jax	0	1	1000000	200	0.004211	52.602291	0	1000000.000000	0	-1	-1	float64	194.411	0.520	jax-0.11.1
iree	0	1	1000000	200	0.310377	5622.814894	0	1000000.000000	0	-1	-1	float64	562.968	23.736	iree-3.11.0
fused	0	4	1000000	200	0.002075	39.454699	52	1000000.000000	0	1.060000	float64				d161d7cb4db2
eager	0	4	1000000	200	0.009315	306.304693	51	1000000.000000	0	12.005000	float64				d161d7cb4db2
nojit	0	4	1000000	200	0.008919	306.779146	51	1000000.000000	0	12.005000	float64				d161d7cb4db2
torch-compile	0	4	1000000	200	0.422326	68.441629	0	1000000.000000	0	1	0	float64	-1	420.110	torch-2.14.0+cu130
torch-eager	0	4	1000000	200	0.047729	312.414169	0	1000000.000000	0	-1	-1	float64	-1	38.599	torch-2.14.0+cu130
triton	0	4	1000000	200	0.322397	39.191246	1	1000000.000000	0	-1	-1	float64	308.469	0.126	triton-3.8.0
torch-tensorrt	0	4	1000000	200	0.051484	321.497917	0	1000000.000000	0	-1	-1	float64	-1	42.095	torch_tensorrt-2.9.0+cu130
torch-compile-ro	0	4	1000000	200	0.513512	134.246349	0	1000000.000000	0	1	0	float64	-1	478.089	torch-2.14.0+cu130
torch-compile-mat	0	4	1000000	200	0.600761	133.076906	0	1000000.000000	0	1	0	float64	-1	567.654	torch-2.14.0+cu130
jax	0	4	1000000	200	0.005005	95.577240	0	1000000.000000	0	-1	-1	float64	205.651	0.632	jax-0.11.1
iree	0	4	1000000	200	0.310701	5714.814663	0	1000000.000000	0	-1	-1	float64	565.245	23.209	iree-3.11.0
fused	0	8	1000000	200	0.003403	69.944859	52	1000000.000000	0	1.120000	float64				d161d7cb4db2
eager	0	8	1000000	200	0.018319	612.670183	51	1000000.000000	0	24.005000	float64				d161d7cb4db2
nojit	0	8	1000000	200	0.017814	613.524914	51	1000000.000000	0	24.005000	float64				d161d7cb4db2
torch-compile	0	8	1000000	200	0.429845	132.704973	0	1000000.000000	0	1	0	float64	-1	425.771	torch-2.14.0+cu130
torch-eager	0	8	1000000	200	0.054899	624.456406	0	1000000.000000	0	-1	-1	float64	-1	36.715	torch-2.14.0+cu130
triton	0	8	1000000	200	0.302644	67.347288	1	1000000.000000	0	-1	-1	float64	286.688	0.149	triton-3.8.0
torch-tensorrt	0	8	1000000	200	0.060833	643.047094	0	1000000.000000	0	-1	-1	float64	-1	42.123	torch_tensorrt-2.9.0+cu130
torch-compile-ro	0	8	1000000	200	0.530079	198.482275	0	1000000.000000	0	1	0	float64	-1	496.232	torch-2.14.0+cu130
torch-compile-mat	0	8	1000000	200	0.633018	192.959309	0	1000000.000000	0	1	0	float64	-1	598.464	torch-2.14.0+cu130
jax	0	8	1000000	200	0.007336	177.131891	0	1000000.000000	0	-1	-1	float64	214.569	0.643	jax-0.11.1
iree	0	8	1000000	200	0.312670	5792.722702	0	1000000.000000	0	-1	-1	float64	569.798	24.231	iree-3.11.0
fused	0	4	10000	200	0.001047	13.109446	53	10000.000000	1	1.060000	float64				d161d7cb4db2
eager	0	4	10000	200	0.001716	39.914846	51	10000.000000	0	12.005000	float64				d161d7cb4db2
nojit	0	4	10000	200	0.001163	39.795637	51	10000.000000	0	12.005000	float64				d161d7cb4db2
torch-compile	0	4	10000	200	0.489438	39.108992	0	10000.000000	0	1	0	float64	-1	488.038	torch-2.14.0+cu130
torch-eager	0	4	10000	200	0.037220	53.510666	0	10000.000000	0	-1	-1	float64	-1	35.608	torch-2.14.0+cu130
triton	0	4	10000	200	0.322373	20.177364	1	10000.000000	0	-1	-1	float64	308.045	0.097	triton-3.8.0
torch-tensorrt	0	4	10000	200	0.044951	59.472322	0	10000.000000	0	-1	-1	float64	-1	43.124	torch_tensorrt-2.9.0+cu130
torch-compile-ro	0	4	10000	200	0.472673	117.497444	0	10000.000000	0	1	0	float64	-1	431.462	torch-2.14.0+cu130
torch-compile-mat	0	4	10000	200	0.537743	116.765499	0	10000.000000	0	1	0	float64	-1	500.781	torch-2.14.0+cu130
jax	0	4	10000	200	0.002112	42.935610	0	10000.000000	0	-1	-1	float64	203.016	0.493	jax-0.11.1
iree	0	4	10000	200	0.025676	436.878204	0	10000.000000	0	-1	-1	float64	572.313	10.199	iree-3.11.0
fused	0	4	100000	200	0.001014	13.765097	53	100000.000000	1	1.060000	float64				d161d7cb4db2
eager	0	4	100000	200	0.001811	43.259859	51	100000.000000	0	12.005000	float64				d161d7cb4db2
nojit	0	4	100000	200	0.001261	43.205023	51	100000.000000	0	12.005000	float64				d161d7cb4db2
torch-compile	0	4	100000	200	0.424868	60.828924	0	100000.000000	0	1	0	float64	-1	422.739	torch-2.14.0+cu130
torch-eager	0	4	100000	200	0.041966	63.520670	0	100000.000000	0	-1	-1	float64	-1	39.988	torch-2.14.0+cu130
triton	0	4	100000	200	0.323456	19.648075	1	100000.000000	0	-1	-1	float64	310.022	0.093	triton-3.8.0
torch-tensorrt	0	4	100000	200	0.040213	54.041147	0	100000.000000	0	-1	-1	float64	-1	38.542	torch_tensorrt-2.9.0+cu130
torch-compile-ro	0	4	100000	200	0.475189	98.609924	0	100000.000000	0	1	0	float64	-1	434.183	torch-2.14.0+cu130
torch-compile-mat	0	4	100000	200	0.651887	118.100643	0	100000.000000	0	1	0	float64	-1	616.650	torch-2.14.0+cu130
jax	0	4	100000	200	0.002502	44.283867	0	100000.000000	0	-1	-1	float64	195.579	0.468	jax-0.11.1
iree	0	4	100000	200	0.051226	937.951803	0	100000.000000	0	-1	-1	float64	564.649	11.043	iree-3.11.0
fused	0	4	1000000	200	0.002120	40.555000	52	1000000.000000	0	1.060000	float64				d161d7cb4db2
eager	0	4	1000000	200	0.009331	307.060480	51	1000000.000000	0	12.005000	float64				d161d7cb4db2
nojit	0	4	1000000	200	0.008915	306.659937	51	1000000.000000	0	12.005000	float64				d161d7cb4db2
torch-compile	0	4	1000000	200	0.426677	68.426132	0	1000000.000000	0	1	0	float64	-1	424.449	torch-2.14.0+cu130
torch-eager	0	4	1000000	200	0.045270	312.411785	0	1000000.000000	0	-1	-1	float64	-1	36.139	torch-2.14.0+cu130
triton	0	4	1000000	200	0.323591	39.104223	1	1000000.000000	0	-1	-1	float64	308.751	0.124	triton-3.8.0
torch-tensorrt	0	4	1000000	200	0.051174	321.598053	0	1000000.000000	0	-1	-1	float64	-1	41.773	torch_tensorrt-2.9.0+cu130
torch-compile-ro	0	4	1000000	200	0.522318	134.104490	0	1000000.000000	0	1	0	float64	-1	490.605	torch-2.14.0+cu130
torch-compile-mat	0	4	1000000	200	0.602857	134.227276	0	1000000.000000	0	1	0	float64	-1	567.580	torch-2.14.0+cu130
jax	0	4	1000000	200	0.005023	94.828606	0	1000000.000000	0	-1	-1	float64	206.055	0.575	jax-0.11.1
iree	0	4	1000000	200	0.313401	5878.974199	0	1000000.000000	0	-1	-1	float64	566.137	23.466	iree-3.11.0
fused	0	4	10000000	200	0.015075	327.990055	52	10000000.000000	0	1.060000	float64				d161d7cb4db2
eager	0	4	10000000	200	0.088074	3026.939631	51	10000000.000000	0	12.005000	float64				d161d7cb4db2
nojit	0	4	10000000	200	0.087919	3027.359247	51	10000000.000000	0	12.005000	float64				d161d7cb4db2
torch-compile	0	4	10000000	200	0.441358	645.979643	0	10000000.000000	0	1	0	float64	-1	422.376	torch-2.14.0+cu130
torch-eager	0	4	10000000	200	0.123806	3045.791388	0	10000000.000000	0	-1	-1	float64	-1	35.296	torch-2.14.0+cu130
triton	0	4	10000000	200	0.332995	327.122211	1	10000000.000000	0	-1	-1	float64	309.651	0.650	triton-3.8.0
torch-tensorrt	0	4	10000000	200	0.132168	3045.961857	0	10000000.000000	0	-1	-1	float64	-1	43.634	torch_tensorrt-2.9.0+cu130
torch-compile-ro	0	4	10000000	200	0.540728	1213.791370	0	10000000.000000	0	1	0	float64	-1	474.941	torch-2.14.0+cu130
torch-compile-mat	0	4	10000000	200	0.671105	1194.061041	0	10000000.000000	0	1	0	float64	-1	604.029	torch-2.14.0+cu130
jax	0	4	10000000	200	0.051071	944.975615	0	10000000.000000	0	-1	-1	float64	219.332	1.276	jax-0.11.1
iree	0	4	10000000	200	2.922141	49308.917522	0	10000000.000000	0	-1	-1	float64	570.050	167.075	iree-3.11.0
fused	1	4	1000000	200	0.003420	41.594505	53	1000122.070313	0	1.060000	float64				d161d7cb4db2
eager	1	4	1000000	200	0.009661	312.200785	51	1000122.070313	0	12.150000	float64				d161d7cb4db2
nojit	1	4	1000000	200	0.009062	310.781002	51	1000122.070313	0	12.150000	float64				d161d7cb4db2
torch-compile	1	4	1000000	200	0.704295	308.037996	0	1000122.070313	0	1	0	float64	-1	418.873	torch-2.14.0+cu130
torch-eager	1	4	1000000	200	0.044379	316.989422	0	1000122.070313	0	-1	-1	float64	-1	35.100	torch-2.14.0+cu130
triton	1	4	1000000	200	0.294705	43.290854	2	1000122.070313	0	-1	-1	float64	280.453	0.077	triton-3.8.0
torch-tensorrt	1	4	1000000	200	0.047175	326.281786	0	1000122.070313	0	-1	-1	float64	-1	37.614	torch_tensorrt-2.9.0+cu130
torch-compile-ro	1	4	1000000	200	0.724093	387.380123	0	1000122.070313	0	1	0	float64	-1	425.609	torch-2.14.0+cu130
torch-compile-mat	1	4	1000000	200	1.444046	396.174192	0	1000122.070313	0	1	0	float64	-1	573.028	torch-2.14.0+cu130
jax	1	4	1000000	200	0.005211	100.060701	0	1000122.070313	0	-1	-1	float64	205.899	0.580	jax-0.11.1
iree	1	4	1000000	200	0.335027	6442.065239	0	1000122.070313	0	-1	-1	float64	565.734	24.640	iree-3.11.0
fused	2	4	1000000	200	0.002163	42.604208	53	1000122.070313	0	1.150000	float64				d161d7cb4db2
eager	2	4	1000000	200	0.009537	310.890675	51	1000122.070313	0	12.150000	float64				d161d7cb4db2
nojit	2	4	1000000	200	0.009063	310.873985	51	1000122.070313	0	12.150000	float64				d161d7cb4db2
torch-compile	2	4	1000000	200	0.570678	72.761774	0	1000122.070313	0	2	1	float64	-1	562.413	torch-2.14.0+cu130
torch-eager	2	4	1000000	200	0.047787	326.045752	0	1000122.070313	0	-1	-1	float64	-1	38.187	torch-2.14.0+cu130
triton	2	4	1000000	200	0.325412	67.553520	2	1000122.070313	0	-1	-1	float64	309.753	0.082	triton-3.8.0
torch-tensorrt	2	4	1000000	200	0.447624	325.946808	0	1000122.070313	0	-1	-1	float64	-1	438.059	torch_tensorrt-2.9.0+cu130
torch-compile-ro	2	4	1000000	200	0.601144	138.410330	0	1000122.070313	0	2	1	float64	-1	561.606	torch-2.14.0+cu130
torch-compile-mat	2	4	1000000	200	0.763307	137.002468	0	1000122.070313	0	2	1	float64	-1	720.140	torch-2.14.0+cu130
jax	2	4	1000000	200	0.007722	174.616575	0	1000122.070313	0	-1	-1	float64	206.054	0.580	jax-0.11.1
iree	2	4	1000000	200	0.416442	8899.406195	0	1000122.070313	0	-1	-1	float64	567.988	23.606	iree-3.11.0
fused	3	4	1000000	200	0.003815	97.905397	53	1533333.333333	0	2.005000	float64				d161d7cb4db2
eager	3	4	1000000	200	0.011429	360.289812	51	1533333.333333	0	14.005000	float64				d161d7cb4db2
nojit	3	4	1000000	200	0.010596	365.480185	51	1533333.333333	0	14.005000	float64				d161d7cb4db2
torch-compile	3	4	1000000	200	0.684334	164.970160	0	1533333.333333	0	2	1	float64	-1	486.143	torch-2.14.0+cu130
torch-eager	3	4	1000000	200	0.047173	377.670527	0	1533333.333333	0	-1	-1	float64	-1	36.165	torch-2.14.0+cu130
triton	3	4	1000000	200	0.383857	123.436451	2	1533333.333333	0	-1	-1	float64	366.850	0.083	triton-3.8.0
torch-tensorrt	3	4	1000000	200	0.053660	384.788513	0	1533333.333333	0	-1	-1	float64	-1	42.439	torch_tensorrt-2.9.0+cu130
torch-compile-ro	3	4	1000000	200	0.852472	394.592285	0	1533333.333333	0	2	1	float64	-1	570.770	torch-2.14.0+cu130
torch-compile-mat	3	4	1000000	200	2.200558	339.369774	0	1533333.333333	0	2	1	float64	-1	1411.623	torch-2.14.0+cu130
jax	3	4	1000000	200	0.012141	351.372957	0	1533333.333333	0	-1	-1	float64	210.017	0.597	jax-0.11.1
iree	3	4	1000000	200	2.597053	81569.863558	0	1533333.333333	0	-1	-1	float64	565.505	24.290	iree-3.11.0
fused	4	4	1000000	200	0.003764	53.244829	54	1533317.820224	1	1.065000	float64				d161d7cb4db2
eager	4	4	1000000	200	0.010242	336.145163	51	1533317.820224	0	13.005000	float64				d161d7cb4db2
nojit	4	4	1000000	200	0.009762	335.739851	51	1533317.820224	0	13.005000	float64				d161d7cb4db2
torch-compile	4	4	1000000	200	0.678782	332.039595	0	1533317.820224	0	1	0	float64	-1	419.332	torch-2.14.0+cu130
torch-eager	4	4	1000000	200	0.044913	342.253447	0	1533317.820224	0	-1	-1	float64	-1	34.921	torch-2.14.0+cu130
triton	4	4	1000000	200	0.326178	67.423582	3	1533317.820224	0	-1	-1	float64	310.564	0.083	triton-3.8.0
torch-tensorrt	4	4	1000000	200	0.052273	351.560116	0	1533317.820224	0	-1	-1	float64	-1	42.005	torch_tensorrt-2.9.0+cu130
torch-compile-ro	4	4	1000000	200	0.846796	424.666405	0	1533317.820224	0	1	0	float64	-1	497.364	torch-2.14.0+cu130
torch-compile-mat	4	4	1000000	200	1.784246	422.221422	0	1533317.820224	0	1	0	float64	-1	717.359	torch-2.14.0+cu130
jax	4	4	1000000	200	0.006212	127.514601	0	1533317.820224	0	-1	-1	float64	205.723	0.566	jax-0.11.1
iree	4	4	1000000	200	0.463191	10746.003389	0	1533317.820224	0	-1	-1	float64	565.356	24.034	iree-3.11.0
fused	5	4	1000000	200	0.003932	53.390265	53	1533333.333333	1	1.065000	float64				d161d7cb4db2
eager	5	4	1000000	200	0.010404	335.739851	51	1533333.333333	0	13.005000	float64				d161d7cb4db2
nojit	5	4	1000000	200	0.009769	335.619450	51	1533333.333333	0	13.005000	float64				d161d7cb4db2
torch-compile	5	4	1000000	200	0.821973	332.602262	0	1533333.333333	0	2	1	float64	-1	559.798	torch-2.14.0+cu130
torch-eager	5	4	1000000	200	0.048392	342.214108	0	1533333.333333	0	-1	-1	float64	-1	38.398	torch-2.14.0+cu130
triton	5	4	1000000	200	0.292273	69.606304	2	1533333.333333	0	-1	-1	float64	275.988	0.082	triton-3.8.0
torch-tensorrt	5	4	1000000	200	0.049460	351.730585	0	1533333.333333	0	-1	-1	float64	-1	39.199	torch_tensorrt-2.9.0+cu130
torch-compile-ro	5	4	1000000	200	0.916430	429.025888	0	1533333.333333	0	2	1	float64	-1	587.583	torch-2.14.0+cu130
torch-compile-mat	5	4	1000000	200	1.726219	413.794518	0	1533333.333333	0	2	1	float64	-1	686.820	torch-2.14.0+cu130
jax	5	4	1000000	200	0.006244	128.283501	0	1533333.333333	0	-1	-1	float64	205.167	0.581	jax-0.11.1
iree	5	4	1000000	200	0.474321	10817.843676	0	1533333.333333	0	-1	-1	float64	562.974	23.977	iree-3.11.0
fused	11	1	25600	200	0.001004	3.615618	52	95540.500674	0	1.040000	float64				d161d7cb4db2
eager	11	1	25600	200	0.002420	56.705475	51	95540.500674	0	8.005000	float64				d161d7cb4db2
nojit	11	1	25600	200	0.001793	57.004690	51	95540.500674	0	8.005000	float64				d161d7cb4db2
torch-compile	11	1	25600	200	1.737460	56.489706	0	95540.500674	0	-1	-1	float64	-1	1732.903	torch-2.14.0+cu130
torch-eager	11	1	25600	200	0.189135	57.061911	0	95540.500674	0	-1	-1	float64	-1	185.615	torch-2.14.0+cu130
triton	11	1	25600	200	0.328717	19.119978	1	95540.500674	0	-1	-1	float64	309.387	0.093	triton-3.8.0
torch-tensorrt	11	1	25600	200	2.061652	95.524788	0	95540.500674	0	-1	-1	float64	-1	2056.284	torch_tensorrt-2.9.0+cu130
torch-compile-ro	11	1	25600	200	1.789177	122.114420	0	95540.500674	0	-1	-1	float64	-1	1752.853	torch-2.14.0+cu130
torch-compile-mat	11	1	25600	200	1.889361	132.788420	0	95540.500674	0	-1	-1	float64	-1	1848.643	torch-2.14.0+cu130
jax	11	1	25600	200	0.002329	44.181347	0	95540.500674	0	-1	-1	float64	97.922	0.549	jax-0.11.1
iree	11	1	25600	200	0.014369	56.645870	0	95540.500674	0	-1	-1	float64	183.678	8.426	iree-3.11.0
fused	11	1	256000	200	0.002396	15.980005	52	955405.006738	0	1.040000	float64				d161d7cb4db2
eager	11	1	256000	200	0.005955	144.025087	51	955405.006738	0	8.005000	float64				d161d7cb4db2
nojit	11	1	256000	200	0.005088	141.170025	51	955405.006738	0	8.005000	float64				d161d7cb4db2
torch-compile	11	1	256000	200	1.736674	180.437565	0	955405.006738	0	-1	-1	float64	-1	1701.140	torch-2.14.0+cu130
torch-eager	11	1	256000	200	0.228372	150.972605	0	955405.006738	0	-1	-1	float64	-1	205.106	torch-2.14.0+cu130
triton	11	1	256000	200	0.325739	20.201206	1	955405.006738	0	-1	-1	float64	307.456	0.100	triton-3.8.0
torch-tensorrt	11	1	256000	200	2.130785	190.492868	0	955405.006738	0	-1	-1	float64	-1	2106.325	torch_tensorrt-2.9.0+cu130
torch-compile-ro	11	1	256000	200	1.823867	225.653648	0	955405.006738	0	-1	-1	float64	-1	1768.365	torch-2.14.0+cu130
torch-compile-mat	11	1	256000	200	1.908127	222.454071	0	955405.006738	0	-1	-1	float64	-1	1855.754	torch-2.14.0+cu130
jax	11	1	256000	200	0.003569	58.860779	0	955405.006738	0	-1	-1	float64	83.633	0.530	jax-0.11.1
iree	11	1	256000	200	0.047505	186.698437	0	955405.006738	0	-1	-1	float64	182.830	10.677	iree-3.11.0
fused	12	1	25600	200	0.004849	98.830462	53	256.065387	0	2.005000	float64				d161d7cb4db2
eager	12	1	25600	200	0.004594	98.484755	51	256.065387	0	2.005000	float64				d161d7cb4db2
nojit	12	1	25600	200	0.003425	98.410845	51	256.065387	0	2.005000	float64				d161d7cb4db2
torch-compile	12	1	25600	200	1.697299	138.715506	0	256.065387	0	-1	-1	float64	-1	1679.532	torch-2.14.0+cu130
torch-eager	12	1	25600	200	0.227059	136.986971	0	256.065387	0	-1	-1	float64	-1	215.092	torch-2.14.0+cu130
triton	12	1	25600	200	0.331834	299.296379	1	256.065387	0	-1	-1	float64	310.155	0.414	triton-3.8.0
torch-tensorrt	12	1	25600	200	2.057355	133.644342	0	256.065387	0	-1	-1	float64	-1	2045.003	torch_tensorrt-2.9.0+cu130
torch-compile-ro	12	1	25600	200	1.696533	177.603960	0	256.065387	0	-1	-1	float64	-1	1648.978	torch-2.14.0+cu130
torch-compile-mat	12	1	25600	200	1.819374	177.582502	0	256.065387	0	-1	-1	float64	-1	1769.701	torch-2.14.0+cu130
jax	12	1	25600	200	0.002521	50.488710	0	256.065387	0	-1	-1	float64	1614.143	0.626	jax-0.11.1
iree	12	1	25600	200	0.071413	1805.111170	0	256.065387	0	-1	-1	float64	219.567	13.128	iree-3.11.0
fused	12	1	256000	200	0.012998	343.254805	53	2560.654532	0	2.005000	float64				d161d7cb4db2
eager	12	1	256000	200	0.012726	342.274904	51	2560.654532	0	2.005000	float64				d161d7cb4db2
nojit	12	1	256000	200	0.011885	342.190266	51	2560.654532	0	2.005000	float64				d161d7cb4db2
torch-compile	12	1	256000	200	1.720724	511.556864	0	2560.654532	0	-1	-1	float64	-1	1667.318	torch-2.14.0+cu130
torch-eager	12	1	256000	200	0.281080	495.426655	0	2560.654532	0	-1	-1	float64	-1	241.463	torch-2.14.0+cu130
triton	12	1	256000	200	0.297779	283.145905	1	2560.654532	0	-1	-1	float64	275.765	0.386	triton-3.8.0
torch-tensorrt	12	1	256000	200	2.117819	483.670235	0	2560.654532	0	-1	-1	float64	-1	2079.090	torch_tensorrt-2.9.0+cu130
torch-compile-ro	12	1	256000	200	1.893313	531.212091	0	2560.654532	0	-1	-1	float64	-1	1822.296	torch-2.14.0+cu130
torch-compile-mat	12	1	256000	200	2.015385	529.646873	0	2560.654532	0	-1	-1	float64	-1	1947.019	torch-2.14.0+cu130
jax	12	1	256000	200	0.009787	258.357525	0	2560.654532	0	-1	-1	float64	1597.518	0.904	jax-0.11.1
iree	12	1	256000	200	0.053703	437.164307	0	2560.654532	0	-1	-1	float64	232.277	9.506	iree-3.11.0
fused	13	1	25600	200	0.015109	437.284708	52	0.000000	0	1.005000	float64				d161d7cb4db2
eager	13	1	25600	200	0.017294	525.535345	51	0.000000	0	6.005000	float64				d161d7cb4db2
nojit	13	1	25600	200	0.016627	525.649786	51	0.000000	0	6.005000	float64				d161d7cb4db2
torch-compile	13	1	25600	200	1.718481	615.209341	0	0.000000	0	-1	-1	float64	-1	1669.967	torch-2.14.0+cu130
torch-eager	13	1	25600	200	0.284338	578.224659	0	0.000000	0	-1	-1	float64	-1	244.526	torch-2.14.0+cu130
triton	13	1	25600	200	0.372650	1290.050745	2	0.000000	0	-1	-1	float64	314.927	1.353	triton-3.8.0
torch-tensorrt	13	1	25600	200	2.261381	582.772493	0	0.000000	0	-1	-1	float64	-1	2221.533	torch_tensorrt-2.9.0+cu130
torch-compile-ro	13	1	25600	200	1.914668	623.106956	0	0.000000	0	-1	-1	float64	-1	1840.567	torch-2.14.0+cu130
torch-compile-mat	13	1	25600	200	2.226451	640.310049	0	0.000000	0	-1	-1	float64	-1	2146.446	torch-2.14.0+cu130
jax	13	1	25600	200	0.004896	123.323202	0	0.000000	0	-1	-1	float64	1973.833	1.001	jax-0.11.1
iree	13	1	25600	200	0.101371	2860.426903	0	0.000000	0	-1	-1	float64	328.292	11.411	iree-3.11.0
fused	13	1	256000	200	0.141345	4728.939533	52	-0.000000	0	1.005000	float64				d161d7cb4db2
eager	13	1	256000	200	0.160096	5408.145189	51	-0.000000	0	6.005000	float64				d161d7cb4db2
nojit	13	1	256000	200	0.159764	5411.834717	51	-0.000000	0	6.005000	float64				d161d7cb4db2
torch-compile	13	1	256000	200	2.033565	4973.611832	0	-0.000000	0	-1	-1	float64	-1	1840.083	torch-2.14.0+cu130
torch-eager	13	1	256000	200	0.463658	4858.632088	0	-0.000000	0	-1	-1	float64	-1	271.856	torch-2.14.0+cu130
triton	13	1	256000	200	0.472888	4681.829214	2	-0.000000	0	-1	-1	float64	315.608	4.723	triton-3.8.0
torch-tensorrt	13	1	256000	200	2.405422	4872.839451	0	-0.000000	0	-1	-1	float64	-1	2214.076	torch_tensorrt-2.9.0+cu130
torch-compile-ro	13	1	256000	200	2.004811	4998.708963	0	-0.000000	0	-1	-1	float64	-1	1781.342	torch-2.14.0+cu130
torch-compile-mat	13	1	256000	200	2.361379	5059.186220	0	-0.000000	0	-1	-1	float64	-1	2121.088	torch-2.14.0+cu130
jax	13	1	256000	200	0.119501	3697.135448	0	-0.000000	0	-1	-1	float64	2051.456	4.777	jax-0.11.1
iree	13	1	256000	200	0.204957	5175.487995	0	-0.000000	0	-1	-1	float64	638.904	19.485	iree-3.11.0
fused	6	1	25600	200	0.012477	279.361010	55	256.065463	0	6.005000	float64				d161d7cb4db2
eager	6	1	25600	200	0.012042	278.970003	51	256.065463	0	6.005000	float64				d161d7cb4db2
nojit	6	1	25600	200	0.009254	278.530121	51	256.065463	0	6.005000	float64				d161d7cb4db2
torch-compile	6	1	25600	200	1.858948	390.887260	0	256.065463	0	-1	-1	float64	-1	1826.196	torch-2.14.0+cu130
torch-eager	6	1	25600	200	0.262349	393.754244	0	256.065463	0	-1	-1	float64	-1	231.437	torch-2.14.0+cu130
triton	6	1	25600	200	0.325295	894.173384	1	256.065463	0	-1	-1	float64	285.731	0.935	triton-3.8.0
torch-tensorrt	6	1	25600	200	2.160121	390.822887	0	256.065463	0	-1	-1	float64	-1	2128.617	torch_tensorrt-2.9.0+cu130
torch-compile-ro	6	1	25600	200	1.830388	428.227186	0	256.065463	0	-1	-1	float64	-1	1765.830	torch-2.14.0+cu130
torch-compile-mat	6	1	25600	200	1.942634	429.232121	0	256.065463	0	-1	-1	float64	-1	1876.595	torch-2.14.0+cu130
jax	6	1	25600	200	0.004473	107.185841	0	256.065463	0	-1	-1	float64	1632.367	0.982	jax-0.11.1
iree	6	1	25600	200	0.181705	5333.379507	0	256.065463	0	-1	-1	float64	232.041	17.088	iree-3.11.0
fused	6	1	256000	200	0.034091	1014.770269	55	2560.654707	0	6.005000	float64				d161d7cb4db2
eager	6	1	256000	200	0.034325	1015.695333	51	2560.654707	0	6.005000	float64				d161d7cb4db2
nojit	6	1	256000	200	0.032163	1015.169621	51	2560.654707	0	6.005000	float64				d161d7cb4db2
torch-compile	6	1	256000	200	1.823434	1271.952391	0	2560.654707	0	-1	-1	float64	-1	1735.664	torch-2.14.0+cu130
torch-eager	6	1	256000	200	0.332604	1272.581816	0	2560.654707	0	-1	-1	float64	-1	258.417	torch-2.14.0+cu130
triton	6	1	256000	200	0.349624	898.083448	1	2560.654707	0	-1	-1	float64	311.821	0.890	triton-3.8.0
torch-tensorrt	6	1	256000	200	2.350492	1277.884245	0	2560.654707	0	-1	-1	float64	-1	2274.184	torch_tensorrt-2.9.0+cu130
torch-compile-ro	6	1	256000	200	1.871113	1269.408464	0	2560.654707	0	-1	-1	float64	-1	1762.819	torch-2.14.0+cu130
torch-compile-mat	6	1	256000	200	2.081100	1330.691576	0	2560.654707	0	-1	-1	float64	-1	1967.935	torch-2.14.0+cu130
jax	6	1	256000	200	0.025171	759.416819	0	2560.654707	0	-1	-1	float64	1602.576	1.580	jax-0.11.1
iree	6	1	256000	200	0.068505	913.081169	0	2560.654707	0	-1	-1	float64	242.325	10.233	iree-3.11.0
fused	7	1	25600	200	0.028840	647.904873	57	25.611041	0	16.000000	float64				d161d7cb4db2
eager	7	1	25600	200	0.030770	667.920113	51	25.611041	0	26.000000	float64				d161d7cb4db2
nojit	7	1	25600	200	0.020469	667.214394	51	25.611041	0	26.000000	float64				d161d7cb4db2
torch-compile	7	1	25600	200	1.719235	851.539373	0	25.611041	0	-1	-1	float64	-1	1669.752	torch-2.14.0+cu130
torch-eager	7	1	25600	200	0.285962	802.522898	0	25.611041	0	-1	-1	float64	-1	243.368	torch-2.14.0+cu130
torch-tensorrt	7	1	25600	200	2.175973	831.758976	0	25.611041	0	-1	-1	float64	-1	2131.333	torch_tensorrt-2.9.0+cu130
torch-compile-ro	7	1	25600	200	1.777510	868.930817	0	25.611041	0	-1	-1	float64	-1	1700.001	torch-2.14.0+cu130
torch-compile-mat	7	1	25600	200	3.235472	865.739584	0	25.611041	0	-1	-1	float64	-1	3158.707	torch-2.14.0+cu130
jax	7	1	25600	200	0.012174	324.565172	0	25.611041	0	-1	-1	float64	2264.517	1.837	jax-0.11.1
iree	7	1	25600	200	0.378219	11465.103626	0	25.611041	0	-1	-1	float64	329.692	27.766	iree-3.11.0
fused	7	1	256000	200	0.092344	2803.084850	57	0.000000	0	16.000000	float64				d161d7cb4db2
eager	7	1	256000	200	0.094178	2829.384804	51	0.000000	0	26.000000	float64				d161d7cb4db2
nojit	7	1	256000	200	0.083810	2824.249268	51	0.000000	0	26.000000	float64				d161d7cb4db2
torch-compile	7	1	256000	200	1.974021	3017.435074	0	0.000000	0	-1	-1	float64	-1	1844.352	torch-2.14.0+cu130
torch-eager	7	1	256000	200	0.398041	3061.522245	0	0.000000	0	-1	-1	float64	-1	268.339	torch-2.14.0+cu130
torch-tensorrt	7	1	256000	200	2.309726	3073.583841	0	0.000000	0	-1	-1	float64	-1	2181.240	torch_tensorrt-2.9.0+cu130
torch-compile-ro	7	1	256000	200	1.963231	3029.145002	0	0.000000	0	-1	-1	float64	-1	1801.601	torch-2.14.0+cu130
torch-compile-mat	7	1	256000	200	2.923667	3038.831949	0	0.000000	0	-1	-1	float64	-1	2764.342	torch-2.14.0+cu130
jax	7	1	256000	200	0.063167	1973.640919	0	0.000000	0	-1	-1	float64	2187.339	3.702	jax-0.11.1
iree	7	1	256000	200	0.965391	31513.969898	0	0.000000	0	-1	-1	float64	430.404	43.506	iree-3.11.0
fused	8	1	25600	200	0.016780	462.969542	56	3221914.952339	0	5.015000	float64				d161d7cb4db2
eager	8	1	25600	200	0.025840	777.524710	51	3221914.952339	0	34.005000	float64				d161d7cb4db2
nojit	8	1	25600	200	0.022919	777.815580	51	3221914.952339	0	34.005000	float64				d161d7cb4db2
torch-compile	8	1	25600	200	1.736471	513.317585	0	3221914.952339	0	-1	-1	float64	-1	1716.178	torch-2.14.0+cu130
torch-eager	8	1	25600	200	0.302365	558.469296	0	3221914.952339	0	-1	-1	float64	-1	281.736	torch-2.14.0+cu130
torch-tensorrt	8	1	25600	200	2.213891	559.982061	0	3221914.952339	0	-1	-1	float64	-1	2192.852	torch_tensorrt-2.9.0+cu130
torch-compile-ro	8	1	25600	200	1.768634	523.414612	0	3221914.952339	0	-1	-1	float64	-1	1720.157	torch-2.14.0+cu130
torch-compile-mat	8	1	25600	200	2.762582	525.977612	0	3221914.952339	0	-1	-1	float64	-1	2703.938	torch-2.14.0+cu130
jax	8	1	25600	200	0.009456	267.269611	0	3221914.952339	0	-1	-1	float64	1239.866	1.266	jax-0.11.1
iree	8	1	25600	200	0.041028	939.183235	0	3221914.952339	0	-1	-1	float64	491.867	9.425	iree-3.11.0
fused	8	1	256000	200	0.650785	22300.150394	56	32261731.495851	0	5.015000	float64				d161d7cb4db2
eager	8	1	256000	200	0.729230	25075.465441	51	32261731.495851	0	34.005000	float64				d161d7cb4db2
nojit	8	1	256000	200	0.729073	25075.349808	51	32261731.495851	0	34.005000	float64				d161d7cb4db2
torch-compile	8	1	256000	200	2.709818	29723.309278	0	32261731.495851	0	-1	-1	float64	-1	1814.322	torch-2.14.0+cu130
torch-eager	8	1	256000	200	1.133258	27330.241203	0	32261731.495851	0	-1	-1	float64	-1	313.983	torch-2.14.0+cu130
torch-tensorrt	8	1	256000	200	3.112596	27334.004641	0	32261731.495851	0	-1	-1	float64	-1	2287.435	torch_tensorrt-2.9.0+cu130
torch-compile-ro	8	1	256000	200	2.743791	29717.584848	0	32261731.495851	0	-1	-1	float64	-1	1831.266	torch-2.14.0+cu130
torch-compile-mat	8	1	256000	200	5.644181	27718.510628	0	32261731.495851	0	-1	-1	float64	-1	4716.701	torch-2.14.0+cu130
jax	8	1	256000	200	0.458816	15205.459595	0	32261731.495851	0	-1	-1	float64	1496.044	16.504	jax-0.11.1
iree	8	1	256000	200	1.278442	38502.831459	0	32261731.495851	0	-1	-1	float64	21674.571	104.369	iree-3.11.0
fused	9	1	25600	200	0.024443	748.890638	57	214.208506	0	6.000000	float64				d161d7cb4db2
eager	9	1	25600	200	0.024573	758.264065	54	214.208506	0	10.000000	float64				d161d7cb4db2
nojit	9	1	25600	200	0.022332	759.110451	54	214.208506	0	10.000000	float64				d161d7cb4db2
torch-compile	9	1	25600	200	1.873978	856.634378	0	214.208506	0	-1	-1	float64	-1	1843.919	torch-2.14.0+cu130
torch-eager	9	1	25600	200	0.285522	799.914598	0	214.208506	0	-1	-1	float64	-1	258.426	torch-2.14.0+cu130
torch-tensorrt	9	1	25600	200	2.326702	921.046734	0	214.208506	0	-1	-1	float64	-1	2294.767	torch_tensorrt-2.9.0+cu130
torch-compile-ro	9	1	25600	200	1.885738	867.778063	0	214.208506	0	-1	-1	float64	-1	1829.212	torch-2.14.0+cu130
torch-compile-mat	9	1	25600	200	2.773587	857.480764	0	214.208506	0	-1	-1	float64	-1	2720.234	torch-2.14.0+cu130
jax	9	1	25600	200	0.007943	229.636431	0	214.208506	0	-1	-1	float64	385.150	0.818	jax-0.11.1
fused	9	1	256000	200	0.021607	573.225021	57	2158.224764	0	6.000000	float64				d161d7cb4db2
eager	9	1	256000	200	0.020268	596.939325	54	2158.224764	0	10.000000	float64				d161d7cb4db2
nojit	9	1	256000	200	0.018973	566.990376	54	2158.224764	0	10.000000	float64				d161d7cb4db2
torch-compile	9	1	256000	200	1.941478	677.825212	0	2158.224764	0	-1	-1	float64	-1	1896.144	torch-2.14.0+cu130
torch-eager	9	1	256000	200	0.320419	578.207970	0	2158.224764	0	-1	-1	float64	-1	282.471	torch-2.14.0+cu130
torch-tensorrt	9	1	256000	200	2.258139	1573.593616	0	2158.224764	0	-1	-1	float64	-1	2190.846	torch_tensorrt-2.9.0+cu130
torch-compile-ro	9	1	256000	200	1.799634	704.970360	0	2158.224764	0	-1	-1	float64	-1	1726.245	torch-2.14.0+cu130
torch-compile-mat	9	1	256000	200	3.175183	655.771494	0	2158.224764	0	-1	-1	float64	-1	3111.230	torch-2.14.0+cu130
jax	9	1	256000	200	0.011236	329.343081	0	2158.224764	0	-1	-1	float64	814.479	1.162	jax-0.11.1
fused	10	1	25600	200	0.255672	3894.839287	76	0.000000	0	78.000000	float64				d161d7cb4db2
eager	10	1	25600	200	0.340652	4810.174704	51	0.000000	0	235.000000	float64				d161d7cb4db2
nojit	10	1	25600	200	0.138005	4798.115492	51	0.000000	0	238.000000	float64				d161d7cb4db2
torch-compile	10	1	25600	200	1.970841	3154.146671	0	0.000000	0	-1	-1	float64	-1	1866.960	torch-2.14.0+cu130
torch-eager	10	1	25600	200	0.437660	3707.026243	0	0.000000	0	-1	-1	float64	-1	320.092	torch-2.14.0+cu130
torch-tensorrt	10	1	25600	200	2.536205	4072.840214	0	0.000000	0	-1	-1	float64	-1	2408.488	torch_tensorrt-2.9.0+cu130
torch-compile-ro	10	1	25600	200	2.014966	3094.618320	0	0.000000	0	-1	-1	float64	-1	1880.606	torch-2.14.0+cu130
torch-compile-mat	10	1	25600	200	5.846256	3159.068823	0	0.000000	0	-1	-1	float64	-1	5703.999	torch-2.14.0+cu130
jax	10	1	25600	200	0.051425	1503.024101	0	0.000000	0	-1	-1	float64	4168.443	6.928	jax-0.11.1
iree	10	1	25600	200	0.339406	10399.179459	0	0.000000	0	-1	-1	float64	1522.096	25.880	iree-3.11.0
fused	10	1	191488	200	2.727239	93967.125416	76	0.000000	0	78.000000	float64				d161d7cb4db2
eager	10	1	191488	200	2.930468	99363.631010	51	0.000000	0	235.000000	float64				d161d7cb4db2
nojit	10	1	191488	200	2.740204	99387.814999	51	0.000000	0	238.000000	float64				d161d7cb4db2
torch-compile	10	1	191488	200	4.336703	78666.360378	0	0.000000	0	-1	-1	float64	-1	2023.434	torch-2.14.0+cu130
torch-eager	10	1	191488	200	2.680099	78944.162130	0	0.000000	0	-1	-1	float64	-1	367.162	torch-2.14.0+cu130
torch-tensorrt	10	1	191488	200	4.839095	79071.115255	0	0.000000	0	-1	-1	float64	-1	2526.787	torch_tensorrt-2.9.0+cu130
torch-compile-ro	10	1	191488	200	4.227182	78691.864014	0	0.000000	0	-1	-1	float64	-1	1886.368	torch-2.14.0+cu130
torch-compile-mat	10	1	191488	200	9.430477	75792.602301	0	0.000000	0	-1	-1	float64	-1	7087.282	torch-2.14.0+cu130
jax	10	1	191488	200	1.213006	41818.461418	0	0.000000	0	-1	-1	float64	4880.112	69.767	jax-0.11.1
iree	10	1	191488	200	4.190526	136415.319443	0	0.000000	0	-1	-1	float64	3724.920	208.324	iree-3.11.0
fused	0	1	1000000	200	0.001522	29.054880	52	1000000.000000	0	1.015000	float64				d161d7cb4db2
eager	0	1	1000000	200	0.002691	77.190399	51	1000000.000000	0	3.005000	float64				d161d7cb4db2
nojit	0	1	1000000	200	0.002321	77.345371	51	1000000.000000	0	3.005000	float64				d161d7cb4db2
torch-compile	0	1	1000000	200	0.489781	44.733286	0	1000000.000000	0	1	0	float64	-1	488.163	torch-2.14.0+cu130
torch-eager	0	1	1000000	200	0.038675	78.282356	0	1000000.000000	0	-1	-1	float64	-1	36.301	torch-2.14.0+cu130
triton	0	1	1000000	200	0.323211	30.732155	1	1000000.000000	0	-1	-1	float64	308.354	0.124	triton-3.8.0
torch-tensorrt	0	1	1000000	200	0.042825	80.682039	0	1000000.000000	0	-1	-1	float64	-1	40.385	torch_tensorrt-2.9.0+cu130
torch-compile-ro	0	1	1000000	200	0.531931	126.422644	0	1000000.000000	0	1	0	float64	-1	495.920	torch-2.14.0+cu130
torch-compile-mat	0	1	1000000	200	0.691082	119.768381	0	1000000.000000	0	1	0	float64	-1	655.642	torch-2.14.0+cu130
jax	0	1	1000000	200	0.003515	48.805475	0	1000000.000000	0	-1	-1	float64	198.422	0.506	jax-0.11.1
iree	0	1	1000000	200	0.308674	5782.258511	0	1000000.000000	0	-1	-1	float64	559.586	23.610	iree-3.11.0
fused	0	4	1000000	200	0.002085	39.730072	52	1000000.000000	0	1.060000	float64				d161d7cb4db2
eager	0	4	1000000	200	0.009336	306.264162	51	1000000.000000	0	12.005000	float64				d161d7cb4db2
nojit	0	4	1000000	200	0.008921	306.940079	51	1000000.000000	0	12.005000	float64				d161d7cb4db2
torch-compile	0	4	1000000	200	0.475775	68.327188	0	1000000.000000	0	1	0	float64	-1	473.566	torch-2.14.0+cu130
torch-eager	0	4	1000000	200	0.047950	312.386751	0	1000000.000000	0	-1	-1	float64	-1	38.809	torch-2.14.0+cu130
triton	0	4	1000000	200	0.314965	39.169788	1	1000000.000000	0	-1	-1	float64	300.000	0.142	triton-3.8.0
torch-tensorrt	0	4	1000000	200	0.047324	321.817398	0	1000000.000000	0	-1	-1	float64	-1	37.923	torch_tensorrt-2.9.0+cu130
torch-compile-ro	0	4	1000000	200	0.481400	134.977102	0	1000000.000000	0	1	0	float64	-1	439.918	torch-2.14.0+cu130
torch-compile-mat	0	4	1000000	200	0.611717	128.735304	0	1000000.000000	0	1	0	float64	-1	576.051	torch-2.14.0+cu130
jax	0	4	1000000	200	0.004819	92.227459	0	1000000.000000	0	-1	-1	float64	199.212	0.571	jax-0.11.1
iree	0	4	1000000	200	0.313973	5742.466450	0	1000000.000000	0	-1	-1	float64	567.990	24.107	iree-3.11.0
fused	0	8	1000000	200	0.003523	70.090294	52	1000000.000000	0	1.120000	float64				d161d7cb4db2
eager	0	8	1000000	200	0.018336	612.874031	51	1000000.000000	0	24.005000	float64				d161d7cb4db2
nojit	0	8	1000000	200	0.017822	613.625050	51	1000000.000000	0	24.005000	float64				d161d7cb4db2
torch-compile	0	8	1000000	200	0.505311	132.694244	0	1000000.000000	0	1	0	float64	-1	501.230	torch-2.14.0+cu130
torch-eager	0	8	1000000	200	0.057364	624.302626	0	1000000.000000	0	-1	-1	float64	-1	39.173	torch-2.14.0+cu130
triton	0	8	1000000	200	0.379428	70.337057	1	1000000.000000	0	-1	-1	float64	364.514	0.166	triton-3.8.0
torch-tensorrt	0	8	1000000	200	0.060884	642.082691	0	1000000.000000	0	-1	-1	float64	-1	42.165	torch_tensorrt-2.9.0+cu130
torch-compile-ro	0	8	1000000	200	0.459800	198.378563	0	1000000.000000	0	1	0	float64	-1	422.374	torch-2.14.0+cu130
torch-compile-mat	0	8	1000000	200	0.559513	198.479891	0	1000000.000000	0	1	0	float64	-1	527.449	torch-2.14.0+cu130
jax	0	8	1000000	200	0.007567	175.589323	0	1000000.000000	0	-1	-1	float64	217.625	0.661	jax-0.11.1
iree	0	8	1000000	200	0.313742	5798.614025	0	1000000.000000	0	-1	-1	float64	573.314	24.877	iree-3.11.0
fused	0	4	10000	200	0.001032	13.090372	53	10000.000000	1	1.060000	float64				d161d7cb4db2
eager	0	4	10000	200	0.001700	39.855242	51	10000.000000	0	12.005000	float64				d161d7cb4db2
nojit	0	4	10000	200	0.001160	39.659739	51	10000.000000	0	12.005000	float64				d161d7cb4db2
torch-compile	0	4	10000	200	0.433544	59.524775	0	10000.000000	0	1	0	float64	-1	431.513	torch-2.14.0+cu130
torch-eager	0	4	10000	200	0.041963	59.832335	0	10000.000000	0	-1	-1	float64	-1	40.112	torch-2.14.0+cu130
triton	0	4	10000	200	0.322931	21.694899	1	10000.000000	0	-1	-1	float64	309.320	0.097	triton-3.8.0
torch-tensorrt	0	4	10000	200	0.039643	54.380894	0	10000.000000	0	-1	-1	float64	-1	37.987	torch_tensorrt-2.9.0+cu130
torch-compile-ro	0	4	10000	200	0.467947	97.085238	0	10000.000000	0	1	0	float64	-1	429.953	torch-2.14.0+cu130
torch-compile-mat	0	4	10000	200	0.525864	98.568201	0	10000.000000	0	1	0	float64	-1	497.643	torch-2.14.0+cu130
jax	0	4	10000	200	0.002079	42.756796	0	10000.000000	0	-1	-1	float64	201.028	0.470	jax-0.11.1
iree	0	4	10000	200	0.025407	433.394909	0	10000.000000	0	-1	-1	float64	580.621	10.237	iree-3.11.0
fused	0	4	100000	200	0.001019	13.774633	53	100000.000000	1	1.060000	float64				d161d7cb4db2
eager	0	4	100000	200	0.001820	43.280125	51	100000.000000	0	12.005000	float64				d161d7cb4db2
nojit	0	4	100000	200	0.001265	43.140650	51	100000.000000	0	12.005000	float64				d161d7cb4db2
torch-compile	0	4	100000	200	0.493864	48.706532	0	100000.000000	0	1	0	float64	-1	492.089	torch-2.14.0+cu130
torch-eager	0	4	100000	200	0.042150	61.444044	0	100000.000000	0	-1	-1	float64	-1	40.232	torch-2.14.0+cu130
triton	0	4	100000	200	0.322170	19.508600	1	100000.000000	0	-1	-1	float64	308.105	0.087	triton-3.8.0
torch-tensorrt	0	4	100000	200	0.040974	54.100752	0	100000.000000	0	-1	-1	float64	-1	39.293	torch_tensorrt-2.9.0+cu130
torch-compile-ro	0	4	100000	200	0.471723	127.900839	0	100000.000000	0	1	0	float64	-1	429.949	torch-2.14.0+cu130
torch-compile-mat	0	4	100000	200	0.599457	117.537975	0	100000.000000	0	1	0	float64	-1	564.827	torch-2.14.0+cu130
jax	0	4	100000	200	0.002479	44.561625	0	100000.000000	0	-1	-1	float64	184.917	0.477	jax-0.11.1
iree	0	4	100000	200	0.050589	927.836895	0	100000.000000	0	-1	-1	float64	565.397	11.089	iree-3.11.0
fused	0	4	1000000	200	0.002118	41.185617	52	1000000.000000	0	1.060000	float64				d161d7cb4db2
eager	0	4	1000000	200	0.009322	307.505131	51	1000000.000000	0	12.005000	float64				d161d7cb4db2
nojit	0	4	1000000	200	0.008916	306.894779	51	1000000.000000	0	12.005000	float64				d161d7cb4db2
torch-compile	0	4	1000000	200	0.489450	68.411827	0	1000000.000000	0	1	0	float64	-1	487.227	torch-2.14.0+cu130
torch-eager	0	4	1000000	200	0.047841	312.448740	0	1000000.000000	0	-1	-1	float64	-1	38.707	torch-2.14.0+cu130
triton	0	4	1000000	200	0.304085	38.626194	1	1000000.000000	0	-1	-1	float64	290.629	0.118	triton-3.8.0
torch-tensorrt	0	4	1000000	200	0.048377	322.037935	0	1000000.000000	0	-1	-1	float64	-1	38.957	torch_tensorrt-2.9.0+cu130
torch-compile-ro	0	4	1000000	200	0.534319	134.234428	0	1000000.000000	0	1	0	float64	-1	498.772	torch-2.14.0+cu130
torch-compile-mat	0	4	1000000	200	0.596611	134.098530	0	1000000.000000	0	1	0	float64	-1	562.913	torch-2.14.0+cu130
jax	0	4	1000000	200	0.005041	94.763041	0	1000000.000000	0	-1	-1	float64	209.545	0.601	jax-0.11.1
iree	0	4	1000000	200	0.306397	5798.968077	0	1000000.000000	0	-1	-1	float64	568.439	23.963	iree-3.11.0
fused	0	4	10000000	200	0.015135	329.204798	52	10000000.000000	0	1.060000	float64				d161d7cb4db2
eager	0	4	10000000	200	0.088112	3027.094603	51	10000000.000000	0	12.005000	float64				d161d7cb4db2
nojit	0	4	10000000	200	0.087909	3027.474880	51	10000000.000000	0	12.005000	float64				d161d7cb4db2
torch-compile	0	4	10000000	200	0.440630	645.940304	0	10000000.000000	0	1	0	float64	-1	421.648	torch-2.14.0+cu130
torch-eager	0	4	10000000	200	0.126435	3045.954704	0	10000000.000000	0	-1	-1	float64	-1	37.899	torch-2.14.0+cu130
triton	0	4	10000000	200	0.331879	327.214003	1	10000000.000000	0	-1	-1	float64	306.969	0.651	triton-3.8.0
torch-tensorrt	0	4	10000000	200	0.131363	3045.938015	0	10000000.000000	0	-1	-1	float64	-1	42.808	torch_tensorrt-2.9.0+cu130
torch-compile-ro	0	4	10000000	200	0.570386	1215.856075	0	10000000.000000	0	1	0	float64	-1	502.718	torch-2.14.0+cu130
torch-compile-mat	0	4	10000000	200	0.738347	1196.651459	0	10000000.000000	0	1	0	float64	-1	670.880	torch-2.14.0+cu130
jax	0	4	10000000	200	0.050516	929.160118	0	10000000.000000	0	-1	-1	float64	216.947	1.300	jax-0.11.1
iree	0	4	10000000	200	2.846103	51820.793152	0	10000000.000000	0	-1	-1	float64	568.654	165.141	iree-3.11.0
fused	1	4	1000000	200	0.003439	41.605234	53	1000122.070313	0	1.060000	float64				d161d7cb4db2
eager	1	4	1000000	200	0.009603	312.250853	51	1000122.070313	0	12.150000	float64				d161d7cb4db2
nojit	1	4	1000000	200	0.009077	311.069489	51	1000122.070313	0	12.150000	float64				d161d7cb4db2
torch-compile	1	4	1000000	200	0.671852	307.453871	0	1000122.070313	0	1	0	float64	-1	415.908	torch-2.14.0+cu130
torch-eager	1	4	1000000	200	0.045448	316.793919	0	1000122.070313	0	-1	-1	float64	-1	36.166	torch-2.14.0+cu130
triton	1	4	1000000	200	0.324621	43.596029	2	1000122.070313	0	-1	-1	float64	309.286	0.083	triton-3.8.0
torch-tensorrt	1	4	1000000	200	0.049536	326.062441	0	1000122.070313	0	-1	-1	float64	-1	39.995	torch_tensorrt-2.9.0+cu130
torch-compile-ro	1	4	1000000	200	0.828693	401.260853	0	1000122.070313	0	1	0	float64	-1	492.374	torch-2.14.0+cu130
torch-compile-mat	1	4	1000000	200	1.542557	398.052931	0	1000122.070313	0	1	0	float64	-1	627.008	torch-2.14.0+cu130
jax	1	4	1000000	200	0.005416	100.142956	0	1000122.070313	0	-1	-1	float64	204.575	0.610	jax-0.11.1
iree	1	4	1000000	200	0.342855	6722.506285	0	1000122.070313	0	-1	-1	float64	566.287	23.919	iree-3.11.0
fused	2	4	1000000	200	0.002175	42.715073	53	1000122.070313	0	1.150000	float64				d161d7cb4db2
eager	2	4	1000000	200	0.009606	311.055183	51	1000122.070313	0	12.150000	float64				d161d7cb4db2
nojit	2	4	1000000	200	0.009064	310.959816	51	1000122.070313	0	12.150000	float64				d161d7cb4db2
torch-compile	2	4	1000000	200	0.575357	72.798729	0	1000122.070313	0	2	1	float64	-1	567.645	torch-2.14.0+cu130
torch-eager	2	4	1000000	200	0.045757	326.122046	0	1000122.070313	0	-1	-1	float64	-1	36.189	torch-2.14.0+cu130
triton	2	4	1000000	200	0.326098	70.388317	2	1000122.070313	0	-1	-1	float64	311.435	0.085	triton-3.8.0
torch-tensorrt	2	4	1000000	200	0.493220	326.246023	0	1000122.070313	0	-1	-1	float64	-1	483.667	torch_tensorrt-2.9.0+cu130
torch-compile-ro	2	4	1000000	200	0.536519	137.869120	0	1000122.070313	0	2	1	float64	-1	496.459	torch-2.14.0+cu130
torch-compile-mat	2	4	1000000	200	0.931306	137.110949	0	1000122.070313	0	2	1	float64	-1	885.748	torch-2.14.0+cu130
jax	2	4	1000000	200	0.008327	175.745487	0	1000122.070313	0	-1	-1	float64	213.436	0.595	jax-0.11.1
iree	2	4	1000000	200	0.411693	9047.058821	0	1000122.070313	0	-1	-1	float64	569.661	23.610	iree-3.11.0
fused	3	4	1000000	200	0.003786	98.859072	53	1533333.333333	0	2.005000	float64				d161d7cb4db2
eager	3	4	1000000	200	0.011538	361.620188	51	1533333.333333	0	14.005000	float64				d161d7cb4db2
nojit	3	4	1000000	200	0.010645	366.504192	51	1533333.333333	0	14.005000	float64				d161d7cb4db2
torch-compile	3	4	1000000	200	0.750273	176.045895	0	1533333.333333	0	2	1	float64	-1	544.193	torch-2.14.0+cu130
torch-eager	3	4	1000000	200	0.043894	377.520323	0	1533333.333333	0	-1	-1	float64	-1	32.889	torch-2.14.0+cu130
triton	3	4	1000000	200	0.328715	124.181509	2	1533333.333333	0	-1	-1	float64	311.644	0.085	triton-3.8.0
torch-tensorrt	3	4	1000000	200	0.050323	384.892225	0	1533333.333333	0	-1	-1	float64	-1	39.068	torch_tensorrt-2.9.0+cu130
torch-compile-ro	3	4	1000000	200	0.807271	397.700071	0	1533333.333333	0	2	1	float64	-1	528.126	torch-2.14.0+cu130
torch-compile-mat	3	4	1000000	200	1.498984	350.984335	0	1533333.333333	0	2	1	float64	-1	812.510	torch-2.14.0+cu130
jax	3	4	1000000	200	0.012225	317.295790	0	1533333.333333	0	-1	-1	float64	202.166	0.610	jax-0.11.1
iree	3	4	1000000	200	2.614763	82104.809284	0	1533333.333333	0	-1	-1	float64	570.180	23.921	iree-3.11.0
fused	4	4	1000000	200	0.003722	53.274632	54	1533317.820224	1	1.065000	float64				d161d7cb4db2
eager	4	4	1000000	200	0.010159	336.440802	51	1533317.820224	0	13.005000	float64				d161d7cb4db2
nojit	4	4	1000000	200	0.009762	335.955620	51	1533317.820224	0	13.005000	float64				d161d7cb4db2
torch-compile	4	4	1000000	200	0.679589	332.460403	0	1533317.820224	0	1	0	float64	-1	413.137	torch-2.14.0+cu130
torch-eager	4	4	1000000	200	0.046542	342.262983	0	1533317.820224	0	-1	-1	float64	-1	36.543	torch-2.14.0+cu130
triton	4	4	1000000	200	0.382923	69.406033	3	1533317.820224	0	-1	-1	float64	367.605	0.083	triton-3.8.0
torch-tensorrt	4	4	1000000	200	0.052608	351.743698	0	1533317.820224	0	-1	-1	float64	-1	42.340	torch_tensorrt-2.9.0+cu130
torch-compile-ro	4	4	1000000	200	0.791099	413.082838	0	1533317.820224	0	1	0	float64	-1	487.416	torch-2.14.0+cu130
torch-compile-mat	4	4	1000000	200	1.457126	413.097143	0	1533317.820224	0	1	0	float64	-1	652.046	torch-2.14.0+cu130
jax	4	4	1000000	200	0.006474	126.909018	0	1533317.820224	0	-1	-1	float64	210.338	0.597	jax-0.11.1
iree	4	4	1000000	200	0.463956	11009.490490	0	1533317.820224	0	-1	-1	float64	564.254	23.912	iree-3.11.0
fused	5	4	1000000	200	0.003921	53.550005	53	1533333.333333	1	1.065000	float64				d161d7cb4db2
eager	5	4	1000000	200	0.010399	335.930586	51	1533333.333333	0	13.005000	float64				d161d7cb4db2
nojit	5	4	1000000	200	0.009758	335.839987	51	1533333.333333	0	13.005000	float64				d161d7cb4db2
torch-compile	5	4	1000000	200	0.801774	332.586765	0	1533333.333333	0	2	1	float64	-1	514.230	torch-2.14.0+cu130
torch-eager	5	4	1000000	200	0.046201	342.181921	0	1533333.333333	0	-1	-1	float64	-1	36.205	torch-2.14.0+cu130
triton	5	4	1000000	200	0.326418	69.438219	2	1533333.333333	0	-1	-1	float64	310.487	0.082	triton-3.8.0
torch-tensorrt	5	4	1000000	200	0.052481	351.610184	0	1533333.333333	0	-1	-1	float64	-1	42.215	torch_tensorrt-2.9.0+cu130
torch-compile-ro	5	4	1000000	200	0.790648	413.643122	0	1533333.333333	0	2	1	float64	-1	504.262	torch-2.14.0+cu130
torch-compile-mat	5	4	1000000	200	1.558447	422.482491	0	1533333.333333	0	2	1	float64	-1	716.053	torch-2.14.0+cu130
jax	5	4	1000000	200	0.005998	126.944780	0	1533333.333333	0	-1	-1	float64	230.880	0.549	jax-0.11.1
iree	5	4	1000000	200	0.481600	10882.624388	0	1533333.333333	0	-1	-1	float64	563.960	24.284	iree-3.11.0
fused	11	1	25600	200	0.001031	3.705025	52	95540.500674	0	1.040000	float64				d161d7cb4db2
eager	11	1	25600	200	0.002410	56.730509	51	95540.500674	0	8.005000	float64				d161d7cb4db2
nojit	11	1	25600	200	0.001786	57.045221	51	95540.500674	0	8.005000	float64				d161d7cb4db2
torch-compile	11	1	25600	200	1.752382	55.701733	0	95540.500674	0	-1	-1	float64	-1	1747.786	torch-2.14.0+cu130
torch-eager	11	1	25600	200	0.179211	51.785707	0	95540.500674	0	-1	-1	float64	-1	175.986	torch-2.14.0+cu130
triton	11	1	25600	200	0.361591	17.722845	1	95540.500674	0	-1	-1	float64	342.323	0.096	triton-3.8.0
torch-tensorrt	11	1	25600	200	2.128621	98.260641	0	95540.500674	0	-1	-1	float64	-1	2123.319	torch_tensorrt-2.9.0+cu130
torch-compile-ro	11	1	25600	200	1.669538	132.299662	0	95540.500674	0	-1	-1	float64	-1	1629.295	torch-2.14.0+cu130
torch-compile-mat	11	1	25600	200	1.710850	111.010075	0	95540.500674	0	-1	-1	float64	-1	1678.636	torch-2.14.0+cu130
jax	11	1	25600	200	0.002292	48.660040	0	95540.500674	0	-1	-1	float64	100.545	0.506	jax-0.11.1
iree	11	1	25600	200	0.014319	53.694248	0	95540.500674	0	-1	-1	float64	188.173	8.208	iree-3.11.0
fused	11	1	256000	200	0.002391	15.864372	52	955405.006738	0	1.040000	float64				d161d7cb4db2
eager	11	1	256000	200	0.005729	143.359900	51	955405.006738	0	8.005000	float64				d161d7cb4db2
nojit	11	1	256000	200	0.005179	141.024590	51	955405.006738	0	8.005000	float64				d161d7cb4db2
torch-compile	11	1	256000	200	1.690995	183.578730	0	955405.006738	0	-1	-1	float64	-1	1655.002	torch-2.14.0+cu130
torch-eager	11	1	256000	200	0.236416	154.564381	0	955405.006738	0	-1	-1	float64	-1	212.425	torch-2.14.0+cu130
triton	11	1	256000	200	0.327176	19.987822	1	955405.006738	0	-1	-1	float64	308.056	0.109	triton-3.8.0
torch-tensorrt	11	1	256000	200	2.090847	192.143917	0	955405.006738	0	-1	-1	float64	-1	2066.325	torch_tensorrt-2.9.0+cu130
torch-compile-ro	11	1	256000	200	1.724567	250.469446	0	955405.006738	0	-1	-1	float64	-1	1663.604	torch-2.14.0+cu130
torch-compile-mat	11	1	256000	200	1.877017	244.886875	0	955405.006738	0	-1	-1	float64	-1	1816.141	torch-2.14.0+cu130
jax	11	1	256000	200	0.005302	49.183369	0	955405.006738	0	-1	-1	float64	85.093	0.482	jax-0.11.1
iree	11	1	256000	200	0.046055	182.069540	0	955405.006738	0	-1	-1	float64	202.055	10.041	iree-3.11.0
fused	12	1	25600	200	0.004589	98.650455	53	256.065387	0	2.005000	float64				d161d7cb4db2
eager	12	1	25600	200	0.004743	98.650455	51	256.065387	0	2.005000	float64				d161d7cb4db2
nojit	12	1	25600	200	0.003357	98.320246	51	256.065387	0	2.005000	float64				d161d7cb4db2
torch-compile	12	1	25600	200	1.714590	133.990049	0	256.065387	0	-1	-1	float64	-1	1701.590	torch-2.14.0+cu130
torch-eager	12	1	25600	200	0.216891	135.668516	0	256.065387	0	-1	-1	float64	-1	204.930	torch-2.14.0+cu130
triton	12	1	25600	200	0.332713	298.861265	1	256.065387	0	-1	-1	float64	310.930	0.401	triton-3.8.0
torch-tensorrt	12	1	25600	200	2.229028	135.321617	0	256.065387	0	-1	-1	float64	-1	2216.731	torch_tensorrt-2.9.0+cu130
torch-compile-ro	12	1	25600	200	1.707091	178.613663	0	256.065387	0	-1	-1	float64	-1	1663.025	torch-2.14.0+cu130
torch-compile-mat	12	1	25600	200	1.946623	167.114735	0	256.065387	0	-1	-1	float64	-1	1899.408	torch-2.14.0+cu130
jax	12	1	25600	200	0.002214	40.317774	0	256.065387	0	-1	-1	float64	1572.496	0.650	jax-0.11.1
iree	12	1	25600	200	0.072522	1890.505552	0	256.065387	0	-1	-1	float64	215.052	13.737	iree-3.11.0
fused	12	1	256000	200	0.013002	343.474150	53	2560.654532	0	2.005000	float64				d161d7cb4db2
eager	12	1	256000	200	0.012742	342.624187	51	2560.654532	0	2.005000	float64				d161d7cb4db2
nojit	12	1	256000	200	0.011899	342.630148	51	2560.654532	0	2.005000	float64				d161d7cb4db2
torch-compile	12	1	256000	200	1.707435	482.363701	0	2560.654532	0	-1	-1	float64	-1	1655.123	torch-2.14.0+cu130
torch-eager	12	1	256000	200	0.274723	492.557287	0	2560.654532	0	-1	-1	float64	-1	235.466	torch-2.14.0+cu130
triton	12	1	256000	200	0.332778	299.859047	1	2560.654532	0	-1	-1	float64	310.518	0.391	triton-3.8.0
torch-tensorrt	12	1	256000	200	2.186400	484.236479	0	2560.654532	0	-1	-1	float64	-1	2147.547	torch_tensorrt-2.9.0+cu130
torch-compile-ro	12	1	256000	200	1.845259	551.176071	0	2560.654532	0	-1	-1	float64	-1	1770.821	torch-2.14.0+cu130
torch-compile-mat	12	1	256000	200	2.014587	521.270037	0	2560.654532	0	-1	-1	float64	-1	1947.648	torch-2.14.0+cu130
jax	12	1	256000	200	0.009986	258.458853	0	2560.654532	0	-1	-1	float64	1587.715	1.048	jax-0.11.1
iree	12	1	256000	200	0.054758	437.078476	0	2560.654532	0	-1	-1	float64	227.662	10.385	iree-3.11.0
fused	13	1	25600	200	0.014779	436.046124	52	0.000000	0	1.005000	float64				d161d7cb4db2
eager	13	1	25600	200	0.017920	548.295975	51	0.000000	0	6.005000	float64				d161d7cb4db2
nojit	13	1	25600	200	0.016683	526.909828	51	0.000000	0	6.005000	float64				d161d7cb4db2
torch-compile	13	1	25600	200	1.875046	598.262548	0	0.000000	0	-1	-1	float64	-1	1831.076	torch-2.14.0+cu130
torch-eager	13	1	25600	200	0.307478	586.600304	0	0.000000	0	-1	-1	float64	-1	249.497	torch-2.14.0+cu130
triton	13	1	25600	200	0.344628	1236.537695	2	0.000000	0	-1	-1	float64	288.706	1.279	triton-3.8.0
torch-tensorrt	13	1	25600	200	2.170620	582.879782	0	0.000000	0	-1	-1	float64	-1	2130.751	torch_tensorrt-2.9.0+cu130
torch-compile-ro	13	1	25600	200	1.843528	609.760284	0	0.000000	0	-1	-1	float64	-1	1769.558	torch-2.14.0+cu130
torch-compile-mat	13	1	25600	200	2.002137	609.157085	0	0.000000	0	-1	-1	float64	-1	1932.813	torch-2.14.0+cu130
jax	13	1	25600	200	0.004959	123.338699	0	0.000000	0	-1	-1	float64	1921.268	1.030	jax-0.11.1
iree	13	1	25600	200	0.101432	2847.698927	0	0.000000	0	-1	-1	float64	328.394	11.179	iree-3.11.0
fused	13	1	256000	200	0.141938	4742.510319	52	-0.000000	0	1.005000	float64				d161d7cb4db2
eager	13	1	256000	200	0.160342	5424.274206	51	-0.000000	0	6.005000	float64				d161d7cb4db2
nojit	13	1	256000	200	0.160119	5427.573919	51	-0.000000	0	6.005000	float64				d161d7cb4db2
torch-compile	13	1	256000	200	2.005853	5045.750141	0	-0.000000	0	-1	-1	float64	-1	1801.172	torch-2.14.0+cu130
torch-eager	13	1	256000	200	0.466270	4889.123440	0	-0.000000	0	-1	-1	float64	-1	274.803	torch-2.14.0+cu130
triton	13	1	256000	200	0.445978	4711.672068	2	-0.000000	0	-1	-1	float64	287.431	4.739	triton-3.8.0
torch-tensorrt	13	1	256000	200	2.300568	4881.722927	0	-0.000000	0	-1	-1	float64	-1	2111.679	torch_tensorrt-2.9.0+cu130
torch-compile-ro	13	1	256000	200	2.029797	5002.986193	0	-0.000000	0	-1	-1	float64	-1	1808.378	torch-2.14.0+cu130
torch-compile-mat	13	1	256000	200	2.263062	5054.922104	0	-0.000000	0	-1	-1	float64	-1	2022.059	torch-2.14.0+cu130
jax	13	1	256000	200	0.119533	3707.927465	0	-0.000000	0	-1	-1	float64	2033.248	4.725	jax-0.11.1
iree	13	1	256000	200	0.199916	5127.805471	0	-0.000000	0	-1	-1	float64	643.431	18.932	iree-3.11.0
fused	6	1	25600	200	0.012464	278.755426	55	256.065463	0	6.005000	float64				d161d7cb4db2
eager	6	1	25600	200	0.012013	278.275013	51	256.065463	0	6.005000	float64				d161d7cb4db2
nojit	6	1	25600	200	0.009146	277.734995	51	256.065463	0	6.005000	float64				d161d7cb4db2
torch-compile	6	1	25600	200	1.779334	381.563902	0	256.065463	0	-1	-1	float64	-1	1734.766	torch-2.14.0+cu130
torch-eager	6	1	25600	200	0.258920	393.921137	0	256.065463	0	-1	-1	float64	-1	227.889	torch-2.14.0+cu130
triton	6	1	25600	200	0.350304	870.984793	1	256.065463	0	-1	-1	float64	309.939	0.939	triton-3.8.0
torch-tensorrt	6	1	25600	200	2.156938	385.012627	0	256.065463	0	-1	-1	float64	-1	2126.674	torch_tensorrt-2.9.0+cu130
torch-compile-ro	6	1	25600	200	1.726812	435.570478	0	256.065463	0	-1	-1	float64	-1	1659.510	torch-2.14.0+cu130
torch-compile-mat	6	1	25600	200	1.991560	432.444811	0	256.065463	0	-1	-1	float64	-1	1923.889	torch-2.14.0+cu130
jax	6	1	25600	200	0.004455	107.638836	0	256.065463	0	-1	-1	float64	1589.505	0.958	jax-0.11.1
iree	6	1	25600	200	0.184854	5383.663177	0	256.065463	0	-1	-1	float64	228.369	17.632	iree-3.11.0
fused	6	1	256000	200	0.034543	1016.604900	55	2560.654707	0	6.005000	float64				d161d7cb4db2
eager	6	1	256000	200	0.034246	1016.949415	51	2560.654707	0	6.005000	float64				d161d7cb4db2
nojit	6	1	256000	200	0.032002	1016.014814	51	2560.654707	0	6.005000	float64				d161d7cb4db2
torch-compile	6	1	256000	200	1.894759	1271.164417	0	2560.654707	0	-1	-1	float64	-1	1819.669	torch-2.14.0+cu130
torch-eager	6	1	256000	200	0.306364	1232.825518	0	2560.654707	0	-1	-1	float64	-1	236.616	torch-2.14.0+cu130
triton	6	1	256000	200	0.347613	850.239992	1	2560.654707	0	-1	-1	float64	309.176	0.890	triton-3.8.0
torch-tensorrt	6	1	256000	200	2.231657	1244.982481	0	2560.654707	0	-1	-1	float64	-1	2155.678	torch_tensorrt-2.9.0+cu130
torch-compile-ro	6	1	256000	200	1.935189	1271.501780	0	2560.654707	0	-1	-1	float64	-1	1835.031	torch-2.14.0+cu130
torch-compile-mat	6	1	256000	200	1.943607	1284.190416	0	2560.654707	0	-1	-1	float64	-1	1830.826	torch-2.14.0+cu130
jax	6	1	256000	200	0.025356	760.102272	0	2560.654707	0	-1	-1	float64	1630.150	1.867	jax-0.11.1
iree	6	1	256000	200	0.067894	911.188126	0	2560.654707	0	-1	-1	float64	241.065	9.953	iree-3.11.0
fused	7	1	25600	200	0.029080	648.415089	57	25.611041	0	16.000000	float64				d161d7cb4db2
eager	7	1	25600	200	0.030827	669.739246	51	25.611041	0	26.000000	float64				d161d7cb4db2
nojit	7	1	25600	200	0.020541	669.419765	51	25.611041	0	26.000000	float64				d161d7cb4db2
torch-compile	7	1	25600	200	1.871804	841.282606	0	25.611041	0	-1	-1	float64	-1	1825.630	torch-2.14.0+cu130
torch-eager	7	1	25600	200	0.297937	800.560713	0	25.611041	0	-1	-1	float64	-1	255.533	torch-2.14.0+cu130
torch-tensorrt	7	1	25600	200	2.158552	828.657150	0	25.611041	0	-1	-1	float64	-1	2116.285	torch_tensorrt-2.9.0+cu130
torch-compile-ro	7	1	25600	200	1.846946	907.882452	0	25.611041	0	-1	-1	float64	-1	1772.410	torch-2.14.0+cu130
torch-compile-mat	7	1	25600	200	2.772042	861.588717	0	25.611041	0	-1	-1	float64	-1	2698.395	torch-2.14.0+cu130
jax	7	1	25600	200	0.011907	324.791670	0	25.611041	0	-1	-1	float64	2325.609	1.597	jax-0.11.1
iree	7	1	25600	200	0.382530	11538.693905	0	25.611041	0	-1	-1	float64	321.988	28.511	iree-3.11.0
fused	7	1	256000	200	0.092549	2809.009552	57	0.000000	0	16.000000	float64				d161d7cb4db2
eager	7	1	256000	200	0.093935	2833.839655	51	0.000000	0	26.000000	float64				d161d7cb4db2
nojit	7	1	256000	200	0.084251	2831.006050	51	0.000000	0	26.000000	float64				d161d7cb4db2
torch-compile	7	1	256000	200	1.875671	3078.616858	0	0.000000	0	-1	-1	float64	-1	1739.147	torch-2.14.0+cu130
torch-eager	7	1	256000	200	0.395806	3092.466593	0	0.000000	0	-1	-1	float64	-1	266.075	torch-2.14.0+cu130
torch-tensorrt	7	1	256000	200	2.275778	3141.402006	0	0.000000	0	-1	-1	float64	-1	2142.029	torch_tensorrt-2.9.0+cu130
torch-compile-ro	7	1	256000	200	1.869939	3041.429520	0	0.000000	0	-1	-1	float64	-1	1711.690	torch-2.14.0+cu130
torch-compile-mat	7	1	256000	200	3.405858	3040.039539	0	0.000000	0	-1	-1	float64	-1	3248.265	torch-2.14.0+cu130
jax	7	1	256000	200	0.063243	1965.898275	0	0.000000	0	-1	-1	float64	2201.356	3.800	jax-0.11.1
iree	7	1	256000	200	0.967022	31543.697119	0	0.000000	0	-1	-1	float64	431.794	43.812	iree-3.11.0
fused	8	1	25600	200	0.016708	464.299917	56	3221914.952339	0	5.015000	float64				d161d7cb4db2
eager	8	1	25600	200	0.026008	780.220032	51	3221914.952339	0	34.005000	float64				d161d7cb4db2
nojit	8	1	25600	200	0.022960	780.375004	51	3221914.952339	0	34.005000	float64				d161d7cb4db2
torch-compile	8	1	25600	200	1.841832	520.448685	0	3221914.952339	0	-1	-1	float64	-1	1820.150	torch-2.14.0+cu130
torch-eager	8	1	25600	200	0.297477	558.427572	0	3221914.952339	0	-1	-1	float64	-1	276.867	torch-2.14.0+cu130
torch-tensorrt	8	1	25600	200	2.363224	588.881969	0	3221914.952339	0	-1	-1	float64	-1	2340.742	torch_tensorrt-2.9.0+cu130
torch-compile-ro	8	1	25600	200	1.797104	522.681475	0	3221914.952339	0	-1	-1	float64	-1	1747.997	torch-2.14.0+cu130
torch-compile-mat	8	1	25600	200	2.841570	522.600412	0	3221914.952339	0	-1	-1	float64	-1	2788.627	torch-2.14.0+cu130
jax	8	1	25600	200	0.009504	266.875029	0	3221914.952339	0	-1	-1	float64	1300.185	1.278	jax-0.11.1
iree	8	1	25600	200	0.041044	911.831856	0	3221914.952339	0	-1	-1	float64	491.041	9.749	iree-3.11.0
fused	8	1	256000	200	0.654700	22347.674370	56	32261731.495851	0	5.015000	float64				d161d7cb4db2
eager	8	1	256000	200	0.728856	25126.614571	51	32261731.495851	0	34.005000	float64				d161d7cb4db2
nojit	8	1	256000	200	0.731331	25204.865932	51	32261731.495851	0	34.005000	float64				d161d7cb4db2
torch-compile	8	1	256000	200	2.783560	29873.819351	0	32261731.495851	0	-1	-1	float64	-1	1891.946	torch-2.14.0+cu130
torch-eager	8	1	256000	200	1.138853	27474.305630	0	32261731.495851	0	-1	-1	float64	-1	314.433	torch-2.14.0+cu130
torch-tensorrt	8	1	256000	200	3.065311	27526.893616	0	32261731.495851	0	-1	-1	float64	-1	2240.232	torch_tensorrt-2.9.0+cu130
torch-compile-ro	8	1	256000	200	2.711290	29700.491428	0	32261731.495851	0	-1	-1	float64	-1	1788.809	torch-2.14.0+cu130
torch-compile-mat	8	1	256000	200	5.700178	27597.049475	0	32261731.495851	0	-1	-1	float64	-1	4771.320	torch-2.14.0+cu130
jax	8	1	256000	200	0.467134	15450.478792	0	32261731.495851	0	-1	-1	float64	1644.904	16.789	jax-0.11.1
iree	8	1	256000	200	1.267551	38605.095148	0	32261731.495851	0	-1	-1	float64	21130.228	96.499	iree-3.11.0
fused	9	1	25600	200	0.024742	756.510496	57	214.208506	0	6.000000	float64				d161d7cb4db2
eager	9	1	25600	200	0.024752	763.610601	54	214.208506	0	10.000000	float64				d161d7cb4db2
nojit	9	1	25600	200	0.022480	764.299631	54	214.208506	0	10.000000	float64				d161d7cb4db2
torch-compile	9	1	25600	200	1.733634	884.729624	0	214.208506	0	-1	-1	float64	-1	1702.277	torch-2.14.0+cu130
torch-eager	9	1	25600	200	0.285379	795.916319	0	214.208506	0	-1	-1	float64	-1	258.694	torch-2.14.0+cu130
torch-tensorrt	9	1	25600	200	2.247612	944.526196	0	214.208506	0	-1	-1	float64	-1	2215.693	torch_tensorrt-2.9.0+cu130
torch-compile-ro	9	1	25600	200	1.908156	887.273550	0	214.208506	0	-1	-1	float64	-1	1847.463	torch-2.14.0+cu130
torch-compile-mat	9	1	25600	200	2.563558	867.679119	0	214.208506	0	-1	-1	float64	-1	2507.753	torch-2.14.0+cu130
jax	9	1	25600	200	0.008193	243.508816	0	214.208506	0	-1	-1	float64	370.268	0.761	jax-0.11.1
fused	9	1	256000	200	0.021405	571.745634	57	2158.224764	0	6.000000	float64				d161d7cb4db2
eager	9	1	256000	200	0.020764	602.630377	54	2158.224764	0	10.000000	float64				d161d7cb4db2
nojit	9	1	256000	200	0.019245	570.180416	54	2158.224764	0	10.000000	float64				d161d7cb4db2
torch-compile	9	1	256000	200	1.924396	652.655363	0	2158.224764	0	-1	-1	float64	-1	1882.509	torch-2.14.0+cu130
torch-eager	9	1	256000	200	0.336692	602.093935	0	2158.224764	0	-1	-1	float64	-1	295.524	torch-2.14.0+cu130
torch-tensorrt	9	1	256000	200	2.188190	1537.013054	0	2158.224764	0	-1	-1	float64	-1	2120.980	torch_tensorrt-2.9.0+cu130
torch-compile-ro	9	1	256000	200	1.816982	699.689388	0	2158.224764	0	-1	-1	float64	-1	1743.538	torch-2.14.0+cu130
torch-compile-mat	9	1	256000	200	2.599559	656.270981	0	2158.224764	0	-1	-1	float64	-1	2535.731	torch-2.14.0+cu130
jax	9	1	256000	200	0.011901	333.724022	0	2158.224764	0	-1	-1	float64	788.504	1.225	jax-0.11.1
fused	10	1	25600	200	0.255085	3927.584887	76	0.000000	0	78.000000	float64				d161d7cb4db2
eager	10	1	25600	200	0.348461	4832.309484	51	0.000000	0	235.000000	float64				d161d7cb4db2
nojit	10	1	25600	200	0.138591	4821.455479	51	0.000000	0	238.000000	float64				d161d7cb4db2
torch-compile	10	1	25600	200	1.984489	3176.504374	0	0.000000	0	-1	-1	float64	-1	1880.241	torch-2.14.0+cu130
torch-eager	10	1	25600	200	0.429471	3734.499216	0	0.000000	0	-1	-1	float64	-1	309.684	torch-2.14.0+cu130
torch-tensorrt	10	1	25600	200	2.477053	4037.034512	0	0.000000	0	-1	-1	float64	-1	2346.049	torch_tensorrt-2.9.0+cu130
torch-compile-ro	10	1	25600	200	1.984381	3098.120689	0	0.000000	0	-1	-1	float64	-1	1844.854	torch-2.14.0+cu130
torch-compile-mat	10	1	25600	200	5.758086	3123.503923	0	0.000000	0	-1	-1	float64	-1	5619.842	torch-2.14.0+cu130
jax	10	1	25600	200	0.051649	1489.329338	0	0.000000	0	-1	-1	float64	4190.619	7.031	jax-0.11.1
iree	10	1	25600	200	0.336618	10442.106724	0	0.000000	0	-1	-1	float64	1529.944	26.580	iree-3.11.0
fused	10	1	191488	200	2.728305	94046.725035	76	0.000000	0	78.000000	float64				d161d7cb4db2
eager	10	1	191488	200	2.922608	99361.150265	51	0.000000	0	235.000000	float64				d161d7cb4db2
nojit	10	1	191488	200	2.739719	99375.460148	51	0.000000	0	238.000000	float64				d161d7cb4db2
torch-compile	10	1	191488	200	4.181495	78668.977022	0	0.000000	0	-1	-1	float64	-1	1874.649	torch-2.14.0+cu130
torch-eager	10	1	191488	200	2.689044	78940.236568	0	0.000000	0	-1	-1	float64	-1	380.103	torch-2.14.0+cu130
torch-tensorrt	10	1	191488	200	4.834916	79065.074921	0	0.000000	0	-1	-1	float64	-1	2519.223	torch_tensorrt-2.9.0+cu130
torch-compile-ro	10	1	191488	200	4.266137	78689.143658	0	0.000000	0	-1	-1	float64	-1	1926.841	torch-2.14.0+cu130
torch-compile-mat	10	1	191488	200	11.530148	75767.903328	0	0.000000	0	-1	-1	float64	-1	9194.205	torch-2.14.0+cu130
jax	10	1	191488	200	1.225752	41887.333393	0	0.000000	0	-1	-1	float64	5065.907	74.400	jax-0.11.1
iree	10	1	191488	200	4.184810	136335.706711	0	0.000000	0	-1	-1	float64	3750.505	203.961	iree-3.11.0
fused	0	1	1000000	200	0.001440	29.020309	52	1000000.000000	0	1.015000	float64				d161d7cb4db2
eager	0	1	1000000	200	0.002912	77.185631	51	1000000.000000	0	3.005000	float64				d161d7cb4db2
nojit	0	1	1000000	200	0.002329	77.149868	51	1000000.000000	0	3.005000	float64				d161d7cb4db2
torch-compile	0	1	1000000	200	0.425243	50.835609	0	1000000.000000	0	1	0	float64	-1	423.447	torch-2.14.0+cu130
torch-eager	0	1	1000000	200	0.038393	78.238249	0	1000000.000000	0	-1	-1	float64	-1	36.022	torch-2.14.0+cu130
triton	0	1	1000000	200	0.324750	30.916929	1	1000000.000000	0	-1	-1	float64	310.080	0.118	triton-3.8.0
torch-tensorrt	0	1	1000000	200	0.044522	80.742836	0	1000000.000000	0	-1	-1	float64	-1	42.073	torch_tensorrt-2.9.0+cu130
torch-compile-ro	0	1	1000000	200	0.467333	118.834972	0	1000000.000000	0	1	0	float64	-1	430.043	torch-2.14.0+cu130
torch-compile-mat	0	1	1000000	200	0.701955	112.679005	0	1000000.000000	0	1	0	float64	-1	669.865	torch-2.14.0+cu130
jax	0	1	1000000	200	0.003467	43.159723	0	1000000.000000	0	-1	-1	float64	196.202	0.488	jax-0.11.1
iree	0	1	1000000	200	0.308172	5707.423687	0	1000000.000000	0	-1	-1	float64	559.802	23.812	iree-3.11.0
fused	0	4	1000000	200	0.002068	39.935112	52	1000000.000000	0	1.060000	float64				d161d7cb4db2
eager	0	4	1000000	200	0.009318	306.419134	51	1000000.000000	0	12.005000	float64				d161d7cb4db2
nojit	0	4	1000000	200	0.008914	306.869745	51	1000000.000000	0	12.005000	float64				d161d7cb4db2
torch-compile	0	4	1000000	200	0.496649	68.577528	0	1000000.000000	0	1	0	float64	-1	494.425	torch-2.14.0+cu130
torch-eager	0	4	1000000	200	0.048029	312.343836	0	1000000.000000	0	-1	-1	float64	-1	38.893	torch-2.14.0+cu130
triton	0	4	1000000	200	0.323208	39.118528	1	1000000.000000	0	-1	-1	float64	309.299	0.129	triton-3.8.0
torch-tensorrt	0	4	1000000	200	0.051373	321.552753	0	1000000.000000	0	-1	-1	float64	-1	41.975	torch_tensorrt-2.9.0+cu130
torch-compile-ro	0	4	1000000	200	0.467945	134.193897	0	1000000.000000	0	1	0	float64	-1	428.423	torch-2.14.0+cu130
torch-compile-mat	0	4	1000000	200	0.603050	133.054256	0	1000000.000000	0	1	0	float64	-1	567.563	torch-2.14.0+cu130
jax	0	4	1000000	200	0.005099	94.567537	0	1000000.000000	0	-1	-1	float64	203.670	0.615	jax-0.11.1
iree	0	4	1000000	200	0.309132	5776.720047	0	1000000.000000	0	-1	-1	float64	561.706	23.600	iree-3.11.0
fused	0	8	1000000	200	0.003533	70.104599	52	1000000.000000	0	1.120000	float64				d161d7cb4db2
eager	0	8	1000000	200	0.018351	612.969398	51	1000000.000000	0	24.005000	float64				d161d7cb4db2
nojit	0	8	1000000	200	0.017807	613.344908	51	1000000.000000	0	24.005000	float64				d161d7cb4db2
torch-compile	0	8	1000000	200	0.502806	132.762194	0	1000000.000000	0	1	0	float64	-1	498.733	torch-2.14.0+cu130
torch-eager	0	8	1000000	200	0.055361	624.577999	0	1000000.000000	0	-1	-1	float64	-1	37.181	torch-2.14.0+cu130
triton	0	8	1000000	200	0.325261	66.922903	1	1000000.000000	0	-1	-1	float64	309.218	0.155	triton-3.8.0
torch-tensorrt	0	8	1000000	200	0.060019	643.092394	0	1000000.000000	0	-1	-1	float64	-1	41.289	torch_tensorrt-2.9.0+cu130
torch-compile-ro	0	8	1000000	200	0.478260	197.896957	0	1000000.000000	0	1	0	float64	-1	429.874	torch-2.14.0+cu130
torch-compile-mat	0	8	1000000	200	0.641175	198.596716	0	1000000.000000	0	1	0	float64	-1	606.063	torch-2.14.0+cu130
jax	0	8	1000000	200	0.007415	174.953938	0	1000000.000000	0	-1	-1	float64	215.386	0.668	jax-0.11.1
iree	0	8	1000000	200	0.312093	5764.936209	0	1000000.000000	0	-1	-1	float64	575.001	23.373	iree-3.11.0
fused	0	4	10000	200	0.001057	13.120174	53	10000.000000	1	1.060000	float64				d161d7cb4db2
eager	0	4	10000	200	0.001745	39.800406	51	10000.000000	0	12.005000	float64				d161d7cb4db2
nojit	0	4	10000	200	0.001163	39.644241	51	10000.000000	0	12.005000	float64				d161d7cb4db2
torch-compile	0	4	10000	200	0.427479	51.891804	0	10000.000000	0	1	0	float64	-1	425.634	torch-2.14.0+cu130
torch-eager	0	4	10000	200	0.037517	54.752827	0	10000.000000	0	-1	-1	float64	-1	35.817	torch-2.14.0+cu130
triton	0	4	10000	200	0.292280	18.785000	1	10000.000000	0	-1	-1	float64	278.670	0.095	triton-3.8.0
torch-tensorrt	0	4	10000	200	0.041636	59.866905	0	10000.000000	0	-1	-1	float64	-1	39.805	torch_tensorrt-2.9.0+cu130
torch-compile-ro	0	4	10000	200	0.521309	107.430220	0	10000.000000	0	1	0	float64	-1	490.548	torch-2.14.0+cu130
torch-compile-mat	0	4	10000	200	0.714324	118.948221	0	10000.000000	0	1	0	float64	-1	680.057	torch-2.14.0+cu130
jax	0	4	10000	200	0.002160	42.772293	0	10000.000000	0	-1	-1	float64	200.972	0.534	jax-0.11.1
iree	0	4	10000	200	0.024937	438.709259	0	10000.000000	0	-1	-1	float64	572.887	9.369	iree-3.11.0
fused	0	4	100000	200	0.001024	13.740063	53	100000.000000	1	1.060000	float64				d161d7cb4db2
eager	0	4	100000	200	0.001812	43.220520	51	100000.000000	0	12.005000	float64				d161d7cb4db2
nojit	0	4	100000	200	0.001261	43.205023	51	100000.000000	0	12.005000	float64				d161d7cb4db2
torch-compile	0	4	100000	200	0.424255	52.195787	0	100000.000000	0	1	0	float64	-1	422.433	torch-2.14.0+cu130
torch-eager	0	4	100000	200	0.037801	60.228109	0	100000.000000	0	-1	-1	float64	-1	35.920	torch-2.14.0+cu130
triton	0	4	100000	200	0.323499	19.263029	1	100000.000000	0	-1	-1	float64	309.270	0.099	triton-3.8.0
torch-tensorrt	0	4	100000	200	0.045092	61.063766	0	100000.000000	0	-1	-1	float64	-1	43.200	torch_tensorrt-2.9.0+cu130
torch-compile-ro	0	4	100000	200	0.535966	118.627548	0	100000.000000	0	1	0	float64	-1	501.389	torch-2.14.0+cu130
torch-compile-mat	0	4	100000	200	0.780798	98.273754	0	100000.000000	0	1	0	float64	-1	749.776	torch-2.14.0+cu130
jax	0	4	100000	200	0.002630	46.368837	0	100000.000000	0	-1	-1	float64	186.220	0.529	jax-0.11.1
iree	0	4	100000	200	0.050353	920.679569	0	100000.000000	0	-1	-1	float64	566.518	11.014	iree-3.11.0
fused	0	4	1000000	200	0.002134	41.180849	52	1000000.000000	0	1.060000	float64				d161d7cb4db2
eager	0	4	1000000	200	0.009370	307.620764	51	1000000.000000	0	12.005000	float64				d161d7cb4db2
nojit	0	4	1000000	200	0.008918	306.845903	51	1000000.000000	0	12.005000	float64				d161d7cb4db2
torch-compile	0	4	1000000	200	0.428006	68.473816	0	1000000.000000	0	1	0	float64	-1	425.752	torch-2.14.0+cu130
torch-eager	0	4	1000000	200	0.044832	312.341452	0	1000000.000000	0	-1	-1	float64	-1	35.705	torch-2.14.0+cu130
triton	0	4	1000000	200	0.297986	38.758516	1	1000000.000000	0	-1	-1	float64	282.947	0.125	triton-3.8.0
torch-tensorrt	0	4	1000000	200	0.047791	321.978331	0	1000000.000000	0	-1	-1	float64	-1	38.373	torch_tensorrt-2.9.0+cu130
torch-compile-ro	0	4	1000000	200	0.459965	134.096146	0	1000000.000000	0	1	0	float64	-1	423.139	torch-2.14.0+cu130
torch-compile-mat	0	4	1000000	200	0.619704	131.828785	0	1000000.000000	0	1	0	float64	-1	580.775	torch-2.14.0+cu130
jax	0	4	1000000	200	0.005008	95.889568	0	1000000.000000	0	-1	-1	float64	211.313	0.596	jax-0.11.1
iree	0	4	1000000	200	0.313762	5727.318525	0	1000000.000000	0	-1	-1	float64	565.833	23.409	iree-3.11.0
fused	0	4	10000000	200	0.015136	329.134464	52	10000000.000000	0	1.060000	float64				d161d7cb4db2
eager	0	4	10000000	200	0.088083	3027.124405	51	10000000.000000	0	12.005000	float64				d161d7cb4db2
nojit	0	4	10000000	200	0.087899	3027.263880	51	10000000.000000	0	12.005000	float64				d161d7cb4db2
torch-compile	0	4	10000000	200	0.480792	646.451712	0	10000000.000000	0	1	0	float64	-1	461.652	torch-2.14.0+cu130
torch-eager	0	4	10000000	200	0.126224	3045.530319	0	10000000.000000	0	-1	-1	float64	-1	37.711	torch-2.14.0+cu130
triton	0	4	10000000	200	0.356047	326.873064	1	10000000.000000	0	-1	-1	float64	334.067	0.631	triton-3.8.0
torch-tensorrt	0	4	10000000	200	0.128211	3045.933247	0	10000000.000000	0	-1	-1	float64	-1	39.710	torch_tensorrt-2.9.0+cu130
torch-compile-ro	0	4	10000000	200	0.492867	1224.890947	0	10000000.000000	0	1	0	float64	-1	424.244	torch-2.14.0+cu130
torch-compile-mat	0	4	10000000	200	0.659041	1196.240187	0	10000000.000000	0	1	0	float64	-1	595.218	torch-2.14.0+cu130
jax	0	4	10000000	200	0.052931	952.942371	0	10000000.000000	0	-1	-1	float64	219.475	1.302	jax-0.11.1
iree	0	4	10000000	200	2.916918	51068.991423	0	10000000.000000	0	-1	-1	float64	566.104	166.662	iree-3.11.0
fused	1	4	1000000	200	0.003459	41.655302	53	1000122.070313	0	1.060000	float64				d161d7cb4db2
eager	1	4	1000000	200	0.009571	312.194824	51	1000122.070313	0	12.150000	float64				d161d7cb4db2
nojit	1	4	1000000	200	0.009056	311.005116	51	1000122.070313	0	12.150000	float64				d161d7cb4db2
torch-compile	1	4	1000000	200	0.754458	307.682753	0	1000122.070313	0	1	0	float64	-1	456.757	torch-2.14.0+cu130
torch-eager	1	4	1000000	200	0.045167	316.669941	0	1000122.070313	0	-1	-1	float64	-1	35.895	torch-2.14.0+cu130
triton	1	4	1000000	200	0.326886	43.437481	2	1000122.070313	0	-1	-1	float64	311.834	0.083	triton-3.8.0
torch-tensorrt	1	4	1000000	200	0.047652	326.467752	0	1000122.070313	0	-1	-1	float64	-1	38.094	torch_tensorrt-2.9.0+cu130
torch-compile-ro	1	4	1000000	200	0.755239	401.076078	0	1000122.070313	0	1	0	float64	-1	420.128	torch-2.14.0+cu130
torch-compile-mat	1	4	1000000	200	1.435008	386.229753	0	1000122.070313	0	1	0	float64	-1	568.145	torch-2.14.0+cu130
jax	1	4	1000000	200	0.005181	98.564625	0	1000122.070313	0	-1	-1	float64	207.060	0.617	jax-0.11.1
iree	1	4	1000000	200	0.335997	6582.931280	0	1000122.070313	0	-1	-1	float64	568.797	24.330	iree-3.11.0
fused	2	4	1000000	200	0.002150	42.635202	53	1000122.070313	0	1.150000	float64				d161d7cb4db2
eager	2	4	1000000	200	0.009565	310.875177	51	1000122.070313	0	12.150000	float64				d161d7cb4db2
nojit	2	4	1000000	200	0.009069	311.014652	51	1000122.070313	0	12.150000	float64				d161d7cb4db2
torch-compile	2	4	1000000	200	0.545434	72.715282	0	1000122.070313	0	2	1	float64	-1	537.819	torch-2.14.0+cu130
torch-eager	2	4	1000000	200	0.045061	325.620174	0	1000122.070313	0	-1	-1	float64	-1	35.510	torch-2.14.0+cu130
triton	2	4	1000000	200	0.326621	69.713593	2	1000122.070313	0	-1	-1	float64	310.733	0.083	triton-3.8.0
torch-tensorrt	2	4	1000000	200	0.469967	325.983763	0	1000122.070313	0	-1	-1	float64	-1	460.420	torch_tensorrt-2.9.0+cu130
torch-compile-ro	2	4	1000000	200	0.520776	138.444901	0	1000122.070313	0	2	1	float64	-1	479.718	torch-2.14.0+cu130
torch-compile-mat	2	4	1000000	200	0.757547	139.747858	0	1000122.070313	0	2	1	float64	-1	718.148	torch-2.14.0+cu130
jax	2	4	1000000	200	0.007904	176.142454	0	1000122.070313	0	-1	-1	float64	197.661	0.590	jax-0.11.1
iree	2	4	1000000	200	0.405413	8925.399780	0	1000122.070313	0	-1	-1	float64	565.478	24.188	iree-3.11.0
fused	3	4	1000000	200	0.003841	98.854303	53	1533333.333333	0	2.005000	float64				d161d7cb4db2
eager	3	4	1000000	200	0.011488	361.255407	51	1533333.333333	0	14.005000	float64				d161d7cb4db2
nojit	3	4	1000000	200	0.010610	366.125107	51	1533333.333333	0	14.005000	float64				d161d7cb4db2
torch-compile	3	4	1000000	200	0.736727	183.628798	0	1533333.333333	0	2	1	float64	-1	499.615	torch-2.14.0+cu130
torch-eager	3	4	1000000	200	0.046812	377.389193	0	1533333.333333	0	-1	-1	float64	-1	35.810	torch-2.14.0+cu130
triton	3	4	1000000	200	0.327067	122.621059	2	1533333.333333	0	-1	-1	float64	310.860	0.083	triton-3.8.0
torch-tensorrt	3	4	1000000	200	0.053232	384.763479	0	1533333.333333	0	-1	-1	float64	-1	41.998	torch_tensorrt-2.9.0+cu130
torch-compile-ro	3	4	1000000	200	0.747189	351.458788	0	1533333.333333	0	2	1	float64	-1	503.402	torch-2.14.0+cu130
torch-compile-mat	3	4	1000000	200	1.424844	340.291262	0	1533333.333333	0	2	1	float64	-1	783.107	torch-2.14.0+cu130
jax	3	4	1000000	200	0.012090	311.001539	0	1533333.333333	0	-1	-1	float64	201.592	0.605	jax-0.11.1
iree	3	4	1000000	200	2.603470	81668.833494	0	1533333.333333	0	-1	-1	float64	569.321	24.584	iree-3.11.0
fused	4	4	1000000	200	0.003715	53.379536	54	1533317.820224	1	1.065000	float64				d161d7cb4db2
eager	4	4	1000000	200	0.010194	336.149931	51	1533317.820224	0	13.005000	float64				d161d7cb4db2
nojit	4	4	1000000	200	0.009770	335.609913	51	1533317.820224	0	13.005000	float64				d161d7cb4db2
torch-compile	4	4	1000000	200	0.743922	332.149267	0	1533317.820224	0	1	0	float64	-1	491.284	torch-2.14.0+cu130
torch-eager	4	4	1000000	200	0.048954	342.276096	0	1533317.820224	0	-1	-1	float64	-1	38.961	torch-2.14.0+cu130
triton	4	4	1000000	200	0.380499	69.242716	3	1533317.820224	0	-1	-1	float64	365.695	0.081	triton-3.8.0
torch-tensorrt	4	4	1000000	200	0.048309	351.629257	0	1533317.820224	0	-1	-1	float64	-1	38.033	torch_tensorrt-2.9.0+cu130
torch-compile-ro	4	4	1000000	200	0.737815	412.768126	0	1533317.820224	0	1	0	float64	-1	429.510	torch-2.14.0+cu130
torch-compile-mat	4	4	1000000	200	1.577064	424.774885	0	1533317.820224	0	1	0	float64	-1	669.809	torch-2.14.0+cu130
jax	4	4	1000000	200	0.006183	128.028393	0	1533317.820224	0	-1	-1	float64	202.021	0.592	jax-0.11.1
iree	4	4	1000000	200	0.463079	10801.497698	0	1533317.820224	0	-1	-1	float64	562.697	23.783	iree-3.11.0
fused	5	4	1000000	200	0.003990	53.544044	53	1533333.333333	1	1.065000	float64				d161d7cb4db2
eager	5	4	1000000	200	0.010400	335.744619	51	1533333.333333	0	13.005000	float64				d161d7cb4db2
nojit	5	4	1000000	200	0.009761	335.714817	51	1533333.333333	0	13.005000	float64				d161d7cb4db2
torch-compile	5	4	1000000	200	0.757451	332.472324	0	1533333.333333	0	2	1	float64	-1	504.194	torch-2.14.0+cu130
torch-eager	5	4	1000000	200	0.049000	342.296362	0	1533333.333333	0	-1	-1	float64	-1	39.007	torch-2.14.0+cu130
triton	5	4	1000000	200	0.325617	69.038868	2	1533333.333333	0	-1	-1	float64	310.035	0.081	triton-3.8.0
torch-tensorrt	5	4	1000000	200	0.051727	351.648331	0	1533333.333333	0	-1	-1	float64	-1	41.469	torch_tensorrt-2.9.0+cu130
torch-compile-ro	5	4	1000000	200	0.923965	424.439907	0	1533333.333333	0	2	1	float64	-1	579.244	torch-2.14.0+cu130
torch-compile-mat	5	4	1000000	200	1.604503	423.887968	0	1533333.333333	0	2	1	float64	-1	736.537	torch-2.14.0+cu130
jax	5	4	1000000	200	0.006107	124.946833	0	1533333.333333	0	-1	-1	float64	207.991	0.619	jax-0.11.1
iree	5	4	1000000	200	0.465576	10778.243542	0	1533333.333333	0	-1	-1	float64	563.907	24.266	iree-3.11.0
fused	11	1	25600	200	0.000963	3.645420	52	95540.500674	0	1.040000	float64				d161d7cb4db2
eager	11	1	25600	200	0.002348	56.805611	51	95540.500674	0	8.005000	float64				d161d7cb4db2
nojit	11	1	25600	200	0.001797	57.160854	51	95540.500674	0	8.005000	float64				d161d7cb4db2
torch-compile	11	1	25600	200	1.647588	67.710876	0	95540.500674	0	-1	-1	float64	-1	1641.781	torch-2.14.0+cu130
torch-eager	11	1	25600	200	0.190269	57.319403	0	95540.500674	0	-1	-1	float64	-1	186.657	torch-2.14.0+cu130
triton	11	1	25600	200	0.327359	18.011332	1	95540.500674	0	-1	-1	float64	309.075	0.092	triton-3.8.0
torch-tensorrt	11	1	25600	200	2.076915	97.556114	0	95540.500674	0	-1	-1	float64	-1	2071.677	torch_tensorrt-2.9.0+cu130
torch-compile-ro	11	1	25600	200	1.623364	122.973919	0	95540.500674	0	-1	-1	float64	-1	1576.252	torch-2.14.0+cu130
torch-compile-mat	11	1	25600	200	1.775789	112.277269	0	95540.500674	0	-1	-1	float64	-1	1743.107	torch-2.14.0+cu130
jax	11	1	25600	200	0.002215	49.923658	0	95540.500674	0	-1	-1	float64	84.735	0.466	jax-0.11.1
iree	11	1	25600	200	0.014549	57.030916	0	95540.500674	0	-1	-1	float64	184.050	8.573	iree-3.11.0
fused	11	1	256000	200	0.002374	15.975237	52	955405.006738	0	1.040000	float64				d161d7cb4db2
eager	11	1	256000	200	0.005784	143.305063	51	955405.006738	0	8.005000	float64				d161d7cb4db2
nojit	11	1	256000	200	0.005092	140.905380	51	955405.006738	0	8.005000	float64				d161d7cb4db2
torch-compile	11	1	256000	200	1.782852	151.381493	0	955405.006738	0	-1	-1	float64	-1	1757.106	torch-2.14.0+cu130
torch-eager	11	1	256000	200	0.232244	151.492357	0	955405.006738	0	-1	-1	float64	-1	208.748	torch-2.14.0+cu130
triton	11	1	256000	200	0.293427	20.023584	1	955405.006738	0	-1	-1	float64	274.918	0.125	triton-3.8.0
torch-tensorrt	11	1	256000	200	1.985144	189.779997	0	955405.006738	0	-1	-1	float64	-1	1960.934	torch_tensorrt-2.9.0+cu130
torch-compile-ro	11	1	256000	200	1.795708	207.558870	0	955405.006738	0	-1	-1	float64	-1	1732.628	torch-2.14.0+cu130
torch-compile-mat	11	1	256000	200	1.894711	247.935057	0	955405.006738	0	-1	-1	float64	-1	1835.062	torch-2.14.0+cu130
jax	11	1	256000	200	0.003350	53.952932	0	955405.006738	0	-1	-1	float64	82.346	0.503	jax-0.11.1
iree	11	1	256000	200	0.047034	185.782909	0	955405.006738	0	-1	-1	float64	182.162	10.168	iree-3.11.0
fused	12	1	25600	200	0.004745	98.705292	53	256.065387	0	2.005000	float64				d161d7cb4db2
eager	12	1	25600	200	0.004653	98.530054	51	256.065387	0	2.005000	float64				d161d7cb4db2
nojit	12	1	25600	200	0.003523	98.419189	51	256.065387	0	2.005000	float64				d161d7cb4db2
torch-compile	12	1	25600	200	1.692808	146.163702	0	256.065387	0	-1	-1	float64	-1	1672.473	torch-2.14.0+cu130
torch-eager	12	1	25600	200	0.226864	137.890577	0	256.065387	0	-1	-1	float64	-1	214.722	torch-2.14.0+cu130
triton	12	1	25600	200	0.331826	298.846960	1	256.065387	0	-1	-1	float64	310.575	0.399	triton-3.8.0
torch-tensorrt	12	1	25600	200	2.076405	133.782625	0	256.065387	0	-1	-1	float64	-1	2064.318	torch_tensorrt-2.9.0+cu130
torch-compile-ro	12	1	25600	200	1.825654	163.977146	0	256.065387	0	-1	-1	float64	-1	1786.294	torch-2.14.0+cu130
torch-compile-mat	12	1	25600	200	1.907006	179.226398	0	256.065387	0	-1	-1	float64	-1	1859.383	torch-2.14.0+cu130
jax	12	1	25600	200	0.002448	42.241812	0	256.065387	0	-1	-1	float64	1596.882	0.789	jax-0.11.1
iree	12	1	25600	200	0.074143	1865.578890	0	256.065387	0	-1	-1	float64	218.408	13.665	iree-3.11.0
fused	12	1	256000	200	0.013181	343.304873	53	2560.654532	0	2.005000	float64				d161d7cb4db2
eager	12	1	256000	200	0.012808	343.030691	51	2560.654532	0	2.005000	float64				d161d7cb4db2
nojit	12	1	256000	200	0.012082	342.454910	51	2560.654532	0	2.005000	float64				d161d7cb4db2
torch-compile	12	1	256000	200	1.804825	510.829687	0	2560.654532	0	-1	-1	float64	-1	1759.068	torch-2.14.0+cu130
torch-eager	12	1	256000	200	0.283039	496.181250	0	2560.654532	0	-1	-1	float64	-1	242.592	torch-2.14.0+cu130
triton	12	1	256000	200	0.307952	290.282965	1	2560.654532	0	-1	-1	float64	286.035	0.388	triton-3.8.0
torch-tensorrt	12	1	256000	200	2.091813	485.038757	0	2560.654532	0	-1	-1	float64	-1	2052.637	torch_tensorrt-2.9.0+cu130
torch-compile-ro	12	1	256000	200	1.934092	548.839569	0	2560.654532	0	-1	-1	float64	-1	1860.000	torch-2.14.0+cu130
torch-compile-mat	12	1	256000	200	1.908173	522.415638	0	2560.654532	0	-1	-1	float64	-1	1840.265	torch-2.14.0+cu130
jax	12	1	256000	200	0.009914	257.458687	0	2560.654532	0	-1	-1	float64	1541.259	0.898	jax-0.11.1
iree	12	1	256000	200	0.053987	436.365604	0	2560.654532	0	-1	-1	float64	227.968	9.891	iree-3.11.0
fused	13	1	25600	200	0.015113	437.334776	52	0.000000	0	1.005000	float64				d161d7cb4db2
eager	13	1	25600	200	0.017328	526.704788	51	0.000000	0	6.005000	float64				d161d7cb4db2
nojit	13	1	25600	200	0.016525	526.700020	51	0.000000	0	6.005000	float64				d161d7cb4db2
torch-compile	13	1	25600	200	1.749702	614.186525	0	0.000000	0	-1	-1	float64	-1	1703.631	torch-2.14.0+cu130
torch-eager	13	1	25600	200	0.281594	580.723286	0	0.000000	0	-1	-1	float64	-1	241.835	torch-2.14.0+cu130
triton	13	1	25600	200	0.338852	1296.093464	2	0.000000	0	-1	-1	float64	282.300	1.352	triton-3.8.0
torch-tensorrt	13	1	25600	200	2.124133	582.005978	0	0.000000	0	-1	-1	float64	-1	2084.102	torch_tensorrt-2.9.0+cu130
torch-compile-ro	13	1	25600	200	1.737089	611.507893	0	0.000000	0	-1	-1	float64	-1	1661.664	torch-2.14.0+cu130
torch-compile-mat	13	1	25600	200	2.137398	640.027523	0	0.000000	0	-1	-1	float64	-1	2057.654	torch-2.14.0+cu130
jax	13	1	25600	200	0.005031	123.486519	0	0.000000	0	-1	-1	float64	1986.856	1.065	jax-0.11.1
iree	13	1	25600	200	0.104301	2776.587009	0	0.000000	0	-1	-1	float64	337.416	11.279	iree-3.11.0
fused	13	1	256000	200	0.142018	4742.244482	52	-0.000000	0	1.005000	float64				d161d7cb4db2
eager	13	1	256000	200	0.160377	5423.544645	51	-0.000000	0	6.005000	float64				d161d7cb4db2
nojit	13	1	256000	200	0.160385	5428.030491	51	-0.000000	0	6.005000	float64				d161d7cb4db2
torch-compile	13	1	256000	200	1.958227	5019.775629	0	-0.000000	0	-1	-1	float64	-1	1754.013	torch-2.14.0+cu130
torch-eager	13	1	256000	200	0.458823	4874.558449	0	-0.000000	0	-1	-1	float64	-1	269.752	torch-2.14.0+cu130
triton	13	1	256000	200	0.473081	4679.063559	2	-0.000000	0	-1	-1	float64	318.735	4.722	triton-3.8.0
torch-tensorrt	13	1	256000	200	2.213456	4880.647659	0	-0.000000	0	-1	-1	float64	-1	2025.015	torch_tensorrt-2.9.0+cu130
torch-compile-ro	13	1	256000	200	2.074176	5017.265081	0	-0.000000	0	-1	-1	float64	-1	1852.200	torch-2.14.0+cu130
torch-compile-mat	13	1	256000	200	2.193515	5048.792362	0	-0.000000	0	-1	-1	float64	-1	1954.899	torch-2.14.0+cu130
jax	13	1	256000	200	0.119651	3700.488806	0	-0.000000	0	-1	-1	float64	1968.073	4.802	jax-0.11.1
iree	13	1	256000	200	0.201360	5123.053789	0	-0.000000	0	-1	-1	float64	641.035	19.519	iree-3.11.0
fused	6	1	25600	200	0.012466	280.865431	55	256.065463	0	6.005000	float64				d161d7cb4db2
eager	6	1	25600	200	0.012077	280.375481	51	256.065463	0	6.005000	float64				d161d7cb4db2
nojit	6	1	25600	200	0.009204	279.804468	51	256.065463	0	6.005000	float64				d161d7cb4db2
torch-compile	6	1	25600	200	1.793761	381.916761	0	256.065463	0	-1	-1	float64	-1	1762.234	torch-2.14.0+cu130
torch-eager	6	1	25600	200	0.250394	383.216143	0	256.065463	0	-1	-1	float64	-1	221.683	torch-2.14.0+cu130
triton	6	1	25600	200	0.350905	894.929171	1	256.065463	0	-1	-1	float64	310.474	0.939	triton-3.8.0
torch-tensorrt	6	1	25600	200	2.114643	381.370783	0	256.065463	0	-1	-1	float64	-1	2084.027	torch_tensorrt-2.9.0+cu130
torch-compile-ro	6	1	25600	200	1.741411	407.723188	0	256.065463	0	-1	-1	float64	-1	1675.272	torch-2.14.0+cu130
torch-compile-mat	6	1	25600	200	1.920672	413.534641	0	256.065463	0	-1	-1	float64	-1	1858.573	torch-2.14.0+cu130
jax	6	1	25600	200	0.004439	107.100010	0	256.065463	0	-1	-1	float64	1582.032	0.969	jax-0.11.1
iree	6	1	25600	200	0.185965	5423.865318	0	256.065463	0	-1	-1	float64	229.101	17.005	iree-3.11.0
fused	6	1	256000	200	0.034578	1016.294956	55	2560.654707	0	6.005000	float64				d161d7cb4db2
eager	6	1	256000	200	0.034320	1016.880274	51	2560.654707	0	6.005000	float64				d161d7cb4db2
nojit	6	1	256000	200	0.032466	1016.114950	51	2560.654707	0	6.005000	float64				d161d7cb4db2
torch-compile	6	1	256000	200	1.736944	1237.169504	0	2560.654707	0	-1	-1	float64	-1	1658.991	torch-2.14.0+cu130
torch-eager	6	1	256000	200	0.324049	1238.440275	0	2560.654707	0	-1	-1	float64	-1	250.851	torch-2.14.0+cu130
triton	6	1	256000	200	0.347995	849.962234	1	2560.654707	0	-1	-1	float64	309.156	0.890	triton-3.8.0
torch-tensorrt	6	1	256000	200	2.177850	1224.502325	0	2560.654707	0	-1	-1	float64	-1	2106.226	torch_tensorrt-2.9.0+cu130
torch-compile-ro	6	1	256000	200	1.940205	1287.865639	0	2560.654707	0	-1	-1	float64	-1	1838.215	torch-2.14.0+cu130
torch-compile-mat	6	1	256000	200	2.019056	1307.092905	0	2560.654707	0	-1	-1	float64	-1	1906.045	torch-2.14.0+cu130
jax	6	1	256000	200	0.025236	759.822130	0	2560.654707	0	-1	-1	float64	1607.161	1.632	jax-0.11.1
iree	6	1	256000	200	0.069168	912.374258	0	2560.654707	0	-1	-1	float64	241.165	11.058	iree-3.11.0
fused	7	1	25600	200	0.029051	648.374557	57	25.611041	0	16.000000	float64				d161d7cb4db2
eager	7	1	25600	200	0.030784	668.884516	51	25.611041	0	26.000000	float64				d161d7cb4db2
nojit	7	1	25600	200	0.020647	668.845177	51	25.611041	0	26.000000	float64				d161d7cb4db2
torch-compile	7	1	25600	200	1.850246	871.754885	0	25.611041	0	-1	-1	float64	-1	1800.542	torch-2.14.0+cu130
torch-eager	7	1	25600	200	0.275140	779.340267	0	25.611041	0	-1	-1	float64	-1	234.676	torch-2.14.0+cu130
torch-tensorrt	7	1	25600	200	2.227712	824.142694	0	25.611041	0	-1	-1	float64	-1	2184.963	torch_tensorrt-2.9.0+cu130
torch-compile-ro	7	1	25600	200	1.788427	864.909887	0	25.611041	0	-1	-1	float64	-1	1711.962	torch-2.14.0+cu130
torch-compile-mat	7	1	25600	200	4.623621	896.537304	0	25.611041	0	-1	-1	float64	-1	4543.768	torch-2.14.0+cu130
jax	7	1	25600	200	0.011613	329.240561	0	25.611041	0	-1	-1	float64	2227.973	1.703	jax-0.11.1
iree	7	1	25600	200	0.377518	11516.257524	0	25.611041	0	-1	-1	float64	325.345	28.388	iree-3.11.0
fused	7	1	256000	200	0.092294	2808.080912	57	0.000000	0	16.000000	float64				d161d7cb4db2
eager	7	1	256000	200	0.093839	2833.509445	51	0.000000	0	26.000000	float64				d161d7cb4db2
nojit	7	1	256000	200	0.084148	2829.630375	51	0.000000	0	26.000000	float64				d161d7cb4db2
torch-compile	7	1	256000	200	1.820850	3080.712557	0	0.000000	0	-1	-1	float64	-1	1690.478	torch-2.14.0+cu130
torch-eager	7	1	256000	200	0.402671	3066.841364	0	0.000000	0	-1	-1	float64	-1	271.622	torch-2.14.0+cu130
torch-tensorrt	7	1	256000	200	2.374755	3118.182421	0	0.000000	0	-1	-1	float64	-1	2242.201	torch_tensorrt-2.9.0+cu130
torch-compile-ro	7	1	256000	200	2.044154	3098.913431	0	0.000000	0	-1	-1	float64	-1	1881.346	torch-2.14.0+cu130
torch-compile-mat	7	1	256000	200	2.719097	3057.042360	0	0.000000	0	-1	-1	float64	-1	2561.803	torch-2.14.0+cu130
jax	7	1	256000	200	0.063371	1943.831444	0	0.000000	0	-1	-1	float64	2348.805	3.885	jax-0.11.1
iree	7	1	256000	200	0.966387	31550.892591	0	0.000000	0	-1	-1	float64	425.575	43.563	iree-3.11.0
fused	8	1	25600	200	0.016719	464.274883	56	3221914.952339	0	5.015000	float64				d161d7cb4db2
eager	8	1	25600	200	0.026052	780.279636	51	3221914.952339	0	34.005000	float64				d161d7cb4db2
nojit	8	1	25600	200	0.022990	780.469179	51	3221914.952339	0	34.005000	float64				d161d7cb4db2
torch-compile	8	1	25600	200	1.814447	518.893003	0	3221914.952339	0	-1	-1	float64	-1	1792.748	torch-2.14.0+cu130
torch-eager	8	1	25600	200	0.301451	558.427572	0	3221914.952339	0	-1	-1	float64	-1	280.779	torch-2.14.0+cu130
torch-tensorrt	8	1	25600	200	2.375098	583.477020	0	3221914.952339	0	-1	-1	float64	-1	2352.857	torch_tensorrt-2.9.0+cu130
torch-compile-ro	8	1	25600	200	1.869916	528.231859	0	3221914.952339	0	-1	-1	float64	-1	1817.043	torch-2.14.0+cu130
torch-compile-mat	8	1	25600	200	2.627881	489.226580	0	3221914.952339	0	-1	-1	float64	-1	2579.358	torch-2.14.0+cu130
jax	8	1	25600	200	0.009458	266.709328	0	3221914.952339	0	-1	-1	float64	1284.363	1.269	jax-0.11.1
iree	8	1	25600	200	0.040848	934.760571	0	3221914.952339	0	-1	-1	float64	487.825	9.446	iree-3.11.0
fused	8	1	256000	200	0.655012	22340.739965	56	32261731.495851	0	5.015000	float64				d161d7cb4db2
eager	8	1	256000	200	0.729678	25184.504986	51	32261731.495851	0	34.005000	float64				d161d7cb4db2
nojit	8	1	256000	200	0.732419	25222.730637	51	32261731.495851	0	34.005000	float64				d161d7cb4db2
torch-compile	8	1	256000	200	2.743343	29897.997379	0	32261731.495851	0	-1	-1	float64	-1	1847.352	torch-2.14.0+cu130
torch-eager	8	1	256000	200	1.133922	27486.209869	0	32261731.495851	0	-1	-1	float64	-1	306.095	torch-2.14.0+cu130
torch-tensorrt	8	1	256000	200	3.242781	27515.333891	0	32261731.495851	0	-1	-1	float64	-1	2411.839	torch_tensorrt-2.9.0+cu130
torch-compile-ro	8	1	256000	200	2.644084	29661.045074	0	32261731.495851	0	-1	-1	float64	-1	1721.620	torch-2.14.0+cu130
torch-compile-mat	8	1	256000	200	6.405917	27868.293524	0	32261731.495851	0	-1	-1	float64	-1	5468.120	torch-2.14.0+cu130
jax	8	1	256000	200	0.468414	15460.932255	0	32261731.495851	0	-1	-1	float64	1562.430	16.914	jax-0.11.1
iree	8	1	256000	200	1.270692	38544.820547	0	32261731.495851	0	-1	-1	float64	20828.323	97.810	iree-3.11.0
fused	9	1	25600	200	0.024343	754.239559	57	214.208506	0	6.000000	float64				d161d7cb4db2
eager	9	1	25600	200	0.024724	764.595270	54	214.208506	0	10.000000	float64				d161d7cb4db2
nojit	9	1	25600	200	0.022466	764.529705	54	214.208506	0	10.000000	float64				d161d7cb4db2
torch-compile	9	1	25600	200	1.816258	846.194029	0	214.208506	0	-1	-1	float64	-1	1786.423	torch-2.14.0+cu130
torch-eager	9	1	25600	200	0.280767	797.743797	0	214.208506	0	-1	-1	float64	-1	254.175	torch-2.14.0+cu130
torch-tensorrt	9	1	25600	200	2.243276	927.367210	0	214.208506	0	-1	-1	float64	-1	2211.976	torch_tensorrt-2.9.0+cu130
torch-compile-ro	9	1	25600	200	1.830422	860.888958	0	214.208506	0	-1	-1	float64	-1	1775.240	torch-2.14.0+cu130
torch-compile-mat	9	1	25600	200	2.331203	885.764360	0	214.208506	0	-1	-1	float64	-1	2271.498	torch-2.14.0+cu130
jax	9	1	25600	200	0.008867	245.126486	0	214.208506	0	-1	-1	float64	380.631	0.767	jax-0.11.1
fused	9	1	256000	200	0.021404	573.259592	57	2158.224764	0	6.000000	float64				d161d7cb4db2
eager	9	1	256000	200	0.020897	599.699020	54	2158.224764	0	10.000000	float64				d161d7cb4db2
nojit	9	1	256000	200	0.019338	568.020344	54	2158.224764	0	10.000000	float64				d161d7cb4db2
torch-compile	9	1	256000	200	1.789302	639.293194	0	2158.224764	0	-1	-1	float64	-1	1748.898	torch-2.14.0+cu130
torch-eager	9	1	256000	200	0.320108	584.117174	0	2158.224764	0	-1	-1	float64	-1	281.616	torch-2.14.0+cu130
torch-tensorrt	9	1	256000	200	2.294115	1549.955606	0	2158.224764	0	-1	-1	float64	-1	2226.673	torch_tensorrt-2.9.0+cu130
torch-compile-ro	9	1	256000	200	1.846811	659.966469	0	2158.224764	0	-1	-1	float64	-1	1783.734	torch-2.14.0+cu130
torch-compile-mat	9	1	256000	200	2.690428	701.295137	0	2158.224764	0	-1	-1	float64	-1	2616.274	torch-2.14.0+cu130
jax	9	1	256000	200	0.013198	358.728170	0	2158.224764	0	-1	-1	float64	817.659	1.093	jax-0.11.1
fused	10	1	25600	200	0.257390	3900.530338	76	0.000000	0	78.000000	float64				d161d7cb4db2
eager	10	1	25600	200	0.350256	4825.013876	51	0.000000	0	235.000000	float64				d161d7cb4db2
nojit	10	1	25600	200	0.138303	4808.350801	51	0.000000	0	238.000000	float64				d161d7cb4db2
torch-compile	10	1	25600	200	1.924148	3124.833107	0	0.000000	0	-1	-1	float64	-1	1819.918	torch-2.14.0+cu130
torch-eager	10	1	25600	200	0.424321	3744.542599	0	0.000000	0	-1	-1	float64	-1	304.552	torch-2.14.0+cu130
torch-tensorrt	10	1	25600	200	2.602459	4119.514227	0	0.000000	0	-1	-1	float64	-1	2472.182	torch_tensorrt-2.9.0+cu130
torch-compile-ro	10	1	25600	200	2.023063	3125.574589	0	0.000000	0	-1	-1	float64	-1	1878.671	torch-2.14.0+cu130
torch-compile-mat	10	1	25600	200	5.299383	3122.588396	0	0.000000	0	-1	-1	float64	-1	5158.226	torch-2.14.0+cu130
jax	10	1	25600	200	0.051142	1523.475647	0	0.000000	0	-1	-1	float64	4183.071	6.642	jax-0.11.1
iree	10	1	25600	200	0.339648	10459.018946	0	0.000000	0	-1	-1	float64	1535.878	25.973	iree-3.11.0
fused	10	1	191488	200	2.726382	94056.414366	76	0.000000	0	78.000000	float64				d161d7cb4db2
eager	10	1	191488	200	2.908968	99337.240458	51	0.000000	0	235.000000	float64				d161d7cb4db2
nojit	10	1	191488	200	2.740176	99386.374950	51	0.000000	0	238.000000	float64				d161d7cb4db2
torch-compile	10	1	191488	200	4.310086	78675.751686	0	0.000000	0	-1	-1	float64	-1	1997.738	torch-2.14.0+cu130
torch-eager	10	1	191488	200	2.703830	78949.680328	0	0.000000	0	-1	-1	float64	-1	389.616	torch-2.14.0+cu130
torch-tensorrt	10	1	191488	200	4.738510	79067.206383	0	0.000000	0	-1	-1	float64	-1	2427.059	torch_tensorrt-2.9.0+cu130
torch-compile-ro	10	1	191488	200	4.399215	78687.096834	0	0.000000	0	-1	-1	float64	-1	2046.581	torch-2.14.0+cu130
torch-compile-mat	10	1	191488	200	9.658043	75791.900158	0	0.000000	0	-1	-1	float64	-1	7318.608	torch-2.14.0+cu130
jax	10	1	191488	200	1.224568	41815.086603	0	0.000000	0	-1	-1	float64	5101.461	71.494	jax-0.11.1
iree	10	1	191488	200	4.193256	136427.013874	0	0.000000	0	-1	-1	float64	3864.483	208.129	iree-3.11.0
fused	8	1	256000	200	0.046823	1393.675804	107	32261718.000000	0	5.015000	float32				d161d7cb4db2
eager	8	1	256000	200	0.115886	3916.485310	102	32261718.000000	0	34.005000	float32				d161d7cb4db2
nojit	8	1	256000	200	0.116022	3919.905424	102	32261720.000000	0	34.005000	float32				d161d7cb4db2
torch-compile	8	1	256000	200	1.832949	2054.828405	0	32261731.000113	0	-1	-1	float32	-1	1747.877	torch-2.14.0+cu130
torch-eager	8	1	256000	200	0.421476	2660.819292	0	32261724.455585	0	-1	-1	float32	-1	321.598	torch-2.14.0+cu130
torch-tensorrt	8	1	256000	200	4.241889	1497.517824	0	32261725.718500	0	-1	-1	float32	-1	4177.150	torch_tensorrt-2.9.0+cu130
torch-compile-ro	8	1	256000	200	1.916585	2028.264999	0	32261731.000113	0	-1	-1	float32	-1	1806.682	torch-2.14.0+cu130
torch-compile-mat	8	1	256000	200	3.465577	1497.818232	0	32261731.000113	0	-1	-1	float32	-1	3320.288	torch-2.14.0+cu130
jax	8	1	256000	200	0.040460	1260.025501	0	32261725.412777	0	-1	-1	float32	1842.209	2.252	jax-0.11.1
iree	8	1	256000	200	0.265492	7334.944010	0	32261724.389252	0	-1	-1	float32	418.493	29.601	iree-3.11.0
fused	8	1	256000	200	0.027977	709.145069	107	32340771.718750	0	5.010000	float16				d161d7cb4db2
eager	8	1	256000	200	0.065429	2056.064606	102	32332888.187500	0	34.000000	float16				d161d7cb4db2
nojit	8	1	256000	200	0.063564	2058.950663	102	32332888.187500	0	34.000000	float16				d161d7cb4db2
torch-compile	8	1	256000	200	2.004422	867.202282	0	32303902.171875	0	-1	-1	float16	-1	1956.447	torch-2.14.0+cu130
torch-eager	8	1	256000	200	0.450629	1470.844746	0	32296342.671875	0	-1	-1	float16	-1	386.607	torch-2.14.0+cu130
torch-tensorrt	8	1	256000	200	4.744851	279.997587	0	32294186.078125	0	-1	-1	float16	-1	4715.414	torch_tensorrt-2.9.0+cu130
torch-compile-ro	8	1	256000	200	2.078651	894.777775	0	32303902.171875	0	-1	-1	float16	-1	1992.996	torch-2.14.0+cu130
torch-compile-mat	8	1	256000	200	2.467830	817.728043	0	32311264.593750	0	-1	-1	float16	-1	2389.328	torch-2.14.0+cu130
jax	8	1	256000	200	0.021570	633.299351	0	32288762.250000	0	-1	-1	float16	609.834	1.516	jax-0.11.1
iree	8	1	256000	200	0.107548	1918.017864	0	32333088.093750	0	-1	-1	float16	543.842	17.507	iree-3.11.0
fused	11	1	256000	200	0.002035	6.790161	103	955405.437500	0	1.040000	float32				d161d7cb4db2
eager	11	1	256000	200	0.003021	42.624474	102	955405.437500	0	8.005000	float32				d161d7cb4db2
nojit	11	1	256000	200	0.002131	38.069487	102	955405.437500	0	8.005000	float32				d161d7cb4db2
torch-compile	11	1	256000	200	1.738540	151.866674	0	955405.029297	0	-1	-1	float32	-1	1701.681	torch-2.14.0+cu130
torch-eager	11	1	256000	200	0.227527	136.311054	0	955404.907227	0	-1	-1	float32	-1	206.178	torch-2.14.0+cu130
triton	11	1	256000	200	0.336889	18.388033	1	955405.029297	0	-1	-1	float32	308.888	0.241	triton-3.8.0
torch-tensorrt	11	1	256000	200	2.466453	212.007761	0	955404.907227	0	-1	-1	float32	-1	2439.500	torch_tensorrt-2.9.0+cu130
torch-compile-ro	11	1	256000	200	1.833192	248.452425	0	955405.029297	0	-1	-1	float32	-1	1770.806	torch-2.14.0+cu130
torch-compile-mat	11	1	256000	200	1.721160	215.976238	0	955405.029297	0	-1	-1	float32	-1	1667.825	torch-2.14.0+cu130
jax	11	1	256000	200	0.002349	40.904284	0	955405.029297	0	-1	-1	float32	83.484	0.480	jax-0.11.1
iree	11	1	256000	200	0.023375	77.495575	0	955404.907227	0	-1	-1	float32	182.242	9.449	iree-3.11.0
fused	11	1	256000	200	0.005200	22.410154	103	955000.000000	0	1.035000	float16				d161d7cb4db2
eager	11	1	256000	200	0.007290	59.365034	102	955000.000000	0	8.000000	float16				d161d7cb4db2
nojit	11	1	256000	200	0.005363	55.899620	102	955000.000000	0	8.000000	float16				d161d7cb4db2
torch-compile	11	1	256000	200	1.777822	149.657726	0	955000.000000	0	-1	-1	float16	-1	1753.268	torch-2.14.0+cu130
torch-eager	11	1	256000	200	0.235826	147.604942	0	955000.000000	0	-1	-1	float16	-1	212.915	torch-2.14.0+cu130
triton	11	1	256000	200	0.335683	19.297600	1	955000.000000	0	-1	-1	float16	307.289	0.100	triton-3.8.0
torch-tensorrt	11	1	256000	200	2.437244	221.793652	0	955000.000000	0	-1	-1	float16	-1	2409.709	torch_tensorrt-2.9.0+cu130
torch-compile-ro	11	1	256000	200	1.714589	206.767321	0	955000.000000	0	-1	-1	float16	-1	1649.014	torch-2.14.0+cu130
torch-compile-mat	11	1	256000	200	1.917255	204.081535	0	955000.000000	0	-1	-1	float16	-1	1864.612	torch-2.14.0+cu130
jax	11	1	256000	200	0.002293	41.375160	0	955000.000000	0	-1	-1	float16	85.220	0.441	jax-0.11.1
iree	11	1	256000	200	0.040713	178.472996	0	955000.000000	0	-1	-1	float16	165.989	8.716	iree-3.11.0
fused	13	1	256000	200	0.012323	271.348953	103	-0.000000	0	1.005000	float32				d161d7cb4db2
eager	13	1	256000	200	0.021124	588.384867	102	-0.000000	0	6.005000	float32				d161d7cb4db2
nojit	13	1	256000	200	0.020035	583.115816	102	-0.000000	0	6.005000	float32				d161d7cb4db2
torch-compile	13	1	256000	200	1.958288	590.803623	0	-0.000000	0	-1	-1	float32	-1	1891.275	torch-2.14.0+cu130
torch-eager	13	1	256000	200	0.362007	633.747578	0	-0.000000	0	-1	-1	float32	-1	301.196	torch-2.14.0+cu130
triton	13	1	256000	200	0.345347	136.313438	2	-0.000000	0	-1	-1	float32	312.487	0.211	triton-3.8.0
torch-tensorrt	13	1	256000	200	4.372774	455.404520	0	-0.000000	0	-1	-1	float32	-1	4320.143	torch_tensorrt-2.9.0+cu130
torch-compile-ro	13	1	256000	200	2.018066	614.445210	0	-0.000000	0	-1	-1	float32	-1	1916.361	torch-2.14.0+cu130
torch-compile-mat	13	1	256000	200	1.989058	538.829565	0	-0.000000	0	-1	-1	float32	-1	1893.352	torch-2.14.0+cu130
jax	13	1	256000	200	0.009128	216.212273	0	-0.000000	0	-1	-1	float32	4282.473	1.126	jax-0.11.1
iree	13	1	256000	200	0.062018	1332.830191	0	-0.000000	0	-1	-1	float32	443.678	11.396	iree-3.11.0
fused	13	1	256000	200	0.025168	211.654902	103	0.001907	0	1.000000	float16				d161d7cb4db2
eager	13	1	256000	200	0.030472	333.770514	102	0.000000	0	6.000000	float16				d161d7cb4db2
nojit	13	1	256000	200	0.029115	336.745977	102	0.000000	0	6.000000	float16				d161d7cb4db2
torch-compile	13	1	256000	200	1.983282	395.288467	0	0.000000	0	-1	-1	float16	-1	1928.005	torch-2.14.0+cu130
torch-eager	13	1	256000	200	0.408192	410.830975	0	0.000000	0	-1	-1	float16	-1	353.862	torch-2.14.0+cu130
triton	13	1	256000	200	0.345902	134.404898	2	0.000000	0	-1	-1	float16	313.524	0.199	triton-3.8.0
torch-tensorrt	13	1	256000	200	4.387862	358.779430	0	0.000000	0	-1	-1	float16	-1	4336.835	torch_tensorrt-2.9.0+cu130
torch-compile-ro	13	1	256000	200	2.038492	389.055014	0	0.000000	0	-1	-1	float16	-1	1955.721	torch-2.14.0+cu130
torch-compile-mat	13	1	256000	200	2.026213	359.846354	0	0.000000	0	-1	-1	float16	-1	1944.438	torch-2.14.0+cu130
jax	13	1	256000	200	0.005687	100.946426	0	0.001252	0	-1	-1	float16	793.657	0.785	jax-0.11.1
iree	13	1	256000	200	0.053248	600.668192	0	0.000000	0	-1	-1	float16	587.297	9.070	iree-3.11.0
fused	8	1	256000	200	0.047656	1395.100355	107	32261720.000000	0	5.015000	float32				d161d7cb4db2
eager	8	1	256000	200	0.115918	3912.774324	102	32261720.000000	0	34.005000	float32				d161d7cb4db2
nojit	8	1	256000	200	0.115745	3915.874958	102	32261720.000000	0	34.005000	float32				d161d7cb4db2
torch-compile	8	1	256000	200	2.022776	2014.608383	0	32261731.000113	0	-1	-1	float32	-1	1942.589	torch-2.14.0+cu130
torch-eager	8	1	256000	200	0.416669	2650.750875	0	32261724.455585	0	-1	-1	float32	-1	316.981	torch-2.14.0+cu130
torch-tensorrt	8	1	256000	200	4.595732	1503.850222	0	32261725.718500	0	-1	-1	float32	-1	4528.840	torch_tensorrt-2.9.0+cu130
torch-compile-ro	8	1	256000	200	1.988172	2030.688524	0	32261731.000113	0	-1	-1	float32	-1	1879.371	torch-2.14.0+cu130
torch-compile-mat	8	1	256000	200	2.821081	1474.015713	0	32261732.079811	0	-1	-1	float32	-1	2693.206	torch-2.14.0+cu130
jax	8	1	256000	200	0.040962	1258.186102	0	32261725.412777	0	-1	-1	float32	1796.238	2.460	jax-0.11.1
iree	8	1	256000	200	0.265677	7290.071249	0	32261724.389252	0	-1	-1	float32	409.232	30.420	iree-3.11.0
fused	8	1	256000	200	0.028052	708.595514	107	32340771.718750	0	5.010000	float16				d161d7cb4db2
eager	8	1	256000	200	0.065532	2053.865194	102	32332888.187500	0	34.000000	float16				d161d7cb4db2
nojit	8	1	256000	200	0.063703	2059.600353	102	32332888.187500	0	34.000000	float16				d161d7cb4db2
torch-compile	8	1	256000	200	2.008598	858.229399	0	32303902.171875	0	-1	-1	float16	-1	1962.517	torch-2.14.0+cu130
torch-eager	8	1	256000	200	0.442495	1471.371651	0	32296342.671875	0	-1	-1	float16	-1	378.448	torch-2.14.0+cu130
torch-tensorrt	8	1	256000	200	4.439583	279.203653	0	32294186.078125	0	-1	-1	float16	-1	4410.045	torch_tensorrt-2.9.0+cu130
torch-compile-ro	8	1	256000	200	1.996952	867.209435	0	32303902.171875	0	-1	-1	float16	-1	1921.274	torch-2.14.0+cu130
torch-compile-mat	8	1	256000	200	2.565858	803.426504	0	32311264.593750	0	-1	-1	float16	-1	2487.364	torch-2.14.0+cu130
jax	8	1	256000	200	0.021577	631.911755	0	32288762.250000	0	-1	-1	float16	596.383	1.505	jax-0.11.1
iree	8	1	256000	200	0.104548	1884.049177	0	32333088.093750	0	-1	-1	float16	549.916	17.469	iree-3.11.0
fused	11	1	256000	200	0.002049	6.769896	103	955405.437500	0	1.040000	float32				d161d7cb4db2
eager	11	1	256000	200	0.002968	41.450262	102	955405.437500	0	8.005000	float32				d161d7cb4db2
nojit	11	1	256000	200	0.002066	37.710667	102	955405.437500	0	8.005000	float32				d161d7cb4db2
torch-compile	11	1	256000	200	1.753587	178.147554	0	955405.029297	0	-1	-1	float32	-1	1722.706	torch-2.14.0+cu130
torch-eager	11	1	256000	200	0.238381	144.255161	0	955404.907227	0	-1	-1	float32	-1	215.689	torch-2.14.0+cu130
triton	11	1	256000	200	0.337662	19.419193	1	955405.029297	0	-1	-1	float32	308.759	0.263	triton-3.8.0
torch-tensorrt	11	1	256000	200	2.380042	188.837051	0	955404.907227	0	-1	-1	float32	-1	2355.638	torch_tensorrt-2.9.0+cu130
torch-compile-ro	11	1	256000	200	1.826865	213.050842	0	955405.029297	0	-1	-1	float32	-1	1771.939	torch-2.14.0+cu130
torch-compile-mat	11	1	256000	200	1.878013	210.081339	0	955405.029297	0	-1	-1	float32	-1	1827.057	torch-2.14.0+cu130
jax	11	1	256000	200	0.002224	42.359829	0	955405.029297	0	-1	-1	float32	88.291	0.433	jax-0.11.1
iree	11	1	256000	200	0.022973	81.907511	0	955404.907227	0	-1	-1	float32	184.415	8.974	iree-3.11.0
fused	11	1	256000	200	0.005208	22.430420	103	955000.000000	0	1.035000	float16				d161d7cb4db2
eager	11	1	256000	200	0.007120	59.324503	102	955000.000000	0	8.000000	float16				d161d7cb4db2
nojit	11	1	256000	200	0.005218	55.425167	102	955000.000000	0	8.000000	float16				d161d7cb4db2
torch-compile	11	1	256000	200	1.829121	154.575109	0	955000.000000	0	-1	-1	float16	-1	1803.886	torch-2.14.0+cu130
torch-eager	11	1	256000	200	0.234826	138.881207	0	955000.000000	0	-1	-1	float16	-1	212.928	torch-2.14.0+cu130
triton	11	1	256000	200	0.302520	17.484426	1	955000.000000	0	-1	-1	float16	276.140	0.097	triton-3.8.0
torch-tensorrt	11	1	256000	200	2.262553	207.308531	0	955000.000000	0	-1	-1	float16	-1	2238.916	torch_tensorrt-2.9.0+cu130
torch-compile-ro	11	1	256000	200	1.810692	205.935240	0	955000.000000	0	-1	-1	float16	-1	1759.426	torch-2.14.0+cu130
torch-compile-mat	11	1	256000	200	2.258379	203.359127	0	955000.000000	0	-1	-1	float16	-1	2208.724	torch-2.14.0+cu130
jax	11	1	256000	200	0.002246	43.604374	0	955000.000000	0	-1	-1	float16	86.819	0.424	jax-0.11.1
iree	11	1	256000	200	0.040653	185.891390	0	955000.000000	0	-1	-1	float16	164.369	8.702	iree-3.11.0
fused	13	1	256000	200	0.012379	271.190405	103	-0.000000	0	1.005000	float32				d161d7cb4db2
eager	13	1	256000	200	0.021013	581.064224	102	-0.000000	0	6.005000	float32				d161d7cb4db2
nojit	13	1	256000	200	0.020334	583.255291	102	-0.000000	0	6.005000	float32				d161d7cb4db2
torch-compile	13	1	256000	200	1.937911	549.490452	0	-0.000000	0	-1	-1	float32	-1	1880.622	torch-2.14.0+cu130
torch-eager	13	1	256000	200	0.350233	638.349056	0	-0.000000	0	-1	-1	float32	-1	288.606	torch-2.14.0+cu130
triton	13	1	256000	200	0.345169	135.502815	2	-0.000000	0	-1	-1	float32	313.144	0.214	triton-3.8.0
torch-tensorrt	13	1	256000	200	4.173756	461.986065	0	-0.000000	0	-1	-1	float32	-1	4121.223	torch_tensorrt-2.9.0+cu130
torch-compile-ro	13	1	256000	200	1.943080	621.433258	0	-0.000000	0	-1	-1	float32	-1	1842.457	torch-2.14.0+cu130
torch-compile-mat	13	1	256000	200	1.839533	495.607853	0	-0.000000	0	-1	-1	float32	-1	1752.650	torch-2.14.0+cu130
jax	13	1	256000	200	0.009237	215.418339	0	-0.000000	0	-1	-1	float32	4375.058	1.095	jax-0.11.1
iree	13	1	256000	200	0.061699	1298.407316	0	-0.000000	0	-1	-1	float32	440.955	11.438	iree-3.11.0
fused	13	1	256000	200	0.025017	211.629868	103	0.001907	0	1.000000	float16				d161d7cb4db2
eager	13	1	256000	200	0.030295	333.894491	102	0.000000	0	6.000000	float16				d161d7cb4db2
nojit	13	1	256000	200	0.029144	336.719751	102	0.000000	0	6.000000	float16				d161d7cb4db2
torch-compile	13	1	256000	200	1.855098	370.968580	0	0.000000	0	-1	-1	float16	-1	1802.444	torch-2.14.0+cu130
torch-eager	13	1	256000	200	0.414941	415.227413	0	0.000000	0	-1	-1	float16	-1	359.179	torch-2.14.0+cu130
triton	13	1	256000	200	0.344325	134.453773	2	0.000000	0	-1	-1	float16	312.201	0.192	triton-3.8.0
torch-tensorrt	13	1	256000	200	4.471158	356.218815	0	0.000000	0	-1	-1	float16	-1	4422.434	torch_tensorrt-2.9.0+cu130
torch-compile-ro	13	1	256000	200	1.863128	375.883579	0	0.000000	0	-1	-1	float16	-1	1781.880	torch-2.14.0+cu130
torch-compile-mat	13	1	256000	200	2.131815	417.768955	0	0.000000	0	-1	-1	float16	-1	2033.628	torch-2.14.0+cu130
jax	13	1	256000	200	0.005734	99.474192	0	0.001252	0	-1	-1	float16	800.183	0.807	jax-0.11.1
iree	13	1	256000	200	0.053476	597.165823	0	0.000000	0	-1	-1	float16	585.490	9.009	iree-3.11.0
fused	8	1	256000	200	0.047399	1390.969753	107	32261718.000000	0	5.015000	float32				d161d7cb4db2
eager	8	1	256000	200	0.116285	3913.434744	102	32261718.000000	0	34.005000	float32				d161d7cb4db2
nojit	8	1	256000	200	0.115814	3916.890621	102	32261722.000000	0	34.005000	float32				d161d7cb4db2
torch-compile	8	1	256000	200	1.857320	2012.003660	0	32261731.000113	0	-1	-1	float32	-1	1776.686	torch-2.14.0+cu130
torch-eager	8	1	256000	200	0.413634	2646.771669	0	32261724.455585	0	-1	-1	float32	-1	314.015	torch-2.14.0+cu130
torch-tensorrt	8	1	256000	200	4.486247	1494.206190	0	32261725.718500	0	-1	-1	float32	-1	4421.551	torch_tensorrt-2.9.0+cu130
torch-compile-ro	8	1	256000	200	1.948165	2055.972815	0	32261731.000113	0	-1	-1	float32	-1	1830.518	torch-2.14.0+cu130
torch-compile-mat	8	1	256000	200	2.783707	1473.581791	0	32261732.079811	0	-1	-1	float32	-1	2651.745	torch-2.14.0+cu130
jax	8	1	256000	200	0.040624	1257.988214	0	32261725.412777	0	-1	-1	float32	1820.776	2.276	jax-0.11.1
iree	8	1	256000	200	0.265507	7302.948236	0	32261724.389252	0	-1	-1	float32	408.447	29.433	iree-3.11.0
fused	8	1	256000	200	0.028202	709.084272	107	32340771.718750	0	5.010000	float16				d161d7cb4db2
eager	8	1	256000	200	0.065241	2053.939104	102	32332888.187500	0	34.000000	float16				d161d7cb4db2
nojit	8	1	256000	200	0.063604	2059.425116	102	32332888.187500	0	34.000000	float16				d161d7cb4db2
torch-compile	8	1	256000	200	1.953958	882.821083	0	32303902.171875	0	-1	-1	float16	-1	1902.653	torch-2.14.0+cu130
torch-eager	8	1	256000	200	0.469663	1474.245787	0	32296342.671875	0	-1	-1	float16	-1	404.942	torch-2.14.0+cu130
torch-tensorrt	8	1	256000	200	4.574725	285.217762	0	32294186.078125	0	-1	-1	float16	-1	4543.789	torch_tensorrt-2.9.0+cu130
torch-compile-ro	8	1	256000	200	1.914330	891.863108	0	32303902.171875	0	-1	-1	float16	-1	1828.544	torch-2.14.0+cu130
torch-compile-mat	8	1	256000	200	2.610152	807.574987	0	32311264.593750	0	-1	-1	float16	-1	2527.825	torch-2.14.0+cu130
jax	8	1	256000	200	0.021518	633.969307	0	32293071.671875	0	-1	-1	float16	607.003	1.452	jax-0.11.1
iree	8	1	256000	200	0.104760	1881.014109	0	32333088.093750	0	-1	-1	float16	543.744	18.004	iree-3.11.0
fused	11	1	256000	200	0.002109	6.790161	103	955405.437500	0	1.040000	float32				d161d7cb4db2
eager	11	1	256000	200	0.003228	42.449236	102	955405.437500	0	8.005000	float32				d161d7cb4db2
nojit	11	1	256000	200	0.002088	37.624836	102	955405.437500	0	8.005000	float32				d161d7cb4db2
torch-compile	11	1	256000	200	1.794449	151.041746	0	955405.029297	0	-1	-1	float32	-1	1769.103	torch-2.14.0+cu130
torch-eager	11	1	256000	200	0.243802	149.395466	0	955404.907227	0	-1	-1	float32	-1	220.148	torch-2.14.0+cu130
triton	11	1	256000	200	0.337742	18.861294	1	955405.029297	0	-1	-1	float32	308.616	0.246	triton-3.8.0
torch-tensorrt	11	1	256000	200	2.503396	189.203024	0	955404.907227	0	-1	-1	float32	-1	2478.549	torch_tensorrt-2.9.0+cu130
torch-compile-ro	11	1	256000	200	1.727938	207.132101	0	955405.029297	0	-1	-1	float32	-1	1665.326	torch-2.14.0+cu130
torch-compile-mat	11	1	256000	200	1.905185	207.434893	0	955405.029297	0	-1	-1	float32	-1	1852.028	torch-2.14.0+cu130
jax	11	1	256000	200	0.002274	47.639608	0	955405.029297	0	-1	-1	float32	73.882	0.421	jax-0.11.1
iree	11	1	256000	200	0.022994	80.415010	0	955404.907227	0	-1	-1	float32	183.184	9.217	iree-3.11.0
fused	11	1	256000	200	0.005030	22.394657	103	955000.000000	0	1.035000	float16				d161d7cb4db2
eager	11	1	256000	200	0.007048	59.365034	102	955000.000000	0	8.000000	float16				d161d7cb4db2
nojit	11	1	256000	200	0.005368	55.575371	102	955000.000000	0	8.000000	float16				d161d7cb4db2
torch-compile	11	1	256000	200	1.645994	161.056519	0	955000.000000	0	-1	-1	float16	-1	1603.506	torch-2.14.0+cu130
torch-eager	11	1	256000	200	0.242084	150.969028	0	955000.000000	0	-1	-1	float16	-1	218.656	torch-2.14.0+cu130
triton	11	1	256000	200	0.336346	19.028187	1	955000.000000	0	-1	-1	float16	308.012	0.099	triton-3.8.0
torch-tensorrt	11	1	256000	200	2.428946	207.639933	0	955000.000000	0	-1	-1	float16	-1	2403.547	torch_tensorrt-2.9.0+cu130
torch-compile-ro	11	1	256000	200	1.741765	224.202871	0	955000.000000	0	-1	-1	float16	-1	1688.087	torch-2.14.0+cu130
torch-compile-mat	11	1	256000	200	1.831816	246.872902	0	955000.000000	0	-1	-1	float16	-1	1768.636	torch-2.14.0+cu130
jax	11	1	256000	200	0.002297	46.900511	0	955000.000000	0	-1	-1	float16	84.011	0.430	jax-0.11.1
iree	11	1	256000	200	0.040643	181.492567	0	955000.000000	0	-1	-1	float16	167.878	8.657	iree-3.11.0
fused	13	1	256000	200	0.012275	271.114111	103	-0.000000	0	1.005000	float32				d161d7cb4db2
eager	13	1	256000	200	0.021570	588.469505	102	-0.000000	0	6.005000	float32				d161d7cb4db2
nojit	13	1	256000	200	0.020410	583.440065	102	-0.000000	0	6.005000	float32				d161d7cb4db2
torch-compile	13	1	256000	200	1.866139	561.718941	0	-0.000000	0	-1	-1	float32	-1	1805.922	torch-2.14.0+cu130
torch-eager	13	1	256000	200	0.350240	635.216236	0	-0.000000	0	-1	-1	float32	-1	288.852	torch-2.14.0+cu130
triton	13	1	256000	200	0.347459	138.370991	2	-0.000000	0	-1	-1	float32	313.078	0.208	triton-3.8.0
torch-tensorrt	13	1	256000	200	4.367326	480.217934	0	-0.000000	0	-1	-1	float32	-1	4309.752	torch_tensorrt-2.9.0+cu130
torch-compile-ro	13	1	256000	200	1.878365	617.691278	0	-0.000000	0	-1	-1	float32	-1	1777.828	torch-2.14.0+cu130
torch-compile-mat	13	1	256000	200	1.976155	512.231588	0	-0.000000	0	-1	-1	float32	-1	1888.788	torch-2.14.0+cu130
jax	13	1	256000	200	0.009208	215.775967	0	-0.000000	0	-1	-1	float32	4323.308	1.042	jax-0.11.1
iree	13	1	256000	200	0.062356	1314.966679	0	-0.000000	0	-1	-1	float32	443.532	11.596	iree-3.11.0
fused	13	1	256000	200	0.025063	211.395025	103	0.001907	0	1.000000	float16				d161d7cb4db2
eager	13	1	256000	200	0.030522	334.299803	102	0.000000	0	6.000000	float16				d161d7cb4db2
nojit	13	1	256000	200	0.029347	336.860418	102	0.000000	0	6.000000	float16				d161d7cb4db2
torch-compile	13	1	256000	200	1.948399	433.969498	0	0.000000	0	-1	-1	float16	-1	1886.358	torch-2.14.0+cu130
torch-eager	13	1	256000	200	0.423733	412.536860	0	0.000000	0	-1	-1	float16	-1	368.395	torch-2.14.0+cu130
triton	13	1	256000	200	0.344575	136.526823	2	0.000000	0	-1	-1	float16	311.720	0.197	triton-3.8.0
torch-tensorrt	13	1	256000	200	4.138984	356.574059	0	0.000000	0	-1	-1	float16	-1	4088.527	torch_tensorrt-2.9.0+cu130
torch-compile-ro	13	1	256000	200	1.902738	425.543785	0	0.000000	0	-1	-1	float16	-1	1806.987	torch-2.14.0+cu130
torch-compile-mat	13	1	256000	200	2.158631	358.444452	0	0.000000	0	-1	-1	float16	-1	2079.164	torch-2.14.0+cu130
jax	13	1	256000	200	0.005641	100.607872	0	0.001252	0	-1	-1	float16	790.936	0.776	jax-0.11.1
iree	13	1	256000	200	0.053024	600.388050	0	0.000000	0	-1	-1	float16	584.368	9.047	iree-3.11.0
app	0	1	1000000	200	0.003296	29.124022	53	1000000.000000	0	1.015000	float64				575ebc57f8bb
app	0	4	1000000	200	0.003737	116.654634	53	1000000.000000	1	4.015000	float64				575ebc57f8bb
app	0	8	1000000	200	0.008018	229.860544	52	1000000.000000	0	8.015000	float64				575ebc57f8bb
app	0	4	10000	200	0.000926	19.329786	53	10000.000000	1	4.015000	float64				575ebc57f8bb
app	0	4	100000	200	0.000973	20.650625	53	100000.000000	1	4.015000	float64				575ebc57f8bb
app	0	4	1000000	200	0.003761	116.684437	53	1000000.000000	1	4.015000	float64				575ebc57f8bb
app	0	4	10000000	200	0.034612	1133.270264	53	10000000.000000	0	4.015000	float64				575ebc57f8bb
app	1	4	1000000	200	0.004140	119.129419	53	1000122.070313	0	4.160000	float64				575ebc57f8bb
app	2	4	1000000	200	0.004190	119.094849	53	1000122.070313	0	4.160000	float64				575ebc57f8bb
app	3	4	1000000	200	0.005885	177.394152	53	1533333.333333	0	6.015000	float64				575ebc57f8bb
app	4	4	1000000	200	0.005195	144.264698	52	1533317.820224	0	5.015000	float64				575ebc57f8bb
app	5	4	1000000	200	0.004668	145.825148	52	1533333.333333	0	5.035000	float64				575ebc57f8bb
app	11	1	25600	200	0.002947	19.915104	53	95540.500674	0	2.035000	float64				575ebc57f8bb
app	11	1	256000	200	0.006718	161.819458	53	955405.006738	0	2.035000	float64				575ebc57f8bb
app	12	1	25600	200	0.007499	89.075565	52	256.065387	0	1.010000	float64				575ebc57f8bb
app	12	1	256000	200	0.013576	352.840424	52	2560.654532	0	1.010000	float64				575ebc57f8bb
app	13	1	25600	200	0.020693	422.124863	54	0.000000	0	5.005000	float64				575ebc57f8bb
app	13	1	256000	200	0.143161	4726.175070	54	-0.000000	0	5.005000	float64				575ebc57f8bb
app	6	1	25600	200	0.011981	267.039537	52	256.065463	0	3.005000	float64				575ebc57f8bb
app	6	1	256000	200	0.030337	995.090008	52	2560.654707	0	3.005000	float64				575ebc57f8bb
app	7	1	25600	200	0.065086	786.354542	58	25.611041	0	21.010000	float64				575ebc57f8bb
app	7	1	256000	200	0.128893	2924.859524	58	0.000000	0	21.010000	float64				575ebc57f8bb
app	8	1	25600	200	0.035618	505.889654	58	3221914.952339	0	11.140000	float64				575ebc57f8bb
app	8	1	256000	200	0.664280	22355.170250	58	32261731.495851	0	11.140000	float64				575ebc57f8bb
app	9	1	25600	200	0.031812	746.499300	58	214.208506	0	7.010000	float64				575ebc57f8bb
app	9	1	256000	200	0.026583	555.390120	58	2158.224764	0	7.010000	float64				575ebc57f8bb
app	10	1	25600	200	0.264719	5012.515783	90	0.000000	0	212.010000	float64				575ebc57f8bb
app	10	1	191488	200	2.772801	96988.965273	93	0.000000	0	212.010000	float64				575ebc57f8bb
app	0	1	1000000	200	0.003039	29.039383	53	1000000.000000	0	1.015000	float64				575ebc57f8bb
app	0	4	1000000	200	0.003682	116.469860	53	1000000.000000	1	4.015000	float64				575ebc57f8bb
app	0	8	1000000	200	0.007894	229.470730	52	1000000.000000	0	8.015000	float64				575ebc57f8bb
app	0	4	10000	200	0.000869	18.765926	53	10000.000000	1	4.015000	float64				575ebc57f8bb
app	0	4	100000	200	0.000913	20.815134	53	100000.000000	1	4.015000	float64				575ebc57f8bb
app	0	4	1000000	200	0.003715	117.019415	53	1000000.000000	1	4.015000	float64				575ebc57f8bb
app	0	4	10000000	200	0.034636	1133.444309	53	10000000.000000	0	4.015000	float64				575ebc57f8bb
app	1	4	1000000	200	0.004235	119.194984	53	1000122.070313	0	4.160000	float64				575ebc57f8bb
app	2	4	1000000	200	0.004214	119.144917	53	1000122.070313	0	4.160000	float64				575ebc57f8bb
app	3	4	1000000	200	0.005902	177.760124	53	1533333.333333	0	6.015000	float64				575ebc57f8bb
app	4	4	1000000	200	0.005118	144.249201	52	1533317.820224	0	5.015000	float64				575ebc57f8bb
app	5	4	1000000	200	0.004674	145.859718	52	1533333.333333	0	5.035000	float64				575ebc57f8bb
app	11	1	25600	200	0.002971	21.119118	53	95540.500674	0	2.035000	float64				575ebc57f8bb
app	11	1	256000	200	0.006970	172.129869	53	955405.006738	0	2.035000	float64				575ebc57f8bb
app	12	1	25600	200	0.007750	94.684362	52	256.065387	0	1.010000	float64				575ebc57f8bb
app	12	1	256000	200	0.013594	352.435112	52	2560.654532	0	1.010000	float64				575ebc57f8bb
app	13	1	25600	200	0.021375	441.600084	54	0.000000	0	5.005000	float64				575ebc57f8bb
app	13	1	256000	200	0.144072	4754.974842	54	-0.000000	0	5.005000	float64				575ebc57f8bb
app	6	1	25600	200	0.012135	268.189907	52	256.065463	0	3.005000	float64				575ebc57f8bb
app	6	1	256000	200	0.030642	999.734402	52	2560.654707	0	3.005000	float64				575ebc57f8bb
app	7	1	25600	200	0.059888	771.609545	58	25.611041	0	21.010000	float64				575ebc57f8bb
app	7	1	256000	200	0.124815	2934.255600	58	0.000000	0	21.010000	float64				575ebc57f8bb
app	8	1	25600	200	0.033177	505.090952	58	3221914.952339	0	11.140000	float64				575ebc57f8bb
app	8	1	256000	200	0.666051	22335.954905	58	32261731.495851	0	11.140000	float64				575ebc57f8bb
app	9	1	25600	200	0.033018	749.189854	58	214.208506	0	7.010000	float64				575ebc57f8bb
app	9	1	256000	200	0.027540	556.534529	58	2158.224764	0	7.010000	float64				575ebc57f8bb
app	10	1	25600	200	0.273466	4976.205826	90	0.000000	0	212.010000	float64				575ebc57f8bb
app	10	1	191488	200	2.783542	97463.819981	93	0.000000	0	212.010000	float64				575ebc57f8bb
app	0	1	1000000	200	0.003264	29.129982	53	1000000.000000	0	1.015000	float64				575ebc57f8bb
app	0	4	1000000	200	0.003762	116.513968	53	1000000.000000	1	4.015000	float64				575ebc57f8bb
app	0	8	1000000	200	0.007948	229.535103	52	1000000.000000	0	8.015000	float64				575ebc57f8bb
app	0	4	10000	200	0.000921	18.880367	53	10000.000000	1	4.015000	float64				575ebc57f8bb
app	0	4	100000	200	0.000941	20.145178	53	100000.000000	1	4.015000	float64				575ebc57f8bb
app	0	4	1000000	200	0.003759	116.555691	53	1000000.000000	1	4.015000	float64				575ebc57f8bb
app	0	4	10000000	200	0.034627	1132.985353	53	10000000.000000	0	4.015000	float64				575ebc57f8bb
app	1	4	1000000	200	0.004149	119.190216	53	1000122.070313	0	4.160000	float64				575ebc57f8bb
app	2	4	1000000	200	0.004177	119.204521	53	1000122.070313	0	4.160000	float64				575ebc57f8bb
app	3	4	1000000	200	0.005876	177.589655	53	1533333.333333	0	6.015000	float64				575ebc57f8bb
app	4	4	1000000	200	0.005174	144.305229	52	1533317.820224	0	5.015000	float64				575ebc57f8bb
app	5	4	1000000	200	0.004672	145.510435	52	1533333.333333	0	5.035000	float64				575ebc57f8bb
app	11	1	25600	200	0.002929	20.189285	53	95540.500674	0	2.035000	float64				575ebc57f8bb
app	11	1	256000	200	0.006798	163.919926	53	955405.006738	0	2.035000	float64				575ebc57f8bb
app	12	1	25600	200	0.007434	90.224743	52	256.065387	0	1.010000	float64				575ebc57f8bb
app	12	1	256000	200	0.013204	335.720778	52	2560.654532	0	1.010000	float64				575ebc57f8bb
app	13	1	25600	200	0.020938	427.449942	54	0.000000	0	5.005000	float64				575ebc57f8bb
app	13	1	256000	200	0.145025	4792.119265	54	-0.000000	0	5.005000	float64				575ebc57f8bb
app	6	1	25600	200	0.011990	270.370245	52	256.065463	0	3.005000	float64				575ebc57f8bb
app	6	1	256000	200	0.030681	1007.490158	52	2560.654707	0	3.005000	float64				575ebc57f8bb
app	7	1	25600	200	0.065544	797.820091	58	25.611041	0	21.010000	float64				575ebc57f8bb
app	7	1	256000	200	0.130234	2951.009274	58	0.000000	0	21.010000	float64				575ebc57f8bb
app	8	1	25600	200	0.035948	512.270927	58	3221914.952339	0	11.140000	float64				575ebc57f8bb
app	8	1	256000	200	0.671109	22524.884939	58	32261731.495851	0	11.140000	float64				575ebc57f8bb
app	9	1	25600	200	0.033021	755.620003	58	214.208506	0	7.010000	float64				575ebc57f8bb
app	9	1	256000	200	0.027636	558.350086	58	2158.224764	0	7.010000	float64				575ebc57f8bb
app	10	1	25600	200	0.272015	4981.850386	90	0.000000	0	212.010000	float64				575ebc57f8bb
app	10	1	191488	200	2.793988	97480.140924	93	0.000000	0	212.010000	float64				575ebc57f8bb
