model	system	cache	round	iter	us	compiled	launches
tiny-gpt2	torch-eager	cold	1	0	965911.4		
tiny-gpt2	torch-eager	cold	1	1	1854.9		
tiny-gpt2	torch-eager	cold	1	2	1622.9		
tiny-gpt2	torch-eager	cold	1	3	1602.9		
tiny-gpt2	torch-eager	cold	1	4	1595.0		
tiny-gpt2	torch-eager	cold	1	5	1613.1		
tiny-gpt2	torch-eager	cold	1	6	1578.6		
tiny-gpt2	torch-eager	cold	1	7	1584.5		
tiny-gpt2	torch-eager	cold	1	8	1604.3		
tiny-gpt2	torch-eager	cold	1	9	1604.6		
tiny-gpt2	torch-eager	cold	1	10	1570.2		
tiny-gpt2	torch-eager	cold	1	11	1575.2		
tiny-gpt2	torch-eager	cold	1	12	1567.6		
tiny-gpt2	torch-eager	cold	1	13	1588.8		
tiny-gpt2	torch-eager	cold	1	14	1642.5		
tiny-gpt2	torch-eager	cold	1	15	1572.1		
tiny-gpt2	torch-eager	cold	1	16	1563.3		
tiny-gpt2	torch-eager	cold	1	17	1595.7		
tiny-gpt2	torch-eager	cold	1	18	1563.5		
tiny-gpt2	torch-eager	cold	1	19	1605.7		
tiny-gpt2	torch-eager	cold	1	20	1565.7		
tiny-gpt2	torch-eager	cold	1	21	1568.1		
tiny-gpt2	torch-eager	cold	1	22	1605.3		
tiny-gpt2	torch-eager	cold	1	23	1583.8		
tiny-gpt2	torch-eager	cold	1	24	1590.5		
tiny-gpt2	torch-eager	cold	1	25	1583.1		
tiny-gpt2	torch-eager	cold	1	26	1598.6		
tiny-gpt2	torch-eager	cold	1	27	1591.2		
tiny-gpt2	torch-eager	cold	1	28	1602.6		
tiny-gpt2	torch-eager	cold	1	29	1596.5		
tiny-gpt2	torch-eager	cold	1	30	1578.6		
tiny-gpt2	torch-eager	cold	1	31	1584.3		
tiny-gpt2	torch-eager	cold	1	32	1590.5		
tiny-gpt2	torch-eager	cold	1	33	1568.6		
tiny-gpt2	torch-eager	cold	1	34	1599.3		
tiny-gpt2	torch-eager	cold	1	35	1663.0		
tiny-gpt2	torch-eager	cold	1	36	1597.2		
tiny-gpt2	torch-eager	cold	1	37	1600.5		
tiny-gpt2	torch-eager	cold	1	38	1581.7		
tiny-gpt2	torch-eager	cold	1	39	1592.6		
tiny-gpt2	torch-eager	cold	1	40	1582.9		
tiny-gpt2	torch-eager	cold	1	41	1581.9		
tiny-gpt2	torch-eager	cold	1	42	1604.6		
tiny-gpt2	torch-eager	cold	1	43	1573.6		
tiny-gpt2	torch-eager	cold	1	44	1583.6		
tiny-gpt2	torch-eager	cold	1	45	1575.9		
tiny-gpt2	torch-eager	cold	1	46	1591.2		
tiny-gpt2	torch-eager	cold	1	47	1589.8		
tiny-gpt2	torch-eager	cold	1	48	1575.7		
tiny-gpt2	torch-eager	cold	1	49	1592.9		
tiny-gpt2	torch-eager	cold	1	50	1571.9		
tiny-gpt2	torch-eager	cold	1	51	1578.8		
tiny-gpt2	torch-eager	cold	1	52	1580.2		
tiny-gpt2	torch-eager	cold	1	53	1573.8		
tiny-gpt2	torch-eager	cold	1	54	1584.1		
tiny-gpt2	torch-eager	cold	1	55	1569.5		
tiny-gpt2	torch-eager	cold	1	56	1689.9		
tiny-gpt2	torch-eager	cold	1	57	1594.5		
tiny-gpt2	torch-eager	cold	1	58	1581.9		
tiny-gpt2	torch-eager	cold	1	59	1604.1		
tiny-gpt2	torch-eager	cold	1	60	1583.6		
tiny-gpt2	torch-eager	cold	1	61	1589.5		
tiny-gpt2	torch-eager	cold	1	62	1589.3		
tiny-gpt2	torch-eager	cold	1	63	1580.7		
tiny-gpt2	torch-eager	cold	1	64	1585.5		
tiny-gpt2	torch-eager	cold	1	65	1576.4		
tiny-gpt2	torch-eager	cold	1	66	1581.7		
tiny-gpt2	torch-eager	cold	1	67	1581.0		
tiny-gpt2	torch-eager	cold	1	68	1588.3		
tiny-gpt2	torch-eager	cold	1	69	1586.4		
tiny-gpt2	torch-eager	cold	1	70	1594.8		
tiny-gpt2	torch-eager	cold	1	71	1582.1		
tiny-gpt2	torch-eager	cold	1	72	1573.6		
tiny-gpt2	torch-eager	cold	1	73	1588.3		
tiny-gpt2	torch-eager	cold	1	74	1580.5		
tiny-gpt2	torch-eager	cold	1	75	1588.1		
tiny-gpt2	torch-eager	cold	1	76	1588.8		
tiny-gpt2	torch-eager	cold	1	77	1629.8		
tiny-gpt2	torch-eager	cold	1	78	1584.3		
tiny-gpt2	torch-eager	cold	1	79	1584.3		
tiny-gpt2	torch-eager	cold	1	80	1598.1		
tiny-gpt2	torch-eager	cold	1	81	1589.1		
tiny-gpt2	torch-eager	cold	1	82	1574.0		
tiny-gpt2	torch-eager	cold	1	83	1580.7		
tiny-gpt2	torch-eager	cold	1	84	1575.0		
tiny-gpt2	torch-eager	cold	1	85	1590.0		
tiny-gpt2	torch-eager	cold	1	86	1591.4		
tiny-gpt2	torch-eager	cold	1	87	1579.0		
tiny-gpt2	torch-eager	cold	1	88	1583.6		
tiny-gpt2	torch-eager	cold	1	89	1574.5		
tiny-gpt2	torch-eager	cold	1	90	1593.6		
tiny-gpt2	torch-eager	cold	1	91	1589.8		
tiny-gpt2	torch-eager	cold	1	92	1576.9		
tiny-gpt2	torch-eager	cold	1	93	1588.1		
tiny-gpt2	torch-eager	cold	1	94	1577.6		
tiny-gpt2	torch-eager	cold	1	95	1596.9		
tiny-gpt2	torch-eager	cold	1	96	1594.5		
tiny-gpt2	torch-eager	cold	1	97	1608.6		
tiny-gpt2	torch-eager	cold	1	98	1672.5		
tiny-gpt2	torch-eager	cold	1	99	1575.5		
tiny-gpt2	torch-eager	cold	1	100	1595.7		
tiny-gpt2	torch-eager	cold	1	101	1597.6		
tiny-gpt2	torch-eager	cold	1	102	1579.8		
tiny-gpt2	torch-eager	cold	1	103	1591.2		
tiny-gpt2	torch-eager	cold	1	104	1585.2		
tiny-gpt2	torch-eager	cold	1	105	1588.1		
tiny-gpt2	torch-eager	cold	1	106	1602.2		
tiny-gpt2	torch-eager	cold	1	107	1583.3		
tiny-gpt2	torch-eager	cold	1	108	1593.1		
tiny-gpt2	torch-eager	cold	1	109	1584.5		
tiny-gpt2	torch-eager	cold	1	110	1655.3		
tiny-gpt2	torch-eager	cold	1	111	1627.0		
tiny-gpt2	torch-eager	cold	1	112	1605.5		
tiny-gpt2	torch-eager	cold	1	113	1618.1		
tiny-gpt2	torch-eager	cold	1	114	1596.9		
tiny-gpt2	torch-eager	cold	1	115	1620.3		
tiny-gpt2	torch-eager	cold	1	116	1620.5		
tiny-gpt2	torch-eager	cold	1	117	1601.0		
tiny-gpt2	torch-eager	cold	1	118	1622.0		
tiny-gpt2	torch-eager	cold	1	119	1649.4		
tiny-gpt2	torch-eager	cold	1	120	1612.9		
tiny-gpt2	torch-eager	cold	1	121	1617.0		
tiny-gpt2	torch-eager	cold	1	122	1664.2		
tiny-gpt2	torch-eager	cold	1	123	1624.8		
tiny-gpt2	torch-eager	cold	1	124	1621.7		
tiny-gpt2	torch-eager	cold	1	125	1600.5		
tiny-gpt2	torch-eager	cold	1	126	1648.9		
tiny-gpt2	torch-eager	cold	1	127	1597.9		
tiny-gpt2	torch-eager	cold	1	128	1602.4		
tiny-gpt2	torch-eager	cold	1	129	1642.7		
tiny-gpt2	torch-eager	cold	1	130	1590.7		
tiny-gpt2	torch-eager	cold	1	131	1606.9		
tiny-gpt2	torch-eager	cold	1	132	1615.3		
tiny-gpt2	torch-eager	cold	1	133	1592.2		
tiny-gpt2	torch-eager	cold	1	134	1608.1		
tiny-gpt2	torch-eager	cold	1	135	1585.5		
tiny-gpt2	torch-eager	cold	1	136	1611.0		
tiny-gpt2	torch-eager	cold	1	137	1618.1		
tiny-gpt2	torch-eager	cold	1	138	1587.9		
tiny-gpt2	torch-eager	cold	1	139	1641.3		
tiny-gpt2	torch-eager	cold	1	140	1601.7		
tiny-gpt2	torch-eager	cold	1	141	1588.3		
tiny-gpt2	torch-eager	cold	1	142	1622.4		
tiny-gpt2	torch-eager	cold	1	143	1591.7		
tiny-gpt2	torch-eager	cold	1	144	1623.6		
tiny-gpt2	torch-eager	cold	1	145	1609.1		
tiny-gpt2	torch-eager	cold	1	146	1581.9		
tiny-gpt2	torch-eager	cold	1	147	1596.7		
tiny-gpt2	torch-eager	cold	1	148	1601.2		
tiny-gpt2	torch-eager	cold	1	149	1620.5		
tiny-gpt2	torch-eager	cold	1	150	1602.2		
tiny-gpt2	torch-eager	cold	1	151	1595.3		
tiny-gpt2	torch-eager	cold	1	152	1606.0		
tiny-gpt2	torch-eager	cold	1	153	1592.2		
tiny-gpt2	torch-eager	cold	1	154	1607.9		
tiny-gpt2	torch-eager	cold	1	155	1612.9		
tiny-gpt2	torch-eager	cold	1	156	1618.4		
tiny-gpt2	torch-eager	cold	1	157	1622.4		
tiny-gpt2	torch-eager	cold	1	158	1638.7		
tiny-gpt2	torch-eager	cold	1	159	1637.7		
tiny-gpt2	torch-eager	cold	1	160	1634.8		
tiny-gpt2	torch-eager	cold	1	161	1605.5		
tiny-gpt2	torch-eager	cold	1	162	1601.5		
tiny-gpt2	torch-eager	cold	1	163	1611.2		
tiny-gpt2	torch-eager	cold	1	164	1616.5		
tiny-gpt2	torch-eager	cold	1	165	1610.8		
tiny-gpt2	torch-eager	cold	1	166	1602.6		
tiny-gpt2	torch-eager	cold	1	167	1623.6		
tiny-gpt2	torch-eager	cold	1	168	1620.5		
tiny-gpt2	torch-eager	cold	1	169	1599.1		
tiny-gpt2	torch-eager	cold	1	170	1604.8		
tiny-gpt2	torch-eager	cold	1	171	1597.6		
tiny-gpt2	torch-eager	cold	1	172	1594.1		
tiny-gpt2	torch-eager	cold	1	173	1617.9		
tiny-gpt2	torch-eager	cold	1	174	1606.7		
tiny-gpt2	torch-eager	cold	1	175	1607.4		
tiny-gpt2	torch-eager	cold	1	176	1618.4		
tiny-gpt2	torch-eager	cold	1	177	1611.5		
tiny-gpt2	torch-eager	cold	1	178	1612.4		
tiny-gpt2	torch-eager	cold	1	179	1592.6		
tiny-gpt2	torch-eager	cold	1	180	1607.9		
tiny-gpt2	torch-eager	cold	1	181	1651.0		
tiny-gpt2	torch-eager	cold	1	182	1607.7		
tiny-gpt2	torch-eager	cold	1	183	1610.5		
tiny-gpt2	torch-eager	cold	1	184	1647.5		
tiny-gpt2	torch-eager	cold	1	185	1674.7		
tiny-gpt2	torch-eager	cold	1	186	1597.2		
tiny-gpt2	torch-eager	cold	1	187	1583.3		
tiny-gpt2	torch-eager	cold	1	188	1590.7		
tiny-gpt2	torch-eager	cold	1	189	1722.8		
tiny-gpt2	torch-eager	cold	1	190	1583.6		
tiny-gpt2	torch-eager	cold	1	191	1606.2		
tiny-gpt2	torch-eager	cold	1	192	1598.8		
tiny-gpt2	torch-eager	cold	1	193	1712.6		
tiny-gpt2	torch-eager	cold	1	194	1594.3		
tiny-gpt2	torch-eager	cold	1	195	1603.6		
tiny-gpt2	torch-eager	cold	1	196	1594.1		
tiny-gpt2	torch-eager	cold	1	197	1638.9		
tiny-gpt2	torch-eager	cold	1	198	1574.0		
tiny-gpt2	torch-eager	cold	1	199	1606.0		
tiny-gpt2	torch-eager	cold	1	200	1583.3		
tiny-gpt2	torch-eager	cold	1	201	1594.5		
tiny-gpt2	torch-eager	cold	1	202	1659.9		
tiny-gpt2	torch-eager	cold	1	203	1591.7		
tiny-gpt2	torch-eager	cold	1	204	1595.3		
tiny-gpt2	torch-eager	cold	1	205	1606.9		
tiny-gpt2	torch-eager	cold	1	206	1585.7		
tiny-gpt2	torch-eager	cold	1	207	1599.1		
tiny-gpt2	torch-eager	cold	1	208	1585.2		
tiny-gpt2	torch-eager	cold	1	209	1594.3		
tiny-gpt2	torch-eager	cold	1	210	1572.6		
tiny-gpt2	torch-eager	cold	1	211	1595.0		
tiny-gpt2	torch-eager	cold	1	212	1600.0		
tiny-gpt2	torch-eager	cold	1	213	1596.2		
tiny-gpt2	torch-eager	cold	1	214	1588.3		
tiny-gpt2	torch-eager	cold	1	215	1581.7		
tiny-gpt2	torch-eager	cold	1	216	1584.1		
tiny-gpt2	torch-eager	cold	1	217	1597.6		
tiny-gpt2	torch-eager	cold	1	218	1582.6		
tiny-gpt2	torch-eager	cold	1	219	1590.3		
tiny-gpt2	torch-eager	cold	1	220	1591.4		
tiny-gpt2	torch-eager	cold	1	221	1596.7		
tiny-gpt2	torch-eager	cold	1	222	1615.0		
tiny-gpt2	torch-eager	cold	1	223	1626.3		
tiny-gpt2	torch-eager	cold	1	224	1585.5		
tiny-gpt2	torch-eager	cold	1	225	1585.2		
tiny-gpt2	torch-eager	cold	1	226	1590.0		
tiny-gpt2	torch-eager	cold	1	227	1662.0		
tiny-gpt2	torch-eager	cold	1	228	1612.7		
tiny-gpt2	torch-eager	cold	1	229	1631.3		
tiny-gpt2	torch-eager	cold	1	230	1594.5		
tiny-gpt2	torch-eager	cold	1	231	1582.9		
tiny-gpt2	torch-eager	cold	1	232	1603.1		
tiny-gpt2	torch-eager	cold	1	233	1606.7		
tiny-gpt2	torch-eager	cold	1	234	1606.5		
tiny-gpt2	torch-eager	cold	1	235	1593.6		
tiny-gpt2	torch-eager	cold	1	236	1590.0		
tiny-gpt2	torch-eager	cold	1	237	1609.6		
tiny-gpt2	torch-eager	cold	1	238	1597.6		
tiny-gpt2	torch-eager	cold	1	239	1613.1		
tiny-gpt2	torch-eager	cold	1	240	1595.5		
tiny-gpt2	torch-eager	cold	1	241	1591.0		
tiny-gpt2	torch-eager	cold	1	242	1615.8		
tiny-gpt2	torch-eager	cold	1	243	1600.5		
tiny-gpt2	torch-eager	cold	1	244	1646.3		
tiny-gpt2	torch-eager	cold	1	245	1605.3		
tiny-gpt2	torch-eager	cold	1	246	1592.9		
tiny-gpt2	torch-eager	cold	1	247	1649.9		
tiny-gpt2	torch-eager	cold	1	248	1588.1		
tiny-gpt2	torch-eager	cold	1	249	1610.0		
tiny-gpt2	torch-eager	cold	1	250	1637.0		
tiny-gpt2	torch-eager	cold	1	251	1602.4		
tiny-gpt2	torch-eager	cold	1	252	1594.5		
tiny-gpt2	torch-eager	cold	1	253	1594.8		
tiny-gpt2	torch-eager	cold	1	254	1581.2		
tiny-gpt2	torch-eager	cold	1	255	1594.5		
tiny-gpt2	torch-eager	cold	1	256	1579.3		
tiny-gpt2	torch-eager	cold	1	257	1624.3		
tiny-gpt2	torch-eager	cold	1	258	1599.6		
tiny-gpt2	torch-eager	cold	1	259	1586.7		
tiny-gpt2	torch-eager	cold	1	260	1585.2		
tiny-gpt2	torch-eager	cold	1	261	1591.9		
tiny-gpt2	torch-eager	cold	1	262	1624.6		
tiny-gpt2	torch-eager	cold	1	263	1581.2		
tiny-gpt2	torch-eager	cold	1	264	1584.8		
tiny-gpt2	torch-eager	cold	1	265	1645.8		
tiny-gpt2	torch-eager	cold	1	266	1583.8		
tiny-gpt2	torch-eager	cold	1	267	1591.9		
tiny-gpt2	torch-eager	cold	1	268	1648.4		
tiny-gpt2	torch-eager	cold	1	269	1579.5		
tiny-gpt2	torch-eager	cold	1	270	1590.3		
tiny-gpt2	torch-eager	cold	1	271	1597.9		
tiny-gpt2	torch-eager	cold	1	272	1595.0		
tiny-gpt2	torch-eager	cold	1	273	1586.4		
tiny-gpt2	torch-eager	cold	1	274	1579.5		
tiny-gpt2	torch-eager	cold	1	275	1606.7		
tiny-gpt2	torch-eager	cold	1	276	1578.6		
tiny-gpt2	torch-eager	cold	1	277	1588.1		
tiny-gpt2	torch-eager	cold	1	278	1582.6		
tiny-gpt2	torch-eager	cold	1	279	1574.0		
tiny-gpt2	torch-eager	cold	1	280	1592.6		
tiny-gpt2	torch-eager	cold	1	281	1576.2		
tiny-gpt2	torch-eager	cold	1	282	1584.8		
tiny-gpt2	torch-eager	cold	1	283	1575.2		
tiny-gpt2	torch-eager	cold	1	284	1589.5		
tiny-gpt2	torch-eager	cold	1	285	1624.1		
tiny-gpt2	torch-eager	cold	1	286	1620.1		
tiny-gpt2	torch-eager	cold	1	287	1585.7		
tiny-gpt2	torch-eager	cold	1	288	1580.0		
tiny-gpt2	torch-eager	cold	1	289	1595.3		
tiny-gpt2	torch-eager	cold	1	290	1589.1		
tiny-gpt2	torch-eager	cold	1	291	1570.7		
tiny-gpt2	torch-eager	cold	1	292	1612.9		
tiny-gpt2	torch-eager	cold	1	293	1586.0		
tiny-gpt2	torch-eager	cold	1	294	1593.8		
tiny-gpt2	torch-eager	cold	1	295	1584.1		
tiny-gpt2	torch-eager	cold	1	296	1596.7		
tiny-gpt2	torch-eager	cold	1	297	1593.8		
tiny-gpt2	torch-eager	cold	1	298	1581.9		
tiny-gpt2	torch-eager	cold	1	299	1582.1		
tiny-gpt2	ours	cold	1	0	553290.8	1	106
tiny-gpt2	ours	cold	1	1	2272568.0	5	64
tiny-gpt2	ours	cold	1	2	310.9	0	18
tiny-gpt2	ours	cold	1	3	928270.1	2	54
tiny-gpt2	ours	cold	1	4	473864.1	1	100
tiny-gpt2	ours	cold	1	5	989.9	1	14
tiny-gpt2	ours	cold	1	6	311.1	0	14
tiny-gpt2	ours	cold	1	7	3011.0	0	14
tiny-gpt2	ours	cold	1	8	149.0	0	14
tiny-gpt2	ours	cold	1	9	130.2	0	14
tiny-gpt2	ours	cold	1	10	134.0	0	14
tiny-gpt2	ours	cold	1	11	135.9	0	14
tiny-gpt2	ours	cold	1	12	135.2	0	14
tiny-gpt2	ours	cold	1	13	232.9	0	14
tiny-gpt2	ours	cold	1	14	149.0	0	14
tiny-gpt2	ours	cold	1	15	137.1	0	14
tiny-gpt2	ours	cold	1	16	212.0	0	14
tiny-gpt2	ours	cold	1	17	133.0	0	14
tiny-gpt2	ours	cold	1	18	126.8	0	14
tiny-gpt2	ours	cold	1	19	222.9	0	14
tiny-gpt2	ours	cold	1	20	148.1	0	14
tiny-gpt2	ours	cold	1	21	136.1	0	14
tiny-gpt2	ours	cold	1	22	204.1	0	14
tiny-gpt2	ours	cold	1	23	140.0	0	14
tiny-gpt2	ours	cold	1	24	137.1	0	14
tiny-gpt2	ours	cold	1	25	218.9	0	14
tiny-gpt2	ours	cold	1	26	149.0	0	14
tiny-gpt2	ours	cold	1	27	134.9	0	14
tiny-gpt2	ours	cold	1	28	206.0	0	14
tiny-gpt2	ours	cold	1	29	139.0	0	14
tiny-gpt2	ours	cold	1	30	136.1	0	14
tiny-gpt2	ours	cold	1	31	212.9	0	14
tiny-gpt2	ours	cold	1	32	142.1	0	14
tiny-gpt2	ours	cold	1	33	137.1	0	14
tiny-gpt2	ours	cold	1	34	206.0	0	14
tiny-gpt2	ours	cold	1	35	138.0	0	14
tiny-gpt2	ours	cold	1	36	134.0	0	14
tiny-gpt2	ours	cold	1	37	214.1	0	14
tiny-gpt2	ours	cold	1	38	141.1	0	14
tiny-gpt2	ours	cold	1	39	142.8	0	14
tiny-gpt2	ours	cold	1	40	203.8	0	14
tiny-gpt2	ours	cold	1	41	140.0	0	14
tiny-gpt2	ours	cold	1	42	134.9	0	14
tiny-gpt2	ours	cold	1	43	217.9	0	14
tiny-gpt2	ours	cold	1	44	140.0	0	14
tiny-gpt2	ours	cold	1	45	139.0	0	14
tiny-gpt2	ours	cold	1	46	206.0	0	14
tiny-gpt2	ours	cold	1	47	140.9	0	14
tiny-gpt2	ours	cold	1	48	134.0	0	14
tiny-gpt2	ours	cold	1	49	213.1	0	14
tiny-gpt2	ours	cold	1	50	145.0	0	14
tiny-gpt2	ours	cold	1	51	137.1	0	14
tiny-gpt2	ours	cold	1	52	211.0	0	14
tiny-gpt2	ours	cold	1	53	139.0	0	14
tiny-gpt2	ours	cold	1	54	135.2	0	14
tiny-gpt2	ours	cold	1	55	217.0	0	14
tiny-gpt2	ours	cold	1	56	140.0	0	14
tiny-gpt2	ours	cold	1	57	141.9	0	14
tiny-gpt2	ours	cold	1	58	211.0	0	14
tiny-gpt2	ours	cold	1	59	139.0	0	14
tiny-gpt2	ours	cold	1	60	133.0	0	14
tiny-gpt2	ours	cold	1	61	216.0	0	14
tiny-gpt2	ours	cold	1	62	141.1	0	14
tiny-gpt2	ours	cold	1	63	141.9	0	14
tiny-gpt2	ours	cold	1	64	204.8	0	14
tiny-gpt2	ours	cold	1	65	140.0	0	14
tiny-gpt2	ours	cold	1	66	134.0	0	14
tiny-gpt2	ours	cold	1	67	215.1	0	14
tiny-gpt2	ours	cold	1	68	140.0	0	14
tiny-gpt2	ours	cold	1	69	142.1	0	14
tiny-gpt2	ours	cold	1	70	208.1	0	14
tiny-gpt2	ours	cold	1	71	140.0	0	14
tiny-gpt2	ours	cold	1	72	134.9	0	14
tiny-gpt2	ours	cold	1	73	214.8	0	14
tiny-gpt2	ours	cold	1	74	131.8	0	14
tiny-gpt2	ours	cold	1	75	145.2	0	14
tiny-gpt2	ours	cold	1	76	203.8	0	14
tiny-gpt2	ours	cold	1	77	139.0	0	14
tiny-gpt2	ours	cold	1	78	134.9	0	14
tiny-gpt2	ours	cold	1	79	219.1	0	14
tiny-gpt2	ours	cold	1	80	140.9	0	14
tiny-gpt2	ours	cold	1	81	139.0	0	14
tiny-gpt2	ours	cold	1	82	204.8	0	14
tiny-gpt2	ours	cold	1	83	139.0	0	14
tiny-gpt2	ours	cold	1	84	133.0	0	14
tiny-gpt2	ours	cold	1	85	212.9	0	14
tiny-gpt2	ours	cold	1	86	140.0	0	14
tiny-gpt2	ours	cold	1	87	134.0	0	14
tiny-gpt2	ours	cold	1	88	206.9	0	14
tiny-gpt2	ours	cold	1	89	139.0	0	14
tiny-gpt2	ours	cold	1	90	134.9	0	14
tiny-gpt2	ours	cold	1	91	212.0	0	14
tiny-gpt2	ours	cold	1	92	140.0	0	14
tiny-gpt2	ours	cold	1	93	129.9	0	14
tiny-gpt2	ours	cold	1	94	208.1	0	14
tiny-gpt2	ours	cold	1	95	139.0	0	14
tiny-gpt2	ours	cold	1	96	134.0	0	14
tiny-gpt2	ours	cold	1	97	237.0	0	14
tiny-gpt2	ours	cold	1	98	142.1	0	14
tiny-gpt2	ours	cold	1	99	128.0	0	14
tiny-gpt2	ours	cold	1	100	215.1	0	14
tiny-gpt2	ours	cold	1	101	140.0	0	14
tiny-gpt2	ours	cold	1	102	126.8	0	14
tiny-gpt2	ours	cold	1	103	211.0	0	14
tiny-gpt2	ours	cold	1	104	140.0	0	14
tiny-gpt2	ours	cold	1	105	134.0	0	14
tiny-gpt2	ours	cold	1	106	216.0	0	14
tiny-gpt2	ours	cold	1	107	139.0	0	14
tiny-gpt2	ours	cold	1	108	134.9	0	14
tiny-gpt2	ours	cold	1	109	214.1	0	14
tiny-gpt2	ours	cold	1	110	139.0	0	14
tiny-gpt2	ours	cold	1	111	134.9	0	14
tiny-gpt2	ours	cold	1	112	304.0	0	14
tiny-gpt2	ours	cold	1	113	163.1	0	14
tiny-gpt2	ours	cold	1	114	145.9	0	14
tiny-gpt2	ours	cold	1	115	262.0	0	14
tiny-gpt2	ours	cold	1	116	149.0	0	14
tiny-gpt2	ours	cold	1	117	160.9	0	14
tiny-gpt2	ours	cold	1	118	224.1	0	14
tiny-gpt2	ours	cold	1	119	140.0	0	14
tiny-gpt2	ours	cold	1	120	136.9	0	14
tiny-gpt2	ours	cold	1	121	217.0	0	14
tiny-gpt2	ours	cold	1	122	141.9	0	14
tiny-gpt2	ours	cold	1	123	138.0	0	14
tiny-gpt2	ours	cold	1	124	208.1	0	14
tiny-gpt2	ours	cold	1	125	139.0	0	14
tiny-gpt2	ours	cold	1	126	134.9	0	14
tiny-gpt2	ours	cold	1	127	216.0	0	14
tiny-gpt2	ours	cold	1	128	138.0	0	14
tiny-gpt2	ours	cold	1	129	144.0	0	14
tiny-gpt2	ours	cold	1	130	206.9	0	14
tiny-gpt2	ours	cold	1	131	140.2	0	14
tiny-gpt2	ours	cold	1	132	135.9	0	14
tiny-gpt2	ours	cold	1	133	216.0	0	14
tiny-gpt2	ours	cold	1	134	141.1	0	14
tiny-gpt2	ours	cold	1	135	145.0	0	14
tiny-gpt2	ours	cold	1	136	206.0	0	14
tiny-gpt2	ours	cold	1	137	140.2	0	14
tiny-gpt2	ours	cold	1	138	136.9	0	14
tiny-gpt2	ours	cold	1	139	216.0	0	14
tiny-gpt2	ours	cold	1	140	139.0	0	14
tiny-gpt2	ours	cold	1	141	144.0	0	14
tiny-gpt2	ours	cold	1	142	213.9	0	14
tiny-gpt2	ours	cold	1	143	140.0	0	14
tiny-gpt2	ours	cold	1	144	134.9	0	14
tiny-gpt2	ours	cold	1	145	218.2	0	14
tiny-gpt2	ours	cold	1	146	140.9	0	14
tiny-gpt2	ours	cold	1	147	147.1	0	14
tiny-gpt2	ours	cold	1	148	206.9	0	14
tiny-gpt2	ours	cold	1	149	140.0	0	14
tiny-gpt2	ours	cold	1	150	134.9	0	14
tiny-gpt2	ours	cold	1	151	217.2	0	14
tiny-gpt2	ours	cold	1	152	140.0	0	14
tiny-gpt2	ours	cold	1	153	142.1	0	14
tiny-gpt2	ours	cold	1	154	209.1	0	14
tiny-gpt2	ours	cold	1	155	141.1	0	14
tiny-gpt2	ours	cold	1	156	134.0	0	14
tiny-gpt2	ours	cold	1	157	215.1	0	14
tiny-gpt2	ours	cold	1	158	142.8	0	14
tiny-gpt2	ours	cold	1	159	144.0	0	14
tiny-gpt2	ours	cold	1	160	206.9	0	14
tiny-gpt2	ours	cold	1	161	140.0	0	14
tiny-gpt2	ours	cold	1	162	136.1	0	14
tiny-gpt2	ours	cold	1	163	216.0	0	14
tiny-gpt2	ours	cold	1	164	140.9	0	14
tiny-gpt2	ours	cold	1	165	144.0	0	14
tiny-gpt2	ours	cold	1	166	209.8	0	14
tiny-gpt2	ours	cold	1	167	140.9	0	14
tiny-gpt2	ours	cold	1	168	134.9	0	14
tiny-gpt2	ours	cold	1	169	216.0	0	14
tiny-gpt2	ours	cold	1	170	140.9	0	14
tiny-gpt2	ours	cold	1	171	142.1	0	14
tiny-gpt2	ours	cold	1	172	201.9	0	14
tiny-gpt2	ours	cold	1	173	139.0	0	14
tiny-gpt2	ours	cold	1	174	134.0	0	14
tiny-gpt2	ours	cold	1	175	213.9	0	14
tiny-gpt2	ours	cold	1	176	139.0	0	14
tiny-gpt2	ours	cold	1	177	134.9	0	14
tiny-gpt2	ours	cold	1	178	215.1	0	14
tiny-gpt2	ours	cold	1	179	140.9	0	14
tiny-gpt2	ours	cold	1	180	134.0	0	14
tiny-gpt2	ours	cold	1	181	211.0	0	14
tiny-gpt2	ours	cold	1	182	141.1	0	14
tiny-gpt2	ours	cold	1	183	134.0	0	14
tiny-gpt2	ours	cold	1	184	206.9	0	14
tiny-gpt2	ours	cold	1	185	140.2	0	14
tiny-gpt2	ours	cold	1	186	135.9	0	14
tiny-gpt2	ours	cold	1	187	215.1	0	14
tiny-gpt2	ours	cold	1	188	140.0	0	14
tiny-gpt2	ours	cold	1	189	134.2	0	14
tiny-gpt2	ours	cold	1	190	217.0	0	14
tiny-gpt2	ours	cold	1	191	140.0	0	14
tiny-gpt2	ours	cold	1	192	135.2	0	14
tiny-gpt2	ours	cold	1	193	232.0	0	14
tiny-gpt2	ours	cold	1	194	142.1	0	14
tiny-gpt2	ours	cold	1	195	135.9	0	14
tiny-gpt2	ours	cold	1	196	204.8	0	14
tiny-gpt2	ours	cold	1	197	140.0	0	14
tiny-gpt2	ours	cold	1	198	134.9	0	14
tiny-gpt2	ours	cold	1	199	215.1	0	14
tiny-gpt2	ours	cold	1	200	140.2	0	14
tiny-gpt2	ours	cold	1	201	134.9	0	14
tiny-gpt2	ours	cold	1	202	217.0	0	14
tiny-gpt2	ours	cold	1	203	135.9	0	14
tiny-gpt2	ours	cold	1	204	136.9	0	14
tiny-gpt2	ours	cold	1	205	221.0	0	14
tiny-gpt2	ours	cold	1	206	141.1	0	14
tiny-gpt2	ours	cold	1	207	135.9	0	14
tiny-gpt2	ours	cold	1	208	207.2	0	14
tiny-gpt2	ours	cold	1	209	140.0	0	14
tiny-gpt2	ours	cold	1	210	137.1	0	14
tiny-gpt2	ours	cold	1	211	213.9	0	14
tiny-gpt2	ours	cold	1	212	132.1	0	14
tiny-gpt2	ours	cold	1	213	135.9	0	14
tiny-gpt2	ours	cold	1	214	221.0	0	14
tiny-gpt2	ours	cold	1	215	132.8	0	14
tiny-gpt2	ours	cold	1	216	134.9	0	14
tiny-gpt2	ours	cold	1	217	213.9	0	14
tiny-gpt2	ours	cold	1	218	134.9	0	14
tiny-gpt2	ours	cold	1	219	134.0	0	14
tiny-gpt2	ours	cold	1	220	213.1	0	14
tiny-gpt2	ours	cold	1	221	138.0	0	14
tiny-gpt2	ours	cold	1	222	134.9	0	14
tiny-gpt2	ours	cold	1	223	214.1	0	14
tiny-gpt2	ours	cold	1	224	140.0	0	14
tiny-gpt2	ours	cold	1	225	136.1	0	14
tiny-gpt2	ours	cold	1	226	215.1	0	14
tiny-gpt2	ours	cold	1	227	139.0	0	14
tiny-gpt2	ours	cold	1	228	134.0	0	14
tiny-gpt2	ours	cold	1	229	212.2	0	14
tiny-gpt2	ours	cold	1	230	140.9	0	14
tiny-gpt2	ours	cold	1	231	134.0	0	14
tiny-gpt2	ours	cold	1	232	216.0	0	14
tiny-gpt2	ours	cold	1	233	140.0	0	14
tiny-gpt2	ours	cold	1	234	128.0	0	14
tiny-gpt2	ours	cold	1	235	213.1	0	14
tiny-gpt2	ours	cold	1	236	140.0	0	14
tiny-gpt2	ours	cold	1	237	137.1	0	14
tiny-gpt2	ours	cold	1	238	216.0	0	14
tiny-gpt2	ours	cold	1	239	142.1	0	14
tiny-gpt2	ours	cold	1	240	134.9	0	14
tiny-gpt2	ours	cold	1	241	215.1	0	14
tiny-gpt2	ours	cold	1	242	140.9	0	14
tiny-gpt2	ours	cold	1	243	132.8	0	14
tiny-gpt2	ours	cold	1	244	211.0	0	14
tiny-gpt2	ours	cold	1	245	140.0	0	14
tiny-gpt2	ours	cold	1	246	135.2	0	14
tiny-gpt2	ours	cold	1	247	213.9	0	14
tiny-gpt2	ours	cold	1	248	140.0	0	14
tiny-gpt2	ours	cold	1	249	133.0	0	14
tiny-gpt2	ours	cold	1	250	216.0	0	14
tiny-gpt2	ours	cold	1	251	140.2	0	14
tiny-gpt2	ours	cold	1	252	134.0	0	14
tiny-gpt2	ours	cold	1	253	214.8	0	14
tiny-gpt2	ours	cold	1	254	140.0	0	14
tiny-gpt2	ours	cold	1	255	134.0	0	14
tiny-gpt2	ours	cold	1	256	211.0	0	14
tiny-gpt2	ours	cold	1	257	137.8	0	14
tiny-gpt2	ours	cold	1	258	134.9	0	14
tiny-gpt2	ours	cold	1	259	212.9	0	14
tiny-gpt2	ours	cold	1	260	145.9	0	14
tiny-gpt2	ours	cold	1	261	133.0	0	14
tiny-gpt2	ours	cold	1	262	203.1	0	14
tiny-gpt2	ours	cold	1	263	138.0	0	14
tiny-gpt2	ours	cold	1	264	133.0	0	14
tiny-gpt2	ours	cold	1	265	219.1	0	14
tiny-gpt2	ours	cold	1	266	140.0	0	14
tiny-gpt2	ours	cold	1	267	134.9	0	14
tiny-gpt2	ours	cold	1	268	208.9	0	14
tiny-gpt2	ours	cold	1	269	140.2	0	14
tiny-gpt2	ours	cold	1	270	129.0	0	14
tiny-gpt2	ours	cold	1	271	214.1	0	14
tiny-gpt2	ours	cold	1	272	139.0	0	14
tiny-gpt2	ours	cold	1	273	134.0	0	14
tiny-gpt2	ours	cold	1	274	207.9	0	14
tiny-gpt2	ours	cold	1	275	146.9	0	14
tiny-gpt2	ours	cold	1	276	134.0	0	14
tiny-gpt2	ours	cold	1	277	214.8	0	14
tiny-gpt2	ours	cold	1	278	140.9	0	14
tiny-gpt2	ours	cold	1	279	134.9	0	14
tiny-gpt2	ours	cold	1	280	201.9	0	14
tiny-gpt2	ours	cold	1	281	146.9	0	14
tiny-gpt2	ours	cold	1	282	135.2	0	14
tiny-gpt2	ours	cold	1	283	217.9	0	14
tiny-gpt2	ours	cold	1	284	139.0	0	14
tiny-gpt2	ours	cold	1	285	134.0	0	14
tiny-gpt2	ours	cold	1	286	209.8	0	14
tiny-gpt2	ours	cold	1	287	146.9	0	14
tiny-gpt2	ours	cold	1	288	136.1	0	14
tiny-gpt2	ours	cold	1	289	233.9	0	14
tiny-gpt2	ours	cold	1	290	141.9	0	14
tiny-gpt2	ours	cold	1	291	134.0	0	14
tiny-gpt2	ours	cold	1	292	206.0	0	14
tiny-gpt2	ours	cold	1	293	140.0	0	14
tiny-gpt2	ours	cold	1	294	135.2	0	14
tiny-gpt2	ours	cold	1	295	213.9	0	14
tiny-gpt2	ours	cold	1	296	139.2	0	14
tiny-gpt2	ours	cold	1	297	134.0	0	14
tiny-gpt2	ours	cold	1	298	207.9	0	14
tiny-gpt2	ours	cold	1	299	145.9	0	14
tiny-gpt2	torch-compile	cold	1	0	3243027.9		
tiny-gpt2	torch-compile	cold	1	1	625.8		
tiny-gpt2	torch-compile	cold	1	2	378.6		
tiny-gpt2	torch-compile	cold	1	3	354.8		
tiny-gpt2	torch-compile	cold	1	4	344.0		
tiny-gpt2	torch-compile	cold	1	5	338.1		
tiny-gpt2	torch-compile	cold	1	6	345.0		
tiny-gpt2	torch-compile	cold	1	7	332.1		
tiny-gpt2	torch-compile	cold	1	8	338.6		
tiny-gpt2	torch-compile	cold	1	9	371.2		
tiny-gpt2	torch-compile	cold	1	10	333.8		
tiny-gpt2	torch-compile	cold	1	11	383.4		
tiny-gpt2	torch-compile	cold	1	12	339.7		
tiny-gpt2	torch-compile	cold	1	13	337.8		
tiny-gpt2	torch-compile	cold	1	14	337.4		
tiny-gpt2	torch-compile	cold	1	15	331.6		
tiny-gpt2	torch-compile	cold	1	16	330.0		
tiny-gpt2	torch-compile	cold	1	17	345.9		
tiny-gpt2	torch-compile	cold	1	18	329.0		
tiny-gpt2	torch-compile	cold	1	19	329.5		
tiny-gpt2	torch-compile	cold	1	20	335.5		
tiny-gpt2	torch-compile	cold	1	21	328.3		
tiny-gpt2	torch-compile	cold	1	22	325.0		
tiny-gpt2	torch-compile	cold	1	23	336.2		
tiny-gpt2	torch-compile	cold	1	24	326.2		
tiny-gpt2	torch-compile	cold	1	25	327.1		
tiny-gpt2	torch-compile	cold	1	26	357.4		
tiny-gpt2	torch-compile	cold	1	27	331.6		
tiny-gpt2	torch-compile	cold	1	28	331.4		
tiny-gpt2	torch-compile	cold	1	29	346.7		
tiny-gpt2	torch-compile	cold	1	30	329.0		
tiny-gpt2	torch-compile	cold	1	31	333.1		
tiny-gpt2	torch-compile	cold	1	32	340.0		
tiny-gpt2	torch-compile	cold	1	33	328.8		
tiny-gpt2	torch-compile	cold	1	34	324.5		
tiny-gpt2	torch-compile	cold	1	35	356.4		
tiny-gpt2	torch-compile	cold	1	36	326.6		
tiny-gpt2	torch-compile	cold	1	37	326.2		
tiny-gpt2	torch-compile	cold	1	38	340.0		
tiny-gpt2	torch-compile	cold	1	39	327.8		
tiny-gpt2	torch-compile	cold	1	40	325.0		
tiny-gpt2	torch-compile	cold	1	41	334.5		
tiny-gpt2	torch-compile	cold	1	42	325.7		
tiny-gpt2	torch-compile	cold	1	43	324.7		
tiny-gpt2	torch-compile	cold	1	44	334.3		
tiny-gpt2	torch-compile	cold	1	45	325.7		
tiny-gpt2	torch-compile	cold	1	46	323.3		
tiny-gpt2	torch-compile	cold	1	47	336.6		
tiny-gpt2	torch-compile	cold	1	48	325.9		
tiny-gpt2	torch-compile	cold	1	49	323.1		
tiny-gpt2	torch-compile	cold	1	50	336.9		
tiny-gpt2	torch-compile	cold	1	51	325.4		
tiny-gpt2	torch-compile	cold	1	52	324.5		
tiny-gpt2	torch-compile	cold	1	53	337.4		
tiny-gpt2	torch-compile	cold	1	54	323.5		
tiny-gpt2	torch-compile	cold	1	55	322.6		
tiny-gpt2	torch-compile	cold	1	56	335.0		
tiny-gpt2	torch-compile	cold	1	57	329.5		
tiny-gpt2	torch-compile	cold	1	58	324.2		
tiny-gpt2	torch-compile	cold	1	59	335.2		
tiny-gpt2	torch-compile	cold	1	60	326.4		
tiny-gpt2	torch-compile	cold	1	61	327.8		
tiny-gpt2	torch-compile	cold	1	62	335.2		
tiny-gpt2	torch-compile	cold	1	63	325.0		
tiny-gpt2	torch-compile	cold	1	64	324.5		
tiny-gpt2	torch-compile	cold	1	65	334.3		
tiny-gpt2	torch-compile	cold	1	66	323.8		
tiny-gpt2	torch-compile	cold	1	67	333.1		
tiny-gpt2	torch-compile	cold	1	68	335.0		
tiny-gpt2	torch-compile	cold	1	69	326.2		
tiny-gpt2	torch-compile	cold	1	70	325.7		
tiny-gpt2	torch-compile	cold	1	71	336.4		
tiny-gpt2	torch-compile	cold	1	72	325.4		
tiny-gpt2	torch-compile	cold	1	73	324.2		
tiny-gpt2	torch-compile	cold	1	74	332.6		
tiny-gpt2	torch-compile	cold	1	75	322.8		
tiny-gpt2	torch-compile	cold	1	76	323.1		
tiny-gpt2	torch-compile	cold	1	77	332.6		
tiny-gpt2	torch-compile	cold	1	78	324.7		
tiny-gpt2	torch-compile	cold	1	79	324.0		
tiny-gpt2	torch-compile	cold	1	80	337.8		
tiny-gpt2	torch-compile	cold	1	81	326.4		
tiny-gpt2	torch-compile	cold	1	82	322.6		
tiny-gpt2	torch-compile	cold	1	83	337.8		
tiny-gpt2	torch-compile	cold	1	84	339.0		
tiny-gpt2	torch-compile	cold	1	85	361.2		
tiny-gpt2	torch-compile	cold	1	86	339.5		
tiny-gpt2	torch-compile	cold	1	87	332.6		
tiny-gpt2	torch-compile	cold	1	88	327.8		
tiny-gpt2	torch-compile	cold	1	89	340.5		
tiny-gpt2	torch-compile	cold	1	90	329.5		
tiny-gpt2	torch-compile	cold	1	91	325.4		
tiny-gpt2	torch-compile	cold	1	92	333.5		
tiny-gpt2	torch-compile	cold	1	93	322.6		
tiny-gpt2	torch-compile	cold	1	94	323.8		
tiny-gpt2	torch-compile	cold	1	95	333.1		
tiny-gpt2	torch-compile	cold	1	96	329.0		
tiny-gpt2	torch-compile	cold	1	97	324.2		
tiny-gpt2	torch-compile	cold	1	98	330.4		
tiny-gpt2	torch-compile	cold	1	99	323.1		
tiny-gpt2	torch-compile	cold	1	100	322.8		
tiny-gpt2	torch-compile	cold	1	101	346.2		
tiny-gpt2	torch-compile	cold	1	102	326.6		
tiny-gpt2	torch-compile	cold	1	103	323.8		
tiny-gpt2	torch-compile	cold	1	104	332.8		
tiny-gpt2	torch-compile	cold	1	105	325.4		
tiny-gpt2	torch-compile	cold	1	106	321.4		
tiny-gpt2	torch-compile	cold	1	107	333.1		
tiny-gpt2	torch-compile	cold	1	108	325.0		
tiny-gpt2	torch-compile	cold	1	109	323.5		
tiny-gpt2	torch-compile	cold	1	110	330.0		
tiny-gpt2	torch-compile	cold	1	111	324.5		
tiny-gpt2	torch-compile	cold	1	112	322.8		
tiny-gpt2	torch-compile	cold	1	113	330.2		
tiny-gpt2	torch-compile	cold	1	114	326.6		
tiny-gpt2	torch-compile	cold	1	115	320.9		
tiny-gpt2	torch-compile	cold	1	116	335.0		
tiny-gpt2	torch-compile	cold	1	117	325.4		
tiny-gpt2	torch-compile	cold	1	118	323.3		
tiny-gpt2	torch-compile	cold	1	119	321.6		
tiny-gpt2	torch-compile	cold	1	120	332.4		
tiny-gpt2	torch-compile	cold	1	121	324.7		
tiny-gpt2	torch-compile	cold	1	122	323.8		
tiny-gpt2	torch-compile	cold	1	123	332.4		
tiny-gpt2	torch-compile	cold	1	124	323.3		
tiny-gpt2	torch-compile	cold	1	125	323.5		
tiny-gpt2	torch-compile	cold	1	126	333.8		
tiny-gpt2	torch-compile	cold	1	127	326.2		
tiny-gpt2	torch-compile	cold	1	128	335.5		
tiny-gpt2	torch-compile	cold	1	129	334.7		
tiny-gpt2	torch-compile	cold	1	130	322.1		
tiny-gpt2	torch-compile	cold	1	131	321.9		
tiny-gpt2	torch-compile	cold	1	132	332.8		
tiny-gpt2	torch-compile	cold	1	133	324.2		
tiny-gpt2	torch-compile	cold	1	134	320.9		
tiny-gpt2	torch-compile	cold	1	135	348.1		
tiny-gpt2	torch-compile	cold	1	136	329.3		
tiny-gpt2	torch-compile	cold	1	137	322.6		
tiny-gpt2	torch-compile	cold	1	138	335.9		
tiny-gpt2	torch-compile	cold	1	139	322.1		
tiny-gpt2	torch-compile	cold	1	140	320.4		
tiny-gpt2	torch-compile	cold	1	141	331.6		
tiny-gpt2	torch-compile	cold	1	142	323.8		
tiny-gpt2	torch-compile	cold	1	143	322.6		
tiny-gpt2	torch-compile	cold	1	144	330.2		
tiny-gpt2	torch-compile	cold	1	145	321.1		
tiny-gpt2	torch-compile	cold	1	146	325.2		
tiny-gpt2	torch-compile	cold	1	147	331.9		
tiny-gpt2	torch-compile	cold	1	148	326.4		
tiny-gpt2	torch-compile	cold	1	149	326.6		
tiny-gpt2	torch-compile	cold	1	150	335.2		
tiny-gpt2	torch-compile	cold	1	151	325.0		
tiny-gpt2	torch-compile	cold	1	152	322.3		
tiny-gpt2	torch-compile	cold	1	153	351.4		
tiny-gpt2	torch-compile	cold	1	154	324.0		
tiny-gpt2	torch-compile	cold	1	155	323.5		
tiny-gpt2	torch-compile	cold	1	156	334.3		
tiny-gpt2	torch-compile	cold	1	157	328.8		
tiny-gpt2	torch-compile	cold	1	158	325.7		
tiny-gpt2	torch-compile	cold	1	159	333.1		
tiny-gpt2	torch-compile	cold	1	160	325.9		
tiny-gpt2	torch-compile	cold	1	161	322.6		
tiny-gpt2	torch-compile	cold	1	162	331.9		
tiny-gpt2	torch-compile	cold	1	163	322.3		
tiny-gpt2	torch-compile	cold	1	164	322.6		
tiny-gpt2	torch-compile	cold	1	165	335.2		
tiny-gpt2	torch-compile	cold	1	166	325.2		
tiny-gpt2	torch-compile	cold	1	167	323.1		
tiny-gpt2	torch-compile	cold	1	168	337.1		
tiny-gpt2	torch-compile	cold	1	169	325.0		
tiny-gpt2	torch-compile	cold	1	170	322.8		
tiny-gpt2	torch-compile	cold	1	171	334.5		
tiny-gpt2	torch-compile	cold	1	172	324.7		
tiny-gpt2	torch-compile	cold	1	173	324.7		
tiny-gpt2	torch-compile	cold	1	174	332.8		
tiny-gpt2	torch-compile	cold	1	175	324.5		
tiny-gpt2	torch-compile	cold	1	176	321.6		
tiny-gpt2	torch-compile	cold	1	177	346.4		
tiny-gpt2	torch-compile	cold	1	178	323.1		
tiny-gpt2	torch-compile	cold	1	179	323.1		
tiny-gpt2	torch-compile	cold	1	180	333.3		
tiny-gpt2	torch-compile	cold	1	181	330.7		
tiny-gpt2	torch-compile	cold	1	182	350.0		
tiny-gpt2	torch-compile	cold	1	183	361.4		
tiny-gpt2	torch-compile	cold	1	184	333.8		
tiny-gpt2	torch-compile	cold	1	185	325.4		
tiny-gpt2	torch-compile	cold	1	186	360.0		
tiny-gpt2	torch-compile	cold	1	187	327.1		
tiny-gpt2	torch-compile	cold	1	188	322.8		
tiny-gpt2	torch-compile	cold	1	189	336.4		
tiny-gpt2	torch-compile	cold	1	190	322.6		
tiny-gpt2	torch-compile	cold	1	191	323.3		
tiny-gpt2	torch-compile	cold	1	192	333.3		
tiny-gpt2	torch-compile	cold	1	193	323.5		
tiny-gpt2	torch-compile	cold	1	194	322.8		
tiny-gpt2	torch-compile	cold	1	195	331.6		
tiny-gpt2	torch-compile	cold	1	196	324.0		
tiny-gpt2	torch-compile	cold	1	197	321.9		
tiny-gpt2	torch-compile	cold	1	198	334.3		
tiny-gpt2	torch-compile	cold	1	199	324.2		
tiny-gpt2	torch-compile	cold	1	200	320.7		
tiny-gpt2	torch-compile	cold	1	201	367.6		
tiny-gpt2	torch-compile	cold	1	202	325.2		
tiny-gpt2	torch-compile	cold	1	203	324.5		
tiny-gpt2	torch-compile	cold	1	204	332.1		
tiny-gpt2	torch-compile	cold	1	205	323.3		
tiny-gpt2	torch-compile	cold	1	206	320.7		
tiny-gpt2	torch-compile	cold	1	207	334.0		
tiny-gpt2	torch-compile	cold	1	208	322.1		
tiny-gpt2	torch-compile	cold	1	209	329.5		
tiny-gpt2	torch-compile	cold	1	210	333.8		
tiny-gpt2	torch-compile	cold	1	211	323.3		
tiny-gpt2	torch-compile	cold	1	212	320.9		
tiny-gpt2	torch-compile	cold	1	213	342.4		
tiny-gpt2	torch-compile	cold	1	214	321.9		
tiny-gpt2	torch-compile	cold	1	215	333.8		
tiny-gpt2	torch-compile	cold	1	216	343.3		
tiny-gpt2	torch-compile	cold	1	217	326.4		
tiny-gpt2	torch-compile	cold	1	218	321.6		
tiny-gpt2	torch-compile	cold	1	219	333.5		
tiny-gpt2	torch-compile	cold	1	220	320.2		
tiny-gpt2	torch-compile	cold	1	221	324.5		
tiny-gpt2	torch-compile	cold	1	222	333.3		
tiny-gpt2	torch-compile	cold	1	223	321.1		
tiny-gpt2	torch-compile	cold	1	224	321.9		
tiny-gpt2	torch-compile	cold	1	225	349.0		
tiny-gpt2	torch-compile	cold	1	226	323.1		
tiny-gpt2	torch-compile	cold	1	227	322.6		
tiny-gpt2	torch-compile	cold	1	228	335.5		
tiny-gpt2	torch-compile	cold	1	229	323.8		
tiny-gpt2	torch-compile	cold	1	230	323.5		
tiny-gpt2	torch-compile	cold	1	231	334.3		
tiny-gpt2	torch-compile	cold	1	232	326.4		
tiny-gpt2	torch-compile	cold	1	233	325.7		
tiny-gpt2	torch-compile	cold	1	234	335.9		
tiny-gpt2	torch-compile	cold	1	235	328.1		
tiny-gpt2	torch-compile	cold	1	236	325.0		
tiny-gpt2	torch-compile	cold	1	237	334.0		
tiny-gpt2	torch-compile	cold	1	238	325.7		
tiny-gpt2	torch-compile	cold	1	239	323.5		
tiny-gpt2	torch-compile	cold	1	240	334.0		
tiny-gpt2	torch-compile	cold	1	241	325.0		
tiny-gpt2	torch-compile	cold	1	242	321.6		
tiny-gpt2	torch-compile	cold	1	243	330.7		
tiny-gpt2	torch-compile	cold	1	244	322.3		
tiny-gpt2	torch-compile	cold	1	245	328.3		
tiny-gpt2	torch-compile	cold	1	246	335.7		
tiny-gpt2	torch-compile	cold	1	247	331.9		
tiny-gpt2	torch-compile	cold	1	248	336.6		
tiny-gpt2	torch-compile	cold	1	249	335.2		
tiny-gpt2	torch-compile	cold	1	250	326.4		
tiny-gpt2	torch-compile	cold	1	251	327.6		
tiny-gpt2	torch-compile	cold	1	252	334.7		
tiny-gpt2	torch-compile	cold	1	253	322.6		
tiny-gpt2	torch-compile	cold	1	254	321.6		
tiny-gpt2	torch-compile	cold	1	255	331.9		
tiny-gpt2	torch-compile	cold	1	256	322.8		
tiny-gpt2	torch-compile	cold	1	257	324.0		
tiny-gpt2	torch-compile	cold	1	258	329.5		
tiny-gpt2	torch-compile	cold	1	259	325.0		
tiny-gpt2	torch-compile	cold	1	260	323.8		
tiny-gpt2	torch-compile	cold	1	261	332.6		
tiny-gpt2	torch-compile	cold	1	262	323.8		
tiny-gpt2	torch-compile	cold	1	263	323.8		
tiny-gpt2	torch-compile	cold	1	264	324.0		
tiny-gpt2	torch-compile	cold	1	265	334.7		
tiny-gpt2	torch-compile	cold	1	266	327.6		
tiny-gpt2	torch-compile	cold	1	267	327.3		
tiny-gpt2	torch-compile	cold	1	268	334.7		
tiny-gpt2	torch-compile	cold	1	269	327.3		
tiny-gpt2	torch-compile	cold	1	270	323.1		
tiny-gpt2	torch-compile	cold	1	271	335.0		
tiny-gpt2	torch-compile	cold	1	272	322.1		
tiny-gpt2	torch-compile	cold	1	273	322.1		
tiny-gpt2	torch-compile	cold	1	274	358.3		
tiny-gpt2	torch-compile	cold	1	275	322.6		
tiny-gpt2	torch-compile	cold	1	276	323.3		
tiny-gpt2	torch-compile	cold	1	277	339.3		
tiny-gpt2	torch-compile	cold	1	278	343.3		
tiny-gpt2	torch-compile	cold	1	279	326.4		
tiny-gpt2	torch-compile	cold	1	280	339.5		
tiny-gpt2	torch-compile	cold	1	281	325.9		
tiny-gpt2	torch-compile	cold	1	282	328.1		
tiny-gpt2	torch-compile	cold	1	283	346.4		
tiny-gpt2	torch-compile	cold	1	284	326.9		
tiny-gpt2	torch-compile	cold	1	285	359.8		
tiny-gpt2	torch-compile	cold	1	286	356.9		
tiny-gpt2	torch-compile	cold	1	287	343.3		
tiny-gpt2	torch-compile	cold	1	288	346.9		
tiny-gpt2	torch-compile	cold	1	289	327.1		
tiny-gpt2	torch-compile	cold	1	290	326.2		
tiny-gpt2	torch-compile	cold	1	291	336.4		
tiny-gpt2	torch-compile	cold	1	292	329.3		
tiny-gpt2	torch-compile	cold	1	293	325.4		
tiny-gpt2	torch-compile	cold	1	294	349.3		
tiny-gpt2	torch-compile	cold	1	295	327.1		
tiny-gpt2	torch-compile	cold	1	296	323.8		
tiny-gpt2	torch-compile	cold	1	297	355.0		
tiny-gpt2	torch-compile	cold	1	298	333.1		
tiny-gpt2	torch-compile	cold	1	299	325.2		
tiny-gpt2	torch-compile-ro	cold	1	0	2316173.1		
tiny-gpt2	torch-compile-ro	cold	1	1	25167.5		
tiny-gpt2	torch-compile-ro	cold	1	2	453.5		
tiny-gpt2	torch-compile-ro	cold	1	3	232.5		
tiny-gpt2	torch-compile-ro	cold	1	4	204.8		
tiny-gpt2	torch-compile-ro	cold	1	5	199.6		
tiny-gpt2	torch-compile-ro	cold	1	6	197.2		
tiny-gpt2	torch-compile-ro	cold	1	7	220.8		
tiny-gpt2	torch-compile-ro	cold	1	8	195.3		
tiny-gpt2	torch-compile-ro	cold	1	9	197.9		
tiny-gpt2	torch-compile-ro	cold	1	10	193.4		
tiny-gpt2	torch-compile-ro	cold	1	11	199.1		
tiny-gpt2	torch-compile-ro	cold	1	12	223.2		
tiny-gpt2	torch-compile-ro	cold	1	13	213.4		
tiny-gpt2	torch-compile-ro	cold	1	14	197.9		
tiny-gpt2	torch-compile-ro	cold	1	15	209.3		
tiny-gpt2	torch-compile-ro	cold	1	16	195.7		
tiny-gpt2	torch-compile-ro	cold	1	17	202.9		
tiny-gpt2	torch-compile-ro	cold	1	18	193.1		
tiny-gpt2	torch-compile-ro	cold	1	19	193.1		
tiny-gpt2	torch-compile-ro	cold	1	20	206.9		
tiny-gpt2	torch-compile-ro	cold	1	21	203.6		
tiny-gpt2	torch-compile-ro	cold	1	22	213.9		
tiny-gpt2	torch-compile-ro	cold	1	23	193.4		
tiny-gpt2	torch-compile-ro	cold	1	24	192.4		
tiny-gpt2	torch-compile-ro	cold	1	25	190.7		
tiny-gpt2	torch-compile-ro	cold	1	26	198.1		
tiny-gpt2	torch-compile-ro	cold	1	27	205.5		
tiny-gpt2	torch-compile-ro	cold	1	28	204.1		
tiny-gpt2	torch-compile-ro	cold	1	29	211.7		
tiny-gpt2	torch-compile-ro	cold	1	30	195.5		
tiny-gpt2	torch-compile-ro	cold	1	31	225.8		
tiny-gpt2	torch-compile-ro	cold	1	32	204.3		
tiny-gpt2	torch-compile-ro	cold	1	33	197.2		
tiny-gpt2	torch-compile-ro	cold	1	34	196.0		
tiny-gpt2	torch-compile-ro	cold	1	35	196.0		
tiny-gpt2	torch-compile-ro	cold	1	36	209.3		
tiny-gpt2	torch-compile-ro	cold	1	37	196.0		
tiny-gpt2	torch-compile-ro	cold	1	38	193.6		
tiny-gpt2	torch-compile-ro	cold	1	39	201.5		
tiny-gpt2	torch-compile-ro	cold	1	40	193.6		
tiny-gpt2	torch-compile-ro	cold	1	41	228.9		
tiny-gpt2	torch-compile-ro	cold	1	42	199.8		
tiny-gpt2	torch-compile-ro	cold	1	43	192.9		
tiny-gpt2	torch-compile-ro	cold	1	44	193.4		
tiny-gpt2	torch-compile-ro	cold	1	45	191.7		
tiny-gpt2	torch-compile-ro	cold	1	46	210.3		
tiny-gpt2	torch-compile-ro	cold	1	47	195.5		
tiny-gpt2	torch-compile-ro	cold	1	48	192.2		
tiny-gpt2	torch-compile-ro	cold	1	49	192.2		
tiny-gpt2	torch-compile-ro	cold	1	50	191.2		
tiny-gpt2	torch-compile-ro	cold	1	51	215.8		
tiny-gpt2	torch-compile-ro	cold	1	52	199.1		
tiny-gpt2	torch-compile-ro	cold	1	53	194.5		
tiny-gpt2	torch-compile-ro	cold	1	54	192.6		
tiny-gpt2	torch-compile-ro	cold	1	55	194.5		
tiny-gpt2	torch-compile-ro	cold	1	56	210.3		
tiny-gpt2	torch-compile-ro	cold	1	57	197.2		
tiny-gpt2	torch-compile-ro	cold	1	58	193.1		
tiny-gpt2	torch-compile-ro	cold	1	59	193.1		
tiny-gpt2	torch-compile-ro	cold	1	60	194.8		
tiny-gpt2	torch-compile-ro	cold	1	61	211.5		
tiny-gpt2	torch-compile-ro	cold	1	62	196.0		
tiny-gpt2	torch-compile-ro	cold	1	63	192.9		
tiny-gpt2	torch-compile-ro	cold	1	64	193.1		
tiny-gpt2	torch-compile-ro	cold	1	65	192.4		
tiny-gpt2	torch-compile-ro	cold	1	66	218.4		
tiny-gpt2	torch-compile-ro	cold	1	67	196.0		
tiny-gpt2	torch-compile-ro	cold	1	68	192.2		
tiny-gpt2	torch-compile-ro	cold	1	69	190.0		
tiny-gpt2	torch-compile-ro	cold	1	70	193.1		
tiny-gpt2	torch-compile-ro	cold	1	71	225.3		
tiny-gpt2	torch-compile-ro	cold	1	72	194.8		
tiny-gpt2	torch-compile-ro	cold	1	73	198.6		
tiny-gpt2	torch-compile-ro	cold	1	74	193.1		
tiny-gpt2	torch-compile-ro	cold	1	75	193.4		
tiny-gpt2	torch-compile-ro	cold	1	76	214.1		
tiny-gpt2	torch-compile-ro	cold	1	77	195.5		
tiny-gpt2	torch-compile-ro	cold	1	78	193.6		
tiny-gpt2	torch-compile-ro	cold	1	79	191.9		
tiny-gpt2	torch-compile-ro	cold	1	80	194.3		
tiny-gpt2	torch-compile-ro	cold	1	81	214.1		
tiny-gpt2	torch-compile-ro	cold	1	82	194.8		
tiny-gpt2	torch-compile-ro	cold	1	83	193.4		
tiny-gpt2	torch-compile-ro	cold	1	84	197.4		
tiny-gpt2	torch-compile-ro	cold	1	85	190.3		
tiny-gpt2	torch-compile-ro	cold	1	86	210.3		
tiny-gpt2	torch-compile-ro	cold	1	87	195.7		
tiny-gpt2	torch-compile-ro	cold	1	88	191.5		
tiny-gpt2	torch-compile-ro	cold	1	89	191.5		
tiny-gpt2	torch-compile-ro	cold	1	90	190.5		
tiny-gpt2	torch-compile-ro	cold	1	91	216.5		
tiny-gpt2	torch-compile-ro	cold	1	92	197.4		
tiny-gpt2	torch-compile-ro	cold	1	93	193.6		
tiny-gpt2	torch-compile-ro	cold	1	94	190.0		
tiny-gpt2	torch-compile-ro	cold	1	95	191.9		
tiny-gpt2	torch-compile-ro	cold	1	96	205.3		
tiny-gpt2	torch-compile-ro	cold	1	97	194.1		
tiny-gpt2	torch-compile-ro	cold	1	98	189.8		
tiny-gpt2	torch-compile-ro	cold	1	99	191.7		
tiny-gpt2	torch-compile-ro	cold	1	100	191.0		
tiny-gpt2	torch-compile-ro	cold	1	101	206.9		
tiny-gpt2	torch-compile-ro	cold	1	102	194.3		
tiny-gpt2	torch-compile-ro	cold	1	103	195.3		
tiny-gpt2	torch-compile-ro	cold	1	104	192.4		
tiny-gpt2	torch-compile-ro	cold	1	105	190.3		
tiny-gpt2	torch-compile-ro	cold	1	106	207.7		
tiny-gpt2	torch-compile-ro	cold	1	107	196.9		
tiny-gpt2	torch-compile-ro	cold	1	108	192.9		
tiny-gpt2	torch-compile-ro	cold	1	109	193.4		
tiny-gpt2	torch-compile-ro	cold	1	110	191.2		
tiny-gpt2	torch-compile-ro	cold	1	111	204.8		
tiny-gpt2	torch-compile-ro	cold	1	112	197.6		
tiny-gpt2	torch-compile-ro	cold	1	113	190.5		
tiny-gpt2	torch-compile-ro	cold	1	114	193.8		
tiny-gpt2	torch-compile-ro	cold	1	115	192.4		
tiny-gpt2	torch-compile-ro	cold	1	116	201.5		
tiny-gpt2	torch-compile-ro	cold	1	117	197.4		
tiny-gpt2	torch-compile-ro	cold	1	118	189.8		
tiny-gpt2	torch-compile-ro	cold	1	119	192.2		
tiny-gpt2	torch-compile-ro	cold	1	120	193.1		
tiny-gpt2	torch-compile-ro	cold	1	121	193.1		
tiny-gpt2	torch-compile-ro	cold	1	122	199.3		
tiny-gpt2	torch-compile-ro	cold	1	123	191.9		
tiny-gpt2	torch-compile-ro	cold	1	124	190.3		
tiny-gpt2	torch-compile-ro	cold	1	125	192.4		
tiny-gpt2	torch-compile-ro	cold	1	126	191.2		
tiny-gpt2	torch-compile-ro	cold	1	127	198.8		
tiny-gpt2	torch-compile-ro	cold	1	128	191.9		
tiny-gpt2	torch-compile-ro	cold	1	129	212.0		
tiny-gpt2	torch-compile-ro	cold	1	130	195.5		
tiny-gpt2	torch-compile-ro	cold	1	131	192.2		
tiny-gpt2	torch-compile-ro	cold	1	132	198.4		
tiny-gpt2	torch-compile-ro	cold	1	133	191.7		
tiny-gpt2	torch-compile-ro	cold	1	134	192.2		
tiny-gpt2	torch-compile-ro	cold	1	135	190.7		
tiny-gpt2	torch-compile-ro	cold	1	136	191.5		
tiny-gpt2	torch-compile-ro	cold	1	137	198.8		
tiny-gpt2	torch-compile-ro	cold	1	138	190.3		
tiny-gpt2	torch-compile-ro	cold	1	139	191.9		
tiny-gpt2	torch-compile-ro	cold	1	140	188.1		
tiny-gpt2	torch-compile-ro	cold	1	141	189.5		
tiny-gpt2	torch-compile-ro	cold	1	142	210.0		
tiny-gpt2	torch-compile-ro	cold	1	143	191.0		
tiny-gpt2	torch-compile-ro	cold	1	144	190.0		
tiny-gpt2	torch-compile-ro	cold	1	145	190.0		
tiny-gpt2	torch-compile-ro	cold	1	146	189.5		
tiny-gpt2	torch-compile-ro	cold	1	147	214.3		
tiny-gpt2	torch-compile-ro	cold	1	148	189.8		
tiny-gpt2	torch-compile-ro	cold	1	149	191.2		
tiny-gpt2	torch-compile-ro	cold	1	150	192.2		
tiny-gpt2	torch-compile-ro	cold	1	151	190.3		
tiny-gpt2	torch-compile-ro	cold	1	152	209.3		
tiny-gpt2	torch-compile-ro	cold	1	153	192.2		
tiny-gpt2	torch-compile-ro	cold	1	154	188.6		
tiny-gpt2	torch-compile-ro	cold	1	155	188.4		
tiny-gpt2	torch-compile-ro	cold	1	156	189.5		
tiny-gpt2	torch-compile-ro	cold	1	157	205.3		
tiny-gpt2	torch-compile-ro	cold	1	158	191.2		
tiny-gpt2	torch-compile-ro	cold	1	159	191.9		
tiny-gpt2	torch-compile-ro	cold	1	160	191.9		
tiny-gpt2	torch-compile-ro	cold	1	161	191.5		
tiny-gpt2	torch-compile-ro	cold	1	162	208.6		
tiny-gpt2	torch-compile-ro	cold	1	163	193.1		
tiny-gpt2	torch-compile-ro	cold	1	164	190.0		
tiny-gpt2	torch-compile-ro	cold	1	165	190.5		
tiny-gpt2	torch-compile-ro	cold	1	166	190.0		
tiny-gpt2	torch-compile-ro	cold	1	167	202.9		
tiny-gpt2	torch-compile-ro	cold	1	168	195.0		
tiny-gpt2	torch-compile-ro	cold	1	169	192.4		
tiny-gpt2	torch-compile-ro	cold	1	170	190.3		
tiny-gpt2	torch-compile-ro	cold	1	171	189.8		
tiny-gpt2	torch-compile-ro	cold	1	172	188.6		
tiny-gpt2	torch-compile-ro	cold	1	173	197.6		
tiny-gpt2	torch-compile-ro	cold	1	174	192.9		
tiny-gpt2	torch-compile-ro	cold	1	175	198.8		
tiny-gpt2	torch-compile-ro	cold	1	176	191.0		
tiny-gpt2	torch-compile-ro	cold	1	177	192.9		
tiny-gpt2	torch-compile-ro	cold	1	178	196.2		
tiny-gpt2	torch-compile-ro	cold	1	179	214.6		
tiny-gpt2	torch-compile-ro	cold	1	180	191.7		
tiny-gpt2	torch-compile-ro	cold	1	181	191.9		
tiny-gpt2	torch-compile-ro	cold	1	182	191.5		
tiny-gpt2	torch-compile-ro	cold	1	183	196.9		
tiny-gpt2	torch-compile-ro	cold	1	184	190.7		
tiny-gpt2	torch-compile-ro	cold	1	185	191.5		
tiny-gpt2	torch-compile-ro	cold	1	186	189.3		
tiny-gpt2	torch-compile-ro	cold	1	187	192.4		
tiny-gpt2	torch-compile-ro	cold	1	188	198.4		
tiny-gpt2	torch-compile-ro	cold	1	189	190.0		
tiny-gpt2	torch-compile-ro	cold	1	190	191.0		
tiny-gpt2	torch-compile-ro	cold	1	191	190.7		
tiny-gpt2	torch-compile-ro	cold	1	192	190.0		
tiny-gpt2	torch-compile-ro	cold	1	193	208.1		
tiny-gpt2	torch-compile-ro	cold	1	194	192.6		
tiny-gpt2	torch-compile-ro	cold	1	195	191.0		
tiny-gpt2	torch-compile-ro	cold	1	196	190.5		
tiny-gpt2	torch-compile-ro	cold	1	197	188.6		
tiny-gpt2	torch-compile-ro	cold	1	198	212.7		
tiny-gpt2	torch-compile-ro	cold	1	199	191.2		
tiny-gpt2	torch-compile-ro	cold	1	200	191.5		
tiny-gpt2	torch-compile-ro	cold	1	201	189.1		
tiny-gpt2	torch-compile-ro	cold	1	202	188.8		
tiny-gpt2	torch-compile-ro	cold	1	203	214.1		
tiny-gpt2	torch-compile-ro	cold	1	204	192.2		
tiny-gpt2	torch-compile-ro	cold	1	205	209.1		
tiny-gpt2	torch-compile-ro	cold	1	206	193.6		
tiny-gpt2	torch-compile-ro	cold	1	207	191.2		
tiny-gpt2	torch-compile-ro	cold	1	208	212.7		
tiny-gpt2	torch-compile-ro	cold	1	209	199.1		
tiny-gpt2	torch-compile-ro	cold	1	210	189.8		
tiny-gpt2	torch-compile-ro	cold	1	211	192.9		
tiny-gpt2	torch-compile-ro	cold	1	212	191.2		
tiny-gpt2	torch-compile-ro	cold	1	213	212.4		
tiny-gpt2	torch-compile-ro	cold	1	214	198.4		
tiny-gpt2	torch-compile-ro	cold	1	215	192.4		
tiny-gpt2	torch-compile-ro	cold	1	216	191.7		
tiny-gpt2	torch-compile-ro	cold	1	217	190.3		
tiny-gpt2	torch-compile-ro	cold	1	218	209.6		
tiny-gpt2	torch-compile-ro	cold	1	219	192.2		
tiny-gpt2	torch-compile-ro	cold	1	220	190.0		
tiny-gpt2	torch-compile-ro	cold	1	221	191.7		
tiny-gpt2	torch-compile-ro	cold	1	222	189.5		
tiny-gpt2	torch-compile-ro	cold	1	223	206.2		
tiny-gpt2	torch-compile-ro	cold	1	224	194.3		
tiny-gpt2	torch-compile-ro	cold	1	225	190.7		
tiny-gpt2	torch-compile-ro	cold	1	226	188.4		
tiny-gpt2	torch-compile-ro	cold	1	227	189.1		
tiny-gpt2	torch-compile-ro	cold	1	228	205.5		
tiny-gpt2	torch-compile-ro	cold	1	229	192.2		
tiny-gpt2	torch-compile-ro	cold	1	230	195.7		
tiny-gpt2	torch-compile-ro	cold	1	231	191.0		
tiny-gpt2	torch-compile-ro	cold	1	232	189.3		
tiny-gpt2	torch-compile-ro	cold	1	233	204.8		
tiny-gpt2	torch-compile-ro	cold	1	234	192.6		
tiny-gpt2	torch-compile-ro	cold	1	235	189.1		
tiny-gpt2	torch-compile-ro	cold	1	236	190.5		
tiny-gpt2	torch-compile-ro	cold	1	237	191.5		
tiny-gpt2	torch-compile-ro	cold	1	238	207.7		
tiny-gpt2	torch-compile-ro	cold	1	239	198.1		
tiny-gpt2	torch-compile-ro	cold	1	240	193.1		
tiny-gpt2	torch-compile-ro	cold	1	241	190.3		
tiny-gpt2	torch-compile-ro	cold	1	242	190.7		
tiny-gpt2	torch-compile-ro	cold	1	243	190.7		
tiny-gpt2	torch-compile-ro	cold	1	244	195.7		
tiny-gpt2	torch-compile-ro	cold	1	245	191.9		
tiny-gpt2	torch-compile-ro	cold	1	246	191.2		
tiny-gpt2	torch-compile-ro	cold	1	247	192.4		
tiny-gpt2	torch-compile-ro	cold	1	248	192.9		
tiny-gpt2	torch-compile-ro	cold	1	249	198.6		
tiny-gpt2	torch-compile-ro	cold	1	250	189.8		
tiny-gpt2	torch-compile-ro	cold	1	251	190.0		
tiny-gpt2	torch-compile-ro	cold	1	252	191.9		
tiny-gpt2	torch-compile-ro	cold	1	253	197.9		
tiny-gpt2	torch-compile-ro	cold	1	254	199.8		
tiny-gpt2	torch-compile-ro	cold	1	255	192.2		
tiny-gpt2	torch-compile-ro	cold	1	256	190.0		
tiny-gpt2	torch-compile-ro	cold	1	257	191.5		
tiny-gpt2	torch-compile-ro	cold	1	258	189.8		
tiny-gpt2	torch-compile-ro	cold	1	259	210.5		
tiny-gpt2	torch-compile-ro	cold	1	260	190.5		
tiny-gpt2	torch-compile-ro	cold	1	261	191.0		
tiny-gpt2	torch-compile-ro	cold	1	262	189.5		
tiny-gpt2	torch-compile-ro	cold	1	263	189.8		
tiny-gpt2	torch-compile-ro	cold	1	264	217.0		
tiny-gpt2	torch-compile-ro	cold	1	265	192.2		
tiny-gpt2	torch-compile-ro	cold	1	266	193.1		
tiny-gpt2	torch-compile-ro	cold	1	267	189.5		
tiny-gpt2	torch-compile-ro	cold	1	268	190.0		
tiny-gpt2	torch-compile-ro	cold	1	269	216.2		
tiny-gpt2	torch-compile-ro	cold	1	270	192.2		
tiny-gpt2	torch-compile-ro	cold	1	271	190.0		
tiny-gpt2	torch-compile-ro	cold	1	272	190.7		
tiny-gpt2	torch-compile-ro	cold	1	273	190.0		
tiny-gpt2	torch-compile-ro	cold	1	274	209.8		
tiny-gpt2	torch-compile-ro	cold	1	275	193.1		
tiny-gpt2	torch-compile-ro	cold	1	276	190.3		
tiny-gpt2	torch-compile-ro	cold	1	277	197.6		
tiny-gpt2	torch-compile-ro	cold	1	278	189.8		
tiny-gpt2	torch-compile-ro	cold	1	279	209.3		
tiny-gpt2	torch-compile-ro	cold	1	280	191.2		
tiny-gpt2	torch-compile-ro	cold	1	281	191.0		
tiny-gpt2	torch-compile-ro	cold	1	282	189.1		
tiny-gpt2	torch-compile-ro	cold	1	283	189.5		
tiny-gpt2	torch-compile-ro	cold	1	284	214.6		
tiny-gpt2	torch-compile-ro	cold	1	285	195.0		
tiny-gpt2	torch-compile-ro	cold	1	286	191.2		
tiny-gpt2	torch-compile-ro	cold	1	287	191.2		
tiny-gpt2	torch-compile-ro	cold	1	288	191.7		
tiny-gpt2	torch-compile-ro	cold	1	289	209.8		
tiny-gpt2	torch-compile-ro	cold	1	290	191.9		
tiny-gpt2	torch-compile-ro	cold	1	291	191.2		
tiny-gpt2	torch-compile-ro	cold	1	292	192.2		
tiny-gpt2	torch-compile-ro	cold	1	293	188.8		
tiny-gpt2	torch-compile-ro	cold	1	294	212.7		
tiny-gpt2	torch-compile-ro	cold	1	295	201.0		
tiny-gpt2	torch-compile-ro	cold	1	296	190.0		
tiny-gpt2	torch-compile-ro	cold	1	297	197.2		
tiny-gpt2	torch-compile-ro	cold	1	298	189.3		
tiny-gpt2	torch-compile-ro	cold	1	299	202.9		
tiny-gpt2	jax	cold	1	0	1592.3		
tiny-gpt2	jax	cold	1	1	266.9		
tiny-gpt2	jax	cold	1	2	193.7		
tiny-gpt2	jax	cold	1	3	170.5		
tiny-gpt2	jax	cold	1	4	165.5		
tiny-gpt2	jax	cold	1	5	165.0		
tiny-gpt2	jax	cold	1	6	176.1		
tiny-gpt2	jax	cold	1	7	161.9		
tiny-gpt2	jax	cold	1	8	160.6		
tiny-gpt2	jax	cold	1	9	159.5		
tiny-gpt2	jax	cold	1	10	157.8		
tiny-gpt2	jax	cold	1	11	159.8		
tiny-gpt2	jax	cold	1	12	166.5		
tiny-gpt2	jax	cold	1	13	159.3		
tiny-gpt2	jax	cold	1	14	157.5		
tiny-gpt2	jax	cold	1	15	158.9		
tiny-gpt2	jax	cold	1	16	158.9		
tiny-gpt2	jax	cold	1	17	157.7		
tiny-gpt2	jax	cold	1	18	169.3		
tiny-gpt2	jax	cold	1	19	160.8		
tiny-gpt2	jax	cold	1	20	160.2		
tiny-gpt2	jax	cold	1	21	157.4		
tiny-gpt2	jax	cold	1	22	158.1		
tiny-gpt2	jax	cold	1	23	158.5		
tiny-gpt2	jax	cold	1	24	160.5		
tiny-gpt2	jax	cold	1	25	162.8		
tiny-gpt2	jax	cold	1	26	159.3		
tiny-gpt2	jax	cold	1	27	157.0		
tiny-gpt2	jax	cold	1	28	159.7		
tiny-gpt2	jax	cold	1	29	159.8		
tiny-gpt2	jax	cold	1	30	163.2		
tiny-gpt2	jax	cold	1	31	161.6		
tiny-gpt2	jax	cold	1	32	160.8		
tiny-gpt2	jax	cold	1	33	161.4		
tiny-gpt2	jax	cold	1	34	160.2		
tiny-gpt2	jax	cold	1	35	158.8		
tiny-gpt2	jax	cold	1	36	161.1		
tiny-gpt2	jax	cold	1	37	161.0		
tiny-gpt2	jax	cold	1	38	159.9		
tiny-gpt2	jax	cold	1	39	159.5		
tiny-gpt2	jax	cold	1	40	157.9		
tiny-gpt2	jax	cold	1	41	159.6		
tiny-gpt2	jax	cold	1	42	163.1		
tiny-gpt2	jax	cold	1	43	160.6		
tiny-gpt2	jax	cold	1	44	159.7		
tiny-gpt2	jax	cold	1	45	161.7		
tiny-gpt2	jax	cold	1	46	160.3		
tiny-gpt2	jax	cold	1	47	158.3		
tiny-gpt2	jax	cold	1	48	160.9		
tiny-gpt2	jax	cold	1	49	167.3		
tiny-gpt2	jax	cold	1	50	158.7		
tiny-gpt2	jax	cold	1	51	159.7		
tiny-gpt2	jax	cold	1	52	157.8		
tiny-gpt2	jax	cold	1	53	157.1		
tiny-gpt2	jax	cold	1	54	159.5		
tiny-gpt2	jax	cold	1	55	169.7		
tiny-gpt2	jax	cold	1	56	161.3		
tiny-gpt2	jax	cold	1	57	157.4		
tiny-gpt2	jax	cold	1	58	160.9		
tiny-gpt2	jax	cold	1	59	158.8		
tiny-gpt2	jax	cold	1	60	158.0		
tiny-gpt2	jax	cold	1	61	169.3		
tiny-gpt2	jax	cold	1	62	159.8		
tiny-gpt2	jax	cold	1	63	160.1		
tiny-gpt2	jax	cold	1	64	160.1		
tiny-gpt2	jax	cold	1	65	158.0		
tiny-gpt2	jax	cold	1	66	158.7		
tiny-gpt2	jax	cold	1	67	170.6		
tiny-gpt2	jax	cold	1	68	161.0		
tiny-gpt2	jax	cold	1	69	158.4		
tiny-gpt2	jax	cold	1	70	159.3		
tiny-gpt2	jax	cold	1	71	158.4		
tiny-gpt2	jax	cold	1	72	158.1		
tiny-gpt2	jax	cold	1	73	162.1		
tiny-gpt2	jax	cold	1	74	161.3		
tiny-gpt2	jax	cold	1	75	160.6		
tiny-gpt2	jax	cold	1	76	159.9		
tiny-gpt2	jax	cold	1	77	158.2		
tiny-gpt2	jax	cold	1	78	157.6		
tiny-gpt2	jax	cold	1	79	160.3		
tiny-gpt2	jax	cold	1	80	161.6		
tiny-gpt2	jax	cold	1	81	158.9		
tiny-gpt2	jax	cold	1	82	160.5		
tiny-gpt2	jax	cold	1	83	158.7		
tiny-gpt2	jax	cold	1	84	156.8		
tiny-gpt2	jax	cold	1	85	182.2		
tiny-gpt2	jax	cold	1	86	163.7		
tiny-gpt2	jax	cold	1	87	159.2		
tiny-gpt2	jax	cold	1	88	159.4		
tiny-gpt2	jax	cold	1	89	158.8		
tiny-gpt2	jax	cold	1	90	167.8		
tiny-gpt2	jax	cold	1	91	167.4		
tiny-gpt2	jax	cold	1	92	168.8		
tiny-gpt2	jax	cold	1	93	162.9		
tiny-gpt2	jax	cold	1	94	162.4		
tiny-gpt2	jax	cold	1	95	160.8		
tiny-gpt2	jax	cold	1	96	160.6		
tiny-gpt2	jax	cold	1	97	161.9		
tiny-gpt2	jax	cold	1	98	159.9		
tiny-gpt2	jax	cold	1	99	160.7		
tiny-gpt2	jax	cold	1	100	160.1		
tiny-gpt2	jax	cold	1	101	161.1		
tiny-gpt2	jax	cold	1	102	158.7		
tiny-gpt2	jax	cold	1	103	166.0		
tiny-gpt2	jax	cold	1	104	163.7		
tiny-gpt2	jax	cold	1	105	159.5		
tiny-gpt2	jax	cold	1	106	158.8		
tiny-gpt2	jax	cold	1	107	161.1		
tiny-gpt2	jax	cold	1	108	159.9		
tiny-gpt2	jax	cold	1	109	160.5		
tiny-gpt2	jax	cold	1	110	161.7		
tiny-gpt2	jax	cold	1	111	159.2		
tiny-gpt2	jax	cold	1	112	158.8		
tiny-gpt2	jax	cold	1	113	160.6		
tiny-gpt2	jax	cold	1	114	161.1		
tiny-gpt2	jax	cold	1	115	162.9		
tiny-gpt2	jax	cold	1	116	168.2		
tiny-gpt2	jax	cold	1	117	160.8		
tiny-gpt2	jax	cold	1	118	161.2		
tiny-gpt2	jax	cold	1	119	159.7		
tiny-gpt2	jax	cold	1	120	159.6		
tiny-gpt2	jax	cold	1	121	159.5		
tiny-gpt2	jax	cold	1	122	167.3		
tiny-gpt2	jax	cold	1	123	160.1		
tiny-gpt2	jax	cold	1	124	160.9		
tiny-gpt2	jax	cold	1	125	160.2		
tiny-gpt2	jax	cold	1	126	160.7		
tiny-gpt2	jax	cold	1	127	160.7		
tiny-gpt2	jax	cold	1	128	170.7		
tiny-gpt2	jax	cold	1	129	159.8		
tiny-gpt2	jax	cold	1	130	159.5		
tiny-gpt2	jax	cold	1	131	160.8		
tiny-gpt2	jax	cold	1	132	161.1		
tiny-gpt2	jax	cold	1	133	161.6		
tiny-gpt2	jax	cold	1	134	173.7		
tiny-gpt2	jax	cold	1	135	163.2		
tiny-gpt2	jax	cold	1	136	160.0		
tiny-gpt2	jax	cold	1	137	158.7		
tiny-gpt2	jax	cold	1	138	159.3		
tiny-gpt2	jax	cold	1	139	158.5		
tiny-gpt2	jax	cold	1	140	160.9		
tiny-gpt2	jax	cold	1	141	163.7		
tiny-gpt2	jax	cold	1	142	161.4		
tiny-gpt2	jax	cold	1	143	158.1		
tiny-gpt2	jax	cold	1	144	160.7		
tiny-gpt2	jax	cold	1	145	159.7		
tiny-gpt2	jax	cold	1	146	162.5		
tiny-gpt2	jax	cold	1	147	161.3		
tiny-gpt2	jax	cold	1	148	157.0		
tiny-gpt2	jax	cold	1	149	160.4		
tiny-gpt2	jax	cold	1	150	161.8		
tiny-gpt2	jax	cold	1	151	157.6		
tiny-gpt2	jax	cold	1	152	160.2		
tiny-gpt2	jax	cold	1	153	161.0		
tiny-gpt2	jax	cold	1	154	160.7		
tiny-gpt2	jax	cold	1	155	157.0		
tiny-gpt2	jax	cold	1	156	159.7		
tiny-gpt2	jax	cold	1	157	158.8		
tiny-gpt2	jax	cold	1	158	163.7		
tiny-gpt2	jax	cold	1	159	160.2		
tiny-gpt2	jax	cold	1	160	159.5		
tiny-gpt2	jax	cold	1	161	160.0		
tiny-gpt2	jax	cold	1	162	158.1		
tiny-gpt2	jax	cold	1	163	157.6		
tiny-gpt2	jax	cold	1	164	158.4		
tiny-gpt2	jax	cold	1	165	163.3		
tiny-gpt2	jax	cold	1	166	158.5		
tiny-gpt2	jax	cold	1	167	159.1		
tiny-gpt2	jax	cold	1	168	160.5		
tiny-gpt2	jax	cold	1	169	159.8		
tiny-gpt2	jax	cold	1	170	160.6		
tiny-gpt2	jax	cold	1	171	170.6		
tiny-gpt2	jax	cold	1	172	160.1		
tiny-gpt2	jax	cold	1	173	159.4		
tiny-gpt2	jax	cold	1	174	161.4		
tiny-gpt2	jax	cold	1	175	159.4		
tiny-gpt2	jax	cold	1	176	158.9		
tiny-gpt2	jax	cold	1	177	175.1		
tiny-gpt2	jax	cold	1	178	159.5		
tiny-gpt2	jax	cold	1	179	162.1		
tiny-gpt2	jax	cold	1	180	159.6		
tiny-gpt2	jax	cold	1	181	157.5		
tiny-gpt2	jax	cold	1	182	158.5		
tiny-gpt2	jax	cold	1	183	170.3		
tiny-gpt2	jax	cold	1	184	162.1		
tiny-gpt2	jax	cold	1	185	159.0		
tiny-gpt2	jax	cold	1	186	160.8		
tiny-gpt2	jax	cold	1	187	159.4		
tiny-gpt2	jax	cold	1	188	159.0		
tiny-gpt2	jax	cold	1	189	173.8		
tiny-gpt2	jax	cold	1	190	158.9		
tiny-gpt2	jax	cold	1	191	159.4		
tiny-gpt2	jax	cold	1	192	160.4		
tiny-gpt2	jax	cold	1	193	157.4		
tiny-gpt2	jax	cold	1	194	160.0		
tiny-gpt2	jax	cold	1	195	163.7		
tiny-gpt2	jax	cold	1	196	160.6		
tiny-gpt2	jax	cold	1	197	158.8		
tiny-gpt2	jax	cold	1	198	161.5		
tiny-gpt2	jax	cold	1	199	157.6		
tiny-gpt2	jax	cold	1	200	157.6		
tiny-gpt2	jax	cold	1	201	166.0		
tiny-gpt2	jax	cold	1	202	160.4		
tiny-gpt2	jax	cold	1	203	161.7		
tiny-gpt2	jax	cold	1	204	159.5		
tiny-gpt2	jax	cold	1	205	161.4		
tiny-gpt2	jax	cold	1	206	158.8		
tiny-gpt2	jax	cold	1	207	159.3		
tiny-gpt2	jax	cold	1	208	160.7		
tiny-gpt2	jax	cold	1	209	159.1		
tiny-gpt2	jax	cold	1	210	161.5		
tiny-gpt2	jax	cold	1	211	159.9		
tiny-gpt2	jax	cold	1	212	161.7		
tiny-gpt2	jax	cold	1	213	165.6		
tiny-gpt2	jax	cold	1	214	160.4		
tiny-gpt2	jax	cold	1	215	158.6		
tiny-gpt2	jax	cold	1	216	159.8		
tiny-gpt2	jax	cold	1	217	159.3		
tiny-gpt2	jax	cold	1	218	157.9		
tiny-gpt2	jax	cold	1	219	165.7		
tiny-gpt2	jax	cold	1	220	162.0		
tiny-gpt2	jax	cold	1	221	159.0		
tiny-gpt2	jax	cold	1	222	160.2		
tiny-gpt2	jax	cold	1	223	160.0		
tiny-gpt2	jax	cold	1	224	161.6		
tiny-gpt2	jax	cold	1	225	159.7		
tiny-gpt2	jax	cold	1	226	174.3		
tiny-gpt2	jax	cold	1	227	159.6		
tiny-gpt2	jax	cold	1	228	161.2		
tiny-gpt2	jax	cold	1	229	159.5		
tiny-gpt2	jax	cold	1	230	161.8		
tiny-gpt2	jax	cold	1	231	163.0		
tiny-gpt2	jax	cold	1	232	171.7		
tiny-gpt2	jax	cold	1	233	162.1		
tiny-gpt2	jax	cold	1	234	159.6		
tiny-gpt2	jax	cold	1	235	157.4		
tiny-gpt2	jax	cold	1	236	158.5		
tiny-gpt2	jax	cold	1	237	160.0		
tiny-gpt2	jax	cold	1	238	171.9		
tiny-gpt2	jax	cold	1	239	159.6		
tiny-gpt2	jax	cold	1	240	162.0		
tiny-gpt2	jax	cold	1	241	158.9		
tiny-gpt2	jax	cold	1	242	158.3		
tiny-gpt2	jax	cold	1	243	158.5		
tiny-gpt2	jax	cold	1	244	169.7		
tiny-gpt2	jax	cold	1	245	159.3		
tiny-gpt2	jax	cold	1	246	161.7		
tiny-gpt2	jax	cold	1	247	159.4		
tiny-gpt2	jax	cold	1	248	161.1		
tiny-gpt2	jax	cold	1	249	160.9		
tiny-gpt2	jax	cold	1	250	170.9		
tiny-gpt2	jax	cold	1	251	161.6		
tiny-gpt2	jax	cold	1	252	161.3		
tiny-gpt2	jax	cold	1	253	159.6		
tiny-gpt2	jax	cold	1	254	159.6		
tiny-gpt2	jax	cold	1	255	159.1		
tiny-gpt2	jax	cold	1	256	160.4		
tiny-gpt2	jax	cold	1	257	162.2		
tiny-gpt2	jax	cold	1	258	160.2		
tiny-gpt2	jax	cold	1	259	159.6		
tiny-gpt2	jax	cold	1	260	159.7		
tiny-gpt2	jax	cold	1	261	162.6		
tiny-gpt2	jax	cold	1	262	165.0		
tiny-gpt2	jax	cold	1	263	160.3		
tiny-gpt2	jax	cold	1	264	160.3		
tiny-gpt2	jax	cold	1	265	160.8		
tiny-gpt2	jax	cold	1	266	159.8		
tiny-gpt2	jax	cold	1	267	161.3		
tiny-gpt2	jax	cold	1	268	162.2		
tiny-gpt2	jax	cold	1	269	161.8		
tiny-gpt2	jax	cold	1	270	159.2		
tiny-gpt2	jax	cold	1	271	158.5		
tiny-gpt2	jax	cold	1	272	162.6		
tiny-gpt2	jax	cold	1	273	162.5		
tiny-gpt2	jax	cold	1	274	162.8		
tiny-gpt2	jax	cold	1	275	162.6		
tiny-gpt2	jax	cold	1	276	158.0		
tiny-gpt2	jax	cold	1	277	158.7		
tiny-gpt2	jax	cold	1	278	160.2		
tiny-gpt2	jax	cold	1	279	159.0		
tiny-gpt2	jax	cold	1	280	165.4		
tiny-gpt2	jax	cold	1	281	161.9		
tiny-gpt2	jax	cold	1	282	162.3		
tiny-gpt2	jax	cold	1	283	159.7		
tiny-gpt2	jax	cold	1	284	159.4		
tiny-gpt2	jax	cold	1	285	159.7		
tiny-gpt2	jax	cold	1	286	164.6		
tiny-gpt2	jax	cold	1	287	162.9		
tiny-gpt2	jax	cold	1	288	160.4		
tiny-gpt2	jax	cold	1	289	160.2		
tiny-gpt2	jax	cold	1	290	157.9		
tiny-gpt2	jax	cold	1	291	159.2		
tiny-gpt2	jax	cold	1	292	159.1		
tiny-gpt2	jax	cold	1	293	179.9		
tiny-gpt2	jax	cold	1	294	165.1		
tiny-gpt2	jax	cold	1	295	159.7		
tiny-gpt2	jax	cold	1	296	162.4		
tiny-gpt2	jax	cold	1	297	160.9		
tiny-gpt2	jax	cold	1	298	159.8		
tiny-gpt2	jax	cold	1	299	168.6		
tiny-gpt2	torch-eager	cold	2	0	968462.5		
tiny-gpt2	torch-eager	cold	2	1	1859.4		
tiny-gpt2	torch-eager	cold	2	2	1644.6		
tiny-gpt2	torch-eager	cold	2	3	1614.3		
tiny-gpt2	torch-eager	cold	2	4	1604.6		
tiny-gpt2	torch-eager	cold	2	5	1686.8		
tiny-gpt2	torch-eager	cold	2	6	1598.4		
tiny-gpt2	torch-eager	cold	2	7	1591.7		
tiny-gpt2	torch-eager	cold	2	8	1588.8		
tiny-gpt2	torch-eager	cold	2	9	1577.6		
tiny-gpt2	torch-eager	cold	2	10	1589.5		
tiny-gpt2	torch-eager	cold	2	11	1587.4		
tiny-gpt2	torch-eager	cold	2	12	1596.5		
tiny-gpt2	torch-eager	cold	2	13	1591.7		
tiny-gpt2	torch-eager	cold	2	14	1570.7		
tiny-gpt2	torch-eager	cold	2	15	1586.7		
tiny-gpt2	torch-eager	cold	2	16	1613.6		
tiny-gpt2	torch-eager	cold	2	17	1576.4		
tiny-gpt2	torch-eager	cold	2	18	1575.0		
tiny-gpt2	torch-eager	cold	2	19	1574.3		
tiny-gpt2	torch-eager	cold	2	20	1590.0		
tiny-gpt2	torch-eager	cold	2	21	1575.2		
tiny-gpt2	torch-eager	cold	2	22	1581.2		
tiny-gpt2	torch-eager	cold	2	23	1581.9		
tiny-gpt2	torch-eager	cold	2	24	1575.7		
tiny-gpt2	torch-eager	cold	2	25	1649.9		
tiny-gpt2	torch-eager	cold	2	26	1585.7		
tiny-gpt2	torch-eager	cold	2	27	1576.2		
tiny-gpt2	torch-eager	cold	2	28	1593.8		
tiny-gpt2	torch-eager	cold	2	29	1575.0		
tiny-gpt2	torch-eager	cold	2	30	1579.5		
tiny-gpt2	torch-eager	cold	2	31	1570.7		
tiny-gpt2	torch-eager	cold	2	32	1598.4		
tiny-gpt2	torch-eager	cold	2	33	1570.9		
tiny-gpt2	torch-eager	cold	2	34	1583.6		
tiny-gpt2	torch-eager	cold	2	35	1586.9		
tiny-gpt2	torch-eager	cold	2	36	1576.2		
tiny-gpt2	torch-eager	cold	2	37	1579.8		
tiny-gpt2	torch-eager	cold	2	38	1576.2		
tiny-gpt2	torch-eager	cold	2	39	1587.2		
tiny-gpt2	torch-eager	cold	2	40	1564.5		
tiny-gpt2	torch-eager	cold	2	41	1579.0		
tiny-gpt2	torch-eager	cold	2	42	1591.4		
tiny-gpt2	torch-eager	cold	2	43	1564.7		
tiny-gpt2	torch-eager	cold	2	44	1575.2		
tiny-gpt2	torch-eager	cold	2	45	1581.4		
tiny-gpt2	torch-eager	cold	2	46	1601.2		
tiny-gpt2	torch-eager	cold	2	47	1603.8		
tiny-gpt2	torch-eager	cold	2	48	1564.0		
tiny-gpt2	torch-eager	cold	2	49	1579.0		
tiny-gpt2	torch-eager	cold	2	50	1581.9		
tiny-gpt2	torch-eager	cold	2	51	1581.7		
tiny-gpt2	torch-eager	cold	2	52	1561.6		
tiny-gpt2	torch-eager	cold	2	53	1623.9		
tiny-gpt2	torch-eager	cold	2	54	1593.8		
tiny-gpt2	torch-eager	cold	2	55	1579.3		
tiny-gpt2	torch-eager	cold	2	56	1609.6		
tiny-gpt2	torch-eager	cold	2	57	1603.8		
tiny-gpt2	torch-eager	cold	2	58	1583.6		
tiny-gpt2	torch-eager	cold	2	59	1582.4		
tiny-gpt2	torch-eager	cold	2	60	1585.0		
tiny-gpt2	torch-eager	cold	2	61	1575.0		
tiny-gpt2	torch-eager	cold	2	62	1570.7		
tiny-gpt2	torch-eager	cold	2	63	1579.0		
tiny-gpt2	torch-eager	cold	2	64	1579.5		
tiny-gpt2	torch-eager	cold	2	65	1584.8		
tiny-gpt2	torch-eager	cold	2	66	1581.2		
tiny-gpt2	torch-eager	cold	2	67	1623.6		
tiny-gpt2	torch-eager	cold	2	68	1577.6		
tiny-gpt2	torch-eager	cold	2	69	1567.6		
tiny-gpt2	torch-eager	cold	2	70	1580.5		
tiny-gpt2	torch-eager	cold	2	71	1577.4		
tiny-gpt2	torch-eager	cold	2	72	1578.6		
tiny-gpt2	torch-eager	cold	2	73	1583.6		
tiny-gpt2	torch-eager	cold	2	74	1597.2		
tiny-gpt2	torch-eager	cold	2	75	1591.2		
tiny-gpt2	torch-eager	cold	2	76	1579.0		
tiny-gpt2	torch-eager	cold	2	77	1589.8		
tiny-gpt2	torch-eager	cold	2	78	1577.4		
tiny-gpt2	torch-eager	cold	2	79	1572.6		
tiny-gpt2	torch-eager	cold	2	80	1579.8		
tiny-gpt2	torch-eager	cold	2	81	1566.6		
tiny-gpt2	torch-eager	cold	2	82	1583.3		
tiny-gpt2	torch-eager	cold	2	83	1577.4		
tiny-gpt2	torch-eager	cold	2	84	1575.9		
tiny-gpt2	torch-eager	cold	2	85	1591.0		
tiny-gpt2	torch-eager	cold	2	86	1583.8		
tiny-gpt2	torch-eager	cold	2	87	1652.5		
tiny-gpt2	torch-eager	cold	2	88	1590.5		
tiny-gpt2	torch-eager	cold	2	89	1574.0		
tiny-gpt2	torch-eager	cold	2	90	1585.7		
tiny-gpt2	torch-eager	cold	2	91	1576.9		
tiny-gpt2	torch-eager	cold	2	92	1599.8		
tiny-gpt2	torch-eager	cold	2	93	1581.2		
tiny-gpt2	torch-eager	cold	2	94	1586.9		
tiny-gpt2	torch-eager	cold	2	95	1579.3		
tiny-gpt2	torch-eager	cold	2	96	1576.4		
tiny-gpt2	torch-eager	cold	2	97	1608.4		
tiny-gpt2	torch-eager	cold	2	98	1575.5		
tiny-gpt2	torch-eager	cold	2	99	1566.2		
tiny-gpt2	torch-eager	cold	2	100	1582.9		
tiny-gpt2	torch-eager	cold	2	101	1581.0		
tiny-gpt2	torch-eager	cold	2	102	1576.9		
tiny-gpt2	torch-eager	cold	2	103	1562.8		
tiny-gpt2	torch-eager	cold	2	104	1594.5		
tiny-gpt2	torch-eager	cold	2	105	1579.8		
tiny-gpt2	torch-eager	cold	2	106	1569.3		
tiny-gpt2	torch-eager	cold	2	107	1569.5		
tiny-gpt2	torch-eager	cold	2	108	1580.0		
tiny-gpt2	torch-eager	cold	2	109	1599.8		
tiny-gpt2	torch-eager	cold	2	110	1579.5		
tiny-gpt2	torch-eager	cold	2	111	1573.3		
tiny-gpt2	torch-eager	cold	2	112	1597.2		
tiny-gpt2	torch-eager	cold	2	113	1574.5		
tiny-gpt2	torch-eager	cold	2	114	1578.3		
tiny-gpt2	torch-eager	cold	2	115	1577.1		
tiny-gpt2	torch-eager	cold	2	116	1584.1		
tiny-gpt2	torch-eager	cold	2	117	1583.3		
tiny-gpt2	torch-eager	cold	2	118	1581.2		
tiny-gpt2	torch-eager	cold	2	119	1578.1		
tiny-gpt2	torch-eager	cold	2	120	1583.3		
tiny-gpt2	torch-eager	cold	2	121	1589.1		
tiny-gpt2	torch-eager	cold	2	122	1574.0		
tiny-gpt2	torch-eager	cold	2	123	1580.5		
tiny-gpt2	torch-eager	cold	2	124	1591.4		
tiny-gpt2	torch-eager	cold	2	125	1574.0		
tiny-gpt2	torch-eager	cold	2	126	1586.2		
tiny-gpt2	torch-eager	cold	2	127	1579.3		
tiny-gpt2	torch-eager	cold	2	128	1586.4		
tiny-gpt2	torch-eager	cold	2	129	1603.4		
tiny-gpt2	torch-eager	cold	2	130	1589.5		
tiny-gpt2	torch-eager	cold	2	131	1588.1		
tiny-gpt2	torch-eager	cold	2	132	1563.3		
tiny-gpt2	torch-eager	cold	2	133	1580.7		
tiny-gpt2	torch-eager	cold	2	134	1581.0		
tiny-gpt2	torch-eager	cold	2	135	1579.0		
tiny-gpt2	torch-eager	cold	2	136	1591.2		
tiny-gpt2	torch-eager	cold	2	137	1568.3		
tiny-gpt2	torch-eager	cold	2	138	1630.5		
tiny-gpt2	torch-eager	cold	2	139	1584.3		
tiny-gpt2	torch-eager	cold	2	140	1578.8		
tiny-gpt2	torch-eager	cold	2	141	1585.5		
tiny-gpt2	torch-eager	cold	2	142	1581.7		
tiny-gpt2	torch-eager	cold	2	143	1590.3		
tiny-gpt2	torch-eager	cold	2	144	1573.3		
tiny-gpt2	torch-eager	cold	2	145	1582.4		
tiny-gpt2	torch-eager	cold	2	146	1578.6		
tiny-gpt2	torch-eager	cold	2	147	1570.5		
tiny-gpt2	torch-eager	cold	2	148	1583.1		
tiny-gpt2	torch-eager	cold	2	149	1572.4		
tiny-gpt2	torch-eager	cold	2	150	1588.6		
tiny-gpt2	torch-eager	cold	2	151	1608.1		
tiny-gpt2	torch-eager	cold	2	152	1572.1		
tiny-gpt2	torch-eager	cold	2	153	1583.8		
tiny-gpt2	torch-eager	cold	2	154	1569.3		
tiny-gpt2	torch-eager	cold	2	155	1571.9		
tiny-gpt2	torch-eager	cold	2	156	1564.7		
tiny-gpt2	torch-eager	cold	2	157	1596.2		
tiny-gpt2	torch-eager	cold	2	158	1576.4		
tiny-gpt2	torch-eager	cold	2	159	1563.1		
tiny-gpt2	torch-eager	cold	2	160	1566.6		
tiny-gpt2	torch-eager	cold	2	161	1561.6		
tiny-gpt2	torch-eager	cold	2	162	1583.6		
tiny-gpt2	torch-eager	cold	2	163	1562.6		
tiny-gpt2	torch-eager	cold	2	164	1587.2		
tiny-gpt2	torch-eager	cold	2	165	1588.8		
tiny-gpt2	torch-eager	cold	2	166	1572.1		
tiny-gpt2	torch-eager	cold	2	167	1569.3		
tiny-gpt2	torch-eager	cold	2	168	1583.8		
tiny-gpt2	torch-eager	cold	2	169	1575.7		
tiny-gpt2	torch-eager	cold	2	170	1578.3		
tiny-gpt2	torch-eager	cold	2	171	1564.7		
tiny-gpt2	torch-eager	cold	2	172	1624.6		
tiny-gpt2	torch-eager	cold	2	173	1570.0		
tiny-gpt2	torch-eager	cold	2	174	1569.5		
tiny-gpt2	torch-eager	cold	2	175	1568.1		
tiny-gpt2	torch-eager	cold	2	176	1568.1		
tiny-gpt2	torch-eager	cold	2	177	1575.5		
tiny-gpt2	torch-eager	cold	2	178	1564.5		
tiny-gpt2	torch-eager	cold	2	179	1583.3		
tiny-gpt2	torch-eager	cold	2	180	1563.1		
tiny-gpt2	torch-eager	cold	2	181	1586.9		
tiny-gpt2	torch-eager	cold	2	182	1583.3		
tiny-gpt2	torch-eager	cold	2	183	1589.5		
tiny-gpt2	torch-eager	cold	2	184	1579.5		
tiny-gpt2	torch-eager	cold	2	185	1568.1		
tiny-gpt2	torch-eager	cold	2	186	1576.4		
tiny-gpt2	torch-eager	cold	2	187	1567.8		
tiny-gpt2	torch-eager	cold	2	188	1574.8		
tiny-gpt2	torch-eager	cold	2	189	1576.4		
tiny-gpt2	torch-eager	cold	2	190	1566.6		
tiny-gpt2	torch-eager	cold	2	191	1575.2		
tiny-gpt2	torch-eager	cold	2	192	1599.3		
tiny-gpt2	torch-eager	cold	2	193	1614.3		
tiny-gpt2	torch-eager	cold	2	194	1556.6		
tiny-gpt2	torch-eager	cold	2	195	1569.0		
tiny-gpt2	torch-eager	cold	2	196	1578.1		
tiny-gpt2	torch-eager	cold	2	197	1574.8		
tiny-gpt2	torch-eager	cold	2	198	1577.9		
tiny-gpt2	torch-eager	cold	2	199	1562.1		
tiny-gpt2	torch-eager	cold	2	200	1591.0		
tiny-gpt2	torch-eager	cold	2	201	1578.8		
tiny-gpt2	torch-eager	cold	2	202	1581.4		
tiny-gpt2	torch-eager	cold	2	203	1577.6		
tiny-gpt2	torch-eager	cold	2	204	1567.6		
tiny-gpt2	torch-eager	cold	2	205	1578.8		
tiny-gpt2	torch-eager	cold	2	206	1567.4		
tiny-gpt2	torch-eager	cold	2	207	1601.7		
tiny-gpt2	torch-eager	cold	2	208	1578.3		
tiny-gpt2	torch-eager	cold	2	209	1562.4		
tiny-gpt2	torch-eager	cold	2	210	1573.3		
tiny-gpt2	torch-eager	cold	2	211	1564.0		
tiny-gpt2	torch-eager	cold	2	212	1581.0		
tiny-gpt2	torch-eager	cold	2	213	1582.6		
tiny-gpt2	torch-eager	cold	2	214	1598.6		
tiny-gpt2	torch-eager	cold	2	215	1578.3		
tiny-gpt2	torch-eager	cold	2	216	1564.0		
tiny-gpt2	torch-eager	cold	2	217	1572.4		
tiny-gpt2	torch-eager	cold	2	218	1580.7		
tiny-gpt2	torch-eager	cold	2	219	1583.8		
tiny-gpt2	torch-eager	cold	2	220	1586.4		
tiny-gpt2	torch-eager	cold	2	221	1568.3		
tiny-gpt2	torch-eager	cold	2	222	1574.0		
tiny-gpt2	torch-eager	cold	2	223	1576.9		
tiny-gpt2	torch-eager	cold	2	224	1571.9		
tiny-gpt2	torch-eager	cold	2	225	1566.9		
tiny-gpt2	torch-eager	cold	2	226	1574.5		
tiny-gpt2	torch-eager	cold	2	227	1575.7		
tiny-gpt2	torch-eager	cold	2	228	1569.5		
tiny-gpt2	torch-eager	cold	2	229	1584.1		
tiny-gpt2	torch-eager	cold	2	230	1576.7		
tiny-gpt2	torch-eager	cold	2	231	1576.2		
tiny-gpt2	torch-eager	cold	2	232	1592.9		
tiny-gpt2	torch-eager	cold	2	233	1591.0		
tiny-gpt2	torch-eager	cold	2	234	1572.6		
tiny-gpt2	torch-eager	cold	2	235	1607.4		
tiny-gpt2	torch-eager	cold	2	236	1575.2		
tiny-gpt2	torch-eager	cold	2	237	1567.8		
tiny-gpt2	torch-eager	cold	2	238	1592.6		
tiny-gpt2	torch-eager	cold	2	239	1590.0		
tiny-gpt2	torch-eager	cold	2	240	1565.2		
tiny-gpt2	torch-eager	cold	2	241	1601.2		
tiny-gpt2	torch-eager	cold	2	242	1574.5		
tiny-gpt2	torch-eager	cold	2	243	1594.3		
tiny-gpt2	torch-eager	cold	2	244	1584.5		
tiny-gpt2	torch-eager	cold	2	245	1566.2		
tiny-gpt2	torch-eager	cold	2	246	1580.0		
tiny-gpt2	torch-eager	cold	2	247	1573.8		
tiny-gpt2	torch-eager	cold	2	248	1575.2		
tiny-gpt2	torch-eager	cold	2	249	1566.9		
tiny-gpt2	torch-eager	cold	2	250	1584.8		
tiny-gpt2	torch-eager	cold	2	251	1580.2		
tiny-gpt2	torch-eager	cold	2	252	1562.8		
tiny-gpt2	torch-eager	cold	2	253	1588.1		
tiny-gpt2	torch-eager	cold	2	254	1590.5		
tiny-gpt2	torch-eager	cold	2	255	1579.0		
tiny-gpt2	torch-eager	cold	2	256	1640.8		
tiny-gpt2	torch-eager	cold	2	257	1565.5		
tiny-gpt2	torch-eager	cold	2	258	1596.5		
tiny-gpt2	torch-eager	cold	2	259	1570.2		
tiny-gpt2	torch-eager	cold	2	260	1582.6		
tiny-gpt2	torch-eager	cold	2	261	1575.7		
tiny-gpt2	torch-eager	cold	2	262	1584.5		
tiny-gpt2	torch-eager	cold	2	263	1611.0		
tiny-gpt2	torch-eager	cold	2	264	1565.9		
tiny-gpt2	torch-eager	cold	2	265	1571.4		
tiny-gpt2	torch-eager	cold	2	266	1565.5		
tiny-gpt2	torch-eager	cold	2	267	1572.8		
tiny-gpt2	torch-eager	cold	2	268	1570.0		
tiny-gpt2	torch-eager	cold	2	269	1562.4		
tiny-gpt2	torch-eager	cold	2	270	1578.8		
tiny-gpt2	torch-eager	cold	2	271	1582.9		
tiny-gpt2	torch-eager	cold	2	272	1576.2		
tiny-gpt2	torch-eager	cold	2	273	1577.1		
tiny-gpt2	torch-eager	cold	2	274	1577.4		
tiny-gpt2	torch-eager	cold	2	275	1584.8		
tiny-gpt2	torch-eager	cold	2	276	1572.1		
tiny-gpt2	torch-eager	cold	2	277	1621.2		
tiny-gpt2	torch-eager	cold	2	278	1592.9		
tiny-gpt2	torch-eager	cold	2	279	1579.5		
tiny-gpt2	torch-eager	cold	2	280	1592.6		
tiny-gpt2	torch-eager	cold	2	281	1569.5		
tiny-gpt2	torch-eager	cold	2	282	1575.5		
tiny-gpt2	torch-eager	cold	2	283	1586.7		
tiny-gpt2	torch-eager	cold	2	284	1599.6		
tiny-gpt2	torch-eager	cold	2	285	1576.4		
tiny-gpt2	torch-eager	cold	2	286	1571.4		
tiny-gpt2	torch-eager	cold	2	287	1587.6		
tiny-gpt2	torch-eager	cold	2	288	1572.1		
tiny-gpt2	torch-eager	cold	2	289	1572.6		
tiny-gpt2	torch-eager	cold	2	290	1583.8		
tiny-gpt2	torch-eager	cold	2	291	1588.6		
tiny-gpt2	torch-eager	cold	2	292	1577.1		
tiny-gpt2	torch-eager	cold	2	293	1562.8		
tiny-gpt2	torch-eager	cold	2	294	1591.2		
tiny-gpt2	torch-eager	cold	2	295	1582.9		
tiny-gpt2	torch-eager	cold	2	296	1586.0		
tiny-gpt2	torch-eager	cold	2	297	1559.3		
tiny-gpt2	torch-eager	cold	2	298	1629.6		
tiny-gpt2	torch-eager	cold	2	299	1598.1		
tiny-gpt2	ours	cold	2	0	545610.0	1	106
tiny-gpt2	ours	cold	2	1	2254228.1	5	64
tiny-gpt2	ours	cold	2	2	300.9	0	18
tiny-gpt2	ours	cold	2	3	923024.9	2	54
tiny-gpt2	ours	cold	2	4	473786.1	1	100
tiny-gpt2	ours	cold	2	5	987.1	1	14
tiny-gpt2	ours	cold	2	6	309.0	0	14
tiny-gpt2	ours	cold	2	7	3075.1	0	14
tiny-gpt2	ours	cold	2	8	139.0	0	14
tiny-gpt2	ours	cold	2	9	129.0	0	14
tiny-gpt2	ours	cold	2	10	142.1	0	14
tiny-gpt2	ours	cold	2	11	135.9	0	14
tiny-gpt2	ours	cold	2	12	133.0	0	14
tiny-gpt2	ours	cold	2	13	231.0	0	14
tiny-gpt2	ours	cold	2	14	146.2	0	14
tiny-gpt2	ours	cold	2	15	134.0	0	14
tiny-gpt2	ours	cold	2	16	216.0	0	14
tiny-gpt2	ours	cold	2	17	141.1	0	14
tiny-gpt2	ours	cold	2	18	127.1	0	14
tiny-gpt2	ours	cold	2	19	220.1	0	14
tiny-gpt2	ours	cold	2	20	139.0	0	14
tiny-gpt2	ours	cold	2	21	136.1	0	14
tiny-gpt2	ours	cold	2	22	213.9	0	14
tiny-gpt2	ours	cold	2	23	132.1	0	14
tiny-gpt2	ours	cold	2	24	127.1	0	14
tiny-gpt2	ours	cold	2	25	215.1	0	14
tiny-gpt2	ours	cold	2	26	142.1	0	14
tiny-gpt2	ours	cold	2	27	134.9	0	14
tiny-gpt2	ours	cold	2	28	196.9	0	14
tiny-gpt2	ours	cold	2	29	141.1	0	14
tiny-gpt2	ours	cold	2	30	125.9	0	14
tiny-gpt2	ours	cold	2	31	214.8	0	14
tiny-gpt2	ours	cold	2	32	140.9	0	14
tiny-gpt2	ours	cold	2	33	134.0	0	14
tiny-gpt2	ours	cold	2	34	210.0	0	14
tiny-gpt2	ours	cold	2	35	140.0	0	14
tiny-gpt2	ours	cold	2	36	132.1	0	14
tiny-gpt2	ours	cold	2	37	233.9	0	14
tiny-gpt2	ours	cold	2	38	141.1	0	14
tiny-gpt2	ours	cold	2	39	134.0	0	14
tiny-gpt2	ours	cold	2	40	205.0	0	14
tiny-gpt2	ours	cold	2	41	146.9	0	14
tiny-gpt2	ours	cold	2	42	132.8	0	14
tiny-gpt2	ours	cold	2	43	214.8	0	14
tiny-gpt2	ours	cold	2	44	139.0	0	14
tiny-gpt2	ours	cold	2	45	134.0	0	14
tiny-gpt2	ours	cold	2	46	201.9	0	14
tiny-gpt2	ours	cold	2	47	147.1	0	14
tiny-gpt2	ours	cold	2	48	140.0	0	14
tiny-gpt2	ours	cold	2	49	226.0	0	14
tiny-gpt2	ours	cold	2	50	140.9	0	14
tiny-gpt2	ours	cold	2	51	133.0	0	14
tiny-gpt2	ours	cold	2	52	200.0	0	14
tiny-gpt2	ours	cold	2	53	145.0	0	14
tiny-gpt2	ours	cold	2	54	133.0	0	14
tiny-gpt2	ours	cold	2	55	211.0	0	14
tiny-gpt2	ours	cold	2	56	139.0	0	14
tiny-gpt2	ours	cold	2	57	133.0	0	14
tiny-gpt2	ours	cold	2	58	205.0	0	14
tiny-gpt2	ours	cold	2	59	149.0	0	14
tiny-gpt2	ours	cold	2	60	135.2	0	14
tiny-gpt2	ours	cold	2	61	215.1	0	14
tiny-gpt2	ours	cold	2	62	140.9	0	14
tiny-gpt2	ours	cold	2	63	133.0	0	14
tiny-gpt2	ours	cold	2	64	201.9	0	14
tiny-gpt2	ours	cold	2	65	145.9	0	14
tiny-gpt2	ours	cold	2	66	133.0	0	14
tiny-gpt2	ours	cold	2	67	212.0	0	14
tiny-gpt2	ours	cold	2	68	138.0	0	14
tiny-gpt2	ours	cold	2	69	129.0	0	14
tiny-gpt2	ours	cold	2	70	204.1	0	14
tiny-gpt2	ours	cold	2	71	138.0	0	14
tiny-gpt2	ours	cold	2	72	134.9	0	14
tiny-gpt2	ours	cold	2	73	217.0	0	14
tiny-gpt2	ours	cold	2	74	130.9	0	14
tiny-gpt2	ours	cold	2	75	134.0	0	14
tiny-gpt2	ours	cold	2	76	202.9	0	14
tiny-gpt2	ours	cold	2	77	148.1	0	14
tiny-gpt2	ours	cold	2	78	137.1	0	14
tiny-gpt2	ours	cold	2	79	217.9	0	14
tiny-gpt2	ours	cold	2	80	140.0	0	14
tiny-gpt2	ours	cold	2	81	132.1	0	14
tiny-gpt2	ours	cold	2	82	202.9	0	14
tiny-gpt2	ours	cold	2	83	139.0	0	14
tiny-gpt2	ours	cold	2	84	144.0	0	14
tiny-gpt2	ours	cold	2	85	216.0	0	14
tiny-gpt2	ours	cold	2	86	140.9	0	14
tiny-gpt2	ours	cold	2	87	134.0	0	14
tiny-gpt2	ours	cold	2	88	203.8	0	14
tiny-gpt2	ours	cold	2	89	137.8	0	14
tiny-gpt2	ours	cold	2	90	145.0	0	14
tiny-gpt2	ours	cold	2	91	212.0	0	14
tiny-gpt2	ours	cold	2	92	139.0	0	14
tiny-gpt2	ours	cold	2	93	133.0	0	14
tiny-gpt2	ours	cold	2	94	202.9	0	14
tiny-gpt2	ours	cold	2	95	135.9	0	14
tiny-gpt2	ours	cold	2	96	142.1	0	14
tiny-gpt2	ours	cold	2	97	214.1	0	14
tiny-gpt2	ours	cold	2	98	140.0	0	14
tiny-gpt2	ours	cold	2	99	132.1	0	14
tiny-gpt2	ours	cold	2	100	204.1	0	14
tiny-gpt2	ours	cold	2	101	140.0	0	14
tiny-gpt2	ours	cold	2	102	145.0	0	14
tiny-gpt2	ours	cold	2	103	216.0	0	14
tiny-gpt2	ours	cold	2	104	140.9	0	14
tiny-gpt2	ours	cold	2	105	134.2	0	14
tiny-gpt2	ours	cold	2	106	200.0	0	14
tiny-gpt2	ours	cold	2	107	137.1	0	14
tiny-gpt2	ours	cold	2	108	135.9	0	14
tiny-gpt2	ours	cold	2	109	215.1	0	14
tiny-gpt2	ours	cold	2	110	141.1	0	14
tiny-gpt2	ours	cold	2	111	132.1	0	14
tiny-gpt2	ours	cold	2	112	201.9	0	14
tiny-gpt2	ours	cold	2	113	139.0	0	14
tiny-gpt2	ours	cold	2	114	143.1	0	14
tiny-gpt2	ours	cold	2	115	215.1	0	14
tiny-gpt2	ours	cold	2	116	140.2	0	14
tiny-gpt2	ours	cold	2	117	134.0	0	14
tiny-gpt2	ours	cold	2	118	201.9	0	14
tiny-gpt2	ours	cold	2	119	138.0	0	14
tiny-gpt2	ours	cold	2	120	132.1	0	14
tiny-gpt2	ours	cold	2	121	224.1	0	14
tiny-gpt2	ours	cold	2	122	140.0	0	14
tiny-gpt2	ours	cold	2	123	127.1	0	14
tiny-gpt2	ours	cold	2	124	201.9	0	14
tiny-gpt2	ours	cold	2	125	139.0	0	14
tiny-gpt2	ours	cold	2	126	135.2	0	14
tiny-gpt2	ours	cold	2	127	220.1	0	14
tiny-gpt2	ours	cold	2	128	140.0	0	14
tiny-gpt2	ours	cold	2	129	133.0	0	14
tiny-gpt2	ours	cold	2	130	205.0	0	14
tiny-gpt2	ours	cold	2	131	140.0	0	14
tiny-gpt2	ours	cold	2	132	133.0	0	14
tiny-gpt2	ours	cold	2	133	241.0	0	14
tiny-gpt2	ours	cold	2	134	140.0	0	14
tiny-gpt2	ours	cold	2	135	134.0	0	14
tiny-gpt2	ours	cold	2	136	203.8	0	14
tiny-gpt2	ours	cold	2	137	140.0	0	14
tiny-gpt2	ours	cold	2	138	134.0	0	14
tiny-gpt2	ours	cold	2	139	232.9	0	14
tiny-gpt2	ours	cold	2	140	138.0	0	14
tiny-gpt2	ours	cold	2	141	134.0	0	14
tiny-gpt2	ours	cold	2	142	205.0	0	14
tiny-gpt2	ours	cold	2	143	140.0	0	14
tiny-gpt2	ours	cold	2	144	134.9	0	14
tiny-gpt2	ours	cold	2	145	221.0	0	14
tiny-gpt2	ours	cold	2	146	141.1	0	14
tiny-gpt2	ours	cold	2	147	134.9	0	14
tiny-gpt2	ours	cold	2	148	203.1	0	14
tiny-gpt2	ours	cold	2	149	138.0	0	14
tiny-gpt2	ours	cold	2	150	136.1	0	14
tiny-gpt2	ours	cold	2	151	219.8	0	14
tiny-gpt2	ours	cold	2	152	139.0	0	14
tiny-gpt2	ours	cold	2	153	135.2	0	14
tiny-gpt2	ours	cold	2	154	201.9	0	14
tiny-gpt2	ours	cold	2	155	137.8	0	14
tiny-gpt2	ours	cold	2	156	134.0	0	14
tiny-gpt2	ours	cold	2	157	229.8	0	14
tiny-gpt2	ours	cold	2	158	142.8	0	14
tiny-gpt2	ours	cold	2	159	134.0	0	14
tiny-gpt2	ours	cold	2	160	201.9	0	14
tiny-gpt2	ours	cold	2	161	139.0	0	14
tiny-gpt2	ours	cold	2	162	134.0	0	14
tiny-gpt2	ours	cold	2	163	223.9	0	14
tiny-gpt2	ours	cold	2	164	139.0	0	14
tiny-gpt2	ours	cold	2	165	134.9	0	14
tiny-gpt2	ours	cold	2	166	205.0	0	14
tiny-gpt2	ours	cold	2	167	140.0	0	14
tiny-gpt2	ours	cold	2	168	134.9	0	14
tiny-gpt2	ours	cold	2	169	221.0	0	14
tiny-gpt2	ours	cold	2	170	141.1	0	14
tiny-gpt2	ours	cold	2	171	134.9	0	14
tiny-gpt2	ours	cold	2	172	202.2	0	14
tiny-gpt2	ours	cold	2	173	140.9	0	14
tiny-gpt2	ours	cold	2	174	135.2	0	14
tiny-gpt2	ours	cold	2	175	217.0	0	14
tiny-gpt2	ours	cold	2	176	142.1	0	14
tiny-gpt2	ours	cold	2	177	134.0	0	14
tiny-gpt2	ours	cold	2	178	206.9	0	14
tiny-gpt2	ours	cold	2	179	139.0	0	14
tiny-gpt2	ours	cold	2	180	133.0	0	14
tiny-gpt2	ours	cold	2	181	216.0	0	14
tiny-gpt2	ours	cold	2	182	141.1	0	14
tiny-gpt2	ours	cold	2	183	134.0	0	14
tiny-gpt2	ours	cold	2	184	206.9	0	14
tiny-gpt2	ours	cold	2	185	139.0	0	14
tiny-gpt2	ours	cold	2	186	135.2	0	14
tiny-gpt2	ours	cold	2	187	208.9	0	14
tiny-gpt2	ours	cold	2	188	148.1	0	14
tiny-gpt2	ours	cold	2	189	134.9	0	14
tiny-gpt2	ours	cold	2	190	206.9	0	14
tiny-gpt2	ours	cold	2	191	139.0	0	14
tiny-gpt2	ours	cold	2	192	136.1	0	14
tiny-gpt2	ours	cold	2	193	218.9	0	14
tiny-gpt2	ours	cold	2	194	142.8	0	14
tiny-gpt2	ours	cold	2	195	134.9	0	14
tiny-gpt2	ours	cold	2	196	201.9	0	14
tiny-gpt2	ours	cold	2	197	144.0	0	14
tiny-gpt2	ours	cold	2	198	135.2	0	14
tiny-gpt2	ours	cold	2	199	216.0	0	14
tiny-gpt2	ours	cold	2	200	150.9	0	14
tiny-gpt2	ours	cold	2	201	134.0	0	14
tiny-gpt2	ours	cold	2	202	206.0	0	14
tiny-gpt2	ours	cold	2	203	144.0	0	14
tiny-gpt2	ours	cold	2	204	135.9	0	14
tiny-gpt2	ours	cold	2	205	215.1	0	14
tiny-gpt2	ours	cold	2	206	151.2	0	14
tiny-gpt2	ours	cold	2	207	140.0	0	14
tiny-gpt2	ours	cold	2	208	206.0	0	14
tiny-gpt2	ours	cold	2	209	139.2	0	14
tiny-gpt2	ours	cold	2	210	135.9	0	14
tiny-gpt2	ours	cold	2	211	214.1	0	14
tiny-gpt2	ours	cold	2	212	146.9	0	14
tiny-gpt2	ours	cold	2	213	134.0	0	14
tiny-gpt2	ours	cold	2	214	203.8	0	14
tiny-gpt2	ours	cold	2	215	139.0	0	14
tiny-gpt2	ours	cold	2	216	134.0	0	14
tiny-gpt2	ours	cold	2	217	216.0	0	14
tiny-gpt2	ours	cold	2	218	148.1	0	14
tiny-gpt2	ours	cold	2	219	134.9	0	14
tiny-gpt2	ours	cold	2	220	204.1	0	14
tiny-gpt2	ours	cold	2	221	138.0	0	14
tiny-gpt2	ours	cold	2	222	134.0	0	14
tiny-gpt2	ours	cold	2	223	207.9	0	14
tiny-gpt2	ours	cold	2	224	150.2	0	14
tiny-gpt2	ours	cold	2	225	134.0	0	14
tiny-gpt2	ours	cold	2	226	202.9	0	14
tiny-gpt2	ours	cold	2	227	139.0	0	14
tiny-gpt2	ours	cold	2	228	133.0	0	14
tiny-gpt2	ours	cold	2	229	237.0	0	14
tiny-gpt2	ours	cold	2	230	150.0	0	14
tiny-gpt2	ours	cold	2	231	134.0	0	14
tiny-gpt2	ours	cold	2	232	204.1	0	14
tiny-gpt2	ours	cold	2	233	139.0	0	14
tiny-gpt2	ours	cold	2	234	134.2	0	14
tiny-gpt2	ours	cold	2	235	212.0	0	14
tiny-gpt2	ours	cold	2	236	145.9	0	14
tiny-gpt2	ours	cold	2	237	135.2	0	14
tiny-gpt2	ours	cold	2	238	203.8	0	14
tiny-gpt2	ours	cold	2	239	136.9	0	14
tiny-gpt2	ours	cold	2	240	135.2	0	14
tiny-gpt2	ours	cold	2	241	219.8	0	14
tiny-gpt2	ours	cold	2	242	140.0	0	14
tiny-gpt2	ours	cold	2	243	129.0	0	14
tiny-gpt2	ours	cold	2	244	204.1	0	14
tiny-gpt2	ours	cold	2	245	137.1	0	14
tiny-gpt2	ours	cold	2	246	133.0	0	14
tiny-gpt2	ours	cold	2	247	222.9	0	14
tiny-gpt2	ours	cold	2	248	140.0	0	14
tiny-gpt2	ours	cold	2	249	136.9	0	14
tiny-gpt2	ours	cold	2	250	212.9	0	14
tiny-gpt2	ours	cold	2	251	140.0	0	14
tiny-gpt2	ours	cold	2	252	132.8	0	14
tiny-gpt2	ours	cold	2	253	213.1	0	14
tiny-gpt2	ours	cold	2	254	142.1	0	14
tiny-gpt2	ours	cold	2	255	145.9	0	14
tiny-gpt2	ours	cold	2	256	205.0	0	14
tiny-gpt2	ours	cold	2	257	137.8	0	14
tiny-gpt2	ours	cold	2	258	134.0	0	14
tiny-gpt2	ours	cold	2	259	216.0	0	14
tiny-gpt2	ours	cold	2	260	131.8	0	14
tiny-gpt2	ours	cold	2	261	142.1	0	14
tiny-gpt2	ours	cold	2	262	201.9	0	14
tiny-gpt2	ours	cold	2	263	137.8	0	14
tiny-gpt2	ours	cold	2	264	130.9	0	14
tiny-gpt2	ours	cold	2	265	217.0	0	14
tiny-gpt2	ours	cold	2	266	140.0	0	14
tiny-gpt2	ours	cold	2	267	143.1	0	14
tiny-gpt2	ours	cold	2	268	196.9	0	14
tiny-gpt2	ours	cold	2	269	140.2	0	14
tiny-gpt2	ours	cold	2	270	135.9	0	14
tiny-gpt2	ours	cold	2	271	211.0	0	14
tiny-gpt2	ours	cold	2	272	139.0	0	14
tiny-gpt2	ours	cold	2	273	134.9	0	14
tiny-gpt2	ours	cold	2	274	208.9	0	14
tiny-gpt2	ours	cold	2	275	137.8	0	14
tiny-gpt2	ours	cold	2	276	133.0	0	14
tiny-gpt2	ours	cold	2	277	215.1	0	14
tiny-gpt2	ours	cold	2	278	139.0	0	14
tiny-gpt2	ours	cold	2	279	134.0	0	14
tiny-gpt2	ours	cold	2	280	203.8	0	14
tiny-gpt2	ours	cold	2	281	140.0	0	14
tiny-gpt2	ours	cold	2	282	134.9	0	14
tiny-gpt2	ours	cold	2	283	214.1	0	14
tiny-gpt2	ours	cold	2	284	138.0	0	14
tiny-gpt2	ours	cold	2	285	134.0	0	14
tiny-gpt2	ours	cold	2	286	213.1	0	14
tiny-gpt2	ours	cold	2	287	140.0	0	14
tiny-gpt2	ours	cold	2	288	136.1	0	14
tiny-gpt2	ours	cold	2	289	217.0	0	14
tiny-gpt2	ours	cold	2	290	132.1	0	14
tiny-gpt2	ours	cold	2	291	134.0	0	14
tiny-gpt2	ours	cold	2	292	211.0	0	14
tiny-gpt2	ours	cold	2	293	139.0	0	14
tiny-gpt2	ours	cold	2	294	134.0	0	14
tiny-gpt2	ours	cold	2	295	210.0	0	14
tiny-gpt2	ours	cold	2	296	138.0	0	14
tiny-gpt2	ours	cold	2	297	131.8	0	14
tiny-gpt2	ours	cold	2	298	212.2	0	14
tiny-gpt2	ours	cold	2	299	137.1	0	14
tiny-gpt2	torch-compile	cold	2	0	3174848.3		
tiny-gpt2	torch-compile	cold	2	1	639.9		
tiny-gpt2	torch-compile	cold	2	2	417.7		
tiny-gpt2	torch-compile	cold	2	3	381.0		
tiny-gpt2	torch-compile	cold	2	4	376.9		
tiny-gpt2	torch-compile	cold	2	5	381.0		
tiny-gpt2	torch-compile	cold	2	6	367.2		
tiny-gpt2	torch-compile	cold	2	7	365.5		
tiny-gpt2	torch-compile	cold	2	8	353.1		
tiny-gpt2	torch-compile	cold	2	9	344.3		
tiny-gpt2	torch-compile	cold	2	10	366.7		
tiny-gpt2	torch-compile	cold	2	11	347.4		
tiny-gpt2	torch-compile	cold	2	12	343.1		
tiny-gpt2	torch-compile	cold	2	13	352.6		
tiny-gpt2	torch-compile	cold	2	14	346.7		
tiny-gpt2	torch-compile	cold	2	15	340.2		
tiny-gpt2	torch-compile	cold	2	16	353.1		
tiny-gpt2	torch-compile	cold	2	17	356.7		
tiny-gpt2	torch-compile	cold	2	18	340.5		
tiny-gpt2	torch-compile	cold	2	19	349.8		
tiny-gpt2	torch-compile	cold	2	20	339.5		
tiny-gpt2	torch-compile	cold	2	21	338.8		
tiny-gpt2	torch-compile	cold	2	22	348.8		
tiny-gpt2	torch-compile	cold	2	23	338.8		
tiny-gpt2	torch-compile	cold	2	24	336.9		
tiny-gpt2	torch-compile	cold	2	25	349.8		
tiny-gpt2	torch-compile	cold	2	26	342.4		
tiny-gpt2	torch-compile	cold	2	27	345.9		
tiny-gpt2	torch-compile	cold	2	28	344.5		
tiny-gpt2	torch-compile	cold	2	29	337.8		
tiny-gpt2	torch-compile	cold	2	30	348.6		
tiny-gpt2	torch-compile	cold	2	31	338.6		
tiny-gpt2	torch-compile	cold	2	32	365.3		
tiny-gpt2	torch-compile	cold	2	33	361.4		
tiny-gpt2	torch-compile	cold	2	34	336.9		
tiny-gpt2	torch-compile	cold	2	35	339.5		
tiny-gpt2	torch-compile	cold	2	36	370.3		
tiny-gpt2	torch-compile	cold	2	37	355.7		
tiny-gpt2	torch-compile	cold	2	38	355.0		
tiny-gpt2	torch-compile	cold	2	39	346.2		
tiny-gpt2	torch-compile	cold	2	40	338.6		
tiny-gpt2	torch-compile	cold	2	41	365.3		
tiny-gpt2	torch-compile	cold	2	42	351.2		
tiny-gpt2	torch-compile	cold	2	43	338.3		
tiny-gpt2	torch-compile	cold	2	44	356.9		
tiny-gpt2	torch-compile	cold	2	45	356.0		
tiny-gpt2	torch-compile	cold	2	46	355.0		
tiny-gpt2	torch-compile	cold	2	47	351.7		
tiny-gpt2	torch-compile	cold	2	48	339.3		
tiny-gpt2	torch-compile	cold	2	49	335.7		
tiny-gpt2	torch-compile	cold	2	50	353.6		
tiny-gpt2	torch-compile	cold	2	51	340.9		
tiny-gpt2	torch-compile	cold	2	52	339.0		
tiny-gpt2	torch-compile	cold	2	53	352.6		
tiny-gpt2	torch-compile	cold	2	54	336.6		
tiny-gpt2	torch-compile	cold	2	55	339.0		
tiny-gpt2	torch-compile	cold	2	56	352.1		
tiny-gpt2	torch-compile	cold	2	57	342.6		
tiny-gpt2	torch-compile	cold	2	58	337.1		
tiny-gpt2	torch-compile	cold	2	59	343.6		
tiny-gpt2	torch-compile	cold	2	60	335.5		
tiny-gpt2	torch-compile	cold	2	61	335.7		
tiny-gpt2	torch-compile	cold	2	62	352.6		
tiny-gpt2	torch-compile	cold	2	63	335.0		
tiny-gpt2	torch-compile	cold	2	64	332.1		
tiny-gpt2	torch-compile	cold	2	65	343.1		
tiny-gpt2	torch-compile	cold	2	66	337.4		
tiny-gpt2	torch-compile	cold	2	67	337.1		
tiny-gpt2	torch-compile	cold	2	68	342.8		
tiny-gpt2	torch-compile	cold	2	69	335.2		
tiny-gpt2	torch-compile	cold	2	70	334.0		
tiny-gpt2	torch-compile	cold	2	71	342.8		
tiny-gpt2	torch-compile	cold	2	72	334.3		
tiny-gpt2	torch-compile	cold	2	73	345.2		
tiny-gpt2	torch-compile	cold	2	74	365.5		
tiny-gpt2	torch-compile	cold	2	75	353.1		
tiny-gpt2	torch-compile	cold	2	76	344.8		
tiny-gpt2	torch-compile	cold	2	77	335.0		
tiny-gpt2	torch-compile	cold	2	78	332.4		
tiny-gpt2	torch-compile	cold	2	79	347.9		
tiny-gpt2	torch-compile	cold	2	80	336.6		
tiny-gpt2	torch-compile	cold	2	81	333.1		
tiny-gpt2	torch-compile	cold	2	82	363.8		
tiny-gpt2	torch-compile	cold	2	83	335.0		
tiny-gpt2	torch-compile	cold	2	84	332.8		
tiny-gpt2	torch-compile	cold	2	85	343.8		
tiny-gpt2	torch-compile	cold	2	86	335.5		
tiny-gpt2	torch-compile	cold	2	87	333.8		
tiny-gpt2	torch-compile	cold	2	88	340.2		
tiny-gpt2	torch-compile	cold	2	89	332.1		
tiny-gpt2	torch-compile	cold	2	90	353.8		
tiny-gpt2	torch-compile	cold	2	91	348.8		
tiny-gpt2	torch-compile	cold	2	92	338.3		
tiny-gpt2	torch-compile	cold	2	93	336.9		
tiny-gpt2	torch-compile	cold	2	94	345.9		
tiny-gpt2	torch-compile	cold	2	95	335.5		
tiny-gpt2	torch-compile	cold	2	96	340.9		
tiny-gpt2	torch-compile	cold	2	97	342.4		
tiny-gpt2	torch-compile	cold	2	98	334.7		
tiny-gpt2	torch-compile	cold	2	99	335.2		
tiny-gpt2	torch-compile	cold	2	100	344.8		
tiny-gpt2	torch-compile	cold	2	101	333.3		
tiny-gpt2	torch-compile	cold	2	102	336.6		
tiny-gpt2	torch-compile	cold	2	103	353.3		
tiny-gpt2	torch-compile	cold	2	104	345.9		
tiny-gpt2	torch-compile	cold	2	105	335.9		
tiny-gpt2	torch-compile	cold	2	106	337.6		
tiny-gpt2	torch-compile	cold	2	107	333.8		
tiny-gpt2	torch-compile	cold	2	108	340.7		
tiny-gpt2	torch-compile	cold	2	109	335.0		
tiny-gpt2	torch-compile	cold	2	110	336.2		
tiny-gpt2	torch-compile	cold	2	111	343.6		
tiny-gpt2	torch-compile	cold	2	112	334.7		
tiny-gpt2	torch-compile	cold	2	113	331.9		
tiny-gpt2	torch-compile	cold	2	114	344.5		
tiny-gpt2	torch-compile	cold	2	115	336.6		
tiny-gpt2	torch-compile	cold	2	116	334.5		
tiny-gpt2	torch-compile	cold	2	117	342.8		
tiny-gpt2	torch-compile	cold	2	118	331.6		
tiny-gpt2	torch-compile	cold	2	119	334.5		
tiny-gpt2	torch-compile	cold	2	120	350.7		
tiny-gpt2	torch-compile	cold	2	121	334.3		
tiny-gpt2	torch-compile	cold	2	122	332.6		
tiny-gpt2	torch-compile	cold	2	123	343.3		
tiny-gpt2	torch-compile	cold	2	124	332.1		
tiny-gpt2	torch-compile	cold	2	125	330.9		
tiny-gpt2	torch-compile	cold	2	126	342.8		
tiny-gpt2	torch-compile	cold	2	127	333.5		
tiny-gpt2	torch-compile	cold	2	128	332.6		
tiny-gpt2	torch-compile	cold	2	129	341.7		
tiny-gpt2	torch-compile	cold	2	130	333.1		
tiny-gpt2	torch-compile	cold	2	131	329.5		
tiny-gpt2	torch-compile	cold	2	132	338.6		
tiny-gpt2	torch-compile	cold	2	133	332.8		
tiny-gpt2	torch-compile	cold	2	134	330.4		
tiny-gpt2	torch-compile	cold	2	135	341.9		
tiny-gpt2	torch-compile	cold	2	136	334.5		
tiny-gpt2	torch-compile	cold	2	137	334.0		
tiny-gpt2	torch-compile	cold	2	138	344.5		
tiny-gpt2	torch-compile	cold	2	139	332.4		
tiny-gpt2	torch-compile	cold	2	140	329.7		
tiny-gpt2	torch-compile	cold	2	141	346.2		
tiny-gpt2	torch-compile	cold	2	142	332.4		
tiny-gpt2	torch-compile	cold	2	143	331.4		
tiny-gpt2	torch-compile	cold	2	144	340.2		
tiny-gpt2	torch-compile	cold	2	145	335.7		
tiny-gpt2	torch-compile	cold	2	146	330.9		
tiny-gpt2	torch-compile	cold	2	147	344.0		
tiny-gpt2	torch-compile	cold	2	148	336.4		
tiny-gpt2	torch-compile	cold	2	149	333.5		
tiny-gpt2	torch-compile	cold	2	150	341.7		
tiny-gpt2	torch-compile	cold	2	151	333.5		
tiny-gpt2	torch-compile	cold	2	152	334.5		
tiny-gpt2	torch-compile	cold	2	153	345.5		
tiny-gpt2	torch-compile	cold	2	154	333.3		
tiny-gpt2	torch-compile	cold	2	155	330.9		
tiny-gpt2	torch-compile	cold	2	156	343.3		
tiny-gpt2	torch-compile	cold	2	157	336.2		
tiny-gpt2	torch-compile	cold	2	158	337.1		
tiny-gpt2	torch-compile	cold	2	159	340.9		
tiny-gpt2	torch-compile	cold	2	160	342.1		
tiny-gpt2	torch-compile	cold	2	161	345.0		
tiny-gpt2	torch-compile	cold	2	162	336.9		
tiny-gpt2	torch-compile	cold	2	163	336.4		
tiny-gpt2	torch-compile	cold	2	164	345.0		
tiny-gpt2	torch-compile	cold	2	165	334.7		
tiny-gpt2	torch-compile	cold	2	166	330.7		
tiny-gpt2	torch-compile	cold	2	167	339.0		
tiny-gpt2	torch-compile	cold	2	168	338.6		
tiny-gpt2	torch-compile	cold	2	169	330.4		
tiny-gpt2	torch-compile	cold	2	170	340.7		
tiny-gpt2	torch-compile	cold	2	171	360.5		
tiny-gpt2	torch-compile	cold	2	172	340.2		
tiny-gpt2	torch-compile	cold	2	173	343.6		
tiny-gpt2	torch-compile	cold	2	174	334.3		
tiny-gpt2	torch-compile	cold	2	175	332.1		
tiny-gpt2	torch-compile	cold	2	176	343.3		
tiny-gpt2	torch-compile	cold	2	177	332.8		
tiny-gpt2	torch-compile	cold	2	178	331.2		
tiny-gpt2	torch-compile	cold	2	179	341.9		
tiny-gpt2	torch-compile	cold	2	180	332.1		
tiny-gpt2	torch-compile	cold	2	181	330.0		
tiny-gpt2	torch-compile	cold	2	182	340.9		
tiny-gpt2	torch-compile	cold	2	183	331.2		
tiny-gpt2	torch-compile	cold	2	184	329.3		
tiny-gpt2	torch-compile	cold	2	185	339.5		
tiny-gpt2	torch-compile	cold	2	186	344.5		
tiny-gpt2	torch-compile	cold	2	187	332.1		
tiny-gpt2	torch-compile	cold	2	188	340.2		
tiny-gpt2	torch-compile	cold	2	189	333.5		
tiny-gpt2	torch-compile	cold	2	190	330.9		
tiny-gpt2	torch-compile	cold	2	191	342.4		
tiny-gpt2	torch-compile	cold	2	192	328.3		
tiny-gpt2	torch-compile	cold	2	193	331.4		
tiny-gpt2	torch-compile	cold	2	194	339.0		
tiny-gpt2	torch-compile	cold	2	195	331.2		
tiny-gpt2	torch-compile	cold	2	196	328.5		
tiny-gpt2	torch-compile	cold	2	197	341.7		
tiny-gpt2	torch-compile	cold	2	198	331.2		
tiny-gpt2	torch-compile	cold	2	199	330.4		
tiny-gpt2	torch-compile	cold	2	200	338.1		
tiny-gpt2	torch-compile	cold	2	201	336.9		
tiny-gpt2	torch-compile	cold	2	202	330.9		
tiny-gpt2	torch-compile	cold	2	203	345.0		
tiny-gpt2	torch-compile	cold	2	204	336.6		
tiny-gpt2	torch-compile	cold	2	205	327.3		
tiny-gpt2	torch-compile	cold	2	206	338.3		
tiny-gpt2	torch-compile	cold	2	207	331.6		
tiny-gpt2	torch-compile	cold	2	208	329.0		
tiny-gpt2	torch-compile	cold	2	209	343.1		
tiny-gpt2	torch-compile	cold	2	210	330.7		
tiny-gpt2	torch-compile	cold	2	211	330.7		
tiny-gpt2	torch-compile	cold	2	212	337.8		
tiny-gpt2	torch-compile	cold	2	213	328.1		
tiny-gpt2	torch-compile	cold	2	214	329.5		
tiny-gpt2	torch-compile	cold	2	215	336.9		
tiny-gpt2	torch-compile	cold	2	216	329.5		
tiny-gpt2	torch-compile	cold	2	217	333.5		
tiny-gpt2	torch-compile	cold	2	218	339.7		
tiny-gpt2	torch-compile	cold	2	219	329.7		
tiny-gpt2	torch-compile	cold	2	220	329.0		
tiny-gpt2	torch-compile	cold	2	221	340.5		
tiny-gpt2	torch-compile	cold	2	222	334.0		
tiny-gpt2	torch-compile	cold	2	223	332.1		
tiny-gpt2	torch-compile	cold	2	224	340.7		
tiny-gpt2	torch-compile	cold	2	225	329.0		
tiny-gpt2	torch-compile	cold	2	226	332.1		
tiny-gpt2	torch-compile	cold	2	227	339.7		
tiny-gpt2	torch-compile	cold	2	228	330.7		
tiny-gpt2	torch-compile	cold	2	229	328.3		
tiny-gpt2	torch-compile	cold	2	230	341.2		
tiny-gpt2	torch-compile	cold	2	231	328.8		
tiny-gpt2	torch-compile	cold	2	232	328.5		
tiny-gpt2	torch-compile	cold	2	233	340.9		
tiny-gpt2	torch-compile	cold	2	234	331.9		
tiny-gpt2	torch-compile	cold	2	235	329.0		
tiny-gpt2	torch-compile	cold	2	236	339.0		
tiny-gpt2	torch-compile	cold	2	237	327.3		
tiny-gpt2	torch-compile	cold	2	238	329.0		
tiny-gpt2	torch-compile	cold	2	239	338.8		
tiny-gpt2	torch-compile	cold	2	240	328.5		
tiny-gpt2	torch-compile	cold	2	241	327.6		
tiny-gpt2	torch-compile	cold	2	242	344.0		
tiny-gpt2	torch-compile	cold	2	243	336.9		
tiny-gpt2	torch-compile	cold	2	244	335.9		
tiny-gpt2	torch-compile	cold	2	245	329.5		
tiny-gpt2	torch-compile	cold	2	246	326.9		
tiny-gpt2	torch-compile	cold	2	247	340.0		
tiny-gpt2	torch-compile	cold	2	248	329.7		
tiny-gpt2	torch-compile	cold	2	249	329.0		
tiny-gpt2	torch-compile	cold	2	250	336.6		
tiny-gpt2	torch-compile	cold	2	251	330.2		
tiny-gpt2	torch-compile	cold	2	252	326.6		
tiny-gpt2	torch-compile	cold	2	253	334.0		
tiny-gpt2	torch-compile	cold	2	254	330.9		
tiny-gpt2	torch-compile	cold	2	255	327.8		
tiny-gpt2	torch-compile	cold	2	256	333.1		
tiny-gpt2	torch-compile	cold	2	257	329.7		
tiny-gpt2	torch-compile	cold	2	258	327.6		
tiny-gpt2	torch-compile	cold	2	259	335.0		
tiny-gpt2	torch-compile	cold	2	260	329.0		
tiny-gpt2	torch-compile	cold	2	261	329.7		
tiny-gpt2	torch-compile	cold	2	262	335.9		
tiny-gpt2	torch-compile	cold	2	263	328.3		
tiny-gpt2	torch-compile	cold	2	264	328.8		
tiny-gpt2	torch-compile	cold	2	265	335.5		
tiny-gpt2	torch-compile	cold	2	266	327.3		
tiny-gpt2	torch-compile	cold	2	267	327.8		
tiny-gpt2	torch-compile	cold	2	268	348.1		
tiny-gpt2	torch-compile	cold	2	269	335.5		
tiny-gpt2	torch-compile	cold	2	270	339.3		
tiny-gpt2	torch-compile	cold	2	271	360.7		
tiny-gpt2	torch-compile	cold	2	272	330.7		
tiny-gpt2	torch-compile	cold	2	273	326.9		
tiny-gpt2	torch-compile	cold	2	274	341.2		
tiny-gpt2	torch-compile	cold	2	275	328.5		
tiny-gpt2	torch-compile	cold	2	276	326.6		
tiny-gpt2	torch-compile	cold	2	277	335.9		
tiny-gpt2	torch-compile	cold	2	278	328.1		
tiny-gpt2	torch-compile	cold	2	279	328.1		
tiny-gpt2	torch-compile	cold	2	280	338.6		
tiny-gpt2	torch-compile	cold	2	281	328.8		
tiny-gpt2	torch-compile	cold	2	282	328.1		
tiny-gpt2	torch-compile	cold	2	283	335.9		
tiny-gpt2	torch-compile	cold	2	284	327.6		
tiny-gpt2	torch-compile	cold	2	285	345.2		
tiny-gpt2	torch-compile	cold	2	286	352.1		
tiny-gpt2	torch-compile	cold	2	287	333.5		
tiny-gpt2	torch-compile	cold	2	288	330.9		
tiny-gpt2	torch-compile	cold	2	289	339.7		
tiny-gpt2	torch-compile	cold	2	290	326.4		
tiny-gpt2	torch-compile	cold	2	291	329.5		
tiny-gpt2	torch-compile	cold	2	292	338.6		
tiny-gpt2	torch-compile	cold	2	293	330.2		
tiny-gpt2	torch-compile	cold	2	294	325.7		
tiny-gpt2	torch-compile	cold	2	295	336.2		
tiny-gpt2	torch-compile	cold	2	296	325.4		
tiny-gpt2	torch-compile	cold	2	297	327.1		
tiny-gpt2	torch-compile	cold	2	298	336.4		
tiny-gpt2	torch-compile	cold	2	299	326.4		
tiny-gpt2	torch-compile-ro	cold	2	0	2385263.4		
tiny-gpt2	torch-compile-ro	cold	2	1	24962.9		
tiny-gpt2	torch-compile-ro	cold	2	2	482.3		
tiny-gpt2	torch-compile-ro	cold	2	3	234.8		
tiny-gpt2	torch-compile-ro	cold	2	4	215.5		
tiny-gpt2	torch-compile-ro	cold	2	5	204.6		
tiny-gpt2	torch-compile-ro	cold	2	6	200.3		
tiny-gpt2	torch-compile-ro	cold	2	7	198.6		
tiny-gpt2	torch-compile-ro	cold	2	8	196.2		
tiny-gpt2	torch-compile-ro	cold	2	9	194.1		
tiny-gpt2	torch-compile-ro	cold	2	10	197.6		
tiny-gpt2	torch-compile-ro	cold	2	11	198.6		
tiny-gpt2	torch-compile-ro	cold	2	12	196.9		
tiny-gpt2	torch-compile-ro	cold	2	13	197.4		
tiny-gpt2	torch-compile-ro	cold	2	14	196.5		
tiny-gpt2	torch-compile-ro	cold	2	15	197.4		
tiny-gpt2	torch-compile-ro	cold	2	16	193.6		
tiny-gpt2	torch-compile-ro	cold	2	17	194.3		
tiny-gpt2	torch-compile-ro	cold	2	18	194.3		
tiny-gpt2	torch-compile-ro	cold	2	19	194.1		
tiny-gpt2	torch-compile-ro	cold	2	20	204.8		
tiny-gpt2	torch-compile-ro	cold	2	21	193.8		
tiny-gpt2	torch-compile-ro	cold	2	22	191.2		
tiny-gpt2	torch-compile-ro	cold	2	23	191.2		
tiny-gpt2	torch-compile-ro	cold	2	24	190.7		
tiny-gpt2	torch-compile-ro	cold	2	25	204.3		
tiny-gpt2	torch-compile-ro	cold	2	26	196.2		
tiny-gpt2	torch-compile-ro	cold	2	27	192.4		
tiny-gpt2	torch-compile-ro	cold	2	28	192.6		
tiny-gpt2	torch-compile-ro	cold	2	29	193.4		
tiny-gpt2	torch-compile-ro	cold	2	30	203.4		
tiny-gpt2	torch-compile-ro	cold	2	31	193.8		
tiny-gpt2	torch-compile-ro	cold	2	32	193.8		
tiny-gpt2	torch-compile-ro	cold	2	33	191.5		
tiny-gpt2	torch-compile-ro	cold	2	34	192.6		
tiny-gpt2	torch-compile-ro	cold	2	35	201.0		
tiny-gpt2	torch-compile-ro	cold	2	36	191.7		
tiny-gpt2	torch-compile-ro	cold	2	37	190.5		
tiny-gpt2	torch-compile-ro	cold	2	38	191.9		
tiny-gpt2	torch-compile-ro	cold	2	39	191.0		
tiny-gpt2	torch-compile-ro	cold	2	40	198.1		
tiny-gpt2	torch-compile-ro	cold	2	41	193.1		
tiny-gpt2	torch-compile-ro	cold	2	42	201.2		
tiny-gpt2	torch-compile-ro	cold	2	43	208.6		
tiny-gpt2	torch-compile-ro	cold	2	44	200.3		
tiny-gpt2	torch-compile-ro	cold	2	45	217.2		
tiny-gpt2	torch-compile-ro	cold	2	46	196.2		
tiny-gpt2	torch-compile-ro	cold	2	47	192.6		
tiny-gpt2	torch-compile-ro	cold	2	48	194.5		
tiny-gpt2	torch-compile-ro	cold	2	49	191.7		
tiny-gpt2	torch-compile-ro	cold	2	50	201.5		
tiny-gpt2	torch-compile-ro	cold	2	51	192.4		
tiny-gpt2	torch-compile-ro	cold	2	52	193.6		
tiny-gpt2	torch-compile-ro	cold	2	53	193.4		
tiny-gpt2	torch-compile-ro	cold	2	54	194.1		
tiny-gpt2	torch-compile-ro	cold	2	55	201.9		
tiny-gpt2	torch-compile-ro	cold	2	56	195.0		
tiny-gpt2	torch-compile-ro	cold	2	57	194.3		
tiny-gpt2	torch-compile-ro	cold	2	58	191.9		
tiny-gpt2	torch-compile-ro	cold	2	59	191.9		
tiny-gpt2	torch-compile-ro	cold	2	60	207.4		
tiny-gpt2	torch-compile-ro	cold	2	61	195.3		
tiny-gpt2	torch-compile-ro	cold	2	62	191.2		
tiny-gpt2	torch-compile-ro	cold	2	63	192.9		
tiny-gpt2	torch-compile-ro	cold	2	64	191.2		
tiny-gpt2	torch-compile-ro	cold	2	65	200.5		
tiny-gpt2	torch-compile-ro	cold	2	66	191.5		
tiny-gpt2	torch-compile-ro	cold	2	67	193.1		
tiny-gpt2	torch-compile-ro	cold	2	68	190.3		
tiny-gpt2	torch-compile-ro	cold	2	69	189.8		
tiny-gpt2	torch-compile-ro	cold	2	70	199.6		
tiny-gpt2	torch-compile-ro	cold	2	71	192.9		
tiny-gpt2	torch-compile-ro	cold	2	72	191.2		
tiny-gpt2	torch-compile-ro	cold	2	73	190.0		
tiny-gpt2	torch-compile-ro	cold	2	74	189.5		
tiny-gpt2	torch-compile-ro	cold	2	75	191.9		
tiny-gpt2	torch-compile-ro	cold	2	76	196.9		
tiny-gpt2	torch-compile-ro	cold	2	77	193.1		
tiny-gpt2	torch-compile-ro	cold	2	78	191.0		
tiny-gpt2	torch-compile-ro	cold	2	79	190.0		
tiny-gpt2	torch-compile-ro	cold	2	80	191.7		
tiny-gpt2	torch-compile-ro	cold	2	81	192.6		
tiny-gpt2	torch-compile-ro	cold	2	82	191.0		
tiny-gpt2	torch-compile-ro	cold	2	83	191.5		
tiny-gpt2	torch-compile-ro	cold	2	84	191.5		
tiny-gpt2	torch-compile-ro	cold	2	85	191.9		
tiny-gpt2	torch-compile-ro	cold	2	86	197.9		
tiny-gpt2	torch-compile-ro	cold	2	87	191.2		
tiny-gpt2	torch-compile-ro	cold	2	88	190.7		
tiny-gpt2	torch-compile-ro	cold	2	89	189.5		
tiny-gpt2	torch-compile-ro	cold	2	90	190.3		
tiny-gpt2	torch-compile-ro	cold	2	91	200.5		
tiny-gpt2	torch-compile-ro	cold	2	92	191.2		
tiny-gpt2	torch-compile-ro	cold	2	93	191.5		
tiny-gpt2	torch-compile-ro	cold	2	94	190.7		
tiny-gpt2	torch-compile-ro	cold	2	95	193.8		
tiny-gpt2	torch-compile-ro	cold	2	96	200.7		
tiny-gpt2	torch-compile-ro	cold	2	97	192.4		
tiny-gpt2	torch-compile-ro	cold	2	98	191.9		
tiny-gpt2	torch-compile-ro	cold	2	99	191.7		
tiny-gpt2	torch-compile-ro	cold	2	100	190.3		
tiny-gpt2	torch-compile-ro	cold	2	101	198.6		
tiny-gpt2	torch-compile-ro	cold	2	102	191.9		
tiny-gpt2	torch-compile-ro	cold	2	103	192.4		
tiny-gpt2	torch-compile-ro	cold	2	104	191.9		
tiny-gpt2	torch-compile-ro	cold	2	105	191.2		
tiny-gpt2	torch-compile-ro	cold	2	106	197.6		
tiny-gpt2	torch-compile-ro	cold	2	107	196.7		
tiny-gpt2	torch-compile-ro	cold	2	108	192.4		
tiny-gpt2	torch-compile-ro	cold	2	109	191.0		
tiny-gpt2	torch-compile-ro	cold	2	110	195.0		
tiny-gpt2	torch-compile-ro	cold	2	111	190.3		
tiny-gpt2	torch-compile-ro	cold	2	112	194.5		
tiny-gpt2	torch-compile-ro	cold	2	113	191.2		
tiny-gpt2	torch-compile-ro	cold	2	114	190.0		
tiny-gpt2	torch-compile-ro	cold	2	115	191.0		
tiny-gpt2	torch-compile-ro	cold	2	116	191.2		
tiny-gpt2	torch-compile-ro	cold	2	117	193.4		
tiny-gpt2	torch-compile-ro	cold	2	118	190.0		
tiny-gpt2	torch-compile-ro	cold	2	119	191.7		
tiny-gpt2	torch-compile-ro	cold	2	120	193.6		
tiny-gpt2	torch-compile-ro	cold	2	121	195.7		
tiny-gpt2	torch-compile-ro	cold	2	122	194.1		
tiny-gpt2	torch-compile-ro	cold	2	123	191.5		
tiny-gpt2	torch-compile-ro	cold	2	124	191.0		
tiny-gpt2	torch-compile-ro	cold	2	125	191.7		
tiny-gpt2	torch-compile-ro	cold	2	126	192.4		
tiny-gpt2	torch-compile-ro	cold	2	127	205.0		
tiny-gpt2	torch-compile-ro	cold	2	128	191.2		
tiny-gpt2	torch-compile-ro	cold	2	129	191.2		
tiny-gpt2	torch-compile-ro	cold	2	130	190.7		
tiny-gpt2	torch-compile-ro	cold	2	131	191.7		
tiny-gpt2	torch-compile-ro	cold	2	132	198.8		
tiny-gpt2	torch-compile-ro	cold	2	133	190.7		
tiny-gpt2	torch-compile-ro	cold	2	134	191.2		
tiny-gpt2	torch-compile-ro	cold	2	135	205.8		
tiny-gpt2	torch-compile-ro	cold	2	136	195.5		
tiny-gpt2	torch-compile-ro	cold	2	137	202.7		
tiny-gpt2	torch-compile-ro	cold	2	138	200.0		
tiny-gpt2	torch-compile-ro	cold	2	139	193.8		
tiny-gpt2	torch-compile-ro	cold	2	140	189.8		
tiny-gpt2	torch-compile-ro	cold	2	141	189.3		
tiny-gpt2	torch-compile-ro	cold	2	142	198.6		
tiny-gpt2	torch-compile-ro	cold	2	143	188.4		
tiny-gpt2	torch-compile-ro	cold	2	144	189.3		
tiny-gpt2	torch-compile-ro	cold	2	145	190.7		
tiny-gpt2	torch-compile-ro	cold	2	146	188.6		
tiny-gpt2	torch-compile-ro	cold	2	147	197.6		
tiny-gpt2	torch-compile-ro	cold	2	148	190.0		
tiny-gpt2	torch-compile-ro	cold	2	149	189.8		
tiny-gpt2	torch-compile-ro	cold	2	150	188.1		
tiny-gpt2	torch-compile-ro	cold	2	151	189.5		
tiny-gpt2	torch-compile-ro	cold	2	152	189.3		
tiny-gpt2	torch-compile-ro	cold	2	153	190.7		
tiny-gpt2	torch-compile-ro	cold	2	154	188.8		
tiny-gpt2	torch-compile-ro	cold	2	155	190.0		
tiny-gpt2	torch-compile-ro	cold	2	156	192.9		
tiny-gpt2	torch-compile-ro	cold	2	157	190.3		
tiny-gpt2	torch-compile-ro	cold	2	158	192.2		
tiny-gpt2	torch-compile-ro	cold	2	159	189.8		
tiny-gpt2	torch-compile-ro	cold	2	160	189.3		
tiny-gpt2	torch-compile-ro	cold	2	161	188.1		
tiny-gpt2	torch-compile-ro	cold	2	162	188.1		
tiny-gpt2	torch-compile-ro	cold	2	163	197.4		
tiny-gpt2	torch-compile-ro	cold	2	164	188.6		
tiny-gpt2	torch-compile-ro	cold	2	165	187.2		
tiny-gpt2	torch-compile-ro	cold	2	166	189.3		
tiny-gpt2	torch-compile-ro	cold	2	167	189.3		
tiny-gpt2	torch-compile-ro	cold	2	168	196.5		
tiny-gpt2	torch-compile-ro	cold	2	169	188.6		
tiny-gpt2	torch-compile-ro	cold	2	170	186.9		
tiny-gpt2	torch-compile-ro	cold	2	171	188.8		
tiny-gpt2	torch-compile-ro	cold	2	172	188.6		
tiny-gpt2	torch-compile-ro	cold	2	173	195.3		
tiny-gpt2	torch-compile-ro	cold	2	174	189.8		
tiny-gpt2	torch-compile-ro	cold	2	175	188.1		
tiny-gpt2	torch-compile-ro	cold	2	176	187.2		
tiny-gpt2	torch-compile-ro	cold	2	177	187.4		
tiny-gpt2	torch-compile-ro	cold	2	178	186.2		
tiny-gpt2	torch-compile-ro	cold	2	179	191.9		
tiny-gpt2	torch-compile-ro	cold	2	180	189.5		
tiny-gpt2	torch-compile-ro	cold	2	181	190.7		
tiny-gpt2	torch-compile-ro	cold	2	182	188.4		
tiny-gpt2	torch-compile-ro	cold	2	183	190.7		
tiny-gpt2	torch-compile-ro	cold	2	184	192.2		
tiny-gpt2	torch-compile-ro	cold	2	185	189.5		
tiny-gpt2	torch-compile-ro	cold	2	186	188.4		
tiny-gpt2	torch-compile-ro	cold	2	187	188.4		
tiny-gpt2	torch-compile-ro	cold	2	188	190.3		
tiny-gpt2	torch-compile-ro	cold	2	189	199.3		
tiny-gpt2	torch-compile-ro	cold	2	190	190.5		
tiny-gpt2	torch-compile-ro	cold	2	191	189.5		
tiny-gpt2	torch-compile-ro	cold	2	192	187.9		
tiny-gpt2	torch-compile-ro	cold	2	193	187.4		
tiny-gpt2	torch-compile-ro	cold	2	194	198.6		
tiny-gpt2	torch-compile-ro	cold	2	195	190.3		
tiny-gpt2	torch-compile-ro	cold	2	196	190.3		
tiny-gpt2	torch-compile-ro	cold	2	197	190.3		
tiny-gpt2	torch-compile-ro	cold	2	198	188.8		
tiny-gpt2	torch-compile-ro	cold	2	199	196.5		
tiny-gpt2	torch-compile-ro	cold	2	200	191.5		
tiny-gpt2	torch-compile-ro	cold	2	201	190.3		
tiny-gpt2	torch-compile-ro	cold	2	202	189.8		
tiny-gpt2	torch-compile-ro	cold	2	203	190.0		
tiny-gpt2	torch-compile-ro	cold	2	204	189.3		
tiny-gpt2	torch-compile-ro	cold	2	205	190.3		
tiny-gpt2	torch-compile-ro	cold	2	206	191.0		
tiny-gpt2	torch-compile-ro	cold	2	207	189.5		
tiny-gpt2	torch-compile-ro	cold	2	208	189.1		
tiny-gpt2	torch-compile-ro	cold	2	209	189.5		
tiny-gpt2	torch-compile-ro	cold	2	210	192.6		
tiny-gpt2	torch-compile-ro	cold	2	211	191.2		
tiny-gpt2	torch-compile-ro	cold	2	212	189.1		
tiny-gpt2	torch-compile-ro	cold	2	213	197.6		
tiny-gpt2	torch-compile-ro	cold	2	214	227.0		
tiny-gpt2	torch-compile-ro	cold	2	215	196.5		
tiny-gpt2	torch-compile-ro	cold	2	216	215.3		
tiny-gpt2	torch-compile-ro	cold	2	217	216.2		
tiny-gpt2	torch-compile-ro	cold	2	218	194.5		
tiny-gpt2	torch-compile-ro	cold	2	219	191.9		
tiny-gpt2	torch-compile-ro	cold	2	220	191.9		
tiny-gpt2	torch-compile-ro	cold	2	221	190.0		
tiny-gpt2	torch-compile-ro	cold	2	222	190.7		
tiny-gpt2	torch-compile-ro	cold	2	223	190.0		
tiny-gpt2	torch-compile-ro	cold	2	224	187.9		
tiny-gpt2	torch-compile-ro	cold	2	225	191.9		
tiny-gpt2	torch-compile-ro	cold	2	226	189.5		
tiny-gpt2	torch-compile-ro	cold	2	227	189.3		
tiny-gpt2	torch-compile-ro	cold	2	228	189.8		
tiny-gpt2	torch-compile-ro	cold	2	229	190.5		
tiny-gpt2	torch-compile-ro	cold	2	230	198.1		
tiny-gpt2	torch-compile-ro	cold	2	231	190.5		
tiny-gpt2	torch-compile-ro	cold	2	232	188.8		
tiny-gpt2	torch-compile-ro	cold	2	233	188.6		
tiny-gpt2	torch-compile-ro	cold	2	234	187.6		
tiny-gpt2	torch-compile-ro	cold	2	235	198.1		
tiny-gpt2	torch-compile-ro	cold	2	236	190.7		
tiny-gpt2	torch-compile-ro	cold	2	237	191.2		
tiny-gpt2	torch-compile-ro	cold	2	238	191.9		
tiny-gpt2	torch-compile-ro	cold	2	239	189.3		
tiny-gpt2	torch-compile-ro	cold	2	240	196.5		
tiny-gpt2	torch-compile-ro	cold	2	241	189.3		
tiny-gpt2	torch-compile-ro	cold	2	242	187.4		
tiny-gpt2	torch-compile-ro	cold	2	243	187.2		
tiny-gpt2	torch-compile-ro	cold	2	244	187.6		
tiny-gpt2	torch-compile-ro	cold	2	245	187.4		
tiny-gpt2	torch-compile-ro	cold	2	246	191.2		
tiny-gpt2	torch-compile-ro	cold	2	247	191.2		
tiny-gpt2	torch-compile-ro	cold	2	248	190.0		
tiny-gpt2	torch-compile-ro	cold	2	249	191.2		
tiny-gpt2	torch-compile-ro	cold	2	250	191.0		
tiny-gpt2	torch-compile-ro	cold	2	251	191.9		
tiny-gpt2	torch-compile-ro	cold	2	252	188.8		
tiny-gpt2	torch-compile-ro	cold	2	253	190.0		
tiny-gpt2	torch-compile-ro	cold	2	254	190.3		
tiny-gpt2	torch-compile-ro	cold	2	255	190.3		
tiny-gpt2	torch-compile-ro	cold	2	256	199.6		
tiny-gpt2	torch-compile-ro	cold	2	257	189.8		
tiny-gpt2	torch-compile-ro	cold	2	258	188.1		
tiny-gpt2	torch-compile-ro	cold	2	259	189.5		
tiny-gpt2	torch-compile-ro	cold	2	260	188.4		
tiny-gpt2	torch-compile-ro	cold	2	261	198.8		
tiny-gpt2	torch-compile-ro	cold	2	262	188.8		
tiny-gpt2	torch-compile-ro	cold	2	263	189.8		
tiny-gpt2	torch-compile-ro	cold	2	264	188.4		
tiny-gpt2	torch-compile-ro	cold	2	265	187.9		
tiny-gpt2	torch-compile-ro	cold	2	266	200.0		
tiny-gpt2	torch-compile-ro	cold	2	267	191.2		
tiny-gpt2	torch-compile-ro	cold	2	268	190.0		
tiny-gpt2	torch-compile-ro	cold	2	269	189.1		
tiny-gpt2	torch-compile-ro	cold	2	270	190.5		
tiny-gpt2	torch-compile-ro	cold	2	271	195.0		
tiny-gpt2	torch-compile-ro	cold	2	272	191.2		
tiny-gpt2	torch-compile-ro	cold	2	273	205.5		
tiny-gpt2	torch-compile-ro	cold	2	274	192.4		
tiny-gpt2	torch-compile-ro	cold	2	275	190.3		
tiny-gpt2	torch-compile-ro	cold	2	276	190.7		
tiny-gpt2	torch-compile-ro	cold	2	277	192.9		
tiny-gpt2	torch-compile-ro	cold	2	278	189.8		
tiny-gpt2	torch-compile-ro	cold	2	279	190.0		
tiny-gpt2	torch-compile-ro	cold	2	280	191.0		
tiny-gpt2	torch-compile-ro	cold	2	281	190.5		
tiny-gpt2	torch-compile-ro	cold	2	282	196.9		
tiny-gpt2	torch-compile-ro	cold	2	283	192.2		
tiny-gpt2	torch-compile-ro	cold	2	284	188.8		
tiny-gpt2	torch-compile-ro	cold	2	285	190.0		
tiny-gpt2	torch-compile-ro	cold	2	286	190.5		
tiny-gpt2	torch-compile-ro	cold	2	287	201.2		
tiny-gpt2	torch-compile-ro	cold	2	288	191.2		
tiny-gpt2	torch-compile-ro	cold	2	289	188.8		
tiny-gpt2	torch-compile-ro	cold	2	290	189.3		
tiny-gpt2	torch-compile-ro	cold	2	291	187.9		
tiny-gpt2	torch-compile-ro	cold	2	292	197.4		
tiny-gpt2	torch-compile-ro	cold	2	293	189.5		
tiny-gpt2	torch-compile-ro	cold	2	294	190.0		
tiny-gpt2	torch-compile-ro	cold	2	295	188.4		
tiny-gpt2	torch-compile-ro	cold	2	296	192.9		
tiny-gpt2	torch-compile-ro	cold	2	297	199.6		
tiny-gpt2	torch-compile-ro	cold	2	298	189.5		
tiny-gpt2	torch-compile-ro	cold	2	299	188.8		
tiny-gpt2	jax	cold	2	0	1573.9		
tiny-gpt2	jax	cold	2	1	217.8		
tiny-gpt2	jax	cold	2	2	189.6		
tiny-gpt2	jax	cold	2	3	184.1		
tiny-gpt2	jax	cold	2	4	170.2		
tiny-gpt2	jax	cold	2	5	166.1		
tiny-gpt2	jax	cold	2	6	164.7		
tiny-gpt2	jax	cold	2	7	161.3		
tiny-gpt2	jax	cold	2	8	169.0		
tiny-gpt2	jax	cold	2	9	165.0		
tiny-gpt2	jax	cold	2	10	161.0		
tiny-gpt2	jax	cold	2	11	161.8		
tiny-gpt2	jax	cold	2	12	161.7		
tiny-gpt2	jax	cold	2	13	161.9		
tiny-gpt2	jax	cold	2	14	169.2		
tiny-gpt2	jax	cold	2	15	163.1		
tiny-gpt2	jax	cold	2	16	160.0		
tiny-gpt2	jax	cold	2	17	158.6		
tiny-gpt2	jax	cold	2	18	160.6		
tiny-gpt2	jax	cold	2	19	160.3		
tiny-gpt2	jax	cold	2	20	159.4		
tiny-gpt2	jax	cold	2	21	171.4		
tiny-gpt2	jax	cold	2	22	161.0		
tiny-gpt2	jax	cold	2	23	161.5		
tiny-gpt2	jax	cold	2	24	160.5		
tiny-gpt2	jax	cold	2	25	159.1		
tiny-gpt2	jax	cold	2	26	157.7		
tiny-gpt2	jax	cold	2	27	170.0		
tiny-gpt2	jax	cold	2	28	161.2		
tiny-gpt2	jax	cold	2	29	160.2		
tiny-gpt2	jax	cold	2	30	160.5		
tiny-gpt2	jax	cold	2	31	161.0		
tiny-gpt2	jax	cold	2	32	160.5		
tiny-gpt2	jax	cold	2	33	171.3		
tiny-gpt2	jax	cold	2	34	161.8		
tiny-gpt2	jax	cold	2	35	159.2		
tiny-gpt2	jax	cold	2	36	161.6		
tiny-gpt2	jax	cold	2	37	162.1		
tiny-gpt2	jax	cold	2	38	161.1		
tiny-gpt2	jax	cold	2	39	168.6		
tiny-gpt2	jax	cold	2	40	160.7		
tiny-gpt2	jax	cold	2	41	161.2		
tiny-gpt2	jax	cold	2	42	160.1		
tiny-gpt2	jax	cold	2	43	159.8		
tiny-gpt2	jax	cold	2	44	158.6		
tiny-gpt2	jax	cold	2	45	169.6		
tiny-gpt2	jax	cold	2	46	159.2		
tiny-gpt2	jax	cold	2	47	159.2		
tiny-gpt2	jax	cold	2	48	158.4		
tiny-gpt2	jax	cold	2	49	157.9		
tiny-gpt2	jax	cold	2	50	161.5		
tiny-gpt2	jax	cold	2	51	161.5		
tiny-gpt2	jax	cold	2	52	162.5		
tiny-gpt2	jax	cold	2	53	159.3		
tiny-gpt2	jax	cold	2	54	160.6		
tiny-gpt2	jax	cold	2	55	161.1		
tiny-gpt2	jax	cold	2	56	161.6		
tiny-gpt2	jax	cold	2	57	165.2		
tiny-gpt2	jax	cold	2	58	163.5		
tiny-gpt2	jax	cold	2	59	160.3		
tiny-gpt2	jax	cold	2	60	159.7		
tiny-gpt2	jax	cold	2	61	160.0		
tiny-gpt2	jax	cold	2	62	159.5		
tiny-gpt2	jax	cold	2	63	164.6		
tiny-gpt2	jax	cold	2	64	162.9		
tiny-gpt2	jax	cold	2	65	160.6		
tiny-gpt2	jax	cold	2	66	160.5		
tiny-gpt2	jax	cold	2	67	159.7		
tiny-gpt2	jax	cold	2	68	160.5		
tiny-gpt2	jax	cold	2	69	162.0		
tiny-gpt2	jax	cold	2	70	161.9		
tiny-gpt2	jax	cold	2	71	158.7		
tiny-gpt2	jax	cold	2	72	159.6		
tiny-gpt2	jax	cold	2	73	159.4		
tiny-gpt2	jax	cold	2	74	158.4		
tiny-gpt2	jax	cold	2	75	162.4		
tiny-gpt2	jax	cold	2	76	161.7		
tiny-gpt2	jax	cold	2	77	160.3		
tiny-gpt2	jax	cold	2	78	159.6		
tiny-gpt2	jax	cold	2	79	159.6		
tiny-gpt2	jax	cold	2	80	159.2		
tiny-gpt2	jax	cold	2	81	160.4		
tiny-gpt2	jax	cold	2	82	171.5		
tiny-gpt2	jax	cold	2	83	159.5		
tiny-gpt2	jax	cold	2	84	160.0		
tiny-gpt2	jax	cold	2	85	160.2		
tiny-gpt2	jax	cold	2	86	160.2		
tiny-gpt2	jax	cold	2	87	160.1		
tiny-gpt2	jax	cold	2	88	169.7		
tiny-gpt2	jax	cold	2	89	160.8		
tiny-gpt2	jax	cold	2	90	159.9		
tiny-gpt2	jax	cold	2	91	160.1		
tiny-gpt2	jax	cold	2	92	159.3		
tiny-gpt2	jax	cold	2	93	157.6		
tiny-gpt2	jax	cold	2	94	171.1		
tiny-gpt2	jax	cold	2	95	162.1		
tiny-gpt2	jax	cold	2	96	160.2		
tiny-gpt2	jax	cold	2	97	159.2		
tiny-gpt2	jax	cold	2	98	158.6		
tiny-gpt2	jax	cold	2	99	158.2		
tiny-gpt2	jax	cold	2	100	169.4		
tiny-gpt2	jax	cold	2	101	159.2		
tiny-gpt2	jax	cold	2	102	157.7		
tiny-gpt2	jax	cold	2	103	159.1		
tiny-gpt2	jax	cold	2	104	160.6		
tiny-gpt2	jax	cold	2	105	159.3		
tiny-gpt2	jax	cold	2	106	165.1		
tiny-gpt2	jax	cold	2	107	162.8		
tiny-gpt2	jax	cold	2	108	160.7		
tiny-gpt2	jax	cold	2	109	160.0		
tiny-gpt2	jax	cold	2	110	159.0		
tiny-gpt2	jax	cold	2	111	158.3		
tiny-gpt2	jax	cold	2	112	163.9		
tiny-gpt2	jax	cold	2	113	162.8		
tiny-gpt2	jax	cold	2	114	161.9		
tiny-gpt2	jax	cold	2	115	159.7		
tiny-gpt2	jax	cold	2	116	159.6		
tiny-gpt2	jax	cold	2	117	160.4		
tiny-gpt2	jax	cold	2	118	161.5		
tiny-gpt2	jax	cold	2	119	161.1		
tiny-gpt2	jax	cold	2	120	158.7		
tiny-gpt2	jax	cold	2	121	160.2		
tiny-gpt2	jax	cold	2	122	161.6		
tiny-gpt2	jax	cold	2	123	158.7		
tiny-gpt2	jax	cold	2	124	164.8		
tiny-gpt2	jax	cold	2	125	161.6		
tiny-gpt2	jax	cold	2	126	159.7		
tiny-gpt2	jax	cold	2	127	160.3		
tiny-gpt2	jax	cold	2	128	159.4		
tiny-gpt2	jax	cold	2	129	157.5		
tiny-gpt2	jax	cold	2	130	164.1		
tiny-gpt2	jax	cold	2	131	162.5		
tiny-gpt2	jax	cold	2	132	159.6		
tiny-gpt2	jax	cold	2	133	159.7		
tiny-gpt2	jax	cold	2	134	161.0		
tiny-gpt2	jax	cold	2	135	160.5		
tiny-gpt2	jax	cold	2	136	160.1		
tiny-gpt2	jax	cold	2	137	168.6		
tiny-gpt2	jax	cold	2	138	159.0		
tiny-gpt2	jax	cold	2	139	158.5		
tiny-gpt2	jax	cold	2	140	160.0		
tiny-gpt2	jax	cold	2	141	159.8		
tiny-gpt2	jax	cold	2	142	159.2		
tiny-gpt2	jax	cold	2	143	170.0		
tiny-gpt2	jax	cold	2	144	160.0		
tiny-gpt2	jax	cold	2	145	159.6		
tiny-gpt2	jax	cold	2	146	161.6		
tiny-gpt2	jax	cold	2	147	158.3		
tiny-gpt2	jax	cold	2	148	158.5		
tiny-gpt2	jax	cold	2	149	170.8		
tiny-gpt2	jax	cold	2	150	160.4		
tiny-gpt2	jax	cold	2	151	160.2		
tiny-gpt2	jax	cold	2	152	160.1		
tiny-gpt2	jax	cold	2	153	160.1		
tiny-gpt2	jax	cold	2	154	160.3		
tiny-gpt2	jax	cold	2	155	174.5		
tiny-gpt2	jax	cold	2	156	159.9		
tiny-gpt2	jax	cold	2	157	157.3		
tiny-gpt2	jax	cold	2	158	160.2		
tiny-gpt2	jax	cold	2	159	160.1		
tiny-gpt2	jax	cold	2	160	159.8		
tiny-gpt2	jax	cold	2	161	162.5		
tiny-gpt2	jax	cold	2	162	161.0		
tiny-gpt2	jax	cold	2	163	158.7		
tiny-gpt2	jax	cold	2	164	176.7		
tiny-gpt2	jax	cold	2	165	161.2		
tiny-gpt2	jax	cold	2	166	163.1		
tiny-gpt2	jax	cold	2	167	163.7		
tiny-gpt2	jax	cold	2	168	161.0		
tiny-gpt2	jax	cold	2	169	159.7		
tiny-gpt2	jax	cold	2	170	160.8		
tiny-gpt2	jax	cold	2	171	159.3		
tiny-gpt2	jax	cold	2	172	160.9		
tiny-gpt2	jax	cold	2	173	164.5		
tiny-gpt2	jax	cold	2	174	160.4		
tiny-gpt2	jax	cold	2	175	158.8		
tiny-gpt2	jax	cold	2	176	159.0		
tiny-gpt2	jax	cold	2	177	158.0		
tiny-gpt2	jax	cold	2	178	160.6		
tiny-gpt2	jax	cold	2	179	160.7		
tiny-gpt2	jax	cold	2	180	162.1		
tiny-gpt2	jax	cold	2	181	157.8		
tiny-gpt2	jax	cold	2	182	159.6		
tiny-gpt2	jax	cold	2	183	157.8		
tiny-gpt2	jax	cold	2	184	159.7		
tiny-gpt2	jax	cold	2	185	162.8		
tiny-gpt2	jax	cold	2	186	161.6		
tiny-gpt2	jax	cold	2	187	159.2		
tiny-gpt2	jax	cold	2	188	159.7		
tiny-gpt2	jax	cold	2	189	159.6		
tiny-gpt2	jax	cold	2	190	159.4		
tiny-gpt2	jax	cold	2	191	159.0		
tiny-gpt2	jax	cold	2	192	171.2		
tiny-gpt2	jax	cold	2	193	159.3		
tiny-gpt2	jax	cold	2	194	160.0		
tiny-gpt2	jax	cold	2	195	158.4		
tiny-gpt2	jax	cold	2	196	160.2		
tiny-gpt2	jax	cold	2	197	159.7		
tiny-gpt2	jax	cold	2	198	167.8		
tiny-gpt2	jax	cold	2	199	161.3		
tiny-gpt2	jax	cold	2	200	157.9		
tiny-gpt2	jax	cold	2	201	158.2		
tiny-gpt2	jax	cold	2	202	159.6		
tiny-gpt2	jax	cold	2	203	167.5		
tiny-gpt2	jax	cold	2	204	182.2		
tiny-gpt2	jax	cold	2	205	161.0		
tiny-gpt2	jax	cold	2	206	159.4		
tiny-gpt2	jax	cold	2	207	157.9		
tiny-gpt2	jax	cold	2	208	160.5		
tiny-gpt2	jax	cold	2	209	157.2		
tiny-gpt2	jax	cold	2	210	169.1		
tiny-gpt2	jax	cold	2	211	161.0		
tiny-gpt2	jax	cold	2	212	159.9		
tiny-gpt2	jax	cold	2	213	159.3		
tiny-gpt2	jax	cold	2	214	161.1		
tiny-gpt2	jax	cold	2	215	160.7		
tiny-gpt2	jax	cold	2	216	169.8		
tiny-gpt2	jax	cold	2	217	161.8		
tiny-gpt2	jax	cold	2	218	157.9		
tiny-gpt2	jax	cold	2	219	157.5		
tiny-gpt2	jax	cold	2	220	158.6		
tiny-gpt2	jax	cold	2	221	158.4		
tiny-gpt2	jax	cold	2	222	163.0		
tiny-gpt2	jax	cold	2	223	160.7		
tiny-gpt2	jax	cold	2	224	161.0		
tiny-gpt2	jax	cold	2	225	159.8		
tiny-gpt2	jax	cold	2	226	159.4		
tiny-gpt2	jax	cold	2	227	157.2		
tiny-gpt2	jax	cold	2	228	160.1		
tiny-gpt2	jax	cold	2	229	165.5		
tiny-gpt2	jax	cold	2	230	159.9		
tiny-gpt2	jax	cold	2	231	160.5		
tiny-gpt2	jax	cold	2	232	158.5		
tiny-gpt2	jax	cold	2	233	158.3		
tiny-gpt2	jax	cold	2	234	160.2		
tiny-gpt2	jax	cold	2	235	167.2		
tiny-gpt2	jax	cold	2	236	161.7		
tiny-gpt2	jax	cold	2	237	159.9		
tiny-gpt2	jax	cold	2	238	162.1		
tiny-gpt2	jax	cold	2	239	157.4		
tiny-gpt2	jax	cold	2	240	162.9		
tiny-gpt2	jax	cold	2	241	163.7		
tiny-gpt2	jax	cold	2	242	160.6		
tiny-gpt2	jax	cold	2	243	159.9		
tiny-gpt2	jax	cold	2	244	159.8		
tiny-gpt2	jax	cold	2	245	159.5		
tiny-gpt2	jax	cold	2	246	164.7		
tiny-gpt2	jax	cold	2	247	163.3		
tiny-gpt2	jax	cold	2	248	159.1		
tiny-gpt2	jax	cold	2	249	159.2		
tiny-gpt2	jax	cold	2	250	162.2		
tiny-gpt2	jax	cold	2	251	158.2		
tiny-gpt2	jax	cold	2	252	159.5		
tiny-gpt2	jax	cold	2	253	171.4		
tiny-gpt2	jax	cold	2	254	159.0		
tiny-gpt2	jax	cold	2	255	159.9		
tiny-gpt2	jax	cold	2	256	160.9		
tiny-gpt2	jax	cold	2	257	159.8		
tiny-gpt2	jax	cold	2	258	159.7		
tiny-gpt2	jax	cold	2	259	171.9		
tiny-gpt2	jax	cold	2	260	159.0		
tiny-gpt2	jax	cold	2	261	159.9		
tiny-gpt2	jax	cold	2	262	160.7		
tiny-gpt2	jax	cold	2	263	158.2		
tiny-gpt2	jax	cold	2	264	160.5		
tiny-gpt2	jax	cold	2	265	171.4		
tiny-gpt2	jax	cold	2	266	160.3		
tiny-gpt2	jax	cold	2	267	158.4		
tiny-gpt2	jax	cold	2	268	161.7		
tiny-gpt2	jax	cold	2	269	159.1		
tiny-gpt2	jax	cold	2	270	158.2		
tiny-gpt2	jax	cold	2	271	174.4		
tiny-gpt2	jax	cold	2	272	159.8		
tiny-gpt2	jax	cold	2	273	159.7		
tiny-gpt2	jax	cold	2	274	159.9		
tiny-gpt2	jax	cold	2	275	159.3		
tiny-gpt2	jax	cold	2	276	159.0		
tiny-gpt2	jax	cold	2	277	171.5		
tiny-gpt2	jax	cold	2	278	162.1		
tiny-gpt2	jax	cold	2	279	158.7		
tiny-gpt2	jax	cold	2	280	160.8		
tiny-gpt2	jax	cold	2	281	158.3		
tiny-gpt2	jax	cold	2	282	160.2		
tiny-gpt2	jax	cold	2	283	160.9		
tiny-gpt2	jax	cold	2	284	160.6		
tiny-gpt2	jax	cold	2	285	159.7		
tiny-gpt2	jax	cold	2	286	158.4		
tiny-gpt2	jax	cold	2	287	160.1		
tiny-gpt2	jax	cold	2	288	159.3		
tiny-gpt2	jax	cold	2	289	165.7		
tiny-gpt2	jax	cold	2	290	164.1		
tiny-gpt2	jax	cold	2	291	160.1		
tiny-gpt2	jax	cold	2	292	161.1		
tiny-gpt2	jax	cold	2	293	160.3		
tiny-gpt2	jax	cold	2	294	161.9		
tiny-gpt2	jax	cold	2	295	163.6		
tiny-gpt2	jax	cold	2	296	161.0		
tiny-gpt2	jax	cold	2	297	158.3		
tiny-gpt2	jax	cold	2	298	158.8		
tiny-gpt2	jax	cold	2	299	160.6		
tiny-gpt2	torch-eager	cold	3	0	962997.4		
tiny-gpt2	torch-eager	cold	3	1	1867.3		
tiny-gpt2	torch-eager	cold	3	2	1881.1		
tiny-gpt2	torch-eager	cold	3	3	1636.3		
tiny-gpt2	torch-eager	cold	3	4	1768.6		
tiny-gpt2	torch-eager	cold	3	5	1615.8		
tiny-gpt2	torch-eager	cold	3	6	1585.0		
tiny-gpt2	torch-eager	cold	3	7	1590.0		
tiny-gpt2	torch-eager	cold	3	8	1595.7		
tiny-gpt2	torch-eager	cold	3	9	1571.2		
tiny-gpt2	torch-eager	cold	3	10	1598.4		
tiny-gpt2	torch-eager	cold	3	11	1593.1		
tiny-gpt2	torch-eager	cold	3	12	1572.8		
tiny-gpt2	torch-eager	cold	3	13	1598.8		
tiny-gpt2	torch-eager	cold	3	14	1609.6		
tiny-gpt2	torch-eager	cold	3	15	1628.6		
tiny-gpt2	torch-eager	cold	3	16	1579.5		
tiny-gpt2	torch-eager	cold	3	17	1566.2		
tiny-gpt2	torch-eager	cold	3	18	1578.1		
tiny-gpt2	torch-eager	cold	3	19	1564.3		
tiny-gpt2	torch-eager	cold	3	20	1588.8		
tiny-gpt2	torch-eager	cold	3	21	1576.4		
tiny-gpt2	torch-eager	cold	3	22	1573.6		
tiny-gpt2	torch-eager	cold	3	23	1579.5		
tiny-gpt2	torch-eager	cold	3	24	1568.6		
tiny-gpt2	torch-eager	cold	3	25	1586.0		
tiny-gpt2	torch-eager	cold	3	26	1592.6		
tiny-gpt2	torch-eager	cold	3	27	1581.0		
tiny-gpt2	torch-eager	cold	3	28	1586.4		
tiny-gpt2	torch-eager	cold	3	29	1572.8		
tiny-gpt2	torch-eager	cold	3	30	1581.4		
tiny-gpt2	torch-eager	cold	3	31	1569.0		
tiny-gpt2	torch-eager	cold	3	32	1570.5		
tiny-gpt2	torch-eager	cold	3	33	1567.6		
tiny-gpt2	torch-eager	cold	3	34	1592.4		
tiny-gpt2	torch-eager	cold	3	35	1662.5		
tiny-gpt2	torch-eager	cold	3	36	1589.1		
tiny-gpt2	torch-eager	cold	3	37	1582.1		
tiny-gpt2	torch-eager	cold	3	38	1598.8		
tiny-gpt2	torch-eager	cold	3	39	1587.2		
tiny-gpt2	torch-eager	cold	3	40	1579.3		
tiny-gpt2	torch-eager	cold	3	41	1569.7		
tiny-gpt2	torch-eager	cold	3	42	1587.9		
tiny-gpt2	torch-eager	cold	3	43	1565.5		
tiny-gpt2	torch-eager	cold	3	44	1586.4		
tiny-gpt2	torch-eager	cold	3	45	1581.7		
tiny-gpt2	torch-eager	cold	3	46	1566.2		
tiny-gpt2	torch-eager	cold	3	47	1586.2		
tiny-gpt2	torch-eager	cold	3	48	1566.6		
tiny-gpt2	torch-eager	cold	3	49	1573.3		
tiny-gpt2	torch-eager	cold	3	50	1573.6		
tiny-gpt2	torch-eager	cold	3	51	1574.0		
tiny-gpt2	torch-eager	cold	3	52	1575.2		
tiny-gpt2	torch-eager	cold	3	53	1569.0		
tiny-gpt2	torch-eager	cold	3	54	1572.6		
tiny-gpt2	torch-eager	cold	3	55	1569.0		
tiny-gpt2	torch-eager	cold	3	56	1633.4		
tiny-gpt2	torch-eager	cold	3	57	1598.4		
tiny-gpt2	torch-eager	cold	3	58	1565.2		
tiny-gpt2	torch-eager	cold	3	59	1566.4		
tiny-gpt2	torch-eager	cold	3	60	1576.9		
tiny-gpt2	torch-eager	cold	3	61	1577.4		
tiny-gpt2	torch-eager	cold	3	62	1565.2		
tiny-gpt2	torch-eager	cold	3	63	1590.7		
tiny-gpt2	torch-eager	cold	3	64	1623.4		
tiny-gpt2	torch-eager	cold	3	65	1650.8		
tiny-gpt2	torch-eager	cold	3	66	1586.0		
tiny-gpt2	torch-eager	cold	3	67	1573.6		
tiny-gpt2	torch-eager	cold	3	68	1588.3		
tiny-gpt2	torch-eager	cold	3	69	1568.6		
tiny-gpt2	torch-eager	cold	3	70	1558.8		
tiny-gpt2	torch-eager	cold	3	71	1586.7		
tiny-gpt2	torch-eager	cold	3	72	1568.1		
tiny-gpt2	torch-eager	cold	3	73	1575.5		
tiny-gpt2	torch-eager	cold	3	74	1566.2		
tiny-gpt2	torch-eager	cold	3	75	1579.8		
tiny-gpt2	torch-eager	cold	3	76	1601.9		
tiny-gpt2	torch-eager	cold	3	77	1621.5		
tiny-gpt2	torch-eager	cold	3	78	1585.5		
tiny-gpt2	torch-eager	cold	3	79	1568.6		
tiny-gpt2	torch-eager	cold	3	80	1583.6		
tiny-gpt2	torch-eager	cold	3	81	1620.5		
tiny-gpt2	torch-eager	cold	3	82	1588.1		
tiny-gpt2	torch-eager	cold	3	83	1587.2		
tiny-gpt2	torch-eager	cold	3	84	1599.3		
tiny-gpt2	torch-eager	cold	3	85	1595.3		
tiny-gpt2	torch-eager	cold	3	86	1580.5		
tiny-gpt2	torch-eager	cold	3	87	1606.5		
tiny-gpt2	torch-eager	cold	3	88	1591.9		
tiny-gpt2	torch-eager	cold	3	89	1577.1		
tiny-gpt2	torch-eager	cold	3	90	1581.0		
tiny-gpt2	torch-eager	cold	3	91	1581.0		
tiny-gpt2	torch-eager	cold	3	92	1567.6		
tiny-gpt2	torch-eager	cold	3	93	1587.2		
tiny-gpt2	torch-eager	cold	3	94	1606.5		
tiny-gpt2	torch-eager	cold	3	95	1583.1		
tiny-gpt2	torch-eager	cold	3	96	1582.9		
tiny-gpt2	torch-eager	cold	3	97	1578.1		
tiny-gpt2	torch-eager	cold	3	98	1648.4		
tiny-gpt2	torch-eager	cold	3	99	1573.8		
tiny-gpt2	torch-eager	cold	3	100	1584.5		
tiny-gpt2	torch-eager	cold	3	101	1574.5		
tiny-gpt2	torch-eager	cold	3	102	1570.2		
tiny-gpt2	torch-eager	cold	3	103	1584.3		
tiny-gpt2	torch-eager	cold	3	104	1572.6		
tiny-gpt2	torch-eager	cold	3	105	1581.4		
tiny-gpt2	torch-eager	cold	3	106	1570.5		
tiny-gpt2	torch-eager	cold	3	107	1578.1		
tiny-gpt2	torch-eager	cold	3	108	1571.7		
tiny-gpt2	torch-eager	cold	3	109	1563.8		
tiny-gpt2	torch-eager	cold	3	110	1583.3		
tiny-gpt2	torch-eager	cold	3	111	1567.6		
tiny-gpt2	torch-eager	cold	3	112	1570.2		
tiny-gpt2	torch-eager	cold	3	113	1560.2		
tiny-gpt2	torch-eager	cold	3	114	1568.6		
tiny-gpt2	torch-eager	cold	3	115	1574.5		
tiny-gpt2	torch-eager	cold	3	116	1581.4		
tiny-gpt2	torch-eager	cold	3	117	1578.3		
tiny-gpt2	torch-eager	cold	3	118	1581.2		
tiny-gpt2	torch-eager	cold	3	119	1653.7		
tiny-gpt2	torch-eager	cold	3	120	1612.2		
tiny-gpt2	torch-eager	cold	3	121	1568.8		
tiny-gpt2	torch-eager	cold	3	122	1597.4		
tiny-gpt2	torch-eager	cold	3	123	1588.6		
tiny-gpt2	torch-eager	cold	3	124	1595.5		
tiny-gpt2	torch-eager	cold	3	125	1582.6		
tiny-gpt2	torch-eager	cold	3	126	1572.6		
tiny-gpt2	torch-eager	cold	3	127	1575.2		
tiny-gpt2	torch-eager	cold	3	128	1562.4		
tiny-gpt2	torch-eager	cold	3	129	1649.6		
tiny-gpt2	torch-eager	cold	3	130	1570.0		
tiny-gpt2	torch-eager	cold	3	131	1592.9		
tiny-gpt2	torch-eager	cold	3	132	1619.6		
tiny-gpt2	torch-eager	cold	3	133	1559.7		
tiny-gpt2	torch-eager	cold	3	134	1569.0		
tiny-gpt2	torch-eager	cold	3	135	1560.2		
tiny-gpt2	torch-eager	cold	3	136	1595.5		
tiny-gpt2	torch-eager	cold	3	137	1578.1		
tiny-gpt2	torch-eager	cold	3	138	1566.2		
tiny-gpt2	torch-eager	cold	3	139	1585.2		
tiny-gpt2	torch-eager	cold	3	140	1619.1		
tiny-gpt2	torch-eager	cold	3	141	1604.6		
tiny-gpt2	torch-eager	cold	3	142	1570.9		
tiny-gpt2	torch-eager	cold	3	143	1561.2		
tiny-gpt2	torch-eager	cold	3	144	1582.6		
tiny-gpt2	torch-eager	cold	3	145	1566.6		
tiny-gpt2	torch-eager	cold	3	146	1575.7		
tiny-gpt2	torch-eager	cold	3	147	1581.7		
tiny-gpt2	torch-eager	cold	3	148	1577.4		
tiny-gpt2	torch-eager	cold	3	149	1575.0		
tiny-gpt2	torch-eager	cold	3	150	1563.5		
tiny-gpt2	torch-eager	cold	3	151	1585.5		
tiny-gpt2	torch-eager	cold	3	152	1584.5		
tiny-gpt2	torch-eager	cold	3	153	1581.7		
tiny-gpt2	torch-eager	cold	3	154	1561.2		
tiny-gpt2	torch-eager	cold	3	155	1572.1		
tiny-gpt2	torch-eager	cold	3	156	1574.3		
tiny-gpt2	torch-eager	cold	3	157	1593.1		
tiny-gpt2	torch-eager	cold	3	158	1577.6		
tiny-gpt2	torch-eager	cold	3	159	1562.8		
tiny-gpt2	torch-eager	cold	3	160	1567.8		
tiny-gpt2	torch-eager	cold	3	161	1652.5		
tiny-gpt2	torch-eager	cold	3	162	1573.8		
tiny-gpt2	torch-eager	cold	3	163	1588.6		
tiny-gpt2	torch-eager	cold	3	164	1560.4		
tiny-gpt2	torch-eager	cold	3	165	1591.9		
tiny-gpt2	torch-eager	cold	3	166	1570.5		
tiny-gpt2	torch-eager	cold	3	167	1584.3		
tiny-gpt2	torch-eager	cold	3	168	1583.8		
tiny-gpt2	torch-eager	cold	3	169	1562.4		
tiny-gpt2	torch-eager	cold	3	170	1575.5		
tiny-gpt2	torch-eager	cold	3	171	1561.4		
tiny-gpt2	torch-eager	cold	3	172	1617.4		
tiny-gpt2	torch-eager	cold	3	173	1579.0		
tiny-gpt2	torch-eager	cold	3	174	1564.3		
tiny-gpt2	torch-eager	cold	3	175	1569.0		
tiny-gpt2	torch-eager	cold	3	176	1564.5		
tiny-gpt2	torch-eager	cold	3	177	1581.4		
tiny-gpt2	torch-eager	cold	3	178	1570.2		
tiny-gpt2	torch-eager	cold	3	179	1573.1		
tiny-gpt2	torch-eager	cold	3	180	1567.8		
tiny-gpt2	torch-eager	cold	3	181	1566.9		
tiny-gpt2	torch-eager	cold	3	182	1622.2		
tiny-gpt2	torch-eager	cold	3	183	1574.3		
tiny-gpt2	torch-eager	cold	3	184	1581.4		
tiny-gpt2	torch-eager	cold	3	185	1593.6		
tiny-gpt2	torch-eager	cold	3	186	1560.2		
tiny-gpt2	torch-eager	cold	3	187	1578.6		
tiny-gpt2	torch-eager	cold	3	188	1575.0		
tiny-gpt2	torch-eager	cold	3	189	1586.0		
tiny-gpt2	torch-eager	cold	3	190	1561.9		
tiny-gpt2	torch-eager	cold	3	191	1580.0		
tiny-gpt2	torch-eager	cold	3	192	1573.6		
tiny-gpt2	torch-eager	cold	3	193	1565.9		
tiny-gpt2	torch-eager	cold	3	194	1586.2		
tiny-gpt2	torch-eager	cold	3	195	1565.0		
tiny-gpt2	torch-eager	cold	3	196	1571.7		
tiny-gpt2	torch-eager	cold	3	197	1574.8		
tiny-gpt2	torch-eager	cold	3	198	1572.6		
tiny-gpt2	torch-eager	cold	3	199	1571.2		
tiny-gpt2	torch-eager	cold	3	200	1559.3		
tiny-gpt2	torch-eager	cold	3	201	1581.9		
tiny-gpt2	torch-eager	cold	3	202	1576.4		
tiny-gpt2	torch-eager	cold	3	203	1640.1		
tiny-gpt2	torch-eager	cold	3	204	1586.2		
tiny-gpt2	torch-eager	cold	3	205	1583.8		
tiny-gpt2	torch-eager	cold	3	206	1581.0		
tiny-gpt2	torch-eager	cold	3	207	1572.1		
tiny-gpt2	torch-eager	cold	3	208	1573.8		
tiny-gpt2	torch-eager	cold	3	209	1570.2		
tiny-gpt2	torch-eager	cold	3	210	1581.0		
tiny-gpt2	torch-eager	cold	3	211	1612.9		
tiny-gpt2	torch-eager	cold	3	212	1565.0		
tiny-gpt2	torch-eager	cold	3	213	1571.4		
tiny-gpt2	torch-eager	cold	3	214	1559.3		
tiny-gpt2	torch-eager	cold	3	215	1590.3		
tiny-gpt2	torch-eager	cold	3	216	1573.1		
tiny-gpt2	torch-eager	cold	3	217	1565.9		
tiny-gpt2	torch-eager	cold	3	218	1608.8		
tiny-gpt2	torch-eager	cold	3	219	1582.4		
tiny-gpt2	torch-eager	cold	3	220	1590.0		
tiny-gpt2	torch-eager	cold	3	221	1566.9		
tiny-gpt2	torch-eager	cold	3	222	1576.9		
tiny-gpt2	torch-eager	cold	3	223	1605.5		
tiny-gpt2	torch-eager	cold	3	224	1591.9		
tiny-gpt2	torch-eager	cold	3	225	1590.3		
tiny-gpt2	torch-eager	cold	3	226	1603.4		
tiny-gpt2	torch-eager	cold	3	227	1583.8		
tiny-gpt2	torch-eager	cold	3	228	1577.4		
tiny-gpt2	torch-eager	cold	3	229	1573.3		
tiny-gpt2	torch-eager	cold	3	230	1592.4		
tiny-gpt2	torch-eager	cold	3	231	1566.6		
tiny-gpt2	torch-eager	cold	3	232	1574.8		
tiny-gpt2	torch-eager	cold	3	233	1570.2		
tiny-gpt2	torch-eager	cold	3	234	1567.4		
tiny-gpt2	torch-eager	cold	3	235	1607.4		
tiny-gpt2	torch-eager	cold	3	236	1589.5		
tiny-gpt2	torch-eager	cold	3	237	1582.4		
tiny-gpt2	torch-eager	cold	3	238	1574.0		
tiny-gpt2	torch-eager	cold	3	239	1576.9		
tiny-gpt2	torch-eager	cold	3	240	1583.3		
tiny-gpt2	torch-eager	cold	3	241	1561.9		
tiny-gpt2	torch-eager	cold	3	242	1596.7		
tiny-gpt2	torch-eager	cold	3	243	2086.9		
tiny-gpt2	torch-eager	cold	3	244	1745.2		
tiny-gpt2	torch-eager	cold	3	245	1591.4		
tiny-gpt2	torch-eager	cold	3	246	1594.3		
tiny-gpt2	torch-eager	cold	3	247	1579.5		
tiny-gpt2	torch-eager	cold	3	248	1581.7		
tiny-gpt2	torch-eager	cold	3	249	1586.9		
tiny-gpt2	torch-eager	cold	3	250	1584.1		
tiny-gpt2	torch-eager	cold	3	251	1616.7		
tiny-gpt2	torch-eager	cold	3	252	1569.0		
tiny-gpt2	torch-eager	cold	3	253	1584.5		
tiny-gpt2	torch-eager	cold	3	254	1580.5		
tiny-gpt2	torch-eager	cold	3	255	1577.1		
tiny-gpt2	torch-eager	cold	3	256	1593.6		
tiny-gpt2	torch-eager	cold	3	257	1585.2		
tiny-gpt2	torch-eager	cold	3	258	1571.9		
tiny-gpt2	torch-eager	cold	3	259	1569.7		
tiny-gpt2	torch-eager	cold	3	260	1574.8		
tiny-gpt2	torch-eager	cold	3	261	1579.5		
tiny-gpt2	torch-eager	cold	3	262	1561.4		
tiny-gpt2	torch-eager	cold	3	263	1574.3		
tiny-gpt2	torch-eager	cold	3	264	1643.7		
tiny-gpt2	torch-eager	cold	3	265	1611.9		
tiny-gpt2	torch-eager	cold	3	266	1570.2		
tiny-gpt2	torch-eager	cold	3	267	1571.7		
tiny-gpt2	torch-eager	cold	3	268	1577.9		
tiny-gpt2	torch-eager	cold	3	269	1568.1		
tiny-gpt2	torch-eager	cold	3	270	1573.8		
tiny-gpt2	torch-eager	cold	3	271	1571.9		
tiny-gpt2	torch-eager	cold	3	272	1574.3		
tiny-gpt2	torch-eager	cold	3	273	1570.2		
tiny-gpt2	torch-eager	cold	3	274	1565.7		
tiny-gpt2	torch-eager	cold	3	275	1574.8		
tiny-gpt2	torch-eager	cold	3	276	1569.0		
tiny-gpt2	torch-eager	cold	3	277	1572.1		
tiny-gpt2	torch-eager	cold	3	278	1570.0		
tiny-gpt2	torch-eager	cold	3	279	1573.6		
tiny-gpt2	torch-eager	cold	3	280	1575.5		
tiny-gpt2	torch-eager	cold	3	281	1574.0		
tiny-gpt2	torch-eager	cold	3	282	1576.4		
tiny-gpt2	torch-eager	cold	3	283	1568.6		
tiny-gpt2	torch-eager	cold	3	284	1571.4		
tiny-gpt2	torch-eager	cold	3	285	1608.4		
tiny-gpt2	torch-eager	cold	3	286	1586.7		
tiny-gpt2	torch-eager	cold	3	287	1590.3		
tiny-gpt2	torch-eager	cold	3	288	1566.4		
tiny-gpt2	torch-eager	cold	3	289	1576.2		
tiny-gpt2	torch-eager	cold	3	290	1585.0		
tiny-gpt2	torch-eager	cold	3	291	1586.7		
tiny-gpt2	torch-eager	cold	3	292	1593.6		
tiny-gpt2	torch-eager	cold	3	293	1568.3		
tiny-gpt2	torch-eager	cold	3	294	1575.0		
tiny-gpt2	torch-eager	cold	3	295	1568.6		
tiny-gpt2	torch-eager	cold	3	296	1581.4		
tiny-gpt2	torch-eager	cold	3	297	1579.8		
tiny-gpt2	torch-eager	cold	3	298	1578.8		
tiny-gpt2	torch-eager	cold	3	299	1571.2		
tiny-gpt2	ours	cold	3	0	552286.9	1	106
tiny-gpt2	ours	cold	3	1	2260750.1	5	64
tiny-gpt2	ours	cold	3	2	325.0	0	18
tiny-gpt2	ours	cold	3	3	921067.0	2	54
tiny-gpt2	ours	cold	3	4	469931.8	1	100
tiny-gpt2	ours	cold	3	5	1032.8	1	14
tiny-gpt2	ours	cold	3	6	320.0	0	14
tiny-gpt2	ours	cold	3	7	3047.0	0	14
tiny-gpt2	ours	cold	3	8	150.0	0	14
tiny-gpt2	ours	cold	3	9	135.9	0	14
tiny-gpt2	ours	cold	3	10	145.9	0	14
tiny-gpt2	ours	cold	3	11	136.1	0	14
tiny-gpt2	ours	cold	3	12	135.9	0	14
tiny-gpt2	ours	cold	3	13	246.0	0	14
tiny-gpt2	ours	cold	3	14	148.1	0	14
tiny-gpt2	ours	cold	3	15	135.2	0	14
tiny-gpt2	ours	cold	3	16	207.9	0	14
tiny-gpt2	ours	cold	3	17	140.0	0	14
tiny-gpt2	ours	cold	3	18	135.9	0	14
tiny-gpt2	ours	cold	3	19	222.9	0	14
tiny-gpt2	ours	cold	3	20	134.0	0	14
tiny-gpt2	ours	cold	3	21	135.2	0	14
tiny-gpt2	ours	cold	3	22	207.9	0	14
tiny-gpt2	ours	cold	3	23	141.1	0	14
tiny-gpt2	ours	cold	3	24	134.9	0	14
tiny-gpt2	ours	cold	3	25	227.0	0	14
tiny-gpt2	ours	cold	3	26	141.9	0	14
tiny-gpt2	ours	cold	3	27	135.9	0	14
tiny-gpt2	ours	cold	3	28	205.0	0	14
tiny-gpt2	ours	cold	3	29	140.0	0	14
tiny-gpt2	ours	cold	3	30	129.0	0	14
tiny-gpt2	ours	cold	3	31	223.9	0	14
tiny-gpt2	ours	cold	3	32	140.9	0	14
tiny-gpt2	ours	cold	3	33	136.1	0	14
tiny-gpt2	ours	cold	3	34	204.8	0	14
tiny-gpt2	ours	cold	3	35	137.8	0	14
tiny-gpt2	ours	cold	3	36	134.9	0	14
tiny-gpt2	ours	cold	3	37	223.9	0	14
tiny-gpt2	ours	cold	3	38	140.9	0	14
tiny-gpt2	ours	cold	3	39	134.9	0	14
tiny-gpt2	ours	cold	3	40	206.9	0	14
tiny-gpt2	ours	cold	3	41	140.9	0	14
tiny-gpt2	ours	cold	3	42	135.2	0	14
tiny-gpt2	ours	cold	3	43	214.8	0	14
tiny-gpt2	ours	cold	3	44	140.9	0	14
tiny-gpt2	ours	cold	3	45	134.0	0	14
tiny-gpt2	ours	cold	3	46	205.0	0	14
tiny-gpt2	ours	cold	3	47	139.0	0	14
tiny-gpt2	ours	cold	3	48	136.9	0	14
tiny-gpt2	ours	cold	3	49	218.2	0	14
tiny-gpt2	ours	cold	3	50	137.1	0	14
tiny-gpt2	ours	cold	3	51	134.9	0	14
tiny-gpt2	ours	cold	3	52	203.1	0	14
tiny-gpt2	ours	cold	3	53	140.9	0	14
tiny-gpt2	ours	cold	3	54	136.1	0	14
tiny-gpt2	ours	cold	3	55	212.9	0	14
tiny-gpt2	ours	cold	3	56	144.0	0	14
tiny-gpt2	ours	cold	3	57	136.9	0	14
tiny-gpt2	ours	cold	3	58	206.9	0	14
tiny-gpt2	ours	cold	3	59	141.1	0	14
tiny-gpt2	ours	cold	3	60	134.9	0	14
tiny-gpt2	ours	cold	3	61	214.1	0	14
tiny-gpt2	ours	cold	3	62	144.0	0	14
tiny-gpt2	ours	cold	3	63	133.0	0	14
tiny-gpt2	ours	cold	3	64	203.1	0	14
tiny-gpt2	ours	cold	3	65	138.0	0	14
tiny-gpt2	ours	cold	3	66	135.9	0	14
tiny-gpt2	ours	cold	3	67	214.1	0	14
tiny-gpt2	ours	cold	3	68	148.1	0	14
tiny-gpt2	ours	cold	3	69	137.1	0	14
tiny-gpt2	ours	cold	3	70	206.0	0	14
tiny-gpt2	ours	cold	3	71	139.0	0	14
tiny-gpt2	ours	cold	3	72	128.0	0	14
tiny-gpt2	ours	cold	3	73	236.0	0	14
tiny-gpt2	ours	cold	3	74	149.0	0	14
tiny-gpt2	ours	cold	3	75	137.1	0	14
tiny-gpt2	ours	cold	3	76	206.0	0	14
tiny-gpt2	ours	cold	3	77	131.8	0	14
tiny-gpt2	ours	cold	3	78	135.9	0	14
tiny-gpt2	ours	cold	3	79	215.1	0	14
tiny-gpt2	ours	cold	3	80	150.0	0	14
tiny-gpt2	ours	cold	3	81	134.0	0	14
tiny-gpt2	ours	cold	3	82	204.8	0	14
tiny-gpt2	ours	cold	3	83	139.0	0	14
tiny-gpt2	ours	cold	3	84	134.9	0	14
tiny-gpt2	ours	cold	3	85	221.0	0	14
tiny-gpt2	ours	cold	3	86	150.0	0	14
tiny-gpt2	ours	cold	3	87	134.9	0	14
tiny-gpt2	ours	cold	3	88	205.0	0	14
tiny-gpt2	ours	cold	3	89	140.0	0	14
tiny-gpt2	ours	cold	3	90	136.1	0	14
tiny-gpt2	ours	cold	3	91	224.1	0	14
tiny-gpt2	ours	cold	3	92	150.0	0	14
tiny-gpt2	ours	cold	3	93	136.1	0	14
tiny-gpt2	ours	cold	3	94	210.0	0	14
tiny-gpt2	ours	cold	3	95	139.0	0	14
tiny-gpt2	ours	cold	3	96	134.0	0	14
tiny-gpt2	ours	cold	3	97	222.0	0	14
tiny-gpt2	ours	cold	3	98	151.9	0	14
tiny-gpt2	ours	cold	3	99	134.9	0	14
tiny-gpt2	ours	cold	3	100	206.0	0	14
tiny-gpt2	ours	cold	3	101	140.9	0	14
tiny-gpt2	ours	cold	3	102	129.0	0	14
tiny-gpt2	ours	cold	3	103	217.0	0	14
tiny-gpt2	ours	cold	3	104	150.0	0	14
tiny-gpt2	ours	cold	3	105	179.1	0	14
tiny-gpt2	ours	cold	3	106	248.2	0	14
tiny-gpt2	ours	cold	3	107	149.0	0	14
tiny-gpt2	ours	cold	3	108	134.9	0	14
tiny-gpt2	ours	cold	3	109	223.9	0	14
tiny-gpt2	ours	cold	3	110	168.1	0	14
tiny-gpt2	ours	cold	3	111	135.9	0	14
tiny-gpt2	ours	cold	3	112	211.0	0	14
tiny-gpt2	ours	cold	3	113	140.0	0	14
tiny-gpt2	ours	cold	3	114	134.0	0	14
tiny-gpt2	ours	cold	3	115	220.1	0	14
tiny-gpt2	ours	cold	3	116	143.1	0	14
tiny-gpt2	ours	cold	3	117	134.9	0	14
tiny-gpt2	ours	cold	3	118	207.2	0	14
tiny-gpt2	ours	cold	3	119	141.9	0	14
tiny-gpt2	ours	cold	3	120	134.9	0	14
tiny-gpt2	ours	cold	3	121	215.1	0	14
tiny-gpt2	ours	cold	3	122	150.9	0	14
tiny-gpt2	ours	cold	3	123	135.9	0	14
tiny-gpt2	ours	cold	3	124	205.0	0	14
tiny-gpt2	ours	cold	3	125	141.1	0	14
tiny-gpt2	ours	cold	3	126	134.9	0	14
tiny-gpt2	ours	cold	3	127	216.0	0	14
tiny-gpt2	ours	cold	3	128	148.1	0	14
tiny-gpt2	ours	cold	3	129	135.2	0	14
tiny-gpt2	ours	cold	3	130	208.9	0	14
tiny-gpt2	ours	cold	3	131	139.0	0	14
tiny-gpt2	ours	cold	3	132	135.9	0	14
tiny-gpt2	ours	cold	3	133	214.1	0	14
tiny-gpt2	ours	cold	3	134	152.1	0	14
tiny-gpt2	ours	cold	3	135	137.1	0	14
tiny-gpt2	ours	cold	3	136	208.9	0	14
tiny-gpt2	ours	cold	3	137	139.0	0	14
tiny-gpt2	ours	cold	3	138	135.2	0	14
tiny-gpt2	ours	cold	3	139	213.9	0	14
tiny-gpt2	ours	cold	3	140	150.0	0	14
tiny-gpt2	ours	cold	3	141	127.1	0	14
tiny-gpt2	ours	cold	3	142	207.9	0	14
tiny-gpt2	ours	cold	3	143	140.2	0	14
tiny-gpt2	ours	cold	3	144	134.9	0	14
tiny-gpt2	ours	cold	3	145	215.1	0	14
tiny-gpt2	ours	cold	3	146	150.0	0	14
tiny-gpt2	ours	cold	3	147	136.1	0	14
tiny-gpt2	ours	cold	3	148	204.8	0	14
tiny-gpt2	ours	cold	3	149	139.0	0	14
tiny-gpt2	ours	cold	3	150	136.9	0	14
tiny-gpt2	ours	cold	3	151	213.9	0	14
tiny-gpt2	ours	cold	3	152	156.9	0	14
tiny-gpt2	ours	cold	3	153	129.0	0	14
tiny-gpt2	ours	cold	3	154	205.0	0	14
tiny-gpt2	ours	cold	3	155	140.9	0	14
tiny-gpt2	ours	cold	3	156	134.9	0	14
tiny-gpt2	ours	cold	3	157	214.8	0	14
tiny-gpt2	ours	cold	3	158	149.0	0	14
tiny-gpt2	ours	cold	3	159	129.9	0	14
tiny-gpt2	ours	cold	3	160	206.9	0	14
tiny-gpt2	ours	cold	3	161	140.2	0	14
tiny-gpt2	ours	cold	3	162	135.9	0	14
tiny-gpt2	ours	cold	3	163	223.2	0	14
tiny-gpt2	ours	cold	3	164	140.9	0	14
tiny-gpt2	ours	cold	3	165	138.0	0	14
tiny-gpt2	ours	cold	3	166	205.0	0	14
tiny-gpt2	ours	cold	3	167	140.0	0	14
tiny-gpt2	ours	cold	3	168	134.0	0	14
tiny-gpt2	ours	cold	3	169	232.9	0	14
tiny-gpt2	ours	cold	3	170	141.1	0	14
tiny-gpt2	ours	cold	3	171	136.9	0	14
tiny-gpt2	ours	cold	3	172	206.0	0	14
tiny-gpt2	ours	cold	3	173	139.0	0	14
tiny-gpt2	ours	cold	3	174	138.0	0	14
tiny-gpt2	ours	cold	3	175	219.1	0	14
tiny-gpt2	ours	cold	3	176	140.9	0	14
tiny-gpt2	ours	cold	3	177	136.1	0	14
tiny-gpt2	ours	cold	3	178	209.1	0	14
tiny-gpt2	ours	cold	3	179	140.9	0	14
tiny-gpt2	ours	cold	3	180	136.1	0	14
tiny-gpt2	ours	cold	3	181	216.0	0	14
tiny-gpt2	ours	cold	3	182	141.9	0	14
tiny-gpt2	ours	cold	3	183	130.9	0	14
tiny-gpt2	ours	cold	3	184	211.0	0	14
tiny-gpt2	ours	cold	3	185	140.2	0	14
tiny-gpt2	ours	cold	3	186	135.9	0	14
tiny-gpt2	ours	cold	3	187	214.1	0	14
tiny-gpt2	ours	cold	3	188	140.0	0	14
tiny-gpt2	ours	cold	3	189	145.2	0	14
tiny-gpt2	ours	cold	3	190	207.9	0	14
tiny-gpt2	ours	cold	3	191	140.0	0	14
tiny-gpt2	ours	cold	3	192	136.1	0	14
tiny-gpt2	ours	cold	3	193	215.1	0	14
tiny-gpt2	ours	cold	3	194	140.0	0	14
tiny-gpt2	ours	cold	3	195	146.2	0	14
tiny-gpt2	ours	cold	3	196	210.0	0	14
tiny-gpt2	ours	cold	3	197	140.9	0	14
tiny-gpt2	ours	cold	3	198	137.1	0	14
tiny-gpt2	ours	cold	3	199	219.1	0	14
tiny-gpt2	ours	cold	3	200	140.0	0	14
tiny-gpt2	ours	cold	3	201	147.1	0	14
tiny-gpt2	ours	cold	3	202	205.0	0	14
tiny-gpt2	ours	cold	3	203	144.0	0	14
tiny-gpt2	ours	cold	3	204	136.1	0	14
tiny-gpt2	ours	cold	3	205	216.0	0	14
tiny-gpt2	ours	cold	3	206	143.1	0	14
tiny-gpt2	ours	cold	3	207	138.0	0	14
tiny-gpt2	ours	cold	3	208	212.0	0	14
tiny-gpt2	ours	cold	3	209	151.2	0	14
tiny-gpt2	ours	cold	3	210	136.9	0	14
tiny-gpt2	ours	cold	3	211	222.0	0	14
tiny-gpt2	ours	cold	3	212	150.9	0	14
tiny-gpt2	ours	cold	3	213	138.0	0	14
tiny-gpt2	ours	cold	3	214	207.2	0	14
tiny-gpt2	ours	cold	3	215	140.0	0	14
tiny-gpt2	ours	cold	3	216	134.9	0	14
tiny-gpt2	ours	cold	3	217	216.0	0	14
tiny-gpt2	ours	cold	3	218	144.0	0	14
tiny-gpt2	ours	cold	3	219	138.0	0	14
tiny-gpt2	ours	cold	3	220	207.9	0	14
tiny-gpt2	ours	cold	3	221	140.2	0	14
tiny-gpt2	ours	cold	3	222	134.9	0	14
tiny-gpt2	ours	cold	3	223	217.9	0	14
tiny-gpt2	ours	cold	3	224	140.9	0	14
tiny-gpt2	ours	cold	3	225	144.0	0	14
tiny-gpt2	ours	cold	3	226	208.1	0	14
tiny-gpt2	ours	cold	3	227	140.0	0	14
tiny-gpt2	ours	cold	3	228	136.1	0	14
tiny-gpt2	ours	cold	3	229	216.0	0	14
tiny-gpt2	ours	cold	3	230	140.0	0	14
tiny-gpt2	ours	cold	3	231	144.0	0	14
tiny-gpt2	ours	cold	3	232	207.2	0	14
tiny-gpt2	ours	cold	3	233	140.0	0	14
tiny-gpt2	ours	cold	3	234	136.1	0	14
tiny-gpt2	ours	cold	3	235	215.1	0	14
tiny-gpt2	ours	cold	3	236	139.0	0	14
tiny-gpt2	ours	cold	3	237	142.1	0	14
tiny-gpt2	ours	cold	3	238	204.1	0	14
tiny-gpt2	ours	cold	3	239	140.0	0	14
tiny-gpt2	ours	cold	3	240	134.0	0	14
tiny-gpt2	ours	cold	3	241	214.1	0	14
tiny-gpt2	ours	cold	3	242	140.2	0	14
tiny-gpt2	ours	cold	3	243	143.1	0	14
tiny-gpt2	ours	cold	3	244	218.9	0	14
tiny-gpt2	ours	cold	3	245	144.0	0	14
tiny-gpt2	ours	cold	3	246	138.0	0	14
tiny-gpt2	ours	cold	3	247	217.0	0	14
tiny-gpt2	ours	cold	3	248	139.0	0	14
tiny-gpt2	ours	cold	3	249	144.0	0	14
tiny-gpt2	ours	cold	3	250	203.1	0	14
tiny-gpt2	ours	cold	3	251	141.1	0	14
tiny-gpt2	ours	cold	3	252	134.9	0	14
tiny-gpt2	ours	cold	3	253	213.9	0	14
tiny-gpt2	ours	cold	3	254	141.9	0	14
tiny-gpt2	ours	cold	3	255	142.1	0	14
tiny-gpt2	ours	cold	3	256	208.1	0	14
tiny-gpt2	ours	cold	3	257	138.0	0	14
tiny-gpt2	ours	cold	3	258	136.9	0	14
tiny-gpt2	ours	cold	3	259	217.2	0	14
tiny-gpt2	ours	cold	3	260	133.0	0	14
tiny-gpt2	ours	cold	3	261	141.9	0	14
tiny-gpt2	ours	cold	3	262	205.0	0	14
tiny-gpt2	ours	cold	3	263	139.0	0	14
tiny-gpt2	ours	cold	3	264	134.9	0	14
tiny-gpt2	ours	cold	3	265	232.9	0	14
tiny-gpt2	ours	cold	3	266	141.1	0	14
tiny-gpt2	ours	cold	3	267	144.0	0	14
tiny-gpt2	ours	cold	3	268	211.0	0	14
tiny-gpt2	ours	cold	3	269	140.0	0	14
tiny-gpt2	ours	cold	3	270	134.9	0	14
tiny-gpt2	ours	cold	3	271	215.1	0	14
tiny-gpt2	ours	cold	3	272	140.9	0	14
tiny-gpt2	ours	cold	3	273	136.1	0	14
tiny-gpt2	ours	cold	3	274	204.1	0	14
tiny-gpt2	ours	cold	3	275	138.0	0	14
tiny-gpt2	ours	cold	3	276	134.0	0	14
tiny-gpt2	ours	cold	3	277	212.9	0	14
tiny-gpt2	ours	cold	3	278	150.9	0	14
tiny-gpt2	ours	cold	3	279	134.0	0	14
tiny-gpt2	ours	cold	3	280	211.0	0	14
tiny-gpt2	ours	cold	3	281	139.0	0	14
tiny-gpt2	ours	cold	3	282	128.0	0	14
tiny-gpt2	ours	cold	3	283	215.1	0	14
tiny-gpt2	ours	cold	3	284	140.0	0	14
tiny-gpt2	ours	cold	3	285	140.2	0	14
tiny-gpt2	ours	cold	3	286	206.0	0	14
tiny-gpt2	ours	cold	3	287	140.9	0	14
tiny-gpt2	ours	cold	3	288	135.9	0	14
tiny-gpt2	ours	cold	3	289	217.0	0	14
tiny-gpt2	ours	cold	3	290	134.0	0	14
tiny-gpt2	ours	cold	3	291	134.9	0	14
tiny-gpt2	ours	cold	3	292	217.9	0	14
tiny-gpt2	ours	cold	3	293	142.1	0	14
tiny-gpt2	ours	cold	3	294	134.0	0	14
tiny-gpt2	ours	cold	3	295	212.2	0	14
tiny-gpt2	ours	cold	3	296	141.9	0	14
tiny-gpt2	ours	cold	3	297	135.2	0	14
tiny-gpt2	ours	cold	3	298	212.9	0	14
tiny-gpt2	ours	cold	3	299	139.0	0	14
tiny-gpt2	torch-compile	cold	3	0	3302482.6		
tiny-gpt2	torch-compile	cold	3	1	739.3		
tiny-gpt2	torch-compile	cold	3	2	433.9		
tiny-gpt2	torch-compile	cold	3	3	401.5		
tiny-gpt2	torch-compile	cold	3	4	381.2		
tiny-gpt2	torch-compile	cold	3	5	363.8		
tiny-gpt2	torch-compile	cold	3	6	353.1		
tiny-gpt2	torch-compile	cold	3	7	347.6		
tiny-gpt2	torch-compile	cold	3	8	357.9		
tiny-gpt2	torch-compile	cold	3	9	343.1		
tiny-gpt2	torch-compile	cold	3	10	340.5		
tiny-gpt2	torch-compile	cold	3	11	356.2		
tiny-gpt2	torch-compile	cold	3	12	338.6		
tiny-gpt2	torch-compile	cold	3	13	340.2		
tiny-gpt2	torch-compile	cold	3	14	346.4		
tiny-gpt2	torch-compile	cold	3	15	336.4		
tiny-gpt2	torch-compile	cold	3	16	336.9		
tiny-gpt2	torch-compile	cold	3	17	349.0		
tiny-gpt2	torch-compile	cold	3	18	337.4		
tiny-gpt2	torch-compile	cold	3	19	338.6		
tiny-gpt2	torch-compile	cold	3	20	344.5		
tiny-gpt2	torch-compile	cold	3	21	336.4		
tiny-gpt2	torch-compile	cold	3	22	335.7		
tiny-gpt2	torch-compile	cold	3	23	352.9		
tiny-gpt2	torch-compile	cold	3	24	337.1		
tiny-gpt2	torch-compile	cold	3	25	335.7		
tiny-gpt2	torch-compile	cold	3	26	348.6		
tiny-gpt2	torch-compile	cold	3	27	340.5		
tiny-gpt2	torch-compile	cold	3	28	342.6		
tiny-gpt2	torch-compile	cold	3	29	345.5		
tiny-gpt2	torch-compile	cold	3	30	335.0		
tiny-gpt2	torch-compile	cold	3	31	335.7		
tiny-gpt2	torch-compile	cold	3	32	343.3		
tiny-gpt2	torch-compile	cold	3	33	335.0		
tiny-gpt2	torch-compile	cold	3	34	340.5		
tiny-gpt2	torch-compile	cold	3	35	336.2		
tiny-gpt2	torch-compile	cold	3	36	335.2		
tiny-gpt2	torch-compile	cold	3	37	342.4		
tiny-gpt2	torch-compile	cold	3	38	340.5		
tiny-gpt2	torch-compile	cold	3	39	334.7		
tiny-gpt2	torch-compile	cold	3	40	344.3		
tiny-gpt2	torch-compile	cold	3	41	336.4		
tiny-gpt2	torch-compile	cold	3	42	336.9		
tiny-gpt2	torch-compile	cold	3	43	346.2		
tiny-gpt2	torch-compile	cold	3	44	336.6		
tiny-gpt2	torch-compile	cold	3	45	334.7		
tiny-gpt2	torch-compile	cold	3	46	346.9		
tiny-gpt2	torch-compile	cold	3	47	340.7		
tiny-gpt2	torch-compile	cold	3	48	333.5		
tiny-gpt2	torch-compile	cold	3	49	343.8		
tiny-gpt2	torch-compile	cold	3	50	332.8		
tiny-gpt2	torch-compile	cold	3	51	332.8		
tiny-gpt2	torch-compile	cold	3	52	349.0		
tiny-gpt2	torch-compile	cold	3	53	340.7		
tiny-gpt2	torch-compile	cold	3	54	338.3		
tiny-gpt2	torch-compile	cold	3	55	351.0		
tiny-gpt2	torch-compile	cold	3	56	340.9		
tiny-gpt2	torch-compile	cold	3	57	340.0		
tiny-gpt2	torch-compile	cold	3	58	346.2		
tiny-gpt2	torch-compile	cold	3	59	339.5		
tiny-gpt2	torch-compile	cold	3	60	337.6		
tiny-gpt2	torch-compile	cold	3	61	348.8		
tiny-gpt2	torch-compile	cold	3	62	338.8		
tiny-gpt2	torch-compile	cold	3	63	335.5		
tiny-gpt2	torch-compile	cold	3	64	344.3		
tiny-gpt2	torch-compile	cold	3	65	342.6		
tiny-gpt2	torch-compile	cold	3	66	348.6		
tiny-gpt2	torch-compile	cold	3	67	342.8		
tiny-gpt2	torch-compile	cold	3	68	333.8		
tiny-gpt2	torch-compile	cold	3	69	341.7		
tiny-gpt2	torch-compile	cold	3	70	334.5		
tiny-gpt2	torch-compile	cold	3	71	335.0		
tiny-gpt2	torch-compile	cold	3	72	346.2		
tiny-gpt2	torch-compile	cold	3	73	339.3		
tiny-gpt2	torch-compile	cold	3	74	334.7		
tiny-gpt2	torch-compile	cold	3	75	344.3		
tiny-gpt2	torch-compile	cold	3	76	339.0		
tiny-gpt2	torch-compile	cold	3	77	333.5		
tiny-gpt2	torch-compile	cold	3	78	359.5		
tiny-gpt2	torch-compile	cold	3	79	334.7		
tiny-gpt2	torch-compile	cold	3	80	334.7		
tiny-gpt2	torch-compile	cold	3	81	346.9		
tiny-gpt2	torch-compile	cold	3	82	333.3		
tiny-gpt2	torch-compile	cold	3	83	333.3		
tiny-gpt2	torch-compile	cold	3	84	348.6		
tiny-gpt2	torch-compile	cold	3	85	336.6		
tiny-gpt2	torch-compile	cold	3	86	336.2		
tiny-gpt2	torch-compile	cold	3	87	345.7		
tiny-gpt2	torch-compile	cold	3	88	333.8		
tiny-gpt2	torch-compile	cold	3	89	335.9		
tiny-gpt2	torch-compile	cold	3	90	342.8		
tiny-gpt2	torch-compile	cold	3	91	332.1		
tiny-gpt2	torch-compile	cold	3	92	341.9		
tiny-gpt2	torch-compile	cold	3	93	342.8		
tiny-gpt2	torch-compile	cold	3	94	335.2		
tiny-gpt2	torch-compile	cold	3	95	340.9		
tiny-gpt2	torch-compile	cold	3	96	342.8		
tiny-gpt2	torch-compile	cold	3	97	335.9		
tiny-gpt2	torch-compile	cold	3	98	336.6		
tiny-gpt2	torch-compile	cold	3	99	340.7		
tiny-gpt2	torch-compile	cold	3	100	330.7		
tiny-gpt2	torch-compile	cold	3	101	330.0		
tiny-gpt2	torch-compile	cold	3	102	336.4		
tiny-gpt2	torch-compile	cold	3	103	331.2		
tiny-gpt2	torch-compile	cold	3	104	330.4		
tiny-gpt2	torch-compile	cold	3	105	341.7		
tiny-gpt2	torch-compile	cold	3	106	331.9		
tiny-gpt2	torch-compile	cold	3	107	329.5		
tiny-gpt2	torch-compile	cold	3	108	339.0		
tiny-gpt2	torch-compile	cold	3	109	328.3		
tiny-gpt2	torch-compile	cold	3	110	330.9		
tiny-gpt2	torch-compile	cold	3	111	342.8		
tiny-gpt2	torch-compile	cold	3	112	362.4		
tiny-gpt2	torch-compile	cold	3	113	333.3		
tiny-gpt2	torch-compile	cold	3	114	349.5		
tiny-gpt2	torch-compile	cold	3	115	333.8		
tiny-gpt2	torch-compile	cold	3	116	338.3		
tiny-gpt2	torch-compile	cold	3	117	331.4		
tiny-gpt2	torch-compile	cold	3	118	332.1		
tiny-gpt2	torch-compile	cold	3	119	351.0		
tiny-gpt2	torch-compile	cold	3	120	347.9		
tiny-gpt2	torch-compile	cold	3	121	333.3		
tiny-gpt2	torch-compile	cold	3	122	344.8		
tiny-gpt2	torch-compile	cold	3	123	336.2		
tiny-gpt2	torch-compile	cold	3	124	332.4		
tiny-gpt2	torch-compile	cold	3	125	346.4		
tiny-gpt2	torch-compile	cold	3	126	330.4		
tiny-gpt2	torch-compile	cold	3	127	330.4		
tiny-gpt2	torch-compile	cold	3	128	340.0		
tiny-gpt2	torch-compile	cold	3	129	335.2		
tiny-gpt2	torch-compile	cold	3	130	334.0		
tiny-gpt2	torch-compile	cold	3	131	344.8		
tiny-gpt2	torch-compile	cold	3	132	334.5		
tiny-gpt2	torch-compile	cold	3	133	333.1		
tiny-gpt2	torch-compile	cold	3	134	343.1		
tiny-gpt2	torch-compile	cold	3	135	334.3		
tiny-gpt2	torch-compile	cold	3	136	331.4		
tiny-gpt2	torch-compile	cold	3	137	341.4		
tiny-gpt2	torch-compile	cold	3	138	331.9		
tiny-gpt2	torch-compile	cold	3	139	331.2		
tiny-gpt2	torch-compile	cold	3	140	338.8		
tiny-gpt2	torch-compile	cold	3	141	337.8		
tiny-gpt2	torch-compile	cold	3	142	329.3		
tiny-gpt2	torch-compile	cold	3	143	342.4		
tiny-gpt2	torch-compile	cold	3	144	332.8		
tiny-gpt2	torch-compile	cold	3	145	328.8		
tiny-gpt2	torch-compile	cold	3	146	342.8		
tiny-gpt2	torch-compile	cold	3	147	328.5		
tiny-gpt2	torch-compile	cold	3	148	334.3		
tiny-gpt2	torch-compile	cold	3	149	336.9		
tiny-gpt2	torch-compile	cold	3	150	334.5		
tiny-gpt2	torch-compile	cold	3	151	330.9		
tiny-gpt2	torch-compile	cold	3	152	339.3		
tiny-gpt2	torch-compile	cold	3	153	327.3		
tiny-gpt2	torch-compile	cold	3	154	330.9		
tiny-gpt2	torch-compile	cold	3	155	340.7		
tiny-gpt2	torch-compile	cold	3	156	331.2		
tiny-gpt2	torch-compile	cold	3	157	330.4		
tiny-gpt2	torch-compile	cold	3	158	336.4		
tiny-gpt2	torch-compile	cold	3	159	328.8		
tiny-gpt2	torch-compile	cold	3	160	329.5		
tiny-gpt2	torch-compile	cold	3	161	336.2		
tiny-gpt2	torch-compile	cold	3	162	328.3		
tiny-gpt2	torch-compile	cold	3	163	331.4		
tiny-gpt2	torch-compile	cold	3	164	357.2		
tiny-gpt2	torch-compile	cold	3	165	332.6		
tiny-gpt2	torch-compile	cold	3	166	331.6		
tiny-gpt2	torch-compile	cold	3	167	339.0		
tiny-gpt2	torch-compile	cold	3	168	331.6		
tiny-gpt2	torch-compile	cold	3	169	328.8		
tiny-gpt2	torch-compile	cold	3	170	340.9		
tiny-gpt2	torch-compile	cold	3	171	329.3		
tiny-gpt2	torch-compile	cold	3	172	328.8		
tiny-gpt2	torch-compile	cold	3	173	335.2		
tiny-gpt2	torch-compile	cold	3	174	332.8		
tiny-gpt2	torch-compile	cold	3	175	330.2		
tiny-gpt2	torch-compile	cold	3	176	341.9		
tiny-gpt2	torch-compile	cold	3	177	330.9		
tiny-gpt2	torch-compile	cold	3	178	328.1		
tiny-gpt2	torch-compile	cold	3	179	338.1		
tiny-gpt2	torch-compile	cold	3	180	328.5		
tiny-gpt2	torch-compile	cold	3	181	334.7		
tiny-gpt2	torch-compile	cold	3	182	335.5		
tiny-gpt2	torch-compile	cold	3	183	326.6		
tiny-gpt2	torch-compile	cold	3	184	328.5		
tiny-gpt2	torch-compile	cold	3	185	336.2		
tiny-gpt2	torch-compile	cold	3	186	327.1		
tiny-gpt2	torch-compile	cold	3	187	329.3		
tiny-gpt2	torch-compile	cold	3	188	335.7		
tiny-gpt2	torch-compile	cold	3	189	329.7		
tiny-gpt2	torch-compile	cold	3	190	328.1		
tiny-gpt2	torch-compile	cold	3	191	343.6		
tiny-gpt2	torch-compile	cold	3	192	325.9		
tiny-gpt2	torch-compile	cold	3	193	330.9		
tiny-gpt2	torch-compile	cold	3	194	340.2		
tiny-gpt2	torch-compile	cold	3	195	330.4		
tiny-gpt2	torch-compile	cold	3	196	328.3		
tiny-gpt2	torch-compile	cold	3	197	338.8		
tiny-gpt2	torch-compile	cold	3	198	329.5		
tiny-gpt2	torch-compile	cold	3	199	328.8		
tiny-gpt2	torch-compile	cold	3	200	336.4		
tiny-gpt2	torch-compile	cold	3	201	327.3		
tiny-gpt2	torch-compile	cold	3	202	326.9		
tiny-gpt2	torch-compile	cold	3	203	341.9		
tiny-gpt2	torch-compile	cold	3	204	340.2		
tiny-gpt2	torch-compile	cold	3	205	330.7		
tiny-gpt2	torch-compile	cold	3	206	339.7		
tiny-gpt2	torch-compile	cold	3	207	329.5		
tiny-gpt2	torch-compile	cold	3	208	335.9		
tiny-gpt2	torch-compile	cold	3	209	333.5		
tiny-gpt2	torch-compile	cold	3	210	326.9		
tiny-gpt2	torch-compile	cold	3	211	333.5		
tiny-gpt2	torch-compile	cold	3	212	335.0		
tiny-gpt2	torch-compile	cold	3	213	328.3		
tiny-gpt2	torch-compile	cold	3	214	332.4		
tiny-gpt2	torch-compile	cold	3	215	329.5		
tiny-gpt2	torch-compile	cold	3	216	325.4		
tiny-gpt2	torch-compile	cold	3	217	333.8		
tiny-gpt2	torch-compile	cold	3	218	329.0		
tiny-gpt2	torch-compile	cold	3	219	330.0		
tiny-gpt2	torch-compile	cold	3	220	340.7		
tiny-gpt2	torch-compile	cold	3	221	330.4		
tiny-gpt2	torch-compile	cold	3	222	329.3		
tiny-gpt2	torch-compile	cold	3	223	337.8		
tiny-gpt2	torch-compile	cold	3	224	338.1		
tiny-gpt2	torch-compile	cold	3	225	329.3		
tiny-gpt2	torch-compile	cold	3	226	342.1		
tiny-gpt2	torch-compile	cold	3	227	337.8		
tiny-gpt2	torch-compile	cold	3	228	329.0		
tiny-gpt2	torch-compile	cold	3	229	338.3		
tiny-gpt2	torch-compile	cold	3	230	330.2		
tiny-gpt2	torch-compile	cold	3	231	328.8		
tiny-gpt2	torch-compile	cold	3	232	335.7		
tiny-gpt2	torch-compile	cold	3	233	328.3		
tiny-gpt2	torch-compile	cold	3	234	327.1		
tiny-gpt2	torch-compile	cold	3	235	339.3		
tiny-gpt2	torch-compile	cold	3	236	328.3		
tiny-gpt2	torch-compile	cold	3	237	327.8		
tiny-gpt2	torch-compile	cold	3	238	338.3		
tiny-gpt2	torch-compile	cold	3	239	330.4		
tiny-gpt2	torch-compile	cold	3	240	327.8		
tiny-gpt2	torch-compile	cold	3	241	340.0		
tiny-gpt2	torch-compile	cold	3	242	329.5		
tiny-gpt2	torch-compile	cold	3	243	327.8		
tiny-gpt2	torch-compile	cold	3	244	336.2		
tiny-gpt2	torch-compile	cold	3	245	330.0		
tiny-gpt2	torch-compile	cold	3	246	328.3		
tiny-gpt2	torch-compile	cold	3	247	339.3		
tiny-gpt2	torch-compile	cold	3	248	328.3		
tiny-gpt2	torch-compile	cold	3	249	329.5		
tiny-gpt2	torch-compile	cold	3	250	344.8		
tiny-gpt2	torch-compile	cold	3	251	330.0		
tiny-gpt2	torch-compile	cold	3	252	328.3		
tiny-gpt2	torch-compile	cold	3	253	337.8		
tiny-gpt2	torch-compile	cold	3	254	328.5		
tiny-gpt2	torch-compile	cold	3	255	328.1		
tiny-gpt2	torch-compile	cold	3	256	337.1		
tiny-gpt2	torch-compile	cold	3	257	330.0		
tiny-gpt2	torch-compile	cold	3	258	330.0		
tiny-gpt2	torch-compile	cold	3	259	340.0		
tiny-gpt2	torch-compile	cold	3	260	329.5		
tiny-gpt2	torch-compile	cold	3	261	329.5		
tiny-gpt2	torch-compile	cold	3	262	338.1		
tiny-gpt2	torch-compile	cold	3	263	328.1		
tiny-gpt2	torch-compile	cold	3	264	343.8		
tiny-gpt2	torch-compile	cold	3	265	353.6		
tiny-gpt2	torch-compile	cold	3	266	332.1		
tiny-gpt2	torch-compile	cold	3	267	331.4		
tiny-gpt2	torch-compile	cold	3	268	342.8		
tiny-gpt2	torch-compile	cold	3	269	334.0		
tiny-gpt2	torch-compile	cold	3	270	332.6		
tiny-gpt2	torch-compile	cold	3	271	340.5		
tiny-gpt2	torch-compile	cold	3	272	330.0		
tiny-gpt2	torch-compile	cold	3	273	330.2		
tiny-gpt2	torch-compile	cold	3	274	343.3		
tiny-gpt2	torch-compile	cold	3	275	329.5		
tiny-gpt2	torch-compile	cold	3	276	330.4		
tiny-gpt2	torch-compile	cold	3	277	335.9		
tiny-gpt2	torch-compile	cold	3	278	330.4		
tiny-gpt2	torch-compile	cold	3	279	330.4		
tiny-gpt2	torch-compile	cold	3	280	339.5		
tiny-gpt2	torch-compile	cold	3	281	329.3		
tiny-gpt2	torch-compile	cold	3	282	328.3		
tiny-gpt2	torch-compile	cold	3	283	340.5		
tiny-gpt2	torch-compile	cold	3	284	330.9		
tiny-gpt2	torch-compile	cold	3	285	330.9		
tiny-gpt2	torch-compile	cold	3	286	340.5		
tiny-gpt2	torch-compile	cold	3	287	329.5		
tiny-gpt2	torch-compile	cold	3	288	330.2		
tiny-gpt2	torch-compile	cold	3	289	343.3		
tiny-gpt2	torch-compile	cold	3	290	330.2		
tiny-gpt2	torch-compile	cold	3	291	329.5		
tiny-gpt2	torch-compile	cold	3	292	344.8		
tiny-gpt2	torch-compile	cold	3	293	331.2		
tiny-gpt2	torch-compile	cold	3	294	328.1		
tiny-gpt2	torch-compile	cold	3	295	336.9		
tiny-gpt2	torch-compile	cold	3	296	327.3		
tiny-gpt2	torch-compile	cold	3	297	327.8		
tiny-gpt2	torch-compile	cold	3	298	337.6		
tiny-gpt2	torch-compile	cold	3	299	328.3		
tiny-gpt2	torch-compile-ro	cold	3	0	2656785.2		
tiny-gpt2	torch-compile-ro	cold	3	1	29050.6		
tiny-gpt2	torch-compile-ro	cold	3	2	498.1		
tiny-gpt2	torch-compile-ro	cold	3	3	270.4		
tiny-gpt2	torch-compile-ro	cold	3	4	239.6		
tiny-gpt2	torch-compile-ro	cold	3	5	233.2		
tiny-gpt2	torch-compile-ro	cold	3	6	228.2		
tiny-gpt2	torch-compile-ro	cold	3	7	227.2		
tiny-gpt2	torch-compile-ro	cold	3	8	224.4		
tiny-gpt2	torch-compile-ro	cold	3	9	232.2		
tiny-gpt2	torch-compile-ro	cold	3	10	225.8		
tiny-gpt2	torch-compile-ro	cold	3	11	224.1		
tiny-gpt2	torch-compile-ro	cold	3	12	223.6		
tiny-gpt2	torch-compile-ro	cold	3	13	227.7		
tiny-gpt2	torch-compile-ro	cold	3	14	222.7		
tiny-gpt2	torch-compile-ro	cold	3	15	220.1		
tiny-gpt2	torch-compile-ro	cold	3	16	218.2		
tiny-gpt2	torch-compile-ro	cold	3	17	220.3		
tiny-gpt2	torch-compile-ro	cold	3	18	220.8		
tiny-gpt2	torch-compile-ro	cold	3	19	219.1		
tiny-gpt2	torch-compile-ro	cold	3	20	217.9		
tiny-gpt2	torch-compile-ro	cold	3	21	217.0		
tiny-gpt2	torch-compile-ro	cold	3	22	224.6		
tiny-gpt2	torch-compile-ro	cold	3	23	217.7		
tiny-gpt2	torch-compile-ro	cold	3	24	217.9		
tiny-gpt2	torch-compile-ro	cold	3	25	218.6		
tiny-gpt2	torch-compile-ro	cold	3	26	222.0		
tiny-gpt2	torch-compile-ro	cold	3	27	226.0		
tiny-gpt2	torch-compile-ro	cold	3	28	217.9		
tiny-gpt2	torch-compile-ro	cold	3	29	216.7		
tiny-gpt2	torch-compile-ro	cold	3	30	216.0		
tiny-gpt2	torch-compile-ro	cold	3	31	223.2		
tiny-gpt2	torch-compile-ro	cold	3	32	216.0		
tiny-gpt2	torch-compile-ro	cold	3	33	218.4		
tiny-gpt2	torch-compile-ro	cold	3	34	216.5		
tiny-gpt2	torch-compile-ro	cold	3	35	217.7		
tiny-gpt2	torch-compile-ro	cold	3	36	217.7		
tiny-gpt2	torch-compile-ro	cold	3	37	215.8		
tiny-gpt2	torch-compile-ro	cold	3	38	214.3		
tiny-gpt2	torch-compile-ro	cold	3	39	212.9		
tiny-gpt2	torch-compile-ro	cold	3	40	220.5		
tiny-gpt2	torch-compile-ro	cold	3	41	217.2		
tiny-gpt2	torch-compile-ro	cold	3	42	236.7		
tiny-gpt2	torch-compile-ro	cold	3	43	216.7		
tiny-gpt2	torch-compile-ro	cold	3	44	213.1		
tiny-gpt2	torch-compile-ro	cold	3	45	224.4		
tiny-gpt2	torch-compile-ro	cold	3	46	212.7		
tiny-gpt2	torch-compile-ro	cold	3	47	217.2		
tiny-gpt2	torch-compile-ro	cold	3	48	213.4		
tiny-gpt2	torch-compile-ro	cold	3	49	220.8		
tiny-gpt2	torch-compile-ro	cold	3	50	218.9		
tiny-gpt2	torch-compile-ro	cold	3	51	215.1		
tiny-gpt2	torch-compile-ro	cold	3	52	214.3		
tiny-gpt2	torch-compile-ro	cold	3	53	216.2		
tiny-gpt2	torch-compile-ro	cold	3	54	231.7		
tiny-gpt2	torch-compile-ro	cold	3	55	223.9		
tiny-gpt2	torch-compile-ro	cold	3	56	214.8		
tiny-gpt2	torch-compile-ro	cold	3	57	216.0		
tiny-gpt2	torch-compile-ro	cold	3	58	221.0		
tiny-gpt2	torch-compile-ro	cold	3	59	217.7		
tiny-gpt2	torch-compile-ro	cold	3	60	215.8		
tiny-gpt2	torch-compile-ro	cold	3	61	215.8		
tiny-gpt2	torch-compile-ro	cold	3	62	213.9		
tiny-gpt2	torch-compile-ro	cold	3	63	223.6		
tiny-gpt2	torch-compile-ro	cold	3	64	214.1		
tiny-gpt2	torch-compile-ro	cold	3	65	212.7		
tiny-gpt2	torch-compile-ro	cold	3	66	213.6		
tiny-gpt2	torch-compile-ro	cold	3	67	215.3		
tiny-gpt2	torch-compile-ro	cold	3	68	215.8		
tiny-gpt2	torch-compile-ro	cold	3	69	213.9		
tiny-gpt2	torch-compile-ro	cold	3	70	212.4		
tiny-gpt2	torch-compile-ro	cold	3	71	214.1		
tiny-gpt2	torch-compile-ro	cold	3	72	226.0		
tiny-gpt2	torch-compile-ro	cold	3	73	217.2		
tiny-gpt2	torch-compile-ro	cold	3	74	214.1		
tiny-gpt2	torch-compile-ro	cold	3	75	214.8		
tiny-gpt2	torch-compile-ro	cold	3	76	214.6		
tiny-gpt2	torch-compile-ro	cold	3	77	220.5		
tiny-gpt2	torch-compile-ro	cold	3	78	215.3		
tiny-gpt2	torch-compile-ro	cold	3	79	215.3		
tiny-gpt2	torch-compile-ro	cold	3	80	215.1		
tiny-gpt2	torch-compile-ro	cold	3	81	224.6		
tiny-gpt2	torch-compile-ro	cold	3	82	215.1		
tiny-gpt2	torch-compile-ro	cold	3	83	214.3		
tiny-gpt2	torch-compile-ro	cold	3	84	214.8		
tiny-gpt2	torch-compile-ro	cold	3	85	214.6		
tiny-gpt2	torch-compile-ro	cold	3	86	223.9		
tiny-gpt2	torch-compile-ro	cold	3	87	214.6		
tiny-gpt2	torch-compile-ro	cold	3	88	229.4		
tiny-gpt2	torch-compile-ro	cold	3	89	216.0		
tiny-gpt2	torch-compile-ro	cold	3	90	222.0		
tiny-gpt2	torch-compile-ro	cold	3	91	215.5		
tiny-gpt2	torch-compile-ro	cold	3	92	216.5		
tiny-gpt2	torch-compile-ro	cold	3	93	249.6		
tiny-gpt2	torch-compile-ro	cold	3	94	228.2		
tiny-gpt2	torch-compile-ro	cold	3	95	236.0		
tiny-gpt2	torch-compile-ro	cold	3	96	215.8		
tiny-gpt2	torch-compile-ro	cold	3	97	213.9		
tiny-gpt2	torch-compile-ro	cold	3	98	214.1		
tiny-gpt2	torch-compile-ro	cold	3	99	227.0		
tiny-gpt2	torch-compile-ro	cold	3	100	224.6		
tiny-gpt2	torch-compile-ro	cold	3	101	217.4		
tiny-gpt2	torch-compile-ro	cold	3	102	215.5		
tiny-gpt2	torch-compile-ro	cold	3	103	216.7		
tiny-gpt2	torch-compile-ro	cold	3	104	217.7		
tiny-gpt2	torch-compile-ro	cold	3	105	215.5		
tiny-gpt2	torch-compile-ro	cold	3	106	214.1		
tiny-gpt2	torch-compile-ro	cold	3	107	215.5		
tiny-gpt2	torch-compile-ro	cold	3	108	223.2		
tiny-gpt2	torch-compile-ro	cold	3	109	217.0		
tiny-gpt2	torch-compile-ro	cold	3	110	215.8		
tiny-gpt2	torch-compile-ro	cold	3	111	214.1		
tiny-gpt2	torch-compile-ro	cold	3	112	219.1		
tiny-gpt2	torch-compile-ro	cold	3	113	224.6		
tiny-gpt2	torch-compile-ro	cold	3	114	214.6		
tiny-gpt2	torch-compile-ro	cold	3	115	212.9		
tiny-gpt2	torch-compile-ro	cold	3	116	216.7		
tiny-gpt2	torch-compile-ro	cold	3	117	225.5		
tiny-gpt2	torch-compile-ro	cold	3	118	217.7		
tiny-gpt2	torch-compile-ro	cold	3	119	214.8		
tiny-gpt2	torch-compile-ro	cold	3	120	218.2		
tiny-gpt2	torch-compile-ro	cold	3	121	216.2		
tiny-gpt2	torch-compile-ro	cold	3	122	231.3		
tiny-gpt2	torch-compile-ro	cold	3	123	218.9		
tiny-gpt2	torch-compile-ro	cold	3	124	218.2		
tiny-gpt2	torch-compile-ro	cold	3	125	218.2		
tiny-gpt2	torch-compile-ro	cold	3	126	227.7		
tiny-gpt2	torch-compile-ro	cold	3	127	219.6		
tiny-gpt2	torch-compile-ro	cold	3	128	216.7		
tiny-gpt2	torch-compile-ro	cold	3	129	216.7		
tiny-gpt2	torch-compile-ro	cold	3	130	215.1		
tiny-gpt2	torch-compile-ro	cold	3	131	228.4		
tiny-gpt2	torch-compile-ro	cold	3	132	215.1		
tiny-gpt2	torch-compile-ro	cold	3	133	215.1		
tiny-gpt2	torch-compile-ro	cold	3	134	213.1		
tiny-gpt2	torch-compile-ro	cold	3	135	220.5		
tiny-gpt2	torch-compile-ro	cold	3	136	217.7		
tiny-gpt2	torch-compile-ro	cold	3	137	215.3		
tiny-gpt2	torch-compile-ro	cold	3	138	216.0		
tiny-gpt2	torch-compile-ro	cold	3	139	218.2		
tiny-gpt2	torch-compile-ro	cold	3	140	221.7		
tiny-gpt2	torch-compile-ro	cold	3	141	217.7		
tiny-gpt2	torch-compile-ro	cold	3	142	214.1		
tiny-gpt2	torch-compile-ro	cold	3	143	213.4		
tiny-gpt2	torch-compile-ro	cold	3	144	217.4		
tiny-gpt2	torch-compile-ro	cold	3	145	213.6		
tiny-gpt2	torch-compile-ro	cold	3	146	213.1		
tiny-gpt2	torch-compile-ro	cold	3	147	218.9		
tiny-gpt2	torch-compile-ro	cold	3	148	212.2		
tiny-gpt2	torch-compile-ro	cold	3	149	222.4		
tiny-gpt2	torch-compile-ro	cold	3	150	212.4		
tiny-gpt2	torch-compile-ro	cold	3	151	212.0		
tiny-gpt2	torch-compile-ro	cold	3	152	211.7		
tiny-gpt2	torch-compile-ro	cold	3	153	211.2		
tiny-gpt2	torch-compile-ro	cold	3	154	213.9		
tiny-gpt2	torch-compile-ro	cold	3	155	210.3		
tiny-gpt2	torch-compile-ro	cold	3	156	211.0		
tiny-gpt2	torch-compile-ro	cold	3	157	213.4		
tiny-gpt2	torch-compile-ro	cold	3	158	227.5		
tiny-gpt2	torch-compile-ro	cold	3	159	214.3		
tiny-gpt2	torch-compile-ro	cold	3	160	214.1		
tiny-gpt2	torch-compile-ro	cold	3	161	213.6		
tiny-gpt2	torch-compile-ro	cold	3	162	212.2		
tiny-gpt2	torch-compile-ro	cold	3	163	226.7		
tiny-gpt2	torch-compile-ro	cold	3	164	212.9		
tiny-gpt2	torch-compile-ro	cold	3	165	212.0		
tiny-gpt2	torch-compile-ro	cold	3	166	211.2		
tiny-gpt2	torch-compile-ro	cold	3	167	211.2		
tiny-gpt2	torch-compile-ro	cold	3	168	214.1		
tiny-gpt2	torch-compile-ro	cold	3	169	212.9		
tiny-gpt2	torch-compile-ro	cold	3	170	212.7		
tiny-gpt2	torch-compile-ro	cold	3	171	212.2		
tiny-gpt2	torch-compile-ro	cold	3	172	222.7		
tiny-gpt2	torch-compile-ro	cold	3	173	214.6		
tiny-gpt2	torch-compile-ro	cold	3	174	215.1		
tiny-gpt2	torch-compile-ro	cold	3	175	216.2		
tiny-gpt2	torch-compile-ro	cold	3	176	215.1		
tiny-gpt2	torch-compile-ro	cold	3	177	214.6		
tiny-gpt2	torch-compile-ro	cold	3	178	211.7		
tiny-gpt2	torch-compile-ro	cold	3	179	213.1		
tiny-gpt2	torch-compile-ro	cold	3	180	212.2		
tiny-gpt2	torch-compile-ro	cold	3	181	221.7		
tiny-gpt2	torch-compile-ro	cold	3	182	216.2		
tiny-gpt2	torch-compile-ro	cold	3	183	215.5		
tiny-gpt2	torch-compile-ro	cold	3	184	214.6		
tiny-gpt2	torch-compile-ro	cold	3	185	213.9		
tiny-gpt2	torch-compile-ro	cold	3	186	220.3		
tiny-gpt2	torch-compile-ro	cold	3	187	212.2		
tiny-gpt2	torch-compile-ro	cold	3	188	212.9		
tiny-gpt2	torch-compile-ro	cold	3	189	212.7		
tiny-gpt2	torch-compile-ro	cold	3	190	215.3		
tiny-gpt2	torch-compile-ro	cold	3	191	214.8		
tiny-gpt2	torch-compile-ro	cold	3	192	212.4		
tiny-gpt2	torch-compile-ro	cold	3	193	212.2		
tiny-gpt2	torch-compile-ro	cold	3	194	213.9		
tiny-gpt2	torch-compile-ro	cold	3	195	222.2		
tiny-gpt2	torch-compile-ro	cold	3	196	214.8		
tiny-gpt2	torch-compile-ro	cold	3	197	211.7		
tiny-gpt2	torch-compile-ro	cold	3	198	212.0		
tiny-gpt2	torch-compile-ro	cold	3	199	213.6		
tiny-gpt2	torch-compile-ro	cold	3	200	212.2		
tiny-gpt2	torch-compile-ro	cold	3	201	212.7		
tiny-gpt2	torch-compile-ro	cold	3	202	212.0		
tiny-gpt2	torch-compile-ro	cold	3	203	214.1		
tiny-gpt2	torch-compile-ro	cold	3	204	221.7		
tiny-gpt2	torch-compile-ro	cold	3	205	215.5		
tiny-gpt2	torch-compile-ro	cold	3	206	213.9		
tiny-gpt2	torch-compile-ro	cold	3	207	217.4		
tiny-gpt2	torch-compile-ro	cold	3	208	213.9		
tiny-gpt2	torch-compile-ro	cold	3	209	226.7		
tiny-gpt2	torch-compile-ro	cold	3	210	215.1		
tiny-gpt2	torch-compile-ro	cold	3	211	215.5		
tiny-gpt2	torch-compile-ro	cold	3	212	213.1		
tiny-gpt2	torch-compile-ro	cold	3	213	213.4		
tiny-gpt2	torch-compile-ro	cold	3	214	212.9		
tiny-gpt2	torch-compile-ro	cold	3	215	212.2		
tiny-gpt2	torch-compile-ro	cold	3	216	211.7		
tiny-gpt2	torch-compile-ro	cold	3	217	212.2		
tiny-gpt2	torch-compile-ro	cold	3	218	221.7		
tiny-gpt2	torch-compile-ro	cold	3	219	211.5		
tiny-gpt2	torch-compile-ro	cold	3	220	209.8		
tiny-gpt2	torch-compile-ro	cold	3	221	209.8		
tiny-gpt2	torch-compile-ro	cold	3	222	210.3		
tiny-gpt2	torch-compile-ro	cold	3	223	221.5		
tiny-gpt2	torch-compile-ro	cold	3	224	209.6		
tiny-gpt2	torch-compile-ro	cold	3	225	213.6		
tiny-gpt2	torch-compile-ro	cold	3	226	215.3		
tiny-gpt2	torch-compile-ro	cold	3	227	220.3		
tiny-gpt2	torch-compile-ro	cold	3	228	215.1		
tiny-gpt2	torch-compile-ro	cold	3	229	214.6		
tiny-gpt2	torch-compile-ro	cold	3	230	212.9		
tiny-gpt2	torch-compile-ro	cold	3	231	212.4		
tiny-gpt2	torch-compile-ro	cold	3	232	220.1		
tiny-gpt2	torch-compile-ro	cold	3	233	211.5		
tiny-gpt2	torch-compile-ro	cold	3	234	212.2		
tiny-gpt2	torch-compile-ro	cold	3	235	210.0		
tiny-gpt2	torch-compile-ro	cold	3	236	213.1		
tiny-gpt2	torch-compile-ro	cold	3	237	212.9		
tiny-gpt2	torch-compile-ro	cold	3	238	211.5		
tiny-gpt2	torch-compile-ro	cold	3	239	210.8		
tiny-gpt2	torch-compile-ro	cold	3	240	209.3		
tiny-gpt2	torch-compile-ro	cold	3	241	217.0		
tiny-gpt2	torch-compile-ro	cold	3	242	212.4		
tiny-gpt2	torch-compile-ro	cold	3	243	211.2		
tiny-gpt2	torch-compile-ro	cold	3	244	210.3		
tiny-gpt2	torch-compile-ro	cold	3	245	226.5		
tiny-gpt2	torch-compile-ro	cold	3	246	239.8		
tiny-gpt2	torch-compile-ro	cold	3	247	224.4		
tiny-gpt2	torch-compile-ro	cold	3	248	234.1		
tiny-gpt2	torch-compile-ro	cold	3	249	214.1		
tiny-gpt2	torch-compile-ro	cold	3	250	221.7		
tiny-gpt2	torch-compile-ro	cold	3	251	212.7		
tiny-gpt2	torch-compile-ro	cold	3	252	212.7		
tiny-gpt2	torch-compile-ro	cold	3	253	212.7		
tiny-gpt2	torch-compile-ro	cold	3	254	211.2		
tiny-gpt2	torch-compile-ro	cold	3	255	225.1		
tiny-gpt2	torch-compile-ro	cold	3	256	215.1		
tiny-gpt2	torch-compile-ro	cold	3	257	212.4		
tiny-gpt2	torch-compile-ro	cold	3	258	212.2		
tiny-gpt2	torch-compile-ro	cold	3	259	212.2		
tiny-gpt2	torch-compile-ro	cold	3	260	212.9		
tiny-gpt2	torch-compile-ro	cold	3	261	215.3		
tiny-gpt2	torch-compile-ro	cold	3	262	212.7		
tiny-gpt2	torch-compile-ro	cold	3	263	213.6		
tiny-gpt2	torch-compile-ro	cold	3	264	219.6		
tiny-gpt2	torch-compile-ro	cold	3	265	213.4		
tiny-gpt2	torch-compile-ro	cold	3	266	213.1		
tiny-gpt2	torch-compile-ro	cold	3	267	211.5		
tiny-gpt2	torch-compile-ro	cold	3	268	211.5		
tiny-gpt2	torch-compile-ro	cold	3	269	214.3		
tiny-gpt2	torch-compile-ro	cold	3	270	210.8		
tiny-gpt2	torch-compile-ro	cold	3	271	211.5		
tiny-gpt2	torch-compile-ro	cold	3	272	209.1		
tiny-gpt2	torch-compile-ro	cold	3	273	216.2		
tiny-gpt2	torch-compile-ro	cold	3	274	212.7		
tiny-gpt2	torch-compile-ro	cold	3	275	211.5		
tiny-gpt2	torch-compile-ro	cold	3	276	209.6		
tiny-gpt2	torch-compile-ro	cold	3	277	210.8		
tiny-gpt2	torch-compile-ro	cold	3	278	217.7		
tiny-gpt2	torch-compile-ro	cold	3	279	211.2		
tiny-gpt2	torch-compile-ro	cold	3	280	209.1		
tiny-gpt2	torch-compile-ro	cold	3	281	208.6		
tiny-gpt2	torch-compile-ro	cold	3	282	207.2		
tiny-gpt2	torch-compile-ro	cold	3	283	212.0		
tiny-gpt2	torch-compile-ro	cold	3	284	211.0		
tiny-gpt2	torch-compile-ro	cold	3	285	212.7		
tiny-gpt2	torch-compile-ro	cold	3	286	213.1		
tiny-gpt2	torch-compile-ro	cold	3	287	221.3		
tiny-gpt2	torch-compile-ro	cold	3	288	217.4		
tiny-gpt2	torch-compile-ro	cold	3	289	213.1		
tiny-gpt2	torch-compile-ro	cold	3	290	212.7		
tiny-gpt2	torch-compile-ro	cold	3	291	211.7		
tiny-gpt2	torch-compile-ro	cold	3	292	225.8		
tiny-gpt2	torch-compile-ro	cold	3	293	214.1		
tiny-gpt2	torch-compile-ro	cold	3	294	213.1		
tiny-gpt2	torch-compile-ro	cold	3	295	218.2		
tiny-gpt2	torch-compile-ro	cold	3	296	211.2		
tiny-gpt2	torch-compile-ro	cold	3	297	215.8		
tiny-gpt2	torch-compile-ro	cold	3	298	213.6		
tiny-gpt2	torch-compile-ro	cold	3	299	212.4		
tiny-gpt2	jax	cold	3	0	1644.4		
tiny-gpt2	jax	cold	3	1	3362.8		
tiny-gpt2	jax	cold	3	2	199.8		
tiny-gpt2	jax	cold	3	3	179.5		
tiny-gpt2	jax	cold	3	4	174.7		
tiny-gpt2	jax	cold	3	5	174.1		
tiny-gpt2	jax	cold	3	6	181.4		
tiny-gpt2	jax	cold	3	7	169.3		
tiny-gpt2	jax	cold	3	8	168.5		
tiny-gpt2	jax	cold	3	9	185.8		
tiny-gpt2	jax	cold	3	10	171.0		
tiny-gpt2	jax	cold	3	11	172.4		
tiny-gpt2	jax	cold	3	12	172.0		
tiny-gpt2	jax	cold	3	13	169.5		
tiny-gpt2	jax	cold	3	14	167.3		
tiny-gpt2	jax	cold	3	15	167.2		
tiny-gpt2	jax	cold	3	16	167.0		
tiny-gpt2	jax	cold	3	17	171.5		
tiny-gpt2	jax	cold	3	18	168.4		
tiny-gpt2	jax	cold	3	19	165.8		
tiny-gpt2	jax	cold	3	20	167.5		
tiny-gpt2	jax	cold	3	21	168.1		
tiny-gpt2	jax	cold	3	22	168.2		
tiny-gpt2	jax	cold	3	23	169.0		
tiny-gpt2	jax	cold	3	24	166.8		
tiny-gpt2	jax	cold	3	25	165.8		
tiny-gpt2	jax	cold	3	26	165.6		
tiny-gpt2	jax	cold	3	27	165.3		
tiny-gpt2	jax	cold	3	28	165.5		
tiny-gpt2	jax	cold	3	29	202.6		
tiny-gpt2	jax	cold	3	30	188.2		
tiny-gpt2	jax	cold	3	31	178.2		
tiny-gpt2	jax	cold	3	32	175.1		
tiny-gpt2	jax	cold	3	33	175.5		
tiny-gpt2	jax	cold	3	34	177.5		
tiny-gpt2	jax	cold	3	35	178.2		
tiny-gpt2	jax	cold	3	36	174.7		
tiny-gpt2	jax	cold	3	37	173.2		
tiny-gpt2	jax	cold	3	38	174.8		
tiny-gpt2	jax	cold	3	39	173.4		
tiny-gpt2	jax	cold	3	40	183.4		
tiny-gpt2	jax	cold	3	41	172.5		
tiny-gpt2	jax	cold	3	42	171.5		
tiny-gpt2	jax	cold	3	43	170.7		
tiny-gpt2	jax	cold	3	44	171.0		
tiny-gpt2	jax	cold	3	45	170.1		
tiny-gpt2	jax	cold	3	46	171.9		
tiny-gpt2	jax	cold	3	47	171.5		
tiny-gpt2	jax	cold	3	48	171.9		
tiny-gpt2	jax	cold	3	49	171.4		
tiny-gpt2	jax	cold	3	50	172.8		
tiny-gpt2	jax	cold	3	51	173.4		
tiny-gpt2	jax	cold	3	52	174.7		
tiny-gpt2	jax	cold	3	53	173.7		
tiny-gpt2	jax	cold	3	54	171.4		
tiny-gpt2	jax	cold	3	55	170.5		
tiny-gpt2	jax	cold	3	56	171.3		
tiny-gpt2	jax	cold	3	57	184.7		
tiny-gpt2	jax	cold	3	58	186.6		
tiny-gpt2	jax	cold	3	59	178.0		
tiny-gpt2	jax	cold	3	60	173.1		
tiny-gpt2	jax	cold	3	61	173.6		
tiny-gpt2	jax	cold	3	62	182.4		
tiny-gpt2	jax	cold	3	63	157.9		
tiny-gpt2	jax	cold	3	64	155.0		
tiny-gpt2	jax	cold	3	65	156.1		
tiny-gpt2	jax	cold	3	66	156.0		
tiny-gpt2	jax	cold	3	67	157.1		
tiny-gpt2	jax	cold	3	68	157.4		
tiny-gpt2	jax	cold	3	69	162.6		
tiny-gpt2	jax	cold	3	70	157.2		
tiny-gpt2	jax	cold	3	71	157.5		
tiny-gpt2	jax	cold	3	72	162.9		
tiny-gpt2	jax	cold	3	73	156.4		
tiny-gpt2	jax	cold	3	74	154.3		
tiny-gpt2	jax	cold	3	75	166.9		
tiny-gpt2	jax	cold	3	76	154.9		
tiny-gpt2	jax	cold	3	77	155.6		
tiny-gpt2	jax	cold	3	78	156.7		
tiny-gpt2	jax	cold	3	79	155.0		
tiny-gpt2	jax	cold	3	80	156.3		
tiny-gpt2	jax	cold	3	81	158.1		
tiny-gpt2	jax	cold	3	82	155.1		
tiny-gpt2	jax	cold	3	83	154.6		
tiny-gpt2	jax	cold	3	84	154.7		
tiny-gpt2	jax	cold	3	85	155.4		
tiny-gpt2	jax	cold	3	86	155.1		
tiny-gpt2	jax	cold	3	87	169.5		
tiny-gpt2	jax	cold	3	88	165.6		
tiny-gpt2	jax	cold	3	89	167.0		
tiny-gpt2	jax	cold	3	90	159.3		
tiny-gpt2	jax	cold	3	91	158.5		
tiny-gpt2	jax	cold	3	92	158.8		
tiny-gpt2	jax	cold	3	93	162.5		
tiny-gpt2	jax	cold	3	94	158.2		
tiny-gpt2	jax	cold	3	95	155.4		
tiny-gpt2	jax	cold	3	96	155.3		
tiny-gpt2	jax	cold	3	97	158.5		
tiny-gpt2	jax	cold	3	98	156.1		
tiny-gpt2	jax	cold	3	99	155.7		
tiny-gpt2	jax	cold	3	100	162.4		
tiny-gpt2	jax	cold	3	101	159.9		
tiny-gpt2	jax	cold	3	102	159.1		
tiny-gpt2	jax	cold	3	103	162.5		
tiny-gpt2	jax	cold	3	104	157.1		
tiny-gpt2	jax	cold	3	105	176.4		
tiny-gpt2	jax	cold	3	106	165.1		
tiny-gpt2	jax	cold	3	107	156.8		
tiny-gpt2	jax	cold	3	108	158.4		
tiny-gpt2	jax	cold	3	109	154.5		
tiny-gpt2	jax	cold	3	110	156.9		
tiny-gpt2	jax	cold	3	111	157.4		
tiny-gpt2	jax	cold	3	112	156.6		
tiny-gpt2	jax	cold	3	113	156.7		
tiny-gpt2	jax	cold	3	114	155.3		
tiny-gpt2	jax	cold	3	115	155.2		
tiny-gpt2	jax	cold	3	116	155.7		
tiny-gpt2	jax	cold	3	117	158.1		
tiny-gpt2	jax	cold	3	118	158.7		
tiny-gpt2	jax	cold	3	119	154.4		
tiny-gpt2	jax	cold	3	120	156.3		
tiny-gpt2	jax	cold	3	121	154.7		
tiny-gpt2	jax	cold	3	122	154.9		
tiny-gpt2	jax	cold	3	123	154.8		
tiny-gpt2	jax	cold	3	124	154.8		
tiny-gpt2	jax	cold	3	125	161.2		
tiny-gpt2	jax	cold	3	126	156.8		
tiny-gpt2	jax	cold	3	127	158.0		
tiny-gpt2	jax	cold	3	128	156.9		
tiny-gpt2	jax	cold	3	129	155.9		
tiny-gpt2	jax	cold	3	130	157.6		
tiny-gpt2	jax	cold	3	131	165.0		
tiny-gpt2	jax	cold	3	132	155.9		
tiny-gpt2	jax	cold	3	133	153.8		
tiny-gpt2	jax	cold	3	134	153.4		
tiny-gpt2	jax	cold	3	135	153.9		
tiny-gpt2	jax	cold	3	136	156.9		
tiny-gpt2	jax	cold	3	137	157.4		
tiny-gpt2	jax	cold	3	138	155.6		
tiny-gpt2	jax	cold	3	139	154.0		
tiny-gpt2	jax	cold	3	140	154.9		
tiny-gpt2	jax	cold	3	141	154.8		
tiny-gpt2	jax	cold	3	142	154.1		
tiny-gpt2	jax	cold	3	143	171.9		
tiny-gpt2	jax	cold	3	144	158.7		
tiny-gpt2	jax	cold	3	145	155.1		
tiny-gpt2	jax	cold	3	146	154.5		
tiny-gpt2	jax	cold	3	147	157.5		
tiny-gpt2	jax	cold	3	148	155.1		
tiny-gpt2	jax	cold	3	149	155.6		
tiny-gpt2	jax	cold	3	150	164.2		
tiny-gpt2	jax	cold	3	151	155.1		
tiny-gpt2	jax	cold	3	152	155.2		
tiny-gpt2	jax	cold	3	153	156.0		
tiny-gpt2	jax	cold	3	154	155.9		
tiny-gpt2	jax	cold	3	155	156.1		
tiny-gpt2	jax	cold	3	156	160.3		
tiny-gpt2	jax	cold	3	157	157.9		
tiny-gpt2	jax	cold	3	158	158.3		
tiny-gpt2	jax	cold	3	159	156.4		
tiny-gpt2	jax	cold	3	160	155.9		
tiny-gpt2	jax	cold	3	161	155.6		
tiny-gpt2	jax	cold	3	162	159.4		
tiny-gpt2	jax	cold	3	163	157.3		
tiny-gpt2	jax	cold	3	164	155.7		
tiny-gpt2	jax	cold	3	165	154.6		
tiny-gpt2	jax	cold	3	166	156.9		
tiny-gpt2	jax	cold	3	167	156.0		
tiny-gpt2	jax	cold	3	168	158.5		
tiny-gpt2	jax	cold	3	169	156.8		
tiny-gpt2	jax	cold	3	170	155.9		
tiny-gpt2	jax	cold	3	171	155.5		
tiny-gpt2	jax	cold	3	172	156.0		
tiny-gpt2	jax	cold	3	173	156.2		
tiny-gpt2	jax	cold	3	174	154.4		
tiny-gpt2	jax	cold	3	175	163.5		
tiny-gpt2	jax	cold	3	176	157.6		
tiny-gpt2	jax	cold	3	177	153.9		
tiny-gpt2	jax	cold	3	178	154.6		
tiny-gpt2	jax	cold	3	179	156.5		
tiny-gpt2	jax	cold	3	180	158.5		
tiny-gpt2	jax	cold	3	181	159.5		
tiny-gpt2	jax	cold	3	182	159.6		
tiny-gpt2	jax	cold	3	183	156.8		
tiny-gpt2	jax	cold	3	184	155.5		
tiny-gpt2	jax	cold	3	185	155.1		
tiny-gpt2	jax	cold	3	186	154.4		
tiny-gpt2	jax	cold	3	187	157.5		
tiny-gpt2	jax	cold	3	188	156.1		
tiny-gpt2	jax	cold	3	189	156.3		
tiny-gpt2	jax	cold	3	190	155.6		
tiny-gpt2	jax	cold	3	191	156.0		
tiny-gpt2	jax	cold	3	192	157.9		
tiny-gpt2	jax	cold	3	193	154.5		
tiny-gpt2	jax	cold	3	194	164.2		
tiny-gpt2	jax	cold	3	195	156.7		
tiny-gpt2	jax	cold	3	196	158.0		
tiny-gpt2	jax	cold	3	197	155.9		
tiny-gpt2	jax	cold	3	198	156.4		
tiny-gpt2	jax	cold	3	199	154.5		
tiny-gpt2	jax	cold	3	200	162.9		
tiny-gpt2	jax	cold	3	201	157.5		
tiny-gpt2	jax	cold	3	202	155.5		
tiny-gpt2	jax	cold	3	203	160.8		
tiny-gpt2	jax	cold	3	204	158.8		
tiny-gpt2	jax	cold	3	205	164.2		
tiny-gpt2	jax	cold	3	206	158.1		
tiny-gpt2	jax	cold	3	207	154.1		
tiny-gpt2	jax	cold	3	208	154.4		
tiny-gpt2	jax	cold	3	209	156.6		
tiny-gpt2	jax	cold	3	210	155.5		
tiny-gpt2	jax	cold	3	211	154.3		
tiny-gpt2	jax	cold	3	212	161.2		
tiny-gpt2	jax	cold	3	213	158.0		
tiny-gpt2	jax	cold	3	214	157.7		
tiny-gpt2	jax	cold	3	215	156.5		
tiny-gpt2	jax	cold	3	216	155.2		
tiny-gpt2	jax	cold	3	217	157.3		
tiny-gpt2	jax	cold	3	218	155.1		
tiny-gpt2	jax	cold	3	219	166.6		
tiny-gpt2	jax	cold	3	220	156.1		
tiny-gpt2	jax	cold	3	221	156.8		
tiny-gpt2	jax	cold	3	222	157.1		
tiny-gpt2	jax	cold	3	223	155.6		
tiny-gpt2	jax	cold	3	224	156.1		
tiny-gpt2	jax	cold	3	225	162.5		
tiny-gpt2	jax	cold	3	226	155.3		
tiny-gpt2	jax	cold	3	227	155.4		
tiny-gpt2	jax	cold	3	228	157.9		
tiny-gpt2	jax	cold	3	229	158.4		
tiny-gpt2	jax	cold	3	230	156.1		
tiny-gpt2	jax	cold	3	231	158.4		
tiny-gpt2	jax	cold	3	232	157.0		
tiny-gpt2	jax	cold	3	233	155.0		
tiny-gpt2	jax	cold	3	234	155.6		
tiny-gpt2	jax	cold	3	235	157.1		
tiny-gpt2	jax	cold	3	236	156.6		
tiny-gpt2	jax	cold	3	237	158.4		
tiny-gpt2	jax	cold	3	238	156.5		
tiny-gpt2	jax	cold	3	239	156.3		
tiny-gpt2	jax	cold	3	240	156.2		
tiny-gpt2	jax	cold	3	241	155.4		
tiny-gpt2	jax	cold	3	242	155.0		
tiny-gpt2	jax	cold	3	243	155.7		
tiny-gpt2	jax	cold	3	244	164.6		
tiny-gpt2	jax	cold	3	245	185.0		
tiny-gpt2	jax	cold	3	246	157.4		
tiny-gpt2	jax	cold	3	247	157.0		
tiny-gpt2	jax	cold	3	248	158.9		
tiny-gpt2	jax	cold	3	249	156.9		
tiny-gpt2	jax	cold	3	250	169.5		
tiny-gpt2	jax	cold	3	251	157.7		
tiny-gpt2	jax	cold	3	252	156.4		
tiny-gpt2	jax	cold	3	253	154.7		
tiny-gpt2	jax	cold	3	254	155.3		
tiny-gpt2	jax	cold	3	255	154.6		
tiny-gpt2	jax	cold	3	256	164.3		
tiny-gpt2	jax	cold	3	257	158.0		
tiny-gpt2	jax	cold	3	258	155.4		
tiny-gpt2	jax	cold	3	259	156.5		
tiny-gpt2	jax	cold	3	260	157.7		
tiny-gpt2	jax	cold	3	261	156.9		
tiny-gpt2	jax	cold	3	262	161.0		
tiny-gpt2	jax	cold	3	263	157.9		
tiny-gpt2	jax	cold	3	264	157.9		
tiny-gpt2	jax	cold	3	265	153.5		
tiny-gpt2	jax	cold	3	266	159.1		
tiny-gpt2	jax	cold	3	267	155.3		
tiny-gpt2	jax	cold	3	268	160.5		
tiny-gpt2	jax	cold	3	269	158.0		
tiny-gpt2	jax	cold	3	270	154.9		
tiny-gpt2	jax	cold	3	271	157.4		
tiny-gpt2	jax	cold	3	272	155.1		
tiny-gpt2	jax	cold	3	273	156.1		
tiny-gpt2	jax	cold	3	274	156.1		
tiny-gpt2	jax	cold	3	275	172.2		
tiny-gpt2	jax	cold	3	276	157.4		
tiny-gpt2	jax	cold	3	277	156.4		
tiny-gpt2	jax	cold	3	278	158.5		
tiny-gpt2	jax	cold	3	279	157.6		
tiny-gpt2	jax	cold	3	280	167.3		
tiny-gpt2	jax	cold	3	281	173.4		
tiny-gpt2	jax	cold	3	282	157.6		
tiny-gpt2	jax	cold	3	283	154.2		
tiny-gpt2	jax	cold	3	284	156.0		
tiny-gpt2	jax	cold	3	285	158.3		
tiny-gpt2	jax	cold	3	286	155.9		
tiny-gpt2	jax	cold	3	287	162.0		
tiny-gpt2	jax	cold	3	288	153.9		
tiny-gpt2	jax	cold	3	289	154.9		
tiny-gpt2	jax	cold	3	290	154.4		
tiny-gpt2	jax	cold	3	291	153.7		
tiny-gpt2	jax	cold	3	292	156.0		
tiny-gpt2	jax	cold	3	293	161.2		
tiny-gpt2	jax	cold	3	294	159.9		
tiny-gpt2	jax	cold	3	295	157.2		
tiny-gpt2	jax	cold	3	296	157.4		
tiny-gpt2	jax	cold	3	297	155.6		
tiny-gpt2	jax	cold	3	298	154.0		
tiny-gpt2	jax	cold	3	299	160.5		
tiny-gpt2	torch-eager	warm	1	0	532464.0		
tiny-gpt2	torch-eager	warm	1	1	2028.0		
tiny-gpt2	torch-eager	warm	1	2	1757.1		
tiny-gpt2	torch-eager	warm	1	3	1735.4		
tiny-gpt2	torch-eager	warm	1	4	1734.3		
tiny-gpt2	torch-eager	warm	1	5	1719.2		
tiny-gpt2	torch-eager	warm	1	6	1727.1		
tiny-gpt2	torch-eager	warm	1	7	1750.0		
tiny-gpt2	torch-eager	warm	1	8	1698.5		
tiny-gpt2	torch-eager	warm	1	9	1720.4		
tiny-gpt2	torch-eager	warm	1	10	1790.3		
tiny-gpt2	torch-eager	warm	1	11	1717.8		
tiny-gpt2	torch-eager	warm	1	12	1709.0		
tiny-gpt2	torch-eager	warm	1	13	1733.3		
tiny-gpt2	torch-eager	warm	1	14	1696.6		
tiny-gpt2	torch-eager	warm	1	15	1703.5		
tiny-gpt2	torch-eager	warm	1	16	1692.8		
tiny-gpt2	torch-eager	warm	1	17	1702.8		
tiny-gpt2	torch-eager	warm	1	18	1737.1		
tiny-gpt2	torch-eager	warm	1	19	1698.0		
tiny-gpt2	torch-eager	warm	1	20	1720.4		
tiny-gpt2	torch-eager	warm	1	21	1744.7		
tiny-gpt2	torch-eager	warm	1	22	1722.1		
tiny-gpt2	torch-eager	warm	1	23	1717.1		
tiny-gpt2	torch-eager	warm	1	24	1750.2		
tiny-gpt2	torch-eager	warm	1	25	1780.7		
tiny-gpt2	torch-eager	warm	1	26	1731.6		
tiny-gpt2	torch-eager	warm	1	27	1714.0		
tiny-gpt2	torch-eager	warm	1	28	1748.1		
tiny-gpt2	torch-eager	warm	1	29	1740.2		
tiny-gpt2	torch-eager	warm	1	30	1722.6		
tiny-gpt2	torch-eager	warm	1	31	1708.3		
tiny-gpt2	torch-eager	warm	1	32	1712.8		
tiny-gpt2	torch-eager	warm	1	33	1727.3		
tiny-gpt2	torch-eager	warm	1	34	1702.1		
tiny-gpt2	torch-eager	warm	1	35	1745.7		
tiny-gpt2	torch-eager	warm	1	36	1717.1		
tiny-gpt2	torch-eager	warm	1	37	1760.0		
tiny-gpt2	torch-eager	warm	1	38	1700.6		
tiny-gpt2	torch-eager	warm	1	39	1704.0		
tiny-gpt2	torch-eager	warm	1	40	1720.2		
tiny-gpt2	torch-eager	warm	1	41	1688.7		
tiny-gpt2	torch-eager	warm	1	42	1709.0		
tiny-gpt2	torch-eager	warm	1	43	1734.3		
tiny-gpt2	torch-eager	warm	1	44	1703.5		
tiny-gpt2	torch-eager	warm	1	45	1693.5		
tiny-gpt2	torch-eager	warm	1	46	1690.6		
tiny-gpt2	torch-eager	warm	1	47	1711.8		
tiny-gpt2	torch-eager	warm	1	48	1721.4		
tiny-gpt2	torch-eager	warm	1	49	1927.4		
tiny-gpt2	torch-eager	warm	1	50	1718.8		
tiny-gpt2	torch-eager	warm	1	51	1699.0		
tiny-gpt2	torch-eager	warm	1	52	1692.5		
tiny-gpt2	torch-eager	warm	1	53	1698.7		
tiny-gpt2	torch-eager	warm	1	54	1697.8		
tiny-gpt2	torch-eager	warm	1	55	1698.5		
tiny-gpt2	torch-eager	warm	1	56	1691.1		
tiny-gpt2	torch-eager	warm	1	57	1703.3		
tiny-gpt2	torch-eager	warm	1	58	1705.9		
tiny-gpt2	torch-eager	warm	1	59	1706.6		
tiny-gpt2	torch-eager	warm	1	60	1707.1		
tiny-gpt2	torch-eager	warm	1	61	1693.0		
tiny-gpt2	torch-eager	warm	1	62	1685.4		
tiny-gpt2	torch-eager	warm	1	63	1679.9		
tiny-gpt2	torch-eager	warm	1	64	1685.9		
tiny-gpt2	torch-eager	warm	1	65	1699.7		
tiny-gpt2	torch-eager	warm	1	66	1688.2		
tiny-gpt2	torch-eager	warm	1	67	1741.4		
tiny-gpt2	torch-eager	warm	1	68	1702.1		
tiny-gpt2	torch-eager	warm	1	69	2752.3		
tiny-gpt2	torch-eager	warm	1	70	1696.6		
tiny-gpt2	torch-eager	warm	1	71	1702.5		
tiny-gpt2	torch-eager	warm	1	72	1700.4		
tiny-gpt2	torch-eager	warm	1	73	1685.1		
tiny-gpt2	torch-eager	warm	1	74	1700.4		
tiny-gpt2	torch-eager	warm	1	75	1690.6		
tiny-gpt2	torch-eager	warm	1	76	1685.9		
tiny-gpt2	torch-eager	warm	1	77	1827.7		
tiny-gpt2	torch-eager	warm	1	78	1729.2		
tiny-gpt2	torch-eager	warm	1	79	1741.4		
tiny-gpt2	torch-eager	warm	1	80	1751.7		
tiny-gpt2	torch-eager	warm	1	81	1726.6		
tiny-gpt2	torch-eager	warm	1	82	1715.7		
tiny-gpt2	torch-eager	warm	1	83	1716.6		
tiny-gpt2	torch-eager	warm	1	84	1692.1		
tiny-gpt2	torch-eager	warm	1	85	1685.1		
tiny-gpt2	torch-eager	warm	1	86	1726.2		
tiny-gpt2	torch-eager	warm	1	87	1687.5		
tiny-gpt2	torch-eager	warm	1	88	1696.1		
tiny-gpt2	torch-eager	warm	1	89	1694.2		
tiny-gpt2	torch-eager	warm	1	90	1692.1		
tiny-gpt2	torch-eager	warm	1	91	1682.8		
tiny-gpt2	torch-eager	warm	1	92	1697.1		
tiny-gpt2	torch-eager	warm	1	93	1705.4		
tiny-gpt2	torch-eager	warm	1	94	1680.1		
tiny-gpt2	torch-eager	warm	1	95	1718.3		
tiny-gpt2	torch-eager	warm	1	96	1717.8		
tiny-gpt2	torch-eager	warm	1	97	1736.6		
tiny-gpt2	torch-eager	warm	1	98	1711.6		
tiny-gpt2	torch-eager	warm	1	99	1700.9		
tiny-gpt2	torch-eager	warm	1	100	1688.7		
tiny-gpt2	torch-eager	warm	1	101	1668.5		
tiny-gpt2	torch-eager	warm	1	102	1683.5		
tiny-gpt2	torch-eager	warm	1	103	1686.1		
tiny-gpt2	torch-eager	warm	1	104	1690.4		
tiny-gpt2	torch-eager	warm	1	105	1714.5		
tiny-gpt2	torch-eager	warm	1	106	1705.9		
tiny-gpt2	torch-eager	warm	1	107	1707.3		
tiny-gpt2	torch-eager	warm	1	108	1731.6		
tiny-gpt2	torch-eager	warm	1	109	1705.9		
tiny-gpt2	torch-eager	warm	1	110	1708.0		
tiny-gpt2	torch-eager	warm	1	111	1692.3		
tiny-gpt2	torch-eager	warm	1	112	1700.2		
tiny-gpt2	torch-eager	warm	1	113	1694.9		
tiny-gpt2	torch-eager	warm	1	114	1697.8		
tiny-gpt2	torch-eager	warm	1	115	1708.3		
tiny-gpt2	torch-eager	warm	1	116	1702.3		
tiny-gpt2	torch-eager	warm	1	117	1696.8		
tiny-gpt2	torch-eager	warm	1	118	1688.0		
tiny-gpt2	torch-eager	warm	1	119	1711.6		
tiny-gpt2	torch-eager	warm	1	120	1698.3		
tiny-gpt2	torch-eager	warm	1	121	1693.5		
tiny-gpt2	torch-eager	warm	1	122	1727.6		
tiny-gpt2	torch-eager	warm	1	123	1714.7		
tiny-gpt2	torch-eager	warm	1	124	1678.7		
tiny-gpt2	torch-eager	warm	1	125	1735.0		
tiny-gpt2	torch-eager	warm	1	126	1699.7		
tiny-gpt2	torch-eager	warm	1	127	1694.7		
tiny-gpt2	torch-eager	warm	1	128	1686.8		
tiny-gpt2	torch-eager	warm	1	129	1691.3		
tiny-gpt2	torch-eager	warm	1	130	1730.4		
tiny-gpt2	torch-eager	warm	1	131	1716.6		
tiny-gpt2	torch-eager	warm	1	132	1699.0		
tiny-gpt2	torch-eager	warm	1	133	1688.7		
tiny-gpt2	torch-eager	warm	1	134	1740.7		
tiny-gpt2	torch-eager	warm	1	135	1732.3		
tiny-gpt2	torch-eager	warm	1	136	1714.9		
tiny-gpt2	torch-eager	warm	1	137	1729.0		
tiny-gpt2	torch-eager	warm	1	138	1698.7		
tiny-gpt2	torch-eager	warm	1	139	1699.0		
tiny-gpt2	torch-eager	warm	1	140	1690.6		
tiny-gpt2	torch-eager	warm	1	141	1685.9		
tiny-gpt2	torch-eager	warm	1	142	1677.8		
tiny-gpt2	torch-eager	warm	1	143	1683.5		
tiny-gpt2	torch-eager	warm	1	144	1723.3		
tiny-gpt2	torch-eager	warm	1	145	1693.5		
tiny-gpt2	torch-eager	warm	1	146	1684.9		
tiny-gpt2	torch-eager	warm	1	147	1695.6		
tiny-gpt2	torch-eager	warm	1	148	1695.4		
tiny-gpt2	torch-eager	warm	1	149	1696.6		
tiny-gpt2	torch-eager	warm	1	150	1756.2		
tiny-gpt2	torch-eager	warm	1	151	1727.1		
tiny-gpt2	torch-eager	warm	1	152	1674.4		
tiny-gpt2	torch-eager	warm	1	153	1693.7		
tiny-gpt2	torch-eager	warm	1	154	1687.0		
tiny-gpt2	torch-eager	warm	1	155	1675.6		
tiny-gpt2	torch-eager	warm	1	156	1683.7		
tiny-gpt2	torch-eager	warm	1	157	1695.2		
tiny-gpt2	torch-eager	warm	1	158	1689.2		
tiny-gpt2	torch-eager	warm	1	159	1691.6		
tiny-gpt2	torch-eager	warm	1	160	1689.4		
tiny-gpt2	torch-eager	warm	1	161	1680.4		
tiny-gpt2	torch-eager	warm	1	162	1675.1		
tiny-gpt2	torch-eager	warm	1	163	1703.7		
tiny-gpt2	torch-eager	warm	1	164	1713.8		
tiny-gpt2	torch-eager	warm	1	165	1725.7		
tiny-gpt2	torch-eager	warm	1	166	1714.5		
tiny-gpt2	torch-eager	warm	1	167	1698.7		
tiny-gpt2	torch-eager	warm	1	168	1675.6		
tiny-gpt2	torch-eager	warm	1	169	1681.1		
tiny-gpt2	torch-eager	warm	1	170	1692.5		
tiny-gpt2	torch-eager	warm	1	171	1686.1		
tiny-gpt2	torch-eager	warm	1	172	1684.0		
tiny-gpt2	torch-eager	warm	1	173	1702.1		
tiny-gpt2	torch-eager	warm	1	174	1696.8		
tiny-gpt2	torch-eager	warm	1	175	1687.0		
tiny-gpt2	torch-eager	warm	1	176	1745.0		
tiny-gpt2	torch-eager	warm	1	177	1691.3		
tiny-gpt2	torch-eager	warm	1	178	1677.0		
tiny-gpt2	torch-eager	warm	1	179	1685.4		
tiny-gpt2	torch-eager	warm	1	180	1685.9		
tiny-gpt2	torch-eager	warm	1	181	1681.6		
tiny-gpt2	torch-eager	warm	1	182	1694.7		
tiny-gpt2	torch-eager	warm	1	183	1718.0		
tiny-gpt2	torch-eager	warm	1	184	1710.2		
tiny-gpt2	torch-eager	warm	1	185	1689.4		
tiny-gpt2	torch-eager	warm	1	186	1695.2		
tiny-gpt2	torch-eager	warm	1	187	1696.8		
tiny-gpt2	torch-eager	warm	1	188	1683.7		
tiny-gpt2	torch-eager	warm	1	189	1699.4		
tiny-gpt2	torch-eager	warm	1	190	1692.1		
tiny-gpt2	torch-eager	warm	1	191	1734.0		
tiny-gpt2	torch-eager	warm	1	192	1707.3		
tiny-gpt2	torch-eager	warm	1	193	1694.4		
tiny-gpt2	torch-eager	warm	1	194	1685.6		
tiny-gpt2	torch-eager	warm	1	195	1677.8		
tiny-gpt2	torch-eager	warm	1	196	1676.3		
tiny-gpt2	torch-eager	warm	1	197	1677.3		
tiny-gpt2	torch-eager	warm	1	198	1664.4		
tiny-gpt2	torch-eager	warm	1	199	1689.0		
tiny-gpt2	torch-eager	warm	1	200	1685.1		
tiny-gpt2	torch-eager	warm	1	201	1690.1		
tiny-gpt2	torch-eager	warm	1	202	1694.4		
tiny-gpt2	torch-eager	warm	1	203	1706.8		
tiny-gpt2	torch-eager	warm	1	204	1682.5		
tiny-gpt2	torch-eager	warm	1	205	1669.2		
tiny-gpt2	torch-eager	warm	1	206	1699.9		
tiny-gpt2	torch-eager	warm	1	207	1675.8		
tiny-gpt2	torch-eager	warm	1	208	1667.7		
tiny-gpt2	torch-eager	warm	1	209	1676.1		
tiny-gpt2	torch-eager	warm	1	210	1672.0		
tiny-gpt2	torch-eager	warm	1	211	1683.7		
tiny-gpt2	torch-eager	warm	1	212	1680.6		
tiny-gpt2	torch-eager	warm	1	213	1698.3		
tiny-gpt2	torch-eager	warm	1	214	1677.0		
tiny-gpt2	torch-eager	warm	1	215	1711.4		
tiny-gpt2	torch-eager	warm	1	216	1705.6		
tiny-gpt2	torch-eager	warm	1	217	1683.2		
tiny-gpt2	torch-eager	warm	1	218	1692.5		
tiny-gpt2	torch-eager	warm	1	219	1721.1		
tiny-gpt2	torch-eager	warm	1	220	1693.0		
tiny-gpt2	torch-eager	warm	1	221	1714.5		
tiny-gpt2	torch-eager	warm	1	222	1729.2		
tiny-gpt2	torch-eager	warm	1	223	1707.1		
tiny-gpt2	torch-eager	warm	1	224	1678.2		
tiny-gpt2	torch-eager	warm	1	225	1685.9		
tiny-gpt2	torch-eager	warm	1	226	1686.3		
tiny-gpt2	torch-eager	warm	1	227	1668.7		
tiny-gpt2	torch-eager	warm	1	228	1678.2		
tiny-gpt2	torch-eager	warm	1	229	1684.0		
tiny-gpt2	torch-eager	warm	1	230	1692.5		
tiny-gpt2	torch-eager	warm	1	231	1687.5		
tiny-gpt2	torch-eager	warm	1	232	1708.5		
tiny-gpt2	torch-eager	warm	1	233	1684.2		
tiny-gpt2	torch-eager	warm	1	234	1672.7		
tiny-gpt2	torch-eager	warm	1	235	1684.4		
tiny-gpt2	torch-eager	warm	1	236	1677.8		
tiny-gpt2	torch-eager	warm	1	237	1669.9		
tiny-gpt2	torch-eager	warm	1	238	1675.1		
tiny-gpt2	torch-eager	warm	1	239	1700.9		
tiny-gpt2	torch-eager	warm	1	240	1740.0		
tiny-gpt2	torch-eager	warm	1	241	1688.5		
tiny-gpt2	torch-eager	warm	1	242	1751.4		
tiny-gpt2	torch-eager	warm	1	243	1693.7		
tiny-gpt2	torch-eager	warm	1	244	1684.2		
tiny-gpt2	torch-eager	warm	1	245	1691.6		
tiny-gpt2	torch-eager	warm	1	246	1679.2		
tiny-gpt2	torch-eager	warm	1	247	1680.4		
tiny-gpt2	torch-eager	warm	1	248	1684.2		
tiny-gpt2	torch-eager	warm	1	249	1696.3		
tiny-gpt2	torch-eager	warm	1	250	1688.7		
tiny-gpt2	torch-eager	warm	1	251	1703.3		
tiny-gpt2	torch-eager	warm	1	252	1679.4		
tiny-gpt2	torch-eager	warm	1	253	1682.3		
tiny-gpt2	torch-eager	warm	1	254	1676.1		
tiny-gpt2	torch-eager	warm	1	255	1704.5		
tiny-gpt2	torch-eager	warm	1	256	1701.6		
tiny-gpt2	torch-eager	warm	1	257	1674.9		
tiny-gpt2	torch-eager	warm	1	258	1673.5		
tiny-gpt2	torch-eager	warm	1	259	1702.3		
tiny-gpt2	torch-eager	warm	1	260	1712.1		
tiny-gpt2	torch-eager	warm	1	261	1717.3		
tiny-gpt2	torch-eager	warm	1	262	1714.5		
tiny-gpt2	torch-eager	warm	1	263	1679.9		
tiny-gpt2	torch-eager	warm	1	264	1676.6		
tiny-gpt2	torch-eager	warm	1	265	1692.3		
tiny-gpt2	torch-eager	warm	1	266	1682.0		
tiny-gpt2	torch-eager	warm	1	267	1679.7		
tiny-gpt2	torch-eager	warm	1	268	1708.7		
tiny-gpt2	torch-eager	warm	1	269	1697.8		
tiny-gpt2	torch-eager	warm	1	270	1701.6		
tiny-gpt2	torch-eager	warm	1	271	1706.4		
tiny-gpt2	torch-eager	warm	1	272	1736.6		
tiny-gpt2	torch-eager	warm	1	273	1725.7		
tiny-gpt2	torch-eager	warm	1	274	1682.8		
tiny-gpt2	torch-eager	warm	1	275	1689.2		
tiny-gpt2	torch-eager	warm	1	276	1699.9		
tiny-gpt2	torch-eager	warm	1	277	1687.5		
tiny-gpt2	torch-eager	warm	1	278	1701.1		
tiny-gpt2	torch-eager	warm	1	279	1687.8		
tiny-gpt2	torch-eager	warm	1	280	1669.2		
tiny-gpt2	torch-eager	warm	1	281	1743.8		
tiny-gpt2	torch-eager	warm	1	282	1685.6		
tiny-gpt2	torch-eager	warm	1	283	1688.5		
tiny-gpt2	torch-eager	warm	1	284	1675.4		
tiny-gpt2	torch-eager	warm	1	285	1677.3		
tiny-gpt2	torch-eager	warm	1	286	1684.9		
tiny-gpt2	torch-eager	warm	1	287	1680.9		
tiny-gpt2	torch-eager	warm	1	288	1707.6		
tiny-gpt2	torch-eager	warm	1	289	1680.1		
tiny-gpt2	torch-eager	warm	1	290	1674.7		
tiny-gpt2	torch-eager	warm	1	291	1710.2		
tiny-gpt2	torch-eager	warm	1	292	1692.5		
tiny-gpt2	torch-eager	warm	1	293	1676.1		
tiny-gpt2	torch-eager	warm	1	294	1712.6		
tiny-gpt2	torch-eager	warm	1	295	1687.8		
tiny-gpt2	torch-eager	warm	1	296	1691.1		
tiny-gpt2	torch-eager	warm	1	297	1690.6		
tiny-gpt2	torch-eager	warm	1	298	1681.3		
tiny-gpt2	torch-eager	warm	1	299	1689.0		
tiny-gpt2	ours	warm	1	0	106471.1	0	106
tiny-gpt2	ours	warm	1	1	13436.8	0	64
tiny-gpt2	ours	warm	1	2	268.9	0	18
tiny-gpt2	ours	warm	1	3	10318.0	0	54
tiny-gpt2	ours	warm	1	4	21437.9	0	100
tiny-gpt2	ours	warm	1	5	967.0	0	14
tiny-gpt2	ours	warm	1	6	301.1	0	14
tiny-gpt2	ours	warm	1	7	2953.1	0	14
tiny-gpt2	ours	warm	1	8	145.0	0	14
tiny-gpt2	ours	warm	1	9	139.0	0	14
tiny-gpt2	ours	warm	1	10	133.0	0	14
tiny-gpt2	ours	warm	1	11	131.1	0	14
tiny-gpt2	ours	warm	1	12	128.0	0	14
tiny-gpt2	ours	warm	1	13	232.0	0	14
tiny-gpt2	ours	warm	1	14	140.0	0	14
tiny-gpt2	ours	warm	1	15	129.9	0	14
tiny-gpt2	ours	warm	1	16	199.1	0	14
tiny-gpt2	ours	warm	1	17	133.0	0	14
tiny-gpt2	ours	warm	1	18	131.1	0	14
tiny-gpt2	ours	warm	1	19	201.0	0	14
tiny-gpt2	ours	warm	1	20	134.0	0	14
tiny-gpt2	ours	warm	1	21	129.0	0	14
tiny-gpt2	ours	warm	1	22	203.1	0	14
tiny-gpt2	ours	warm	1	23	133.0	0	14
tiny-gpt2	ours	warm	1	24	129.0	0	14
tiny-gpt2	ours	warm	1	25	201.0	0	14
tiny-gpt2	ours	warm	1	26	135.2	0	14
tiny-gpt2	ours	warm	1	27	129.9	0	14
tiny-gpt2	ours	warm	1	28	201.9	0	14
tiny-gpt2	ours	warm	1	29	134.0	0	14
tiny-gpt2	ours	warm	1	30	131.1	0	14
tiny-gpt2	ours	warm	1	31	205.0	0	14
tiny-gpt2	ours	warm	1	32	134.9	0	14
tiny-gpt2	ours	warm	1	33	131.1	0	14
tiny-gpt2	ours	warm	1	34	192.9	0	14
tiny-gpt2	ours	warm	1	35	134.0	0	14
tiny-gpt2	ours	warm	1	36	128.0	0	14
tiny-gpt2	ours	warm	1	37	205.0	0	14
tiny-gpt2	ours	warm	1	38	128.0	0	14
tiny-gpt2	ours	warm	1	39	129.0	0	14
tiny-gpt2	ours	warm	1	40	195.0	0	14
tiny-gpt2	ours	warm	1	41	141.9	0	14
tiny-gpt2	ours	warm	1	42	129.9	0	14
tiny-gpt2	ours	warm	1	43	204.1	0	14
tiny-gpt2	ours	warm	1	44	136.9	0	14
tiny-gpt2	ours	warm	1	45	131.8	0	14
tiny-gpt2	ours	warm	1	46	195.0	0	14
tiny-gpt2	ours	warm	1	47	134.9	0	14
tiny-gpt2	ours	warm	1	48	131.8	0	14
tiny-gpt2	ours	warm	1	49	208.1	0	14
tiny-gpt2	ours	warm	1	50	134.0	0	14
tiny-gpt2	ours	warm	1	51	125.2	0	14
tiny-gpt2	ours	warm	1	52	191.9	0	14
tiny-gpt2	ours	warm	1	53	139.0	0	14
tiny-gpt2	ours	warm	1	54	140.9	0	14
tiny-gpt2	ours	warm	1	55	205.0	0	14
tiny-gpt2	ours	warm	1	56	135.2	0	14
tiny-gpt2	ours	warm	1	57	129.0	0	14
tiny-gpt2	ours	warm	1	58	200.0	0	14
tiny-gpt2	ours	warm	1	59	134.0	0	14
tiny-gpt2	ours	warm	1	60	131.1	0	14
tiny-gpt2	ours	warm	1	61	206.0	0	14
tiny-gpt2	ours	warm	1	62	134.9	0	14
tiny-gpt2	ours	warm	1	63	128.0	0	14
tiny-gpt2	ours	warm	1	64	191.0	0	14
tiny-gpt2	ours	warm	1	65	134.9	0	14
tiny-gpt2	ours	warm	1	66	131.1	0	14
tiny-gpt2	ours	warm	1	67	212.9	0	14
tiny-gpt2	ours	warm	1	68	134.9	0	14
tiny-gpt2	ours	warm	1	69	131.1	0	14
tiny-gpt2	ours	warm	1	70	192.9	0	14
tiny-gpt2	ours	warm	1	71	131.8	0	14
tiny-gpt2	ours	warm	1	72	127.1	0	14
tiny-gpt2	ours	warm	1	73	229.1	0	14
tiny-gpt2	ours	warm	1	74	134.0	0	14
tiny-gpt2	ours	warm	1	75	129.0	0	14
tiny-gpt2	ours	warm	1	76	193.1	0	14
tiny-gpt2	ours	warm	1	77	132.1	0	14
tiny-gpt2	ours	warm	1	78	129.0	0	14
tiny-gpt2	ours	warm	1	79	206.9	0	14
tiny-gpt2	ours	warm	1	80	136.1	0	14
tiny-gpt2	ours	warm	1	81	129.9	0	14
tiny-gpt2	ours	warm	1	82	196.0	0	14
tiny-gpt2	ours	warm	1	83	135.2	0	14
tiny-gpt2	ours	warm	1	84	129.9	0	14
tiny-gpt2	ours	warm	1	85	205.0	0	14
tiny-gpt2	ours	warm	1	86	147.1	0	14
tiny-gpt2	ours	warm	1	87	129.9	0	14
tiny-gpt2	ours	warm	1	88	191.0	0	14
tiny-gpt2	ours	warm	1	89	135.9	0	14
tiny-gpt2	ours	warm	1	90	132.1	0	14
tiny-gpt2	ours	warm	1	91	201.9	0	14
tiny-gpt2	ours	warm	1	92	141.9	0	14
tiny-gpt2	ours	warm	1	93	130.2	0	14
tiny-gpt2	ours	warm	1	94	194.1	0	14
tiny-gpt2	ours	warm	1	95	133.0	0	14
tiny-gpt2	ours	warm	1	96	129.0	0	14
tiny-gpt2	ours	warm	1	97	197.9	0	14
tiny-gpt2	ours	warm	1	98	138.0	0	14
tiny-gpt2	ours	warm	1	99	130.2	0	14
tiny-gpt2	ours	warm	1	100	192.9	0	14
tiny-gpt2	ours	warm	1	101	133.0	0	14
tiny-gpt2	ours	warm	1	102	131.1	0	14
tiny-gpt2	ours	warm	1	103	201.9	0	14
tiny-gpt2	ours	warm	1	104	132.1	0	14
tiny-gpt2	ours	warm	1	105	137.1	0	14
tiny-gpt2	ours	warm	1	106	192.9	0	14
tiny-gpt2	ours	warm	1	107	131.8	0	14
tiny-gpt2	ours	warm	1	108	126.8	0	14
tiny-gpt2	ours	warm	1	109	199.1	0	14
tiny-gpt2	ours	warm	1	110	134.9	0	14
tiny-gpt2	ours	warm	1	111	127.8	0	14
tiny-gpt2	ours	warm	1	112	201.0	0	14
tiny-gpt2	ours	warm	1	113	133.0	0	14
tiny-gpt2	ours	warm	1	114	129.0	0	14
tiny-gpt2	ours	warm	1	115	205.0	0	14
tiny-gpt2	ours	warm	1	116	134.0	0	14
tiny-gpt2	ours	warm	1	117	128.0	0	14
tiny-gpt2	ours	warm	1	118	205.0	0	14
tiny-gpt2	ours	warm	1	119	134.0	0	14
tiny-gpt2	ours	warm	1	120	128.0	0	14
tiny-gpt2	ours	warm	1	121	203.8	0	14
tiny-gpt2	ours	warm	1	122	134.0	0	14
tiny-gpt2	ours	warm	1	123	128.0	0	14
tiny-gpt2	ours	warm	1	124	196.0	0	14
tiny-gpt2	ours	warm	1	125	132.1	0	14
tiny-gpt2	ours	warm	1	126	129.0	0	14
tiny-gpt2	ours	warm	1	127	200.0	0	14
tiny-gpt2	ours	warm	1	128	134.0	0	14
tiny-gpt2	ours	warm	1	129	127.8	0	14
tiny-gpt2	ours	warm	1	130	194.1	0	14
tiny-gpt2	ours	warm	1	131	143.1	0	14
tiny-gpt2	ours	warm	1	132	129.0	0	14
tiny-gpt2	ours	warm	1	133	202.2	0	14
tiny-gpt2	ours	warm	1	134	134.0	0	14
tiny-gpt2	ours	warm	1	135	129.0	0	14
tiny-gpt2	ours	warm	1	136	190.0	0	14
tiny-gpt2	ours	warm	1	137	132.1	0	14
tiny-gpt2	ours	warm	1	138	129.9	0	14
tiny-gpt2	ours	warm	1	139	206.0	0	14
tiny-gpt2	ours	warm	1	140	131.8	0	14
tiny-gpt2	ours	warm	1	141	128.0	0	14
tiny-gpt2	ours	warm	1	142	193.1	0	14
tiny-gpt2	ours	warm	1	143	134.0	0	14
tiny-gpt2	ours	warm	1	144	136.1	0	14
tiny-gpt2	ours	warm	1	145	204.1	0	14
tiny-gpt2	ours	warm	1	146	134.0	0	14
tiny-gpt2	ours	warm	1	147	128.0	0	14
tiny-gpt2	ours	warm	1	148	191.9	0	14
tiny-gpt2	ours	warm	1	149	131.8	0	14
tiny-gpt2	ours	warm	1	150	129.9	0	14
tiny-gpt2	ours	warm	1	151	205.0	0	14
tiny-gpt2	ours	warm	1	152	134.9	0	14
tiny-gpt2	ours	warm	1	153	132.1	0	14
tiny-gpt2	ours	warm	1	154	191.0	0	14
tiny-gpt2	ours	warm	1	155	134.9	0	14
tiny-gpt2	ours	warm	1	156	130.9	0	14
tiny-gpt2	ours	warm	1	157	214.1	0	14
tiny-gpt2	ours	warm	1	158	134.0	0	14
tiny-gpt2	ours	warm	1	159	129.0	0	14
tiny-gpt2	ours	warm	1	160	191.9	0	14
tiny-gpt2	ours	warm	1	161	134.0	0	14
tiny-gpt2	ours	warm	1	162	129.0	0	14
tiny-gpt2	ours	warm	1	163	211.0	0	14
tiny-gpt2	ours	warm	1	164	134.0	0	14
tiny-gpt2	ours	warm	1	165	129.0	0	14
tiny-gpt2	ours	warm	1	166	195.0	0	14
tiny-gpt2	ours	warm	1	167	134.0	0	14
tiny-gpt2	ours	warm	1	168	129.9	0	14
tiny-gpt2	ours	warm	1	169	232.0	0	14
tiny-gpt2	ours	warm	1	170	133.0	0	14
tiny-gpt2	ours	warm	1	171	129.0	0	14
tiny-gpt2	ours	warm	1	172	201.0	0	14
tiny-gpt2	ours	warm	1	173	132.1	0	14
tiny-gpt2	ours	warm	1	174	128.0	0	14
tiny-gpt2	ours	warm	1	175	205.0	0	14
tiny-gpt2	ours	warm	1	176	134.0	0	14
tiny-gpt2	ours	warm	1	177	128.0	0	14
tiny-gpt2	ours	warm	1	178	201.0	0	14
tiny-gpt2	ours	warm	1	179	134.0	0	14
tiny-gpt2	ours	warm	1	180	129.0	0	14
tiny-gpt2	ours	warm	1	181	206.0	0	14
tiny-gpt2	ours	warm	1	182	147.1	0	14
tiny-gpt2	ours	warm	1	183	143.1	0	14
tiny-gpt2	ours	warm	1	184	194.1	0	14
tiny-gpt2	ours	warm	1	185	134.0	0	14
tiny-gpt2	ours	warm	1	186	130.9	0	14
tiny-gpt2	ours	warm	1	187	201.0	0	14
tiny-gpt2	ours	warm	1	188	134.9	0	14
tiny-gpt2	ours	warm	1	189	135.2	0	14
tiny-gpt2	ours	warm	1	190	192.9	0	14
tiny-gpt2	ours	warm	1	191	133.0	0	14
tiny-gpt2	ours	warm	1	192	130.2	0	14
tiny-gpt2	ours	warm	1	193	206.9	0	14
tiny-gpt2	ours	warm	1	194	135.9	0	14
tiny-gpt2	ours	warm	1	195	139.0	0	14
tiny-gpt2	ours	warm	1	196	192.9	0	14
tiny-gpt2	ours	warm	1	197	133.0	0	14
tiny-gpt2	ours	warm	1	198	130.9	0	14
tiny-gpt2	ours	warm	1	199	206.0	0	14
tiny-gpt2	ours	warm	1	200	134.9	0	14
tiny-gpt2	ours	warm	1	201	134.9	0	14
tiny-gpt2	ours	warm	1	202	196.0	0	14
tiny-gpt2	ours	warm	1	203	140.9	0	14
tiny-gpt2	ours	warm	1	204	129.0	0	14
tiny-gpt2	ours	warm	1	205	202.2	0	14
tiny-gpt2	ours	warm	1	206	136.1	0	14
tiny-gpt2	ours	warm	1	207	140.0	0	14
tiny-gpt2	ours	warm	1	208	196.0	0	14
tiny-gpt2	ours	warm	1	209	139.0	0	14
tiny-gpt2	ours	warm	1	210	130.9	0	14
tiny-gpt2	ours	warm	1	211	202.2	0	14
tiny-gpt2	ours	warm	1	212	134.9	0	14
tiny-gpt2	ours	warm	1	213	131.1	0	14
tiny-gpt2	ours	warm	1	214	196.0	0	14
tiny-gpt2	ours	warm	1	215	134.9	0	14
tiny-gpt2	ours	warm	1	216	129.0	0	14
tiny-gpt2	ours	warm	1	217	206.0	0	14
tiny-gpt2	ours	warm	1	218	134.9	0	14
tiny-gpt2	ours	warm	1	219	129.9	0	14
tiny-gpt2	ours	warm	1	220	203.1	0	14
tiny-gpt2	ours	warm	1	221	133.0	0	14
tiny-gpt2	ours	warm	1	222	129.9	0	14
tiny-gpt2	ours	warm	1	223	196.9	0	14
tiny-gpt2	ours	warm	1	224	130.9	0	14
tiny-gpt2	ours	warm	1	225	128.0	0	14
tiny-gpt2	ours	warm	1	226	196.9	0	14
tiny-gpt2	ours	warm	1	227	134.9	0	14
tiny-gpt2	ours	warm	1	228	128.0	0	14
tiny-gpt2	ours	warm	1	229	206.0	0	14
tiny-gpt2	ours	warm	1	230	135.2	0	14
tiny-gpt2	ours	warm	1	231	129.9	0	14
tiny-gpt2	ours	warm	1	232	188.1	0	14
tiny-gpt2	ours	warm	1	233	140.0	0	14
tiny-gpt2	ours	warm	1	234	129.9	0	14
tiny-gpt2	ours	warm	1	235	199.8	0	14
tiny-gpt2	ours	warm	1	236	134.0	0	14
tiny-gpt2	ours	warm	1	237	128.0	0	14
tiny-gpt2	ours	warm	1	238	196.9	0	14
tiny-gpt2	ours	warm	1	239	141.1	0	14
tiny-gpt2	ours	warm	1	240	129.0	0	14
tiny-gpt2	ours	warm	1	241	203.1	0	14
tiny-gpt2	ours	warm	1	242	134.0	0	14
tiny-gpt2	ours	warm	1	243	128.0	0	14
tiny-gpt2	ours	warm	1	244	189.1	0	14
tiny-gpt2	ours	warm	1	245	132.1	0	14
tiny-gpt2	ours	warm	1	246	139.0	0	14
tiny-gpt2	ours	warm	1	247	204.1	0	14
tiny-gpt2	ours	warm	1	248	134.0	0	14
tiny-gpt2	ours	warm	1	249	129.0	0	14
tiny-gpt2	ours	warm	1	250	191.9	0	14
tiny-gpt2	ours	warm	1	251	134.0	0	14
tiny-gpt2	ours	warm	1	252	135.9	0	14
tiny-gpt2	ours	warm	1	253	208.1	0	14
tiny-gpt2	ours	warm	1	254	134.9	0	14
tiny-gpt2	ours	warm	1	255	128.0	0	14
tiny-gpt2	ours	warm	1	256	193.8	0	14
tiny-gpt2	ours	warm	1	257	134.0	0	14
tiny-gpt2	ours	warm	1	258	146.2	0	14
tiny-gpt2	ours	warm	1	259	203.8	0	14
tiny-gpt2	ours	warm	1	260	134.9	0	14
tiny-gpt2	ours	warm	1	261	129.9	0	14
tiny-gpt2	ours	warm	1	262	194.1	0	14
tiny-gpt2	ours	warm	1	263	133.0	0	14
tiny-gpt2	ours	warm	1	264	128.0	0	14
tiny-gpt2	ours	warm	1	265	233.2	0	14
tiny-gpt2	ours	warm	1	266	135.9	0	14
tiny-gpt2	ours	warm	1	267	130.2	0	14
tiny-gpt2	ours	warm	1	268	191.0	0	14
tiny-gpt2	ours	warm	1	269	132.1	0	14
tiny-gpt2	ours	warm	1	270	129.9	0	14
tiny-gpt2	ours	warm	1	271	209.1	0	14
tiny-gpt2	ours	warm	1	272	133.0	0	14
tiny-gpt2	ours	warm	1	273	128.0	0	14
tiny-gpt2	ours	warm	1	274	196.9	0	14
tiny-gpt2	ours	warm	1	275	134.0	0	14
tiny-gpt2	ours	warm	1	276	128.0	0	14
tiny-gpt2	ours	warm	1	277	201.9	0	14
tiny-gpt2	ours	warm	1	278	135.2	0	14
tiny-gpt2	ours	warm	1	279	129.0	0	14
tiny-gpt2	ours	warm	1	280	191.9	0	14
tiny-gpt2	ours	warm	1	281	134.0	0	14
tiny-gpt2	ours	warm	1	282	130.9	0	14
tiny-gpt2	ours	warm	1	283	206.0	0	14
tiny-gpt2	ours	warm	1	284	135.9	0	14
tiny-gpt2	ours	warm	1	285	129.9	0	14
tiny-gpt2	ours	warm	1	286	192.9	0	14
tiny-gpt2	ours	warm	1	287	131.1	0	14
tiny-gpt2	ours	warm	1	288	127.1	0	14
tiny-gpt2	ours	warm	1	289	206.0	0	14
tiny-gpt2	ours	warm	1	290	134.0	0	14
tiny-gpt2	ours	warm	1	291	129.0	0	14
tiny-gpt2	ours	warm	1	292	191.0	0	14
tiny-gpt2	ours	warm	1	293	134.0	0	14
tiny-gpt2	ours	warm	1	294	134.0	0	14
tiny-gpt2	ours	warm	1	295	201.0	0	14
tiny-gpt2	ours	warm	1	296	135.9	0	14
tiny-gpt2	ours	warm	1	297	171.9	0	14
tiny-gpt2	ours	warm	1	298	222.9	0	14
tiny-gpt2	ours	warm	1	299	142.1	0	14
tiny-gpt2	torch-compile	warm	1	0	1343527.3		
tiny-gpt2	torch-compile	warm	1	1	769.9		
tiny-gpt2	torch-compile	warm	1	2	395.1		
tiny-gpt2	torch-compile	warm	1	3	369.8		
tiny-gpt2	torch-compile	warm	1	4	354.8		
tiny-gpt2	torch-compile	warm	1	5	352.1		
tiny-gpt2	torch-compile	warm	1	6	356.2		
tiny-gpt2	torch-compile	warm	1	7	345.7		
tiny-gpt2	torch-compile	warm	1	8	340.9		
tiny-gpt2	torch-compile	warm	1	9	349.8		
tiny-gpt2	torch-compile	warm	1	10	346.9		
tiny-gpt2	torch-compile	warm	1	11	345.2		
tiny-gpt2	torch-compile	warm	1	12	352.4		
tiny-gpt2	torch-compile	warm	1	13	342.8		
tiny-gpt2	torch-compile	warm	1	14	337.4		
tiny-gpt2	torch-compile	warm	1	15	345.7		
tiny-gpt2	torch-compile	warm	1	16	338.8		
tiny-gpt2	torch-compile	warm	1	17	337.4		
tiny-gpt2	torch-compile	warm	1	18	351.4		
tiny-gpt2	torch-compile	warm	1	19	341.7		
tiny-gpt2	torch-compile	warm	1	20	348.1		
tiny-gpt2	torch-compile	warm	1	21	338.8		
tiny-gpt2	torch-compile	warm	1	22	332.4		
tiny-gpt2	torch-compile	warm	1	23	343.3		
tiny-gpt2	torch-compile	warm	1	24	335.0		
tiny-gpt2	torch-compile	warm	1	25	335.9		
tiny-gpt2	torch-compile	warm	1	26	348.1		
tiny-gpt2	torch-compile	warm	1	27	334.3		
tiny-gpt2	torch-compile	warm	1	28	333.1		
tiny-gpt2	torch-compile	warm	1	29	342.4		
tiny-gpt2	torch-compile	warm	1	30	332.8		
tiny-gpt2	torch-compile	warm	1	31	336.2		
tiny-gpt2	torch-compile	warm	1	32	349.5		
tiny-gpt2	torch-compile	warm	1	33	339.0		
tiny-gpt2	torch-compile	warm	1	34	334.3		
tiny-gpt2	torch-compile	warm	1	35	351.4		
tiny-gpt2	torch-compile	warm	1	36	336.6		
tiny-gpt2	torch-compile	warm	1	37	333.3		
tiny-gpt2	torch-compile	warm	1	38	344.0		
tiny-gpt2	torch-compile	warm	1	39	333.5		
tiny-gpt2	torch-compile	warm	1	40	331.9		
tiny-gpt2	torch-compile	warm	1	41	344.3		
tiny-gpt2	torch-compile	warm	1	42	331.6		
tiny-gpt2	torch-compile	warm	1	43	330.4		
tiny-gpt2	torch-compile	warm	1	44	345.7		
tiny-gpt2	torch-compile	warm	1	45	333.3		
tiny-gpt2	torch-compile	warm	1	46	335.5		
tiny-gpt2	torch-compile	warm	1	47	344.8		
tiny-gpt2	torch-compile	warm	1	48	335.5		
tiny-gpt2	torch-compile	warm	1	49	370.3		
tiny-gpt2	torch-compile	warm	1	50	363.8		
tiny-gpt2	torch-compile	warm	1	51	336.6		
tiny-gpt2	torch-compile	warm	1	52	337.1		
tiny-gpt2	torch-compile	warm	1	53	347.1		
tiny-gpt2	torch-compile	warm	1	54	339.0		
tiny-gpt2	torch-compile	warm	1	55	336.2		
tiny-gpt2	torch-compile	warm	1	56	341.4		
tiny-gpt2	torch-compile	warm	1	57	342.8		
tiny-gpt2	torch-compile	warm	1	58	350.0		
tiny-gpt2	torch-compile	warm	1	59	337.8		
tiny-gpt2	torch-compile	warm	1	60	338.3		
tiny-gpt2	torch-compile	warm	1	61	347.1		
tiny-gpt2	torch-compile	warm	1	62	339.3		
tiny-gpt2	torch-compile	warm	1	63	337.6		
tiny-gpt2	torch-compile	warm	1	64	349.5		
tiny-gpt2	torch-compile	warm	1	65	343.1		
tiny-gpt2	torch-compile	warm	1	66	336.9		
tiny-gpt2	torch-compile	warm	1	67	348.1		
tiny-gpt2	torch-compile	warm	1	68	337.1		
tiny-gpt2	torch-compile	warm	1	69	335.2		
tiny-gpt2	torch-compile	warm	1	70	349.3		
tiny-gpt2	torch-compile	warm	1	71	340.2		
tiny-gpt2	torch-compile	warm	1	72	337.8		
tiny-gpt2	torch-compile	warm	1	73	345.2		
tiny-gpt2	torch-compile	warm	1	74	337.6		
tiny-gpt2	torch-compile	warm	1	75	337.1		
tiny-gpt2	torch-compile	warm	1	76	346.2		
tiny-gpt2	torch-compile	warm	1	77	343.6		
tiny-gpt2	torch-compile	warm	1	78	335.7		
tiny-gpt2	torch-compile	warm	1	79	346.7		
tiny-gpt2	torch-compile	warm	1	80	337.4		
tiny-gpt2	torch-compile	warm	1	81	339.5		
tiny-gpt2	torch-compile	warm	1	82	349.8		
tiny-gpt2	torch-compile	warm	1	83	338.1		
tiny-gpt2	torch-compile	warm	1	84	337.1		
tiny-gpt2	torch-compile	warm	1	85	349.5		
tiny-gpt2	torch-compile	warm	1	86	336.6		
tiny-gpt2	torch-compile	warm	1	87	343.6		
tiny-gpt2	torch-compile	warm	1	88	339.5		
tiny-gpt2	torch-compile	warm	1	89	334.3		
tiny-gpt2	torch-compile	warm	1	90	345.0		
tiny-gpt2	torch-compile	warm	1	91	336.6		
tiny-gpt2	torch-compile	warm	1	92	335.7		
tiny-gpt2	torch-compile	warm	1	93	344.5		
tiny-gpt2	torch-compile	warm	1	94	336.9		
tiny-gpt2	torch-compile	warm	1	95	334.3		
tiny-gpt2	torch-compile	warm	1	96	351.2		
tiny-gpt2	torch-compile	warm	1	97	338.1		
tiny-gpt2	torch-compile	warm	1	98	336.2		
tiny-gpt2	torch-compile	warm	1	99	346.9		
tiny-gpt2	torch-compile	warm	1	100	333.5		
tiny-gpt2	torch-compile	warm	1	101	333.1		
tiny-gpt2	torch-compile	warm	1	102	345.9		
tiny-gpt2	torch-compile	warm	1	103	336.6		
tiny-gpt2	torch-compile	warm	1	104	335.7		
tiny-gpt2	torch-compile	warm	1	105	345.9		
tiny-gpt2	torch-compile	warm	1	106	337.4		
tiny-gpt2	torch-compile	warm	1	107	336.2		
tiny-gpt2	torch-compile	warm	1	108	345.0		
tiny-gpt2	torch-compile	warm	1	109	335.5		
tiny-gpt2	torch-compile	warm	1	110	334.3		
tiny-gpt2	torch-compile	warm	1	111	344.3		
tiny-gpt2	torch-compile	warm	1	112	334.7		
tiny-gpt2	torch-compile	warm	1	113	378.4		
tiny-gpt2	torch-compile	warm	1	114	349.3		
tiny-gpt2	torch-compile	warm	1	115	335.5		
tiny-gpt2	torch-compile	warm	1	116	336.6		
tiny-gpt2	torch-compile	warm	1	117	344.8		
tiny-gpt2	torch-compile	warm	1	118	334.0		
tiny-gpt2	torch-compile	warm	1	119	337.4		
tiny-gpt2	torch-compile	warm	1	120	343.3		
tiny-gpt2	torch-compile	warm	1	121	336.9		
tiny-gpt2	torch-compile	warm	1	122	345.5		
tiny-gpt2	torch-compile	warm	1	123	338.6		
tiny-gpt2	torch-compile	warm	1	124	336.9		
tiny-gpt2	torch-compile	warm	1	125	344.0		
tiny-gpt2	torch-compile	warm	1	126	338.1		
tiny-gpt2	torch-compile	warm	1	127	334.3		
tiny-gpt2	torch-compile	warm	1	128	345.2		
tiny-gpt2	torch-compile	warm	1	129	334.3		
tiny-gpt2	torch-compile	warm	1	130	336.4		
tiny-gpt2	torch-compile	warm	1	131	344.5		
tiny-gpt2	torch-compile	warm	1	132	335.0		
tiny-gpt2	torch-compile	warm	1	133	333.3		
tiny-gpt2	torch-compile	warm	1	134	345.2		
tiny-gpt2	torch-compile	warm	1	135	342.6		
tiny-gpt2	torch-compile	warm	1	136	335.5		
tiny-gpt2	torch-compile	warm	1	137	359.3		
tiny-gpt2	torch-compile	warm	1	138	336.4		
tiny-gpt2	torch-compile	warm	1	139	333.1		
tiny-gpt2	torch-compile	warm	1	140	346.2		
tiny-gpt2	torch-compile	warm	1	141	344.0		
tiny-gpt2	torch-compile	warm	1	142	337.6		
tiny-gpt2	torch-compile	warm	1	143	345.0		
tiny-gpt2	torch-compile	warm	1	144	338.6		
tiny-gpt2	torch-compile	warm	1	145	337.6		
tiny-gpt2	torch-compile	warm	1	146	344.3		
tiny-gpt2	torch-compile	warm	1	147	336.9		
tiny-gpt2	torch-compile	warm	1	148	337.6		
tiny-gpt2	torch-compile	warm	1	149	347.9		
tiny-gpt2	torch-compile	warm	1	150	336.9		
tiny-gpt2	torch-compile	warm	1	151	337.8		
tiny-gpt2	torch-compile	warm	1	152	348.1		
tiny-gpt2	torch-compile	warm	1	153	335.9		
tiny-gpt2	torch-compile	warm	1	154	335.9		
tiny-gpt2	torch-compile	warm	1	155	343.1		
tiny-gpt2	torch-compile	warm	1	156	335.9		
tiny-gpt2	torch-compile	warm	1	157	345.7		
tiny-gpt2	torch-compile	warm	1	158	336.9		
tiny-gpt2	torch-compile	warm	1	159	336.6		
tiny-gpt2	torch-compile	warm	1	160	349.0		
tiny-gpt2	torch-compile	warm	1	161	339.3		
tiny-gpt2	torch-compile	warm	1	162	334.5		
tiny-gpt2	torch-compile	warm	1	163	344.0		
tiny-gpt2	torch-compile	warm	1	164	335.5		
tiny-gpt2	torch-compile	warm	1	165	335.5		
tiny-gpt2	torch-compile	warm	1	166	343.3		
tiny-gpt2	torch-compile	warm	1	167	332.6		
tiny-gpt2	torch-compile	warm	1	168	342.4		
tiny-gpt2	torch-compile	warm	1	169	347.4		
tiny-gpt2	torch-compile	warm	1	170	334.5		
tiny-gpt2	torch-compile	warm	1	171	333.8		
tiny-gpt2	torch-compile	warm	1	172	367.9		
tiny-gpt2	torch-compile	warm	1	173	340.0		
tiny-gpt2	torch-compile	warm	1	174	334.7		
tiny-gpt2	torch-compile	warm	1	175	347.4		
tiny-gpt2	torch-compile	warm	1	176	390.3		
tiny-gpt2	torch-compile	warm	1	177	342.6		
tiny-gpt2	torch-compile	warm	1	178	348.6		
tiny-gpt2	torch-compile	warm	1	179	341.9		
tiny-gpt2	torch-compile	warm	1	180	339.0		
tiny-gpt2	torch-compile	warm	1	181	349.0		
tiny-gpt2	torch-compile	warm	1	182	336.2		
tiny-gpt2	torch-compile	warm	1	183	345.2		
tiny-gpt2	torch-compile	warm	1	184	339.5		
tiny-gpt2	torch-compile	warm	1	185	343.8		
tiny-gpt2	torch-compile	warm	1	186	348.1		
tiny-gpt2	torch-compile	warm	1	187	337.6		
tiny-gpt2	torch-compile	warm	1	188	338.6		
tiny-gpt2	torch-compile	warm	1	189	345.7		
tiny-gpt2	torch-compile	warm	1	190	336.4		
tiny-gpt2	torch-compile	warm	1	191	340.0		
tiny-gpt2	torch-compile	warm	1	192	348.1		
tiny-gpt2	torch-compile	warm	1	193	336.4		
tiny-gpt2	torch-compile	warm	1	194	336.6		
tiny-gpt2	torch-compile	warm	1	195	354.8		
tiny-gpt2	torch-compile	warm	1	196	336.6		
tiny-gpt2	torch-compile	warm	1	197	338.8		
tiny-gpt2	torch-compile	warm	1	198	352.6		
tiny-gpt2	torch-compile	warm	1	199	336.9		
tiny-gpt2	torch-compile	warm	1	200	346.7		
tiny-gpt2	torch-compile	warm	1	201	351.7		
tiny-gpt2	torch-compile	warm	1	202	340.7		
tiny-gpt2	torch-compile	warm	1	203	334.3		
tiny-gpt2	torch-compile	warm	1	204	344.3		
tiny-gpt2	torch-compile	warm	1	205	335.0		
tiny-gpt2	torch-compile	warm	1	206	343.3		
tiny-gpt2	torch-compile	warm	1	207	345.2		
tiny-gpt2	torch-compile	warm	1	208	336.4		
tiny-gpt2	torch-compile	warm	1	209	335.9		
tiny-gpt2	torch-compile	warm	1	210	347.6		
tiny-gpt2	torch-compile	warm	1	211	335.7		
tiny-gpt2	torch-compile	warm	1	212	337.8		
tiny-gpt2	torch-compile	warm	1	213	348.1		
tiny-gpt2	torch-compile	warm	1	214	337.1		
tiny-gpt2	torch-compile	warm	1	215	347.1		
tiny-gpt2	torch-compile	warm	1	216	339.7		
tiny-gpt2	torch-compile	warm	1	217	334.3		
tiny-gpt2	torch-compile	warm	1	218	346.7		
tiny-gpt2	torch-compile	warm	1	219	333.1		
tiny-gpt2	torch-compile	warm	1	220	333.1		
tiny-gpt2	torch-compile	warm	1	221	342.8		
tiny-gpt2	torch-compile	warm	1	222	331.2		
tiny-gpt2	torch-compile	warm	1	223	335.2		
tiny-gpt2	torch-compile	warm	1	224	347.6		
tiny-gpt2	torch-compile	warm	1	225	335.9		
tiny-gpt2	torch-compile	warm	1	226	335.7		
tiny-gpt2	torch-compile	warm	1	227	345.9		
tiny-gpt2	torch-compile	warm	1	228	335.7		
tiny-gpt2	torch-compile	warm	1	229	336.2		
tiny-gpt2	torch-compile	warm	1	230	355.2		
tiny-gpt2	torch-compile	warm	1	231	337.1		
tiny-gpt2	torch-compile	warm	1	232	334.5		
tiny-gpt2	torch-compile	warm	1	233	352.1		
tiny-gpt2	torch-compile	warm	1	234	335.9		
tiny-gpt2	torch-compile	warm	1	235	335.9		
tiny-gpt2	torch-compile	warm	1	236	346.4		
tiny-gpt2	torch-compile	warm	1	237	338.6		
tiny-gpt2	torch-compile	warm	1	238	336.2		
tiny-gpt2	torch-compile	warm	1	239	342.8		
tiny-gpt2	torch-compile	warm	1	240	333.3		
tiny-gpt2	torch-compile	warm	1	241	335.9		
tiny-gpt2	torch-compile	warm	1	242	351.7		
tiny-gpt2	torch-compile	warm	1	243	338.3		
tiny-gpt2	torch-compile	warm	1	244	337.1		
tiny-gpt2	torch-compile	warm	1	245	347.6		
tiny-gpt2	torch-compile	warm	1	246	340.5		
tiny-gpt2	torch-compile	warm	1	247	340.7		
tiny-gpt2	torch-compile	warm	1	248	352.1		
tiny-gpt2	torch-compile	warm	1	249	396.0		
tiny-gpt2	torch-compile	warm	1	250	356.4		
tiny-gpt2	torch-compile	warm	1	251	340.0		
tiny-gpt2	torch-compile	warm	1	252	334.5		
tiny-gpt2	torch-compile	warm	1	253	348.3		
tiny-gpt2	torch-compile	warm	1	254	336.6		
tiny-gpt2	torch-compile	warm	1	255	335.7		
tiny-gpt2	torch-compile	warm	1	256	348.3		
tiny-gpt2	torch-compile	warm	1	257	335.2		
tiny-gpt2	torch-compile	warm	1	258	335.2		
tiny-gpt2	torch-compile	warm	1	259	345.0		
tiny-gpt2	torch-compile	warm	1	260	337.1		
tiny-gpt2	torch-compile	warm	1	261	337.1		
tiny-gpt2	torch-compile	warm	1	262	344.3		
tiny-gpt2	torch-compile	warm	1	263	334.3		
tiny-gpt2	torch-compile	warm	1	264	334.3		
tiny-gpt2	torch-compile	warm	1	265	344.0		
tiny-gpt2	torch-compile	warm	1	266	335.5		
tiny-gpt2	torch-compile	warm	1	267	333.8		
tiny-gpt2	torch-compile	warm	1	268	343.8		
tiny-gpt2	torch-compile	warm	1	269	336.4		
tiny-gpt2	torch-compile	warm	1	270	337.1		
tiny-gpt2	torch-compile	warm	1	271	347.1		
tiny-gpt2	torch-compile	warm	1	272	337.8		
tiny-gpt2	torch-compile	warm	1	273	335.5		
tiny-gpt2	torch-compile	warm	1	274	345.7		
tiny-gpt2	torch-compile	warm	1	275	334.5		
tiny-gpt2	torch-compile	warm	1	276	334.0		
tiny-gpt2	torch-compile	warm	1	277	346.7		
tiny-gpt2	torch-compile	warm	1	278	334.5		
tiny-gpt2	torch-compile	warm	1	279	340.7		
tiny-gpt2	torch-compile	warm	1	280	343.6		
tiny-gpt2	torch-compile	warm	1	281	335.7		
tiny-gpt2	torch-compile	warm	1	282	347.6		
tiny-gpt2	torch-compile	warm	1	283	336.4		
tiny-gpt2	torch-compile	warm	1	284	333.3		
tiny-gpt2	torch-compile	warm	1	285	344.5		
tiny-gpt2	torch-compile	warm	1	286	335.0		
tiny-gpt2	torch-compile	warm	1	287	333.8		
tiny-gpt2	torch-compile	warm	1	288	351.2		
tiny-gpt2	torch-compile	warm	1	289	337.1		
tiny-gpt2	torch-compile	warm	1	290	333.3		
tiny-gpt2	torch-compile	warm	1	291	345.9		
tiny-gpt2	torch-compile	warm	1	292	337.1		
tiny-gpt2	torch-compile	warm	1	293	337.1		
tiny-gpt2	torch-compile	warm	1	294	347.6		
tiny-gpt2	torch-compile	warm	1	295	336.9		
tiny-gpt2	torch-compile	warm	1	296	338.3		
tiny-gpt2	torch-compile	warm	1	297	369.3		
tiny-gpt2	torch-compile	warm	1	298	344.3		
tiny-gpt2	torch-compile	warm	1	299	332.4		
tiny-gpt2	torch-compile-ro	warm	1	0	1329799.7		
tiny-gpt2	torch-compile-ro	warm	1	1	28779.0		
tiny-gpt2	torch-compile-ro	warm	1	2	504.0		
tiny-gpt2	torch-compile-ro	warm	1	3	318.8		
tiny-gpt2	torch-compile-ro	warm	1	4	261.8		
tiny-gpt2	torch-compile-ro	warm	1	5	232.5		
tiny-gpt2	torch-compile-ro	warm	1	6	227.2		
tiny-gpt2	torch-compile-ro	warm	1	7	222.0		
tiny-gpt2	torch-compile-ro	warm	1	8	221.5		
tiny-gpt2	torch-compile-ro	warm	1	9	221.0		
tiny-gpt2	torch-compile-ro	warm	1	10	219.8		
tiny-gpt2	torch-compile-ro	warm	1	11	222.2		
tiny-gpt2	torch-compile-ro	warm	1	12	218.2		
tiny-gpt2	torch-compile-ro	warm	1	13	225.5		
tiny-gpt2	torch-compile-ro	warm	1	14	218.2		
tiny-gpt2	torch-compile-ro	warm	1	15	217.4		
tiny-gpt2	torch-compile-ro	warm	1	16	219.1		
tiny-gpt2	torch-compile-ro	warm	1	17	217.2		
tiny-gpt2	torch-compile-ro	warm	1	18	220.5		
tiny-gpt2	torch-compile-ro	warm	1	19	215.5		
tiny-gpt2	torch-compile-ro	warm	1	20	218.4		
tiny-gpt2	torch-compile-ro	warm	1	21	216.7		
tiny-gpt2	torch-compile-ro	warm	1	22	225.8		
tiny-gpt2	torch-compile-ro	warm	1	23	217.0		
tiny-gpt2	torch-compile-ro	warm	1	24	214.3		
tiny-gpt2	torch-compile-ro	warm	1	25	214.1		
tiny-gpt2	torch-compile-ro	warm	1	26	218.9		
tiny-gpt2	torch-compile-ro	warm	1	27	219.1		
tiny-gpt2	torch-compile-ro	warm	1	28	214.6		
tiny-gpt2	torch-compile-ro	warm	1	29	214.8		
tiny-gpt2	torch-compile-ro	warm	1	30	215.3		
tiny-gpt2	torch-compile-ro	warm	1	31	221.7		
tiny-gpt2	torch-compile-ro	warm	1	32	215.3		
tiny-gpt2	torch-compile-ro	warm	1	33	214.1		
tiny-gpt2	torch-compile-ro	warm	1	34	213.6		
tiny-gpt2	torch-compile-ro	warm	1	35	212.7		
tiny-gpt2	torch-compile-ro	warm	1	36	224.8		
tiny-gpt2	torch-compile-ro	warm	1	37	213.4		
tiny-gpt2	torch-compile-ro	warm	1	38	211.5		
tiny-gpt2	torch-compile-ro	warm	1	39	213.9		
tiny-gpt2	torch-compile-ro	warm	1	40	219.6		
tiny-gpt2	torch-compile-ro	warm	1	41	214.3		
tiny-gpt2	torch-compile-ro	warm	1	42	214.6		
tiny-gpt2	torch-compile-ro	warm	1	43	212.2		
tiny-gpt2	torch-compile-ro	warm	1	44	213.1		
tiny-gpt2	torch-compile-ro	warm	1	45	221.0		
tiny-gpt2	torch-compile-ro	warm	1	46	212.9		
tiny-gpt2	torch-compile-ro	warm	1	47	212.0		
tiny-gpt2	torch-compile-ro	warm	1	48	212.7		
tiny-gpt2	torch-compile-ro	warm	1	49	212.7		
tiny-gpt2	torch-compile-ro	warm	1	50	216.7		
tiny-gpt2	torch-compile-ro	warm	1	51	213.1		
tiny-gpt2	torch-compile-ro	warm	1	52	212.0		
tiny-gpt2	torch-compile-ro	warm	1	53	212.4		
tiny-gpt2	torch-compile-ro	warm	1	54	244.9		
tiny-gpt2	torch-compile-ro	warm	1	55	302.6		
tiny-gpt2	torch-compile-ro	warm	1	56	324.5		
tiny-gpt2	torch-compile-ro	warm	1	57	334.3		
tiny-gpt2	torch-compile-ro	warm	1	58	307.6		
tiny-gpt2	torch-compile-ro	warm	1	59	295.4		
tiny-gpt2	torch-compile-ro	warm	1	60	294.2		
tiny-gpt2	torch-compile-ro	warm	1	61	292.1		
tiny-gpt2	torch-compile-ro	warm	1	62	311.4		
tiny-gpt2	torch-compile-ro	warm	1	63	312.6		
tiny-gpt2	torch-compile-ro	warm	1	64	318.3		
tiny-gpt2	torch-compile-ro	warm	1	65	294.7		
tiny-gpt2	torch-compile-ro	warm	1	66	271.8		
tiny-gpt2	torch-compile-ro	warm	1	67	320.0		
tiny-gpt2	torch-compile-ro	warm	1	68	250.3		
tiny-gpt2	torch-compile-ro	warm	1	69	234.4		
tiny-gpt2	torch-compile-ro	warm	1	70	231.5		
tiny-gpt2	torch-compile-ro	warm	1	71	275.1		
tiny-gpt2	torch-compile-ro	warm	1	72	237.2		
tiny-gpt2	torch-compile-ro	warm	1	73	222.2		
tiny-gpt2	torch-compile-ro	warm	1	74	218.4		
tiny-gpt2	torch-compile-ro	warm	1	75	226.0		
tiny-gpt2	torch-compile-ro	warm	1	76	220.3		
tiny-gpt2	torch-compile-ro	warm	1	77	217.0		
tiny-gpt2	torch-compile-ro	warm	1	78	216.5		
tiny-gpt2	torch-compile-ro	warm	1	79	213.6		
tiny-gpt2	torch-compile-ro	warm	1	80	222.9		
tiny-gpt2	torch-compile-ro	warm	1	81	215.3		
tiny-gpt2	torch-compile-ro	warm	1	82	215.3		
tiny-gpt2	torch-compile-ro	warm	1	83	218.4		
tiny-gpt2	torch-compile-ro	warm	1	84	222.0		
tiny-gpt2	torch-compile-ro	warm	1	85	216.2		
tiny-gpt2	torch-compile-ro	warm	1	86	213.1		
tiny-gpt2	torch-compile-ro	warm	1	87	212.9		
tiny-gpt2	torch-compile-ro	warm	1	88	216.0		
tiny-gpt2	torch-compile-ro	warm	1	89	228.9		
tiny-gpt2	torch-compile-ro	warm	1	90	214.3		
tiny-gpt2	torch-compile-ro	warm	1	91	213.1		
tiny-gpt2	torch-compile-ro	warm	1	92	214.6		
tiny-gpt2	torch-compile-ro	warm	1	93	215.1		
tiny-gpt2	torch-compile-ro	warm	1	94	216.2		
tiny-gpt2	torch-compile-ro	warm	1	95	210.5		
tiny-gpt2	torch-compile-ro	warm	1	96	212.7		
tiny-gpt2	torch-compile-ro	warm	1	97	212.2		
tiny-gpt2	torch-compile-ro	warm	1	98	220.5		
tiny-gpt2	torch-compile-ro	warm	1	99	211.7		
tiny-gpt2	torch-compile-ro	warm	1	100	213.4		
tiny-gpt2	torch-compile-ro	warm	1	101	212.9		
tiny-gpt2	torch-compile-ro	warm	1	102	212.9		
tiny-gpt2	torch-compile-ro	warm	1	103	222.0		
tiny-gpt2	torch-compile-ro	warm	1	104	210.3		
tiny-gpt2	torch-compile-ro	warm	1	105	211.2		
tiny-gpt2	torch-compile-ro	warm	1	106	212.0		
tiny-gpt2	torch-compile-ro	warm	1	107	222.9		
tiny-gpt2	torch-compile-ro	warm	1	108	216.5		
tiny-gpt2	torch-compile-ro	warm	1	109	212.4		
tiny-gpt2	torch-compile-ro	warm	1	110	212.2		
tiny-gpt2	torch-compile-ro	warm	1	111	211.0		
tiny-gpt2	torch-compile-ro	warm	1	112	223.9		
tiny-gpt2	torch-compile-ro	warm	1	113	212.0		
tiny-gpt2	torch-compile-ro	warm	1	114	212.4		
tiny-gpt2	torch-compile-ro	warm	1	115	211.2		
tiny-gpt2	torch-compile-ro	warm	1	116	211.2		
tiny-gpt2	torch-compile-ro	warm	1	117	214.6		
tiny-gpt2	torch-compile-ro	warm	1	118	211.2		
tiny-gpt2	torch-compile-ro	warm	1	119	211.5		
tiny-gpt2	torch-compile-ro	warm	1	120	214.8		
tiny-gpt2	torch-compile-ro	warm	1	121	221.0		
tiny-gpt2	torch-compile-ro	warm	1	122	213.4		
tiny-gpt2	torch-compile-ro	warm	1	123	210.3		
tiny-gpt2	torch-compile-ro	warm	1	124	210.0		
tiny-gpt2	torch-compile-ro	warm	1	125	212.2		
tiny-gpt2	torch-compile-ro	warm	1	126	224.8		
tiny-gpt2	torch-compile-ro	warm	1	127	213.4		
tiny-gpt2	torch-compile-ro	warm	1	128	212.7		
tiny-gpt2	torch-compile-ro	warm	1	129	212.4		
tiny-gpt2	torch-compile-ro	warm	1	130	213.4		
tiny-gpt2	torch-compile-ro	warm	1	131	216.0		
tiny-gpt2	torch-compile-ro	warm	1	132	213.6		
tiny-gpt2	torch-compile-ro	warm	1	133	213.4		
tiny-gpt2	torch-compile-ro	warm	1	134	213.1		
tiny-gpt2	torch-compile-ro	warm	1	135	221.0		
tiny-gpt2	torch-compile-ro	warm	1	136	213.6		
tiny-gpt2	torch-compile-ro	warm	1	137	211.0		
tiny-gpt2	torch-compile-ro	warm	1	138	212.0		
tiny-gpt2	torch-compile-ro	warm	1	139	220.3		
tiny-gpt2	torch-compile-ro	warm	1	140	216.2		
tiny-gpt2	torch-compile-ro	warm	1	141	214.1		
tiny-gpt2	torch-compile-ro	warm	1	142	210.8		
tiny-gpt2	torch-compile-ro	warm	1	143	209.6		
tiny-gpt2	torch-compile-ro	warm	1	144	218.4		
tiny-gpt2	torch-compile-ro	warm	1	145	214.6		
tiny-gpt2	torch-compile-ro	warm	1	146	210.3		
tiny-gpt2	torch-compile-ro	warm	1	147	211.5		
tiny-gpt2	torch-compile-ro	warm	1	148	210.5		
tiny-gpt2	torch-compile-ro	warm	1	149	222.4		
tiny-gpt2	torch-compile-ro	warm	1	150	209.6		
tiny-gpt2	torch-compile-ro	warm	1	151	210.8		
tiny-gpt2	torch-compile-ro	warm	1	152	210.3		
tiny-gpt2	torch-compile-ro	warm	1	153	208.9		
tiny-gpt2	torch-compile-ro	warm	1	154	211.7		
tiny-gpt2	torch-compile-ro	warm	1	155	207.7		
tiny-gpt2	torch-compile-ro	warm	1	156	208.4		
tiny-gpt2	torch-compile-ro	warm	1	157	209.6		
tiny-gpt2	torch-compile-ro	warm	1	158	219.1		
tiny-gpt2	torch-compile-ro	warm	1	159	212.2		
tiny-gpt2	torch-compile-ro	warm	1	160	210.0		
tiny-gpt2	torch-compile-ro	warm	1	161	211.5		
tiny-gpt2	torch-compile-ro	warm	1	162	211.5		
tiny-gpt2	torch-compile-ro	warm	1	163	220.1		
tiny-gpt2	torch-compile-ro	warm	1	164	212.2		
tiny-gpt2	torch-compile-ro	warm	1	165	208.9		
tiny-gpt2	torch-compile-ro	warm	1	166	211.5		
tiny-gpt2	torch-compile-ro	warm	1	167	214.1		
tiny-gpt2	torch-compile-ro	warm	1	168	222.2		
tiny-gpt2	torch-compile-ro	warm	1	169	213.1		
tiny-gpt2	torch-compile-ro	warm	1	170	213.6		
tiny-gpt2	torch-compile-ro	warm	1	171	219.8		
tiny-gpt2	torch-compile-ro	warm	1	172	221.3		
tiny-gpt2	torch-compile-ro	warm	1	173	213.4		
tiny-gpt2	torch-compile-ro	warm	1	174	212.0		
tiny-gpt2	torch-compile-ro	warm	1	175	212.2		
tiny-gpt2	torch-compile-ro	warm	1	176	211.2		
tiny-gpt2	torch-compile-ro	warm	1	177	222.4		
tiny-gpt2	torch-compile-ro	warm	1	178	211.2		
tiny-gpt2	torch-compile-ro	warm	1	179	212.4		
tiny-gpt2	torch-compile-ro	warm	1	180	210.8		
tiny-gpt2	torch-compile-ro	warm	1	181	210.0		
tiny-gpt2	torch-compile-ro	warm	1	182	212.0		
tiny-gpt2	torch-compile-ro	warm	1	183	209.3		
tiny-gpt2	torch-compile-ro	warm	1	184	211.2		
tiny-gpt2	torch-compile-ro	warm	1	185	210.5		
tiny-gpt2	torch-compile-ro	warm	1	186	220.1		
tiny-gpt2	torch-compile-ro	warm	1	187	212.7		
tiny-gpt2	torch-compile-ro	warm	1	188	212.9		
tiny-gpt2	torch-compile-ro	warm	1	189	209.1		
tiny-gpt2	torch-compile-ro	warm	1	190	211.5		
tiny-gpt2	torch-compile-ro	warm	1	191	219.1		
tiny-gpt2	torch-compile-ro	warm	1	192	212.4		
tiny-gpt2	torch-compile-ro	warm	1	193	217.9		
tiny-gpt2	torch-compile-ro	warm	1	194	211.5		
tiny-gpt2	torch-compile-ro	warm	1	195	218.2		
tiny-gpt2	torch-compile-ro	warm	1	196	211.0		
tiny-gpt2	torch-compile-ro	warm	1	197	209.6		
tiny-gpt2	torch-compile-ro	warm	1	198	211.0		
tiny-gpt2	torch-compile-ro	warm	1	199	211.2		
tiny-gpt2	torch-compile-ro	warm	1	200	222.2		
tiny-gpt2	torch-compile-ro	warm	1	201	211.7		
tiny-gpt2	torch-compile-ro	warm	1	202	210.3		
tiny-gpt2	torch-compile-ro	warm	1	203	212.2		
tiny-gpt2	torch-compile-ro	warm	1	204	211.5		
tiny-gpt2	torch-compile-ro	warm	1	205	215.5		
tiny-gpt2	torch-compile-ro	warm	1	206	212.9		
tiny-gpt2	torch-compile-ro	warm	1	207	212.2		
tiny-gpt2	torch-compile-ro	warm	1	208	211.2		
tiny-gpt2	torch-compile-ro	warm	1	209	220.1		
tiny-gpt2	torch-compile-ro	warm	1	210	212.0		
tiny-gpt2	torch-compile-ro	warm	1	211	211.5		
tiny-gpt2	torch-compile-ro	warm	1	212	212.2		
tiny-gpt2	torch-compile-ro	warm	1	213	211.0		
tiny-gpt2	torch-compile-ro	warm	1	214	221.0		
tiny-gpt2	torch-compile-ro	warm	1	215	219.1		
tiny-gpt2	torch-compile-ro	warm	1	216	286.8		
tiny-gpt2	torch-compile-ro	warm	1	217	299.9		
tiny-gpt2	torch-compile-ro	warm	1	218	288.2		
tiny-gpt2	torch-compile-ro	warm	1	219	281.3		
tiny-gpt2	torch-compile-ro	warm	1	220	301.6		
tiny-gpt2	torch-compile-ro	warm	1	221	295.6		
tiny-gpt2	torch-compile-ro	warm	1	222	244.4		
tiny-gpt2	torch-compile-ro	warm	1	223	224.1		
tiny-gpt2	torch-compile-ro	warm	1	224	217.4		
tiny-gpt2	torch-compile-ro	warm	1	225	222.7		
tiny-gpt2	torch-compile-ro	warm	1	226	215.3		
tiny-gpt2	torch-compile-ro	warm	1	227	215.3		
tiny-gpt2	torch-compile-ro	warm	1	228	213.6		
tiny-gpt2	torch-compile-ro	warm	1	229	212.0		
tiny-gpt2	torch-compile-ro	warm	1	230	222.4		
tiny-gpt2	torch-compile-ro	warm	1	231	212.9		
tiny-gpt2	torch-compile-ro	warm	1	232	211.0		
tiny-gpt2	torch-compile-ro	warm	1	233	213.9		
tiny-gpt2	torch-compile-ro	warm	1	234	212.7		
tiny-gpt2	torch-compile-ro	warm	1	235	217.2		
tiny-gpt2	torch-compile-ro	warm	1	236	214.3		
tiny-gpt2	torch-compile-ro	warm	1	237	214.6		
tiny-gpt2	torch-compile-ro	warm	1	238	213.9		
tiny-gpt2	torch-compile-ro	warm	1	239	219.1		
tiny-gpt2	torch-compile-ro	warm	1	240	212.4		
tiny-gpt2	torch-compile-ro	warm	1	241	213.6		
tiny-gpt2	torch-compile-ro	warm	1	242	209.1		
tiny-gpt2	torch-compile-ro	warm	1	243	210.3		
tiny-gpt2	torch-compile-ro	warm	1	244	220.5		
tiny-gpt2	torch-compile-ro	warm	1	245	211.0		
tiny-gpt2	torch-compile-ro	warm	1	246	210.8		
tiny-gpt2	torch-compile-ro	warm	1	247	212.9		
tiny-gpt2	torch-compile-ro	warm	1	248	218.9		
tiny-gpt2	torch-compile-ro	warm	1	249	212.7		
tiny-gpt2	torch-compile-ro	warm	1	250	211.0		
tiny-gpt2	torch-compile-ro	warm	1	251	209.8		
tiny-gpt2	torch-compile-ro	warm	1	252	214.8		
tiny-gpt2	torch-compile-ro	warm	1	253	221.5		
tiny-gpt2	torch-compile-ro	warm	1	254	210.3		
tiny-gpt2	torch-compile-ro	warm	1	255	208.4		
tiny-gpt2	torch-compile-ro	warm	1	256	209.1		
tiny-gpt2	torch-compile-ro	warm	1	257	210.0		
tiny-gpt2	torch-compile-ro	warm	1	258	212.4		
tiny-gpt2	torch-compile-ro	warm	1	259	208.4		
tiny-gpt2	torch-compile-ro	warm	1	260	208.9		
tiny-gpt2	torch-compile-ro	warm	1	261	208.4		
tiny-gpt2	torch-compile-ro	warm	1	262	208.4		
tiny-gpt2	torch-compile-ro	warm	1	263	210.8		
tiny-gpt2	torch-compile-ro	warm	1	264	209.1		
tiny-gpt2	torch-compile-ro	warm	1	265	208.6		
tiny-gpt2	torch-compile-ro	warm	1	266	208.4		
tiny-gpt2	torch-compile-ro	warm	1	267	217.7		
tiny-gpt2	torch-compile-ro	warm	1	268	210.5		
tiny-gpt2	torch-compile-ro	warm	1	269	211.5		
tiny-gpt2	torch-compile-ro	warm	1	270	210.3		
tiny-gpt2	torch-compile-ro	warm	1	271	208.6		
tiny-gpt2	torch-compile-ro	warm	1	272	221.5		
tiny-gpt2	torch-compile-ro	warm	1	273	210.3		
tiny-gpt2	torch-compile-ro	warm	1	274	209.3		
tiny-gpt2	torch-compile-ro	warm	1	275	207.4		
tiny-gpt2	torch-compile-ro	warm	1	276	209.1		
tiny-gpt2	torch-compile-ro	warm	1	277	210.5		
tiny-gpt2	torch-compile-ro	warm	1	278	210.3		
tiny-gpt2	torch-compile-ro	warm	1	279	208.6		
tiny-gpt2	torch-compile-ro	warm	1	280	210.3		
tiny-gpt2	torch-compile-ro	warm	1	281	216.2		
tiny-gpt2	torch-compile-ro	warm	1	282	211.0		
tiny-gpt2	torch-compile-ro	warm	1	283	207.9		
tiny-gpt2	torch-compile-ro	warm	1	284	211.0		
tiny-gpt2	torch-compile-ro	warm	1	285	209.8		
tiny-gpt2	torch-compile-ro	warm	1	286	220.5		
tiny-gpt2	torch-compile-ro	warm	1	287	209.1		
tiny-gpt2	torch-compile-ro	warm	1	288	209.1		
tiny-gpt2	torch-compile-ro	warm	1	289	208.4		
tiny-gpt2	torch-compile-ro	warm	1	290	208.4		
tiny-gpt2	torch-compile-ro	warm	1	291	211.5		
tiny-gpt2	torch-compile-ro	warm	1	292	208.9		
tiny-gpt2	torch-compile-ro	warm	1	293	206.9		
tiny-gpt2	torch-compile-ro	warm	1	294	208.1		
tiny-gpt2	torch-compile-ro	warm	1	295	216.0		
tiny-gpt2	torch-compile-ro	warm	1	296	210.0		
tiny-gpt2	torch-compile-ro	warm	1	297	209.1		
tiny-gpt2	torch-compile-ro	warm	1	298	210.5		
tiny-gpt2	torch-compile-ro	warm	1	299	208.4		
tiny-gpt2	jax	warm	1	0	46548.8		
tiny-gpt2	jax	warm	1	1	991.7		
tiny-gpt2	jax	warm	1	2	253.2		
tiny-gpt2	jax	warm	1	3	234.1		
tiny-gpt2	jax	warm	1	4	239.7		
tiny-gpt2	jax	warm	1	5	226.5		
tiny-gpt2	jax	warm	1	6	225.4		
tiny-gpt2	jax	warm	1	7	222.9		
tiny-gpt2	jax	warm	1	8	196.7		
tiny-gpt2	jax	warm	1	9	205.5		
tiny-gpt2	jax	warm	1	10	187.4		
tiny-gpt2	jax	warm	1	11	173.4		
tiny-gpt2	jax	warm	1	12	171.3		
tiny-gpt2	jax	warm	1	13	170.9		
tiny-gpt2	jax	warm	1	14	182.8		
tiny-gpt2	jax	warm	1	15	170.5		
tiny-gpt2	jax	warm	1	16	171.4		
tiny-gpt2	jax	warm	1	17	172.0		
tiny-gpt2	jax	warm	1	18	166.3		
tiny-gpt2	jax	warm	1	19	170.6		
tiny-gpt2	jax	warm	1	20	169.2		
tiny-gpt2	jax	warm	1	21	168.0		
tiny-gpt2	jax	warm	1	22	168.8		
tiny-gpt2	jax	warm	1	23	166.0		
tiny-gpt2	jax	warm	1	24	167.6		
tiny-gpt2	jax	warm	1	25	174.8		
tiny-gpt2	jax	warm	1	26	168.8		
tiny-gpt2	jax	warm	1	27	168.4		
tiny-gpt2	jax	warm	1	28	170.0		
tiny-gpt2	jax	warm	1	29	167.5		
tiny-gpt2	jax	warm	1	30	169.4		
tiny-gpt2	jax	warm	1	31	171.4		
tiny-gpt2	jax	warm	1	32	168.3		
tiny-gpt2	jax	warm	1	33	166.2		
tiny-gpt2	jax	warm	1	34	168.6		
tiny-gpt2	jax	warm	1	35	167.6		
tiny-gpt2	jax	warm	1	36	169.5		
tiny-gpt2	jax	warm	1	37	178.8		
tiny-gpt2	jax	warm	1	38	169.6		
tiny-gpt2	jax	warm	1	39	168.4		
tiny-gpt2	jax	warm	1	40	168.0		
tiny-gpt2	jax	warm	1	41	166.0		
tiny-gpt2	jax	warm	1	42	167.2		
tiny-gpt2	jax	warm	1	43	176.4		
tiny-gpt2	jax	warm	1	44	167.0		
tiny-gpt2	jax	warm	1	45	166.4		
tiny-gpt2	jax	warm	1	46	168.1		
tiny-gpt2	jax	warm	1	47	169.4		
tiny-gpt2	jax	warm	1	48	169.4		
tiny-gpt2	jax	warm	1	49	167.4		
tiny-gpt2	jax	warm	1	50	166.6		
tiny-gpt2	jax	warm	1	51	167.7		
tiny-gpt2	jax	warm	1	52	167.4		
tiny-gpt2	jax	warm	1	53	173.1		
tiny-gpt2	jax	warm	1	54	187.4		
tiny-gpt2	jax	warm	1	55	172.3		
tiny-gpt2	jax	warm	1	56	171.1		
tiny-gpt2	jax	warm	1	57	168.9		
tiny-gpt2	jax	warm	1	58	169.6		
tiny-gpt2	jax	warm	1	59	171.0		
tiny-gpt2	jax	warm	1	60	179.6		
tiny-gpt2	jax	warm	1	61	173.2		
tiny-gpt2	jax	warm	1	62	174.0		
tiny-gpt2	jax	warm	1	63	170.6		
tiny-gpt2	jax	warm	1	64	167.4		
tiny-gpt2	jax	warm	1	65	170.3		
tiny-gpt2	jax	warm	1	66	175.2		
tiny-gpt2	jax	warm	1	67	167.5		
tiny-gpt2	jax	warm	1	68	167.4		
tiny-gpt2	jax	warm	1	69	166.9		
tiny-gpt2	jax	warm	1	70	168.6		
tiny-gpt2	jax	warm	1	71	174.2		
tiny-gpt2	jax	warm	1	72	174.4		
tiny-gpt2	jax	warm	1	73	170.9		
tiny-gpt2	jax	warm	1	74	172.1		
tiny-gpt2	jax	warm	1	75	171.8		
tiny-gpt2	jax	warm	1	76	169.4		
tiny-gpt2	jax	warm	1	77	174.0		
tiny-gpt2	jax	warm	1	78	172.3		
tiny-gpt2	jax	warm	1	79	177.2		
tiny-gpt2	jax	warm	1	80	167.1		
tiny-gpt2	jax	warm	1	81	167.9		
tiny-gpt2	jax	warm	1	82	167.8		
tiny-gpt2	jax	warm	1	83	178.5		
tiny-gpt2	jax	warm	1	84	173.2		
tiny-gpt2	jax	warm	1	85	166.4		
tiny-gpt2	jax	warm	1	86	168.0		
tiny-gpt2	jax	warm	1	87	167.7		
tiny-gpt2	jax	warm	1	88	167.4		
tiny-gpt2	jax	warm	1	89	178.1		
tiny-gpt2	jax	warm	1	90	169.4		
tiny-gpt2	jax	warm	1	91	167.9		
tiny-gpt2	jax	warm	1	92	169.5		
tiny-gpt2	jax	warm	1	93	174.5		
tiny-gpt2	jax	warm	1	94	171.5		
tiny-gpt2	jax	warm	1	95	175.6		
tiny-gpt2	jax	warm	1	96	168.1		
tiny-gpt2	jax	warm	1	97	167.3		
tiny-gpt2	jax	warm	1	98	168.4		
tiny-gpt2	jax	warm	1	99	169.8		
tiny-gpt2	jax	warm	1	100	173.6		
tiny-gpt2	jax	warm	1	101	174.3		
tiny-gpt2	jax	warm	1	102	168.6		
tiny-gpt2	jax	warm	1	103	170.8		
tiny-gpt2	jax	warm	1	104	169.9		
tiny-gpt2	jax	warm	1	105	167.5		
tiny-gpt2	jax	warm	1	106	180.9		
tiny-gpt2	jax	warm	1	107	172.2		
tiny-gpt2	jax	warm	1	108	169.3		
tiny-gpt2	jax	warm	1	109	168.1		
tiny-gpt2	jax	warm	1	110	167.5		
tiny-gpt2	jax	warm	1	111	165.9		
tiny-gpt2	jax	warm	1	112	179.4		
tiny-gpt2	jax	warm	1	113	179.2		
tiny-gpt2	jax	warm	1	114	174.5		
tiny-gpt2	jax	warm	1	115	166.1		
tiny-gpt2	jax	warm	1	116	167.7		
tiny-gpt2	jax	warm	1	117	169.4		
tiny-gpt2	jax	warm	1	118	192.6		
tiny-gpt2	jax	warm	1	119	170.1		
tiny-gpt2	jax	warm	1	120	169.2		
tiny-gpt2	jax	warm	1	121	168.4		
tiny-gpt2	jax	warm	1	122	166.3		
tiny-gpt2	jax	warm	1	123	171.8		
tiny-gpt2	jax	warm	1	124	169.7		
tiny-gpt2	jax	warm	1	125	168.7		
tiny-gpt2	jax	warm	1	126	168.0		
tiny-gpt2	jax	warm	1	127	165.8		
tiny-gpt2	jax	warm	1	128	166.2		
tiny-gpt2	jax	warm	1	129	182.9		
tiny-gpt2	jax	warm	1	130	171.9		
tiny-gpt2	jax	warm	1	131	166.5		
tiny-gpt2	jax	warm	1	132	167.1		
tiny-gpt2	jax	warm	1	133	168.5		
tiny-gpt2	jax	warm	1	134	170.5		
tiny-gpt2	jax	warm	1	135	181.3		
tiny-gpt2	jax	warm	1	136	169.6		
tiny-gpt2	jax	warm	1	137	167.6		
tiny-gpt2	jax	warm	1	138	169.4		
tiny-gpt2	jax	warm	1	139	168.6		
tiny-gpt2	jax	warm	1	140	170.8		
tiny-gpt2	jax	warm	1	141	176.9		
tiny-gpt2	jax	warm	1	142	168.9		
tiny-gpt2	jax	warm	1	143	169.8		
tiny-gpt2	jax	warm	1	144	168.1		
tiny-gpt2	jax	warm	1	145	167.2		
tiny-gpt2	jax	warm	1	146	173.1		
tiny-gpt2	jax	warm	1	147	174.4		
tiny-gpt2	jax	warm	1	148	168.7		
tiny-gpt2	jax	warm	1	149	170.8		
tiny-gpt2	jax	warm	1	150	170.4		
tiny-gpt2	jax	warm	1	151	172.5		
tiny-gpt2	jax	warm	1	152	180.1		
tiny-gpt2	jax	warm	1	153	171.0		
tiny-gpt2	jax	warm	1	154	167.6		
tiny-gpt2	jax	warm	1	155	168.9		
tiny-gpt2	jax	warm	1	156	169.2		
tiny-gpt2	jax	warm	1	157	170.9		
tiny-gpt2	jax	warm	1	158	169.8		
tiny-gpt2	jax	warm	1	159	167.8		
tiny-gpt2	jax	warm	1	160	167.8		
tiny-gpt2	jax	warm	1	161	167.2		
tiny-gpt2	jax	warm	1	162	169.3		
tiny-gpt2	jax	warm	1	163	169.4		
tiny-gpt2	jax	warm	1	164	175.2		
tiny-gpt2	jax	warm	1	165	166.2		
tiny-gpt2	jax	warm	1	166	167.5		
tiny-gpt2	jax	warm	1	167	163.9		
tiny-gpt2	jax	warm	1	168	166.7		
tiny-gpt2	jax	warm	1	169	173.0		
tiny-gpt2	jax	warm	1	170	171.3		
tiny-gpt2	jax	warm	1	171	167.7		
tiny-gpt2	jax	warm	1	172	182.7		
tiny-gpt2	jax	warm	1	173	165.4		
tiny-gpt2	jax	warm	1	174	167.5		
tiny-gpt2	jax	warm	1	175	176.5		
tiny-gpt2	jax	warm	1	176	167.6		
tiny-gpt2	jax	warm	1	177	166.5		
tiny-gpt2	jax	warm	1	178	168.0		
tiny-gpt2	jax	warm	1	179	166.4		
tiny-gpt2	jax	warm	1	180	167.3		
tiny-gpt2	jax	warm	1	181	174.3		
tiny-gpt2	jax	warm	1	182	167.3		
tiny-gpt2	jax	warm	1	183	166.9		
tiny-gpt2	jax	warm	1	184	166.2		
tiny-gpt2	jax	warm	1	185	164.1		
tiny-gpt2	jax	warm	1	186	166.6		
tiny-gpt2	jax	warm	1	187	183.2		
tiny-gpt2	jax	warm	1	188	166.5		
tiny-gpt2	jax	warm	1	189	166.3		
tiny-gpt2	jax	warm	1	190	167.1		
tiny-gpt2	jax	warm	1	191	164.9		
tiny-gpt2	jax	warm	1	192	168.3		
tiny-gpt2	jax	warm	1	193	168.4		
tiny-gpt2	jax	warm	1	194	167.8		
tiny-gpt2	jax	warm	1	195	167.3		
tiny-gpt2	jax	warm	1	196	166.9		
tiny-gpt2	jax	warm	1	197	167.9		
tiny-gpt2	jax	warm	1	198	170.1		
tiny-gpt2	jax	warm	1	199	167.8		
tiny-gpt2	jax	warm	1	200	165.3		
tiny-gpt2	jax	warm	1	201	167.8		
tiny-gpt2	jax	warm	1	202	165.0		
tiny-gpt2	jax	warm	1	203	165.7		
tiny-gpt2	jax	warm	1	204	167.0		
tiny-gpt2	jax	warm	1	205	167.0		
tiny-gpt2	jax	warm	1	206	166.3		
tiny-gpt2	jax	warm	1	207	166.1		
tiny-gpt2	jax	warm	1	208	166.6		
tiny-gpt2	jax	warm	1	209	167.3		
tiny-gpt2	jax	warm	1	210	170.3		
tiny-gpt2	jax	warm	1	211	166.7		
tiny-gpt2	jax	warm	1	212	167.4		
tiny-gpt2	jax	warm	1	213	166.3		
tiny-gpt2	jax	warm	1	214	167.5		
tiny-gpt2	jax	warm	1	215	167.9		
tiny-gpt2	jax	warm	1	216	177.6		
tiny-gpt2	jax	warm	1	217	167.7		
tiny-gpt2	jax	warm	1	218	165.5		
tiny-gpt2	jax	warm	1	219	164.5		
tiny-gpt2	jax	warm	1	220	164.7		
tiny-gpt2	jax	warm	1	221	167.7		
tiny-gpt2	jax	warm	1	222	189.7		
tiny-gpt2	jax	warm	1	223	175.3		
tiny-gpt2	jax	warm	1	224	166.9		
tiny-gpt2	jax	warm	1	225	167.4		
tiny-gpt2	jax	warm	1	226	165.9		
tiny-gpt2	jax	warm	1	227	170.7		
tiny-gpt2	jax	warm	1	228	167.7		
tiny-gpt2	jax	warm	1	229	166.4		
tiny-gpt2	jax	warm	1	230	169.7		
tiny-gpt2	jax	warm	1	231	167.9		
tiny-gpt2	jax	warm	1	232	168.9		
tiny-gpt2	jax	warm	1	233	171.2		
tiny-gpt2	jax	warm	1	234	168.5		
tiny-gpt2	jax	warm	1	235	165.9		
tiny-gpt2	jax	warm	1	236	165.2		
tiny-gpt2	jax	warm	1	237	165.2		
tiny-gpt2	jax	warm	1	238	166.9		
tiny-gpt2	jax	warm	1	239	172.8		
tiny-gpt2	jax	warm	1	240	167.4		
tiny-gpt2	jax	warm	1	241	166.2		
tiny-gpt2	jax	warm	1	242	166.5		
tiny-gpt2	jax	warm	1	243	165.7		
tiny-gpt2	jax	warm	1	244	164.9		
tiny-gpt2	jax	warm	1	245	172.2		
tiny-gpt2	jax	warm	1	246	168.7		
tiny-gpt2	jax	warm	1	247	174.7		
tiny-gpt2	jax	warm	1	248	169.1		
tiny-gpt2	jax	warm	1	249	167.4		
tiny-gpt2	jax	warm	1	250	169.0		
tiny-gpt2	jax	warm	1	251	173.8		
tiny-gpt2	jax	warm	1	252	167.0		
tiny-gpt2	jax	warm	1	253	167.7		
tiny-gpt2	jax	warm	1	254	167.1		
tiny-gpt2	jax	warm	1	255	165.5		
tiny-gpt2	jax	warm	1	256	165.8		
tiny-gpt2	jax	warm	1	257	180.5		
tiny-gpt2	jax	warm	1	258	174.2		
tiny-gpt2	jax	warm	1	259	167.7		
tiny-gpt2	jax	warm	1	260	166.3		
tiny-gpt2	jax	warm	1	261	164.0		
tiny-gpt2	jax	warm	1	262	170.4		
tiny-gpt2	jax	warm	1	263	165.5		
tiny-gpt2	jax	warm	1	264	166.4		
tiny-gpt2	jax	warm	1	265	165.9		
tiny-gpt2	jax	warm	1	266	166.9		
tiny-gpt2	jax	warm	1	267	165.4		
tiny-gpt2	jax	warm	1	268	167.4		
tiny-gpt2	jax	warm	1	269	169.2		
tiny-gpt2	jax	warm	1	270	165.6		
tiny-gpt2	jax	warm	1	271	165.4		
tiny-gpt2	jax	warm	1	272	166.1		
tiny-gpt2	jax	warm	1	273	164.0		
tiny-gpt2	jax	warm	1	274	167.3		
tiny-gpt2	jax	warm	1	275	167.5		
tiny-gpt2	jax	warm	1	276	167.4		
tiny-gpt2	jax	warm	1	277	165.7		
tiny-gpt2	jax	warm	1	278	166.0		
tiny-gpt2	jax	warm	1	279	164.1		
tiny-gpt2	jax	warm	1	280	173.1		
tiny-gpt2	jax	warm	1	281	169.2		
tiny-gpt2	jax	warm	1	282	167.6		
tiny-gpt2	jax	warm	1	283	166.6		
tiny-gpt2	jax	warm	1	284	169.3		
tiny-gpt2	jax	warm	1	285	165.2		
tiny-gpt2	jax	warm	1	286	172.3		
tiny-gpt2	jax	warm	1	287	168.1		
tiny-gpt2	jax	warm	1	288	167.3		
tiny-gpt2	jax	warm	1	289	164.3		
tiny-gpt2	jax	warm	1	290	168.4		
tiny-gpt2	jax	warm	1	291	166.1		
tiny-gpt2	jax	warm	1	292	177.3		
tiny-gpt2	jax	warm	1	293	169.9		
tiny-gpt2	jax	warm	1	294	167.2		
tiny-gpt2	jax	warm	1	295	164.5		
tiny-gpt2	jax	warm	1	296	167.6		
tiny-gpt2	jax	warm	1	297	174.7		
tiny-gpt2	jax	warm	1	298	179.8		
tiny-gpt2	jax	warm	1	299	169.3		
tiny-gpt2	torch-eager	warm	2	0	525018.5		
tiny-gpt2	torch-eager	warm	2	1	1964.8		
tiny-gpt2	torch-eager	warm	2	2	1711.4		
tiny-gpt2	torch-eager	warm	2	3	1702.3		
tiny-gpt2	torch-eager	warm	2	4	1694.2		
tiny-gpt2	torch-eager	warm	2	5	1670.8		
tiny-gpt2	torch-eager	warm	2	6	1672.0		
tiny-gpt2	torch-eager	warm	2	7	1651.5		
tiny-gpt2	torch-eager	warm	2	8	1666.1		
tiny-gpt2	torch-eager	warm	2	9	1680.1		
tiny-gpt2	torch-eager	warm	2	10	1792.4		
tiny-gpt2	torch-eager	warm	2	11	1676.3		
tiny-gpt2	torch-eager	warm	2	12	1660.1		
tiny-gpt2	torch-eager	warm	2	13	1680.6		
tiny-gpt2	torch-eager	warm	2	14	1657.0		
tiny-gpt2	torch-eager	warm	2	15	1657.7		
tiny-gpt2	torch-eager	warm	2	16	1671.3		
tiny-gpt2	torch-eager	warm	2	17	1649.1		
tiny-gpt2	torch-eager	warm	2	18	1658.9		
tiny-gpt2	torch-eager	warm	2	19	1648.7		
tiny-gpt2	torch-eager	warm	2	20	1641.5		
tiny-gpt2	torch-eager	warm	2	21	1642.0		
tiny-gpt2	torch-eager	warm	2	22	1655.1		
tiny-gpt2	torch-eager	warm	2	23	1654.9		
tiny-gpt2	torch-eager	warm	2	24	1686.3		
tiny-gpt2	torch-eager	warm	2	25	1717.6		
tiny-gpt2	torch-eager	warm	2	26	1669.6		
tiny-gpt2	torch-eager	warm	2	27	1661.3		
tiny-gpt2	torch-eager	warm	2	28	1696.1		
tiny-gpt2	torch-eager	warm	2	29	1679.2		
tiny-gpt2	torch-eager	warm	2	30	1863.7		
tiny-gpt2	torch-eager	warm	2	31	1929.8		
tiny-gpt2	torch-eager	warm	2	32	1820.6		
tiny-gpt2	torch-eager	warm	2	33	1680.9		
tiny-gpt2	torch-eager	warm	2	34	1662.7		
tiny-gpt2	torch-eager	warm	2	35	1676.8		
tiny-gpt2	torch-eager	warm	2	36	1684.0		
tiny-gpt2	torch-eager	warm	2	37	1672.7		
tiny-gpt2	torch-eager	warm	2	38	1683.2		
tiny-gpt2	torch-eager	warm	2	39	1697.1		
tiny-gpt2	torch-eager	warm	2	40	1685.9		
tiny-gpt2	torch-eager	warm	2	41	1676.6		
tiny-gpt2	torch-eager	warm	2	42	1680.1		
tiny-gpt2	torch-eager	warm	2	43	1680.9		
tiny-gpt2	torch-eager	warm	2	44	1665.8		
tiny-gpt2	torch-eager	warm	2	45	1684.4		
tiny-gpt2	torch-eager	warm	2	46	1683.0		
tiny-gpt2	torch-eager	warm	2	47	1754.3		
tiny-gpt2	torch-eager	warm	2	48	1684.9		
tiny-gpt2	torch-eager	warm	2	49	1807.7		
tiny-gpt2	torch-eager	warm	2	50	1704.7		
tiny-gpt2	torch-eager	warm	2	51	1667.7		
tiny-gpt2	torch-eager	warm	2	52	1707.1		
tiny-gpt2	torch-eager	warm	2	53	1676.6		
tiny-gpt2	torch-eager	warm	2	54	1666.1		
tiny-gpt2	torch-eager	warm	2	55	1697.8		
tiny-gpt2	torch-eager	warm	2	56	1683.2		
tiny-gpt2	torch-eager	warm	2	57	1689.0		
tiny-gpt2	torch-eager	warm	2	58	1673.5		
tiny-gpt2	torch-eager	warm	2	59	1654.1		
tiny-gpt2	torch-eager	warm	2	60	1643.7		
tiny-gpt2	torch-eager	warm	2	61	1653.9		
tiny-gpt2	torch-eager	warm	2	62	1655.3		
tiny-gpt2	torch-eager	warm	2	63	1650.1		
tiny-gpt2	torch-eager	warm	2	64	1652.5		
tiny-gpt2	torch-eager	warm	2	65	1679.4		
tiny-gpt2	torch-eager	warm	2	66	1664.9		
tiny-gpt2	torch-eager	warm	2	67	1680.1		
tiny-gpt2	torch-eager	warm	2	68	1660.1		
tiny-gpt2	torch-eager	warm	2	69	1770.5		
tiny-gpt2	torch-eager	warm	2	70	1683.7		
tiny-gpt2	torch-eager	warm	2	71	1681.8		
tiny-gpt2	torch-eager	warm	2	72	1662.7		
tiny-gpt2	torch-eager	warm	2	73	1666.1		
tiny-gpt2	torch-eager	warm	2	74	2821.0		
tiny-gpt2	torch-eager	warm	2	75	1699.4		
tiny-gpt2	torch-eager	warm	2	76	1683.0		
tiny-gpt2	torch-eager	warm	2	77	1679.9		
tiny-gpt2	torch-eager	warm	2	78	1779.8		
tiny-gpt2	torch-eager	warm	2	79	1701.1		
tiny-gpt2	torch-eager	warm	2	80	1677.0		
tiny-gpt2	torch-eager	warm	2	81	1673.2		
tiny-gpt2	torch-eager	warm	2	82	1665.8		
tiny-gpt2	torch-eager	warm	2	83	1726.2		
tiny-gpt2	torch-eager	warm	2	84	1694.0		
tiny-gpt2	torch-eager	warm	2	85	1688.7		
tiny-gpt2	torch-eager	warm	2	86	1667.5		
tiny-gpt2	torch-eager	warm	2	87	1673.0		
tiny-gpt2	torch-eager	warm	2	88	1862.3		
tiny-gpt2	torch-eager	warm	2	89	1668.0		
tiny-gpt2	torch-eager	warm	2	90	1648.9		
tiny-gpt2	torch-eager	warm	2	91	1657.2		
tiny-gpt2	torch-eager	warm	2	92	1660.8		
tiny-gpt2	torch-eager	warm	2	93	1664.2		
tiny-gpt2	torch-eager	warm	2	94	1687.0		
tiny-gpt2	torch-eager	warm	2	95	1657.2		
tiny-gpt2	torch-eager	warm	2	96	1665.1		
tiny-gpt2	torch-eager	warm	2	97	1678.9		
tiny-gpt2	torch-eager	warm	2	98	1652.2		
tiny-gpt2	torch-eager	warm	2	99	1646.0		
tiny-gpt2	torch-eager	warm	2	100	1663.0		
tiny-gpt2	torch-eager	warm	2	101	1649.1		
tiny-gpt2	torch-eager	warm	2	102	1637.0		
tiny-gpt2	torch-eager	warm	2	103	1730.7		
tiny-gpt2	torch-eager	warm	2	104	1665.1		
tiny-gpt2	torch-eager	warm	2	105	1656.8		
tiny-gpt2	torch-eager	warm	2	106	1685.6		
tiny-gpt2	torch-eager	warm	2	107	1669.9		
tiny-gpt2	torch-eager	warm	2	108	1756.7		
tiny-gpt2	torch-eager	warm	2	109	1686.3		
tiny-gpt2	torch-eager	warm	2	110	1689.4		
tiny-gpt2	torch-eager	warm	2	111	1652.2		
tiny-gpt2	torch-eager	warm	2	112	1658.4		
tiny-gpt2	torch-eager	warm	2	113	1677.8		
tiny-gpt2	torch-eager	warm	2	114	1684.9		
tiny-gpt2	torch-eager	warm	2	115	1646.0		
tiny-gpt2	torch-eager	warm	2	116	1662.3		
tiny-gpt2	torch-eager	warm	2	117	1645.8		
tiny-gpt2	torch-eager	warm	2	118	1655.1		
tiny-gpt2	torch-eager	warm	2	119	1665.6		
tiny-gpt2	torch-eager	warm	2	120	1668.9		
tiny-gpt2	torch-eager	warm	2	121	1664.6		
tiny-gpt2	torch-eager	warm	2	122	1683.0		
tiny-gpt2	torch-eager	warm	2	123	1658.2		
tiny-gpt2	torch-eager	warm	2	124	1652.7		
tiny-gpt2	torch-eager	warm	2	125	1666.1		
tiny-gpt2	torch-eager	warm	2	126	1669.9		
tiny-gpt2	torch-eager	warm	2	127	1652.2		
tiny-gpt2	torch-eager	warm	2	128	1753.6		
tiny-gpt2	torch-eager	warm	2	129	1661.1		
tiny-gpt2	torch-eager	warm	2	130	1663.4		
tiny-gpt2	torch-eager	warm	2	131	1663.7		
tiny-gpt2	torch-eager	warm	2	132	1656.3		
tiny-gpt2	torch-eager	warm	2	133	1666.5		
tiny-gpt2	torch-eager	warm	2	134	1677.3		
tiny-gpt2	torch-eager	warm	2	135	1650.8		
tiny-gpt2	torch-eager	warm	2	136	1664.4		
tiny-gpt2	torch-eager	warm	2	137	1655.1		
tiny-gpt2	torch-eager	warm	2	138	1631.7		
tiny-gpt2	torch-eager	warm	2	139	1645.1		
tiny-gpt2	torch-eager	warm	2	140	1655.1		
tiny-gpt2	torch-eager	warm	2	141	1678.7		
tiny-gpt2	torch-eager	warm	2	142	1660.3		
tiny-gpt2	torch-eager	warm	2	143	1664.9		
tiny-gpt2	torch-eager	warm	2	144	1656.3		
tiny-gpt2	torch-eager	warm	2	145	1658.4		
tiny-gpt2	torch-eager	warm	2	146	1667.0		
tiny-gpt2	torch-eager	warm	2	147	1647.2		
tiny-gpt2	torch-eager	warm	2	148	1865.6		
tiny-gpt2	torch-eager	warm	2	149	1689.2		
tiny-gpt2	torch-eager	warm	2	150	1670.8		
tiny-gpt2	torch-eager	warm	2	151	1646.8		
tiny-gpt2	torch-eager	warm	2	152	1658.4		
tiny-gpt2	torch-eager	warm	2	153	1673.0		
tiny-gpt2	torch-eager	warm	2	154	1695.4		
tiny-gpt2	torch-eager	warm	2	155	1680.1		
tiny-gpt2	torch-eager	warm	2	156	1683.5		
tiny-gpt2	torch-eager	warm	2	157	1666.3		
tiny-gpt2	torch-eager	warm	2	158	1676.6		
tiny-gpt2	torch-eager	warm	2	159	1667.3		
tiny-gpt2	torch-eager	warm	2	160	1686.6		
tiny-gpt2	torch-eager	warm	2	161	1653.0		
tiny-gpt2	torch-eager	warm	2	162	1670.6		
tiny-gpt2	torch-eager	warm	2	163	1670.6		
tiny-gpt2	torch-eager	warm	2	164	1677.5		
tiny-gpt2	torch-eager	warm	2	165	1662.5		
tiny-gpt2	torch-eager	warm	2	166	1660.1		
tiny-gpt2	torch-eager	warm	2	167	1653.9		
tiny-gpt2	torch-eager	warm	2	168	1758.8		
tiny-gpt2	torch-eager	warm	2	169	1666.3		
tiny-gpt2	torch-eager	warm	2	170	1661.5		
tiny-gpt2	torch-eager	warm	2	171	1672.7		
tiny-gpt2	torch-eager	warm	2	172	1672.3		
tiny-gpt2	torch-eager	warm	2	173	1655.6		
tiny-gpt2	torch-eager	warm	2	174	1680.1		
tiny-gpt2	torch-eager	warm	2	175	1671.1		
tiny-gpt2	torch-eager	warm	2	176	1664.2		
tiny-gpt2	torch-eager	warm	2	177	1716.1		
tiny-gpt2	torch-eager	warm	2	178	1667.0		
tiny-gpt2	torch-eager	warm	2	179	1656.5		
tiny-gpt2	torch-eager	warm	2	180	1776.2		
tiny-gpt2	torch-eager	warm	2	181	1666.8		
tiny-gpt2	torch-eager	warm	2	182	1658.7		
tiny-gpt2	torch-eager	warm	2	183	1694.7		
tiny-gpt2	torch-eager	warm	2	184	1676.6		
tiny-gpt2	torch-eager	warm	2	185	1684.9		
tiny-gpt2	torch-eager	warm	2	186	1725.4		
tiny-gpt2	torch-eager	warm	2	187	1797.4		
tiny-gpt2	torch-eager	warm	2	188	1702.1		
tiny-gpt2	torch-eager	warm	2	189	1665.6		
tiny-gpt2	torch-eager	warm	2	190	1675.6		
tiny-gpt2	torch-eager	warm	2	191	1665.8		
tiny-gpt2	torch-eager	warm	2	192	1669.9		
tiny-gpt2	torch-eager	warm	2	193	1684.4		
tiny-gpt2	torch-eager	warm	2	194	1670.6		
tiny-gpt2	torch-eager	warm	2	195	1668.0		
tiny-gpt2	torch-eager	warm	2	196	1671.6		
tiny-gpt2	torch-eager	warm	2	197	1665.8		
tiny-gpt2	torch-eager	warm	2	198	1668.0		
tiny-gpt2	torch-eager	warm	2	199	1670.8		
tiny-gpt2	torch-eager	warm	2	200	1660.6		
tiny-gpt2	torch-eager	warm	2	201	1652.7		
tiny-gpt2	torch-eager	warm	2	202	1665.1		
tiny-gpt2	torch-eager	warm	2	203	1658.9		
tiny-gpt2	torch-eager	warm	2	204	1657.2		
tiny-gpt2	torch-eager	warm	2	205	1664.6		
tiny-gpt2	torch-eager	warm	2	206	1654.9		
tiny-gpt2	torch-eager	warm	2	207	1875.6		
tiny-gpt2	torch-eager	warm	2	208	1688.5		
tiny-gpt2	torch-eager	warm	2	209	1666.1		
tiny-gpt2	torch-eager	warm	2	210	1665.6		
tiny-gpt2	torch-eager	warm	2	211	1656.3		
tiny-gpt2	torch-eager	warm	2	212	1671.3		
tiny-gpt2	torch-eager	warm	2	213	1696.6		
tiny-gpt2	torch-eager	warm	2	214	1663.2		
tiny-gpt2	torch-eager	warm	2	215	1678.0		
tiny-gpt2	torch-eager	warm	2	216	1673.5		
tiny-gpt2	torch-eager	warm	2	217	1679.2		
tiny-gpt2	torch-eager	warm	2	218	1694.7		
tiny-gpt2	torch-eager	warm	2	219	1677.3		
tiny-gpt2	torch-eager	warm	2	220	1656.1		
tiny-gpt2	torch-eager	warm	2	221	1669.2		
tiny-gpt2	torch-eager	warm	2	222	1688.5		
tiny-gpt2	torch-eager	warm	2	223	1680.1		
tiny-gpt2	torch-eager	warm	2	224	1678.7		
tiny-gpt2	torch-eager	warm	2	225	1685.1		
tiny-gpt2	torch-eager	warm	2	226	1669.2		
tiny-gpt2	torch-eager	warm	2	227	1805.3		
tiny-gpt2	torch-eager	warm	2	228	1676.3		
tiny-gpt2	torch-eager	warm	2	229	1686.3		
tiny-gpt2	torch-eager	warm	2	230	1677.5		
tiny-gpt2	torch-eager	warm	2	231	1680.4		
tiny-gpt2	torch-eager	warm	2	232	1690.1		
tiny-gpt2	torch-eager	warm	2	233	1723.3		
tiny-gpt2	torch-eager	warm	2	234	1681.3		
tiny-gpt2	torch-eager	warm	2	235	1693.7		
tiny-gpt2	torch-eager	warm	2	236	1712.8		
tiny-gpt2	torch-eager	warm	2	237	1698.7		
tiny-gpt2	torch-eager	warm	2	238	1698.0		
tiny-gpt2	torch-eager	warm	2	239	1694.7		
tiny-gpt2	torch-eager	warm	2	240	1687.0		
tiny-gpt2	torch-eager	warm	2	241	1684.0		
tiny-gpt2	torch-eager	warm	2	242	1690.9		
tiny-gpt2	torch-eager	warm	2	243	1673.2		
tiny-gpt2	torch-eager	warm	2	244	1684.2		
tiny-gpt2	torch-eager	warm	2	245	1691.3		
tiny-gpt2	torch-eager	warm	2	246	1814.6		
tiny-gpt2	torch-eager	warm	2	247	1695.4		
tiny-gpt2	torch-eager	warm	2	248	1689.4		
tiny-gpt2	torch-eager	warm	2	249	1694.2		
tiny-gpt2	torch-eager	warm	2	250	1737.4		
tiny-gpt2	torch-eager	warm	2	251	1744.3		
tiny-gpt2	torch-eager	warm	2	252	1769.3		
tiny-gpt2	torch-eager	warm	2	253	1753.1		
tiny-gpt2	torch-eager	warm	2	254	1823.4		
tiny-gpt2	torch-eager	warm	2	255	1724.0		
tiny-gpt2	torch-eager	warm	2	256	1716.9		
tiny-gpt2	torch-eager	warm	2	257	1723.5		
tiny-gpt2	torch-eager	warm	2	258	1688.7		
tiny-gpt2	torch-eager	warm	2	259	1686.8		
tiny-gpt2	torch-eager	warm	2	260	1722.8		
tiny-gpt2	torch-eager	warm	2	261	1691.3		
tiny-gpt2	torch-eager	warm	2	262	1694.7		
tiny-gpt2	torch-eager	warm	2	263	1686.8		
tiny-gpt2	torch-eager	warm	2	264	1692.5		
tiny-gpt2	torch-eager	warm	2	265	1676.3		
tiny-gpt2	torch-eager	warm	2	266	1950.3		
tiny-gpt2	torch-eager	warm	2	267	1709.2		
tiny-gpt2	torch-eager	warm	2	268	1709.9		
tiny-gpt2	torch-eager	warm	2	269	1683.7		
tiny-gpt2	torch-eager	warm	2	270	1684.4		
tiny-gpt2	torch-eager	warm	2	271	1709.2		
tiny-gpt2	torch-eager	warm	2	272	1713.0		
tiny-gpt2	torch-eager	warm	2	273	1710.2		
tiny-gpt2	torch-eager	warm	2	274	1709.0		
tiny-gpt2	torch-eager	warm	2	275	1705.4		
tiny-gpt2	torch-eager	warm	2	276	1670.1		
tiny-gpt2	torch-eager	warm	2	277	1688.7		
tiny-gpt2	torch-eager	warm	2	278	1689.9		
tiny-gpt2	torch-eager	warm	2	279	1692.5		
tiny-gpt2	torch-eager	warm	2	280	1685.9		
tiny-gpt2	torch-eager	warm	2	281	1707.3		
tiny-gpt2	torch-eager	warm	2	282	1685.4		
tiny-gpt2	torch-eager	warm	2	283	1692.1		
tiny-gpt2	torch-eager	warm	2	284	1684.7		
tiny-gpt2	torch-eager	warm	2	285	1810.3		
tiny-gpt2	torch-eager	warm	2	286	1685.9		
tiny-gpt2	torch-eager	warm	2	287	1696.6		
tiny-gpt2	torch-eager	warm	2	288	1689.0		
tiny-gpt2	torch-eager	warm	2	289	1677.5		
tiny-gpt2	torch-eager	warm	2	290	1736.2		
tiny-gpt2	torch-eager	warm	2	291	1695.9		
tiny-gpt2	torch-eager	warm	2	292	1701.4		
tiny-gpt2	torch-eager	warm	2	293	1680.9		
tiny-gpt2	torch-eager	warm	2	294	1689.4		
tiny-gpt2	torch-eager	warm	2	295	1695.4		
tiny-gpt2	torch-eager	warm	2	296	1680.6		
tiny-gpt2	torch-eager	warm	2	297	1705.6		
tiny-gpt2	torch-eager	warm	2	298	1714.9		
tiny-gpt2	torch-eager	warm	2	299	1694.4		
tiny-gpt2	ours	warm	2	0	107817.9	0	106
tiny-gpt2	ours	warm	2	1	14009.0	0	64
tiny-gpt2	ours	warm	2	2	282.0	0	18
tiny-gpt2	ours	warm	2	3	10375.0	0	54
tiny-gpt2	ours	warm	2	4	21180.9	0	100
tiny-gpt2	ours	warm	2	5	986.1	0	14
tiny-gpt2	ours	warm	2	6	335.9	0	14
tiny-gpt2	ours	warm	2	7	3092.1	0	14
tiny-gpt2	ours	warm	2	8	144.0	0	14
tiny-gpt2	ours	warm	2	9	129.9	0	14
tiny-gpt2	ours	warm	2	10	133.0	0	14
tiny-gpt2	ours	warm	2	11	131.1	0	14
tiny-gpt2	ours	warm	2	12	128.0	0	14
tiny-gpt2	ours	warm	2	13	247.0	0	14
tiny-gpt2	ours	warm	2	14	142.1	0	14
tiny-gpt2	ours	warm	2	15	129.9	0	14
tiny-gpt2	ours	warm	2	16	198.1	0	14
tiny-gpt2	ours	warm	2	17	133.0	0	14
tiny-gpt2	ours	warm	2	18	129.0	0	14
tiny-gpt2	ours	warm	2	19	212.0	0	14
tiny-gpt2	ours	warm	2	20	132.8	0	14
tiny-gpt2	ours	warm	2	21	130.2	0	14
tiny-gpt2	ours	warm	2	22	196.0	0	14
tiny-gpt2	ours	warm	2	23	138.0	0	14
tiny-gpt2	ours	warm	2	24	130.9	0	14
tiny-gpt2	ours	warm	2	25	204.1	0	14
tiny-gpt2	ours	warm	2	26	143.1	0	14
tiny-gpt2	ours	warm	2	27	130.9	0	14
tiny-gpt2	ours	warm	2	28	193.1	0	14
tiny-gpt2	ours	warm	2	29	134.9	0	14
tiny-gpt2	ours	warm	2	30	130.2	0	14
tiny-gpt2	ours	warm	2	31	203.8	0	14
tiny-gpt2	ours	warm	2	32	145.0	0	14
tiny-gpt2	ours	warm	2	33	129.9	0	14
tiny-gpt2	ours	warm	2	34	192.2	0	14
tiny-gpt2	ours	warm	2	35	134.9	0	14
tiny-gpt2	ours	warm	2	36	131.1	0	14
tiny-gpt2	ours	warm	2	37	206.9	0	14
tiny-gpt2	ours	warm	2	38	135.2	0	14
tiny-gpt2	ours	warm	2	39	130.9	0	14
tiny-gpt2	ours	warm	2	40	196.0	0	14
tiny-gpt2	ours	warm	2	41	134.0	0	14
tiny-gpt2	ours	warm	2	42	131.1	0	14
tiny-gpt2	ours	warm	2	43	204.1	0	14
tiny-gpt2	ours	warm	2	44	134.9	0	14
tiny-gpt2	ours	warm	2	45	139.0	0	14
tiny-gpt2	ours	warm	2	46	194.1	0	14
tiny-gpt2	ours	warm	2	47	134.0	0	14
tiny-gpt2	ours	warm	2	48	129.0	0	14
tiny-gpt2	ours	warm	2	49	201.9	0	14
tiny-gpt2	ours	warm	2	50	133.0	0	14
tiny-gpt2	ours	warm	2	51	128.0	0	14
tiny-gpt2	ours	warm	2	52	193.1	0	14
tiny-gpt2	ours	warm	2	53	133.0	0	14
tiny-gpt2	ours	warm	2	54	129.0	0	14
tiny-gpt2	ours	warm	2	55	201.0	0	14
tiny-gpt2	ours	warm	2	56	132.8	0	14
tiny-gpt2	ours	warm	2	57	126.8	0	14
tiny-gpt2	ours	warm	2	58	204.8	0	14
tiny-gpt2	ours	warm	2	59	131.8	0	14
tiny-gpt2	ours	warm	2	60	127.1	0	14
tiny-gpt2	ours	warm	2	61	201.9	0	14
tiny-gpt2	ours	warm	2	62	136.1	0	14
tiny-gpt2	ours	warm	2	63	129.0	0	14
tiny-gpt2	ours	warm	2	64	211.0	0	14
tiny-gpt2	ours	warm	2	65	139.0	0	14
tiny-gpt2	ours	warm	2	66	129.0	0	14
tiny-gpt2	ours	warm	2	67	203.8	0	14
tiny-gpt2	ours	warm	2	68	134.2	0	14
tiny-gpt2	ours	warm	2	69	132.8	0	14
tiny-gpt2	ours	warm	2	70	192.9	0	14
tiny-gpt2	ours	warm	2	71	134.9	0	14
tiny-gpt2	ours	warm	2	72	126.8	0	14
tiny-gpt2	ours	warm	2	73	201.0	0	14
tiny-gpt2	ours	warm	2	74	134.9	0	14
tiny-gpt2	ours	warm	2	75	128.0	0	14
tiny-gpt2	ours	warm	2	76	195.0	0	14
tiny-gpt2	ours	warm	2	77	170.0	0	14
tiny-gpt2	ours	warm	2	78	190.0	0	14
tiny-gpt2	ours	warm	2	79	269.9	0	14
tiny-gpt2	ours	warm	2	80	139.0	0	14
tiny-gpt2	ours	warm	2	81	130.9	0	14
tiny-gpt2	ours	warm	2	82	195.0	0	14
tiny-gpt2	ours	warm	2	83	136.1	0	14
tiny-gpt2	ours	warm	2	84	129.9	0	14
tiny-gpt2	ours	warm	2	85	206.9	0	14
tiny-gpt2	ours	warm	2	86	136.1	0	14
tiny-gpt2	ours	warm	2	87	130.9	0	14
tiny-gpt2	ours	warm	2	88	195.0	0	14
tiny-gpt2	ours	warm	2	89	142.8	0	14
tiny-gpt2	ours	warm	2	90	131.8	0	14
tiny-gpt2	ours	warm	2	91	203.1	0	14
tiny-gpt2	ours	warm	2	92	134.9	0	14
tiny-gpt2	ours	warm	2	93	130.2	0	14
tiny-gpt2	ours	warm	2	94	196.0	0	14
tiny-gpt2	ours	warm	2	95	142.1	0	14
tiny-gpt2	ours	warm	2	96	129.9	0	14
tiny-gpt2	ours	warm	2	97	201.0	0	14
tiny-gpt2	ours	warm	2	98	134.0	0	14
tiny-gpt2	ours	warm	2	99	129.2	0	14
tiny-gpt2	ours	warm	2	100	194.8	0	14
tiny-gpt2	ours	warm	2	101	134.0	0	14
tiny-gpt2	ours	warm	2	102	140.9	0	14
tiny-gpt2	ours	warm	2	103	225.1	0	14
tiny-gpt2	ours	warm	2	104	132.1	0	14
tiny-gpt2	ours	warm	2	105	129.0	0	14
tiny-gpt2	ours	warm	2	106	193.1	0	14
tiny-gpt2	ours	warm	2	107	133.0	0	14
tiny-gpt2	ours	warm	2	108	138.0	0	14
tiny-gpt2	ours	warm	2	109	200.0	0	14
tiny-gpt2	ours	warm	2	110	134.9	0	14
tiny-gpt2	ours	warm	2	111	131.1	0	14
tiny-gpt2	ours	warm	2	112	196.0	0	14
tiny-gpt2	ours	warm	2	113	134.0	0	14
tiny-gpt2	ours	warm	2	114	130.9	0	14
tiny-gpt2	ours	warm	2	115	206.0	0	14
tiny-gpt2	ours	warm	2	116	134.0	0	14
tiny-gpt2	ours	warm	2	117	129.9	0	14
tiny-gpt2	ours	warm	2	118	191.9	0	14
tiny-gpt2	ours	warm	2	119	134.0	0	14
tiny-gpt2	ours	warm	2	120	129.9	0	14
tiny-gpt2	ours	warm	2	121	215.1	0	14
tiny-gpt2	ours	warm	2	122	134.0	0	14
tiny-gpt2	ours	warm	2	123	129.9	0	14
tiny-gpt2	ours	warm	2	124	197.9	0	14
tiny-gpt2	ours	warm	2	125	133.0	0	14
tiny-gpt2	ours	warm	2	126	129.9	0	14
tiny-gpt2	ours	warm	2	127	211.0	0	14
tiny-gpt2	ours	warm	2	128	132.8	0	14
tiny-gpt2	ours	warm	2	129	129.2	0	14
tiny-gpt2	ours	warm	2	130	195.0	0	14
tiny-gpt2	ours	warm	2	131	134.9	0	14
tiny-gpt2	ours	warm	2	132	129.9	0	14
tiny-gpt2	ours	warm	2	133	202.2	0	14
tiny-gpt2	ours	warm	2	134	135.9	0	14
tiny-gpt2	ours	warm	2	135	130.2	0	14
tiny-gpt2	ours	warm	2	136	194.1	0	14
tiny-gpt2	ours	warm	2	137	134.9	0	14
tiny-gpt2	ours	warm	2	138	129.9	0	14
tiny-gpt2	ours	warm	2	139	205.0	0	14
tiny-gpt2	ours	warm	2	140	144.0	0	14
tiny-gpt2	ours	warm	2	141	129.0	0	14
tiny-gpt2	ours	warm	2	142	199.1	0	14
tiny-gpt2	ours	warm	2	143	133.0	0	14
tiny-gpt2	ours	warm	2	144	149.0	0	14
tiny-gpt2	ours	warm	2	145	205.0	0	14
tiny-gpt2	ours	warm	2	146	140.9	0	14
tiny-gpt2	ours	warm	2	147	129.9	0	14
tiny-gpt2	ours	warm	2	148	193.1	0	14
tiny-gpt2	ours	warm	2	149	131.1	0	14
tiny-gpt2	ours	warm	2	150	130.9	0	14
tiny-gpt2	ours	warm	2	151	201.0	0	14
tiny-gpt2	ours	warm	2	152	137.1	0	14
tiny-gpt2	ours	warm	2	153	131.1	0	14
tiny-gpt2	ours	warm	2	154	190.0	0	14
tiny-gpt2	ours	warm	2	155	134.0	0	14
tiny-gpt2	ours	warm	2	156	130.2	0	14
tiny-gpt2	ours	warm	2	157	203.8	0	14
tiny-gpt2	ours	warm	2	158	134.0	0	14
tiny-gpt2	ours	warm	2	159	136.9	0	14
tiny-gpt2	ours	warm	2	160	195.0	0	14
tiny-gpt2	ours	warm	2	161	134.2	0	14
tiny-gpt2	ours	warm	2	162	129.9	0	14
tiny-gpt2	ours	warm	2	163	200.0	0	14
tiny-gpt2	ours	warm	2	164	133.0	0	14
tiny-gpt2	ours	warm	2	165	129.9	0	14
tiny-gpt2	ours	warm	2	166	197.9	0	14
tiny-gpt2	ours	warm	2	167	132.1	0	14
tiny-gpt2	ours	warm	2	168	128.0	0	14
tiny-gpt2	ours	warm	2	169	200.0	0	14
tiny-gpt2	ours	warm	2	170	134.0	0	14
tiny-gpt2	ours	warm	2	171	126.8	0	14
tiny-gpt2	ours	warm	2	172	204.1	0	14
tiny-gpt2	ours	warm	2	173	132.1	0	14
tiny-gpt2	ours	warm	2	174	129.0	0	14
tiny-gpt2	ours	warm	2	175	200.0	0	14
tiny-gpt2	ours	warm	2	176	132.1	0	14
tiny-gpt2	ours	warm	2	177	125.9	0	14
tiny-gpt2	ours	warm	2	178	201.0	0	14
tiny-gpt2	ours	warm	2	179	134.0	0	14
tiny-gpt2	ours	warm	2	180	128.0	0	14
tiny-gpt2	ours	warm	2	181	198.8	0	14
tiny-gpt2	ours	warm	2	182	132.8	0	14
tiny-gpt2	ours	warm	2	183	128.0	0	14
tiny-gpt2	ours	warm	2	184	197.2	0	14
tiny-gpt2	ours	warm	2	185	139.0	0	14
tiny-gpt2	ours	warm	2	186	132.1	0	14
tiny-gpt2	ours	warm	2	187	197.9	0	14
tiny-gpt2	ours	warm	2	188	131.8	0	14
tiny-gpt2	ours	warm	2	189	127.1	0	14
tiny-gpt2	ours	warm	2	190	191.0	0	14
tiny-gpt2	ours	warm	2	191	132.1	0	14
tiny-gpt2	ours	warm	2	192	128.0	0	14
tiny-gpt2	ours	warm	2	193	203.1	0	14
tiny-gpt2	ours	warm	2	194	133.0	0	14
tiny-gpt2	ours	warm	2	195	129.0	0	14
tiny-gpt2	ours	warm	2	196	189.1	0	14
tiny-gpt2	ours	warm	2	197	129.0	0	14
tiny-gpt2	ours	warm	2	198	136.1	0	14
tiny-gpt2	ours	warm	2	199	220.1	0	14
tiny-gpt2	ours	warm	2	200	133.0	0	14
tiny-gpt2	ours	warm	2	201	129.0	0	14
tiny-gpt2	ours	warm	2	202	192.9	0	14
tiny-gpt2	ours	warm	2	203	199.1	0	14
tiny-gpt2	ours	warm	2	204	201.9	0	14
tiny-gpt2	ours	warm	2	205	298.0	0	14
tiny-gpt2	ours	warm	2	206	146.9	0	14
tiny-gpt2	ours	warm	2	207	128.0	0	14
tiny-gpt2	ours	warm	2	208	200.0	0	14
tiny-gpt2	ours	warm	2	209	134.9	0	14
tiny-gpt2	ours	warm	2	210	129.9	0	14
tiny-gpt2	ours	warm	2	211	202.9	0	14
tiny-gpt2	ours	warm	2	212	135.2	0	14
tiny-gpt2	ours	warm	2	213	129.9	0	14
tiny-gpt2	ours	warm	2	214	192.9	0	14
tiny-gpt2	ours	warm	2	215	140.9	0	14
tiny-gpt2	ours	warm	2	216	129.0	0	14
tiny-gpt2	ours	warm	2	217	208.1	0	14
tiny-gpt2	ours	warm	2	218	134.9	0	14
tiny-gpt2	ours	warm	2	219	128.0	0	14
tiny-gpt2	ours	warm	2	220	197.2	0	14
tiny-gpt2	ours	warm	2	221	133.0	0	14
tiny-gpt2	ours	warm	2	222	131.8	0	14
tiny-gpt2	ours	warm	2	223	200.0	0	14
tiny-gpt2	ours	warm	2	224	133.0	0	14
tiny-gpt2	ours	warm	2	225	130.2	0	14
tiny-gpt2	ours	warm	2	226	196.0	0	14
tiny-gpt2	ours	warm	2	227	135.9	0	14
tiny-gpt2	ours	warm	2	228	139.0	0	14
tiny-gpt2	ours	warm	2	229	204.8	0	14
tiny-gpt2	ours	warm	2	230	133.0	0	14
tiny-gpt2	ours	warm	2	231	129.0	0	14
tiny-gpt2	ours	warm	2	232	196.9	0	14
tiny-gpt2	ours	warm	2	233	139.0	0	14
tiny-gpt2	ours	warm	2	234	130.2	0	14
tiny-gpt2	ours	warm	2	235	206.9	0	14
tiny-gpt2	ours	warm	2	236	134.0	0	14
tiny-gpt2	ours	warm	2	237	129.0	0	14
tiny-gpt2	ours	warm	2	238	193.8	0	14
tiny-gpt2	ours	warm	2	239	133.0	0	14
tiny-gpt2	ours	warm	2	240	129.9	0	14
tiny-gpt2	ours	warm	2	241	212.9	0	14
tiny-gpt2	ours	warm	2	242	135.9	0	14
tiny-gpt2	ours	warm	2	243	129.9	0	14
tiny-gpt2	ours	warm	2	244	203.1	0	14
tiny-gpt2	ours	warm	2	245	134.9	0	14
tiny-gpt2	ours	warm	2	246	129.9	0	14
tiny-gpt2	ours	warm	2	247	212.0	0	14
tiny-gpt2	ours	warm	2	248	134.9	0	14
tiny-gpt2	ours	warm	2	249	133.0	0	14
tiny-gpt2	ours	warm	2	250	192.2	0	14
tiny-gpt2	ours	warm	2	251	134.0	0	14
tiny-gpt2	ours	warm	2	252	128.0	0	14
tiny-gpt2	ours	warm	2	253	207.9	0	14
tiny-gpt2	ours	warm	2	254	136.1	0	14
tiny-gpt2	ours	warm	2	255	128.0	0	14
tiny-gpt2	ours	warm	2	256	200.0	0	14
tiny-gpt2	ours	warm	2	257	134.0	0	14
tiny-gpt2	ours	warm	2	258	130.2	0	14
tiny-gpt2	ours	warm	2	259	202.9	0	14
tiny-gpt2	ours	warm	2	260	145.0	0	14
tiny-gpt2	ours	warm	2	261	129.2	0	14
tiny-gpt2	ours	warm	2	262	192.9	0	14
tiny-gpt2	ours	warm	2	263	135.2	0	14
tiny-gpt2	ours	warm	2	264	128.0	0	14
tiny-gpt2	ours	warm	2	265	207.9	0	14
tiny-gpt2	ours	warm	2	266	142.1	0	14
tiny-gpt2	ours	warm	2	267	129.9	0	14
tiny-gpt2	ours	warm	2	268	196.0	0	14
tiny-gpt2	ours	warm	2	269	132.1	0	14
tiny-gpt2	ours	warm	2	270	126.8	0	14
tiny-gpt2	ours	warm	2	271	201.0	0	14
tiny-gpt2	ours	warm	2	272	131.8	0	14
tiny-gpt2	ours	warm	2	273	138.0	0	14
tiny-gpt2	ours	warm	2	274	192.2	0	14
tiny-gpt2	ours	warm	2	275	132.1	0	14
tiny-gpt2	ours	warm	2	276	128.0	0	14
tiny-gpt2	ours	warm	2	277	198.8	0	14
tiny-gpt2	ours	warm	2	278	134.0	0	14
tiny-gpt2	ours	warm	2	279	126.8	0	14
tiny-gpt2	ours	warm	2	280	192.2	0	14
tiny-gpt2	ours	warm	2	281	132.1	0	14
tiny-gpt2	ours	warm	2	282	131.8	0	14
tiny-gpt2	ours	warm	2	283	204.1	0	14
tiny-gpt2	ours	warm	2	284	138.0	0	14
tiny-gpt2	ours	warm	2	285	181.2	0	14
tiny-gpt2	ours	warm	2	286	221.0	0	14
tiny-gpt2	ours	warm	2	287	134.0	0	14
tiny-gpt2	ours	warm	2	288	129.9	0	14
tiny-gpt2	ours	warm	2	289	205.0	0	14
tiny-gpt2	ours	warm	2	290	134.0	0	14
tiny-gpt2	ours	warm	2	291	129.0	0	14
tiny-gpt2	ours	warm	2	292	204.1	0	14
tiny-gpt2	ours	warm	2	293	130.9	0	14
tiny-gpt2	ours	warm	2	294	130.2	0	14
tiny-gpt2	ours	warm	2	295	219.8	0	14
tiny-gpt2	ours	warm	2	296	133.0	0	14
tiny-gpt2	ours	warm	2	297	124.9	0	14
tiny-gpt2	ours	warm	2	298	200.0	0	14
tiny-gpt2	ours	warm	2	299	128.0	0	14
tiny-gpt2	torch-compile	warm	2	0	1112598.9		
tiny-gpt2	torch-compile	warm	2	1	742.4		
tiny-gpt2	torch-compile	warm	2	2	393.4		
tiny-gpt2	torch-compile	warm	2	3	374.8		
tiny-gpt2	torch-compile	warm	2	4	403.6		
tiny-gpt2	torch-compile	warm	2	5	346.9		
tiny-gpt2	torch-compile	warm	2	6	361.2		
tiny-gpt2	torch-compile	warm	2	7	347.1		
tiny-gpt2	torch-compile	warm	2	8	340.0		
tiny-gpt2	torch-compile	warm	2	9	349.0		
tiny-gpt2	torch-compile	warm	2	10	340.5		
tiny-gpt2	torch-compile	warm	2	11	341.4		
tiny-gpt2	torch-compile	warm	2	12	380.0		
tiny-gpt2	torch-compile	warm	2	13	343.3		
tiny-gpt2	torch-compile	warm	2	14	338.6		
tiny-gpt2	torch-compile	warm	2	15	369.1		
tiny-gpt2	torch-compile	warm	2	16	341.9		
tiny-gpt2	torch-compile	warm	2	17	338.6		
tiny-gpt2	torch-compile	warm	2	18	360.5		
tiny-gpt2	torch-compile	warm	2	19	342.8		
tiny-gpt2	torch-compile	warm	2	20	337.6		
tiny-gpt2	torch-compile	warm	2	21	356.2		
tiny-gpt2	torch-compile	warm	2	22	336.2		
tiny-gpt2	torch-compile	warm	2	23	335.9		
tiny-gpt2	torch-compile	warm	2	24	373.8		
tiny-gpt2	torch-compile	warm	2	25	337.4		
tiny-gpt2	torch-compile	warm	2	26	362.2		
tiny-gpt2	torch-compile	warm	2	27	337.8		
tiny-gpt2	torch-compile	warm	2	28	337.8		
tiny-gpt2	torch-compile	warm	2	29	363.3		
tiny-gpt2	torch-compile	warm	2	30	337.1		
tiny-gpt2	torch-compile	warm	2	31	335.0		
tiny-gpt2	torch-compile	warm	2	32	343.3		
tiny-gpt2	torch-compile	warm	2	33	335.9		
tiny-gpt2	torch-compile	warm	2	34	334.3		
tiny-gpt2	torch-compile	warm	2	35	371.2		
tiny-gpt2	torch-compile	warm	2	36	363.3		
tiny-gpt2	torch-compile	warm	2	37	335.5		
tiny-gpt2	torch-compile	warm	2	38	357.9		
tiny-gpt2	torch-compile	warm	2	39	338.1		
tiny-gpt2	torch-compile	warm	2	40	336.6		
tiny-gpt2	torch-compile	warm	2	41	353.8		
tiny-gpt2	torch-compile	warm	2	42	333.3		
tiny-gpt2	torch-compile	warm	2	43	331.6		
tiny-gpt2	torch-compile	warm	2	44	340.5		
tiny-gpt2	torch-compile	warm	2	45	330.0		
tiny-gpt2	torch-compile	warm	2	46	330.9		
tiny-gpt2	torch-compile	warm	2	47	368.1		
tiny-gpt2	torch-compile	warm	2	48	340.9		
tiny-gpt2	torch-compile	warm	2	49	343.6		
tiny-gpt2	torch-compile	warm	2	50	341.2		
tiny-gpt2	torch-compile	warm	2	51	330.7		
tiny-gpt2	torch-compile	warm	2	52	358.8		
tiny-gpt2	torch-compile	warm	2	53	339.7		
tiny-gpt2	torch-compile	warm	2	54	333.8		
tiny-gpt2	torch-compile	warm	2	55	350.7		
tiny-gpt2	torch-compile	warm	2	56	330.9		
tiny-gpt2	torch-compile	warm	2	57	333.8		
tiny-gpt2	torch-compile	warm	2	58	367.4		
tiny-gpt2	torch-compile	warm	2	59	337.1		
tiny-gpt2	torch-compile	warm	2	60	332.6		
tiny-gpt2	torch-compile	warm	2	61	360.3		
tiny-gpt2	torch-compile	warm	2	62	334.7		
tiny-gpt2	torch-compile	warm	2	63	334.3		
tiny-gpt2	torch-compile	warm	2	64	359.1		
tiny-gpt2	torch-compile	warm	2	65	336.9		
tiny-gpt2	torch-compile	warm	2	66	332.8		
tiny-gpt2	torch-compile	warm	2	67	340.7		
tiny-gpt2	torch-compile	warm	2	68	335.7		
tiny-gpt2	torch-compile	warm	2	69	334.0		
tiny-gpt2	torch-compile	warm	2	70	360.5		
tiny-gpt2	torch-compile	warm	2	71	334.0		
tiny-gpt2	torch-compile	warm	2	72	340.5		
tiny-gpt2	torch-compile	warm	2	73	355.2		
tiny-gpt2	torch-compile	warm	2	74	337.1		
tiny-gpt2	torch-compile	warm	2	75	334.3		
tiny-gpt2	torch-compile	warm	2	76	360.0		
tiny-gpt2	torch-compile	warm	2	77	333.5		
tiny-gpt2	torch-compile	warm	2	78	338.8		
tiny-gpt2	torch-compile	warm	2	79	331.6		
tiny-gpt2	torch-compile	warm	2	80	333.3		
tiny-gpt2	torch-compile	warm	2	81	344.0		
tiny-gpt2	torch-compile	warm	2	82	345.0		
tiny-gpt2	torch-compile	warm	2	83	330.9		
tiny-gpt2	torch-compile	warm	2	84	355.0		
tiny-gpt2	torch-compile	warm	2	85	334.0		
tiny-gpt2	torch-compile	warm	2	86	330.7		
tiny-gpt2	torch-compile	warm	2	87	358.8		
tiny-gpt2	torch-compile	warm	2	88	333.8		
tiny-gpt2	torch-compile	warm	2	89	329.7		
tiny-gpt2	torch-compile	warm	2	90	339.7		
tiny-gpt2	torch-compile	warm	2	91	333.3		
tiny-gpt2	torch-compile	warm	2	92	329.7		
tiny-gpt2	torch-compile	warm	2	93	364.8		
tiny-gpt2	torch-compile	warm	2	94	336.2		
tiny-gpt2	torch-compile	warm	2	95	330.0		
tiny-gpt2	torch-compile	warm	2	96	360.0		
tiny-gpt2	torch-compile	warm	2	97	334.5		
tiny-gpt2	torch-compile	warm	2	98	333.3		
tiny-gpt2	torch-compile	warm	2	99	358.8		
tiny-gpt2	torch-compile	warm	2	100	333.5		
tiny-gpt2	torch-compile	warm	2	101	331.6		
tiny-gpt2	torch-compile	warm	2	102	341.2		
tiny-gpt2	torch-compile	warm	2	103	333.3		
tiny-gpt2	torch-compile	warm	2	104	374.3		
tiny-gpt2	torch-compile	warm	2	105	368.4		
tiny-gpt2	torch-compile	warm	2	106	333.8		
tiny-gpt2	torch-compile	warm	2	107	331.6		
tiny-gpt2	torch-compile	warm	2	108	360.0		
tiny-gpt2	torch-compile	warm	2	109	331.9		
tiny-gpt2	torch-compile	warm	2	110	339.0		
tiny-gpt2	torch-compile	warm	2	111	341.2		
tiny-gpt2	torch-compile	warm	2	112	329.7		
tiny-gpt2	torch-compile	warm	2	113	340.0		
tiny-gpt2	torch-compile	warm	2	114	362.6		
tiny-gpt2	torch-compile	warm	2	115	335.2		
tiny-gpt2	torch-compile	warm	2	116	362.4		
tiny-gpt2	torch-compile	warm	2	117	335.0		
tiny-gpt2	torch-compile	warm	2	118	335.9		
tiny-gpt2	torch-compile	warm	2	119	358.8		
tiny-gpt2	torch-compile	warm	2	120	337.4		
tiny-gpt2	torch-compile	warm	2	121	333.8		
tiny-gpt2	torch-compile	warm	2	122	359.8		
tiny-gpt2	torch-compile	warm	2	123	332.8		
tiny-gpt2	torch-compile	warm	2	124	332.4		
tiny-gpt2	torch-compile	warm	2	125	376.0		
tiny-gpt2	torch-compile	warm	2	126	333.3		
tiny-gpt2	torch-compile	warm	2	127	333.5		
tiny-gpt2	torch-compile	warm	2	128	359.5		
tiny-gpt2	torch-compile	warm	2	129	337.4		
tiny-gpt2	torch-compile	warm	2	130	334.7		
tiny-gpt2	torch-compile	warm	2	131	354.5		
tiny-gpt2	torch-compile	warm	2	132	332.4		
tiny-gpt2	torch-compile	warm	2	133	332.1		
tiny-gpt2	torch-compile	warm	2	134	428.2		
tiny-gpt2	torch-compile	warm	2	135	538.3		
tiny-gpt2	torch-compile	warm	2	136	583.6		
tiny-gpt2	torch-compile	warm	2	137	564.1		
tiny-gpt2	torch-compile	warm	2	138	530.0		
tiny-gpt2	torch-compile	warm	2	139	572.4		
tiny-gpt2	torch-compile	warm	2	140	526.2		
tiny-gpt2	torch-compile	warm	2	141	530.7		
tiny-gpt2	torch-compile	warm	2	142	516.7		
tiny-gpt2	torch-compile	warm	2	143	524.8		
tiny-gpt2	torch-compile	warm	2	144	513.1		
tiny-gpt2	torch-compile	warm	2	145	427.0		
tiny-gpt2	torch-compile	warm	2	146	361.4		
tiny-gpt2	torch-compile	warm	2	147	357.9		
tiny-gpt2	torch-compile	warm	2	148	366.0		
tiny-gpt2	torch-compile	warm	2	149	355.0		
tiny-gpt2	torch-compile	warm	2	150	367.9		
tiny-gpt2	torch-compile	warm	2	151	351.9		
tiny-gpt2	torch-compile	warm	2	152	348.1		
tiny-gpt2	torch-compile	warm	2	153	365.5		
tiny-gpt2	torch-compile	warm	2	154	354.1		
tiny-gpt2	torch-compile	warm	2	155	354.3		
tiny-gpt2	torch-compile	warm	2	156	362.9		
tiny-gpt2	torch-compile	warm	2	157	381.0		
tiny-gpt2	torch-compile	warm	2	158	512.8		
tiny-gpt2	torch-compile	warm	2	159	379.1		
tiny-gpt2	torch-compile	warm	2	160	368.6		
tiny-gpt2	torch-compile	warm	2	161	372.9		
tiny-gpt2	torch-compile	warm	2	162	357.2		
tiny-gpt2	torch-compile	warm	2	163	358.6		
tiny-gpt2	torch-compile	warm	2	164	367.6		
tiny-gpt2	torch-compile	warm	2	165	357.6		
tiny-gpt2	torch-compile	warm	2	166	366.0		
tiny-gpt2	torch-compile	warm	2	167	356.0		
tiny-gpt2	torch-compile	warm	2	168	351.0		
tiny-gpt2	torch-compile	warm	2	169	459.2		
tiny-gpt2	torch-compile	warm	2	170	399.8		
tiny-gpt2	torch-compile	warm	2	171	368.6		
tiny-gpt2	torch-compile	warm	2	172	364.1		
tiny-gpt2	torch-compile	warm	2	173	352.9		
tiny-gpt2	torch-compile	warm	2	174	366.9		
tiny-gpt2	torch-compile	warm	2	175	360.5		
tiny-gpt2	torch-compile	warm	2	176	354.5		
tiny-gpt2	torch-compile	warm	2	177	365.3		
tiny-gpt2	torch-compile	warm	2	178	357.9		
tiny-gpt2	torch-compile	warm	2	179	405.3		
tiny-gpt2	torch-compile	warm	2	180	366.2		
tiny-gpt2	torch-compile	warm	2	181	390.1		
tiny-gpt2	torch-compile	warm	2	182	383.1		
tiny-gpt2	torch-compile	warm	2	183	353.6		
tiny-gpt2	torch-compile	warm	2	184	359.8		
tiny-gpt2	torch-compile	warm	2	185	366.0		
tiny-gpt2	torch-compile	warm	2	186	388.4		
tiny-gpt2	torch-compile	warm	2	187	353.1		
tiny-gpt2	torch-compile	warm	2	188	395.5		
tiny-gpt2	torch-compile	warm	2	189	352.9		
tiny-gpt2	torch-compile	warm	2	190	368.1		
tiny-gpt2	torch-compile	warm	2	191	360.5		
tiny-gpt2	torch-compile	warm	2	192	350.5		
tiny-gpt2	torch-compile	warm	2	193	365.3		
tiny-gpt2	torch-compile	warm	2	194	354.3		
tiny-gpt2	torch-compile	warm	2	195	353.8		
tiny-gpt2	torch-compile	warm	2	196	403.4		
tiny-gpt2	torch-compile	warm	2	197	352.9		
tiny-gpt2	torch-compile	warm	2	198	355.0		
tiny-gpt2	torch-compile	warm	2	199	369.8		
tiny-gpt2	torch-compile	warm	2	200	352.6		
tiny-gpt2	torch-compile	warm	2	201	381.7		
tiny-gpt2	torch-compile	warm	2	202	353.6		
tiny-gpt2	torch-compile	warm	2	203	351.2		
tiny-gpt2	torch-compile	warm	2	204	367.2		
tiny-gpt2	torch-compile	warm	2	205	352.6		
tiny-gpt2	torch-compile	warm	2	206	351.4		
tiny-gpt2	torch-compile	warm	2	207	358.8		
tiny-gpt2	torch-compile	warm	2	208	351.0		
tiny-gpt2	torch-compile	warm	2	209	352.6		
tiny-gpt2	torch-compile	warm	2	210	362.2		
tiny-gpt2	torch-compile	warm	2	211	354.1		
tiny-gpt2	torch-compile	warm	2	212	357.6		
tiny-gpt2	torch-compile	warm	2	213	379.8		
tiny-gpt2	torch-compile	warm	2	214	352.9		
tiny-gpt2	torch-compile	warm	2	215	366.9		
tiny-gpt2	torch-compile	warm	2	216	355.2		
tiny-gpt2	torch-compile	warm	2	217	354.5		
tiny-gpt2	torch-compile	warm	2	218	359.5		
tiny-gpt2	torch-compile	warm	2	219	350.7		
tiny-gpt2	torch-compile	warm	2	220	356.7		
tiny-gpt2	torch-compile	warm	2	221	360.0		
tiny-gpt2	torch-compile	warm	2	222	348.1		
tiny-gpt2	torch-compile	warm	2	223	351.4		
tiny-gpt2	torch-compile	warm	2	224	349.3		
tiny-gpt2	torch-compile	warm	2	225	355.2		
tiny-gpt2	torch-compile	warm	2	226	365.5		
tiny-gpt2	torch-compile	warm	2	227	357.9		
tiny-gpt2	torch-compile	warm	2	228	357.6		
tiny-gpt2	torch-compile	warm	2	229	364.3		
tiny-gpt2	torch-compile	warm	2	230	354.1		
tiny-gpt2	torch-compile	warm	2	231	350.5		
tiny-gpt2	torch-compile	warm	2	232	365.7		
tiny-gpt2	torch-compile	warm	2	233	356.4		
tiny-gpt2	torch-compile	warm	2	234	352.6		
tiny-gpt2	torch-compile	warm	2	235	359.5		
tiny-gpt2	torch-compile	warm	2	236	349.0		
tiny-gpt2	torch-compile	warm	2	237	360.3		
tiny-gpt2	torch-compile	warm	2	238	353.6		
tiny-gpt2	torch-compile	warm	2	239	353.6		
tiny-gpt2	torch-compile	warm	2	240	362.9		
tiny-gpt2	torch-compile	warm	2	241	356.0		
tiny-gpt2	torch-compile	warm	2	242	346.7		
tiny-gpt2	torch-compile	warm	2	243	360.7		
tiny-gpt2	torch-compile	warm	2	244	350.0		
tiny-gpt2	torch-compile	warm	2	245	350.2		
tiny-gpt2	torch-compile	warm	2	246	360.5		
tiny-gpt2	torch-compile	warm	2	247	358.8		
tiny-gpt2	torch-compile	warm	2	248	352.1		
tiny-gpt2	torch-compile	warm	2	249	369.1		
tiny-gpt2	torch-compile	warm	2	250	353.1		
tiny-gpt2	torch-compile	warm	2	251	361.4		
tiny-gpt2	torch-compile	warm	2	252	349.3		
tiny-gpt2	torch-compile	warm	2	253	350.2		
tiny-gpt2	torch-compile	warm	2	254	368.6		
tiny-gpt2	torch-compile	warm	2	255	356.7		
tiny-gpt2	torch-compile	warm	2	256	354.5		
tiny-gpt2	torch-compile	warm	2	257	358.6		
tiny-gpt2	torch-compile	warm	2	258	349.5		
tiny-gpt2	torch-compile	warm	2	259	352.9		
tiny-gpt2	torch-compile	warm	2	260	402.0		
tiny-gpt2	torch-compile	warm	2	261	354.1		
tiny-gpt2	torch-compile	warm	2	262	358.3		
tiny-gpt2	torch-compile	warm	2	263	353.8		
tiny-gpt2	torch-compile	warm	2	264	383.4		
tiny-gpt2	torch-compile	warm	2	265	365.5		
tiny-gpt2	torch-compile	warm	2	266	350.0		
tiny-gpt2	torch-compile	warm	2	267	386.7		
tiny-gpt2	torch-compile	warm	2	268	357.4		
tiny-gpt2	torch-compile	warm	2	269	354.8		
tiny-gpt2	torch-compile	warm	2	270	353.3		
tiny-gpt2	torch-compile	warm	2	271	373.6		
tiny-gpt2	torch-compile	warm	2	272	380.8		
tiny-gpt2	torch-compile	warm	2	273	367.6		
tiny-gpt2	torch-compile	warm	2	274	356.4		
tiny-gpt2	torch-compile	warm	2	275	355.2		
tiny-gpt2	torch-compile	warm	2	276	365.3		
tiny-gpt2	torch-compile	warm	2	277	356.0		
tiny-gpt2	torch-compile	warm	2	278	351.2		
tiny-gpt2	torch-compile	warm	2	279	377.4		
tiny-gpt2	torch-compile	warm	2	280	366.9		
tiny-gpt2	torch-compile	warm	2	281	359.5		
tiny-gpt2	torch-compile	warm	2	282	363.3		
tiny-gpt2	torch-compile	warm	2	283	350.7		
tiny-gpt2	torch-compile	warm	2	284	363.1		
tiny-gpt2	torch-compile	warm	2	285	393.6		
tiny-gpt2	torch-compile	warm	2	286	354.8		
tiny-gpt2	torch-compile	warm	2	287	391.5		
tiny-gpt2	torch-compile	warm	2	288	354.8		
tiny-gpt2	torch-compile	warm	2	289	352.4		
tiny-gpt2	torch-compile	warm	2	290	369.5		
tiny-gpt2	torch-compile	warm	2	291	384.6		
tiny-gpt2	torch-compile	warm	2	292	368.4		
tiny-gpt2	torch-compile	warm	2	293	351.4		
tiny-gpt2	torch-compile	warm	2	294	356.4		
tiny-gpt2	torch-compile	warm	2	295	363.8		
tiny-gpt2	torch-compile	warm	2	296	353.6		
tiny-gpt2	torch-compile	warm	2	297	354.1		
tiny-gpt2	torch-compile	warm	2	298	380.0		
tiny-gpt2	torch-compile	warm	2	299	356.4		
tiny-gpt2	torch-compile-ro	warm	2	0	1674661.2		
tiny-gpt2	torch-compile-ro	warm	2	1	28080.5		
tiny-gpt2	torch-compile-ro	warm	2	2	555.0		
tiny-gpt2	torch-compile-ro	warm	2	3	289.9		
tiny-gpt2	torch-compile-ro	warm	2	4	240.1		
tiny-gpt2	torch-compile-ro	warm	2	5	227.7		
tiny-gpt2	torch-compile-ro	warm	2	6	227.9		
tiny-gpt2	torch-compile-ro	warm	2	7	225.1		
tiny-gpt2	torch-compile-ro	warm	2	8	217.7		
tiny-gpt2	torch-compile-ro	warm	2	9	218.6		
tiny-gpt2	torch-compile-ro	warm	2	10	228.9		
tiny-gpt2	torch-compile-ro	warm	2	11	222.0		
tiny-gpt2	torch-compile-ro	warm	2	12	217.7		
tiny-gpt2	torch-compile-ro	warm	2	13	219.3		
tiny-gpt2	torch-compile-ro	warm	2	14	231.3		
tiny-gpt2	torch-compile-ro	warm	2	15	217.7		
tiny-gpt2	torch-compile-ro	warm	2	16	216.7		
tiny-gpt2	torch-compile-ro	warm	2	17	216.5		
tiny-gpt2	torch-compile-ro	warm	2	18	218.6		
tiny-gpt2	torch-compile-ro	warm	2	19	229.6		
tiny-gpt2	torch-compile-ro	warm	2	20	213.9		
tiny-gpt2	torch-compile-ro	warm	2	21	216.0		
tiny-gpt2	torch-compile-ro	warm	2	22	213.1		
tiny-gpt2	torch-compile-ro	warm	2	23	223.4		
tiny-gpt2	torch-compile-ro	warm	2	24	217.2		
tiny-gpt2	torch-compile-ro	warm	2	25	214.8		
tiny-gpt2	torch-compile-ro	warm	2	26	216.5		
tiny-gpt2	torch-compile-ro	warm	2	27	212.9		
tiny-gpt2	torch-compile-ro	warm	2	28	226.3		
tiny-gpt2	torch-compile-ro	warm	2	29	215.8		
tiny-gpt2	torch-compile-ro	warm	2	30	214.1		
tiny-gpt2	torch-compile-ro	warm	2	31	211.7		
tiny-gpt2	torch-compile-ro	warm	2	32	212.9		
tiny-gpt2	torch-compile-ro	warm	2	33	214.8		
tiny-gpt2	torch-compile-ro	warm	2	34	211.7		
tiny-gpt2	torch-compile-ro	warm	2	35	211.0		
tiny-gpt2	torch-compile-ro	warm	2	36	211.0		
tiny-gpt2	torch-compile-ro	warm	2	37	222.4		
tiny-gpt2	torch-compile-ro	warm	2	38	217.0		
tiny-gpt2	torch-compile-ro	warm	2	39	221.3		
tiny-gpt2	torch-compile-ro	warm	2	40	211.5		
tiny-gpt2	torch-compile-ro	warm	2	41	217.7		
tiny-gpt2	torch-compile-ro	warm	2	42	220.1		
tiny-gpt2	torch-compile-ro	warm	2	43	211.5		
tiny-gpt2	torch-compile-ro	warm	2	44	213.6		
tiny-gpt2	torch-compile-ro	warm	2	45	212.0		
tiny-gpt2	torch-compile-ro	warm	2	46	220.3		
tiny-gpt2	torch-compile-ro	warm	2	47	216.2		
tiny-gpt2	torch-compile-ro	warm	2	48	212.2		
tiny-gpt2	torch-compile-ro	warm	2	49	213.1		
tiny-gpt2	torch-compile-ro	warm	2	50	212.0		
tiny-gpt2	torch-compile-ro	warm	2	51	233.2		
tiny-gpt2	torch-compile-ro	warm	2	52	213.1		
tiny-gpt2	torch-compile-ro	warm	2	53	211.2		
tiny-gpt2	torch-compile-ro	warm	2	54	210.8		
tiny-gpt2	torch-compile-ro	warm	2	55	213.9		
tiny-gpt2	torch-compile-ro	warm	2	56	213.9		
tiny-gpt2	torch-compile-ro	warm	2	57	220.5		
tiny-gpt2	torch-compile-ro	warm	2	58	215.5		
tiny-gpt2	torch-compile-ro	warm	2	59	211.2		
tiny-gpt2	torch-compile-ro	warm	2	60	238.4		
tiny-gpt2	torch-compile-ro	warm	2	61	213.4		
tiny-gpt2	torch-compile-ro	warm	2	62	210.3		
tiny-gpt2	torch-compile-ro	warm	2	63	210.0		
tiny-gpt2	torch-compile-ro	warm	2	64	211.0		
tiny-gpt2	torch-compile-ro	warm	2	65	214.3		
tiny-gpt2	torch-compile-ro	warm	2	66	211.7		
tiny-gpt2	torch-compile-ro	warm	2	67	210.8		
tiny-gpt2	torch-compile-ro	warm	2	68	211.7		
tiny-gpt2	torch-compile-ro	warm	2	69	233.2		
tiny-gpt2	torch-compile-ro	warm	2	70	212.4		
tiny-gpt2	torch-compile-ro	warm	2	71	212.0		
tiny-gpt2	torch-compile-ro	warm	2	72	214.3		
tiny-gpt2	torch-compile-ro	warm	2	73	213.4		
tiny-gpt2	torch-compile-ro	warm	2	74	225.3		
tiny-gpt2	torch-compile-ro	warm	2	75	214.8		
tiny-gpt2	torch-compile-ro	warm	2	76	211.0		
tiny-gpt2	torch-compile-ro	warm	2	77	210.8		
tiny-gpt2	torch-compile-ro	warm	2	78	210.3		
tiny-gpt2	torch-compile-ro	warm	2	79	213.6		
tiny-gpt2	torch-compile-ro	warm	2	80	216.2		
tiny-gpt2	torch-compile-ro	warm	2	81	215.5		
tiny-gpt2	torch-compile-ro	warm	2	82	219.3		
tiny-gpt2	torch-compile-ro	warm	2	83	224.8		
tiny-gpt2	torch-compile-ro	warm	2	84	213.1		
tiny-gpt2	torch-compile-ro	warm	2	85	211.0		
tiny-gpt2	torch-compile-ro	warm	2	86	215.3		
tiny-gpt2	torch-compile-ro	warm	2	87	212.4		
tiny-gpt2	torch-compile-ro	warm	2	88	214.1		
tiny-gpt2	torch-compile-ro	warm	2	89	223.2		
tiny-gpt2	torch-compile-ro	warm	2	90	214.6		
tiny-gpt2	torch-compile-ro	warm	2	91	214.6		
tiny-gpt2	torch-compile-ro	warm	2	92	225.1		
tiny-gpt2	torch-compile-ro	warm	2	93	224.4		
tiny-gpt2	torch-compile-ro	warm	2	94	214.6		
tiny-gpt2	torch-compile-ro	warm	2	95	212.0		
tiny-gpt2	torch-compile-ro	warm	2	96	219.6		
tiny-gpt2	torch-compile-ro	warm	2	97	214.8		
tiny-gpt2	torch-compile-ro	warm	2	98	212.0		
tiny-gpt2	torch-compile-ro	warm	2	99	209.6		
tiny-gpt2	torch-compile-ro	warm	2	100	211.5		
tiny-gpt2	torch-compile-ro	warm	2	101	221.5		
tiny-gpt2	torch-compile-ro	warm	2	102	214.1		
tiny-gpt2	torch-compile-ro	warm	2	103	214.1		
tiny-gpt2	torch-compile-ro	warm	2	104	215.5		
tiny-gpt2	torch-compile-ro	warm	2	105	212.2		
tiny-gpt2	torch-compile-ro	warm	2	106	224.6		
tiny-gpt2	torch-compile-ro	warm	2	107	211.7		
tiny-gpt2	torch-compile-ro	warm	2	108	211.2		
tiny-gpt2	torch-compile-ro	warm	2	109	210.3		
tiny-gpt2	torch-compile-ro	warm	2	110	213.4		
tiny-gpt2	torch-compile-ro	warm	2	111	214.6		
tiny-gpt2	torch-compile-ro	warm	2	112	211.7		
tiny-gpt2	torch-compile-ro	warm	2	113	211.2		
tiny-gpt2	torch-compile-ro	warm	2	114	210.8		
tiny-gpt2	torch-compile-ro	warm	2	115	221.7		
tiny-gpt2	torch-compile-ro	warm	2	116	211.7		
tiny-gpt2	torch-compile-ro	warm	2	117	212.2		
tiny-gpt2	torch-compile-ro	warm	2	118	210.5		
tiny-gpt2	torch-compile-ro	warm	2	119	213.4		
tiny-gpt2	torch-compile-ro	warm	2	120	225.5		
tiny-gpt2	torch-compile-ro	warm	2	121	216.0		
tiny-gpt2	torch-compile-ro	warm	2	122	212.4		
tiny-gpt2	torch-compile-ro	warm	2	123	211.5		
tiny-gpt2	torch-compile-ro	warm	2	124	218.6		
tiny-gpt2	torch-compile-ro	warm	2	125	213.1		
tiny-gpt2	torch-compile-ro	warm	2	126	209.8		
tiny-gpt2	torch-compile-ro	warm	2	127	209.1		
tiny-gpt2	torch-compile-ro	warm	2	128	209.1		
tiny-gpt2	torch-compile-ro	warm	2	129	222.0		
tiny-gpt2	torch-compile-ro	warm	2	130	211.5		
tiny-gpt2	torch-compile-ro	warm	2	131	212.4		
tiny-gpt2	torch-compile-ro	warm	2	132	211.2		
tiny-gpt2	torch-compile-ro	warm	2	133	211.7		
tiny-gpt2	torch-compile-ro	warm	2	134	213.4		
tiny-gpt2	torch-compile-ro	warm	2	135	211.5		
tiny-gpt2	torch-compile-ro	warm	2	136	211.0		
tiny-gpt2	torch-compile-ro	warm	2	137	211.2		
tiny-gpt2	torch-compile-ro	warm	2	138	221.5		
tiny-gpt2	torch-compile-ro	warm	2	139	212.4		
tiny-gpt2	torch-compile-ro	warm	2	140	212.0		
tiny-gpt2	torch-compile-ro	warm	2	141	212.2		
tiny-gpt2	torch-compile-ro	warm	2	142	208.1		
tiny-gpt2	torch-compile-ro	warm	2	143	226.0		
tiny-gpt2	torch-compile-ro	warm	2	144	210.3		
tiny-gpt2	torch-compile-ro	warm	2	145	210.3		
tiny-gpt2	torch-compile-ro	warm	2	146	209.8		
tiny-gpt2	torch-compile-ro	warm	2	147	212.0		
tiny-gpt2	torch-compile-ro	warm	2	148	213.1		
tiny-gpt2	torch-compile-ro	warm	2	149	212.9		
tiny-gpt2	torch-compile-ro	warm	2	150	213.6		
tiny-gpt2	torch-compile-ro	warm	2	151	209.6		
tiny-gpt2	torch-compile-ro	warm	2	152	222.0		
tiny-gpt2	torch-compile-ro	warm	2	153	210.0		
tiny-gpt2	torch-compile-ro	warm	2	154	209.8		
tiny-gpt2	torch-compile-ro	warm	2	155	210.8		
tiny-gpt2	torch-compile-ro	warm	2	156	209.3		
tiny-gpt2	torch-compile-ro	warm	2	157	219.6		
tiny-gpt2	torch-compile-ro	warm	2	158	209.1		
tiny-gpt2	torch-compile-ro	warm	2	159	210.8		
tiny-gpt2	torch-compile-ro	warm	2	160	209.1		
tiny-gpt2	torch-compile-ro	warm	2	161	209.8		
tiny-gpt2	torch-compile-ro	warm	2	162	212.2		
tiny-gpt2	torch-compile-ro	warm	2	163	209.6		
tiny-gpt2	torch-compile-ro	warm	2	164	209.8		
tiny-gpt2	torch-compile-ro	warm	2	165	210.3		
tiny-gpt2	torch-compile-ro	warm	2	166	221.7		
tiny-gpt2	torch-compile-ro	warm	2	167	211.7		
tiny-gpt2	torch-compile-ro	warm	2	168	208.9		
tiny-gpt2	torch-compile-ro	warm	2	169	207.9		
tiny-gpt2	torch-compile-ro	warm	2	170	210.3		
tiny-gpt2	torch-compile-ro	warm	2	171	226.0		
tiny-gpt2	torch-compile-ro	warm	2	172	211.7		
tiny-gpt2	torch-compile-ro	warm	2	173	212.4		
tiny-gpt2	torch-compile-ro	warm	2	174	209.8		
tiny-gpt2	torch-compile-ro	warm	2	175	207.9		
tiny-gpt2	torch-compile-ro	warm	2	176	211.0		
tiny-gpt2	torch-compile-ro	warm	2	177	209.3		
tiny-gpt2	torch-compile-ro	warm	2	178	212.0		
tiny-gpt2	torch-compile-ro	warm	2	179	209.1		
tiny-gpt2	torch-compile-ro	warm	2	180	218.6		
tiny-gpt2	torch-compile-ro	warm	2	181	211.5		
tiny-gpt2	torch-compile-ro	warm	2	182	210.8		
tiny-gpt2	torch-compile-ro	warm	2	183	208.4		
tiny-gpt2	torch-compile-ro	warm	2	184	209.6		
tiny-gpt2	torch-compile-ro	warm	2	185	219.6		
tiny-gpt2	torch-compile-ro	warm	2	186	208.4		
tiny-gpt2	torch-compile-ro	warm	2	187	209.1		
tiny-gpt2	torch-compile-ro	warm	2	188	208.9		
tiny-gpt2	torch-compile-ro	warm	2	189	209.1		
tiny-gpt2	torch-compile-ro	warm	2	190	212.9		
tiny-gpt2	torch-compile-ro	warm	2	191	211.5		
tiny-gpt2	torch-compile-ro	warm	2	192	209.3		
tiny-gpt2	torch-compile-ro	warm	2	193	210.0		
tiny-gpt2	torch-compile-ro	warm	2	194	219.6		
tiny-gpt2	torch-compile-ro	warm	2	195	209.8		
tiny-gpt2	torch-compile-ro	warm	2	196	208.6		
tiny-gpt2	torch-compile-ro	warm	2	197	208.9		
tiny-gpt2	torch-compile-ro	warm	2	198	211.7		
tiny-gpt2	torch-compile-ro	warm	2	199	222.7		
tiny-gpt2	torch-compile-ro	warm	2	200	211.2		
tiny-gpt2	torch-compile-ro	warm	2	201	210.3		
tiny-gpt2	torch-compile-ro	warm	2	202	212.2		
tiny-gpt2	torch-compile-ro	warm	2	203	209.8		
tiny-gpt2	torch-compile-ro	warm	2	204	214.6		
tiny-gpt2	torch-compile-ro	warm	2	205	209.3		
tiny-gpt2	torch-compile-ro	warm	2	206	209.8		
tiny-gpt2	torch-compile-ro	warm	2	207	209.6		
tiny-gpt2	torch-compile-ro	warm	2	208	224.6		
tiny-gpt2	torch-compile-ro	warm	2	209	217.2		
tiny-gpt2	torch-compile-ro	warm	2	210	211.7		
tiny-gpt2	torch-compile-ro	warm	2	211	214.6		
tiny-gpt2	torch-compile-ro	warm	2	212	214.6		
tiny-gpt2	torch-compile-ro	warm	2	213	225.1		
tiny-gpt2	torch-compile-ro	warm	2	214	213.1		
tiny-gpt2	torch-compile-ro	warm	2	215	242.7		
tiny-gpt2	torch-compile-ro	warm	2	216	217.4		
tiny-gpt2	torch-compile-ro	warm	2	217	224.8		
tiny-gpt2	torch-compile-ro	warm	2	218	213.6		
tiny-gpt2	torch-compile-ro	warm	2	219	210.8		
tiny-gpt2	torch-compile-ro	warm	2	220	211.2		
tiny-gpt2	torch-compile-ro	warm	2	221	210.0		
tiny-gpt2	torch-compile-ro	warm	2	222	225.8		
tiny-gpt2	torch-compile-ro	warm	2	223	212.2		
tiny-gpt2	torch-compile-ro	warm	2	224	210.0		
tiny-gpt2	torch-compile-ro	warm	2	225	207.7		
tiny-gpt2	torch-compile-ro	warm	2	226	208.6		
tiny-gpt2	torch-compile-ro	warm	2	227	212.2		
tiny-gpt2	torch-compile-ro	warm	2	228	210.5		
tiny-gpt2	torch-compile-ro	warm	2	229	212.0		
tiny-gpt2	torch-compile-ro	warm	2	230	210.0		
tiny-gpt2	torch-compile-ro	warm	2	231	221.5		
tiny-gpt2	torch-compile-ro	warm	2	232	213.6		
tiny-gpt2	torch-compile-ro	warm	2	233	212.0		
tiny-gpt2	torch-compile-ro	warm	2	234	212.4		
tiny-gpt2	torch-compile-ro	warm	2	235	207.7		
tiny-gpt2	torch-compile-ro	warm	2	236	227.7		
tiny-gpt2	torch-compile-ro	warm	2	237	208.6		
tiny-gpt2	torch-compile-ro	warm	2	238	210.0		
tiny-gpt2	torch-compile-ro	warm	2	239	210.5		
tiny-gpt2	torch-compile-ro	warm	2	240	210.0		
tiny-gpt2	torch-compile-ro	warm	2	241	210.8		
tiny-gpt2	torch-compile-ro	warm	2	242	208.4		
tiny-gpt2	torch-compile-ro	warm	2	243	207.2		
tiny-gpt2	torch-compile-ro	warm	2	244	210.8		
tiny-gpt2	torch-compile-ro	warm	2	245	226.3		
tiny-gpt2	torch-compile-ro	warm	2	246	211.5		
tiny-gpt2	torch-compile-ro	warm	2	247	212.0		
tiny-gpt2	torch-compile-ro	warm	2	248	210.3		
tiny-gpt2	torch-compile-ro	warm	2	249	209.1		
tiny-gpt2	torch-compile-ro	warm	2	250	220.8		
tiny-gpt2	torch-compile-ro	warm	2	251	211.2		
tiny-gpt2	torch-compile-ro	warm	2	252	212.7		
tiny-gpt2	torch-compile-ro	warm	2	253	210.3		
tiny-gpt2	torch-compile-ro	warm	2	254	209.8		
tiny-gpt2	torch-compile-ro	warm	2	255	212.7		
tiny-gpt2	torch-compile-ro	warm	2	256	211.5		
tiny-gpt2	torch-compile-ro	warm	2	257	210.0		
tiny-gpt2	torch-compile-ro	warm	2	258	224.8		
tiny-gpt2	torch-compile-ro	warm	2	259	225.3		
tiny-gpt2	torch-compile-ro	warm	2	260	212.7		
tiny-gpt2	torch-compile-ro	warm	2	261	210.5		
tiny-gpt2	torch-compile-ro	warm	2	262	209.3		
tiny-gpt2	torch-compile-ro	warm	2	263	211.7		
tiny-gpt2	torch-compile-ro	warm	2	264	213.9		
tiny-gpt2	torch-compile-ro	warm	2	265	212.4		
tiny-gpt2	torch-compile-ro	warm	2	266	212.2		
tiny-gpt2	torch-compile-ro	warm	2	267	211.7		
tiny-gpt2	torch-compile-ro	warm	2	268	223.4		
tiny-gpt2	torch-compile-ro	warm	2	269	211.7		
tiny-gpt2	torch-compile-ro	warm	2	270	207.9		
tiny-gpt2	torch-compile-ro	warm	2	271	208.6		
tiny-gpt2	torch-compile-ro	warm	2	272	210.5		
tiny-gpt2	torch-compile-ro	warm	2	273	223.2		
tiny-gpt2	torch-compile-ro	warm	2	274	210.5		
tiny-gpt2	torch-compile-ro	warm	2	275	209.8		
tiny-gpt2	torch-compile-ro	warm	2	276	210.0		
tiny-gpt2	torch-compile-ro	warm	2	277	210.0		
tiny-gpt2	torch-compile-ro	warm	2	278	212.2		
tiny-gpt2	torch-compile-ro	warm	2	279	209.6		
tiny-gpt2	torch-compile-ro	warm	2	280	209.8		
tiny-gpt2	torch-compile-ro	warm	2	281	209.1		
tiny-gpt2	torch-compile-ro	warm	2	282	219.6		
tiny-gpt2	torch-compile-ro	warm	2	283	211.5		
tiny-gpt2	torch-compile-ro	warm	2	284	210.0		
tiny-gpt2	torch-compile-ro	warm	2	285	209.6		
tiny-gpt2	torch-compile-ro	warm	2	286	208.1		
tiny-gpt2	torch-compile-ro	warm	2	287	219.6		
tiny-gpt2	torch-compile-ro	warm	2	288	211.0		
tiny-gpt2	torch-compile-ro	warm	2	289	210.5		
tiny-gpt2	torch-compile-ro	warm	2	290	233.9		
tiny-gpt2	torch-compile-ro	warm	2	291	213.1		
tiny-gpt2	torch-compile-ro	warm	2	292	213.9		
tiny-gpt2	torch-compile-ro	warm	2	293	210.5		
tiny-gpt2	torch-compile-ro	warm	2	294	210.5		
tiny-gpt2	torch-compile-ro	warm	2	295	210.3		
tiny-gpt2	torch-compile-ro	warm	2	296	223.2		
tiny-gpt2	torch-compile-ro	warm	2	297	211.7		
tiny-gpt2	torch-compile-ro	warm	2	298	209.1		
tiny-gpt2	torch-compile-ro	warm	2	299	208.1		
tiny-gpt2	jax	warm	2	0	42524.7		
tiny-gpt2	jax	warm	2	1	906.4		
tiny-gpt2	jax	warm	2	2	226.2		
tiny-gpt2	jax	warm	2	3	188.5		
tiny-gpt2	jax	warm	2	4	196.0		
tiny-gpt2	jax	warm	2	5	193.3		
tiny-gpt2	jax	warm	2	6	177.0		
tiny-gpt2	jax	warm	2	7	176.5		
tiny-gpt2	jax	warm	2	8	185.8		
tiny-gpt2	jax	warm	2	9	173.2		
tiny-gpt2	jax	warm	2	10	159.0		
tiny-gpt2	jax	warm	2	11	158.7		
tiny-gpt2	jax	warm	2	12	157.4		
tiny-gpt2	jax	warm	2	13	157.4		
tiny-gpt2	jax	warm	2	14	167.0		
tiny-gpt2	jax	warm	2	15	161.1		
tiny-gpt2	jax	warm	2	16	158.5		
tiny-gpt2	jax	warm	2	17	154.7		
tiny-gpt2	jax	warm	2	18	154.9		
tiny-gpt2	jax	warm	2	19	156.5		
tiny-gpt2	jax	warm	2	20	159.3		
tiny-gpt2	jax	warm	2	21	156.8		
tiny-gpt2	jax	warm	2	22	158.2		
tiny-gpt2	jax	warm	2	23	156.8		
tiny-gpt2	jax	warm	2	24	154.0		
tiny-gpt2	jax	warm	2	25	154.1		
tiny-gpt2	jax	warm	2	26	160.9		
tiny-gpt2	jax	warm	2	27	156.6		
tiny-gpt2	jax	warm	2	28	158.8		
tiny-gpt2	jax	warm	2	29	155.0		
tiny-gpt2	jax	warm	2	30	155.3		
tiny-gpt2	jax	warm	2	31	154.3		
tiny-gpt2	jax	warm	2	32	154.9		
tiny-gpt2	jax	warm	2	33	162.9		
tiny-gpt2	jax	warm	2	34	157.6		
tiny-gpt2	jax	warm	2	35	156.5		
tiny-gpt2	jax	warm	2	36	157.0		
tiny-gpt2	jax	warm	2	37	156.3		
tiny-gpt2	jax	warm	2	38	158.6		
tiny-gpt2	jax	warm	2	39	167.9		
tiny-gpt2	jax	warm	2	40	180.6		
tiny-gpt2	jax	warm	2	41	171.0		
tiny-gpt2	jax	warm	2	42	157.9		
tiny-gpt2	jax	warm	2	43	157.3		
tiny-gpt2	jax	warm	2	44	155.7		
tiny-gpt2	jax	warm	2	45	164.6		
tiny-gpt2	jax	warm	2	46	159.0		
tiny-gpt2	jax	warm	2	47	154.7		
tiny-gpt2	jax	warm	2	48	155.9		
tiny-gpt2	jax	warm	2	49	155.9		
tiny-gpt2	jax	warm	2	50	155.6		
tiny-gpt2	jax	warm	2	51	160.7		
tiny-gpt2	jax	warm	2	52	155.9		
tiny-gpt2	jax	warm	2	53	156.0		
tiny-gpt2	jax	warm	2	54	154.5		
tiny-gpt2	jax	warm	2	55	156.1		
tiny-gpt2	jax	warm	2	56	155.0		
tiny-gpt2	jax	warm	2	57	159.4		
tiny-gpt2	jax	warm	2	58	157.8		
tiny-gpt2	jax	warm	2	59	156.1		
tiny-gpt2	jax	warm	2	60	156.7		
tiny-gpt2	jax	warm	2	61	155.8		
tiny-gpt2	jax	warm	2	62	162.1		
tiny-gpt2	jax	warm	2	63	161.1		
tiny-gpt2	jax	warm	2	64	157.5		
tiny-gpt2	jax	warm	2	65	155.5		
tiny-gpt2	jax	warm	2	66	155.7		
tiny-gpt2	jax	warm	2	67	159.5		
tiny-gpt2	jax	warm	2	68	186.4		
tiny-gpt2	jax	warm	2	69	166.9		
tiny-gpt2	jax	warm	2	70	158.2		
tiny-gpt2	jax	warm	2	71	154.0		
tiny-gpt2	jax	warm	2	72	152.4		
tiny-gpt2	jax	warm	2	73	154.4		
tiny-gpt2	jax	warm	2	74	156.3		
tiny-gpt2	jax	warm	2	75	156.8		
tiny-gpt2	jax	warm	2	76	164.0		
tiny-gpt2	jax	warm	2	77	156.3		
tiny-gpt2	jax	warm	2	78	156.4		
tiny-gpt2	jax	warm	2	79	157.7		
tiny-gpt2	jax	warm	2	80	156.1		
tiny-gpt2	jax	warm	2	81	155.9		
tiny-gpt2	jax	warm	2	82	157.7		
tiny-gpt2	jax	warm	2	83	156.8		
tiny-gpt2	jax	warm	2	84	154.8		
tiny-gpt2	jax	warm	2	85	154.8		
tiny-gpt2	jax	warm	2	86	155.5		
tiny-gpt2	jax	warm	2	87	154.6		
tiny-gpt2	jax	warm	2	88	160.9		
tiny-gpt2	jax	warm	2	89	156.8		
tiny-gpt2	jax	warm	2	90	153.5		
tiny-gpt2	jax	warm	2	91	153.4		
tiny-gpt2	jax	warm	2	92	156.2		
tiny-gpt2	jax	warm	2	93	156.2		
tiny-gpt2	jax	warm	2	94	156.3		
tiny-gpt2	jax	warm	2	95	165.4		
tiny-gpt2	jax	warm	2	96	156.2		
tiny-gpt2	jax	warm	2	97	155.3		
tiny-gpt2	jax	warm	2	98	155.8		
tiny-gpt2	jax	warm	2	99	155.3		
tiny-gpt2	jax	warm	2	100	154.5		
tiny-gpt2	jax	warm	2	101	171.9		
tiny-gpt2	jax	warm	2	102	156.2		
tiny-gpt2	jax	warm	2	103	154.2		
tiny-gpt2	jax	warm	2	104	155.7		
tiny-gpt2	jax	warm	2	105	155.9		
tiny-gpt2	jax	warm	2	106	155.0		
tiny-gpt2	jax	warm	2	107	160.6		
tiny-gpt2	jax	warm	2	108	155.9		
tiny-gpt2	jax	warm	2	109	154.0		
tiny-gpt2	jax	warm	2	110	153.9		
tiny-gpt2	jax	warm	2	111	153.7		
tiny-gpt2	jax	warm	2	112	153.8		
tiny-gpt2	jax	warm	2	113	160.8		
tiny-gpt2	jax	warm	2	114	159.3		
tiny-gpt2	jax	warm	2	115	155.1		
tiny-gpt2	jax	warm	2	116	154.9		
tiny-gpt2	jax	warm	2	117	154.5		
tiny-gpt2	jax	warm	2	118	156.0		
tiny-gpt2	jax	warm	2	119	154.9		
tiny-gpt2	jax	warm	2	120	166.3		
tiny-gpt2	jax	warm	2	121	155.4		
tiny-gpt2	jax	warm	2	122	154.3		
tiny-gpt2	jax	warm	2	123	153.8		
tiny-gpt2	jax	warm	2	124	155.2		
tiny-gpt2	jax	warm	2	125	155.7		
tiny-gpt2	jax	warm	2	126	160.0		
tiny-gpt2	jax	warm	2	127	156.8		
tiny-gpt2	jax	warm	2	128	154.0		
tiny-gpt2	jax	warm	2	129	156.8		
tiny-gpt2	jax	warm	2	130	156.2		
tiny-gpt2	jax	warm	2	131	155.2		
tiny-gpt2	jax	warm	2	132	159.7		
tiny-gpt2	jax	warm	2	133	158.5		
tiny-gpt2	jax	warm	2	134	154.9		
tiny-gpt2	jax	warm	2	135	157.5		
tiny-gpt2	jax	warm	2	136	155.2		
tiny-gpt2	jax	warm	2	137	154.4		
tiny-gpt2	jax	warm	2	138	156.1		
tiny-gpt2	jax	warm	2	139	166.8		
tiny-gpt2	jax	warm	2	140	156.9		
tiny-gpt2	jax	warm	2	141	155.2		
tiny-gpt2	jax	warm	2	142	155.0		
tiny-gpt2	jax	warm	2	143	154.2		
tiny-gpt2	jax	warm	2	144	155.1		
tiny-gpt2	jax	warm	2	145	156.3		
tiny-gpt2	jax	warm	2	146	155.7		
tiny-gpt2	jax	warm	2	147	157.0		
tiny-gpt2	jax	warm	2	148	154.6		
tiny-gpt2	jax	warm	2	149	154.8		
tiny-gpt2	jax	warm	2	150	154.9		
tiny-gpt2	jax	warm	2	151	157.8		
tiny-gpt2	jax	warm	2	152	158.2		
tiny-gpt2	jax	warm	2	153	156.2		
tiny-gpt2	jax	warm	2	154	157.4		
tiny-gpt2	jax	warm	2	155	154.2		
tiny-gpt2	jax	warm	2	156	155.1		
tiny-gpt2	jax	warm	2	157	154.7		
tiny-gpt2	jax	warm	2	158	179.3		
tiny-gpt2	jax	warm	2	159	155.9		
tiny-gpt2	jax	warm	2	160	162.5		
tiny-gpt2	jax	warm	2	161	153.0		
tiny-gpt2	jax	warm	2	162	153.8		
tiny-gpt2	jax	warm	2	163	161.5		
tiny-gpt2	jax	warm	2	164	166.1		
tiny-gpt2	jax	warm	2	165	155.7		
tiny-gpt2	jax	warm	2	166	154.1		
tiny-gpt2	jax	warm	2	167	154.4		
tiny-gpt2	jax	warm	2	168	153.7		
tiny-gpt2	jax	warm	2	169	153.7		
tiny-gpt2	jax	warm	2	170	155.7		
tiny-gpt2	jax	warm	2	171	154.6		
tiny-gpt2	jax	warm	2	172	158.7		
tiny-gpt2	jax	warm	2	173	153.3		
tiny-gpt2	jax	warm	2	174	153.5		
tiny-gpt2	jax	warm	2	175	151.4		
tiny-gpt2	jax	warm	2	176	159.3		
tiny-gpt2	jax	warm	2	177	173.5		
tiny-gpt2	jax	warm	2	178	170.5		
tiny-gpt2	jax	warm	2	179	171.1		
tiny-gpt2	jax	warm	2	180	170.0		
tiny-gpt2	jax	warm	2	181	169.5		
tiny-gpt2	jax	warm	2	182	159.5		
tiny-gpt2	jax	warm	2	183	172.1		
tiny-gpt2	jax	warm	2	184	169.0		
tiny-gpt2	jax	warm	2	185	169.2		
tiny-gpt2	jax	warm	2	186	156.6		
tiny-gpt2	jax	warm	2	187	153.4		
tiny-gpt2	jax	warm	2	188	155.2		
tiny-gpt2	jax	warm	2	189	155.3		
tiny-gpt2	jax	warm	2	190	155.0		
tiny-gpt2	jax	warm	2	191	153.6		
tiny-gpt2	jax	warm	2	192	156.1		
tiny-gpt2	jax	warm	2	193	153.9		
tiny-gpt2	jax	warm	2	194	151.4		
tiny-gpt2	jax	warm	2	195	163.6		
tiny-gpt2	jax	warm	2	196	152.5		
tiny-gpt2	jax	warm	2	197	153.1		
tiny-gpt2	jax	warm	2	198	156.8		
tiny-gpt2	jax	warm	2	199	153.9		
tiny-gpt2	jax	warm	2	200	154.7		
tiny-gpt2	jax	warm	2	201	167.3		
tiny-gpt2	jax	warm	2	202	153.6		
tiny-gpt2	jax	warm	2	203	154.6		
tiny-gpt2	jax	warm	2	204	153.7		
tiny-gpt2	jax	warm	2	205	153.9		
tiny-gpt2	jax	warm	2	206	157.1		
tiny-gpt2	jax	warm	2	207	159.4		
tiny-gpt2	jax	warm	2	208	156.6		
tiny-gpt2	jax	warm	2	209	153.4		
tiny-gpt2	jax	warm	2	210	154.4		
tiny-gpt2	jax	warm	2	211	153.4		
tiny-gpt2	jax	warm	2	212	152.1		
tiny-gpt2	jax	warm	2	213	154.3		
tiny-gpt2	jax	warm	2	214	162.6		
tiny-gpt2	jax	warm	2	215	153.3		
tiny-gpt2	jax	warm	2	216	160.5		
tiny-gpt2	jax	warm	2	217	152.3		
tiny-gpt2	jax	warm	2	218	152.7		
tiny-gpt2	jax	warm	2	219	152.4		
tiny-gpt2	jax	warm	2	220	162.1		
tiny-gpt2	jax	warm	2	221	154.4		
tiny-gpt2	jax	warm	2	222	153.5		
tiny-gpt2	jax	warm	2	223	151.9		
tiny-gpt2	jax	warm	2	224	155.0		
tiny-gpt2	jax	warm	2	225	153.5		
tiny-gpt2	jax	warm	2	226	157.1		
tiny-gpt2	jax	warm	2	227	155.4		
tiny-gpt2	jax	warm	2	228	153.6		
tiny-gpt2	jax	warm	2	229	152.5		
tiny-gpt2	jax	warm	2	230	152.1		
tiny-gpt2	jax	warm	2	231	152.4		
tiny-gpt2	jax	warm	2	232	154.1		
tiny-gpt2	jax	warm	2	233	163.5		
tiny-gpt2	jax	warm	2	234	153.9		
tiny-gpt2	jax	warm	2	235	153.3		
tiny-gpt2	jax	warm	2	236	153.6		
tiny-gpt2	jax	warm	2	237	155.0		
tiny-gpt2	jax	warm	2	238	153.7		
tiny-gpt2	jax	warm	2	239	179.7		
tiny-gpt2	jax	warm	2	240	155.4		
tiny-gpt2	jax	warm	2	241	152.7		
tiny-gpt2	jax	warm	2	242	153.4		
tiny-gpt2	jax	warm	2	243	153.3		
tiny-gpt2	jax	warm	2	244	152.8		
tiny-gpt2	jax	warm	2	245	161.8		
tiny-gpt2	jax	warm	2	246	158.5		
tiny-gpt2	jax	warm	2	247	153.6		
tiny-gpt2	jax	warm	2	248	154.0		
tiny-gpt2	jax	warm	2	249	182.1		
tiny-gpt2	jax	warm	2	250	167.0		
tiny-gpt2	jax	warm	2	251	167.4		
tiny-gpt2	jax	warm	2	252	169.6		
tiny-gpt2	jax	warm	2	253	162.8		
tiny-gpt2	jax	warm	2	254	167.7		
tiny-gpt2	jax	warm	2	255	162.6		
tiny-gpt2	jax	warm	2	256	161.1		
tiny-gpt2	jax	warm	2	257	166.0		
tiny-gpt2	jax	warm	2	258	168.6		
tiny-gpt2	jax	warm	2	259	161.6		
tiny-gpt2	jax	warm	2	260	161.6		
tiny-gpt2	jax	warm	2	261	163.7		
tiny-gpt2	jax	warm	2	262	162.2		
tiny-gpt2	jax	warm	2	263	165.1		
tiny-gpt2	jax	warm	2	264	167.5		
tiny-gpt2	jax	warm	2	265	162.1		
tiny-gpt2	jax	warm	2	266	161.1		
tiny-gpt2	jax	warm	2	267	164.6		
tiny-gpt2	jax	warm	2	268	162.0		
tiny-gpt2	jax	warm	2	269	167.6		
tiny-gpt2	jax	warm	2	270	179.3		
tiny-gpt2	jax	warm	2	271	161.8		
tiny-gpt2	jax	warm	2	272	161.2		
tiny-gpt2	jax	warm	2	273	163.5		
tiny-gpt2	jax	warm	2	274	161.1		
tiny-gpt2	jax	warm	2	275	164.9		
tiny-gpt2	jax	warm	2	276	169.7		
tiny-gpt2	jax	warm	2	277	193.8		
tiny-gpt2	jax	warm	2	278	170.1		
tiny-gpt2	jax	warm	2	279	172.1		
tiny-gpt2	jax	warm	2	280	161.2		
tiny-gpt2	jax	warm	2	281	172.3		
tiny-gpt2	jax	warm	2	282	165.8		
tiny-gpt2	jax	warm	2	283	161.1		
tiny-gpt2	jax	warm	2	284	161.5		
tiny-gpt2	jax	warm	2	285	162.5		
tiny-gpt2	jax	warm	2	286	162.2		
tiny-gpt2	jax	warm	2	287	173.7		
tiny-gpt2	jax	warm	2	288	165.4		
tiny-gpt2	jax	warm	2	289	161.4		
tiny-gpt2	jax	warm	2	290	161.0		
tiny-gpt2	jax	warm	2	291	162.4		
tiny-gpt2	jax	warm	2	292	161.3		
tiny-gpt2	jax	warm	2	293	172.5		
tiny-gpt2	jax	warm	2	294	166.5		
tiny-gpt2	jax	warm	2	295	162.1		
tiny-gpt2	jax	warm	2	296	161.3		
tiny-gpt2	jax	warm	2	297	162.7		
tiny-gpt2	jax	warm	2	298	167.3		
tiny-gpt2	jax	warm	2	299	180.2		
tiny-gpt2	torch-eager	warm	3	0	473941.8		
tiny-gpt2	torch-eager	warm	3	1	1844.2		
tiny-gpt2	torch-eager	warm	3	2	1635.8		
tiny-gpt2	torch-eager	warm	3	3	1615.5		
tiny-gpt2	torch-eager	warm	3	4	1615.8		
tiny-gpt2	torch-eager	warm	3	5	1608.8		
tiny-gpt2	torch-eager	warm	3	6	1587.6		
tiny-gpt2	torch-eager	warm	3	7	1622.9		
tiny-gpt2	torch-eager	warm	3	8	1595.0		
tiny-gpt2	torch-eager	warm	3	9	1573.1		
tiny-gpt2	torch-eager	warm	3	10	1619.1		
tiny-gpt2	torch-eager	warm	3	11	1614.6		
tiny-gpt2	torch-eager	warm	3	12	1627.4		
tiny-gpt2	torch-eager	warm	3	13	1613.9		
tiny-gpt2	torch-eager	warm	3	14	1583.3		
tiny-gpt2	torch-eager	warm	3	15	1590.7		
tiny-gpt2	torch-eager	warm	3	16	1578.8		
tiny-gpt2	torch-eager	warm	3	17	1584.5		
tiny-gpt2	torch-eager	warm	3	18	1587.4		
tiny-gpt2	torch-eager	warm	3	19	1577.1		
tiny-gpt2	torch-eager	warm	3	20	1584.3		
tiny-gpt2	torch-eager	warm	3	21	1574.5		
tiny-gpt2	torch-eager	warm	3	22	1581.4		
tiny-gpt2	torch-eager	warm	3	23	1583.1		
tiny-gpt2	torch-eager	warm	3	24	1619.6		
tiny-gpt2	torch-eager	warm	3	25	1581.4		
tiny-gpt2	torch-eager	warm	3	26	1580.5		
tiny-gpt2	torch-eager	warm	3	27	1587.9		
tiny-gpt2	torch-eager	warm	3	28	1596.0		
tiny-gpt2	torch-eager	warm	3	29	1573.8		
tiny-gpt2	torch-eager	warm	3	30	1594.1		
tiny-gpt2	torch-eager	warm	3	31	1578.1		
tiny-gpt2	torch-eager	warm	3	32	1614.6		
tiny-gpt2	torch-eager	warm	3	33	1647.0		
tiny-gpt2	torch-eager	warm	3	34	1578.3		
tiny-gpt2	torch-eager	warm	3	35	1593.8		
tiny-gpt2	torch-eager	warm	3	36	1579.0		
tiny-gpt2	torch-eager	warm	3	37	1599.6		
tiny-gpt2	torch-eager	warm	3	38	1599.6		
tiny-gpt2	torch-eager	warm	3	39	1577.4		
tiny-gpt2	torch-eager	warm	3	40	1628.9		
tiny-gpt2	torch-eager	warm	3	41	1577.1		
tiny-gpt2	torch-eager	warm	3	42	1591.4		
tiny-gpt2	torch-eager	warm	3	43	1580.2		
tiny-gpt2	torch-eager	warm	3	44	1580.7		
tiny-gpt2	torch-eager	warm	3	45	1580.0		
tiny-gpt2	torch-eager	warm	3	46	1578.8		
tiny-gpt2	torch-eager	warm	3	47	1630.5		
tiny-gpt2	torch-eager	warm	3	48	1570.2		
tiny-gpt2	torch-eager	warm	3	49	1582.9		
tiny-gpt2	torch-eager	warm	3	50	1582.4		
tiny-gpt2	torch-eager	warm	3	51	1572.8		
tiny-gpt2	torch-eager	warm	3	52	1579.8		
tiny-gpt2	torch-eager	warm	3	53	1845.4		
tiny-gpt2	torch-eager	warm	3	54	1606.2		
tiny-gpt2	torch-eager	warm	3	55	1610.8		
tiny-gpt2	torch-eager	warm	3	56	1601.9		
tiny-gpt2	torch-eager	warm	3	57	1620.8		
tiny-gpt2	torch-eager	warm	3	58	1602.4		
tiny-gpt2	torch-eager	warm	3	59	1611.0		
tiny-gpt2	torch-eager	warm	3	60	1620.8		
tiny-gpt2	torch-eager	warm	3	61	1594.5		
tiny-gpt2	torch-eager	warm	3	62	1578.6		
tiny-gpt2	torch-eager	warm	3	63	1593.6		
tiny-gpt2	torch-eager	warm	3	64	1577.1		
tiny-gpt2	torch-eager	warm	3	65	1597.6		
tiny-gpt2	torch-eager	warm	3	66	1586.0		
tiny-gpt2	torch-eager	warm	3	67	1607.9		
tiny-gpt2	torch-eager	warm	3	68	1597.6		
tiny-gpt2	torch-eager	warm	3	69	1582.4		
tiny-gpt2	torch-eager	warm	3	70	1588.3		
tiny-gpt2	torch-eager	warm	3	71	1616.5		
tiny-gpt2	torch-eager	warm	3	72	1585.2		
tiny-gpt2	torch-eager	warm	3	73	1628.2		
tiny-gpt2	torch-eager	warm	3	74	1600.7		
tiny-gpt2	torch-eager	warm	3	75	1589.1		
tiny-gpt2	torch-eager	warm	3	76	1580.7		
tiny-gpt2	torch-eager	warm	3	77	1593.8		
tiny-gpt2	torch-eager	warm	3	78	1584.8		
tiny-gpt2	torch-eager	warm	3	79	1575.9		
tiny-gpt2	torch-eager	warm	3	80	1591.4		
tiny-gpt2	torch-eager	warm	3	81	1588.1		
tiny-gpt2	torch-eager	warm	3	82	1580.5		
tiny-gpt2	torch-eager	warm	3	83	1577.6		
tiny-gpt2	torch-eager	warm	3	84	1573.3		
tiny-gpt2	torch-eager	warm	3	85	1577.6		
tiny-gpt2	torch-eager	warm	3	86	1602.6		
tiny-gpt2	torch-eager	warm	3	87	1588.6		
tiny-gpt2	torch-eager	warm	3	88	1595.5		
tiny-gpt2	torch-eager	warm	3	89	1571.2		
tiny-gpt2	torch-eager	warm	3	90	1598.6		
tiny-gpt2	torch-eager	warm	3	91	1580.5		
tiny-gpt2	torch-eager	warm	3	92	1591.4		
tiny-gpt2	torch-eager	warm	3	93	1595.3		
tiny-gpt2	torch-eager	warm	3	94	1661.3		
tiny-gpt2	torch-eager	warm	3	95	1611.0		
tiny-gpt2	torch-eager	warm	3	96	1584.1		
tiny-gpt2	torch-eager	warm	3	97	1583.8		
tiny-gpt2	torch-eager	warm	3	98	1601.5		
tiny-gpt2	torch-eager	warm	3	99	1563.3		
tiny-gpt2	torch-eager	warm	3	100	1581.4		
tiny-gpt2	torch-eager	warm	3	101	1586.0		
tiny-gpt2	torch-eager	warm	3	102	1578.3		
tiny-gpt2	torch-eager	warm	3	103	2740.6		
tiny-gpt2	torch-eager	warm	3	104	1679.7		
tiny-gpt2	torch-eager	warm	3	105	1681.1		
tiny-gpt2	torch-eager	warm	3	106	1676.6		
tiny-gpt2	torch-eager	warm	3	107	1656.5		
tiny-gpt2	torch-eager	warm	3	108	1683.5		
tiny-gpt2	torch-eager	warm	3	109	1670.8		
tiny-gpt2	torch-eager	warm	3	110	1677.8		
tiny-gpt2	torch-eager	warm	3	111	1684.4		
tiny-gpt2	torch-eager	warm	3	112	1698.3		
tiny-gpt2	torch-eager	warm	3	113	1672.7		
tiny-gpt2	torch-eager	warm	3	114	1737.1		
tiny-gpt2	torch-eager	warm	3	115	1682.5		
tiny-gpt2	torch-eager	warm	3	116	1680.9		
tiny-gpt2	torch-eager	warm	3	117	1685.6		
tiny-gpt2	torch-eager	warm	3	118	1673.5		
tiny-gpt2	torch-eager	warm	3	119	1682.0		
tiny-gpt2	torch-eager	warm	3	120	1690.6		
tiny-gpt2	torch-eager	warm	3	121	1678.2		
tiny-gpt2	torch-eager	warm	3	122	1674.4		
tiny-gpt2	torch-eager	warm	3	123	1678.0		
tiny-gpt2	torch-eager	warm	3	124	1685.1		
tiny-gpt2	torch-eager	warm	3	125	1695.4		
tiny-gpt2	torch-eager	warm	3	126	1667.5		
tiny-gpt2	torch-eager	warm	3	127	1673.7		
tiny-gpt2	torch-eager	warm	3	128	1674.9		
tiny-gpt2	torch-eager	warm	3	129	1678.7		
tiny-gpt2	torch-eager	warm	3	130	1690.9		
tiny-gpt2	torch-eager	warm	3	131	1687.0		
tiny-gpt2	torch-eager	warm	3	132	1681.1		
tiny-gpt2	torch-eager	warm	3	133	1677.3		
tiny-gpt2	torch-eager	warm	3	134	1711.4		
tiny-gpt2	torch-eager	warm	3	135	1675.8		
tiny-gpt2	torch-eager	warm	3	136	1667.0		
tiny-gpt2	torch-eager	warm	3	137	1689.2		
tiny-gpt2	torch-eager	warm	3	138	1675.4		
tiny-gpt2	torch-eager	warm	3	139	1674.7		
tiny-gpt2	torch-eager	warm	3	140	1687.0		
tiny-gpt2	torch-eager	warm	3	141	1680.9		
tiny-gpt2	torch-eager	warm	3	142	1664.6		
tiny-gpt2	torch-eager	warm	3	143	1686.3		
tiny-gpt2	torch-eager	warm	3	144	1679.4		
tiny-gpt2	torch-eager	warm	3	145	1678.9		
tiny-gpt2	torch-eager	warm	3	146	1683.0		
tiny-gpt2	torch-eager	warm	3	147	1689.4		
tiny-gpt2	torch-eager	warm	3	148	1669.4		
tiny-gpt2	torch-eager	warm	3	149	1676.3		
tiny-gpt2	torch-eager	warm	3	150	1678.5		
tiny-gpt2	torch-eager	warm	3	151	1694.2		
tiny-gpt2	torch-eager	warm	3	152	1668.0		
tiny-gpt2	torch-eager	warm	3	153	1681.8		
tiny-gpt2	torch-eager	warm	3	154	1746.4		
tiny-gpt2	torch-eager	warm	3	155	1670.6		
tiny-gpt2	torch-eager	warm	3	156	1674.9		
tiny-gpt2	torch-eager	warm	3	157	1683.2		
tiny-gpt2	torch-eager	warm	3	158	1665.1		
tiny-gpt2	torch-eager	warm	3	159	1678.7		
tiny-gpt2	torch-eager	warm	3	160	1669.2		
tiny-gpt2	torch-eager	warm	3	161	1675.8		
tiny-gpt2	torch-eager	warm	3	162	1676.8		
tiny-gpt2	torch-eager	warm	3	163	1728.3		
tiny-gpt2	torch-eager	warm	3	164	1667.3		
tiny-gpt2	torch-eager	warm	3	165	1679.4		
tiny-gpt2	torch-eager	warm	3	166	1683.0		
tiny-gpt2	torch-eager	warm	3	167	1675.1		
tiny-gpt2	torch-eager	warm	3	168	1673.7		
tiny-gpt2	torch-eager	warm	3	169	1685.9		
tiny-gpt2	torch-eager	warm	3	170	1681.8		
tiny-gpt2	torch-eager	warm	3	171	1676.1		
tiny-gpt2	torch-eager	warm	3	172	1679.9		
tiny-gpt2	torch-eager	warm	3	173	1708.0		
tiny-gpt2	torch-eager	warm	3	174	1702.8		
tiny-gpt2	torch-eager	warm	3	175	1678.5		
tiny-gpt2	torch-eager	warm	3	176	1682.5		
tiny-gpt2	torch-eager	warm	3	177	1688.2		
tiny-gpt2	torch-eager	warm	3	178	1671.1		
tiny-gpt2	torch-eager	warm	3	179	1670.6		
tiny-gpt2	torch-eager	warm	3	180	1667.5		
tiny-gpt2	torch-eager	warm	3	181	1687.8		
tiny-gpt2	torch-eager	warm	3	182	1679.7		
tiny-gpt2	torch-eager	warm	3	183	1660.8		
tiny-gpt2	torch-eager	warm	3	184	1685.1		
tiny-gpt2	torch-eager	warm	3	185	1680.6		
tiny-gpt2	torch-eager	warm	3	186	1675.6		
tiny-gpt2	torch-eager	warm	3	187	1692.3		
tiny-gpt2	torch-eager	warm	3	188	1683.5		
tiny-gpt2	torch-eager	warm	3	189	1685.1		
tiny-gpt2	torch-eager	warm	3	190	1666.3		
tiny-gpt2	torch-eager	warm	3	191	1724.2		
tiny-gpt2	torch-eager	warm	3	192	1698.5		
tiny-gpt2	torch-eager	warm	3	193	1707.8		
tiny-gpt2	torch-eager	warm	3	194	1677.5		
tiny-gpt2	torch-eager	warm	3	195	1699.9		
tiny-gpt2	torch-eager	warm	3	196	1675.1		
tiny-gpt2	torch-eager	warm	3	197	1692.5		
tiny-gpt2	torch-eager	warm	3	198	1689.4		
tiny-gpt2	torch-eager	warm	3	199	1712.8		
tiny-gpt2	torch-eager	warm	3	200	1684.2		
tiny-gpt2	torch-eager	warm	3	201	1710.4		
tiny-gpt2	torch-eager	warm	3	202	1690.6		
tiny-gpt2	torch-eager	warm	3	203	1673.9		
tiny-gpt2	torch-eager	warm	3	204	1703.7		
tiny-gpt2	torch-eager	warm	3	205	1682.3		
tiny-gpt2	torch-eager	warm	3	206	1677.3		
tiny-gpt2	torch-eager	warm	3	207	1682.8		
tiny-gpt2	torch-eager	warm	3	208	1691.1		
tiny-gpt2	torch-eager	warm	3	209	1665.4		
tiny-gpt2	torch-eager	warm	3	210	1681.8		
tiny-gpt2	torch-eager	warm	3	211	1682.5		
tiny-gpt2	torch-eager	warm	3	212	1729.0		
tiny-gpt2	torch-eager	warm	3	213	1709.0		
tiny-gpt2	torch-eager	warm	3	214	1686.1		
tiny-gpt2	torch-eager	warm	3	215	1685.1		
tiny-gpt2	torch-eager	warm	3	216	1689.9		
tiny-gpt2	torch-eager	warm	3	217	1676.6		
tiny-gpt2	torch-eager	warm	3	218	1683.0		
tiny-gpt2	torch-eager	warm	3	219	1676.6		
tiny-gpt2	torch-eager	warm	3	220	1698.7		
tiny-gpt2	torch-eager	warm	3	221	1699.7		
tiny-gpt2	torch-eager	warm	3	222	1665.6		
tiny-gpt2	torch-eager	warm	3	223	1680.4		
tiny-gpt2	torch-eager	warm	3	224	1673.9		
tiny-gpt2	torch-eager	warm	3	225	1685.1		
tiny-gpt2	torch-eager	warm	3	226	1677.8		
tiny-gpt2	torch-eager	warm	3	227	1677.5		
tiny-gpt2	torch-eager	warm	3	228	1682.3		
tiny-gpt2	torch-eager	warm	3	229	1670.6		
tiny-gpt2	torch-eager	warm	3	230	1674.2		
tiny-gpt2	torch-eager	warm	3	231	1681.1		
tiny-gpt2	torch-eager	warm	3	232	1708.7		
tiny-gpt2	torch-eager	warm	3	233	1684.7		
tiny-gpt2	torch-eager	warm	3	234	1685.6		
tiny-gpt2	torch-eager	warm	3	235	1670.4		
tiny-gpt2	torch-eager	warm	3	236	1689.9		
tiny-gpt2	torch-eager	warm	3	237	1681.1		
tiny-gpt2	torch-eager	warm	3	238	1688.0		
tiny-gpt2	torch-eager	warm	3	239	1753.6		
tiny-gpt2	torch-eager	warm	3	240	1705.9		
tiny-gpt2	torch-eager	warm	3	241	1689.9		
tiny-gpt2	torch-eager	warm	3	242	1673.2		
tiny-gpt2	torch-eager	warm	3	243	1697.8		
tiny-gpt2	torch-eager	warm	3	244	1684.4		
tiny-gpt2	torch-eager	warm	3	245	1663.2		
tiny-gpt2	torch-eager	warm	3	246	1676.1		
tiny-gpt2	torch-eager	warm	3	247	1691.6		
tiny-gpt2	torch-eager	warm	3	248	1702.3		
tiny-gpt2	torch-eager	warm	3	249	1677.0		
tiny-gpt2	torch-eager	warm	3	250	1689.2		
tiny-gpt2	torch-eager	warm	3	251	1693.5		
tiny-gpt2	torch-eager	warm	3	252	1743.8		
tiny-gpt2	torch-eager	warm	3	253	1679.9		
tiny-gpt2	torch-eager	warm	3	254	1689.7		
tiny-gpt2	torch-eager	warm	3	255	1680.6		
tiny-gpt2	torch-eager	warm	3	256	1678.2		
tiny-gpt2	torch-eager	warm	3	257	1686.3		
tiny-gpt2	torch-eager	warm	3	258	1666.3		
tiny-gpt2	torch-eager	warm	3	259	1688.2		
tiny-gpt2	torch-eager	warm	3	260	1680.1		
tiny-gpt2	torch-eager	warm	3	261	1675.4		
tiny-gpt2	torch-eager	warm	3	262	1680.4		
tiny-gpt2	torch-eager	warm	3	263	1695.6		
tiny-gpt2	torch-eager	warm	3	264	1675.8		
tiny-gpt2	torch-eager	warm	3	265	1683.7		
tiny-gpt2	torch-eager	warm	3	266	1670.1		
tiny-gpt2	torch-eager	warm	3	267	1679.4		
tiny-gpt2	torch-eager	warm	3	268	1689.9		
tiny-gpt2	torch-eager	warm	3	269	1686.8		
tiny-gpt2	torch-eager	warm	3	270	1667.3		
tiny-gpt2	torch-eager	warm	3	271	1690.1		
tiny-gpt2	torch-eager	warm	3	272	1723.3		
tiny-gpt2	torch-eager	warm	3	273	1694.0		
tiny-gpt2	torch-eager	warm	3	274	1678.7		
tiny-gpt2	torch-eager	warm	3	275	1701.4		
tiny-gpt2	torch-eager	warm	3	276	1703.0		
tiny-gpt2	torch-eager	warm	3	277	1674.9		
tiny-gpt2	torch-eager	warm	3	278	1687.3		
tiny-gpt2	torch-eager	warm	3	279	1700.9		
tiny-gpt2	torch-eager	warm	3	280	1679.7		
tiny-gpt2	torch-eager	warm	3	281	1691.1		
tiny-gpt2	torch-eager	warm	3	282	1682.0		
tiny-gpt2	torch-eager	warm	3	283	1691.1		
tiny-gpt2	torch-eager	warm	3	284	1682.3		
tiny-gpt2	torch-eager	warm	3	285	1701.8		
tiny-gpt2	torch-eager	warm	3	286	1674.4		
tiny-gpt2	torch-eager	warm	3	287	1677.5		
tiny-gpt2	torch-eager	warm	3	288	1684.7		
tiny-gpt2	torch-eager	warm	3	289	1705.4		
tiny-gpt2	torch-eager	warm	3	290	1674.2		
tiny-gpt2	torch-eager	warm	3	291	1703.3		
tiny-gpt2	torch-eager	warm	3	292	1706.6		
tiny-gpt2	torch-eager	warm	3	293	1679.2		
tiny-gpt2	torch-eager	warm	3	294	1685.4		
tiny-gpt2	torch-eager	warm	3	295	1704.9		
tiny-gpt2	torch-eager	warm	3	296	1739.7		
tiny-gpt2	torch-eager	warm	3	297	1691.3		
tiny-gpt2	torch-eager	warm	3	298	1678.0		
tiny-gpt2	torch-eager	warm	3	299	1697.3		
tiny-gpt2	ours	warm	3	0	116859.0	0	106
tiny-gpt2	ours	warm	3	1	13750.1	0	64
tiny-gpt2	ours	warm	3	2	280.9	0	18
tiny-gpt2	ours	warm	3	3	10653.0	0	54
tiny-gpt2	ours	warm	3	4	21518.0	0	100
tiny-gpt2	ours	warm	3	5	904.1	0	14
tiny-gpt2	ours	warm	3	6	267.0	0	14
tiny-gpt2	ours	warm	3	7	2018.0	0	14
tiny-gpt2	ours	warm	3	8	146.9	0	14
tiny-gpt2	ours	warm	3	9	137.8	0	14
tiny-gpt2	ours	warm	3	10	142.8	0	14
tiny-gpt2	ours	warm	3	11	139.0	0	14
tiny-gpt2	ours	warm	3	12	135.9	0	14
tiny-gpt2	ours	warm	3	13	235.1	0	14
tiny-gpt2	ours	warm	3	14	147.1	0	14
tiny-gpt2	ours	warm	3	15	137.1	0	14
tiny-gpt2	ours	warm	3	16	225.1	0	14
tiny-gpt2	ours	warm	3	17	144.0	0	14
tiny-gpt2	ours	warm	3	18	135.9	0	14
tiny-gpt2	ours	warm	3	19	217.0	0	14
tiny-gpt2	ours	warm	3	20	143.1	0	14
tiny-gpt2	ours	warm	3	21	134.9	0	14
tiny-gpt2	ours	warm	3	22	215.1	0	14
tiny-gpt2	ours	warm	3	23	142.1	0	14
tiny-gpt2	ours	warm	3	24	135.9	0	14
tiny-gpt2	ours	warm	3	25	217.9	0	14
tiny-gpt2	ours	warm	3	26	144.0	0	14
tiny-gpt2	ours	warm	3	27	134.9	0	14
tiny-gpt2	ours	warm	3	28	224.8	0	14
tiny-gpt2	ours	warm	3	29	141.9	0	14
tiny-gpt2	ours	warm	3	30	128.0	0	14
tiny-gpt2	ours	warm	3	31	241.0	0	14
tiny-gpt2	ours	warm	3	32	143.1	0	14
tiny-gpt2	ours	warm	3	33	134.9	0	14
tiny-gpt2	ours	warm	3	34	216.0	0	14
tiny-gpt2	ours	warm	3	35	140.9	0	14
tiny-gpt2	ours	warm	3	36	137.1	0	14
tiny-gpt2	ours	warm	3	37	211.0	0	14
tiny-gpt2	ours	warm	3	38	142.1	0	14
tiny-gpt2	ours	warm	3	39	136.9	0	14
tiny-gpt2	ours	warm	3	40	214.8	0	14
tiny-gpt2	ours	warm	3	41	140.9	0	14
tiny-gpt2	ours	warm	3	42	137.1	0	14
tiny-gpt2	ours	warm	3	43	210.0	0	14
tiny-gpt2	ours	warm	3	44	142.1	0	14
tiny-gpt2	ours	warm	3	45	134.9	0	14
tiny-gpt2	ours	warm	3	46	209.1	0	14
tiny-gpt2	ours	warm	3	47	140.0	0	14
tiny-gpt2	ours	warm	3	48	136.9	0	14
tiny-gpt2	ours	warm	3	49	220.1	0	14
tiny-gpt2	ours	warm	3	50	141.1	0	14
tiny-gpt2	ours	warm	3	51	134.9	0	14
tiny-gpt2	ours	warm	3	52	214.1	0	14
tiny-gpt2	ours	warm	3	53	133.0	0	14
tiny-gpt2	ours	warm	3	54	137.1	0	14
tiny-gpt2	ours	warm	3	55	216.0	0	14
tiny-gpt2	ours	warm	3	56	140.9	0	14
tiny-gpt2	ours	warm	3	57	135.9	0	14
tiny-gpt2	ours	warm	3	58	218.2	0	14
tiny-gpt2	ours	warm	3	59	141.9	0	14
tiny-gpt2	ours	warm	3	60	135.9	0	14
tiny-gpt2	ours	warm	3	61	222.0	0	14
tiny-gpt2	ours	warm	3	62	134.2	0	14
tiny-gpt2	ours	warm	3	63	135.9	0	14
tiny-gpt2	ours	warm	3	64	224.1	0	14
tiny-gpt2	ours	warm	3	65	142.1	0	14
tiny-gpt2	ours	warm	3	66	135.9	0	14
tiny-gpt2	ours	warm	3	67	219.1	0	14
tiny-gpt2	ours	warm	3	68	142.1	0	14
tiny-gpt2	ours	warm	3	69	144.0	0	14
tiny-gpt2	ours	warm	3	70	242.0	0	14
tiny-gpt2	ours	warm	3	71	143.1	0	14
tiny-gpt2	ours	warm	3	72	137.1	0	14
tiny-gpt2	ours	warm	3	73	217.0	0	14
tiny-gpt2	ours	warm	3	74	141.1	0	14
tiny-gpt2	ours	warm	3	75	134.9	0	14
tiny-gpt2	ours	warm	3	76	224.1	0	14
tiny-gpt2	ours	warm	3	77	140.9	0	14
tiny-gpt2	ours	warm	3	78	128.0	0	14
tiny-gpt2	ours	warm	3	79	216.0	0	14
tiny-gpt2	ours	warm	3	80	141.1	0	14
tiny-gpt2	ours	warm	3	81	137.1	0	14
tiny-gpt2	ours	warm	3	82	217.9	0	14
tiny-gpt2	ours	warm	3	83	134.9	0	14
tiny-gpt2	ours	warm	3	84	136.1	0	14
tiny-gpt2	ours	warm	3	85	219.1	0	14
tiny-gpt2	ours	warm	3	86	140.9	0	14
tiny-gpt2	ours	warm	3	87	145.2	0	14
tiny-gpt2	ours	warm	3	88	215.1	0	14
tiny-gpt2	ours	warm	3	89	140.9	0	14
tiny-gpt2	ours	warm	3	90	136.1	0	14
tiny-gpt2	ours	warm	3	91	216.0	0	14
tiny-gpt2	ours	warm	3	92	140.0	0	14
tiny-gpt2	ours	warm	3	93	135.2	0	14
tiny-gpt2	ours	warm	3	94	213.9	0	14
tiny-gpt2	ours	warm	3	95	140.9	0	14
tiny-gpt2	ours	warm	3	96	137.1	0	14
tiny-gpt2	ours	warm	3	97	217.9	0	14
tiny-gpt2	ours	warm	3	98	140.9	0	14
tiny-gpt2	ours	warm	3	99	134.0	0	14
tiny-gpt2	ours	warm	3	100	218.2	0	14
tiny-gpt2	ours	warm	3	101	140.9	0	14
tiny-gpt2	ours	warm	3	102	136.9	0	14
tiny-gpt2	ours	warm	3	103	219.1	0	14
tiny-gpt2	ours	warm	3	104	141.1	0	14
tiny-gpt2	ours	warm	3	105	131.8	0	14
tiny-gpt2	ours	warm	3	106	208.1	0	14
tiny-gpt2	ours	warm	3	107	141.1	0	14
tiny-gpt2	ours	warm	3	108	134.9	0	14
tiny-gpt2	ours	warm	3	109	217.0	0	14
tiny-gpt2	ours	warm	3	110	140.9	0	14
tiny-gpt2	ours	warm	3	111	134.9	0	14
tiny-gpt2	ours	warm	3	112	209.1	0	14
tiny-gpt2	ours	warm	3	113	140.9	0	14
tiny-gpt2	ours	warm	3	114	135.9	0	14
tiny-gpt2	ours	warm	3	115	213.1	0	14
tiny-gpt2	ours	warm	3	116	140.9	0	14
tiny-gpt2	ours	warm	3	117	137.1	0	14
tiny-gpt2	ours	warm	3	118	222.0	0	14
tiny-gpt2	ours	warm	3	119	145.0	0	14
tiny-gpt2	ours	warm	3	120	128.0	0	14
tiny-gpt2	ours	warm	3	121	222.0	0	14
tiny-gpt2	ours	warm	3	122	140.0	0	14
tiny-gpt2	ours	warm	3	123	134.9	0	14
tiny-gpt2	ours	warm	3	124	206.0	0	14
tiny-gpt2	ours	warm	3	125	141.9	0	14
tiny-gpt2	ours	warm	3	126	137.1	0	14
tiny-gpt2	ours	warm	3	127	236.0	0	14
tiny-gpt2	ours	warm	3	128	140.0	0	14
tiny-gpt2	ours	warm	3	129	139.0	0	14
tiny-gpt2	ours	warm	3	130	207.9	0	14
tiny-gpt2	ours	warm	3	131	147.1	0	14
tiny-gpt2	ours	warm	3	132	135.9	0	14
tiny-gpt2	ours	warm	3	133	218.9	0	14
tiny-gpt2	ours	warm	3	134	143.1	0	14
tiny-gpt2	ours	warm	3	135	135.2	0	14
tiny-gpt2	ours	warm	3	136	216.0	0	14
tiny-gpt2	ours	warm	3	137	142.1	0	14
tiny-gpt2	ours	warm	3	138	136.9	0	14
tiny-gpt2	ours	warm	3	139	219.1	0	14
tiny-gpt2	ours	warm	3	140	140.2	0	14
tiny-gpt2	ours	warm	3	141	135.9	0	14
tiny-gpt2	ours	warm	3	142	211.0	0	14
tiny-gpt2	ours	warm	3	143	144.0	0	14
tiny-gpt2	ours	warm	3	144	134.9	0	14
tiny-gpt2	ours	warm	3	145	217.9	0	14
tiny-gpt2	ours	warm	3	146	140.9	0	14
tiny-gpt2	ours	warm	3	147	135.2	0	14
tiny-gpt2	ours	warm	3	148	224.8	0	14
tiny-gpt2	ours	warm	3	149	141.9	0	14
tiny-gpt2	ours	warm	3	150	137.8	0	14
tiny-gpt2	ours	warm	3	151	218.2	0	14
tiny-gpt2	ours	warm	3	152	140.9	0	14
tiny-gpt2	ours	warm	3	153	136.9	0	14
tiny-gpt2	ours	warm	3	154	212.0	0	14
tiny-gpt2	ours	warm	3	155	139.0	0	14
tiny-gpt2	ours	warm	3	156	138.0	0	14
tiny-gpt2	ours	warm	3	157	222.0	0	14
tiny-gpt2	ours	warm	3	158	143.1	0	14
tiny-gpt2	ours	warm	3	159	138.0	0	14
tiny-gpt2	ours	warm	3	160	211.0	0	14
tiny-gpt2	ours	warm	3	161	141.9	0	14
tiny-gpt2	ours	warm	3	162	135.9	0	14
tiny-gpt2	ours	warm	3	163	209.1	0	14
tiny-gpt2	ours	warm	3	164	143.1	0	14
tiny-gpt2	ours	warm	3	165	135.9	0	14
tiny-gpt2	ours	warm	3	166	208.1	0	14
tiny-gpt2	ours	warm	3	167	164.0	0	14
tiny-gpt2	ours	warm	3	168	137.1	0	14
tiny-gpt2	ours	warm	3	169	222.0	0	14
tiny-gpt2	ours	warm	3	170	142.1	0	14
tiny-gpt2	ours	warm	3	171	134.0	0	14
tiny-gpt2	ours	warm	3	172	207.2	0	14
tiny-gpt2	ours	warm	3	173	143.1	0	14
tiny-gpt2	ours	warm	3	174	136.9	0	14
tiny-gpt2	ours	warm	3	175	218.9	0	14
tiny-gpt2	ours	warm	3	176	142.1	0	14
tiny-gpt2	ours	warm	3	177	137.1	0	14
tiny-gpt2	ours	warm	3	178	210.0	0	14
tiny-gpt2	ours	warm	3	179	145.0	0	14
tiny-gpt2	ours	warm	3	180	136.9	0	14
tiny-gpt2	ours	warm	3	181	223.2	0	14
tiny-gpt2	ours	warm	3	182	140.0	0	14
tiny-gpt2	ours	warm	3	183	135.2	0	14
tiny-gpt2	ours	warm	3	184	207.9	0	14
tiny-gpt2	ours	warm	3	185	149.0	0	14
tiny-gpt2	ours	warm	3	186	136.1	0	14
tiny-gpt2	ours	warm	3	187	217.9	0	14
tiny-gpt2	ours	warm	3	188	140.0	0	14
tiny-gpt2	ours	warm	3	189	138.0	0	14
tiny-gpt2	ours	warm	3	190	206.0	0	14
tiny-gpt2	ours	warm	3	191	163.1	0	14
tiny-gpt2	ours	warm	3	192	135.9	0	14
tiny-gpt2	ours	warm	3	193	225.8	0	14
tiny-gpt2	ours	warm	3	194	140.9	0	14
tiny-gpt2	ours	warm	3	195	136.1	0	14
tiny-gpt2	ours	warm	3	196	212.0	0	14
tiny-gpt2	ours	warm	3	197	145.2	0	14
tiny-gpt2	ours	warm	3	198	136.9	0	14
tiny-gpt2	ours	warm	3	199	217.9	0	14
tiny-gpt2	ours	warm	3	200	136.1	0	14
tiny-gpt2	ours	warm	3	201	138.0	0	14
tiny-gpt2	ours	warm	3	202	216.0	0	14
tiny-gpt2	ours	warm	3	203	141.1	0	14
tiny-gpt2	ours	warm	3	204	138.0	0	14
tiny-gpt2	ours	warm	3	205	232.9	0	14
tiny-gpt2	ours	warm	3	206	158.1	0	14
tiny-gpt2	ours	warm	3	207	136.1	0	14
tiny-gpt2	ours	warm	3	208	214.8	0	14
tiny-gpt2	ours	warm	3	209	140.9	0	14
tiny-gpt2	ours	warm	3	210	139.0	0	14
tiny-gpt2	ours	warm	3	211	218.2	0	14
tiny-gpt2	ours	warm	3	212	134.9	0	14
tiny-gpt2	ours	warm	3	213	137.1	0	14
tiny-gpt2	ours	warm	3	214	206.9	0	14
tiny-gpt2	ours	warm	3	215	143.1	0	14
tiny-gpt2	ours	warm	3	216	135.9	0	14
tiny-gpt2	ours	warm	3	217	216.0	0	14
tiny-gpt2	ours	warm	3	218	142.1	0	14
tiny-gpt2	ours	warm	3	219	127.1	0	14
tiny-gpt2	ours	warm	3	220	209.1	0	14
tiny-gpt2	ours	warm	3	221	145.0	0	14
tiny-gpt2	ours	warm	3	222	129.0	0	14
tiny-gpt2	ours	warm	3	223	237.0	0	14
tiny-gpt2	ours	warm	3	224	134.0	0	14
tiny-gpt2	ours	warm	3	225	135.9	0	14
tiny-gpt2	ours	warm	3	226	205.0	0	14
tiny-gpt2	ours	warm	3	227	142.8	0	14
tiny-gpt2	ours	warm	3	228	135.2	0	14
tiny-gpt2	ours	warm	3	229	229.8	0	14
tiny-gpt2	ours	warm	3	230	140.9	0	14
tiny-gpt2	ours	warm	3	231	137.1	0	14
tiny-gpt2	ours	warm	3	232	205.0	0	14
tiny-gpt2	ours	warm	3	233	143.1	0	14
tiny-gpt2	ours	warm	3	234	138.0	0	14
tiny-gpt2	ours	warm	3	235	218.9	0	14
tiny-gpt2	ours	warm	3	236	141.9	0	14
tiny-gpt2	ours	warm	3	237	136.1	0	14
tiny-gpt2	ours	warm	3	238	207.9	0	14
tiny-gpt2	ours	warm	3	239	151.2	0	14
tiny-gpt2	ours	warm	3	240	136.9	0	14
tiny-gpt2	ours	warm	3	241	226.0	0	14
tiny-gpt2	ours	warm	3	242	141.9	0	14
tiny-gpt2	ours	warm	3	243	134.9	0	14
tiny-gpt2	ours	warm	3	244	206.0	0	14
tiny-gpt2	ours	warm	3	245	142.1	0	14
tiny-gpt2	ours	warm	3	246	137.1	0	14
tiny-gpt2	ours	warm	3	247	220.1	0	14
tiny-gpt2	ours	warm	3	248	139.0	0	14
tiny-gpt2	ours	warm	3	249	134.9	0	14
tiny-gpt2	ours	warm	3	250	206.9	0	14
tiny-gpt2	ours	warm	3	251	149.0	0	14
tiny-gpt2	ours	warm	3	252	137.1	0	14
tiny-gpt2	ours	warm	3	253	221.0	0	14
tiny-gpt2	ours	warm	3	254	144.0	0	14
tiny-gpt2	ours	warm	3	255	139.0	0	14
tiny-gpt2	ours	warm	3	256	214.1	0	14
tiny-gpt2	ours	warm	3	257	143.1	0	14
tiny-gpt2	ours	warm	3	258	136.9	0	14
tiny-gpt2	ours	warm	3	259	218.2	0	14
tiny-gpt2	ours	warm	3	260	140.9	0	14
tiny-gpt2	ours	warm	3	261	135.9	0	14
tiny-gpt2	ours	warm	3	262	212.0	0	14
tiny-gpt2	ours	warm	3	263	141.9	0	14
tiny-gpt2	ours	warm	3	264	136.1	0	14
tiny-gpt2	ours	warm	3	265	220.1	0	14
tiny-gpt2	ours	warm	3	266	142.1	0	14
tiny-gpt2	ours	warm	3	267	137.1	0	14
tiny-gpt2	ours	warm	3	268	206.0	0	14
tiny-gpt2	ours	warm	3	269	158.1	0	14
tiny-gpt2	ours	warm	3	270	135.9	0	14
tiny-gpt2	ours	warm	3	271	237.0	0	14
tiny-gpt2	ours	warm	3	272	142.8	0	14
tiny-gpt2	ours	warm	3	273	134.0	0	14
tiny-gpt2	ours	warm	3	274	202.9	0	14
tiny-gpt2	ours	warm	3	275	142.1	0	14
tiny-gpt2	ours	warm	3	276	134.9	0	14
tiny-gpt2	ours	warm	3	277	222.9	0	14
tiny-gpt2	ours	warm	3	278	134.9	0	14
tiny-gpt2	ours	warm	3	279	135.2	0	14
tiny-gpt2	ours	warm	3	280	205.0	0	14
tiny-gpt2	ours	warm	3	281	141.9	0	14
tiny-gpt2	ours	warm	3	282	136.9	0	14
tiny-gpt2	ours	warm	3	283	217.0	0	14
tiny-gpt2	ours	warm	3	284	141.9	0	14
tiny-gpt2	ours	warm	3	285	136.1	0	14
tiny-gpt2	ours	warm	3	286	204.1	0	14
tiny-gpt2	ours	warm	3	287	150.0	0	14
tiny-gpt2	ours	warm	3	288	138.0	0	14
tiny-gpt2	ours	warm	3	289	213.9	0	14
tiny-gpt2	ours	warm	3	290	143.1	0	14
tiny-gpt2	ours	warm	3	291	145.2	0	14
tiny-gpt2	ours	warm	3	292	210.0	0	14
tiny-gpt2	ours	warm	3	293	151.9	0	14
tiny-gpt2	ours	warm	3	294	135.9	0	14
tiny-gpt2	ours	warm	3	295	217.0	0	14
tiny-gpt2	ours	warm	3	296	140.9	0	14
tiny-gpt2	ours	warm	3	297	137.1	0	14
tiny-gpt2	ours	warm	3	298	212.9	0	14
tiny-gpt2	ours	warm	3	299	159.0	0	14
tiny-gpt2	torch-compile	warm	3	0	1193977.8		
tiny-gpt2	torch-compile	warm	3	1	736.7		
tiny-gpt2	torch-compile	warm	3	2	419.1		
tiny-gpt2	torch-compile	warm	3	3	392.9		
tiny-gpt2	torch-compile	warm	3	4	404.8		
tiny-gpt2	torch-compile	warm	3	5	388.4		
tiny-gpt2	torch-compile	warm	3	6	381.0		
tiny-gpt2	torch-compile	warm	3	7	391.0		
tiny-gpt2	torch-compile	warm	3	8	382.9		
tiny-gpt2	torch-compile	warm	3	9	388.1		
tiny-gpt2	torch-compile	warm	3	10	375.0		
tiny-gpt2	torch-compile	warm	3	11	377.2		
tiny-gpt2	torch-compile	warm	3	12	382.2		
tiny-gpt2	torch-compile	warm	3	13	377.4		
tiny-gpt2	torch-compile	warm	3	14	385.0		
tiny-gpt2	torch-compile	warm	3	15	376.2		
tiny-gpt2	torch-compile	warm	3	16	377.2		
tiny-gpt2	torch-compile	warm	3	17	388.4		
tiny-gpt2	torch-compile	warm	3	18	377.9		
tiny-gpt2	torch-compile	warm	3	19	374.8		
tiny-gpt2	torch-compile	warm	3	20	386.2		
tiny-gpt2	torch-compile	warm	3	21	373.1		
tiny-gpt2	torch-compile	warm	3	22	385.0		
tiny-gpt2	torch-compile	warm	3	23	376.7		
tiny-gpt2	torch-compile	warm	3	24	372.9		
tiny-gpt2	torch-compile	warm	3	25	383.4		
tiny-gpt2	torch-compile	warm	3	26	376.2		
tiny-gpt2	torch-compile	warm	3	27	368.4		
tiny-gpt2	torch-compile	warm	3	28	383.6		
tiny-gpt2	torch-compile	warm	3	29	369.8		
tiny-gpt2	torch-compile	warm	3	30	381.7		
tiny-gpt2	torch-compile	warm	3	31	370.3		
tiny-gpt2	torch-compile	warm	3	32	371.5		
tiny-gpt2	torch-compile	warm	3	33	381.0		
tiny-gpt2	torch-compile	warm	3	34	371.9		
tiny-gpt2	torch-compile	warm	3	35	378.6		
tiny-gpt2	torch-compile	warm	3	36	377.2		
tiny-gpt2	torch-compile	warm	3	37	370.5		
tiny-gpt2	torch-compile	warm	3	38	381.9		
tiny-gpt2	torch-compile	warm	3	39	373.4		
tiny-gpt2	torch-compile	warm	3	40	368.8		
tiny-gpt2	torch-compile	warm	3	41	381.7		
tiny-gpt2	torch-compile	warm	3	42	369.5		
tiny-gpt2	torch-compile	warm	3	43	380.0		
tiny-gpt2	torch-compile	warm	3	44	371.7		
tiny-gpt2	torch-compile	warm	3	45	371.9		
tiny-gpt2	torch-compile	warm	3	46	385.5		
tiny-gpt2	torch-compile	warm	3	47	375.0		
tiny-gpt2	torch-compile	warm	3	48	370.3		
tiny-gpt2	torch-compile	warm	3	49	385.5		
tiny-gpt2	torch-compile	warm	3	50	367.6		
tiny-gpt2	torch-compile	warm	3	51	378.8		
tiny-gpt2	torch-compile	warm	3	52	374.1		
tiny-gpt2	torch-compile	warm	3	53	371.7		
tiny-gpt2	torch-compile	warm	3	54	386.7		
tiny-gpt2	torch-compile	warm	3	55	372.2		
tiny-gpt2	torch-compile	warm	3	56	367.6		
tiny-gpt2	torch-compile	warm	3	57	384.8		
tiny-gpt2	torch-compile	warm	3	58	370.3		
tiny-gpt2	torch-compile	warm	3	59	379.6		
tiny-gpt2	torch-compile	warm	3	60	370.3		
tiny-gpt2	torch-compile	warm	3	61	366.9		
tiny-gpt2	torch-compile	warm	3	62	385.5		
tiny-gpt2	torch-compile	warm	3	63	368.6		
tiny-gpt2	torch-compile	warm	3	64	367.2		
tiny-gpt2	torch-compile	warm	3	65	379.6		
tiny-gpt2	torch-compile	warm	3	66	370.7		
tiny-gpt2	torch-compile	warm	3	67	381.2		
tiny-gpt2	torch-compile	warm	3	68	370.0		
tiny-gpt2	torch-compile	warm	3	69	378.1		
tiny-gpt2	torch-compile	warm	3	70	379.8		
tiny-gpt2	torch-compile	warm	3	71	366.0		
tiny-gpt2	torch-compile	warm	3	72	366.7		
tiny-gpt2	torch-compile	warm	3	73	383.6		
tiny-gpt2	torch-compile	warm	3	74	367.6		
tiny-gpt2	torch-compile	warm	3	75	379.8		
tiny-gpt2	torch-compile	warm	3	76	366.9		
tiny-gpt2	torch-compile	warm	3	77	365.7		
tiny-gpt2	torch-compile	warm	3	78	382.7		
tiny-gpt2	torch-compile	warm	3	79	371.5		
tiny-gpt2	torch-compile	warm	3	80	367.6		
tiny-gpt2	torch-compile	warm	3	81	377.4		
tiny-gpt2	torch-compile	warm	3	82	367.4		
tiny-gpt2	torch-compile	warm	3	83	399.8		
tiny-gpt2	torch-compile	warm	3	84	372.2		
tiny-gpt2	torch-compile	warm	3	85	371.2		
tiny-gpt2	torch-compile	warm	3	86	381.0		
tiny-gpt2	torch-compile	warm	3	87	366.4		
tiny-gpt2	torch-compile	warm	3	88	377.4		
tiny-gpt2	torch-compile	warm	3	89	367.4		
tiny-gpt2	torch-compile	warm	3	90	364.8		
tiny-gpt2	torch-compile	warm	3	91	379.1		
tiny-gpt2	torch-compile	warm	3	92	371.5		
tiny-gpt2	torch-compile	warm	3	93	369.8		
tiny-gpt2	torch-compile	warm	3	94	409.1		
tiny-gpt2	torch-compile	warm	3	95	383.1		
tiny-gpt2	torch-compile	warm	3	96	388.4		
tiny-gpt2	torch-compile	warm	3	97	371.0		
tiny-gpt2	torch-compile	warm	3	98	369.3		
tiny-gpt2	torch-compile	warm	3	99	376.0		
tiny-gpt2	torch-compile	warm	3	100	365.0		
tiny-gpt2	torch-compile	warm	3	101	364.5		
tiny-gpt2	torch-compile	warm	3	102	377.9		
tiny-gpt2	torch-compile	warm	3	103	365.0		
tiny-gpt2	torch-compile	warm	3	104	375.7		
tiny-gpt2	torch-compile	warm	3	105	368.8		
tiny-gpt2	torch-compile	warm	3	106	370.5		
tiny-gpt2	torch-compile	warm	3	107	382.7		
tiny-gpt2	torch-compile	warm	3	108	366.9		
tiny-gpt2	torch-compile	warm	3	109	366.4		
tiny-gpt2	torch-compile	warm	3	110	381.0		
tiny-gpt2	torch-compile	warm	3	111	369.5		
tiny-gpt2	torch-compile	warm	3	112	378.4		
tiny-gpt2	torch-compile	warm	3	113	368.4		
tiny-gpt2	torch-compile	warm	3	114	368.6		
tiny-gpt2	torch-compile	warm	3	115	381.2		
tiny-gpt2	torch-compile	warm	3	116	368.6		
tiny-gpt2	torch-compile	warm	3	117	367.9		
tiny-gpt2	torch-compile	warm	3	118	380.3		
tiny-gpt2	torch-compile	warm	3	119	367.4		
tiny-gpt2	torch-compile	warm	3	120	383.6		
tiny-gpt2	torch-compile	warm	3	121	393.2		
tiny-gpt2	torch-compile	warm	3	122	374.6		
tiny-gpt2	torch-compile	warm	3	123	382.2		
tiny-gpt2	torch-compile	warm	3	124	369.8		
tiny-gpt2	torch-compile	warm	3	125	367.9		
tiny-gpt2	torch-compile	warm	3	126	381.9		
tiny-gpt2	torch-compile	warm	3	127	366.2		
tiny-gpt2	torch-compile	warm	3	128	380.8		
tiny-gpt2	torch-compile	warm	3	129	366.4		
tiny-gpt2	torch-compile	warm	3	130	368.4		
tiny-gpt2	torch-compile	warm	3	131	377.9		
tiny-gpt2	torch-compile	warm	3	132	368.6		
tiny-gpt2	torch-compile	warm	3	133	369.5		
tiny-gpt2	torch-compile	warm	3	134	383.1		
tiny-gpt2	torch-compile	warm	3	135	428.4		
tiny-gpt2	torch-compile	warm	3	136	386.7		
tiny-gpt2	torch-compile	warm	3	137	371.7		
tiny-gpt2	torch-compile	warm	3	138	370.3		
tiny-gpt2	torch-compile	warm	3	139	380.0		
tiny-gpt2	torch-compile	warm	3	140	370.7		
tiny-gpt2	torch-compile	warm	3	141	379.6		
tiny-gpt2	torch-compile	warm	3	142	369.3		
tiny-gpt2	torch-compile	warm	3	143	367.4		
tiny-gpt2	torch-compile	warm	3	144	378.6		
tiny-gpt2	torch-compile	warm	3	145	365.5		
tiny-gpt2	torch-compile	warm	3	146	365.3		
tiny-gpt2	torch-compile	warm	3	147	376.5		
tiny-gpt2	torch-compile	warm	3	148	387.4		
tiny-gpt2	torch-compile	warm	3	149	392.0		
tiny-gpt2	torch-compile	warm	3	150	393.9		
tiny-gpt2	torch-compile	warm	3	151	373.4		
tiny-gpt2	torch-compile	warm	3	152	378.6		
tiny-gpt2	torch-compile	warm	3	153	369.5		
tiny-gpt2	torch-compile	warm	3	154	367.6		
tiny-gpt2	torch-compile	warm	3	155	379.1		
tiny-gpt2	torch-compile	warm	3	156	367.6		
tiny-gpt2	torch-compile	warm	3	157	379.8		
tiny-gpt2	torch-compile	warm	3	158	368.4		
tiny-gpt2	torch-compile	warm	3	159	366.2		
tiny-gpt2	torch-compile	warm	3	160	378.4		
tiny-gpt2	torch-compile	warm	3	161	367.9		
tiny-gpt2	torch-compile	warm	3	162	366.7		
tiny-gpt2	torch-compile	warm	3	163	375.7		
tiny-gpt2	torch-compile	warm	3	164	369.8		
tiny-gpt2	torch-compile	warm	3	165	379.3		
tiny-gpt2	torch-compile	warm	3	166	371.2		
tiny-gpt2	torch-compile	warm	3	167	368.8		
tiny-gpt2	torch-compile	warm	3	168	376.0		
tiny-gpt2	torch-compile	warm	3	169	368.1		
tiny-gpt2	torch-compile	warm	3	170	368.1		
tiny-gpt2	torch-compile	warm	3	171	378.4		
tiny-gpt2	torch-compile	warm	3	172	367.6		
tiny-gpt2	torch-compile	warm	3	173	375.5		
tiny-gpt2	torch-compile	warm	3	174	369.8		
tiny-gpt2	torch-compile	warm	3	175	366.4		
tiny-gpt2	torch-compile	warm	3	176	380.3		
tiny-gpt2	torch-compile	warm	3	177	371.2		
tiny-gpt2	torch-compile	warm	3	178	366.2		
tiny-gpt2	torch-compile	warm	3	179	378.4		
tiny-gpt2	torch-compile	warm	3	180	366.9		
tiny-gpt2	torch-compile	warm	3	181	377.4		
tiny-gpt2	torch-compile	warm	3	182	367.2		
tiny-gpt2	torch-compile	warm	3	183	369.1		
tiny-gpt2	torch-compile	warm	3	184	379.6		
tiny-gpt2	torch-compile	warm	3	185	367.9		
tiny-gpt2	torch-compile	warm	3	186	368.6		
tiny-gpt2	torch-compile	warm	3	187	377.2		
tiny-gpt2	torch-compile	warm	3	188	364.8		
tiny-gpt2	torch-compile	warm	3	189	379.6		
tiny-gpt2	torch-compile	warm	3	190	373.4		
tiny-gpt2	torch-compile	warm	3	191	365.3		
tiny-gpt2	torch-compile	warm	3	192	388.4		
tiny-gpt2	torch-compile	warm	3	193	365.3		
tiny-gpt2	torch-compile	warm	3	194	365.0		
tiny-gpt2	torch-compile	warm	3	195	377.2		
tiny-gpt2	torch-compile	warm	3	196	366.9		
tiny-gpt2	torch-compile	warm	3	197	377.9		
tiny-gpt2	torch-compile	warm	3	198	373.4		
tiny-gpt2	torch-compile	warm	3	199	368.6		
tiny-gpt2	torch-compile	warm	3	200	378.4		
tiny-gpt2	torch-compile	warm	3	201	367.4		
tiny-gpt2	torch-compile	warm	3	202	368.8		
tiny-gpt2	torch-compile	warm	3	203	382.9		
tiny-gpt2	torch-compile	warm	3	204	370.3		
tiny-gpt2	torch-compile	warm	3	205	381.2		
tiny-gpt2	torch-compile	warm	3	206	370.0		
tiny-gpt2	torch-compile	warm	3	207	367.9		
tiny-gpt2	torch-compile	warm	3	208	379.1		
tiny-gpt2	torch-compile	warm	3	209	368.4		
tiny-gpt2	torch-compile	warm	3	210	369.3		
tiny-gpt2	torch-compile	warm	3	211	379.8		
tiny-gpt2	torch-compile	warm	3	212	374.3		
tiny-gpt2	torch-compile	warm	3	213	381.9		
tiny-gpt2	torch-compile	warm	3	214	367.6		
tiny-gpt2	torch-compile	warm	3	215	366.2		
tiny-gpt2	torch-compile	warm	3	216	376.0		
tiny-gpt2	torch-compile	warm	3	217	369.3		
tiny-gpt2	torch-compile	warm	3	218	369.8		
tiny-gpt2	torch-compile	warm	3	219	379.8		
tiny-gpt2	torch-compile	warm	3	220	365.7		
tiny-gpt2	torch-compile	warm	3	221	376.5		
tiny-gpt2	torch-compile	warm	3	222	374.6		
tiny-gpt2	torch-compile	warm	3	223	371.9		
tiny-gpt2	torch-compile	warm	3	224	380.3		
tiny-gpt2	torch-compile	warm	3	225	368.8		
tiny-gpt2	torch-compile	warm	3	226	366.7		
tiny-gpt2	torch-compile	warm	3	227	377.9		
tiny-gpt2	torch-compile	warm	3	228	366.0		
tiny-gpt2	torch-compile	warm	3	229	376.9		
tiny-gpt2	torch-compile	warm	3	230	369.5		
tiny-gpt2	torch-compile	warm	3	231	368.1		
tiny-gpt2	torch-compile	warm	3	232	378.8		
tiny-gpt2	torch-compile	warm	3	233	366.9		
tiny-gpt2	torch-compile	warm	3	234	368.4		
tiny-gpt2	torch-compile	warm	3	235	377.2		
tiny-gpt2	torch-compile	warm	3	236	368.8		
tiny-gpt2	torch-compile	warm	3	237	381.9		
tiny-gpt2	torch-compile	warm	3	238	373.6		
tiny-gpt2	torch-compile	warm	3	239	365.7		
tiny-gpt2	torch-compile	warm	3	240	381.7		
tiny-gpt2	torch-compile	warm	3	241	368.6		
tiny-gpt2	torch-compile	warm	3	242	366.9		
tiny-gpt2	torch-compile	warm	3	243	379.6		
tiny-gpt2	torch-compile	warm	3	244	368.4		
tiny-gpt2	torch-compile	warm	3	245	378.6		
tiny-gpt2	torch-compile	warm	3	246	371.2		
tiny-gpt2	torch-compile	warm	3	247	368.1		
tiny-gpt2	torch-compile	warm	3	248	378.4		
tiny-gpt2	torch-compile	warm	3	249	367.6		
tiny-gpt2	torch-compile	warm	3	250	367.4		
tiny-gpt2	torch-compile	warm	3	251	376.7		
tiny-gpt2	torch-compile	warm	3	252	366.4		
tiny-gpt2	torch-compile	warm	3	253	380.8		
tiny-gpt2	torch-compile	warm	3	254	369.8		
tiny-gpt2	torch-compile	warm	3	255	367.6		
tiny-gpt2	torch-compile	warm	3	256	391.0		
tiny-gpt2	torch-compile	warm	3	257	392.2		
tiny-gpt2	torch-compile	warm	3	258	374.1		
tiny-gpt2	torch-compile	warm	3	259	368.4		
tiny-gpt2	torch-compile	warm	3	260	365.7		
tiny-gpt2	torch-compile	warm	3	261	381.7		
tiny-gpt2	torch-compile	warm	3	262	364.3		
tiny-gpt2	torch-compile	warm	3	263	364.3		
tiny-gpt2	torch-compile	warm	3	264	439.4		
tiny-gpt2	torch-compile	warm	3	265	378.8		
tiny-gpt2	torch-compile	warm	3	266	383.1		
tiny-gpt2	torch-compile	warm	3	267	370.0		
tiny-gpt2	torch-compile	warm	3	268	364.8		
tiny-gpt2	torch-compile	warm	3	269	425.6		
tiny-gpt2	torch-compile	warm	3	270	375.5		
tiny-gpt2	torch-compile	warm	3	271	382.7		
tiny-gpt2	torch-compile	warm	3	272	370.7		
tiny-gpt2	torch-compile	warm	3	273	365.0		
tiny-gpt2	torch-compile	warm	3	274	379.1		
tiny-gpt2	torch-compile	warm	3	275	367.2		
tiny-gpt2	torch-compile	warm	3	276	363.6		
tiny-gpt2	torch-compile	warm	3	277	375.3		
tiny-gpt2	torch-compile	warm	3	278	364.8		
tiny-gpt2	torch-compile	warm	3	279	375.3		
tiny-gpt2	torch-compile	warm	3	280	366.9		
tiny-gpt2	torch-compile	warm	3	281	366.2		
tiny-gpt2	torch-compile	warm	3	282	379.8		
tiny-gpt2	torch-compile	warm	3	283	366.7		
tiny-gpt2	torch-compile	warm	3	284	374.6		
tiny-gpt2	torch-compile	warm	3	285	383.1		
tiny-gpt2	torch-compile	warm	3	286	397.4		
tiny-gpt2	torch-compile	warm	3	287	379.6		
tiny-gpt2	torch-compile	warm	3	288	367.6		
tiny-gpt2	torch-compile	warm	3	289	366.2		
tiny-gpt2	torch-compile	warm	3	290	377.2		
tiny-gpt2	torch-compile	warm	3	291	365.0		
tiny-gpt2	torch-compile	warm	3	292	363.3		
tiny-gpt2	torch-compile	warm	3	293	383.9		
tiny-gpt2	torch-compile	warm	3	294	368.4		
tiny-gpt2	torch-compile	warm	3	295	373.1		
tiny-gpt2	torch-compile	warm	3	296	372.4		
tiny-gpt2	torch-compile	warm	3	297	364.8		
tiny-gpt2	torch-compile	warm	3	298	379.6		
tiny-gpt2	torch-compile	warm	3	299	364.8		
tiny-gpt2	torch-compile-ro	warm	3	0	1182709.0		
tiny-gpt2	torch-compile-ro	warm	3	1	28308.6		
tiny-gpt2	torch-compile-ro	warm	3	2	474.0		
tiny-gpt2	torch-compile-ro	warm	3	3	262.5		
tiny-gpt2	torch-compile-ro	warm	3	4	224.4		
tiny-gpt2	torch-compile-ro	warm	3	5	215.1		
tiny-gpt2	torch-compile-ro	warm	3	6	214.6		
tiny-gpt2	torch-compile-ro	warm	3	7	213.9		
tiny-gpt2	torch-compile-ro	warm	3	8	213.1		
tiny-gpt2	torch-compile-ro	warm	3	9	209.6		
tiny-gpt2	torch-compile-ro	warm	3	10	212.4		
tiny-gpt2	torch-compile-ro	warm	3	11	212.2		
tiny-gpt2	torch-compile-ro	warm	3	12	219.3		
tiny-gpt2	torch-compile-ro	warm	3	13	209.3		
tiny-gpt2	torch-compile-ro	warm	3	14	207.2		
tiny-gpt2	torch-compile-ro	warm	3	15	207.2		
tiny-gpt2	torch-compile-ro	warm	3	16	208.1		
tiny-gpt2	torch-compile-ro	warm	3	17	217.7		
tiny-gpt2	torch-compile-ro	warm	3	18	240.3		
tiny-gpt2	torch-compile-ro	warm	3	19	218.2		
tiny-gpt2	torch-compile-ro	warm	3	20	209.8		
tiny-gpt2	torch-compile-ro	warm	3	21	215.3		
tiny-gpt2	torch-compile-ro	warm	3	22	209.6		
tiny-gpt2	torch-compile-ro	warm	3	23	207.9		
tiny-gpt2	torch-compile-ro	warm	3	24	206.0		
tiny-gpt2	torch-compile-ro	warm	3	25	206.5		
tiny-gpt2	torch-compile-ro	warm	3	26	217.7		
tiny-gpt2	torch-compile-ro	warm	3	27	208.4		
tiny-gpt2	torch-compile-ro	warm	3	28	207.9		
tiny-gpt2	torch-compile-ro	warm	3	29	204.8		
tiny-gpt2	torch-compile-ro	warm	3	30	207.2		
tiny-gpt2	torch-compile-ro	warm	3	31	268.9		
tiny-gpt2	torch-compile-ro	warm	3	32	212.4		
tiny-gpt2	torch-compile-ro	warm	3	33	207.4		
tiny-gpt2	torch-compile-ro	warm	3	34	205.8		
tiny-gpt2	torch-compile-ro	warm	3	35	224.8		
tiny-gpt2	torch-compile-ro	warm	3	36	210.0		
tiny-gpt2	torch-compile-ro	warm	3	37	206.2		
tiny-gpt2	torch-compile-ro	warm	3	38	212.2		
tiny-gpt2	torch-compile-ro	warm	3	39	205.5		
tiny-gpt2	torch-compile-ro	warm	3	40	238.7		
tiny-gpt2	torch-compile-ro	warm	3	41	207.9		
tiny-gpt2	torch-compile-ro	warm	3	42	206.7		
tiny-gpt2	torch-compile-ro	warm	3	43	206.2		
tiny-gpt2	torch-compile-ro	warm	3	44	205.3		
tiny-gpt2	torch-compile-ro	warm	3	45	213.1		
tiny-gpt2	torch-compile-ro	warm	3	46	204.3		
tiny-gpt2	torch-compile-ro	warm	3	47	204.3		
tiny-gpt2	torch-compile-ro	warm	3	48	203.6		
tiny-gpt2	torch-compile-ro	warm	3	49	215.5		
tiny-gpt2	torch-compile-ro	warm	3	50	211.2		
tiny-gpt2	torch-compile-ro	warm	3	51	206.2		
tiny-gpt2	torch-compile-ro	warm	3	52	205.0		
tiny-gpt2	torch-compile-ro	warm	3	53	203.8		
tiny-gpt2	torch-compile-ro	warm	3	54	226.7		
tiny-gpt2	torch-compile-ro	warm	3	55	206.0		
tiny-gpt2	torch-compile-ro	warm	3	56	204.6		
tiny-gpt2	torch-compile-ro	warm	3	57	205.3		
tiny-gpt2	torch-compile-ro	warm	3	58	205.5		
tiny-gpt2	torch-compile-ro	warm	3	59	235.8		
tiny-gpt2	torch-compile-ro	warm	3	60	204.8		
tiny-gpt2	torch-compile-ro	warm	3	61	202.7		
tiny-gpt2	torch-compile-ro	warm	3	62	202.7		
tiny-gpt2	torch-compile-ro	warm	3	63	204.6		
tiny-gpt2	torch-compile-ro	warm	3	64	208.1		
tiny-gpt2	torch-compile-ro	warm	3	65	203.4		
tiny-gpt2	torch-compile-ro	warm	3	66	201.0		
tiny-gpt2	torch-compile-ro	warm	3	67	204.1		
tiny-gpt2	torch-compile-ro	warm	3	68	222.2		
tiny-gpt2	torch-compile-ro	warm	3	69	212.2		
tiny-gpt2	torch-compile-ro	warm	3	70	204.6		
tiny-gpt2	torch-compile-ro	warm	3	71	203.4		
tiny-gpt2	torch-compile-ro	warm	3	72	202.9		
tiny-gpt2	torch-compile-ro	warm	3	73	226.0		
tiny-gpt2	torch-compile-ro	warm	3	74	206.2		
tiny-gpt2	torch-compile-ro	warm	3	75	205.5		
tiny-gpt2	torch-compile-ro	warm	3	76	206.2		
tiny-gpt2	torch-compile-ro	warm	3	77	204.3		
tiny-gpt2	torch-compile-ro	warm	3	78	232.7		
tiny-gpt2	torch-compile-ro	warm	3	79	206.2		
tiny-gpt2	torch-compile-ro	warm	3	80	206.5		
tiny-gpt2	torch-compile-ro	warm	3	81	205.8		
tiny-gpt2	torch-compile-ro	warm	3	82	205.3		
tiny-gpt2	torch-compile-ro	warm	3	83	207.9		
tiny-gpt2	torch-compile-ro	warm	3	84	204.8		
tiny-gpt2	torch-compile-ro	warm	3	85	202.2		
tiny-gpt2	torch-compile-ro	warm	3	86	202.4		
tiny-gpt2	torch-compile-ro	warm	3	87	215.5		
tiny-gpt2	torch-compile-ro	warm	3	88	210.3		
tiny-gpt2	torch-compile-ro	warm	3	89	206.0		
tiny-gpt2	torch-compile-ro	warm	3	90	202.9		
tiny-gpt2	torch-compile-ro	warm	3	91	203.1		
tiny-gpt2	torch-compile-ro	warm	3	92	222.9		
tiny-gpt2	torch-compile-ro	warm	3	93	206.2		
tiny-gpt2	torch-compile-ro	warm	3	94	202.4		
tiny-gpt2	torch-compile-ro	warm	3	95	202.7		
tiny-gpt2	torch-compile-ro	warm	3	96	201.5		
tiny-gpt2	torch-compile-ro	warm	3	97	231.7		
tiny-gpt2	torch-compile-ro	warm	3	98	204.3		
tiny-gpt2	torch-compile-ro	warm	3	99	203.4		
tiny-gpt2	torch-compile-ro	warm	3	100	202.4		
tiny-gpt2	torch-compile-ro	warm	3	101	202.2		
tiny-gpt2	torch-compile-ro	warm	3	102	208.1		
tiny-gpt2	torch-compile-ro	warm	3	103	203.1		
tiny-gpt2	torch-compile-ro	warm	3	104	204.6		
tiny-gpt2	torch-compile-ro	warm	3	105	204.3		
tiny-gpt2	torch-compile-ro	warm	3	106	203.6		
tiny-gpt2	torch-compile-ro	warm	3	107	209.3		
tiny-gpt2	torch-compile-ro	warm	3	108	203.6		
tiny-gpt2	torch-compile-ro	warm	3	109	201.7		
tiny-gpt2	torch-compile-ro	warm	3	110	201.7		
tiny-gpt2	torch-compile-ro	warm	3	111	216.2		
tiny-gpt2	torch-compile-ro	warm	3	112	206.7		
tiny-gpt2	torch-compile-ro	warm	3	113	201.9		
tiny-gpt2	torch-compile-ro	warm	3	114	200.3		
tiny-gpt2	torch-compile-ro	warm	3	115	202.2		
tiny-gpt2	torch-compile-ro	warm	3	116	223.9		
tiny-gpt2	torch-compile-ro	warm	3	117	204.8		
tiny-gpt2	torch-compile-ro	warm	3	118	202.2		
tiny-gpt2	torch-compile-ro	warm	3	119	204.1		
tiny-gpt2	torch-compile-ro	warm	3	120	203.8		
tiny-gpt2	torch-compile-ro	warm	3	121	209.6		
tiny-gpt2	torch-compile-ro	warm	3	122	202.9		
tiny-gpt2	torch-compile-ro	warm	3	123	201.9		
tiny-gpt2	torch-compile-ro	warm	3	124	201.0		
tiny-gpt2	torch-compile-ro	warm	3	125	206.9		
tiny-gpt2	torch-compile-ro	warm	3	126	219.1		
tiny-gpt2	torch-compile-ro	warm	3	127	205.5		
tiny-gpt2	torch-compile-ro	warm	3	128	202.2		
tiny-gpt2	torch-compile-ro	warm	3	129	201.2		
tiny-gpt2	torch-compile-ro	warm	3	130	203.4		
tiny-gpt2	torch-compile-ro	warm	3	131	208.9		
tiny-gpt2	torch-compile-ro	warm	3	132	204.8		
tiny-gpt2	torch-compile-ro	warm	3	133	202.4		
tiny-gpt2	torch-compile-ro	warm	3	134	203.8		
tiny-gpt2	torch-compile-ro	warm	3	135	216.0		
tiny-gpt2	torch-compile-ro	warm	3	136	208.1		
tiny-gpt2	torch-compile-ro	warm	3	137	207.7		
tiny-gpt2	torch-compile-ro	warm	3	138	203.4		
tiny-gpt2	torch-compile-ro	warm	3	139	202.2		
tiny-gpt2	torch-compile-ro	warm	3	140	209.8		
tiny-gpt2	torch-compile-ro	warm	3	141	205.3		
tiny-gpt2	torch-compile-ro	warm	3	142	201.5		
tiny-gpt2	torch-compile-ro	warm	3	143	201.5		
tiny-gpt2	torch-compile-ro	warm	3	144	201.5		
tiny-gpt2	torch-compile-ro	warm	3	145	236.0		
tiny-gpt2	torch-compile-ro	warm	3	146	202.2		
tiny-gpt2	torch-compile-ro	warm	3	147	202.2		
tiny-gpt2	torch-compile-ro	warm	3	148	201.0		
tiny-gpt2	torch-compile-ro	warm	3	149	201.2		
tiny-gpt2	torch-compile-ro	warm	3	150	211.5		
tiny-gpt2	torch-compile-ro	warm	3	151	200.7		
tiny-gpt2	torch-compile-ro	warm	3	152	200.7		
tiny-gpt2	torch-compile-ro	warm	3	153	200.0		
tiny-gpt2	torch-compile-ro	warm	3	154	201.5		
tiny-gpt2	torch-compile-ro	warm	3	155	209.1		
tiny-gpt2	torch-compile-ro	warm	3	156	201.9		
tiny-gpt2	torch-compile-ro	warm	3	157	201.2		
tiny-gpt2	torch-compile-ro	warm	3	158	201.7		
tiny-gpt2	torch-compile-ro	warm	3	159	207.7		
tiny-gpt2	torch-compile-ro	warm	3	160	208.9		
tiny-gpt2	torch-compile-ro	warm	3	161	200.3		
tiny-gpt2	torch-compile-ro	warm	3	162	201.5		
tiny-gpt2	torch-compile-ro	warm	3	163	200.5		
tiny-gpt2	torch-compile-ro	warm	3	164	224.1		
tiny-gpt2	torch-compile-ro	warm	3	165	206.9		
tiny-gpt2	torch-compile-ro	warm	3	166	201.9		
tiny-gpt2	torch-compile-ro	warm	3	167	203.4		
tiny-gpt2	torch-compile-ro	warm	3	168	200.7		
tiny-gpt2	torch-compile-ro	warm	3	169	225.5		
tiny-gpt2	torch-compile-ro	warm	3	170	204.3		
tiny-gpt2	torch-compile-ro	warm	3	171	207.7		
tiny-gpt2	torch-compile-ro	warm	3	172	201.7		
tiny-gpt2	torch-compile-ro	warm	3	173	200.0		
tiny-gpt2	torch-compile-ro	warm	3	174	228.4		
tiny-gpt2	torch-compile-ro	warm	3	175	202.7		
tiny-gpt2	torch-compile-ro	warm	3	176	201.9		
tiny-gpt2	torch-compile-ro	warm	3	177	201.0		
tiny-gpt2	torch-compile-ro	warm	3	178	201.0		
tiny-gpt2	torch-compile-ro	warm	3	179	204.1		
tiny-gpt2	torch-compile-ro	warm	3	180	201.5		
tiny-gpt2	torch-compile-ro	warm	3	181	200.5		
tiny-gpt2	torch-compile-ro	warm	3	182	202.4		
tiny-gpt2	torch-compile-ro	warm	3	183	200.3		
tiny-gpt2	torch-compile-ro	warm	3	184	208.9		
tiny-gpt2	torch-compile-ro	warm	3	185	201.7		
tiny-gpt2	torch-compile-ro	warm	3	186	199.6		
tiny-gpt2	torch-compile-ro	warm	3	187	201.7		
tiny-gpt2	torch-compile-ro	warm	3	188	214.3		
tiny-gpt2	torch-compile-ro	warm	3	189	206.0		
tiny-gpt2	torch-compile-ro	warm	3	190	201.7		
tiny-gpt2	torch-compile-ro	warm	3	191	201.2		
tiny-gpt2	torch-compile-ro	warm	3	192	201.5		
tiny-gpt2	torch-compile-ro	warm	3	193	224.8		
tiny-gpt2	torch-compile-ro	warm	3	194	204.1		
tiny-gpt2	torch-compile-ro	warm	3	195	199.3		
tiny-gpt2	torch-compile-ro	warm	3	196	200.7		
tiny-gpt2	torch-compile-ro	warm	3	197	199.8		
tiny-gpt2	torch-compile-ro	warm	3	198	209.8		
tiny-gpt2	torch-compile-ro	warm	3	199	209.6		
tiny-gpt2	torch-compile-ro	warm	3	200	201.2		
tiny-gpt2	torch-compile-ro	warm	3	201	199.6		
tiny-gpt2	torch-compile-ro	warm	3	202	200.0		
tiny-gpt2	torch-compile-ro	warm	3	203	232.7		
tiny-gpt2	torch-compile-ro	warm	3	204	201.5		
tiny-gpt2	torch-compile-ro	warm	3	205	201.7		
tiny-gpt2	torch-compile-ro	warm	3	206	201.2		
tiny-gpt2	torch-compile-ro	warm	3	207	202.4		
tiny-gpt2	torch-compile-ro	warm	3	208	210.3		
tiny-gpt2	torch-compile-ro	warm	3	209	201.7		
tiny-gpt2	torch-compile-ro	warm	3	210	202.9		
tiny-gpt2	torch-compile-ro	warm	3	211	201.0		
tiny-gpt2	torch-compile-ro	warm	3	212	202.7		
tiny-gpt2	torch-compile-ro	warm	3	213	208.9		
tiny-gpt2	torch-compile-ro	warm	3	214	202.2		
tiny-gpt2	torch-compile-ro	warm	3	215	200.5		
tiny-gpt2	torch-compile-ro	warm	3	216	199.6		
tiny-gpt2	torch-compile-ro	warm	3	217	208.1		
tiny-gpt2	torch-compile-ro	warm	3	218	204.3		
tiny-gpt2	torch-compile-ro	warm	3	219	201.9		
tiny-gpt2	torch-compile-ro	warm	3	220	200.7		
tiny-gpt2	torch-compile-ro	warm	3	221	201.2		
tiny-gpt2	torch-compile-ro	warm	3	222	227.5		
tiny-gpt2	torch-compile-ro	warm	3	223	205.0		
tiny-gpt2	torch-compile-ro	warm	3	224	200.5		
tiny-gpt2	torch-compile-ro	warm	3	225	202.7		
tiny-gpt2	torch-compile-ro	warm	3	226	200.7		
tiny-gpt2	torch-compile-ro	warm	3	227	233.4		
tiny-gpt2	torch-compile-ro	warm	3	228	202.9		
tiny-gpt2	torch-compile-ro	warm	3	229	201.5		
tiny-gpt2	torch-compile-ro	warm	3	230	199.8		
tiny-gpt2	torch-compile-ro	warm	3	231	202.2		
tiny-gpt2	torch-compile-ro	warm	3	232	216.7		
tiny-gpt2	torch-compile-ro	warm	3	233	204.6		
tiny-gpt2	torch-compile-ro	warm	3	234	200.7		
tiny-gpt2	torch-compile-ro	warm	3	235	203.8		
tiny-gpt2	torch-compile-ro	warm	3	236	201.9		
tiny-gpt2	torch-compile-ro	warm	3	237	204.8		
tiny-gpt2	torch-compile-ro	warm	3	238	201.9		
tiny-gpt2	torch-compile-ro	warm	3	239	201.5		
tiny-gpt2	torch-compile-ro	warm	3	240	201.9		
tiny-gpt2	torch-compile-ro	warm	3	241	210.5		
tiny-gpt2	torch-compile-ro	warm	3	242	215.5		
tiny-gpt2	torch-compile-ro	warm	3	243	202.4		
tiny-gpt2	torch-compile-ro	warm	3	244	202.4		
tiny-gpt2	torch-compile-ro	warm	3	245	201.7		
tiny-gpt2	torch-compile-ro	warm	3	246	231.5		
tiny-gpt2	torch-compile-ro	warm	3	247	206.0		
tiny-gpt2	torch-compile-ro	warm	3	248	202.2		
tiny-gpt2	torch-compile-ro	warm	3	249	202.2		
tiny-gpt2	torch-compile-ro	warm	3	250	200.7		
tiny-gpt2	torch-compile-ro	warm	3	251	235.3		
tiny-gpt2	torch-compile-ro	warm	3	252	202.4		
tiny-gpt2	torch-compile-ro	warm	3	253	200.0		
tiny-gpt2	torch-compile-ro	warm	3	254	201.2		
tiny-gpt2	torch-compile-ro	warm	3	255	201.7		
tiny-gpt2	torch-compile-ro	warm	3	256	203.8		
tiny-gpt2	torch-compile-ro	warm	3	257	203.1		
tiny-gpt2	torch-compile-ro	warm	3	258	200.3		
tiny-gpt2	torch-compile-ro	warm	3	259	200.0		
tiny-gpt2	torch-compile-ro	warm	3	260	201.9		
tiny-gpt2	torch-compile-ro	warm	3	261	207.9		
tiny-gpt2	torch-compile-ro	warm	3	262	202.7		
tiny-gpt2	torch-compile-ro	warm	3	263	200.7		
tiny-gpt2	torch-compile-ro	warm	3	264	207.9		
tiny-gpt2	torch-compile-ro	warm	3	265	213.6		
tiny-gpt2	torch-compile-ro	warm	3	266	209.6		
tiny-gpt2	torch-compile-ro	warm	3	267	202.7		
tiny-gpt2	torch-compile-ro	warm	3	268	201.7		
tiny-gpt2	torch-compile-ro	warm	3	269	202.4		
tiny-gpt2	torch-compile-ro	warm	3	270	223.4		
tiny-gpt2	torch-compile-ro	warm	3	271	203.6		
tiny-gpt2	torch-compile-ro	warm	3	272	201.2		
tiny-gpt2	torch-compile-ro	warm	3	273	202.7		
tiny-gpt2	torch-compile-ro	warm	3	274	202.2		
tiny-gpt2	torch-compile-ro	warm	3	275	210.3		
tiny-gpt2	torch-compile-ro	warm	3	276	201.7		
tiny-gpt2	torch-compile-ro	warm	3	277	200.3		
tiny-gpt2	torch-compile-ro	warm	3	278	206.2		
tiny-gpt2	torch-compile-ro	warm	3	279	199.3		
tiny-gpt2	torch-compile-ro	warm	3	280	235.6		
tiny-gpt2	torch-compile-ro	warm	3	281	201.9		
tiny-gpt2	torch-compile-ro	warm	3	282	200.0		
tiny-gpt2	torch-compile-ro	warm	3	283	200.3		
tiny-gpt2	torch-compile-ro	warm	3	284	202.4		
tiny-gpt2	torch-compile-ro	warm	3	285	207.4		
tiny-gpt2	torch-compile-ro	warm	3	286	202.4		
tiny-gpt2	torch-compile-ro	warm	3	287	200.3		
tiny-gpt2	torch-compile-ro	warm	3	288	200.5		
tiny-gpt2	torch-compile-ro	warm	3	289	202.2		
tiny-gpt2	torch-compile-ro	warm	3	290	207.4		
tiny-gpt2	torch-compile-ro	warm	3	291	201.9		
tiny-gpt2	torch-compile-ro	warm	3	292	201.7		
tiny-gpt2	torch-compile-ro	warm	3	293	200.7		
tiny-gpt2	torch-compile-ro	warm	3	294	208.4		
tiny-gpt2	torch-compile-ro	warm	3	295	203.4		
tiny-gpt2	torch-compile-ro	warm	3	296	202.7		
tiny-gpt2	torch-compile-ro	warm	3	297	202.4		
tiny-gpt2	torch-compile-ro	warm	3	298	201.7		
tiny-gpt2	torch-compile-ro	warm	3	299	227.7		
tiny-gpt2	jax	warm	3	0	44710.6		
tiny-gpt2	jax	warm	3	1	971.2		
tiny-gpt2	jax	warm	3	2	228.3		
tiny-gpt2	jax	warm	3	3	214.2		
tiny-gpt2	jax	warm	3	4	226.1		
tiny-gpt2	jax	warm	3	5	219.9		
tiny-gpt2	jax	warm	3	6	218.2		
tiny-gpt2	jax	warm	3	7	214.3		
tiny-gpt2	jax	warm	3	8	212.0		
tiny-gpt2	jax	warm	3	9	205.5		
tiny-gpt2	jax	warm	3	10	166.4		
tiny-gpt2	jax	warm	3	11	164.0		
tiny-gpt2	jax	warm	3	12	164.1		
tiny-gpt2	jax	warm	3	13	162.2		
tiny-gpt2	jax	warm	3	14	171.8		
tiny-gpt2	jax	warm	3	15	164.0		
tiny-gpt2	jax	warm	3	16	161.8		
tiny-gpt2	jax	warm	3	17	163.8		
tiny-gpt2	jax	warm	3	18	162.7		
tiny-gpt2	jax	warm	3	19	161.9		
tiny-gpt2	jax	warm	3	20	171.4		
tiny-gpt2	jax	warm	3	21	166.9		
tiny-gpt2	jax	warm	3	22	168.0		
tiny-gpt2	jax	warm	3	23	162.8		
tiny-gpt2	jax	warm	3	24	161.9		
tiny-gpt2	jax	warm	3	25	162.2		
tiny-gpt2	jax	warm	3	26	167.4		
tiny-gpt2	jax	warm	3	27	162.3		
tiny-gpt2	jax	warm	3	28	161.6		
tiny-gpt2	jax	warm	3	29	161.2		
tiny-gpt2	jax	warm	3	30	159.1		
tiny-gpt2	jax	warm	3	31	161.3		
tiny-gpt2	jax	warm	3	32	162.2		
tiny-gpt2	jax	warm	3	33	163.1		
tiny-gpt2	jax	warm	3	34	164.2		
tiny-gpt2	jax	warm	3	35	162.1		
tiny-gpt2	jax	warm	3	36	162.1		
tiny-gpt2	jax	warm	3	37	161.8		
tiny-gpt2	jax	warm	3	38	161.2		
tiny-gpt2	jax	warm	3	39	162.7		
tiny-gpt2	jax	warm	3	40	163.6		
tiny-gpt2	jax	warm	3	41	162.2		
tiny-gpt2	jax	warm	3	42	160.1		
tiny-gpt2	jax	warm	3	43	162.3		
tiny-gpt2	jax	warm	3	44	161.9		
tiny-gpt2	jax	warm	3	45	170.6		
tiny-gpt2	jax	warm	3	46	160.5		
tiny-gpt2	jax	warm	3	47	161.7		
tiny-gpt2	jax	warm	3	48	160.6		
tiny-gpt2	jax	warm	3	49	161.5		
tiny-gpt2	jax	warm	3	50	161.8		
tiny-gpt2	jax	warm	3	51	169.2		
tiny-gpt2	jax	warm	3	52	161.6		
tiny-gpt2	jax	warm	3	53	162.5		
tiny-gpt2	jax	warm	3	54	161.6		
tiny-gpt2	jax	warm	3	55	159.4		
tiny-gpt2	jax	warm	3	56	161.2		
tiny-gpt2	jax	warm	3	57	170.6		
tiny-gpt2	jax	warm	3	58	161.8		
tiny-gpt2	jax	warm	3	59	162.6		
tiny-gpt2	jax	warm	3	60	161.2		
tiny-gpt2	jax	warm	3	61	162.9		
tiny-gpt2	jax	warm	3	62	166.6		
tiny-gpt2	jax	warm	3	63	180.5		
tiny-gpt2	jax	warm	3	64	162.0		
tiny-gpt2	jax	warm	3	65	160.1		
tiny-gpt2	jax	warm	3	66	160.3		
tiny-gpt2	jax	warm	3	67	160.9		
tiny-gpt2	jax	warm	3	68	161.3		
tiny-gpt2	jax	warm	3	69	170.0		
tiny-gpt2	jax	warm	3	70	163.7		
tiny-gpt2	jax	warm	3	71	161.5		
tiny-gpt2	jax	warm	3	72	162.9		
tiny-gpt2	jax	warm	3	73	161.3		
tiny-gpt2	jax	warm	3	74	161.1		
tiny-gpt2	jax	warm	3	75	168.7		
tiny-gpt2	jax	warm	3	76	161.6		
tiny-gpt2	jax	warm	3	77	159.9		
tiny-gpt2	jax	warm	3	78	162.5		
tiny-gpt2	jax	warm	3	79	162.0		
tiny-gpt2	jax	warm	3	80	160.5		
tiny-gpt2	jax	warm	3	81	169.2		
tiny-gpt2	jax	warm	3	82	162.7		
tiny-gpt2	jax	warm	3	83	161.5		
tiny-gpt2	jax	warm	3	84	161.3		
tiny-gpt2	jax	warm	3	85	161.5		
tiny-gpt2	jax	warm	3	86	159.8		
tiny-gpt2	jax	warm	3	87	171.0		
tiny-gpt2	jax	warm	3	88	160.5		
tiny-gpt2	jax	warm	3	89	161.2		
tiny-gpt2	jax	warm	3	90	161.1		
tiny-gpt2	jax	warm	3	91	160.5		
tiny-gpt2	jax	warm	3	92	160.4		
tiny-gpt2	jax	warm	3	93	170.4		
tiny-gpt2	jax	warm	3	94	164.2		
tiny-gpt2	jax	warm	3	95	161.2		
tiny-gpt2	jax	warm	3	96	159.2		
tiny-gpt2	jax	warm	3	97	161.1		
tiny-gpt2	jax	warm	3	98	161.9		
tiny-gpt2	jax	warm	3	99	171.6		
tiny-gpt2	jax	warm	3	100	162.7		
tiny-gpt2	jax	warm	3	101	161.9		
tiny-gpt2	jax	warm	3	102	162.1		
tiny-gpt2	jax	warm	3	103	161.7		
tiny-gpt2	jax	warm	3	104	160.7		
tiny-gpt2	jax	warm	3	105	170.9		
tiny-gpt2	jax	warm	3	106	173.1		
tiny-gpt2	jax	warm	3	107	162.9		
tiny-gpt2	jax	warm	3	108	161.0		
tiny-gpt2	jax	warm	3	109	162.3		
tiny-gpt2	jax	warm	3	110	160.2		
tiny-gpt2	jax	warm	3	111	171.4		
tiny-gpt2	jax	warm	3	112	164.4		
tiny-gpt2	jax	warm	3	113	162.3		
tiny-gpt2	jax	warm	3	114	160.4		
tiny-gpt2	jax	warm	3	115	159.8		
tiny-gpt2	jax	warm	3	116	158.9		
tiny-gpt2	jax	warm	3	117	171.9		
tiny-gpt2	jax	warm	3	118	163.4		
tiny-gpt2	jax	warm	3	119	161.7		
tiny-gpt2	jax	warm	3	120	161.8		
tiny-gpt2	jax	warm	3	121	161.7		
tiny-gpt2	jax	warm	3	122	161.1		
tiny-gpt2	jax	warm	3	123	185.2		
tiny-gpt2	jax	warm	3	124	165.8		
tiny-gpt2	jax	warm	3	125	171.3		
tiny-gpt2	jax	warm	3	126	164.4		
tiny-gpt2	jax	warm	3	127	163.5		
tiny-gpt2	jax	warm	3	128	162.9		
tiny-gpt2	jax	warm	3	129	180.0		
tiny-gpt2	jax	warm	3	130	163.8		
tiny-gpt2	jax	warm	3	131	161.8		
tiny-gpt2	jax	warm	3	132	159.2		
tiny-gpt2	jax	warm	3	133	161.0		
tiny-gpt2	jax	warm	3	134	159.7		
tiny-gpt2	jax	warm	3	135	169.1		
tiny-gpt2	jax	warm	3	136	161.3		
tiny-gpt2	jax	warm	3	137	159.9		
tiny-gpt2	jax	warm	3	138	160.3		
tiny-gpt2	jax	warm	3	139	159.7		
tiny-gpt2	jax	warm	3	140	160.9		
tiny-gpt2	jax	warm	3	141	168.5		
tiny-gpt2	jax	warm	3	142	160.5		
tiny-gpt2	jax	warm	3	143	162.8		
tiny-gpt2	jax	warm	3	144	161.4		
tiny-gpt2	jax	warm	3	145	162.2		
tiny-gpt2	jax	warm	3	146	163.2		
tiny-gpt2	jax	warm	3	147	170.5		
tiny-gpt2	jax	warm	3	148	161.3		
tiny-gpt2	jax	warm	3	149	160.4		
tiny-gpt2	jax	warm	3	150	162.2		
tiny-gpt2	jax	warm	3	151	161.6		
tiny-gpt2	jax	warm	3	152	161.5		
tiny-gpt2	jax	warm	3	153	169.5		
tiny-gpt2	jax	warm	3	154	161.2		
tiny-gpt2	jax	warm	3	155	159.9		
tiny-gpt2	jax	warm	3	156	158.8		
tiny-gpt2	jax	warm	3	157	161.6		
tiny-gpt2	jax	warm	3	158	162.1		
tiny-gpt2	jax	warm	3	159	171.4		
tiny-gpt2	jax	warm	3	160	161.5		
tiny-gpt2	jax	warm	3	161	163.3		
tiny-gpt2	jax	warm	3	162	162.4		
tiny-gpt2	jax	warm	3	163	161.2		
tiny-gpt2	jax	warm	3	164	160.9		
tiny-gpt2	jax	warm	3	165	161.9		
tiny-gpt2	jax	warm	3	166	162.5		
tiny-gpt2	jax	warm	3	167	160.4		
tiny-gpt2	jax	warm	3	168	158.2		
tiny-gpt2	jax	warm	3	169	159.6		
tiny-gpt2	jax	warm	3	170	158.9		
tiny-gpt2	jax	warm	3	171	161.8		
tiny-gpt2	jax	warm	3	172	165.5		
tiny-gpt2	jax	warm	3	173	160.0		
tiny-gpt2	jax	warm	3	174	159.5		
tiny-gpt2	jax	warm	3	175	160.3		
tiny-gpt2	jax	warm	3	176	162.0		
tiny-gpt2	jax	warm	3	177	161.5		
tiny-gpt2	jax	warm	3	178	161.3		
tiny-gpt2	jax	warm	3	179	161.3		
tiny-gpt2	jax	warm	3	180	161.4		
tiny-gpt2	jax	warm	3	181	159.3		
tiny-gpt2	jax	warm	3	182	160.9		
tiny-gpt2	jax	warm	3	183	162.3		
tiny-gpt2	jax	warm	3	184	160.7		
tiny-gpt2	jax	warm	3	185	160.7		
tiny-gpt2	jax	warm	3	186	159.8		
tiny-gpt2	jax	warm	3	187	160.3		
tiny-gpt2	jax	warm	3	188	160.0		
tiny-gpt2	jax	warm	3	189	163.9		
tiny-gpt2	jax	warm	3	190	161.5		
tiny-gpt2	jax	warm	3	191	160.6		
tiny-gpt2	jax	warm	3	192	158.7		
tiny-gpt2	jax	warm	3	193	160.5		
tiny-gpt2	jax	warm	3	194	158.1		
tiny-gpt2	jax	warm	3	195	157.7		
tiny-gpt2	jax	warm	3	196	175.5		
tiny-gpt2	jax	warm	3	197	163.0		
tiny-gpt2	jax	warm	3	198	160.8		
tiny-gpt2	jax	warm	3	199	160.0		
tiny-gpt2	jax	warm	3	200	160.8		
tiny-gpt2	jax	warm	3	201	160.0		
tiny-gpt2	jax	warm	3	202	170.0		
tiny-gpt2	jax	warm	3	203	160.0		
tiny-gpt2	jax	warm	3	204	157.9		
tiny-gpt2	jax	warm	3	205	159.0		
tiny-gpt2	jax	warm	3	206	159.0		
tiny-gpt2	jax	warm	3	207	158.3		
tiny-gpt2	jax	warm	3	208	166.5		
tiny-gpt2	jax	warm	3	209	161.3		
tiny-gpt2	jax	warm	3	210	160.2		
tiny-gpt2	jax	warm	3	211	159.6		
tiny-gpt2	jax	warm	3	212	156.9		
tiny-gpt2	jax	warm	3	213	160.1		
tiny-gpt2	jax	warm	3	214	168.6		
tiny-gpt2	jax	warm	3	215	160.1		
tiny-gpt2	jax	warm	3	216	160.2		
tiny-gpt2	jax	warm	3	217	159.3		
tiny-gpt2	jax	warm	3	218	167.7		
tiny-gpt2	jax	warm	3	219	160.7		
tiny-gpt2	jax	warm	3	220	174.5		
tiny-gpt2	jax	warm	3	221	165.0		
tiny-gpt2	jax	warm	3	222	157.6		
tiny-gpt2	jax	warm	3	223	160.7		
tiny-gpt2	jax	warm	3	224	158.6		
tiny-gpt2	jax	warm	3	225	158.8		
tiny-gpt2	jax	warm	3	226	163.3		
tiny-gpt2	jax	warm	3	227	162.5		
tiny-gpt2	jax	warm	3	228	160.6		
tiny-gpt2	jax	warm	3	229	159.9		
tiny-gpt2	jax	warm	3	230	160.2		
tiny-gpt2	jax	warm	3	231	157.5		
tiny-gpt2	jax	warm	3	232	160.2		
tiny-gpt2	jax	warm	3	233	162.0		
tiny-gpt2	jax	warm	3	234	159.5		
tiny-gpt2	jax	warm	3	235	159.0		
tiny-gpt2	jax	warm	3	236	159.7		
tiny-gpt2	jax	warm	3	237	159.8		
tiny-gpt2	jax	warm	3	238	160.4		
tiny-gpt2	jax	warm	3	239	162.1		
tiny-gpt2	jax	warm	3	240	160.9		
tiny-gpt2	jax	warm	3	241	166.8		
tiny-gpt2	jax	warm	3	242	161.1		
tiny-gpt2	jax	warm	3	243	173.6		
tiny-gpt2	jax	warm	3	244	162.9		
tiny-gpt2	jax	warm	3	245	167.1		
tiny-gpt2	jax	warm	3	246	166.7		
tiny-gpt2	jax	warm	3	247	158.0		
tiny-gpt2	jax	warm	3	248	159.5		
tiny-gpt2	jax	warm	3	249	159.5		
tiny-gpt2	jax	warm	3	250	159.1		
tiny-gpt2	jax	warm	3	251	160.7		
tiny-gpt2	jax	warm	3	252	159.2		
tiny-gpt2	jax	warm	3	253	157.6		
tiny-gpt2	jax	warm	3	254	160.0		
tiny-gpt2	jax	warm	3	255	159.5		
tiny-gpt2	jax	warm	3	256	165.5		
tiny-gpt2	jax	warm	3	257	159.6		
tiny-gpt2	jax	warm	3	258	158.9		
tiny-gpt2	jax	warm	3	259	160.3		
tiny-gpt2	jax	warm	3	260	160.7		
tiny-gpt2	jax	warm	3	261	160.0		
tiny-gpt2	jax	warm	3	262	158.6		
tiny-gpt2	jax	warm	3	263	172.1		
tiny-gpt2	jax	warm	3	264	175.9		
tiny-gpt2	jax	warm	3	265	158.4		
tiny-gpt2	jax	warm	3	266	159.0		
tiny-gpt2	jax	warm	3	267	159.4		
tiny-gpt2	jax	warm	3	268	159.7		
tiny-gpt2	jax	warm	3	269	169.6		
tiny-gpt2	jax	warm	3	270	158.3		
tiny-gpt2	jax	warm	3	271	157.0		
tiny-gpt2	jax	warm	3	272	159.7		
tiny-gpt2	jax	warm	3	273	159.0		
tiny-gpt2	jax	warm	3	274	159.9		
tiny-gpt2	jax	warm	3	275	167.4		
tiny-gpt2	jax	warm	3	276	159.2		
tiny-gpt2	jax	warm	3	277	157.2		
tiny-gpt2	jax	warm	3	278	159.2		
tiny-gpt2	jax	warm	3	279	156.4		
tiny-gpt2	jax	warm	3	280	156.6		
tiny-gpt2	jax	warm	3	281	171.3		
tiny-gpt2	jax	warm	3	282	160.2		
tiny-gpt2	jax	warm	3	283	158.1		
tiny-gpt2	jax	warm	3	284	160.0		
tiny-gpt2	jax	warm	3	285	160.2		
tiny-gpt2	jax	warm	3	286	189.8		
tiny-gpt2	jax	warm	3	287	189.2		
tiny-gpt2	jax	warm	3	288	169.5		
tiny-gpt2	jax	warm	3	289	160.4		
tiny-gpt2	jax	warm	3	290	159.9		
tiny-gpt2	jax	warm	3	291	157.7		
tiny-gpt2	jax	warm	3	292	158.4		
tiny-gpt2	jax	warm	3	293	169.6		
tiny-gpt2	jax	warm	3	294	160.1		
tiny-gpt2	jax	warm	3	295	159.6		
tiny-gpt2	jax	warm	3	296	159.8		
tiny-gpt2	jax	warm	3	297	157.9		
tiny-gpt2	jax	warm	3	298	158.7		
tiny-gpt2	jax	warm	3	299	169.4		
distilgpt2	torch-eager	cold	1	0	131295.7		
distilgpt2	torch-eager	cold	1	1	3356.2		
distilgpt2	torch-eager	cold	1	2	3094.2		
distilgpt2	torch-eager	cold	1	3	3048.2		
distilgpt2	torch-eager	cold	1	4	3076.8		
distilgpt2	torch-eager	cold	1	5	3087.0		
distilgpt2	torch-eager	cold	1	6	3046.5		
distilgpt2	torch-eager	cold	1	7	3035.1		
distilgpt2	torch-eager	cold	1	8	3082.0		
distilgpt2	torch-eager	cold	1	9	3052.7		
distilgpt2	torch-eager	cold	1	10	3060.6		
distilgpt2	torch-eager	cold	1	11	3037.5		
distilgpt2	torch-eager	cold	1	12	3048.2		
distilgpt2	torch-eager	cold	1	13	3046.8		
distilgpt2	torch-eager	cold	1	14	3166.2		
distilgpt2	torch-eager	cold	1	15	3052.5		
distilgpt2	torch-eager	cold	1	16	3057.0		
distilgpt2	torch-eager	cold	1	17	3053.7		
distilgpt2	torch-eager	cold	1	18	3078.2		
distilgpt2	torch-eager	cold	1	19	3045.1		
distilgpt2	torch-eager	cold	1	20	3049.9		
distilgpt2	torch-eager	cold	1	21	3590.6		
distilgpt2	torch-eager	cold	1	22	3044.1		
distilgpt2	torch-eager	cold	1	23	3074.6		
distilgpt2	torch-eager	cold	1	24	3044.8		
distilgpt2	torch-eager	cold	1	25	3064.9		
distilgpt2	torch-eager	cold	1	26	3068.7		
distilgpt2	torch-eager	cold	1	27	3048.4		
distilgpt2	torch-eager	cold	1	28	3035.8		
distilgpt2	torch-eager	cold	1	29	3079.7		
distilgpt2	torch-eager	cold	1	30	3031.0		
distilgpt2	torch-eager	cold	1	31	3040.3		
distilgpt2	torch-eager	cold	1	32	3045.6		
distilgpt2	torch-eager	cold	1	33	3042.0		
distilgpt2	torch-eager	cold	1	34	3018.6		
distilgpt2	torch-eager	cold	1	35	3030.8		
distilgpt2	torch-eager	cold	1	36	3062.7		
distilgpt2	torch-eager	cold	1	37	3053.4		
distilgpt2	torch-eager	cold	1	38	3029.8		
distilgpt2	torch-eager	cold	1	39	3037.5		
distilgpt2	torch-eager	cold	1	40	3094.9		
distilgpt2	torch-eager	cold	1	41	3090.1		
distilgpt2	torch-eager	cold	1	42	3058.0		
distilgpt2	torch-eager	cold	1	43	3056.3		
distilgpt2	torch-eager	cold	1	44	3044.4		
distilgpt2	torch-eager	cold	1	45	3043.7		
distilgpt2	torch-eager	cold	1	46	3049.6		
distilgpt2	torch-eager	cold	1	47	3038.9		
distilgpt2	torch-eager	cold	1	48	3042.9		
distilgpt2	torch-eager	cold	1	49	3030.3		
distilgpt2	torch-eager	cold	1	50	3022.0		
distilgpt2	torch-eager	cold	1	51	3078.0		
distilgpt2	torch-eager	cold	1	52	3034.6		
distilgpt2	torch-eager	cold	1	53	3026.2		
distilgpt2	torch-eager	cold	1	54	3110.9		
distilgpt2	torch-eager	cold	1	55	3034.1		
distilgpt2	torch-eager	cold	1	56	3029.3		
distilgpt2	torch-eager	cold	1	57	3089.9		
distilgpt2	torch-eager	cold	1	58	3019.6		
distilgpt2	torch-eager	cold	1	59	3063.2		
distilgpt2	torch-eager	cold	1	60	3078.7		
distilgpt2	torch-eager	cold	1	61	3058.9		
distilgpt2	torch-eager	cold	1	62	3140.9		
distilgpt2	torch-eager	cold	1	63	3013.6		
distilgpt2	torch-eager	cold	1	64	3066.5		
distilgpt2	torch-eager	cold	1	65	3058.7		
distilgpt2	torch-eager	cold	1	66	3045.6		
distilgpt2	torch-eager	cold	1	67	3030.3		
distilgpt2	torch-eager	cold	1	68	3012.9		
distilgpt2	torch-eager	cold	1	69	3014.3		
distilgpt2	torch-eager	cold	1	70	3039.4		
distilgpt2	torch-eager	cold	1	71	3026.2		
distilgpt2	torch-eager	cold	1	72	3069.9		
distilgpt2	torch-eager	cold	1	73	3055.8		
distilgpt2	torch-eager	cold	1	74	3077.5		
distilgpt2	torch-eager	cold	1	75	3020.3		
distilgpt2	torch-eager	cold	1	76	3035.3		
distilgpt2	torch-eager	cold	1	77	3063.7		
distilgpt2	torch-eager	cold	1	78	3085.4		
distilgpt2	torch-eager	cold	1	79	3083.9		
distilgpt2	torch-eager	cold	1	80	3047.2		
distilgpt2	torch-eager	cold	1	81	3038.9		
distilgpt2	torch-eager	cold	1	82	3104.0		
distilgpt2	torch-eager	cold	1	83	3084.2		
distilgpt2	torch-eager	cold	1	84	3034.6		
distilgpt2	torch-eager	cold	1	85	3026.0		
distilgpt2	torch-eager	cold	1	86	3058.0		
distilgpt2	torch-eager	cold	1	87	3032.0		
distilgpt2	torch-eager	cold	1	88	3043.4		
distilgpt2	torch-eager	cold	1	89	3019.6		
distilgpt2	torch-eager	cold	1	90	3028.2		
distilgpt2	torch-eager	cold	1	91	3030.3		
distilgpt2	torch-eager	cold	1	92	3039.6		
distilgpt2	torch-eager	cold	1	93	3004.8		
distilgpt2	torch-eager	cold	1	94	3045.3		
distilgpt2	torch-eager	cold	1	95	3028.9		
distilgpt2	torch-eager	cold	1	96	3023.4		
distilgpt2	torch-eager	cold	1	97	3063.4		
distilgpt2	torch-eager	cold	1	98	3040.1		
distilgpt2	torch-eager	cold	1	99	3058.0		
distilgpt2	torch-eager	cold	1	100	3017.7		
distilgpt2	torch-eager	cold	1	101	3078.5		
distilgpt2	torch-eager	cold	1	102	3024.8		
distilgpt2	torch-eager	cold	1	103	3114.9		
distilgpt2	torch-eager	cold	1	104	3059.4		
distilgpt2	torch-eager	cold	1	105	3103.3		
distilgpt2	torch-eager	cold	1	106	3043.7		
distilgpt2	torch-eager	cold	1	107	3027.4		
distilgpt2	torch-eager	cold	1	108	3074.2		
distilgpt2	torch-eager	cold	1	109	3053.9		
distilgpt2	torch-eager	cold	1	110	3028.9		
distilgpt2	torch-eager	cold	1	111	3013.4		
distilgpt2	torch-eager	cold	1	112	3030.8		
distilgpt2	torch-eager	cold	1	113	2998.1		
distilgpt2	torch-eager	cold	1	114	3107.3		
distilgpt2	torch-eager	cold	1	115	3038.4		
distilgpt2	torch-eager	cold	1	116	3117.6		
distilgpt2	torch-eager	cold	1	117	3020.3		
distilgpt2	torch-eager	cold	1	118	2999.8		
distilgpt2	torch-eager	cold	1	119	3051.8		
distilgpt2	torch-eager	cold	1	120	3108.7		
distilgpt2	torch-eager	cold	1	121	3030.8		
distilgpt2	torch-eager	cold	1	122	3109.5		
distilgpt2	torch-eager	cold	1	123	3141.6		
distilgpt2	torch-eager	cold	1	124	3143.3		
distilgpt2	torch-eager	cold	1	125	3048.9		
distilgpt2	torch-eager	cold	1	126	3038.9		
distilgpt2	torch-eager	cold	1	127	3062.2		
distilgpt2	torch-eager	cold	1	128	3079.2		
distilgpt2	torch-eager	cold	1	129	3001.0		
distilgpt2	torch-eager	cold	1	130	3067.5		
distilgpt2	torch-eager	cold	1	131	3022.0		
distilgpt2	torch-eager	cold	1	132	3023.4		
distilgpt2	torch-eager	cold	1	133	3008.6		
distilgpt2	torch-eager	cold	1	134	3014.3		
distilgpt2	torch-eager	cold	1	135	3062.5		
distilgpt2	torch-eager	cold	1	136	3119.2		
distilgpt2	torch-eager	cold	1	137	3020.0		
distilgpt2	torch-eager	cold	1	138	3046.8		
distilgpt2	torch-eager	cold	1	139	3048.2		
distilgpt2	torch-eager	cold	1	140	3033.6		
distilgpt2	torch-eager	cold	1	141	3104.9		
distilgpt2	torch-eager	cold	1	142	3037.0		
distilgpt2	torch-eager	cold	1	143	3020.5		
distilgpt2	torch-eager	cold	1	144	3136.4		
distilgpt2	torch-eager	cold	1	145	3046.5		
distilgpt2	torch-eager	cold	1	146	3039.8		
distilgpt2	torch-eager	cold	1	147	3021.0		
distilgpt2	torch-eager	cold	1	148	3022.0		
distilgpt2	torch-eager	cold	1	149	3015.3		
distilgpt2	torch-eager	cold	1	150	3015.8		
distilgpt2	torch-eager	cold	1	151	3019.8		
distilgpt2	torch-eager	cold	1	152	3039.4		
distilgpt2	torch-eager	cold	1	153	3015.0		
distilgpt2	torch-eager	cold	1	154	3007.7		
distilgpt2	torch-eager	cold	1	155	3026.5		
distilgpt2	torch-eager	cold	1	156	3022.7		
distilgpt2	torch-eager	cold	1	157	3006.9		
distilgpt2	torch-eager	cold	1	158	3011.9		
distilgpt2	torch-eager	cold	1	159	3027.2		
distilgpt2	torch-eager	cold	1	160	3059.4		
distilgpt2	torch-eager	cold	1	161	3024.8		
distilgpt2	torch-eager	cold	1	162	3056.3		
distilgpt2	torch-eager	cold	1	163	3024.1		
distilgpt2	torch-eager	cold	1	164	3028.2		
distilgpt2	torch-eager	cold	1	165	3059.9		
distilgpt2	torch-eager	cold	1	166	3076.6		
distilgpt2	torch-eager	cold	1	167	3383.4		
distilgpt2	torch-eager	cold	1	168	3259.7		
distilgpt2	torch-eager	cold	1	169	3311.2		
distilgpt2	torch-eager	cold	1	170	3295.4		
distilgpt2	torch-eager	cold	1	171	3186.7		
distilgpt2	torch-eager	cold	1	172	3245.6		
distilgpt2	torch-eager	cold	1	173	3202.4		
distilgpt2	torch-eager	cold	1	174	3222.7		
distilgpt2	torch-eager	cold	1	175	3204.1		
distilgpt2	torch-eager	cold	1	176	3196.0		
distilgpt2	torch-eager	cold	1	177	3232.5		
distilgpt2	torch-eager	cold	1	178	3227.5		
distilgpt2	torch-eager	cold	1	179	3227.5		
distilgpt2	torch-eager	cold	1	180	3218.7		
distilgpt2	torch-eager	cold	1	181	3207.0		
distilgpt2	torch-eager	cold	1	182	3294.0		
distilgpt2	torch-eager	cold	1	183	3266.1		
distilgpt2	torch-eager	cold	1	184	3228.2		
distilgpt2	torch-eager	cold	1	185	3207.2		
distilgpt2	torch-eager	cold	1	186	3215.8		
distilgpt2	torch-eager	cold	1	187	3216.0		
distilgpt2	torch-eager	cold	1	188	3198.9		
distilgpt2	torch-eager	cold	1	189	3253.0		
distilgpt2	torch-eager	cold	1	190	3258.5		
distilgpt2	torch-eager	cold	1	191	3191.2		
distilgpt2	torch-eager	cold	1	192	3215.3		
distilgpt2	torch-eager	cold	1	193	3194.8		
distilgpt2	torch-eager	cold	1	194	3271.8		
distilgpt2	torch-eager	cold	1	195	3218.7		
distilgpt2	torch-eager	cold	1	196	3237.7		
distilgpt2	torch-eager	cold	1	197	3257.0		
distilgpt2	torch-eager	cold	1	198	3219.4		
distilgpt2	torch-eager	cold	1	199	3226.0		
distilgpt2	torch-eager	cold	1	200	3230.3		
distilgpt2	torch-eager	cold	1	201	3213.4		
distilgpt2	torch-eager	cold	1	202	3246.8		
distilgpt2	torch-eager	cold	1	203	3286.8		
distilgpt2	torch-eager	cold	1	204	3205.1		
distilgpt2	torch-eager	cold	1	205	3202.4		
distilgpt2	torch-eager	cold	1	206	3194.3		
distilgpt2	torch-eager	cold	1	207	3212.2		
distilgpt2	torch-eager	cold	1	208	3259.9		
distilgpt2	torch-eager	cold	1	209	3206.3		
distilgpt2	torch-eager	cold	1	210	3197.7		
distilgpt2	torch-eager	cold	1	211	3210.5		
distilgpt2	torch-eager	cold	1	212	3228.9		
distilgpt2	torch-eager	cold	1	213	3108.5		
distilgpt2	torch-eager	cold	1	214	3068.2		
distilgpt2	torch-eager	cold	1	215	3048.2		
distilgpt2	torch-eager	cold	1	216	3046.8		
distilgpt2	torch-eager	cold	1	217	3034.1		
distilgpt2	torch-eager	cold	1	218	3060.6		
distilgpt2	torch-eager	cold	1	219	3029.3		
distilgpt2	torch-eager	cold	1	220	3049.9		
distilgpt2	torch-eager	cold	1	221	3027.0		
distilgpt2	torch-eager	cold	1	222	3056.3		
distilgpt2	torch-eager	cold	1	223	3109.5		
distilgpt2	torch-eager	cold	1	224	3048.7		
distilgpt2	torch-eager	cold	1	225	3069.6		
distilgpt2	torch-eager	cold	1	226	3028.4		
distilgpt2	torch-eager	cold	1	227	3041.7		
distilgpt2	torch-eager	cold	1	228	3086.1		
distilgpt2	torch-eager	cold	1	229	3028.2		
distilgpt2	torch-eager	cold	1	230	3027.7		
distilgpt2	torch-eager	cold	1	231	3071.8		
distilgpt2	torch-eager	cold	1	232	3036.3		
distilgpt2	torch-eager	cold	1	233	3081.6		
distilgpt2	torch-eager	cold	1	234	3064.4		
distilgpt2	torch-eager	cold	1	235	3069.6		
distilgpt2	torch-eager	cold	1	236	3055.3		
distilgpt2	torch-eager	cold	1	237	3056.5		
distilgpt2	torch-eager	cold	1	238	3054.9		
distilgpt2	torch-eager	cold	1	239	3022.0		
distilgpt2	torch-eager	cold	1	240	3026.5		
distilgpt2	torch-eager	cold	1	241	3004.6		
distilgpt2	torch-eager	cold	1	242	3011.5		
distilgpt2	torch-eager	cold	1	243	3077.5		
distilgpt2	torch-eager	cold	1	244	3141.6		
distilgpt2	torch-eager	cold	1	245	3048.2		
distilgpt2	torch-eager	cold	1	246	3165.2		
distilgpt2	torch-eager	cold	1	247	3077.7		
distilgpt2	torch-eager	cold	1	248	3037.2		
distilgpt2	torch-eager	cold	1	249	3036.7		
distilgpt2	torch-eager	cold	1	250	3047.2		
distilgpt2	torch-eager	cold	1	251	3086.8		
distilgpt2	torch-eager	cold	1	252	3040.1		
distilgpt2	torch-eager	cold	1	253	3043.9		
distilgpt2	torch-eager	cold	1	254	3017.7		
distilgpt2	torch-eager	cold	1	255	3042.5		
distilgpt2	torch-eager	cold	1	256	3071.1		
distilgpt2	torch-eager	cold	1	257	3012.9		
distilgpt2	torch-eager	cold	1	258	3106.6		
distilgpt2	torch-eager	cold	1	259	3026.2		
distilgpt2	torch-eager	cold	1	260	3037.9		
distilgpt2	torch-eager	cold	1	261	3045.8		
distilgpt2	torch-eager	cold	1	262	3016.7		
distilgpt2	torch-eager	cold	1	263	3018.1		
distilgpt2	torch-eager	cold	1	264	3069.9		
distilgpt2	torch-eager	cold	1	265	3066.3		
distilgpt2	torch-eager	cold	1	266	3043.9		
distilgpt2	torch-eager	cold	1	267	3062.5		
distilgpt2	torch-eager	cold	1	268	3035.1		
distilgpt2	torch-eager	cold	1	269	3085.9		
distilgpt2	torch-eager	cold	1	270	3107.5		
distilgpt2	torch-eager	cold	1	271	3060.1		
distilgpt2	torch-eager	cold	1	272	3032.4		
distilgpt2	torch-eager	cold	1	273	3044.8		
distilgpt2	torch-eager	cold	1	274	3043.4		
distilgpt2	torch-eager	cold	1	275	3025.1		
distilgpt2	torch-eager	cold	1	276	3065.6		
distilgpt2	torch-eager	cold	1	277	3028.4		
distilgpt2	torch-eager	cold	1	278	3020.0		
distilgpt2	torch-eager	cold	1	279	3036.7		
distilgpt2	torch-eager	cold	1	280	3111.4		
distilgpt2	torch-eager	cold	1	281	3087.5		
distilgpt2	torch-eager	cold	1	282	3017.2		
distilgpt2	torch-eager	cold	1	283	3024.8		
distilgpt2	torch-eager	cold	1	284	3062.7		
distilgpt2	torch-eager	cold	1	285	3077.0		
distilgpt2	torch-eager	cold	1	286	3044.8		
distilgpt2	torch-eager	cold	1	287	3149.3		
distilgpt2	torch-eager	cold	1	288	3067.3		
distilgpt2	torch-eager	cold	1	289	3102.3		
distilgpt2	torch-eager	cold	1	290	3055.8		
distilgpt2	torch-eager	cold	1	291	3019.8		
distilgpt2	torch-eager	cold	1	292	3031.7		
distilgpt2	torch-eager	cold	1	293	3046.3		
distilgpt2	torch-eager	cold	1	294	3015.3		
distilgpt2	torch-eager	cold	1	295	3012.9		
distilgpt2	torch-eager	cold	1	296	3036.3		
distilgpt2	torch-eager	cold	1	297	3059.6		
distilgpt2	torch-eager	cold	1	298	3085.1		
distilgpt2	torch-eager	cold	1	299	3032.7		
distilgpt2	ours	cold	1	0	3808725.8	7	254
distilgpt2	ours	cold	1	1	9864.1	0	93
distilgpt2	ours	cold	1	2	1356.1	0	57
distilgpt2	ours	cold	1	3	475945.2	1	87
distilgpt2	ours	cold	1	4	6518.1	0	77
distilgpt2	ours	cold	1	5	4802.9	1	39
distilgpt2	ours	cold	1	6	3258.0	0	39
distilgpt2	ours	cold	1	7	2485.0	0	39
distilgpt2	ours	cold	1	8	1344.2	0	39
distilgpt2	ours	cold	1	9	2059.9	0	39
distilgpt2	ours	cold	1	10	1279.8	0	39
distilgpt2	ours	cold	1	11	1338.0	0	39
distilgpt2	ours	cold	1	12	2005.8	0	39
distilgpt2	ours	cold	1	13	1264.8	0	39
distilgpt2	ours	cold	1	14	1279.8	0	39
distilgpt2	ours	cold	1	15	1287.0	0	39
distilgpt2	ours	cold	1	16	1988.9	0	39
distilgpt2	ours	cold	1	17	1281.0	0	39
distilgpt2	ours	cold	1	18	1301.1	0	39
distilgpt2	ours	cold	1	19	1298.0	0	39
distilgpt2	ours	cold	1	20	1323.9	0	39
distilgpt2	ours	cold	1	21	1984.8	0	39
distilgpt2	ours	cold	1	22	1287.0	0	39
distilgpt2	ours	cold	1	23	1307.0	0	39
distilgpt2	ours	cold	1	24	1299.1	0	39
distilgpt2	ours	cold	1	25	1302.0	0	39
distilgpt2	ours	cold	1	26	1298.9	0	39
distilgpt2	ours	cold	1	27	1973.9	0	39
distilgpt2	ours	cold	1	28	1292.9	0	39
distilgpt2	ours	cold	1	29	1282.0	0	39
distilgpt2	ours	cold	1	30	1276.0	0	39
distilgpt2	ours	cold	1	31	1296.0	0	39
distilgpt2	ours	cold	1	32	1277.0	0	39
distilgpt2	ours	cold	1	33	1336.1	0	39
distilgpt2	ours	cold	1	34	2064.9	0	39
distilgpt2	ours	cold	1	35	1297.0	0	39
distilgpt2	ours	cold	1	36	1285.1	0	39
distilgpt2	ours	cold	1	37	1272.0	0	39
distilgpt2	ours	cold	1	38	1338.0	0	39
distilgpt2	ours	cold	1	39	1277.9	0	39
distilgpt2	ours	cold	1	40	1290.1	0	39
distilgpt2	ours	cold	1	41	1305.1	0	39
distilgpt2	ours	cold	1	42	2014.9	0	39
distilgpt2	ours	cold	1	43	1294.9	0	39
distilgpt2	ours	cold	1	44	1286.0	0	39
distilgpt2	ours	cold	1	45	1280.8	0	39
distilgpt2	ours	cold	1	46	1276.0	0	39
distilgpt2	ours	cold	1	47	1277.0	0	39
distilgpt2	ours	cold	1	48	1268.1	0	39
distilgpt2	ours	cold	1	49	1291.0	0	39
distilgpt2	ours	cold	1	50	1277.9	0	39
distilgpt2	ours	cold	1	51	2089.0	0	39
distilgpt2	ours	cold	1	52	1278.9	0	39
distilgpt2	ours	cold	1	53	1302.0	0	39
distilgpt2	ours	cold	1	54	1277.2	0	39
distilgpt2	ours	cold	1	55	1284.8	0	39
distilgpt2	ours	cold	1	56	1282.2	0	39
distilgpt2	ours	cold	1	57	1284.8	0	39
distilgpt2	ours	cold	1	58	1341.8	0	39
distilgpt2	ours	cold	1	59	1292.0	0	39
distilgpt2	ours	cold	1	60	1279.8	0	39
distilgpt2	ours	cold	1	61	2043.0	0	39
distilgpt2	ours	cold	1	62	1282.9	0	39
distilgpt2	ours	cold	1	63	1283.9	0	39
distilgpt2	ours	cold	1	64	1341.1	0	39
distilgpt2	ours	cold	1	65	1273.9	0	39
distilgpt2	ours	cold	1	66	1269.8	0	39
distilgpt2	ours	cold	1	67	1272.9	0	39
distilgpt2	ours	cold	1	68	1296.0	0	39
distilgpt2	ours	cold	1	69	1292.9	0	39
distilgpt2	ours	cold	1	70	1272.9	0	39
distilgpt2	ours	cold	1	71	1315.1	0	39
distilgpt2	ours	cold	1	72	2029.9	0	39
distilgpt2	ours	cold	1	73	1279.8	0	39
distilgpt2	ours	cold	1	74	1274.8	0	39
distilgpt2	ours	cold	1	75	1287.0	0	39
distilgpt2	ours	cold	1	76	1277.0	0	39
distilgpt2	ours	cold	1	77	1292.9	0	39
distilgpt2	ours	cold	1	78	1311.8	0	39
distilgpt2	ours	cold	1	79	1271.0	0	39
distilgpt2	ours	cold	1	80	1292.9	0	39
distilgpt2	ours	cold	1	81	1272.0	0	39
distilgpt2	ours	cold	1	82	1298.9	0	39
distilgpt2	ours	cold	1	83	1304.1	0	39
distilgpt2	ours	cold	1	84	2007.0	0	39
distilgpt2	ours	cold	1	85	1280.1	0	39
distilgpt2	ours	cold	1	86	1282.9	0	39
distilgpt2	ours	cold	1	87	1282.0	0	39
distilgpt2	ours	cold	1	88	1267.9	0	39
distilgpt2	ours	cold	1	89	1272.0	0	39
distilgpt2	ours	cold	1	90	1326.1	0	39
distilgpt2	ours	cold	1	91	1277.0	0	39
distilgpt2	ours	cold	1	92	1300.1	0	39
distilgpt2	ours	cold	1	93	1283.9	0	39
distilgpt2	ours	cold	1	94	1271.0	0	39
distilgpt2	ours	cold	1	95	1303.9	0	39
distilgpt2	ours	cold	1	96	1307.0	0	39
distilgpt2	ours	cold	1	97	2031.1	0	39
distilgpt2	ours	cold	1	98	1308.9	0	39
distilgpt2	ours	cold	1	99	1267.0	0	39
distilgpt2	ours	cold	1	100	1343.0	0	39
distilgpt2	ours	cold	1	101	1276.0	0	39
distilgpt2	ours	cold	1	102	1276.0	0	39
distilgpt2	ours	cold	1	103	1290.1	0	39
distilgpt2	ours	cold	1	104	1278.2	0	39
distilgpt2	ours	cold	1	105	1277.0	0	39
distilgpt2	ours	cold	1	106	1296.0	0	39
distilgpt2	ours	cold	1	107	1285.1	0	39
distilgpt2	ours	cold	1	108	1272.9	0	39
distilgpt2	ours	cold	1	109	1335.9	0	39
distilgpt2	ours	cold	1	110	1343.0	0	39
distilgpt2	ours	cold	1	111	2053.0	0	39
distilgpt2	ours	cold	1	112	1329.9	0	39
distilgpt2	ours	cold	1	113	1276.0	0	39
distilgpt2	ours	cold	1	114	1299.1	0	39
distilgpt2	ours	cold	1	115	1274.1	0	39
distilgpt2	ours	cold	1	116	1276.0	0	39
distilgpt2	ours	cold	1	117	1269.1	0	39
distilgpt2	ours	cold	1	118	1272.0	0	39
distilgpt2	ours	cold	1	119	1273.2	0	39
distilgpt2	ours	cold	1	120	1272.0	0	39
distilgpt2	ours	cold	1	121	1277.9	0	39
distilgpt2	ours	cold	1	122	1331.8	0	39
distilgpt2	ours	cold	1	123	1282.0	0	39
distilgpt2	ours	cold	1	124	1308.9	0	39
distilgpt2	ours	cold	1	125	1271.0	0	39
distilgpt2	ours	cold	1	126	2097.8	0	39
distilgpt2	ours	cold	1	127	1277.9	0	39
distilgpt2	ours	cold	1	128	1272.0	0	39
distilgpt2	ours	cold	1	129	1300.8	0	39
distilgpt2	ours	cold	1	130	1318.2	0	39
distilgpt2	ours	cold	1	131	1308.9	0	39
distilgpt2	ours	cold	1	132	1266.0	0	39
distilgpt2	ours	cold	1	133	1291.0	0	39
distilgpt2	ours	cold	1	134	1271.0	0	39
distilgpt2	ours	cold	1	135	1282.0	0	39
distilgpt2	ours	cold	1	136	1282.0	0	39
distilgpt2	ours	cold	1	137	1289.1	0	39
distilgpt2	ours	cold	1	138	1278.9	0	39
distilgpt2	ours	cold	1	139	1300.1	0	39
distilgpt2	ours	cold	1	140	1280.1	0	39
distilgpt2	ours	cold	1	141	1270.1	0	39
distilgpt2	ours	cold	1	142	1282.9	0	39
distilgpt2	ours	cold	1	143	1274.8	0	39
distilgpt2	ours	cold	1	144	1334.0	0	39
distilgpt2	ours	cold	1	145	1264.1	0	39
distilgpt2	ours	cold	1	146	1288.9	0	39
distilgpt2	ours	cold	1	147	1271.0	0	39
distilgpt2	ours	cold	1	148	2050.9	0	39
distilgpt2	ours	cold	1	149	1282.2	0	39
distilgpt2	ours	cold	1	150	1281.0	0	39
distilgpt2	ours	cold	1	151	1293.9	0	39
distilgpt2	ours	cold	1	152	1275.1	0	39
distilgpt2	ours	cold	1	153	1303.2	0	39
distilgpt2	ours	cold	1	154	1279.8	0	39
distilgpt2	ours	cold	1	155	1294.1	0	39
distilgpt2	ours	cold	1	156	1276.0	0	39
distilgpt2	ours	cold	1	157	1277.0	0	39
distilgpt2	ours	cold	1	158	1293.2	0	39
distilgpt2	ours	cold	1	159	1324.9	0	39
distilgpt2	ours	cold	1	160	1278.2	0	39
distilgpt2	ours	cold	1	161	1317.0	0	39
distilgpt2	ours	cold	1	162	1293.9	0	39
distilgpt2	ours	cold	1	163	1289.8	0	39
distilgpt2	ours	cold	1	164	1275.1	0	39
distilgpt2	ours	cold	1	165	1273.2	0	39
distilgpt2	ours	cold	1	166	2038.0	0	39
distilgpt2	ours	cold	1	167	1280.1	0	39
distilgpt2	ours	cold	1	168	1308.9	0	39
distilgpt2	ours	cold	1	169	1273.9	0	39
distilgpt2	ours	cold	1	170	1291.0	0	39
distilgpt2	ours	cold	1	171	1276.0	0	39
distilgpt2	ours	cold	1	172	1301.1	0	39
distilgpt2	ours	cold	1	173	1287.0	0	39
distilgpt2	ours	cold	1	174	1274.8	0	39
distilgpt2	ours	cold	1	175	1292.0	0	39
distilgpt2	ours	cold	1	176	1309.9	0	39
distilgpt2	ours	cold	1	177	1268.9	0	39
distilgpt2	ours	cold	1	178	1274.1	0	39
distilgpt2	ours	cold	1	179	1291.0	0	39
distilgpt2	ours	cold	1	180	1276.0	0	39
distilgpt2	ours	cold	1	181	1266.0	0	39
distilgpt2	ours	cold	1	182	1275.1	0	39
distilgpt2	ours	cold	1	183	1281.0	0	39
distilgpt2	ours	cold	1	184	1282.2	0	39
distilgpt2	ours	cold	1	185	1315.8	0	39
distilgpt2	ours	cold	1	186	1339.0	0	39
distilgpt2	ours	cold	1	187	1289.1	0	39
distilgpt2	ours	cold	1	188	1277.0	0	39
distilgpt2	ours	cold	1	189	1301.1	0	39
distilgpt2	ours	cold	1	190	1287.0	0	39
distilgpt2	ours	cold	1	191	1333.0	0	39
distilgpt2	ours	cold	1	192	2072.1	0	39
distilgpt2	ours	cold	1	193	1336.1	0	39
distilgpt2	ours	cold	1	194	1270.1	0	39
distilgpt2	ours	cold	1	195	1279.1	0	39
distilgpt2	ours	cold	1	196	1272.0	0	39
distilgpt2	ours	cold	1	197	1276.0	0	39
distilgpt2	ours	cold	1	198	1267.0	0	39
distilgpt2	ours	cold	1	199	1291.0	0	39
distilgpt2	ours	cold	1	200	1295.1	0	39
distilgpt2	ours	cold	1	201	1281.0	0	39
distilgpt2	ours	cold	1	202	1308.2	0	39
distilgpt2	ours	cold	1	203	1286.0	0	39
distilgpt2	ours	cold	1	204	1343.0	0	39
distilgpt2	ours	cold	1	205	1272.9	0	39
distilgpt2	ours	cold	1	206	1280.8	0	39
distilgpt2	ours	cold	1	207	1259.8	0	39
distilgpt2	ours	cold	1	208	1272.0	0	39
distilgpt2	ours	cold	1	209	1272.0	0	39
distilgpt2	ours	cold	1	210	1266.0	0	39
distilgpt2	ours	cold	1	211	1255.0	0	39
distilgpt2	ours	cold	1	212	1241.2	0	39
distilgpt2	ours	cold	1	213	1236.0	0	39
distilgpt2	ours	cold	1	214	1243.1	0	39
distilgpt2	ours	cold	1	215	1246.9	0	39
distilgpt2	ours	cold	1	216	2196.1	0	39
distilgpt2	ours	cold	1	217	1287.9	0	39
distilgpt2	ours	cold	1	218	1304.9	0	39
distilgpt2	ours	cold	1	219	1275.1	0	39
distilgpt2	ours	cold	1	220	1258.1	0	39
distilgpt2	ours	cold	1	221	1263.1	0	39
distilgpt2	ours	cold	1	222	1240.0	0	39
distilgpt2	ours	cold	1	223	1284.1	0	39
distilgpt2	ours	cold	1	224	1264.8	0	39
distilgpt2	ours	cold	1	225	1256.0	0	39
distilgpt2	ours	cold	1	226	1257.9	0	39
distilgpt2	ours	cold	1	227	1295.1	0	39
distilgpt2	ours	cold	1	228	1237.2	0	39
distilgpt2	ours	cold	1	229	1250.0	0	39
distilgpt2	ours	cold	1	230	1236.0	0	39
distilgpt2	ours	cold	1	231	1265.0	0	39
distilgpt2	ours	cold	1	232	1241.2	0	39
distilgpt2	ours	cold	1	233	1235.0	0	39
distilgpt2	ours	cold	1	234	1269.1	0	39
distilgpt2	ours	cold	1	235	1230.0	0	39
distilgpt2	ours	cold	1	236	1265.0	0	39
distilgpt2	ours	cold	1	237	1252.9	0	39
distilgpt2	ours	cold	1	238	1257.9	0	39
distilgpt2	ours	cold	1	239	1236.0	0	39
distilgpt2	ours	cold	1	240	1238.8	0	39
distilgpt2	ours	cold	1	241	1231.9	0	39
distilgpt2	ours	cold	1	242	1239.1	0	39
distilgpt2	ours	cold	1	243	2208.0	0	39
distilgpt2	ours	cold	1	244	1243.8	0	39
distilgpt2	ours	cold	1	245	1237.2	0	39
distilgpt2	ours	cold	1	246	1230.0	0	39
distilgpt2	ours	cold	1	247	1229.0	0	39
distilgpt2	ours	cold	1	248	1246.0	0	39
distilgpt2	ours	cold	1	249	1244.1	0	39
distilgpt2	ours	cold	1	250	1256.9	0	39
distilgpt2	ours	cold	1	251	1293.9	0	39
distilgpt2	ours	cold	1	252	1267.0	0	39
distilgpt2	ours	cold	1	253	1268.9	0	39
distilgpt2	ours	cold	1	254	1287.0	0	39
distilgpt2	ours	cold	1	255	1240.0	0	39
distilgpt2	ours	cold	1	256	1256.0	0	39
distilgpt2	ours	cold	1	257	1262.9	0	39
distilgpt2	ours	cold	1	258	1243.8	0	39
distilgpt2	ours	cold	1	259	1238.8	0	39
distilgpt2	ours	cold	1	260	1239.1	0	39
distilgpt2	ours	cold	1	261	1272.0	0	39
distilgpt2	ours	cold	1	262	1243.8	0	39
distilgpt2	ours	cold	1	263	1241.0	0	39
distilgpt2	ours	cold	1	264	1242.9	0	39
distilgpt2	ours	cold	1	265	1247.2	0	39
distilgpt2	ours	cold	1	266	1241.9	0	39
distilgpt2	ours	cold	1	267	1236.2	0	39
distilgpt2	ours	cold	1	268	1287.0	0	39
distilgpt2	ours	cold	1	269	1261.0	0	39
distilgpt2	ours	cold	1	270	1252.9	0	39
distilgpt2	ours	cold	1	271	1241.9	0	39
distilgpt2	ours	cold	1	272	1241.0	0	39
distilgpt2	ours	cold	1	273	1239.1	0	39
distilgpt2	ours	cold	1	274	1251.9	0	39
distilgpt2	ours	cold	1	275	2109.1	0	39
distilgpt2	ours	cold	1	276	1242.2	0	39
distilgpt2	ours	cold	1	277	1247.9	0	39
distilgpt2	ours	cold	1	278	1277.0	0	39
distilgpt2	ours	cold	1	279	1237.9	0	39
distilgpt2	ours	cold	1	280	1235.0	0	39
distilgpt2	ours	cold	1	281	1286.0	0	39
distilgpt2	ours	cold	1	282	1256.0	0	39
distilgpt2	ours	cold	1	283	1241.0	0	39
distilgpt2	ours	cold	1	284	1281.0	0	39
distilgpt2	ours	cold	1	285	1258.9	0	39
distilgpt2	ours	cold	1	286	1238.1	0	39
distilgpt2	ours	cold	1	287	1253.1	0	39
distilgpt2	ours	cold	1	288	1258.9	0	39
distilgpt2	ours	cold	1	289	1236.9	0	39
distilgpt2	ours	cold	1	290	1248.1	0	39
distilgpt2	ours	cold	1	291	1270.1	0	39
distilgpt2	ours	cold	1	292	1303.9	0	39
distilgpt2	ours	cold	1	293	1252.2	0	39
distilgpt2	ours	cold	1	294	1271.0	0	39
distilgpt2	ours	cold	1	295	1236.9	0	39
distilgpt2	ours	cold	1	296	1238.8	0	39
distilgpt2	ours	cold	1	297	1268.1	0	39
distilgpt2	ours	cold	1	298	1236.0	0	39
distilgpt2	ours	cold	1	299	1246.9	0	39
distilgpt2	torch-compile	cold	1	0	4115629.2		
distilgpt2	torch-compile	cold	1	1	1709.7		
distilgpt2	torch-compile	cold	1	2	1520.4		
distilgpt2	torch-compile	cold	1	3	1500.8		
distilgpt2	torch-compile	cold	1	4	1485.6		
distilgpt2	torch-compile	cold	1	5	1464.6		
distilgpt2	torch-compile	cold	1	6	1527.8		
distilgpt2	torch-compile	cold	1	7	1464.6		
distilgpt2	torch-compile	cold	1	8	1473.4		
distilgpt2	torch-compile	cold	1	9	1488.7		
distilgpt2	torch-compile	cold	1	10	1521.8		
distilgpt2	torch-compile	cold	1	11	1488.2		
distilgpt2	torch-compile	cold	1	12	1460.3		
distilgpt2	torch-compile	cold	1	13	1473.7		
distilgpt2	torch-compile	cold	1	14	1522.5		
distilgpt2	torch-compile	cold	1	15	1466.5		
distilgpt2	torch-compile	cold	1	16	1448.6		
distilgpt2	torch-compile	cold	1	17	1483.0		
distilgpt2	torch-compile	cold	1	18	1453.2		
distilgpt2	torch-compile	cold	1	19	1455.3		
distilgpt2	torch-compile	cold	1	20	1462.9		
distilgpt2	torch-compile	cold	1	21	1469.9		
distilgpt2	torch-compile	cold	1	22	1466.5		
distilgpt2	torch-compile	cold	1	23	1466.3		
distilgpt2	torch-compile	cold	1	24	1472.5		
distilgpt2	torch-compile	cold	1	25	1448.6		
distilgpt2	torch-compile	cold	1	26	1471.5		
distilgpt2	torch-compile	cold	1	27	1456.7		
distilgpt2	torch-compile	cold	1	28	1489.2		
distilgpt2	torch-compile	cold	1	29	1464.8		
distilgpt2	torch-compile	cold	1	30	1484.2		
distilgpt2	torch-compile	cold	1	31	1478.7		
distilgpt2	torch-compile	cold	1	32	1472.9		
distilgpt2	torch-compile	cold	1	33	1457.2		
distilgpt2	torch-compile	cold	1	34	1644.8		
distilgpt2	torch-compile	cold	1	35	1848.7		
distilgpt2	torch-compile	cold	1	36	1492.5		
distilgpt2	torch-compile	cold	1	37	1485.6		
distilgpt2	torch-compile	cold	1	38	1459.4		
distilgpt2	torch-compile	cold	1	39	1459.1		
distilgpt2	torch-compile	cold	1	40	1467.0		
distilgpt2	torch-compile	cold	1	41	1453.2		
distilgpt2	torch-compile	cold	1	42	1467.2		
distilgpt2	torch-compile	cold	1	43	1449.3		
distilgpt2	torch-compile	cold	1	44	1455.8		
distilgpt2	torch-compile	cold	1	45	1479.6		
distilgpt2	torch-compile	cold	1	46	1534.2		
distilgpt2	torch-compile	cold	1	47	1477.2		
distilgpt2	torch-compile	cold	1	48	1473.4		
distilgpt2	torch-compile	cold	1	49	1452.2		
distilgpt2	torch-compile	cold	1	50	1443.1		
distilgpt2	torch-compile	cold	1	51	1472.9		
distilgpt2	torch-compile	cold	1	52	1516.8		
distilgpt2	torch-compile	cold	1	53	1478.7		
distilgpt2	torch-compile	cold	1	54	1452.7		
distilgpt2	torch-compile	cold	1	55	1451.0		
distilgpt2	torch-compile	cold	1	56	1493.9		
distilgpt2	torch-compile	cold	1	57	1523.5		
distilgpt2	torch-compile	cold	1	58	1486.3		
distilgpt2	torch-compile	cold	1	59	1487.0		
distilgpt2	torch-compile	cold	1	60	1482.0		
distilgpt2	torch-compile	cold	1	61	1451.0		
distilgpt2	torch-compile	cold	1	62	1502.8		
distilgpt2	torch-compile	cold	1	63	1464.8		
distilgpt2	torch-compile	cold	1	64	1462.9		
distilgpt2	torch-compile	cold	1	65	1453.2		
distilgpt2	torch-compile	cold	1	66	1477.5		
distilgpt2	torch-compile	cold	1	67	1491.1		
distilgpt2	torch-compile	cold	1	68	1458.2		
distilgpt2	torch-compile	cold	1	69	1453.2		
distilgpt2	torch-compile	cold	1	70	1461.3		
distilgpt2	torch-compile	cold	1	71	1530.2		
distilgpt2	torch-compile	cold	1	72	1473.9		
distilgpt2	torch-compile	cold	1	73	1459.6		
distilgpt2	torch-compile	cold	1	74	1449.8		
distilgpt2	torch-compile	cold	1	75	1442.7		
distilgpt2	torch-compile	cold	1	76	1485.3		
distilgpt2	torch-compile	cold	1	77	1460.6		
distilgpt2	torch-compile	cold	1	78	1468.9		
distilgpt2	torch-compile	cold	1	79	1437.7		
distilgpt2	torch-compile	cold	1	80	1531.6		
distilgpt2	torch-compile	cold	1	81	1450.8		
distilgpt2	torch-compile	cold	1	82	1503.9		
distilgpt2	torch-compile	cold	1	83	1471.0		
distilgpt2	torch-compile	cold	1	84	1450.5		
distilgpt2	torch-compile	cold	1	85	1453.6		
distilgpt2	torch-compile	cold	1	86	1525.2		
distilgpt2	torch-compile	cold	1	87	1483.7		
distilgpt2	torch-compile	cold	1	88	1456.0		
distilgpt2	torch-compile	cold	1	89	1443.9		
distilgpt2	torch-compile	cold	1	90	1478.2		
distilgpt2	torch-compile	cold	1	91	1480.3		
distilgpt2	torch-compile	cold	1	92	1474.1		
distilgpt2	torch-compile	cold	1	93	1440.8		
distilgpt2	torch-compile	cold	1	94	1507.5		
distilgpt2	torch-compile	cold	1	95	1452.7		
distilgpt2	torch-compile	cold	1	96	1460.1		
distilgpt2	torch-compile	cold	1	97	1461.3		
distilgpt2	torch-compile	cold	1	98	1437.9		
distilgpt2	torch-compile	cold	1	99	1488.4		
distilgpt2	torch-compile	cold	1	100	1463.7		
distilgpt2	torch-compile	cold	1	101	1484.6		
distilgpt2	torch-compile	cold	1	102	1439.1		
distilgpt2	torch-compile	cold	1	103	1466.0		
distilgpt2	torch-compile	cold	1	104	1468.2		
distilgpt2	torch-compile	cold	1	105	1460.8		
distilgpt2	torch-compile	cold	1	106	1524.0		
distilgpt2	torch-compile	cold	1	107	1455.3		
distilgpt2	torch-compile	cold	1	108	1455.3		
distilgpt2	torch-compile	cold	1	109	1458.2		
distilgpt2	torch-compile	cold	1	110	1450.5		
distilgpt2	torch-compile	cold	1	111	1470.6		
distilgpt2	torch-compile	cold	1	112	1517.1		
distilgpt2	torch-compile	cold	1	113	1450.8		
distilgpt2	torch-compile	cold	1	114	1465.8		
distilgpt2	torch-compile	cold	1	115	1470.1		
distilgpt2	torch-compile	cold	1	116	1448.6		
distilgpt2	torch-compile	cold	1	117	1460.6		
distilgpt2	torch-compile	cold	1	118	1469.6		
distilgpt2	torch-compile	cold	1	119	1464.8		
distilgpt2	torch-compile	cold	1	120	1491.5		
distilgpt2	torch-compile	cold	1	121	1455.1		
distilgpt2	torch-compile	cold	1	122	1485.3		
distilgpt2	torch-compile	cold	1	123	1467.2		
distilgpt2	torch-compile	cold	1	124	1454.4		
distilgpt2	torch-compile	cold	1	125	1454.8		
distilgpt2	torch-compile	cold	1	126	1450.5		
distilgpt2	torch-compile	cold	1	127	1467.5		
distilgpt2	torch-compile	cold	1	128	1458.6		
distilgpt2	torch-compile	cold	1	129	1462.0		
distilgpt2	torch-compile	cold	1	130	1466.5		
distilgpt2	torch-compile	cold	1	131	1472.2		
distilgpt2	torch-compile	cold	1	132	1451.5		
distilgpt2	torch-compile	cold	1	133	1463.9		
distilgpt2	torch-compile	cold	1	134	1457.0		
distilgpt2	torch-compile	cold	1	135	1470.1		
distilgpt2	torch-compile	cold	1	136	1670.4		
distilgpt2	torch-compile	cold	1	137	1458.4		
distilgpt2	torch-compile	cold	1	138	1470.8		
distilgpt2	torch-compile	cold	1	139	1452.0		
distilgpt2	torch-compile	cold	1	140	1632.0		
distilgpt2	torch-compile	cold	1	141	1425.5		
distilgpt2	torch-compile	cold	1	142	1406.9		
distilgpt2	torch-compile	cold	1	143	1485.6		
distilgpt2	torch-compile	cold	1	144	1413.8		
distilgpt2	torch-compile	cold	1	145	1417.2		
distilgpt2	torch-compile	cold	1	146	1479.1		
distilgpt2	torch-compile	cold	1	147	1429.6		
distilgpt2	torch-compile	cold	1	148	1420.5		
distilgpt2	torch-compile	cold	1	149	1434.6		
distilgpt2	torch-compile	cold	1	150	1413.8		
distilgpt2	torch-compile	cold	1	151	1417.6		
distilgpt2	torch-compile	cold	1	152	1442.7		
distilgpt2	torch-compile	cold	1	153	1404.0		
distilgpt2	torch-compile	cold	1	154	1437.4		
distilgpt2	torch-compile	cold	1	155	1427.2		
distilgpt2	torch-compile	cold	1	156	1421.7		
distilgpt2	torch-compile	cold	1	157	1480.1		
distilgpt2	torch-compile	cold	1	158	1401.9		
distilgpt2	torch-compile	cold	1	159	1415.5		
distilgpt2	torch-compile	cold	1	160	1414.1		
distilgpt2	torch-compile	cold	1	161	1448.6		
distilgpt2	torch-compile	cold	1	162	1432.2		
distilgpt2	torch-compile	cold	1	163	1415.3		
distilgpt2	torch-compile	cold	1	164	1453.9		
distilgpt2	torch-compile	cold	1	165	1418.8		
distilgpt2	torch-compile	cold	1	166	1424.1		
distilgpt2	torch-compile	cold	1	167	1445.5		
distilgpt2	torch-compile	cold	1	168	1434.1		
distilgpt2	torch-compile	cold	1	169	1453.9		
distilgpt2	torch-compile	cold	1	170	1421.9		
distilgpt2	torch-compile	cold	1	171	1426.0		
distilgpt2	torch-compile	cold	1	172	1411.9		
distilgpt2	torch-compile	cold	1	173	1443.4		
distilgpt2	torch-compile	cold	1	174	1430.7		
distilgpt2	torch-compile	cold	1	175	1418.1		
distilgpt2	torch-compile	cold	1	176	1432.2		
distilgpt2	torch-compile	cold	1	177	1420.7		
distilgpt2	torch-compile	cold	1	178	1470.8		
distilgpt2	torch-compile	cold	1	179	1416.9		
distilgpt2	torch-compile	cold	1	180	1424.6		
distilgpt2	torch-compile	cold	1	181	1407.4		
distilgpt2	torch-compile	cold	1	182	1471.3		
distilgpt2	torch-compile	cold	1	183	1423.4		
distilgpt2	torch-compile	cold	1	184	1432.7		
distilgpt2	torch-compile	cold	1	185	1419.5		
distilgpt2	torch-compile	cold	1	186	1434.1		
distilgpt2	torch-compile	cold	1	187	1419.8		
distilgpt2	torch-compile	cold	1	188	1452.7		
distilgpt2	torch-compile	cold	1	189	1422.9		
distilgpt2	torch-compile	cold	1	190	1414.1		
distilgpt2	torch-compile	cold	1	191	1446.5		
distilgpt2	torch-compile	cold	1	192	1441.2		
distilgpt2	torch-compile	cold	1	193	1415.5		
distilgpt2	torch-compile	cold	1	194	1407.4		
distilgpt2	torch-compile	cold	1	195	1431.7		
distilgpt2	torch-compile	cold	1	196	1462.5		
distilgpt2	torch-compile	cold	1	197	1484.6		
distilgpt2	torch-compile	cold	1	198	1445.5		
distilgpt2	torch-compile	cold	1	199	1448.6		
distilgpt2	torch-compile	cold	1	200	1427.4		
distilgpt2	torch-compile	cold	1	201	1427.9		
distilgpt2	torch-compile	cold	1	202	1466.0		
distilgpt2	torch-compile	cold	1	203	1446.7		
distilgpt2	torch-compile	cold	1	204	1417.2		
distilgpt2	torch-compile	cold	1	205	1434.6		
distilgpt2	torch-compile	cold	1	206	1416.4		
distilgpt2	torch-compile	cold	1	207	1424.6		
distilgpt2	torch-compile	cold	1	208	1426.5		
distilgpt2	torch-compile	cold	1	209	1417.4		
distilgpt2	torch-compile	cold	1	210	1429.6		
distilgpt2	torch-compile	cold	1	211	1406.2		
distilgpt2	torch-compile	cold	1	212	1490.1		
distilgpt2	torch-compile	cold	1	213	1421.5		
distilgpt2	torch-compile	cold	1	214	1423.1		
distilgpt2	torch-compile	cold	1	215	1400.2		
distilgpt2	torch-compile	cold	1	216	1419.3		
distilgpt2	torch-compile	cold	1	217	1419.8		
distilgpt2	torch-compile	cold	1	218	1427.7		
distilgpt2	torch-compile	cold	1	219	1446.7		
distilgpt2	torch-compile	cold	1	220	1415.3		
distilgpt2	torch-compile	cold	1	221	1426.7		
distilgpt2	torch-compile	cold	1	222	1402.6		
distilgpt2	torch-compile	cold	1	223	1410.0		
distilgpt2	torch-compile	cold	1	224	1414.8		
distilgpt2	torch-compile	cold	1	225	1400.7		
distilgpt2	torch-compile	cold	1	226	1431.0		
distilgpt2	torch-compile	cold	1	227	1407.1		
distilgpt2	torch-compile	cold	1	228	1467.7		
distilgpt2	torch-compile	cold	1	229	1460.3		
distilgpt2	torch-compile	cold	1	230	1447.7		
distilgpt2	torch-compile	cold	1	231	1470.8		
distilgpt2	torch-compile	cold	1	232	1401.7		
distilgpt2	torch-compile	cold	1	233	1435.8		
distilgpt2	torch-compile	cold	1	234	1427.7		
distilgpt2	torch-compile	cold	1	235	1423.4		
distilgpt2	torch-compile	cold	1	236	1410.0		
distilgpt2	torch-compile	cold	1	237	1431.5		
distilgpt2	torch-compile	cold	1	238	1442.4		
distilgpt2	torch-compile	cold	1	239	1434.1		
distilgpt2	torch-compile	cold	1	240	1420.0		
distilgpt2	torch-compile	cold	1	241	1408.8		
distilgpt2	torch-compile	cold	1	242	1415.3		
distilgpt2	torch-compile	cold	1	243	1410.5		
distilgpt2	torch-compile	cold	1	244	1421.2		
distilgpt2	torch-compile	cold	1	245	1437.2		
distilgpt2	torch-compile	cold	1	246	1444.3		
distilgpt2	torch-compile	cold	1	247	1434.1		
distilgpt2	torch-compile	cold	1	248	1436.0		
distilgpt2	torch-compile	cold	1	249	1468.7		
distilgpt2	torch-compile	cold	1	250	1426.5		
distilgpt2	torch-compile	cold	1	251	1440.3		
distilgpt2	torch-compile	cold	1	252	1451.7		
distilgpt2	torch-compile	cold	1	253	1422.2		
distilgpt2	torch-compile	cold	1	254	1436.9		
distilgpt2	torch-compile	cold	1	255	1420.3		
distilgpt2	torch-compile	cold	1	256	1430.0		
distilgpt2	torch-compile	cold	1	257	1421.0		
distilgpt2	torch-compile	cold	1	258	1444.8		
distilgpt2	torch-compile	cold	1	259	1410.5		
distilgpt2	torch-compile	cold	1	260	1417.6		
distilgpt2	torch-compile	cold	1	261	1421.9		
distilgpt2	torch-compile	cold	1	262	1469.1		
distilgpt2	torch-compile	cold	1	263	1429.1		
distilgpt2	torch-compile	cold	1	264	1421.5		
distilgpt2	torch-compile	cold	1	265	1434.1		
distilgpt2	torch-compile	cold	1	266	1440.0		
distilgpt2	torch-compile	cold	1	267	1434.8		
distilgpt2	torch-compile	cold	1	268	1411.4		
distilgpt2	torch-compile	cold	1	269	1418.1		
distilgpt2	torch-compile	cold	1	270	1445.5		
distilgpt2	torch-compile	cold	1	271	1418.4		
distilgpt2	torch-compile	cold	1	272	1418.6		
distilgpt2	torch-compile	cold	1	273	1419.5		
distilgpt2	torch-compile	cold	1	274	1433.8		
distilgpt2	torch-compile	cold	1	275	1416.0		
distilgpt2	torch-compile	cold	1	276	1421.7		
distilgpt2	torch-compile	cold	1	277	1477.2		
distilgpt2	torch-compile	cold	1	278	1473.4		
distilgpt2	torch-compile	cold	1	279	1418.1		
distilgpt2	torch-compile	cold	1	280	1425.5		
distilgpt2	torch-compile	cold	1	281	1446.0		
distilgpt2	torch-compile	cold	1	282	1441.0		
distilgpt2	torch-compile	cold	1	283	1451.5		
distilgpt2	torch-compile	cold	1	284	1428.1		
distilgpt2	torch-compile	cold	1	285	1448.4		
distilgpt2	torch-compile	cold	1	286	1452.0		
distilgpt2	torch-compile	cold	1	287	1421.5		
distilgpt2	torch-compile	cold	1	288	1415.3		
distilgpt2	torch-compile	cold	1	289	1428.6		
distilgpt2	torch-compile	cold	1	290	1429.1		
distilgpt2	torch-compile	cold	1	291	1466.0		
distilgpt2	torch-compile	cold	1	292	1440.3		
distilgpt2	torch-compile	cold	1	293	1411.4		
distilgpt2	torch-compile	cold	1	294	1419.8		
distilgpt2	torch-compile	cold	1	295	1439.8		
distilgpt2	torch-compile	cold	1	296	1418.6		
distilgpt2	torch-compile	cold	1	297	1474.9		
distilgpt2	torch-compile	cold	1	298	1469.1		
distilgpt2	torch-compile	cold	1	299	1453.4		
distilgpt2	torch-compile-ro	cold	1	0	3361504.1		
distilgpt2	torch-compile-ro	cold	1	1	30464.4		
distilgpt2	torch-compile-ro	cold	1	2	1672.3		
distilgpt2	torch-compile-ro	cold	1	3	1483.4		
distilgpt2	torch-compile-ro	cold	1	4	1471.0		
distilgpt2	torch-compile-ro	cold	1	5	1397.6		
distilgpt2	torch-compile-ro	cold	1	6	1375.4		
distilgpt2	torch-compile-ro	cold	1	7	1371.6		
distilgpt2	torch-compile-ro	cold	1	8	1410.2		
distilgpt2	torch-compile-ro	cold	1	9	1394.3		
distilgpt2	torch-compile-ro	cold	1	10	1382.8		
distilgpt2	torch-compile-ro	cold	1	11	1371.1		
distilgpt2	torch-compile-ro	cold	1	12	1400.7		
distilgpt2	torch-compile-ro	cold	1	13	1382.6		
distilgpt2	torch-compile-ro	cold	1	14	1348.3		
distilgpt2	torch-compile-ro	cold	1	15	1365.2		
distilgpt2	torch-compile-ro	cold	1	16	1350.2		
distilgpt2	torch-compile-ro	cold	1	17	1355.9		
distilgpt2	torch-compile-ro	cold	1	18	1355.6		
distilgpt2	torch-compile-ro	cold	1	19	1364.2		
distilgpt2	torch-compile-ro	cold	1	20	1419.3		
distilgpt2	torch-compile-ro	cold	1	21	1377.8		
distilgpt2	torch-compile-ro	cold	1	22	1348.0		
distilgpt2	torch-compile-ro	cold	1	23	1345.2		
distilgpt2	torch-compile-ro	cold	1	24	1351.1		
distilgpt2	torch-compile-ro	cold	1	25	1359.2		
distilgpt2	torch-compile-ro	cold	1	26	1365.7		
distilgpt2	torch-compile-ro	cold	1	27	1376.9		
distilgpt2	torch-compile-ro	cold	1	28	1387.4		
distilgpt2	torch-compile-ro	cold	1	29	1354.0		
distilgpt2	torch-compile-ro	cold	1	30	1346.3		
distilgpt2	torch-compile-ro	cold	1	31	1346.1		
distilgpt2	torch-compile-ro	cold	1	32	1362.3		
distilgpt2	torch-compile-ro	cold	1	33	1338.2		
distilgpt2	torch-compile-ro	cold	1	34	1345.6		
distilgpt2	torch-compile-ro	cold	1	35	1366.4		
distilgpt2	torch-compile-ro	cold	1	36	1369.7		
distilgpt2	torch-compile-ro	cold	1	37	1341.1		
distilgpt2	torch-compile-ro	cold	1	38	1382.8		
distilgpt2	torch-compile-ro	cold	1	39	1349.4		
distilgpt2	torch-compile-ro	cold	1	40	1331.1		
distilgpt2	torch-compile-ro	cold	1	41	1349.7		
distilgpt2	torch-compile-ro	cold	1	42	1345.4		
distilgpt2	torch-compile-ro	cold	1	43	1358.5		
distilgpt2	torch-compile-ro	cold	1	44	1405.0		
distilgpt2	torch-compile-ro	cold	1	45	1336.1		
distilgpt2	torch-compile-ro	cold	1	46	1336.8		
distilgpt2	torch-compile-ro	cold	1	47	1364.5		
distilgpt2	torch-compile-ro	cold	1	48	1402.4		
distilgpt2	torch-compile-ro	cold	1	49	1363.5		
distilgpt2	torch-compile-ro	cold	1	50	1371.4		
distilgpt2	torch-compile-ro	cold	1	51	1346.3		
distilgpt2	torch-compile-ro	cold	1	52	1348.7		
distilgpt2	torch-compile-ro	cold	1	53	1372.3		
distilgpt2	torch-compile-ro	cold	1	54	1354.0		
distilgpt2	torch-compile-ro	cold	1	55	1349.2		
distilgpt2	torch-compile-ro	cold	1	56	1345.6		
distilgpt2	torch-compile-ro	cold	1	57	1382.6		
distilgpt2	torch-compile-ro	cold	1	58	1345.2		
distilgpt2	torch-compile-ro	cold	1	59	1350.2		
distilgpt2	torch-compile-ro	cold	1	60	1354.0		
distilgpt2	torch-compile-ro	cold	1	61	1337.1		
distilgpt2	torch-compile-ro	cold	1	62	1350.9		
distilgpt2	torch-compile-ro	cold	1	63	1336.1		
distilgpt2	torch-compile-ro	cold	1	64	1369.5		
distilgpt2	torch-compile-ro	cold	1	65	1354.5		
distilgpt2	torch-compile-ro	cold	1	66	1342.8		
distilgpt2	torch-compile-ro	cold	1	67	1328.5		
distilgpt2	torch-compile-ro	cold	1	68	1342.1		
distilgpt2	torch-compile-ro	cold	1	69	1360.9		
distilgpt2	torch-compile-ro	cold	1	70	1326.3		
distilgpt2	torch-compile-ro	cold	1	71	1330.6		
distilgpt2	torch-compile-ro	cold	1	72	1334.0		
distilgpt2	torch-compile-ro	cold	1	73	1336.6		
distilgpt2	torch-compile-ro	cold	1	74	1340.2		
distilgpt2	torch-compile-ro	cold	1	75	1357.1		
distilgpt2	torch-compile-ro	cold	1	76	1342.1		
distilgpt2	torch-compile-ro	cold	1	77	1403.6		
distilgpt2	torch-compile-ro	cold	1	78	1323.0		
distilgpt2	torch-compile-ro	cold	1	79	1338.5		
distilgpt2	torch-compile-ro	cold	1	80	1357.3		
distilgpt2	torch-compile-ro	cold	1	81	1342.5		
distilgpt2	torch-compile-ro	cold	1	82	1353.0		
distilgpt2	torch-compile-ro	cold	1	83	1333.2		
distilgpt2	torch-compile-ro	cold	1	84	1390.9		
distilgpt2	torch-compile-ro	cold	1	85	1325.6		
distilgpt2	torch-compile-ro	cold	1	86	1357.6		
distilgpt2	torch-compile-ro	cold	1	87	1335.1		
distilgpt2	torch-compile-ro	cold	1	88	1339.4		
distilgpt2	torch-compile-ro	cold	1	89	1332.3		
distilgpt2	torch-compile-ro	cold	1	90	1327.3		
distilgpt2	torch-compile-ro	cold	1	91	1338.5		
distilgpt2	torch-compile-ro	cold	1	92	1326.6		
distilgpt2	torch-compile-ro	cold	1	93	1327.3		
distilgpt2	torch-compile-ro	cold	1	94	1371.6		
distilgpt2	torch-compile-ro	cold	1	95	1334.7		
distilgpt2	torch-compile-ro	cold	1	96	1337.8		
distilgpt2	torch-compile-ro	cold	1	97	1338.7		
distilgpt2	torch-compile-ro	cold	1	98	1341.6		
distilgpt2	torch-compile-ro	cold	1	99	1347.5		
distilgpt2	torch-compile-ro	cold	1	100	1332.5		
distilgpt2	torch-compile-ro	cold	1	101	1329.2		
distilgpt2	torch-compile-ro	cold	1	102	1333.5		
distilgpt2	torch-compile-ro	cold	1	103	1404.8		
distilgpt2	torch-compile-ro	cold	1	104	1337.5		
distilgpt2	torch-compile-ro	cold	1	105	1364.0		
distilgpt2	torch-compile-ro	cold	1	106	1338.5		
distilgpt2	torch-compile-ro	cold	1	107	1360.9		
distilgpt2	torch-compile-ro	cold	1	108	1332.8		
distilgpt2	torch-compile-ro	cold	1	109	1343.3		
distilgpt2	torch-compile-ro	cold	1	110	1338.0		
distilgpt2	torch-compile-ro	cold	1	111	1334.7		
distilgpt2	torch-compile-ro	cold	1	112	1403.1		
distilgpt2	torch-compile-ro	cold	1	113	1321.3		
distilgpt2	torch-compile-ro	cold	1	114	1332.8		
distilgpt2	torch-compile-ro	cold	1	115	1355.9		
distilgpt2	torch-compile-ro	cold	1	116	1317.3		
distilgpt2	torch-compile-ro	cold	1	117	1326.6		
distilgpt2	torch-compile-ro	cold	1	118	1357.3		
distilgpt2	torch-compile-ro	cold	1	119	1325.4		
distilgpt2	torch-compile-ro	cold	1	120	1331.6		
distilgpt2	torch-compile-ro	cold	1	121	1339.0		
distilgpt2	torch-compile-ro	cold	1	122	1328.0		
distilgpt2	torch-compile-ro	cold	1	123	1361.6		
distilgpt2	torch-compile-ro	cold	1	124	1376.9		
distilgpt2	torch-compile-ro	cold	1	125	1334.7		
distilgpt2	torch-compile-ro	cold	1	126	1331.6		
distilgpt2	torch-compile-ro	cold	1	127	1335.6		
distilgpt2	torch-compile-ro	cold	1	128	1385.7		
distilgpt2	torch-compile-ro	cold	1	129	1342.5		
distilgpt2	torch-compile-ro	cold	1	130	1326.8		
distilgpt2	torch-compile-ro	cold	1	131	1355.9		
distilgpt2	torch-compile-ro	cold	1	132	1337.1		
distilgpt2	torch-compile-ro	cold	1	133	1346.6		
distilgpt2	torch-compile-ro	cold	1	134	1339.2		
distilgpt2	torch-compile-ro	cold	1	135	1326.8		
distilgpt2	torch-compile-ro	cold	1	136	1344.9		
distilgpt2	torch-compile-ro	cold	1	137	1333.0		
distilgpt2	torch-compile-ro	cold	1	138	1366.1		
distilgpt2	torch-compile-ro	cold	1	139	1329.4		
distilgpt2	torch-compile-ro	cold	1	140	1358.5		
distilgpt2	torch-compile-ro	cold	1	141	1330.4		
distilgpt2	torch-compile-ro	cold	1	142	1342.1		
distilgpt2	torch-compile-ro	cold	1	143	1326.8		
distilgpt2	torch-compile-ro	cold	1	144	1332.8		
distilgpt2	torch-compile-ro	cold	1	145	1320.6		
distilgpt2	torch-compile-ro	cold	1	146	1339.9		
distilgpt2	torch-compile-ro	cold	1	147	1330.9		
distilgpt2	torch-compile-ro	cold	1	148	1404.0		
distilgpt2	torch-compile-ro	cold	1	149	1344.7		
distilgpt2	torch-compile-ro	cold	1	150	1331.8		
distilgpt2	torch-compile-ro	cold	1	151	1324.7		
distilgpt2	torch-compile-ro	cold	1	152	1344.9		
distilgpt2	torch-compile-ro	cold	1	153	1345.4		
distilgpt2	torch-compile-ro	cold	1	154	1329.9		
distilgpt2	torch-compile-ro	cold	1	155	1320.6		
distilgpt2	torch-compile-ro	cold	1	156	1342.5		
distilgpt2	torch-compile-ro	cold	1	157	1363.5		
distilgpt2	torch-compile-ro	cold	1	158	1406.7		
distilgpt2	torch-compile-ro	cold	1	159	1339.4		
distilgpt2	torch-compile-ro	cold	1	160	1352.8		
distilgpt2	torch-compile-ro	cold	1	161	1338.5		
distilgpt2	torch-compile-ro	cold	1	162	1331.3		
distilgpt2	torch-compile-ro	cold	1	163	1348.5		
distilgpt2	torch-compile-ro	cold	1	164	1332.3		
distilgpt2	torch-compile-ro	cold	1	165	1340.6		
distilgpt2	torch-compile-ro	cold	1	166	1347.8		
distilgpt2	torch-compile-ro	cold	1	167	1326.6		
distilgpt2	torch-compile-ro	cold	1	168	1333.0		
distilgpt2	torch-compile-ro	cold	1	169	1388.8		
distilgpt2	torch-compile-ro	cold	1	170	1327.8		
distilgpt2	torch-compile-ro	cold	1	171	1343.5		
distilgpt2	torch-compile-ro	cold	1	172	1402.9		
distilgpt2	torch-compile-ro	cold	1	173	1355.4		
distilgpt2	torch-compile-ro	cold	1	174	1328.7		
distilgpt2	torch-compile-ro	cold	1	175	1356.8		
distilgpt2	torch-compile-ro	cold	1	176	1369.7		
distilgpt2	torch-compile-ro	cold	1	177	1344.2		
distilgpt2	torch-compile-ro	cold	1	178	1338.2		
distilgpt2	torch-compile-ro	cold	1	179	1333.0		
distilgpt2	torch-compile-ro	cold	1	180	1343.7		
distilgpt2	torch-compile-ro	cold	1	181	1348.7		
distilgpt2	torch-compile-ro	cold	1	182	1362.6		
distilgpt2	torch-compile-ro	cold	1	183	1349.9		
distilgpt2	torch-compile-ro	cold	1	184	1334.2		
distilgpt2	torch-compile-ro	cold	1	185	1355.6		
distilgpt2	torch-compile-ro	cold	1	186	1320.1		
distilgpt2	torch-compile-ro	cold	1	187	1335.9		
distilgpt2	torch-compile-ro	cold	1	188	1340.6		
distilgpt2	torch-compile-ro	cold	1	189	1324.2		
distilgpt2	torch-compile-ro	cold	1	190	1340.2		
distilgpt2	torch-compile-ro	cold	1	191	1391.4		
distilgpt2	torch-compile-ro	cold	1	192	1322.3		
distilgpt2	torch-compile-ro	cold	1	193	1325.6		
distilgpt2	torch-compile-ro	cold	1	194	1330.6		
distilgpt2	torch-compile-ro	cold	1	195	1347.5		
distilgpt2	torch-compile-ro	cold	1	196	1360.2		
distilgpt2	torch-compile-ro	cold	1	197	1344.7		
distilgpt2	torch-compile-ro	cold	1	198	1374.0		
distilgpt2	torch-compile-ro	cold	1	199	1339.4		
distilgpt2	torch-compile-ro	cold	1	200	1328.0		
distilgpt2	torch-compile-ro	cold	1	201	1367.3		
distilgpt2	torch-compile-ro	cold	1	202	1367.6		
distilgpt2	torch-compile-ro	cold	1	203	1350.9		
distilgpt2	torch-compile-ro	cold	1	204	1339.9		
distilgpt2	torch-compile-ro	cold	1	205	1337.8		
distilgpt2	torch-compile-ro	cold	1	206	1360.9		
distilgpt2	torch-compile-ro	cold	1	207	1365.4		
distilgpt2	torch-compile-ro	cold	1	208	1353.3		
distilgpt2	torch-compile-ro	cold	1	209	1331.1		
distilgpt2	torch-compile-ro	cold	1	210	1332.8		
distilgpt2	torch-compile-ro	cold	1	211	1306.8		
distilgpt2	torch-compile-ro	cold	1	212	1290.6		
distilgpt2	torch-compile-ro	cold	1	213	1294.9		
distilgpt2	torch-compile-ro	cold	1	214	1290.8		
distilgpt2	torch-compile-ro	cold	1	215	1308.9		
distilgpt2	torch-compile-ro	cold	1	216	1292.0		
distilgpt2	torch-compile-ro	cold	1	217	1307.5		
distilgpt2	torch-compile-ro	cold	1	218	1340.2		
distilgpt2	torch-compile-ro	cold	1	219	1290.8		
distilgpt2	torch-compile-ro	cold	1	220	1312.0		
distilgpt2	torch-compile-ro	cold	1	221	1357.1		
distilgpt2	torch-compile-ro	cold	1	222	1335.9		
distilgpt2	torch-compile-ro	cold	1	223	1315.6		
distilgpt2	torch-compile-ro	cold	1	224	1301.3		
distilgpt2	torch-compile-ro	cold	1	225	1298.9		
distilgpt2	torch-compile-ro	cold	1	226	1290.8		
distilgpt2	torch-compile-ro	cold	1	227	1340.4		
distilgpt2	torch-compile-ro	cold	1	228	1287.7		
distilgpt2	torch-compile-ro	cold	1	229	1313.2		
distilgpt2	torch-compile-ro	cold	1	230	1284.1		
distilgpt2	torch-compile-ro	cold	1	231	1298.0		
distilgpt2	torch-compile-ro	cold	1	232	1323.0		
distilgpt2	torch-compile-ro	cold	1	233	1303.4		
distilgpt2	torch-compile-ro	cold	1	234	1284.4		
distilgpt2	torch-compile-ro	cold	1	235	1298.4		
distilgpt2	torch-compile-ro	cold	1	236	1300.6		
distilgpt2	torch-compile-ro	cold	1	237	1292.7		
distilgpt2	torch-compile-ro	cold	1	238	1309.2		
distilgpt2	torch-compile-ro	cold	1	239	1313.9		
distilgpt2	torch-compile-ro	cold	1	240	1304.6		
distilgpt2	torch-compile-ro	cold	1	241	1299.4		
distilgpt2	torch-compile-ro	cold	1	242	1309.2		
distilgpt2	torch-compile-ro	cold	1	243	1292.5		
distilgpt2	torch-compile-ro	cold	1	244	1324.2		
distilgpt2	torch-compile-ro	cold	1	245	1306.5		
distilgpt2	torch-compile-ro	cold	1	246	1288.9		
distilgpt2	torch-compile-ro	cold	1	247	1298.7		
distilgpt2	torch-compile-ro	cold	1	248	1300.8		
distilgpt2	torch-compile-ro	cold	1	249	1321.8		
distilgpt2	torch-compile-ro	cold	1	250	1299.1		
distilgpt2	torch-compile-ro	cold	1	251	1299.1		
distilgpt2	torch-compile-ro	cold	1	252	1305.1		
distilgpt2	torch-compile-ro	cold	1	253	1317.3		
distilgpt2	torch-compile-ro	cold	1	254	1286.5		
distilgpt2	torch-compile-ro	cold	1	255	1298.9		
distilgpt2	torch-compile-ro	cold	1	256	1313.2		
distilgpt2	torch-compile-ro	cold	1	257	1355.4		
distilgpt2	torch-compile-ro	cold	1	258	1307.7		
distilgpt2	torch-compile-ro	cold	1	259	1302.0		
distilgpt2	torch-compile-ro	cold	1	260	1296.0		
distilgpt2	torch-compile-ro	cold	1	261	1300.6		
distilgpt2	torch-compile-ro	cold	1	262	1299.9		
distilgpt2	torch-compile-ro	cold	1	263	1323.0		
distilgpt2	torch-compile-ro	cold	1	264	1308.0		
distilgpt2	torch-compile-ro	cold	1	265	1282.9		
distilgpt2	torch-compile-ro	cold	1	266	1329.9		
distilgpt2	torch-compile-ro	cold	1	267	1283.9		
distilgpt2	torch-compile-ro	cold	1	268	1288.7		
distilgpt2	torch-compile-ro	cold	1	269	1293.9		
distilgpt2	torch-compile-ro	cold	1	270	1319.6		
distilgpt2	torch-compile-ro	cold	1	271	1305.3		
distilgpt2	torch-compile-ro	cold	1	272	1321.6		
distilgpt2	torch-compile-ro	cold	1	273	1290.8		
distilgpt2	torch-compile-ro	cold	1	274	1299.9		
distilgpt2	torch-compile-ro	cold	1	275	1312.0		
distilgpt2	torch-compile-ro	cold	1	276	1285.8		
distilgpt2	torch-compile-ro	cold	1	277	1277.9		
distilgpt2	torch-compile-ro	cold	1	278	1292.7		
distilgpt2	torch-compile-ro	cold	1	279	1313.2		
distilgpt2	torch-compile-ro	cold	1	280	1307.0		
distilgpt2	torch-compile-ro	cold	1	281	1302.5		
distilgpt2	torch-compile-ro	cold	1	282	1315.1		
distilgpt2	torch-compile-ro	cold	1	283	1287.2		
distilgpt2	torch-compile-ro	cold	1	284	1289.1		
distilgpt2	torch-compile-ro	cold	1	285	1318.2		
distilgpt2	torch-compile-ro	cold	1	286	1280.5		
distilgpt2	torch-compile-ro	cold	1	287	1291.3		
distilgpt2	torch-compile-ro	cold	1	288	1322.3		
distilgpt2	torch-compile-ro	cold	1	289	1300.8		
distilgpt2	torch-compile-ro	cold	1	290	1295.8		
distilgpt2	torch-compile-ro	cold	1	291	1318.0		
distilgpt2	torch-compile-ro	cold	1	292	1287.5		
distilgpt2	torch-compile-ro	cold	1	293	1292.2		
distilgpt2	torch-compile-ro	cold	1	294	1288.2		
distilgpt2	torch-compile-ro	cold	1	295	1299.1		
distilgpt2	torch-compile-ro	cold	1	296	1287.7		
distilgpt2	torch-compile-ro	cold	1	297	1313.9		
distilgpt2	torch-compile-ro	cold	1	298	1340.6		
distilgpt2	torch-compile-ro	cold	1	299	1297.0		
distilgpt2	jax	cold	1	0	4790.9		
distilgpt2	jax	cold	1	1	1369.6		
distilgpt2	jax	cold	1	2	1336.3		
distilgpt2	jax	cold	1	3	1257.9		
distilgpt2	jax	cold	1	4	1278.7		
distilgpt2	jax	cold	1	5	1207.9		
distilgpt2	jax	cold	1	6	1238.0		
distilgpt2	jax	cold	1	7	1227.9		
distilgpt2	jax	cold	1	8	1202.9		
distilgpt2	jax	cold	1	9	1205.1		
distilgpt2	jax	cold	1	10	1229.8		
distilgpt2	jax	cold	1	11	1210.1		
distilgpt2	jax	cold	1	12	1207.9		
distilgpt2	jax	cold	1	13	1256.1		
distilgpt2	jax	cold	1	14	1231.1		
distilgpt2	jax	cold	1	15	1236.4		
distilgpt2	jax	cold	1	16	1238.3		
distilgpt2	jax	cold	1	17	1259.3		
distilgpt2	jax	cold	1	18	1228.7		
distilgpt2	jax	cold	1	19	1217.2		
distilgpt2	jax	cold	1	20	1297.7		
distilgpt2	jax	cold	1	21	1244.3		
distilgpt2	jax	cold	1	22	1232.9		
distilgpt2	jax	cold	1	23	1200.9		
distilgpt2	jax	cold	1	24	1215.2		
distilgpt2	jax	cold	1	25	1200.2		
distilgpt2	jax	cold	1	26	1178.0		
distilgpt2	jax	cold	1	27	1165.2		
distilgpt2	jax	cold	1	28	1202.4		
distilgpt2	jax	cold	1	29	1170.3		
distilgpt2	jax	cold	1	30	1198.0		
distilgpt2	jax	cold	1	31	1224.1		
distilgpt2	jax	cold	1	32	1200.6		
distilgpt2	jax	cold	1	33	1201.1		
distilgpt2	jax	cold	1	34	1168.8		
distilgpt2	jax	cold	1	35	1165.3		
distilgpt2	jax	cold	1	36	1183.8		
distilgpt2	jax	cold	1	37	1167.4		
distilgpt2	jax	cold	1	38	1196.5		
distilgpt2	jax	cold	1	39	1204.4		
distilgpt2	jax	cold	1	40	1197.2		
distilgpt2	jax	cold	1	41	1192.8		
distilgpt2	jax	cold	1	42	1179.0		
distilgpt2	jax	cold	1	43	1204.2		
distilgpt2	jax	cold	1	44	1220.5		
distilgpt2	jax	cold	1	45	1201.8		
distilgpt2	jax	cold	1	46	1202.1		
distilgpt2	jax	cold	1	47	1198.9		
distilgpt2	jax	cold	1	48	1196.7		
distilgpt2	jax	cold	1	49	1205.5		
distilgpt2	jax	cold	1	50	1196.8		
distilgpt2	jax	cold	1	51	1219.1		
distilgpt2	jax	cold	1	52	1185.3		
distilgpt2	jax	cold	1	53	1165.9		
distilgpt2	jax	cold	1	54	1213.5		
distilgpt2	jax	cold	1	55	1195.9		
distilgpt2	jax	cold	1	56	1191.3		
distilgpt2	jax	cold	1	57	1171.1		
distilgpt2	jax	cold	1	58	1196.9		
distilgpt2	jax	cold	1	59	1196.5		
distilgpt2	jax	cold	1	60	1203.0		
distilgpt2	jax	cold	1	61	1192.1		
distilgpt2	jax	cold	1	62	1166.9		
distilgpt2	jax	cold	1	63	1194.2		
distilgpt2	jax	cold	1	64	1221.5		
distilgpt2	jax	cold	1	65	1171.4		
distilgpt2	jax	cold	1	66	1238.1		
distilgpt2	jax	cold	1	67	1201.0		
distilgpt2	jax	cold	1	68	1201.1		
distilgpt2	jax	cold	1	69	1225.7		
distilgpt2	jax	cold	1	70	1210.9		
distilgpt2	jax	cold	1	71	1207.7		
distilgpt2	jax	cold	1	72	1171.7		
distilgpt2	jax	cold	1	73	1166.7		
distilgpt2	jax	cold	1	74	1201.8		
distilgpt2	jax	cold	1	75	1194.5		
distilgpt2	jax	cold	1	76	1218.1		
distilgpt2	jax	cold	1	77	1165.9		
distilgpt2	jax	cold	1	78	1211.0		
distilgpt2	jax	cold	1	79	1208.9		
distilgpt2	jax	cold	1	80	1198.7		
distilgpt2	jax	cold	1	81	1192.8		
distilgpt2	jax	cold	1	82	1200.6		
distilgpt2	jax	cold	1	83	1186.1		
distilgpt2	jax	cold	1	84	1183.1		
distilgpt2	jax	cold	1	85	1169.0		
distilgpt2	jax	cold	1	86	1226.8		
distilgpt2	jax	cold	1	87	1182.1		
distilgpt2	jax	cold	1	88	1192.5		
distilgpt2	jax	cold	1	89	1205.5		
distilgpt2	jax	cold	1	90	1197.7		
distilgpt2	jax	cold	1	91	1223.1		
distilgpt2	jax	cold	1	92	1207.0		
distilgpt2	jax	cold	1	93	1198.7		
distilgpt2	jax	cold	1	94	1203.7		
distilgpt2	jax	cold	1	95	1200.8		
distilgpt2	jax	cold	1	96	1205.5		
distilgpt2	jax	cold	1	97	1168.3		
distilgpt2	jax	cold	1	98	1174.8		
distilgpt2	jax	cold	1	99	1209.7		
distilgpt2	jax	cold	1	100	1180.7		
distilgpt2	jax	cold	1	101	1245.7		
distilgpt2	jax	cold	1	102	1237.8		
distilgpt2	jax	cold	1	103	1194.0		
distilgpt2	jax	cold	1	104	1208.7		
distilgpt2	jax	cold	1	105	1200.2		
distilgpt2	jax	cold	1	106	1210.6		
distilgpt2	jax	cold	1	107	1164.8		
distilgpt2	jax	cold	1	108	1205.4		
distilgpt2	jax	cold	1	109	1205.9		
distilgpt2	jax	cold	1	110	1204.1		
distilgpt2	jax	cold	1	111	1198.2		
distilgpt2	jax	cold	1	112	1193.8		
distilgpt2	jax	cold	1	113	1195.5		
distilgpt2	jax	cold	1	114	1168.8		
distilgpt2	jax	cold	1	115	1169.8		
distilgpt2	jax	cold	1	116	1208.1		
distilgpt2	jax	cold	1	117	1162.5		
distilgpt2	jax	cold	1	118	1199.4		
distilgpt2	jax	cold	1	119	1202.8		
distilgpt2	jax	cold	1	120	1202.8		
distilgpt2	jax	cold	1	121	1206.7		
distilgpt2	jax	cold	1	122	1190.0		
distilgpt2	jax	cold	1	123	1191.0		
distilgpt2	jax	cold	1	124	1175.0		
distilgpt2	jax	cold	1	125	1188.9		
distilgpt2	jax	cold	1	126	1225.3		
distilgpt2	jax	cold	1	127	1208.4		
distilgpt2	jax	cold	1	128	1196.5		
distilgpt2	jax	cold	1	129	1189.9		
distilgpt2	jax	cold	1	130	1194.6		
distilgpt2	jax	cold	1	131	1217.9		
distilgpt2	jax	cold	1	132	1199.2		
distilgpt2	jax	cold	1	133	1170.8		
distilgpt2	jax	cold	1	134	1202.3		
distilgpt2	jax	cold	1	135	1174.5		
distilgpt2	jax	cold	1	136	1220.8		
distilgpt2	jax	cold	1	137	1165.9		
distilgpt2	jax	cold	1	138	1174.0		
distilgpt2	jax	cold	1	139	1177.4		
distilgpt2	jax	cold	1	140	1164.6		
distilgpt2	jax	cold	1	141	1228.6		
distilgpt2	jax	cold	1	142	1167.0		
distilgpt2	jax	cold	1	143	1195.1		
distilgpt2	jax	cold	1	144	1204.0		
distilgpt2	jax	cold	1	145	1167.2		
distilgpt2	jax	cold	1	146	1169.2		
distilgpt2	jax	cold	1	147	1204.7		
distilgpt2	jax	cold	1	148	1199.1		
distilgpt2	jax	cold	1	149	1199.6		
distilgpt2	jax	cold	1	150	1199.5		
distilgpt2	jax	cold	1	151	1195.6		
distilgpt2	jax	cold	1	152	1204.1		
distilgpt2	jax	cold	1	153	1180.5		
distilgpt2	jax	cold	1	154	1201.8		
distilgpt2	jax	cold	1	155	1205.3		
distilgpt2	jax	cold	1	156	1171.5		
distilgpt2	jax	cold	1	157	1208.7		
distilgpt2	jax	cold	1	158	1197.2		
distilgpt2	jax	cold	1	159	1198.5		
distilgpt2	jax	cold	1	160	1175.1		
distilgpt2	jax	cold	1	161	1171.0		
distilgpt2	jax	cold	1	162	1190.8		
distilgpt2	jax	cold	1	163	1189.6		
distilgpt2	jax	cold	1	164	1199.4		
distilgpt2	jax	cold	1	165	1203.5		
distilgpt2	jax	cold	1	166	1201.0		
distilgpt2	jax	cold	1	167	1223.4		
distilgpt2	jax	cold	1	168	1194.8		
distilgpt2	jax	cold	1	169	1166.5		
distilgpt2	jax	cold	1	170	1174.6		
distilgpt2	jax	cold	1	171	1174.2		
distilgpt2	jax	cold	1	172	1223.7		
distilgpt2	jax	cold	1	173	1169.6		
distilgpt2	jax	cold	1	174	1169.9		
distilgpt2	jax	cold	1	175	1179.3		
distilgpt2	jax	cold	1	176	1197.6		
distilgpt2	jax	cold	1	177	1196.7		
distilgpt2	jax	cold	1	178	1200.3		
distilgpt2	jax	cold	1	179	1192.1		
distilgpt2	jax	cold	1	180	1207.3		
distilgpt2	jax	cold	1	181	1198.2		
distilgpt2	jax	cold	1	182	1195.4		
distilgpt2	jax	cold	1	183	1167.7		
distilgpt2	jax	cold	1	184	1196.6		
distilgpt2	jax	cold	1	185	1167.6		
distilgpt2	jax	cold	1	186	1175.2		
distilgpt2	jax	cold	1	187	1194.7		
distilgpt2	jax	cold	1	188	1189.0		
distilgpt2	jax	cold	1	189	1172.1		
distilgpt2	jax	cold	1	190	1165.2		
distilgpt2	jax	cold	1	191	1207.5		
distilgpt2	jax	cold	1	192	1175.8		
distilgpt2	jax	cold	1	193	1218.5		
distilgpt2	jax	cold	1	194	1196.1		
distilgpt2	jax	cold	1	195	1200.5		
distilgpt2	jax	cold	1	196	1200.5		
distilgpt2	jax	cold	1	197	1196.1		
distilgpt2	jax	cold	1	198	1222.5		
distilgpt2	jax	cold	1	199	1198.2		
distilgpt2	jax	cold	1	200	1171.1		
distilgpt2	jax	cold	1	201	1218.9		
distilgpt2	jax	cold	1	202	1237.2		
distilgpt2	jax	cold	1	203	1194.1		
distilgpt2	jax	cold	1	204	1201.8		
distilgpt2	jax	cold	1	205	1199.4		
distilgpt2	jax	cold	1	206	1210.1		
distilgpt2	jax	cold	1	207	1209.1		
distilgpt2	jax	cold	1	208	1174.6		
distilgpt2	jax	cold	1	209	1200.0		
distilgpt2	jax	cold	1	210	1192.6		
distilgpt2	jax	cold	1	211	1206.2		
distilgpt2	jax	cold	1	212	1202.6		
distilgpt2	jax	cold	1	213	1186.5		
distilgpt2	jax	cold	1	214	1193.7		
distilgpt2	jax	cold	1	215	1199.8		
distilgpt2	jax	cold	1	216	1206.1		
distilgpt2	jax	cold	1	217	1176.3		
distilgpt2	jax	cold	1	218	1210.1		
distilgpt2	jax	cold	1	219	1194.5		
distilgpt2	jax	cold	1	220	1194.8		
distilgpt2	jax	cold	1	221	1179.3		
distilgpt2	jax	cold	1	222	1198.4		
distilgpt2	jax	cold	1	223	1209.5		
distilgpt2	jax	cold	1	224	1197.1		
distilgpt2	jax	cold	1	225	1203.7		
distilgpt2	jax	cold	1	226	1181.4		
distilgpt2	jax	cold	1	227	1195.9		
distilgpt2	jax	cold	1	228	1217.5		
distilgpt2	jax	cold	1	229	1197.3		
distilgpt2	jax	cold	1	230	1199.8		
distilgpt2	jax	cold	1	231	1203.4		
distilgpt2	jax	cold	1	232	1193.8		
distilgpt2	jax	cold	1	233	1202.8		
distilgpt2	jax	cold	1	234	1193.5		
distilgpt2	jax	cold	1	235	1178.3		
distilgpt2	jax	cold	1	236	1178.2		
distilgpt2	jax	cold	1	237	1171.2		
distilgpt2	jax	cold	1	238	1217.6		
distilgpt2	jax	cold	1	239	1161.8		
distilgpt2	jax	cold	1	240	1194.2		
distilgpt2	jax	cold	1	241	1208.0		
distilgpt2	jax	cold	1	242	1198.6		
distilgpt2	jax	cold	1	243	1221.7		
distilgpt2	jax	cold	1	244	1201.1		
distilgpt2	jax	cold	1	245	1230.3		
distilgpt2	jax	cold	1	246	1175.7		
distilgpt2	jax	cold	1	247	1164.2		
distilgpt2	jax	cold	1	248	1220.4		
distilgpt2	jax	cold	1	249	1198.6		
distilgpt2	jax	cold	1	250	1170.9		
distilgpt2	jax	cold	1	251	1191.4		
distilgpt2	jax	cold	1	252	1177.5		
distilgpt2	jax	cold	1	253	1193.3		
distilgpt2	jax	cold	1	254	1165.1		
distilgpt2	jax	cold	1	255	1174.1		
distilgpt2	jax	cold	1	256	1179.9		
distilgpt2	jax	cold	1	257	1147.4		
distilgpt2	jax	cold	1	258	1176.7		
distilgpt2	jax	cold	1	259	1190.3		
distilgpt2	jax	cold	1	260	1147.1		
distilgpt2	jax	cold	1	261	1141.5		
distilgpt2	jax	cold	1	262	1180.9		
distilgpt2	jax	cold	1	263	1180.2		
distilgpt2	jax	cold	1	264	1168.0		
distilgpt2	jax	cold	1	265	1183.3		
distilgpt2	jax	cold	1	266	1176.3		
distilgpt2	jax	cold	1	267	1171.2		
distilgpt2	jax	cold	1	268	1190.7		
distilgpt2	jax	cold	1	269	1178.9		
distilgpt2	jax	cold	1	270	1196.9		
distilgpt2	jax	cold	1	271	1179.7		
distilgpt2	jax	cold	1	272	1183.5		
distilgpt2	jax	cold	1	273	1202.0		
distilgpt2	jax	cold	1	274	1193.2		
distilgpt2	jax	cold	1	275	1206.0		
distilgpt2	jax	cold	1	276	1186.3		
distilgpt2	jax	cold	1	277	1177.1		
distilgpt2	jax	cold	1	278	1194.6		
distilgpt2	jax	cold	1	279	1192.4		
distilgpt2	jax	cold	1	280	1183.5		
distilgpt2	jax	cold	1	281	1186.0		
distilgpt2	jax	cold	1	282	1181.0		
distilgpt2	jax	cold	1	283	1186.4		
distilgpt2	jax	cold	1	284	1161.5		
distilgpt2	jax	cold	1	285	1180.7		
distilgpt2	jax	cold	1	286	1211.1		
distilgpt2	jax	cold	1	287	1189.0		
distilgpt2	jax	cold	1	288	1195.0		
distilgpt2	jax	cold	1	289	1163.5		
distilgpt2	jax	cold	1	290	1180.4		
distilgpt2	jax	cold	1	291	1205.3		
distilgpt2	jax	cold	1	292	1166.7		
distilgpt2	jax	cold	1	293	1187.9		
distilgpt2	jax	cold	1	294	1164.0		
distilgpt2	jax	cold	1	295	1189.3		
distilgpt2	jax	cold	1	296	1174.9		
distilgpt2	jax	cold	1	297	1201.7		
distilgpt2	jax	cold	1	298	1187.4		
distilgpt2	jax	cold	1	299	1183.7		
distilgpt2	torch-eager	cold	2	0	123123.6		
distilgpt2	torch-eager	cold	2	1	3315.4		
distilgpt2	torch-eager	cold	2	2	3102.3		
distilgpt2	torch-eager	cold	2	3	3064.9		
distilgpt2	torch-eager	cold	2	4	3070.8		
distilgpt2	torch-eager	cold	2	5	3118.8		
distilgpt2	torch-eager	cold	2	6	3039.8		
distilgpt2	torch-eager	cold	2	7	3065.1		
distilgpt2	torch-eager	cold	2	8	3060.6		
distilgpt2	torch-eager	cold	2	9	3062.7		
distilgpt2	torch-eager	cold	2	10	3062.0		
distilgpt2	torch-eager	cold	2	11	3174.1		
distilgpt2	torch-eager	cold	2	12	3064.6		
distilgpt2	torch-eager	cold	2	13	3069.9		
distilgpt2	torch-eager	cold	2	14	3048.7		
distilgpt2	torch-eager	cold	2	15	3055.6		
distilgpt2	torch-eager	cold	2	16	3089.9		
distilgpt2	torch-eager	cold	2	17	3021.7		
distilgpt2	torch-eager	cold	2	18	3058.9		
distilgpt2	torch-eager	cold	2	19	3077.5		
distilgpt2	torch-eager	cold	2	20	3046.8		
distilgpt2	torch-eager	cold	2	21	3110.4		
distilgpt2	torch-eager	cold	2	22	3074.2		
distilgpt2	torch-eager	cold	2	23	3048.9		
distilgpt2	torch-eager	cold	2	24	3049.6		
distilgpt2	torch-eager	cold	2	25	3056.0		
distilgpt2	torch-eager	cold	2	26	3046.5		
distilgpt2	torch-eager	cold	2	27	3083.0		
distilgpt2	torch-eager	cold	2	28	3032.9		
distilgpt2	torch-eager	cold	2	29	3076.3		
distilgpt2	torch-eager	cold	2	30	3066.8		
distilgpt2	torch-eager	cold	2	31	3080.8		
distilgpt2	torch-eager	cold	2	32	3087.5		
distilgpt2	torch-eager	cold	2	33	3042.2		
distilgpt2	torch-eager	cold	2	34	3056.0		
distilgpt2	torch-eager	cold	2	35	3051.5		
distilgpt2	torch-eager	cold	2	36	3045.8		
distilgpt2	torch-eager	cold	2	37	3104.4		
distilgpt2	torch-eager	cold	2	38	3048.9		
distilgpt2	torch-eager	cold	2	39	3052.5		
distilgpt2	torch-eager	cold	2	40	3046.5		
distilgpt2	torch-eager	cold	2	41	3055.8		
distilgpt2	torch-eager	cold	2	42	3043.7		
distilgpt2	torch-eager	cold	2	43	3089.4		
distilgpt2	torch-eager	cold	2	44	3070.4		
distilgpt2	torch-eager	cold	2	45	3062.7		
distilgpt2	torch-eager	cold	2	46	3071.1		
distilgpt2	torch-eager	cold	2	47	3063.9		
distilgpt2	torch-eager	cold	2	48	3072.0		
distilgpt2	torch-eager	cold	2	49	3031.5		
distilgpt2	torch-eager	cold	2	50	3043.4		
distilgpt2	torch-eager	cold	2	51	3047.5		
distilgpt2	torch-eager	cold	2	52	3061.1		
distilgpt2	torch-eager	cold	2	53	3087.3		
distilgpt2	torch-eager	cold	2	54	3070.6		
distilgpt2	torch-eager	cold	2	55	3062.2		
distilgpt2	torch-eager	cold	2	56	3084.2		
distilgpt2	torch-eager	cold	2	57	3051.5		
distilgpt2	torch-eager	cold	2	58	3048.7		
distilgpt2	torch-eager	cold	2	59	3142.1		
distilgpt2	torch-eager	cold	2	60	3079.7		
distilgpt2	torch-eager	cold	2	61	3067.5		
distilgpt2	torch-eager	cold	2	62	3072.0		
distilgpt2	torch-eager	cold	2	63	3051.8		
distilgpt2	torch-eager	cold	2	64	3044.8		
distilgpt2	torch-eager	cold	2	65	3053.9		
distilgpt2	torch-eager	cold	2	66	3051.8		
distilgpt2	torch-eager	cold	2	67	3076.1		
distilgpt2	torch-eager	cold	2	68	3044.4		
distilgpt2	torch-eager	cold	2	69	3042.5		
distilgpt2	torch-eager	cold	2	70	3055.6		
distilgpt2	torch-eager	cold	2	71	3099.4		
distilgpt2	torch-eager	cold	2	72	3032.7		
distilgpt2	torch-eager	cold	2	73	3076.3		
distilgpt2	torch-eager	cold	2	74	3067.3		
distilgpt2	torch-eager	cold	2	75	3066.5		
distilgpt2	torch-eager	cold	2	76	3055.6		
distilgpt2	torch-eager	cold	2	77	3051.3		
distilgpt2	torch-eager	cold	2	78	3069.2		
distilgpt2	torch-eager	cold	2	79	3063.9		
distilgpt2	torch-eager	cold	2	80	3034.6		
distilgpt2	torch-eager	cold	2	81	3189.3		
distilgpt2	torch-eager	cold	2	82	3060.6		
distilgpt2	torch-eager	cold	2	83	3057.5		
distilgpt2	torch-eager	cold	2	84	3052.9		
distilgpt2	torch-eager	cold	2	85	3040.8		
distilgpt2	torch-eager	cold	2	86	3055.1		
distilgpt2	torch-eager	cold	2	87	3061.8		
distilgpt2	torch-eager	cold	2	88	3034.8		
distilgpt2	torch-eager	cold	2	89	3042.7		
distilgpt2	torch-eager	cold	2	90	3048.7		
distilgpt2	torch-eager	cold	2	91	3049.6		
distilgpt2	torch-eager	cold	2	92	3138.8		
distilgpt2	torch-eager	cold	2	93	3056.0		
distilgpt2	torch-eager	cold	2	94	3071.1		
distilgpt2	torch-eager	cold	2	95	3086.3		
distilgpt2	torch-eager	cold	2	96	3047.7		
distilgpt2	torch-eager	cold	2	97	3046.0		
distilgpt2	torch-eager	cold	2	98	3041.0		
distilgpt2	torch-eager	cold	2	99	3052.9		
distilgpt2	torch-eager	cold	2	100	3052.0		
distilgpt2	torch-eager	cold	2	101	3061.5		
distilgpt2	torch-eager	cold	2	102	3085.6		
distilgpt2	torch-eager	cold	2	103	3041.7		
distilgpt2	torch-eager	cold	2	104	3049.9		
distilgpt2	torch-eager	cold	2	105	3055.3		
distilgpt2	torch-eager	cold	2	106	3078.0		
distilgpt2	torch-eager	cold	2	107	3062.2		
distilgpt2	torch-eager	cold	2	108	3072.3		
distilgpt2	torch-eager	cold	2	109	3052.9		
distilgpt2	torch-eager	cold	2	110	3037.9		
distilgpt2	torch-eager	cold	2	111	3058.0		
distilgpt2	torch-eager	cold	2	112	3035.5		
distilgpt2	torch-eager	cold	2	113	3100.4		
distilgpt2	torch-eager	cold	2	114	3071.8		
distilgpt2	torch-eager	cold	2	115	3042.5		
distilgpt2	torch-eager	cold	2	116	3058.7		
distilgpt2	torch-eager	cold	2	117	3042.2		
distilgpt2	torch-eager	cold	2	118	3063.2		
distilgpt2	torch-eager	cold	2	119	3048.9		
distilgpt2	torch-eager	cold	2	120	3035.3		
distilgpt2	torch-eager	cold	2	121	3063.7		
distilgpt2	torch-eager	cold	2	122	3046.3		
distilgpt2	torch-eager	cold	2	123	3107.5		
distilgpt2	torch-eager	cold	2	124	3141.9		
distilgpt2	torch-eager	cold	2	125	3058.4		
distilgpt2	torch-eager	cold	2	126	3046.0		
distilgpt2	torch-eager	cold	2	127	3062.7		
distilgpt2	torch-eager	cold	2	128	3037.2		
distilgpt2	torch-eager	cold	2	129	3041.3		
distilgpt2	torch-eager	cold	2	130	3062.5		
distilgpt2	torch-eager	cold	2	131	3058.9		
distilgpt2	torch-eager	cold	2	132	3059.1		
distilgpt2	torch-eager	cold	2	133	3052.0		
distilgpt2	torch-eager	cold	2	134	3059.6		
distilgpt2	torch-eager	cold	2	135	3043.7		
distilgpt2	torch-eager	cold	2	136	3116.6		
distilgpt2	torch-eager	cold	2	137	3073.5		
distilgpt2	torch-eager	cold	2	138	3069.2		
distilgpt2	torch-eager	cold	2	139	3078.7		
distilgpt2	torch-eager	cold	2	140	3031.7		
distilgpt2	torch-eager	cold	2	141	3056.5		
distilgpt2	torch-eager	cold	2	142	3042.7		
distilgpt2	torch-eager	cold	2	143	3056.3		
distilgpt2	torch-eager	cold	2	144	3050.6		
distilgpt2	torch-eager	cold	2	145	3092.5		
distilgpt2	torch-eager	cold	2	146	3055.3		
distilgpt2	torch-eager	cold	2	147	3045.6		
distilgpt2	torch-eager	cold	2	148	3050.6		
distilgpt2	torch-eager	cold	2	149	3044.8		
distilgpt2	torch-eager	cold	2	150	3073.2		
distilgpt2	torch-eager	cold	2	151	3024.1		
distilgpt2	torch-eager	cold	2	152	3122.1		
distilgpt2	torch-eager	cold	2	153	3099.4		
distilgpt2	torch-eager	cold	2	154	3064.2		
distilgpt2	torch-eager	cold	2	155	3046.3		
distilgpt2	torch-eager	cold	2	156	3093.7		
distilgpt2	torch-eager	cold	2	157	3064.4		
distilgpt2	torch-eager	cold	2	158	3033.4		
distilgpt2	torch-eager	cold	2	159	3050.1		
distilgpt2	torch-eager	cold	2	160	3056.5		
distilgpt2	torch-eager	cold	2	161	3033.2		
distilgpt2	torch-eager	cold	2	162	3041.7		
distilgpt2	torch-eager	cold	2	163	3026.7		
distilgpt2	torch-eager	cold	2	164	3038.9		
distilgpt2	torch-eager	cold	2	165	3027.2		
distilgpt2	torch-eager	cold	2	166	3030.5		
distilgpt2	torch-eager	cold	2	167	3077.7		
distilgpt2	torch-eager	cold	2	168	3044.6		
distilgpt2	torch-eager	cold	2	169	3060.6		
distilgpt2	torch-eager	cold	2	170	3078.9		
distilgpt2	torch-eager	cold	2	171	3050.6		
distilgpt2	torch-eager	cold	2	172	3038.2		
distilgpt2	torch-eager	cold	2	173	3040.1		
distilgpt2	torch-eager	cold	2	174	3065.1		
distilgpt2	torch-eager	cold	2	175	3062.0		
distilgpt2	torch-eager	cold	2	176	3066.3		
distilgpt2	torch-eager	cold	2	177	3034.6		
distilgpt2	torch-eager	cold	2	178	3087.5		
distilgpt2	torch-eager	cold	2	179	3056.0		
distilgpt2	torch-eager	cold	2	180	3028.4		
distilgpt2	torch-eager	cold	2	181	3044.1		
distilgpt2	torch-eager	cold	2	182	3105.4		
distilgpt2	torch-eager	cold	2	183	3058.7		
distilgpt2	torch-eager	cold	2	184	3053.7		
distilgpt2	torch-eager	cold	2	185	3105.9		
distilgpt2	torch-eager	cold	2	186	3052.0		
distilgpt2	torch-eager	cold	2	187	3041.0		
distilgpt2	torch-eager	cold	2	188	3130.4		
distilgpt2	torch-eager	cold	2	189	3098.5		
distilgpt2	torch-eager	cold	2	190	3066.8		
distilgpt2	torch-eager	cold	2	191	3085.4		
distilgpt2	torch-eager	cold	2	192	3067.5		
distilgpt2	torch-eager	cold	2	193	3042.2		
distilgpt2	torch-eager	cold	2	194	3029.3		
distilgpt2	torch-eager	cold	2	195	3046.5		
distilgpt2	torch-eager	cold	2	196	3049.4		
distilgpt2	torch-eager	cold	2	197	3047.5		
distilgpt2	torch-eager	cold	2	198	3040.6		
distilgpt2	torch-eager	cold	2	199	3091.8		
distilgpt2	torch-eager	cold	2	200	3074.9		
distilgpt2	torch-eager	cold	2	201	3058.7		
distilgpt2	torch-eager	cold	2	202	3115.7		
distilgpt2	torch-eager	cold	2	203	3107.3		
distilgpt2	torch-eager	cold	2	204	3048.4		
distilgpt2	torch-eager	cold	2	205	3060.8		
distilgpt2	torch-eager	cold	2	206	3065.1		
distilgpt2	torch-eager	cold	2	207	3038.9		
distilgpt2	torch-eager	cold	2	208	3062.5		
distilgpt2	torch-eager	cold	2	209	3035.3		
distilgpt2	torch-eager	cold	2	210	3102.5		
distilgpt2	torch-eager	cold	2	211	3061.3		
distilgpt2	torch-eager	cold	2	212	3046.0		
distilgpt2	torch-eager	cold	2	213	3041.0		
distilgpt2	torch-eager	cold	2	214	3053.9		
distilgpt2	torch-eager	cold	2	215	3047.2		
distilgpt2	torch-eager	cold	2	216	3047.0		
distilgpt2	torch-eager	cold	2	217	3049.9		
distilgpt2	torch-eager	cold	2	218	3112.3		
distilgpt2	torch-eager	cold	2	219	3032.2		
distilgpt2	torch-eager	cold	2	220	3088.5		
distilgpt2	torch-eager	cold	2	221	3168.6		
distilgpt2	torch-eager	cold	2	222	3074.2		
distilgpt2	torch-eager	cold	2	223	3038.2		
distilgpt2	torch-eager	cold	2	224	3046.0		
distilgpt2	torch-eager	cold	2	225	3035.5		
distilgpt2	torch-eager	cold	2	226	3038.6		
distilgpt2	torch-eager	cold	2	227	3061.8		
distilgpt2	torch-eager	cold	2	228	3032.7		
distilgpt2	torch-eager	cold	2	229	3058.0		
distilgpt2	torch-eager	cold	2	230	3039.4		
distilgpt2	torch-eager	cold	2	231	3080.8		
distilgpt2	torch-eager	cold	2	232	3043.2		
distilgpt2	torch-eager	cold	2	233	3053.7		
distilgpt2	torch-eager	cold	2	234	3071.3		
distilgpt2	torch-eager	cold	2	235	3078.5		
distilgpt2	torch-eager	cold	2	236	3038.2		
distilgpt2	torch-eager	cold	2	237	3045.1		
distilgpt2	torch-eager	cold	2	238	3047.5		
distilgpt2	torch-eager	cold	2	239	3070.4		
distilgpt2	torch-eager	cold	2	240	3071.1		
distilgpt2	torch-eager	cold	2	241	3068.9		
distilgpt2	torch-eager	cold	2	242	3066.5		
distilgpt2	torch-eager	cold	2	243	3040.3		
distilgpt2	torch-eager	cold	2	244	3028.4		
distilgpt2	torch-eager	cold	2	245	3019.1		
distilgpt2	torch-eager	cold	2	246	3056.5		
distilgpt2	torch-eager	cold	2	247	3067.0		
distilgpt2	torch-eager	cold	2	248	3031.3		
distilgpt2	torch-eager	cold	2	249	3093.7		
distilgpt2	torch-eager	cold	2	250	3057.2		
distilgpt2	torch-eager	cold	2	251	3057.7		
distilgpt2	torch-eager	cold	2	252	3058.4		
distilgpt2	torch-eager	cold	2	253	3094.0		
distilgpt2	torch-eager	cold	2	254	3032.7		
distilgpt2	torch-eager	cold	2	255	3072.3		
distilgpt2	torch-eager	cold	2	256	3036.7		
distilgpt2	torch-eager	cold	2	257	3067.0		
distilgpt2	torch-eager	cold	2	258	3046.3		
distilgpt2	torch-eager	cold	2	259	3035.8		
distilgpt2	torch-eager	cold	2	260	3032.9		
distilgpt2	torch-eager	cold	2	261	3036.0		
distilgpt2	torch-eager	cold	2	262	3070.1		
distilgpt2	torch-eager	cold	2	263	3098.5		
distilgpt2	torch-eager	cold	2	264	3083.2		
distilgpt2	torch-eager	cold	2	265	3064.9		
distilgpt2	torch-eager	cold	2	266	3642.6		
distilgpt2	torch-eager	cold	2	267	3074.9		
distilgpt2	torch-eager	cold	2	268	3027.4		
distilgpt2	torch-eager	cold	2	269	3049.1		
distilgpt2	torch-eager	cold	2	270	3038.6		
distilgpt2	torch-eager	cold	2	271	3031.3		
distilgpt2	torch-eager	cold	2	272	3113.3		
distilgpt2	torch-eager	cold	2	273	3070.4		
distilgpt2	torch-eager	cold	2	274	3134.5		
distilgpt2	torch-eager	cold	2	275	3049.1		
distilgpt2	torch-eager	cold	2	276	3037.7		
distilgpt2	torch-eager	cold	2	277	3075.4		
distilgpt2	torch-eager	cold	2	278	3055.6		
distilgpt2	torch-eager	cold	2	279	3050.3		
distilgpt2	torch-eager	cold	2	280	3043.9		
distilgpt2	torch-eager	cold	2	281	3637.6		
distilgpt2	torch-eager	cold	2	282	3131.2		
distilgpt2	torch-eager	cold	2	283	3027.7		
distilgpt2	torch-eager	cold	2	284	3301.6		
distilgpt2	torch-eager	cold	2	285	3111.6		
distilgpt2	torch-eager	cold	2	286	3089.7		
distilgpt2	torch-eager	cold	2	287	3071.8		
distilgpt2	torch-eager	cold	2	288	3085.9		
distilgpt2	torch-eager	cold	2	289	3033.9		
distilgpt2	torch-eager	cold	2	290	3104.2		
distilgpt2	torch-eager	cold	2	291	3567.0		
distilgpt2	torch-eager	cold	2	292	3150.0		
distilgpt2	torch-eager	cold	2	293	3035.1		
distilgpt2	torch-eager	cold	2	294	3086.3		
distilgpt2	torch-eager	cold	2	295	3061.3		
distilgpt2	torch-eager	cold	2	296	3042.2		
distilgpt2	torch-eager	cold	2	297	3063.0		
distilgpt2	torch-eager	cold	2	298	3062.7		
distilgpt2	torch-eager	cold	2	299	3074.2		
distilgpt2	ours	cold	2	0	3768958.1	7	254
distilgpt2	ours	cold	2	1	9615.9	0	93
distilgpt2	ours	cold	2	2	1349.9	0	57
distilgpt2	ours	cold	2	3	477338.1	1	87
distilgpt2	ours	cold	2	4	6478.1	0	77
distilgpt2	ours	cold	2	5	4403.8	1	39
distilgpt2	ours	cold	2	6	2467.2	0	39
distilgpt2	ours	cold	2	7	2098.1	0	39
distilgpt2	ours	cold	2	8	1307.0	0	39
distilgpt2	ours	cold	2	9	1945.0	0	39
distilgpt2	ours	cold	2	10	1354.0	0	39
distilgpt2	ours	cold	2	11	1278.9	0	39
distilgpt2	ours	cold	2	12	1956.0	0	39
distilgpt2	ours	cold	2	13	1274.1	0	39
distilgpt2	ours	cold	2	14	1283.9	0	39
distilgpt2	ours	cold	2	15	1285.1	0	39
distilgpt2	ours	cold	2	16	1981.0	0	39
distilgpt2	ours	cold	2	17	1267.0	0	39
distilgpt2	ours	cold	2	18	1350.2	0	39
distilgpt2	ours	cold	2	19	1338.0	0	39
distilgpt2	ours	cold	2	20	1287.0	0	39
distilgpt2	ours	cold	2	21	2281.0	0	39
distilgpt2	ours	cold	2	22	1313.0	0	39
distilgpt2	ours	cold	2	23	1281.0	0	39
distilgpt2	ours	cold	2	24	1277.0	0	39
distilgpt2	ours	cold	2	25	1300.8	0	39
distilgpt2	ours	cold	2	26	1278.9	0	39
distilgpt2	ours	cold	2	27	2060.9	0	39
distilgpt2	ours	cold	2	28	1302.0	0	39
distilgpt2	ours	cold	2	29	1323.9	0	39
distilgpt2	ours	cold	2	30	1276.0	0	39
distilgpt2	ours	cold	2	31	1292.9	0	39
distilgpt2	ours	cold	2	32	1276.0	0	39
distilgpt2	ours	cold	2	33	1282.9	0	39
distilgpt2	ours	cold	2	34	1982.9	0	39
distilgpt2	ours	cold	2	35	1278.2	0	39
distilgpt2	ours	cold	2	36	1292.9	0	39
distilgpt2	ours	cold	2	37	1299.1	0	39
distilgpt2	ours	cold	2	38	1282.9	0	39
distilgpt2	ours	cold	2	39	1267.0	0	39
distilgpt2	ours	cold	2	40	1276.0	0	39
distilgpt2	ours	cold	2	41	1272.0	0	39
distilgpt2	ours	cold	2	42	1916.9	0	39
distilgpt2	ours	cold	2	43	1299.9	0	39
distilgpt2	ours	cold	2	44	1299.1	0	39
distilgpt2	ours	cold	2	45	1260.0	0	39
distilgpt2	ours	cold	2	46	1275.1	0	39
distilgpt2	ours	cold	2	47	1305.1	0	39
distilgpt2	ours	cold	2	48	1348.0	0	39
distilgpt2	ours	cold	2	49	1287.9	0	39
distilgpt2	ours	cold	2	50	1298.0	0	39
distilgpt2	ours	cold	2	51	1991.0	0	39
distilgpt2	ours	cold	2	52	1290.1	0	39
distilgpt2	ours	cold	2	53	1288.9	0	39
distilgpt2	ours	cold	2	54	1274.1	0	39
distilgpt2	ours	cold	2	55	1299.1	0	39
distilgpt2	ours	cold	2	56	1304.9	0	39
distilgpt2	ours	cold	2	57	1304.9	0	39
distilgpt2	ours	cold	2	58	1281.0	0	39
distilgpt2	ours	cold	2	59	1299.9	0	39
distilgpt2	ours	cold	2	60	1277.2	0	39
distilgpt2	ours	cold	2	61	3016.9	0	39
distilgpt2	ours	cold	2	62	1336.1	0	39
distilgpt2	ours	cold	2	63	1278.9	0	39
distilgpt2	ours	cold	2	64	1290.1	0	39
distilgpt2	ours	cold	2	65	1290.1	0	39
distilgpt2	ours	cold	2	66	1284.1	0	39
distilgpt2	ours	cold	2	67	1308.9	0	39
distilgpt2	ours	cold	2	68	1275.1	0	39
distilgpt2	ours	cold	2	69	1272.0	0	39
distilgpt2	ours	cold	2	70	1294.9	0	39
distilgpt2	ours	cold	2	71	1276.0	0	39
distilgpt2	ours	cold	2	72	2116.0	0	39
distilgpt2	ours	cold	2	73	1349.9	0	39
distilgpt2	ours	cold	2	74	1277.9	0	39
distilgpt2	ours	cold	2	75	1296.0	0	39
distilgpt2	ours	cold	2	76	1279.1	0	39
distilgpt2	ours	cold	2	77	1278.9	0	39
distilgpt2	ours	cold	2	78	1268.9	0	39
distilgpt2	ours	cold	2	79	1282.0	0	39
distilgpt2	ours	cold	2	80	1297.0	0	39
distilgpt2	ours	cold	2	81	1293.9	0	39
distilgpt2	ours	cold	2	82	1267.2	0	39
distilgpt2	ours	cold	2	83	1271.0	0	39
distilgpt2	ours	cold	2	84	2032.0	0	39
distilgpt2	ours	cold	2	85	1264.1	0	39
distilgpt2	ours	cold	2	86	1277.0	0	39
distilgpt2	ours	cold	2	87	1294.1	0	39
distilgpt2	ours	cold	2	88	1275.1	0	39
distilgpt2	ours	cold	2	89	1333.0	0	39
distilgpt2	ours	cold	2	90	1281.0	0	39
distilgpt2	ours	cold	2	91	1335.1	0	39
distilgpt2	ours	cold	2	92	1276.0	0	39
distilgpt2	ours	cold	2	93	1303.9	0	39
distilgpt2	ours	cold	2	94	1284.1	0	39
distilgpt2	ours	cold	2	95	1275.1	0	39
distilgpt2	ours	cold	2	96	1279.1	0	39
distilgpt2	ours	cold	2	97	2310.0	0	39
distilgpt2	ours	cold	2	98	1287.9	0	39
distilgpt2	ours	cold	2	99	1346.1	0	39
distilgpt2	ours	cold	2	100	1287.0	0	39
distilgpt2	ours	cold	2	101	1333.0	0	39
distilgpt2	ours	cold	2	102	1304.1	0	39
distilgpt2	ours	cold	2	103	1267.9	0	39
distilgpt2	ours	cold	2	104	1287.0	0	39
distilgpt2	ours	cold	2	105	1301.1	0	39
distilgpt2	ours	cold	2	106	1278.9	0	39
distilgpt2	ours	cold	2	107	1328.9	0	39
distilgpt2	ours	cold	2	108	1274.1	0	39
distilgpt2	ours	cold	2	109	1269.8	0	39
distilgpt2	ours	cold	2	110	1344.9	0	39
distilgpt2	ours	cold	2	111	2033.0	0	39
distilgpt2	ours	cold	2	112	1325.1	0	39
distilgpt2	ours	cold	2	113	1282.0	0	39
distilgpt2	ours	cold	2	114	1268.1	0	39
distilgpt2	ours	cold	2	115	1272.9	0	39
distilgpt2	ours	cold	2	116	1276.0	0	39
distilgpt2	ours	cold	2	117	1279.8	0	39
distilgpt2	ours	cold	2	118	1259.8	0	39
distilgpt2	ours	cold	2	119	1298.9	0	39
distilgpt2	ours	cold	2	120	1279.1	0	39
distilgpt2	ours	cold	2	121	1334.0	0	39
distilgpt2	ours	cold	2	122	1312.0	0	39
distilgpt2	ours	cold	2	123	1309.2	0	39
distilgpt2	ours	cold	2	124	1285.1	0	39
distilgpt2	ours	cold	2	125	1307.0	0	39
distilgpt2	ours	cold	2	126	2003.0	0	39
distilgpt2	ours	cold	2	127	1289.1	0	39
distilgpt2	ours	cold	2	128	1336.1	0	39
distilgpt2	ours	cold	2	129	1297.0	0	39
distilgpt2	ours	cold	2	130	1297.0	0	39
distilgpt2	ours	cold	2	131	1282.9	0	39
distilgpt2	ours	cold	2	132	1271.0	0	39
distilgpt2	ours	cold	2	133	1326.8	0	39
distilgpt2	ours	cold	2	134	1272.0	0	39
distilgpt2	ours	cold	2	135	1287.0	0	39
distilgpt2	ours	cold	2	136	1282.2	0	39
distilgpt2	ours	cold	2	137	1301.1	0	39
distilgpt2	ours	cold	2	138	1288.9	0	39
distilgpt2	ours	cold	2	139	1291.0	0	39
distilgpt2	ours	cold	2	140	1287.0	0	39
distilgpt2	ours	cold	2	141	1272.0	0	39
distilgpt2	ours	cold	2	142	1266.0	0	39
distilgpt2	ours	cold	2	143	1293.9	0	39
distilgpt2	ours	cold	2	144	1275.1	0	39
distilgpt2	ours	cold	2	145	1282.9	0	39
distilgpt2	ours	cold	2	146	1281.0	0	39
distilgpt2	ours	cold	2	147	1271.0	0	39
distilgpt2	ours	cold	2	148	3902.9	0	39
distilgpt2	ours	cold	2	149	1284.8	0	39
distilgpt2	ours	cold	2	150	1277.0	0	39
distilgpt2	ours	cold	2	151	1278.9	0	39
distilgpt2	ours	cold	2	152	1298.9	0	39
distilgpt2	ours	cold	2	153	1294.1	0	39
distilgpt2	ours	cold	2	154	1280.1	0	39
distilgpt2	ours	cold	2	155	1283.9	0	39
distilgpt2	ours	cold	2	156	1305.1	0	39
distilgpt2	ours	cold	2	157	1271.0	0	39
distilgpt2	ours	cold	2	158	1284.1	0	39
distilgpt2	ours	cold	2	159	1269.1	0	39
distilgpt2	ours	cold	2	160	1303.9	0	39
distilgpt2	ours	cold	2	161	1288.2	0	39
distilgpt2	ours	cold	2	162	1282.9	0	39
distilgpt2	ours	cold	2	163	1277.0	0	39
distilgpt2	ours	cold	2	164	1285.1	0	39
distilgpt2	ours	cold	2	165	1275.1	0	39
distilgpt2	ours	cold	2	166	1961.9	0	39
distilgpt2	ours	cold	2	167	1282.9	0	39
distilgpt2	ours	cold	2	168	1276.0	0	39
distilgpt2	ours	cold	2	169	1297.0	0	39
distilgpt2	ours	cold	2	170	1275.1	0	39
distilgpt2	ours	cold	2	171	1285.1	0	39
distilgpt2	ours	cold	2	172	1297.0	0	39
distilgpt2	ours	cold	2	173	1292.0	0	39
distilgpt2	ours	cold	2	174	1276.0	0	39
distilgpt2	ours	cold	2	175	1290.8	0	39
distilgpt2	ours	cold	2	176	1272.0	0	39
distilgpt2	ours	cold	2	177	1277.0	0	39
distilgpt2	ours	cold	2	178	1271.0	0	39
distilgpt2	ours	cold	2	179	1300.1	0	39
distilgpt2	ours	cold	2	180	1303.9	0	39
distilgpt2	ours	cold	2	181	1258.9	0	39
distilgpt2	ours	cold	2	182	1254.1	0	39
distilgpt2	ours	cold	2	183	1241.0	0	39
distilgpt2	ours	cold	2	184	1267.0	0	39
distilgpt2	ours	cold	2	185	1241.0	0	39
distilgpt2	ours	cold	2	186	1234.1	0	39
distilgpt2	ours	cold	2	187	1242.2	0	39
distilgpt2	ours	cold	2	188	1232.9	0	39
distilgpt2	ours	cold	2	189	1246.9	0	39
distilgpt2	ours	cold	2	190	1240.0	0	39
distilgpt2	ours	cold	2	191	1258.1	0	39
distilgpt2	ours	cold	2	192	3216.0	0	39
distilgpt2	ours	cold	2	193	1265.0	0	39
distilgpt2	ours	cold	2	194	1235.0	0	39
distilgpt2	ours	cold	2	195	1240.0	0	39
distilgpt2	ours	cold	2	196	1239.1	0	39
distilgpt2	ours	cold	2	197	1249.1	0	39
distilgpt2	ours	cold	2	198	1295.1	0	39
distilgpt2	ours	cold	2	199	1244.1	0	39
distilgpt2	ours	cold	2	200	1246.9	0	39
distilgpt2	ours	cold	2	201	1261.0	0	39
distilgpt2	ours	cold	2	202	1268.9	0	39
distilgpt2	ours	cold	2	203	1251.9	0	39
distilgpt2	ours	cold	2	204	1261.9	0	39
distilgpt2	ours	cold	2	205	1269.1	0	39
distilgpt2	ours	cold	2	206	1243.1	0	39
distilgpt2	ours	cold	2	207	1242.9	0	39
distilgpt2	ours	cold	2	208	1266.0	0	39
distilgpt2	ours	cold	2	209	1242.9	0	39
distilgpt2	ours	cold	2	210	1221.2	0	39
distilgpt2	ours	cold	2	211	1297.0	0	39
distilgpt2	ours	cold	2	212	1240.0	0	39
distilgpt2	ours	cold	2	213	1239.1	0	39
distilgpt2	ours	cold	2	214	1251.0	0	39
distilgpt2	ours	cold	2	215	1255.0	0	39
distilgpt2	ours	cold	2	216	2152.2	0	39
distilgpt2	ours	cold	2	217	1239.1	0	39
distilgpt2	ours	cold	2	218	1241.9	0	39
distilgpt2	ours	cold	2	219	1237.2	0	39
distilgpt2	ours	cold	2	220	1251.0	0	39
distilgpt2	ours	cold	2	221	1238.1	0	39
distilgpt2	ours	cold	2	222	1234.1	0	39
distilgpt2	ours	cold	2	223	1248.8	0	39
distilgpt2	ours	cold	2	224	1250.0	0	39
distilgpt2	ours	cold	2	225	1231.9	0	39
distilgpt2	ours	cold	2	226	1252.2	0	39
distilgpt2	ours	cold	2	227	1243.8	0	39
distilgpt2	ours	cold	2	228	1256.0	0	39
distilgpt2	ours	cold	2	229	1237.9	0	39
distilgpt2	ours	cold	2	230	1227.9	0	39
distilgpt2	ours	cold	2	231	1267.2	0	39
distilgpt2	ours	cold	2	232	1241.9	0	39
distilgpt2	ours	cold	2	233	1231.2	0	39
distilgpt2	ours	cold	2	234	1236.9	0	39
distilgpt2	ours	cold	2	235	1229.0	0	39
distilgpt2	ours	cold	2	236	1245.0	0	39
distilgpt2	ours	cold	2	237	1251.0	0	39
distilgpt2	ours	cold	2	238	1237.9	0	39
distilgpt2	ours	cold	2	239	1240.0	0	39
distilgpt2	ours	cold	2	240	1244.8	0	39
distilgpt2	ours	cold	2	241	1297.0	0	39
distilgpt2	ours	cold	2	242	1257.9	0	39
distilgpt2	ours	cold	2	243	2024.2	0	39
distilgpt2	ours	cold	2	244	1282.9	0	39
distilgpt2	ours	cold	2	245	1246.2	0	39
distilgpt2	ours	cold	2	246	1261.9	0	39
distilgpt2	ours	cold	2	247	1251.9	0	39
distilgpt2	ours	cold	2	248	1251.9	0	39
distilgpt2	ours	cold	2	249	1271.0	0	39
distilgpt2	ours	cold	2	250	1245.0	0	39
distilgpt2	ours	cold	2	251	1268.1	0	39
distilgpt2	ours	cold	2	252	1237.9	0	39
distilgpt2	ours	cold	2	253	1247.9	0	39
distilgpt2	ours	cold	2	254	1266.0	0	39
distilgpt2	ours	cold	2	255	1239.1	0	39
distilgpt2	ours	cold	2	256	1241.0	0	39
distilgpt2	ours	cold	2	257	1264.8	0	39
distilgpt2	ours	cold	2	258	1267.0	0	39
distilgpt2	ours	cold	2	259	1242.9	0	39
distilgpt2	ours	cold	2	260	1261.9	0	39
distilgpt2	ours	cold	2	261	1258.1	0	39
distilgpt2	ours	cold	2	262	1256.9	0	39
distilgpt2	ours	cold	2	263	1274.1	0	39
distilgpt2	ours	cold	2	264	1254.1	0	39
distilgpt2	ours	cold	2	265	1239.1	0	39
distilgpt2	ours	cold	2	266	1247.9	0	39
distilgpt2	ours	cold	2	267	1241.9	0	39
distilgpt2	ours	cold	2	268	1260.0	0	39
distilgpt2	ours	cold	2	269	1240.0	0	39
distilgpt2	ours	cold	2	270	1264.1	0	39
distilgpt2	ours	cold	2	271	1304.1	0	39
distilgpt2	ours	cold	2	272	1245.0	0	39
distilgpt2	ours	cold	2	273	1254.1	0	39
distilgpt2	ours	cold	2	274	1246.9	0	39
distilgpt2	ours	cold	2	275	1990.1	0	39
distilgpt2	ours	cold	2	276	1309.2	0	39
distilgpt2	ours	cold	2	277	1245.0	0	39
distilgpt2	ours	cold	2	278	1254.1	0	39
distilgpt2	ours	cold	2	279	1251.0	0	39
distilgpt2	ours	cold	2	280	1273.2	0	39
distilgpt2	ours	cold	2	281	1247.9	0	39
distilgpt2	ours	cold	2	282	1259.1	0	39
distilgpt2	ours	cold	2	283	1254.1	0	39
distilgpt2	ours	cold	2	284	1250.0	0	39
distilgpt2	ours	cold	2	285	1246.9	0	39
distilgpt2	ours	cold	2	286	1247.9	0	39
distilgpt2	ours	cold	2	287	1241.0	0	39
distilgpt2	ours	cold	2	288	1241.9	0	39
distilgpt2	ours	cold	2	289	1254.1	0	39
distilgpt2	ours	cold	2	290	1246.9	0	39
distilgpt2	ours	cold	2	291	1268.1	0	39
distilgpt2	ours	cold	2	292	1249.1	0	39
distilgpt2	ours	cold	2	293	1247.9	0	39
distilgpt2	ours	cold	2	294	1247.2	0	39
distilgpt2	ours	cold	2	295	1261.0	0	39
distilgpt2	ours	cold	2	296	1248.1	0	39
distilgpt2	ours	cold	2	297	1261.0	0	39
distilgpt2	ours	cold	2	298	1245.0	0	39
distilgpt2	ours	cold	2	299	1238.1	0	39
distilgpt2	torch-compile	cold	2	0	3995265.2		
distilgpt2	torch-compile	cold	2	1	1793.9		
distilgpt2	torch-compile	cold	2	2	1484.4		
distilgpt2	torch-compile	cold	2	3	1446.2		
distilgpt2	torch-compile	cold	2	4	1446.2		
distilgpt2	torch-compile	cold	2	5	1446.5		
distilgpt2	torch-compile	cold	2	6	1435.0		
distilgpt2	torch-compile	cold	2	7	1437.7		
distilgpt2	torch-compile	cold	2	8	1433.6		
distilgpt2	torch-compile	cold	2	9	1449.8		
distilgpt2	torch-compile	cold	2	10	1440.3		
distilgpt2	torch-compile	cold	2	11	1447.7		
distilgpt2	torch-compile	cold	2	12	1420.7		
distilgpt2	torch-compile	cold	2	13	1478.2		
distilgpt2	torch-compile	cold	2	14	1407.6		
distilgpt2	torch-compile	cold	2	15	1437.9		
distilgpt2	torch-compile	cold	2	16	1426.0		
distilgpt2	torch-compile	cold	2	17	1448.4		
distilgpt2	torch-compile	cold	2	18	1451.3		
distilgpt2	torch-compile	cold	2	19	1427.2		
distilgpt2	torch-compile	cold	2	20	1467.7		
distilgpt2	torch-compile	cold	2	21	1451.3		
distilgpt2	torch-compile	cold	2	22	1424.3		
distilgpt2	torch-compile	cold	2	23	1436.9		
distilgpt2	torch-compile	cold	2	24	1449.1		
distilgpt2	torch-compile	cold	2	25	1449.8		
distilgpt2	torch-compile	cold	2	26	1432.7		
distilgpt2	torch-compile	cold	2	27	1431.0		
distilgpt2	torch-compile	cold	2	28	1507.3		
distilgpt2	torch-compile	cold	2	29	1437.2		
distilgpt2	torch-compile	cold	2	30	1497.7		
distilgpt2	torch-compile	cold	2	31	1453.4		
distilgpt2	torch-compile	cold	2	32	1423.4		
distilgpt2	torch-compile	cold	2	33	1443.4		
distilgpt2	torch-compile	cold	2	34	1447.7		
distilgpt2	torch-compile	cold	2	35	1447.4		
distilgpt2	torch-compile	cold	2	36	1423.8		
distilgpt2	torch-compile	cold	2	37	1420.0		
distilgpt2	torch-compile	cold	2	38	1441.5		
distilgpt2	torch-compile	cold	2	39	1431.2		
distilgpt2	torch-compile	cold	2	40	1449.1		
distilgpt2	torch-compile	cold	2	41	1465.1		
distilgpt2	torch-compile	cold	2	42	1419.1		
distilgpt2	torch-compile	cold	2	43	1422.9		
distilgpt2	torch-compile	cold	2	44	1453.6		
distilgpt2	torch-compile	cold	2	45	1433.6		
distilgpt2	torch-compile	cold	2	46	1415.7		
distilgpt2	torch-compile	cold	2	47	1455.8		
distilgpt2	torch-compile	cold	2	48	1437.2		
distilgpt2	torch-compile	cold	2	49	1451.7		
distilgpt2	torch-compile	cold	2	50	1421.7		
distilgpt2	torch-compile	cold	2	51	1416.4		
distilgpt2	torch-compile	cold	2	52	1483.4		
distilgpt2	torch-compile	cold	2	53	1432.2		
distilgpt2	torch-compile	cold	2	54	1444.3		
distilgpt2	torch-compile	cold	2	55	1419.3		
distilgpt2	torch-compile	cold	2	56	1436.5		
distilgpt2	torch-compile	cold	2	57	1431.7		
distilgpt2	torch-compile	cold	2	58	1423.1		
distilgpt2	torch-compile	cold	2	59	1416.4		
distilgpt2	torch-compile	cold	2	60	1420.3		
distilgpt2	torch-compile	cold	2	61	1502.8		
distilgpt2	torch-compile	cold	2	62	1418.8		
distilgpt2	torch-compile	cold	2	63	1501.3		
distilgpt2	torch-compile	cold	2	64	1430.7		
distilgpt2	torch-compile	cold	2	65	1451.0		
distilgpt2	torch-compile	cold	2	66	1427.7		
distilgpt2	torch-compile	cold	2	67	1451.5		
distilgpt2	torch-compile	cold	2	68	1414.3		
distilgpt2	torch-compile	cold	2	69	1483.4		
distilgpt2	torch-compile	cold	2	70	1438.1		
distilgpt2	torch-compile	cold	2	71	1446.2		
distilgpt2	torch-compile	cold	2	72	1481.3		
distilgpt2	torch-compile	cold	2	73	1437.7		
distilgpt2	torch-compile	cold	2	74	1475.8		
distilgpt2	torch-compile	cold	2	75	1438.1		
distilgpt2	torch-compile	cold	2	76	1453.9		
distilgpt2	torch-compile	cold	2	77	1431.9		
distilgpt2	torch-compile	cold	2	78	1444.6		
distilgpt2	torch-compile	cold	2	79	1432.9		
distilgpt2	torch-compile	cold	2	80	1443.9		
distilgpt2	torch-compile	cold	2	81	1431.5		
distilgpt2	torch-compile	cold	2	82	1415.5		
distilgpt2	torch-compile	cold	2	83	1449.6		
distilgpt2	torch-compile	cold	2	84	1447.4		
distilgpt2	torch-compile	cold	2	85	1436.2		
distilgpt2	torch-compile	cold	2	86	1430.3		
distilgpt2	torch-compile	cold	2	87	1452.2		
distilgpt2	torch-compile	cold	2	88	1419.3		
distilgpt2	torch-compile	cold	2	89	1421.7		
distilgpt2	torch-compile	cold	2	90	1434.1		
distilgpt2	torch-compile	cold	2	91	1419.3		
distilgpt2	torch-compile	cold	2	92	1477.5		
distilgpt2	torch-compile	cold	2	93	1497.0		
distilgpt2	torch-compile	cold	2	94	1425.5		
distilgpt2	torch-compile	cold	2	95	1422.9		
distilgpt2	torch-compile	cold	2	96	1419.5		
distilgpt2	torch-compile	cold	2	97	1433.4		
distilgpt2	torch-compile	cold	2	98	1460.1		
distilgpt2	torch-compile	cold	2	99	1463.9		
distilgpt2	torch-compile	cold	2	100	1426.9		
distilgpt2	torch-compile	cold	2	101	1433.6		
distilgpt2	torch-compile	cold	2	102	1424.1		
distilgpt2	torch-compile	cold	2	103	1422.9		
distilgpt2	torch-compile	cold	2	104	1419.8		
distilgpt2	torch-compile	cold	2	105	1433.6		
distilgpt2	torch-compile	cold	2	106	1483.2		
distilgpt2	torch-compile	cold	2	107	1439.8		
distilgpt2	torch-compile	cold	2	108	1439.6		
distilgpt2	torch-compile	cold	2	109	1431.0		
distilgpt2	torch-compile	cold	2	110	1425.7		
distilgpt2	torch-compile	cold	2	111	1415.3		
distilgpt2	torch-compile	cold	2	112	1447.0		
distilgpt2	torch-compile	cold	2	113	1459.8		
distilgpt2	torch-compile	cold	2	114	1422.6		
distilgpt2	torch-compile	cold	2	115	1460.8		
distilgpt2	torch-compile	cold	2	116	1444.3		
distilgpt2	torch-compile	cold	2	117	1444.6		
distilgpt2	torch-compile	cold	2	118	1417.9		
distilgpt2	torch-compile	cold	2	119	1436.7		
distilgpt2	torch-compile	cold	2	120	1450.3		
distilgpt2	torch-compile	cold	2	121	1436.7		
distilgpt2	torch-compile	cold	2	122	1431.7		
distilgpt2	torch-compile	cold	2	123	1425.3		
distilgpt2	torch-compile	cold	2	124	1466.0		
distilgpt2	torch-compile	cold	2	125	1480.8		
distilgpt2	torch-compile	cold	2	126	1439.3		
distilgpt2	torch-compile	cold	2	127	1486.8		
distilgpt2	torch-compile	cold	2	128	1425.3		
distilgpt2	torch-compile	cold	2	129	1482.0		
distilgpt2	torch-compile	cold	2	130	1483.7		
distilgpt2	torch-compile	cold	2	131	1414.1		
distilgpt2	torch-compile	cold	2	132	1492.0		
distilgpt2	torch-compile	cold	2	133	1424.6		
distilgpt2	torch-compile	cold	2	134	1452.7		
distilgpt2	torch-compile	cold	2	135	1418.1		
distilgpt2	torch-compile	cold	2	136	1441.0		
distilgpt2	torch-compile	cold	2	137	1448.4		
distilgpt2	torch-compile	cold	2	138	1499.4		
distilgpt2	torch-compile	cold	2	139	1445.5		
distilgpt2	torch-compile	cold	2	140	1435.3		
distilgpt2	torch-compile	cold	2	141	1461.0		
distilgpt2	torch-compile	cold	2	142	1428.1		
distilgpt2	torch-compile	cold	2	143	1433.4		
distilgpt2	torch-compile	cold	2	144	1436.2		
distilgpt2	torch-compile	cold	2	145	1416.4		
distilgpt2	torch-compile	cold	2	146	1433.6		
distilgpt2	torch-compile	cold	2	147	1495.6		
distilgpt2	torch-compile	cold	2	148	1431.9		
distilgpt2	torch-compile	cold	2	149	1497.0		
distilgpt2	torch-compile	cold	2	150	1433.8		
distilgpt2	torch-compile	cold	2	151	1423.4		
distilgpt2	torch-compile	cold	2	152	1416.7		
distilgpt2	torch-compile	cold	2	153	1423.4		
distilgpt2	torch-compile	cold	2	154	1447.9		
distilgpt2	torch-compile	cold	2	155	1426.9		
distilgpt2	torch-compile	cold	2	156	1434.1		
distilgpt2	torch-compile	cold	2	157	1441.0		
distilgpt2	torch-compile	cold	2	158	1412.2		
distilgpt2	torch-compile	cold	2	159	1387.1		
distilgpt2	torch-compile	cold	2	160	1394.3		
distilgpt2	torch-compile	cold	2	161	1439.6		
distilgpt2	torch-compile	cold	2	162	1402.9		
distilgpt2	torch-compile	cold	2	163	1402.6		
distilgpt2	torch-compile	cold	2	164	1372.3		
distilgpt2	torch-compile	cold	2	165	1377.6		
distilgpt2	torch-compile	cold	2	166	1407.4		
distilgpt2	torch-compile	cold	2	167	1411.7		
distilgpt2	torch-compile	cold	2	168	1407.4		
distilgpt2	torch-compile	cold	2	169	1416.0		
distilgpt2	torch-compile	cold	2	170	1405.0		
distilgpt2	torch-compile	cold	2	171	1395.5		
distilgpt2	torch-compile	cold	2	172	1405.2		
distilgpt2	torch-compile	cold	2	173	1384.0		
distilgpt2	torch-compile	cold	2	174	1410.2		
distilgpt2	torch-compile	cold	2	175	1371.6		
distilgpt2	torch-compile	cold	2	176	1379.0		
distilgpt2	torch-compile	cold	2	177	1390.7		
distilgpt2	torch-compile	cold	2	178	1406.0		
distilgpt2	torch-compile	cold	2	179	1380.9		
distilgpt2	torch-compile	cold	2	180	1435.5		
distilgpt2	torch-compile	cold	2	181	1377.1		
distilgpt2	torch-compile	cold	2	182	1408.6		
distilgpt2	torch-compile	cold	2	183	1405.5		
distilgpt2	torch-compile	cold	2	184	1442.4		
distilgpt2	torch-compile	cold	2	185	1373.5		
distilgpt2	torch-compile	cold	2	186	1389.7		
distilgpt2	torch-compile	cold	2	187	1400.7		
distilgpt2	torch-compile	cold	2	188	1427.7		
distilgpt2	torch-compile	cold	2	189	1396.9		
distilgpt2	torch-compile	cold	2	190	1368.5		
distilgpt2	torch-compile	cold	2	191	1370.2		
distilgpt2	torch-compile	cold	2	192	1405.2		
distilgpt2	torch-compile	cold	2	193	1446.5		
distilgpt2	torch-compile	cold	2	194	1382.6		
distilgpt2	torch-compile	cold	2	195	1396.2		
distilgpt2	torch-compile	cold	2	196	1400.0		
distilgpt2	torch-compile	cold	2	197	1408.6		
distilgpt2	torch-compile	cold	2	198	1395.2		
distilgpt2	torch-compile	cold	2	199	1396.2		
distilgpt2	torch-compile	cold	2	200	1398.3		
distilgpt2	torch-compile	cold	2	201	1396.9		
distilgpt2	torch-compile	cold	2	202	1400.9		
distilgpt2	torch-compile	cold	2	203	1414.3		
distilgpt2	torch-compile	cold	2	204	1395.7		
distilgpt2	torch-compile	cold	2	205	1436.2		
distilgpt2	torch-compile	cold	2	206	1378.5		
distilgpt2	torch-compile	cold	2	207	1383.5		
distilgpt2	torch-compile	cold	2	208	1399.3		
distilgpt2	torch-compile	cold	2	209	1397.6		
distilgpt2	torch-compile	cold	2	210	1416.4		
distilgpt2	torch-compile	cold	2	211	1388.8		
distilgpt2	torch-compile	cold	2	212	1409.5		
distilgpt2	torch-compile	cold	2	213	1388.5		
distilgpt2	torch-compile	cold	2	214	1418.4		
distilgpt2	torch-compile	cold	2	215	1375.7		
distilgpt2	torch-compile	cold	2	216	1381.2		
distilgpt2	torch-compile	cold	2	217	1401.2		
distilgpt2	torch-compile	cold	2	218	1436.5		
distilgpt2	torch-compile	cold	2	219	1391.9		
distilgpt2	torch-compile	cold	2	220	1374.7		
distilgpt2	torch-compile	cold	2	221	1392.1		
distilgpt2	torch-compile	cold	2	222	1392.8		
distilgpt2	torch-compile	cold	2	223	1390.2		
distilgpt2	torch-compile	cold	2	224	1424.6		
distilgpt2	torch-compile	cold	2	225	1411.9		
distilgpt2	torch-compile	cold	2	226	1376.4		
distilgpt2	torch-compile	cold	2	227	1384.3		
distilgpt2	torch-compile	cold	2	228	1386.6		
distilgpt2	torch-compile	cold	2	229	1419.1		
distilgpt2	torch-compile	cold	2	230	1382.8		
distilgpt2	torch-compile	cold	2	231	1424.8		
distilgpt2	torch-compile	cold	2	232	1406.7		
distilgpt2	torch-compile	cold	2	233	1385.2		
distilgpt2	torch-compile	cold	2	234	1390.7		
distilgpt2	torch-compile	cold	2	235	1395.9		
distilgpt2	torch-compile	cold	2	236	1396.9		
distilgpt2	torch-compile	cold	2	237	1380.2		
distilgpt2	torch-compile	cold	2	238	1395.7		
distilgpt2	torch-compile	cold	2	239	1417.4		
distilgpt2	torch-compile	cold	2	240	1403.1		
distilgpt2	torch-compile	cold	2	241	1431.7		
distilgpt2	torch-compile	cold	2	242	1420.5		
distilgpt2	torch-compile	cold	2	243	1393.6		
distilgpt2	torch-compile	cold	2	244	1428.1		
distilgpt2	torch-compile	cold	2	245	1381.4		
distilgpt2	torch-compile	cold	2	246	1407.4		
distilgpt2	torch-compile	cold	2	247	1442.0		
distilgpt2	torch-compile	cold	2	248	1389.3		
distilgpt2	torch-compile	cold	2	249	1386.6		
distilgpt2	torch-compile	cold	2	250	1380.0		
distilgpt2	torch-compile	cold	2	251	1384.0		
distilgpt2	torch-compile	cold	2	252	1389.3		
distilgpt2	torch-compile	cold	2	253	1393.3		
distilgpt2	torch-compile	cold	2	254	1378.5		
distilgpt2	torch-compile	cold	2	255	1445.1		
distilgpt2	torch-compile	cold	2	256	1400.7		
distilgpt2	torch-compile	cold	2	257	1381.4		
distilgpt2	torch-compile	cold	2	258	1426.9		
distilgpt2	torch-compile	cold	2	259	1388.1		
distilgpt2	torch-compile	cold	2	260	1405.0		
distilgpt2	torch-compile	cold	2	261	1404.5		
distilgpt2	torch-compile	cold	2	262	1409.3		
distilgpt2	torch-compile	cold	2	263	1411.7		
distilgpt2	torch-compile	cold	2	264	1402.9		
distilgpt2	torch-compile	cold	2	265	1389.7		
distilgpt2	torch-compile	cold	2	266	1430.0		
distilgpt2	torch-compile	cold	2	267	1396.2		
distilgpt2	torch-compile	cold	2	268	1376.6		
distilgpt2	torch-compile	cold	2	269	1418.8		
distilgpt2	torch-compile	cold	2	270	1384.0		
distilgpt2	torch-compile	cold	2	271	1426.0		
distilgpt2	torch-compile	cold	2	272	1384.3		
distilgpt2	torch-compile	cold	2	273	1377.6		
distilgpt2	torch-compile	cold	2	274	1388.8		
distilgpt2	torch-compile	cold	2	275	1377.1		
distilgpt2	torch-compile	cold	2	276	1385.2		
distilgpt2	torch-compile	cold	2	277	1380.9		
distilgpt2	torch-compile	cold	2	278	1439.8		
distilgpt2	torch-compile	cold	2	279	1406.4		
distilgpt2	torch-compile	cold	2	280	1415.3		
distilgpt2	torch-compile	cold	2	281	1410.2		
distilgpt2	torch-compile	cold	2	282	1387.4		
distilgpt2	torch-compile	cold	2	283	1416.4		
distilgpt2	torch-compile	cold	2	284	1397.4		
distilgpt2	torch-compile	cold	2	285	1398.1		
distilgpt2	torch-compile	cold	2	286	1451.3		
distilgpt2	torch-compile	cold	2	287	1407.1		
distilgpt2	torch-compile	cold	2	288	1405.2		
distilgpt2	torch-compile	cold	2	289	1397.6		
distilgpt2	torch-compile	cold	2	290	1384.7		
distilgpt2	torch-compile	cold	2	291	1435.3		
distilgpt2	torch-compile	cold	2	292	1393.6		
distilgpt2	torch-compile	cold	2	293	1387.1		
distilgpt2	torch-compile	cold	2	294	1387.1		
distilgpt2	torch-compile	cold	2	295	1393.1		
distilgpt2	torch-compile	cold	2	296	1392.1		
distilgpt2	torch-compile	cold	2	297	1394.5		
distilgpt2	torch-compile	cold	2	298	1412.2		
distilgpt2	torch-compile	cold	2	299	1391.6		
distilgpt2	torch-compile-ro	cold	2	0	3360155.8		
distilgpt2	torch-compile-ro	cold	2	1	28889.9		
distilgpt2	torch-compile-ro	cold	2	2	1741.9		
distilgpt2	torch-compile-ro	cold	2	3	1381.4		
distilgpt2	torch-compile-ro	cold	2	4	1364.5		
distilgpt2	torch-compile-ro	cold	2	5	1360.4		
distilgpt2	torch-compile-ro	cold	2	6	1353.7		
distilgpt2	torch-compile-ro	cold	2	7	1375.4		
distilgpt2	torch-compile-ro	cold	2	8	1369.0		
distilgpt2	torch-compile-ro	cold	2	9	1357.6		
distilgpt2	torch-compile-ro	cold	2	10	1332.8		
distilgpt2	torch-compile-ro	cold	2	11	1378.3		
distilgpt2	torch-compile-ro	cold	2	12	1374.7		
distilgpt2	torch-compile-ro	cold	2	13	1341.6		
distilgpt2	torch-compile-ro	cold	2	14	1355.2		
distilgpt2	torch-compile-ro	cold	2	15	1380.2		
distilgpt2	torch-compile-ro	cold	2	16	1344.4		
distilgpt2	torch-compile-ro	cold	2	17	1367.6		
distilgpt2	torch-compile-ro	cold	2	18	1378.8		
distilgpt2	torch-compile-ro	cold	2	19	1406.4		
distilgpt2	torch-compile-ro	cold	2	20	1354.7		
distilgpt2	torch-compile-ro	cold	2	21	1360.4		
distilgpt2	torch-compile-ro	cold	2	22	1358.5		
distilgpt2	torch-compile-ro	cold	2	23	1354.2		
distilgpt2	torch-compile-ro	cold	2	24	1406.7		
distilgpt2	torch-compile-ro	cold	2	25	1355.9		
distilgpt2	torch-compile-ro	cold	2	26	1359.2		
distilgpt2	torch-compile-ro	cold	2	27	1357.1		
distilgpt2	torch-compile-ro	cold	2	28	1385.0		
distilgpt2	torch-compile-ro	cold	2	29	1371.6		
distilgpt2	torch-compile-ro	cold	2	30	1366.9		
distilgpt2	torch-compile-ro	cold	2	31	1339.2		
distilgpt2	torch-compile-ro	cold	2	32	1345.2		
distilgpt2	torch-compile-ro	cold	2	33	1363.0		
distilgpt2	torch-compile-ro	cold	2	34	1347.8		
distilgpt2	torch-compile-ro	cold	2	35	1341.1		
distilgpt2	torch-compile-ro	cold	2	36	1376.2		
distilgpt2	torch-compile-ro	cold	2	37	1375.2		
distilgpt2	torch-compile-ro	cold	2	38	1367.1		
distilgpt2	torch-compile-ro	cold	2	39	1384.7		
distilgpt2	torch-compile-ro	cold	2	40	1375.2		
distilgpt2	torch-compile-ro	cold	2	41	1357.6		
distilgpt2	torch-compile-ro	cold	2	42	1347.1		
distilgpt2	torch-compile-ro	cold	2	43	1356.4		
distilgpt2	torch-compile-ro	cold	2	44	1337.8		
distilgpt2	torch-compile-ro	cold	2	45	1428.1		
distilgpt2	torch-compile-ro	cold	2	46	1354.0		
distilgpt2	torch-compile-ro	cold	2	47	1346.8		
distilgpt2	torch-compile-ro	cold	2	48	1344.2		
distilgpt2	torch-compile-ro	cold	2	49	1342.3		
distilgpt2	torch-compile-ro	cold	2	50	1345.4		
distilgpt2	torch-compile-ro	cold	2	51	1369.0		
distilgpt2	torch-compile-ro	cold	2	52	1375.0		
distilgpt2	torch-compile-ro	cold	2	53	1382.8		
distilgpt2	torch-compile-ro	cold	2	54	1373.8		
distilgpt2	torch-compile-ro	cold	2	55	1351.8		
distilgpt2	torch-compile-ro	cold	2	56	1350.6		
distilgpt2	torch-compile-ro	cold	2	57	1371.9		
distilgpt2	torch-compile-ro	cold	2	58	1400.9		
distilgpt2	torch-compile-ro	cold	2	59	1351.4		
distilgpt2	torch-compile-ro	cold	2	60	1339.0		
distilgpt2	torch-compile-ro	cold	2	61	1359.5		
distilgpt2	torch-compile-ro	cold	2	62	1356.8		
distilgpt2	torch-compile-ro	cold	2	63	1338.7		
distilgpt2	torch-compile-ro	cold	2	64	1383.8		
distilgpt2	torch-compile-ro	cold	2	65	1358.5		
distilgpt2	torch-compile-ro	cold	2	66	1408.1		
distilgpt2	torch-compile-ro	cold	2	67	1360.7		
distilgpt2	torch-compile-ro	cold	2	68	1349.2		
distilgpt2	torch-compile-ro	cold	2	69	1349.9		
distilgpt2	torch-compile-ro	cold	2	70	1365.4		
distilgpt2	torch-compile-ro	cold	2	71	1341.1		
distilgpt2	torch-compile-ro	cold	2	72	1351.8		
distilgpt2	torch-compile-ro	cold	2	73	1355.9		
distilgpt2	torch-compile-ro	cold	2	74	1402.6		
distilgpt2	torch-compile-ro	cold	2	75	1362.1		
distilgpt2	torch-compile-ro	cold	2	76	1348.0		
distilgpt2	torch-compile-ro	cold	2	77	1343.0		
distilgpt2	torch-compile-ro	cold	2	78	1350.2		
distilgpt2	torch-compile-ro	cold	2	79	1348.7		
distilgpt2	torch-compile-ro	cold	2	80	1374.0		
distilgpt2	torch-compile-ro	cold	2	81	1399.5		
distilgpt2	torch-compile-ro	cold	2	82	1354.0		
distilgpt2	torch-compile-ro	cold	2	83	1357.1		
distilgpt2	torch-compile-ro	cold	2	84	1397.8		
distilgpt2	torch-compile-ro	cold	2	85	1347.3		
distilgpt2	torch-compile-ro	cold	2	86	1354.5		
distilgpt2	torch-compile-ro	cold	2	87	1344.4		
distilgpt2	torch-compile-ro	cold	2	88	1349.7		
distilgpt2	torch-compile-ro	cold	2	89	1403.6		
distilgpt2	torch-compile-ro	cold	2	90	1413.1		
distilgpt2	torch-compile-ro	cold	2	91	1385.9		
distilgpt2	torch-compile-ro	cold	2	92	1419.8		
distilgpt2	torch-compile-ro	cold	2	93	1329.7		
distilgpt2	torch-compile-ro	cold	2	94	1353.3		
distilgpt2	torch-compile-ro	cold	2	95	1341.3		
distilgpt2	torch-compile-ro	cold	2	96	1362.1		
distilgpt2	torch-compile-ro	cold	2	97	1367.8		
distilgpt2	torch-compile-ro	cold	2	98	1346.1		
distilgpt2	torch-compile-ro	cold	2	99	1349.4		
distilgpt2	torch-compile-ro	cold	2	100	1379.0		
distilgpt2	torch-compile-ro	cold	2	101	1347.1		
distilgpt2	torch-compile-ro	cold	2	102	1356.6		
distilgpt2	torch-compile-ro	cold	2	103	1381.6		
distilgpt2	torch-compile-ro	cold	2	104	1395.0		
distilgpt2	torch-compile-ro	cold	2	105	1354.5		
distilgpt2	torch-compile-ro	cold	2	106	1344.4		
distilgpt2	torch-compile-ro	cold	2	107	1355.2		
distilgpt2	torch-compile-ro	cold	2	108	1375.0		
distilgpt2	torch-compile-ro	cold	2	109	1347.1		
distilgpt2	torch-compile-ro	cold	2	110	1355.2		
distilgpt2	torch-compile-ro	cold	2	111	1346.6		
distilgpt2	torch-compile-ro	cold	2	112	1352.3		
distilgpt2	torch-compile-ro	cold	2	113	1373.3		
distilgpt2	torch-compile-ro	cold	2	114	1333.5		
distilgpt2	torch-compile-ro	cold	2	115	1354.9		
distilgpt2	torch-compile-ro	cold	2	116	1346.6		
distilgpt2	torch-compile-ro	cold	2	117	1351.8		
distilgpt2	torch-compile-ro	cold	2	118	1394.5		
distilgpt2	torch-compile-ro	cold	2	119	1328.9		
distilgpt2	torch-compile-ro	cold	2	120	1303.7		
distilgpt2	torch-compile-ro	cold	2	121	1362.6		
distilgpt2	torch-compile-ro	cold	2	122	1298.9		
distilgpt2	torch-compile-ro	cold	2	123	1324.9		
distilgpt2	torch-compile-ro	cold	2	124	1311.1		
distilgpt2	torch-compile-ro	cold	2	125	1329.9		
distilgpt2	torch-compile-ro	cold	2	126	1312.7		
distilgpt2	torch-compile-ro	cold	2	127	1313.7		
distilgpt2	torch-compile-ro	cold	2	128	1314.2		
distilgpt2	torch-compile-ro	cold	2	129	1298.0		
distilgpt2	torch-compile-ro	cold	2	130	1328.5		
distilgpt2	torch-compile-ro	cold	2	131	1348.0		
distilgpt2	torch-compile-ro	cold	2	132	1335.6		
distilgpt2	torch-compile-ro	cold	2	133	1333.0		
distilgpt2	torch-compile-ro	cold	2	134	1336.3		
distilgpt2	torch-compile-ro	cold	2	135	1300.6		
distilgpt2	torch-compile-ro	cold	2	136	1356.6		
distilgpt2	torch-compile-ro	cold	2	137	1312.3		
distilgpt2	torch-compile-ro	cold	2	138	1307.7		
distilgpt2	torch-compile-ro	cold	2	139	1322.0		
distilgpt2	torch-compile-ro	cold	2	140	1322.3		
distilgpt2	torch-compile-ro	cold	2	141	1306.1		
distilgpt2	torch-compile-ro	cold	2	142	1303.4		
distilgpt2	torch-compile-ro	cold	2	143	1333.5		
distilgpt2	torch-compile-ro	cold	2	144	1317.7		
distilgpt2	torch-compile-ro	cold	2	145	1320.4		
distilgpt2	torch-compile-ro	cold	2	146	1309.2		
distilgpt2	torch-compile-ro	cold	2	147	1353.7		
distilgpt2	torch-compile-ro	cold	2	148	1310.8		
distilgpt2	torch-compile-ro	cold	2	149	1312.3		
distilgpt2	torch-compile-ro	cold	2	150	1302.5		
distilgpt2	torch-compile-ro	cold	2	151	1328.9		
distilgpt2	torch-compile-ro	cold	2	152	1308.0		
distilgpt2	torch-compile-ro	cold	2	153	1301.5		
distilgpt2	torch-compile-ro	cold	2	154	1300.6		
distilgpt2	torch-compile-ro	cold	2	155	1320.8		
distilgpt2	torch-compile-ro	cold	2	156	1301.1		
distilgpt2	torch-compile-ro	cold	2	157	1314.6		
distilgpt2	torch-compile-ro	cold	2	158	1354.5		
distilgpt2	torch-compile-ro	cold	2	159	1295.8		
distilgpt2	torch-compile-ro	cold	2	160	1338.5		
distilgpt2	torch-compile-ro	cold	2	161	1322.3		
distilgpt2	torch-compile-ro	cold	2	162	1331.6		
distilgpt2	torch-compile-ro	cold	2	163	1290.8		
distilgpt2	torch-compile-ro	cold	2	164	1305.1		
distilgpt2	torch-compile-ro	cold	2	165	1311.5		
distilgpt2	torch-compile-ro	cold	2	166	1318.5		
distilgpt2	torch-compile-ro	cold	2	167	1347.3		
distilgpt2	torch-compile-ro	cold	2	168	1318.7		
distilgpt2	torch-compile-ro	cold	2	169	1354.5		
distilgpt2	torch-compile-ro	cold	2	170	1308.9		
distilgpt2	torch-compile-ro	cold	2	171	1317.5		
distilgpt2	torch-compile-ro	cold	2	172	1308.7		
distilgpt2	torch-compile-ro	cold	2	173	1307.7		
distilgpt2	torch-compile-ro	cold	2	174	1300.8		
distilgpt2	torch-compile-ro	cold	2	175	1329.7		
distilgpt2	torch-compile-ro	cold	2	176	1321.3		
distilgpt2	torch-compile-ro	cold	2	177	1309.6		
distilgpt2	torch-compile-ro	cold	2	178	1318.0		
distilgpt2	torch-compile-ro	cold	2	179	1306.1		
distilgpt2	torch-compile-ro	cold	2	180	1324.2		
distilgpt2	torch-compile-ro	cold	2	181	1326.6		
distilgpt2	torch-compile-ro	cold	2	182	1312.7		
distilgpt2	torch-compile-ro	cold	2	183	1360.2		
distilgpt2	torch-compile-ro	cold	2	184	1309.2		
distilgpt2	torch-compile-ro	cold	2	185	1309.4		
distilgpt2	torch-compile-ro	cold	2	186	1301.3		
distilgpt2	torch-compile-ro	cold	2	187	1331.1		
distilgpt2	torch-compile-ro	cold	2	188	1361.4		
distilgpt2	torch-compile-ro	cold	2	189	1330.1		
distilgpt2	torch-compile-ro	cold	2	190	1326.8		
distilgpt2	torch-compile-ro	cold	2	191	1293.7		
distilgpt2	torch-compile-ro	cold	2	192	1294.9		
distilgpt2	torch-compile-ro	cold	2	193	1354.2		
distilgpt2	torch-compile-ro	cold	2	194	1323.2		
distilgpt2	torch-compile-ro	cold	2	195	1305.3		
distilgpt2	torch-compile-ro	cold	2	196	1343.5		
distilgpt2	torch-compile-ro	cold	2	197	1300.1		
distilgpt2	torch-compile-ro	cold	2	198	1361.6		
distilgpt2	torch-compile-ro	cold	2	199	1326.1		
distilgpt2	torch-compile-ro	cold	2	200	1365.9		
distilgpt2	torch-compile-ro	cold	2	201	1328.0		
distilgpt2	torch-compile-ro	cold	2	202	1310.8		
distilgpt2	torch-compile-ro	cold	2	203	1353.7		
distilgpt2	torch-compile-ro	cold	2	204	1298.7		
distilgpt2	torch-compile-ro	cold	2	205	1331.6		
distilgpt2	torch-compile-ro	cold	2	206	1320.8		
distilgpt2	torch-compile-ro	cold	2	207	1322.3		
distilgpt2	torch-compile-ro	cold	2	208	1338.5		
distilgpt2	torch-compile-ro	cold	2	209	1308.2		
distilgpt2	torch-compile-ro	cold	2	210	1362.1		
distilgpt2	torch-compile-ro	cold	2	211	1350.9		
distilgpt2	torch-compile-ro	cold	2	212	1304.6		
distilgpt2	torch-compile-ro	cold	2	213	1320.4		
distilgpt2	torch-compile-ro	cold	2	214	1321.1		
distilgpt2	torch-compile-ro	cold	2	215	1316.5		
distilgpt2	torch-compile-ro	cold	2	216	1299.6		
distilgpt2	torch-compile-ro	cold	2	217	1318.5		
distilgpt2	torch-compile-ro	cold	2	218	1342.1		
distilgpt2	torch-compile-ro	cold	2	219	1322.7		
distilgpt2	torch-compile-ro	cold	2	220	1332.0		
distilgpt2	torch-compile-ro	cold	2	221	1317.7		
distilgpt2	torch-compile-ro	cold	2	222	1306.8		
distilgpt2	torch-compile-ro	cold	2	223	1309.9		
distilgpt2	torch-compile-ro	cold	2	224	1315.6		
distilgpt2	torch-compile-ro	cold	2	225	1359.7		
distilgpt2	torch-compile-ro	cold	2	226	1292.0		
distilgpt2	torch-compile-ro	cold	2	227	1312.5		
distilgpt2	torch-compile-ro	cold	2	228	1307.7		
distilgpt2	torch-compile-ro	cold	2	229	1317.5		
distilgpt2	torch-compile-ro	cold	2	230	1311.3		
distilgpt2	torch-compile-ro	cold	2	231	1313.4		
distilgpt2	torch-compile-ro	cold	2	232	1320.1		
distilgpt2	torch-compile-ro	cold	2	233	1317.3		
distilgpt2	torch-compile-ro	cold	2	234	1304.6		
distilgpt2	torch-compile-ro	cold	2	235	1296.3		
distilgpt2	torch-compile-ro	cold	2	236	1297.5		
distilgpt2	torch-compile-ro	cold	2	237	1321.1		
distilgpt2	torch-compile-ro	cold	2	238	1359.9		
distilgpt2	torch-compile-ro	cold	2	239	1325.1		
distilgpt2	torch-compile-ro	cold	2	240	1327.3		
distilgpt2	torch-compile-ro	cold	2	241	1317.5		
distilgpt2	torch-compile-ro	cold	2	242	1342.8		
distilgpt2	torch-compile-ro	cold	2	243	1308.7		
distilgpt2	torch-compile-ro	cold	2	244	1356.4		
distilgpt2	torch-compile-ro	cold	2	245	1296.8		
distilgpt2	torch-compile-ro	cold	2	246	1316.1		
distilgpt2	torch-compile-ro	cold	2	247	1311.1		
distilgpt2	torch-compile-ro	cold	2	248	1318.9		
distilgpt2	torch-compile-ro	cold	2	249	1318.2		
distilgpt2	torch-compile-ro	cold	2	250	1318.2		
distilgpt2	torch-compile-ro	cold	2	251	1371.9		
distilgpt2	torch-compile-ro	cold	2	252	1324.9		
distilgpt2	torch-compile-ro	cold	2	253	1312.5		
distilgpt2	torch-compile-ro	cold	2	254	1332.8		
distilgpt2	torch-compile-ro	cold	2	255	1334.2		
distilgpt2	torch-compile-ro	cold	2	256	1293.2		
distilgpt2	torch-compile-ro	cold	2	257	1332.5		
distilgpt2	torch-compile-ro	cold	2	258	1333.0		
distilgpt2	torch-compile-ro	cold	2	259	1357.1		
distilgpt2	torch-compile-ro	cold	2	260	1338.0		
distilgpt2	torch-compile-ro	cold	2	261	1305.1		
distilgpt2	torch-compile-ro	cold	2	262	1339.7		
distilgpt2	torch-compile-ro	cold	2	263	1309.6		
distilgpt2	torch-compile-ro	cold	2	264	1327.8		
distilgpt2	torch-compile-ro	cold	2	265	1308.7		
distilgpt2	torch-compile-ro	cold	2	266	1299.9		
distilgpt2	torch-compile-ro	cold	2	267	1326.1		
distilgpt2	torch-compile-ro	cold	2	268	1300.3		
distilgpt2	torch-compile-ro	cold	2	269	1307.2		
distilgpt2	torch-compile-ro	cold	2	270	1325.4		
distilgpt2	torch-compile-ro	cold	2	271	1306.5		
distilgpt2	torch-compile-ro	cold	2	272	1305.1		
distilgpt2	torch-compile-ro	cold	2	273	1322.3		
distilgpt2	torch-compile-ro	cold	2	274	1298.9		
distilgpt2	torch-compile-ro	cold	2	275	1365.7		
distilgpt2	torch-compile-ro	cold	2	276	1296.5		
distilgpt2	torch-compile-ro	cold	2	277	1302.2		
distilgpt2	torch-compile-ro	cold	2	278	1367.8		
distilgpt2	torch-compile-ro	cold	2	279	1299.1		
distilgpt2	torch-compile-ro	cold	2	280	1307.0		
distilgpt2	torch-compile-ro	cold	2	281	1308.7		
distilgpt2	torch-compile-ro	cold	2	282	1303.0		
distilgpt2	torch-compile-ro	cold	2	283	1316.5		
distilgpt2	torch-compile-ro	cold	2	284	1311.5		
distilgpt2	torch-compile-ro	cold	2	285	1335.4		
distilgpt2	torch-compile-ro	cold	2	286	1319.2		
distilgpt2	torch-compile-ro	cold	2	287	1326.1		
distilgpt2	torch-compile-ro	cold	2	288	1317.7		
distilgpt2	torch-compile-ro	cold	2	289	1306.5		
distilgpt2	torch-compile-ro	cold	2	290	1361.6		
distilgpt2	torch-compile-ro	cold	2	291	1369.5		
distilgpt2	torch-compile-ro	cold	2	292	1310.8		
distilgpt2	torch-compile-ro	cold	2	293	1308.7		
distilgpt2	torch-compile-ro	cold	2	294	1314.4		
distilgpt2	torch-compile-ro	cold	2	295	1333.0		
distilgpt2	torch-compile-ro	cold	2	296	1353.7		
distilgpt2	torch-compile-ro	cold	2	297	1301.5		
distilgpt2	torch-compile-ro	cold	2	298	1359.5		
distilgpt2	torch-compile-ro	cold	2	299	1353.7		
distilgpt2	jax	cold	2	0	5044.2		
distilgpt2	jax	cold	2	1	1294.1		
distilgpt2	jax	cold	2	2	1291.7		
distilgpt2	jax	cold	2	3	1203.5		
distilgpt2	jax	cold	2	4	1196.3		
distilgpt2	jax	cold	2	5	1185.3		
distilgpt2	jax	cold	2	6	1159.8		
distilgpt2	jax	cold	2	7	1180.5		
distilgpt2	jax	cold	2	8	1201.0		
distilgpt2	jax	cold	2	9	1163.9		
distilgpt2	jax	cold	2	10	1176.3		
distilgpt2	jax	cold	2	11	1185.4		
distilgpt2	jax	cold	2	12	1182.6		
distilgpt2	jax	cold	2	13	1169.2		
distilgpt2	jax	cold	2	14	1203.4		
distilgpt2	jax	cold	2	15	1212.6		
distilgpt2	jax	cold	2	16	1189.1		
distilgpt2	jax	cold	2	17	1183.5		
distilgpt2	jax	cold	2	18	1152.4		
distilgpt2	jax	cold	2	19	1202.0		
distilgpt2	jax	cold	2	20	1157.6		
distilgpt2	jax	cold	2	21	1177.7		
distilgpt2	jax	cold	2	22	1184.1		
distilgpt2	jax	cold	2	23	1177.3		
distilgpt2	jax	cold	2	24	1171.8		
distilgpt2	jax	cold	2	25	1199.8		
distilgpt2	jax	cold	2	26	1166.8		
distilgpt2	jax	cold	2	27	1154.9		
distilgpt2	jax	cold	2	28	1179.2		
distilgpt2	jax	cold	2	29	1172.0		
distilgpt2	jax	cold	2	30	1213.4		
distilgpt2	jax	cold	2	31	1189.9		
distilgpt2	jax	cold	2	32	1184.1		
distilgpt2	jax	cold	2	33	1156.2		
distilgpt2	jax	cold	2	34	1179.0		
distilgpt2	jax	cold	2	35	1183.0		
distilgpt2	jax	cold	2	36	1194.7		
distilgpt2	jax	cold	2	37	1159.7		
distilgpt2	jax	cold	2	38	1185.1		
distilgpt2	jax	cold	2	39	1170.1		
distilgpt2	jax	cold	2	40	1153.9		
distilgpt2	jax	cold	2	41	1204.8		
distilgpt2	jax	cold	2	42	1156.8		
distilgpt2	jax	cold	2	43	1180.1		
distilgpt2	jax	cold	2	44	1185.8		
distilgpt2	jax	cold	2	45	1183.4		
distilgpt2	jax	cold	2	46	1189.9		
distilgpt2	jax	cold	2	47	1169.0		
distilgpt2	jax	cold	2	48	1162.7		
distilgpt2	jax	cold	2	49	1177.2		
distilgpt2	jax	cold	2	50	1181.7		
distilgpt2	jax	cold	2	51	1194.5		
distilgpt2	jax	cold	2	52	1216.9		
distilgpt2	jax	cold	2	53	1212.1		
distilgpt2	jax	cold	2	54	1194.3		
distilgpt2	jax	cold	2	55	1199.2		
distilgpt2	jax	cold	2	56	1177.6		
distilgpt2	jax	cold	2	57	1231.3		
distilgpt2	jax	cold	2	58	1183.1		
distilgpt2	jax	cold	2	59	1193.2		
distilgpt2	jax	cold	2	60	1176.0		
distilgpt2	jax	cold	2	61	1212.6		
distilgpt2	jax	cold	2	62	1225.3		
distilgpt2	jax	cold	2	63	1181.6		
distilgpt2	jax	cold	2	64	1209.2		
distilgpt2	jax	cold	2	65	1182.1		
distilgpt2	jax	cold	2	66	1157.0		
distilgpt2	jax	cold	2	67	1180.8		
distilgpt2	jax	cold	2	68	1178.3		
distilgpt2	jax	cold	2	69	1185.1		
distilgpt2	jax	cold	2	70	1190.7		
distilgpt2	jax	cold	2	71	1177.0		
distilgpt2	jax	cold	2	72	1168.1		
distilgpt2	jax	cold	2	73	1183.9		
distilgpt2	jax	cold	2	74	1187.9		
distilgpt2	jax	cold	2	75	1155.0		
distilgpt2	jax	cold	2	76	1187.3		
distilgpt2	jax	cold	2	77	1177.8		
distilgpt2	jax	cold	2	78	1180.2		
distilgpt2	jax	cold	2	79	1156.4		
distilgpt2	jax	cold	2	80	1167.0		
distilgpt2	jax	cold	2	81	1211.2		
distilgpt2	jax	cold	2	82	1164.9		
distilgpt2	jax	cold	2	83	1152.9		
distilgpt2	jax	cold	2	84	1205.2		
distilgpt2	jax	cold	2	85	1195.1		
distilgpt2	jax	cold	2	86	1155.0		
distilgpt2	jax	cold	2	87	1192.0		
distilgpt2	jax	cold	2	88	1154.8		
distilgpt2	jax	cold	2	89	1214.7		
distilgpt2	jax	cold	2	90	1187.5		
distilgpt2	jax	cold	2	91	1177.8		
distilgpt2	jax	cold	2	92	1182.4		
distilgpt2	jax	cold	2	93	1177.7		
distilgpt2	jax	cold	2	94	1183.4		
distilgpt2	jax	cold	2	95	1156.3		
distilgpt2	jax	cold	2	96	1160.4		
distilgpt2	jax	cold	2	97	1150.3		
distilgpt2	jax	cold	2	98	1178.3		
distilgpt2	jax	cold	2	99	1157.0		
distilgpt2	jax	cold	2	100	1180.5		
distilgpt2	jax	cold	2	101	1182.9		
distilgpt2	jax	cold	2	102	1195.2		
distilgpt2	jax	cold	2	103	1154.0		
distilgpt2	jax	cold	2	104	1152.0		
distilgpt2	jax	cold	2	105	1182.5		
distilgpt2	jax	cold	2	106	1203.0		
distilgpt2	jax	cold	2	107	1156.3		
distilgpt2	jax	cold	2	108	1177.1		
distilgpt2	jax	cold	2	109	1175.4		
distilgpt2	jax	cold	2	110	1184.2		
distilgpt2	jax	cold	2	111	1179.2		
distilgpt2	jax	cold	2	112	1178.2		
distilgpt2	jax	cold	2	113	1165.9		
distilgpt2	jax	cold	2	114	1127.6		
distilgpt2	jax	cold	2	115	1156.2		
distilgpt2	jax	cold	2	116	1153.3		
distilgpt2	jax	cold	2	117	1151.3		
distilgpt2	jax	cold	2	118	1170.9		
distilgpt2	jax	cold	2	119	1166.2		
distilgpt2	jax	cold	2	120	1157.0		
distilgpt2	jax	cold	2	121	1166.4		
distilgpt2	jax	cold	2	122	1152.2		
distilgpt2	jax	cold	2	123	1167.5		
distilgpt2	jax	cold	2	124	1177.1		
distilgpt2	jax	cold	2	125	1168.9		
distilgpt2	jax	cold	2	126	1154.5		
distilgpt2	jax	cold	2	127	1158.0		
distilgpt2	jax	cold	2	128	1215.6		
distilgpt2	jax	cold	2	129	1175.9		
distilgpt2	jax	cold	2	130	1151.0		
distilgpt2	jax	cold	2	131	1169.5		
distilgpt2	jax	cold	2	132	1157.6		
distilgpt2	jax	cold	2	133	1157.5		
distilgpt2	jax	cold	2	134	1155.7		
distilgpt2	jax	cold	2	135	1154.3		
distilgpt2	jax	cold	2	136	1183.1		
distilgpt2	jax	cold	2	137	1190.3		
distilgpt2	jax	cold	2	138	1156.5		
distilgpt2	jax	cold	2	139	1153.6		
distilgpt2	jax	cold	2	140	1163.7		
distilgpt2	jax	cold	2	141	1182.0		
distilgpt2	jax	cold	2	142	1172.3		
distilgpt2	jax	cold	2	143	1160.0		
distilgpt2	jax	cold	2	144	1151.5		
distilgpt2	jax	cold	2	145	1154.1		
distilgpt2	jax	cold	2	146	1173.6		
distilgpt2	jax	cold	2	147	1155.3		
distilgpt2	jax	cold	2	148	1180.8		
distilgpt2	jax	cold	2	149	1176.2		
distilgpt2	jax	cold	2	150	1155.3		
distilgpt2	jax	cold	2	151	1156.7		
distilgpt2	jax	cold	2	152	1171.2		
distilgpt2	jax	cold	2	153	1189.9		
distilgpt2	jax	cold	2	154	1143.0		
distilgpt2	jax	cold	2	155	1167.7		
distilgpt2	jax	cold	2	156	1237.2		
distilgpt2	jax	cold	2	157	1170.8		
distilgpt2	jax	cold	2	158	1159.6		
distilgpt2	jax	cold	2	159	1183.8		
distilgpt2	jax	cold	2	160	1174.1		
distilgpt2	jax	cold	2	161	1156.9		
distilgpt2	jax	cold	2	162	1161.7		
distilgpt2	jax	cold	2	163	1152.5		
distilgpt2	jax	cold	2	164	1162.5		
distilgpt2	jax	cold	2	165	1191.2		
distilgpt2	jax	cold	2	166	1200.0		
distilgpt2	jax	cold	2	167	1170.1		
distilgpt2	jax	cold	2	168	1155.4		
distilgpt2	jax	cold	2	169	1167.2		
distilgpt2	jax	cold	2	170	1183.9		
distilgpt2	jax	cold	2	171	1170.9		
distilgpt2	jax	cold	2	172	1249.6		
distilgpt2	jax	cold	2	173	1180.5		
distilgpt2	jax	cold	2	174	1172.8		
distilgpt2	jax	cold	2	175	1165.2		
distilgpt2	jax	cold	2	176	1181.0		
distilgpt2	jax	cold	2	177	1169.2		
distilgpt2	jax	cold	2	178	1153.6		
distilgpt2	jax	cold	2	179	1160.2		
distilgpt2	jax	cold	2	180	1151.2		
distilgpt2	jax	cold	2	181	1132.5		
distilgpt2	jax	cold	2	182	1203.5		
distilgpt2	jax	cold	2	183	1206.9		
distilgpt2	jax	cold	2	184	1230.5		
distilgpt2	jax	cold	2	185	1168.5		
distilgpt2	jax	cold	2	186	1169.0		
distilgpt2	jax	cold	2	187	1151.9		
distilgpt2	jax	cold	2	188	1138.5		
distilgpt2	jax	cold	2	189	1151.4		
distilgpt2	jax	cold	2	190	1155.0		
distilgpt2	jax	cold	2	191	1155.8		
distilgpt2	jax	cold	2	192	1155.9		
distilgpt2	jax	cold	2	193	1187.8		
distilgpt2	jax	cold	2	194	1157.5		
distilgpt2	jax	cold	2	195	1155.1		
distilgpt2	jax	cold	2	196	1161.7		
distilgpt2	jax	cold	2	197	1164.6		
distilgpt2	jax	cold	2	198	1160.9		
distilgpt2	jax	cold	2	199	1182.3		
distilgpt2	jax	cold	2	200	1156.7		
distilgpt2	jax	cold	2	201	1158.5		
distilgpt2	jax	cold	2	202	1153.6		
distilgpt2	jax	cold	2	203	1156.1		
distilgpt2	jax	cold	2	204	1161.8		
distilgpt2	jax	cold	2	205	1186.9		
distilgpt2	jax	cold	2	206	1144.6		
distilgpt2	jax	cold	2	207	1158.1		
distilgpt2	jax	cold	2	208	1157.0		
distilgpt2	jax	cold	2	209	1156.9		
distilgpt2	jax	cold	2	210	1159.2		
distilgpt2	jax	cold	2	211	1186.8		
distilgpt2	jax	cold	2	212	1166.9		
distilgpt2	jax	cold	2	213	1184.4		
distilgpt2	jax	cold	2	214	1162.9		
distilgpt2	jax	cold	2	215	1171.1		
distilgpt2	jax	cold	2	216	1161.8		
distilgpt2	jax	cold	2	217	1174.6		
distilgpt2	jax	cold	2	218	1130.1		
distilgpt2	jax	cold	2	219	1162.0		
distilgpt2	jax	cold	2	220	1156.2		
distilgpt2	jax	cold	2	221	1172.2		
distilgpt2	jax	cold	2	222	1160.7		
distilgpt2	jax	cold	2	223	1180.7		
distilgpt2	jax	cold	2	224	1175.9		
distilgpt2	jax	cold	2	225	1165.2		
distilgpt2	jax	cold	2	226	1173.4		
distilgpt2	jax	cold	2	227	1200.5		
distilgpt2	jax	cold	2	228	1189.5		
distilgpt2	jax	cold	2	229	1196.3		
distilgpt2	jax	cold	2	230	1217.7		
distilgpt2	jax	cold	2	231	1164.3		
distilgpt2	jax	cold	2	232	1158.4		
distilgpt2	jax	cold	2	233	1167.9		
distilgpt2	jax	cold	2	234	1184.4		
distilgpt2	jax	cold	2	235	1169.6		
distilgpt2	jax	cold	2	236	1199.6		
distilgpt2	jax	cold	2	237	1159.0		
distilgpt2	jax	cold	2	238	1165.5		
distilgpt2	jax	cold	2	239	1181.5		
distilgpt2	jax	cold	2	240	1216.3		
distilgpt2	jax	cold	2	241	1224.2		
distilgpt2	jax	cold	2	242	1181.0		
distilgpt2	jax	cold	2	243	1186.6		
distilgpt2	jax	cold	2	244	1187.8		
distilgpt2	jax	cold	2	245	1195.3		
distilgpt2	jax	cold	2	246	1198.3		
distilgpt2	jax	cold	2	247	1181.5		
distilgpt2	jax	cold	2	248	1182.7		
distilgpt2	jax	cold	2	249	1185.8		
distilgpt2	jax	cold	2	250	1204.7		
distilgpt2	jax	cold	2	251	1195.3		
distilgpt2	jax	cold	2	252	1177.4		
distilgpt2	jax	cold	2	253	1184.9		
distilgpt2	jax	cold	2	254	1190.7		
distilgpt2	jax	cold	2	255	1210.4		
distilgpt2	jax	cold	2	256	1183.2		
distilgpt2	jax	cold	2	257	1165.9		
distilgpt2	jax	cold	2	258	1156.9		
distilgpt2	jax	cold	2	259	1154.3		
distilgpt2	jax	cold	2	260	1155.5		
distilgpt2	jax	cold	2	261	1179.3		
distilgpt2	jax	cold	2	262	1168.1		
distilgpt2	jax	cold	2	263	1158.6		
distilgpt2	jax	cold	2	264	1156.7		
distilgpt2	jax	cold	2	265	1165.0		
distilgpt2	jax	cold	2	266	1159.5		
distilgpt2	jax	cold	2	267	1187.8		
distilgpt2	jax	cold	2	268	1181.4		
distilgpt2	jax	cold	2	269	1154.5		
distilgpt2	jax	cold	2	270	1134.8		
distilgpt2	jax	cold	2	271	1152.7		
distilgpt2	jax	cold	2	272	1163.9		
distilgpt2	jax	cold	2	273	1178.2		
distilgpt2	jax	cold	2	274	1169.3		
distilgpt2	jax	cold	2	275	1159.4		
distilgpt2	jax	cold	2	276	1153.0		
distilgpt2	jax	cold	2	277	1167.6		
distilgpt2	jax	cold	2	278	1161.1		
distilgpt2	jax	cold	2	279	1178.7		
distilgpt2	jax	cold	2	280	1155.6		
distilgpt2	jax	cold	2	281	1161.8		
distilgpt2	jax	cold	2	282	1152.6		
distilgpt2	jax	cold	2	283	1152.3		
distilgpt2	jax	cold	2	284	1168.4		
distilgpt2	jax	cold	2	285	1188.5		
distilgpt2	jax	cold	2	286	1170.6		
distilgpt2	jax	cold	2	287	1127.3		
distilgpt2	jax	cold	2	288	1133.6		
distilgpt2	jax	cold	2	289	1165.3		
distilgpt2	jax	cold	2	290	1161.3		
distilgpt2	jax	cold	2	291	1179.1		
distilgpt2	jax	cold	2	292	1164.7		
distilgpt2	jax	cold	2	293	1156.3		
distilgpt2	jax	cold	2	294	1155.9		
distilgpt2	jax	cold	2	295	1157.1		
distilgpt2	jax	cold	2	296	1161.7		
distilgpt2	jax	cold	2	297	1184.7		
distilgpt2	jax	cold	2	298	1169.9		
distilgpt2	jax	cold	2	299	1159.8		
distilgpt2	torch-eager	cold	3	0	135102.7		
distilgpt2	torch-eager	cold	3	1	3306.9		
distilgpt2	torch-eager	cold	3	2	3124.0		
distilgpt2	torch-eager	cold	3	3	3074.6		
distilgpt2	torch-eager	cold	3	4	3083.7		
distilgpt2	torch-eager	cold	3	5	3073.2		
distilgpt2	torch-eager	cold	3	6	3111.4		
distilgpt2	torch-eager	cold	3	7	3077.5		
distilgpt2	torch-eager	cold	3	8	3081.6		
distilgpt2	torch-eager	cold	3	9	3087.0		
distilgpt2	torch-eager	cold	3	10	3067.5		
distilgpt2	torch-eager	cold	3	11	3073.2		
distilgpt2	torch-eager	cold	3	12	3061.1		
distilgpt2	torch-eager	cold	3	13	3205.1		
distilgpt2	torch-eager	cold	3	14	3090.6		
distilgpt2	torch-eager	cold	3	15	3075.1		
distilgpt2	torch-eager	cold	3	16	3056.3		
distilgpt2	torch-eager	cold	3	17	3049.6		
distilgpt2	torch-eager	cold	3	18	3092.3		
distilgpt2	torch-eager	cold	3	19	3042.0		
distilgpt2	torch-eager	cold	3	20	3510.2		
distilgpt2	torch-eager	cold	3	21	3096.3		
distilgpt2	torch-eager	cold	3	22	3025.1		
distilgpt2	torch-eager	cold	3	23	3017.9		
distilgpt2	torch-eager	cold	3	24	3025.3		
distilgpt2	torch-eager	cold	3	25	3140.7		
distilgpt2	torch-eager	cold	3	26	3114.2		
distilgpt2	torch-eager	cold	3	27	3073.9		
distilgpt2	torch-eager	cold	3	28	3037.0		
distilgpt2	torch-eager	cold	3	29	3031.5		
distilgpt2	torch-eager	cold	3	30	3269.0		
distilgpt2	torch-eager	cold	3	31	3214.1		
distilgpt2	torch-eager	cold	3	32	3050.6		
distilgpt2	torch-eager	cold	3	33	3078.5		
distilgpt2	torch-eager	cold	3	34	3045.6		
distilgpt2	torch-eager	cold	3	35	3045.8		
distilgpt2	torch-eager	cold	3	36	3041.3		
distilgpt2	torch-eager	cold	3	37	3041.3		
distilgpt2	torch-eager	cold	3	38	3134.7		
distilgpt2	torch-eager	cold	3	39	3052.0		
distilgpt2	torch-eager	cold	3	40	3043.9		
distilgpt2	torch-eager	cold	3	41	3298.0		
distilgpt2	torch-eager	cold	3	42	3047.0		
distilgpt2	torch-eager	cold	3	43	3010.5		
distilgpt2	torch-eager	cold	3	44	3027.7		
distilgpt2	torch-eager	cold	3	45	3038.9		
distilgpt2	torch-eager	cold	3	46	3047.2		
distilgpt2	torch-eager	cold	3	47	3055.3		
distilgpt2	torch-eager	cold	3	48	3044.4		
distilgpt2	torch-eager	cold	3	49	3086.8		
distilgpt2	torch-eager	cold	3	50	3048.9		
distilgpt2	torch-eager	cold	3	51	3068.0		
distilgpt2	torch-eager	cold	3	52	3106.4		
distilgpt2	torch-eager	cold	3	53	3056.3		
distilgpt2	torch-eager	cold	3	54	3093.7		
distilgpt2	torch-eager	cold	3	55	3072.5		
distilgpt2	torch-eager	cold	3	56	3055.6		
distilgpt2	torch-eager	cold	3	57	3033.2		
distilgpt2	torch-eager	cold	3	58	3042.9		
distilgpt2	torch-eager	cold	3	59	3058.0		
distilgpt2	torch-eager	cold	3	60	3040.1		
distilgpt2	torch-eager	cold	3	61	3057.2		
distilgpt2	torch-eager	cold	3	62	3061.8		
distilgpt2	torch-eager	cold	3	63	3059.9		
distilgpt2	torch-eager	cold	3	64	3029.8		
distilgpt2	torch-eager	cold	3	65	3040.6		
distilgpt2	torch-eager	cold	3	66	3038.4		
distilgpt2	torch-eager	cold	3	67	3022.7		
distilgpt2	torch-eager	cold	3	68	3027.9		
distilgpt2	torch-eager	cold	3	69	3025.3		
distilgpt2	torch-eager	cold	3	70	3061.5		
distilgpt2	torch-eager	cold	3	71	3078.5		
distilgpt2	torch-eager	cold	3	72	3048.7		
distilgpt2	torch-eager	cold	3	73	3080.4		
distilgpt2	torch-eager	cold	3	74	3043.9		
distilgpt2	torch-eager	cold	3	75	3037.5		
distilgpt2	torch-eager	cold	3	76	3041.5		
distilgpt2	torch-eager	cold	3	77	3061.5		
distilgpt2	torch-eager	cold	3	78	3051.5		
distilgpt2	torch-eager	cold	3	79	3035.1		
distilgpt2	torch-eager	cold	3	80	3038.6		
distilgpt2	torch-eager	cold	3	81	3435.6		
distilgpt2	torch-eager	cold	3	82	3054.9		
distilgpt2	torch-eager	cold	3	83	3077.7		
distilgpt2	torch-eager	cold	3	84	3067.5		
distilgpt2	torch-eager	cold	3	85	3031.3		
distilgpt2	torch-eager	cold	3	86	3032.7		
distilgpt2	torch-eager	cold	3	87	3036.0		
distilgpt2	torch-eager	cold	3	88	3011.9		
distilgpt2	torch-eager	cold	3	89	3039.6		
distilgpt2	torch-eager	cold	3	90	3024.8		
distilgpt2	torch-eager	cold	3	91	3077.0		
distilgpt2	torch-eager	cold	3	92	3083.0		
distilgpt2	torch-eager	cold	3	93	3033.2		
distilgpt2	torch-eager	cold	3	94	3033.2		
distilgpt2	torch-eager	cold	3	95	3058.2		
distilgpt2	torch-eager	cold	3	96	3059.9		
distilgpt2	torch-eager	cold	3	97	3036.7		
distilgpt2	torch-eager	cold	3	98	3055.8		
distilgpt2	torch-eager	cold	3	99	3044.4		
distilgpt2	torch-eager	cold	3	100	3037.9		
distilgpt2	torch-eager	cold	3	101	3051.3		
distilgpt2	torch-eager	cold	3	102	3084.9		
distilgpt2	torch-eager	cold	3	103	3080.8		
distilgpt2	torch-eager	cold	3	104	3041.5		
distilgpt2	torch-eager	cold	3	105	3072.5		
distilgpt2	torch-eager	cold	3	106	3108.5		
distilgpt2	torch-eager	cold	3	107	3055.1		
distilgpt2	torch-eager	cold	3	108	3023.1		
distilgpt2	torch-eager	cold	3	109	3040.3		
distilgpt2	torch-eager	cold	3	110	3061.5		
distilgpt2	torch-eager	cold	3	111	3052.7		
distilgpt2	torch-eager	cold	3	112	3059.4		
distilgpt2	torch-eager	cold	3	113	3048.7		
distilgpt2	torch-eager	cold	3	114	3055.8		
distilgpt2	torch-eager	cold	3	115	3055.8		
distilgpt2	torch-eager	cold	3	116	3064.2		
distilgpt2	torch-eager	cold	3	117	3113.7		
distilgpt2	torch-eager	cold	3	118	3052.0		
distilgpt2	torch-eager	cold	3	119	3045.3		
distilgpt2	torch-eager	cold	3	120	3044.4		
distilgpt2	torch-eager	cold	3	121	3047.7		
distilgpt2	torch-eager	cold	3	122	3047.9		
distilgpt2	torch-eager	cold	3	123	3055.1		
distilgpt2	torch-eager	cold	3	124	3020.5		
distilgpt2	torch-eager	cold	3	125	3044.6		
distilgpt2	torch-eager	cold	3	126	3076.8		
distilgpt2	torch-eager	cold	3	127	3031.5		
distilgpt2	torch-eager	cold	3	128	3042.2		
distilgpt2	torch-eager	cold	3	129	3051.5		
distilgpt2	torch-eager	cold	3	130	3024.1		
distilgpt2	torch-eager	cold	3	131	3057.7		
distilgpt2	torch-eager	cold	3	132	3030.3		
distilgpt2	torch-eager	cold	3	133	3037.9		
distilgpt2	torch-eager	cold	3	134	3061.1		
distilgpt2	torch-eager	cold	3	135	3048.9		
distilgpt2	torch-eager	cold	3	136	3046.3		
distilgpt2	torch-eager	cold	3	137	3032.4		
distilgpt2	torch-eager	cold	3	138	3082.3		
distilgpt2	torch-eager	cold	3	139	3051.5		
distilgpt2	torch-eager	cold	3	140	3058.4		
distilgpt2	torch-eager	cold	3	141	3012.4		
distilgpt2	torch-eager	cold	3	142	3029.8		
distilgpt2	torch-eager	cold	3	143	3067.0		
distilgpt2	torch-eager	cold	3	144	3099.7		
distilgpt2	torch-eager	cold	3	145	3042.0		
distilgpt2	torch-eager	cold	3	146	3037.7		
distilgpt2	torch-eager	cold	3	147	3050.3		
distilgpt2	torch-eager	cold	3	148	3050.1		
distilgpt2	torch-eager	cold	3	149	3116.4		
distilgpt2	torch-eager	cold	3	150	3041.5		
distilgpt2	torch-eager	cold	3	151	3018.9		
distilgpt2	torch-eager	cold	3	152	3029.3		
distilgpt2	torch-eager	cold	3	153	3038.9		
distilgpt2	torch-eager	cold	3	154	3070.1		
distilgpt2	torch-eager	cold	3	155	3071.1		
distilgpt2	torch-eager	cold	3	156	3064.9		
distilgpt2	torch-eager	cold	3	157	3097.1		
distilgpt2	torch-eager	cold	3	158	3030.8		
distilgpt2	torch-eager	cold	3	159	3071.5		
distilgpt2	torch-eager	cold	3	160	3113.3		
distilgpt2	torch-eager	cold	3	161	3036.5		
distilgpt2	torch-eager	cold	3	162	3028.4		
distilgpt2	torch-eager	cold	3	163	3071.5		
distilgpt2	torch-eager	cold	3	164	3044.6		
distilgpt2	torch-eager	cold	3	165	3034.6		
distilgpt2	torch-eager	cold	3	166	3068.4		
distilgpt2	torch-eager	cold	3	167	3040.3		
distilgpt2	torch-eager	cold	3	168	3063.7		
distilgpt2	torch-eager	cold	3	169	3043.9		
distilgpt2	torch-eager	cold	3	170	3058.2		
distilgpt2	torch-eager	cold	3	171	3052.0		
distilgpt2	torch-eager	cold	3	172	3042.5		
distilgpt2	torch-eager	cold	3	173	3032.2		
distilgpt2	torch-eager	cold	3	174	3048.9		
distilgpt2	torch-eager	cold	3	175	3072.5		
distilgpt2	torch-eager	cold	3	176	3057.5		
distilgpt2	torch-eager	cold	3	177	3054.6		
distilgpt2	torch-eager	cold	3	178	3060.8		
distilgpt2	torch-eager	cold	3	179	3057.7		
distilgpt2	torch-eager	cold	3	180	3075.4		
distilgpt2	torch-eager	cold	3	181	3081.3		
distilgpt2	torch-eager	cold	3	182	3072.5		
distilgpt2	torch-eager	cold	3	183	3073.5		
distilgpt2	torch-eager	cold	3	184	3049.9		
distilgpt2	torch-eager	cold	3	185	3038.9		
distilgpt2	torch-eager	cold	3	186	3036.5		
distilgpt2	torch-eager	cold	3	187	3063.2		
distilgpt2	torch-eager	cold	3	188	3048.9		
distilgpt2	torch-eager	cold	3	189	3030.3		
distilgpt2	torch-eager	cold	3	190	3089.0		
distilgpt2	torch-eager	cold	3	191	3050.8		
distilgpt2	torch-eager	cold	3	192	3026.0		
distilgpt2	torch-eager	cold	3	193	3017.4		
distilgpt2	torch-eager	cold	3	194	3063.7		
distilgpt2	torch-eager	cold	3	195	3031.0		
distilgpt2	torch-eager	cold	3	196	3052.5		
distilgpt2	torch-eager	cold	3	197	3044.4		
distilgpt2	torch-eager	cold	3	198	3053.2		
distilgpt2	torch-eager	cold	3	199	3050.1		
distilgpt2	torch-eager	cold	3	200	3041.5		
distilgpt2	torch-eager	cold	3	201	3043.7		
distilgpt2	torch-eager	cold	3	202	3041.7		
distilgpt2	torch-eager	cold	3	203	3046.5		
distilgpt2	torch-eager	cold	3	204	3050.1		
distilgpt2	torch-eager	cold	3	205	3060.1		
distilgpt2	torch-eager	cold	3	206	3027.9		
distilgpt2	torch-eager	cold	3	207	3047.0		
distilgpt2	torch-eager	cold	3	208	3056.3		
distilgpt2	torch-eager	cold	3	209	3118.0		
distilgpt2	torch-eager	cold	3	210	3020.8		
distilgpt2	torch-eager	cold	3	211	3048.2		
distilgpt2	torch-eager	cold	3	212	3052.7		
distilgpt2	torch-eager	cold	3	213	3055.6		
distilgpt2	torch-eager	cold	3	214	3019.8		
distilgpt2	torch-eager	cold	3	215	3019.8		
distilgpt2	torch-eager	cold	3	216	3026.0		
distilgpt2	torch-eager	cold	3	217	3105.4		
distilgpt2	torch-eager	cold	3	218	3045.8		
distilgpt2	torch-eager	cold	3	219	3037.9		
distilgpt2	torch-eager	cold	3	220	3067.5		
distilgpt2	torch-eager	cold	3	221	3047.5		
distilgpt2	torch-eager	cold	3	222	3092.8		
distilgpt2	torch-eager	cold	3	223	3048.2		
distilgpt2	torch-eager	cold	3	224	3034.8		
distilgpt2	torch-eager	cold	3	225	3073.9		
distilgpt2	torch-eager	cold	3	226	3095.9		
distilgpt2	torch-eager	cold	3	227	3038.2		
distilgpt2	torch-eager	cold	3	228	3050.1		
distilgpt2	torch-eager	cold	3	229	3045.8		
distilgpt2	torch-eager	cold	3	230	3030.8		
distilgpt2	torch-eager	cold	3	231	3027.4		
distilgpt2	torch-eager	cold	3	232	3031.0		
distilgpt2	torch-eager	cold	3	233	3043.4		
distilgpt2	torch-eager	cold	3	234	3035.5		
distilgpt2	torch-eager	cold	3	235	3026.0		
distilgpt2	torch-eager	cold	3	236	3036.3		
distilgpt2	torch-eager	cold	3	237	3038.4		
distilgpt2	torch-eager	cold	3	238	3063.2		
distilgpt2	torch-eager	cold	3	239	3058.9		
distilgpt2	torch-eager	cold	3	240	3039.8		
distilgpt2	torch-eager	cold	3	241	3069.6		
distilgpt2	torch-eager	cold	3	242	3060.1		
distilgpt2	torch-eager	cold	3	243	3058.9		
distilgpt2	torch-eager	cold	3	244	3086.8		
distilgpt2	torch-eager	cold	3	245	3052.9		
distilgpt2	torch-eager	cold	3	246	3046.0		
distilgpt2	torch-eager	cold	3	247	3041.0		
distilgpt2	torch-eager	cold	3	248	3040.6		
distilgpt2	torch-eager	cold	3	249	3033.9		
distilgpt2	torch-eager	cold	3	250	3029.6		
distilgpt2	torch-eager	cold	3	251	3036.0		
distilgpt2	torch-eager	cold	3	252	3091.8		
distilgpt2	torch-eager	cold	3	253	3047.9		
distilgpt2	torch-eager	cold	3	254	3045.3		
distilgpt2	torch-eager	cold	3	255	3126.9		
distilgpt2	torch-eager	cold	3	256	3036.7		
distilgpt2	torch-eager	cold	3	257	3040.1		
distilgpt2	torch-eager	cold	3	258	3039.1		
distilgpt2	torch-eager	cold	3	259	3097.8		
distilgpt2	torch-eager	cold	3	260	3053.4		
distilgpt2	torch-eager	cold	3	261	3052.7		
distilgpt2	torch-eager	cold	3	262	3042.7		
distilgpt2	torch-eager	cold	3	263	3089.0		
distilgpt2	torch-eager	cold	3	264	3095.4		
distilgpt2	torch-eager	cold	3	265	3031.5		
distilgpt2	torch-eager	cold	3	266	3056.3		
distilgpt2	torch-eager	cold	3	267	3037.7		
distilgpt2	torch-eager	cold	3	268	3073.2		
distilgpt2	torch-eager	cold	3	269	3061.8		
distilgpt2	torch-eager	cold	3	270	3023.9		
distilgpt2	torch-eager	cold	3	271	3052.9		
distilgpt2	torch-eager	cold	3	272	3062.0		
distilgpt2	torch-eager	cold	3	273	3116.8		
distilgpt2	torch-eager	cold	3	274	3047.5		
distilgpt2	torch-eager	cold	3	275	3120.4		
distilgpt2	torch-eager	cold	3	276	3048.7		
distilgpt2	torch-eager	cold	3	277	3027.9		
distilgpt2	torch-eager	cold	3	278	3066.5		
distilgpt2	torch-eager	cold	3	279	3027.9		
distilgpt2	torch-eager	cold	3	280	3068.7		
distilgpt2	torch-eager	cold	3	281	3039.4		
distilgpt2	torch-eager	cold	3	282	3023.1		
distilgpt2	torch-eager	cold	3	283	3021.5		
distilgpt2	torch-eager	cold	3	284	3013.6		
distilgpt2	torch-eager	cold	3	285	3040.6		
distilgpt2	torch-eager	cold	3	286	3037.7		
distilgpt2	torch-eager	cold	3	287	3056.3		
distilgpt2	torch-eager	cold	3	288	3070.1		
distilgpt2	torch-eager	cold	3	289	3052.0		
distilgpt2	torch-eager	cold	3	290	3068.2		
distilgpt2	torch-eager	cold	3	291	3105.4		
distilgpt2	torch-eager	cold	3	292	3047.7		
distilgpt2	torch-eager	cold	3	293	3033.9		
distilgpt2	torch-eager	cold	3	294	3029.3		
distilgpt2	torch-eager	cold	3	295	3047.9		
distilgpt2	torch-eager	cold	3	296	3051.0		
distilgpt2	torch-eager	cold	3	297	3032.7		
distilgpt2	torch-eager	cold	3	298	3084.7		
distilgpt2	torch-eager	cold	3	299	3066.1		
distilgpt2	ours	cold	3	0	3740093.0	7	254
distilgpt2	ours	cold	3	1	9922.0	0	93
distilgpt2	ours	cold	3	2	1356.1	0	57
distilgpt2	ours	cold	3	3	476594.9	1	87
distilgpt2	ours	cold	3	4	6630.9	0	77
distilgpt2	ours	cold	3	5	4759.1	1	39
distilgpt2	ours	cold	3	6	2752.1	0	39
distilgpt2	ours	cold	3	7	2111.9	0	39
distilgpt2	ours	cold	3	8	1313.0	0	39
distilgpt2	ours	cold	3	9	1975.1	0	39
distilgpt2	ours	cold	3	10	1275.1	0	39
distilgpt2	ours	cold	3	11	1286.0	0	39
distilgpt2	ours	cold	3	12	2068.0	0	39
distilgpt2	ours	cold	3	13	1287.9	0	39
distilgpt2	ours	cold	3	14	1304.9	0	39
distilgpt2	ours	cold	3	15	1277.2	0	39
distilgpt2	ours	cold	3	16	2018.0	0	39
distilgpt2	ours	cold	3	17	1275.1	0	39
distilgpt2	ours	cold	3	18	1278.2	0	39
distilgpt2	ours	cold	3	19	1273.9	0	39
distilgpt2	ours	cold	3	20	1286.0	0	39
distilgpt2	ours	cold	3	21	2042.1	0	39
distilgpt2	ours	cold	3	22	1273.9	0	39
distilgpt2	ours	cold	3	23	1284.8	0	39
distilgpt2	ours	cold	3	24	1273.9	0	39
distilgpt2	ours	cold	3	25	1282.0	0	39
distilgpt2	ours	cold	3	26	1310.8	0	39
distilgpt2	ours	cold	3	27	2012.0	0	39
distilgpt2	ours	cold	3	28	1273.9	0	39
distilgpt2	ours	cold	3	29	1331.8	0	39
distilgpt2	ours	cold	3	30	1274.8	0	39
distilgpt2	ours	cold	3	31	1293.2	0	39
distilgpt2	ours	cold	3	32	1304.9	0	39
distilgpt2	ours	cold	3	33	1279.8	0	39
distilgpt2	ours	cold	3	34	2070.9	0	39
distilgpt2	ours	cold	3	35	1282.9	0	39
distilgpt2	ours	cold	3	36	1301.1	0	39
distilgpt2	ours	cold	3	37	1279.1	0	39
distilgpt2	ours	cold	3	38	1284.8	0	39
distilgpt2	ours	cold	3	39	1278.9	0	39
distilgpt2	ours	cold	3	40	1285.8	0	39
distilgpt2	ours	cold	3	41	1279.8	0	39
distilgpt2	ours	cold	3	42	2027.0	0	39
distilgpt2	ours	cold	3	43	1276.0	0	39
distilgpt2	ours	cold	3	44	1277.9	0	39
distilgpt2	ours	cold	3	45	1275.8	0	39
distilgpt2	ours	cold	3	46	1309.9	0	39
distilgpt2	ours	cold	3	47	1348.0	0	39
distilgpt2	ours	cold	3	48	1286.0	0	39
distilgpt2	ours	cold	3	49	1268.9	0	39
distilgpt2	ours	cold	3	50	1277.9	0	39
distilgpt2	ours	cold	3	51	2033.0	0	39
distilgpt2	ours	cold	3	52	1279.1	0	39
distilgpt2	ours	cold	3	53	1282.0	0	39
distilgpt2	ours	cold	3	54	1289.1	0	39
distilgpt2	ours	cold	3	55	1349.9	0	39
distilgpt2	ours	cold	3	56	1260.0	0	39
distilgpt2	ours	cold	3	57	1286.0	0	39
distilgpt2	ours	cold	3	58	1274.1	0	39
distilgpt2	ours	cold	3	59	1284.1	0	39
distilgpt2	ours	cold	3	60	1272.0	0	39
distilgpt2	ours	cold	3	61	2085.0	0	39
distilgpt2	ours	cold	3	62	1282.0	0	39
distilgpt2	ours	cold	3	63	1274.1	0	39
distilgpt2	ours	cold	3	64	1282.0	0	39
distilgpt2	ours	cold	3	65	1284.1	0	39
distilgpt2	ours	cold	3	66	1276.0	0	39
distilgpt2	ours	cold	3	67	1328.0	0	39
distilgpt2	ours	cold	3	68	1291.0	0	39
distilgpt2	ours	cold	3	69	1289.1	0	39
distilgpt2	ours	cold	3	70	1287.9	0	39
distilgpt2	ours	cold	3	71	1280.1	0	39
distilgpt2	ours	cold	3	72	2039.0	0	39
distilgpt2	ours	cold	3	73	1272.9	0	39
distilgpt2	ours	cold	3	74	1318.9	0	39
distilgpt2	ours	cold	3	75	1287.0	0	39
distilgpt2	ours	cold	3	76	1290.1	0	39
distilgpt2	ours	cold	3	77	1283.9	0	39
distilgpt2	ours	cold	3	78	1284.1	0	39
distilgpt2	ours	cold	3	79	1279.1	0	39
distilgpt2	ours	cold	3	80	1301.1	0	39
distilgpt2	ours	cold	3	81	1286.0	0	39
distilgpt2	ours	cold	3	82	1277.0	0	39
distilgpt2	ours	cold	3	83	1272.2	0	39
distilgpt2	ours	cold	3	84	2033.9	0	39
distilgpt2	ours	cold	3	85	1277.0	0	39
distilgpt2	ours	cold	3	86	1313.9	0	39
distilgpt2	ours	cold	3	87	1284.1	0	39
distilgpt2	ours	cold	3	88	1298.0	0	39
distilgpt2	ours	cold	3	89	1285.1	0	39
distilgpt2	ours	cold	3	90	1300.1	0	39
distilgpt2	ours	cold	3	91	1300.1	0	39
distilgpt2	ours	cold	3	92	1277.0	0	39
distilgpt2	ours	cold	3	93	1282.9	0	39
distilgpt2	ours	cold	3	94	1298.9	0	39
distilgpt2	ours	cold	3	95	1302.0	0	39
distilgpt2	ours	cold	3	96	1271.0	0	39
distilgpt2	ours	cold	3	97	2079.0	0	39
distilgpt2	ours	cold	3	98	1289.8	0	39
distilgpt2	ours	cold	3	99	1274.1	0	39
distilgpt2	ours	cold	3	100	1291.0	0	39
distilgpt2	ours	cold	3	101	1282.0	0	39
distilgpt2	ours	cold	3	102	1340.9	0	39
distilgpt2	ours	cold	3	103	1280.1	0	39
distilgpt2	ours	cold	3	104	1279.1	0	39
distilgpt2	ours	cold	3	105	1269.1	0	39
distilgpt2	ours	cold	3	106	1270.1	0	39
distilgpt2	ours	cold	3	107	1311.1	0	39
distilgpt2	ours	cold	3	108	1278.9	0	39
distilgpt2	ours	cold	3	109	1275.1	0	39
distilgpt2	ours	cold	3	110	1279.1	0	39
distilgpt2	ours	cold	3	111	2134.1	0	39
distilgpt2	ours	cold	3	112	1288.9	0	39
distilgpt2	ours	cold	3	113	1274.1	0	39
distilgpt2	ours	cold	3	114	1275.1	0	39
distilgpt2	ours	cold	3	115	1272.0	0	39
distilgpt2	ours	cold	3	116	1279.1	0	39
distilgpt2	ours	cold	3	117	1285.1	0	39
distilgpt2	ours	cold	3	118	1274.1	0	39
distilgpt2	ours	cold	3	119	1277.0	0	39
distilgpt2	ours	cold	3	120	1278.2	0	39
distilgpt2	ours	cold	3	121	1327.0	0	39
distilgpt2	ours	cold	3	122	1291.0	0	39
distilgpt2	ours	cold	3	123	1272.0	0	39
distilgpt2	ours	cold	3	124	1267.0	0	39
distilgpt2	ours	cold	3	125	1282.9	0	39
distilgpt2	ours	cold	3	126	2139.1	0	39
distilgpt2	ours	cold	3	127	1285.1	0	39
distilgpt2	ours	cold	3	128	1275.1	0	39
distilgpt2	ours	cold	3	129	1301.1	0	39
distilgpt2	ours	cold	3	130	1277.9	0	39
distilgpt2	ours	cold	3	131	1285.1	0	39
distilgpt2	ours	cold	3	132	1283.2	0	39
distilgpt2	ours	cold	3	133	1279.8	0	39
distilgpt2	ours	cold	3	134	1285.8	0	39
distilgpt2	ours	cold	3	135	1277.9	0	39
distilgpt2	ours	cold	3	136	1272.2	0	39
distilgpt2	ours	cold	3	137	1283.9	0	39
distilgpt2	ours	cold	3	138	1275.1	0	39
distilgpt2	ours	cold	3	139	1271.0	0	39
distilgpt2	ours	cold	3	140	1272.0	0	39
distilgpt2	ours	cold	3	141	1277.2	0	39
distilgpt2	ours	cold	3	142	1279.8	0	39
distilgpt2	ours	cold	3	143	1346.8	0	39
distilgpt2	ours	cold	3	144	1302.0	0	39
distilgpt2	ours	cold	3	145	1278.9	0	39
distilgpt2	ours	cold	3	146	1280.1	0	39
distilgpt2	ours	cold	3	147	1286.0	0	39
distilgpt2	ours	cold	3	148	2017.0	0	39
distilgpt2	ours	cold	3	149	1287.9	0	39
distilgpt2	ours	cold	3	150	1284.1	0	39
distilgpt2	ours	cold	3	151	1340.9	0	39
distilgpt2	ours	cold	3	152	1278.2	0	39
distilgpt2	ours	cold	3	153	1283.9	0	39
distilgpt2	ours	cold	3	154	1278.2	0	39
distilgpt2	ours	cold	3	155	1344.0	0	39
distilgpt2	ours	cold	3	156	1319.2	0	39
distilgpt2	ours	cold	3	157	1288.9	0	39
distilgpt2	ours	cold	3	158	1279.1	0	39
distilgpt2	ours	cold	3	159	1287.0	0	39
distilgpt2	ours	cold	3	160	1274.1	0	39
distilgpt2	ours	cold	3	161	1281.0	0	39
distilgpt2	ours	cold	3	162	1286.0	0	39
distilgpt2	ours	cold	3	163	1281.0	0	39
distilgpt2	ours	cold	3	164	1274.1	0	39
distilgpt2	ours	cold	3	165	1298.0	0	39
distilgpt2	ours	cold	3	166	2090.0	0	39
distilgpt2	ours	cold	3	167	1280.1	0	39
distilgpt2	ours	cold	3	168	1277.0	0	39
distilgpt2	ours	cold	3	169	1276.0	0	39
distilgpt2	ours	cold	3	170	1303.9	0	39
distilgpt2	ours	cold	3	171	1272.9	0	39
distilgpt2	ours	cold	3	172	1275.1	0	39
distilgpt2	ours	cold	3	173	1277.9	0	39
distilgpt2	ours	cold	3	174	1295.1	0	39
distilgpt2	ours	cold	3	175	1271.0	0	39
distilgpt2	ours	cold	3	176	1272.0	0	39
distilgpt2	ours	cold	3	177	1272.0	0	39
distilgpt2	ours	cold	3	178	1274.1	0	39
distilgpt2	ours	cold	3	179	1261.9	0	39
distilgpt2	ours	cold	3	180	1236.0	0	39
distilgpt2	ours	cold	3	181	1275.8	0	39
distilgpt2	ours	cold	3	182	1235.0	0	39
distilgpt2	ours	cold	3	183	1251.9	0	39
distilgpt2	ours	cold	3	184	1253.1	0	39
distilgpt2	ours	cold	3	185	1287.0	0	39
distilgpt2	ours	cold	3	186	1264.1	0	39
distilgpt2	ours	cold	3	187	1244.1	0	39
distilgpt2	ours	cold	3	188	1241.9	0	39
distilgpt2	ours	cold	3	189	1246.0	0	39
distilgpt2	ours	cold	3	190	1236.0	0	39
distilgpt2	ours	cold	3	191	1246.0	0	39
distilgpt2	ours	cold	3	192	2033.0	0	39
distilgpt2	ours	cold	3	193	1254.1	0	39
distilgpt2	ours	cold	3	194	1314.2	0	39
distilgpt2	ours	cold	3	195	1246.0	0	39
distilgpt2	ours	cold	3	196	1238.1	0	39
distilgpt2	ours	cold	3	197	1240.0	0	39
distilgpt2	ours	cold	3	198	1313.2	0	39
distilgpt2	ours	cold	3	199	1251.0	0	39
distilgpt2	ours	cold	3	200	1246.0	0	39
distilgpt2	ours	cold	3	201	1254.1	0	39
distilgpt2	ours	cold	3	202	1251.9	0	39
distilgpt2	ours	cold	3	203	1259.8	0	39
distilgpt2	ours	cold	3	204	1251.0	0	39
distilgpt2	ours	cold	3	205	1256.0	0	39
distilgpt2	ours	cold	3	206	1256.0	0	39
distilgpt2	ours	cold	3	207	1248.1	0	39
distilgpt2	ours	cold	3	208	1300.1	0	39
distilgpt2	ours	cold	3	209	1251.0	0	39
distilgpt2	ours	cold	3	210	1246.0	0	39
distilgpt2	ours	cold	3	211	1257.2	0	39
distilgpt2	ours	cold	3	212	1236.9	0	39
distilgpt2	ours	cold	3	213	1249.1	0	39
distilgpt2	ours	cold	3	214	1246.0	0	39
distilgpt2	ours	cold	3	215	1240.0	0	39
distilgpt2	ours	cold	3	216	2021.1	0	39
distilgpt2	ours	cold	3	217	1258.1	0	39
distilgpt2	ours	cold	3	218	1249.1	0	39
distilgpt2	ours	cold	3	219	1300.1	0	39
distilgpt2	ours	cold	3	220	1246.9	0	39
distilgpt2	ours	cold	3	221	1253.1	0	39
distilgpt2	ours	cold	3	222	1256.9	0	39
distilgpt2	ours	cold	3	223	1241.9	0	39
distilgpt2	ours	cold	3	224	1264.1	0	39
distilgpt2	ours	cold	3	225	1317.0	0	39
distilgpt2	ours	cold	3	226	1262.2	0	39
distilgpt2	ours	cold	3	227	1251.9	0	39
distilgpt2	ours	cold	3	228	1295.1	0	39
distilgpt2	ours	cold	3	229	1297.0	0	39
distilgpt2	ours	cold	3	230	1244.1	0	39
distilgpt2	ours	cold	3	231	1251.0	0	39
distilgpt2	ours	cold	3	232	1261.0	0	39
distilgpt2	ours	cold	3	233	1248.8	0	39
distilgpt2	ours	cold	3	234	1255.0	0	39
distilgpt2	ours	cold	3	235	1251.0	0	39
distilgpt2	ours	cold	3	236	1256.9	0	39
distilgpt2	ours	cold	3	237	1241.2	0	39
distilgpt2	ours	cold	3	238	1246.0	0	39
distilgpt2	ours	cold	3	239	1244.1	0	39
distilgpt2	ours	cold	3	240	1296.0	0	39
distilgpt2	ours	cold	3	241	1257.9	0	39
distilgpt2	ours	cold	3	242	1290.1	0	39
distilgpt2	ours	cold	3	243	2203.0	0	39
distilgpt2	ours	cold	3	244	1251.0	0	39
distilgpt2	ours	cold	3	245	1263.9	0	39
distilgpt2	ours	cold	3	246	1277.9	0	39
distilgpt2	ours	cold	3	247	1254.1	0	39
distilgpt2	ours	cold	3	248	1312.0	0	39
distilgpt2	ours	cold	3	249	1259.1	0	39
distilgpt2	ours	cold	3	250	1247.9	0	39
distilgpt2	ours	cold	3	251	1258.1	0	39
distilgpt2	ours	cold	3	252	1245.0	0	39
distilgpt2	ours	cold	3	253	1282.9	0	39
distilgpt2	ours	cold	3	254	1251.9	0	39
distilgpt2	ours	cold	3	255	1250.0	0	39
distilgpt2	ours	cold	3	256	1260.0	0	39
distilgpt2	ours	cold	3	257	1245.0	0	39
distilgpt2	ours	cold	3	258	1246.9	0	39
distilgpt2	ours	cold	3	259	1244.8	0	39
distilgpt2	ours	cold	3	260	1246.9	0	39
distilgpt2	ours	cold	3	261	1257.2	0	39
distilgpt2	ours	cold	3	262	1271.0	0	39
distilgpt2	ours	cold	3	263	1234.1	0	39
distilgpt2	ours	cold	3	264	1249.1	0	39
distilgpt2	ours	cold	3	265	1247.9	0	39
distilgpt2	ours	cold	3	266	1253.1	0	39
distilgpt2	ours	cold	3	267	1231.9	0	39
distilgpt2	ours	cold	3	268	1261.9	0	39
distilgpt2	ours	cold	3	269	1237.9	0	39
distilgpt2	ours	cold	3	270	1251.0	0	39
distilgpt2	ours	cold	3	271	1246.0	0	39
distilgpt2	ours	cold	3	272	1283.2	0	39
distilgpt2	ours	cold	3	273	1245.0	0	39
distilgpt2	ours	cold	3	274	1296.0	0	39
distilgpt2	ours	cold	3	275	2063.0	0	39
distilgpt2	ours	cold	3	276	1242.2	0	39
distilgpt2	ours	cold	3	277	1258.9	0	39
distilgpt2	ours	cold	3	278	1259.8	0	39
distilgpt2	ours	cold	3	279	1262.9	0	39
distilgpt2	ours	cold	3	280	1259.1	0	39
distilgpt2	ours	cold	3	281	1229.0	0	39
distilgpt2	ours	cold	3	282	1260.0	0	39
distilgpt2	ours	cold	3	283	1307.0	0	39
distilgpt2	ours	cold	3	284	1254.1	0	39
distilgpt2	ours	cold	3	285	1244.1	0	39
distilgpt2	ours	cold	3	286	1272.9	0	39
distilgpt2	ours	cold	3	287	1239.8	0	39
distilgpt2	ours	cold	3	288	1241.9	0	39
distilgpt2	ours	cold	3	289	1250.0	0	39
distilgpt2	ours	cold	3	290	1273.2	0	39
distilgpt2	ours	cold	3	291	1266.0	0	39
distilgpt2	ours	cold	3	292	1244.1	0	39
distilgpt2	ours	cold	3	293	1256.0	0	39
distilgpt2	ours	cold	3	294	1288.9	0	39
distilgpt2	ours	cold	3	295	1235.0	0	39
distilgpt2	ours	cold	3	296	1257.9	0	39
distilgpt2	ours	cold	3	297	1248.1	0	39
distilgpt2	ours	cold	3	298	1272.0	0	39
distilgpt2	ours	cold	3	299	1248.1	0	39
distilgpt2	torch-compile	cold	3	0	3987134.5		
distilgpt2	torch-compile	cold	3	1	1593.6		
distilgpt2	torch-compile	cold	3	2	1439.1		
distilgpt2	torch-compile	cold	3	3	1453.2		
distilgpt2	torch-compile	cold	3	4	1464.8		
distilgpt2	torch-compile	cold	3	5	1434.1		
distilgpt2	torch-compile	cold	3	6	1449.8		
distilgpt2	torch-compile	cold	3	7	1432.4		
distilgpt2	torch-compile	cold	3	8	1426.2		
distilgpt2	torch-compile	cold	3	9	1424.8		
distilgpt2	torch-compile	cold	3	10	1437.4		
distilgpt2	torch-compile	cold	3	11	1440.0		
distilgpt2	torch-compile	cold	3	12	1435.3		
distilgpt2	torch-compile	cold	3	13	1435.5		
distilgpt2	torch-compile	cold	3	14	1434.1		
distilgpt2	torch-compile	cold	3	15	1433.8		
distilgpt2	torch-compile	cold	3	16	1422.2		
distilgpt2	torch-compile	cold	3	17	1433.4		
distilgpt2	torch-compile	cold	3	18	1421.7		
distilgpt2	torch-compile	cold	3	19	1430.3		
distilgpt2	torch-compile	cold	3	20	1442.9		
distilgpt2	torch-compile	cold	3	21	1440.0		
distilgpt2	torch-compile	cold	3	22	1442.2		
distilgpt2	torch-compile	cold	3	23	1424.3		
distilgpt2	torch-compile	cold	3	24	1436.5		
distilgpt2	torch-compile	cold	3	25	1448.4		
distilgpt2	torch-compile	cold	3	26	1436.0		
distilgpt2	torch-compile	cold	3	27	1431.7		
distilgpt2	torch-compile	cold	3	28	1447.0		
distilgpt2	torch-compile	cold	3	29	1446.2		
distilgpt2	torch-compile	cold	3	30	1448.4		
distilgpt2	torch-compile	cold	3	31	1433.4		
distilgpt2	torch-compile	cold	3	32	1420.0		
distilgpt2	torch-compile	cold	3	33	1468.2		
distilgpt2	torch-compile	cold	3	34	1429.1		
distilgpt2	torch-compile	cold	3	35	1448.2		
distilgpt2	torch-compile	cold	3	36	1440.3		
distilgpt2	torch-compile	cold	3	37	1451.7		
distilgpt2	torch-compile	cold	3	38	1445.5		
distilgpt2	torch-compile	cold	3	39	1417.6		
distilgpt2	torch-compile	cold	3	40	1490.6		
distilgpt2	torch-compile	cold	3	41	1432.7		
distilgpt2	torch-compile	cold	3	42	1452.0		
distilgpt2	torch-compile	cold	3	43	1428.1		
distilgpt2	torch-compile	cold	3	44	1455.3		
distilgpt2	torch-compile	cold	3	45	1456.3		
distilgpt2	torch-compile	cold	3	46	1440.5		
distilgpt2	torch-compile	cold	3	47	1494.4		
distilgpt2	torch-compile	cold	3	48	1416.7		
distilgpt2	torch-compile	cold	3	49	1436.0		
distilgpt2	torch-compile	cold	3	50	1445.8		
distilgpt2	torch-compile	cold	3	51	1447.9		
distilgpt2	torch-compile	cold	3	52	1425.3		
distilgpt2	torch-compile	cold	3	53	1417.2		
distilgpt2	torch-compile	cold	3	54	1439.8		
distilgpt2	torch-compile	cold	3	55	1436.5		
distilgpt2	torch-compile	cold	3	56	1439.3		
distilgpt2	torch-compile	cold	3	57	1445.3		
distilgpt2	torch-compile	cold	3	58	1514.0		
distilgpt2	torch-compile	cold	3	59	1433.4		
distilgpt2	torch-compile	cold	3	60	1451.0		
distilgpt2	torch-compile	cold	3	61	1433.8		
distilgpt2	torch-compile	cold	3	62	1424.6		
distilgpt2	torch-compile	cold	3	63	1429.1		
distilgpt2	torch-compile	cold	3	64	1456.7		
distilgpt2	torch-compile	cold	3	65	1439.3		
distilgpt2	torch-compile	cold	3	66	1414.3		
distilgpt2	torch-compile	cold	3	67	1453.6		
distilgpt2	torch-compile	cold	3	68	1429.3		
distilgpt2	torch-compile	cold	3	69	1425.5		
distilgpt2	torch-compile	cold	3	70	1445.5		
distilgpt2	torch-compile	cold	3	71	1412.9		
distilgpt2	torch-compile	cold	3	72	1428.4		
distilgpt2	torch-compile	cold	3	73	1434.1		
distilgpt2	torch-compile	cold	3	74	1447.2		
distilgpt2	torch-compile	cold	3	75	1438.9		
distilgpt2	torch-compile	cold	3	76	1455.8		
distilgpt2	torch-compile	cold	3	77	1450.3		
distilgpt2	torch-compile	cold	3	78	1434.3		
distilgpt2	torch-compile	cold	3	79	1447.0		
distilgpt2	torch-compile	cold	3	80	1416.7		
distilgpt2	torch-compile	cold	3	81	1413.6		
distilgpt2	torch-compile	cold	3	82	1418.6		
distilgpt2	torch-compile	cold	3	83	1478.4		
distilgpt2	torch-compile	cold	3	84	1422.2		
distilgpt2	torch-compile	cold	3	85	1422.2		
distilgpt2	torch-compile	cold	3	86	1447.7		
distilgpt2	torch-compile	cold	3	87	1416.2		
distilgpt2	torch-compile	cold	3	88	1407.9		
distilgpt2	torch-compile	cold	3	89	1448.2		
distilgpt2	torch-compile	cold	3	90	1449.1		
distilgpt2	torch-compile	cold	3	91	1414.1		
distilgpt2	torch-compile	cold	3	92	1433.8		
distilgpt2	torch-compile	cold	3	93	1450.1		
distilgpt2	torch-compile	cold	3	94	1416.9		
distilgpt2	torch-compile	cold	3	95	1430.0		
distilgpt2	torch-compile	cold	3	96	1491.3		
distilgpt2	torch-compile	cold	3	97	1421.9		
distilgpt2	torch-compile	cold	3	98	1423.8		
distilgpt2	torch-compile	cold	3	99	1444.3		
distilgpt2	torch-compile	cold	3	100	1483.2		
distilgpt2	torch-compile	cold	3	101	1502.3		
distilgpt2	torch-compile	cold	3	102	1424.3		
distilgpt2	torch-compile	cold	3	103	1424.6		
distilgpt2	torch-compile	cold	3	104	1410.5		
distilgpt2	torch-compile	cold	3	105	1425.0		
distilgpt2	torch-compile	cold	3	106	1422.2		
distilgpt2	torch-compile	cold	3	107	1445.1		
distilgpt2	torch-compile	cold	3	108	1443.4		
distilgpt2	torch-compile	cold	3	109	1430.0		
distilgpt2	torch-compile	cold	3	110	1430.0		
distilgpt2	torch-compile	cold	3	111	1418.8		
distilgpt2	torch-compile	cold	3	112	1442.7		
distilgpt2	torch-compile	cold	3	113	1462.9		
distilgpt2	torch-compile	cold	3	114	1479.9		
distilgpt2	torch-compile	cold	3	115	1430.5		
distilgpt2	torch-compile	cold	3	116	1417.4		
distilgpt2	torch-compile	cold	3	117	1420.0		
distilgpt2	torch-compile	cold	3	118	1432.9		
distilgpt2	torch-compile	cold	3	119	1418.6		
distilgpt2	torch-compile	cold	3	120	1453.6		
distilgpt2	torch-compile	cold	3	121	1423.4		
distilgpt2	torch-compile	cold	3	122	1382.6		
distilgpt2	torch-compile	cold	3	123	1464.1		
distilgpt2	torch-compile	cold	3	124	1382.1		
distilgpt2	torch-compile	cold	3	125	1381.2		
distilgpt2	torch-compile	cold	3	126	1380.0		
distilgpt2	torch-compile	cold	3	127	1391.2		
distilgpt2	torch-compile	cold	3	128	1375.2		
distilgpt2	torch-compile	cold	3	129	1416.9		
distilgpt2	torch-compile	cold	3	130	1377.3		
distilgpt2	torch-compile	cold	3	131	1383.1		
distilgpt2	torch-compile	cold	3	132	1401.4		
distilgpt2	torch-compile	cold	3	133	1380.2		
distilgpt2	torch-compile	cold	3	134	1400.7		
distilgpt2	torch-compile	cold	3	135	1419.8		
distilgpt2	torch-compile	cold	3	136	1404.0		
distilgpt2	torch-compile	cold	3	137	1446.0		
distilgpt2	torch-compile	cold	3	138	1372.3		
distilgpt2	torch-compile	cold	3	139	1385.0		
distilgpt2	torch-compile	cold	3	140	1379.5		
distilgpt2	torch-compile	cold	3	141	1396.9		
distilgpt2	torch-compile	cold	3	142	1374.2		
distilgpt2	torch-compile	cold	3	143	1403.6		
distilgpt2	torch-compile	cold	3	144	1379.7		
distilgpt2	torch-compile	cold	3	145	1383.3		
distilgpt2	torch-compile	cold	3	146	1388.1		
distilgpt2	torch-compile	cold	3	147	1411.7		
distilgpt2	torch-compile	cold	3	148	1415.5		
distilgpt2	torch-compile	cold	3	149	1400.0		
distilgpt2	torch-compile	cold	3	150	1406.4		
distilgpt2	torch-compile	cold	3	151	1407.4		
distilgpt2	torch-compile	cold	3	152	1399.8		
distilgpt2	torch-compile	cold	3	153	1391.2		
distilgpt2	torch-compile	cold	3	154	1383.5		
distilgpt2	torch-compile	cold	3	155	1389.5		
distilgpt2	torch-compile	cold	3	156	1373.5		
distilgpt2	torch-compile	cold	3	157	1422.9		
distilgpt2	torch-compile	cold	3	158	1398.1		
distilgpt2	torch-compile	cold	3	159	1404.5		
distilgpt2	torch-compile	cold	3	160	1384.3		
distilgpt2	torch-compile	cold	3	161	1414.3		
distilgpt2	torch-compile	cold	3	162	1409.1		
distilgpt2	torch-compile	cold	3	163	1390.9		
distilgpt2	torch-compile	cold	3	164	1440.3		
distilgpt2	torch-compile	cold	3	165	1403.6		
distilgpt2	torch-compile	cold	3	166	1407.9		
distilgpt2	torch-compile	cold	3	167	1406.0		
distilgpt2	torch-compile	cold	3	168	1381.2		
distilgpt2	torch-compile	cold	3	169	1431.9		
distilgpt2	torch-compile	cold	3	170	1383.1		
distilgpt2	torch-compile	cold	3	171	1404.8		
distilgpt2	torch-compile	cold	3	172	1396.7		
distilgpt2	torch-compile	cold	3	173	1377.6		
distilgpt2	torch-compile	cold	3	174	1417.6		
distilgpt2	torch-compile	cold	3	175	1386.2		
distilgpt2	torch-compile	cold	3	176	1386.2		
distilgpt2	torch-compile	cold	3	177	1376.6		
distilgpt2	torch-compile	cold	3	178	1377.1		
distilgpt2	torch-compile	cold	3	179	1387.4		
distilgpt2	torch-compile	cold	3	180	1385.2		
distilgpt2	torch-compile	cold	3	181	1395.5		
distilgpt2	torch-compile	cold	3	182	1391.9		
distilgpt2	torch-compile	cold	3	183	1382.8		
distilgpt2	torch-compile	cold	3	184	1383.3		
distilgpt2	torch-compile	cold	3	185	1383.1		
distilgpt2	torch-compile	cold	3	186	1405.2		
distilgpt2	torch-compile	cold	3	187	1377.6		
distilgpt2	torch-compile	cold	3	188	1478.0		
distilgpt2	torch-compile	cold	3	189	1404.8		
distilgpt2	torch-compile	cold	3	190	1444.8		
distilgpt2	torch-compile	cold	3	191	1372.8		
distilgpt2	torch-compile	cold	3	192	1436.7		
distilgpt2	torch-compile	cold	3	193	1384.7		
distilgpt2	torch-compile	cold	3	194	1391.6		
distilgpt2	torch-compile	cold	3	195	1409.5		
distilgpt2	torch-compile	cold	3	196	1375.9		
distilgpt2	torch-compile	cold	3	197	1411.4		
distilgpt2	torch-compile	cold	3	198	1398.6		
distilgpt2	torch-compile	cold	3	199	1388.8		
distilgpt2	torch-compile	cold	3	200	1374.2		
distilgpt2	torch-compile	cold	3	201	1379.5		
distilgpt2	torch-compile	cold	3	202	1384.5		
distilgpt2	torch-compile	cold	3	203	1370.2		
distilgpt2	torch-compile	cold	3	204	1384.3		
distilgpt2	torch-compile	cold	3	205	1385.7		
distilgpt2	torch-compile	cold	3	206	1388.3		
distilgpt2	torch-compile	cold	3	207	1390.5		
distilgpt2	torch-compile	cold	3	208	1374.0		
distilgpt2	torch-compile	cold	3	209	1393.8		
distilgpt2	torch-compile	cold	3	210	1391.6		
distilgpt2	torch-compile	cold	3	211	1396.2		
distilgpt2	torch-compile	cold	3	212	1403.6		
distilgpt2	torch-compile	cold	3	213	1381.4		
distilgpt2	torch-compile	cold	3	214	1394.0		
distilgpt2	torch-compile	cold	3	215	1405.5		
distilgpt2	torch-compile	cold	3	216	1399.0		
distilgpt2	torch-compile	cold	3	217	1411.0		
distilgpt2	torch-compile	cold	3	218	1388.3		
distilgpt2	torch-compile	cold	3	219	1394.0		
distilgpt2	torch-compile	cold	3	220	1372.3		
distilgpt2	torch-compile	cold	3	221	1397.4		
distilgpt2	torch-compile	cold	3	222	1409.3		
distilgpt2	torch-compile	cold	3	223	1425.7		
distilgpt2	torch-compile	cold	3	224	1402.9		
distilgpt2	torch-compile	cold	3	225	1409.8		
distilgpt2	torch-compile	cold	3	226	1391.9		
distilgpt2	torch-compile	cold	3	227	1415.5		
distilgpt2	torch-compile	cold	3	228	1369.0		
distilgpt2	torch-compile	cold	3	229	1379.3		
distilgpt2	torch-compile	cold	3	230	1389.7		
distilgpt2	torch-compile	cold	3	231	1390.9		
distilgpt2	torch-compile	cold	3	232	1397.6		
distilgpt2	torch-compile	cold	3	233	1381.9		
distilgpt2	torch-compile	cold	3	234	1402.1		
distilgpt2	torch-compile	cold	3	235	1382.8		
distilgpt2	torch-compile	cold	3	236	1440.0		
distilgpt2	torch-compile	cold	3	237	1425.5		
distilgpt2	torch-compile	cold	3	238	1397.4		
distilgpt2	torch-compile	cold	3	239	1385.7		
distilgpt2	torch-compile	cold	3	240	1389.3		
distilgpt2	torch-compile	cold	3	241	1384.0		
distilgpt2	torch-compile	cold	3	242	1409.3		
distilgpt2	torch-compile	cold	3	243	1403.3		
distilgpt2	torch-compile	cold	3	244	1394.3		
distilgpt2	torch-compile	cold	3	245	1405.0		
distilgpt2	torch-compile	cold	3	246	1385.0		
distilgpt2	torch-compile	cold	3	247	1398.8		
distilgpt2	torch-compile	cold	3	248	1386.6		
distilgpt2	torch-compile	cold	3	249	1400.2		
distilgpt2	torch-compile	cold	3	250	1378.1		
distilgpt2	torch-compile	cold	3	251	1451.7		
distilgpt2	torch-compile	cold	3	252	1397.8		
distilgpt2	torch-compile	cold	3	253	1416.9		
distilgpt2	torch-compile	cold	3	254	1395.0		
distilgpt2	torch-compile	cold	3	255	1439.8		
distilgpt2	torch-compile	cold	3	256	1439.6		
distilgpt2	torch-compile	cold	3	257	1390.2		
distilgpt2	torch-compile	cold	3	258	1411.7		
distilgpt2	torch-compile	cold	3	259	1406.7		
distilgpt2	torch-compile	cold	3	260	1381.2		
distilgpt2	torch-compile	cold	3	261	1404.0		
distilgpt2	torch-compile	cold	3	262	1391.4		
distilgpt2	torch-compile	cold	3	263	1408.8		
distilgpt2	torch-compile	cold	3	264	1411.4		
distilgpt2	torch-compile	cold	3	265	1433.8		
distilgpt2	torch-compile	cold	3	266	1452.7		
distilgpt2	torch-compile	cold	3	267	1402.9		
distilgpt2	torch-compile	cold	3	268	1389.0		
distilgpt2	torch-compile	cold	3	269	1396.9		
distilgpt2	torch-compile	cold	3	270	1391.4		
distilgpt2	torch-compile	cold	3	271	1401.2		
distilgpt2	torch-compile	cold	3	272	1382.1		
distilgpt2	torch-compile	cold	3	273	1410.7		
distilgpt2	torch-compile	cold	3	274	1431.9		
distilgpt2	torch-compile	cold	3	275	1445.1		
distilgpt2	torch-compile	cold	3	276	1409.8		
distilgpt2	torch-compile	cold	3	277	1383.8		
distilgpt2	torch-compile	cold	3	278	1411.2		
distilgpt2	torch-compile	cold	3	279	1411.4		
distilgpt2	torch-compile	cold	3	280	1398.6		
distilgpt2	torch-compile	cold	3	281	1420.7		
distilgpt2	torch-compile	cold	3	282	1372.8		
distilgpt2	torch-compile	cold	3	283	1445.1		
distilgpt2	torch-compile	cold	3	284	1451.3		
distilgpt2	torch-compile	cold	3	285	1444.6		
distilgpt2	torch-compile	cold	3	286	1457.7		
distilgpt2	torch-compile	cold	3	287	1387.8		
distilgpt2	torch-compile	cold	3	288	1460.3		
distilgpt2	torch-compile	cold	3	289	1393.1		
distilgpt2	torch-compile	cold	3	290	1403.1		
distilgpt2	torch-compile	cold	3	291	1446.2		
distilgpt2	torch-compile	cold	3	292	1447.0		
distilgpt2	torch-compile	cold	3	293	1418.1		
distilgpt2	torch-compile	cold	3	294	1402.1		
distilgpt2	torch-compile	cold	3	295	1406.9		
distilgpt2	torch-compile	cold	3	296	1381.4		
distilgpt2	torch-compile	cold	3	297	1383.3		
distilgpt2	torch-compile	cold	3	298	1381.2		
distilgpt2	torch-compile	cold	3	299	1435.5		
distilgpt2	torch-compile-ro	cold	3	0	3282156.2		
distilgpt2	torch-compile-ro	cold	3	1	27916.7		
distilgpt2	torch-compile-ro	cold	3	2	1654.4		
distilgpt2	torch-compile-ro	cold	3	3	1521.8		
distilgpt2	torch-compile-ro	cold	3	4	1390.5		
distilgpt2	torch-compile-ro	cold	3	5	1394.3		
distilgpt2	torch-compile-ro	cold	3	6	1429.8		
distilgpt2	torch-compile-ro	cold	3	7	1388.5		
distilgpt2	torch-compile-ro	cold	3	8	1381.6		
distilgpt2	torch-compile-ro	cold	3	9	1377.1		
distilgpt2	torch-compile-ro	cold	3	10	1353.7		
distilgpt2	torch-compile-ro	cold	3	11	1339.7		
distilgpt2	torch-compile-ro	cold	3	12	1345.6		
distilgpt2	torch-compile-ro	cold	3	13	1356.4		
distilgpt2	torch-compile-ro	cold	3	14	1349.9		
distilgpt2	torch-compile-ro	cold	3	15	1338.2		
distilgpt2	torch-compile-ro	cold	3	16	1361.6		
distilgpt2	torch-compile-ro	cold	3	17	1355.2		
distilgpt2	torch-compile-ro	cold	3	18	1334.7		
distilgpt2	torch-compile-ro	cold	3	19	1327.0		
distilgpt2	torch-compile-ro	cold	3	20	1363.8		
distilgpt2	torch-compile-ro	cold	3	21	1343.7		
distilgpt2	torch-compile-ro	cold	3	22	1368.0		
distilgpt2	torch-compile-ro	cold	3	23	1353.3		
distilgpt2	torch-compile-ro	cold	3	24	1359.5		
distilgpt2	torch-compile-ro	cold	3	25	1353.3		
distilgpt2	torch-compile-ro	cold	3	26	1357.8		
distilgpt2	torch-compile-ro	cold	3	27	1348.5		
distilgpt2	torch-compile-ro	cold	3	28	1330.1		
distilgpt2	torch-compile-ro	cold	3	29	1331.1		
distilgpt2	torch-compile-ro	cold	3	30	1337.3		
distilgpt2	torch-compile-ro	cold	3	31	1332.3		
distilgpt2	torch-compile-ro	cold	3	32	1336.1		
distilgpt2	torch-compile-ro	cold	3	33	1335.6		
distilgpt2	torch-compile-ro	cold	3	34	1336.8		
distilgpt2	torch-compile-ro	cold	3	35	1354.7		
distilgpt2	torch-compile-ro	cold	3	36	1345.6		
distilgpt2	torch-compile-ro	cold	3	37	1322.5		
distilgpt2	torch-compile-ro	cold	3	38	1337.3		
distilgpt2	torch-compile-ro	cold	3	39	1343.0		
distilgpt2	torch-compile-ro	cold	3	40	1332.3		
distilgpt2	torch-compile-ro	cold	3	41	1390.9		
distilgpt2	torch-compile-ro	cold	3	42	1328.0		
distilgpt2	torch-compile-ro	cold	3	43	1333.0		
distilgpt2	torch-compile-ro	cold	3	44	1334.2		
distilgpt2	torch-compile-ro	cold	3	45	1320.1		
distilgpt2	torch-compile-ro	cold	3	46	1324.4		
distilgpt2	torch-compile-ro	cold	3	47	1343.0		
distilgpt2	torch-compile-ro	cold	3	48	1328.7		
distilgpt2	torch-compile-ro	cold	3	49	1336.1		
distilgpt2	torch-compile-ro	cold	3	50	1333.5		
distilgpt2	torch-compile-ro	cold	3	51	1326.8		
distilgpt2	torch-compile-ro	cold	3	52	1390.9		
distilgpt2	torch-compile-ro	cold	3	53	1317.5		
distilgpt2	torch-compile-ro	cold	3	54	1318.0		
distilgpt2	torch-compile-ro	cold	3	55	1383.8		
distilgpt2	torch-compile-ro	cold	3	56	1373.3		
distilgpt2	torch-compile-ro	cold	3	57	1397.4		
distilgpt2	torch-compile-ro	cold	3	58	1327.0		
distilgpt2	torch-compile-ro	cold	3	59	1344.9		
distilgpt2	torch-compile-ro	cold	3	60	1327.3		
distilgpt2	torch-compile-ro	cold	3	61	1342.5		
distilgpt2	torch-compile-ro	cold	3	62	1325.8		
distilgpt2	torch-compile-ro	cold	3	63	1354.7		
distilgpt2	torch-compile-ro	cold	3	64	1393.6		
distilgpt2	torch-compile-ro	cold	3	65	1338.7		
distilgpt2	torch-compile-ro	cold	3	66	1336.1		
distilgpt2	torch-compile-ro	cold	3	67	1334.4		
distilgpt2	torch-compile-ro	cold	3	68	1340.2		
distilgpt2	torch-compile-ro	cold	3	69	1319.6		
distilgpt2	torch-compile-ro	cold	3	70	1342.1		
distilgpt2	torch-compile-ro	cold	3	71	1335.9		
distilgpt2	torch-compile-ro	cold	3	72	1322.7		
distilgpt2	torch-compile-ro	cold	3	73	1339.2		
distilgpt2	torch-compile-ro	cold	3	74	1365.4		
distilgpt2	torch-compile-ro	cold	3	75	1327.3		
distilgpt2	torch-compile-ro	cold	3	76	1343.0		
distilgpt2	torch-compile-ro	cold	3	77	1332.3		
distilgpt2	torch-compile-ro	cold	3	78	1367.1		
distilgpt2	torch-compile-ro	cold	3	79	1366.9		
distilgpt2	torch-compile-ro	cold	3	80	1343.0		
distilgpt2	torch-compile-ro	cold	3	81	1349.2		
distilgpt2	torch-compile-ro	cold	3	82	1361.6		
distilgpt2	torch-compile-ro	cold	3	83	1338.0		
distilgpt2	torch-compile-ro	cold	3	84	1349.2		
distilgpt2	torch-compile-ro	cold	3	85	1357.1		
distilgpt2	torch-compile-ro	cold	3	86	1340.2		
distilgpt2	torch-compile-ro	cold	3	87	1394.7		
distilgpt2	torch-compile-ro	cold	3	88	1334.9		
distilgpt2	torch-compile-ro	cold	3	89	1322.5		
distilgpt2	torch-compile-ro	cold	3	90	1364.7		
distilgpt2	torch-compile-ro	cold	3	91	1396.2		
distilgpt2	torch-compile-ro	cold	3	92	1322.0		
distilgpt2	torch-compile-ro	cold	3	93	1343.7		
distilgpt2	torch-compile-ro	cold	3	94	1345.6		
distilgpt2	torch-compile-ro	cold	3	95	1357.1		
distilgpt2	torch-compile-ro	cold	3	96	1344.2		
distilgpt2	torch-compile-ro	cold	3	97	1395.0		
distilgpt2	torch-compile-ro	cold	3	98	1319.9		
distilgpt2	torch-compile-ro	cold	3	99	1323.9		
distilgpt2	torch-compile-ro	cold	3	100	1335.4		
distilgpt2	torch-compile-ro	cold	3	101	1346.6		
distilgpt2	torch-compile-ro	cold	3	102	1400.7		
distilgpt2	torch-compile-ro	cold	3	103	1321.1		
distilgpt2	torch-compile-ro	cold	3	104	1354.2		
distilgpt2	torch-compile-ro	cold	3	105	1327.0		
distilgpt2	torch-compile-ro	cold	3	106	1331.6		
distilgpt2	torch-compile-ro	cold	3	107	1355.6		
distilgpt2	torch-compile-ro	cold	3	108	1351.1		
distilgpt2	torch-compile-ro	cold	3	109	1323.7		
distilgpt2	torch-compile-ro	cold	3	110	1356.1		
distilgpt2	torch-compile-ro	cold	3	111	1319.4		
distilgpt2	torch-compile-ro	cold	3	112	1331.1		
distilgpt2	torch-compile-ro	cold	3	113	1340.6		
distilgpt2	torch-compile-ro	cold	3	114	1340.4		
distilgpt2	torch-compile-ro	cold	3	115	1350.4		
distilgpt2	torch-compile-ro	cold	3	116	1339.9		
distilgpt2	torch-compile-ro	cold	3	117	1324.9		
distilgpt2	torch-compile-ro	cold	3	118	1348.0		
distilgpt2	torch-compile-ro	cold	3	119	1339.7		
distilgpt2	torch-compile-ro	cold	3	120	1346.1		
distilgpt2	torch-compile-ro	cold	3	121	1338.7		
distilgpt2	torch-compile-ro	cold	3	122	1341.3		
distilgpt2	torch-compile-ro	cold	3	123	1334.0		
distilgpt2	torch-compile-ro	cold	3	124	1326.3		
distilgpt2	torch-compile-ro	cold	3	125	1352.1		
distilgpt2	torch-compile-ro	cold	3	126	1322.7		
distilgpt2	torch-compile-ro	cold	3	127	1340.6		
distilgpt2	torch-compile-ro	cold	3	128	1333.2		
distilgpt2	torch-compile-ro	cold	3	129	1384.5		
distilgpt2	torch-compile-ro	cold	3	130	1329.7		
distilgpt2	torch-compile-ro	cold	3	131	1345.9		
distilgpt2	torch-compile-ro	cold	3	132	1331.3		
distilgpt2	torch-compile-ro	cold	3	133	1335.6		
distilgpt2	torch-compile-ro	cold	3	134	1328.9		
distilgpt2	torch-compile-ro	cold	3	135	1333.5		
distilgpt2	torch-compile-ro	cold	3	136	1341.8		
distilgpt2	torch-compile-ro	cold	3	137	1330.4		
distilgpt2	torch-compile-ro	cold	3	138	1389.3		
distilgpt2	torch-compile-ro	cold	3	139	1321.3		
distilgpt2	torch-compile-ro	cold	3	140	1317.5		
distilgpt2	torch-compile-ro	cold	3	141	1340.2		
distilgpt2	torch-compile-ro	cold	3	142	1316.5		
distilgpt2	torch-compile-ro	cold	3	143	1326.8		
distilgpt2	torch-compile-ro	cold	3	144	1334.4		
distilgpt2	torch-compile-ro	cold	3	145	1336.6		
distilgpt2	torch-compile-ro	cold	3	146	1319.2		
distilgpt2	torch-compile-ro	cold	3	147	1330.1		
distilgpt2	torch-compile-ro	cold	3	148	1341.6		
distilgpt2	torch-compile-ro	cold	3	149	1353.0		
distilgpt2	torch-compile-ro	cold	3	150	1323.2		
distilgpt2	torch-compile-ro	cold	3	151	1372.8		
distilgpt2	torch-compile-ro	cold	3	152	1325.1		
distilgpt2	torch-compile-ro	cold	3	153	1324.9		
distilgpt2	torch-compile-ro	cold	3	154	1340.9		
distilgpt2	torch-compile-ro	cold	3	155	1333.7		
distilgpt2	torch-compile-ro	cold	3	156	1353.7		
distilgpt2	torch-compile-ro	cold	3	157	1358.3		
distilgpt2	torch-compile-ro	cold	3	158	1371.1		
distilgpt2	torch-compile-ro	cold	3	159	1331.3		
distilgpt2	torch-compile-ro	cold	3	160	1370.0		
distilgpt2	torch-compile-ro	cold	3	161	1313.0		
distilgpt2	torch-compile-ro	cold	3	162	1374.0		
distilgpt2	torch-compile-ro	cold	3	163	1365.4		
distilgpt2	torch-compile-ro	cold	3	164	1361.8		
distilgpt2	torch-compile-ro	cold	3	165	1341.8		
distilgpt2	torch-compile-ro	cold	3	166	1336.8		
distilgpt2	torch-compile-ro	cold	3	167	1327.0		
distilgpt2	torch-compile-ro	cold	3	168	1334.2		
distilgpt2	torch-compile-ro	cold	3	169	1328.2		
distilgpt2	torch-compile-ro	cold	3	170	1324.2		
distilgpt2	torch-compile-ro	cold	3	171	1325.4		
distilgpt2	torch-compile-ro	cold	3	172	1377.8		
distilgpt2	torch-compile-ro	cold	3	173	1307.2		
distilgpt2	torch-compile-ro	cold	3	174	1322.3		
distilgpt2	torch-compile-ro	cold	3	175	1349.9		
distilgpt2	torch-compile-ro	cold	3	176	1320.4		
distilgpt2	torch-compile-ro	cold	3	177	1352.8		
distilgpt2	torch-compile-ro	cold	3	178	1328.9		
distilgpt2	torch-compile-ro	cold	3	179	1330.9		
distilgpt2	torch-compile-ro	cold	3	180	1343.5		
distilgpt2	torch-compile-ro	cold	3	181	1344.0		
distilgpt2	torch-compile-ro	cold	3	182	1321.6		
distilgpt2	torch-compile-ro	cold	3	183	1314.2		
distilgpt2	torch-compile-ro	cold	3	184	1324.9		
distilgpt2	torch-compile-ro	cold	3	185	1353.5		
distilgpt2	torch-compile-ro	cold	3	186	1346.8		
distilgpt2	torch-compile-ro	cold	3	187	1327.5		
distilgpt2	torch-compile-ro	cold	3	188	1367.3		
distilgpt2	torch-compile-ro	cold	3	189	1330.9		
distilgpt2	torch-compile-ro	cold	3	190	1324.2		
distilgpt2	torch-compile-ro	cold	3	191	1335.4		
distilgpt2	torch-compile-ro	cold	3	192	1329.9		
distilgpt2	torch-compile-ro	cold	3	193	1326.8		
distilgpt2	torch-compile-ro	cold	3	194	1317.5		
distilgpt2	torch-compile-ro	cold	3	195	1318.7		
distilgpt2	torch-compile-ro	cold	3	196	1319.9		
distilgpt2	torch-compile-ro	cold	3	197	1371.9		
distilgpt2	torch-compile-ro	cold	3	198	1327.3		
distilgpt2	torch-compile-ro	cold	3	199	1324.9		
distilgpt2	torch-compile-ro	cold	3	200	1287.7		
distilgpt2	torch-compile-ro	cold	3	201	1284.6		
distilgpt2	torch-compile-ro	cold	3	202	1292.2		
distilgpt2	torch-compile-ro	cold	3	203	1301.3		
distilgpt2	torch-compile-ro	cold	3	204	1296.0		
distilgpt2	torch-compile-ro	cold	3	205	1288.4		
distilgpt2	torch-compile-ro	cold	3	206	1294.4		
distilgpt2	torch-compile-ro	cold	3	207	1283.4		
distilgpt2	torch-compile-ro	cold	3	208	1289.1		
distilgpt2	torch-compile-ro	cold	3	209	1298.9		
distilgpt2	torch-compile-ro	cold	3	210	1314.2		
distilgpt2	torch-compile-ro	cold	3	211	1280.3		
distilgpt2	torch-compile-ro	cold	3	212	1305.8		
distilgpt2	torch-compile-ro	cold	3	213	1317.7		
distilgpt2	torch-compile-ro	cold	3	214	1317.0		
distilgpt2	torch-compile-ro	cold	3	215	1300.3		
distilgpt2	torch-compile-ro	cold	3	216	1287.7		
distilgpt2	torch-compile-ro	cold	3	217	1301.8		
distilgpt2	torch-compile-ro	cold	3	218	1308.0		
distilgpt2	torch-compile-ro	cold	3	219	1295.3		
distilgpt2	torch-compile-ro	cold	3	220	1300.3		
distilgpt2	torch-compile-ro	cold	3	221	1309.9		
distilgpt2	torch-compile-ro	cold	3	222	1336.3		
distilgpt2	torch-compile-ro	cold	3	223	1300.3		
distilgpt2	torch-compile-ro	cold	3	224	1290.6		
distilgpt2	torch-compile-ro	cold	3	225	1340.9		
distilgpt2	torch-compile-ro	cold	3	226	1295.6		
distilgpt2	torch-compile-ro	cold	3	227	1303.0		
distilgpt2	torch-compile-ro	cold	3	228	1308.4		
distilgpt2	torch-compile-ro	cold	3	229	1320.4		
distilgpt2	torch-compile-ro	cold	3	230	1296.3		
distilgpt2	torch-compile-ro	cold	3	231	1331.1		
distilgpt2	torch-compile-ro	cold	3	232	1315.6		
distilgpt2	torch-compile-ro	cold	3	233	1284.8		
distilgpt2	torch-compile-ro	cold	3	234	1301.3		
distilgpt2	torch-compile-ro	cold	3	235	1306.8		
distilgpt2	torch-compile-ro	cold	3	236	1298.9		
distilgpt2	torch-compile-ro	cold	3	237	1287.7		
distilgpt2	torch-compile-ro	cold	3	238	1319.9		
distilgpt2	torch-compile-ro	cold	3	239	1298.4		
distilgpt2	torch-compile-ro	cold	3	240	1318.9		
distilgpt2	torch-compile-ro	cold	3	241	1343.3		
distilgpt2	torch-compile-ro	cold	3	242	1287.7		
distilgpt2	torch-compile-ro	cold	3	243	1288.2		
distilgpt2	torch-compile-ro	cold	3	244	1309.6		
distilgpt2	torch-compile-ro	cold	3	245	1285.6		
distilgpt2	torch-compile-ro	cold	3	246	1294.6		
distilgpt2	torch-compile-ro	cold	3	247	1306.5		
distilgpt2	torch-compile-ro	cold	3	248	1283.6		
distilgpt2	torch-compile-ro	cold	3	249	1313.7		
distilgpt2	torch-compile-ro	cold	3	250	1280.5		
distilgpt2	torch-compile-ro	cold	3	251	1318.5		
distilgpt2	torch-compile-ro	cold	3	252	1286.3		
distilgpt2	torch-compile-ro	cold	3	253	1317.0		
distilgpt2	torch-compile-ro	cold	3	254	1361.4		
distilgpt2	torch-compile-ro	cold	3	255	1278.4		
distilgpt2	torch-compile-ro	cold	3	256	1323.5		
distilgpt2	torch-compile-ro	cold	3	257	1360.4		
distilgpt2	torch-compile-ro	cold	3	258	1302.2		
distilgpt2	torch-compile-ro	cold	3	259	1304.1		
distilgpt2	torch-compile-ro	cold	3	260	1303.4		
distilgpt2	torch-compile-ro	cold	3	261	1315.4		
distilgpt2	torch-compile-ro	cold	3	262	1343.0		
distilgpt2	torch-compile-ro	cold	3	263	1303.9		
distilgpt2	torch-compile-ro	cold	3	264	1322.3		
distilgpt2	torch-compile-ro	cold	3	265	1353.3		
distilgpt2	torch-compile-ro	cold	3	266	1286.3		
distilgpt2	torch-compile-ro	cold	3	267	1294.6		
distilgpt2	torch-compile-ro	cold	3	268	1306.5		
distilgpt2	torch-compile-ro	cold	3	269	1305.6		
distilgpt2	torch-compile-ro	cold	3	270	1354.0		
distilgpt2	torch-compile-ro	cold	3	271	1303.7		
distilgpt2	torch-compile-ro	cold	3	272	1315.8		
distilgpt2	torch-compile-ro	cold	3	273	1320.4		
distilgpt2	torch-compile-ro	cold	3	274	1343.5		
distilgpt2	torch-compile-ro	cold	3	275	1327.5		
distilgpt2	torch-compile-ro	cold	3	276	1306.1		
distilgpt2	torch-compile-ro	cold	3	277	1305.3		
distilgpt2	torch-compile-ro	cold	3	278	1318.0		
distilgpt2	torch-compile-ro	cold	3	279	1317.3		
distilgpt2	torch-compile-ro	cold	3	280	1354.7		
distilgpt2	torch-compile-ro	cold	3	281	1299.4		
distilgpt2	torch-compile-ro	cold	3	282	1304.9		
distilgpt2	torch-compile-ro	cold	3	283	1294.9		
distilgpt2	torch-compile-ro	cold	3	284	1319.4		
distilgpt2	torch-compile-ro	cold	3	285	1325.1		
distilgpt2	torch-compile-ro	cold	3	286	1287.5		
distilgpt2	torch-compile-ro	cold	3	287	1302.0		
distilgpt2	torch-compile-ro	cold	3	288	1293.7		
distilgpt2	torch-compile-ro	cold	3	289	1307.5		
distilgpt2	torch-compile-ro	cold	3	290	1344.2		
distilgpt2	torch-compile-ro	cold	3	291	1292.5		
distilgpt2	torch-compile-ro	cold	3	292	1307.5		
distilgpt2	torch-compile-ro	cold	3	293	1323.0		
distilgpt2	torch-compile-ro	cold	3	294	1308.4		
distilgpt2	torch-compile-ro	cold	3	295	1364.0		
distilgpt2	torch-compile-ro	cold	3	296	1302.2		
distilgpt2	torch-compile-ro	cold	3	297	1316.5		
distilgpt2	torch-compile-ro	cold	3	298	1317.7		
distilgpt2	torch-compile-ro	cold	3	299	1302.0		
distilgpt2	jax	cold	3	0	4715.3		
distilgpt2	jax	cold	3	1	1335.0		
distilgpt2	jax	cold	3	2	1300.2		
distilgpt2	jax	cold	3	3	1205.2		
distilgpt2	jax	cold	3	4	1204.2		
distilgpt2	jax	cold	3	5	1225.5		
distilgpt2	jax	cold	3	6	1225.7		
distilgpt2	jax	cold	3	7	1225.1		
distilgpt2	jax	cold	3	8	1272.1		
distilgpt2	jax	cold	3	9	1240.4		
distilgpt2	jax	cold	3	10	1227.4		
distilgpt2	jax	cold	3	11	1227.3		
distilgpt2	jax	cold	3	12	1215.7		
distilgpt2	jax	cold	3	13	1251.0		
distilgpt2	jax	cold	3	14	1228.6		
distilgpt2	jax	cold	3	15	1219.8		
distilgpt2	jax	cold	3	16	1204.3		
distilgpt2	jax	cold	3	17	1251.8		
distilgpt2	jax	cold	3	18	1219.1		
distilgpt2	jax	cold	3	19	1212.5		
distilgpt2	jax	cold	3	20	1208.8		
distilgpt2	jax	cold	3	21	1229.0		
distilgpt2	jax	cold	3	22	1194.8		
distilgpt2	jax	cold	3	23	1206.4		
distilgpt2	jax	cold	3	24	1202.9		
distilgpt2	jax	cold	3	25	1188.2		
distilgpt2	jax	cold	3	26	1207.3		
distilgpt2	jax	cold	3	27	1196.8		
distilgpt2	jax	cold	3	28	1170.3		
distilgpt2	jax	cold	3	29	1195.0		
distilgpt2	jax	cold	3	30	1195.7		
distilgpt2	jax	cold	3	31	1179.7		
distilgpt2	jax	cold	3	32	1225.7		
distilgpt2	jax	cold	3	33	1168.8		
distilgpt2	jax	cold	3	34	1193.2		
distilgpt2	jax	cold	3	35	1189.8		
distilgpt2	jax	cold	3	36	1207.6		
distilgpt2	jax	cold	3	37	1181.4		
distilgpt2	jax	cold	3	38	1188.9		
distilgpt2	jax	cold	3	39	1183.8		
distilgpt2	jax	cold	3	40	1191.0		
distilgpt2	jax	cold	3	41	1184.9		
distilgpt2	jax	cold	3	42	1222.6		
distilgpt2	jax	cold	3	43	1189.0		
distilgpt2	jax	cold	3	44	1193.5		
distilgpt2	jax	cold	3	45	1177.1		
distilgpt2	jax	cold	3	46	1196.8		
distilgpt2	jax	cold	3	47	1211.5		
distilgpt2	jax	cold	3	48	1191.2		
distilgpt2	jax	cold	3	49	1164.5		
distilgpt2	jax	cold	3	50	1162.9		
distilgpt2	jax	cold	3	51	1158.2		
distilgpt2	jax	cold	3	52	1177.9		
distilgpt2	jax	cold	3	53	1178.4		
distilgpt2	jax	cold	3	54	1191.8		
distilgpt2	jax	cold	3	55	1161.8		
distilgpt2	jax	cold	3	56	1164.1		
distilgpt2	jax	cold	3	57	1201.6		
distilgpt2	jax	cold	3	58	1186.7		
distilgpt2	jax	cold	3	59	1167.2		
distilgpt2	jax	cold	3	60	1165.1		
distilgpt2	jax	cold	3	61	1190.8		
distilgpt2	jax	cold	3	62	1195.0		
distilgpt2	jax	cold	3	63	1202.9		
distilgpt2	jax	cold	3	64	1161.5		
distilgpt2	jax	cold	3	65	1188.4		
distilgpt2	jax	cold	3	66	1182.5		
distilgpt2	jax	cold	3	67	1166.5		
distilgpt2	jax	cold	3	68	1206.9		
distilgpt2	jax	cold	3	69	1182.9		
distilgpt2	jax	cold	3	70	1212.3		
distilgpt2	jax	cold	3	71	1167.2		
distilgpt2	jax	cold	3	72	1193.1		
distilgpt2	jax	cold	3	73	1184.3		
distilgpt2	jax	cold	3	74	1200.0		
distilgpt2	jax	cold	3	75	1194.3		
distilgpt2	jax	cold	3	76	1164.0		
distilgpt2	jax	cold	3	77	1198.3		
distilgpt2	jax	cold	3	78	1202.1		
distilgpt2	jax	cold	3	79	1229.8		
distilgpt2	jax	cold	3	80	1161.7		
distilgpt2	jax	cold	3	81	1168.2		
distilgpt2	jax	cold	3	82	1197.5		
distilgpt2	jax	cold	3	83	1179.5		
distilgpt2	jax	cold	3	84	1208.3		
distilgpt2	jax	cold	3	85	1200.3		
distilgpt2	jax	cold	3	86	1191.5		
distilgpt2	jax	cold	3	87	1187.7		
distilgpt2	jax	cold	3	88	1193.8		
distilgpt2	jax	cold	3	89	1178.8		
distilgpt2	jax	cold	3	90	1172.5		
distilgpt2	jax	cold	3	91	1186.3		
distilgpt2	jax	cold	3	92	1184.3		
distilgpt2	jax	cold	3	93	1164.8		
distilgpt2	jax	cold	3	94	1210.6		
distilgpt2	jax	cold	3	95	1187.9		
distilgpt2	jax	cold	3	96	1159.4		
distilgpt2	jax	cold	3	97	1187.9		
distilgpt2	jax	cold	3	98	1197.8		
distilgpt2	jax	cold	3	99	1203.1		
distilgpt2	jax	cold	3	100	1208.2		
distilgpt2	jax	cold	3	101	1191.2		
distilgpt2	jax	cold	3	102	1163.2		
distilgpt2	jax	cold	3	103	1186.2		
distilgpt2	jax	cold	3	104	1161.2		
distilgpt2	jax	cold	3	105	1203.3		
distilgpt2	jax	cold	3	106	1207.7		
distilgpt2	jax	cold	3	107	1165.3		
distilgpt2	jax	cold	3	108	1162.6		
distilgpt2	jax	cold	3	109	1196.2		
distilgpt2	jax	cold	3	110	1180.9		
distilgpt2	jax	cold	3	111	1212.4		
distilgpt2	jax	cold	3	112	1194.9		
distilgpt2	jax	cold	3	113	1189.0		
distilgpt2	jax	cold	3	114	1200.8		
distilgpt2	jax	cold	3	115	1177.9		
distilgpt2	jax	cold	3	116	1160.6		
distilgpt2	jax	cold	3	117	1188.7		
distilgpt2	jax	cold	3	118	1182.4		
distilgpt2	jax	cold	3	119	1165.0		
distilgpt2	jax	cold	3	120	1192.3		
distilgpt2	jax	cold	3	121	1176.3		
distilgpt2	jax	cold	3	122	1174.1		
distilgpt2	jax	cold	3	123	1160.1		
distilgpt2	jax	cold	3	124	1159.8		
distilgpt2	jax	cold	3	125	1193.7		
distilgpt2	jax	cold	3	126	1198.2		
distilgpt2	jax	cold	3	127	1165.5		
distilgpt2	jax	cold	3	128	1167.0		
distilgpt2	jax	cold	3	129	1183.6		
distilgpt2	jax	cold	3	130	1190.2		
distilgpt2	jax	cold	3	131	1191.7		
distilgpt2	jax	cold	3	132	1214.4		
distilgpt2	jax	cold	3	133	1195.9		
distilgpt2	jax	cold	3	134	1199.3		
distilgpt2	jax	cold	3	135	1193.6		
distilgpt2	jax	cold	3	136	1188.8		
distilgpt2	jax	cold	3	137	1211.3		
distilgpt2	jax	cold	3	138	1193.1		
distilgpt2	jax	cold	3	139	1198.1		
distilgpt2	jax	cold	3	140	1189.4		
distilgpt2	jax	cold	3	141	1187.7		
distilgpt2	jax	cold	3	142	1210.3		
distilgpt2	jax	cold	3	143	1206.5		
distilgpt2	jax	cold	3	144	1170.1		
distilgpt2	jax	cold	3	145	1159.7		
distilgpt2	jax	cold	3	146	1167.9		
distilgpt2	jax	cold	3	147	1192.1		
distilgpt2	jax	cold	3	148	1222.2		
distilgpt2	jax	cold	3	149	1178.0		
distilgpt2	jax	cold	3	150	1170.3		
distilgpt2	jax	cold	3	151	1179.2		
distilgpt2	jax	cold	3	152	1172.3		
distilgpt2	jax	cold	3	153	1195.1		
distilgpt2	jax	cold	3	154	1175.2		
distilgpt2	jax	cold	3	155	1138.4		
distilgpt2	jax	cold	3	156	1186.3		
distilgpt2	jax	cold	3	157	1180.0		
distilgpt2	jax	cold	3	158	1183.1		
distilgpt2	jax	cold	3	159	1191.9		
distilgpt2	jax	cold	3	160	1170.1		
distilgpt2	jax	cold	3	161	1164.8		
distilgpt2	jax	cold	3	162	1167.9		
distilgpt2	jax	cold	3	163	1173.8		
distilgpt2	jax	cold	3	164	1193.1		
distilgpt2	jax	cold	3	165	1183.5		
distilgpt2	jax	cold	3	166	1161.4		
distilgpt2	jax	cold	3	167	1188.3		
distilgpt2	jax	cold	3	168	1216.1		
distilgpt2	jax	cold	3	169	1161.5		
distilgpt2	jax	cold	3	170	1195.0		
distilgpt2	jax	cold	3	171	1171.8		
distilgpt2	jax	cold	3	172	1164.3		
distilgpt2	jax	cold	3	173	1175.0		
distilgpt2	jax	cold	3	174	1168.1		
distilgpt2	jax	cold	3	175	1165.0		
distilgpt2	jax	cold	3	176	1146.7		
distilgpt2	jax	cold	3	177	1165.0		
distilgpt2	jax	cold	3	178	1172.8		
distilgpt2	jax	cold	3	179	1138.2		
distilgpt2	jax	cold	3	180	1160.9		
distilgpt2	jax	cold	3	181	1203.2		
distilgpt2	jax	cold	3	182	1179.7		
distilgpt2	jax	cold	3	183	1171.9		
distilgpt2	jax	cold	3	184	1174.3		
distilgpt2	jax	cold	3	185	1174.1		
distilgpt2	jax	cold	3	186	1178.3		
distilgpt2	jax	cold	3	187	1188.4		
distilgpt2	jax	cold	3	188	1142.4		
distilgpt2	jax	cold	3	189	1165.5		
distilgpt2	jax	cold	3	190	1165.2		
distilgpt2	jax	cold	3	191	1173.5		
distilgpt2	jax	cold	3	192	1181.1		
distilgpt2	jax	cold	3	193	1202.2		
distilgpt2	jax	cold	3	194	1172.3		
distilgpt2	jax	cold	3	195	1168.2		
distilgpt2	jax	cold	3	196	1167.1		
distilgpt2	jax	cold	3	197	1166.7		
distilgpt2	jax	cold	3	198	1192.6		
distilgpt2	jax	cold	3	199	1165.9		
distilgpt2	jax	cold	3	200	1172.0		
distilgpt2	jax	cold	3	201	1166.0		
distilgpt2	jax	cold	3	202	1164.7		
distilgpt2	jax	cold	3	203	1176.5		
distilgpt2	jax	cold	3	204	1163.8		
distilgpt2	jax	cold	3	205	1142.4		
distilgpt2	jax	cold	3	206	1168.7		
distilgpt2	jax	cold	3	207	1172.8		
distilgpt2	jax	cold	3	208	1133.5		
distilgpt2	jax	cold	3	209	1171.4		
distilgpt2	jax	cold	3	210	1191.7		
distilgpt2	jax	cold	3	211	1168.9		
distilgpt2	jax	cold	3	212	1144.3		
distilgpt2	jax	cold	3	213	1164.1		
distilgpt2	jax	cold	3	214	1146.1		
distilgpt2	jax	cold	3	215	1171.7		
distilgpt2	jax	cold	3	216	1192.7		
distilgpt2	jax	cold	3	217	1151.5		
distilgpt2	jax	cold	3	218	1140.2		
distilgpt2	jax	cold	3	219	1175.9		
distilgpt2	jax	cold	3	220	1173.0		
distilgpt2	jax	cold	3	221	1178.8		
distilgpt2	jax	cold	3	222	1166.5		
distilgpt2	jax	cold	3	223	1170.0		
distilgpt2	jax	cold	3	224	1188.6		
distilgpt2	jax	cold	3	225	1173.2		
distilgpt2	jax	cold	3	226	1147.9		
distilgpt2	jax	cold	3	227	1184.4		
distilgpt2	jax	cold	3	228	1150.0		
distilgpt2	jax	cold	3	229	1168.0		
distilgpt2	jax	cold	3	230	1169.2		
distilgpt2	jax	cold	3	231	1171.3		
distilgpt2	jax	cold	3	232	1171.3		
distilgpt2	jax	cold	3	233	1190.2		
distilgpt2	jax	cold	3	234	1175.8		
distilgpt2	jax	cold	3	235	1179.3		
distilgpt2	jax	cold	3	236	1176.8		
distilgpt2	jax	cold	3	237	1165.2		
distilgpt2	jax	cold	3	238	1172.5		
distilgpt2	jax	cold	3	239	1200.1		
distilgpt2	jax	cold	3	240	1170.3		
distilgpt2	jax	cold	3	241	1186.8		
distilgpt2	jax	cold	3	242	1170.3		
distilgpt2	jax	cold	3	243	1170.4		
distilgpt2	jax	cold	3	244	1186.1		
distilgpt2	jax	cold	3	245	1197.4		
distilgpt2	jax	cold	3	246	1142.1		
distilgpt2	jax	cold	3	247	1165.5		
distilgpt2	jax	cold	3	248	1173.6		
distilgpt2	jax	cold	3	249	1182.9		
distilgpt2	jax	cold	3	250	1170.3		
distilgpt2	jax	cold	3	251	1184.5		
distilgpt2	jax	cold	3	252	1181.7		
distilgpt2	jax	cold	3	253	1164.2		
distilgpt2	jax	cold	3	254	1179.6		
distilgpt2	jax	cold	3	255	1178.3		
distilgpt2	jax	cold	3	256	1197.0		
distilgpt2	jax	cold	3	257	1197.0		
distilgpt2	jax	cold	3	258	1181.4		
distilgpt2	jax	cold	3	259	1184.5		
distilgpt2	jax	cold	3	260	1183.8		
distilgpt2	jax	cold	3	261	1199.2		
distilgpt2	jax	cold	3	262	1179.4		
distilgpt2	jax	cold	3	263	1175.1		
distilgpt2	jax	cold	3	264	1171.8		
distilgpt2	jax	cold	3	265	1163.0		
distilgpt2	jax	cold	3	266	1180.9		
distilgpt2	jax	cold	3	267	1181.0		
distilgpt2	jax	cold	3	268	1175.4		
distilgpt2	jax	cold	3	269	1152.9		
distilgpt2	jax	cold	3	270	1168.9		
distilgpt2	jax	cold	3	271	1193.4		
distilgpt2	jax	cold	3	272	1197.5		
distilgpt2	jax	cold	3	273	1192.6		
distilgpt2	jax	cold	3	274	1178.5		
distilgpt2	jax	cold	3	275	1171.3		
distilgpt2	jax	cold	3	276	1163.6		
distilgpt2	jax	cold	3	277	1205.1		
distilgpt2	jax	cold	3	278	1179.5		
distilgpt2	jax	cold	3	279	1170.1		
distilgpt2	jax	cold	3	280	1171.2		
distilgpt2	jax	cold	3	281	1171.2		
distilgpt2	jax	cold	3	282	1176.1		
distilgpt2	jax	cold	3	283	1214.3		
distilgpt2	jax	cold	3	284	1171.2		
distilgpt2	jax	cold	3	285	1133.3		
distilgpt2	jax	cold	3	286	1173.5		
distilgpt2	jax	cold	3	287	1172.5		
distilgpt2	jax	cold	3	288	1177.9		
distilgpt2	jax	cold	3	289	1196.0		
distilgpt2	jax	cold	3	290	1171.8		
distilgpt2	jax	cold	3	291	1172.2		
distilgpt2	jax	cold	3	292	1168.0		
distilgpt2	jax	cold	3	293	1164.8		
distilgpt2	jax	cold	3	294	1215.0		
distilgpt2	jax	cold	3	295	1180.3		
distilgpt2	jax	cold	3	296	1166.1		
distilgpt2	jax	cold	3	297	1191.5		
distilgpt2	jax	cold	3	298	1161.4		
distilgpt2	jax	cold	3	299	1179.3		
distilgpt2	torch-eager	warm	1	0	123498.7		
distilgpt2	torch-eager	warm	1	1	3290.2		
distilgpt2	torch-eager	warm	1	2	3036.7		
distilgpt2	torch-eager	warm	1	3	3062.5		
distilgpt2	torch-eager	warm	1	4	3028.9		
distilgpt2	torch-eager	warm	1	5	3047.0		
distilgpt2	torch-eager	warm	1	6	3035.8		
distilgpt2	torch-eager	warm	1	7	2980.5		
distilgpt2	torch-eager	warm	1	8	3017.7		
distilgpt2	torch-eager	warm	1	9	3023.1		
distilgpt2	torch-eager	warm	1	10	2979.3		
distilgpt2	torch-eager	warm	1	11	2996.2		
distilgpt2	torch-eager	warm	1	12	3080.1		
distilgpt2	torch-eager	warm	1	13	2998.6		
distilgpt2	torch-eager	warm	1	14	3026.0		
distilgpt2	torch-eager	warm	1	15	3016.9		
distilgpt2	torch-eager	warm	1	16	2987.6		
distilgpt2	torch-eager	warm	1	17	3009.1		
distilgpt2	torch-eager	warm	1	18	2974.0		
distilgpt2	torch-eager	warm	1	19	2973.1		
distilgpt2	torch-eager	warm	1	20	2996.2		
distilgpt2	torch-eager	warm	1	21	3033.6		
distilgpt2	torch-eager	warm	1	22	3011.9		
distilgpt2	torch-eager	warm	1	23	2998.8		
distilgpt2	torch-eager	warm	1	24	3005.3		
distilgpt2	torch-eager	warm	1	25	3010.7		
distilgpt2	torch-eager	warm	1	26	2993.8		
distilgpt2	torch-eager	warm	1	27	3026.0		
distilgpt2	torch-eager	warm	1	28	3014.3		
distilgpt2	torch-eager	warm	1	29	2991.2		
distilgpt2	torch-eager	warm	1	30	2983.3		
distilgpt2	torch-eager	warm	1	31	3000.3		
distilgpt2	torch-eager	warm	1	32	3002.2		
distilgpt2	torch-eager	warm	1	33	3031.5		
distilgpt2	torch-eager	warm	1	34	2985.5		
distilgpt2	torch-eager	warm	1	35	3000.5		
distilgpt2	torch-eager	warm	1	36	3029.3		
distilgpt2	torch-eager	warm	1	37	2983.8		
distilgpt2	torch-eager	warm	1	38	2999.3		
distilgpt2	torch-eager	warm	1	39	3005.3		
distilgpt2	torch-eager	warm	1	40	2996.0		
distilgpt2	torch-eager	warm	1	41	3003.4		
distilgpt2	torch-eager	warm	1	42	2988.8		
distilgpt2	torch-eager	warm	1	43	3088.2		
distilgpt2	torch-eager	warm	1	44	3018.9		
distilgpt2	torch-eager	warm	1	45	2987.6		
distilgpt2	torch-eager	warm	1	46	2997.9		
distilgpt2	torch-eager	warm	1	47	2999.3		
distilgpt2	torch-eager	warm	1	48	3030.3		
distilgpt2	torch-eager	warm	1	49	3008.1		
distilgpt2	torch-eager	warm	1	50	2997.6		
distilgpt2	torch-eager	warm	1	51	2999.5		
distilgpt2	torch-eager	warm	1	52	2989.8		
distilgpt2	torch-eager	warm	1	53	2998.8		
distilgpt2	torch-eager	warm	1	54	3051.5		
distilgpt2	torch-eager	warm	1	55	3004.8		
distilgpt2	torch-eager	warm	1	56	2996.2		
distilgpt2	torch-eager	warm	1	57	3084.2		
distilgpt2	torch-eager	warm	1	58	3047.9		
distilgpt2	torch-eager	warm	1	59	3016.2		
distilgpt2	torch-eager	warm	1	60	3042.5		
distilgpt2	torch-eager	warm	1	61	3029.1		
distilgpt2	torch-eager	warm	1	62	2983.8		
distilgpt2	torch-eager	warm	1	63	2985.5		
distilgpt2	torch-eager	warm	1	64	2985.2		
distilgpt2	torch-eager	warm	1	65	3027.4		
distilgpt2	torch-eager	warm	1	66	2998.1		
distilgpt2	torch-eager	warm	1	67	2990.7		
distilgpt2	torch-eager	warm	1	68	2984.3		
distilgpt2	torch-eager	warm	1	69	3084.9		
distilgpt2	torch-eager	warm	1	70	3079.4		
distilgpt2	torch-eager	warm	1	71	3018.4		
distilgpt2	torch-eager	warm	1	72	2994.8		
distilgpt2	torch-eager	warm	1	73	3012.7		
distilgpt2	torch-eager	warm	1	74	3017.4		
distilgpt2	torch-eager	warm	1	75	3046.8		
distilgpt2	torch-eager	warm	1	76	2994.1		
distilgpt2	torch-eager	warm	1	77	3062.2		
distilgpt2	torch-eager	warm	1	78	3024.3		
distilgpt2	torch-eager	warm	1	79	3035.1		
distilgpt2	torch-eager	warm	1	80	3074.9		
distilgpt2	torch-eager	warm	1	81	3058.2		
distilgpt2	torch-eager	warm	1	82	3014.8		
distilgpt2	torch-eager	warm	1	83	3032.2		
distilgpt2	torch-eager	warm	1	84	3009.3		
distilgpt2	torch-eager	warm	1	85	3002.9		
distilgpt2	torch-eager	warm	1	86	3206.7		
distilgpt2	torch-eager	warm	1	87	3042.9		
distilgpt2	torch-eager	warm	1	88	3010.5		
distilgpt2	torch-eager	warm	1	89	3028.9		
distilgpt2	torch-eager	warm	1	90	2984.8		
distilgpt2	torch-eager	warm	1	91	3024.1		
distilgpt2	torch-eager	warm	1	92	3003.6		
distilgpt2	torch-eager	warm	1	93	3000.7		
distilgpt2	torch-eager	warm	1	94	2986.7		
distilgpt2	torch-eager	warm	1	95	3005.0		
distilgpt2	torch-eager	warm	1	96	2999.8		
distilgpt2	torch-eager	warm	1	97	3017.9		
distilgpt2	torch-eager	warm	1	98	3016.2		
distilgpt2	torch-eager	warm	1	99	3057.5		
distilgpt2	torch-eager	warm	1	100	3006.9		
distilgpt2	torch-eager	warm	1	101	2975.7		
distilgpt2	torch-eager	warm	1	102	2993.3		
distilgpt2	torch-eager	warm	1	103	2981.2		
distilgpt2	torch-eager	warm	1	104	3039.6		
distilgpt2	torch-eager	warm	1	105	3029.8		
distilgpt2	torch-eager	warm	1	106	3010.3		
distilgpt2	torch-eager	warm	1	107	3008.8		
distilgpt2	torch-eager	warm	1	108	3000.7		
distilgpt2	torch-eager	warm	1	109	2993.1		
distilgpt2	torch-eager	warm	1	110	2994.8		
distilgpt2	torch-eager	warm	1	111	2995.3		
distilgpt2	torch-eager	warm	1	112	2986.9		
distilgpt2	torch-eager	warm	1	113	3053.9		
distilgpt2	torch-eager	warm	1	114	2981.2		
distilgpt2	torch-eager	warm	1	115	2979.8		
distilgpt2	torch-eager	warm	1	116	3000.0		
distilgpt2	torch-eager	warm	1	117	3009.8		
distilgpt2	torch-eager	warm	1	118	2990.0		
distilgpt2	torch-eager	warm	1	119	3011.5		
distilgpt2	torch-eager	warm	1	120	2996.4		
distilgpt2	torch-eager	warm	1	121	2992.9		
distilgpt2	torch-eager	warm	1	122	3004.1		
distilgpt2	torch-eager	warm	1	123	2988.3		
distilgpt2	torch-eager	warm	1	124	3139.0		
distilgpt2	torch-eager	warm	1	125	2997.6		
distilgpt2	torch-eager	warm	1	126	2991.4		
distilgpt2	torch-eager	warm	1	127	3006.0		
distilgpt2	torch-eager	warm	1	128	2977.1		
distilgpt2	torch-eager	warm	1	129	2997.6		
distilgpt2	torch-eager	warm	1	130	2993.8		
distilgpt2	torch-eager	warm	1	131	3006.9		
distilgpt2	torch-eager	warm	1	132	2986.9		
distilgpt2	torch-eager	warm	1	133	2992.9		
distilgpt2	torch-eager	warm	1	134	3016.2		
distilgpt2	torch-eager	warm	1	135	3088.7		
distilgpt2	torch-eager	warm	1	136	3011.0		
distilgpt2	torch-eager	warm	1	137	2984.0		
distilgpt2	torch-eager	warm	1	138	2986.7		
distilgpt2	torch-eager	warm	1	139	2977.6		
distilgpt2	torch-eager	warm	1	140	2989.5		
distilgpt2	torch-eager	warm	1	141	3010.7		
distilgpt2	torch-eager	warm	1	142	3008.6		
distilgpt2	torch-eager	warm	1	143	3014.8		
distilgpt2	torch-eager	warm	1	144	3009.3		
distilgpt2	torch-eager	warm	1	145	2991.9		
distilgpt2	torch-eager	warm	1	146	3078.2		
distilgpt2	torch-eager	warm	1	147	3018.6		
distilgpt2	torch-eager	warm	1	148	2999.8		
distilgpt2	torch-eager	warm	1	149	3047.2		
distilgpt2	torch-eager	warm	1	150	3020.3		
distilgpt2	torch-eager	warm	1	151	3026.2		
distilgpt2	torch-eager	warm	1	152	3023.9		
distilgpt2	torch-eager	warm	1	153	3022.9		
distilgpt2	torch-eager	warm	1	154	2977.8		
distilgpt2	torch-eager	warm	1	155	2987.1		
distilgpt2	torch-eager	warm	1	156	3016.2		
distilgpt2	torch-eager	warm	1	157	3140.0		
distilgpt2	torch-eager	warm	1	158	3021.7		
distilgpt2	torch-eager	warm	1	159	2993.6		
distilgpt2	torch-eager	warm	1	160	2986.9		
distilgpt2	torch-eager	warm	1	161	3010.5		
distilgpt2	torch-eager	warm	1	162	2966.2		
distilgpt2	torch-eager	warm	1	163	2999.1		
distilgpt2	torch-eager	warm	1	164	2989.3		
distilgpt2	torch-eager	warm	1	165	3023.9		
distilgpt2	torch-eager	warm	1	166	2996.2		
distilgpt2	torch-eager	warm	1	167	3122.8		
distilgpt2	torch-eager	warm	1	168	3021.0		
distilgpt2	torch-eager	warm	1	169	3018.4		
distilgpt2	torch-eager	warm	1	170	3036.0		
distilgpt2	torch-eager	warm	1	171	3009.8		
distilgpt2	torch-eager	warm	1	172	3010.7		
distilgpt2	torch-eager	warm	1	173	2985.5		
distilgpt2	torch-eager	warm	1	174	3016.7		
distilgpt2	torch-eager	warm	1	175	3008.8		
distilgpt2	torch-eager	warm	1	176	2991.0		
distilgpt2	torch-eager	warm	1	177	2984.0		
distilgpt2	torch-eager	warm	1	178	3083.9		
distilgpt2	torch-eager	warm	1	179	3025.3		
distilgpt2	torch-eager	warm	1	180	3000.7		
distilgpt2	torch-eager	warm	1	181	2987.6		
distilgpt2	torch-eager	warm	1	182	3017.4		
distilgpt2	torch-eager	warm	1	183	2991.7		
distilgpt2	torch-eager	warm	1	184	2986.7		
distilgpt2	torch-eager	warm	1	185	2983.6		
distilgpt2	torch-eager	warm	1	186	2990.0		
distilgpt2	torch-eager	warm	1	187	2991.9		
distilgpt2	torch-eager	warm	1	188	2993.1		
distilgpt2	torch-eager	warm	1	189	3012.4		
distilgpt2	torch-eager	warm	1	190	3071.8		
distilgpt2	torch-eager	warm	1	191	3006.5		
distilgpt2	torch-eager	warm	1	192	3005.7		
distilgpt2	torch-eager	warm	1	193	3005.3		
distilgpt2	torch-eager	warm	1	194	3023.6		
distilgpt2	torch-eager	warm	1	195	2997.6		
distilgpt2	torch-eager	warm	1	196	3030.5		
distilgpt2	torch-eager	warm	1	197	3041.3		
distilgpt2	torch-eager	warm	1	198	3034.6		
distilgpt2	torch-eager	warm	1	199	3037.9		
distilgpt2	torch-eager	warm	1	200	3071.5		
distilgpt2	torch-eager	warm	1	201	3010.0		
distilgpt2	torch-eager	warm	1	202	3029.3		
distilgpt2	torch-eager	warm	1	203	2995.3		
distilgpt2	torch-eager	warm	1	204	3068.9		
distilgpt2	torch-eager	warm	1	205	2989.5		
distilgpt2	torch-eager	warm	1	206	2987.4		
distilgpt2	torch-eager	warm	1	207	3013.8		
distilgpt2	torch-eager	warm	1	208	3001.2		
distilgpt2	torch-eager	warm	1	209	3005.0		
distilgpt2	torch-eager	warm	1	210	2985.7		
distilgpt2	torch-eager	warm	1	211	2993.3		
distilgpt2	torch-eager	warm	1	212	3127.3		
distilgpt2	torch-eager	warm	1	213	2986.4		
distilgpt2	torch-eager	warm	1	214	3024.6		
distilgpt2	torch-eager	warm	1	215	3002.6		
distilgpt2	torch-eager	warm	1	216	3002.9		
distilgpt2	torch-eager	warm	1	217	2963.3		
distilgpt2	torch-eager	warm	1	218	2968.3		
distilgpt2	torch-eager	warm	1	219	3013.8		
distilgpt2	torch-eager	warm	1	220	3034.4		
distilgpt2	torch-eager	warm	1	221	3008.6		
distilgpt2	torch-eager	warm	1	222	2992.4		
distilgpt2	torch-eager	warm	1	223	3092.3		
distilgpt2	torch-eager	warm	1	224	2975.2		
distilgpt2	torch-eager	warm	1	225	3012.9		
distilgpt2	torch-eager	warm	1	226	2999.8		
distilgpt2	torch-eager	warm	1	227	2996.0		
distilgpt2	torch-eager	warm	1	228	2983.3		
distilgpt2	torch-eager	warm	1	229	3004.3		
distilgpt2	torch-eager	warm	1	230	2997.4		
distilgpt2	torch-eager	warm	1	231	2996.7		
distilgpt2	torch-eager	warm	1	232	2980.0		
distilgpt2	torch-eager	warm	1	233	2990.7		
distilgpt2	torch-eager	warm	1	234	3120.4		
distilgpt2	torch-eager	warm	1	235	3003.4		
distilgpt2	torch-eager	warm	1	236	3036.5		
distilgpt2	torch-eager	warm	1	237	2992.9		
distilgpt2	torch-eager	warm	1	238	2991.9		
distilgpt2	torch-eager	warm	1	239	3022.0		
distilgpt2	torch-eager	warm	1	240	2978.3		
distilgpt2	torch-eager	warm	1	241	3019.1		
distilgpt2	torch-eager	warm	1	242	2997.4		
distilgpt2	torch-eager	warm	1	243	3212.2		
distilgpt2	torch-eager	warm	1	244	3033.6		
distilgpt2	torch-eager	warm	1	245	3118.8		
distilgpt2	torch-eager	warm	1	246	3033.9		
distilgpt2	torch-eager	warm	1	247	3164.8		
distilgpt2	torch-eager	warm	1	248	3025.1		
distilgpt2	torch-eager	warm	1	249	3018.1		
distilgpt2	torch-eager	warm	1	250	2995.0		
distilgpt2	torch-eager	warm	1	251	3013.6		
distilgpt2	torch-eager	warm	1	252	3004.1		
distilgpt2	torch-eager	warm	1	253	2992.4		
distilgpt2	torch-eager	warm	1	254	3005.0		
distilgpt2	torch-eager	warm	1	255	3019.1		
distilgpt2	torch-eager	warm	1	256	3294.7		
distilgpt2	torch-eager	warm	1	257	3021.7		
distilgpt2	torch-eager	warm	1	258	3272.1		
distilgpt2	torch-eager	warm	1	259	3222.7		
distilgpt2	torch-eager	warm	1	260	3006.5		
distilgpt2	torch-eager	warm	1	261	3004.8		
distilgpt2	torch-eager	warm	1	262	3038.9		
distilgpt2	torch-eager	warm	1	263	2995.3		
distilgpt2	torch-eager	warm	1	264	3005.3		
distilgpt2	torch-eager	warm	1	265	2998.6		
distilgpt2	torch-eager	warm	1	266	3039.4		
distilgpt2	torch-eager	warm	1	267	3031.7		
distilgpt2	torch-eager	warm	1	268	3000.7		
distilgpt2	torch-eager	warm	1	269	3233.7		
distilgpt2	torch-eager	warm	1	270	3031.0		
distilgpt2	torch-eager	warm	1	271	2985.0		
distilgpt2	torch-eager	warm	1	272	2993.8		
distilgpt2	torch-eager	warm	1	273	2994.1		
distilgpt2	torch-eager	warm	1	274	2994.3		
distilgpt2	torch-eager	warm	1	275	2985.2		
distilgpt2	torch-eager	warm	1	276	2984.0		
distilgpt2	torch-eager	warm	1	277	3084.7		
distilgpt2	torch-eager	warm	1	278	2990.5		
distilgpt2	torch-eager	warm	1	279	3036.0		
distilgpt2	torch-eager	warm	1	280	3149.0		
distilgpt2	torch-eager	warm	1	281	3009.8		
distilgpt2	torch-eager	warm	1	282	2997.9		
distilgpt2	torch-eager	warm	1	283	3002.6		
distilgpt2	torch-eager	warm	1	284	2998.1		
distilgpt2	torch-eager	warm	1	285	3018.6		
distilgpt2	torch-eager	warm	1	286	3043.2		
distilgpt2	torch-eager	warm	1	287	3016.2		
distilgpt2	torch-eager	warm	1	288	3011.5		
distilgpt2	torch-eager	warm	1	289	2994.5		
distilgpt2	torch-eager	warm	1	290	2991.2		
distilgpt2	torch-eager	warm	1	291	3007.4		
distilgpt2	torch-eager	warm	1	292	2986.0		
distilgpt2	torch-eager	warm	1	293	2983.6		
distilgpt2	torch-eager	warm	1	294	3006.0		
distilgpt2	torch-eager	warm	1	295	3058.9		
distilgpt2	torch-eager	warm	1	296	3023.6		
distilgpt2	torch-eager	warm	1	297	3044.6		
distilgpt2	torch-eager	warm	1	298	3011.5		
distilgpt2	torch-eager	warm	1	299	3062.0		
distilgpt2	ours	warm	1	0	549847.8	0	254
distilgpt2	ours	warm	1	1	10736.9	0	93
distilgpt2	ours	warm	1	2	1380.0	0	57
distilgpt2	ours	warm	1	3	11525.2	0	87
distilgpt2	ours	warm	1	4	5335.1	0	77
distilgpt2	ours	warm	1	5	4237.2	0	39
distilgpt2	ours	warm	1	6	2627.8	0	39
distilgpt2	ours	warm	1	7	2112.9	0	39
distilgpt2	ours	warm	1	8	1280.1	0	39
distilgpt2	ours	warm	1	9	1995.1	0	39
distilgpt2	ours	warm	1	10	1284.1	0	39
distilgpt2	ours	warm	1	11	1282.0	0	39
distilgpt2	ours	warm	1	12	2048.0	0	39
distilgpt2	ours	warm	1	13	1286.0	0	39
distilgpt2	ours	warm	1	14	1298.0	0	39
distilgpt2	ours	warm	1	15	1271.0	0	39
distilgpt2	ours	warm	1	16	2069.0	0	39
distilgpt2	ours	warm	1	17	1289.8	0	39
distilgpt2	ours	warm	1	18	1282.0	0	39
distilgpt2	ours	warm	1	19	1276.0	0	39
distilgpt2	ours	warm	1	20	1292.0	0	39
distilgpt2	ours	warm	1	21	2095.0	0	39
distilgpt2	ours	warm	1	22	1281.0	0	39
distilgpt2	ours	warm	1	23	1278.9	0	39
distilgpt2	ours	warm	1	24	1284.1	0	39
distilgpt2	ours	warm	1	25	1267.9	0	39
distilgpt2	ours	warm	1	26	1309.9	0	39
distilgpt2	ours	warm	1	27	2186.1	0	39
distilgpt2	ours	warm	1	28	1274.8	0	39
distilgpt2	ours	warm	1	29	1279.1	0	39
distilgpt2	ours	warm	1	30	1328.9	0	39
distilgpt2	ours	warm	1	31	1282.9	0	39
distilgpt2	ours	warm	1	32	1266.0	0	39
distilgpt2	ours	warm	1	33	1313.0	0	39
distilgpt2	ours	warm	1	34	2172.9	0	39
distilgpt2	ours	warm	1	35	1276.0	0	39
distilgpt2	ours	warm	1	36	1282.0	0	39
distilgpt2	ours	warm	1	37	1279.1	0	39
distilgpt2	ours	warm	1	38	1276.0	0	39
distilgpt2	ours	warm	1	39	1356.1	0	39
distilgpt2	ours	warm	1	40	1271.0	0	39
distilgpt2	ours	warm	1	41	1275.1	0	39
distilgpt2	ours	warm	1	42	2342.0	0	39
distilgpt2	ours	warm	1	43	1281.0	0	39
distilgpt2	ours	warm	1	44	1308.0	0	39
distilgpt2	ours	warm	1	45	1271.0	0	39
distilgpt2	ours	warm	1	46	1268.9	0	39
distilgpt2	ours	warm	1	47	1304.9	0	39
distilgpt2	ours	warm	1	48	1303.2	0	39
distilgpt2	ours	warm	1	49	1277.0	0	39
distilgpt2	ours	warm	1	50	1292.9	0	39
distilgpt2	ours	warm	1	51	2211.1	0	39
distilgpt2	ours	warm	1	52	1306.1	0	39
distilgpt2	ours	warm	1	53	1274.1	0	39
distilgpt2	ours	warm	1	54	1302.0	0	39
distilgpt2	ours	warm	1	55	1336.1	0	39
distilgpt2	ours	warm	1	56	1296.0	0	39
distilgpt2	ours	warm	1	57	1275.1	0	39
distilgpt2	ours	warm	1	58	1297.0	0	39
distilgpt2	ours	warm	1	59	1292.0	0	39
distilgpt2	ours	warm	1	60	1272.0	0	39
distilgpt2	ours	warm	1	61	2483.8	0	39
distilgpt2	ours	warm	1	62	1308.9	0	39
distilgpt2	ours	warm	1	63	1341.1	0	39
distilgpt2	ours	warm	1	64	1272.9	0	39
distilgpt2	ours	warm	1	65	1285.8	0	39
distilgpt2	ours	warm	1	66	1261.9	0	39
distilgpt2	ours	warm	1	67	1248.1	0	39
distilgpt2	ours	warm	1	68	1267.0	0	39
distilgpt2	ours	warm	1	69	1246.0	0	39
distilgpt2	ours	warm	1	70	1272.2	0	39
distilgpt2	ours	warm	1	71	1303.0	0	39
distilgpt2	ours	warm	1	72	2529.1	0	39
distilgpt2	ours	warm	1	73	1245.0	0	39
distilgpt2	ours	warm	1	74	1301.1	0	39
distilgpt2	ours	warm	1	75	1256.9	0	39
distilgpt2	ours	warm	1	76	1309.2	0	39
distilgpt2	ours	warm	1	77	1291.0	0	39
distilgpt2	ours	warm	1	78	1241.9	0	39
distilgpt2	ours	warm	1	79	1243.8	0	39
distilgpt2	ours	warm	1	80	1247.2	0	39
distilgpt2	ours	warm	1	81	1246.9	0	39
distilgpt2	ours	warm	1	82	1246.2	0	39
distilgpt2	ours	warm	1	83	1235.0	0	39
distilgpt2	ours	warm	1	84	2363.9	0	39
distilgpt2	ours	warm	1	85	1251.0	0	39
distilgpt2	ours	warm	1	86	1269.8	0	39
distilgpt2	ours	warm	1	87	1248.8	0	39
distilgpt2	ours	warm	1	88	1232.9	0	39
distilgpt2	ours	warm	1	89	1305.1	0	39
distilgpt2	ours	warm	1	90	1281.0	0	39
distilgpt2	ours	warm	1	91	1302.0	0	39
distilgpt2	ours	warm	1	92	1246.9	0	39
distilgpt2	ours	warm	1	93	1256.0	0	39
distilgpt2	ours	warm	1	94	1258.1	0	39
distilgpt2	ours	warm	1	95	1250.0	0	39
distilgpt2	ours	warm	1	96	1244.1	0	39
distilgpt2	ours	warm	1	97	2436.9	0	39
distilgpt2	ours	warm	1	98	1236.0	0	39
distilgpt2	ours	warm	1	99	1265.0	0	39
distilgpt2	ours	warm	1	100	1260.0	0	39
distilgpt2	ours	warm	1	101	1252.2	0	39
distilgpt2	ours	warm	1	102	1251.0	0	39
distilgpt2	ours	warm	1	103	1262.9	0	39
distilgpt2	ours	warm	1	104	1257.9	0	39
distilgpt2	ours	warm	1	105	1260.0	0	39
distilgpt2	ours	warm	1	106	1254.1	0	39
distilgpt2	ours	warm	1	107	1241.0	0	39
distilgpt2	ours	warm	1	108	1236.0	0	39
distilgpt2	ours	warm	1	109	1254.1	0	39
distilgpt2	ours	warm	1	110	1272.0	0	39
distilgpt2	ours	warm	1	111	2480.0	0	39
distilgpt2	ours	warm	1	112	1296.0	0	39
distilgpt2	ours	warm	1	113	1252.2	0	39
distilgpt2	ours	warm	1	114	1260.0	0	39
distilgpt2	ours	warm	1	115	1246.9	0	39
distilgpt2	ours	warm	1	116	1247.2	0	39
distilgpt2	ours	warm	1	117	1252.9	0	39
distilgpt2	ours	warm	1	118	1243.8	0	39
distilgpt2	ours	warm	1	119	1227.9	0	39
distilgpt2	ours	warm	1	120	1248.1	0	39
distilgpt2	ours	warm	1	121	1240.0	0	39
distilgpt2	ours	warm	1	122	1250.0	0	39
distilgpt2	ours	warm	1	123	1237.2	0	39
distilgpt2	ours	warm	1	124	1251.0	0	39
distilgpt2	ours	warm	1	125	1265.0	0	39
distilgpt2	ours	warm	1	126	2615.9	0	39
distilgpt2	ours	warm	1	127	1250.0	0	39
distilgpt2	ours	warm	1	128	1267.9	0	39
distilgpt2	ours	warm	1	129	1258.1	0	39
distilgpt2	ours	warm	1	130	1250.0	0	39
distilgpt2	ours	warm	1	131	1235.0	0	39
distilgpt2	ours	warm	1	132	1258.1	0	39
distilgpt2	ours	warm	1	133	1235.0	0	39
distilgpt2	ours	warm	1	134	1259.1	0	39
distilgpt2	ours	warm	1	135	1239.1	0	39
distilgpt2	ours	warm	1	136	1241.9	0	39
distilgpt2	ours	warm	1	137	1252.2	0	39
distilgpt2	ours	warm	1	138	1263.9	0	39
distilgpt2	ours	warm	1	139	1272.0	0	39
distilgpt2	ours	warm	1	140	1242.9	0	39
distilgpt2	ours	warm	1	141	1240.0	0	39
distilgpt2	ours	warm	1	142	1302.0	0	39
distilgpt2	ours	warm	1	143	1309.9	0	39
distilgpt2	ours	warm	1	144	1246.0	0	39
distilgpt2	ours	warm	1	145	1255.0	0	39
distilgpt2	ours	warm	1	146	1249.1	0	39
distilgpt2	ours	warm	1	147	1241.0	0	39
distilgpt2	ours	warm	1	148	2840.0	0	39
distilgpt2	ours	warm	1	149	1255.0	0	39
distilgpt2	ours	warm	1	150	1236.2	0	39
distilgpt2	ours	warm	1	151	1236.0	0	39
distilgpt2	ours	warm	1	152	1256.0	0	39
distilgpt2	ours	warm	1	153	1234.1	0	39
distilgpt2	ours	warm	1	154	1258.1	0	39
distilgpt2	ours	warm	1	155	1263.1	0	39
distilgpt2	ours	warm	1	156	1253.8	0	39
distilgpt2	ours	warm	1	157	1238.8	0	39
distilgpt2	ours	warm	1	158	1248.8	0	39
distilgpt2	ours	warm	1	159	1301.1	0	39
distilgpt2	ours	warm	1	160	1236.2	0	39
distilgpt2	ours	warm	1	161	1252.9	0	39
distilgpt2	ours	warm	1	162	1252.2	0	39
distilgpt2	ours	warm	1	163	1246.9	0	39
distilgpt2	ours	warm	1	164	1271.0	0	39
distilgpt2	ours	warm	1	165	1253.1	0	39
distilgpt2	ours	warm	1	166	2713.0	0	39
distilgpt2	ours	warm	1	167	1253.8	0	39
distilgpt2	ours	warm	1	168	1236.2	0	39
distilgpt2	ours	warm	1	169	1252.9	0	39
distilgpt2	ours	warm	1	170	1255.0	0	39
distilgpt2	ours	warm	1	171	1247.2	0	39
distilgpt2	ours	warm	1	172	1251.0	0	39
distilgpt2	ours	warm	1	173	1250.0	0	39
distilgpt2	ours	warm	1	174	1236.0	0	39
distilgpt2	ours	warm	1	175	1245.0	0	39
distilgpt2	ours	warm	1	176	1228.1	0	39
distilgpt2	ours	warm	1	177	1248.8	0	39
distilgpt2	ours	warm	1	178	1231.0	0	39
distilgpt2	ours	warm	1	179	1241.0	0	39
distilgpt2	ours	warm	1	180	1234.1	0	39
distilgpt2	ours	warm	1	181	1235.0	0	39
distilgpt2	ours	warm	1	182	1256.2	0	39
distilgpt2	ours	warm	1	183	1247.9	0	39
distilgpt2	ours	warm	1	184	1242.2	0	39
distilgpt2	ours	warm	1	185	1250.0	0	39
distilgpt2	ours	warm	1	186	1240.0	0	39
distilgpt2	ours	warm	1	187	1244.1	0	39
distilgpt2	ours	warm	1	188	1260.0	0	39
distilgpt2	ours	warm	1	189	1244.1	0	39
distilgpt2	ours	warm	1	190	1245.0	0	39
distilgpt2	ours	warm	1	191	1236.9	0	39
distilgpt2	ours	warm	1	192	2815.0	0	39
distilgpt2	ours	warm	1	193	1253.8	0	39
distilgpt2	ours	warm	1	194	1247.2	0	39
distilgpt2	ours	warm	1	195	1255.0	0	39
distilgpt2	ours	warm	1	196	1246.9	0	39
distilgpt2	ours	warm	1	197	1239.1	0	39
distilgpt2	ours	warm	1	198	1251.9	0	39
distilgpt2	ours	warm	1	199	1248.8	0	39
distilgpt2	ours	warm	1	200	1259.8	0	39
distilgpt2	ours	warm	1	201	1247.9	0	39
distilgpt2	ours	warm	1	202	1264.1	0	39
distilgpt2	ours	warm	1	203	1246.0	0	39
distilgpt2	ours	warm	1	204	1244.1	0	39
distilgpt2	ours	warm	1	205	1246.9	0	39
distilgpt2	ours	warm	1	206	1245.0	0	39
distilgpt2	ours	warm	1	207	1239.8	0	39
distilgpt2	ours	warm	1	208	1276.0	0	39
distilgpt2	ours	warm	1	209	1253.8	0	39
distilgpt2	ours	warm	1	210	1241.0	0	39
distilgpt2	ours	warm	1	211	1241.9	0	39
distilgpt2	ours	warm	1	212	1254.1	0	39
distilgpt2	ours	warm	1	213	1232.1	0	39
distilgpt2	ours	warm	1	214	1244.1	0	39
distilgpt2	ours	warm	1	215	1283.9	0	39
distilgpt2	ours	warm	1	216	2943.0	0	39
distilgpt2	ours	warm	1	217	1246.0	0	39
distilgpt2	ours	warm	1	218	1239.1	0	39
distilgpt2	ours	warm	1	219	1282.9	0	39
distilgpt2	ours	warm	1	220	1249.1	0	39
distilgpt2	ours	warm	1	221	1241.9	0	39
distilgpt2	ours	warm	1	222	1272.2	0	39
distilgpt2	ours	warm	1	223	1242.9	0	39
distilgpt2	ours	warm	1	224	1272.9	0	39
distilgpt2	ours	warm	1	225	1249.1	0	39
distilgpt2	ours	warm	1	226	1266.0	0	39
distilgpt2	ours	warm	1	227	1303.0	0	39
distilgpt2	ours	warm	1	228	1261.2	0	39
distilgpt2	ours	warm	1	229	1245.0	0	39
distilgpt2	ours	warm	1	230	1282.0	0	39
distilgpt2	ours	warm	1	231	1253.1	0	39
distilgpt2	ours	warm	1	232	1241.0	0	39
distilgpt2	ours	warm	1	233	1236.0	0	39
distilgpt2	ours	warm	1	234	1267.9	0	39
distilgpt2	ours	warm	1	235	1249.1	0	39
distilgpt2	ours	warm	1	236	1244.1	0	39
distilgpt2	ours	warm	1	237	1239.1	0	39
distilgpt2	ours	warm	1	238	1240.0	0	39
distilgpt2	ours	warm	1	239	1265.0	0	39
distilgpt2	ours	warm	1	240	1292.0	0	39
distilgpt2	ours	warm	1	241	1257.2	0	39
distilgpt2	ours	warm	1	242	1299.9	0	39
distilgpt2	ours	warm	1	243	3222.0	0	39
distilgpt2	ours	warm	1	244	1253.8	0	39
distilgpt2	ours	warm	1	245	1262.9	0	39
distilgpt2	ours	warm	1	246	1258.1	0	39
distilgpt2	ours	warm	1	247	1232.9	0	39
distilgpt2	ours	warm	1	248	1282.9	0	39
distilgpt2	ours	warm	1	249	1256.0	0	39
distilgpt2	ours	warm	1	250	1237.2	0	39
distilgpt2	ours	warm	1	251	1256.0	0	39
distilgpt2	ours	warm	1	252	1266.0	0	39
distilgpt2	ours	warm	1	253	1243.1	0	39
distilgpt2	ours	warm	1	254	1235.0	0	39
distilgpt2	ours	warm	1	255	1246.0	0	39
distilgpt2	ours	warm	1	256	1254.1	0	39
distilgpt2	ours	warm	1	257	1251.9	0	39
distilgpt2	ours	warm	1	258	1238.8	0	39
distilgpt2	ours	warm	1	259	1239.8	0	39
distilgpt2	ours	warm	1	260	1252.9	0	39
distilgpt2	ours	warm	1	261	1256.0	0	39
distilgpt2	ours	warm	1	262	1264.8	0	39
distilgpt2	ours	warm	1	263	1298.9	0	39
distilgpt2	ours	warm	1	264	1266.0	0	39
distilgpt2	ours	warm	1	265	1246.9	0	39
distilgpt2	ours	warm	1	266	1273.9	0	39
distilgpt2	ours	warm	1	267	1253.1	0	39
distilgpt2	ours	warm	1	268	1262.9	0	39
distilgpt2	ours	warm	1	269	1262.2	0	39
distilgpt2	ours	warm	1	270	1262.9	0	39
distilgpt2	ours	warm	1	271	1247.9	0	39
distilgpt2	ours	warm	1	272	1266.0	0	39
distilgpt2	ours	warm	1	273	1289.1	0	39
distilgpt2	ours	warm	1	274	1281.0	0	39
distilgpt2	ours	warm	1	275	3023.1	0	39
distilgpt2	ours	warm	1	276	1260.0	0	39
distilgpt2	ours	warm	1	277	1255.0	0	39
distilgpt2	ours	warm	1	278	1298.0	0	39
distilgpt2	ours	warm	1	279	1273.2	0	39
distilgpt2	ours	warm	1	280	1241.9	0	39
distilgpt2	ours	warm	1	281	1270.1	0	39
distilgpt2	ours	warm	1	282	1249.1	0	39
distilgpt2	ours	warm	1	283	1263.1	0	39
distilgpt2	ours	warm	1	284	1251.0	0	39
distilgpt2	ours	warm	1	285	1240.0	0	39
distilgpt2	ours	warm	1	286	1261.0	0	39
distilgpt2	ours	warm	1	287	1244.1	0	39
distilgpt2	ours	warm	1	288	1254.1	0	39
distilgpt2	ours	warm	1	289	1279.1	0	39
distilgpt2	ours	warm	1	290	1250.0	0	39
distilgpt2	ours	warm	1	291	1243.8	0	39
distilgpt2	ours	warm	1	292	1242.2	0	39
distilgpt2	ours	warm	1	293	1254.1	0	39
distilgpt2	ours	warm	1	294	1257.9	0	39
distilgpt2	ours	warm	1	295	1243.1	0	39
distilgpt2	ours	warm	1	296	1246.0	0	39
distilgpt2	ours	warm	1	297	1257.2	0	39
distilgpt2	ours	warm	1	298	1247.9	0	39
distilgpt2	ours	warm	1	299	1251.9	0	39
distilgpt2	torch-compile	warm	1	0	1561738.3		
distilgpt2	torch-compile	warm	1	1	1749.3		
distilgpt2	torch-compile	warm	1	2	1451.3		
distilgpt2	torch-compile	warm	1	3	1493.9		
distilgpt2	torch-compile	warm	1	4	1475.1		
distilgpt2	torch-compile	warm	1	5	1440.0		
distilgpt2	torch-compile	warm	1	6	1441.0		
distilgpt2	torch-compile	warm	1	7	1459.8		
distilgpt2	torch-compile	warm	1	8	1442.9		
distilgpt2	torch-compile	warm	1	9	1419.1		
distilgpt2	torch-compile	warm	1	10	1423.4		
distilgpt2	torch-compile	warm	1	11	1435.8		
distilgpt2	torch-compile	warm	1	12	1437.7		
distilgpt2	torch-compile	warm	1	13	1431.5		
distilgpt2	torch-compile	warm	1	14	1426.9		
distilgpt2	torch-compile	warm	1	15	1459.8		
distilgpt2	torch-compile	warm	1	16	1428.6		
distilgpt2	torch-compile	warm	1	17	1429.8		
distilgpt2	torch-compile	warm	1	18	1419.8		
distilgpt2	torch-compile	warm	1	19	1419.5		
distilgpt2	torch-compile	warm	1	20	1422.4		
distilgpt2	torch-compile	warm	1	21	1421.0		
distilgpt2	torch-compile	warm	1	22	1472.2		
distilgpt2	torch-compile	warm	1	23	1469.1		
distilgpt2	torch-compile	warm	1	24	1473.9		
distilgpt2	torch-compile	warm	1	25	1435.3		
distilgpt2	torch-compile	warm	1	26	1425.5		
distilgpt2	torch-compile	warm	1	27	1432.7		
distilgpt2	torch-compile	warm	1	28	1426.5		
distilgpt2	torch-compile	warm	1	29	1441.0		
distilgpt2	torch-compile	warm	1	30	1426.2		
distilgpt2	torch-compile	warm	1	31	1442.0		
distilgpt2	torch-compile	warm	1	32	1412.9		
distilgpt2	torch-compile	warm	1	33	1435.5		
distilgpt2	torch-compile	warm	1	34	1417.2		
distilgpt2	torch-compile	warm	1	35	1445.5		
distilgpt2	torch-compile	warm	1	36	1426.7		
distilgpt2	torch-compile	warm	1	37	1442.4		
distilgpt2	torch-compile	warm	1	38	1443.4		
distilgpt2	torch-compile	warm	1	39	1419.5		
distilgpt2	torch-compile	warm	1	40	1497.3		
distilgpt2	torch-compile	warm	1	41	1420.7		
distilgpt2	torch-compile	warm	1	42	1429.1		
distilgpt2	torch-compile	warm	1	43	1442.9		
distilgpt2	torch-compile	warm	1	44	1414.3		
distilgpt2	torch-compile	warm	1	45	1485.6		
distilgpt2	torch-compile	warm	1	46	1487.7		
distilgpt2	torch-compile	warm	1	47	1433.6		
distilgpt2	torch-compile	warm	1	48	1425.5		
distilgpt2	torch-compile	warm	1	49	1469.6		
distilgpt2	torch-compile	warm	1	50	1426.5		
distilgpt2	torch-compile	warm	1	51	1454.4		
distilgpt2	torch-compile	warm	1	52	1423.6		
distilgpt2	torch-compile	warm	1	53	1435.3		
distilgpt2	torch-compile	warm	1	54	1422.6		
distilgpt2	torch-compile	warm	1	55	1416.7		
distilgpt2	torch-compile	warm	1	56	1478.2		
distilgpt2	torch-compile	warm	1	57	1425.3		
distilgpt2	torch-compile	warm	1	58	1442.2		
distilgpt2	torch-compile	warm	1	59	1440.0		
distilgpt2	torch-compile	warm	1	60	1461.5		
distilgpt2	torch-compile	warm	1	61	1417.9		
distilgpt2	torch-compile	warm	1	62	1442.0		
distilgpt2	torch-compile	warm	1	63	1434.6		
distilgpt2	torch-compile	warm	1	64	1418.1		
distilgpt2	torch-compile	warm	1	65	1445.5		
distilgpt2	torch-compile	warm	1	66	1416.4		
distilgpt2	torch-compile	warm	1	67	1423.6		
distilgpt2	torch-compile	warm	1	68	1430.0		
distilgpt2	torch-compile	warm	1	69	1417.9		
distilgpt2	torch-compile	warm	1	70	1416.0		
distilgpt2	torch-compile	warm	1	71	1409.3		
distilgpt2	torch-compile	warm	1	72	1452.4		
distilgpt2	torch-compile	warm	1	73	1442.9		
distilgpt2	torch-compile	warm	1	74	1452.0		
distilgpt2	torch-compile	warm	1	75	1418.4		
distilgpt2	torch-compile	warm	1	76	1452.0		
distilgpt2	torch-compile	warm	1	77	1415.0		
distilgpt2	torch-compile	warm	1	78	1429.1		
distilgpt2	torch-compile	warm	1	79	1452.4		
distilgpt2	torch-compile	warm	1	80	1420.5		
distilgpt2	torch-compile	warm	1	81	1432.2		
distilgpt2	torch-compile	warm	1	82	1415.0		
distilgpt2	torch-compile	warm	1	83	1408.3		
distilgpt2	torch-compile	warm	1	84	1404.8		
distilgpt2	torch-compile	warm	1	85	1455.8		
distilgpt2	torch-compile	warm	1	86	1472.5		
distilgpt2	torch-compile	warm	1	87	1418.4		
distilgpt2	torch-compile	warm	1	88	1431.2		
distilgpt2	torch-compile	warm	1	89	1411.7		
distilgpt2	torch-compile	warm	1	90	1432.7		
distilgpt2	torch-compile	warm	1	91	1410.7		
distilgpt2	torch-compile	warm	1	92	1424.6		
distilgpt2	torch-compile	warm	1	93	1445.1		
distilgpt2	torch-compile	warm	1	94	1435.3		
distilgpt2	torch-compile	warm	1	95	1459.8		
distilgpt2	torch-compile	warm	1	96	1408.8		
distilgpt2	torch-compile	warm	1	97	1427.9		
distilgpt2	torch-compile	warm	1	98	1457.9		
distilgpt2	torch-compile	warm	1	99	1421.9		
distilgpt2	torch-compile	warm	1	100	1430.3		
distilgpt2	torch-compile	warm	1	101	1426.5		
distilgpt2	torch-compile	warm	1	102	1448.6		
distilgpt2	torch-compile	warm	1	103	1408.8		
distilgpt2	torch-compile	warm	1	104	1435.3		
distilgpt2	torch-compile	warm	1	105	1470.6		
distilgpt2	torch-compile	warm	1	106	1458.6		
distilgpt2	torch-compile	warm	1	107	1417.6		
distilgpt2	torch-compile	warm	1	108	1417.9		
distilgpt2	torch-compile	warm	1	109	1422.6		
distilgpt2	torch-compile	warm	1	110	1488.7		
distilgpt2	torch-compile	warm	1	111	1446.5		
distilgpt2	torch-compile	warm	1	112	1430.7		
distilgpt2	torch-compile	warm	1	113	1440.0		
distilgpt2	torch-compile	warm	1	114	1449.3		
distilgpt2	torch-compile	warm	1	115	1436.7		
distilgpt2	torch-compile	warm	1	116	1411.9		
distilgpt2	torch-compile	warm	1	117	1431.7		
distilgpt2	torch-compile	warm	1	118	1475.6		
distilgpt2	torch-compile	warm	1	119	1425.0		
distilgpt2	torch-compile	warm	1	120	1431.5		
distilgpt2	torch-compile	warm	1	121	1475.6		
distilgpt2	torch-compile	warm	1	122	1496.6		
distilgpt2	torch-compile	warm	1	123	1417.2		
distilgpt2	torch-compile	warm	1	124	1429.8		
distilgpt2	torch-compile	warm	1	125	1446.5		
distilgpt2	torch-compile	warm	1	126	1414.1		
distilgpt2	torch-compile	warm	1	127	1405.0		
distilgpt2	torch-compile	warm	1	128	1408.1		
distilgpt2	torch-compile	warm	1	129	1501.3		
distilgpt2	torch-compile	warm	1	130	1437.2		
distilgpt2	torch-compile	warm	1	131	1456.3		
distilgpt2	torch-compile	warm	1	132	1422.6		
distilgpt2	torch-compile	warm	1	133	1436.7		
distilgpt2	torch-compile	warm	1	134	1450.3		
distilgpt2	torch-compile	warm	1	135	1420.0		
distilgpt2	torch-compile	warm	1	136	1435.5		
distilgpt2	torch-compile	warm	1	137	1430.0		
distilgpt2	torch-compile	warm	1	138	1437.7		
distilgpt2	torch-compile	warm	1	139	1429.6		
distilgpt2	torch-compile	warm	1	140	1422.9		
distilgpt2	torch-compile	warm	1	141	1420.7		
distilgpt2	torch-compile	warm	1	142	1416.7		
distilgpt2	torch-compile	warm	1	143	1471.5		
distilgpt2	torch-compile	warm	1	144	1419.3		
distilgpt2	torch-compile	warm	1	145	1425.5		
distilgpt2	torch-compile	warm	1	146	1433.4		
distilgpt2	torch-compile	warm	1	147	1427.4		
distilgpt2	torch-compile	warm	1	148	1416.7		
distilgpt2	torch-compile	warm	1	149	1411.2		
distilgpt2	torch-compile	warm	1	150	1457.7		
distilgpt2	torch-compile	warm	1	151	1416.2		
distilgpt2	torch-compile	warm	1	152	1432.9		
distilgpt2	torch-compile	warm	1	153	1418.6		
distilgpt2	torch-compile	warm	1	154	1440.5		
distilgpt2	torch-compile	warm	1	155	1450.8		
distilgpt2	torch-compile	warm	1	156	1435.3		
distilgpt2	torch-compile	warm	1	157	1474.1		
distilgpt2	torch-compile	warm	1	158	1438.1		
distilgpt2	torch-compile	warm	1	159	1442.7		
distilgpt2	torch-compile	warm	1	160	1427.9		
distilgpt2	torch-compile	warm	1	161	1475.1		
distilgpt2	torch-compile	warm	1	162	1421.7		
distilgpt2	torch-compile	warm	1	163	1439.3		
distilgpt2	torch-compile	warm	1	164	1421.7		
distilgpt2	torch-compile	warm	1	165	1414.3		
distilgpt2	torch-compile	warm	1	166	1445.5		
distilgpt2	torch-compile	warm	1	167	1424.3		
distilgpt2	torch-compile	warm	1	168	1421.9		
distilgpt2	torch-compile	warm	1	169	1418.4		
distilgpt2	torch-compile	warm	1	170	1431.0		
distilgpt2	torch-compile	warm	1	171	1436.0		
distilgpt2	torch-compile	warm	1	172	1417.2		
distilgpt2	torch-compile	warm	1	173	1422.6		
distilgpt2	torch-compile	warm	1	174	1443.9		
distilgpt2	torch-compile	warm	1	175	1432.4		
distilgpt2	torch-compile	warm	1	176	1426.0		
distilgpt2	torch-compile	warm	1	177	1440.5		
distilgpt2	torch-compile	warm	1	178	1418.6		
distilgpt2	torch-compile	warm	1	179	1413.8		
distilgpt2	torch-compile	warm	1	180	1418.1		
distilgpt2	torch-compile	warm	1	181	1438.4		
distilgpt2	torch-compile	warm	1	182	1430.0		
distilgpt2	torch-compile	warm	1	183	1420.3		
distilgpt2	torch-compile	warm	1	184	1431.0		
distilgpt2	torch-compile	warm	1	185	1423.1		
distilgpt2	torch-compile	warm	1	186	1416.2		
distilgpt2	torch-compile	warm	1	187	1404.8		
distilgpt2	torch-compile	warm	1	188	1439.3		
distilgpt2	torch-compile	warm	1	189	1434.1		
distilgpt2	torch-compile	warm	1	190	1377.6		
distilgpt2	torch-compile	warm	1	191	1424.3		
distilgpt2	torch-compile	warm	1	192	1404.0		
distilgpt2	torch-compile	warm	1	193	1381.6		
distilgpt2	torch-compile	warm	1	194	1393.8		
distilgpt2	torch-compile	warm	1	195	1391.4		
distilgpt2	torch-compile	warm	1	196	1438.1		
distilgpt2	torch-compile	warm	1	197	1381.4		
distilgpt2	torch-compile	warm	1	198	1385.7		
distilgpt2	torch-compile	warm	1	199	1400.0		
distilgpt2	torch-compile	warm	1	200	1381.4		
distilgpt2	torch-compile	warm	1	201	1393.8		
distilgpt2	torch-compile	warm	1	202	1375.0		
distilgpt2	torch-compile	warm	1	203	1368.0		
distilgpt2	torch-compile	warm	1	204	1465.1		
distilgpt2	torch-compile	warm	1	205	1372.1		
distilgpt2	torch-compile	warm	1	206	1393.8		
distilgpt2	torch-compile	warm	1	207	1384.0		
distilgpt2	torch-compile	warm	1	208	1380.2		
distilgpt2	torch-compile	warm	1	209	1421.7		
distilgpt2	torch-compile	warm	1	210	1387.8		
distilgpt2	torch-compile	warm	1	211	1385.0		
distilgpt2	torch-compile	warm	1	212	1395.5		
distilgpt2	torch-compile	warm	1	213	1375.4		
distilgpt2	torch-compile	warm	1	214	1416.7		
distilgpt2	torch-compile	warm	1	215	1389.5		
distilgpt2	torch-compile	warm	1	216	1386.9		
distilgpt2	torch-compile	warm	1	217	1392.4		
distilgpt2	torch-compile	warm	1	218	1385.9		
distilgpt2	torch-compile	warm	1	219	1382.1		
distilgpt2	torch-compile	warm	1	220	1396.7		
distilgpt2	torch-compile	warm	1	221	1443.9		
distilgpt2	torch-compile	warm	1	222	1377.3		
distilgpt2	torch-compile	warm	1	223	1379.3		
distilgpt2	torch-compile	warm	1	224	1447.7		
distilgpt2	torch-compile	warm	1	225	1393.8		
distilgpt2	torch-compile	warm	1	226	1406.4		
distilgpt2	torch-compile	warm	1	227	1377.1		
distilgpt2	torch-compile	warm	1	228	1402.9		
distilgpt2	torch-compile	warm	1	229	1385.9		
distilgpt2	torch-compile	warm	1	230	1377.8		
distilgpt2	torch-compile	warm	1	231	1381.2		
distilgpt2	torch-compile	warm	1	232	1383.3		
distilgpt2	torch-compile	warm	1	233	1387.6		
distilgpt2	torch-compile	warm	1	234	1416.9		
distilgpt2	torch-compile	warm	1	235	1431.5		
distilgpt2	torch-compile	warm	1	236	1396.4		
distilgpt2	torch-compile	warm	1	237	1397.8		
distilgpt2	torch-compile	warm	1	238	1406.4		
distilgpt2	torch-compile	warm	1	239	1403.3		
distilgpt2	torch-compile	warm	1	240	1415.7		
distilgpt2	torch-compile	warm	1	241	1394.7		
distilgpt2	torch-compile	warm	1	242	1399.3		
distilgpt2	torch-compile	warm	1	243	1368.0		
distilgpt2	torch-compile	warm	1	244	1428.4		
distilgpt2	torch-compile	warm	1	245	1382.8		
distilgpt2	torch-compile	warm	1	246	1392.4		
distilgpt2	torch-compile	warm	1	247	1394.0		
distilgpt2	torch-compile	warm	1	248	1390.5		
distilgpt2	torch-compile	warm	1	249	1390.2		
distilgpt2	torch-compile	warm	1	250	1384.7		
distilgpt2	torch-compile	warm	1	251	1390.0		
distilgpt2	torch-compile	warm	1	252	1397.4		
distilgpt2	torch-compile	warm	1	253	1377.1		
distilgpt2	torch-compile	warm	1	254	1428.6		
distilgpt2	torch-compile	warm	1	255	1370.9		
distilgpt2	torch-compile	warm	1	256	1384.5		
distilgpt2	torch-compile	warm	1	257	1377.1		
distilgpt2	torch-compile	warm	1	258	1379.0		
distilgpt2	torch-compile	warm	1	259	1409.3		
distilgpt2	torch-compile	warm	1	260	1375.7		
distilgpt2	torch-compile	warm	1	261	1384.3		
distilgpt2	torch-compile	warm	1	262	1389.3		
distilgpt2	torch-compile	warm	1	263	1395.7		
distilgpt2	torch-compile	warm	1	264	1420.7		
distilgpt2	torch-compile	warm	1	265	1398.6		
distilgpt2	torch-compile	warm	1	266	1384.0		
distilgpt2	torch-compile	warm	1	267	1399.0		
distilgpt2	torch-compile	warm	1	268	1442.4		
distilgpt2	torch-compile	warm	1	269	1401.2		
distilgpt2	torch-compile	warm	1	270	1385.0		
distilgpt2	torch-compile	warm	1	271	1410.5		
distilgpt2	torch-compile	warm	1	272	1383.5		
distilgpt2	torch-compile	warm	1	273	1402.4		
distilgpt2	torch-compile	warm	1	274	1435.5		
distilgpt2	torch-compile	warm	1	275	1428.1		
distilgpt2	torch-compile	warm	1	276	1385.7		
distilgpt2	torch-compile	warm	1	277	1385.7		
distilgpt2	torch-compile	warm	1	278	1385.0		
distilgpt2	torch-compile	warm	1	279	1468.7		
distilgpt2	torch-compile	warm	1	280	1405.2		
distilgpt2	torch-compile	warm	1	281	1408.6		
distilgpt2	torch-compile	warm	1	282	1385.2		
distilgpt2	torch-compile	warm	1	283	1379.5		
distilgpt2	torch-compile	warm	1	284	1389.5		
distilgpt2	torch-compile	warm	1	285	1395.5		
distilgpt2	torch-compile	warm	1	286	1385.5		
distilgpt2	torch-compile	warm	1	287	1385.2		
distilgpt2	torch-compile	warm	1	288	1402.1		
distilgpt2	torch-compile	warm	1	289	1480.6		
distilgpt2	torch-compile	warm	1	290	1408.3		
distilgpt2	torch-compile	warm	1	291	1433.4		
distilgpt2	torch-compile	warm	1	292	1454.4		
distilgpt2	torch-compile	warm	1	293	1403.6		
distilgpt2	torch-compile	warm	1	294	1430.5		
distilgpt2	torch-compile	warm	1	295	1393.1		
distilgpt2	torch-compile	warm	1	296	1422.4		
distilgpt2	torch-compile	warm	1	297	1386.6		
distilgpt2	torch-compile	warm	1	298	1400.5		
distilgpt2	torch-compile	warm	1	299	1406.0		
distilgpt2	torch-compile-ro	warm	1	0	1566397.7		
distilgpt2	torch-compile-ro	warm	1	1	28534.2		
distilgpt2	torch-compile-ro	warm	1	2	1680.1		
distilgpt2	torch-compile-ro	warm	1	3	1394.7		
distilgpt2	torch-compile-ro	warm	1	4	1378.3		
distilgpt2	torch-compile-ro	warm	1	5	1353.5		
distilgpt2	torch-compile-ro	warm	1	6	1348.0		
distilgpt2	torch-compile-ro	warm	1	7	1353.5		
distilgpt2	torch-compile-ro	warm	1	8	1342.8		
distilgpt2	torch-compile-ro	warm	1	9	1346.3		
distilgpt2	torch-compile-ro	warm	1	10	1353.5		
distilgpt2	torch-compile-ro	warm	1	11	1352.3		
distilgpt2	torch-compile-ro	warm	1	12	1386.6		
distilgpt2	torch-compile-ro	warm	1	13	1357.6		
distilgpt2	torch-compile-ro	warm	1	14	1351.1		
distilgpt2	torch-compile-ro	warm	1	15	1383.5		
distilgpt2	torch-compile-ro	warm	1	16	1347.8		
distilgpt2	torch-compile-ro	warm	1	17	1340.6		
distilgpt2	torch-compile-ro	warm	1	18	1351.8		
distilgpt2	torch-compile-ro	warm	1	19	1342.5		
distilgpt2	torch-compile-ro	warm	1	20	1380.4		
distilgpt2	torch-compile-ro	warm	1	21	1398.8		
distilgpt2	torch-compile-ro	warm	1	22	1354.9		
distilgpt2	torch-compile-ro	warm	1	23	1355.9		
distilgpt2	torch-compile-ro	warm	1	24	1399.3		
distilgpt2	torch-compile-ro	warm	1	25	1370.7		
distilgpt2	torch-compile-ro	warm	1	26	1343.3		
distilgpt2	torch-compile-ro	warm	1	27	1346.6		
distilgpt2	torch-compile-ro	warm	1	28	1360.7		
distilgpt2	torch-compile-ro	warm	1	29	1360.7		
distilgpt2	torch-compile-ro	warm	1	30	1376.9		
distilgpt2	torch-compile-ro	warm	1	31	1353.5		
distilgpt2	torch-compile-ro	warm	1	32	1349.2		
distilgpt2	torch-compile-ro	warm	1	33	1356.8		
distilgpt2	torch-compile-ro	warm	1	34	1375.9		
distilgpt2	torch-compile-ro	warm	1	35	1341.6		
distilgpt2	torch-compile-ro	warm	1	36	1408.3		
distilgpt2	torch-compile-ro	warm	1	37	1366.1		
distilgpt2	torch-compile-ro	warm	1	38	1337.8		
distilgpt2	torch-compile-ro	warm	1	39	1351.1		
distilgpt2	torch-compile-ro	warm	1	40	1365.9		
distilgpt2	torch-compile-ro	warm	1	41	1358.7		
distilgpt2	torch-compile-ro	warm	1	42	1389.7		
distilgpt2	torch-compile-ro	warm	1	43	1380.4		
distilgpt2	torch-compile-ro	warm	1	44	1378.5		
distilgpt2	torch-compile-ro	warm	1	45	1380.0		
distilgpt2	torch-compile-ro	warm	1	46	1370.0		
distilgpt2	torch-compile-ro	warm	1	47	1347.8		
distilgpt2	torch-compile-ro	warm	1	48	1400.5		
distilgpt2	torch-compile-ro	warm	1	49	1344.2		
distilgpt2	torch-compile-ro	warm	1	50	1366.6		
distilgpt2	torch-compile-ro	warm	1	51	1366.1		
distilgpt2	torch-compile-ro	warm	1	52	1359.9		
distilgpt2	torch-compile-ro	warm	1	53	1382.6		
distilgpt2	torch-compile-ro	warm	1	54	1410.2		
distilgpt2	torch-compile-ro	warm	1	55	1350.6		
distilgpt2	torch-compile-ro	warm	1	56	1335.6		
distilgpt2	torch-compile-ro	warm	1	57	1358.0		
distilgpt2	torch-compile-ro	warm	1	58	1348.3		
distilgpt2	torch-compile-ro	warm	1	59	1340.9		
distilgpt2	torch-compile-ro	warm	1	60	1342.5		
distilgpt2	torch-compile-ro	warm	1	61	1391.2		
distilgpt2	torch-compile-ro	warm	1	62	1346.1		
distilgpt2	torch-compile-ro	warm	1	63	1375.7		
distilgpt2	torch-compile-ro	warm	1	64	1357.1		
distilgpt2	torch-compile-ro	warm	1	65	1351.6		
distilgpt2	torch-compile-ro	warm	1	66	1368.8		
distilgpt2	torch-compile-ro	warm	1	67	1342.1		
distilgpt2	torch-compile-ro	warm	1	68	1345.6		
distilgpt2	torch-compile-ro	warm	1	69	1350.4		
distilgpt2	torch-compile-ro	warm	1	70	1342.3		
distilgpt2	torch-compile-ro	warm	1	71	1365.9		
distilgpt2	torch-compile-ro	warm	1	72	1377.6		
distilgpt2	torch-compile-ro	warm	1	73	1352.5		
distilgpt2	torch-compile-ro	warm	1	74	1353.3		
distilgpt2	torch-compile-ro	warm	1	75	1392.4		
distilgpt2	torch-compile-ro	warm	1	76	1367.8		
distilgpt2	torch-compile-ro	warm	1	77	1379.5		
distilgpt2	torch-compile-ro	warm	1	78	1375.2		
distilgpt2	torch-compile-ro	warm	1	79	1411.0		
distilgpt2	torch-compile-ro	warm	1	80	1379.0		
distilgpt2	torch-compile-ro	warm	1	81	1372.8		
distilgpt2	torch-compile-ro	warm	1	82	1343.0		
distilgpt2	torch-compile-ro	warm	1	83	1370.0		
distilgpt2	torch-compile-ro	warm	1	84	1350.6		
distilgpt2	torch-compile-ro	warm	1	85	1400.5		
distilgpt2	torch-compile-ro	warm	1	86	1350.9		
distilgpt2	torch-compile-ro	warm	1	87	1412.4		
distilgpt2	torch-compile-ro	warm	1	88	1343.3		
distilgpt2	torch-compile-ro	warm	1	89	1342.1		
distilgpt2	torch-compile-ro	warm	1	90	1352.8		
distilgpt2	torch-compile-ro	warm	1	91	1338.2		
distilgpt2	torch-compile-ro	warm	1	92	1340.9		
distilgpt2	torch-compile-ro	warm	1	93	1342.1		
distilgpt2	torch-compile-ro	warm	1	94	1349.0		
distilgpt2	torch-compile-ro	warm	1	95	1343.7		
distilgpt2	torch-compile-ro	warm	1	96	1405.0		
distilgpt2	torch-compile-ro	warm	1	97	1357.6		
distilgpt2	torch-compile-ro	warm	1	98	1350.9		
distilgpt2	torch-compile-ro	warm	1	99	1343.7		
distilgpt2	torch-compile-ro	warm	1	100	1361.8		
distilgpt2	torch-compile-ro	warm	1	101	1343.3		
distilgpt2	torch-compile-ro	warm	1	102	1344.9		
distilgpt2	torch-compile-ro	warm	1	103	1343.7		
distilgpt2	torch-compile-ro	warm	1	104	1359.0		
distilgpt2	torch-compile-ro	warm	1	105	1342.3		
distilgpt2	torch-compile-ro	warm	1	106	1359.0		
distilgpt2	torch-compile-ro	warm	1	107	1360.7		
distilgpt2	torch-compile-ro	warm	1	108	1363.0		
distilgpt2	torch-compile-ro	warm	1	109	1344.0		
distilgpt2	torch-compile-ro	warm	1	110	1353.7		
distilgpt2	torch-compile-ro	warm	1	111	1460.8		
distilgpt2	torch-compile-ro	warm	1	112	1398.6		
distilgpt2	torch-compile-ro	warm	1	113	1354.2		
distilgpt2	torch-compile-ro	warm	1	114	1414.5		
distilgpt2	torch-compile-ro	warm	1	115	1351.8		
distilgpt2	torch-compile-ro	warm	1	116	1354.2		
distilgpt2	torch-compile-ro	warm	1	117	1356.6		
distilgpt2	torch-compile-ro	warm	1	118	1354.0		
distilgpt2	torch-compile-ro	warm	1	119	1343.5		
distilgpt2	torch-compile-ro	warm	1	120	1416.7		
distilgpt2	torch-compile-ro	warm	1	121	1359.9		
distilgpt2	torch-compile-ro	warm	1	122	1352.5		
distilgpt2	torch-compile-ro	warm	1	123	1358.5		
distilgpt2	torch-compile-ro	warm	1	124	1412.6		
distilgpt2	torch-compile-ro	warm	1	125	1355.2		
distilgpt2	torch-compile-ro	warm	1	126	1343.5		
distilgpt2	torch-compile-ro	warm	1	127	1413.8		
distilgpt2	torch-compile-ro	warm	1	128	1351.6		
distilgpt2	torch-compile-ro	warm	1	129	1364.0		
distilgpt2	torch-compile-ro	warm	1	130	1335.1		
distilgpt2	torch-compile-ro	warm	1	131	1342.8		
distilgpt2	torch-compile-ro	warm	1	132	1349.2		
distilgpt2	torch-compile-ro	warm	1	133	1338.2		
distilgpt2	torch-compile-ro	warm	1	134	1350.9		
distilgpt2	torch-compile-ro	warm	1	135	1342.1		
distilgpt2	torch-compile-ro	warm	1	136	1358.5		
distilgpt2	torch-compile-ro	warm	1	137	1353.7		
distilgpt2	torch-compile-ro	warm	1	138	1342.1		
distilgpt2	torch-compile-ro	warm	1	139	1348.3		
distilgpt2	torch-compile-ro	warm	1	140	1354.9		
distilgpt2	torch-compile-ro	warm	1	141	1364.0		
distilgpt2	torch-compile-ro	warm	1	142	1370.7		
distilgpt2	torch-compile-ro	warm	1	143	1407.6		
distilgpt2	torch-compile-ro	warm	1	144	1344.4		
distilgpt2	torch-compile-ro	warm	1	145	1336.8		
distilgpt2	torch-compile-ro	warm	1	146	1337.3		
distilgpt2	torch-compile-ro	warm	1	147	1372.6		
distilgpt2	torch-compile-ro	warm	1	148	1352.1		
distilgpt2	torch-compile-ro	warm	1	149	1402.6		
distilgpt2	torch-compile-ro	warm	1	150	1335.4		
distilgpt2	torch-compile-ro	warm	1	151	1389.7		
distilgpt2	torch-compile-ro	warm	1	152	1368.8		
distilgpt2	torch-compile-ro	warm	1	153	1305.1		
distilgpt2	torch-compile-ro	warm	1	154	1305.1		
distilgpt2	torch-compile-ro	warm	1	155	1312.7		
distilgpt2	torch-compile-ro	warm	1	156	1313.9		
distilgpt2	torch-compile-ro	warm	1	157	1305.8		
distilgpt2	torch-compile-ro	warm	1	158	1303.7		
distilgpt2	torch-compile-ro	warm	1	159	1346.1		
distilgpt2	torch-compile-ro	warm	1	160	1305.1		
distilgpt2	torch-compile-ro	warm	1	161	1322.5		
distilgpt2	torch-compile-ro	warm	1	162	1305.3		
distilgpt2	torch-compile-ro	warm	1	163	1375.4		
distilgpt2	torch-compile-ro	warm	1	164	1309.6		
distilgpt2	torch-compile-ro	warm	1	165	1311.8		
distilgpt2	torch-compile-ro	warm	1	166	1336.1		
distilgpt2	torch-compile-ro	warm	1	167	1304.1		
distilgpt2	torch-compile-ro	warm	1	168	1305.6		
distilgpt2	torch-compile-ro	warm	1	169	1304.4		
distilgpt2	torch-compile-ro	warm	1	170	1319.4		
distilgpt2	torch-compile-ro	warm	1	171	1354.0		
distilgpt2	torch-compile-ro	warm	1	172	1298.4		
distilgpt2	torch-compile-ro	warm	1	173	1322.7		
distilgpt2	torch-compile-ro	warm	1	174	1308.7		
distilgpt2	torch-compile-ro	warm	1	175	1298.7		
distilgpt2	torch-compile-ro	warm	1	176	1303.4		
distilgpt2	torch-compile-ro	warm	1	177	1311.1		
distilgpt2	torch-compile-ro	warm	1	178	1350.2		
distilgpt2	torch-compile-ro	warm	1	179	1309.9		
distilgpt2	torch-compile-ro	warm	1	180	1329.2		
distilgpt2	torch-compile-ro	warm	1	181	1324.4		
distilgpt2	torch-compile-ro	warm	1	182	1310.1		
distilgpt2	torch-compile-ro	warm	1	183	1315.4		
distilgpt2	torch-compile-ro	warm	1	184	1308.9		
distilgpt2	torch-compile-ro	warm	1	185	1333.2		
distilgpt2	torch-compile-ro	warm	1	186	1317.3		
distilgpt2	torch-compile-ro	warm	1	187	1322.5		
distilgpt2	torch-compile-ro	warm	1	188	1320.6		
distilgpt2	torch-compile-ro	warm	1	189	1335.9		
distilgpt2	torch-compile-ro	warm	1	190	1311.8		
distilgpt2	torch-compile-ro	warm	1	191	1354.5		
distilgpt2	torch-compile-ro	warm	1	192	1315.4		
distilgpt2	torch-compile-ro	warm	1	193	1305.8		
distilgpt2	torch-compile-ro	warm	1	194	1313.4		
distilgpt2	torch-compile-ro	warm	1	195	1307.5		
distilgpt2	torch-compile-ro	warm	1	196	1363.3		
distilgpt2	torch-compile-ro	warm	1	197	1340.6		
distilgpt2	torch-compile-ro	warm	1	198	1323.2		
distilgpt2	torch-compile-ro	warm	1	199	1304.6		
distilgpt2	torch-compile-ro	warm	1	200	1302.5		
distilgpt2	torch-compile-ro	warm	1	201	1306.5		
distilgpt2	torch-compile-ro	warm	1	202	1304.6		
distilgpt2	torch-compile-ro	warm	1	203	1354.9		
distilgpt2	torch-compile-ro	warm	1	204	1294.9		
distilgpt2	torch-compile-ro	warm	1	205	1367.8		
distilgpt2	torch-compile-ro	warm	1	206	1313.4		
distilgpt2	torch-compile-ro	warm	1	207	1316.8		
distilgpt2	torch-compile-ro	warm	1	208	1347.1		
distilgpt2	torch-compile-ro	warm	1	209	1308.4		
distilgpt2	torch-compile-ro	warm	1	210	1308.0		
distilgpt2	torch-compile-ro	warm	1	211	1316.1		
distilgpt2	torch-compile-ro	warm	1	212	1308.2		
distilgpt2	torch-compile-ro	warm	1	213	1323.7		
distilgpt2	torch-compile-ro	warm	1	214	1326.8		
distilgpt2	torch-compile-ro	warm	1	215	1300.6		
distilgpt2	torch-compile-ro	warm	1	216	1339.9		
distilgpt2	torch-compile-ro	warm	1	217	1327.3		
distilgpt2	torch-compile-ro	warm	1	218	1300.1		
distilgpt2	torch-compile-ro	warm	1	219	1320.4		
distilgpt2	torch-compile-ro	warm	1	220	1363.3		
distilgpt2	torch-compile-ro	warm	1	221	1354.0		
distilgpt2	torch-compile-ro	warm	1	222	1333.5		
distilgpt2	torch-compile-ro	warm	1	223	1310.6		
distilgpt2	torch-compile-ro	warm	1	224	1303.7		
distilgpt2	torch-compile-ro	warm	1	225	1317.0		
distilgpt2	torch-compile-ro	warm	1	226	1339.2		
distilgpt2	torch-compile-ro	warm	1	227	1324.4		
distilgpt2	torch-compile-ro	warm	1	228	1375.9		
distilgpt2	torch-compile-ro	warm	1	229	1311.5		
distilgpt2	torch-compile-ro	warm	1	230	1338.7		
distilgpt2	torch-compile-ro	warm	1	231	1302.7		
distilgpt2	torch-compile-ro	warm	1	232	1334.7		
distilgpt2	torch-compile-ro	warm	1	233	1305.8		
distilgpt2	torch-compile-ro	warm	1	234	1306.5		
distilgpt2	torch-compile-ro	warm	1	235	1349.2		
distilgpt2	torch-compile-ro	warm	1	236	1337.1		
distilgpt2	torch-compile-ro	warm	1	237	1330.1		
distilgpt2	torch-compile-ro	warm	1	238	1323.0		
distilgpt2	torch-compile-ro	warm	1	239	1325.6		
distilgpt2	torch-compile-ro	warm	1	240	1342.1		
distilgpt2	torch-compile-ro	warm	1	241	1328.7		
distilgpt2	torch-compile-ro	warm	1	242	1381.4		
distilgpt2	torch-compile-ro	warm	1	243	1360.2		
distilgpt2	torch-compile-ro	warm	1	244	1331.3		
distilgpt2	torch-compile-ro	warm	1	245	1312.3		
distilgpt2	torch-compile-ro	warm	1	246	1330.6		
distilgpt2	torch-compile-ro	warm	1	247	1329.7		
distilgpt2	torch-compile-ro	warm	1	248	1307.0		
distilgpt2	torch-compile-ro	warm	1	249	1322.5		
distilgpt2	torch-compile-ro	warm	1	250	1342.1		
distilgpt2	torch-compile-ro	warm	1	251	1318.5		
distilgpt2	torch-compile-ro	warm	1	252	1326.8		
distilgpt2	torch-compile-ro	warm	1	253	1341.8		
distilgpt2	torch-compile-ro	warm	1	254	1308.4		
distilgpt2	torch-compile-ro	warm	1	255	1313.9		
distilgpt2	torch-compile-ro	warm	1	256	1321.1		
distilgpt2	torch-compile-ro	warm	1	257	1315.8		
distilgpt2	torch-compile-ro	warm	1	258	1306.5		
distilgpt2	torch-compile-ro	warm	1	259	1314.4		
distilgpt2	torch-compile-ro	warm	1	260	1334.9		
distilgpt2	torch-compile-ro	warm	1	261	1308.0		
distilgpt2	torch-compile-ro	warm	1	262	1339.2		
distilgpt2	torch-compile-ro	warm	1	263	1336.1		
distilgpt2	torch-compile-ro	warm	1	264	1320.4		
distilgpt2	torch-compile-ro	warm	1	265	1318.9		
distilgpt2	torch-compile-ro	warm	1	266	1335.9		
distilgpt2	torch-compile-ro	warm	1	267	1376.2		
distilgpt2	torch-compile-ro	warm	1	268	1326.8		
distilgpt2	torch-compile-ro	warm	1	269	1308.7		
distilgpt2	torch-compile-ro	warm	1	270	1323.0		
distilgpt2	torch-compile-ro	warm	1	271	1325.6		
distilgpt2	torch-compile-ro	warm	1	272	1353.3		
distilgpt2	torch-compile-ro	warm	1	273	1314.9		
distilgpt2	torch-compile-ro	warm	1	274	1315.4		
distilgpt2	torch-compile-ro	warm	1	275	1316.1		
distilgpt2	torch-compile-ro	warm	1	276	1309.6		
distilgpt2	torch-compile-ro	warm	1	277	1310.1		
distilgpt2	torch-compile-ro	warm	1	278	1337.1		
distilgpt2	torch-compile-ro	warm	1	279	1332.5		
distilgpt2	torch-compile-ro	warm	1	280	1342.5		
distilgpt2	torch-compile-ro	warm	1	281	1326.8		
distilgpt2	torch-compile-ro	warm	1	282	1325.4		
distilgpt2	torch-compile-ro	warm	1	283	1337.5		
distilgpt2	torch-compile-ro	warm	1	284	1310.6		
distilgpt2	torch-compile-ro	warm	1	285	1333.2		
distilgpt2	torch-compile-ro	warm	1	286	1343.7		
distilgpt2	torch-compile-ro	warm	1	287	1314.4		
distilgpt2	torch-compile-ro	warm	1	288	1318.2		
distilgpt2	torch-compile-ro	warm	1	289	1329.4		
distilgpt2	torch-compile-ro	warm	1	290	1318.0		
distilgpt2	torch-compile-ro	warm	1	291	1306.3		
distilgpt2	torch-compile-ro	warm	1	292	1315.6		
distilgpt2	torch-compile-ro	warm	1	293	1310.3		
distilgpt2	torch-compile-ro	warm	1	294	1313.9		
distilgpt2	torch-compile-ro	warm	1	295	1334.4		
distilgpt2	torch-compile-ro	warm	1	296	1311.1		
distilgpt2	torch-compile-ro	warm	1	297	1304.4		
distilgpt2	torch-compile-ro	warm	1	298	1320.4		
distilgpt2	torch-compile-ro	warm	1	299	1362.1		
distilgpt2	jax	warm	1	0	56028.0		
distilgpt2	jax	warm	1	1	1475.0		
distilgpt2	jax	warm	1	2	1344.3		
distilgpt2	jax	warm	1	3	1255.0		
distilgpt2	jax	warm	1	4	1265.6		
distilgpt2	jax	warm	1	5	1260.2		
distilgpt2	jax	warm	1	6	1232.0		
distilgpt2	jax	warm	1	7	1239.6		
distilgpt2	jax	warm	1	8	1238.7		
distilgpt2	jax	warm	1	9	1229.3		
distilgpt2	jax	warm	1	10	1198.0		
distilgpt2	jax	warm	1	11	1238.1		
distilgpt2	jax	warm	1	12	1223.4		
distilgpt2	jax	warm	1	13	1242.1		
distilgpt2	jax	warm	1	14	1200.9		
distilgpt2	jax	warm	1	15	1224.6		
distilgpt2	jax	warm	1	16	1229.5		
distilgpt2	jax	warm	1	17	1232.4		
distilgpt2	jax	warm	1	18	1218.4		
distilgpt2	jax	warm	1	19	1223.4		
distilgpt2	jax	warm	1	20	1229.6		
distilgpt2	jax	warm	1	21	1227.7		
distilgpt2	jax	warm	1	22	1209.9		
distilgpt2	jax	warm	1	23	1214.8		
distilgpt2	jax	warm	1	24	1215.4		
distilgpt2	jax	warm	1	25	1204.3		
distilgpt2	jax	warm	1	26	1239.5		
distilgpt2	jax	warm	1	27	1210.3		
distilgpt2	jax	warm	1	28	1205.3		
distilgpt2	jax	warm	1	29	1215.3		
distilgpt2	jax	warm	1	30	1218.1		
distilgpt2	jax	warm	1	31	1189.3		
distilgpt2	jax	warm	1	32	1196.5		
distilgpt2	jax	warm	1	33	1172.9		
distilgpt2	jax	warm	1	34	1163.0		
distilgpt2	jax	warm	1	35	1168.9		
distilgpt2	jax	warm	1	36	1192.3		
distilgpt2	jax	warm	1	37	1170.7		
distilgpt2	jax	warm	1	38	1212.4		
distilgpt2	jax	warm	1	39	1168.6		
distilgpt2	jax	warm	1	40	1168.3		
distilgpt2	jax	warm	1	41	1233.3		
distilgpt2	jax	warm	1	42	1182.0		
distilgpt2	jax	warm	1	43	1244.3		
distilgpt2	jax	warm	1	44	1192.1		
distilgpt2	jax	warm	1	45	1164.8		
distilgpt2	jax	warm	1	46	1226.7		
distilgpt2	jax	warm	1	47	1193.7		
distilgpt2	jax	warm	1	48	1190.5		
distilgpt2	jax	warm	1	49	1186.7		
distilgpt2	jax	warm	1	50	1192.5		
distilgpt2	jax	warm	1	51	1201.1		
distilgpt2	jax	warm	1	52	1216.2		
distilgpt2	jax	warm	1	53	1198.5		
distilgpt2	jax	warm	1	54	1203.1		
distilgpt2	jax	warm	1	55	1196.1		
distilgpt2	jax	warm	1	56	1205.3		
distilgpt2	jax	warm	1	57	1168.4		
distilgpt2	jax	warm	1	58	1199.5		
distilgpt2	jax	warm	1	59	1199.9		
distilgpt2	jax	warm	1	60	1210.0		
distilgpt2	jax	warm	1	61	1190.9		
distilgpt2	jax	warm	1	62	1174.8		
distilgpt2	jax	warm	1	63	1204.5		
distilgpt2	jax	warm	1	64	1198.0		
distilgpt2	jax	warm	1	65	1207.2		
distilgpt2	jax	warm	1	66	1234.9		
distilgpt2	jax	warm	1	67	1202.3		
distilgpt2	jax	warm	1	68	1202.2		
distilgpt2	jax	warm	1	69	1205.3		
distilgpt2	jax	warm	1	70	1173.7		
distilgpt2	jax	warm	1	71	1220.7		
distilgpt2	jax	warm	1	72	1206.2		
distilgpt2	jax	warm	1	73	1171.9		
distilgpt2	jax	warm	1	74	1200.3		
distilgpt2	jax	warm	1	75	1196.9		
distilgpt2	jax	warm	1	76	1189.0		
distilgpt2	jax	warm	1	77	1195.6		
distilgpt2	jax	warm	1	78	1209.8		
distilgpt2	jax	warm	1	79	1199.0		
distilgpt2	jax	warm	1	80	1200.3		
distilgpt2	jax	warm	1	81	1215.1		
distilgpt2	jax	warm	1	82	1168.9		
distilgpt2	jax	warm	1	83	1201.3		
distilgpt2	jax	warm	1	84	1169.0		
distilgpt2	jax	warm	1	85	1207.0		
distilgpt2	jax	warm	1	86	1199.4		
distilgpt2	jax	warm	1	87	1200.2		
distilgpt2	jax	warm	1	88	1170.0		
distilgpt2	jax	warm	1	89	1202.4		
distilgpt2	jax	warm	1	90	1171.1		
distilgpt2	jax	warm	1	91	1227.5		
distilgpt2	jax	warm	1	92	1197.0		
distilgpt2	jax	warm	1	93	1200.4		
distilgpt2	jax	warm	1	94	1197.7		
distilgpt2	jax	warm	1	95	1203.6		
distilgpt2	jax	warm	1	96	1220.2		
distilgpt2	jax	warm	1	97	1172.4		
distilgpt2	jax	warm	1	98	1170.5		
distilgpt2	jax	warm	1	99	1174.0		
distilgpt2	jax	warm	1	100	1198.7		
distilgpt2	jax	warm	1	101	1206.4		
distilgpt2	jax	warm	1	102	1198.7		
distilgpt2	jax	warm	1	103	1200.8		
distilgpt2	jax	warm	1	104	1202.3		
distilgpt2	jax	warm	1	105	1205.5		
distilgpt2	jax	warm	1	106	1236.0		
distilgpt2	jax	warm	1	107	1198.0		
distilgpt2	jax	warm	1	108	1209.4		
distilgpt2	jax	warm	1	109	1200.2		
distilgpt2	jax	warm	1	110	1206.3		
distilgpt2	jax	warm	1	111	1204.0		
distilgpt2	jax	warm	1	112	1201.1		
distilgpt2	jax	warm	1	113	1196.0		
distilgpt2	jax	warm	1	114	1170.5		
distilgpt2	jax	warm	1	115	1176.1		
distilgpt2	jax	warm	1	116	1199.7		
distilgpt2	jax	warm	1	117	1176.8		
distilgpt2	jax	warm	1	118	1191.6		
distilgpt2	jax	warm	1	119	1196.1		
distilgpt2	jax	warm	1	120	1198.4		
distilgpt2	jax	warm	1	121	1201.1		
distilgpt2	jax	warm	1	122	1197.5		
distilgpt2	jax	warm	1	123	1176.2		
distilgpt2	jax	warm	1	124	1198.0		
distilgpt2	jax	warm	1	125	1171.7		
distilgpt2	jax	warm	1	126	1237.7		
distilgpt2	jax	warm	1	127	1207.8		
distilgpt2	jax	warm	1	128	1193.9		
distilgpt2	jax	warm	1	129	1206.5		
distilgpt2	jax	warm	1	130	1175.9		
distilgpt2	jax	warm	1	131	1198.4		
distilgpt2	jax	warm	1	132	1199.5		
distilgpt2	jax	warm	1	133	1164.9		
distilgpt2	jax	warm	1	134	1199.3		
distilgpt2	jax	warm	1	135	1190.7		
distilgpt2	jax	warm	1	136	1255.9		
distilgpt2	jax	warm	1	137	1202.4		
distilgpt2	jax	warm	1	138	1209.2		
distilgpt2	jax	warm	1	139	1166.1		
distilgpt2	jax	warm	1	140	1171.4		
distilgpt2	jax	warm	1	141	1227.2		
distilgpt2	jax	warm	1	142	1168.3		
distilgpt2	jax	warm	1	143	1179.4		
distilgpt2	jax	warm	1	144	1176.7		
distilgpt2	jax	warm	1	145	1191.6		
distilgpt2	jax	warm	1	146	1208.8		
distilgpt2	jax	warm	1	147	1201.0		
distilgpt2	jax	warm	1	148	1173.1		
distilgpt2	jax	warm	1	149	1208.9		
distilgpt2	jax	warm	1	150	1201.0		
distilgpt2	jax	warm	1	151	1226.3		
distilgpt2	jax	warm	1	152	1200.1		
distilgpt2	jax	warm	1	153	1169.9		
distilgpt2	jax	warm	1	154	1196.3		
distilgpt2	jax	warm	1	155	1179.8		
distilgpt2	jax	warm	1	156	1208.6		
distilgpt2	jax	warm	1	157	1182.9		
distilgpt2	jax	warm	1	158	1180.6		
distilgpt2	jax	warm	1	159	1147.3		
distilgpt2	jax	warm	1	160	1175.3		
distilgpt2	jax	warm	1	161	1176.8		
distilgpt2	jax	warm	1	162	1198.9		
distilgpt2	jax	warm	1	163	1190.8		
distilgpt2	jax	warm	1	164	1184.9		
distilgpt2	jax	warm	1	165	1174.9		
distilgpt2	jax	warm	1	166	1149.2		
distilgpt2	jax	warm	1	167	1217.8		
distilgpt2	jax	warm	1	168	1168.0		
distilgpt2	jax	warm	1	169	1180.7		
distilgpt2	jax	warm	1	170	1182.7		
distilgpt2	jax	warm	1	171	1173.8		
distilgpt2	jax	warm	1	172	1186.8		
distilgpt2	jax	warm	1	173	1197.1		
distilgpt2	jax	warm	1	174	1179.3		
distilgpt2	jax	warm	1	175	1173.2		
distilgpt2	jax	warm	1	176	1172.9		
distilgpt2	jax	warm	1	177	1177.0		
distilgpt2	jax	warm	1	178	1197.9		
distilgpt2	jax	warm	1	179	1174.0		
distilgpt2	jax	warm	1	180	1169.6		
distilgpt2	jax	warm	1	181	1172.3		
distilgpt2	jax	warm	1	182	1174.6		
distilgpt2	jax	warm	1	183	1205.6		
distilgpt2	jax	warm	1	184	1178.7		
distilgpt2	jax	warm	1	185	1177.6		
distilgpt2	jax	warm	1	186	1181.6		
distilgpt2	jax	warm	1	187	1169.1		
distilgpt2	jax	warm	1	188	1172.7		
distilgpt2	jax	warm	1	189	1179.3		
distilgpt2	jax	warm	1	190	1176.4		
distilgpt2	jax	warm	1	191	1166.0		
distilgpt2	jax	warm	1	192	1181.3		
distilgpt2	jax	warm	1	193	1168.5		
distilgpt2	jax	warm	1	194	1177.7		
distilgpt2	jax	warm	1	195	1192.8		
distilgpt2	jax	warm	1	196	1170.6		
distilgpt2	jax	warm	1	197	1176.2		
distilgpt2	jax	warm	1	198	1175.0		
distilgpt2	jax	warm	1	199	1180.0		
distilgpt2	jax	warm	1	200	1205.6		
distilgpt2	jax	warm	1	201	1186.4		
distilgpt2	jax	warm	1	202	1176.6		
distilgpt2	jax	warm	1	203	1151.2		
distilgpt2	jax	warm	1	204	1172.4		
distilgpt2	jax	warm	1	205	1186.2		
distilgpt2	jax	warm	1	206	1200.0		
distilgpt2	jax	warm	1	207	1173.8		
distilgpt2	jax	warm	1	208	1173.2		
distilgpt2	jax	warm	1	209	1168.6		
distilgpt2	jax	warm	1	210	1178.0		
distilgpt2	jax	warm	1	211	1198.6		
distilgpt2	jax	warm	1	212	1178.7		
distilgpt2	jax	warm	1	213	1171.5		
distilgpt2	jax	warm	1	214	1165.7		
distilgpt2	jax	warm	1	215	1178.7		
distilgpt2	jax	warm	1	216	1186.9		
distilgpt2	jax	warm	1	217	1181.4		
distilgpt2	jax	warm	1	218	1185.1		
distilgpt2	jax	warm	1	219	1177.9		
distilgpt2	jax	warm	1	220	1175.3		
distilgpt2	jax	warm	1	221	1178.9		
distilgpt2	jax	warm	1	222	1212.4		
distilgpt2	jax	warm	1	223	1184.0		
distilgpt2	jax	warm	1	224	1173.8		
distilgpt2	jax	warm	1	225	1180.2		
distilgpt2	jax	warm	1	226	1180.4		
distilgpt2	jax	warm	1	227	1207.3		
distilgpt2	jax	warm	1	228	1182.9		
distilgpt2	jax	warm	1	229	1175.8		
distilgpt2	jax	warm	1	230	1181.1		
distilgpt2	jax	warm	1	231	1182.3		
distilgpt2	jax	warm	1	232	1175.4		
distilgpt2	jax	warm	1	233	1197.6		
distilgpt2	jax	warm	1	234	1191.5		
distilgpt2	jax	warm	1	235	1146.2		
distilgpt2	jax	warm	1	236	1183.4		
distilgpt2	jax	warm	1	237	1179.2		
distilgpt2	jax	warm	1	238	1211.3		
distilgpt2	jax	warm	1	239	1172.6		
distilgpt2	jax	warm	1	240	1182.1		
distilgpt2	jax	warm	1	241	1169.0		
distilgpt2	jax	warm	1	242	1177.1		
distilgpt2	jax	warm	1	243	1204.7		
distilgpt2	jax	warm	1	244	1182.3		
distilgpt2	jax	warm	1	245	1177.5		
distilgpt2	jax	warm	1	246	1184.0		
distilgpt2	jax	warm	1	247	1178.3		
distilgpt2	jax	warm	1	248	1152.4		
distilgpt2	jax	warm	1	249	1197.5		
distilgpt2	jax	warm	1	250	1177.4		
distilgpt2	jax	warm	1	251	1183.7		
distilgpt2	jax	warm	1	252	1183.8		
distilgpt2	jax	warm	1	253	1188.7		
distilgpt2	jax	warm	1	254	1212.7		
distilgpt2	jax	warm	1	255	1181.0		
distilgpt2	jax	warm	1	256	1185.2		
distilgpt2	jax	warm	1	257	1192.0		
distilgpt2	jax	warm	1	258	1190.5		
distilgpt2	jax	warm	1	259	1196.2		
distilgpt2	jax	warm	1	260	1201.6		
distilgpt2	jax	warm	1	261	1185.6		
distilgpt2	jax	warm	1	262	1188.5		
distilgpt2	jax	warm	1	263	1182.2		
distilgpt2	jax	warm	1	264	1199.6		
distilgpt2	jax	warm	1	265	1203.5		
distilgpt2	jax	warm	1	266	1192.7		
distilgpt2	jax	warm	1	267	1190.8		
distilgpt2	jax	warm	1	268	1182.3		
distilgpt2	jax	warm	1	269	1206.0		
distilgpt2	jax	warm	1	270	1209.3		
distilgpt2	jax	warm	1	271	1199.1		
distilgpt2	jax	warm	1	272	1191.0		
distilgpt2	jax	warm	1	273	1179.8		
distilgpt2	jax	warm	1	274	1198.6		
distilgpt2	jax	warm	1	275	1202.7		
distilgpt2	jax	warm	1	276	1186.2		
distilgpt2	jax	warm	1	277	1162.2		
distilgpt2	jax	warm	1	278	1165.6		
distilgpt2	jax	warm	1	279	1181.0		
distilgpt2	jax	warm	1	280	1224.9		
distilgpt2	jax	warm	1	281	1168.6		
distilgpt2	jax	warm	1	282	1170.7		
distilgpt2	jax	warm	1	283	1169.0		
distilgpt2	jax	warm	1	284	1180.2		
distilgpt2	jax	warm	1	285	1172.8		
distilgpt2	jax	warm	1	286	1184.4		
distilgpt2	jax	warm	1	287	1178.6		
distilgpt2	jax	warm	1	288	1136.5		
distilgpt2	jax	warm	1	289	1174.1		
distilgpt2	jax	warm	1	290	1168.6		
distilgpt2	jax	warm	1	291	1211.2		
distilgpt2	jax	warm	1	292	1164.0		
distilgpt2	jax	warm	1	293	1193.6		
distilgpt2	jax	warm	1	294	1163.3		
distilgpt2	jax	warm	1	295	1161.4		
distilgpt2	jax	warm	1	296	1160.2		
distilgpt2	jax	warm	1	297	1199.3		
distilgpt2	jax	warm	1	298	1153.4		
distilgpt2	jax	warm	1	299	1135.8		
distilgpt2	torch-eager	warm	2	0	135915.5		
distilgpt2	torch-eager	warm	2	1	3555.5		
distilgpt2	torch-eager	warm	2	2	3328.6		
distilgpt2	torch-eager	warm	2	3	3278.7		
distilgpt2	torch-eager	warm	2	4	3319.5		
distilgpt2	torch-eager	warm	2	5	3294.0		
distilgpt2	torch-eager	warm	2	6	3362.4		
distilgpt2	torch-eager	warm	2	7	3285.6		
distilgpt2	torch-eager	warm	2	8	3275.9		
distilgpt2	torch-eager	warm	2	9	3391.0		
distilgpt2	torch-eager	warm	2	10	3170.3		
distilgpt2	torch-eager	warm	2	11	3101.6		
distilgpt2	torch-eager	warm	2	12	3088.2		
distilgpt2	torch-eager	warm	2	13	3061.1		
distilgpt2	torch-eager	warm	2	14	3076.8		
distilgpt2	torch-eager	warm	2	15	3064.9		
distilgpt2	torch-eager	warm	2	16	3045.6		
distilgpt2	torch-eager	warm	2	17	3078.5		
distilgpt2	torch-eager	warm	2	18	3038.6		
distilgpt2	torch-eager	warm	2	19	3108.0		
distilgpt2	torch-eager	warm	2	20	3065.1		
distilgpt2	torch-eager	warm	2	21	3084.7		
distilgpt2	torch-eager	warm	2	22	3084.7		
distilgpt2	torch-eager	warm	2	23	3068.2		
distilgpt2	torch-eager	warm	2	24	3074.4		
distilgpt2	torch-eager	warm	2	25	3104.7		
distilgpt2	torch-eager	warm	2	26	3071.3		
distilgpt2	torch-eager	warm	2	27	3080.1		
distilgpt2	torch-eager	warm	2	28	3068.4		
distilgpt2	torch-eager	warm	2	29	3035.5		
distilgpt2	torch-eager	warm	2	30	3110.4		
distilgpt2	torch-eager	warm	2	31	3052.0		
distilgpt2	torch-eager	warm	2	32	3069.6		
distilgpt2	torch-eager	warm	2	33	3114.0		
distilgpt2	torch-eager	warm	2	34	3056.5		
distilgpt2	torch-eager	warm	2	35	3073.9		
distilgpt2	torch-eager	warm	2	36	3072.7		
distilgpt2	torch-eager	warm	2	37	3070.1		
distilgpt2	torch-eager	warm	2	38	3069.2		
distilgpt2	torch-eager	warm	2	39	3047.0		
distilgpt2	torch-eager	warm	2	40	3084.7		
distilgpt2	torch-eager	warm	2	41	3078.5		
distilgpt2	torch-eager	warm	2	42	3042.0		
distilgpt2	torch-eager	warm	2	43	3109.2		
distilgpt2	torch-eager	warm	2	44	3074.4		
distilgpt2	torch-eager	warm	2	45	3118.0		
distilgpt2	torch-eager	warm	2	46	3075.1		
distilgpt2	torch-eager	warm	2	47	3063.4		
distilgpt2	torch-eager	warm	2	48	3035.8		
distilgpt2	torch-eager	warm	2	49	3103.5		
distilgpt2	torch-eager	warm	2	50	3078.0		
distilgpt2	torch-eager	warm	2	51	3066.1		
distilgpt2	torch-eager	warm	2	52	3096.1		
distilgpt2	torch-eager	warm	2	53	3102.3		
distilgpt2	torch-eager	warm	2	54	3078.0		
distilgpt2	torch-eager	warm	2	55	3143.5		
distilgpt2	torch-eager	warm	2	56	3063.7		
distilgpt2	torch-eager	warm	2	57	3078.9		
distilgpt2	torch-eager	warm	2	58	3048.2		
distilgpt2	torch-eager	warm	2	59	3119.0		
distilgpt2	torch-eager	warm	2	60	3054.1		
distilgpt2	torch-eager	warm	2	61	3055.8		
distilgpt2	torch-eager	warm	2	62	3053.4		
distilgpt2	torch-eager	warm	2	63	3060.3		
distilgpt2	torch-eager	warm	2	64	3128.1		
distilgpt2	torch-eager	warm	2	65	3047.2		
distilgpt2	torch-eager	warm	2	66	3089.7		
distilgpt2	torch-eager	warm	2	67	3041.0		
distilgpt2	torch-eager	warm	2	68	3055.1		
distilgpt2	torch-eager	warm	2	69	3131.4		
distilgpt2	torch-eager	warm	2	70	3141.2		
distilgpt2	torch-eager	warm	2	71	3042.7		
distilgpt2	torch-eager	warm	2	72	3069.6		
distilgpt2	torch-eager	warm	2	73	3113.5		
distilgpt2	torch-eager	warm	2	74	3349.5		
distilgpt2	torch-eager	warm	2	75	3088.7		
distilgpt2	torch-eager	warm	2	76	3055.3		
distilgpt2	torch-eager	warm	2	77	3066.1		
distilgpt2	torch-eager	warm	2	78	3060.8		
distilgpt2	torch-eager	warm	2	79	3114.0		
distilgpt2	torch-eager	warm	2	80	3138.3		
distilgpt2	torch-eager	warm	2	81	3057.7		
distilgpt2	torch-eager	warm	2	82	3068.4		
distilgpt2	torch-eager	warm	2	83	3067.5		
distilgpt2	torch-eager	warm	2	84	3055.1		
distilgpt2	torch-eager	warm	2	85	3218.9		
distilgpt2	torch-eager	warm	2	86	3057.5		
distilgpt2	torch-eager	warm	2	87	3048.7		
distilgpt2	torch-eager	warm	2	88	3063.7		
distilgpt2	torch-eager	warm	2	89	3045.6		
distilgpt2	torch-eager	warm	2	90	3298.3		
distilgpt2	torch-eager	warm	2	91	3057.5		
distilgpt2	torch-eager	warm	2	92	3067.3		
distilgpt2	torch-eager	warm	2	93	3081.8		
distilgpt2	torch-eager	warm	2	94	3066.1		
distilgpt2	torch-eager	warm	2	95	3111.6		
distilgpt2	torch-eager	warm	2	96	3170.5		
distilgpt2	torch-eager	warm	2	97	3069.6		
distilgpt2	torch-eager	warm	2	98	3049.6		
distilgpt2	torch-eager	warm	2	99	3081.6		
distilgpt2	torch-eager	warm	2	100	3088.2		
distilgpt2	torch-eager	warm	2	101	3098.2		
distilgpt2	torch-eager	warm	2	102	3058.9		
distilgpt2	torch-eager	warm	2	103	3060.8		
distilgpt2	torch-eager	warm	2	104	3067.3		
distilgpt2	torch-eager	warm	2	105	3127.1		
distilgpt2	torch-eager	warm	2	106	3301.9		
distilgpt2	torch-eager	warm	2	107	3102.8		
distilgpt2	torch-eager	warm	2	108	3079.4		
distilgpt2	torch-eager	warm	2	109	3090.1		
distilgpt2	torch-eager	warm	2	110	3102.5		
distilgpt2	torch-eager	warm	2	111	3070.4		
distilgpt2	torch-eager	warm	2	112	3100.9		
distilgpt2	torch-eager	warm	2	113	3070.8		
distilgpt2	torch-eager	warm	2	114	3061.1		
distilgpt2	torch-eager	warm	2	115	3047.0		
distilgpt2	torch-eager	warm	2	116	3078.0		
distilgpt2	torch-eager	warm	2	117	3186.9		
distilgpt2	torch-eager	warm	2	118	3065.8		
distilgpt2	torch-eager	warm	2	119	3071.3		
distilgpt2	torch-eager	warm	2	120	3188.1		
distilgpt2	torch-eager	warm	2	121	3095.4		
distilgpt2	torch-eager	warm	2	122	3137.6		
distilgpt2	torch-eager	warm	2	123	3063.9		
distilgpt2	torch-eager	warm	2	124	3083.2		
distilgpt2	torch-eager	warm	2	125	3068.0		
distilgpt2	torch-eager	warm	2	126	3069.9		
distilgpt2	torch-eager	warm	2	127	3055.3		
distilgpt2	torch-eager	warm	2	128	3153.6		
distilgpt2	torch-eager	warm	2	129	3077.5		
distilgpt2	torch-eager	warm	2	130	3074.6		
distilgpt2	torch-eager	warm	2	131	3067.5		
distilgpt2	torch-eager	warm	2	132	3089.7		
distilgpt2	torch-eager	warm	2	133	3067.3		
distilgpt2	torch-eager	warm	2	134	3055.3		
distilgpt2	torch-eager	warm	2	135	3093.2		
distilgpt2	torch-eager	warm	2	136	3068.4		
distilgpt2	torch-eager	warm	2	137	3079.2		
distilgpt2	torch-eager	warm	2	138	3490.9		
distilgpt2	torch-eager	warm	2	139	3120.7		
distilgpt2	torch-eager	warm	2	140	3066.8		
distilgpt2	torch-eager	warm	2	141	3050.3		
distilgpt2	torch-eager	warm	2	142	3084.9		
distilgpt2	torch-eager	warm	2	143	3125.9		
distilgpt2	torch-eager	warm	2	144	3058.2		
distilgpt2	torch-eager	warm	2	145	3058.2		
distilgpt2	torch-eager	warm	2	146	3086.6		
distilgpt2	torch-eager	warm	2	147	3051.3		
distilgpt2	torch-eager	warm	2	148	3139.5		
distilgpt2	torch-eager	warm	2	149	3114.9		
distilgpt2	torch-eager	warm	2	150	3061.8		
distilgpt2	torch-eager	warm	2	151	3054.4		
distilgpt2	torch-eager	warm	2	152	3087.8		
distilgpt2	torch-eager	warm	2	153	3093.7		
distilgpt2	torch-eager	warm	2	154	3079.4		
distilgpt2	torch-eager	warm	2	155	3080.4		
distilgpt2	torch-eager	warm	2	156	3056.5		
distilgpt2	torch-eager	warm	2	157	3099.2		
distilgpt2	torch-eager	warm	2	158	3044.6		
distilgpt2	torch-eager	warm	2	159	3079.4		
distilgpt2	torch-eager	warm	2	160	3112.3		
distilgpt2	torch-eager	warm	2	161	3066.8		
distilgpt2	torch-eager	warm	2	162	3063.4		
distilgpt2	torch-eager	warm	2	163	3069.9		
distilgpt2	torch-eager	warm	2	164	3075.8		
distilgpt2	torch-eager	warm	2	165	3063.2		
distilgpt2	torch-eager	warm	2	166	3044.4		
distilgpt2	torch-eager	warm	2	167	3059.4		
distilgpt2	torch-eager	warm	2	168	3069.6		
distilgpt2	torch-eager	warm	2	169	3090.1		
distilgpt2	torch-eager	warm	2	170	3077.3		
distilgpt2	torch-eager	warm	2	171	3133.1		
distilgpt2	torch-eager	warm	2	172	3069.9		
distilgpt2	torch-eager	warm	2	173	3061.8		
distilgpt2	torch-eager	warm	2	174	3106.1		
distilgpt2	torch-eager	warm	2	175	3056.8		
distilgpt2	torch-eager	warm	2	176	3073.0		
distilgpt2	torch-eager	warm	2	177	3051.3		
distilgpt2	torch-eager	warm	2	178	3047.7		
distilgpt2	torch-eager	warm	2	179	3072.0		
distilgpt2	torch-eager	warm	2	180	3125.4		
distilgpt2	torch-eager	warm	2	181	3063.9		
distilgpt2	torch-eager	warm	2	182	3089.7		
distilgpt2	torch-eager	warm	2	183	3116.1		
distilgpt2	torch-eager	warm	2	184	3038.9		
distilgpt2	torch-eager	warm	2	185	3158.8		
distilgpt2	torch-eager	warm	2	186	3051.8		
distilgpt2	torch-eager	warm	2	187	3057.5		
distilgpt2	torch-eager	warm	2	188	3074.2		
distilgpt2	torch-eager	warm	2	189	3036.7		
distilgpt2	torch-eager	warm	2	190	3281.8		
distilgpt2	torch-eager	warm	2	191	3078.7		
distilgpt2	torch-eager	warm	2	192	3077.0		
distilgpt2	torch-eager	warm	2	193	3052.7		
distilgpt2	torch-eager	warm	2	194	3058.2		
distilgpt2	torch-eager	warm	2	195	3053.9		
distilgpt2	torch-eager	warm	2	196	3071.8		
distilgpt2	torch-eager	warm	2	197	3055.8		
distilgpt2	torch-eager	warm	2	198	3073.2		
distilgpt2	torch-eager	warm	2	199	3080.4		
distilgpt2	torch-eager	warm	2	200	3065.6		
distilgpt2	torch-eager	warm	2	201	3050.3		
distilgpt2	torch-eager	warm	2	202	3074.6		
distilgpt2	torch-eager	warm	2	203	3106.6		
distilgpt2	torch-eager	warm	2	204	3067.0		
distilgpt2	torch-eager	warm	2	205	3069.2		
distilgpt2	torch-eager	warm	2	206	3064.9		
distilgpt2	torch-eager	warm	2	207	3074.9		
distilgpt2	torch-eager	warm	2	208	3048.7		
distilgpt2	torch-eager	warm	2	209	3056.5		
distilgpt2	torch-eager	warm	2	210	3053.2		
distilgpt2	torch-eager	warm	2	211	3128.8		
distilgpt2	torch-eager	warm	2	212	3058.9		
distilgpt2	torch-eager	warm	2	213	3080.8		
distilgpt2	torch-eager	warm	2	214	3084.7		
distilgpt2	torch-eager	warm	2	215	3060.1		
distilgpt2	torch-eager	warm	2	216	3050.1		
distilgpt2	torch-eager	warm	2	217	3063.7		
distilgpt2	torch-eager	warm	2	218	3052.7		
distilgpt2	torch-eager	warm	2	219	3107.1		
distilgpt2	torch-eager	warm	2	220	3058.4		
distilgpt2	torch-eager	warm	2	221	3048.7		
distilgpt2	torch-eager	warm	2	222	3051.5		
distilgpt2	torch-eager	warm	2	223	3044.4		
distilgpt2	torch-eager	warm	2	224	3060.8		
distilgpt2	torch-eager	warm	2	225	3089.0		
distilgpt2	torch-eager	warm	2	226	3071.1		
distilgpt2	torch-eager	warm	2	227	3060.1		
distilgpt2	torch-eager	warm	2	228	3080.6		
distilgpt2	torch-eager	warm	2	229	3070.6		
distilgpt2	torch-eager	warm	2	230	3102.1		
distilgpt2	torch-eager	warm	2	231	3042.9		
distilgpt2	torch-eager	warm	2	232	3126.6		
distilgpt2	torch-eager	warm	2	233	3051.0		
distilgpt2	torch-eager	warm	2	234	3066.5		
distilgpt2	torch-eager	warm	2	235	3089.0		
distilgpt2	torch-eager	warm	2	236	3087.5		
distilgpt2	torch-eager	warm	2	237	3052.2		
distilgpt2	torch-eager	warm	2	238	3079.2		
distilgpt2	torch-eager	warm	2	239	3058.4		
distilgpt2	torch-eager	warm	2	240	3054.6		
distilgpt2	torch-eager	warm	2	241	3056.0		
distilgpt2	torch-eager	warm	2	242	3063.9		
distilgpt2	torch-eager	warm	2	243	3069.4		
distilgpt2	torch-eager	warm	2	244	3058.7		
distilgpt2	torch-eager	warm	2	245	3066.5		
distilgpt2	torch-eager	warm	2	246	3085.6		
distilgpt2	torch-eager	warm	2	247	3065.8		
distilgpt2	torch-eager	warm	2	248	3084.4		
distilgpt2	torch-eager	warm	2	249	3092.8		
distilgpt2	torch-eager	warm	2	250	3075.4		
distilgpt2	torch-eager	warm	2	251	3052.5		
distilgpt2	torch-eager	warm	2	252	3068.2		
distilgpt2	torch-eager	warm	2	253	3091.1		
distilgpt2	torch-eager	warm	2	254	3065.6		
distilgpt2	torch-eager	warm	2	255	3057.0		
distilgpt2	torch-eager	warm	2	256	3063.4		
distilgpt2	torch-eager	warm	2	257	3088.2		
distilgpt2	torch-eager	warm	2	258	3058.0		
distilgpt2	torch-eager	warm	2	259	3089.9		
distilgpt2	torch-eager	warm	2	260	3070.8		
distilgpt2	torch-eager	warm	2	261	3046.8		
distilgpt2	torch-eager	warm	2	262	3042.7		
distilgpt2	torch-eager	warm	2	263	3044.4		
distilgpt2	torch-eager	warm	2	264	3041.3		
distilgpt2	torch-eager	warm	2	265	3049.1		
distilgpt2	torch-eager	warm	2	266	3042.9		
distilgpt2	torch-eager	warm	2	267	3050.6		
distilgpt2	torch-eager	warm	2	268	3078.0		
distilgpt2	torch-eager	warm	2	269	3043.9		
distilgpt2	torch-eager	warm	2	270	3104.4		
distilgpt2	torch-eager	warm	2	271	3059.6		
distilgpt2	torch-eager	warm	2	272	3061.1		
distilgpt2	torch-eager	warm	2	273	3107.3		
distilgpt2	torch-eager	warm	2	274	3078.9		
distilgpt2	torch-eager	warm	2	275	3051.5		
distilgpt2	torch-eager	warm	2	276	3054.1		
distilgpt2	torch-eager	warm	2	277	3065.8		
distilgpt2	torch-eager	warm	2	278	3083.9		
distilgpt2	torch-eager	warm	2	279	3060.8		
distilgpt2	torch-eager	warm	2	280	3026.2		
distilgpt2	torch-eager	warm	2	281	3048.4		
distilgpt2	torch-eager	warm	2	282	3062.7		
distilgpt2	torch-eager	warm	2	283	3061.5		
distilgpt2	torch-eager	warm	2	284	3068.4		
distilgpt2	torch-eager	warm	2	285	3062.0		
distilgpt2	torch-eager	warm	2	286	3077.7		
distilgpt2	torch-eager	warm	2	287	3060.8		
distilgpt2	torch-eager	warm	2	288	3065.3		
distilgpt2	torch-eager	warm	2	289	3109.0		
distilgpt2	torch-eager	warm	2	290	3125.2		
distilgpt2	torch-eager	warm	2	291	3082.0		
distilgpt2	torch-eager	warm	2	292	3057.7		
distilgpt2	torch-eager	warm	2	293	3052.9		
distilgpt2	torch-eager	warm	2	294	3066.3		
distilgpt2	torch-eager	warm	2	295	3060.1		
distilgpt2	torch-eager	warm	2	296	3061.8		
distilgpt2	torch-eager	warm	2	297	3085.1		
distilgpt2	torch-eager	warm	2	298	3092.5		
distilgpt2	torch-eager	warm	2	299	3069.4		
distilgpt2	ours	warm	2	0	549693.1	0	254
distilgpt2	ours	warm	2	1	8806.0	0	93
distilgpt2	ours	warm	2	2	1339.0	0	57
distilgpt2	ours	warm	2	3	10554.8	0	87
distilgpt2	ours	warm	2	4	4637.0	0	77
distilgpt2	ours	warm	2	5	2900.8	0	39
distilgpt2	ours	warm	2	6	2181.1	0	39
distilgpt2	ours	warm	2	7	1838.9	0	39
distilgpt2	ours	warm	2	8	1307.0	0	39
distilgpt2	ours	warm	2	9	1785.0	0	39
distilgpt2	ours	warm	2	10	1312.0	0	39
distilgpt2	ours	warm	2	11	1293.9	0	39
distilgpt2	ours	warm	2	12	1783.8	0	39
distilgpt2	ours	warm	2	13	1272.9	0	39
distilgpt2	ours	warm	2	14	1298.9	0	39
distilgpt2	ours	warm	2	15	1304.1	0	39
distilgpt2	ours	warm	2	16	1776.0	0	39
distilgpt2	ours	warm	2	17	1300.1	0	39
distilgpt2	ours	warm	2	18	1274.1	0	39
distilgpt2	ours	warm	2	19	1328.0	0	39
distilgpt2	ours	warm	2	20	1294.9	0	39
distilgpt2	ours	warm	2	21	1792.9	0	39
distilgpt2	ours	warm	2	22	1273.2	0	39
distilgpt2	ours	warm	2	23	1307.0	0	39
distilgpt2	ours	warm	2	24	1343.0	0	39
distilgpt2	ours	warm	2	25	1274.1	0	39
distilgpt2	ours	warm	2	26	1277.9	0	39
distilgpt2	ours	warm	2	27	1793.9	0	39
distilgpt2	ours	warm	2	28	1292.0	0	39
distilgpt2	ours	warm	2	29	1271.0	0	39
distilgpt2	ours	warm	2	30	1294.9	0	39
distilgpt2	ours	warm	2	31	1304.1	0	39
distilgpt2	ours	warm	2	32	1294.9	0	39
distilgpt2	ours	warm	2	33	1267.0	0	39
distilgpt2	ours	warm	2	34	1773.8	0	39
distilgpt2	ours	warm	2	35	1298.0	0	39
distilgpt2	ours	warm	2	36	1295.1	0	39
distilgpt2	ours	warm	2	37	1298.0	0	39
distilgpt2	ours	warm	2	38	1276.0	0	39
distilgpt2	ours	warm	2	39	1273.2	0	39
distilgpt2	ours	warm	2	40	1288.9	0	39
distilgpt2	ours	warm	2	41	1269.8	0	39
distilgpt2	ours	warm	2	42	1891.1	0	39
distilgpt2	ours	warm	2	43	1271.0	0	39
distilgpt2	ours	warm	2	44	1295.1	0	39
distilgpt2	ours	warm	2	45	1277.0	0	39
distilgpt2	ours	warm	2	46	1267.9	0	39
distilgpt2	ours	warm	2	47	1274.1	0	39
distilgpt2	ours	warm	2	48	1276.0	0	39
distilgpt2	ours	warm	2	49	1282.0	0	39
distilgpt2	ours	warm	2	50	1277.0	0	39
distilgpt2	ours	warm	2	51	1794.8	0	39
distilgpt2	ours	warm	2	52	1282.9	0	39
distilgpt2	ours	warm	2	53	1286.0	0	39
distilgpt2	ours	warm	2	54	1286.0	0	39
distilgpt2	ours	warm	2	55	1280.1	0	39
distilgpt2	ours	warm	2	56	1277.0	0	39
distilgpt2	ours	warm	2	57	1272.9	0	39
distilgpt2	ours	warm	2	58	1286.0	0	39
distilgpt2	ours	warm	2	59	1278.2	0	39
distilgpt2	ours	warm	2	60	1272.0	0	39
distilgpt2	ours	warm	2	61	1776.9	0	39
distilgpt2	ours	warm	2	62	1275.1	0	39
distilgpt2	ours	warm	2	63	1269.1	0	39
distilgpt2	ours	warm	2	64	1276.0	0	39
distilgpt2	ours	warm	2	65	1298.9	0	39
distilgpt2	ours	warm	2	66	1280.1	0	39
distilgpt2	ours	warm	2	67	1296.0	0	39
distilgpt2	ours	warm	2	68	1292.0	0	39
distilgpt2	ours	warm	2	69	1288.2	0	39
distilgpt2	ours	warm	2	70	1269.8	0	39
distilgpt2	ours	warm	2	71	1286.0	0	39
distilgpt2	ours	warm	2	72	1786.9	0	39
distilgpt2	ours	warm	2	73	1285.1	0	39
distilgpt2	ours	warm	2	74	1339.9	0	39
distilgpt2	ours	warm	2	75	1302.0	0	39
distilgpt2	ours	warm	2	76	1270.8	0	39
distilgpt2	ours	warm	2	77	1279.8	0	39
distilgpt2	ours	warm	2	78	1294.9	0	39
distilgpt2	ours	warm	2	79	1289.1	0	39
distilgpt2	ours	warm	2	80	1269.1	0	39
distilgpt2	ours	warm	2	81	1339.0	0	39
distilgpt2	ours	warm	2	82	1272.0	0	39
distilgpt2	ours	warm	2	83	1261.9	0	39
distilgpt2	ours	warm	2	84	1786.0	0	39
distilgpt2	ours	warm	2	85	1292.0	0	39
distilgpt2	ours	warm	2	86	1330.1	0	39
distilgpt2	ours	warm	2	87	1304.1	0	39
distilgpt2	ours	warm	2	88	1275.1	0	39
distilgpt2	ours	warm	2	89	1278.9	0	39
distilgpt2	ours	warm	2	90	1274.1	0	39
distilgpt2	ours	warm	2	91	1296.0	0	39
distilgpt2	ours	warm	2	92	1304.1	0	39
distilgpt2	ours	warm	2	93	1276.0	0	39
distilgpt2	ours	warm	2	94	1272.9	0	39
distilgpt2	ours	warm	2	95	1281.0	0	39
distilgpt2	ours	warm	2	96	1282.9	0	39
distilgpt2	ours	warm	2	97	1791.0	0	39
distilgpt2	ours	warm	2	98	1291.0	0	39
distilgpt2	ours	warm	2	99	1273.2	0	39
distilgpt2	ours	warm	2	100	1280.8	0	39
distilgpt2	ours	warm	2	101	1282.0	0	39
distilgpt2	ours	warm	2	102	1276.0	0	39
distilgpt2	ours	warm	2	103	1268.9	0	39
distilgpt2	ours	warm	2	104	1279.8	0	39
distilgpt2	ours	warm	2	105	1267.9	0	39
distilgpt2	ours	warm	2	106	1267.0	0	39
distilgpt2	ours	warm	2	107	1283.9	0	39
distilgpt2	ours	warm	2	108	1265.0	0	39
distilgpt2	ours	warm	2	109	1270.1	0	39
distilgpt2	ours	warm	2	110	1300.1	0	39
distilgpt2	ours	warm	2	111	1776.0	0	39
distilgpt2	ours	warm	2	112	1261.0	0	39
distilgpt2	ours	warm	2	113	1247.9	0	39
distilgpt2	ours	warm	2	114	1295.1	0	39
distilgpt2	ours	warm	2	115	1243.1	0	39
distilgpt2	ours	warm	2	116	1245.0	0	39
distilgpt2	ours	warm	2	117	1246.0	0	39
distilgpt2	ours	warm	2	118	1251.0	0	39
distilgpt2	ours	warm	2	119	1238.8	0	39
distilgpt2	ours	warm	2	120	1249.1	0	39
distilgpt2	ours	warm	2	121	1244.1	0	39
distilgpt2	ours	warm	2	122	1267.0	0	39
distilgpt2	ours	warm	2	123	1302.0	0	39
distilgpt2	ours	warm	2	124	1292.9	0	39
distilgpt2	ours	warm	2	125	1268.9	0	39
distilgpt2	ours	warm	2	126	1946.0	0	39
distilgpt2	ours	warm	2	127	1243.1	0	39
distilgpt2	ours	warm	2	128	1247.9	0	39
distilgpt2	ours	warm	2	129	1249.1	0	39
distilgpt2	ours	warm	2	130	1261.0	0	39
distilgpt2	ours	warm	2	131	1271.0	0	39
distilgpt2	ours	warm	2	132	1242.9	0	39
distilgpt2	ours	warm	2	133	1243.1	0	39
distilgpt2	ours	warm	2	134	1272.9	0	39
distilgpt2	ours	warm	2	135	1250.0	0	39
distilgpt2	ours	warm	2	136	1244.1	0	39
distilgpt2	ours	warm	2	137	1249.1	0	39
distilgpt2	ours	warm	2	138	1266.0	0	39
distilgpt2	ours	warm	2	139	1234.1	0	39
distilgpt2	ours	warm	2	140	1246.9	0	39
distilgpt2	ours	warm	2	141	1232.1	0	39
distilgpt2	ours	warm	2	142	1238.8	0	39
distilgpt2	ours	warm	2	143	1269.8	0	39
distilgpt2	ours	warm	2	144	1232.1	0	39
distilgpt2	ours	warm	2	145	1236.0	0	39
distilgpt2	ours	warm	2	146	1242.2	0	39
distilgpt2	ours	warm	2	147	1283.9	0	39
distilgpt2	ours	warm	2	148	1818.2	0	39
distilgpt2	ours	warm	2	149	1269.1	0	39
distilgpt2	ours	warm	2	150	1236.9	0	39
distilgpt2	ours	warm	2	151	1299.1	0	39
distilgpt2	ours	warm	2	152	1236.9	0	39
distilgpt2	ours	warm	2	153	1254.1	0	39
distilgpt2	ours	warm	2	154	1286.0	0	39
distilgpt2	ours	warm	2	155	1244.1	0	39
distilgpt2	ours	warm	2	156	1240.0	0	39
distilgpt2	ours	warm	2	157	1280.1	0	39
distilgpt2	ours	warm	2	158	1243.1	0	39
distilgpt2	ours	warm	2	159	1232.9	0	39
distilgpt2	ours	warm	2	160	1237.9	0	39
distilgpt2	ours	warm	2	161	1245.0	0	39
distilgpt2	ours	warm	2	162	1243.8	0	39
distilgpt2	ours	warm	2	163	1235.0	0	39
distilgpt2	ours	warm	2	164	1242.9	0	39
distilgpt2	ours	warm	2	165	1298.9	0	39
distilgpt2	ours	warm	2	166	1806.0	0	39
distilgpt2	ours	warm	2	167	1244.1	0	39
distilgpt2	ours	warm	2	168	1241.9	0	39
distilgpt2	ours	warm	2	169	1247.2	0	39
distilgpt2	ours	warm	2	170	1246.0	0	39
distilgpt2	ours	warm	2	171	1262.9	0	39
distilgpt2	ours	warm	2	172	1240.0	0	39
distilgpt2	ours	warm	2	173	1264.1	0	39
distilgpt2	ours	warm	2	174	1244.1	0	39
distilgpt2	ours	warm	2	175	1241.9	0	39
distilgpt2	ours	warm	2	176	1240.0	0	39
distilgpt2	ours	warm	2	177	1254.1	0	39
distilgpt2	ours	warm	2	178	1263.1	0	39
distilgpt2	ours	warm	2	179	1242.9	0	39
distilgpt2	ours	warm	2	180	1238.8	0	39
distilgpt2	ours	warm	2	181	1235.0	0	39
distilgpt2	ours	warm	2	182	1250.0	0	39
distilgpt2	ours	warm	2	183	1249.1	0	39
distilgpt2	ours	warm	2	184	1247.9	0	39
distilgpt2	ours	warm	2	185	1271.0	0	39
distilgpt2	ours	warm	2	186	1257.9	0	39
distilgpt2	ours	warm	2	187	1255.0	0	39
distilgpt2	ours	warm	2	188	1256.9	0	39
distilgpt2	ours	warm	2	189	1237.2	0	39
distilgpt2	ours	warm	2	190	1234.1	0	39
distilgpt2	ours	warm	2	191	1296.0	0	39
distilgpt2	ours	warm	2	192	2352.0	0	39
distilgpt2	ours	warm	2	193	1254.8	0	39
distilgpt2	ours	warm	2	194	1249.8	0	39
distilgpt2	ours	warm	2	195	1246.9	0	39
distilgpt2	ours	warm	2	196	1264.1	0	39
distilgpt2	ours	warm	2	197	1240.0	0	39
distilgpt2	ours	warm	2	198	1258.1	0	39
distilgpt2	ours	warm	2	199	1245.0	0	39
distilgpt2	ours	warm	2	200	1244.1	0	39
distilgpt2	ours	warm	2	201	1263.1	0	39
distilgpt2	ours	warm	2	202	1243.1	0	39
distilgpt2	ours	warm	2	203	1246.0	0	39
distilgpt2	ours	warm	2	204	1306.1	0	39
distilgpt2	ours	warm	2	205	1316.1	0	39
distilgpt2	ours	warm	2	206	1301.1	0	39
distilgpt2	ours	warm	2	207	1236.9	0	39
distilgpt2	ours	warm	2	208	1247.2	0	39
distilgpt2	ours	warm	2	209	1261.9	0	39
distilgpt2	ours	warm	2	210	1240.0	0	39
distilgpt2	ours	warm	2	211	1272.0	0	39
distilgpt2	ours	warm	2	212	1251.2	0	39
distilgpt2	ours	warm	2	213	1240.0	0	39
distilgpt2	ours	warm	2	214	1267.0	0	39
distilgpt2	ours	warm	2	215	1263.1	0	39
distilgpt2	ours	warm	2	216	1939.1	0	39
distilgpt2	ours	warm	2	217	1251.0	0	39
distilgpt2	ours	warm	2	218	1258.1	0	39
distilgpt2	ours	warm	2	219	1243.8	0	39
distilgpt2	ours	warm	2	220	1236.0	0	39
distilgpt2	ours	warm	2	221	1242.9	0	39
distilgpt2	ours	warm	2	222	1267.9	0	39
distilgpt2	ours	warm	2	223	1250.0	0	39
distilgpt2	ours	warm	2	224	1259.1	0	39
distilgpt2	ours	warm	2	225	1259.1	0	39
distilgpt2	ours	warm	2	226	1256.9	0	39
distilgpt2	ours	warm	2	227	1253.1	0	39
distilgpt2	ours	warm	2	228	1267.9	0	39
distilgpt2	ours	warm	2	229	1239.1	0	39
distilgpt2	ours	warm	2	230	1260.0	0	39
distilgpt2	ours	warm	2	231	1264.1	0	39
distilgpt2	ours	warm	2	232	1310.1	0	39
distilgpt2	ours	warm	2	233	1235.0	0	39
distilgpt2	ours	warm	2	234	1306.1	0	39
distilgpt2	ours	warm	2	235	1252.9	0	39
distilgpt2	ours	warm	2	236	1245.0	0	39
distilgpt2	ours	warm	2	237	1303.0	0	39
distilgpt2	ours	warm	2	238	1246.0	0	39
distilgpt2	ours	warm	2	239	1243.1	0	39
distilgpt2	ours	warm	2	240	1256.0	0	39
distilgpt2	ours	warm	2	241	1250.0	0	39
distilgpt2	ours	warm	2	242	1270.1	0	39
distilgpt2	ours	warm	2	243	2089.0	0	39
distilgpt2	ours	warm	2	244	1299.9	0	39
distilgpt2	ours	warm	2	245	1272.9	0	39
distilgpt2	ours	warm	2	246	1251.9	0	39
distilgpt2	ours	warm	2	247	1241.9	0	39
distilgpt2	ours	warm	2	248	1241.9	0	39
distilgpt2	ours	warm	2	249	1251.9	0	39
distilgpt2	ours	warm	2	250	1309.2	0	39
distilgpt2	ours	warm	2	251	1267.9	0	39
distilgpt2	ours	warm	2	252	1237.2	0	39
distilgpt2	ours	warm	2	253	1276.0	0	39
distilgpt2	ours	warm	2	254	1243.1	0	39
distilgpt2	ours	warm	2	255	1239.1	0	39
distilgpt2	ours	warm	2	256	1272.9	0	39
distilgpt2	ours	warm	2	257	1257.9	0	39
distilgpt2	ours	warm	2	258	1234.1	0	39
distilgpt2	ours	warm	2	259	1248.1	0	39
distilgpt2	ours	warm	2	260	1241.0	0	39
distilgpt2	ours	warm	2	261	1252.2	0	39
distilgpt2	ours	warm	2	262	1262.9	0	39
distilgpt2	ours	warm	2	263	1258.1	0	39
distilgpt2	ours	warm	2	264	1261.0	0	39
distilgpt2	ours	warm	2	265	1258.9	0	39
distilgpt2	ours	warm	2	266	1309.9	0	39
distilgpt2	ours	warm	2	267	1247.2	0	39
distilgpt2	ours	warm	2	268	1251.9	0	39
distilgpt2	ours	warm	2	269	1245.0	0	39
distilgpt2	ours	warm	2	270	1236.0	0	39
distilgpt2	ours	warm	2	271	1245.0	0	39
distilgpt2	ours	warm	2	272	1251.9	0	39
distilgpt2	ours	warm	2	273	1253.8	0	39
distilgpt2	ours	warm	2	274	1260.0	0	39
distilgpt2	ours	warm	2	275	1883.0	0	39
distilgpt2	ours	warm	2	276	1273.2	0	39
distilgpt2	ours	warm	2	277	1239.1	0	39
distilgpt2	ours	warm	2	278	1245.0	0	39
distilgpt2	ours	warm	2	279	1257.9	0	39
distilgpt2	ours	warm	2	280	1308.2	0	39
distilgpt2	ours	warm	2	281	1316.1	0	39
distilgpt2	ours	warm	2	282	1262.9	0	39
distilgpt2	ours	warm	2	283	1253.1	0	39
distilgpt2	ours	warm	2	284	1250.0	0	39
distilgpt2	ours	warm	2	285	1256.9	0	39
distilgpt2	ours	warm	2	286	1257.2	0	39
distilgpt2	ours	warm	2	287	1264.1	0	39
distilgpt2	ours	warm	2	288	1240.0	0	39
distilgpt2	ours	warm	2	289	1250.0	0	39
distilgpt2	ours	warm	2	290	1261.0	0	39
distilgpt2	ours	warm	2	291	1261.9	0	39
distilgpt2	ours	warm	2	292	1278.9	0	39
distilgpt2	ours	warm	2	293	1248.1	0	39
distilgpt2	ours	warm	2	294	1244.1	0	39
distilgpt2	ours	warm	2	295	1249.1	0	39
distilgpt2	ours	warm	2	296	1251.9	0	39
distilgpt2	ours	warm	2	297	1253.1	0	39
distilgpt2	ours	warm	2	298	1251.9	0	39
distilgpt2	ours	warm	2	299	1282.0	0	39
distilgpt2	torch-compile	warm	2	0	1461722.6		
distilgpt2	torch-compile	warm	2	1	1890.7		
distilgpt2	torch-compile	warm	2	2	1429.3		
distilgpt2	torch-compile	warm	2	3	1431.0		
distilgpt2	torch-compile	warm	2	4	1482.5		
distilgpt2	torch-compile	warm	2	5	1443.1		
distilgpt2	torch-compile	warm	2	6	1462.7		
distilgpt2	torch-compile	warm	2	7	1421.5		
distilgpt2	torch-compile	warm	2	8	1465.1		
distilgpt2	torch-compile	warm	2	9	1426.9		
distilgpt2	torch-compile	warm	2	10	1446.2		
distilgpt2	torch-compile	warm	2	11	1419.3		
distilgpt2	torch-compile	warm	2	12	1469.1		
distilgpt2	torch-compile	warm	2	13	1445.3		
distilgpt2	torch-compile	warm	2	14	1412.9		
distilgpt2	torch-compile	warm	2	15	1479.6		
distilgpt2	torch-compile	warm	2	16	1418.1		
distilgpt2	torch-compile	warm	2	17	1531.1		
distilgpt2	torch-compile	warm	2	18	1483.0		
distilgpt2	torch-compile	warm	2	19	1430.0		
distilgpt2	torch-compile	warm	2	20	1419.3		
distilgpt2	torch-compile	warm	2	21	1440.0		
distilgpt2	torch-compile	warm	2	22	1430.0		
distilgpt2	torch-compile	warm	2	23	1425.5		
distilgpt2	torch-compile	warm	2	24	1541.1		
distilgpt2	torch-compile	warm	2	25	1445.1		
distilgpt2	torch-compile	warm	2	26	1483.4		
distilgpt2	torch-compile	warm	2	27	1432.2		
distilgpt2	torch-compile	warm	2	28	1460.8		
distilgpt2	torch-compile	warm	2	29	1425.7		
distilgpt2	torch-compile	warm	2	30	1495.4		
distilgpt2	torch-compile	warm	2	31	1431.2		
distilgpt2	torch-compile	warm	2	32	1426.5		
distilgpt2	torch-compile	warm	2	33	1425.5		
distilgpt2	torch-compile	warm	2	34	1424.3		
distilgpt2	torch-compile	warm	2	35	1506.3		
distilgpt2	torch-compile	warm	2	36	1420.7		
distilgpt2	torch-compile	warm	2	37	1470.6		
distilgpt2	torch-compile	warm	2	38	1434.8		
distilgpt2	torch-compile	warm	2	39	1443.6		
distilgpt2	torch-compile	warm	2	40	1451.7		
distilgpt2	torch-compile	warm	2	41	1429.8		
distilgpt2	torch-compile	warm	2	42	1419.1		
distilgpt2	torch-compile	warm	2	43	1422.9		
distilgpt2	torch-compile	warm	2	44	1446.5		
distilgpt2	torch-compile	warm	2	45	1424.3		
distilgpt2	torch-compile	warm	2	46	1460.3		
distilgpt2	torch-compile	warm	2	47	1517.5		
distilgpt2	torch-compile	warm	2	48	1437.4		
distilgpt2	torch-compile	warm	2	49	1440.8		
distilgpt2	torch-compile	warm	2	50	1436.5		
distilgpt2	torch-compile	warm	2	51	1449.8		
distilgpt2	torch-compile	warm	2	52	1410.7		
distilgpt2	torch-compile	warm	2	53	1425.7		
distilgpt2	torch-compile	warm	2	54	1436.0		
distilgpt2	torch-compile	warm	2	55	1466.0		
distilgpt2	torch-compile	warm	2	56	1485.3		
distilgpt2	torch-compile	warm	2	57	1473.2		
distilgpt2	torch-compile	warm	2	58	1513.5		
distilgpt2	torch-compile	warm	2	59	1424.8		
distilgpt2	torch-compile	warm	2	60	1424.8		
distilgpt2	torch-compile	warm	2	61	1427.9		
distilgpt2	torch-compile	warm	2	62	1425.7		
distilgpt2	torch-compile	warm	2	63	1445.3		
distilgpt2	torch-compile	warm	2	64	1424.1		
distilgpt2	torch-compile	warm	2	65	1425.5		
distilgpt2	torch-compile	warm	2	66	1512.1		
distilgpt2	torch-compile	warm	2	67	1443.1		
distilgpt2	torch-compile	warm	2	68	1444.1		
distilgpt2	torch-compile	warm	2	69	1475.1		
distilgpt2	torch-compile	warm	2	70	1548.1		
distilgpt2	torch-compile	warm	2	71	1423.8		
distilgpt2	torch-compile	warm	2	72	1442.2		
distilgpt2	torch-compile	warm	2	73	1447.2		
distilgpt2	torch-compile	warm	2	74	1414.5		
distilgpt2	torch-compile	warm	2	75	1425.7		
distilgpt2	torch-compile	warm	2	76	1440.5		
distilgpt2	torch-compile	warm	2	77	1434.1		
distilgpt2	torch-compile	warm	2	78	1424.3		
distilgpt2	torch-compile	warm	2	79	1432.9		
distilgpt2	torch-compile	warm	2	80	1424.8		
distilgpt2	torch-compile	warm	2	81	1522.8		
distilgpt2	torch-compile	warm	2	82	1428.6		
distilgpt2	torch-compile	warm	2	83	1422.6		
distilgpt2	torch-compile	warm	2	84	1429.6		
distilgpt2	torch-compile	warm	2	85	1421.7		
distilgpt2	torch-compile	warm	2	86	1457.7		
distilgpt2	torch-compile	warm	2	87	1430.7		
distilgpt2	torch-compile	warm	2	88	1438.6		
distilgpt2	torch-compile	warm	2	89	1468.7		
distilgpt2	torch-compile	warm	2	90	1429.1		
distilgpt2	torch-compile	warm	2	91	1439.1		
distilgpt2	torch-compile	warm	2	92	1410.5		
distilgpt2	torch-compile	warm	2	93	1525.9		
distilgpt2	torch-compile	warm	2	94	1444.6		
distilgpt2	torch-compile	warm	2	95	1469.6		
distilgpt2	torch-compile	warm	2	96	1434.1		
distilgpt2	torch-compile	warm	2	97	1463.2		
distilgpt2	torch-compile	warm	2	98	1450.8		
distilgpt2	torch-compile	warm	2	99	1446.7		
distilgpt2	torch-compile	warm	2	100	1412.2		
distilgpt2	torch-compile	warm	2	101	1435.3		
distilgpt2	torch-compile	warm	2	102	1448.2		
distilgpt2	torch-compile	warm	2	103	1416.2		
distilgpt2	torch-compile	warm	2	104	1494.9		
distilgpt2	torch-compile	warm	2	105	1384.7		
distilgpt2	torch-compile	warm	2	106	1398.8		
distilgpt2	torch-compile	warm	2	107	1432.7		
distilgpt2	torch-compile	warm	2	108	1398.1		
distilgpt2	torch-compile	warm	2	109	1391.4		
distilgpt2	torch-compile	warm	2	110	1394.5		
distilgpt2	torch-compile	warm	2	111	1422.9		
distilgpt2	torch-compile	warm	2	112	1382.1		
distilgpt2	torch-compile	warm	2	113	1388.1		
distilgpt2	torch-compile	warm	2	114	1400.9		
distilgpt2	torch-compile	warm	2	115	1404.5		
distilgpt2	torch-compile	warm	2	116	1531.6		
distilgpt2	torch-compile	warm	2	117	1411.0		
distilgpt2	torch-compile	warm	2	118	1414.5		
distilgpt2	torch-compile	warm	2	119	1377.1		
distilgpt2	torch-compile	warm	2	120	1385.5		
distilgpt2	torch-compile	warm	2	121	1415.0		
distilgpt2	torch-compile	warm	2	122	1396.2		
distilgpt2	torch-compile	warm	2	123	1402.6		
distilgpt2	torch-compile	warm	2	124	1394.0		
distilgpt2	torch-compile	warm	2	125	1364.7		
distilgpt2	torch-compile	warm	2	126	1396.7		
distilgpt2	torch-compile	warm	2	127	1446.7		
distilgpt2	torch-compile	warm	2	128	1542.1		
distilgpt2	torch-compile	warm	2	129	1373.1		
distilgpt2	torch-compile	warm	2	130	1391.2		
distilgpt2	torch-compile	warm	2	131	1405.5		
distilgpt2	torch-compile	warm	2	132	1379.5		
distilgpt2	torch-compile	warm	2	133	1414.5		
distilgpt2	torch-compile	warm	2	134	1377.1		
distilgpt2	torch-compile	warm	2	135	1399.8		
distilgpt2	torch-compile	warm	2	136	1368.8		
distilgpt2	torch-compile	warm	2	137	1432.9		
distilgpt2	torch-compile	warm	2	138	1398.1		
distilgpt2	torch-compile	warm	2	139	1387.8		
distilgpt2	torch-compile	warm	2	140	1534.5		
distilgpt2	torch-compile	warm	2	141	1404.3		
distilgpt2	torch-compile	warm	2	142	1387.8		
distilgpt2	torch-compile	warm	2	143	1391.2		
distilgpt2	torch-compile	warm	2	144	1408.3		
distilgpt2	torch-compile	warm	2	145	1389.7		
distilgpt2	torch-compile	warm	2	146	1404.3		
distilgpt2	torch-compile	warm	2	147	1412.9		
distilgpt2	torch-compile	warm	2	148	1380.0		
distilgpt2	torch-compile	warm	2	149	1439.3		
distilgpt2	torch-compile	warm	2	150	1385.5		
distilgpt2	torch-compile	warm	2	151	1399.8		
distilgpt2	torch-compile	warm	2	152	1395.0		
distilgpt2	torch-compile	warm	2	153	1379.7		
distilgpt2	torch-compile	warm	2	154	1384.7		
distilgpt2	torch-compile	warm	2	155	1417.4		
distilgpt2	torch-compile	warm	2	156	1395.5		
distilgpt2	torch-compile	warm	2	157	1399.3		
distilgpt2	torch-compile	warm	2	158	1378.1		
distilgpt2	torch-compile	warm	2	159	1378.3		
distilgpt2	torch-compile	warm	2	160	1448.2		
distilgpt2	torch-compile	warm	2	161	1443.6		
distilgpt2	torch-compile	warm	2	162	1402.4		
distilgpt2	torch-compile	warm	2	163	1410.5		
distilgpt2	torch-compile	warm	2	164	1379.5		
distilgpt2	torch-compile	warm	2	165	1401.2		
distilgpt2	torch-compile	warm	2	166	1404.0		
distilgpt2	torch-compile	warm	2	167	1416.0		
distilgpt2	torch-compile	warm	2	168	1387.4		
distilgpt2	torch-compile	warm	2	169	1373.5		
distilgpt2	torch-compile	warm	2	170	1408.8		
distilgpt2	torch-compile	warm	2	171	1386.2		
distilgpt2	torch-compile	warm	2	172	1393.1		
distilgpt2	torch-compile	warm	2	173	1380.9		
distilgpt2	torch-compile	warm	2	174	1367.3		
distilgpt2	torch-compile	warm	2	175	1479.6		
distilgpt2	torch-compile	warm	2	176	1414.8		
distilgpt2	torch-compile	warm	2	177	1390.9		
distilgpt2	torch-compile	warm	2	178	1405.5		
distilgpt2	torch-compile	warm	2	179	1402.9		
distilgpt2	torch-compile	warm	2	180	1378.1		
distilgpt2	torch-compile	warm	2	181	1374.0		
distilgpt2	torch-compile	warm	2	182	1409.8		
distilgpt2	torch-compile	warm	2	183	1383.8		
distilgpt2	torch-compile	warm	2	184	1407.1		
distilgpt2	torch-compile	warm	2	185	1399.0		
distilgpt2	torch-compile	warm	2	186	1380.4		
distilgpt2	torch-compile	warm	2	187	1443.1		
distilgpt2	torch-compile	warm	2	188	1371.1		
distilgpt2	torch-compile	warm	2	189	1409.3		
distilgpt2	torch-compile	warm	2	190	1383.1		
distilgpt2	torch-compile	warm	2	191	1422.2		
distilgpt2	torch-compile	warm	2	192	1387.1		
distilgpt2	torch-compile	warm	2	193	1378.3		
distilgpt2	torch-compile	warm	2	194	1374.7		
distilgpt2	torch-compile	warm	2	195	1396.2		
distilgpt2	torch-compile	warm	2	196	1400.0		
distilgpt2	torch-compile	warm	2	197	1387.8		
distilgpt2	torch-compile	warm	2	198	1380.9		
distilgpt2	torch-compile	warm	2	199	1380.4		
distilgpt2	torch-compile	warm	2	200	1395.9		
distilgpt2	torch-compile	warm	2	201	1389.7		
distilgpt2	torch-compile	warm	2	202	1391.2		
distilgpt2	torch-compile	warm	2	203	1380.7		
distilgpt2	torch-compile	warm	2	204	1378.3		
distilgpt2	torch-compile	warm	2	205	1400.5		
distilgpt2	torch-compile	warm	2	206	1393.6		
distilgpt2	torch-compile	warm	2	207	1403.3		
distilgpt2	torch-compile	warm	2	208	1398.6		
distilgpt2	torch-compile	warm	2	209	1407.6		
distilgpt2	torch-compile	warm	2	210	1443.4		
distilgpt2	torch-compile	warm	2	211	1386.2		
distilgpt2	torch-compile	warm	2	212	1393.8		
distilgpt2	torch-compile	warm	2	213	1393.6		
distilgpt2	torch-compile	warm	2	214	1380.2		
distilgpt2	torch-compile	warm	2	215	1391.9		
distilgpt2	torch-compile	warm	2	216	1374.0		
distilgpt2	torch-compile	warm	2	217	1447.2		
distilgpt2	torch-compile	warm	2	218	1389.7		
distilgpt2	torch-compile	warm	2	219	1381.6		
distilgpt2	torch-compile	warm	2	220	1401.4		
distilgpt2	torch-compile	warm	2	221	1377.6		
distilgpt2	torch-compile	warm	2	222	1405.5		
distilgpt2	torch-compile	warm	2	223	1377.6		
distilgpt2	torch-compile	warm	2	224	1388.3		
distilgpt2	torch-compile	warm	2	225	1407.9		
distilgpt2	torch-compile	warm	2	226	1378.5		
distilgpt2	torch-compile	warm	2	227	1377.3		
distilgpt2	torch-compile	warm	2	228	1383.1		
distilgpt2	torch-compile	warm	2	229	1379.5		
distilgpt2	torch-compile	warm	2	230	1390.9		
distilgpt2	torch-compile	warm	2	231	1394.0		
distilgpt2	torch-compile	warm	2	232	1402.4		
distilgpt2	torch-compile	warm	2	233	1396.7		
distilgpt2	torch-compile	warm	2	234	1385.7		
distilgpt2	torch-compile	warm	2	235	1397.6		
distilgpt2	torch-compile	warm	2	236	1425.0		
distilgpt2	torch-compile	warm	2	237	1396.2		
distilgpt2	torch-compile	warm	2	238	1436.2		
distilgpt2	torch-compile	warm	2	239	1400.9		
distilgpt2	torch-compile	warm	2	240	1404.8		
distilgpt2	torch-compile	warm	2	241	1396.7		
distilgpt2	torch-compile	warm	2	242	1389.5		
distilgpt2	torch-compile	warm	2	243	1385.5		
distilgpt2	torch-compile	warm	2	244	1385.2		
distilgpt2	torch-compile	warm	2	245	1405.0		
distilgpt2	torch-compile	warm	2	246	1401.2		
distilgpt2	torch-compile	warm	2	247	1396.9		
distilgpt2	torch-compile	warm	2	248	1396.7		
distilgpt2	torch-compile	warm	2	249	1382.6		
distilgpt2	torch-compile	warm	2	250	1411.2		
distilgpt2	torch-compile	warm	2	251	1401.7		
distilgpt2	torch-compile	warm	2	252	1386.4		
distilgpt2	torch-compile	warm	2	253	1381.6		
distilgpt2	torch-compile	warm	2	254	1427.9		
distilgpt2	torch-compile	warm	2	255	1400.9		
distilgpt2	torch-compile	warm	2	256	1384.5		
distilgpt2	torch-compile	warm	2	257	1385.7		
distilgpt2	torch-compile	warm	2	258	1384.7		
distilgpt2	torch-compile	warm	2	259	1384.0		
distilgpt2	torch-compile	warm	2	260	1402.9		
distilgpt2	torch-compile	warm	2	261	1410.5		
distilgpt2	torch-compile	warm	2	262	1409.8		
distilgpt2	torch-compile	warm	2	263	1402.6		
distilgpt2	torch-compile	warm	2	264	1396.2		
distilgpt2	torch-compile	warm	2	265	1392.6		
distilgpt2	torch-compile	warm	2	266	1398.6		
distilgpt2	torch-compile	warm	2	267	1421.5		
distilgpt2	torch-compile	warm	2	268	1385.2		
distilgpt2	torch-compile	warm	2	269	1440.5		
distilgpt2	torch-compile	warm	2	270	1408.1		
distilgpt2	torch-compile	warm	2	271	1390.5		
distilgpt2	torch-compile	warm	2	272	1404.8		
distilgpt2	torch-compile	warm	2	273	1399.5		
distilgpt2	torch-compile	warm	2	274	1393.3		
distilgpt2	torch-compile	warm	2	275	1399.5		
distilgpt2	torch-compile	warm	2	276	1385.5		
distilgpt2	torch-compile	warm	2	277	1381.4		
distilgpt2	torch-compile	warm	2	278	1399.8		
distilgpt2	torch-compile	warm	2	279	1378.8		
distilgpt2	torch-compile	warm	2	280	1401.4		
distilgpt2	torch-compile	warm	2	281	1395.7		
distilgpt2	torch-compile	warm	2	282	1391.2		
distilgpt2	torch-compile	warm	2	283	1413.3		
distilgpt2	torch-compile	warm	2	284	1407.4		
distilgpt2	torch-compile	warm	2	285	1401.2		
distilgpt2	torch-compile	warm	2	286	1385.7		
distilgpt2	torch-compile	warm	2	287	1411.7		
distilgpt2	torch-compile	warm	2	288	1412.2		
distilgpt2	torch-compile	warm	2	289	1380.7		
distilgpt2	torch-compile	warm	2	290	1399.0		
distilgpt2	torch-compile	warm	2	291	1434.8		
distilgpt2	torch-compile	warm	2	292	1393.3		
distilgpt2	torch-compile	warm	2	293	1381.2		
distilgpt2	torch-compile	warm	2	294	1404.5		
distilgpt2	torch-compile	warm	2	295	1381.9		
distilgpt2	torch-compile	warm	2	296	1440.8		
distilgpt2	torch-compile	warm	2	297	1411.7		
distilgpt2	torch-compile	warm	2	298	1389.5		
distilgpt2	torch-compile	warm	2	299	1397.4		
distilgpt2	torch-compile-ro	warm	2	0	1550924.8		
distilgpt2	torch-compile-ro	warm	2	1	34353.3		
distilgpt2	torch-compile-ro	warm	2	2	1687.3		
distilgpt2	torch-compile-ro	warm	2	3	1421.7		
distilgpt2	torch-compile-ro	warm	2	4	1411.0		
distilgpt2	torch-compile-ro	warm	2	5	1382.8		
distilgpt2	torch-compile-ro	warm	2	6	1368.8		
distilgpt2	torch-compile-ro	warm	2	7	1380.2		
distilgpt2	torch-compile-ro	warm	2	8	1382.8		
distilgpt2	torch-compile-ro	warm	2	9	1378.3		
distilgpt2	torch-compile-ro	warm	2	10	1369.5		
distilgpt2	torch-compile-ro	warm	2	11	1380.4		
distilgpt2	torch-compile-ro	warm	2	12	1360.4		
distilgpt2	torch-compile-ro	warm	2	13	1366.9		
distilgpt2	torch-compile-ro	warm	2	14	1392.4		
distilgpt2	torch-compile-ro	warm	2	15	1374.5		
distilgpt2	torch-compile-ro	warm	2	16	1362.8		
distilgpt2	torch-compile-ro	warm	2	17	1367.3		
distilgpt2	torch-compile-ro	warm	2	18	1397.8		
distilgpt2	torch-compile-ro	warm	2	19	1373.8		
distilgpt2	torch-compile-ro	warm	2	20	1366.9		
distilgpt2	torch-compile-ro	warm	2	21	1366.9		
distilgpt2	torch-compile-ro	warm	2	22	1374.2		
distilgpt2	torch-compile-ro	warm	2	23	1368.5		
distilgpt2	torch-compile-ro	warm	2	24	1387.4		
distilgpt2	torch-compile-ro	warm	2	25	1367.8		
distilgpt2	torch-compile-ro	warm	2	26	1363.5		
distilgpt2	torch-compile-ro	warm	2	27	1374.0		
distilgpt2	torch-compile-ro	warm	2	28	1368.5		
distilgpt2	torch-compile-ro	warm	2	29	1358.0		
distilgpt2	torch-compile-ro	warm	2	30	1393.1		
distilgpt2	torch-compile-ro	warm	2	31	1361.8		
distilgpt2	torch-compile-ro	warm	2	32	1371.9		
distilgpt2	torch-compile-ro	warm	2	33	1362.6		
distilgpt2	torch-compile-ro	warm	2	34	1359.7		
distilgpt2	torch-compile-ro	warm	2	35	1376.6		
distilgpt2	torch-compile-ro	warm	2	36	1363.5		
distilgpt2	torch-compile-ro	warm	2	37	1374.0		
distilgpt2	torch-compile-ro	warm	2	38	1364.9		
distilgpt2	torch-compile-ro	warm	2	39	1354.2		
distilgpt2	torch-compile-ro	warm	2	40	1371.9		
distilgpt2	torch-compile-ro	warm	2	41	1364.5		
distilgpt2	torch-compile-ro	warm	2	42	1364.2		
distilgpt2	torch-compile-ro	warm	2	43	1391.9		
distilgpt2	torch-compile-ro	warm	2	44	1378.5		
distilgpt2	torch-compile-ro	warm	2	45	1364.2		
distilgpt2	torch-compile-ro	warm	2	46	1358.7		
distilgpt2	torch-compile-ro	warm	2	47	1432.7		
distilgpt2	torch-compile-ro	warm	2	48	1364.5		
distilgpt2	torch-compile-ro	warm	2	49	1367.3		
distilgpt2	torch-compile-ro	warm	2	50	1353.7		
distilgpt2	torch-compile-ro	warm	2	51	1399.8		
distilgpt2	torch-compile-ro	warm	2	52	1375.9		
distilgpt2	torch-compile-ro	warm	2	53	1359.2		
distilgpt2	torch-compile-ro	warm	2	54	1382.4		
distilgpt2	torch-compile-ro	warm	2	55	1358.3		
distilgpt2	torch-compile-ro	warm	2	56	1419.3		
distilgpt2	torch-compile-ro	warm	2	57	1395.7		
distilgpt2	torch-compile-ro	warm	2	58	1363.3		
distilgpt2	torch-compile-ro	warm	2	59	1378.3		
distilgpt2	torch-compile-ro	warm	2	60	1392.6		
distilgpt2	torch-compile-ro	warm	2	61	1382.8		
distilgpt2	torch-compile-ro	warm	2	62	1370.2		
distilgpt2	torch-compile-ro	warm	2	63	1356.6		
distilgpt2	torch-compile-ro	warm	2	64	1373.5		
distilgpt2	torch-compile-ro	warm	2	65	1364.0		
distilgpt2	torch-compile-ro	warm	2	66	1357.1		
distilgpt2	torch-compile-ro	warm	2	67	1367.3		
distilgpt2	torch-compile-ro	warm	2	68	1370.7		
distilgpt2	torch-compile-ro	warm	2	69	1358.7		
distilgpt2	torch-compile-ro	warm	2	70	1376.2		
distilgpt2	torch-compile-ro	warm	2	71	1369.7		
distilgpt2	torch-compile-ro	warm	2	72	1382.1		
distilgpt2	torch-compile-ro	warm	2	73	1353.3		
distilgpt2	torch-compile-ro	warm	2	74	1363.0		
distilgpt2	torch-compile-ro	warm	2	75	1366.4		
distilgpt2	torch-compile-ro	warm	2	76	1355.2		
distilgpt2	torch-compile-ro	warm	2	77	1411.4		
distilgpt2	torch-compile-ro	warm	2	78	1355.4		
distilgpt2	torch-compile-ro	warm	2	79	1374.5		
distilgpt2	torch-compile-ro	warm	2	80	1377.3		
distilgpt2	torch-compile-ro	warm	2	81	1378.1		
distilgpt2	torch-compile-ro	warm	2	82	1340.4		
distilgpt2	torch-compile-ro	warm	2	83	1379.5		
distilgpt2	torch-compile-ro	warm	2	84	1412.9		
distilgpt2	torch-compile-ro	warm	2	85	1349.2		
distilgpt2	torch-compile-ro	warm	2	86	1384.5		
distilgpt2	torch-compile-ro	warm	2	87	1360.4		
distilgpt2	torch-compile-ro	warm	2	88	1362.3		
distilgpt2	torch-compile-ro	warm	2	89	1363.0		
distilgpt2	torch-compile-ro	warm	2	90	1367.8		
distilgpt2	torch-compile-ro	warm	2	91	1397.8		
distilgpt2	torch-compile-ro	warm	2	92	1361.6		
distilgpt2	torch-compile-ro	warm	2	93	1363.0		
distilgpt2	torch-compile-ro	warm	2	94	1365.2		
distilgpt2	torch-compile-ro	warm	2	95	1350.9		
distilgpt2	torch-compile-ro	warm	2	96	1370.2		
distilgpt2	torch-compile-ro	warm	2	97	1434.6		
distilgpt2	torch-compile-ro	warm	2	98	1370.9		
distilgpt2	torch-compile-ro	warm	2	99	1392.4		
distilgpt2	torch-compile-ro	warm	2	100	1343.0		
distilgpt2	torch-compile-ro	warm	2	101	1351.4		
distilgpt2	torch-compile-ro	warm	2	102	1355.9		
distilgpt2	torch-compile-ro	warm	2	103	1396.9		
distilgpt2	torch-compile-ro	warm	2	104	1376.4		
distilgpt2	torch-compile-ro	warm	2	105	1339.9		
distilgpt2	torch-compile-ro	warm	2	106	1411.4		
distilgpt2	torch-compile-ro	warm	2	107	1362.1		
distilgpt2	torch-compile-ro	warm	2	108	1346.3		
distilgpt2	torch-compile-ro	warm	2	109	1350.6		
distilgpt2	torch-compile-ro	warm	2	110	1372.3		
distilgpt2	torch-compile-ro	warm	2	111	1357.1		
distilgpt2	torch-compile-ro	warm	2	112	1354.5		
distilgpt2	torch-compile-ro	warm	2	113	1341.6		
distilgpt2	torch-compile-ro	warm	2	114	1339.4		
distilgpt2	torch-compile-ro	warm	2	115	1339.7		
distilgpt2	torch-compile-ro	warm	2	116	1342.8		
distilgpt2	torch-compile-ro	warm	2	117	1354.7		
distilgpt2	torch-compile-ro	warm	2	118	1353.7		
distilgpt2	torch-compile-ro	warm	2	119	1352.1		
distilgpt2	torch-compile-ro	warm	2	120	1362.1		
distilgpt2	torch-compile-ro	warm	2	121	1360.7		
distilgpt2	torch-compile-ro	warm	2	122	1349.0		
distilgpt2	torch-compile-ro	warm	2	123	1380.0		
distilgpt2	torch-compile-ro	warm	2	124	1362.3		
distilgpt2	torch-compile-ro	warm	2	125	1370.0		
distilgpt2	torch-compile-ro	warm	2	126	1346.3		
distilgpt2	torch-compile-ro	warm	2	127	1346.8		
distilgpt2	torch-compile-ro	warm	2	128	1351.8		
distilgpt2	torch-compile-ro	warm	2	129	1354.9		
distilgpt2	torch-compile-ro	warm	2	130	1356.4		
distilgpt2	torch-compile-ro	warm	2	131	1345.2		
distilgpt2	torch-compile-ro	warm	2	132	1381.6		
distilgpt2	torch-compile-ro	warm	2	133	1355.4		
distilgpt2	torch-compile-ro	warm	2	134	1374.7		
distilgpt2	torch-compile-ro	warm	2	135	1395.2		
distilgpt2	torch-compile-ro	warm	2	136	1359.5		
distilgpt2	torch-compile-ro	warm	2	137	1363.0		
distilgpt2	torch-compile-ro	warm	2	138	1355.4		
distilgpt2	torch-compile-ro	warm	2	139	1349.4		
distilgpt2	torch-compile-ro	warm	2	140	1348.5		
distilgpt2	torch-compile-ro	warm	2	141	1353.0		
distilgpt2	torch-compile-ro	warm	2	142	1362.8		
distilgpt2	torch-compile-ro	warm	2	143	1355.2		
distilgpt2	torch-compile-ro	warm	2	144	1386.6		
distilgpt2	torch-compile-ro	warm	2	145	1358.5		
distilgpt2	torch-compile-ro	warm	2	146	1361.8		
distilgpt2	torch-compile-ro	warm	2	147	1360.4		
distilgpt2	torch-compile-ro	warm	2	148	1404.8		
distilgpt2	torch-compile-ro	warm	2	149	1354.9		
distilgpt2	torch-compile-ro	warm	2	150	1368.0		
distilgpt2	torch-compile-ro	warm	2	151	1374.7		
distilgpt2	torch-compile-ro	warm	2	152	1361.1		
distilgpt2	torch-compile-ro	warm	2	153	1349.7		
distilgpt2	torch-compile-ro	warm	2	154	1387.1		
distilgpt2	torch-compile-ro	warm	2	155	1364.7		
distilgpt2	torch-compile-ro	warm	2	156	1360.7		
distilgpt2	torch-compile-ro	warm	2	157	1365.4		
distilgpt2	torch-compile-ro	warm	2	158	1353.3		
distilgpt2	torch-compile-ro	warm	2	159	1357.6		
distilgpt2	torch-compile-ro	warm	2	160	1394.3		
distilgpt2	torch-compile-ro	warm	2	161	1351.1		
distilgpt2	torch-compile-ro	warm	2	162	1372.8		
distilgpt2	torch-compile-ro	warm	2	163	1351.8		
distilgpt2	torch-compile-ro	warm	2	164	1358.3		
distilgpt2	torch-compile-ro	warm	2	165	1359.7		
distilgpt2	torch-compile-ro	warm	2	166	1351.4		
distilgpt2	torch-compile-ro	warm	2	167	1369.5		
distilgpt2	torch-compile-ro	warm	2	168	1370.2		
distilgpt2	torch-compile-ro	warm	2	169	1355.6		
distilgpt2	torch-compile-ro	warm	2	170	1350.9		
distilgpt2	torch-compile-ro	warm	2	171	1373.5		
distilgpt2	torch-compile-ro	warm	2	172	1356.6		
distilgpt2	torch-compile-ro	warm	2	173	1380.0		
distilgpt2	torch-compile-ro	warm	2	174	1350.9		
distilgpt2	torch-compile-ro	warm	2	175	1344.4		
distilgpt2	torch-compile-ro	warm	2	176	1361.1		
distilgpt2	torch-compile-ro	warm	2	177	1339.7		
distilgpt2	torch-compile-ro	warm	2	178	1364.5		
distilgpt2	torch-compile-ro	warm	2	179	1351.4		
distilgpt2	torch-compile-ro	warm	2	180	1348.3		
distilgpt2	torch-compile-ro	warm	2	181	1355.6		
distilgpt2	torch-compile-ro	warm	2	182	1347.8		
distilgpt2	torch-compile-ro	warm	2	183	1347.8		
distilgpt2	torch-compile-ro	warm	2	184	1404.0		
distilgpt2	torch-compile-ro	warm	2	185	1366.4		
distilgpt2	torch-compile-ro	warm	2	186	1348.7		
distilgpt2	torch-compile-ro	warm	2	187	1360.9		
distilgpt2	torch-compile-ro	warm	2	188	1347.3		
distilgpt2	torch-compile-ro	warm	2	189	1373.3		
distilgpt2	torch-compile-ro	warm	2	190	1365.4		
distilgpt2	torch-compile-ro	warm	2	191	1333.2		
distilgpt2	torch-compile-ro	warm	2	192	1342.8		
distilgpt2	torch-compile-ro	warm	2	193	1350.4		
distilgpt2	torch-compile-ro	warm	2	194	1340.4		
distilgpt2	torch-compile-ro	warm	2	195	1346.8		
distilgpt2	torch-compile-ro	warm	2	196	1355.4		
distilgpt2	torch-compile-ro	warm	2	197	1386.2		
distilgpt2	torch-compile-ro	warm	2	198	1369.0		
distilgpt2	torch-compile-ro	warm	2	199	1425.5		
distilgpt2	torch-compile-ro	warm	2	200	1356.1		
distilgpt2	torch-compile-ro	warm	2	201	1354.2		
distilgpt2	torch-compile-ro	warm	2	202	1351.8		
distilgpt2	torch-compile-ro	warm	2	203	1376.4		
distilgpt2	torch-compile-ro	warm	2	204	1350.6		
distilgpt2	torch-compile-ro	warm	2	205	1356.6		
distilgpt2	torch-compile-ro	warm	2	206	1369.5		
distilgpt2	torch-compile-ro	warm	2	207	1374.5		
distilgpt2	torch-compile-ro	warm	2	208	1366.9		
distilgpt2	torch-compile-ro	warm	2	209	1409.1		
distilgpt2	torch-compile-ro	warm	2	210	1326.3		
distilgpt2	torch-compile-ro	warm	2	211	1327.0		
distilgpt2	torch-compile-ro	warm	2	212	1317.5		
distilgpt2	torch-compile-ro	warm	2	213	1371.4		
distilgpt2	torch-compile-ro	warm	2	214	1318.9		
distilgpt2	torch-compile-ro	warm	2	215	1318.7		
distilgpt2	torch-compile-ro	warm	2	216	1328.5		
distilgpt2	torch-compile-ro	warm	2	217	1323.5		
distilgpt2	torch-compile-ro	warm	2	218	1310.8		
distilgpt2	torch-compile-ro	warm	2	219	1363.3		
distilgpt2	torch-compile-ro	warm	2	220	1319.2		
distilgpt2	torch-compile-ro	warm	2	221	1341.3		
distilgpt2	torch-compile-ro	warm	2	222	1317.7		
distilgpt2	torch-compile-ro	warm	2	223	1364.7		
distilgpt2	torch-compile-ro	warm	2	224	1320.4		
distilgpt2	torch-compile-ro	warm	2	225	1325.6		
distilgpt2	torch-compile-ro	warm	2	226	1331.1		
distilgpt2	torch-compile-ro	warm	2	227	1321.8		
distilgpt2	torch-compile-ro	warm	2	228	1312.0		
distilgpt2	torch-compile-ro	warm	2	229	1324.7		
distilgpt2	torch-compile-ro	warm	2	230	1328.9		
distilgpt2	torch-compile-ro	warm	2	231	1317.0		
distilgpt2	torch-compile-ro	warm	2	232	1320.1		
distilgpt2	torch-compile-ro	warm	2	233	1329.2		
distilgpt2	torch-compile-ro	warm	2	234	1367.3		
distilgpt2	torch-compile-ro	warm	2	235	1327.0		
distilgpt2	torch-compile-ro	warm	2	236	1337.5		
distilgpt2	torch-compile-ro	warm	2	237	1308.0		
distilgpt2	torch-compile-ro	warm	2	238	1313.9		
distilgpt2	torch-compile-ro	warm	2	239	1350.6		
distilgpt2	torch-compile-ro	warm	2	240	1310.8		
distilgpt2	torch-compile-ro	warm	2	241	1317.5		
distilgpt2	torch-compile-ro	warm	2	242	1348.7		
distilgpt2	torch-compile-ro	warm	2	243	1325.8		
distilgpt2	torch-compile-ro	warm	2	244	1317.7		
distilgpt2	torch-compile-ro	warm	2	245	1323.7		
distilgpt2	torch-compile-ro	warm	2	246	1326.3		
distilgpt2	torch-compile-ro	warm	2	247	1318.0		
distilgpt2	torch-compile-ro	warm	2	248	1357.8		
distilgpt2	torch-compile-ro	warm	2	249	1324.9		
distilgpt2	torch-compile-ro	warm	2	250	1333.0		
distilgpt2	torch-compile-ro	warm	2	251	1324.7		
distilgpt2	torch-compile-ro	warm	2	252	1319.9		
distilgpt2	torch-compile-ro	warm	2	253	1314.9		
distilgpt2	torch-compile-ro	warm	2	254	1329.4		
distilgpt2	torch-compile-ro	warm	2	255	1333.0		
distilgpt2	torch-compile-ro	warm	2	256	1323.9		
distilgpt2	torch-compile-ro	warm	2	257	1344.9		
distilgpt2	torch-compile-ro	warm	2	258	1319.2		
distilgpt2	torch-compile-ro	warm	2	259	1342.5		
distilgpt2	torch-compile-ro	warm	2	260	1337.5		
distilgpt2	torch-compile-ro	warm	2	261	1318.0		
distilgpt2	torch-compile-ro	warm	2	262	1336.8		
distilgpt2	torch-compile-ro	warm	2	263	1355.4		
distilgpt2	torch-compile-ro	warm	2	264	1320.8		
distilgpt2	torch-compile-ro	warm	2	265	1340.9		
distilgpt2	torch-compile-ro	warm	2	266	1328.2		
distilgpt2	torch-compile-ro	warm	2	267	1388.1		
distilgpt2	torch-compile-ro	warm	2	268	1328.2		
distilgpt2	torch-compile-ro	warm	2	269	1317.0		
distilgpt2	torch-compile-ro	warm	2	270	1311.1		
distilgpt2	torch-compile-ro	warm	2	271	1329.2		
distilgpt2	torch-compile-ro	warm	2	272	1346.1		
distilgpt2	torch-compile-ro	warm	2	273	1310.3		
distilgpt2	torch-compile-ro	warm	2	274	1326.1		
distilgpt2	torch-compile-ro	warm	2	275	1335.1		
distilgpt2	torch-compile-ro	warm	2	276	1326.8		
distilgpt2	torch-compile-ro	warm	2	277	1320.6		
distilgpt2	torch-compile-ro	warm	2	278	1361.8		
distilgpt2	torch-compile-ro	warm	2	279	1387.6		
distilgpt2	torch-compile-ro	warm	2	280	1390.2		
distilgpt2	torch-compile-ro	warm	2	281	1323.0		
distilgpt2	torch-compile-ro	warm	2	282	1327.8		
distilgpt2	torch-compile-ro	warm	2	283	1326.6		
distilgpt2	torch-compile-ro	warm	2	284	1341.8		
distilgpt2	torch-compile-ro	warm	2	285	1339.2		
distilgpt2	torch-compile-ro	warm	2	286	1324.9		
distilgpt2	torch-compile-ro	warm	2	287	1319.6		
distilgpt2	torch-compile-ro	warm	2	288	1360.9		
distilgpt2	torch-compile-ro	warm	2	289	1338.2		
distilgpt2	torch-compile-ro	warm	2	290	1318.5		
distilgpt2	torch-compile-ro	warm	2	291	1324.4		
distilgpt2	torch-compile-ro	warm	2	292	1307.7		
distilgpt2	torch-compile-ro	warm	2	293	1337.1		
distilgpt2	torch-compile-ro	warm	2	294	1334.2		
distilgpt2	torch-compile-ro	warm	2	295	1339.4		
distilgpt2	torch-compile-ro	warm	2	296	1341.1		
distilgpt2	torch-compile-ro	warm	2	297	1331.1		
distilgpt2	torch-compile-ro	warm	2	298	1313.4		
distilgpt2	torch-compile-ro	warm	2	299	1381.2		
distilgpt2	jax	warm	2	0	47762.9		
distilgpt2	jax	warm	2	1	1438.3		
distilgpt2	jax	warm	2	2	1298.4		
distilgpt2	jax	warm	2	3	1212.9		
distilgpt2	jax	warm	2	4	1258.4		
distilgpt2	jax	warm	2	5	1199.4		
distilgpt2	jax	warm	2	6	1208.4		
distilgpt2	jax	warm	2	7	1202.2		
distilgpt2	jax	warm	2	8	1185.2		
distilgpt2	jax	warm	2	9	1221.6		
distilgpt2	jax	warm	2	10	1202.0		
distilgpt2	jax	warm	2	11	1171.6		
distilgpt2	jax	warm	2	12	1197.7		
distilgpt2	jax	warm	2	13	1206.5		
distilgpt2	jax	warm	2	14	1243.8		
distilgpt2	jax	warm	2	15	1232.6		
distilgpt2	jax	warm	2	16	1176.0		
distilgpt2	jax	warm	2	17	1226.9		
distilgpt2	jax	warm	2	18	1315.1		
distilgpt2	jax	warm	2	19	1190.1		
distilgpt2	jax	warm	2	20	1218.0		
distilgpt2	jax	warm	2	21	1211.9		
distilgpt2	jax	warm	2	22	1215.2		
distilgpt2	jax	warm	2	23	1188.5		
distilgpt2	jax	warm	2	24	1187.8		
distilgpt2	jax	warm	2	25	1190.9		
distilgpt2	jax	warm	2	26	1187.9		
distilgpt2	jax	warm	2	27	1216.6		
distilgpt2	jax	warm	2	28	1201.5		
distilgpt2	jax	warm	2	29	1196.8		
distilgpt2	jax	warm	2	30	1188.8		
distilgpt2	jax	warm	2	31	1164.0		
distilgpt2	jax	warm	2	32	1202.0		
distilgpt2	jax	warm	2	33	1187.8		
distilgpt2	jax	warm	2	34	1184.3		
distilgpt2	jax	warm	2	35	1176.3		
distilgpt2	jax	warm	2	36	1180.3		
distilgpt2	jax	warm	2	37	1156.2		
distilgpt2	jax	warm	2	38	1220.3		
distilgpt2	jax	warm	2	39	1153.1		
distilgpt2	jax	warm	2	40	1152.8		
distilgpt2	jax	warm	2	41	1183.0		
distilgpt2	jax	warm	2	42	1193.2		
distilgpt2	jax	warm	2	43	1193.3		
distilgpt2	jax	warm	2	44	1203.1		
distilgpt2	jax	warm	2	45	1196.3		
distilgpt2	jax	warm	2	46	1189.3		
distilgpt2	jax	warm	2	47	1190.0		
distilgpt2	jax	warm	2	48	1193.7		
distilgpt2	jax	warm	2	49	1222.2		
distilgpt2	jax	warm	2	50	1164.7		
distilgpt2	jax	warm	2	51	1189.7		
distilgpt2	jax	warm	2	52	1159.3		
distilgpt2	jax	warm	2	53	1185.5		
distilgpt2	jax	warm	2	54	1237.2		
distilgpt2	jax	warm	2	55	1162.0		
distilgpt2	jax	warm	2	56	1165.7		
distilgpt2	jax	warm	2	57	1209.5		
distilgpt2	jax	warm	2	58	1188.9		
distilgpt2	jax	warm	2	59	1199.2		
distilgpt2	jax	warm	2	60	1166.3		
distilgpt2	jax	warm	2	61	1162.9		
distilgpt2	jax	warm	2	62	1187.6		
distilgpt2	jax	warm	2	63	1184.6		
distilgpt2	jax	warm	2	64	1227.9		
distilgpt2	jax	warm	2	65	1174.5		
distilgpt2	jax	warm	2	66	1196.3		
distilgpt2	jax	warm	2	67	1191.1		
distilgpt2	jax	warm	2	68	1166.2		
distilgpt2	jax	warm	2	69	1224.2		
distilgpt2	jax	warm	2	70	1225.6		
distilgpt2	jax	warm	2	71	1213.1		
distilgpt2	jax	warm	2	72	1186.9		
distilgpt2	jax	warm	2	73	1167.8		
distilgpt2	jax	warm	2	74	1242.0		
distilgpt2	jax	warm	2	75	1210.4		
distilgpt2	jax	warm	2	76	1207.9		
distilgpt2	jax	warm	2	77	1163.6		
distilgpt2	jax	warm	2	78	1186.5		
distilgpt2	jax	warm	2	79	1193.9		
distilgpt2	jax	warm	2	80	1155.5		
distilgpt2	jax	warm	2	81	1183.8		
distilgpt2	jax	warm	2	82	1184.1		
distilgpt2	jax	warm	2	83	1188.4		
distilgpt2	jax	warm	2	84	1160.2		
distilgpt2	jax	warm	2	85	1240.9		
distilgpt2	jax	warm	2	86	1194.2		
distilgpt2	jax	warm	2	87	1156.7		
distilgpt2	jax	warm	2	88	1175.4		
distilgpt2	jax	warm	2	89	1159.8		
distilgpt2	jax	warm	2	90	1217.5		
distilgpt2	jax	warm	2	91	1157.7		
distilgpt2	jax	warm	2	92	1181.5		
distilgpt2	jax	warm	2	93	1183.6		
distilgpt2	jax	warm	2	94	1164.1		
distilgpt2	jax	warm	2	95	1189.5		
distilgpt2	jax	warm	2	96	1226.7		
distilgpt2	jax	warm	2	97	1189.4		
distilgpt2	jax	warm	2	98	1184.3		
distilgpt2	jax	warm	2	99	1209.9		
distilgpt2	jax	warm	2	100	1189.9		
distilgpt2	jax	warm	2	101	1220.9		
distilgpt2	jax	warm	2	102	1201.7		
distilgpt2	jax	warm	2	103	1190.3		
distilgpt2	jax	warm	2	104	1199.9		
distilgpt2	jax	warm	2	105	1228.2		
distilgpt2	jax	warm	2	106	1174.5		
distilgpt2	jax	warm	2	107	1194.1		
distilgpt2	jax	warm	2	108	1173.0		
distilgpt2	jax	warm	2	109	1191.7		
distilgpt2	jax	warm	2	110	1201.6		
distilgpt2	jax	warm	2	111	1189.3		
distilgpt2	jax	warm	2	112	1174.5		
distilgpt2	jax	warm	2	113	1254.7		
distilgpt2	jax	warm	2	114	1190.1		
distilgpt2	jax	warm	2	115	1205.7		
distilgpt2	jax	warm	2	116	1180.1		
distilgpt2	jax	warm	2	117	1171.7		
distilgpt2	jax	warm	2	118	1198.3		
distilgpt2	jax	warm	2	119	1167.1		
distilgpt2	jax	warm	2	120	1166.4		
distilgpt2	jax	warm	2	121	1234.4		
distilgpt2	jax	warm	2	122	1208.2		
distilgpt2	jax	warm	2	123	1208.1		
distilgpt2	jax	warm	2	124	1195.0		
distilgpt2	jax	warm	2	125	1168.4		
distilgpt2	jax	warm	2	126	1250.2		
distilgpt2	jax	warm	2	127	1211.5		
distilgpt2	jax	warm	2	128	1170.5		
distilgpt2	jax	warm	2	129	1176.4		
distilgpt2	jax	warm	2	130	1205.6		
distilgpt2	jax	warm	2	131	1197.3		
distilgpt2	jax	warm	2	132	1201.7		
distilgpt2	jax	warm	2	133	1173.0		
distilgpt2	jax	warm	2	134	1199.3		
distilgpt2	jax	warm	2	135	1197.9		
distilgpt2	jax	warm	2	136	1228.7		
distilgpt2	jax	warm	2	137	1167.3		
distilgpt2	jax	warm	2	138	1170.9		
distilgpt2	jax	warm	2	139	1169.6		
distilgpt2	jax	warm	2	140	1196.4		
distilgpt2	jax	warm	2	141	1213.8		
distilgpt2	jax	warm	2	142	1206.3		
distilgpt2	jax	warm	2	143	1238.2		
distilgpt2	jax	warm	2	144	1225.3		
distilgpt2	jax	warm	2	145	1205.4		
distilgpt2	jax	warm	2	146	1222.2		
distilgpt2	jax	warm	2	147	1210.1		
distilgpt2	jax	warm	2	148	1208.0		
distilgpt2	jax	warm	2	149	1206.5		
distilgpt2	jax	warm	2	150	1234.6		
distilgpt2	jax	warm	2	151	1227.5		
distilgpt2	jax	warm	2	152	1223.4		
distilgpt2	jax	warm	2	153	1209.7		
distilgpt2	jax	warm	2	154	1214.5		
distilgpt2	jax	warm	2	155	1233.0		
distilgpt2	jax	warm	2	156	1226.2		
distilgpt2	jax	warm	2	157	1220.3		
distilgpt2	jax	warm	2	158	1230.3		
distilgpt2	jax	warm	2	159	1249.3		
distilgpt2	jax	warm	2	160	1221.0		
distilgpt2	jax	warm	2	161	1214.8		
distilgpt2	jax	warm	2	162	1217.7		
distilgpt2	jax	warm	2	163	1187.6		
distilgpt2	jax	warm	2	164	1219.3		
distilgpt2	jax	warm	2	165	1214.1		
distilgpt2	jax	warm	2	166	1185.2		
distilgpt2	jax	warm	2	167	1224.1		
distilgpt2	jax	warm	2	168	1270.3		
distilgpt2	jax	warm	2	169	1217.5		
distilgpt2	jax	warm	2	170	1215.8		
distilgpt2	jax	warm	2	171	1224.9		
distilgpt2	jax	warm	2	172	1188.6		
distilgpt2	jax	warm	2	173	1227.4		
distilgpt2	jax	warm	2	174	1218.1		
distilgpt2	jax	warm	2	175	1201.5		
distilgpt2	jax	warm	2	176	1197.8		
distilgpt2	jax	warm	2	177	1216.0		
distilgpt2	jax	warm	2	178	1215.1		
distilgpt2	jax	warm	2	179	1200.4		
distilgpt2	jax	warm	2	180	1201.5		
distilgpt2	jax	warm	2	181	1212.5		
distilgpt2	jax	warm	2	182	1205.9		
distilgpt2	jax	warm	2	183	1211.2		
distilgpt2	jax	warm	2	184	1196.0		
distilgpt2	jax	warm	2	185	1194.3		
distilgpt2	jax	warm	2	186	1195.8		
distilgpt2	jax	warm	2	187	1226.9		
distilgpt2	jax	warm	2	188	1219.9		
distilgpt2	jax	warm	2	189	1201.8		
distilgpt2	jax	warm	2	190	1205.0		
distilgpt2	jax	warm	2	191	1182.7		
distilgpt2	jax	warm	2	192	1191.7		
distilgpt2	jax	warm	2	193	1208.6		
distilgpt2	jax	warm	2	194	1198.6		
distilgpt2	jax	warm	2	195	1189.8		
distilgpt2	jax	warm	2	196	1197.8		
distilgpt2	jax	warm	2	197	1209.3		
distilgpt2	jax	warm	2	198	1205.1		
distilgpt2	jax	warm	2	199	1201.5		
distilgpt2	jax	warm	2	200	1201.7		
distilgpt2	jax	warm	2	201	1169.3		
distilgpt2	jax	warm	2	202	1202.9		
distilgpt2	jax	warm	2	203	1199.3		
distilgpt2	jax	warm	2	204	1193.1		
distilgpt2	jax	warm	2	205	1193.6		
distilgpt2	jax	warm	2	206	1194.9		
distilgpt2	jax	warm	2	207	1209.9		
distilgpt2	jax	warm	2	208	1199.5		
distilgpt2	jax	warm	2	209	1197.9		
distilgpt2	jax	warm	2	210	1202.9		
distilgpt2	jax	warm	2	211	1199.0		
distilgpt2	jax	warm	2	212	1194.6		
distilgpt2	jax	warm	2	213	1196.8		
distilgpt2	jax	warm	2	214	1195.8		
distilgpt2	jax	warm	2	215	1186.7		
distilgpt2	jax	warm	2	216	1193.5		
distilgpt2	jax	warm	2	217	1203.4		
distilgpt2	jax	warm	2	218	1198.2		
distilgpt2	jax	warm	2	219	1192.9		
distilgpt2	jax	warm	2	220	1203.4		
distilgpt2	jax	warm	2	221	1202.5		
distilgpt2	jax	warm	2	222	1201.4		
distilgpt2	jax	warm	2	223	1237.6		
distilgpt2	jax	warm	2	224	1204.0		
distilgpt2	jax	warm	2	225	1236.7		
distilgpt2	jax	warm	2	226	1216.3		
distilgpt2	jax	warm	2	227	1205.0		
distilgpt2	jax	warm	2	228	1191.0		
distilgpt2	jax	warm	2	229	1201.5		
distilgpt2	jax	warm	2	230	1191.5		
distilgpt2	jax	warm	2	231	1198.8		
distilgpt2	jax	warm	2	232	1198.7		
distilgpt2	jax	warm	2	233	1212.8		
distilgpt2	jax	warm	2	234	1189.4		
distilgpt2	jax	warm	2	235	1194.2		
distilgpt2	jax	warm	2	236	1217.5		
distilgpt2	jax	warm	2	237	1255.9		
distilgpt2	jax	warm	2	238	1189.5		
distilgpt2	jax	warm	2	239	1201.3		
distilgpt2	jax	warm	2	240	1205.8		
distilgpt2	jax	warm	2	241	1198.9		
distilgpt2	jax	warm	2	242	1192.5		
distilgpt2	jax	warm	2	243	1198.4		
distilgpt2	jax	warm	2	244	1194.0		
distilgpt2	jax	warm	2	245	1201.6		
distilgpt2	jax	warm	2	246	1202.2		
distilgpt2	jax	warm	2	247	1198.0		
distilgpt2	jax	warm	2	248	1197.7		
distilgpt2	jax	warm	2	249	1186.4		
distilgpt2	jax	warm	2	250	1199.3		
distilgpt2	jax	warm	2	251	1236.7		
distilgpt2	jax	warm	2	252	1202.1		
distilgpt2	jax	warm	2	253	1205.5		
distilgpt2	jax	warm	2	254	1193.7		
distilgpt2	jax	warm	2	255	1209.5		
distilgpt2	jax	warm	2	256	1211.4		
distilgpt2	jax	warm	2	257	1187.7		
distilgpt2	jax	warm	2	258	1194.7		
distilgpt2	jax	warm	2	259	1194.4		
distilgpt2	jax	warm	2	260	1200.5		
distilgpt2	jax	warm	2	261	1180.8		
distilgpt2	jax	warm	2	262	1192.8		
distilgpt2	jax	warm	2	263	1191.8		
distilgpt2	jax	warm	2	264	1187.2		
distilgpt2	jax	warm	2	265	1208.9		
distilgpt2	jax	warm	2	266	1167.8		
distilgpt2	jax	warm	2	267	1201.9		
distilgpt2	jax	warm	2	268	1198.2		
distilgpt2	jax	warm	2	269	1193.6		
distilgpt2	jax	warm	2	270	1197.9		
distilgpt2	jax	warm	2	271	1200.4		
distilgpt2	jax	warm	2	272	1189.1		
distilgpt2	jax	warm	2	273	1204.8		
distilgpt2	jax	warm	2	274	1189.6		
distilgpt2	jax	warm	2	275	1190.7		
distilgpt2	jax	warm	2	276	1200.3		
distilgpt2	jax	warm	2	277	1206.1		
distilgpt2	jax	warm	2	278	1194.0		
distilgpt2	jax	warm	2	279	1197.2		
distilgpt2	jax	warm	2	280	1199.8		
distilgpt2	jax	warm	2	281	1204.8		
distilgpt2	jax	warm	2	282	1166.6		
distilgpt2	jax	warm	2	283	1189.0		
distilgpt2	jax	warm	2	284	1169.7		
distilgpt2	jax	warm	2	285	1189.3		
distilgpt2	jax	warm	2	286	1179.8		
distilgpt2	jax	warm	2	287	1191.4		
distilgpt2	jax	warm	2	288	1192.9		
distilgpt2	jax	warm	2	289	1190.2		
distilgpt2	jax	warm	2	290	1203.1		
distilgpt2	jax	warm	2	291	1214.4		
distilgpt2	jax	warm	2	292	1198.4		
distilgpt2	jax	warm	2	293	1197.0		
distilgpt2	jax	warm	2	294	1199.1		
distilgpt2	jax	warm	2	295	1194.5		
distilgpt2	jax	warm	2	296	1209.8		
distilgpt2	jax	warm	2	297	1192.3		
distilgpt2	jax	warm	2	298	1201.6		
distilgpt2	jax	warm	2	299	1165.9		
distilgpt2	torch-eager	warm	3	0	136109.4		
distilgpt2	torch-eager	warm	3	1	3526.4		
distilgpt2	torch-eager	warm	3	2	3228.9		
distilgpt2	torch-eager	warm	3	3	3269.4		
distilgpt2	torch-eager	warm	3	4	3298.0		
distilgpt2	torch-eager	warm	3	5	3358.4		
distilgpt2	torch-eager	warm	3	6	3245.4		
distilgpt2	torch-eager	warm	3	7	3267.8		
distilgpt2	torch-eager	warm	3	8	3304.7		
distilgpt2	torch-eager	warm	3	9	3213.6		
distilgpt2	torch-eager	warm	3	10	3197.7		
distilgpt2	torch-eager	warm	3	11	3197.9		
distilgpt2	torch-eager	warm	3	12	3191.5		
distilgpt2	torch-eager	warm	3	13	3200.8		
distilgpt2	torch-eager	warm	3	14	3200.5		
distilgpt2	torch-eager	warm	3	15	3222.2		
distilgpt2	torch-eager	warm	3	16	3229.4		
distilgpt2	torch-eager	warm	3	17	3202.9		
distilgpt2	torch-eager	warm	3	18	3446.8		
distilgpt2	torch-eager	warm	3	19	3205.3		
distilgpt2	torch-eager	warm	3	20	3213.9		
distilgpt2	torch-eager	warm	3	21	3214.6		
distilgpt2	torch-eager	warm	3	22	3199.8		
distilgpt2	torch-eager	warm	3	23	3236.1		
distilgpt2	torch-eager	warm	3	24	3181.7		
distilgpt2	torch-eager	warm	3	25	3248.5		
distilgpt2	torch-eager	warm	3	26	3225.3		
distilgpt2	torch-eager	warm	3	27	3196.0		
distilgpt2	torch-eager	warm	3	28	3540.5		
distilgpt2	torch-eager	warm	3	29	3283.3		
distilgpt2	torch-eager	warm	3	30	3234.4		
distilgpt2	torch-eager	warm	3	31	3277.5		
distilgpt2	torch-eager	warm	3	32	3233.2		
distilgpt2	torch-eager	warm	3	33	3195.8		
distilgpt2	torch-eager	warm	3	34	3345.5		
distilgpt2	torch-eager	warm	3	35	3212.2		
distilgpt2	torch-eager	warm	3	36	3267.0		
distilgpt2	torch-eager	warm	3	37	3349.5		
distilgpt2	torch-eager	warm	3	38	3490.7		
distilgpt2	torch-eager	warm	3	39	3282.5		
distilgpt2	torch-eager	warm	3	40	3228.4		
distilgpt2	torch-eager	warm	3	41	3276.1		
distilgpt2	torch-eager	warm	3	42	3222.9		
distilgpt2	torch-eager	warm	3	43	3249.2		
distilgpt2	torch-eager	warm	3	44	4011.6		
distilgpt2	torch-eager	warm	3	45	3274.0		
distilgpt2	torch-eager	warm	3	46	3266.8		
distilgpt2	torch-eager	warm	3	47	3263.0		
distilgpt2	torch-eager	warm	3	48	3499.3		
distilgpt2	torch-eager	warm	3	49	3210.5		
distilgpt2	torch-eager	warm	3	50	3240.3		
distilgpt2	torch-eager	warm	3	51	3256.1		
distilgpt2	torch-eager	warm	3	52	3221.8		
distilgpt2	torch-eager	warm	3	53	3280.6		
distilgpt2	torch-eager	warm	3	54	3224.6		
distilgpt2	torch-eager	warm	3	55	3253.5		
distilgpt2	torch-eager	warm	3	56	3234.9		
distilgpt2	torch-eager	warm	3	57	3223.7		
distilgpt2	torch-eager	warm	3	58	3467.8		
distilgpt2	torch-eager	warm	3	59	3209.1		
distilgpt2	torch-eager	warm	3	60	3235.1		
distilgpt2	torch-eager	warm	3	61	3249.9		
distilgpt2	torch-eager	warm	3	62	3196.0		
distilgpt2	torch-eager	warm	3	63	3201.5		
distilgpt2	torch-eager	warm	3	64	3382.2		
distilgpt2	torch-eager	warm	3	65	3279.2		
distilgpt2	torch-eager	warm	3	66	3217.5		
distilgpt2	torch-eager	warm	3	67	3212.0		
distilgpt2	torch-eager	warm	3	68	3265.4		
distilgpt2	torch-eager	warm	3	69	3287.8		
distilgpt2	torch-eager	warm	3	70	3249.2		
distilgpt2	torch-eager	warm	3	71	3202.0		
distilgpt2	torch-eager	warm	3	72	3201.2		
distilgpt2	torch-eager	warm	3	73	3200.3		
distilgpt2	torch-eager	warm	3	74	3187.9		
distilgpt2	torch-eager	warm	3	75	3261.1		
distilgpt2	torch-eager	warm	3	76	3203.2		
distilgpt2	torch-eager	warm	3	77	3206.0		
distilgpt2	torch-eager	warm	3	78	3217.0		
distilgpt2	torch-eager	warm	3	79	3238.7		
distilgpt2	torch-eager	warm	3	80	3196.7		
distilgpt2	torch-eager	warm	3	81	3186.2		
distilgpt2	torch-eager	warm	3	82	3223.9		
distilgpt2	torch-eager	warm	3	83	3283.0		
distilgpt2	torch-eager	warm	3	84	3196.5		
distilgpt2	torch-eager	warm	3	85	3204.8		
distilgpt2	torch-eager	warm	3	86	3179.8		
distilgpt2	torch-eager	warm	3	87	3197.0		
distilgpt2	torch-eager	warm	3	88	3215.6		
distilgpt2	torch-eager	warm	3	89	3271.8		
distilgpt2	torch-eager	warm	3	90	3242.3		
distilgpt2	torch-eager	warm	3	91	3228.4		
distilgpt2	torch-eager	warm	3	92	3241.1		
distilgpt2	torch-eager	warm	3	93	3248.7		
distilgpt2	torch-eager	warm	3	94	3185.3		
distilgpt2	torch-eager	warm	3	95	3285.9		
distilgpt2	torch-eager	warm	3	96	3207.4		
distilgpt2	torch-eager	warm	3	97	3259.7		
distilgpt2	torch-eager	warm	3	98	3304.5		
distilgpt2	torch-eager	warm	3	99	3276.8		
distilgpt2	torch-eager	warm	3	100	3249.6		
distilgpt2	torch-eager	warm	3	101	3217.5		
distilgpt2	torch-eager	warm	3	102	3208.4		
distilgpt2	torch-eager	warm	3	103	3248.7		
distilgpt2	torch-eager	warm	3	104	3233.9		
distilgpt2	torch-eager	warm	3	105	3285.4		
distilgpt2	torch-eager	warm	3	106	3269.7		
distilgpt2	torch-eager	warm	3	107	3294.7		
distilgpt2	torch-eager	warm	3	108	3322.1		
distilgpt2	torch-eager	warm	3	109	3272.1		
distilgpt2	torch-eager	warm	3	110	3284.7		
distilgpt2	torch-eager	warm	3	111	3237.7		
distilgpt2	torch-eager	warm	3	112	3248.0		
distilgpt2	torch-eager	warm	3	113	3237.7		
distilgpt2	torch-eager	warm	3	114	3310.0		
distilgpt2	torch-eager	warm	3	115	3536.0		
distilgpt2	torch-eager	warm	3	116	3553.9		
distilgpt2	torch-eager	warm	3	117	3506.7		
distilgpt2	torch-eager	warm	3	118	3496.6		
distilgpt2	torch-eager	warm	3	119	3479.7		
distilgpt2	torch-eager	warm	3	120	3515.0		
distilgpt2	torch-eager	warm	3	121	3507.6		
distilgpt2	torch-eager	warm	3	122	3460.9		
distilgpt2	torch-eager	warm	3	123	3467.1		
distilgpt2	torch-eager	warm	3	124	3494.0		
distilgpt2	torch-eager	warm	3	125	3585.6		
distilgpt2	torch-eager	warm	3	126	3300.4		
distilgpt2	torch-eager	warm	3	127	3312.6		
distilgpt2	torch-eager	warm	3	128	3221.5		
distilgpt2	torch-eager	warm	3	129	3260.1		
distilgpt2	torch-eager	warm	3	130	3254.7		
distilgpt2	torch-eager	warm	3	131	3223.2		
distilgpt2	torch-eager	warm	3	132	3208.2		
distilgpt2	torch-eager	warm	3	133	3209.6		
distilgpt2	torch-eager	warm	3	134	3231.3		
distilgpt2	torch-eager	warm	3	135	3223.9		
distilgpt2	torch-eager	warm	3	136	3213.9		
distilgpt2	torch-eager	warm	3	137	3214.4		
distilgpt2	torch-eager	warm	3	138	3216.0		
distilgpt2	torch-eager	warm	3	139	3226.0		
distilgpt2	torch-eager	warm	3	140	3207.0		
distilgpt2	torch-eager	warm	3	141	3254.7		
distilgpt2	torch-eager	warm	3	142	3180.7		
distilgpt2	torch-eager	warm	3	143	3178.8		
distilgpt2	torch-eager	warm	3	144	3358.4		
distilgpt2	torch-eager	warm	3	145	3206.3		
distilgpt2	torch-eager	warm	3	146	3192.4		
distilgpt2	torch-eager	warm	3	147	3175.7		
distilgpt2	torch-eager	warm	3	148	3209.4		
distilgpt2	torch-eager	warm	3	149	3332.6		
distilgpt2	torch-eager	warm	3	150	3298.0		
distilgpt2	torch-eager	warm	3	151	3234.6		
distilgpt2	torch-eager	warm	3	152	3210.3		
distilgpt2	torch-eager	warm	3	153	3206.5		
distilgpt2	torch-eager	warm	3	154	3321.9		
distilgpt2	torch-eager	warm	3	155	3209.1		
distilgpt2	torch-eager	warm	3	156	3355.0		
distilgpt2	torch-eager	warm	3	157	3194.1		
distilgpt2	torch-eager	warm	3	158	3215.6		
distilgpt2	torch-eager	warm	3	159	3323.3		
distilgpt2	torch-eager	warm	3	160	3257.0		
distilgpt2	torch-eager	warm	3	161	3182.6		
distilgpt2	torch-eager	warm	3	162	3176.7		
distilgpt2	torch-eager	warm	3	163	3204.8		
distilgpt2	torch-eager	warm	3	164	3242.3		
distilgpt2	torch-eager	warm	3	165	3229.6		
distilgpt2	torch-eager	warm	3	166	3181.2		
distilgpt2	torch-eager	warm	3	167	3200.1		
distilgpt2	torch-eager	warm	3	168	3192.4		
distilgpt2	torch-eager	warm	3	169	3267.5		
distilgpt2	torch-eager	warm	3	170	3341.2		
distilgpt2	torch-eager	warm	3	171	3202.4		
distilgpt2	torch-eager	warm	3	172	3186.0		
distilgpt2	torch-eager	warm	3	173	3220.6		
distilgpt2	torch-eager	warm	3	174	3217.7		
distilgpt2	torch-eager	warm	3	175	3359.6		
distilgpt2	torch-eager	warm	3	176	3252.3		
distilgpt2	torch-eager	warm	3	177	3173.8		
distilgpt2	torch-eager	warm	3	178	3202.9		
distilgpt2	torch-eager	warm	3	179	3185.7		
distilgpt2	torch-eager	warm	3	180	3360.5		
distilgpt2	torch-eager	warm	3	181	3275.4		
distilgpt2	torch-eager	warm	3	182	3210.5		
distilgpt2	torch-eager	warm	3	183	3200.8		
distilgpt2	torch-eager	warm	3	184	3196.5		
distilgpt2	torch-eager	warm	3	185	3344.3		
distilgpt2	torch-eager	warm	3	186	3172.2		
distilgpt2	torch-eager	warm	3	187	3306.9		
distilgpt2	torch-eager	warm	3	188	3220.6		
distilgpt2	torch-eager	warm	3	189	3196.5		
distilgpt2	torch-eager	warm	3	190	3407.5		
distilgpt2	torch-eager	warm	3	191	3259.7		
distilgpt2	torch-eager	warm	3	192	3201.5		
distilgpt2	torch-eager	warm	3	193	3187.7		
distilgpt2	torch-eager	warm	3	194	3179.3		
distilgpt2	torch-eager	warm	3	195	3368.4		
distilgpt2	torch-eager	warm	3	196	3189.1		
distilgpt2	torch-eager	warm	3	197	3188.6		
distilgpt2	torch-eager	warm	3	198	3175.3		
distilgpt2	torch-eager	warm	3	199	3150.5		
distilgpt2	torch-eager	warm	3	200	3200.3		
distilgpt2	torch-eager	warm	3	201	3214.1		
distilgpt2	torch-eager	warm	3	202	3160.2		
distilgpt2	torch-eager	warm	3	203	3155.2		
distilgpt2	torch-eager	warm	3	204	3212.0		
distilgpt2	torch-eager	warm	3	205	3208.2		
distilgpt2	torch-eager	warm	3	206	3300.7		
distilgpt2	torch-eager	warm	3	207	3156.9		
distilgpt2	torch-eager	warm	3	208	3154.5		
distilgpt2	torch-eager	warm	3	209	3152.8		
distilgpt2	torch-eager	warm	3	210	3194.3		
distilgpt2	torch-eager	warm	3	211	3404.6		
distilgpt2	torch-eager	warm	3	212	3223.9		
distilgpt2	torch-eager	warm	3	213	3179.3		
distilgpt2	torch-eager	warm	3	214	3169.3		
distilgpt2	torch-eager	warm	3	215	3171.4		
distilgpt2	torch-eager	warm	3	216	3310.4		
distilgpt2	torch-eager	warm	3	217	3167.6		
distilgpt2	torch-eager	warm	3	218	3225.8		
distilgpt2	torch-eager	warm	3	219	3132.8		
distilgpt2	torch-eager	warm	3	220	3230.3		
distilgpt2	torch-eager	warm	3	221	3270.1		
distilgpt2	torch-eager	warm	3	222	3172.4		
distilgpt2	torch-eager	warm	3	223	3141.9		
distilgpt2	torch-eager	warm	3	224	3155.5		
distilgpt2	torch-eager	warm	3	225	3215.3		
distilgpt2	torch-eager	warm	3	226	3211.3		
distilgpt2	torch-eager	warm	3	227	3176.7		
distilgpt2	torch-eager	warm	3	228	3149.3		
distilgpt2	torch-eager	warm	3	229	3146.4		
distilgpt2	torch-eager	warm	3	230	3164.3		
distilgpt2	torch-eager	warm	3	231	3158.8		
distilgpt2	torch-eager	warm	3	232	3346.4		
distilgpt2	torch-eager	warm	3	233	3188.4		
distilgpt2	torch-eager	warm	3	234	3156.7		
distilgpt2	torch-eager	warm	3	235	3153.1		
distilgpt2	torch-eager	warm	3	236	3191.7		
distilgpt2	torch-eager	warm	3	237	3312.6		
distilgpt2	torch-eager	warm	3	238	3206.0		
distilgpt2	torch-eager	warm	3	239	3175.5		
distilgpt2	torch-eager	warm	3	240	3246.1		
distilgpt2	torch-eager	warm	3	241	3185.5		
distilgpt2	torch-eager	warm	3	242	3319.0		
distilgpt2	torch-eager	warm	3	243	3234.6		
distilgpt2	torch-eager	warm	3	244	3142.6		
distilgpt2	torch-eager	warm	3	245	3157.1		
distilgpt2	torch-eager	warm	3	246	3246.3		
distilgpt2	torch-eager	warm	3	247	3330.2		
distilgpt2	torch-eager	warm	3	248	3162.4		
distilgpt2	torch-eager	warm	3	249	3286.8		
distilgpt2	torch-eager	warm	3	250	3202.2		
distilgpt2	torch-eager	warm	3	251	3212.2		
distilgpt2	torch-eager	warm	3	252	3275.4		
distilgpt2	torch-eager	warm	3	253	3213.2		
distilgpt2	torch-eager	warm	3	254	3181.2		
distilgpt2	torch-eager	warm	3	255	3227.0		
distilgpt2	torch-eager	warm	3	256	3201.0		
distilgpt2	torch-eager	warm	3	257	3175.3		
distilgpt2	torch-eager	warm	3	258	3228.4		
distilgpt2	torch-eager	warm	3	259	3222.0		
distilgpt2	torch-eager	warm	3	260	3220.1		
distilgpt2	torch-eager	warm	3	261	3221.5		
distilgpt2	torch-eager	warm	3	262	3181.2		
distilgpt2	torch-eager	warm	3	263	3192.2		
distilgpt2	torch-eager	warm	3	264	3228.9		
distilgpt2	torch-eager	warm	3	265	3206.7		
distilgpt2	torch-eager	warm	3	266	3203.2		
distilgpt2	torch-eager	warm	3	267	3178.8		
distilgpt2	torch-eager	warm	3	268	3186.9		
distilgpt2	torch-eager	warm	3	269	3203.6		
distilgpt2	torch-eager	warm	3	270	3238.7		
distilgpt2	torch-eager	warm	3	271	3197.4		
distilgpt2	torch-eager	warm	3	272	3276.1		
distilgpt2	torch-eager	warm	3	273	3190.5		
distilgpt2	torch-eager	warm	3	274	3247.3		
distilgpt2	torch-eager	warm	3	275	3223.9		
distilgpt2	torch-eager	warm	3	276	3201.0		
distilgpt2	torch-eager	warm	3	277	3269.7		
distilgpt2	torch-eager	warm	3	278	3193.9		
distilgpt2	torch-eager	warm	3	279	3180.5		
distilgpt2	torch-eager	warm	3	280	3221.8		
distilgpt2	torch-eager	warm	3	281	3229.6		
distilgpt2	torch-eager	warm	3	282	3189.1		
distilgpt2	torch-eager	warm	3	283	3267.8		
distilgpt2	torch-eager	warm	3	284	3240.6		
distilgpt2	torch-eager	warm	3	285	3234.6		
distilgpt2	torch-eager	warm	3	286	3214.4		
distilgpt2	torch-eager	warm	3	287	3186.7		
distilgpt2	torch-eager	warm	3	288	3202.7		
distilgpt2	torch-eager	warm	3	289	3170.0		
distilgpt2	torch-eager	warm	3	290	3244.6		
distilgpt2	torch-eager	warm	3	291	3183.1		
distilgpt2	torch-eager	warm	3	292	3210.1		
distilgpt2	torch-eager	warm	3	293	3187.9		
distilgpt2	torch-eager	warm	3	294	3260.1		
distilgpt2	torch-eager	warm	3	295	3303.3		
distilgpt2	torch-eager	warm	3	296	3206.0		
distilgpt2	torch-eager	warm	3	297	3191.2		
distilgpt2	torch-eager	warm	3	298	3240.6		
distilgpt2	torch-eager	warm	3	299	3221.5		
distilgpt2	ours	warm	3	0	548569.0	0	254
distilgpt2	ours	warm	3	1	9271.9	0	93
distilgpt2	ours	warm	3	2	1362.1	0	57
distilgpt2	ours	warm	3	3	11294.1	0	87
distilgpt2	ours	warm	3	4	5590.0	0	77
distilgpt2	ours	warm	3	5	4093.2	0	39
distilgpt2	ours	warm	3	6	2514.1	0	39
distilgpt2	ours	warm	3	7	2211.1	0	39
distilgpt2	ours	warm	3	8	1287.9	0	39
distilgpt2	ours	warm	3	9	2176.0	0	39
distilgpt2	ours	warm	3	10	1302.0	0	39
distilgpt2	ours	warm	3	11	1307.0	0	39
distilgpt2	ours	warm	3	12	2170.1	0	39
distilgpt2	ours	warm	3	13	1300.1	0	39
distilgpt2	ours	warm	3	14	1302.0	0	39
distilgpt2	ours	warm	3	15	1298.0	0	39
distilgpt2	ours	warm	3	16	2411.8	0	39
distilgpt2	ours	warm	3	17	1317.0	0	39
distilgpt2	ours	warm	3	18	1301.1	0	39
distilgpt2	ours	warm	3	19	1268.9	0	39
distilgpt2	ours	warm	3	20	1288.9	0	39
distilgpt2	ours	warm	3	21	2733.0	0	39
distilgpt2	ours	warm	3	22	1274.8	0	39
distilgpt2	ours	warm	3	23	1289.8	0	39
distilgpt2	ours	warm	3	24	1283.2	0	39
distilgpt2	ours	warm	3	25	1266.0	0	39
distilgpt2	ours	warm	3	26	1276.0	0	39
distilgpt2	ours	warm	3	27	2344.1	0	39
distilgpt2	ours	warm	3	28	1280.1	0	39
distilgpt2	ours	warm	3	29	1276.0	0	39
distilgpt2	ours	warm	3	30	1283.2	0	39
distilgpt2	ours	warm	3	31	1298.9	0	39
distilgpt2	ours	warm	3	32	1279.1	0	39
distilgpt2	ours	warm	3	33	1298.9	0	39
distilgpt2	ours	warm	3	34	2513.2	0	39
distilgpt2	ours	warm	3	35	1279.1	0	39
distilgpt2	ours	warm	3	36	1311.1	0	39
distilgpt2	ours	warm	3	37	1265.0	0	39
distilgpt2	ours	warm	3	38	1273.9	0	39
distilgpt2	ours	warm	3	39	1270.1	0	39
distilgpt2	ours	warm	3	40	1282.2	0	39
distilgpt2	ours	warm	3	41	1274.8	0	39
distilgpt2	ours	warm	3	42	2453.8	0	39
distilgpt2	ours	warm	3	43	1292.0	0	39
distilgpt2	ours	warm	3	44	1280.1	0	39
distilgpt2	ours	warm	3	45	1277.0	0	39
distilgpt2	ours	warm	3	46	1272.9	0	39
distilgpt2	ours	warm	3	47	1272.0	0	39
distilgpt2	ours	warm	3	48	1300.1	0	39
distilgpt2	ours	warm	3	49	1277.0	0	39
distilgpt2	ours	warm	3	50	1289.1	0	39
distilgpt2	ours	warm	3	51	2468.1	0	39
distilgpt2	ours	warm	3	52	1303.9	0	39
distilgpt2	ours	warm	3	53	1348.0	0	39
distilgpt2	ours	warm	3	54	1304.9	0	39
distilgpt2	ours	warm	3	55	1291.0	0	39
distilgpt2	ours	warm	3	56	1346.1	0	39
distilgpt2	ours	warm	3	57	1277.9	0	39
distilgpt2	ours	warm	3	58	1312.0	0	39
distilgpt2	ours	warm	3	59	1288.9	0	39
distilgpt2	ours	warm	3	60	1300.1	0	39
distilgpt2	ours	warm	3	61	3300.9	0	39
distilgpt2	ours	warm	3	62	1279.8	0	39
distilgpt2	ours	warm	3	63	1273.9	0	39
distilgpt2	ours	warm	3	64	1265.0	0	39
distilgpt2	ours	warm	3	65	1273.2	0	39
distilgpt2	ours	warm	3	66	1352.1	0	39
distilgpt2	ours	warm	3	67	1313.9	0	39
distilgpt2	ours	warm	3	68	1328.0	0	39
distilgpt2	ours	warm	3	69	1300.8	0	39
distilgpt2	ours	warm	3	70	1282.0	0	39
distilgpt2	ours	warm	3	71	1287.9	0	39
distilgpt2	ours	warm	3	72	2479.1	0	39
distilgpt2	ours	warm	3	73	1288.9	0	39
distilgpt2	ours	warm	3	74	1299.1	0	39
distilgpt2	ours	warm	3	75	1303.0	0	39
distilgpt2	ours	warm	3	76	1277.2	0	39
distilgpt2	ours	warm	3	77	1294.9	0	39
distilgpt2	ours	warm	3	78	1282.0	0	39
distilgpt2	ours	warm	3	79	1287.0	0	39
distilgpt2	ours	warm	3	80	1272.0	0	39
distilgpt2	ours	warm	3	81	1271.0	0	39
distilgpt2	ours	warm	3	82	1266.0	0	39
distilgpt2	ours	warm	3	83	1280.1	0	39
distilgpt2	ours	warm	3	84	2490.0	0	39
distilgpt2	ours	warm	3	85	1298.9	0	39
distilgpt2	ours	warm	3	86	1303.0	0	39
distilgpt2	ours	warm	3	87	1278.9	0	39
distilgpt2	ours	warm	3	88	1299.9	0	39
distilgpt2	ours	warm	3	89	1272.2	0	39
distilgpt2	ours	warm	3	90	1269.8	0	39
distilgpt2	ours	warm	3	91	1272.0	0	39
distilgpt2	ours	warm	3	92	1279.1	0	39
distilgpt2	ours	warm	3	93	1278.9	0	39
distilgpt2	ours	warm	3	94	1286.0	0	39
distilgpt2	ours	warm	3	95	1285.1	0	39
distilgpt2	ours	warm	3	96	1322.0	0	39
distilgpt2	ours	warm	3	97	2968.1	0	39
distilgpt2	ours	warm	3	98	1289.1	0	39
distilgpt2	ours	warm	3	99	1262.9	0	39
distilgpt2	ours	warm	3	100	1271.0	0	39
distilgpt2	ours	warm	3	101	1279.8	0	39
distilgpt2	ours	warm	3	102	1275.1	0	39
distilgpt2	ours	warm	3	103	1330.1	0	39
distilgpt2	ours	warm	3	104	1277.9	0	39
distilgpt2	ours	warm	3	105	1279.1	0	39
distilgpt2	ours	warm	3	106	1298.9	0	39
distilgpt2	ours	warm	3	107	1277.0	0	39
distilgpt2	ours	warm	3	108	1291.0	0	39
distilgpt2	ours	warm	3	109	1302.0	0	39
distilgpt2	ours	warm	3	110	1296.0	0	39
distilgpt2	ours	warm	3	111	3043.2	0	39
distilgpt2	ours	warm	3	112	1318.0	0	39
distilgpt2	ours	warm	3	113	1280.1	0	39
distilgpt2	ours	warm	3	114	1273.2	0	39
distilgpt2	ours	warm	3	115	1270.1	0	39
distilgpt2	ours	warm	3	116	1242.9	0	39
distilgpt2	ours	warm	3	117	1258.1	0	39
distilgpt2	ours	warm	3	118	1230.0	0	39
distilgpt2	ours	warm	3	119	1240.0	0	39
distilgpt2	ours	warm	3	120	1303.2	0	39
distilgpt2	ours	warm	3	121	1244.8	0	39
distilgpt2	ours	warm	3	122	1251.9	0	39
distilgpt2	ours	warm	3	123	1239.1	0	39
distilgpt2	ours	warm	3	124	1250.0	0	39
distilgpt2	ours	warm	3	125	1259.1	0	39
distilgpt2	ours	warm	3	126	3297.1	0	39
distilgpt2	ours	warm	3	127	1258.1	0	39
distilgpt2	ours	warm	3	128	1268.9	0	39
distilgpt2	ours	warm	3	129	1256.9	0	39
distilgpt2	ours	warm	3	130	1310.1	0	39
distilgpt2	ours	warm	3	131	1251.9	0	39
distilgpt2	ours	warm	3	132	1288.9	0	39
distilgpt2	ours	warm	3	133	1246.9	0	39
distilgpt2	ours	warm	3	134	1258.1	0	39
distilgpt2	ours	warm	3	135	1241.0	0	39
distilgpt2	ours	warm	3	136	1240.0	0	39
distilgpt2	ours	warm	3	137	1297.0	0	39
distilgpt2	ours	warm	3	138	1258.1	0	39
distilgpt2	ours	warm	3	139	1236.9	0	39
distilgpt2	ours	warm	3	140	1304.1	0	39
distilgpt2	ours	warm	3	141	1246.9	0	39
distilgpt2	ours	warm	3	142	1246.2	0	39
distilgpt2	ours	warm	3	143	1246.0	0	39
distilgpt2	ours	warm	3	144	1241.9	0	39
distilgpt2	ours	warm	3	145	1241.9	0	39
distilgpt2	ours	warm	3	146	1236.0	0	39
distilgpt2	ours	warm	3	147	1252.2	0	39
distilgpt2	ours	warm	3	148	3342.9	0	39
distilgpt2	ours	warm	3	149	1272.9	0	39
distilgpt2	ours	warm	3	150	1257.2	0	39
distilgpt2	ours	warm	3	151	1261.9	0	39
distilgpt2	ours	warm	3	152	1264.1	0	39
distilgpt2	ours	warm	3	153	1256.9	0	39
distilgpt2	ours	warm	3	154	1254.8	0	39
distilgpt2	ours	warm	3	155	1231.9	0	39
distilgpt2	ours	warm	3	156	1247.9	0	39
distilgpt2	ours	warm	3	157	1251.0	0	39
distilgpt2	ours	warm	3	158	1259.1	0	39
distilgpt2	ours	warm	3	159	1255.0	0	39
distilgpt2	ours	warm	3	160	1250.0	0	39
distilgpt2	ours	warm	3	161	1246.0	0	39
distilgpt2	ours	warm	3	162	1253.1	0	39
distilgpt2	ours	warm	3	163	1283.9	0	39
distilgpt2	ours	warm	3	164	1238.1	0	39
distilgpt2	ours	warm	3	165	1238.1	0	39
distilgpt2	ours	warm	3	166	3094.9	0	39
distilgpt2	ours	warm	3	167	1241.9	0	39
distilgpt2	ours	warm	3	168	1234.1	0	39
distilgpt2	ours	warm	3	169	1234.1	0	39
distilgpt2	ours	warm	3	170	1265.0	0	39
distilgpt2	ours	warm	3	171	1244.1	0	39
distilgpt2	ours	warm	3	172	1294.1	0	39
distilgpt2	ours	warm	3	173	1251.9	0	39
distilgpt2	ours	warm	3	174	1253.8	0	39
distilgpt2	ours	warm	3	175	1244.1	0	39
distilgpt2	ours	warm	3	176	1259.1	0	39
distilgpt2	ours	warm	3	177	1278.2	0	39
distilgpt2	ours	warm	3	178	1252.9	0	39
distilgpt2	ours	warm	3	179	1265.0	0	39
distilgpt2	ours	warm	3	180	1243.1	0	39
distilgpt2	ours	warm	3	181	1240.0	0	39
distilgpt2	ours	warm	3	182	1233.1	0	39
distilgpt2	ours	warm	3	183	1246.0	0	39
distilgpt2	ours	warm	3	184	1246.0	0	39
distilgpt2	ours	warm	3	185	1269.8	0	39
distilgpt2	ours	warm	3	186	1251.9	0	39
distilgpt2	ours	warm	3	187	1266.0	0	39
distilgpt2	ours	warm	3	188	1255.0	0	39
distilgpt2	ours	warm	3	189	1252.9	0	39
distilgpt2	ours	warm	3	190	1249.8	0	39
distilgpt2	ours	warm	3	191	1295.8	0	39
distilgpt2	ours	warm	3	192	3314.0	0	39
distilgpt2	ours	warm	3	193	1251.0	0	39
distilgpt2	ours	warm	3	194	1292.0	0	39
distilgpt2	ours	warm	3	195	1275.8	0	39
distilgpt2	ours	warm	3	196	1303.9	0	39
distilgpt2	ours	warm	3	197	1255.0	0	39
distilgpt2	ours	warm	3	198	1259.8	0	39
distilgpt2	ours	warm	3	199	1271.0	0	39
distilgpt2	ours	warm	3	200	1257.9	0	39
distilgpt2	ours	warm	3	201	1303.9	0	39
distilgpt2	ours	warm	3	202	1269.1	0	39
distilgpt2	ours	warm	3	203	1253.1	0	39
distilgpt2	ours	warm	3	204	1254.8	0	39
distilgpt2	ours	warm	3	205	1232.9	0	39
distilgpt2	ours	warm	3	206	1268.1	0	39
distilgpt2	ours	warm	3	207	1242.9	0	39
distilgpt2	ours	warm	3	208	1241.0	0	39
distilgpt2	ours	warm	3	209	1224.0	0	39
distilgpt2	ours	warm	3	210	1260.0	0	39
distilgpt2	ours	warm	3	211	1232.1	0	39
distilgpt2	ours	warm	3	212	1231.9	0	39
distilgpt2	ours	warm	3	213	1285.1	0	39
distilgpt2	ours	warm	3	214	1245.0	0	39
distilgpt2	ours	warm	3	215	1241.0	0	39
distilgpt2	ours	warm	3	216	3278.0	0	39
distilgpt2	ours	warm	3	217	1251.0	0	39
distilgpt2	ours	warm	3	218	1238.1	0	39
distilgpt2	ours	warm	3	219	1260.0	0	39
distilgpt2	ours	warm	3	220	1257.9	0	39
distilgpt2	ours	warm	3	221	1269.8	0	39
distilgpt2	ours	warm	3	222	1247.9	0	39
distilgpt2	ours	warm	3	223	1236.0	0	39
distilgpt2	ours	warm	3	224	1241.9	0	39
distilgpt2	ours	warm	3	225	1239.1	0	39
distilgpt2	ours	warm	3	226	1256.0	0	39
distilgpt2	ours	warm	3	227	1236.0	0	39
distilgpt2	ours	warm	3	228	1233.8	0	39
distilgpt2	ours	warm	3	229	1288.9	0	39
distilgpt2	ours	warm	3	230	1246.0	0	39
distilgpt2	ours	warm	3	231	1243.1	0	39
distilgpt2	ours	warm	3	232	1289.1	0	39
distilgpt2	ours	warm	3	233	1277.0	0	39
distilgpt2	ours	warm	3	234	1298.0	0	39
distilgpt2	ours	warm	3	235	1236.9	0	39
distilgpt2	ours	warm	3	236	1247.2	0	39
distilgpt2	ours	warm	3	237	1237.9	0	39
distilgpt2	ours	warm	3	238	1249.1	0	39
distilgpt2	ours	warm	3	239	1237.2	0	39
distilgpt2	ours	warm	3	240	1244.1	0	39
distilgpt2	ours	warm	3	241	1256.9	0	39
distilgpt2	ours	warm	3	242	1248.1	0	39
distilgpt2	ours	warm	3	243	3189.1	0	39
distilgpt2	ours	warm	3	244	1241.9	0	39
distilgpt2	ours	warm	3	245	1259.8	0	39
distilgpt2	ours	warm	3	246	1256.0	0	39
distilgpt2	ours	warm	3	247	1263.9	0	39
distilgpt2	ours	warm	3	248	1254.1	0	39
distilgpt2	ours	warm	3	249	1238.1	0	39
distilgpt2	ours	warm	3	250	1248.1	0	39
distilgpt2	ours	warm	3	251	1248.8	0	39
distilgpt2	ours	warm	3	252	1251.0	0	39
distilgpt2	ours	warm	3	253	1272.0	0	39
distilgpt2	ours	warm	3	254	1267.0	0	39
distilgpt2	ours	warm	3	255	1241.9	0	39
distilgpt2	ours	warm	3	256	1263.1	0	39
distilgpt2	ours	warm	3	257	1238.8	0	39
distilgpt2	ours	warm	3	258	1300.1	0	39
distilgpt2	ours	warm	3	259	1253.1	0	39
distilgpt2	ours	warm	3	260	1277.9	0	39
distilgpt2	ours	warm	3	261	1255.0	0	39
distilgpt2	ours	warm	3	262	1248.8	0	39
distilgpt2	ours	warm	3	263	1258.1	0	39
distilgpt2	ours	warm	3	264	1259.1	0	39
distilgpt2	ours	warm	3	265	1261.9	0	39
distilgpt2	ours	warm	3	266	1243.1	0	39
distilgpt2	ours	warm	3	267	1244.1	0	39
distilgpt2	ours	warm	3	268	1262.9	0	39
distilgpt2	ours	warm	3	269	1269.1	0	39
distilgpt2	ours	warm	3	270	1266.0	0	39
distilgpt2	ours	warm	3	271	1247.9	0	39
distilgpt2	ours	warm	3	272	1258.1	0	39
distilgpt2	ours	warm	3	273	1299.9	0	39
distilgpt2	ours	warm	3	274	1298.9	0	39
distilgpt2	ours	warm	3	275	3488.1	0	39
distilgpt2	ours	warm	3	276	1253.1	0	39
distilgpt2	ours	warm	3	277	1245.0	0	39
distilgpt2	ours	warm	3	278	1313.0	0	39
distilgpt2	ours	warm	3	279	1251.0	0	39
distilgpt2	ours	warm	3	280	1309.2	0	39
distilgpt2	ours	warm	3	281	1276.0	0	39
distilgpt2	ours	warm	3	282	1256.9	0	39
distilgpt2	ours	warm	3	283	1258.1	0	39
distilgpt2	ours	warm	3	284	1264.1	0	39
distilgpt2	ours	warm	3	285	1247.9	0	39
distilgpt2	ours	warm	3	286	1272.0	0	39
distilgpt2	ours	warm	3	287	1256.9	0	39
distilgpt2	ours	warm	3	288	1260.0	0	39
distilgpt2	ours	warm	3	289	1306.1	0	39
distilgpt2	ours	warm	3	290	1249.1	0	39
distilgpt2	ours	warm	3	291	1245.0	0	39
distilgpt2	ours	warm	3	292	1248.1	0	39
distilgpt2	ours	warm	3	293	1242.9	0	39
distilgpt2	ours	warm	3	294	1240.0	0	39
distilgpt2	ours	warm	3	295	1256.2	0	39
distilgpt2	ours	warm	3	296	1241.0	0	39
distilgpt2	ours	warm	3	297	1236.0	0	39
distilgpt2	ours	warm	3	298	1231.2	0	39
distilgpt2	ours	warm	3	299	1265.0	0	39
distilgpt2	torch-compile	warm	3	0	1572958.9		
distilgpt2	torch-compile	warm	3	1	1727.6		
distilgpt2	torch-compile	warm	3	2	1466.5		
distilgpt2	torch-compile	warm	3	3	1451.7		
distilgpt2	torch-compile	warm	3	4	1442.4		
distilgpt2	torch-compile	warm	3	5	1448.2		
distilgpt2	torch-compile	warm	3	6	1422.4		
distilgpt2	torch-compile	warm	3	7	1421.5		
distilgpt2	torch-compile	warm	3	8	1424.1		
distilgpt2	torch-compile	warm	3	9	1479.1		
distilgpt2	torch-compile	warm	3	10	1499.2		
distilgpt2	torch-compile	warm	3	11	1426.7		
distilgpt2	torch-compile	warm	3	12	1440.0		
distilgpt2	torch-compile	warm	3	13	1424.1		
distilgpt2	torch-compile	warm	3	14	1423.6		
distilgpt2	torch-compile	warm	3	15	1456.7		
distilgpt2	torch-compile	warm	3	16	1440.3		
distilgpt2	torch-compile	warm	3	17	1431.0		
distilgpt2	torch-compile	warm	3	18	1466.8		
distilgpt2	torch-compile	warm	3	19	1462.9		
distilgpt2	torch-compile	warm	3	20	1433.1		
distilgpt2	torch-compile	warm	3	21	1449.1		
distilgpt2	torch-compile	warm	3	22	1455.3		
distilgpt2	torch-compile	warm	3	23	1436.7		
distilgpt2	torch-compile	warm	3	24	1443.9		
distilgpt2	torch-compile	warm	3	25	1415.5		
distilgpt2	torch-compile	warm	3	26	1440.3		
distilgpt2	torch-compile	warm	3	27	1441.5		
distilgpt2	torch-compile	warm	3	28	1428.1		
distilgpt2	torch-compile	warm	3	29	1436.5		
distilgpt2	torch-compile	warm	3	30	1433.8		
distilgpt2	torch-compile	warm	3	31	1489.2		
distilgpt2	torch-compile	warm	3	32	1452.9		
distilgpt2	torch-compile	warm	3	33	1519.7		
distilgpt2	torch-compile	warm	3	34	1466.8		
distilgpt2	torch-compile	warm	3	35	1445.8		
distilgpt2	torch-compile	warm	3	36	1420.0		
distilgpt2	torch-compile	warm	3	37	1646.5		
distilgpt2	torch-compile	warm	3	38	1510.1		
distilgpt2	torch-compile	warm	3	39	1420.3		
distilgpt2	torch-compile	warm	3	40	1426.5		
distilgpt2	torch-compile	warm	3	41	1444.6		
distilgpt2	torch-compile	warm	3	42	1421.5		
distilgpt2	torch-compile	warm	3	43	1418.8		
distilgpt2	torch-compile	warm	3	44	1436.0		
distilgpt2	torch-compile	warm	3	45	1438.6		
distilgpt2	torch-compile	warm	3	46	1457.5		
distilgpt2	torch-compile	warm	3	47	1419.3		
distilgpt2	torch-compile	warm	3	48	1443.4		
distilgpt2	torch-compile	warm	3	49	1453.2		
distilgpt2	torch-compile	warm	3	50	1430.0		
distilgpt2	torch-compile	warm	3	51	1424.6		
distilgpt2	torch-compile	warm	3	52	1438.4		
distilgpt2	torch-compile	warm	3	53	1427.2		
distilgpt2	torch-compile	warm	3	54	1410.7		
distilgpt2	torch-compile	warm	3	55	1446.2		
distilgpt2	torch-compile	warm	3	56	1522.5		
distilgpt2	torch-compile	warm	3	57	1456.3		
distilgpt2	torch-compile	warm	3	58	1430.3		
distilgpt2	torch-compile	warm	3	59	1427.2		
distilgpt2	torch-compile	warm	3	60	1423.6		
distilgpt2	torch-compile	warm	3	61	1464.6		
distilgpt2	torch-compile	warm	3	62	1429.1		
distilgpt2	torch-compile	warm	3	63	1420.0		
distilgpt2	torch-compile	warm	3	64	1421.5		
distilgpt2	torch-compile	warm	3	65	1434.8		
distilgpt2	torch-compile	warm	3	66	1416.9		
distilgpt2	torch-compile	warm	3	67	1430.5		
distilgpt2	torch-compile	warm	3	68	1450.3		
distilgpt2	torch-compile	warm	3	69	1419.3		
distilgpt2	torch-compile	warm	3	70	1438.9		
distilgpt2	torch-compile	warm	3	71	1424.6		
distilgpt2	torch-compile	warm	3	72	1444.8		
distilgpt2	torch-compile	warm	3	73	1429.1		
distilgpt2	torch-compile	warm	3	74	1451.3		
distilgpt2	torch-compile	warm	3	75	1461.7		
distilgpt2	torch-compile	warm	3	76	1438.9		
distilgpt2	torch-compile	warm	3	77	1457.5		
distilgpt2	torch-compile	warm	3	78	1413.8		
distilgpt2	torch-compile	warm	3	79	1485.1		
distilgpt2	torch-compile	warm	3	80	1424.3		
distilgpt2	torch-compile	warm	3	81	1440.0		
distilgpt2	torch-compile	warm	3	82	1435.8		
distilgpt2	torch-compile	warm	3	83	1420.3		
distilgpt2	torch-compile	warm	3	84	1419.1		
distilgpt2	torch-compile	warm	3	85	1447.9		
distilgpt2	torch-compile	warm	3	86	1460.8		
distilgpt2	torch-compile	warm	3	87	1420.0		
distilgpt2	torch-compile	warm	3	88	1446.0		
distilgpt2	torch-compile	warm	3	89	1426.0		
distilgpt2	torch-compile	warm	3	90	1488.2		
distilgpt2	torch-compile	warm	3	91	1484.6		
distilgpt2	torch-compile	warm	3	92	1442.7		
distilgpt2	torch-compile	warm	3	93	1438.6		
distilgpt2	torch-compile	warm	3	94	1425.5		
distilgpt2	torch-compile	warm	3	95	1440.0		
distilgpt2	torch-compile	warm	3	96	1448.2		
distilgpt2	torch-compile	warm	3	97	1479.9		
distilgpt2	torch-compile	warm	3	98	1490.4		
distilgpt2	torch-compile	warm	3	99	1431.2		
distilgpt2	torch-compile	warm	3	100	1453.9		
distilgpt2	torch-compile	warm	3	101	1411.2		
distilgpt2	torch-compile	warm	3	102	1470.8		
distilgpt2	torch-compile	warm	3	103	1447.7		
distilgpt2	torch-compile	warm	3	104	1445.5		
distilgpt2	torch-compile	warm	3	105	1427.2		
distilgpt2	torch-compile	warm	3	106	1458.2		
distilgpt2	torch-compile	warm	3	107	1431.9		
distilgpt2	torch-compile	warm	3	108	1454.8		
distilgpt2	torch-compile	warm	3	109	1478.2		
distilgpt2	torch-compile	warm	3	110	1436.0		
distilgpt2	torch-compile	warm	3	111	1491.5		
distilgpt2	torch-compile	warm	3	112	1431.0		
distilgpt2	torch-compile	warm	3	113	1448.9		
distilgpt2	torch-compile	warm	3	114	1714.7		
distilgpt2	torch-compile	warm	3	115	1610.3		
distilgpt2	torch-compile	warm	3	116	1503.2		
distilgpt2	torch-compile	warm	3	117	1468.4		
distilgpt2	torch-compile	warm	3	118	1450.1		
distilgpt2	torch-compile	warm	3	119	1382.4		
distilgpt2	torch-compile	warm	3	120	1405.5		
distilgpt2	torch-compile	warm	3	121	1403.3		
distilgpt2	torch-compile	warm	3	122	1383.3		
distilgpt2	torch-compile	warm	3	123	1386.9		
distilgpt2	torch-compile	warm	3	124	1387.6		
distilgpt2	torch-compile	warm	3	125	1506.8		
distilgpt2	torch-compile	warm	3	126	1409.8		
distilgpt2	torch-compile	warm	3	127	1458.9		
distilgpt2	torch-compile	warm	3	128	1409.8		
distilgpt2	torch-compile	warm	3	129	1379.0		
distilgpt2	torch-compile	warm	3	130	1390.0		
distilgpt2	torch-compile	warm	3	131	1383.3		
distilgpt2	torch-compile	warm	3	132	1395.9		
distilgpt2	torch-compile	warm	3	133	1381.9		
distilgpt2	torch-compile	warm	3	134	1380.2		
distilgpt2	torch-compile	warm	3	135	1396.9		
distilgpt2	torch-compile	warm	3	136	1378.5		
distilgpt2	torch-compile	warm	3	137	1484.4		
distilgpt2	torch-compile	warm	3	138	1404.5		
distilgpt2	torch-compile	warm	3	139	1450.3		
distilgpt2	torch-compile	warm	3	140	1446.7		
distilgpt2	torch-compile	warm	3	141	1445.3		
distilgpt2	torch-compile	warm	3	142	1399.0		
distilgpt2	torch-compile	warm	3	143	1393.6		
distilgpt2	torch-compile	warm	3	144	1389.7		
distilgpt2	torch-compile	warm	3	145	1370.9		
distilgpt2	torch-compile	warm	3	146	1429.1		
distilgpt2	torch-compile	warm	3	147	1414.8		
distilgpt2	torch-compile	warm	3	148	1398.8		
distilgpt2	torch-compile	warm	3	149	1444.3		
distilgpt2	torch-compile	warm	3	150	1389.5		
distilgpt2	torch-compile	warm	3	151	1414.3		
distilgpt2	torch-compile	warm	3	152	1389.7		
distilgpt2	torch-compile	warm	3	153	1399.5		
distilgpt2	torch-compile	warm	3	154	1394.3		
distilgpt2	torch-compile	warm	3	155	1377.6		
distilgpt2	torch-compile	warm	3	156	1377.6		
distilgpt2	torch-compile	warm	3	157	1404.0		
distilgpt2	torch-compile	warm	3	158	1397.4		
distilgpt2	torch-compile	warm	3	159	1380.2		
distilgpt2	torch-compile	warm	3	160	1385.0		
distilgpt2	torch-compile	warm	3	161	1435.8		
distilgpt2	torch-compile	warm	3	162	1443.6		
distilgpt2	torch-compile	warm	3	163	1406.0		
distilgpt2	torch-compile	warm	3	164	1395.7		
distilgpt2	torch-compile	warm	3	165	1391.9		
distilgpt2	torch-compile	warm	3	166	1392.1		
distilgpt2	torch-compile	warm	3	167	1448.4		
distilgpt2	torch-compile	warm	3	168	1435.8		
distilgpt2	torch-compile	warm	3	169	1389.5		
distilgpt2	torch-compile	warm	3	170	1381.6		
distilgpt2	torch-compile	warm	3	171	1374.5		
distilgpt2	torch-compile	warm	3	172	1455.1		
distilgpt2	torch-compile	warm	3	173	1400.0		
distilgpt2	torch-compile	warm	3	174	1408.8		
distilgpt2	torch-compile	warm	3	175	1420.0		
distilgpt2	torch-compile	warm	3	176	1381.9		
distilgpt2	torch-compile	warm	3	177	1378.5		
distilgpt2	torch-compile	warm	3	178	1409.8		
distilgpt2	torch-compile	warm	3	179	1397.6		
distilgpt2	torch-compile	warm	3	180	1387.8		
distilgpt2	torch-compile	warm	3	181	1403.8		
distilgpt2	torch-compile	warm	3	182	1437.4		
distilgpt2	torch-compile	warm	3	183	1389.5		
distilgpt2	torch-compile	warm	3	184	1496.3		
distilgpt2	torch-compile	warm	3	185	1398.1		
distilgpt2	torch-compile	warm	3	186	1401.9		
distilgpt2	torch-compile	warm	3	187	1441.7		
distilgpt2	torch-compile	warm	3	188	1397.1		
distilgpt2	torch-compile	warm	3	189	1398.8		
distilgpt2	torch-compile	warm	3	190	1378.3		
distilgpt2	torch-compile	warm	3	191	1388.5		
distilgpt2	torch-compile	warm	3	192	1404.8		
distilgpt2	torch-compile	warm	3	193	1436.0		
distilgpt2	torch-compile	warm	3	194	1436.5		
distilgpt2	torch-compile	warm	3	195	1386.6		
distilgpt2	torch-compile	warm	3	196	1461.0		
distilgpt2	torch-compile	warm	3	197	1457.2		
distilgpt2	torch-compile	warm	3	198	1393.6		
distilgpt2	torch-compile	warm	3	199	1435.0		
distilgpt2	torch-compile	warm	3	200	1381.9		
distilgpt2	torch-compile	warm	3	201	1405.2		
distilgpt2	torch-compile	warm	3	202	1394.5		
distilgpt2	torch-compile	warm	3	203	1452.4		
distilgpt2	torch-compile	warm	3	204	1391.9		
distilgpt2	torch-compile	warm	3	205	1390.0		
distilgpt2	torch-compile	warm	3	206	1438.6		
distilgpt2	torch-compile	warm	3	207	1380.4		
distilgpt2	torch-compile	warm	3	208	1385.9		
distilgpt2	torch-compile	warm	3	209	1410.5		
distilgpt2	torch-compile	warm	3	210	1378.5		
distilgpt2	torch-compile	warm	3	211	1394.7		
distilgpt2	torch-compile	warm	3	212	1424.1		
distilgpt2	torch-compile	warm	3	213	1410.7		
distilgpt2	torch-compile	warm	3	214	1384.5		
distilgpt2	torch-compile	warm	3	215	1407.9		
distilgpt2	torch-compile	warm	3	216	1375.0		
distilgpt2	torch-compile	warm	3	217	1375.7		
distilgpt2	torch-compile	warm	3	218	1411.4		
distilgpt2	torch-compile	warm	3	219	1373.5		
distilgpt2	torch-compile	warm	3	220	1397.4		
distilgpt2	torch-compile	warm	3	221	1374.2		
distilgpt2	torch-compile	warm	3	222	1442.9		
distilgpt2	torch-compile	warm	3	223	1452.9		
distilgpt2	torch-compile	warm	3	224	1390.5		
distilgpt2	torch-compile	warm	3	225	1400.7		
distilgpt2	torch-compile	warm	3	226	1401.9		
distilgpt2	torch-compile	warm	3	227	1437.2		
distilgpt2	torch-compile	warm	3	228	1373.5		
distilgpt2	torch-compile	warm	3	229	1386.9		
distilgpt2	torch-compile	warm	3	230	1396.2		
distilgpt2	torch-compile	warm	3	231	1423.6		
distilgpt2	torch-compile	warm	3	232	1395.5		
distilgpt2	torch-compile	warm	3	233	1425.5		
distilgpt2	torch-compile	warm	3	234	1407.6		
distilgpt2	torch-compile	warm	3	235	1401.4		
distilgpt2	torch-compile	warm	3	236	1399.0		
distilgpt2	torch-compile	warm	3	237	1390.5		
distilgpt2	torch-compile	warm	3	238	1407.1		
distilgpt2	torch-compile	warm	3	239	1374.5		
distilgpt2	torch-compile	warm	3	240	1410.0		
distilgpt2	torch-compile	warm	3	241	1389.7		
distilgpt2	torch-compile	warm	3	242	1393.6		
distilgpt2	torch-compile	warm	3	243	1414.5		
distilgpt2	torch-compile	warm	3	244	1399.3		
distilgpt2	torch-compile	warm	3	245	1388.3		
distilgpt2	torch-compile	warm	3	246	1394.5		
distilgpt2	torch-compile	warm	3	247	1438.6		
distilgpt2	torch-compile	warm	3	248	1377.3		
distilgpt2	torch-compile	warm	3	249	1381.2		
distilgpt2	torch-compile	warm	3	250	1398.6		
distilgpt2	torch-compile	warm	3	251	1437.7		
distilgpt2	torch-compile	warm	3	252	1398.1		
distilgpt2	torch-compile	warm	3	253	1380.7		
distilgpt2	torch-compile	warm	3	254	1407.4		
distilgpt2	torch-compile	warm	3	255	1392.4		
distilgpt2	torch-compile	warm	3	256	1413.6		
distilgpt2	torch-compile	warm	3	257	1428.4		
distilgpt2	torch-compile	warm	3	258	1380.4		
distilgpt2	torch-compile	warm	3	259	1405.0		
distilgpt2	torch-compile	warm	3	260	1433.4		
distilgpt2	torch-compile	warm	3	261	1371.6		
distilgpt2	torch-compile	warm	3	262	1387.6		
distilgpt2	torch-compile	warm	3	263	1367.6		
distilgpt2	torch-compile	warm	3	264	1401.9		
distilgpt2	torch-compile	warm	3	265	1411.0		
distilgpt2	torch-compile	warm	3	266	1419.1		
distilgpt2	torch-compile	warm	3	267	1413.1		
distilgpt2	torch-compile	warm	3	268	1398.6		
distilgpt2	torch-compile	warm	3	269	1384.5		
distilgpt2	torch-compile	warm	3	270	1401.9		
distilgpt2	torch-compile	warm	3	271	1390.0		
distilgpt2	torch-compile	warm	3	272	1401.9		
distilgpt2	torch-compile	warm	3	273	1404.8		
distilgpt2	torch-compile	warm	3	274	1382.1		
distilgpt2	torch-compile	warm	3	275	1393.3		
distilgpt2	torch-compile	warm	3	276	1394.7		
distilgpt2	torch-compile	warm	3	277	1396.2		
distilgpt2	torch-compile	warm	3	278	1410.0		
distilgpt2	torch-compile	warm	3	279	1398.8		
distilgpt2	torch-compile	warm	3	280	1398.3		
distilgpt2	torch-compile	warm	3	281	1436.9		
distilgpt2	torch-compile	warm	3	282	1388.3		
distilgpt2	torch-compile	warm	3	283	1402.9		
distilgpt2	torch-compile	warm	3	284	1390.2		
distilgpt2	torch-compile	warm	3	285	1393.6		
distilgpt2	torch-compile	warm	3	286	1400.2		
distilgpt2	torch-compile	warm	3	287	1434.6		
distilgpt2	torch-compile	warm	3	288	1388.5		
distilgpt2	torch-compile	warm	3	289	1379.5		
distilgpt2	torch-compile	warm	3	290	1401.4		
distilgpt2	torch-compile	warm	3	291	1389.7		
distilgpt2	torch-compile	warm	3	292	1395.9		
distilgpt2	torch-compile	warm	3	293	1389.7		
distilgpt2	torch-compile	warm	3	294	1399.5		
distilgpt2	torch-compile	warm	3	295	1454.8		
distilgpt2	torch-compile	warm	3	296	1443.9		
distilgpt2	torch-compile	warm	3	297	1393.8		
distilgpt2	torch-compile	warm	3	298	1401.7		
distilgpt2	torch-compile	warm	3	299	1391.6		
distilgpt2	torch-compile-ro	warm	3	0	1603660.8		
distilgpt2	torch-compile-ro	warm	3	1	26656.2		
distilgpt2	torch-compile-ro	warm	3	2	1670.1		
distilgpt2	torch-compile-ro	warm	3	3	1409.1		
distilgpt2	torch-compile-ro	warm	3	4	1341.3		
distilgpt2	torch-compile-ro	warm	3	5	1350.9		
distilgpt2	torch-compile-ro	warm	3	6	1345.6		
distilgpt2	torch-compile-ro	warm	3	7	1349.9		
distilgpt2	torch-compile-ro	warm	3	8	1339.4		
distilgpt2	torch-compile-ro	warm	3	9	1334.0		
distilgpt2	torch-compile-ro	warm	3	10	1373.3		
distilgpt2	torch-compile-ro	warm	3	11	1382.4		
distilgpt2	torch-compile-ro	warm	3	12	1398.1		
distilgpt2	torch-compile-ro	warm	3	13	1339.2		
distilgpt2	torch-compile-ro	warm	3	14	1387.6		
distilgpt2	torch-compile-ro	warm	3	15	1399.8		
distilgpt2	torch-compile-ro	warm	3	16	1348.3		
distilgpt2	torch-compile-ro	warm	3	17	1347.3		
distilgpt2	torch-compile-ro	warm	3	18	1367.8		
distilgpt2	torch-compile-ro	warm	3	19	1363.8		
distilgpt2	torch-compile-ro	warm	3	20	1334.0		
distilgpt2	torch-compile-ro	warm	3	21	1332.0		
distilgpt2	torch-compile-ro	warm	3	22	1339.7		
distilgpt2	torch-compile-ro	warm	3	23	1405.7		
distilgpt2	torch-compile-ro	warm	3	24	1353.3		
distilgpt2	torch-compile-ro	warm	3	25	1325.6		
distilgpt2	torch-compile-ro	warm	3	26	1355.4		
distilgpt2	torch-compile-ro	warm	3	27	1349.9		
distilgpt2	torch-compile-ro	warm	3	28	1341.8		
distilgpt2	torch-compile-ro	warm	3	29	1339.4		
distilgpt2	torch-compile-ro	warm	3	30	1367.1		
distilgpt2	torch-compile-ro	warm	3	31	1346.6		
distilgpt2	torch-compile-ro	warm	3	32	1330.1		
distilgpt2	torch-compile-ro	warm	3	33	1329.7		
distilgpt2	torch-compile-ro	warm	3	34	1358.5		
distilgpt2	torch-compile-ro	warm	3	35	1369.7		
distilgpt2	torch-compile-ro	warm	3	36	1344.4		
distilgpt2	torch-compile-ro	warm	3	37	1347.8		
distilgpt2	torch-compile-ro	warm	3	38	1332.0		
distilgpt2	torch-compile-ro	warm	3	39	1356.8		
distilgpt2	torch-compile-ro	warm	3	40	1328.5		
distilgpt2	torch-compile-ro	warm	3	41	1390.2		
distilgpt2	torch-compile-ro	warm	3	42	1346.3		
distilgpt2	torch-compile-ro	warm	3	43	1346.3		
distilgpt2	torch-compile-ro	warm	3	44	1330.9		
distilgpt2	torch-compile-ro	warm	3	45	1340.9		
distilgpt2	torch-compile-ro	warm	3	46	1340.2		
distilgpt2	torch-compile-ro	warm	3	47	1334.4		
distilgpt2	torch-compile-ro	warm	3	48	1334.4		
distilgpt2	torch-compile-ro	warm	3	49	1330.4		
distilgpt2	torch-compile-ro	warm	3	50	1323.0		
distilgpt2	torch-compile-ro	warm	3	51	1344.2		
distilgpt2	torch-compile-ro	warm	3	52	1331.3		
distilgpt2	torch-compile-ro	warm	3	53	1337.1		
distilgpt2	torch-compile-ro	warm	3	54	1334.4		
distilgpt2	torch-compile-ro	warm	3	55	1335.6		
distilgpt2	torch-compile-ro	warm	3	56	1328.7		
distilgpt2	torch-compile-ro	warm	3	57	1343.3		
distilgpt2	torch-compile-ro	warm	3	58	1339.7		
distilgpt2	torch-compile-ro	warm	3	59	1384.7		
distilgpt2	torch-compile-ro	warm	3	60	1333.5		
distilgpt2	torch-compile-ro	warm	3	61	1352.1		
distilgpt2	torch-compile-ro	warm	3	62	1340.6		
distilgpt2	torch-compile-ro	warm	3	63	1365.2		
distilgpt2	torch-compile-ro	warm	3	64	1333.0		
distilgpt2	torch-compile-ro	warm	3	65	1365.7		
distilgpt2	torch-compile-ro	warm	3	66	1331.6		
distilgpt2	torch-compile-ro	warm	3	67	1335.6		
distilgpt2	torch-compile-ro	warm	3	68	1354.2		
distilgpt2	torch-compile-ro	warm	3	69	1351.4		
distilgpt2	torch-compile-ro	warm	3	70	1345.6		
distilgpt2	torch-compile-ro	warm	3	71	1360.4		
distilgpt2	torch-compile-ro	warm	3	72	1339.2		
distilgpt2	torch-compile-ro	warm	3	73	1325.1		
distilgpt2	torch-compile-ro	warm	3	74	1389.0		
distilgpt2	torch-compile-ro	warm	3	75	1402.4		
distilgpt2	torch-compile-ro	warm	3	76	1344.0		
distilgpt2	torch-compile-ro	warm	3	77	1332.5		
distilgpt2	torch-compile-ro	warm	3	78	1361.4		
distilgpt2	torch-compile-ro	warm	3	79	1349.4		
distilgpt2	torch-compile-ro	warm	3	80	1353.7		
distilgpt2	torch-compile-ro	warm	3	81	1338.0		
distilgpt2	torch-compile-ro	warm	3	82	1346.8		
distilgpt2	torch-compile-ro	warm	3	83	1333.5		
distilgpt2	torch-compile-ro	warm	3	84	1331.1		
distilgpt2	torch-compile-ro	warm	3	85	1369.0		
distilgpt2	torch-compile-ro	warm	3	86	1319.6		
distilgpt2	torch-compile-ro	warm	3	87	1358.0		
distilgpt2	torch-compile-ro	warm	3	88	1349.7		
distilgpt2	torch-compile-ro	warm	3	89	1332.5		
distilgpt2	torch-compile-ro	warm	3	90	1356.4		
distilgpt2	torch-compile-ro	warm	3	91	1345.4		
distilgpt2	torch-compile-ro	warm	3	92	1329.4		
distilgpt2	torch-compile-ro	warm	3	93	1327.5		
distilgpt2	torch-compile-ro	warm	3	94	1346.6		
distilgpt2	torch-compile-ro	warm	3	95	1369.0		
distilgpt2	torch-compile-ro	warm	3	96	1367.3		
distilgpt2	torch-compile-ro	warm	3	97	1334.9		
distilgpt2	torch-compile-ro	warm	3	98	1334.0		
distilgpt2	torch-compile-ro	warm	3	99	1362.8		
distilgpt2	torch-compile-ro	warm	3	100	1328.5		
distilgpt2	torch-compile-ro	warm	3	101	1343.7		
distilgpt2	torch-compile-ro	warm	3	102	1331.3		
distilgpt2	torch-compile-ro	warm	3	103	1340.6		
distilgpt2	torch-compile-ro	warm	3	104	1341.1		
distilgpt2	torch-compile-ro	warm	3	105	1357.1		
distilgpt2	torch-compile-ro	warm	3	106	1390.5		
distilgpt2	torch-compile-ro	warm	3	107	1340.2		
distilgpt2	torch-compile-ro	warm	3	108	1359.2		
distilgpt2	torch-compile-ro	warm	3	109	1340.4		
distilgpt2	torch-compile-ro	warm	3	110	1359.2		
distilgpt2	torch-compile-ro	warm	3	111	1357.6		
distilgpt2	torch-compile-ro	warm	3	112	1332.3		
distilgpt2	torch-compile-ro	warm	3	113	1348.0		
distilgpt2	torch-compile-ro	warm	3	114	1324.4		
distilgpt2	torch-compile-ro	warm	3	115	1340.2		
distilgpt2	torch-compile-ro	warm	3	116	1364.9		
distilgpt2	torch-compile-ro	warm	3	117	1364.0		
distilgpt2	torch-compile-ro	warm	3	118	1336.1		
distilgpt2	torch-compile-ro	warm	3	119	1366.4		
distilgpt2	torch-compile-ro	warm	3	120	1374.0		
distilgpt2	torch-compile-ro	warm	3	121	1308.9		
distilgpt2	torch-compile-ro	warm	3	122	1300.6		
distilgpt2	torch-compile-ro	warm	3	123	1351.6		
distilgpt2	torch-compile-ro	warm	3	124	1321.8		
distilgpt2	torch-compile-ro	warm	3	125	1313.0		
distilgpt2	torch-compile-ro	warm	3	126	1328.7		
distilgpt2	torch-compile-ro	warm	3	127	1303.7		
distilgpt2	torch-compile-ro	warm	3	128	1284.8		
distilgpt2	torch-compile-ro	warm	3	129	1354.0		
distilgpt2	torch-compile-ro	warm	3	130	1314.2		
distilgpt2	torch-compile-ro	warm	3	131	1301.3		
distilgpt2	torch-compile-ro	warm	3	132	1305.8		
distilgpt2	torch-compile-ro	warm	3	133	1301.8		
distilgpt2	torch-compile-ro	warm	3	134	1284.6		
distilgpt2	torch-compile-ro	warm	3	135	1287.2		
distilgpt2	torch-compile-ro	warm	3	136	1362.8		
distilgpt2	torch-compile-ro	warm	3	137	1304.6		
distilgpt2	torch-compile-ro	warm	3	138	1300.6		
distilgpt2	torch-compile-ro	warm	3	139	1296.0		
distilgpt2	torch-compile-ro	warm	3	140	1308.7		
distilgpt2	torch-compile-ro	warm	3	141	1290.1		
distilgpt2	torch-compile-ro	warm	3	142	1308.4		
distilgpt2	torch-compile-ro	warm	3	143	1281.7		
distilgpt2	torch-compile-ro	warm	3	144	1304.6		
distilgpt2	torch-compile-ro	warm	3	145	1332.5		
distilgpt2	torch-compile-ro	warm	3	146	1292.5		
distilgpt2	torch-compile-ro	warm	3	147	1307.2		
distilgpt2	torch-compile-ro	warm	3	148	1307.7		
distilgpt2	torch-compile-ro	warm	3	149	1283.2		
distilgpt2	torch-compile-ro	warm	3	150	1299.4		
distilgpt2	torch-compile-ro	warm	3	151	1298.2		
distilgpt2	torch-compile-ro	warm	3	152	1288.2		
distilgpt2	torch-compile-ro	warm	3	153	1310.1		
distilgpt2	torch-compile-ro	warm	3	154	1358.3		
distilgpt2	torch-compile-ro	warm	3	155	1317.0		
distilgpt2	torch-compile-ro	warm	3	156	1307.7		
distilgpt2	torch-compile-ro	warm	3	157	1292.7		
distilgpt2	torch-compile-ro	warm	3	158	1288.2		
distilgpt2	torch-compile-ro	warm	3	159	1314.4		
distilgpt2	torch-compile-ro	warm	3	160	1327.8		
distilgpt2	torch-compile-ro	warm	3	161	1303.7		
distilgpt2	torch-compile-ro	warm	3	162	1308.4		
distilgpt2	torch-compile-ro	warm	3	163	1289.8		
distilgpt2	torch-compile-ro	warm	3	164	1302.2		
distilgpt2	torch-compile-ro	warm	3	165	1286.0		
distilgpt2	torch-compile-ro	warm	3	166	1285.8		
distilgpt2	torch-compile-ro	warm	3	167	1294.4		
distilgpt2	torch-compile-ro	warm	3	168	1310.3		
distilgpt2	torch-compile-ro	warm	3	169	1295.3		
distilgpt2	torch-compile-ro	warm	3	170	1297.2		
distilgpt2	torch-compile-ro	warm	3	171	1309.9		
distilgpt2	torch-compile-ro	warm	3	172	1331.3		
distilgpt2	torch-compile-ro	warm	3	173	1290.6		
distilgpt2	torch-compile-ro	warm	3	174	1321.1		
distilgpt2	torch-compile-ro	warm	3	175	1292.7		
distilgpt2	torch-compile-ro	warm	3	176	1303.0		
distilgpt2	torch-compile-ro	warm	3	177	1310.3		
distilgpt2	torch-compile-ro	warm	3	178	1359.5		
distilgpt2	torch-compile-ro	warm	3	179	1313.9		
distilgpt2	torch-compile-ro	warm	3	180	1310.3		
distilgpt2	torch-compile-ro	warm	3	181	1331.3		
distilgpt2	torch-compile-ro	warm	3	182	1324.7		
distilgpt2	torch-compile-ro	warm	3	183	1302.2		
distilgpt2	torch-compile-ro	warm	3	184	1347.5		
distilgpt2	torch-compile-ro	warm	3	185	1310.3		
distilgpt2	torch-compile-ro	warm	3	186	1295.8		
distilgpt2	torch-compile-ro	warm	3	187	1300.6		
distilgpt2	torch-compile-ro	warm	3	188	1297.0		
distilgpt2	torch-compile-ro	warm	3	189	1283.2		
distilgpt2	torch-compile-ro	warm	3	190	1292.9		
distilgpt2	torch-compile-ro	warm	3	191	1311.8		
distilgpt2	torch-compile-ro	warm	3	192	1302.5		
distilgpt2	torch-compile-ro	warm	3	193	1306.1		
distilgpt2	torch-compile-ro	warm	3	194	1341.1		
distilgpt2	torch-compile-ro	warm	3	195	1293.2		
distilgpt2	torch-compile-ro	warm	3	196	1295.6		
distilgpt2	torch-compile-ro	warm	3	197	1287.7		
distilgpt2	torch-compile-ro	warm	3	198	1308.9		
distilgpt2	torch-compile-ro	warm	3	199	1315.4		
distilgpt2	torch-compile-ro	warm	3	200	1287.9		
distilgpt2	torch-compile-ro	warm	3	201	1297.7		
distilgpt2	torch-compile-ro	warm	3	202	1285.8		
distilgpt2	torch-compile-ro	warm	3	203	1321.6		
distilgpt2	torch-compile-ro	warm	3	204	1303.0		
distilgpt2	torch-compile-ro	warm	3	205	1296.3		
distilgpt2	torch-compile-ro	warm	3	206	1303.7		
distilgpt2	torch-compile-ro	warm	3	207	1288.2		
distilgpt2	torch-compile-ro	warm	3	208	1346.1		
distilgpt2	torch-compile-ro	warm	3	209	1308.2		
distilgpt2	torch-compile-ro	warm	3	210	1292.0		
distilgpt2	torch-compile-ro	warm	3	211	1299.6		
distilgpt2	torch-compile-ro	warm	3	212	1307.2		
distilgpt2	torch-compile-ro	warm	3	213	1317.5		
distilgpt2	torch-compile-ro	warm	3	214	1314.2		
distilgpt2	torch-compile-ro	warm	3	215	1321.1		
distilgpt2	torch-compile-ro	warm	3	216	1299.1		
distilgpt2	torch-compile-ro	warm	3	217	1314.9		
distilgpt2	torch-compile-ro	warm	3	218	1294.6		
distilgpt2	torch-compile-ro	warm	3	219	1350.6		
distilgpt2	torch-compile-ro	warm	3	220	1318.7		
distilgpt2	torch-compile-ro	warm	3	221	1296.5		
distilgpt2	torch-compile-ro	warm	3	222	1298.0		
distilgpt2	torch-compile-ro	warm	3	223	1348.5		
distilgpt2	torch-compile-ro	warm	3	224	1355.4		
distilgpt2	torch-compile-ro	warm	3	225	1292.2		
distilgpt2	torch-compile-ro	warm	3	226	1317.3		
distilgpt2	torch-compile-ro	warm	3	227	1285.3		
distilgpt2	torch-compile-ro	warm	3	228	1344.0		
distilgpt2	torch-compile-ro	warm	3	229	1313.9		
distilgpt2	torch-compile-ro	warm	3	230	1284.8		
distilgpt2	torch-compile-ro	warm	3	231	1287.7		
distilgpt2	torch-compile-ro	warm	3	232	1301.5		
distilgpt2	torch-compile-ro	warm	3	233	1290.3		
distilgpt2	torch-compile-ro	warm	3	234	1306.5		
distilgpt2	torch-compile-ro	warm	3	235	1318.9		
distilgpt2	torch-compile-ro	warm	3	236	1314.4		
distilgpt2	torch-compile-ro	warm	3	237	1292.0		
distilgpt2	torch-compile-ro	warm	3	238	1312.3		
distilgpt2	torch-compile-ro	warm	3	239	1288.7		
distilgpt2	torch-compile-ro	warm	3	240	1294.9		
distilgpt2	torch-compile-ro	warm	3	241	1308.7		
distilgpt2	torch-compile-ro	warm	3	242	1328.7		
distilgpt2	torch-compile-ro	warm	3	243	1305.8		
distilgpt2	torch-compile-ro	warm	3	244	1359.7		
distilgpt2	torch-compile-ro	warm	3	245	1306.1		
distilgpt2	torch-compile-ro	warm	3	246	1308.4		
distilgpt2	torch-compile-ro	warm	3	247	1306.3		
distilgpt2	torch-compile-ro	warm	3	248	1324.7		
distilgpt2	torch-compile-ro	warm	3	249	1320.1		
distilgpt2	torch-compile-ro	warm	3	250	1305.8		
distilgpt2	torch-compile-ro	warm	3	251	1307.2		
distilgpt2	torch-compile-ro	warm	3	252	1299.1		
distilgpt2	torch-compile-ro	warm	3	253	1340.4		
distilgpt2	torch-compile-ro	warm	3	254	1364.7		
distilgpt2	torch-compile-ro	warm	3	255	1330.6		
distilgpt2	torch-compile-ro	warm	3	256	1298.7		
distilgpt2	torch-compile-ro	warm	3	257	1299.1		
distilgpt2	torch-compile-ro	warm	3	258	1326.3		
distilgpt2	torch-compile-ro	warm	3	259	1345.9		
distilgpt2	torch-compile-ro	warm	3	260	1322.7		
distilgpt2	torch-compile-ro	warm	3	261	1309.2		
distilgpt2	torch-compile-ro	warm	3	262	1305.8		
distilgpt2	torch-compile-ro	warm	3	263	1344.2		
distilgpt2	torch-compile-ro	warm	3	264	1316.1		
distilgpt2	torch-compile-ro	warm	3	265	1304.1		
distilgpt2	torch-compile-ro	warm	3	266	1339.4		
distilgpt2	torch-compile-ro	warm	3	267	1320.1		
distilgpt2	torch-compile-ro	warm	3	268	1310.3		
distilgpt2	torch-compile-ro	warm	3	269	1310.8		
distilgpt2	torch-compile-ro	warm	3	270	1329.7		
distilgpt2	torch-compile-ro	warm	3	271	1305.8		
distilgpt2	torch-compile-ro	warm	3	272	1309.6		
distilgpt2	torch-compile-ro	warm	3	273	1309.4		
distilgpt2	torch-compile-ro	warm	3	274	1290.6		
distilgpt2	torch-compile-ro	warm	3	275	1292.0		
distilgpt2	torch-compile-ro	warm	3	276	1338.0		
distilgpt2	torch-compile-ro	warm	3	277	1296.3		
distilgpt2	torch-compile-ro	warm	3	278	1308.4		
distilgpt2	torch-compile-ro	warm	3	279	1290.8		
distilgpt2	torch-compile-ro	warm	3	280	1290.8		
distilgpt2	torch-compile-ro	warm	3	281	1308.4		
distilgpt2	torch-compile-ro	warm	3	282	1325.6		
distilgpt2	torch-compile-ro	warm	3	283	1305.6		
distilgpt2	torch-compile-ro	warm	3	284	1298.9		
distilgpt2	torch-compile-ro	warm	3	285	1307.0		
distilgpt2	torch-compile-ro	warm	3	286	1319.4		
distilgpt2	torch-compile-ro	warm	3	287	1303.9		
distilgpt2	torch-compile-ro	warm	3	288	1320.6		
distilgpt2	torch-compile-ro	warm	3	289	1311.1		
distilgpt2	torch-compile-ro	warm	3	290	1302.7		
distilgpt2	torch-compile-ro	warm	3	291	1304.1		
distilgpt2	torch-compile-ro	warm	3	292	1364.2		
distilgpt2	torch-compile-ro	warm	3	293	1284.1		
distilgpt2	torch-compile-ro	warm	3	294	1305.3		
distilgpt2	torch-compile-ro	warm	3	295	1293.9		
distilgpt2	torch-compile-ro	warm	3	296	1308.0		
distilgpt2	torch-compile-ro	warm	3	297	1307.0		
distilgpt2	torch-compile-ro	warm	3	298	1308.0		
distilgpt2	torch-compile-ro	warm	3	299	1314.2		
distilgpt2	jax	warm	3	0	52090.7		
distilgpt2	jax	warm	3	1	1466.9		
distilgpt2	jax	warm	3	2	1306.3		
distilgpt2	jax	warm	3	3	1235.9		
distilgpt2	jax	warm	3	4	1230.4		
distilgpt2	jax	warm	3	5	1248.4		
distilgpt2	jax	warm	3	6	1231.2		
distilgpt2	jax	warm	3	7	1232.7		
distilgpt2	jax	warm	3	8	1232.4		
distilgpt2	jax	warm	3	9	1230.6		
distilgpt2	jax	warm	3	10	1214.7		
distilgpt2	jax	warm	3	11	1214.6		
distilgpt2	jax	warm	3	12	1229.5		
distilgpt2	jax	warm	3	13	1249.8		
distilgpt2	jax	warm	3	14	1190.6		
distilgpt2	jax	warm	3	15	1220.1		
distilgpt2	jax	warm	3	16	1218.6		
distilgpt2	jax	warm	3	17	1223.9		
distilgpt2	jax	warm	3	18	1242.6		
distilgpt2	jax	warm	3	19	1230.7		
distilgpt2	jax	warm	3	20	1292.8		
distilgpt2	jax	warm	3	21	1186.3		
distilgpt2	jax	warm	3	22	1212.9		
distilgpt2	jax	warm	3	23	1217.6		
distilgpt2	jax	warm	3	24	1168.2		
distilgpt2	jax	warm	3	25	1164.6		
distilgpt2	jax	warm	3	26	1213.9		
distilgpt2	jax	warm	3	27	1235.4		
distilgpt2	jax	warm	3	28	1191.7		
distilgpt2	jax	warm	3	29	1163.1		
distilgpt2	jax	warm	3	30	1183.5		
distilgpt2	jax	warm	3	31	1190.9		
distilgpt2	jax	warm	3	32	1222.9		
distilgpt2	jax	warm	3	33	1194.8		
distilgpt2	jax	warm	3	34	1255.9		
distilgpt2	jax	warm	3	35	1191.4		
distilgpt2	jax	warm	3	36	1187.8		
distilgpt2	jax	warm	3	37	1196.3		
distilgpt2	jax	warm	3	38	1204.6		
distilgpt2	jax	warm	3	39	1195.3		
distilgpt2	jax	warm	3	40	1190.6		
distilgpt2	jax	warm	3	41	1214.9		
distilgpt2	jax	warm	3	42	1233.5		
distilgpt2	jax	warm	3	43	1190.9		
distilgpt2	jax	warm	3	44	1162.6		
distilgpt2	jax	warm	3	45	1157.7		
distilgpt2	jax	warm	3	46	1185.0		
distilgpt2	jax	warm	3	47	1223.7		
distilgpt2	jax	warm	3	48	1212.9		
distilgpt2	jax	warm	3	49	1184.7		
distilgpt2	jax	warm	3	50	1155.9		
distilgpt2	jax	warm	3	51	1152.7		
distilgpt2	jax	warm	3	52	1188.5		
distilgpt2	jax	warm	3	53	1189.1		
distilgpt2	jax	warm	3	54	1180.7		
distilgpt2	jax	warm	3	55	1155.5		
distilgpt2	jax	warm	3	56	1186.4		
distilgpt2	jax	warm	3	57	1178.1		
distilgpt2	jax	warm	3	58	1219.8		
distilgpt2	jax	warm	3	59	1173.3		
distilgpt2	jax	warm	3	60	1154.6		
distilgpt2	jax	warm	3	61	1205.5		
distilgpt2	jax	warm	3	62	1228.2		
distilgpt2	jax	warm	3	63	1220.9		
distilgpt2	jax	warm	3	64	1185.8		
distilgpt2	jax	warm	3	65	1190.1		
distilgpt2	jax	warm	3	66	1155.7		
distilgpt2	jax	warm	3	67	1201.0		
distilgpt2	jax	warm	3	68	1245.6		
distilgpt2	jax	warm	3	69	1196.5		
distilgpt2	jax	warm	3	70	1168.0		
distilgpt2	jax	warm	3	71	1171.5		
distilgpt2	jax	warm	3	72	1182.2		
distilgpt2	jax	warm	3	73	1198.4		
distilgpt2	jax	warm	3	74	1200.2		
distilgpt2	jax	warm	3	75	1219.1		
distilgpt2	jax	warm	3	76	1220.9		
distilgpt2	jax	warm	3	77	1170.7		
distilgpt2	jax	warm	3	78	1229.1		
distilgpt2	jax	warm	3	79	1207.9		
distilgpt2	jax	warm	3	80	1197.5		
distilgpt2	jax	warm	3	81	1203.4		
distilgpt2	jax	warm	3	82	1183.4		
distilgpt2	jax	warm	3	83	1232.7		
distilgpt2	jax	warm	3	84	1162.0		
distilgpt2	jax	warm	3	85	1189.7		
distilgpt2	jax	warm	3	86	1193.0		
distilgpt2	jax	warm	3	87	1192.6		
distilgpt2	jax	warm	3	88	1199.5		
distilgpt2	jax	warm	3	89	1191.6		
distilgpt2	jax	warm	3	90	1188.8		
distilgpt2	jax	warm	3	91	1165.5		
distilgpt2	jax	warm	3	92	1184.9		
distilgpt2	jax	warm	3	93	1194.3		
distilgpt2	jax	warm	3	94	1157.6		
distilgpt2	jax	warm	3	95	1182.9		
distilgpt2	jax	warm	3	96	1162.1		
distilgpt2	jax	warm	3	97	1164.3		
distilgpt2	jax	warm	3	98	1173.4		
distilgpt2	jax	warm	3	99	1199.1		
distilgpt2	jax	warm	3	100	1194.2		
distilgpt2	jax	warm	3	101	1203.2		
distilgpt2	jax	warm	3	102	1187.9		
distilgpt2	jax	warm	3	103	1162.1		
distilgpt2	jax	warm	3	104	1205.8		
distilgpt2	jax	warm	3	105	1217.0		
distilgpt2	jax	warm	3	106	1206.0		
distilgpt2	jax	warm	3	107	1215.6		
distilgpt2	jax	warm	3	108	1191.7		
distilgpt2	jax	warm	3	109	1213.1		
distilgpt2	jax	warm	3	110	1199.5		
distilgpt2	jax	warm	3	111	1208.5		
distilgpt2	jax	warm	3	112	1196.2		
distilgpt2	jax	warm	3	113	1207.0		
distilgpt2	jax	warm	3	114	1190.2		
distilgpt2	jax	warm	3	115	1192.5		
distilgpt2	jax	warm	3	116	1188.6		
distilgpt2	jax	warm	3	117	1164.1		
distilgpt2	jax	warm	3	118	1183.8		
distilgpt2	jax	warm	3	119	1182.6		
distilgpt2	jax	warm	3	120	1200.0		
distilgpt2	jax	warm	3	121	1184.1		
distilgpt2	jax	warm	3	122	1185.5		
distilgpt2	jax	warm	3	123	1159.8		
distilgpt2	jax	warm	3	124	1179.1		
distilgpt2	jax	warm	3	125	1188.4		
distilgpt2	jax	warm	3	126	1194.1		
distilgpt2	jax	warm	3	127	1163.4		
distilgpt2	jax	warm	3	128	1194.6		
distilgpt2	jax	warm	3	129	1165.7		
distilgpt2	jax	warm	3	130	1222.6		
distilgpt2	jax	warm	3	131	1194.7		
distilgpt2	jax	warm	3	132	1187.9		
distilgpt2	jax	warm	3	133	1159.0		
distilgpt2	jax	warm	3	134	1162.6		
distilgpt2	jax	warm	3	135	1215.2		
distilgpt2	jax	warm	3	136	1189.0		
distilgpt2	jax	warm	3	137	1165.5		
distilgpt2	jax	warm	3	138	1185.4		
distilgpt2	jax	warm	3	139	1179.3		
distilgpt2	jax	warm	3	140	1221.3		
distilgpt2	jax	warm	3	141	1209.2		
distilgpt2	jax	warm	3	142	1206.1		
distilgpt2	jax	warm	3	143	1204.0		
distilgpt2	jax	warm	3	144	1209.2		
distilgpt2	jax	warm	3	145	1232.3		
distilgpt2	jax	warm	3	146	1185.9		
distilgpt2	jax	warm	3	147	1204.8		
distilgpt2	jax	warm	3	148	1206.6		
distilgpt2	jax	warm	3	149	1207.4		
distilgpt2	jax	warm	3	150	1240.0		
distilgpt2	jax	warm	3	151	1207.0		
distilgpt2	jax	warm	3	152	1211.5		
distilgpt2	jax	warm	3	153	1209.3		
distilgpt2	jax	warm	3	154	1210.1		
distilgpt2	jax	warm	3	155	1234.2		
distilgpt2	jax	warm	3	156	1209.7		
distilgpt2	jax	warm	3	157	1209.3		
distilgpt2	jax	warm	3	158	1179.7		
distilgpt2	jax	warm	3	159	1204.8		
distilgpt2	jax	warm	3	160	1184.9		
distilgpt2	jax	warm	3	161	1190.4		
distilgpt2	jax	warm	3	162	1189.6		
distilgpt2	jax	warm	3	163	1182.2		
distilgpt2	jax	warm	3	164	1193.6		
distilgpt2	jax	warm	3	165	1191.0		
distilgpt2	jax	warm	3	166	1183.4		
distilgpt2	jax	warm	3	167	1186.2		
distilgpt2	jax	warm	3	168	1191.2		
distilgpt2	jax	warm	3	169	1182.9		
distilgpt2	jax	warm	3	170	1211.0		
distilgpt2	jax	warm	3	171	1192.6		
distilgpt2	jax	warm	3	172	1188.0		
distilgpt2	jax	warm	3	173	1236.6		
distilgpt2	jax	warm	3	174	1200.3		
distilgpt2	jax	warm	3	175	1189.3		
distilgpt2	jax	warm	3	176	1185.6		
distilgpt2	jax	warm	3	177	1192.3		
distilgpt2	jax	warm	3	178	1169.4		
distilgpt2	jax	warm	3	179	1194.2		
distilgpt2	jax	warm	3	180	1209.2		
distilgpt2	jax	warm	3	181	1194.8		
distilgpt2	jax	warm	3	182	1253.4		
distilgpt2	jax	warm	3	183	1204.8		
distilgpt2	jax	warm	3	184	1187.6		
distilgpt2	jax	warm	3	185	1188.2		
distilgpt2	jax	warm	3	186	1201.8		
distilgpt2	jax	warm	3	187	1253.8		
distilgpt2	jax	warm	3	188	1188.0		
distilgpt2	jax	warm	3	189	1197.4		
distilgpt2	jax	warm	3	190	1190.3		
distilgpt2	jax	warm	3	191	1181.5		
distilgpt2	jax	warm	3	192	1186.9		
distilgpt2	jax	warm	3	193	1191.1		
distilgpt2	jax	warm	3	194	1180.0		
distilgpt2	jax	warm	3	195	1200.1		
distilgpt2	jax	warm	3	196	1192.1		
distilgpt2	jax	warm	3	197	1176.9		
distilgpt2	jax	warm	3	198	1187.6		
distilgpt2	jax	warm	3	199	1179.6		
distilgpt2	jax	warm	3	200	1224.2		
distilgpt2	jax	warm	3	201	1274.9		
distilgpt2	jax	warm	3	202	1182.1		
distilgpt2	jax	warm	3	203	1193.9		
distilgpt2	jax	warm	3	204	1200.0		
distilgpt2	jax	warm	3	205	1183.6		
distilgpt2	jax	warm	3	206	1186.1		
distilgpt2	jax	warm	3	207	1185.5		
distilgpt2	jax	warm	3	208	1175.8		
distilgpt2	jax	warm	3	209	1185.8		
distilgpt2	jax	warm	3	210	1216.1		
distilgpt2	jax	warm	3	211	1198.0		
distilgpt2	jax	warm	3	212	1165.7		
distilgpt2	jax	warm	3	213	1175.6		
distilgpt2	jax	warm	3	214	1184.1		
distilgpt2	jax	warm	3	215	1227.2		
distilgpt2	jax	warm	3	216	1159.1		
distilgpt2	jax	warm	3	217	1191.9		
distilgpt2	jax	warm	3	218	1209.3		
distilgpt2	jax	warm	3	219	1205.6		
distilgpt2	jax	warm	3	220	1217.3		
distilgpt2	jax	warm	3	221	1155.7		
distilgpt2	jax	warm	3	222	1154.1		
distilgpt2	jax	warm	3	223	1190.4		
distilgpt2	jax	warm	3	224	1191.2		
distilgpt2	jax	warm	3	225	1210.1		
distilgpt2	jax	warm	3	226	1198.7		
distilgpt2	jax	warm	3	227	1196.1		
distilgpt2	jax	warm	3	228	1198.6		
distilgpt2	jax	warm	3	229	1247.2		
distilgpt2	jax	warm	3	230	1215.3		
distilgpt2	jax	warm	3	231	1197.3		
distilgpt2	jax	warm	3	232	1197.2		
distilgpt2	jax	warm	3	233	1196.7		
distilgpt2	jax	warm	3	234	1198.8		
distilgpt2	jax	warm	3	235	1232.0		
distilgpt2	jax	warm	3	236	1207.7		
distilgpt2	jax	warm	3	237	1200.4		
distilgpt2	jax	warm	3	238	1282.7		
distilgpt2	jax	warm	3	239	1251.6		
distilgpt2	jax	warm	3	240	1216.5		
distilgpt2	jax	warm	3	241	1203.5		
distilgpt2	jax	warm	3	242	1201.8		
distilgpt2	jax	warm	3	243	1181.6		
distilgpt2	jax	warm	3	244	1227.6		
distilgpt2	jax	warm	3	245	1188.4		
distilgpt2	jax	warm	3	246	1206.3		
distilgpt2	jax	warm	3	247	1203.5		
distilgpt2	jax	warm	3	248	1208.8		
distilgpt2	jax	warm	3	249	1194.5		
distilgpt2	jax	warm	3	250	1182.6		
distilgpt2	jax	warm	3	251	1194.6		
distilgpt2	jax	warm	3	252	1191.4		
distilgpt2	jax	warm	3	253	1192.6		
distilgpt2	jax	warm	3	254	1218.7		
distilgpt2	jax	warm	3	255	1207.6		
distilgpt2	jax	warm	3	256	1191.9		
distilgpt2	jax	warm	3	257	1186.2		
distilgpt2	jax	warm	3	258	1198.3		
distilgpt2	jax	warm	3	259	1204.8		
distilgpt2	jax	warm	3	260	1188.9		
distilgpt2	jax	warm	3	261	1199.3		
distilgpt2	jax	warm	3	262	1190.5		
distilgpt2	jax	warm	3	263	1209.0		
distilgpt2	jax	warm	3	264	1195.8		
distilgpt2	jax	warm	3	265	1172.3		
distilgpt2	jax	warm	3	266	1197.6		
distilgpt2	jax	warm	3	267	1199.0		
distilgpt2	jax	warm	3	268	1209.7		
distilgpt2	jax	warm	3	269	1188.9		
distilgpt2	jax	warm	3	270	1211.8		
distilgpt2	jax	warm	3	271	1191.4		
distilgpt2	jax	warm	3	272	1190.2		
distilgpt2	jax	warm	3	273	1186.1		
distilgpt2	jax	warm	3	274	1199.7		
distilgpt2	jax	warm	3	275	1195.7		
distilgpt2	jax	warm	3	276	1188.1		
distilgpt2	jax	warm	3	277	1180.6		
distilgpt2	jax	warm	3	278	1190.0		
distilgpt2	jax	warm	3	279	1210.4		
distilgpt2	jax	warm	3	280	1187.8		
distilgpt2	jax	warm	3	281	1194.9		
distilgpt2	jax	warm	3	282	1204.0		
distilgpt2	jax	warm	3	283	1207.1		
distilgpt2	jax	warm	3	284	1200.7		
distilgpt2	jax	warm	3	285	1188.6		
distilgpt2	jax	warm	3	286	1191.4		
distilgpt2	jax	warm	3	287	1207.2		
distilgpt2	jax	warm	3	288	1189.7		
distilgpt2	jax	warm	3	289	1214.8		
distilgpt2	jax	warm	3	290	1188.1		
distilgpt2	jax	warm	3	291	1189.1		
distilgpt2	jax	warm	3	292	1191.2		
distilgpt2	jax	warm	3	293	1209.6		
distilgpt2	jax	warm	3	294	1216.6		
distilgpt2	jax	warm	3	295	1186.0		
distilgpt2	jax	warm	3	296	1175.7		
distilgpt2	jax	warm	3	297	1190.3		
distilgpt2	jax	warm	3	298	1195.5		
distilgpt2	jax	warm	3	299	1200.7		
