system	regime	round	iter	us	exit_layer	binary
ours	stable	1	0	524795.1	4	ddc8008cdeaf
ours	stable	1	1	14133.9	4	ddc8008cdeaf
ours	stable	1	2	2411.1	4	ddc8008cdeaf
ours	stable	1	3	1552.1	4	ddc8008cdeaf
ours	stable	1	4	9874.1	4	ddc8008cdeaf
ours	stable	1	5	3147.8	4	ddc8008cdeaf
ours	stable	1	6	1082.9	4	ddc8008cdeaf
ours	stable	1	7	2399.9	4	ddc8008cdeaf
ours	stable	1	8	1102.2	4	ddc8008cdeaf
ours	stable	1	9	1065.0	4	ddc8008cdeaf
ours	stable	1	10	2279.0	4	ddc8008cdeaf
ours	stable	1	11	1065.0	4	ddc8008cdeaf
ours	stable	1	12	1060.0	4	ddc8008cdeaf
ours	stable	1	13	1084.8	4	ddc8008cdeaf
ours	stable	1	14	2260.9	4	ddc8008cdeaf
ours	stable	1	15	1056.9	4	ddc8008cdeaf
ours	stable	1	16	1060.0	4	ddc8008cdeaf
ours	stable	1	17	1056.0	4	ddc8008cdeaf
ours	stable	1	18	1068.8	4	ddc8008cdeaf
ours	stable	1	19	2249.0	4	ddc8008cdeaf
ours	stable	1	20	1088.9	4	ddc8008cdeaf
ours	stable	1	21	1065.0	4	ddc8008cdeaf
ours	stable	1	22	1101.0	4	ddc8008cdeaf
ours	stable	1	23	1066.0	4	ddc8008cdeaf
ours	stable	1	24	1166.1	4	ddc8008cdeaf
ours	stable	1	25	2238.0	4	ddc8008cdeaf
ours	stable	1	26	1120.1	4	ddc8008cdeaf
ours	stable	1	27	1069.1	4	ddc8008cdeaf
ours	stable	1	28	1078.8	4	ddc8008cdeaf
ours	stable	1	29	1099.8	4	ddc8008cdeaf
ours	stable	1	30	1094.1	4	ddc8008cdeaf
ours	stable	1	31	1056.0	4	ddc8008cdeaf
ours	stable	1	32	2249.0	4	ddc8008cdeaf
ours	stable	1	33	1076.9	4	ddc8008cdeaf
ours	stable	1	34	1053.1	4	ddc8008cdeaf
ours	stable	1	35	1057.1	4	ddc8008cdeaf
ours	stable	1	36	1080.0	4	ddc8008cdeaf
ours	stable	1	37	1103.9	4	ddc8008cdeaf
ours	stable	1	38	1088.9	4	ddc8008cdeaf
ours	stable	1	39	1135.1	4	ddc8008cdeaf
ours	stable	1	40	2265.9	4	ddc8008cdeaf
ours	stable	1	41	1061.0	4	ddc8008cdeaf
ours	stable	1	42	1121.0	4	ddc8008cdeaf
ours	stable	1	43	1062.9	4	ddc8008cdeaf
ours	stable	1	44	1104.1	4	ddc8008cdeaf
ours	stable	1	45	1063.1	4	ddc8008cdeaf
ours	stable	1	46	1053.1	4	ddc8008cdeaf
ours	stable	1	47	1066.9	4	ddc8008cdeaf
ours	stable	1	48	1093.1	4	ddc8008cdeaf
ours	stable	1	49	2244.9	4	ddc8008cdeaf
ours	stable	1	50	1068.1	4	ddc8008cdeaf
ours	stable	1	51	1079.1	4	ddc8008cdeaf
ours	stable	1	52	1108.9	4	ddc8008cdeaf
ours	stable	1	53	1063.8	4	ddc8008cdeaf
ours	stable	1	54	1066.0	4	ddc8008cdeaf
ours	stable	1	55	1085.0	4	ddc8008cdeaf
ours	stable	1	56	1056.9	4	ddc8008cdeaf
ours	stable	1	57	1066.2	4	ddc8008cdeaf
ours	stable	1	58	1081.0	4	ddc8008cdeaf
ours	stable	1	59	2243.0	4	ddc8008cdeaf
ours	stable	1	60	1068.1	4	ddc8008cdeaf
ours	stable	1	61	1067.9	4	ddc8008cdeaf
ours	stable	1	62	1081.9	4	ddc8008cdeaf
ours	stable	1	63	1069.1	4	ddc8008cdeaf
ours	stable	1	64	1066.9	4	ddc8008cdeaf
ours	stable	1	65	1055.0	4	ddc8008cdeaf
ours	stable	1	66	1061.0	4	ddc8008cdeaf
ours	stable	1	67	1078.1	4	ddc8008cdeaf
ours	stable	1	68	1057.9	4	ddc8008cdeaf
ours	stable	1	69	1055.0	4	ddc8008cdeaf
ours	stable	1	70	2281.0	4	ddc8008cdeaf
ours	stable	1	71	1087.2	4	ddc8008cdeaf
ours	stable	1	72	1090.0	4	ddc8008cdeaf
ours	stable	1	73	1059.1	4	ddc8008cdeaf
ours	stable	1	74	1069.1	4	ddc8008cdeaf
ours	stable	1	75	1071.9	4	ddc8008cdeaf
ours	stable	1	76	1068.1	4	ddc8008cdeaf
ours	stable	1	77	1075.0	4	ddc8008cdeaf
ours	stable	1	78	1087.0	4	ddc8008cdeaf
ours	stable	1	79	1089.8	4	ddc8008cdeaf
ours	stable	1	80	1066.9	4	ddc8008cdeaf
ours	stable	1	81	1051.9	4	ddc8008cdeaf
ours	stable	1	82	1076.0	4	ddc8008cdeaf
ours	stable	1	83	1069.1	4	ddc8008cdeaf
ours	stable	1	84	1138.9	4	ddc8008cdeaf
ours	stable	1	85	2309.1	4	ddc8008cdeaf
ours	stable	1	86	1094.1	4	ddc8008cdeaf
ours	stable	1	87	1074.1	4	ddc8008cdeaf
ours	stable	1	88	1073.1	4	ddc8008cdeaf
ours	stable	1	89	1097.9	4	ddc8008cdeaf
ours	stable	1	90	1060.0	4	ddc8008cdeaf
ours	stable	1	91	1062.2	4	ddc8008cdeaf
ours	stable	1	92	1066.9	4	ddc8008cdeaf
ours	stable	1	93	1097.0	4	ddc8008cdeaf
ours	stable	1	94	1103.9	4	ddc8008cdeaf
ours	stable	1	95	1069.1	4	ddc8008cdeaf
ours	stable	1	96	1086.0	4	ddc8008cdeaf
ours	stable	1	97	1059.1	4	ddc8008cdeaf
ours	stable	1	98	1064.1	4	ddc8008cdeaf
ours	stable	1	99	1076.0	4	ddc8008cdeaf
ours	stable	1	100	1087.9	4	ddc8008cdeaf
ours	stable	1	101	1098.2	4	ddc8008cdeaf
ours	stable	1	102	1080.0	4	ddc8008cdeaf
ours	stable	1	103	1066.0	4	ddc8008cdeaf
ours	stable	1	104	2328.2	4	ddc8008cdeaf
ours	stable	1	105	1133.0	4	ddc8008cdeaf
ours	stable	1	106	1078.1	4	ddc8008cdeaf
ours	stable	1	107	1057.1	4	ddc8008cdeaf
ours	stable	1	108	1064.1	4	ddc8008cdeaf
ours	stable	1	109	1073.8	4	ddc8008cdeaf
ours	stable	1	110	1093.9	4	ddc8008cdeaf
ours	stable	1	111	1102.9	4	ddc8008cdeaf
ours	stable	1	112	1116.0	4	ddc8008cdeaf
ours	stable	1	113	1105.1	4	ddc8008cdeaf
ours	stable	1	114	1077.2	4	ddc8008cdeaf
ours	stable	1	115	1079.1	4	ddc8008cdeaf
ours	stable	1	116	1076.9	4	ddc8008cdeaf
ours	stable	1	117	1062.2	4	ddc8008cdeaf
ours	stable	1	118	1050.9	4	ddc8008cdeaf
ours	stable	1	119	1058.1	4	ddc8008cdeaf
ours	stable	1	120	1068.1	4	ddc8008cdeaf
ours	stable	1	121	1076.9	4	ddc8008cdeaf
ours	stable	1	122	2282.1	4	ddc8008cdeaf
ours	stable	1	123	1096.0	4	ddc8008cdeaf
ours	stable	1	124	1086.0	4	ddc8008cdeaf
ours	stable	1	125	1073.1	4	ddc8008cdeaf
ours	stable	1	126	1064.1	4	ddc8008cdeaf
ours	stable	1	127	1075.0	4	ddc8008cdeaf
ours	stable	1	128	1064.1	4	ddc8008cdeaf
ours	stable	1	129	1064.1	4	ddc8008cdeaf
ours	stable	1	130	1066.9	4	ddc8008cdeaf
ours	stable	1	131	1052.9	4	ddc8008cdeaf
ours	stable	1	132	1070.0	4	ddc8008cdeaf
ours	stable	1	133	1061.9	4	ddc8008cdeaf
ours	stable	1	134	1074.1	4	ddc8008cdeaf
ours	stable	1	135	1085.0	4	ddc8008cdeaf
ours	stable	1	136	1083.1	4	ddc8008cdeaf
ours	stable	1	137	1087.9	4	ddc8008cdeaf
ours	stable	1	138	1058.1	4	ddc8008cdeaf
ours	stable	1	139	1067.2	4	ddc8008cdeaf
ours	stable	1	140	2254.0	4	ddc8008cdeaf
ours	stable	1	141	1070.0	4	ddc8008cdeaf
ours	stable	1	142	1105.1	4	ddc8008cdeaf
ours	stable	1	143	1066.9	4	ddc8008cdeaf
ours	stable	1	144	1061.0	4	ddc8008cdeaf
ours	stable	1	145	1046.9	4	ddc8008cdeaf
ours	stable	1	146	1064.8	4	ddc8008cdeaf
ours	stable	1	147	1071.0	4	ddc8008cdeaf
ours	stable	1	148	1064.1	4	ddc8008cdeaf
ours	stable	1	149	1095.1	4	ddc8008cdeaf
ours	stable	1	150	1097.0	4	ddc8008cdeaf
ours	stable	1	151	1099.1	4	ddc8008cdeaf
ours	stable	1	152	1073.1	4	ddc8008cdeaf
ours	stable	1	153	1056.9	4	ddc8008cdeaf
ours	stable	1	154	1086.0	4	ddc8008cdeaf
ours	stable	1	155	1056.9	4	ddc8008cdeaf
ours	stable	1	156	1123.9	4	ddc8008cdeaf
ours	stable	1	157	1067.2	4	ddc8008cdeaf
ours	stable	1	158	1076.9	4	ddc8008cdeaf
ours	stable	1	159	1041.9	4	ddc8008cdeaf
ours	stable	1	160	1048.1	4	ddc8008cdeaf
ours	stable	1	161	1094.1	4	ddc8008cdeaf
ours	stable	1	162	1101.0	4	ddc8008cdeaf
ours	stable	1	163	1052.9	4	ddc8008cdeaf
ours	stable	1	164	1030.9	4	ddc8008cdeaf
ours	stable	1	165	1150.1	4	ddc8008cdeaf
ours	stable	1	166	1043.1	4	ddc8008cdeaf
ours	stable	1	167	1137.0	4	ddc8008cdeaf
ours	stable	1	168	2352.0	4	ddc8008cdeaf
ours	stable	1	169	1037.1	4	ddc8008cdeaf
ours	stable	1	170	1030.0	4	ddc8008cdeaf
ours	stable	1	171	1048.1	4	ddc8008cdeaf
ours	stable	1	172	1077.2	4	ddc8008cdeaf
ours	stable	1	173	1046.9	4	ddc8008cdeaf
ours	stable	1	174	1035.0	4	ddc8008cdeaf
ours	stable	1	175	1071.9	4	ddc8008cdeaf
ours	stable	1	176	1027.1	4	ddc8008cdeaf
ours	stable	1	177	1063.1	4	ddc8008cdeaf
ours	stable	1	178	1034.0	4	ddc8008cdeaf
ours	stable	1	179	1067.9	4	ddc8008cdeaf
ours	stable	1	180	1086.0	4	ddc8008cdeaf
ours	stable	1	181	1035.9	4	ddc8008cdeaf
ours	stable	1	182	1029.0	4	ddc8008cdeaf
ours	stable	1	183	1039.0	4	ddc8008cdeaf
ours	stable	1	184	1042.8	4	ddc8008cdeaf
ours	stable	1	185	1045.0	4	ddc8008cdeaf
ours	stable	1	186	1034.0	4	ddc8008cdeaf
ours	stable	1	187	1039.0	4	ddc8008cdeaf
ours	stable	1	188	1031.9	4	ddc8008cdeaf
ours	stable	1	189	1052.9	4	ddc8008cdeaf
ours	stable	1	190	1068.1	4	ddc8008cdeaf
ours	stable	1	191	1040.0	4	ddc8008cdeaf
ours	stable	1	192	1111.0	4	ddc8008cdeaf
ours	stable	1	193	1090.0	4	ddc8008cdeaf
ours	stable	1	194	1045.9	4	ddc8008cdeaf
ours	stable	1	195	2247.1	4	ddc8008cdeaf
ours	stable	1	196	1044.0	4	ddc8008cdeaf
ours	stable	1	197	1048.1	4	ddc8008cdeaf
ours	stable	1	198	1042.1	4	ddc8008cdeaf
ours	stable	1	199	1046.9	4	ddc8008cdeaf
torch-eager	stable	1	0	128041.7	4	torch-2.14.0+cu130
torch-eager	stable	1	1	2349.9	4	torch-2.14.0+cu130
torch-eager	stable	1	2	2213.5	4	torch-2.14.0+cu130
torch-eager	stable	1	3	2273.6	4	torch-2.14.0+cu130
torch-eager	stable	1	4	2211.6	4	torch-2.14.0+cu130
torch-eager	stable	1	5	2190.6	4	torch-2.14.0+cu130
torch-eager	stable	1	6	2195.6	4	torch-2.14.0+cu130
torch-eager	stable	1	7	2196.3	4	torch-2.14.0+cu130
torch-eager	stable	1	8	2189.6	4	torch-2.14.0+cu130
torch-eager	stable	1	9	2183.2	4	torch-2.14.0+cu130
torch-eager	stable	1	10	2238.3	4	torch-2.14.0+cu130
torch-eager	stable	1	11	2180.3	4	torch-2.14.0+cu130
torch-eager	stable	1	12	2168.7	4	torch-2.14.0+cu130
torch-eager	stable	1	13	2246.6	4	torch-2.14.0+cu130
torch-eager	stable	1	14	2160.5	4	torch-2.14.0+cu130
torch-eager	stable	1	15	2086.9	4	torch-2.14.0+cu130
torch-eager	stable	1	16	2102.1	4	torch-2.14.0+cu130
torch-eager	stable	1	17	2064.0	4	torch-2.14.0+cu130
torch-eager	stable	1	18	2060.9	4	torch-2.14.0+cu130
torch-eager	stable	1	19	2097.6	4	torch-2.14.0+cu130
torch-eager	stable	1	20	2036.3	4	torch-2.14.0+cu130
torch-eager	stable	1	21	2109.8	4	torch-2.14.0+cu130
torch-eager	stable	1	22	2071.1	4	torch-2.14.0+cu130
torch-eager	stable	1	23	2167.2	4	torch-2.14.0+cu130
torch-eager	stable	1	24	2188.9	4	torch-2.14.0+cu130
torch-eager	stable	1	25	2196.3	4	torch-2.14.0+cu130
torch-eager	stable	1	26	2218.2	4	torch-2.14.0+cu130
torch-eager	stable	1	27	2145.1	4	torch-2.14.0+cu130
torch-eager	stable	1	28	2121.7	4	torch-2.14.0+cu130
torch-eager	stable	1	29	2126.0	4	torch-2.14.0+cu130
torch-eager	stable	1	30	2045.2	4	torch-2.14.0+cu130
torch-eager	stable	1	31	2066.4	4	torch-2.14.0+cu130
torch-eager	stable	1	32	2117.4	4	torch-2.14.0+cu130
torch-eager	stable	1	33	2044.2	4	torch-2.14.0+cu130
torch-eager	stable	1	34	2059.9	4	torch-2.14.0+cu130
torch-eager	stable	1	35	2072.6	4	torch-2.14.0+cu130
torch-eager	stable	1	36	2130.0	4	torch-2.14.0+cu130
torch-eager	stable	1	37	2089.7	4	torch-2.14.0+cu130
torch-eager	stable	1	38	2074.0	4	torch-2.14.0+cu130
torch-eager	stable	1	39	2094.7	4	torch-2.14.0+cu130
torch-eager	stable	1	40	2062.1	4	torch-2.14.0+cu130
torch-eager	stable	1	41	2036.6	4	torch-2.14.0+cu130
torch-eager	stable	1	42	2088.5	4	torch-2.14.0+cu130
torch-eager	stable	1	43	2044.4	4	torch-2.14.0+cu130
torch-eager	stable	1	44	2036.1	4	torch-2.14.0+cu130
torch-eager	stable	1	45	2066.9	4	torch-2.14.0+cu130
torch-eager	stable	1	46	2105.2	4	torch-2.14.0+cu130
torch-eager	stable	1	47	2038.0	4	torch-2.14.0+cu130
torch-eager	stable	1	48	2038.7	4	torch-2.14.0+cu130
torch-eager	stable	1	49	2112.9	4	torch-2.14.0+cu130
torch-eager	stable	1	50	2071.6	4	torch-2.14.0+cu130
torch-eager	stable	1	51	2018.5	4	torch-2.14.0+cu130
torch-eager	stable	1	52	2122.2	4	torch-2.14.0+cu130
torch-eager	stable	1	53	2086.9	4	torch-2.14.0+cu130
torch-eager	stable	1	54	2091.2	4	torch-2.14.0+cu130
torch-eager	stable	1	55	2048.3	4	torch-2.14.0+cu130
torch-eager	stable	1	56	2062.8	4	torch-2.14.0+cu130
torch-eager	stable	1	57	2045.9	4	torch-2.14.0+cu130
torch-eager	stable	1	58	2037.5	4	torch-2.14.0+cu130
torch-eager	stable	1	59	2120.3	4	torch-2.14.0+cu130
torch-eager	stable	1	60	2012.3	4	torch-2.14.0+cu130
torch-eager	stable	1	61	2019.4	4	torch-2.14.0+cu130
torch-eager	stable	1	62	2156.3	4	torch-2.14.0+cu130
torch-eager	stable	1	63	2030.8	4	torch-2.14.0+cu130
torch-eager	stable	1	64	2031.8	4	torch-2.14.0+cu130
torch-eager	stable	1	65	2022.7	4	torch-2.14.0+cu130
torch-eager	stable	1	66	2103.3	4	torch-2.14.0+cu130
torch-eager	stable	1	67	2046.8	4	torch-2.14.0+cu130
torch-eager	stable	1	68	2054.7	4	torch-2.14.0+cu130
torch-eager	stable	1	69	2103.6	4	torch-2.14.0+cu130
torch-eager	stable	1	70	2095.9	4	torch-2.14.0+cu130
torch-eager	stable	1	71	2074.2	4	torch-2.14.0+cu130
torch-eager	stable	1	72	2173.7	4	torch-2.14.0+cu130
torch-eager	stable	1	73	2158.4	4	torch-2.14.0+cu130
torch-eager	stable	1	74	2161.5	4	torch-2.14.0+cu130
torch-eager	stable	1	75	2095.7	4	torch-2.14.0+cu130
torch-eager	stable	1	76	2581.4	4	torch-2.14.0+cu130
torch-eager	stable	1	77	2125.0	4	torch-2.14.0+cu130
torch-eager	stable	1	78	2078.1	4	torch-2.14.0+cu130
torch-eager	stable	1	79	2097.4	4	torch-2.14.0+cu130
torch-eager	stable	1	80	2094.0	4	torch-2.14.0+cu130
torch-eager	stable	1	81	2158.4	4	torch-2.14.0+cu130
torch-eager	stable	1	82	2150.3	4	torch-2.14.0+cu130
torch-eager	stable	1	83	2052.1	4	torch-2.14.0+cu130
torch-eager	stable	1	84	2060.7	4	torch-2.14.0+cu130
torch-eager	stable	1	85	2107.1	4	torch-2.14.0+cu130
torch-eager	stable	1	86	2067.6	4	torch-2.14.0+cu130
torch-eager	stable	1	87	2039.0	4	torch-2.14.0+cu130
torch-eager	stable	1	88	2029.9	4	torch-2.14.0+cu130
torch-eager	stable	1	89	2035.1	4	torch-2.14.0+cu130
torch-eager	stable	1	90	2020.8	4	torch-2.14.0+cu130
torch-eager	stable	1	91	2048.0	4	torch-2.14.0+cu130
torch-eager	stable	1	92	2091.2	4	torch-2.14.0+cu130
torch-eager	stable	1	93	2031.6	4	torch-2.14.0+cu130
torch-eager	stable	1	94	2057.6	4	torch-2.14.0+cu130
torch-eager	stable	1	95	2078.8	4	torch-2.14.0+cu130
torch-eager	stable	1	96	2024.2	4	torch-2.14.0+cu130
torch-eager	stable	1	97	2063.5	4	torch-2.14.0+cu130
torch-eager	stable	1	98	2029.7	4	torch-2.14.0+cu130
torch-eager	stable	1	99	2055.6	4	torch-2.14.0+cu130
torch-eager	stable	1	100	2031.3	4	torch-2.14.0+cu130
torch-eager	stable	1	101	2025.6	4	torch-2.14.0+cu130
torch-eager	stable	1	102	2134.6	4	torch-2.14.0+cu130
torch-eager	stable	1	103	2021.3	4	torch-2.14.0+cu130
torch-eager	stable	1	104	2014.4	4	torch-2.14.0+cu130
torch-eager	stable	1	105	2028.2	4	torch-2.14.0+cu130
torch-eager	stable	1	106	2076.9	4	torch-2.14.0+cu130
torch-eager	stable	1	107	2031.1	4	torch-2.14.0+cu130
torch-eager	stable	1	108	2041.8	4	torch-2.14.0+cu130
torch-eager	stable	1	109	2088.5	4	torch-2.14.0+cu130
torch-eager	stable	1	110	2159.1	4	torch-2.14.0+cu130
torch-eager	stable	1	111	2028.5	4	torch-2.14.0+cu130
torch-eager	stable	1	112	2086.2	4	torch-2.14.0+cu130
torch-eager	stable	1	113	2121.9	4	torch-2.14.0+cu130
torch-eager	stable	1	114	2049.9	4	torch-2.14.0+cu130
torch-eager	stable	1	115	2092.4	4	torch-2.14.0+cu130
torch-eager	stable	1	116	2035.6	4	torch-2.14.0+cu130
torch-eager	stable	1	117	2035.9	4	torch-2.14.0+cu130
torch-eager	stable	1	118	2107.9	4	torch-2.14.0+cu130
torch-eager	stable	1	119	2083.1	4	torch-2.14.0+cu130
torch-eager	stable	1	120	2028.2	4	torch-2.14.0+cu130
torch-eager	stable	1	121	2030.6	4	torch-2.14.0+cu130
torch-eager	stable	1	122	2066.6	4	torch-2.14.0+cu130
torch-eager	stable	1	123	2049.2	4	torch-2.14.0+cu130
torch-eager	stable	1	124	2025.6	4	torch-2.14.0+cu130
torch-eager	stable	1	125	2035.6	4	torch-2.14.0+cu130
torch-eager	stable	1	126	2167.5	4	torch-2.14.0+cu130
torch-eager	stable	1	127	2052.8	4	torch-2.14.0+cu130
torch-eager	stable	1	128	2089.0	4	torch-2.14.0+cu130
torch-eager	stable	1	129	2051.8	4	torch-2.14.0+cu130
torch-eager	stable	1	130	2026.8	4	torch-2.14.0+cu130
torch-eager	stable	1	131	2051.4	4	torch-2.14.0+cu130
torch-eager	stable	1	132	2034.9	4	torch-2.14.0+cu130
torch-eager	stable	1	133	2014.2	4	torch-2.14.0+cu130
torch-eager	stable	1	134	2174.9	4	torch-2.14.0+cu130
torch-eager	stable	1	135	2026.1	4	torch-2.14.0+cu130
torch-eager	stable	1	136	2076.6	4	torch-2.14.0+cu130
torch-eager	stable	1	137	2018.0	4	torch-2.14.0+cu130
torch-eager	stable	1	138	2024.7	4	torch-2.14.0+cu130
torch-eager	stable	1	139	2043.0	4	torch-2.14.0+cu130
torch-eager	stable	1	140	2013.4	4	torch-2.14.0+cu130
torch-eager	stable	1	141	2039.9	4	torch-2.14.0+cu130
torch-eager	stable	1	142	2018.9	4	torch-2.14.0+cu130
torch-eager	stable	1	143	2022.0	4	torch-2.14.0+cu130
torch-eager	stable	1	144	2023.5	4	torch-2.14.0+cu130
torch-eager	stable	1	145	2033.2	4	torch-2.14.0+cu130
torch-eager	stable	1	146	2021.1	4	torch-2.14.0+cu130
torch-eager	stable	1	147	2023.0	4	torch-2.14.0+cu130
torch-eager	stable	1	148	2015.8	4	torch-2.14.0+cu130
torch-eager	stable	1	149	2032.8	4	torch-2.14.0+cu130
torch-eager	stable	1	150	2011.1	4	torch-2.14.0+cu130
torch-eager	stable	1	151	2040.6	4	torch-2.14.0+cu130
torch-eager	stable	1	152	2085.0	4	torch-2.14.0+cu130
torch-eager	stable	1	153	2033.2	4	torch-2.14.0+cu130
torch-eager	stable	1	154	2070.0	4	torch-2.14.0+cu130
torch-eager	stable	1	155	2053.0	4	torch-2.14.0+cu130
torch-eager	stable	1	156	2019.6	4	torch-2.14.0+cu130
torch-eager	stable	1	157	2016.8	4	torch-2.14.0+cu130
torch-eager	stable	1	158	2007.2	4	torch-2.14.0+cu130
torch-eager	stable	1	159	2028.0	4	torch-2.14.0+cu130
torch-eager	stable	1	160	2020.6	4	torch-2.14.0+cu130
torch-eager	stable	1	161	1999.9	4	torch-2.14.0+cu130
torch-eager	stable	1	162	2031.6	4	torch-2.14.0+cu130
torch-eager	stable	1	163	2051.1	4	torch-2.14.0+cu130
torch-eager	stable	1	164	2040.9	4	torch-2.14.0+cu130
torch-eager	stable	1	165	2012.7	4	torch-2.14.0+cu130
torch-eager	stable	1	166	2054.0	4	torch-2.14.0+cu130
torch-eager	stable	1	167	2014.4	4	torch-2.14.0+cu130
torch-eager	stable	1	168	2025.6	4	torch-2.14.0+cu130
torch-eager	stable	1	169	2032.0	4	torch-2.14.0+cu130
torch-eager	stable	1	170	2013.0	4	torch-2.14.0+cu130
torch-eager	stable	1	171	2060.2	4	torch-2.14.0+cu130
torch-eager	stable	1	172	2055.2	4	torch-2.14.0+cu130
torch-eager	stable	1	173	2019.2	4	torch-2.14.0+cu130
torch-eager	stable	1	174	2034.7	4	torch-2.14.0+cu130
torch-eager	stable	1	175	2075.2	4	torch-2.14.0+cu130
torch-eager	stable	1	176	2015.6	4	torch-2.14.0+cu130
torch-eager	stable	1	177	2020.1	4	torch-2.14.0+cu130
torch-eager	stable	1	178	2023.5	4	torch-2.14.0+cu130
torch-eager	stable	1	179	2021.6	4	torch-2.14.0+cu130
torch-eager	stable	1	180	2062.3	4	torch-2.14.0+cu130
torch-eager	stable	1	181	2024.2	4	torch-2.14.0+cu130
torch-eager	stable	1	182	2019.9	4	torch-2.14.0+cu130
torch-eager	stable	1	183	2034.7	4	torch-2.14.0+cu130
torch-eager	stable	1	184	2022.3	4	torch-2.14.0+cu130
torch-eager	stable	1	185	2004.1	4	torch-2.14.0+cu130
torch-eager	stable	1	186	2006.3	4	torch-2.14.0+cu130
torch-eager	stable	1	187	2013.4	4	torch-2.14.0+cu130
torch-eager	stable	1	188	2033.7	4	torch-2.14.0+cu130
torch-eager	stable	1	189	2033.0	4	torch-2.14.0+cu130
torch-eager	stable	1	190	2007.0	4	torch-2.14.0+cu130
torch-eager	stable	1	191	2047.8	4	torch-2.14.0+cu130
torch-eager	stable	1	192	2016.8	4	torch-2.14.0+cu130
torch-eager	stable	1	193	2008.0	4	torch-2.14.0+cu130
torch-eager	stable	1	194	2019.9	4	torch-2.14.0+cu130
torch-eager	stable	1	195	2021.6	4	torch-2.14.0+cu130
torch-eager	stable	1	196	2017.3	4	torch-2.14.0+cu130
torch-eager	stable	1	197	2021.1	4	torch-2.14.0+cu130
torch-eager	stable	1	198	2043.0	4	torch-2.14.0+cu130
torch-eager	stable	1	199	2039.4	4	torch-2.14.0+cu130
torch-compile	stable	1	0	783014.5	4	torch-2.14.0+cu130
torch-compile	stable	1	1	1827.7	4	torch-2.14.0+cu130
torch-compile	stable	1	2	1550.0	4	torch-2.14.0+cu130
torch-compile	stable	1	3	1494.4	4	torch-2.14.0+cu130
torch-compile	stable	1	4	1501.1	4	torch-2.14.0+cu130
torch-compile	stable	1	5	1494.4	4	torch-2.14.0+cu130
torch-compile	stable	1	6	1512.1	4	torch-2.14.0+cu130
torch-compile	stable	1	7	1489.2	4	torch-2.14.0+cu130
torch-compile	stable	1	8	1485.6	4	torch-2.14.0+cu130
torch-compile	stable	1	9	1495.1	4	torch-2.14.0+cu130
torch-compile	stable	1	10	1504.7	4	torch-2.14.0+cu130
torch-compile	stable	1	11	1513.7	4	torch-2.14.0+cu130
torch-compile	stable	1	12	1480.8	4	torch-2.14.0+cu130
torch-compile	stable	1	13	1501.6	4	torch-2.14.0+cu130
torch-compile	stable	1	14	1531.4	4	torch-2.14.0+cu130
torch-compile	stable	1	15	1545.2	4	torch-2.14.0+cu130
torch-compile	stable	1	16	1491.3	4	torch-2.14.0+cu130
torch-compile	stable	1	17	1492.5	4	torch-2.14.0+cu130
torch-compile	stable	1	18	1495.4	4	torch-2.14.0+cu130
torch-compile	stable	1	19	1502.8	4	torch-2.14.0+cu130
torch-compile	stable	1	20	1478.2	4	torch-2.14.0+cu130
torch-compile	stable	1	21	1495.1	4	torch-2.14.0+cu130
torch-compile	stable	1	22	1505.1	4	torch-2.14.0+cu130
torch-compile	stable	1	23	1495.4	4	torch-2.14.0+cu130
torch-compile	stable	1	24	1487.5	4	torch-2.14.0+cu130
torch-compile	stable	1	25	1481.8	4	torch-2.14.0+cu130
torch-compile	stable	1	26	1501.3	4	torch-2.14.0+cu130
torch-compile	stable	1	27	1478.2	4	torch-2.14.0+cu130
torch-compile	stable	1	28	1510.4	4	torch-2.14.0+cu130
torch-compile	stable	1	29	1506.3	4	torch-2.14.0+cu130
torch-compile	stable	1	30	1493.0	4	torch-2.14.0+cu130
torch-compile	stable	1	31	1491.3	4	torch-2.14.0+cu130
torch-compile	stable	1	32	1471.5	4	torch-2.14.0+cu130
torch-compile	stable	1	33	1485.6	4	torch-2.14.0+cu130
torch-compile	stable	1	34	1483.0	4	torch-2.14.0+cu130
torch-compile	stable	1	35	1532.8	4	torch-2.14.0+cu130
torch-compile	stable	1	36	1467.7	4	torch-2.14.0+cu130
torch-compile	stable	1	37	1471.3	4	torch-2.14.0+cu130
torch-compile	stable	1	38	1478.0	4	torch-2.14.0+cu130
torch-compile	stable	1	39	1498.2	4	torch-2.14.0+cu130
torch-compile	stable	1	40	1482.5	4	torch-2.14.0+cu130
torch-compile	stable	1	41	1509.2	4	torch-2.14.0+cu130
torch-compile	stable	1	42	1475.3	4	torch-2.14.0+cu130
torch-compile	stable	1	43	1469.4	4	torch-2.14.0+cu130
torch-compile	stable	1	44	1494.4	4	torch-2.14.0+cu130
torch-compile	stable	1	45	1489.6	4	torch-2.14.0+cu130
torch-compile	stable	1	46	1485.3	4	torch-2.14.0+cu130
torch-compile	stable	1	47	1495.6	4	torch-2.14.0+cu130
torch-compile	stable	1	48	1501.8	4	torch-2.14.0+cu130
torch-compile	stable	1	49	1489.2	4	torch-2.14.0+cu130
torch-compile	stable	1	50	1484.4	4	torch-2.14.0+cu130
torch-compile	stable	1	51	1499.9	4	torch-2.14.0+cu130
torch-compile	stable	1	52	1512.8	4	torch-2.14.0+cu130
torch-compile	stable	1	53	1498.9	4	torch-2.14.0+cu130
torch-compile	stable	1	54	1478.4	4	torch-2.14.0+cu130
torch-compile	stable	1	55	1504.4	4	torch-2.14.0+cu130
torch-compile	stable	1	56	1481.5	4	torch-2.14.0+cu130
torch-compile	stable	1	57	1505.6	4	torch-2.14.0+cu130
torch-compile	stable	1	58	1482.7	4	torch-2.14.0+cu130
torch-compile	stable	1	59	1514.2	4	torch-2.14.0+cu130
torch-compile	stable	1	60	1482.0	4	torch-2.14.0+cu130
torch-compile	stable	1	61	1482.5	4	torch-2.14.0+cu130
torch-compile	stable	1	62	1477.7	4	torch-2.14.0+cu130
torch-compile	stable	1	63	1475.6	4	torch-2.14.0+cu130
torch-compile	stable	1	64	1479.1	4	torch-2.14.0+cu130
torch-compile	stable	1	65	1473.2	4	torch-2.14.0+cu130
torch-compile	stable	1	66	1485.8	4	torch-2.14.0+cu130
torch-compile	stable	1	67	1491.1	4	torch-2.14.0+cu130
torch-compile	stable	1	68	1453.6	4	torch-2.14.0+cu130
torch-compile	stable	1	69	1476.8	4	torch-2.14.0+cu130
torch-compile	stable	1	70	1490.4	4	torch-2.14.0+cu130
torch-compile	stable	1	71	1466.0	4	torch-2.14.0+cu130
torch-compile	stable	1	72	1526.4	4	torch-2.14.0+cu130
torch-compile	stable	1	73	1499.4	4	torch-2.14.0+cu130
torch-compile	stable	1	74	1528.3	4	torch-2.14.0+cu130
torch-compile	stable	1	75	1492.3	4	torch-2.14.0+cu130
torch-compile	stable	1	76	1469.1	4	torch-2.14.0+cu130
torch-compile	stable	1	77	1496.8	4	torch-2.14.0+cu130
torch-compile	stable	1	78	1514.7	4	torch-2.14.0+cu130
torch-compile	stable	1	79	1481.5	4	torch-2.14.0+cu130
torch-compile	stable	1	80	1478.4	4	torch-2.14.0+cu130
torch-compile	stable	1	81	1485.6	4	torch-2.14.0+cu130
torch-compile	stable	1	82	1483.9	4	torch-2.14.0+cu130
torch-compile	stable	1	83	1479.6	4	torch-2.14.0+cu130
torch-compile	stable	1	84	1507.0	4	torch-2.14.0+cu130
torch-compile	stable	1	85	1498.9	4	torch-2.14.0+cu130
torch-compile	stable	1	86	1534.0	4	torch-2.14.0+cu130
torch-compile	stable	1	87	1506.3	4	torch-2.14.0+cu130
torch-compile	stable	1	88	1480.3	4	torch-2.14.0+cu130
torch-compile	stable	1	89	1505.1	4	torch-2.14.0+cu130
torch-compile	stable	1	90	1477.2	4	torch-2.14.0+cu130
torch-compile	stable	1	91	1469.4	4	torch-2.14.0+cu130
torch-compile	stable	1	92	1501.8	4	torch-2.14.0+cu130
torch-compile	stable	1	93	1508.5	4	torch-2.14.0+cu130
torch-compile	stable	1	94	1487.0	4	torch-2.14.0+cu130
torch-compile	stable	1	95	1461.0	4	torch-2.14.0+cu130
torch-compile	stable	1	96	1478.4	4	torch-2.14.0+cu130
torch-compile	stable	1	97	1498.9	4	torch-2.14.0+cu130
torch-compile	stable	1	98	1466.0	4	torch-2.14.0+cu130
torch-compile	stable	1	99	1475.6	4	torch-2.14.0+cu130
torch-compile	stable	1	100	1490.1	4	torch-2.14.0+cu130
torch-compile	stable	1	101	1495.6	4	torch-2.14.0+cu130
torch-compile	stable	1	102	1464.8	4	torch-2.14.0+cu130
torch-compile	stable	1	103	1491.8	4	torch-2.14.0+cu130
torch-compile	stable	1	104	1513.2	4	torch-2.14.0+cu130
torch-compile	stable	1	105	1519.2	4	torch-2.14.0+cu130
torch-compile	stable	1	106	1486.8	4	torch-2.14.0+cu130
torch-compile	stable	1	107	1466.0	4	torch-2.14.0+cu130
torch-compile	stable	1	108	1463.9	4	torch-2.14.0+cu130
torch-compile	stable	1	109	1473.4	4	torch-2.14.0+cu130
torch-compile	stable	1	110	1494.4	4	torch-2.14.0+cu130
torch-compile	stable	1	111	1470.3	4	torch-2.14.0+cu130
torch-compile	stable	1	112	1497.5	4	torch-2.14.0+cu130
torch-compile	stable	1	113	1484.6	4	torch-2.14.0+cu130
torch-compile	stable	1	114	1496.1	4	torch-2.14.0+cu130
torch-compile	stable	1	115	1470.8	4	torch-2.14.0+cu130
torch-compile	stable	1	116	1501.6	4	torch-2.14.0+cu130
torch-compile	stable	1	117	1486.8	4	torch-2.14.0+cu130
torch-compile	stable	1	118	1477.7	4	torch-2.14.0+cu130
torch-compile	stable	1	119	1479.1	4	torch-2.14.0+cu130
torch-compile	stable	1	120	1491.1	4	torch-2.14.0+cu130
torch-compile	stable	1	121	1487.7	4	torch-2.14.0+cu130
torch-compile	stable	1	122	1498.7	4	torch-2.14.0+cu130
torch-compile	stable	1	123	1466.0	4	torch-2.14.0+cu130
torch-compile	stable	1	124	1467.0	4	torch-2.14.0+cu130
torch-compile	stable	1	125	1461.0	4	torch-2.14.0+cu130
torch-compile	stable	1	126	1463.9	4	torch-2.14.0+cu130
torch-compile	stable	1	127	1497.3	4	torch-2.14.0+cu130
torch-compile	stable	1	128	1477.7	4	torch-2.14.0+cu130
torch-compile	stable	1	129	1484.2	4	torch-2.14.0+cu130
torch-compile	stable	1	130	1481.5	4	torch-2.14.0+cu130
torch-compile	stable	1	131	1487.3	4	torch-2.14.0+cu130
torch-compile	stable	1	132	1485.6	4	torch-2.14.0+cu130
torch-compile	stable	1	133	1456.7	4	torch-2.14.0+cu130
torch-compile	stable	1	134	1467.2	4	torch-2.14.0+cu130
torch-compile	stable	1	135	1464.4	4	torch-2.14.0+cu130
torch-compile	stable	1	136	1462.9	4	torch-2.14.0+cu130
torch-compile	stable	1	137	1440.8	4	torch-2.14.0+cu130
torch-compile	stable	1	138	1473.2	4	torch-2.14.0+cu130
torch-compile	stable	1	139	1459.4	4	torch-2.14.0+cu130
torch-compile	stable	1	140	1470.1	4	torch-2.14.0+cu130
torch-compile	stable	1	141	1493.7	4	torch-2.14.0+cu130
torch-compile	stable	1	142	1465.1	4	torch-2.14.0+cu130
torch-compile	stable	1	143	1464.6	4	torch-2.14.0+cu130
torch-compile	stable	1	144	1467.9	4	torch-2.14.0+cu130
torch-compile	stable	1	145	1469.1	4	torch-2.14.0+cu130
torch-compile	stable	1	146	1446.7	4	torch-2.14.0+cu130
torch-compile	stable	1	147	1474.9	4	torch-2.14.0+cu130
torch-compile	stable	1	148	1473.7	4	torch-2.14.0+cu130
torch-compile	stable	1	149	1462.9	4	torch-2.14.0+cu130
torch-compile	stable	1	150	1450.8	4	torch-2.14.0+cu130
torch-compile	stable	1	151	1507.3	4	torch-2.14.0+cu130
torch-compile	stable	1	152	1461.3	4	torch-2.14.0+cu130
torch-compile	stable	1	153	1463.2	4	torch-2.14.0+cu130
torch-compile	stable	1	154	1466.5	4	torch-2.14.0+cu130
torch-compile	stable	1	155	1462.9	4	torch-2.14.0+cu130
torch-compile	stable	1	156	1475.3	4	torch-2.14.0+cu130
torch-compile	stable	1	157	1472.5	4	torch-2.14.0+cu130
torch-compile	stable	1	158	1462.2	4	torch-2.14.0+cu130
torch-compile	stable	1	159	1500.4	4	torch-2.14.0+cu130
torch-compile	stable	1	160	1504.7	4	torch-2.14.0+cu130
torch-compile	stable	1	161	1445.5	4	torch-2.14.0+cu130
torch-compile	stable	1	162	1485.3	4	torch-2.14.0+cu130
torch-compile	stable	1	163	1522.5	4	torch-2.14.0+cu130
torch-compile	stable	1	164	1485.8	4	torch-2.14.0+cu130
torch-compile	stable	1	165	1481.5	4	torch-2.14.0+cu130
torch-compile	stable	1	166	1473.9	4	torch-2.14.0+cu130
torch-compile	stable	1	167	1478.0	4	torch-2.14.0+cu130
torch-compile	stable	1	168	1477.7	4	torch-2.14.0+cu130
torch-compile	stable	1	169	1462.9	4	torch-2.14.0+cu130
torch-compile	stable	1	170	1485.3	4	torch-2.14.0+cu130
torch-compile	stable	1	171	1502.8	4	torch-2.14.0+cu130
torch-compile	stable	1	172	1484.6	4	torch-2.14.0+cu130
torch-compile	stable	1	173	1490.4	4	torch-2.14.0+cu130
torch-compile	stable	1	174	1525.9	4	torch-2.14.0+cu130
torch-compile	stable	1	175	1472.5	4	torch-2.14.0+cu130
torch-compile	stable	1	176	1495.6	4	torch-2.14.0+cu130
torch-compile	stable	1	177	1501.3	4	torch-2.14.0+cu130
torch-compile	stable	1	178	1464.6	4	torch-2.14.0+cu130
torch-compile	stable	1	179	1454.1	4	torch-2.14.0+cu130
torch-compile	stable	1	180	1477.0	4	torch-2.14.0+cu130
torch-compile	stable	1	181	1486.8	4	torch-2.14.0+cu130
torch-compile	stable	1	182	1455.8	4	torch-2.14.0+cu130
torch-compile	stable	1	183	1471.8	4	torch-2.14.0+cu130
torch-compile	stable	1	184	1483.9	4	torch-2.14.0+cu130
torch-compile	stable	1	185	1455.3	4	torch-2.14.0+cu130
torch-compile	stable	1	186	1491.5	4	torch-2.14.0+cu130
torch-compile	stable	1	187	1469.1	4	torch-2.14.0+cu130
torch-compile	stable	1	188	1448.9	4	torch-2.14.0+cu130
torch-compile	stable	1	189	1486.8	4	torch-2.14.0+cu130
torch-compile	stable	1	190	1512.8	4	torch-2.14.0+cu130
torch-compile	stable	1	191	1489.2	4	torch-2.14.0+cu130
torch-compile	stable	1	192	1475.8	4	torch-2.14.0+cu130
torch-compile	stable	1	193	1472.2	4	torch-2.14.0+cu130
torch-compile	stable	1	194	1480.8	4	torch-2.14.0+cu130
torch-compile	stable	1	195	1480.1	4	torch-2.14.0+cu130
torch-compile	stable	1	196	1462.0	4	torch-2.14.0+cu130
torch-compile	stable	1	197	1463.2	4	torch-2.14.0+cu130
torch-compile	stable	1	198	1482.0	4	torch-2.14.0+cu130
torch-compile	stable	1	199	1459.1	4	torch-2.14.0+cu130
torch-compile-ro	stable	1	0	733632.3	4	torch-2.14.0+cu130
torch-compile-ro	stable	1	1	40207.9	4	torch-2.14.0+cu130
torch-compile-ro	stable	1	2	1569.5	4	torch-2.14.0+cu130
torch-compile-ro	stable	1	3	1431.5	4	torch-2.14.0+cu130
torch-compile-ro	stable	1	4	1411.0	4	torch-2.14.0+cu130
torch-compile-ro	stable	1	5	1371.1	4	torch-2.14.0+cu130
torch-compile-ro	stable	1	6	1391.9	4	torch-2.14.0+cu130
torch-compile-ro	stable	1	7	1376.4	4	torch-2.14.0+cu130
torch-compile-ro	stable	1	8	1352.1	4	torch-2.14.0+cu130
torch-compile-ro	stable	1	9	1366.1	4	torch-2.14.0+cu130
torch-compile-ro	stable	1	10	1404.3	4	torch-2.14.0+cu130
torch-compile-ro	stable	1	11	1376.9	4	torch-2.14.0+cu130
torch-compile-ro	stable	1	12	1415.0	4	torch-2.14.0+cu130
torch-compile-ro	stable	1	13	1393.8	4	torch-2.14.0+cu130
torch-compile-ro	stable	1	14	1389.0	4	torch-2.14.0+cu130
torch-compile-ro	stable	1	15	1395.5	4	torch-2.14.0+cu130
torch-compile-ro	stable	1	16	1401.7	4	torch-2.14.0+cu130
torch-compile-ro	stable	1	17	1390.2	4	torch-2.14.0+cu130
torch-compile-ro	stable	1	18	1403.1	4	torch-2.14.0+cu130
torch-compile-ro	stable	1	19	1380.0	4	torch-2.14.0+cu130
torch-compile-ro	stable	1	20	1366.4	4	torch-2.14.0+cu130
torch-compile-ro	stable	1	21	1369.0	4	torch-2.14.0+cu130
torch-compile-ro	stable	1	22	1394.3	4	torch-2.14.0+cu130
torch-compile-ro	stable	1	23	1375.7	4	torch-2.14.0+cu130
torch-compile-ro	stable	1	24	1364.5	4	torch-2.14.0+cu130
torch-compile-ro	stable	1	25	1369.0	4	torch-2.14.0+cu130
torch-compile-ro	stable	1	26	1355.9	4	torch-2.14.0+cu130
torch-compile-ro	stable	1	27	1355.9	4	torch-2.14.0+cu130
torch-compile-ro	stable	1	28	1344.9	4	torch-2.14.0+cu130
torch-compile-ro	stable	1	29	1367.8	4	torch-2.14.0+cu130
torch-compile-ro	stable	1	30	1364.2	4	torch-2.14.0+cu130
torch-compile-ro	stable	1	31	1380.9	4	torch-2.14.0+cu130
torch-compile-ro	stable	1	32	1366.1	4	torch-2.14.0+cu130
torch-compile-ro	stable	1	33	1343.0	4	torch-2.14.0+cu130
torch-compile-ro	stable	1	34	1349.9	4	torch-2.14.0+cu130
torch-compile-ro	stable	1	35	1365.4	4	torch-2.14.0+cu130
torch-compile-ro	stable	1	36	1429.3	4	torch-2.14.0+cu130
torch-compile-ro	stable	1	37	1404.8	4	torch-2.14.0+cu130
torch-compile-ro	stable	1	38	1380.4	4	torch-2.14.0+cu130
torch-compile-ro	stable	1	39	1370.9	4	torch-2.14.0+cu130
torch-compile-ro	stable	1	40	1394.0	4	torch-2.14.0+cu130
torch-compile-ro	stable	1	41	1374.0	4	torch-2.14.0+cu130
torch-compile-ro	stable	1	42	1359.0	4	torch-2.14.0+cu130
torch-compile-ro	stable	1	43	1367.6	4	torch-2.14.0+cu130
torch-compile-ro	stable	1	44	1357.8	4	torch-2.14.0+cu130
torch-compile-ro	stable	1	45	1384.0	4	torch-2.14.0+cu130
torch-compile-ro	stable	1	46	1385.5	4	torch-2.14.0+cu130
torch-compile-ro	stable	1	47	1354.2	4	torch-2.14.0+cu130
torch-compile-ro	stable	1	48	1364.2	4	torch-2.14.0+cu130
torch-compile-ro	stable	1	49	1354.2	4	torch-2.14.0+cu130
torch-compile-ro	stable	1	50	1405.7	4	torch-2.14.0+cu130
torch-compile-ro	stable	1	51	1353.5	4	torch-2.14.0+cu130
torch-compile-ro	stable	1	52	1369.5	4	torch-2.14.0+cu130
torch-compile-ro	stable	1	53	1362.8	4	torch-2.14.0+cu130
torch-compile-ro	stable	1	54	1366.1	4	torch-2.14.0+cu130
torch-compile-ro	stable	1	55	1374.0	4	torch-2.14.0+cu130
torch-compile-ro	stable	1	56	1370.2	4	torch-2.14.0+cu130
torch-compile-ro	stable	1	57	1373.5	4	torch-2.14.0+cu130
torch-compile-ro	stable	1	58	1379.7	4	torch-2.14.0+cu130
torch-compile-ro	stable	1	59	1373.1	4	torch-2.14.0+cu130
torch-compile-ro	stable	1	60	1379.7	4	torch-2.14.0+cu130
torch-compile-ro	stable	1	61	1354.7	4	torch-2.14.0+cu130
torch-compile-ro	stable	1	62	1363.8	4	torch-2.14.0+cu130
torch-compile-ro	stable	1	63	1370.9	4	torch-2.14.0+cu130
torch-compile-ro	stable	1	64	1367.6	4	torch-2.14.0+cu130
torch-compile-ro	stable	1	65	1411.2	4	torch-2.14.0+cu130
torch-compile-ro	stable	1	66	1430.3	4	torch-2.14.0+cu130
torch-compile-ro	stable	1	67	1361.6	4	torch-2.14.0+cu130
torch-compile-ro	stable	1	68	1372.8	4	torch-2.14.0+cu130
torch-compile-ro	stable	1	69	1361.1	4	torch-2.14.0+cu130
torch-compile-ro	stable	1	70	1352.3	4	torch-2.14.0+cu130
torch-compile-ro	stable	1	71	1350.9	4	torch-2.14.0+cu130
torch-compile-ro	stable	1	72	1373.1	4	torch-2.14.0+cu130
torch-compile-ro	stable	1	73	1358.7	4	torch-2.14.0+cu130
torch-compile-ro	stable	1	74	1392.6	4	torch-2.14.0+cu130
torch-compile-ro	stable	1	75	1359.5	4	torch-2.14.0+cu130
torch-compile-ro	stable	1	76	1388.8	4	torch-2.14.0+cu130
torch-compile-ro	stable	1	77	1353.7	4	torch-2.14.0+cu130
torch-compile-ro	stable	1	78	1370.9	4	torch-2.14.0+cu130
torch-compile-ro	stable	1	79	1362.8	4	torch-2.14.0+cu130
torch-compile-ro	stable	1	80	1370.4	4	torch-2.14.0+cu130
torch-compile-ro	stable	1	81	1351.6	4	torch-2.14.0+cu130
torch-compile-ro	stable	1	82	1365.9	4	torch-2.14.0+cu130
torch-compile-ro	stable	1	83	1374.5	4	torch-2.14.0+cu130
torch-compile-ro	stable	1	84	1354.2	4	torch-2.14.0+cu130
torch-compile-ro	stable	1	85	1373.5	4	torch-2.14.0+cu130
torch-compile-ro	stable	1	86	1367.6	4	torch-2.14.0+cu130
torch-compile-ro	stable	1	87	1361.8	4	torch-2.14.0+cu130
torch-compile-ro	stable	1	88	1370.2	4	torch-2.14.0+cu130
torch-compile-ro	stable	1	89	1370.9	4	torch-2.14.0+cu130
torch-compile-ro	stable	1	90	1415.5	4	torch-2.14.0+cu130
torch-compile-ro	stable	1	91	1371.6	4	torch-2.14.0+cu130
torch-compile-ro	stable	1	92	1343.3	4	torch-2.14.0+cu130
torch-compile-ro	stable	1	93	1354.0	4	torch-2.14.0+cu130
torch-compile-ro	stable	1	94	1366.6	4	torch-2.14.0+cu130
torch-compile-ro	stable	1	95	1368.3	4	torch-2.14.0+cu130
torch-compile-ro	stable	1	96	1361.1	4	torch-2.14.0+cu130
torch-compile-ro	stable	1	97	1362.6	4	torch-2.14.0+cu130
torch-compile-ro	stable	1	98	1368.5	4	torch-2.14.0+cu130
torch-compile-ro	stable	1	99	1352.3	4	torch-2.14.0+cu130
torch-compile-ro	stable	1	100	1369.2	4	torch-2.14.0+cu130
torch-compile-ro	stable	1	101	1368.3	4	torch-2.14.0+cu130
torch-compile-ro	stable	1	102	1357.8	4	torch-2.14.0+cu130
torch-compile-ro	stable	1	103	1347.8	4	torch-2.14.0+cu130
torch-compile-ro	stable	1	104	1378.3	4	torch-2.14.0+cu130
torch-compile-ro	stable	1	105	1365.9	4	torch-2.14.0+cu130
torch-compile-ro	stable	1	106	1380.7	4	torch-2.14.0+cu130
torch-compile-ro	stable	1	107	1369.2	4	torch-2.14.0+cu130
torch-compile-ro	stable	1	108	1374.5	4	torch-2.14.0+cu130
torch-compile-ro	stable	1	109	1393.6	4	torch-2.14.0+cu130
torch-compile-ro	stable	1	110	1362.3	4	torch-2.14.0+cu130
torch-compile-ro	stable	1	111	1364.2	4	torch-2.14.0+cu130
torch-compile-ro	stable	1	112	1354.0	4	torch-2.14.0+cu130
torch-compile-ro	stable	1	113	1342.3	4	torch-2.14.0+cu130
torch-compile-ro	stable	1	114	1352.1	4	torch-2.14.0+cu130
torch-compile-ro	stable	1	115	1364.2	4	torch-2.14.0+cu130
torch-compile-ro	stable	1	116	1343.0	4	torch-2.14.0+cu130
torch-compile-ro	stable	1	117	1331.3	4	torch-2.14.0+cu130
torch-compile-ro	stable	1	118	1333.0	4	torch-2.14.0+cu130
torch-compile-ro	stable	1	119	1363.3	4	torch-2.14.0+cu130
torch-compile-ro	stable	1	120	1325.1	4	torch-2.14.0+cu130
torch-compile-ro	stable	1	121	1314.2	4	torch-2.14.0+cu130
torch-compile-ro	stable	1	122	1359.5	4	torch-2.14.0+cu130
torch-compile-ro	stable	1	123	1322.7	4	torch-2.14.0+cu130
torch-compile-ro	stable	1	124	1336.6	4	torch-2.14.0+cu130
torch-compile-ro	stable	1	125	1318.5	4	torch-2.14.0+cu130
torch-compile-ro	stable	1	126	1301.1	4	torch-2.14.0+cu130
torch-compile-ro	stable	1	127	1318.9	4	torch-2.14.0+cu130
torch-compile-ro	stable	1	128	1323.0	4	torch-2.14.0+cu130
torch-compile-ro	stable	1	129	1327.3	4	torch-2.14.0+cu130
torch-compile-ro	stable	1	130	1320.4	4	torch-2.14.0+cu130
torch-compile-ro	stable	1	131	1323.2	4	torch-2.14.0+cu130
torch-compile-ro	stable	1	132	1292.5	4	torch-2.14.0+cu130
torch-compile-ro	stable	1	133	1315.1	4	torch-2.14.0+cu130
torch-compile-ro	stable	1	134	1322.7	4	torch-2.14.0+cu130
torch-compile-ro	stable	1	135	1321.1	4	torch-2.14.0+cu130
torch-compile-ro	stable	1	136	1324.2	4	torch-2.14.0+cu130
torch-compile-ro	stable	1	137	1322.3	4	torch-2.14.0+cu130
torch-compile-ro	stable	1	138	1315.1	4	torch-2.14.0+cu130
torch-compile-ro	stable	1	139	1339.4	4	torch-2.14.0+cu130
torch-compile-ro	stable	1	140	1340.2	4	torch-2.14.0+cu130
torch-compile-ro	stable	1	141	1314.9	4	torch-2.14.0+cu130
torch-compile-ro	stable	1	142	1313.2	4	torch-2.14.0+cu130
torch-compile-ro	stable	1	143	1312.7	4	torch-2.14.0+cu130
torch-compile-ro	stable	1	144	1307.0	4	torch-2.14.0+cu130
torch-compile-ro	stable	1	145	1308.2	4	torch-2.14.0+cu130
torch-compile-ro	stable	1	146	1303.0	4	torch-2.14.0+cu130
torch-compile-ro	stable	1	147	1339.7	4	torch-2.14.0+cu130
torch-compile-ro	stable	1	148	1326.3	4	torch-2.14.0+cu130
torch-compile-ro	stable	1	149	1344.7	4	torch-2.14.0+cu130
torch-compile-ro	stable	1	150	1296.0	4	torch-2.14.0+cu130
torch-compile-ro	stable	1	151	1336.3	4	torch-2.14.0+cu130
torch-compile-ro	stable	1	152	1340.2	4	torch-2.14.0+cu130
torch-compile-ro	stable	1	153	1322.5	4	torch-2.14.0+cu130
torch-compile-ro	stable	1	154	1332.8	4	torch-2.14.0+cu130
torch-compile-ro	stable	1	155	1326.6	4	torch-2.14.0+cu130
torch-compile-ro	stable	1	156	1317.7	4	torch-2.14.0+cu130
torch-compile-ro	stable	1	157	1329.4	4	torch-2.14.0+cu130
torch-compile-ro	stable	1	158	1326.1	4	torch-2.14.0+cu130
torch-compile-ro	stable	1	159	1316.1	4	torch-2.14.0+cu130
torch-compile-ro	stable	1	160	1319.9	4	torch-2.14.0+cu130
torch-compile-ro	stable	1	161	1315.6	4	torch-2.14.0+cu130
torch-compile-ro	stable	1	162	1338.0	4	torch-2.14.0+cu130
torch-compile-ro	stable	1	163	1315.4	4	torch-2.14.0+cu130
torch-compile-ro	stable	1	164	1308.0	4	torch-2.14.0+cu130
torch-compile-ro	stable	1	165	1354.2	4	torch-2.14.0+cu130
torch-compile-ro	stable	1	166	1324.2	4	torch-2.14.0+cu130
torch-compile-ro	stable	1	167	1300.8	4	torch-2.14.0+cu130
torch-compile-ro	stable	1	168	1335.4	4	torch-2.14.0+cu130
torch-compile-ro	stable	1	169	1323.9	4	torch-2.14.0+cu130
torch-compile-ro	stable	1	170	1328.2	4	torch-2.14.0+cu130
torch-compile-ro	stable	1	171	1325.6	4	torch-2.14.0+cu130
torch-compile-ro	stable	1	172	1304.4	4	torch-2.14.0+cu130
torch-compile-ro	stable	1	173	1337.1	4	torch-2.14.0+cu130
torch-compile-ro	stable	1	174	1317.5	4	torch-2.14.0+cu130
torch-compile-ro	stable	1	175	1336.6	4	torch-2.14.0+cu130
torch-compile-ro	stable	1	176	1311.8	4	torch-2.14.0+cu130
torch-compile-ro	stable	1	177	1319.9	4	torch-2.14.0+cu130
torch-compile-ro	stable	1	178	1320.8	4	torch-2.14.0+cu130
torch-compile-ro	stable	1	179	1371.6	4	torch-2.14.0+cu130
torch-compile-ro	stable	1	180	1339.2	4	torch-2.14.0+cu130
torch-compile-ro	stable	1	181	1328.5	4	torch-2.14.0+cu130
torch-compile-ro	stable	1	182	1352.3	4	torch-2.14.0+cu130
torch-compile-ro	stable	1	183	1333.7	4	torch-2.14.0+cu130
torch-compile-ro	stable	1	184	1327.0	4	torch-2.14.0+cu130
torch-compile-ro	stable	1	185	1325.8	4	torch-2.14.0+cu130
torch-compile-ro	stable	1	186	1322.0	4	torch-2.14.0+cu130
torch-compile-ro	stable	1	187	1325.8	4	torch-2.14.0+cu130
torch-compile-ro	stable	1	188	1320.1	4	torch-2.14.0+cu130
torch-compile-ro	stable	1	189	1337.1	4	torch-2.14.0+cu130
torch-compile-ro	stable	1	190	1323.9	4	torch-2.14.0+cu130
torch-compile-ro	stable	1	191	1319.4	4	torch-2.14.0+cu130
torch-compile-ro	stable	1	192	1336.8	4	torch-2.14.0+cu130
torch-compile-ro	stable	1	193	1326.8	4	torch-2.14.0+cu130
torch-compile-ro	stable	1	194	1326.1	4	torch-2.14.0+cu130
torch-compile-ro	stable	1	195	1329.2	4	torch-2.14.0+cu130
torch-compile-ro	stable	1	196	1316.5	4	torch-2.14.0+cu130
torch-compile-ro	stable	1	197	1322.7	4	torch-2.14.0+cu130
torch-compile-ro	stable	1	198	1344.7	4	torch-2.14.0+cu130
torch-compile-ro	stable	1	199	1325.8	4	torch-2.14.0+cu130
torch-compile-mat	stable	1	0	804916.9	4	torch-2.14.0+cu130
torch-compile-mat	stable	1	1	45270.0	4	torch-2.14.0+cu130
torch-compile-mat	stable	1	2	1529.5	4	torch-2.14.0+cu130
torch-compile-mat	stable	1	3	1399.0	4	torch-2.14.0+cu130
torch-compile-mat	stable	1	4	1413.8	4	torch-2.14.0+cu130
torch-compile-mat	stable	1	5	1399.3	4	torch-2.14.0+cu130
torch-compile-mat	stable	1	6	1377.1	4	torch-2.14.0+cu130
torch-compile-mat	stable	1	7	1402.6	4	torch-2.14.0+cu130
torch-compile-mat	stable	1	8	1385.5	4	torch-2.14.0+cu130
torch-compile-mat	stable	1	9	1385.7	4	torch-2.14.0+cu130
torch-compile-mat	stable	1	10	1402.4	4	torch-2.14.0+cu130
torch-compile-mat	stable	1	11	1371.9	4	torch-2.14.0+cu130
torch-compile-mat	stable	1	12	1441.7	4	torch-2.14.0+cu130
torch-compile-mat	stable	1	13	1383.1	4	torch-2.14.0+cu130
torch-compile-mat	stable	1	14	1363.0	4	torch-2.14.0+cu130
torch-compile-mat	stable	1	15	1358.0	4	torch-2.14.0+cu130
torch-compile-mat	stable	1	16	1350.6	4	torch-2.14.0+cu130
torch-compile-mat	stable	1	17	1371.9	4	torch-2.14.0+cu130
torch-compile-mat	stable	1	18	1377.1	4	torch-2.14.0+cu130
torch-compile-mat	stable	1	19	1407.9	4	torch-2.14.0+cu130
torch-compile-mat	stable	1	20	1369.0	4	torch-2.14.0+cu130
torch-compile-mat	stable	1	21	1385.7	4	torch-2.14.0+cu130
torch-compile-mat	stable	1	22	1360.2	4	torch-2.14.0+cu130
torch-compile-mat	stable	1	23	1356.8	4	torch-2.14.0+cu130
torch-compile-mat	stable	1	24	1375.4	4	torch-2.14.0+cu130
torch-compile-mat	stable	1	25	1375.2	4	torch-2.14.0+cu130
torch-compile-mat	stable	1	26	1359.5	4	torch-2.14.0+cu130
torch-compile-mat	stable	1	27	1368.5	4	torch-2.14.0+cu130
torch-compile-mat	stable	1	28	1377.1	4	torch-2.14.0+cu130
torch-compile-mat	stable	1	29	1374.0	4	torch-2.14.0+cu130
torch-compile-mat	stable	1	30	1395.2	4	torch-2.14.0+cu130
torch-compile-mat	stable	1	31	1356.8	4	torch-2.14.0+cu130
torch-compile-mat	stable	1	32	1351.6	4	torch-2.14.0+cu130
torch-compile-mat	stable	1	33	1359.9	4	torch-2.14.0+cu130
torch-compile-mat	stable	1	34	1367.8	4	torch-2.14.0+cu130
torch-compile-mat	stable	1	35	1397.1	4	torch-2.14.0+cu130
torch-compile-mat	stable	1	36	1355.4	4	torch-2.14.0+cu130
torch-compile-mat	stable	1	37	1385.7	4	torch-2.14.0+cu130
torch-compile-mat	stable	1	38	1357.3	4	torch-2.14.0+cu130
torch-compile-mat	stable	1	39	1353.5	4	torch-2.14.0+cu130
torch-compile-mat	stable	1	40	1368.3	4	torch-2.14.0+cu130
torch-compile-mat	stable	1	41	1356.1	4	torch-2.14.0+cu130
torch-compile-mat	stable	1	42	1375.7	4	torch-2.14.0+cu130
torch-compile-mat	stable	1	43	1354.9	4	torch-2.14.0+cu130
torch-compile-mat	stable	1	44	1380.9	4	torch-2.14.0+cu130
torch-compile-mat	stable	1	45	1377.8	4	torch-2.14.0+cu130
torch-compile-mat	stable	1	46	1385.9	4	torch-2.14.0+cu130
torch-compile-mat	stable	1	47	1418.1	4	torch-2.14.0+cu130
torch-compile-mat	stable	1	48	1378.5	4	torch-2.14.0+cu130
torch-compile-mat	stable	1	49	1351.4	4	torch-2.14.0+cu130
torch-compile-mat	stable	1	50	1345.4	4	torch-2.14.0+cu130
torch-compile-mat	stable	1	51	1353.3	4	torch-2.14.0+cu130
torch-compile-mat	stable	1	52	1413.1	4	torch-2.14.0+cu130
torch-compile-mat	stable	1	53	1357.8	4	torch-2.14.0+cu130
torch-compile-mat	stable	1	54	1365.9	4	torch-2.14.0+cu130
torch-compile-mat	stable	1	55	1355.9	4	torch-2.14.0+cu130
torch-compile-mat	stable	1	56	1334.9	4	torch-2.14.0+cu130
torch-compile-mat	stable	1	57	1376.9	4	torch-2.14.0+cu130
torch-compile-mat	stable	1	58	1346.8	4	torch-2.14.0+cu130
torch-compile-mat	stable	1	59	1375.2	4	torch-2.14.0+cu130
torch-compile-mat	stable	1	60	1369.5	4	torch-2.14.0+cu130
torch-compile-mat	stable	1	61	1360.4	4	torch-2.14.0+cu130
torch-compile-mat	stable	1	62	1360.4	4	torch-2.14.0+cu130
torch-compile-mat	stable	1	63	1374.0	4	torch-2.14.0+cu130
torch-compile-mat	stable	1	64	1374.7	4	torch-2.14.0+cu130
torch-compile-mat	stable	1	65	1370.9	4	torch-2.14.0+cu130
torch-compile-mat	stable	1	66	1385.7	4	torch-2.14.0+cu130
torch-compile-mat	stable	1	67	1394.7	4	torch-2.14.0+cu130
torch-compile-mat	stable	1	68	1417.2	4	torch-2.14.0+cu130
torch-compile-mat	stable	1	69	1385.9	4	torch-2.14.0+cu130
torch-compile-mat	stable	1	70	1369.0	4	torch-2.14.0+cu130
torch-compile-mat	stable	1	71	1372.3	4	torch-2.14.0+cu130
torch-compile-mat	stable	1	72	1359.0	4	torch-2.14.0+cu130
torch-compile-mat	stable	1	73	1353.3	4	torch-2.14.0+cu130
torch-compile-mat	stable	1	74	1357.8	4	torch-2.14.0+cu130
torch-compile-mat	stable	1	75	1346.6	4	torch-2.14.0+cu130
torch-compile-mat	stable	1	76	1377.6	4	torch-2.14.0+cu130
torch-compile-mat	stable	1	77	1378.8	4	torch-2.14.0+cu130
torch-compile-mat	stable	1	78	1359.9	4	torch-2.14.0+cu130
torch-compile-mat	stable	1	79	1399.3	4	torch-2.14.0+cu130
torch-compile-mat	stable	1	80	1482.2	4	torch-2.14.0+cu130
torch-compile-mat	stable	1	81	1378.3	4	torch-2.14.0+cu130
torch-compile-mat	stable	1	82	1388.8	4	torch-2.14.0+cu130
torch-compile-mat	stable	1	83	1381.4	4	torch-2.14.0+cu130
torch-compile-mat	stable	1	84	1388.1	4	torch-2.14.0+cu130
torch-compile-mat	stable	1	85	1366.1	4	torch-2.14.0+cu130
torch-compile-mat	stable	1	86	1362.8	4	torch-2.14.0+cu130
torch-compile-mat	stable	1	87	1353.7	4	torch-2.14.0+cu130
torch-compile-mat	stable	1	88	1372.6	4	torch-2.14.0+cu130
torch-compile-mat	stable	1	89	1353.7	4	torch-2.14.0+cu130
torch-compile-mat	stable	1	90	1391.2	4	torch-2.14.0+cu130
torch-compile-mat	stable	1	91	1371.1	4	torch-2.14.0+cu130
torch-compile-mat	stable	1	92	1378.3	4	torch-2.14.0+cu130
torch-compile-mat	stable	1	93	1358.3	4	torch-2.14.0+cu130
torch-compile-mat	stable	1	94	1355.9	4	torch-2.14.0+cu130
torch-compile-mat	stable	1	95	1341.8	4	torch-2.14.0+cu130
torch-compile-mat	stable	1	96	1363.5	4	torch-2.14.0+cu130
torch-compile-mat	stable	1	97	1369.7	4	torch-2.14.0+cu130
torch-compile-mat	stable	1	98	1364.7	4	torch-2.14.0+cu130
torch-compile-mat	stable	1	99	1364.9	4	torch-2.14.0+cu130
torch-compile-mat	stable	1	100	1364.0	4	torch-2.14.0+cu130
torch-compile-mat	stable	1	101	1384.7	4	torch-2.14.0+cu130
torch-compile-mat	stable	1	102	1357.6	4	torch-2.14.0+cu130
torch-compile-mat	stable	1	103	1388.5	4	torch-2.14.0+cu130
torch-compile-mat	stable	1	104	1376.9	4	torch-2.14.0+cu130
torch-compile-mat	stable	1	105	1361.6	4	torch-2.14.0+cu130
torch-compile-mat	stable	1	106	1370.0	4	torch-2.14.0+cu130
torch-compile-mat	stable	1	107	1347.8	4	torch-2.14.0+cu130
torch-compile-mat	stable	1	108	1372.1	4	torch-2.14.0+cu130
torch-compile-mat	stable	1	109	1352.8	4	torch-2.14.0+cu130
torch-compile-mat	stable	1	110	1358.3	4	torch-2.14.0+cu130
torch-compile-mat	stable	1	111	1353.0	4	torch-2.14.0+cu130
torch-compile-mat	stable	1	112	1334.2	4	torch-2.14.0+cu130
torch-compile-mat	stable	1	113	1358.7	4	torch-2.14.0+cu130
torch-compile-mat	stable	1	114	1376.2	4	torch-2.14.0+cu130
torch-compile-mat	stable	1	115	1362.6	4	torch-2.14.0+cu130
torch-compile-mat	stable	1	116	1323.9	4	torch-2.14.0+cu130
torch-compile-mat	stable	1	117	1371.4	4	torch-2.14.0+cu130
torch-compile-mat	stable	1	118	1311.1	4	torch-2.14.0+cu130
torch-compile-mat	stable	1	119	1342.8	4	torch-2.14.0+cu130
torch-compile-mat	stable	1	120	1331.6	4	torch-2.14.0+cu130
torch-compile-mat	stable	1	121	1349.7	4	torch-2.14.0+cu130
torch-compile-mat	stable	1	122	1325.4	4	torch-2.14.0+cu130
torch-compile-mat	stable	1	123	1364.2	4	torch-2.14.0+cu130
torch-compile-mat	stable	1	124	1333.7	4	torch-2.14.0+cu130
torch-compile-mat	stable	1	125	1343.5	4	torch-2.14.0+cu130
torch-compile-mat	stable	1	126	1364.7	4	torch-2.14.0+cu130
torch-compile-mat	stable	1	127	1346.1	4	torch-2.14.0+cu130
torch-compile-mat	stable	1	128	1313.4	4	torch-2.14.0+cu130
torch-compile-mat	stable	1	129	1333.0	4	torch-2.14.0+cu130
torch-compile-mat	stable	1	130	1321.1	4	torch-2.14.0+cu130
torch-compile-mat	stable	1	131	1310.1	4	torch-2.14.0+cu130
torch-compile-mat	stable	1	132	1335.4	4	torch-2.14.0+cu130
torch-compile-mat	stable	1	133	1342.8	4	torch-2.14.0+cu130
torch-compile-mat	stable	1	134	1325.1	4	torch-2.14.0+cu130
torch-compile-mat	stable	1	135	1337.1	4	torch-2.14.0+cu130
torch-compile-mat	stable	1	136	1335.1	4	torch-2.14.0+cu130
torch-compile-mat	stable	1	137	1324.4	4	torch-2.14.0+cu130
torch-compile-mat	stable	1	138	1341.8	4	torch-2.14.0+cu130
torch-compile-mat	stable	1	139	1332.3	4	torch-2.14.0+cu130
torch-compile-mat	stable	1	140	1330.9	4	torch-2.14.0+cu130
torch-compile-mat	stable	1	141	1332.8	4	torch-2.14.0+cu130
torch-compile-mat	stable	1	142	1367.1	4	torch-2.14.0+cu130
torch-compile-mat	stable	1	143	1325.1	4	torch-2.14.0+cu130
torch-compile-mat	stable	1	144	1374.0	4	torch-2.14.0+cu130
torch-compile-mat	stable	1	145	1344.0	4	torch-2.14.0+cu130
torch-compile-mat	stable	1	146	1333.7	4	torch-2.14.0+cu130
torch-compile-mat	stable	1	147	1359.0	4	torch-2.14.0+cu130
torch-compile-mat	stable	1	148	1324.9	4	torch-2.14.0+cu130
torch-compile-mat	stable	1	149	1336.1	4	torch-2.14.0+cu130
torch-compile-mat	stable	1	150	1338.0	4	torch-2.14.0+cu130
torch-compile-mat	stable	1	151	1369.0	4	torch-2.14.0+cu130
torch-compile-mat	stable	1	152	1358.7	4	torch-2.14.0+cu130
torch-compile-mat	stable	1	153	1322.3	4	torch-2.14.0+cu130
torch-compile-mat	stable	1	154	1400.7	4	torch-2.14.0+cu130
torch-compile-mat	stable	1	155	1374.5	4	torch-2.14.0+cu130
torch-compile-mat	stable	1	156	1361.6	4	torch-2.14.0+cu130
torch-compile-mat	stable	1	157	1324.7	4	torch-2.14.0+cu130
torch-compile-mat	stable	1	158	1327.3	4	torch-2.14.0+cu130
torch-compile-mat	stable	1	159	1392.8	4	torch-2.14.0+cu130
torch-compile-mat	stable	1	160	1344.0	4	torch-2.14.0+cu130
torch-compile-mat	stable	1	161	1364.7	4	torch-2.14.0+cu130
torch-compile-mat	stable	1	162	1324.2	4	torch-2.14.0+cu130
torch-compile-mat	stable	1	163	1351.1	4	torch-2.14.0+cu130
torch-compile-mat	stable	1	164	1335.4	4	torch-2.14.0+cu130
torch-compile-mat	stable	1	165	1359.0	4	torch-2.14.0+cu130
torch-compile-mat	stable	1	166	1341.3	4	torch-2.14.0+cu130
torch-compile-mat	stable	1	167	1330.9	4	torch-2.14.0+cu130
torch-compile-mat	stable	1	168	1318.7	4	torch-2.14.0+cu130
torch-compile-mat	stable	1	169	1317.7	4	torch-2.14.0+cu130
torch-compile-mat	stable	1	170	1323.9	4	torch-2.14.0+cu130
torch-compile-mat	stable	1	171	1332.5	4	torch-2.14.0+cu130
torch-compile-mat	stable	1	172	1390.7	4	torch-2.14.0+cu130
torch-compile-mat	stable	1	173	1343.0	4	torch-2.14.0+cu130
torch-compile-mat	stable	1	174	1329.7	4	torch-2.14.0+cu130
torch-compile-mat	stable	1	175	1327.3	4	torch-2.14.0+cu130
torch-compile-mat	stable	1	176	1338.0	4	torch-2.14.0+cu130
torch-compile-mat	stable	1	177	1313.2	4	torch-2.14.0+cu130
torch-compile-mat	stable	1	178	1348.3	4	torch-2.14.0+cu130
torch-compile-mat	stable	1	179	1347.8	4	torch-2.14.0+cu130
torch-compile-mat	stable	1	180	1329.7	4	torch-2.14.0+cu130
torch-compile-mat	stable	1	181	1371.6	4	torch-2.14.0+cu130
torch-compile-mat	stable	1	182	1378.1	4	torch-2.14.0+cu130
torch-compile-mat	stable	1	183	1363.3	4	torch-2.14.0+cu130
torch-compile-mat	stable	1	184	1314.9	4	torch-2.14.0+cu130
torch-compile-mat	stable	1	185	1334.0	4	torch-2.14.0+cu130
torch-compile-mat	stable	1	186	1344.9	4	torch-2.14.0+cu130
torch-compile-mat	stable	1	187	1314.6	4	torch-2.14.0+cu130
torch-compile-mat	stable	1	188	1328.5	4	torch-2.14.0+cu130
torch-compile-mat	stable	1	189	1341.1	4	torch-2.14.0+cu130
torch-compile-mat	stable	1	190	1322.7	4	torch-2.14.0+cu130
torch-compile-mat	stable	1	191	1331.1	4	torch-2.14.0+cu130
torch-compile-mat	stable	1	192	1356.8	4	torch-2.14.0+cu130
torch-compile-mat	stable	1	193	1334.9	4	torch-2.14.0+cu130
torch-compile-mat	stable	1	194	1332.3	4	torch-2.14.0+cu130
torch-compile-mat	stable	1	195	1323.7	4	torch-2.14.0+cu130
torch-compile-mat	stable	1	196	1366.1	4	torch-2.14.0+cu130
torch-compile-mat	stable	1	197	1365.7	4	torch-2.14.0+cu130
torch-compile-mat	stable	1	198	1374.0	4	torch-2.14.0+cu130
torch-compile-mat	stable	1	199	1335.9	4	torch-2.14.0+cu130
jax-perlayer	stable	1	0	11128943.9	4	jax-0.11.1
jax-perlayer	stable	1	1	2174.1	4	jax-0.11.1
jax-perlayer	stable	1	2	1754.0	4	jax-0.11.1
jax-perlayer	stable	1	3	1717.8	4	jax-0.11.1
jax-perlayer	stable	1	4	1717.6	4	jax-0.11.1
jax-perlayer	stable	1	5	1703.7	4	jax-0.11.1
jax-perlayer	stable	1	6	1645.1	4	jax-0.11.1
jax-perlayer	stable	1	7	1640.8	4	jax-0.11.1
jax-perlayer	stable	1	8	1637.0	4	jax-0.11.1
jax-perlayer	stable	1	9	1605.3	4	jax-0.11.1
jax-perlayer	stable	1	10	1634.8	4	jax-0.11.1
jax-perlayer	stable	1	11	1647.0	4	jax-0.11.1
jax-perlayer	stable	1	12	1637.5	4	jax-0.11.1
jax-perlayer	stable	1	13	1608.6	4	jax-0.11.1
jax-perlayer	stable	1	14	1615.0	4	jax-0.11.1
jax-perlayer	stable	1	15	1593.8	4	jax-0.11.1
jax-perlayer	stable	1	16	1569.3	4	jax-0.11.1
jax-perlayer	stable	1	17	1599.8	4	jax-0.11.1
jax-perlayer	stable	1	18	1610.8	4	jax-0.11.1
jax-perlayer	stable	1	19	1621.2	4	jax-0.11.1
jax-perlayer	stable	1	20	1565.9	4	jax-0.11.1
jax-perlayer	stable	1	21	1622.7	4	jax-0.11.1
jax-perlayer	stable	1	22	1751.7	4	jax-0.11.1
jax-perlayer	stable	1	23	1688.2	4	jax-0.11.1
jax-perlayer	stable	1	24	1681.3	4	jax-0.11.1
jax-perlayer	stable	1	25	1724.2	4	jax-0.11.1
jax-perlayer	stable	1	26	1624.3	4	jax-0.11.1
jax-perlayer	stable	1	27	1608.1	4	jax-0.11.1
jax-perlayer	stable	1	28	1625.5	4	jax-0.11.1
jax-perlayer	stable	1	29	1609.8	4	jax-0.11.1
jax-perlayer	stable	1	30	1603.6	4	jax-0.11.1
jax-perlayer	stable	1	31	1636.5	4	jax-0.11.1
jax-perlayer	stable	1	32	1755.7	4	jax-0.11.1
jax-perlayer	stable	1	33	1713.0	4	jax-0.11.1
jax-perlayer	stable	1	34	1679.7	4	jax-0.11.1
jax-perlayer	stable	1	35	1615.0	4	jax-0.11.1
jax-perlayer	stable	1	36	1606.7	4	jax-0.11.1
jax-perlayer	stable	1	37	1615.0	4	jax-0.11.1
jax-perlayer	stable	1	38	1617.0	4	jax-0.11.1
jax-perlayer	stable	1	39	1606.5	4	jax-0.11.1
jax-perlayer	stable	1	40	1624.3	4	jax-0.11.1
jax-perlayer	stable	1	41	1622.0	4	jax-0.11.1
jax-perlayer	stable	1	42	1751.4	4	jax-0.11.1
jax-perlayer	stable	1	43	1746.4	4	jax-0.11.1
jax-perlayer	stable	1	44	1672.7	4	jax-0.11.1
jax-perlayer	stable	1	45	1631.0	4	jax-0.11.1
jax-perlayer	stable	1	46	1646.0	4	jax-0.11.1
jax-perlayer	stable	1	47	1643.9	4	jax-0.11.1
jax-perlayer	stable	1	48	1684.9	4	jax-0.11.1
jax-perlayer	stable	1	49	1660.1	4	jax-0.11.1
jax-perlayer	stable	1	50	1653.2	4	jax-0.11.1
jax-perlayer	stable	1	51	1661.1	4	jax-0.11.1
jax-perlayer	stable	1	52	1637.5	4	jax-0.11.1
jax-perlayer	stable	1	53	1653.9	4	jax-0.11.1
jax-perlayer	stable	1	54	1653.9	4	jax-0.11.1
jax-perlayer	stable	1	55	1608.4	4	jax-0.11.1
jax-perlayer	stable	1	56	1680.4	4	jax-0.11.1
jax-perlayer	stable	1	57	1628.6	4	jax-0.11.1
jax-perlayer	stable	1	58	1652.0	4	jax-0.11.1
jax-perlayer	stable	1	59	1660.6	4	jax-0.11.1
jax-perlayer	stable	1	60	1632.9	4	jax-0.11.1
jax-perlayer	stable	1	61	1727.8	4	jax-0.11.1
jax-perlayer	stable	1	62	1799.1	4	jax-0.11.1
jax-perlayer	stable	1	63	1697.1	4	jax-0.11.1
jax-perlayer	stable	1	64	1696.3	4	jax-0.11.1
jax-perlayer	stable	1	65	1674.9	4	jax-0.11.1
jax-perlayer	stable	1	66	1669.9	4	jax-0.11.1
jax-perlayer	stable	1	67	1652.2	4	jax-0.11.1
jax-perlayer	stable	1	68	1684.2	4	jax-0.11.1
jax-perlayer	stable	1	69	1649.9	4	jax-0.11.1
jax-perlayer	stable	1	70	1637.5	4	jax-0.11.1
jax-perlayer	stable	1	71	1728.1	4	jax-0.11.1
jax-perlayer	stable	1	72	1728.1	4	jax-0.11.1
jax-perlayer	stable	1	73	1706.1	4	jax-0.11.1
jax-perlayer	stable	1	74	1676.1	4	jax-0.11.1
jax-perlayer	stable	1	75	1696.3	4	jax-0.11.1
jax-perlayer	stable	1	76	1690.4	4	jax-0.11.1
jax-perlayer	stable	1	77	1643.2	4	jax-0.11.1
jax-perlayer	stable	1	78	1698.7	4	jax-0.11.1
jax-perlayer	stable	1	79	1684.4	4	jax-0.11.1
jax-perlayer	stable	1	80	1723.1	4	jax-0.11.1
jax-perlayer	stable	1	81	1735.7	4	jax-0.11.1
jax-perlayer	stable	1	82	1715.9	4	jax-0.11.1
jax-perlayer	stable	1	83	1667.3	4	jax-0.11.1
jax-perlayer	stable	1	84	1612.9	4	jax-0.11.1
jax-perlayer	stable	1	85	1618.9	4	jax-0.11.1
jax-perlayer	stable	1	86	1609.3	4	jax-0.11.1
jax-perlayer	stable	1	87	1624.6	4	jax-0.11.1
jax-perlayer	stable	1	88	1616.5	4	jax-0.11.1
jax-perlayer	stable	1	89	1612.2	4	jax-0.11.1
jax-perlayer	stable	1	90	1618.4	4	jax-0.11.1
jax-perlayer	stable	1	91	1685.1	4	jax-0.11.1
jax-perlayer	stable	1	92	1736.4	4	jax-0.11.1
jax-perlayer	stable	1	93	1733.1	4	jax-0.11.1
jax-perlayer	stable	1	94	1716.1	4	jax-0.11.1
jax-perlayer	stable	1	95	1699.9	4	jax-0.11.1
jax-perlayer	stable	1	96	1714.9	4	jax-0.11.1
jax-perlayer	stable	1	97	1664.2	4	jax-0.11.1
jax-perlayer	stable	1	98	1660.8	4	jax-0.11.1
jax-perlayer	stable	1	99	1659.2	4	jax-0.11.1
jax-perlayer	stable	1	100	1672.7	4	jax-0.11.1
jax-perlayer	stable	1	101	1699.4	4	jax-0.11.1
jax-perlayer	stable	1	102	1650.8	4	jax-0.11.1
jax-perlayer	stable	1	103	1644.4	4	jax-0.11.1
jax-perlayer	stable	1	104	1665.6	4	jax-0.11.1
jax-perlayer	stable	1	105	1620.8	4	jax-0.11.1
jax-perlayer	stable	1	106	1619.1	4	jax-0.11.1
jax-perlayer	stable	1	107	1619.6	4	jax-0.11.1
jax-perlayer	stable	1	108	1596.2	4	jax-0.11.1
jax-perlayer	stable	1	109	1640.3	4	jax-0.11.1
jax-perlayer	stable	1	110	1642.0	4	jax-0.11.1
jax-perlayer	stable	1	111	1638.7	4	jax-0.11.1
jax-perlayer	stable	1	112	1635.8	4	jax-0.11.1
jax-perlayer	stable	1	113	1620.1	4	jax-0.11.1
jax-perlayer	stable	1	114	1626.0	4	jax-0.11.1
jax-perlayer	stable	1	115	1612.7	4	jax-0.11.1
jax-perlayer	stable	1	116	1615.3	4	jax-0.11.1
jax-perlayer	stable	1	117	1612.2	4	jax-0.11.1
jax-perlayer	stable	1	118	1600.0	4	jax-0.11.1
jax-perlayer	stable	1	119	1614.6	4	jax-0.11.1
jax-perlayer	stable	1	120	1608.1	4	jax-0.11.1
jax-perlayer	stable	1	121	1596.2	4	jax-0.11.1
jax-perlayer	stable	1	122	1609.1	4	jax-0.11.1
jax-perlayer	stable	1	123	1645.1	4	jax-0.11.1
jax-perlayer	stable	1	124	1685.9	4	jax-0.11.1
jax-perlayer	stable	1	125	1645.8	4	jax-0.11.1
jax-perlayer	stable	1	126	1633.2	4	jax-0.11.1
jax-perlayer	stable	1	127	1608.6	4	jax-0.11.1
jax-perlayer	stable	1	128	1622.2	4	jax-0.11.1
jax-perlayer	stable	1	129	1626.7	4	jax-0.11.1
jax-perlayer	stable	1	130	1772.2	4	jax-0.11.1
jax-perlayer	stable	1	131	1745.0	4	jax-0.11.1
jax-perlayer	stable	1	132	1833.7	4	jax-0.11.1
jax-perlayer	stable	1	133	1782.9	4	jax-0.11.1
jax-perlayer	stable	1	134	1778.1	4	jax-0.11.1
jax-perlayer	stable	1	135	1762.6	4	jax-0.11.1
jax-perlayer	stable	1	136	1768.6	4	jax-0.11.1
jax-perlayer	stable	1	137	1744.3	4	jax-0.11.1
jax-perlayer	stable	1	138	1767.4	4	jax-0.11.1
jax-perlayer	stable	1	139	1752.9	4	jax-0.11.1
jax-perlayer	stable	1	140	1744.7	4	jax-0.11.1
jax-perlayer	stable	1	141	1721.4	4	jax-0.11.1
jax-perlayer	stable	1	142	1770.0	4	jax-0.11.1
jax-perlayer	stable	1	143	1752.6	4	jax-0.11.1
jax-perlayer	stable	1	144	1727.6	4	jax-0.11.1
jax-perlayer	stable	1	145	1730.0	4	jax-0.11.1
jax-perlayer	stable	1	146	1753.8	4	jax-0.11.1
jax-perlayer	stable	1	147	1746.2	4	jax-0.11.1
jax-perlayer	stable	1	148	1746.9	4	jax-0.11.1
jax-perlayer	stable	1	149	1737.1	4	jax-0.11.1
jax-perlayer	stable	1	150	1767.9	4	jax-0.11.1
jax-perlayer	stable	1	151	1759.3	4	jax-0.11.1
jax-perlayer	stable	1	152	1775.0	4	jax-0.11.1
jax-perlayer	stable	1	153	1729.0	4	jax-0.11.1
jax-perlayer	stable	1	154	1763.1	4	jax-0.11.1
jax-perlayer	stable	1	155	1769.5	4	jax-0.11.1
jax-perlayer	stable	1	156	1771.7	4	jax-0.11.1
jax-perlayer	stable	1	157	1771.0	4	jax-0.11.1
jax-perlayer	stable	1	158	1755.0	4	jax-0.11.1
jax-perlayer	stable	1	159	1737.8	4	jax-0.11.1
jax-perlayer	stable	1	160	1757.1	4	jax-0.11.1
jax-perlayer	stable	1	161	1746.4	4	jax-0.11.1
jax-perlayer	stable	1	162	1731.4	4	jax-0.11.1
jax-perlayer	stable	1	163	1758.8	4	jax-0.11.1
jax-perlayer	stable	1	164	1751.7	4	jax-0.11.1
jax-perlayer	stable	1	165	1746.4	4	jax-0.11.1
jax-perlayer	stable	1	166	1747.4	4	jax-0.11.1
jax-perlayer	stable	1	167	1766.9	4	jax-0.11.1
jax-perlayer	stable	1	168	1764.3	4	jax-0.11.1
jax-perlayer	stable	1	169	1747.8	4	jax-0.11.1
jax-perlayer	stable	1	170	1755.0	4	jax-0.11.1
jax-perlayer	stable	1	171	1767.4	4	jax-0.11.1
jax-perlayer	stable	1	172	1773.4	4	jax-0.11.1
jax-perlayer	stable	1	173	1752.6	4	jax-0.11.1
jax-perlayer	stable	1	174	1754.0	4	jax-0.11.1
jax-perlayer	stable	1	175	1754.5	4	jax-0.11.1
jax-perlayer	stable	1	176	1762.9	4	jax-0.11.1
jax-perlayer	stable	1	177	1748.8	4	jax-0.11.1
jax-perlayer	stable	1	178	1761.4	4	jax-0.11.1
jax-perlayer	stable	1	179	1760.5	4	jax-0.11.1
jax-perlayer	stable	1	180	1773.1	4	jax-0.11.1
jax-perlayer	stable	1	181	1749.0	4	jax-0.11.1
jax-perlayer	stable	1	182	1776.7	4	jax-0.11.1
jax-perlayer	stable	1	183	1736.4	4	jax-0.11.1
jax-perlayer	stable	1	184	1753.1	4	jax-0.11.1
jax-perlayer	stable	1	185	1750.9	4	jax-0.11.1
jax-perlayer	stable	1	186	1750.2	4	jax-0.11.1
jax-perlayer	stable	1	187	1738.1	4	jax-0.11.1
jax-perlayer	stable	1	188	1752.1	4	jax-0.11.1
jax-perlayer	stable	1	189	1740.0	4	jax-0.11.1
jax-perlayer	stable	1	190	1778.1	4	jax-0.11.1
jax-perlayer	stable	1	191	1732.8	4	jax-0.11.1
jax-perlayer	stable	1	192	1748.1	4	jax-0.11.1
jax-perlayer	stable	1	193	1765.0	4	jax-0.11.1
jax-perlayer	stable	1	194	1778.8	4	jax-0.11.1
jax-perlayer	stable	1	195	1751.7	4	jax-0.11.1
jax-perlayer	stable	1	196	1781.7	4	jax-0.11.1
jax-perlayer	stable	1	197	1773.8	4	jax-0.11.1
jax-perlayer	stable	1	198	1781.9	4	jax-0.11.1
jax-perlayer	stable	1	199	1754.8	4	jax-0.11.1
jax-while	stable	1	0	7342348.8	4	jax-0.11.1
jax-while	stable	1	1	1890.9	4	jax-0.11.1
jax-while	stable	1	2	1519.4	4	jax-0.11.1
jax-while	stable	1	3	1400.5	4	jax-0.11.1
jax-while	stable	1	4	1395.7	4	jax-0.11.1
jax-while	stable	1	5	1422.2	4	jax-0.11.1
jax-while	stable	1	6	1376.6	4	jax-0.11.1
jax-while	stable	1	7	1380.2	4	jax-0.11.1
jax-while	stable	1	8	1390.2	4	jax-0.11.1
jax-while	stable	1	9	1367.3	4	jax-0.11.1
jax-while	stable	1	10	1378.3	4	jax-0.11.1
jax-while	stable	1	11	1323.9	4	jax-0.11.1
jax-while	stable	1	12	1376.6	4	jax-0.11.1
jax-while	stable	1	13	1368.5	4	jax-0.11.1
jax-while	stable	1	14	1368.8	4	jax-0.11.1
jax-while	stable	1	15	1361.1	4	jax-0.11.1
jax-while	stable	1	16	1381.6	4	jax-0.11.1
jax-while	stable	1	17	1358.3	4	jax-0.11.1
jax-while	stable	1	18	1356.1	4	jax-0.11.1
jax-while	stable	1	19	1391.9	4	jax-0.11.1
jax-while	stable	1	20	1346.8	4	jax-0.11.1
jax-while	stable	1	21	1405.5	4	jax-0.11.1
jax-while	stable	1	22	1365.9	4	jax-0.11.1
jax-while	stable	1	23	1401.7	4	jax-0.11.1
jax-while	stable	1	24	1353.7	4	jax-0.11.1
jax-while	stable	1	25	1375.4	4	jax-0.11.1
jax-while	stable	1	26	1356.6	4	jax-0.11.1
jax-while	stable	1	27	1366.4	4	jax-0.11.1
jax-while	stable	1	28	1364.5	4	jax-0.11.1
jax-while	stable	1	29	1377.8	4	jax-0.11.1
jax-while	stable	1	30	1318.7	4	jax-0.11.1
jax-while	stable	1	31	1372.3	4	jax-0.11.1
jax-while	stable	1	32	1350.2	4	jax-0.11.1
jax-while	stable	1	33	1401.4	4	jax-0.11.1
jax-while	stable	1	34	1364.5	4	jax-0.11.1
jax-while	stable	1	35	1388.3	4	jax-0.11.1
jax-while	stable	1	36	1348.7	4	jax-0.11.1
jax-while	stable	1	37	1370.0	4	jax-0.11.1
jax-while	stable	1	38	1380.7	4	jax-0.11.1
jax-while	stable	1	39	1332.5	4	jax-0.11.1
jax-while	stable	1	40	1349.0	4	jax-0.11.1
jax-while	stable	1	41	1374.7	4	jax-0.11.1
jax-while	stable	1	42	1344.4	4	jax-0.11.1
jax-while	stable	1	43	1365.9	4	jax-0.11.1
jax-while	stable	1	44	1341.8	4	jax-0.11.1
jax-while	stable	1	45	1347.1	4	jax-0.11.1
jax-while	stable	1	46	1339.2	4	jax-0.11.1
jax-while	stable	1	47	1337.3	4	jax-0.11.1
jax-while	stable	1	48	1316.1	4	jax-0.11.1
jax-while	stable	1	49	1343.3	4	jax-0.11.1
jax-while	stable	1	50	1365.4	4	jax-0.11.1
jax-while	stable	1	51	1353.7	4	jax-0.11.1
jax-while	stable	1	52	1347.3	4	jax-0.11.1
jax-while	stable	1	53	1360.7	4	jax-0.11.1
jax-while	stable	1	54	1339.2	4	jax-0.11.1
jax-while	stable	1	55	1347.8	4	jax-0.11.1
jax-while	stable	1	56	1416.2	4	jax-0.11.1
jax-while	stable	1	57	1359.5	4	jax-0.11.1
jax-while	stable	1	58	1406.9	4	jax-0.11.1
jax-while	stable	1	59	1361.4	4	jax-0.11.1
jax-while	stable	1	60	1392.8	4	jax-0.11.1
jax-while	stable	1	61	1385.5	4	jax-0.11.1
jax-while	stable	1	62	1370.0	4	jax-0.11.1
jax-while	stable	1	63	1351.8	4	jax-0.11.1
jax-while	stable	1	64	1390.5	4	jax-0.11.1
jax-while	stable	1	65	1341.1	4	jax-0.11.1
jax-while	stable	1	66	1388.3	4	jax-0.11.1
jax-while	stable	1	67	1370.7	4	jax-0.11.1
jax-while	stable	1	68	1455.5	4	jax-0.11.1
jax-while	stable	1	69	1428.6	4	jax-0.11.1
jax-while	stable	1	70	1414.1	4	jax-0.11.1
jax-while	stable	1	71	1313.7	4	jax-0.11.1
jax-while	stable	1	72	1299.9	4	jax-0.11.1
jax-while	stable	1	73	1347.5	4	jax-0.11.1
jax-while	stable	1	74	1328.2	4	jax-0.11.1
jax-while	stable	1	75	1331.1	4	jax-0.11.1
jax-while	stable	1	76	1331.8	4	jax-0.11.1
jax-while	stable	1	77	1325.4	4	jax-0.11.1
jax-while	stable	1	78	1347.5	4	jax-0.11.1
jax-while	stable	1	79	1321.3	4	jax-0.11.1
jax-while	stable	1	80	1354.2	4	jax-0.11.1
jax-while	stable	1	81	1328.5	4	jax-0.11.1
jax-while	stable	1	82	1337.3	4	jax-0.11.1
jax-while	stable	1	83	1329.9	4	jax-0.11.1
jax-while	stable	1	84	1306.5	4	jax-0.11.1
jax-while	stable	1	85	1352.5	4	jax-0.11.1
jax-while	stable	1	86	1352.8	4	jax-0.11.1
jax-while	stable	1	87	1314.2	4	jax-0.11.1
jax-while	stable	1	88	1305.3	4	jax-0.11.1
jax-while	stable	1	89	1334.4	4	jax-0.11.1
jax-while	stable	1	90	1322.0	4	jax-0.11.1
jax-while	stable	1	91	1332.3	4	jax-0.11.1
jax-while	stable	1	92	1327.3	4	jax-0.11.1
jax-while	stable	1	93	1329.4	4	jax-0.11.1
jax-while	stable	1	94	1324.9	4	jax-0.11.1
jax-while	stable	1	95	1334.0	4	jax-0.11.1
jax-while	stable	1	96	1331.8	4	jax-0.11.1
jax-while	stable	1	97	1339.7	4	jax-0.11.1
jax-while	stable	1	98	1335.9	4	jax-0.11.1
jax-while	stable	1	99	1351.6	4	jax-0.11.1
jax-while	stable	1	100	1325.1	4	jax-0.11.1
jax-while	stable	1	101	1325.8	4	jax-0.11.1
jax-while	stable	1	102	1344.7	4	jax-0.11.1
jax-while	stable	1	103	1328.7	4	jax-0.11.1
jax-while	stable	1	104	1333.2	4	jax-0.11.1
jax-while	stable	1	105	1320.6	4	jax-0.11.1
jax-while	stable	1	106	1320.8	4	jax-0.11.1
jax-while	stable	1	107	1340.2	4	jax-0.11.1
jax-while	stable	1	108	1313.7	4	jax-0.11.1
jax-while	stable	1	109	1352.8	4	jax-0.11.1
jax-while	stable	1	110	1323.5	4	jax-0.11.1
jax-while	stable	1	111	1358.3	4	jax-0.11.1
jax-while	stable	1	112	1321.6	4	jax-0.11.1
jax-while	stable	1	113	1354.0	4	jax-0.11.1
jax-while	stable	1	114	1301.1	4	jax-0.11.1
jax-while	stable	1	115	1348.3	4	jax-0.11.1
jax-while	stable	1	116	1298.0	4	jax-0.11.1
jax-while	stable	1	117	1305.8	4	jax-0.11.1
jax-while	stable	1	118	1341.6	4	jax-0.11.1
jax-while	stable	1	119	1335.4	4	jax-0.11.1
jax-while	stable	1	120	1302.2	4	jax-0.11.1
jax-while	stable	1	121	1298.4	4	jax-0.11.1
jax-while	stable	1	122	1305.8	4	jax-0.11.1
jax-while	stable	1	123	1344.0	4	jax-0.11.1
jax-while	stable	1	124	1345.6	4	jax-0.11.1
jax-while	stable	1	125	1355.2	4	jax-0.11.1
jax-while	stable	1	126	1296.0	4	jax-0.11.1
jax-while	stable	1	127	1331.3	4	jax-0.11.1
jax-while	stable	1	128	1332.0	4	jax-0.11.1
jax-while	stable	1	129	1326.6	4	jax-0.11.1
jax-while	stable	1	130	1343.5	4	jax-0.11.1
jax-while	stable	1	131	1312.3	4	jax-0.11.1
jax-while	stable	1	132	1336.1	4	jax-0.11.1
jax-while	stable	1	133	1352.5	4	jax-0.11.1
jax-while	stable	1	134	1357.8	4	jax-0.11.1
jax-while	stable	1	135	1350.6	4	jax-0.11.1
jax-while	stable	1	136	1338.5	4	jax-0.11.1
jax-while	stable	1	137	1315.1	4	jax-0.11.1
jax-while	stable	1	138	1315.6	4	jax-0.11.1
jax-while	stable	1	139	1308.0	4	jax-0.11.1
jax-while	stable	1	140	1327.0	4	jax-0.11.1
jax-while	stable	1	141	1331.3	4	jax-0.11.1
jax-while	stable	1	142	1307.5	4	jax-0.11.1
jax-while	stable	1	143	1328.9	4	jax-0.11.1
jax-while	stable	1	144	1352.8	4	jax-0.11.1
jax-while	stable	1	145	1342.3	4	jax-0.11.1
jax-while	stable	1	146	1335.9	4	jax-0.11.1
jax-while	stable	1	147	1330.9	4	jax-0.11.1
jax-while	stable	1	148	1324.7	4	jax-0.11.1
jax-while	stable	1	149	1341.3	4	jax-0.11.1
jax-while	stable	1	150	1349.4	4	jax-0.11.1
jax-while	stable	1	151	1310.1	4	jax-0.11.1
jax-while	stable	1	152	1297.7	4	jax-0.11.1
jax-while	stable	1	153	1283.9	4	jax-0.11.1
jax-while	stable	1	154	1314.4	4	jax-0.11.1
jax-while	stable	1	155	1318.7	4	jax-0.11.1
jax-while	stable	1	156	1329.2	4	jax-0.11.1
jax-while	stable	1	157	1296.8	4	jax-0.11.1
jax-while	stable	1	158	1294.1	4	jax-0.11.1
jax-while	stable	1	159	1309.4	4	jax-0.11.1
jax-while	stable	1	160	1307.0	4	jax-0.11.1
jax-while	stable	1	161	1300.1	4	jax-0.11.1
jax-while	stable	1	162	1309.6	4	jax-0.11.1
jax-while	stable	1	163	1318.0	4	jax-0.11.1
jax-while	stable	1	164	1298.9	4	jax-0.11.1
jax-while	stable	1	165	1294.6	4	jax-0.11.1
jax-while	stable	1	166	1308.7	4	jax-0.11.1
jax-while	stable	1	167	1321.6	4	jax-0.11.1
jax-while	stable	1	168	1317.7	4	jax-0.11.1
jax-while	stable	1	169	1330.9	4	jax-0.11.1
jax-while	stable	1	170	1305.6	4	jax-0.11.1
jax-while	stable	1	171	1308.2	4	jax-0.11.1
jax-while	stable	1	172	1301.8	4	jax-0.11.1
jax-while	stable	1	173	1309.2	4	jax-0.11.1
jax-while	stable	1	174	1323.0	4	jax-0.11.1
jax-while	stable	1	175	1308.4	4	jax-0.11.1
jax-while	stable	1	176	1307.2	4	jax-0.11.1
jax-while	stable	1	177	1301.8	4	jax-0.11.1
jax-while	stable	1	178	1320.8	4	jax-0.11.1
jax-while	stable	1	179	1320.1	4	jax-0.11.1
jax-while	stable	1	180	1318.5	4	jax-0.11.1
jax-while	stable	1	181	1308.9	4	jax-0.11.1
jax-while	stable	1	182	1310.3	4	jax-0.11.1
jax-while	stable	1	183	1314.4	4	jax-0.11.1
jax-while	stable	1	184	1326.6	4	jax-0.11.1
jax-while	stable	1	185	1306.5	4	jax-0.11.1
jax-while	stable	1	186	1304.1	4	jax-0.11.1
jax-while	stable	1	187	1315.4	4	jax-0.11.1
jax-while	stable	1	188	1312.0	4	jax-0.11.1
jax-while	stable	1	189	1323.7	4	jax-0.11.1
jax-while	stable	1	190	1311.1	4	jax-0.11.1
jax-while	stable	1	191	1335.6	4	jax-0.11.1
jax-while	stable	1	192	1328.5	4	jax-0.11.1
jax-while	stable	1	193	1294.1	4	jax-0.11.1
jax-while	stable	1	194	1324.2	4	jax-0.11.1
jax-while	stable	1	195	1322.5	4	jax-0.11.1
jax-while	stable	1	196	1328.5	4	jax-0.11.1
jax-while	stable	1	197	1314.2	4	jax-0.11.1
jax-while	stable	1	198	1301.1	4	jax-0.11.1
jax-while	stable	1	199	1307.2	4	jax-0.11.1
ours	varying	1	0	476862.9	2	ddc8008cdeaf
ours	varying	1	1	13486.9	3	ddc8008cdeaf
ours	varying	1	2	33791.1	5	ddc8008cdeaf
ours	varying	1	3	12526.0	6	ddc8008cdeaf
ours	varying	1	4	10123.0	2	ddc8008cdeaf
ours	varying	1	5	2669.1	3	ddc8008cdeaf
ours	varying	1	6	3782.0	5	ddc8008cdeaf
ours	varying	1	7	1472.9	6	ddc8008cdeaf
ours	varying	1	8	1992.0	2	ddc8008cdeaf
ours	varying	1	9	903.8	3	ddc8008cdeaf
ours	varying	1	10	1224.0	5	ddc8008cdeaf
ours	varying	1	11	3189.1	6	ddc8008cdeaf
ours	varying	1	12	1149.2	2	ddc8008cdeaf
ours	varying	1	13	913.9	3	ddc8008cdeaf
ours	varying	1	14	1243.8	5	ddc8008cdeaf
ours	varying	1	15	2431.2	6	ddc8008cdeaf
ours	varying	1	16	742.0	2	ddc8008cdeaf
ours	varying	1	17	943.2	3	ddc8008cdeaf
ours	varying	1	18	1215.0	5	ddc8008cdeaf
ours	varying	1	19	1401.9	6	ddc8008cdeaf
ours	varying	1	20	1761.0	2	ddc8008cdeaf
ours	varying	1	21	913.1	3	ddc8008cdeaf
ours	varying	1	22	1217.8	5	ddc8008cdeaf
ours	varying	1	23	1406.9	6	ddc8008cdeaf
ours	varying	1	24	810.1	2	ddc8008cdeaf
ours	varying	1	25	903.8	3	ddc8008cdeaf
ours	varying	1	26	2264.0	5	ddc8008cdeaf
ours	varying	1	27	1381.9	6	ddc8008cdeaf
ours	varying	1	28	758.2	2	ddc8008cdeaf
ours	varying	1	29	901.9	3	ddc8008cdeaf
ours	varying	1	30	1232.1	5	ddc8008cdeaf
ours	varying	1	31	1389.0	6	ddc8008cdeaf
ours	varying	1	32	764.1	2	ddc8008cdeaf
ours	varying	1	33	1953.8	3	ddc8008cdeaf
ours	varying	1	34	1223.1	5	ddc8008cdeaf
ours	varying	1	35	1448.2	6	ddc8008cdeaf
ours	varying	1	36	749.8	2	ddc8008cdeaf
ours	varying	1	37	900.0	3	ddc8008cdeaf
ours	varying	1	38	1242.9	5	ddc8008cdeaf
ours	varying	1	39	1456.0	6	ddc8008cdeaf
ours	varying	1	40	745.1	2	ddc8008cdeaf
ours	varying	1	41	1935.0	3	ddc8008cdeaf
ours	varying	1	42	1258.1	5	ddc8008cdeaf
ours	varying	1	43	1374.0	6	ddc8008cdeaf
ours	varying	1	44	748.9	2	ddc8008cdeaf
ours	varying	1	45	915.1	3	ddc8008cdeaf
ours	varying	1	46	1215.0	5	ddc8008cdeaf
ours	varying	1	47	1436.9	6	ddc8008cdeaf
ours	varying	1	48	742.2	2	ddc8008cdeaf
ours	varying	1	49	908.9	3	ddc8008cdeaf
ours	varying	1	50	2252.8	5	ddc8008cdeaf
ours	varying	1	51	1411.9	6	ddc8008cdeaf
ours	varying	1	52	739.8	2	ddc8008cdeaf
ours	varying	1	53	922.0	3	ddc8008cdeaf
ours	varying	1	54	1246.0	5	ddc8008cdeaf
ours	varying	1	55	1426.0	6	ddc8008cdeaf
ours	varying	1	56	730.0	2	ddc8008cdeaf
ours	varying	1	57	916.0	3	ddc8008cdeaf
ours	varying	1	58	1220.9	5	ddc8008cdeaf
ours	varying	1	59	1395.9	6	ddc8008cdeaf
ours	varying	1	60	741.0	2	ddc8008cdeaf
ours	varying	1	61	1932.9	3	ddc8008cdeaf
ours	varying	1	62	1223.1	5	ddc8008cdeaf
ours	varying	1	63	1374.0	6	ddc8008cdeaf
ours	varying	1	64	740.1	2	ddc8008cdeaf
ours	varying	1	65	923.2	3	ddc8008cdeaf
ours	varying	1	66	1209.0	5	ddc8008cdeaf
ours	varying	1	67	1457.9	6	ddc8008cdeaf
ours	varying	1	68	738.9	2	ddc8008cdeaf
ours	varying	1	69	901.0	3	ddc8008cdeaf
ours	varying	1	70	1220.9	5	ddc8008cdeaf
ours	varying	1	71	1385.9	6	ddc8008cdeaf
ours	varying	1	72	762.9	2	ddc8008cdeaf
ours	varying	1	73	1941.9	3	ddc8008cdeaf
ours	varying	1	74	1218.8	5	ddc8008cdeaf
ours	varying	1	75	1374.0	6	ddc8008cdeaf
ours	varying	1	76	749.1	2	ddc8008cdeaf
ours	varying	1	77	894.8	3	ddc8008cdeaf
ours	varying	1	78	1233.8	5	ddc8008cdeaf
ours	varying	1	79	1388.8	6	ddc8008cdeaf
ours	varying	1	80	749.8	2	ddc8008cdeaf
ours	varying	1	81	916.0	3	ddc8008cdeaf
ours	varying	1	82	1208.8	5	ddc8008cdeaf
ours	varying	1	83	1367.8	6	ddc8008cdeaf
ours	varying	1	84	742.9	2	ddc8008cdeaf
ours	varying	1	85	1024.0	3	ddc8008cdeaf
ours	varying	1	86	3227.0	5	ddc8008cdeaf
ours	varying	1	87	1380.0	6	ddc8008cdeaf
ours	varying	1	88	768.2	2	ddc8008cdeaf
ours	varying	1	89	912.9	3	ddc8008cdeaf
ours	varying	1	90	1261.0	5	ddc8008cdeaf
ours	varying	1	91	1395.0	6	ddc8008cdeaf
ours	varying	1	92	753.9	2	ddc8008cdeaf
ours	varying	1	93	901.0	3	ddc8008cdeaf
ours	varying	1	94	1236.9	5	ddc8008cdeaf
ours	varying	1	95	1375.0	6	ddc8008cdeaf
ours	varying	1	96	770.1	2	ddc8008cdeaf
ours	varying	1	97	907.2	3	ddc8008cdeaf
ours	varying	1	98	1233.8	5	ddc8008cdeaf
ours	varying	1	99	1386.9	6	ddc8008cdeaf
ours	varying	1	100	755.1	2	ddc8008cdeaf
ours	varying	1	101	905.0	3	ddc8008cdeaf
ours	varying	1	102	1184.0	5	ddc8008cdeaf
ours	varying	1	103	1334.9	6	ddc8008cdeaf
ours	varying	1	104	745.1	2	ddc8008cdeaf
ours	varying	1	105	1960.0	3	ddc8008cdeaf
ours	varying	1	106	1199.0	5	ddc8008cdeaf
ours	varying	1	107	1397.1	6	ddc8008cdeaf
ours	varying	1	108	746.0	2	ddc8008cdeaf
ours	varying	1	109	900.0	3	ddc8008cdeaf
ours	varying	1	110	1174.9	5	ddc8008cdeaf
ours	varying	1	111	1338.0	6	ddc8008cdeaf
ours	varying	1	112	731.9	2	ddc8008cdeaf
ours	varying	1	113	883.8	3	ddc8008cdeaf
ours	varying	1	114	1194.0	5	ddc8008cdeaf
ours	varying	1	115	1354.0	6	ddc8008cdeaf
ours	varying	1	116	729.1	2	ddc8008cdeaf
ours	varying	1	117	900.0	3	ddc8008cdeaf
ours	varying	1	118	1192.1	5	ddc8008cdeaf
ours	varying	1	119	1330.9	6	ddc8008cdeaf
ours	varying	1	120	775.8	2	ddc8008cdeaf
ours	varying	1	121	917.2	3	ddc8008cdeaf
ours	varying	1	122	1171.8	5	ddc8008cdeaf
ours	varying	1	123	2370.8	6	ddc8008cdeaf
ours	varying	1	124	751.0	2	ddc8008cdeaf
ours	varying	1	125	885.0	3	ddc8008cdeaf
ours	varying	1	126	1183.0	5	ddc8008cdeaf
ours	varying	1	127	1352.1	6	ddc8008cdeaf
ours	varying	1	128	725.0	2	ddc8008cdeaf
ours	varying	1	129	881.0	3	ddc8008cdeaf
ours	varying	1	130	1193.0	5	ddc8008cdeaf
ours	varying	1	131	1305.1	6	ddc8008cdeaf
ours	varying	1	132	712.2	2	ddc8008cdeaf
ours	varying	1	133	905.0	3	ddc8008cdeaf
ours	varying	1	134	1164.9	5	ddc8008cdeaf
ours	varying	1	135	1340.2	6	ddc8008cdeaf
ours	varying	1	136	742.9	2	ddc8008cdeaf
ours	varying	1	137	881.9	3	ddc8008cdeaf
ours	varying	1	138	1187.1	5	ddc8008cdeaf
ours	varying	1	139	1321.1	6	ddc8008cdeaf
ours	varying	1	140	714.1	2	ddc8008cdeaf
ours	varying	1	141	890.0	3	ddc8008cdeaf
ours	varying	1	142	1184.9	5	ddc8008cdeaf
ours	varying	1	143	1339.2	6	ddc8008cdeaf
ours	varying	1	144	732.9	2	ddc8008cdeaf
ours	varying	1	145	2197.0	3	ddc8008cdeaf
ours	varying	1	146	1191.1	5	ddc8008cdeaf
ours	varying	1	147	1337.1	6	ddc8008cdeaf
ours	varying	1	148	737.9	2	ddc8008cdeaf
ours	varying	1	149	872.9	3	ddc8008cdeaf
ours	varying	1	150	1162.1	5	ddc8008cdeaf
ours	varying	1	151	1353.0	6	ddc8008cdeaf
ours	varying	1	152	734.8	2	ddc8008cdeaf
ours	varying	1	153	886.0	3	ddc8008cdeaf
ours	varying	1	154	1184.9	5	ddc8008cdeaf
ours	varying	1	155	1335.9	6	ddc8008cdeaf
ours	varying	1	156	751.0	2	ddc8008cdeaf
ours	varying	1	157	854.0	3	ddc8008cdeaf
ours	varying	1	158	1167.1	5	ddc8008cdeaf
ours	varying	1	159	1344.0	6	ddc8008cdeaf
ours	varying	1	160	731.9	2	ddc8008cdeaf
ours	varying	1	161	875.9	3	ddc8008cdeaf
ours	varying	1	162	1189.0	5	ddc8008cdeaf
ours	varying	1	163	1341.8	6	ddc8008cdeaf
ours	varying	1	164	1753.8	2	ddc8008cdeaf
ours	varying	1	165	890.0	3	ddc8008cdeaf
ours	varying	1	166	1172.1	5	ddc8008cdeaf
ours	varying	1	167	1400.0	6	ddc8008cdeaf
ours	varying	1	168	714.1	2	ddc8008cdeaf
ours	varying	1	169	876.9	3	ddc8008cdeaf
ours	varying	1	170	1179.9	5	ddc8008cdeaf
ours	varying	1	171	1380.9	6	ddc8008cdeaf
ours	varying	1	172	731.0	2	ddc8008cdeaf
ours	varying	1	173	882.9	3	ddc8008cdeaf
ours	varying	1	174	1210.9	5	ddc8008cdeaf
ours	varying	1	175	1335.1	6	ddc8008cdeaf
ours	varying	1	176	728.8	2	ddc8008cdeaf
ours	varying	1	177	894.1	3	ddc8008cdeaf
ours	varying	1	178	1204.0	5	ddc8008cdeaf
ours	varying	1	179	1338.0	6	ddc8008cdeaf
ours	varying	1	180	767.0	2	ddc8008cdeaf
ours	varying	1	181	937.9	3	ddc8008cdeaf
ours	varying	1	182	1174.0	5	ddc8008cdeaf
ours	varying	1	183	1349.0	6	ddc8008cdeaf
ours	varying	1	184	737.9	2	ddc8008cdeaf
ours	varying	1	185	883.1	3	ddc8008cdeaf
ours	varying	1	186	1179.0	5	ddc8008cdeaf
ours	varying	1	187	2734.2	6	ddc8008cdeaf
ours	varying	1	188	742.9	2	ddc8008cdeaf
ours	varying	1	189	870.0	3	ddc8008cdeaf
ours	varying	1	190	1170.9	5	ddc8008cdeaf
ours	varying	1	191	1336.1	6	ddc8008cdeaf
ours	varying	1	192	732.9	2	ddc8008cdeaf
ours	varying	1	193	874.0	3	ddc8008cdeaf
ours	varying	1	194	1206.2	5	ddc8008cdeaf
ours	varying	1	195	1334.9	6	ddc8008cdeaf
ours	varying	1	196	728.8	2	ddc8008cdeaf
ours	varying	1	197	877.1	3	ddc8008cdeaf
ours	varying	1	198	1176.1	5	ddc8008cdeaf
ours	varying	1	199	1329.9	6	ddc8008cdeaf
torch-eager	varying	1	0	103621.5	2	torch-2.14.0+cu130
torch-eager	varying	1	1	1683.5	3	torch-2.14.0+cu130
torch-eager	varying	1	2	2276.2	5	torch-2.14.0+cu130
torch-eager	varying	1	3	2673.9	6	torch-2.14.0+cu130
torch-eager	varying	1	4	1216.7	2	torch-2.14.0+cu130
torch-eager	varying	1	5	1552.6	3	torch-2.14.0+cu130
torch-eager	varying	1	6	2283.6	5	torch-2.14.0+cu130
torch-eager	varying	1	7	2630.2	6	torch-2.14.0+cu130
torch-eager	varying	1	8	1196.9	2	torch-2.14.0+cu130
torch-eager	varying	1	9	1575.7	3	torch-2.14.0+cu130
torch-eager	varying	1	10	2290.7	5	torch-2.14.0+cu130
torch-eager	varying	1	11	2620.9	6	torch-2.14.0+cu130
torch-eager	varying	1	12	1216.4	2	torch-2.14.0+cu130
torch-eager	varying	1	13	1548.8	3	torch-2.14.0+cu130
torch-eager	varying	1	14	2273.6	5	torch-2.14.0+cu130
torch-eager	varying	1	15	2672.0	6	torch-2.14.0+cu130
torch-eager	varying	1	16	1200.0	2	torch-2.14.0+cu130
torch-eager	varying	1	17	1547.8	3	torch-2.14.0+cu130
torch-eager	varying	1	18	2258.3	5	torch-2.14.0+cu130
torch-eager	varying	1	19	2634.0	6	torch-2.14.0+cu130
torch-eager	varying	1	20	1201.4	2	torch-2.14.0+cu130
torch-eager	varying	1	21	1549.2	3	torch-2.14.0+cu130
torch-eager	varying	1	22	2245.4	5	torch-2.14.0+cu130
torch-eager	varying	1	23	2632.9	6	torch-2.14.0+cu130
torch-eager	varying	1	24	1184.0	2	torch-2.14.0+cu130
torch-eager	varying	1	25	1544.2	3	torch-2.14.0+cu130
torch-eager	varying	1	26	2277.4	5	torch-2.14.0+cu130
torch-eager	varying	1	27	2633.1	6	torch-2.14.0+cu130
torch-eager	varying	1	28	1184.5	2	torch-2.14.0+cu130
torch-eager	varying	1	29	1544.7	3	torch-2.14.0+cu130
torch-eager	varying	1	30	2259.0	5	torch-2.14.0+cu130
torch-eager	varying	1	31	2641.0	6	torch-2.14.0+cu130
torch-eager	varying	1	32	1195.2	2	torch-2.14.0+cu130
torch-eager	varying	1	33	1550.7	3	torch-2.14.0+cu130
torch-eager	varying	1	34	2257.8	5	torch-2.14.0+cu130
torch-eager	varying	1	35	2628.8	6	torch-2.14.0+cu130
torch-eager	varying	1	36	1204.7	2	torch-2.14.0+cu130
torch-eager	varying	1	37	1556.6	3	torch-2.14.0+cu130
torch-eager	varying	1	38	2250.0	5	torch-2.14.0+cu130
torch-eager	varying	1	39	2641.9	6	torch-2.14.0+cu130
torch-eager	varying	1	40	1227.6	2	torch-2.14.0+cu130
torch-eager	varying	1	41	1549.5	3	torch-2.14.0+cu130
torch-eager	varying	1	42	2294.5	5	torch-2.14.0+cu130
torch-eager	varying	1	43	2646.7	6	torch-2.14.0+cu130
torch-eager	varying	1	44	1278.2	2	torch-2.14.0+cu130
torch-eager	varying	1	45	1650.3	3	torch-2.14.0+cu130
torch-eager	varying	1	46	2410.7	5	torch-2.14.0+cu130
torch-eager	varying	1	47	2777.8	6	torch-2.14.0+cu130
torch-eager	varying	1	48	1247.6	2	torch-2.14.0+cu130
torch-eager	varying	1	49	1616.7	3	torch-2.14.0+cu130
torch-eager	varying	1	50	2382.5	5	torch-2.14.0+cu130
torch-eager	varying	1	51	2771.6	6	torch-2.14.0+cu130
torch-eager	varying	1	52	1265.5	2	torch-2.14.0+cu130
torch-eager	varying	1	53	1639.6	3	torch-2.14.0+cu130
torch-eager	varying	1	54	2392.3	5	torch-2.14.0+cu130
torch-eager	varying	1	55	2780.4	6	torch-2.14.0+cu130
torch-eager	varying	1	56	1255.8	2	torch-2.14.0+cu130
torch-eager	varying	1	57	1610.5	3	torch-2.14.0+cu130
torch-eager	varying	1	58	2374.6	5	torch-2.14.0+cu130
torch-eager	varying	1	59	2771.6	6	torch-2.14.0+cu130
torch-eager	varying	1	60	1251.2	2	torch-2.14.0+cu130
torch-eager	varying	1	61	1623.2	3	torch-2.14.0+cu130
torch-eager	varying	1	62	2395.6	5	torch-2.14.0+cu130
torch-eager	varying	1	63	2762.3	6	torch-2.14.0+cu130
torch-eager	varying	1	64	1222.4	2	torch-2.14.0+cu130
torch-eager	varying	1	65	1622.4	3	torch-2.14.0+cu130
torch-eager	varying	1	66	2368.9	5	torch-2.14.0+cu130
torch-eager	varying	1	67	2762.3	6	torch-2.14.0+cu130
torch-eager	varying	1	68	1254.6	2	torch-2.14.0+cu130
torch-eager	varying	1	69	1635.6	3	torch-2.14.0+cu130
torch-eager	varying	1	70	2429.5	5	torch-2.14.0+cu130
torch-eager	varying	1	71	2772.3	6	torch-2.14.0+cu130
torch-eager	varying	1	72	1277.9	2	torch-2.14.0+cu130
torch-eager	varying	1	73	1621.2	3	torch-2.14.0+cu130
torch-eager	varying	1	74	2414.7	5	torch-2.14.0+cu130
torch-eager	varying	1	75	2740.1	6	torch-2.14.0+cu130
torch-eager	varying	1	76	1239.3	2	torch-2.14.0+cu130
torch-eager	varying	1	77	1620.5	3	torch-2.14.0+cu130
torch-eager	varying	1	78	2366.1	5	torch-2.14.0+cu130
torch-eager	varying	1	79	2792.1	6	torch-2.14.0+cu130
torch-eager	varying	1	80	1263.4	2	torch-2.14.0+cu130
torch-eager	varying	1	81	1622.9	3	torch-2.14.0+cu130
torch-eager	varying	1	82	2393.2	5	torch-2.14.0+cu130
torch-eager	varying	1	83	2807.6	6	torch-2.14.0+cu130
torch-eager	varying	1	84	1263.9	2	torch-2.14.0+cu130
torch-eager	varying	1	85	1662.7	3	torch-2.14.0+cu130
torch-eager	varying	1	86	2397.5	5	torch-2.14.0+cu130
torch-eager	varying	1	87	2757.5	6	torch-2.14.0+cu130
torch-eager	varying	1	88	1238.1	2	torch-2.14.0+cu130
torch-eager	varying	1	89	1606.0	3	torch-2.14.0+cu130
torch-eager	varying	1	90	2394.7	5	torch-2.14.0+cu130
torch-eager	varying	1	91	2755.9	6	torch-2.14.0+cu130
torch-eager	varying	1	92	1275.3	2	torch-2.14.0+cu130
torch-eager	varying	1	93	1634.4	3	torch-2.14.0+cu130
torch-eager	varying	1	94	2404.9	5	torch-2.14.0+cu130
torch-eager	varying	1	95	2796.6	6	torch-2.14.0+cu130
torch-eager	varying	1	96	1244.8	2	torch-2.14.0+cu130
torch-eager	varying	1	97	1633.9	3	torch-2.14.0+cu130
torch-eager	varying	1	98	2367.0	5	torch-2.14.0+cu130
torch-eager	varying	1	99	2775.4	6	torch-2.14.0+cu130
torch-eager	varying	1	100	1243.8	2	torch-2.14.0+cu130
torch-eager	varying	1	101	1606.2	3	torch-2.14.0+cu130
torch-eager	varying	1	102	2390.9	5	torch-2.14.0+cu130
torch-eager	varying	1	103	2734.2	6	torch-2.14.0+cu130
torch-eager	varying	1	104	1240.7	2	torch-2.14.0+cu130
torch-eager	varying	1	105	1633.4	3	torch-2.14.0+cu130
torch-eager	varying	1	106	2371.8	5	torch-2.14.0+cu130
torch-eager	varying	1	107	2738.5	6	torch-2.14.0+cu130
torch-eager	varying	1	108	1239.1	2	torch-2.14.0+cu130
torch-eager	varying	1	109	1625.1	3	torch-2.14.0+cu130
torch-eager	varying	1	110	2366.1	5	torch-2.14.0+cu130
torch-eager	varying	1	111	2785.9	6	torch-2.14.0+cu130
torch-eager	varying	1	112	1214.7	2	torch-2.14.0+cu130
torch-eager	varying	1	113	1623.6	3	torch-2.14.0+cu130
torch-eager	varying	1	114	2376.1	5	torch-2.14.0+cu130
torch-eager	varying	1	115	2763.5	6	torch-2.14.0+cu130
torch-eager	varying	1	116	1241.0	2	torch-2.14.0+cu130
torch-eager	varying	1	117	1650.1	3	torch-2.14.0+cu130
torch-eager	varying	1	118	2386.8	5	torch-2.14.0+cu130
torch-eager	varying	1	119	2743.2	6	torch-2.14.0+cu130
torch-eager	varying	1	120	1266.5	2	torch-2.14.0+cu130
torch-eager	varying	1	121	1635.6	3	torch-2.14.0+cu130
torch-eager	varying	1	122	2427.1	5	torch-2.14.0+cu130
torch-eager	varying	1	123	2751.6	6	torch-2.14.0+cu130
torch-eager	varying	1	124	1239.5	2	torch-2.14.0+cu130
torch-eager	varying	1	125	1622.4	3	torch-2.14.0+cu130
torch-eager	varying	1	126	2417.8	5	torch-2.14.0+cu130
torch-eager	varying	1	127	2756.4	6	torch-2.14.0+cu130
torch-eager	varying	1	128	1268.1	2	torch-2.14.0+cu130
torch-eager	varying	1	129	1640.8	3	torch-2.14.0+cu130
torch-eager	varying	1	130	2400.4	5	torch-2.14.0+cu130
torch-eager	varying	1	131	2770.7	6	torch-2.14.0+cu130
torch-eager	varying	1	132	1236.2	2	torch-2.14.0+cu130
torch-eager	varying	1	133	1627.9	3	torch-2.14.0+cu130
torch-eager	varying	1	134	2383.0	5	torch-2.14.0+cu130
torch-eager	varying	1	135	2762.6	6	torch-2.14.0+cu130
torch-eager	varying	1	136	1258.9	2	torch-2.14.0+cu130
torch-eager	varying	1	137	1608.4	3	torch-2.14.0+cu130
torch-eager	varying	1	138	2369.9	5	torch-2.14.0+cu130
torch-eager	varying	1	139	2773.3	6	torch-2.14.0+cu130
torch-eager	varying	1	140	1286.0	2	torch-2.14.0+cu130
torch-eager	varying	1	141	1602.4	3	torch-2.14.0+cu130
torch-eager	varying	1	142	2373.9	5	torch-2.14.0+cu130
torch-eager	varying	1	143	2767.1	6	torch-2.14.0+cu130
torch-eager	varying	1	144	1231.9	2	torch-2.14.0+cu130
torch-eager	varying	1	145	1637.5	3	torch-2.14.0+cu130
torch-eager	varying	1	146	2400.2	5	torch-2.14.0+cu130
torch-eager	varying	1	147	2747.8	6	torch-2.14.0+cu130
torch-eager	varying	1	148	1247.2	2	torch-2.14.0+cu130
torch-eager	varying	1	149	1598.4	3	torch-2.14.0+cu130
torch-eager	varying	1	150	2372.5	5	torch-2.14.0+cu130
torch-eager	varying	1	151	2763.3	6	torch-2.14.0+cu130
torch-eager	varying	1	152	1220.0	2	torch-2.14.0+cu130
torch-eager	varying	1	153	1602.2	3	torch-2.14.0+cu130
torch-eager	varying	1	154	2373.7	5	torch-2.14.0+cu130
torch-eager	varying	1	155	2739.2	6	torch-2.14.0+cu130
torch-eager	varying	1	156	1233.1	2	torch-2.14.0+cu130
torch-eager	varying	1	157	1608.4	3	torch-2.14.0+cu130
torch-eager	varying	1	158	2414.2	5	torch-2.14.0+cu130
torch-eager	varying	1	159	2756.1	6	torch-2.14.0+cu130
torch-eager	varying	1	160	1277.7	2	torch-2.14.0+cu130
torch-eager	varying	1	161	1608.6	3	torch-2.14.0+cu130
torch-eager	varying	1	162	2397.5	5	torch-2.14.0+cu130
torch-eager	varying	1	163	2756.1	6	torch-2.14.0+cu130
torch-eager	varying	1	164	1231.2	2	torch-2.14.0+cu130
torch-eager	varying	1	165	1608.1	3	torch-2.14.0+cu130
torch-eager	varying	1	166	2393.0	5	torch-2.14.0+cu130
torch-eager	varying	1	167	2747.5	6	torch-2.14.0+cu130
torch-eager	varying	1	168	1229.5	2	torch-2.14.0+cu130
torch-eager	varying	1	169	1610.3	3	torch-2.14.0+cu130
torch-eager	varying	1	170	2363.4	5	torch-2.14.0+cu130
torch-eager	varying	1	171	2754.4	6	torch-2.14.0+cu130
torch-eager	varying	1	172	1226.4	2	torch-2.14.0+cu130
torch-eager	varying	1	173	1620.3	3	torch-2.14.0+cu130
torch-eager	varying	1	174	2387.5	5	torch-2.14.0+cu130
torch-eager	varying	1	175	2763.5	6	torch-2.14.0+cu130
torch-eager	varying	1	176	1273.2	2	torch-2.14.0+cu130
torch-eager	varying	1	177	1608.4	3	torch-2.14.0+cu130
torch-eager	varying	1	178	2386.1	5	torch-2.14.0+cu130
torch-eager	varying	1	179	2745.2	6	torch-2.14.0+cu130
torch-eager	varying	1	180	1237.6	2	torch-2.14.0+cu130
torch-eager	varying	1	181	1688.2	3	torch-2.14.0+cu130
torch-eager	varying	1	182	2389.9	5	torch-2.14.0+cu130
torch-eager	varying	1	183	2781.9	6	torch-2.14.0+cu130
torch-eager	varying	1	184	1238.1	2	torch-2.14.0+cu130
torch-eager	varying	1	185	1623.6	3	torch-2.14.0+cu130
torch-eager	varying	1	186	2377.0	5	torch-2.14.0+cu130
torch-eager	varying	1	187	2768.5	6	torch-2.14.0+cu130
torch-eager	varying	1	188	1290.6	2	torch-2.14.0+cu130
torch-eager	varying	1	189	1628.6	3	torch-2.14.0+cu130
torch-eager	varying	1	190	2384.7	5	torch-2.14.0+cu130
torch-eager	varying	1	191	2747.8	6	torch-2.14.0+cu130
torch-eager	varying	1	192	1265.0	2	torch-2.14.0+cu130
torch-eager	varying	1	193	1625.5	3	torch-2.14.0+cu130
torch-eager	varying	1	194	2348.7	5	torch-2.14.0+cu130
torch-eager	varying	1	195	2797.1	6	torch-2.14.0+cu130
torch-eager	varying	1	196	1247.6	2	torch-2.14.0+cu130
torch-eager	varying	1	197	1552.1	3	torch-2.14.0+cu130
torch-eager	varying	1	198	2232.1	5	torch-2.14.0+cu130
torch-eager	varying	1	199	2623.1	6	torch-2.14.0+cu130
torch-compile	varying	1	0	805796.4	2	torch-2.14.0+cu130
torch-compile	varying	1	1	1498.5	3	torch-2.14.0+cu130
torch-compile	varying	1	2	1770.7	5	torch-2.14.0+cu130
torch-compile	varying	1	3	1988.6	6	torch-2.14.0+cu130
torch-compile	varying	1	4	1032.4	2	torch-2.14.0+cu130
torch-compile	varying	1	5	1267.7	3	torch-2.14.0+cu130
torch-compile	varying	1	6	1748.8	5	torch-2.14.0+cu130
torch-compile	varying	1	7	2000.1	6	torch-2.14.0+cu130
torch-compile	varying	1	8	1036.6	2	torch-2.14.0+cu130
torch-compile	varying	1	9	1277.9	3	torch-2.14.0+cu130
torch-compile	varying	1	10	1852.0	5	torch-2.14.0+cu130
torch-compile	varying	1	11	1983.9	6	torch-2.14.0+cu130
torch-compile	varying	1	12	1062.4	2	torch-2.14.0+cu130
torch-compile	varying	1	13	1256.9	3	torch-2.14.0+cu130
torch-compile	varying	1	14	1740.0	5	torch-2.14.0+cu130
torch-compile	varying	1	15	2000.6	6	torch-2.14.0+cu130
torch-compile	varying	1	16	1008.5	2	torch-2.14.0+cu130
torch-compile	varying	1	17	1250.5	3	torch-2.14.0+cu130
torch-compile	varying	1	18	1724.7	5	torch-2.14.0+cu130
torch-compile	varying	1	19	1977.4	6	torch-2.14.0+cu130
torch-compile	varying	1	20	1030.9	2	torch-2.14.0+cu130
torch-compile	varying	1	21	1343.3	3	torch-2.14.0+cu130
torch-compile	varying	1	22	1774.8	5	torch-2.14.0+cu130
torch-compile	varying	1	23	1993.2	6	torch-2.14.0+cu130
torch-compile	varying	1	24	1045.2	2	torch-2.14.0+cu130
torch-compile	varying	1	25	1295.6	3	torch-2.14.0+cu130
torch-compile	varying	1	26	1769.1	5	torch-2.14.0+cu130
torch-compile	varying	1	27	2014.9	6	torch-2.14.0+cu130
torch-compile	varying	1	28	1005.4	2	torch-2.14.0+cu130
torch-compile	varying	1	29	1253.4	3	torch-2.14.0+cu130
torch-compile	varying	1	30	1743.3	5	torch-2.14.0+cu130
torch-compile	varying	1	31	2032.3	6	torch-2.14.0+cu130
torch-compile	varying	1	32	1154.9	2	torch-2.14.0+cu130
torch-compile	varying	1	33	1310.1	3	torch-2.14.0+cu130
torch-compile	varying	1	34	1744.3	5	torch-2.14.0+cu130
torch-compile	varying	1	35	1975.3	6	torch-2.14.0+cu130
torch-compile	varying	1	36	1007.1	2	torch-2.14.0+cu130
torch-compile	varying	1	37	1250.3	3	torch-2.14.0+cu130
torch-compile	varying	1	38	1735.0	5	torch-2.14.0+cu130
torch-compile	varying	1	39	1969.6	6	torch-2.14.0+cu130
torch-compile	varying	1	40	1008.3	2	torch-2.14.0+cu130
torch-compile	varying	1	41	1246.0	3	torch-2.14.0+cu130
torch-compile	varying	1	42	1740.0	5	torch-2.14.0+cu130
torch-compile	varying	1	43	2085.9	6	torch-2.14.0+cu130
torch-compile	varying	1	44	1052.6	2	torch-2.14.0+cu130
torch-compile	varying	1	45	1249.8	3	torch-2.14.0+cu130
torch-compile	varying	1	46	1740.7	5	torch-2.14.0+cu130
torch-compile	varying	1	47	1968.6	6	torch-2.14.0+cu130
torch-compile	varying	1	48	1069.5	2	torch-2.14.0+cu130
torch-compile	varying	1	49	1263.4	3	torch-2.14.0+cu130
torch-compile	varying	1	50	1794.8	5	torch-2.14.0+cu130
torch-compile	varying	1	51	1996.8	6	torch-2.14.0+cu130
torch-compile	varying	1	52	1019.7	2	torch-2.14.0+cu130
torch-compile	varying	1	53	1267.2	3	torch-2.14.0+cu130
torch-compile	varying	1	54	1842.3	5	torch-2.14.0+cu130
torch-compile	varying	1	55	1966.2	6	torch-2.14.0+cu130
torch-compile	varying	1	56	1002.8	2	torch-2.14.0+cu130
torch-compile	varying	1	57	1271.7	3	torch-2.14.0+cu130
torch-compile	varying	1	58	1727.8	5	torch-2.14.0+cu130
torch-compile	varying	1	59	1976.0	6	torch-2.14.0+cu130
torch-compile	varying	1	60	997.3	2	torch-2.14.0+cu130
torch-compile	varying	1	61	1244.1	3	torch-2.14.0+cu130
torch-compile	varying	1	62	1730.2	5	torch-2.14.0+cu130
torch-compile	varying	1	63	1986.5	6	torch-2.14.0+cu130
torch-compile	varying	1	64	1073.8	2	torch-2.14.0+cu130
torch-compile	varying	1	65	1358.5	3	torch-2.14.0+cu130
torch-compile	varying	1	66	1731.4	5	torch-2.14.0+cu130
torch-compile	varying	1	67	1949.8	6	torch-2.14.0+cu130
torch-compile	varying	1	68	994.7	2	torch-2.14.0+cu130
torch-compile	varying	1	69	1252.4	3	torch-2.14.0+cu130
torch-compile	varying	1	70	1702.5	5	torch-2.14.0+cu130
torch-compile	varying	1	71	1956.2	6	torch-2.14.0+cu130
torch-compile	varying	1	72	989.9	2	torch-2.14.0+cu130
torch-compile	varying	1	73	1264.8	3	torch-2.14.0+cu130
torch-compile	varying	1	74	1713.3	5	torch-2.14.0+cu130
torch-compile	varying	1	75	1981.3	6	torch-2.14.0+cu130
torch-compile	varying	1	76	1115.6	2	torch-2.14.0+cu130
torch-compile	varying	1	77	1243.8	3	torch-2.14.0+cu130
torch-compile	varying	1	78	1760.0	5	torch-2.14.0+cu130
torch-compile	varying	1	79	1945.5	6	torch-2.14.0+cu130
torch-compile	varying	1	80	1027.6	2	torch-2.14.0+cu130
torch-compile	varying	1	81	1262.2	3	torch-2.14.0+cu130
torch-compile	varying	1	82	1729.5	5	torch-2.14.0+cu130
torch-compile	varying	1	83	1967.9	6	torch-2.14.0+cu130
torch-compile	varying	1	84	1017.6	2	torch-2.14.0+cu130
torch-compile	varying	1	85	1244.5	3	torch-2.14.0+cu130
torch-compile	varying	1	86	1700.2	5	torch-2.14.0+cu130
torch-compile	varying	1	87	2120.7	6	torch-2.14.0+cu130
torch-compile	varying	1	88	1042.6	2	torch-2.14.0+cu130
torch-compile	varying	1	89	1294.4	3	torch-2.14.0+cu130
torch-compile	varying	1	90	1750.5	5	torch-2.14.0+cu130
torch-compile	varying	1	91	1978.6	6	torch-2.14.0+cu130
torch-compile	varying	1	92	1032.1	2	torch-2.14.0+cu130
torch-compile	varying	1	93	1281.5	3	torch-2.14.0+cu130
torch-compile	varying	1	94	1753.1	5	torch-2.14.0+cu130
torch-compile	varying	1	95	1997.0	6	torch-2.14.0+cu130
torch-compile	varying	1	96	1027.8	2	torch-2.14.0+cu130
torch-compile	varying	1	97	1264.6	3	torch-2.14.0+cu130
torch-compile	varying	1	98	1812.5	5	torch-2.14.0+cu130
torch-compile	varying	1	99	1944.5	6	torch-2.14.0+cu130
torch-compile	varying	1	100	1001.1	2	torch-2.14.0+cu130
torch-compile	varying	1	101	1251.0	3	torch-2.14.0+cu130
torch-compile	varying	1	102	1759.5	5	torch-2.14.0+cu130
torch-compile	varying	1	103	1952.6	6	torch-2.14.0+cu130
torch-compile	varying	1	104	1021.9	2	torch-2.14.0+cu130
torch-compile	varying	1	105	1230.2	3	torch-2.14.0+cu130
torch-compile	varying	1	106	1706.1	5	torch-2.14.0+cu130
torch-compile	varying	1	107	1961.0	6	torch-2.14.0+cu130
torch-compile	varying	1	108	1010.2	2	torch-2.14.0+cu130
torch-compile	varying	1	109	1293.7	3	torch-2.14.0+cu130
torch-compile	varying	1	110	1732.3	5	torch-2.14.0+cu130
torch-compile	varying	1	111	1941.9	6	torch-2.14.0+cu130
torch-compile	varying	1	112	999.9	2	torch-2.14.0+cu130
torch-compile	varying	1	113	1230.7	3	torch-2.14.0+cu130
torch-compile	varying	1	114	1727.8	5	torch-2.14.0+cu130
torch-compile	varying	1	115	1939.1	6	torch-2.14.0+cu130
torch-compile	varying	1	116	999.2	2	torch-2.14.0+cu130
torch-compile	varying	1	117	1258.1	3	torch-2.14.0+cu130
torch-compile	varying	1	118	1783.6	5	torch-2.14.0+cu130
torch-compile	varying	1	119	1971.2	6	torch-2.14.0+cu130
torch-compile	varying	1	120	1069.8	2	torch-2.14.0+cu130
torch-compile	varying	1	121	1256.7	3	torch-2.14.0+cu130
torch-compile	varying	1	122	1737.1	5	torch-2.14.0+cu130
torch-compile	varying	1	123	1943.6	6	torch-2.14.0+cu130
torch-compile	varying	1	124	1020.4	2	torch-2.14.0+cu130
torch-compile	varying	1	125	1238.1	3	torch-2.14.0+cu130
torch-compile	varying	1	126	1744.7	5	torch-2.14.0+cu130
torch-compile	varying	1	127	1946.7	6	torch-2.14.0+cu130
torch-compile	varying	1	128	1009.2	2	torch-2.14.0+cu130
torch-compile	varying	1	129	1254.1	3	torch-2.14.0+cu130
torch-compile	varying	1	130	1772.2	5	torch-2.14.0+cu130
torch-compile	varying	1	131	2056.4	6	torch-2.14.0+cu130
torch-compile	varying	1	132	1014.5	2	torch-2.14.0+cu130
torch-compile	varying	1	133	1274.8	3	torch-2.14.0+cu130
torch-compile	varying	1	134	1728.5	5	torch-2.14.0+cu130
torch-compile	varying	1	135	1946.4	6	torch-2.14.0+cu130
torch-compile	varying	1	136	998.7	2	torch-2.14.0+cu130
torch-compile	varying	1	137	1245.0	3	torch-2.14.0+cu130
torch-compile	varying	1	138	1736.2	5	torch-2.14.0+cu130
torch-compile	varying	1	139	1965.5	6	torch-2.14.0+cu130
torch-compile	varying	1	140	1014.2	2	torch-2.14.0+cu130
torch-compile	varying	1	141	1246.2	3	torch-2.14.0+cu130
torch-compile	varying	1	142	1743.1	5	torch-2.14.0+cu130
torch-compile	varying	1	143	2019.6	6	torch-2.14.0+cu130
torch-compile	varying	1	144	1005.6	2	torch-2.14.0+cu130
torch-compile	varying	1	145	1242.2	3	torch-2.14.0+cu130
torch-compile	varying	1	146	1709.2	5	torch-2.14.0+cu130
torch-compile	varying	1	147	1970.1	6	torch-2.14.0+cu130
torch-compile	varying	1	148	1031.2	2	torch-2.14.0+cu130
torch-compile	varying	1	149	1262.4	3	torch-2.14.0+cu130
torch-compile	varying	1	150	1723.3	5	torch-2.14.0+cu130
torch-compile	varying	1	151	1950.5	6	torch-2.14.0+cu130
torch-compile	varying	1	152	991.6	2	torch-2.14.0+cu130
torch-compile	varying	1	153	1232.1	3	torch-2.14.0+cu130
torch-compile	varying	1	154	1880.4	5	torch-2.14.0+cu130
torch-compile	varying	1	155	1950.7	6	torch-2.14.0+cu130
torch-compile	varying	1	156	1014.9	2	torch-2.14.0+cu130
torch-compile	varying	1	157	1220.5	3	torch-2.14.0+cu130
torch-compile	varying	1	158	1736.2	5	torch-2.14.0+cu130
torch-compile	varying	1	159	1925.0	6	torch-2.14.0+cu130
torch-compile	varying	1	160	1009.2	2	torch-2.14.0+cu130
torch-compile	varying	1	161	1277.7	3	torch-2.14.0+cu130
torch-compile	varying	1	162	1703.7	5	torch-2.14.0+cu130
torch-compile	varying	1	163	1955.5	6	torch-2.14.0+cu130
torch-compile	varying	1	164	1010.2	2	torch-2.14.0+cu130
torch-compile	varying	1	165	1389.0	3	torch-2.14.0+cu130
torch-compile	varying	1	166	1702.5	5	torch-2.14.0+cu130
torch-compile	varying	1	167	1935.0	6	torch-2.14.0+cu130
torch-compile	varying	1	168	1008.3	2	torch-2.14.0+cu130
torch-compile	varying	1	169	1232.9	3	torch-2.14.0+cu130
torch-compile	varying	1	170	1711.4	5	torch-2.14.0+cu130
torch-compile	varying	1	171	1925.5	6	torch-2.14.0+cu130
torch-compile	varying	1	172	994.0	2	torch-2.14.0+cu130
torch-compile	varying	1	173	1217.8	3	torch-2.14.0+cu130
torch-compile	varying	1	174	1707.1	5	torch-2.14.0+cu130
torch-compile	varying	1	175	1960.3	6	torch-2.14.0+cu130
torch-compile	varying	1	176	1093.9	2	torch-2.14.0+cu130
torch-compile	varying	1	177	1239.1	3	torch-2.14.0+cu130
torch-compile	varying	1	178	1692.8	5	torch-2.14.0+cu130
torch-compile	varying	1	179	1988.6	6	torch-2.14.0+cu130
torch-compile	varying	1	180	1044.5	2	torch-2.14.0+cu130
torch-compile	varying	1	181	1206.2	3	torch-2.14.0+cu130
torch-compile	varying	1	182	1704.2	5	torch-2.14.0+cu130
torch-compile	varying	1	183	1977.7	6	torch-2.14.0+cu130
torch-compile	varying	1	184	1012.3	2	torch-2.14.0+cu130
torch-compile	varying	1	185	1228.1	3	torch-2.14.0+cu130
torch-compile	varying	1	186	1752.9	5	torch-2.14.0+cu130
torch-compile	varying	1	187	2047.5	6	torch-2.14.0+cu130
torch-compile	varying	1	188	1009.9	2	torch-2.14.0+cu130
torch-compile	varying	1	189	1268.9	3	torch-2.14.0+cu130
torch-compile	varying	1	190	1708.7	5	torch-2.14.0+cu130
torch-compile	varying	1	191	1952.6	6	torch-2.14.0+cu130
torch-compile	varying	1	192	1034.7	2	torch-2.14.0+cu130
torch-compile	varying	1	193	1226.4	3	torch-2.14.0+cu130
torch-compile	varying	1	194	1708.3	5	torch-2.14.0+cu130
torch-compile	varying	1	195	1931.0	6	torch-2.14.0+cu130
torch-compile	varying	1	196	1016.6	2	torch-2.14.0+cu130
torch-compile	varying	1	197	1224.8	3	torch-2.14.0+cu130
torch-compile	varying	1	198	1778.4	5	torch-2.14.0+cu130
torch-compile	varying	1	199	1957.2	6	torch-2.14.0+cu130
torch-compile-ro	varying	1	0	810040.7	2	torch-2.14.0+cu130
torch-compile-ro	varying	1	1	42257.1	3	torch-2.14.0+cu130
torch-compile-ro	varying	1	2	12448.3	5	torch-2.14.0+cu130
torch-compile-ro	varying	1	3	8970.0	6	torch-2.14.0+cu130
torch-compile-ro	varying	1	4	4353.3	2	torch-2.14.0+cu130
torch-compile-ro	varying	1	5	1306.5	3	torch-2.14.0+cu130
torch-compile-ro	varying	1	6	1686.6	5	torch-2.14.0+cu130
torch-compile-ro	varying	1	7	1896.1	6	torch-2.14.0+cu130
torch-compile-ro	varying	1	8	1047.8	2	torch-2.14.0+cu130
torch-compile-ro	varying	1	9	1233.1	3	torch-2.14.0+cu130
torch-compile-ro	varying	1	10	1720.9	5	torch-2.14.0+cu130
torch-compile-ro	varying	1	11	1872.5	6	torch-2.14.0+cu130
torch-compile-ro	varying	1	12	996.1	2	torch-2.14.0+cu130
torch-compile-ro	varying	1	13	1248.4	3	torch-2.14.0+cu130
torch-compile-ro	varying	1	14	1652.0	5	torch-2.14.0+cu130
torch-compile-ro	varying	1	15	1857.3	6	torch-2.14.0+cu130
torch-compile-ro	varying	1	16	996.6	2	torch-2.14.0+cu130
torch-compile-ro	varying	1	17	1199.7	3	torch-2.14.0+cu130
torch-compile-ro	varying	1	18	1649.1	5	torch-2.14.0+cu130
torch-compile-ro	varying	1	19	1960.3	6	torch-2.14.0+cu130
torch-compile-ro	varying	1	20	1004.0	2	torch-2.14.0+cu130
torch-compile-ro	varying	1	21	1230.2	3	torch-2.14.0+cu130
torch-compile-ro	varying	1	22	1647.2	5	torch-2.14.0+cu130
torch-compile-ro	varying	1	23	1864.7	6	torch-2.14.0+cu130
torch-compile-ro	varying	1	24	990.2	2	torch-2.14.0+cu130
torch-compile-ro	varying	1	25	1202.3	3	torch-2.14.0+cu130
torch-compile-ro	varying	1	26	1667.7	5	torch-2.14.0+cu130
torch-compile-ro	varying	1	27	1877.5	6	torch-2.14.0+cu130
torch-compile-ro	varying	1	28	971.8	2	torch-2.14.0+cu130
torch-compile-ro	varying	1	29	1217.4	3	torch-2.14.0+cu130
torch-compile-ro	varying	1	30	1652.2	5	torch-2.14.0+cu130
torch-compile-ro	varying	1	31	1845.4	6	torch-2.14.0+cu130
torch-compile-ro	varying	1	32	1002.3	2	torch-2.14.0+cu130
torch-compile-ro	varying	1	33	1211.2	3	torch-2.14.0+cu130
torch-compile-ro	varying	1	34	1688.7	5	torch-2.14.0+cu130
torch-compile-ro	varying	1	35	1852.8	6	torch-2.14.0+cu130
torch-compile-ro	varying	1	36	999.0	2	torch-2.14.0+cu130
torch-compile-ro	varying	1	37	1203.3	3	torch-2.14.0+cu130
torch-compile-ro	varying	1	38	1653.9	5	torch-2.14.0+cu130
torch-compile-ro	varying	1	39	1863.2	6	torch-2.14.0+cu130
torch-compile-ro	varying	1	40	968.5	2	torch-2.14.0+cu130
torch-compile-ro	varying	1	41	1197.3	3	torch-2.14.0+cu130
torch-compile-ro	varying	1	42	1648.4	5	torch-2.14.0+cu130
torch-compile-ro	varying	1	43	1876.1	6	torch-2.14.0+cu130
torch-compile-ro	varying	1	44	996.6	2	torch-2.14.0+cu130
torch-compile-ro	varying	1	45	1208.8	3	torch-2.14.0+cu130
torch-compile-ro	varying	1	46	1635.3	5	torch-2.14.0+cu130
torch-compile-ro	varying	1	47	1859.2	6	torch-2.14.0+cu130
torch-compile-ro	varying	1	48	975.6	2	torch-2.14.0+cu130
torch-compile-ro	varying	1	49	1215.2	3	torch-2.14.0+cu130
torch-compile-ro	varying	1	50	1638.9	5	torch-2.14.0+cu130
torch-compile-ro	varying	1	51	1869.2	6	torch-2.14.0+cu130
torch-compile-ro	varying	1	52	981.8	2	torch-2.14.0+cu130
torch-compile-ro	varying	1	53	1204.0	3	torch-2.14.0+cu130
torch-compile-ro	varying	1	54	1659.4	5	torch-2.14.0+cu130
torch-compile-ro	varying	1	55	1885.2	6	torch-2.14.0+cu130
torch-compile-ro	varying	1	56	983.7	2	torch-2.14.0+cu130
torch-compile-ro	varying	1	57	1238.3	3	torch-2.14.0+cu130
torch-compile-ro	varying	1	58	1702.8	5	torch-2.14.0+cu130
torch-compile-ro	varying	1	59	1872.5	6	torch-2.14.0+cu130
torch-compile-ro	varying	1	60	1016.1	2	torch-2.14.0+cu130
torch-compile-ro	varying	1	61	1208.3	3	torch-2.14.0+cu130
torch-compile-ro	varying	1	62	1651.8	5	torch-2.14.0+cu130
torch-compile-ro	varying	1	63	1906.2	6	torch-2.14.0+cu130
torch-compile-ro	varying	1	64	972.7	2	torch-2.14.0+cu130
torch-compile-ro	varying	1	65	1229.0	3	torch-2.14.0+cu130
torch-compile-ro	varying	1	66	1659.9	5	torch-2.14.0+cu130
torch-compile-ro	varying	1	67	1856.3	6	torch-2.14.0+cu130
torch-compile-ro	varying	1	68	1009.7	2	torch-2.14.0+cu130
torch-compile-ro	varying	1	69	1211.6	3	torch-2.14.0+cu130
torch-compile-ro	varying	1	70	1658.2	5	torch-2.14.0+cu130
torch-compile-ro	varying	1	71	1853.2	6	torch-2.14.0+cu130
torch-compile-ro	varying	1	72	976.8	2	torch-2.14.0+cu130
torch-compile-ro	varying	1	73	1190.2	3	torch-2.14.0+cu130
torch-compile-ro	varying	1	74	1642.5	5	torch-2.14.0+cu130
torch-compile-ro	varying	1	75	1901.6	6	torch-2.14.0+cu130
torch-compile-ro	varying	1	76	990.6	2	torch-2.14.0+cu130
torch-compile-ro	varying	1	77	1222.4	3	torch-2.14.0+cu130
torch-compile-ro	varying	1	78	1662.5	5	torch-2.14.0+cu130
torch-compile-ro	varying	1	79	1861.8	6	torch-2.14.0+cu130
torch-compile-ro	varying	1	80	992.1	2	torch-2.14.0+cu130
torch-compile-ro	varying	1	81	1251.5	3	torch-2.14.0+cu130
torch-compile-ro	varying	1	82	1627.2	5	torch-2.14.0+cu130
torch-compile-ro	varying	1	83	1888.8	6	torch-2.14.0+cu130
torch-compile-ro	varying	1	84	1056.4	2	torch-2.14.0+cu130
torch-compile-ro	varying	1	85	1196.4	3	torch-2.14.0+cu130
torch-compile-ro	varying	1	86	1639.6	5	torch-2.14.0+cu130
torch-compile-ro	varying	1	87	1874.2	6	torch-2.14.0+cu130
torch-compile-ro	varying	1	88	1030.9	2	torch-2.14.0+cu130
torch-compile-ro	varying	1	89	1197.1	3	torch-2.14.0+cu130
torch-compile-ro	varying	1	90	1641.0	5	torch-2.14.0+cu130
torch-compile-ro	varying	1	91	1874.9	6	torch-2.14.0+cu130
torch-compile-ro	varying	1	92	964.2	2	torch-2.14.0+cu130
torch-compile-ro	varying	1	93	1225.7	3	torch-2.14.0+cu130
torch-compile-ro	varying	1	94	1640.8	5	torch-2.14.0+cu130
torch-compile-ro	varying	1	95	1847.3	6	torch-2.14.0+cu130
torch-compile-ro	varying	1	96	976.3	2	torch-2.14.0+cu130
torch-compile-ro	varying	1	97	1207.8	3	torch-2.14.0+cu130
torch-compile-ro	varying	1	98	1641.8	5	torch-2.14.0+cu130
torch-compile-ro	varying	1	99	1907.8	6	torch-2.14.0+cu130
torch-compile-ro	varying	1	100	1045.5	2	torch-2.14.0+cu130
torch-compile-ro	varying	1	101	1199.5	3	torch-2.14.0+cu130
torch-compile-ro	varying	1	102	1629.6	5	torch-2.14.0+cu130
torch-compile-ro	varying	1	103	1846.1	6	torch-2.14.0+cu130
torch-compile-ro	varying	1	104	965.4	2	torch-2.14.0+cu130
torch-compile-ro	varying	1	105	1212.6	3	torch-2.14.0+cu130
torch-compile-ro	varying	1	106	1651.3	5	torch-2.14.0+cu130
torch-compile-ro	varying	1	107	1856.3	6	torch-2.14.0+cu130
torch-compile-ro	varying	1	108	975.6	2	torch-2.14.0+cu130
torch-compile-ro	varying	1	109	1197.1	3	torch-2.14.0+cu130
torch-compile-ro	varying	1	110	1647.9	5	torch-2.14.0+cu130
torch-compile-ro	varying	1	111	1892.8	6	torch-2.14.0+cu130
torch-compile-ro	varying	1	112	972.5	2	torch-2.14.0+cu130
torch-compile-ro	varying	1	113	1246.2	3	torch-2.14.0+cu130
torch-compile-ro	varying	1	114	1700.9	5	torch-2.14.0+cu130
torch-compile-ro	varying	1	115	1860.6	6	torch-2.14.0+cu130
torch-compile-ro	varying	1	116	996.6	2	torch-2.14.0+cu130
torch-compile-ro	varying	1	117	1205.0	3	torch-2.14.0+cu130
torch-compile-ro	varying	1	118	1652.5	5	torch-2.14.0+cu130
torch-compile-ro	varying	1	119	1855.4	6	torch-2.14.0+cu130
torch-compile-ro	varying	1	120	989.9	2	torch-2.14.0+cu130
torch-compile-ro	varying	1	121	1216.9	3	torch-2.14.0+cu130
torch-compile-ro	varying	1	122	1664.4	5	torch-2.14.0+cu130
torch-compile-ro	varying	1	123	1857.0	6	torch-2.14.0+cu130
torch-compile-ro	varying	1	124	1035.2	2	torch-2.14.0+cu130
torch-compile-ro	varying	1	125	1210.2	3	torch-2.14.0+cu130
torch-compile-ro	varying	1	126	1654.4	5	torch-2.14.0+cu130
torch-compile-ro	varying	1	127	1889.5	6	torch-2.14.0+cu130
torch-compile-ro	varying	1	128	1008.3	2	torch-2.14.0+cu130
torch-compile-ro	varying	1	129	1241.9	3	torch-2.14.0+cu130
torch-compile-ro	varying	1	130	1636.0	5	torch-2.14.0+cu130
torch-compile-ro	varying	1	131	1848.9	6	torch-2.14.0+cu130
torch-compile-ro	varying	1	132	978.9	2	torch-2.14.0+cu130
torch-compile-ro	varying	1	133	1233.6	3	torch-2.14.0+cu130
torch-compile-ro	varying	1	134	1689.4	5	torch-2.14.0+cu130
torch-compile-ro	varying	1	135	1863.2	6	torch-2.14.0+cu130
torch-compile-ro	varying	1	136	972.0	2	torch-2.14.0+cu130
torch-compile-ro	varying	1	137	1208.8	3	torch-2.14.0+cu130
torch-compile-ro	varying	1	138	1638.9	5	torch-2.14.0+cu130
torch-compile-ro	varying	1	139	1851.1	6	torch-2.14.0+cu130
torch-compile-ro	varying	1	140	1061.0	2	torch-2.14.0+cu130
torch-compile-ro	varying	1	141	1264.6	3	torch-2.14.0+cu130
torch-compile-ro	varying	1	142	1631.5	5	torch-2.14.0+cu130
torch-compile-ro	varying	1	143	1844.4	6	torch-2.14.0+cu130
torch-compile-ro	varying	1	144	1025.4	2	torch-2.14.0+cu130
torch-compile-ro	varying	1	145	1216.7	3	torch-2.14.0+cu130
torch-compile-ro	varying	1	146	1657.2	5	torch-2.14.0+cu130
torch-compile-ro	varying	1	147	1855.1	6	torch-2.14.0+cu130
torch-compile-ro	varying	1	148	977.8	2	torch-2.14.0+cu130
torch-compile-ro	varying	1	149	1211.4	3	torch-2.14.0+cu130
torch-compile-ro	varying	1	150	1661.3	5	torch-2.14.0+cu130
torch-compile-ro	varying	1	151	1854.4	6	torch-2.14.0+cu130
torch-compile-ro	varying	1	152	969.2	2	torch-2.14.0+cu130
torch-compile-ro	varying	1	153	1254.6	3	torch-2.14.0+cu130
torch-compile-ro	varying	1	154	1683.0	5	torch-2.14.0+cu130
torch-compile-ro	varying	1	155	1869.0	6	torch-2.14.0+cu130
torch-compile-ro	varying	1	156	994.9	2	torch-2.14.0+cu130
torch-compile-ro	varying	1	157	1209.0	3	torch-2.14.0+cu130
torch-compile-ro	varying	1	158	1653.2	5	torch-2.14.0+cu130
torch-compile-ro	varying	1	159	1863.7	6	torch-2.14.0+cu130
torch-compile-ro	varying	1	160	988.0	2	torch-2.14.0+cu130
torch-compile-ro	varying	1	161	1202.3	3	torch-2.14.0+cu130
torch-compile-ro	varying	1	162	1653.9	5	torch-2.14.0+cu130
torch-compile-ro	varying	1	163	1859.2	6	torch-2.14.0+cu130
torch-compile-ro	varying	1	164	1002.6	2	torch-2.14.0+cu130
torch-compile-ro	varying	1	165	1214.5	3	torch-2.14.0+cu130
torch-compile-ro	varying	1	166	1688.0	5	torch-2.14.0+cu130
torch-compile-ro	varying	1	167	1865.1	6	torch-2.14.0+cu130
torch-compile-ro	varying	1	168	994.2	2	torch-2.14.0+cu130
torch-compile-ro	varying	1	169	1249.6	3	torch-2.14.0+cu130
torch-compile-ro	varying	1	170	1647.0	5	torch-2.14.0+cu130
torch-compile-ro	varying	1	171	1869.4	6	torch-2.14.0+cu130
torch-compile-ro	varying	1	172	989.4	2	torch-2.14.0+cu130
torch-compile-ro	varying	1	173	1213.8	3	torch-2.14.0+cu130
torch-compile-ro	varying	1	174	1641.5	5	torch-2.14.0+cu130
torch-compile-ro	varying	1	175	1866.8	6	torch-2.14.0+cu130
torch-compile-ro	varying	1	176	955.1	2	torch-2.14.0+cu130
torch-compile-ro	varying	1	177	1201.2	3	torch-2.14.0+cu130
torch-compile-ro	varying	1	178	1645.8	5	torch-2.14.0+cu130
torch-compile-ro	varying	1	179	1846.6	6	torch-2.14.0+cu130
torch-compile-ro	varying	1	180	963.4	2	torch-2.14.0+cu130
torch-compile-ro	varying	1	181	1190.2	3	torch-2.14.0+cu130
torch-compile-ro	varying	1	182	1675.1	5	torch-2.14.0+cu130
torch-compile-ro	varying	1	183	1907.3	6	torch-2.14.0+cu130
torch-compile-ro	varying	1	184	1040.5	2	torch-2.14.0+cu130
torch-compile-ro	varying	1	185	1224.0	3	torch-2.14.0+cu130
torch-compile-ro	varying	1	186	1647.7	5	torch-2.14.0+cu130
torch-compile-ro	varying	1	187	1878.7	6	torch-2.14.0+cu130
torch-compile-ro	varying	1	188	984.2	2	torch-2.14.0+cu130
torch-compile-ro	varying	1	189	1215.9	3	torch-2.14.0+cu130
torch-compile-ro	varying	1	190	1628.2	5	torch-2.14.0+cu130
torch-compile-ro	varying	1	191	1874.7	6	torch-2.14.0+cu130
torch-compile-ro	varying	1	192	982.0	2	torch-2.14.0+cu130
torch-compile-ro	varying	1	193	1199.0	3	torch-2.14.0+cu130
torch-compile-ro	varying	1	194	1656.1	5	torch-2.14.0+cu130
torch-compile-ro	varying	1	195	1864.7	6	torch-2.14.0+cu130
torch-compile-ro	varying	1	196	971.6	2	torch-2.14.0+cu130
torch-compile-ro	varying	1	197	1197.6	3	torch-2.14.0+cu130
torch-compile-ro	varying	1	198	1571.9	5	torch-2.14.0+cu130
torch-compile-ro	varying	1	199	1790.8	6	torch-2.14.0+cu130
torch-compile-mat	varying	1	0	856756.0	2	torch-2.14.0+cu130
torch-compile-mat	varying	1	1	42735.3	3	torch-2.14.0+cu130
torch-compile-mat	varying	1	2	13346.2	5	torch-2.14.0+cu130
torch-compile-mat	varying	1	3	8976.7	6	torch-2.14.0+cu130
torch-compile-mat	varying	1	4	4494.0	2	torch-2.14.0+cu130
torch-compile-mat	varying	1	5	1264.6	3	torch-2.14.0+cu130
torch-compile-mat	varying	1	6	1673.2	5	torch-2.14.0+cu130
torch-compile-mat	varying	1	7	1822.2	6	torch-2.14.0+cu130
torch-compile-mat	varying	1	8	1005.4	2	torch-2.14.0+cu130
torch-compile-mat	varying	1	9	1178.0	3	torch-2.14.0+cu130
torch-compile-mat	varying	1	10	1617.4	5	torch-2.14.0+cu130
torch-compile-mat	varying	1	11	1784.8	6	torch-2.14.0+cu130
torch-compile-mat	varying	1	12	965.4	2	torch-2.14.0+cu130
torch-compile-mat	varying	1	13	1183.3	3	torch-2.14.0+cu130
torch-compile-mat	varying	1	14	1603.8	5	torch-2.14.0+cu130
torch-compile-mat	varying	1	15	1801.3	6	torch-2.14.0+cu130
torch-compile-mat	varying	1	16	1026.6	2	torch-2.14.0+cu130
torch-compile-mat	varying	1	17	1195.4	3	torch-2.14.0+cu130
torch-compile-mat	varying	1	18	1604.1	5	torch-2.14.0+cu130
torch-compile-mat	varying	1	19	1780.7	6	torch-2.14.0+cu130
torch-compile-mat	varying	1	20	972.0	2	torch-2.14.0+cu130
torch-compile-mat	varying	1	21	1204.5	3	torch-2.14.0+cu130
torch-compile-mat	varying	1	22	1609.1	5	torch-2.14.0+cu130
torch-compile-mat	varying	1	23	1785.5	6	torch-2.14.0+cu130
torch-compile-mat	varying	1	24	960.1	2	torch-2.14.0+cu130
torch-compile-mat	varying	1	25	1175.2	3	torch-2.14.0+cu130
torch-compile-mat	varying	1	26	1565.2	5	torch-2.14.0+cu130
torch-compile-mat	varying	1	27	1798.2	6	torch-2.14.0+cu130
torch-compile-mat	varying	1	28	986.3	2	torch-2.14.0+cu130
torch-compile-mat	varying	1	29	1202.8	3	torch-2.14.0+cu130
torch-compile-mat	varying	1	30	1590.5	5	torch-2.14.0+cu130
torch-compile-mat	varying	1	31	1767.6	6	torch-2.14.0+cu130
torch-compile-mat	varying	1	32	956.1	2	torch-2.14.0+cu130
torch-compile-mat	varying	1	33	1173.7	3	torch-2.14.0+cu130
torch-compile-mat	varying	1	34	1586.0	5	torch-2.14.0+cu130
torch-compile-mat	varying	1	35	1794.3	6	torch-2.14.0+cu130
torch-compile-mat	varying	1	36	974.7	2	torch-2.14.0+cu130
torch-compile-mat	varying	1	37	1200.9	3	torch-2.14.0+cu130
torch-compile-mat	varying	1	38	1571.7	5	torch-2.14.0+cu130
torch-compile-mat	varying	1	39	1780.7	6	torch-2.14.0+cu130
torch-compile-mat	varying	1	40	980.9	2	torch-2.14.0+cu130
torch-compile-mat	varying	1	41	1225.2	3	torch-2.14.0+cu130
torch-compile-mat	varying	1	42	1603.8	5	torch-2.14.0+cu130
torch-compile-mat	varying	1	43	1787.9	6	torch-2.14.0+cu130
torch-compile-mat	varying	1	44	1012.8	2	torch-2.14.0+cu130
torch-compile-mat	varying	1	45	1154.2	3	torch-2.14.0+cu130
torch-compile-mat	varying	1	46	1596.5	5	torch-2.14.0+cu130
torch-compile-mat	varying	1	47	1786.5	6	torch-2.14.0+cu130
torch-compile-mat	varying	1	48	981.3	2	torch-2.14.0+cu130
torch-compile-mat	varying	1	49	1155.9	3	torch-2.14.0+cu130
torch-compile-mat	varying	1	50	1560.0	5	torch-2.14.0+cu130
torch-compile-mat	varying	1	51	1759.5	6	torch-2.14.0+cu130
torch-compile-mat	varying	1	52	1240.0	2	torch-2.14.0+cu130
torch-compile-mat	varying	1	53	1210.2	3	torch-2.14.0+cu130
torch-compile-mat	varying	1	54	1605.3	5	torch-2.14.0+cu130
torch-compile-mat	varying	1	55	1782.2	6	torch-2.14.0+cu130
torch-compile-mat	varying	1	56	981.3	2	torch-2.14.0+cu130
torch-compile-mat	varying	1	57	1191.1	3	torch-2.14.0+cu130
torch-compile-mat	varying	1	58	1600.5	5	torch-2.14.0+cu130
torch-compile-mat	varying	1	59	1773.6	6	torch-2.14.0+cu130
torch-compile-mat	varying	1	60	952.2	2	torch-2.14.0+cu130
torch-compile-mat	varying	1	61	1201.6	3	torch-2.14.0+cu130
torch-compile-mat	varying	1	62	1578.1	5	torch-2.14.0+cu130
torch-compile-mat	varying	1	63	1772.6	6	torch-2.14.0+cu130
torch-compile-mat	varying	1	64	997.1	2	torch-2.14.0+cu130
torch-compile-mat	varying	1	65	1236.4	3	torch-2.14.0+cu130
torch-compile-mat	varying	1	66	1571.2	5	torch-2.14.0+cu130
torch-compile-mat	varying	1	67	1776.2	6	torch-2.14.0+cu130
torch-compile-mat	varying	1	68	958.7	2	torch-2.14.0+cu130
torch-compile-mat	varying	1	69	1176.8	3	torch-2.14.0+cu130
torch-compile-mat	varying	1	70	1579.5	5	torch-2.14.0+cu130
torch-compile-mat	varying	1	71	1785.3	6	torch-2.14.0+cu130
torch-compile-mat	varying	1	72	962.3	2	torch-2.14.0+cu130
torch-compile-mat	varying	1	73	1172.5	3	torch-2.14.0+cu130
torch-compile-mat	varying	1	74	1588.3	5	torch-2.14.0+cu130
torch-compile-mat	varying	1	75	1783.1	6	torch-2.14.0+cu130
torch-compile-mat	varying	1	76	1008.0	2	torch-2.14.0+cu130
torch-compile-mat	varying	1	77	1167.3	3	torch-2.14.0+cu130
torch-compile-mat	varying	1	78	1584.3	5	torch-2.14.0+cu130
torch-compile-mat	varying	1	79	1809.8	6	torch-2.14.0+cu130
torch-compile-mat	varying	1	80	961.5	2	torch-2.14.0+cu130
torch-compile-mat	varying	1	81	1161.8	3	torch-2.14.0+cu130
torch-compile-mat	varying	1	82	1599.6	5	torch-2.14.0+cu130
torch-compile-mat	varying	1	83	1789.8	6	torch-2.14.0+cu130
torch-compile-mat	varying	1	84	966.8	2	torch-2.14.0+cu130
torch-compile-mat	varying	1	85	1177.8	3	torch-2.14.0+cu130
torch-compile-mat	varying	1	86	1625.3	5	torch-2.14.0+cu130
torch-compile-mat	varying	1	87	1794.3	6	torch-2.14.0+cu130
torch-compile-mat	varying	1	88	996.4	2	torch-2.14.0+cu130
torch-compile-mat	varying	1	89	1256.7	3	torch-2.14.0+cu130
torch-compile-mat	varying	1	90	1592.6	5	torch-2.14.0+cu130
torch-compile-mat	varying	1	91	1808.6	6	torch-2.14.0+cu130
torch-compile-mat	varying	1	92	976.6	2	torch-2.14.0+cu130
torch-compile-mat	varying	1	93	1171.8	3	torch-2.14.0+cu130
torch-compile-mat	varying	1	94	1613.4	5	torch-2.14.0+cu130
torch-compile-mat	varying	1	95	1812.5	6	torch-2.14.0+cu130
torch-compile-mat	varying	1	96	979.9	2	torch-2.14.0+cu130
torch-compile-mat	varying	1	97	1162.3	3	torch-2.14.0+cu130
torch-compile-mat	varying	1	98	1588.3	5	torch-2.14.0+cu130
torch-compile-mat	varying	1	99	1799.1	6	torch-2.14.0+cu130
torch-compile-mat	varying	1	100	1019.7	2	torch-2.14.0+cu130
torch-compile-mat	varying	1	101	1184.0	3	torch-2.14.0+cu130
torch-compile-mat	varying	1	102	1595.5	5	torch-2.14.0+cu130
torch-compile-mat	varying	1	103	1785.8	6	torch-2.14.0+cu130
torch-compile-mat	varying	1	104	995.4	2	torch-2.14.0+cu130
torch-compile-mat	varying	1	105	1186.8	3	torch-2.14.0+cu130
torch-compile-mat	varying	1	106	1616.0	5	torch-2.14.0+cu130
torch-compile-mat	varying	1	107	1796.7	6	torch-2.14.0+cu130
torch-compile-mat	varying	1	108	968.9	2	torch-2.14.0+cu130
torch-compile-mat	varying	1	109	1181.1	3	torch-2.14.0+cu130
torch-compile-mat	varying	1	110	1593.6	5	torch-2.14.0+cu130
torch-compile-mat	varying	1	111	1785.8	6	torch-2.14.0+cu130
torch-compile-mat	varying	1	112	1039.5	2	torch-2.14.0+cu130
torch-compile-mat	varying	1	113	1167.3	3	torch-2.14.0+cu130
torch-compile-mat	varying	1	114	1602.4	5	torch-2.14.0+cu130
torch-compile-mat	varying	1	115	1832.0	6	torch-2.14.0+cu130
torch-compile-mat	varying	1	116	951.3	2	torch-2.14.0+cu130
torch-compile-mat	varying	1	117	1191.1	3	torch-2.14.0+cu130
torch-compile-mat	varying	1	118	1578.1	5	torch-2.14.0+cu130
torch-compile-mat	varying	1	119	1817.7	6	torch-2.14.0+cu130
torch-compile-mat	varying	1	120	968.7	2	torch-2.14.0+cu130
torch-compile-mat	varying	1	121	1179.7	3	torch-2.14.0+cu130
torch-compile-mat	varying	1	122	1589.5	5	torch-2.14.0+cu130
torch-compile-mat	varying	1	123	1826.5	6	torch-2.14.0+cu130
torch-compile-mat	varying	1	124	1017.6	2	torch-2.14.0+cu130
torch-compile-mat	varying	1	125	1165.2	3	torch-2.14.0+cu130
torch-compile-mat	varying	1	126	1614.1	5	torch-2.14.0+cu130
torch-compile-mat	varying	1	127	1812.0	6	torch-2.14.0+cu130
torch-compile-mat	varying	1	128	989.2	2	torch-2.14.0+cu130
torch-compile-mat	varying	1	129	1173.3	3	torch-2.14.0+cu130
torch-compile-mat	varying	1	130	1601.5	5	torch-2.14.0+cu130
torch-compile-mat	varying	1	131	1798.6	6	torch-2.14.0+cu130
torch-compile-mat	varying	1	132	966.8	2	torch-2.14.0+cu130
torch-compile-mat	varying	1	133	1246.9	3	torch-2.14.0+cu130
torch-compile-mat	varying	1	134	1599.3	5	torch-2.14.0+cu130
torch-compile-mat	varying	1	135	1793.6	6	torch-2.14.0+cu130
torch-compile-mat	varying	1	136	998.0	2	torch-2.14.0+cu130
torch-compile-mat	varying	1	137	1191.9	3	torch-2.14.0+cu130
torch-compile-mat	varying	1	138	1560.4	5	torch-2.14.0+cu130
torch-compile-mat	varying	1	139	1745.9	6	torch-2.14.0+cu130
torch-compile-mat	varying	1	140	948.2	2	torch-2.14.0+cu130
torch-compile-mat	varying	1	141	1156.1	3	torch-2.14.0+cu130
torch-compile-mat	varying	1	142	1556.6	5	torch-2.14.0+cu130
torch-compile-mat	varying	1	143	1723.8	6	torch-2.14.0+cu130
torch-compile-mat	varying	1	144	941.8	2	torch-2.14.0+cu130
torch-compile-mat	varying	1	145	1144.6	3	torch-2.14.0+cu130
torch-compile-mat	varying	1	146	1578.6	5	torch-2.14.0+cu130
torch-compile-mat	varying	1	147	1758.1	6	torch-2.14.0+cu130
torch-compile-mat	varying	1	148	1064.3	2	torch-2.14.0+cu130
torch-compile-mat	varying	1	149	1154.4	3	torch-2.14.0+cu130
torch-compile-mat	varying	1	150	1532.3	5	torch-2.14.0+cu130
torch-compile-mat	varying	1	151	1727.3	6	torch-2.14.0+cu130
torch-compile-mat	varying	1	152	952.7	2	torch-2.14.0+cu130
torch-compile-mat	varying	1	153	1146.6	3	torch-2.14.0+cu130
torch-compile-mat	varying	1	154	1551.4	5	torch-2.14.0+cu130
torch-compile-mat	varying	1	155	1735.2	6	torch-2.14.0+cu130
torch-compile-mat	varying	1	156	951.3	2	torch-2.14.0+cu130
torch-compile-mat	varying	1	157	1152.0	3	torch-2.14.0+cu130
torch-compile-mat	varying	1	158	1564.3	5	torch-2.14.0+cu130
torch-compile-mat	varying	1	159	1758.6	6	torch-2.14.0+cu130
torch-compile-mat	varying	1	160	970.1	2	torch-2.14.0+cu130
torch-compile-mat	varying	1	161	1169.2	3	torch-2.14.0+cu130
torch-compile-mat	varying	1	162	1545.7	5	torch-2.14.0+cu130
torch-compile-mat	varying	1	163	1764.8	6	torch-2.14.0+cu130
torch-compile-mat	varying	1	164	941.3	2	torch-2.14.0+cu130
torch-compile-mat	varying	1	165	1204.0	3	torch-2.14.0+cu130
torch-compile-mat	varying	1	166	1567.1	5	torch-2.14.0+cu130
torch-compile-mat	varying	1	167	1744.7	6	torch-2.14.0+cu130
torch-compile-mat	varying	1	168	941.0	2	torch-2.14.0+cu130
torch-compile-mat	varying	1	169	1144.9	3	torch-2.14.0+cu130
torch-compile-mat	varying	1	170	1600.3	5	torch-2.14.0+cu130
torch-compile-mat	varying	1	171	1802.9	6	torch-2.14.0+cu130
torch-compile-mat	varying	1	172	987.3	2	torch-2.14.0+cu130
torch-compile-mat	varying	1	173	1189.2	3	torch-2.14.0+cu130
torch-compile-mat	varying	1	174	1550.4	5	torch-2.14.0+cu130
torch-compile-mat	varying	1	175	1786.9	6	torch-2.14.0+cu130
torch-compile-mat	varying	1	176	949.4	2	torch-2.14.0+cu130
torch-compile-mat	varying	1	177	1138.0	3	torch-2.14.0+cu130
torch-compile-mat	varying	1	178	1535.4	5	torch-2.14.0+cu130
torch-compile-mat	varying	1	179	1743.8	6	torch-2.14.0+cu130
torch-compile-mat	varying	1	180	958.4	2	torch-2.14.0+cu130
torch-compile-mat	varying	1	181	1181.1	3	torch-2.14.0+cu130
torch-compile-mat	varying	1	182	1541.6	5	torch-2.14.0+cu130
torch-compile-mat	varying	1	183	1735.0	6	torch-2.14.0+cu130
torch-compile-mat	varying	1	184	945.1	2	torch-2.14.0+cu130
torch-compile-mat	varying	1	185	1227.4	3	torch-2.14.0+cu130
torch-compile-mat	varying	1	186	1542.1	5	torch-2.14.0+cu130
torch-compile-mat	varying	1	187	1733.5	6	torch-2.14.0+cu130
torch-compile-mat	varying	1	188	971.1	2	torch-2.14.0+cu130
torch-compile-mat	varying	1	189	1149.4	3	torch-2.14.0+cu130
torch-compile-mat	varying	1	190	1541.6	5	torch-2.14.0+cu130
torch-compile-mat	varying	1	191	1745.5	6	torch-2.14.0+cu130
torch-compile-mat	varying	1	192	972.5	2	torch-2.14.0+cu130
torch-compile-mat	varying	1	193	1183.7	3	torch-2.14.0+cu130
torch-compile-mat	varying	1	194	1551.9	5	torch-2.14.0+cu130
torch-compile-mat	varying	1	195	1767.4	6	torch-2.14.0+cu130
torch-compile-mat	varying	1	196	942.7	2	torch-2.14.0+cu130
torch-compile-mat	varying	1	197	1236.9	3	torch-2.14.0+cu130
torch-compile-mat	varying	1	198	1574.3	5	torch-2.14.0+cu130
torch-compile-mat	varying	1	199	1789.6	6	torch-2.14.0+cu130
jax-perlayer	varying	1	0	11030565.5	2	jax-0.11.1
jax-perlayer	varying	1	1	1896.6	3	jax-0.11.1
jax-perlayer	varying	1	2	2320.1	5	jax-0.11.1
jax-perlayer	varying	1	3	2622.8	6	jax-0.11.1
jax-perlayer	varying	1	4	1208.5	2	jax-0.11.1
jax-perlayer	varying	1	5	1614.1	3	jax-0.11.1
jax-perlayer	varying	1	6	2132.7	5	jax-0.11.1
jax-perlayer	varying	1	7	2531.5	6	jax-0.11.1
jax-perlayer	varying	1	8	1193.3	2	jax-0.11.1
jax-perlayer	varying	1	9	1562.8	3	jax-0.11.1
jax-perlayer	varying	1	10	2109.8	5	jax-0.11.1
jax-perlayer	varying	1	11	2486.5	6	jax-0.11.1
jax-perlayer	varying	1	12	1215.0	2	jax-0.11.1
jax-perlayer	varying	1	13	1569.0	3	jax-0.11.1
jax-perlayer	varying	1	14	2076.4	5	jax-0.11.1
jax-perlayer	varying	1	15	2474.1	6	jax-0.11.1
jax-perlayer	varying	1	16	1158.7	2	jax-0.11.1
jax-perlayer	varying	1	17	1542.3	3	jax-0.11.1
jax-perlayer	varying	1	18	2130.3	5	jax-0.11.1
jax-perlayer	varying	1	19	2409.2	6	jax-0.11.1
jax-perlayer	varying	1	20	1139.2	2	jax-0.11.1
jax-perlayer	varying	1	21	1480.8	3	jax-0.11.1
jax-perlayer	varying	1	22	1960.3	5	jax-0.11.1
jax-perlayer	varying	1	23	2386.1	6	jax-0.11.1
jax-perlayer	varying	1	24	1159.9	2	jax-0.11.1
jax-perlayer	varying	1	25	1487.7	3	jax-0.11.1
jax-perlayer	varying	1	26	1962.2	5	jax-0.11.1
jax-perlayer	varying	1	27	2376.6	6	jax-0.11.1
jax-perlayer	varying	1	28	1132.5	2	jax-0.11.1
jax-perlayer	varying	1	29	1491.1	3	jax-0.11.1
jax-perlayer	varying	1	30	1962.2	5	jax-0.11.1
jax-perlayer	varying	1	31	2318.4	6	jax-0.11.1
jax-perlayer	varying	1	32	1162.5	2	jax-0.11.1
jax-perlayer	varying	1	33	1423.6	3	jax-0.11.1
jax-perlayer	varying	1	34	1882.6	5	jax-0.11.1
jax-perlayer	varying	1	35	2297.6	6	jax-0.11.1
jax-perlayer	varying	1	36	1102.7	2	jax-0.11.1
jax-perlayer	varying	1	37	1467.2	3	jax-0.11.1
jax-perlayer	varying	1	38	1938.3	5	jax-0.11.1
jax-perlayer	varying	1	39	2339.8	6	jax-0.11.1
jax-perlayer	varying	1	40	1115.3	2	jax-0.11.1
jax-perlayer	varying	1	41	1442.2	3	jax-0.11.1
jax-perlayer	varying	1	42	1922.4	5	jax-0.11.1
jax-perlayer	varying	1	43	2305.7	6	jax-0.11.1
jax-perlayer	varying	1	44	1118.7	2	jax-0.11.1
jax-perlayer	varying	1	45	1432.9	3	jax-0.11.1
jax-perlayer	varying	1	46	1907.8	5	jax-0.11.1
jax-perlayer	varying	1	47	2323.9	6	jax-0.11.1
jax-perlayer	varying	1	48	1077.2	2	jax-0.11.1
jax-perlayer	varying	1	49	1447.9	3	jax-0.11.1
jax-perlayer	varying	1	50	1932.9	5	jax-0.11.1
jax-perlayer	varying	1	51	2335.5	6	jax-0.11.1
jax-perlayer	varying	1	52	1202.8	2	jax-0.11.1
jax-perlayer	varying	1	53	1539.7	3	jax-0.11.1
jax-perlayer	varying	1	54	2054.0	5	jax-0.11.1
jax-perlayer	varying	1	55	2450.0	6	jax-0.11.1
jax-perlayer	varying	1	56	1211.9	2	jax-0.11.1
jax-perlayer	varying	1	57	1527.1	3	jax-0.11.1
jax-perlayer	varying	1	58	2086.6	5	jax-0.11.1
jax-perlayer	varying	1	59	2481.9	6	jax-0.11.1
jax-perlayer	varying	1	60	1155.4	2	jax-0.11.1
jax-perlayer	varying	1	61	1533.7	3	jax-0.11.1
jax-perlayer	varying	1	62	2079.2	5	jax-0.11.1
jax-perlayer	varying	1	63	2455.7	6	jax-0.11.1
jax-perlayer	varying	1	64	1198.3	2	jax-0.11.1
jax-perlayer	varying	1	65	1478.7	3	jax-0.11.1
jax-perlayer	varying	1	66	2092.4	5	jax-0.11.1
jax-perlayer	varying	1	67	2435.4	6	jax-0.11.1
jax-perlayer	varying	1	68	1188.3	2	jax-0.11.1
jax-perlayer	varying	1	69	1534.7	3	jax-0.11.1
jax-perlayer	varying	1	70	2067.8	5	jax-0.11.1
jax-perlayer	varying	1	71	2466.2	6	jax-0.11.1
jax-perlayer	varying	1	72	1147.7	2	jax-0.11.1
jax-perlayer	varying	1	73	1491.8	3	jax-0.11.1
jax-perlayer	varying	1	74	1954.3	5	jax-0.11.1
jax-perlayer	varying	1	75	2503.2	6	jax-0.11.1
jax-perlayer	varying	1	76	1200.9	2	jax-0.11.1
jax-perlayer	varying	1	77	1498.7	3	jax-0.11.1
jax-perlayer	varying	1	78	2041.6	5	jax-0.11.1
jax-perlayer	varying	1	79	2502.9	6	jax-0.11.1
jax-perlayer	varying	1	80	1195.7	2	jax-0.11.1
jax-perlayer	varying	1	81	1520.6	3	jax-0.11.1
jax-perlayer	varying	1	82	2075.9	5	jax-0.11.1
jax-perlayer	varying	1	83	2485.3	6	jax-0.11.1
jax-perlayer	varying	1	84	1214.7	2	jax-0.11.1
jax-perlayer	varying	1	85	1524.9	3	jax-0.11.1
jax-perlayer	varying	1	86	2066.6	5	jax-0.11.1
jax-perlayer	varying	1	87	2451.2	6	jax-0.11.1
jax-perlayer	varying	1	88	1159.4	2	jax-0.11.1
jax-perlayer	varying	1	89	1542.8	3	jax-0.11.1
jax-perlayer	varying	1	90	2072.1	5	jax-0.11.1
jax-perlayer	varying	1	91	2481.9	6	jax-0.11.1
jax-perlayer	varying	1	92	1195.9	2	jax-0.11.1
jax-perlayer	varying	1	93	1534.5	3	jax-0.11.1
jax-perlayer	varying	1	94	2097.6	5	jax-0.11.1
jax-perlayer	varying	1	95	2486.0	6	jax-0.11.1
jax-perlayer	varying	1	96	1179.5	2	jax-0.11.1
jax-perlayer	varying	1	97	1520.6	3	jax-0.11.1
jax-perlayer	varying	1	98	2089.5	5	jax-0.11.1
jax-perlayer	varying	1	99	2469.5	6	jax-0.11.1
jax-perlayer	varying	1	100	1200.0	2	jax-0.11.1
jax-perlayer	varying	1	101	1541.4	3	jax-0.11.1
jax-perlayer	varying	1	102	2089.0	5	jax-0.11.1
jax-perlayer	varying	1	103	2466.7	6	jax-0.11.1
jax-perlayer	varying	1	104	1218.6	2	jax-0.11.1
jax-perlayer	varying	1	105	1544.0	3	jax-0.11.1
jax-perlayer	varying	1	106	2044.7	5	jax-0.11.1
jax-perlayer	varying	1	107	2470.0	6	jax-0.11.1
jax-perlayer	varying	1	108	1191.4	2	jax-0.11.1
jax-perlayer	varying	1	109	1545.9	3	jax-0.11.1
jax-perlayer	varying	1	110	2046.6	5	jax-0.11.1
jax-perlayer	varying	1	111	2500.3	6	jax-0.11.1
jax-perlayer	varying	1	112	1153.7	2	jax-0.11.1
jax-perlayer	varying	1	113	1610.5	3	jax-0.11.1
jax-perlayer	varying	1	114	2061.1	5	jax-0.11.1
jax-perlayer	varying	1	115	2471.0	6	jax-0.11.1
jax-perlayer	varying	1	116	1181.8	2	jax-0.11.1
jax-perlayer	varying	1	117	1522.8	3	jax-0.11.1
jax-perlayer	varying	1	118	2050.6	5	jax-0.11.1
jax-perlayer	varying	1	119	2342.5	6	jax-0.11.1
jax-perlayer	varying	1	120	1162.8	2	jax-0.11.1
jax-perlayer	varying	1	121	1560.7	3	jax-0.11.1
jax-perlayer	varying	1	122	2045.2	5	jax-0.11.1
jax-perlayer	varying	1	123	2455.7	6	jax-0.11.1
jax-perlayer	varying	1	124	1189.0	2	jax-0.11.1
jax-perlayer	varying	1	125	1537.1	3	jax-0.11.1
jax-perlayer	varying	1	126	2226.4	5	jax-0.11.1
jax-perlayer	varying	1	127	2302.6	6	jax-0.11.1
jax-perlayer	varying	1	128	1111.5	2	jax-0.11.1
jax-perlayer	varying	1	129	1427.4	3	jax-0.11.1
jax-perlayer	varying	1	130	1874.2	5	jax-0.11.1
jax-perlayer	varying	1	131	2228.0	6	jax-0.11.1
jax-perlayer	varying	1	132	1072.9	2	jax-0.11.1
jax-perlayer	varying	1	133	1407.6	3	jax-0.11.1
jax-perlayer	varying	1	134	1889.2	5	jax-0.11.1
jax-perlayer	varying	1	135	2251.6	6	jax-0.11.1
jax-perlayer	varying	1	136	1083.9	2	jax-0.11.1
jax-perlayer	varying	1	137	1432.9	3	jax-0.11.1
jax-perlayer	varying	1	138	1869.2	5	jax-0.11.1
jax-perlayer	varying	1	139	2223.3	6	jax-0.11.1
jax-perlayer	varying	1	140	1093.4	2	jax-0.11.1
jax-perlayer	varying	1	141	1432.4	3	jax-0.11.1
jax-perlayer	varying	1	142	1902.3	5	jax-0.11.1
jax-perlayer	varying	1	143	2324.1	6	jax-0.11.1
jax-perlayer	varying	1	144	1072.9	2	jax-0.11.1
jax-perlayer	varying	1	145	1419.5	3	jax-0.11.1
jax-perlayer	varying	1	146	1890.4	5	jax-0.11.1
jax-perlayer	varying	1	147	2209.9	6	jax-0.11.1
jax-perlayer	varying	1	148	1086.0	2	jax-0.11.1
jax-perlayer	varying	1	149	1478.9	3	jax-0.11.1
jax-perlayer	varying	1	150	1858.7	5	jax-0.11.1
jax-perlayer	varying	1	151	2241.6	6	jax-0.11.1
jax-perlayer	varying	1	152	1071.9	2	jax-0.11.1
jax-perlayer	varying	1	153	1400.2	3	jax-0.11.1
jax-perlayer	varying	1	154	1861.6	5	jax-0.11.1
jax-perlayer	varying	1	155	2219.0	6	jax-0.11.1
jax-perlayer	varying	1	156	1080.3	2	jax-0.11.1
jax-perlayer	varying	1	157	1380.2	3	jax-0.11.1
jax-perlayer	varying	1	158	1962.2	5	jax-0.11.1
jax-perlayer	varying	1	159	2444.7	6	jax-0.11.1
jax-perlayer	varying	1	160	1170.6	2	jax-0.11.1
jax-perlayer	varying	1	161	1513.2	3	jax-0.11.1
jax-perlayer	varying	1	162	2043.0	5	jax-0.11.1
jax-perlayer	varying	1	163	2433.8	6	jax-0.11.1
jax-perlayer	varying	1	164	1171.4	2	jax-0.11.1
jax-perlayer	varying	1	165	1523.0	3	jax-0.11.1
jax-perlayer	varying	1	166	2044.0	5	jax-0.11.1
jax-perlayer	varying	1	167	2407.6	6	jax-0.11.1
jax-perlayer	varying	1	168	1170.9	2	jax-0.11.1
jax-perlayer	varying	1	169	1506.3	3	jax-0.11.1
jax-perlayer	varying	1	170	2040.9	5	jax-0.11.1
jax-perlayer	varying	1	171	2417.1	6	jax-0.11.1
jax-perlayer	varying	1	172	1164.4	2	jax-0.11.1
jax-perlayer	varying	1	173	1516.1	3	jax-0.11.1
jax-perlayer	varying	1	174	2073.0	5	jax-0.11.1
jax-perlayer	varying	1	175	2402.1	6	jax-0.11.1
jax-perlayer	varying	1	176	1179.0	2	jax-0.11.1
jax-perlayer	varying	1	177	1518.2	3	jax-0.11.1
jax-perlayer	varying	1	178	2026.8	5	jax-0.11.1
jax-perlayer	varying	1	179	2408.5	6	jax-0.11.1
jax-perlayer	varying	1	180	1167.5	2	jax-0.11.1
jax-perlayer	varying	1	181	1523.3	3	jax-0.11.1
jax-perlayer	varying	1	182	2037.3	5	jax-0.11.1
jax-perlayer	varying	1	183	2428.1	6	jax-0.11.1
jax-perlayer	varying	1	184	1170.9	2	jax-0.11.1
jax-perlayer	varying	1	185	1502.0	3	jax-0.11.1
jax-perlayer	varying	1	186	2045.4	5	jax-0.11.1
jax-perlayer	varying	1	187	2388.5	6	jax-0.11.1
jax-perlayer	varying	1	188	1195.2	2	jax-0.11.1
jax-perlayer	varying	1	189	1510.6	3	jax-0.11.1
jax-perlayer	varying	1	190	2026.1	5	jax-0.11.1
jax-perlayer	varying	1	191	2428.5	6	jax-0.11.1
jax-perlayer	varying	1	192	1174.4	2	jax-0.11.1
jax-perlayer	varying	1	193	1513.5	3	jax-0.11.1
jax-perlayer	varying	1	194	2042.1	5	jax-0.11.1
jax-perlayer	varying	1	195	2422.1	6	jax-0.11.1
jax-perlayer	varying	1	196	1162.5	2	jax-0.11.1
jax-perlayer	varying	1	197	1523.0	3	jax-0.11.1
jax-perlayer	varying	1	198	2028.9	5	jax-0.11.1
jax-perlayer	varying	1	199	2422.1	6	jax-0.11.1
jax-while	varying	1	0	7361263.8	2	jax-0.11.1
jax-while	varying	1	1	1704.5	3	jax-0.11.1
jax-while	varying	1	2	1635.3	5	jax-0.11.1
jax-while	varying	1	3	1613.9	6	jax-0.11.1
jax-while	varying	1	4	1038.6	2	jax-0.11.1
jax-while	varying	1	5	1251.2	3	jax-0.11.1
jax-while	varying	1	6	1478.9	5	jax-0.11.1
jax-while	varying	1	7	1632.7	6	jax-0.11.1
jax-while	varying	1	8	1066.9	2	jax-0.11.1
jax-while	varying	1	9	1220.7	3	jax-0.11.1
jax-while	varying	1	10	1433.6	5	jax-0.11.1
jax-while	varying	1	11	1610.8	6	jax-0.11.1
jax-while	varying	1	12	1081.9	2	jax-0.11.1
jax-while	varying	1	13	1183.5	3	jax-0.11.1
jax-while	varying	1	14	1470.1	5	jax-0.11.1
jax-while	varying	1	15	1618.4	6	jax-0.11.1
jax-while	varying	1	16	1033.3	2	jax-0.11.1
jax-while	varying	1	17	1156.1	3	jax-0.11.1
jax-while	varying	1	18	1468.4	5	jax-0.11.1
jax-while	varying	1	19	1607.4	6	jax-0.11.1
jax-while	varying	1	20	1045.7	2	jax-0.11.1
jax-while	varying	1	21	1164.2	3	jax-0.11.1
jax-while	varying	1	22	1445.8	5	jax-0.11.1
jax-while	varying	1	23	1617.9	6	jax-0.11.1
jax-while	varying	1	24	1045.2	2	jax-0.11.1
jax-while	varying	1	25	1164.0	3	jax-0.11.1
jax-while	varying	1	26	1470.8	5	jax-0.11.1
jax-while	varying	1	27	1622.9	6	jax-0.11.1
jax-while	varying	1	28	1031.6	2	jax-0.11.1
jax-while	varying	1	29	1166.6	3	jax-0.11.1
jax-while	varying	1	30	1482.2	5	jax-0.11.1
jax-while	varying	1	31	1587.9	6	jax-0.11.1
jax-while	varying	1	32	1037.8	2	jax-0.11.1
jax-while	varying	1	33	1176.8	3	jax-0.11.1
jax-while	varying	1	34	1418.8	5	jax-0.11.1
jax-while	varying	1	35	1591.0	6	jax-0.11.1
jax-while	varying	1	36	1043.6	2	jax-0.11.1
jax-while	varying	1	37	1174.7	3	jax-0.11.1
jax-while	varying	1	38	1451.5	5	jax-0.11.1
jax-while	varying	1	39	1569.5	6	jax-0.11.1
jax-while	varying	1	40	1022.3	2	jax-0.11.1
jax-while	varying	1	41	1156.3	3	jax-0.11.1
jax-while	varying	1	42	1473.4	5	jax-0.11.1
jax-while	varying	1	43	1610.3	6	jax-0.11.1
jax-while	varying	1	44	1121.8	2	jax-0.11.1
jax-while	varying	1	45	1236.2	3	jax-0.11.1
jax-while	varying	1	46	1490.1	5	jax-0.11.1
jax-while	varying	1	47	1693.2	6	jax-0.11.1
jax-while	varying	1	48	1067.4	2	jax-0.11.1
jax-while	varying	1	49	1240.0	3	jax-0.11.1
jax-while	varying	1	50	1494.4	5	jax-0.11.1
jax-while	varying	1	51	1691.8	6	jax-0.11.1
jax-while	varying	1	52	1024.0	2	jax-0.11.1
jax-while	varying	1	53	1214.3	3	jax-0.11.1
jax-while	varying	1	54	1462.5	5	jax-0.11.1
jax-while	varying	1	55	1660.1	6	jax-0.11.1
jax-while	varying	1	56	1019.5	2	jax-0.11.1
jax-while	varying	1	57	1294.9	3	jax-0.11.1
jax-while	varying	1	58	1486.8	5	jax-0.11.1
jax-while	varying	1	59	1650.8	6	jax-0.11.1
jax-while	varying	1	60	1021.1	2	jax-0.11.1
jax-while	varying	1	61	1197.6	3	jax-0.11.1
jax-while	varying	1	62	1490.4	5	jax-0.11.1
jax-while	varying	1	63	1627.9	6	jax-0.11.1
jax-while	varying	1	64	1075.5	2	jax-0.11.1
jax-while	varying	1	65	1185.4	3	jax-0.11.1
jax-while	varying	1	66	1441.0	5	jax-0.11.1
jax-while	varying	1	67	1612.4	6	jax-0.11.1
jax-while	varying	1	68	1060.5	2	jax-0.11.1
jax-while	varying	1	69	1225.7	3	jax-0.11.1
jax-while	varying	1	70	1493.0	5	jax-0.11.1
jax-while	varying	1	71	1613.9	6	jax-0.11.1
jax-while	varying	1	72	1058.6	2	jax-0.11.1
jax-while	varying	1	73	1177.8	3	jax-0.11.1
jax-while	varying	1	74	1494.2	5	jax-0.11.1
jax-while	varying	1	75	1644.1	6	jax-0.11.1
jax-while	varying	1	76	1068.8	2	jax-0.11.1
jax-while	varying	1	77	1191.1	3	jax-0.11.1
jax-while	varying	1	78	1478.0	5	jax-0.11.1
jax-while	varying	1	79	1614.8	6	jax-0.11.1
jax-while	varying	1	80	1150.1	2	jax-0.11.1
jax-while	varying	1	81	1203.3	3	jax-0.11.1
jax-while	varying	1	82	1497.7	5	jax-0.11.1
jax-while	varying	1	83	1634.4	6	jax-0.11.1
jax-while	varying	1	84	1085.3	2	jax-0.11.1
jax-while	varying	1	85	1194.0	3	jax-0.11.1
jax-while	varying	1	86	1469.9	5	jax-0.11.1
jax-while	varying	1	87	1654.9	6	jax-0.11.1
jax-while	varying	1	88	1059.1	2	jax-0.11.1
jax-while	varying	1	89	1200.0	3	jax-0.11.1
jax-while	varying	1	90	1470.6	5	jax-0.11.1
jax-while	varying	1	91	1641.0	6	jax-0.11.1
jax-while	varying	1	92	1037.8	2	jax-0.11.1
jax-while	varying	1	93	1205.7	3	jax-0.11.1
jax-while	varying	1	94	1477.0	5	jax-0.11.1
jax-while	varying	1	95	1611.5	6	jax-0.11.1
jax-while	varying	1	96	1053.6	2	jax-0.11.1
jax-while	varying	1	97	1196.1	3	jax-0.11.1
jax-while	varying	1	98	1499.7	5	jax-0.11.1
jax-while	varying	1	99	1649.1	6	jax-0.11.1
jax-while	varying	1	100	1069.1	2	jax-0.11.1
jax-while	varying	1	101	1205.2	3	jax-0.11.1
jax-while	varying	1	102	1488.4	5	jax-0.11.1
jax-while	varying	1	103	1639.1	6	jax-0.11.1
jax-while	varying	1	104	1063.8	2	jax-0.11.1
jax-while	varying	1	105	1170.4	3	jax-0.11.1
jax-while	varying	1	106	1472.5	5	jax-0.11.1
jax-while	varying	1	107	1589.1	6	jax-0.11.1
jax-while	varying	1	108	1045.2	2	jax-0.11.1
jax-while	varying	1	109	1166.6	3	jax-0.11.1
jax-while	varying	1	110	1452.2	5	jax-0.11.1
jax-while	varying	1	111	1587.6	6	jax-0.11.1
jax-while	varying	1	112	1047.8	2	jax-0.11.1
jax-while	varying	1	113	1195.9	3	jax-0.11.1
jax-while	varying	1	114	1445.5	5	jax-0.11.1
jax-while	varying	1	115	1658.4	6	jax-0.11.1
jax-while	varying	1	116	1085.5	2	jax-0.11.1
jax-while	varying	1	117	1212.1	3	jax-0.11.1
jax-while	varying	1	118	1462.0	5	jax-0.11.1
jax-while	varying	1	119	1570.0	6	jax-0.11.1
jax-while	varying	1	120	1057.1	2	jax-0.11.1
jax-while	varying	1	121	1179.5	3	jax-0.11.1
jax-while	varying	1	122	1472.2	5	jax-0.11.1
jax-while	varying	1	123	1601.2	6	jax-0.11.1
jax-while	varying	1	124	1071.5	2	jax-0.11.1
jax-while	varying	1	125	1200.4	3	jax-0.11.1
jax-while	varying	1	126	1459.4	5	jax-0.11.1
jax-while	varying	1	127	1635.1	6	jax-0.11.1
jax-while	varying	1	128	1093.9	2	jax-0.11.1
jax-while	varying	1	129	1221.4	3	jax-0.11.1
jax-while	varying	1	130	1459.1	5	jax-0.11.1
jax-while	varying	1	131	1605.5	6	jax-0.11.1
jax-while	varying	1	132	1046.9	2	jax-0.11.1
jax-while	varying	1	133	1191.4	3	jax-0.11.1
jax-while	varying	1	134	1470.6	5	jax-0.11.1
jax-while	varying	1	135	1615.5	6	jax-0.11.1
jax-while	varying	1	136	1050.9	2	jax-0.11.1
jax-while	varying	1	137	1194.0	3	jax-0.11.1
jax-while	varying	1	138	1448.2	5	jax-0.11.1
jax-while	varying	1	139	1609.6	6	jax-0.11.1
jax-while	varying	1	140	1080.0	2	jax-0.11.1
jax-while	varying	1	141	1208.5	3	jax-0.11.1
jax-while	varying	1	142	1460.8	5	jax-0.11.1
jax-while	varying	1	143	1608.1	6	jax-0.11.1
jax-while	varying	1	144	1061.2	2	jax-0.11.1
jax-while	varying	1	145	1169.2	3	jax-0.11.1
jax-while	varying	1	146	1462.5	5	jax-0.11.1
jax-while	varying	1	147	1608.4	6	jax-0.11.1
jax-while	varying	1	148	1057.4	2	jax-0.11.1
jax-while	varying	1	149	1190.4	3	jax-0.11.1
jax-while	varying	1	150	1432.9	5	jax-0.11.1
jax-while	varying	1	151	1635.3	6	jax-0.11.1
jax-while	varying	1	152	1065.7	2	jax-0.11.1
jax-while	varying	1	153	1192.3	3	jax-0.11.1
jax-while	varying	1	154	1451.3	5	jax-0.11.1
jax-while	varying	1	155	1591.2	6	jax-0.11.1
jax-while	varying	1	156	1054.3	2	jax-0.11.1
jax-while	varying	1	157	1227.6	3	jax-0.11.1
jax-while	varying	1	158	1473.2	5	jax-0.11.1
jax-while	varying	1	159	1607.9	6	jax-0.11.1
jax-while	varying	1	160	1036.6	2	jax-0.11.1
jax-while	varying	1	161	1200.9	3	jax-0.11.1
jax-while	varying	1	162	1471.8	5	jax-0.11.1
jax-while	varying	1	163	1651.3	6	jax-0.11.1
jax-while	varying	1	164	1091.5	2	jax-0.11.1
jax-while	varying	1	165	1185.4	3	jax-0.11.1
jax-while	varying	1	166	1462.5	5	jax-0.11.1
jax-while	varying	1	167	1600.5	6	jax-0.11.1
jax-while	varying	1	168	1059.1	2	jax-0.11.1
jax-while	varying	1	169	1194.5	3	jax-0.11.1
jax-while	varying	1	170	1476.3	5	jax-0.11.1
jax-while	varying	1	171	1618.1	6	jax-0.11.1
jax-while	varying	1	172	1048.8	2	jax-0.11.1
jax-while	varying	1	173	1197.8	3	jax-0.11.1
jax-while	varying	1	174	1529.0	5	jax-0.11.1
jax-while	varying	1	175	1602.6	6	jax-0.11.1
jax-while	varying	1	176	1056.0	2	jax-0.11.1
jax-while	varying	1	177	1180.4	3	jax-0.11.1
jax-while	varying	1	178	1481.1	5	jax-0.11.1
jax-while	varying	1	179	1590.7	6	jax-0.11.1
jax-while	varying	1	180	1053.3	2	jax-0.11.1
jax-while	varying	1	181	1188.3	3	jax-0.11.1
jax-while	varying	1	182	1442.2	5	jax-0.11.1
jax-while	varying	1	183	1587.9	6	jax-0.11.1
jax-while	varying	1	184	1042.6	2	jax-0.11.1
jax-while	varying	1	185	1236.7	3	jax-0.11.1
jax-while	varying	1	186	1427.9	5	jax-0.11.1
jax-while	varying	1	187	1589.5	6	jax-0.11.1
jax-while	varying	1	188	1063.6	2	jax-0.11.1
jax-while	varying	1	189	1175.2	3	jax-0.11.1
jax-while	varying	1	190	1475.3	5	jax-0.11.1
jax-while	varying	1	191	1589.8	6	jax-0.11.1
jax-while	varying	1	192	1056.0	2	jax-0.11.1
jax-while	varying	1	193	1197.6	3	jax-0.11.1
jax-while	varying	1	194	1450.8	5	jax-0.11.1
jax-while	varying	1	195	1596.5	6	jax-0.11.1
jax-while	varying	1	196	1064.3	2	jax-0.11.1
jax-while	varying	1	197	1226.4	3	jax-0.11.1
jax-while	varying	1	198	1445.3	5	jax-0.11.1
jax-while	varying	1	199	1594.1	6	jax-0.11.1
ours	stable	2	0	471778.9	4	ddc8008cdeaf
ours	stable	2	1	13275.9	4	ddc8008cdeaf
ours	stable	2	2	2228.0	4	ddc8008cdeaf
ours	stable	2	3	1487.0	4	ddc8008cdeaf
ours	stable	2	4	8837.0	4	ddc8008cdeaf
ours	stable	2	5	2810.0	4	ddc8008cdeaf
ours	stable	2	6	1092.0	4	ddc8008cdeaf
ours	stable	2	7	2191.1	4	ddc8008cdeaf
ours	stable	2	8	1097.0	4	ddc8008cdeaf
ours	stable	2	9	1087.2	4	ddc8008cdeaf
ours	stable	2	10	2152.0	4	ddc8008cdeaf
ours	stable	2	11	1073.1	4	ddc8008cdeaf
ours	stable	2	12	1083.9	4	ddc8008cdeaf
ours	stable	2	13	1088.9	4	ddc8008cdeaf
ours	stable	2	14	2106.2	4	ddc8008cdeaf
ours	stable	2	15	1072.9	4	ddc8008cdeaf
ours	stable	2	16	1072.9	4	ddc8008cdeaf
ours	stable	2	17	1064.8	4	ddc8008cdeaf
ours	stable	2	18	1060.0	4	ddc8008cdeaf
ours	stable	2	19	2080.0	4	ddc8008cdeaf
ours	stable	2	20	1093.1	4	ddc8008cdeaf
ours	stable	2	21	1061.0	4	ddc8008cdeaf
ours	stable	2	22	1087.0	4	ddc8008cdeaf
ours	stable	2	23	1072.9	4	ddc8008cdeaf
ours	stable	2	24	1139.2	4	ddc8008cdeaf
ours	stable	2	25	2093.1	4	ddc8008cdeaf
ours	stable	2	26	1095.1	4	ddc8008cdeaf
ours	stable	2	27	1070.0	4	ddc8008cdeaf
ours	stable	2	28	1058.1	4	ddc8008cdeaf
ours	stable	2	29	1076.9	4	ddc8008cdeaf
ours	stable	2	30	1058.1	4	ddc8008cdeaf
ours	stable	2	31	1059.1	4	ddc8008cdeaf
ours	stable	2	32	2072.1	4	ddc8008cdeaf
ours	stable	2	33	1089.1	4	ddc8008cdeaf
ours	stable	2	34	1066.0	4	ddc8008cdeaf
ours	stable	2	35	1069.1	4	ddc8008cdeaf
ours	stable	2	36	1064.1	4	ddc8008cdeaf
ours	stable	2	37	1062.9	4	ddc8008cdeaf
ours	stable	2	38	1070.0	4	ddc8008cdeaf
ours	stable	2	39	1102.9	4	ddc8008cdeaf
ours	stable	2	40	2105.0	4	ddc8008cdeaf
ours	stable	2	41	1092.2	4	ddc8008cdeaf
ours	stable	2	42	1117.0	4	ddc8008cdeaf
ours	stable	2	43	1076.0	4	ddc8008cdeaf
ours	stable	2	44	1070.0	4	ddc8008cdeaf
ours	stable	2	45	1059.1	4	ddc8008cdeaf
ours	stable	2	46	1076.0	4	ddc8008cdeaf
ours	stable	2	47	1067.9	4	ddc8008cdeaf
ours	stable	2	48	1070.0	4	ddc8008cdeaf
ours	stable	2	49	2070.2	4	ddc8008cdeaf
ours	stable	2	50	1138.0	4	ddc8008cdeaf
ours	stable	2	51	1078.1	4	ddc8008cdeaf
ours	stable	2	52	1110.1	4	ddc8008cdeaf
ours	stable	2	53	1065.0	4	ddc8008cdeaf
ours	stable	2	54	1084.1	4	ddc8008cdeaf
ours	stable	2	55	1048.1	4	ddc8008cdeaf
ours	stable	2	56	1074.1	4	ddc8008cdeaf
ours	stable	2	57	1066.9	4	ddc8008cdeaf
ours	stable	2	58	1073.1	4	ddc8008cdeaf
ours	stable	2	59	2100.9	4	ddc8008cdeaf
ours	stable	2	60	1066.9	4	ddc8008cdeaf
ours	stable	2	61	1057.9	4	ddc8008cdeaf
ours	stable	2	62	1065.0	4	ddc8008cdeaf
ours	stable	2	63	1068.8	4	ddc8008cdeaf
ours	stable	2	64	1084.1	4	ddc8008cdeaf
ours	stable	2	65	1047.1	4	ddc8008cdeaf
ours	stable	2	66	1071.0	4	ddc8008cdeaf
ours	stable	2	67	1057.1	4	ddc8008cdeaf
ours	stable	2	68	1050.0	4	ddc8008cdeaf
ours	stable	2	69	1071.0	4	ddc8008cdeaf
ours	stable	2	70	2089.0	4	ddc8008cdeaf
ours	stable	2	71	1065.0	4	ddc8008cdeaf
ours	stable	2	72	1071.0	4	ddc8008cdeaf
ours	stable	2	73	1064.1	4	ddc8008cdeaf
ours	stable	2	74	1056.9	4	ddc8008cdeaf
ours	stable	2	75	1056.0	4	ddc8008cdeaf
ours	stable	2	76	1119.9	4	ddc8008cdeaf
ours	stable	2	77	1067.2	4	ddc8008cdeaf
ours	stable	2	78	1069.1	4	ddc8008cdeaf
ours	stable	2	79	1072.9	4	ddc8008cdeaf
ours	stable	2	80	1067.9	4	ddc8008cdeaf
ours	stable	2	81	1049.0	4	ddc8008cdeaf
ours	stable	2	82	1081.0	4	ddc8008cdeaf
ours	stable	2	83	1052.9	4	ddc8008cdeaf
ours	stable	2	84	1048.1	4	ddc8008cdeaf
ours	stable	2	85	2072.1	4	ddc8008cdeaf
ours	stable	2	86	1038.1	4	ddc8008cdeaf
ours	stable	2	87	1044.0	4	ddc8008cdeaf
ours	stable	2	88	1064.1	4	ddc8008cdeaf
ours	stable	2	89	1044.0	4	ddc8008cdeaf
ours	stable	2	90	1028.1	4	ddc8008cdeaf
ours	stable	2	91	1035.9	4	ddc8008cdeaf
ours	stable	2	92	1059.1	4	ddc8008cdeaf
ours	stable	2	93	1048.1	4	ddc8008cdeaf
ours	stable	2	94	1058.1	4	ddc8008cdeaf
ours	stable	2	95	1029.0	4	ddc8008cdeaf
ours	stable	2	96	1101.0	4	ddc8008cdeaf
ours	stable	2	97	1052.1	4	ddc8008cdeaf
ours	stable	2	98	1035.0	4	ddc8008cdeaf
ours	stable	2	99	1025.9	4	ddc8008cdeaf
ours	stable	2	100	1024.0	4	ddc8008cdeaf
ours	stable	2	101	1040.0	4	ddc8008cdeaf
ours	stable	2	102	1032.1	4	ddc8008cdeaf
ours	stable	2	103	1026.9	4	ddc8008cdeaf
ours	stable	2	104	2105.0	4	ddc8008cdeaf
ours	stable	2	105	1044.0	4	ddc8008cdeaf
ours	stable	2	106	1049.0	4	ddc8008cdeaf
ours	stable	2	107	1061.0	4	ddc8008cdeaf
ours	stable	2	108	1047.1	4	ddc8008cdeaf
ours	stable	2	109	1030.9	4	ddc8008cdeaf
ours	stable	2	110	1073.1	4	ddc8008cdeaf
ours	stable	2	111	1070.0	4	ddc8008cdeaf
ours	stable	2	112	1040.0	4	ddc8008cdeaf
ours	stable	2	113	1041.2	4	ddc8008cdeaf
ours	stable	2	114	1098.9	4	ddc8008cdeaf
ours	stable	2	115	1028.8	4	ddc8008cdeaf
ours	stable	2	116	1060.0	4	ddc8008cdeaf
ours	stable	2	117	1029.0	4	ddc8008cdeaf
ours	stable	2	118	1035.0	4	ddc8008cdeaf
ours	stable	2	119	1042.1	4	ddc8008cdeaf
ours	stable	2	120	1040.0	4	ddc8008cdeaf
ours	stable	2	121	1106.0	4	ddc8008cdeaf
ours	stable	2	122	2078.1	4	ddc8008cdeaf
ours	stable	2	123	1038.1	4	ddc8008cdeaf
ours	stable	2	124	1039.0	4	ddc8008cdeaf
ours	stable	2	125	1048.1	4	ddc8008cdeaf
ours	stable	2	126	1021.9	4	ddc8008cdeaf
ours	stable	2	127	1045.0	4	ddc8008cdeaf
ours	stable	2	128	1056.0	4	ddc8008cdeaf
ours	stable	2	129	1057.1	4	ddc8008cdeaf
ours	stable	2	130	1025.9	4	ddc8008cdeaf
ours	stable	2	131	1019.0	4	ddc8008cdeaf
ours	stable	2	132	1067.9	4	ddc8008cdeaf
ours	stable	2	133	1045.0	4	ddc8008cdeaf
ours	stable	2	134	1036.2	4	ddc8008cdeaf
ours	stable	2	135	1065.0	4	ddc8008cdeaf
ours	stable	2	136	1020.9	4	ddc8008cdeaf
ours	stable	2	137	1041.9	4	ddc8008cdeaf
ours	stable	2	138	1033.1	4	ddc8008cdeaf
ours	stable	2	139	1097.0	4	ddc8008cdeaf
ours	stable	2	140	2070.0	4	ddc8008cdeaf
ours	stable	2	141	1064.1	4	ddc8008cdeaf
ours	stable	2	142	1094.1	4	ddc8008cdeaf
ours	stable	2	143	1040.0	4	ddc8008cdeaf
ours	stable	2	144	1033.1	4	ddc8008cdeaf
ours	stable	2	145	1026.9	4	ddc8008cdeaf
ours	stable	2	146	1073.8	4	ddc8008cdeaf
ours	stable	2	147	1037.1	4	ddc8008cdeaf
ours	stable	2	148	1029.0	4	ddc8008cdeaf
ours	stable	2	149	1048.1	4	ddc8008cdeaf
ours	stable	2	150	1040.0	4	ddc8008cdeaf
ours	stable	2	151	1044.0	4	ddc8008cdeaf
ours	stable	2	152	1030.2	4	ddc8008cdeaf
ours	stable	2	153	1041.9	4	ddc8008cdeaf
ours	stable	2	154	1057.1	4	ddc8008cdeaf
ours	stable	2	155	1041.9	4	ddc8008cdeaf
ours	stable	2	156	1024.0	4	ddc8008cdeaf
ours	stable	2	157	1049.0	4	ddc8008cdeaf
ours	stable	2	158	1049.0	4	ddc8008cdeaf
ours	stable	2	159	1046.9	4	ddc8008cdeaf
ours	stable	2	160	1037.1	4	ddc8008cdeaf
ours	stable	2	161	1059.1	4	ddc8008cdeaf
ours	stable	2	162	1030.0	4	ddc8008cdeaf
ours	stable	2	163	1039.0	4	ddc8008cdeaf
ours	stable	2	164	1075.0	4	ddc8008cdeaf
ours	stable	2	165	1118.2	4	ddc8008cdeaf
ours	stable	2	166	1046.9	4	ddc8008cdeaf
ours	stable	2	167	1107.2	4	ddc8008cdeaf
ours	stable	2	168	2093.1	4	ddc8008cdeaf
ours	stable	2	169	1045.0	4	ddc8008cdeaf
ours	stable	2	170	1042.1	4	ddc8008cdeaf
ours	stable	2	171	1065.0	4	ddc8008cdeaf
ours	stable	2	172	1016.9	4	ddc8008cdeaf
ours	stable	2	173	1047.8	4	ddc8008cdeaf
ours	stable	2	174	1038.1	4	ddc8008cdeaf
ours	stable	2	175	1044.0	4	ddc8008cdeaf
ours	stable	2	176	1039.0	4	ddc8008cdeaf
ours	stable	2	177	1047.1	4	ddc8008cdeaf
ours	stable	2	178	1065.0	4	ddc8008cdeaf
ours	stable	2	179	1044.0	4	ddc8008cdeaf
ours	stable	2	180	1044.0	4	ddc8008cdeaf
ours	stable	2	181	1056.2	4	ddc8008cdeaf
ours	stable	2	182	1060.0	4	ddc8008cdeaf
ours	stable	2	183	1048.1	4	ddc8008cdeaf
ours	stable	2	184	1080.0	4	ddc8008cdeaf
ours	stable	2	185	1073.8	4	ddc8008cdeaf
ours	stable	2	186	1025.0	4	ddc8008cdeaf
ours	stable	2	187	1056.0	4	ddc8008cdeaf
ours	stable	2	188	1049.0	4	ddc8008cdeaf
ours	stable	2	189	1094.1	4	ddc8008cdeaf
ours	stable	2	190	1038.1	4	ddc8008cdeaf
ours	stable	2	191	1028.1	4	ddc8008cdeaf
ours	stable	2	192	1055.0	4	ddc8008cdeaf
ours	stable	2	193	1088.1	4	ddc8008cdeaf
ours	stable	2	194	1039.0	4	ddc8008cdeaf
ours	stable	2	195	2095.0	4	ddc8008cdeaf
ours	stable	2	196	1038.1	4	ddc8008cdeaf
ours	stable	2	197	1058.1	4	ddc8008cdeaf
ours	stable	2	198	1042.8	4	ddc8008cdeaf
ours	stable	2	199	1104.8	4	ddc8008cdeaf
torch-eager	stable	2	0	119942.4	4	torch-2.14.0+cu130
torch-eager	stable	2	1	2197.5	4	torch-2.14.0+cu130
torch-eager	stable	2	2	2117.9	4	torch-2.14.0+cu130
torch-eager	stable	2	3	2052.5	4	torch-2.14.0+cu130
torch-eager	stable	2	4	2065.7	4	torch-2.14.0+cu130
torch-eager	stable	2	5	2104.8	4	torch-2.14.0+cu130
torch-eager	stable	2	6	2052.1	4	torch-2.14.0+cu130
torch-eager	stable	2	7	2042.1	4	torch-2.14.0+cu130
torch-eager	stable	2	8	2065.4	4	torch-2.14.0+cu130
torch-eager	stable	2	9	2069.2	4	torch-2.14.0+cu130
torch-eager	stable	2	10	2065.7	4	torch-2.14.0+cu130
torch-eager	stable	2	11	2088.3	4	torch-2.14.0+cu130
torch-eager	stable	2	12	2086.2	4	torch-2.14.0+cu130
torch-eager	stable	2	13	2050.6	4	torch-2.14.0+cu130
torch-eager	stable	2	14	2064.2	4	torch-2.14.0+cu130
torch-eager	stable	2	15	2152.7	4	torch-2.14.0+cu130
torch-eager	stable	2	16	2046.8	4	torch-2.14.0+cu130
torch-eager	stable	2	17	2068.3	4	torch-2.14.0+cu130
torch-eager	stable	2	18	2037.0	4	torch-2.14.0+cu130
torch-eager	stable	2	19	2050.9	4	torch-2.14.0+cu130
torch-eager	stable	2	20	2058.3	4	torch-2.14.0+cu130
torch-eager	stable	2	21	2073.8	4	torch-2.14.0+cu130
torch-eager	stable	2	22	2054.5	4	torch-2.14.0+cu130
torch-eager	stable	2	23	2049.0	4	torch-2.14.0+cu130
torch-eager	stable	2	24	2082.6	4	torch-2.14.0+cu130
torch-eager	stable	2	25	2036.6	4	torch-2.14.0+cu130
torch-eager	stable	2	26	2080.9	4	torch-2.14.0+cu130
torch-eager	stable	2	27	2045.4	4	torch-2.14.0+cu130
torch-eager	stable	2	28	2021.8	4	torch-2.14.0+cu130
torch-eager	stable	2	29	2036.1	4	torch-2.14.0+cu130
torch-eager	stable	2	30	2037.5	4	torch-2.14.0+cu130
torch-eager	stable	2	31	2050.9	4	torch-2.14.0+cu130
torch-eager	stable	2	32	2033.5	4	torch-2.14.0+cu130
torch-eager	stable	2	33	2093.8	4	torch-2.14.0+cu130
torch-eager	stable	2	34	2075.4	4	torch-2.14.0+cu130
torch-eager	stable	2	35	2038.0	4	torch-2.14.0+cu130
torch-eager	stable	2	36	2046.3	4	torch-2.14.0+cu130
torch-eager	stable	2	37	2063.8	4	torch-2.14.0+cu130
torch-eager	stable	2	38	2041.8	4	torch-2.14.0+cu130
torch-eager	stable	2	39	2047.8	4	torch-2.14.0+cu130
torch-eager	stable	2	40	2028.5	4	torch-2.14.0+cu130
torch-eager	stable	2	41	2036.8	4	torch-2.14.0+cu130
torch-eager	stable	2	42	2072.8	4	torch-2.14.0+cu130
torch-eager	stable	2	43	2113.1	4	torch-2.14.0+cu130
torch-eager	stable	2	44	2055.4	4	torch-2.14.0+cu130
torch-eager	stable	2	45	2058.5	4	torch-2.14.0+cu130
torch-eager	stable	2	46	2069.0	4	torch-2.14.0+cu130
torch-eager	stable	2	47	2037.8	4	torch-2.14.0+cu130
torch-eager	stable	2	48	2026.1	4	torch-2.14.0+cu130
torch-eager	stable	2	49	2026.3	4	torch-2.14.0+cu130
torch-eager	stable	2	50	2022.0	4	torch-2.14.0+cu130
torch-eager	stable	2	51	2048.0	4	torch-2.14.0+cu130
torch-eager	stable	2	52	2031.1	4	torch-2.14.0+cu130
torch-eager	stable	2	53	2032.5	4	torch-2.14.0+cu130
torch-eager	stable	2	54	2047.5	4	torch-2.14.0+cu130
torch-eager	stable	2	55	2058.0	4	torch-2.14.0+cu130
torch-eager	stable	2	56	2056.6	4	torch-2.14.0+cu130
torch-eager	stable	2	57	2083.8	4	torch-2.14.0+cu130
torch-eager	stable	2	58	2066.9	4	torch-2.14.0+cu130
torch-eager	stable	2	59	2040.9	4	torch-2.14.0+cu130
torch-eager	stable	2	60	2056.1	4	torch-2.14.0+cu130
torch-eager	stable	2	61	2062.8	4	torch-2.14.0+cu130
torch-eager	stable	2	62	2034.2	4	torch-2.14.0+cu130
torch-eager	stable	2	63	2103.8	4	torch-2.14.0+cu130
torch-eager	stable	2	64	2022.0	4	torch-2.14.0+cu130
torch-eager	stable	2	65	2025.8	4	torch-2.14.0+cu130
torch-eager	stable	2	66	2052.5	4	torch-2.14.0+cu130
torch-eager	stable	2	67	2028.5	4	torch-2.14.0+cu130
torch-eager	stable	2	68	2082.8	4	torch-2.14.0+cu130
torch-eager	stable	2	69	2076.6	4	torch-2.14.0+cu130
torch-eager	stable	2	70	2046.6	4	torch-2.14.0+cu130
torch-eager	stable	2	71	2042.3	4	torch-2.14.0+cu130
torch-eager	stable	2	72	2031.1	4	torch-2.14.0+cu130
torch-eager	stable	2	73	2093.3	4	torch-2.14.0+cu130
torch-eager	stable	2	74	2112.9	4	torch-2.14.0+cu130
torch-eager	stable	2	75	2048.7	4	torch-2.14.0+cu130
torch-eager	stable	2	76	2059.5	4	torch-2.14.0+cu130
torch-eager	stable	2	77	2073.3	4	torch-2.14.0+cu130
torch-eager	stable	2	78	2026.8	4	torch-2.14.0+cu130
torch-eager	stable	2	79	2031.1	4	torch-2.14.0+cu130
torch-eager	stable	2	80	2059.9	4	torch-2.14.0+cu130
torch-eager	stable	2	81	2034.2	4	torch-2.14.0+cu130
torch-eager	stable	2	82	2039.9	4	torch-2.14.0+cu130
torch-eager	stable	2	83	2018.7	4	torch-2.14.0+cu130
torch-eager	stable	2	84	2028.5	4	torch-2.14.0+cu130
torch-eager	stable	2	85	2096.9	4	torch-2.14.0+cu130
torch-eager	stable	2	86	2034.9	4	torch-2.14.0+cu130
torch-eager	stable	2	87	2047.3	4	torch-2.14.0+cu130
torch-eager	stable	2	88	2067.6	4	torch-2.14.0+cu130
torch-eager	stable	2	89	2040.9	4	torch-2.14.0+cu130
torch-eager	stable	2	90	2038.0	4	torch-2.14.0+cu130
torch-eager	stable	2	91	2057.6	4	torch-2.14.0+cu130
torch-eager	stable	2	92	2065.2	4	torch-2.14.0+cu130
torch-eager	stable	2	93	2035.9	4	torch-2.14.0+cu130
torch-eager	stable	2	94	2020.4	4	torch-2.14.0+cu130
torch-eager	stable	2	95	2027.0	4	torch-2.14.0+cu130
torch-eager	stable	2	96	2062.8	4	torch-2.14.0+cu130
torch-eager	stable	2	97	2067.8	4	torch-2.14.0+cu130
torch-eager	stable	2	98	2048.3	4	torch-2.14.0+cu130
torch-eager	stable	2	99	2039.9	4	torch-2.14.0+cu130
torch-eager	stable	2	100	2032.5	4	torch-2.14.0+cu130
torch-eager	stable	2	101	2026.8	4	torch-2.14.0+cu130
torch-eager	stable	2	102	2132.7	4	torch-2.14.0+cu130
torch-eager	stable	2	103	2052.5	4	torch-2.14.0+cu130
torch-eager	stable	2	104	2045.9	4	torch-2.14.0+cu130
torch-eager	stable	2	105	2070.9	4	torch-2.14.0+cu130
torch-eager	stable	2	106	2070.7	4	torch-2.14.0+cu130
torch-eager	stable	2	107	2062.1	4	torch-2.14.0+cu130
torch-eager	stable	2	108	2046.1	4	torch-2.14.0+cu130
torch-eager	stable	2	109	2038.2	4	torch-2.14.0+cu130
torch-eager	stable	2	110	2037.0	4	torch-2.14.0+cu130
torch-eager	stable	2	111	2037.5	4	torch-2.14.0+cu130
torch-eager	stable	2	112	2094.5	4	torch-2.14.0+cu130
torch-eager	stable	2	113	2041.3	4	torch-2.14.0+cu130
torch-eager	stable	2	114	2030.1	4	torch-2.14.0+cu130
torch-eager	stable	2	115	2073.3	4	torch-2.14.0+cu130
torch-eager	stable	2	116	2029.9	4	torch-2.14.0+cu130
torch-eager	stable	2	117	2044.4	4	torch-2.14.0+cu130
torch-eager	stable	2	118	2017.7	4	torch-2.14.0+cu130
torch-eager	stable	2	119	2049.4	4	torch-2.14.0+cu130
torch-eager	stable	2	120	2052.1	4	torch-2.14.0+cu130
torch-eager	stable	2	121	2028.5	4	torch-2.14.0+cu130
torch-eager	stable	2	122	2023.2	4	torch-2.14.0+cu130
torch-eager	stable	2	123	2060.2	4	torch-2.14.0+cu130
torch-eager	stable	2	124	2030.4	4	torch-2.14.0+cu130
torch-eager	stable	2	125	2053.7	4	torch-2.14.0+cu130
torch-eager	stable	2	126	2023.9	4	torch-2.14.0+cu130
torch-eager	stable	2	127	2038.7	4	torch-2.14.0+cu130
torch-eager	stable	2	128	2016.5	4	torch-2.14.0+cu130
torch-eager	stable	2	129	2004.6	4	torch-2.14.0+cu130
torch-eager	stable	2	130	2016.8	4	torch-2.14.0+cu130
torch-eager	stable	2	131	2107.9	4	torch-2.14.0+cu130
torch-eager	stable	2	132	2054.5	4	torch-2.14.0+cu130
torch-eager	stable	2	133	2029.9	4	torch-2.14.0+cu130
torch-eager	stable	2	134	2036.1	4	torch-2.14.0+cu130
torch-eager	stable	2	135	2023.9	4	torch-2.14.0+cu130
torch-eager	stable	2	136	2036.6	4	torch-2.14.0+cu130
torch-eager	stable	2	137	2061.6	4	torch-2.14.0+cu130
torch-eager	stable	2	138	2029.9	4	torch-2.14.0+cu130
torch-eager	stable	2	139	2089.5	4	torch-2.14.0+cu130
torch-eager	stable	2	140	2183.7	4	torch-2.14.0+cu130
torch-eager	stable	2	141	2027.0	4	torch-2.14.0+cu130
torch-eager	stable	2	142	2076.1	4	torch-2.14.0+cu130
torch-eager	stable	2	143	2017.7	4	torch-2.14.0+cu130
torch-eager	stable	2	144	2030.1	4	torch-2.14.0+cu130
torch-eager	stable	2	145	2039.2	4	torch-2.14.0+cu130
torch-eager	stable	2	146	2035.9	4	torch-2.14.0+cu130
torch-eager	stable	2	147	2020.1	4	torch-2.14.0+cu130
torch-eager	stable	2	148	2039.7	4	torch-2.14.0+cu130
torch-eager	stable	2	149	2031.1	4	torch-2.14.0+cu130
torch-eager	stable	2	150	2037.5	4	torch-2.14.0+cu130
torch-eager	stable	2	151	2057.8	4	torch-2.14.0+cu130
torch-eager	stable	2	152	2033.9	4	torch-2.14.0+cu130
torch-eager	stable	2	153	2032.0	4	torch-2.14.0+cu130
torch-eager	stable	2	154	2025.4	4	torch-2.14.0+cu130
torch-eager	stable	2	155	2056.8	4	torch-2.14.0+cu130
torch-eager	stable	2	156	2043.0	4	torch-2.14.0+cu130
torch-eager	stable	2	157	2017.7	4	torch-2.14.0+cu130
torch-eager	stable	2	158	2025.8	4	torch-2.14.0+cu130
torch-eager	stable	2	159	2041.3	4	torch-2.14.0+cu130
torch-eager	stable	2	160	2048.5	4	torch-2.14.0+cu130
torch-eager	stable	2	161	2078.1	4	torch-2.14.0+cu130
torch-eager	stable	2	162	2033.9	4	torch-2.14.0+cu130
torch-eager	stable	2	163	2010.8	4	torch-2.14.0+cu130
torch-eager	stable	2	164	2013.9	4	torch-2.14.0+cu130
torch-eager	stable	2	165	2053.3	4	torch-2.14.0+cu130
torch-eager	stable	2	166	2031.3	4	torch-2.14.0+cu130
torch-eager	stable	2	167	2022.5	4	torch-2.14.0+cu130
torch-eager	stable	2	168	2041.3	4	torch-2.14.0+cu130
torch-eager	stable	2	169	2025.6	4	torch-2.14.0+cu130
torch-eager	stable	2	170	2041.8	4	torch-2.14.0+cu130
torch-eager	stable	2	171	2025.6	4	torch-2.14.0+cu130
torch-eager	stable	2	172	2107.1	4	torch-2.14.0+cu130
torch-eager	stable	2	173	2032.5	4	torch-2.14.0+cu130
torch-eager	stable	2	174	2033.7	4	torch-2.14.0+cu130
torch-eager	stable	2	175	2027.8	4	torch-2.14.0+cu130
torch-eager	stable	2	176	2023.0	4	torch-2.14.0+cu130
torch-eager	stable	2	177	2019.9	4	torch-2.14.0+cu130
torch-eager	stable	2	178	2018.5	4	torch-2.14.0+cu130
torch-eager	stable	2	179	2013.4	4	torch-2.14.0+cu130
torch-eager	stable	2	180	2085.4	4	torch-2.14.0+cu130
torch-eager	stable	2	181	2029.4	4	torch-2.14.0+cu130
torch-eager	stable	2	182	2031.1	4	torch-2.14.0+cu130
torch-eager	stable	2	183	2028.5	4	torch-2.14.0+cu130
torch-eager	stable	2	184	2026.6	4	torch-2.14.0+cu130
torch-eager	stable	2	185	2029.4	4	torch-2.14.0+cu130
torch-eager	stable	2	186	2013.4	4	torch-2.14.0+cu130
torch-eager	stable	2	187	2025.8	4	torch-2.14.0+cu130
torch-eager	stable	2	188	2052.3	4	torch-2.14.0+cu130
torch-eager	stable	2	189	2037.3	4	torch-2.14.0+cu130
torch-eager	stable	2	190	2025.8	4	torch-2.14.0+cu130
torch-eager	stable	2	191	2080.0	4	torch-2.14.0+cu130
torch-eager	stable	2	192	2074.2	4	torch-2.14.0+cu130
torch-eager	stable	2	193	2049.0	4	torch-2.14.0+cu130
torch-eager	stable	2	194	2056.1	4	torch-2.14.0+cu130
torch-eager	stable	2	195	2046.6	4	torch-2.14.0+cu130
torch-eager	stable	2	196	2014.9	4	torch-2.14.0+cu130
torch-eager	stable	2	197	2012.5	4	torch-2.14.0+cu130
torch-eager	stable	2	198	2057.6	4	torch-2.14.0+cu130
torch-eager	stable	2	199	2092.6	4	torch-2.14.0+cu130
torch-compile	stable	2	0	810236.7	4	torch-2.14.0+cu130
torch-compile	stable	2	1	1821.3	4	torch-2.14.0+cu130
torch-compile	stable	2	2	1522.3	4	torch-2.14.0+cu130
torch-compile	stable	2	3	1460.6	4	torch-2.14.0+cu130
torch-compile	stable	2	4	1452.9	4	torch-2.14.0+cu130
torch-compile	stable	2	5	1458.6	4	torch-2.14.0+cu130
torch-compile	stable	2	6	1478.2	4	torch-2.14.0+cu130
torch-compile	stable	2	7	1449.1	4	torch-2.14.0+cu130
torch-compile	stable	2	8	1493.2	4	torch-2.14.0+cu130
torch-compile	stable	2	9	1512.5	4	torch-2.14.0+cu130
torch-compile	stable	2	10	1480.1	4	torch-2.14.0+cu130
torch-compile	stable	2	11	1464.6	4	torch-2.14.0+cu130
torch-compile	stable	2	12	1476.0	4	torch-2.14.0+cu130
torch-compile	stable	2	13	1436.0	4	torch-2.14.0+cu130
torch-compile	stable	2	14	1460.6	4	torch-2.14.0+cu130
torch-compile	stable	2	15	1474.4	4	torch-2.14.0+cu130
torch-compile	stable	2	16	1450.1	4	torch-2.14.0+cu130
torch-compile	stable	2	17	1477.5	4	torch-2.14.0+cu130
torch-compile	stable	2	18	1442.4	4	torch-2.14.0+cu130
torch-compile	stable	2	19	1458.2	4	torch-2.14.0+cu130
torch-compile	stable	2	20	1447.2	4	torch-2.14.0+cu130
torch-compile	stable	2	21	1473.4	4	torch-2.14.0+cu130
torch-compile	stable	2	22	1440.0	4	torch-2.14.0+cu130
torch-compile	stable	2	23	1448.6	4	torch-2.14.0+cu130
torch-compile	stable	2	24	1472.0	4	torch-2.14.0+cu130
torch-compile	stable	2	25	1435.8	4	torch-2.14.0+cu130
torch-compile	stable	2	26	1441.2	4	torch-2.14.0+cu130
torch-compile	stable	2	27	1452.9	4	torch-2.14.0+cu130
torch-compile	stable	2	28	1480.1	4	torch-2.14.0+cu130
torch-compile	stable	2	29	1501.1	4	torch-2.14.0+cu130
torch-compile	stable	2	30	1462.2	4	torch-2.14.0+cu130
torch-compile	stable	2	31	1456.7	4	torch-2.14.0+cu130
torch-compile	stable	2	32	1471.0	4	torch-2.14.0+cu130
torch-compile	stable	2	33	1602.4	4	torch-2.14.0+cu130
torch-compile	stable	2	34	1471.8	4	torch-2.14.0+cu130
torch-compile	stable	2	35	1470.8	4	torch-2.14.0+cu130
torch-compile	stable	2	36	1501.6	4	torch-2.14.0+cu130
torch-compile	stable	2	37	1449.8	4	torch-2.14.0+cu130
torch-compile	stable	2	38	1470.6	4	torch-2.14.0+cu130
torch-compile	stable	2	39	1440.8	4	torch-2.14.0+cu130
torch-compile	stable	2	40	1445.5	4	torch-2.14.0+cu130
torch-compile	stable	2	41	1450.3	4	torch-2.14.0+cu130
torch-compile	stable	2	42	1463.2	4	torch-2.14.0+cu130
torch-compile	stable	2	43	1460.3	4	torch-2.14.0+cu130
torch-compile	stable	2	44	1464.8	4	torch-2.14.0+cu130
torch-compile	stable	2	45	1452.0	4	torch-2.14.0+cu130
torch-compile	stable	2	46	1449.8	4	torch-2.14.0+cu130
torch-compile	stable	2	47	1502.0	4	torch-2.14.0+cu130
torch-compile	stable	2	48	1437.2	4	torch-2.14.0+cu130
torch-compile	stable	2	49	1467.5	4	torch-2.14.0+cu130
torch-compile	stable	2	50	1446.0	4	torch-2.14.0+cu130
torch-compile	stable	2	51	1451.7	4	torch-2.14.0+cu130
torch-compile	stable	2	52	1459.6	4	torch-2.14.0+cu130
torch-compile	stable	2	53	1447.7	4	torch-2.14.0+cu130
torch-compile	stable	2	54	1450.1	4	torch-2.14.0+cu130
torch-compile	stable	2	55	1458.4	4	torch-2.14.0+cu130
torch-compile	stable	2	56	1448.9	4	torch-2.14.0+cu130
torch-compile	stable	2	57	1462.9	4	torch-2.14.0+cu130
torch-compile	stable	2	58	1454.1	4	torch-2.14.0+cu130
torch-compile	stable	2	59	1430.0	4	torch-2.14.0+cu130
torch-compile	stable	2	60	1466.3	4	torch-2.14.0+cu130
torch-compile	stable	2	61	1475.8	4	torch-2.14.0+cu130
torch-compile	stable	2	62	1461.0	4	torch-2.14.0+cu130
torch-compile	stable	2	63	1444.3	4	torch-2.14.0+cu130
torch-compile	stable	2	64	1465.8	4	torch-2.14.0+cu130
torch-compile	stable	2	65	1451.3	4	torch-2.14.0+cu130
torch-compile	stable	2	66	1441.5	4	torch-2.14.0+cu130
torch-compile	stable	2	67	1450.5	4	torch-2.14.0+cu130
torch-compile	stable	2	68	1478.4	4	torch-2.14.0+cu130
torch-compile	stable	2	69	1464.8	4	torch-2.14.0+cu130
torch-compile	stable	2	70	1467.7	4	torch-2.14.0+cu130
torch-compile	stable	2	71	1473.4	4	torch-2.14.0+cu130
torch-compile	stable	2	72	1439.1	4	torch-2.14.0+cu130
torch-compile	stable	2	73	1459.1	4	torch-2.14.0+cu130
torch-compile	stable	2	74	1471.8	4	torch-2.14.0+cu130
torch-compile	stable	2	75	1458.4	4	torch-2.14.0+cu130
torch-compile	stable	2	76	1449.6	4	torch-2.14.0+cu130
torch-compile	stable	2	77	1440.5	4	torch-2.14.0+cu130
torch-compile	stable	2	78	1444.6	4	torch-2.14.0+cu130
torch-compile	stable	2	79	1453.9	4	torch-2.14.0+cu130
torch-compile	stable	2	80	1433.1	4	torch-2.14.0+cu130
torch-compile	stable	2	81	1438.6	4	torch-2.14.0+cu130
torch-compile	stable	2	82	1437.7	4	torch-2.14.0+cu130
torch-compile	stable	2	83	1489.6	4	torch-2.14.0+cu130
torch-compile	stable	2	84	1440.8	4	torch-2.14.0+cu130
torch-compile	stable	2	85	1462.7	4	torch-2.14.0+cu130
torch-compile	stable	2	86	1470.8	4	torch-2.14.0+cu130
torch-compile	stable	2	87	1435.3	4	torch-2.14.0+cu130
torch-compile	stable	2	88	1458.6	4	torch-2.14.0+cu130
torch-compile	stable	2	89	1428.6	4	torch-2.14.0+cu130
torch-compile	stable	2	90	1437.7	4	torch-2.14.0+cu130
torch-compile	stable	2	91	1453.6	4	torch-2.14.0+cu130
torch-compile	stable	2	92	1463.4	4	torch-2.14.0+cu130
torch-compile	stable	2	93	1440.3	4	torch-2.14.0+cu130
torch-compile	stable	2	94	1438.4	4	torch-2.14.0+cu130
torch-compile	stable	2	95	1472.9	4	torch-2.14.0+cu130
torch-compile	stable	2	96	1491.1	4	torch-2.14.0+cu130
torch-compile	stable	2	97	1486.1	4	torch-2.14.0+cu130
torch-compile	stable	2	98	1459.6	4	torch-2.14.0+cu130
torch-compile	stable	2	99	1427.2	4	torch-2.14.0+cu130
torch-compile	stable	2	100	1478.7	4	torch-2.14.0+cu130
torch-compile	stable	2	101	1449.8	4	torch-2.14.0+cu130
torch-compile	stable	2	102	1452.7	4	torch-2.14.0+cu130
torch-compile	stable	2	103	1443.6	4	torch-2.14.0+cu130
torch-compile	stable	2	104	1460.1	4	torch-2.14.0+cu130
torch-compile	stable	2	105	1504.2	4	torch-2.14.0+cu130
torch-compile	stable	2	106	1441.0	4	torch-2.14.0+cu130
torch-compile	stable	2	107	1458.4	4	torch-2.14.0+cu130
torch-compile	stable	2	108	1456.5	4	torch-2.14.0+cu130
torch-compile	stable	2	109	1425.0	4	torch-2.14.0+cu130
torch-compile	stable	2	110	1429.8	4	torch-2.14.0+cu130
torch-compile	stable	2	111	1447.2	4	torch-2.14.0+cu130
torch-compile	stable	2	112	1469.4	4	torch-2.14.0+cu130
torch-compile	stable	2	113	1429.6	4	torch-2.14.0+cu130
torch-compile	stable	2	114	1413.3	4	torch-2.14.0+cu130
torch-compile	stable	2	115	1437.7	4	torch-2.14.0+cu130
torch-compile	stable	2	116	1446.7	4	torch-2.14.0+cu130
torch-compile	stable	2	117	1412.2	4	torch-2.14.0+cu130
torch-compile	stable	2	118	1480.1	4	torch-2.14.0+cu130
torch-compile	stable	2	119	1471.8	4	torch-2.14.0+cu130
torch-compile	stable	2	120	1455.5	4	torch-2.14.0+cu130
torch-compile	stable	2	121	1479.9	4	torch-2.14.0+cu130
torch-compile	stable	2	122	1436.9	4	torch-2.14.0+cu130
torch-compile	stable	2	123	1433.8	4	torch-2.14.0+cu130
torch-compile	stable	2	124	1438.4	4	torch-2.14.0+cu130
torch-compile	stable	2	125	1470.6	4	torch-2.14.0+cu130
torch-compile	stable	2	126	1453.4	4	torch-2.14.0+cu130
torch-compile	stable	2	127	1430.7	4	torch-2.14.0+cu130
torch-compile	stable	2	128	1438.6	4	torch-2.14.0+cu130
torch-compile	stable	2	129	1440.3	4	torch-2.14.0+cu130
torch-compile	stable	2	130	1442.9	4	torch-2.14.0+cu130
torch-compile	stable	2	131	1433.6	4	torch-2.14.0+cu130
torch-compile	stable	2	132	1432.7	4	torch-2.14.0+cu130
torch-compile	stable	2	133	1435.3	4	torch-2.14.0+cu130
torch-compile	stable	2	134	1428.4	4	torch-2.14.0+cu130
torch-compile	stable	2	135	1427.7	4	torch-2.14.0+cu130
torch-compile	stable	2	136	1472.7	4	torch-2.14.0+cu130
torch-compile	stable	2	137	1421.0	4	torch-2.14.0+cu130
torch-compile	stable	2	138	1450.8	4	torch-2.14.0+cu130
torch-compile	stable	2	139	1453.6	4	torch-2.14.0+cu130
torch-compile	stable	2	140	1441.0	4	torch-2.14.0+cu130
torch-compile	stable	2	141	1442.0	4	torch-2.14.0+cu130
torch-compile	stable	2	142	1416.9	4	torch-2.14.0+cu130
torch-compile	stable	2	143	1434.8	4	torch-2.14.0+cu130
torch-compile	stable	2	144	1431.2	4	torch-2.14.0+cu130
torch-compile	stable	2	145	1445.5	4	torch-2.14.0+cu130
torch-compile	stable	2	146	1430.7	4	torch-2.14.0+cu130
torch-compile	stable	2	147	1449.8	4	torch-2.14.0+cu130
torch-compile	stable	2	148	1436.0	4	torch-2.14.0+cu130
torch-compile	stable	2	149	1431.2	4	torch-2.14.0+cu130
torch-compile	stable	2	150	1425.5	4	torch-2.14.0+cu130
torch-compile	stable	2	151	1426.9	4	torch-2.14.0+cu130
torch-compile	stable	2	152	1433.6	4	torch-2.14.0+cu130
torch-compile	stable	2	153	1421.2	4	torch-2.14.0+cu130
torch-compile	stable	2	154	1431.2	4	torch-2.14.0+cu130
torch-compile	stable	2	155	1436.9	4	torch-2.14.0+cu130
torch-compile	stable	2	156	1485.6	4	torch-2.14.0+cu130
torch-compile	stable	2	157	1436.7	4	torch-2.14.0+cu130
torch-compile	stable	2	158	1436.2	4	torch-2.14.0+cu130
torch-compile	stable	2	159	1467.5	4	torch-2.14.0+cu130
torch-compile	stable	2	160	1430.3	4	torch-2.14.0+cu130
torch-compile	stable	2	161	1462.2	4	torch-2.14.0+cu130
torch-compile	stable	2	162	1484.4	4	torch-2.14.0+cu130
torch-compile	stable	2	163	1453.6	4	torch-2.14.0+cu130
torch-compile	stable	2	164	1451.5	4	torch-2.14.0+cu130
torch-compile	stable	2	165	1424.8	4	torch-2.14.0+cu130
torch-compile	stable	2	166	1429.8	4	torch-2.14.0+cu130
torch-compile	stable	2	167	1427.7	4	torch-2.14.0+cu130
torch-compile	stable	2	168	1440.5	4	torch-2.14.0+cu130
torch-compile	stable	2	169	1425.0	4	torch-2.14.0+cu130
torch-compile	stable	2	170	1424.8	4	torch-2.14.0+cu130
torch-compile	stable	2	171	1441.2	4	torch-2.14.0+cu130
torch-compile	stable	2	172	1419.5	4	torch-2.14.0+cu130
torch-compile	stable	2	173	1418.4	4	torch-2.14.0+cu130
torch-compile	stable	2	174	1431.5	4	torch-2.14.0+cu130
torch-compile	stable	2	175	1420.0	4	torch-2.14.0+cu130
torch-compile	stable	2	176	1485.6	4	torch-2.14.0+cu130
torch-compile	stable	2	177	1416.9	4	torch-2.14.0+cu130
torch-compile	stable	2	178	1423.8	4	torch-2.14.0+cu130
torch-compile	stable	2	179	1435.3	4	torch-2.14.0+cu130
torch-compile	stable	2	180	1429.1	4	torch-2.14.0+cu130
torch-compile	stable	2	181	1434.3	4	torch-2.14.0+cu130
torch-compile	stable	2	182	1430.5	4	torch-2.14.0+cu130
torch-compile	stable	2	183	1430.5	4	torch-2.14.0+cu130
torch-compile	stable	2	184	1428.6	4	torch-2.14.0+cu130
torch-compile	stable	2	185	1416.2	4	torch-2.14.0+cu130
torch-compile	stable	2	186	1430.3	4	torch-2.14.0+cu130
torch-compile	stable	2	187	1417.4	4	torch-2.14.0+cu130
torch-compile	stable	2	188	1407.1	4	torch-2.14.0+cu130
torch-compile	stable	2	189	1457.7	4	torch-2.14.0+cu130
torch-compile	stable	2	190	1441.7	4	torch-2.14.0+cu130
torch-compile	stable	2	191	1474.4	4	torch-2.14.0+cu130
torch-compile	stable	2	192	1428.1	4	torch-2.14.0+cu130
torch-compile	stable	2	193	1457.9	4	torch-2.14.0+cu130
torch-compile	stable	2	194	1434.3	4	torch-2.14.0+cu130
torch-compile	stable	2	195	1458.2	4	torch-2.14.0+cu130
torch-compile	stable	2	196	1462.2	4	torch-2.14.0+cu130
torch-compile	stable	2	197	1446.2	4	torch-2.14.0+cu130
torch-compile	stable	2	198	1452.7	4	torch-2.14.0+cu130
torch-compile	stable	2	199	1455.3	4	torch-2.14.0+cu130
torch-compile-ro	stable	2	0	738416.4	4	torch-2.14.0+cu130
torch-compile-ro	stable	2	1	40794.4	4	torch-2.14.0+cu130
torch-compile-ro	stable	2	2	1517.5	4	torch-2.14.0+cu130
torch-compile-ro	stable	2	3	1404.5	4	torch-2.14.0+cu130
torch-compile-ro	stable	2	4	1382.6	4	torch-2.14.0+cu130
torch-compile-ro	stable	2	5	1374.2	4	torch-2.14.0+cu130
torch-compile-ro	stable	2	6	1401.2	4	torch-2.14.0+cu130
torch-compile-ro	stable	2	7	1373.3	4	torch-2.14.0+cu130
torch-compile-ro	stable	2	8	1362.8	4	torch-2.14.0+cu130
torch-compile-ro	stable	2	9	1375.0	4	torch-2.14.0+cu130
torch-compile-ro	stable	2	10	1387.6	4	torch-2.14.0+cu130
torch-compile-ro	stable	2	11	1368.8	4	torch-2.14.0+cu130
torch-compile-ro	stable	2	12	1358.7	4	torch-2.14.0+cu130
torch-compile-ro	stable	2	13	1351.4	4	torch-2.14.0+cu130
torch-compile-ro	stable	2	14	1365.4	4	torch-2.14.0+cu130
torch-compile-ro	stable	2	15	1392.4	4	torch-2.14.0+cu130
torch-compile-ro	stable	2	16	1349.2	4	torch-2.14.0+cu130
torch-compile-ro	stable	2	17	1372.3	4	torch-2.14.0+cu130
torch-compile-ro	stable	2	18	1391.6	4	torch-2.14.0+cu130
torch-compile-ro	stable	2	19	1364.9	4	torch-2.14.0+cu130
torch-compile-ro	stable	2	20	1370.4	4	torch-2.14.0+cu130
torch-compile-ro	stable	2	21	1358.3	4	torch-2.14.0+cu130
torch-compile-ro	stable	2	22	1393.6	4	torch-2.14.0+cu130
torch-compile-ro	stable	2	23	1382.6	4	torch-2.14.0+cu130
torch-compile-ro	stable	2	24	1372.8	4	torch-2.14.0+cu130
torch-compile-ro	stable	2	25	1368.3	4	torch-2.14.0+cu130
torch-compile-ro	stable	2	26	1379.0	4	torch-2.14.0+cu130
torch-compile-ro	stable	2	27	1354.2	4	torch-2.14.0+cu130
torch-compile-ro	stable	2	28	1373.5	4	torch-2.14.0+cu130
torch-compile-ro	stable	2	29	1390.0	4	torch-2.14.0+cu130
torch-compile-ro	stable	2	30	1388.1	4	torch-2.14.0+cu130
torch-compile-ro	stable	2	31	1364.0	4	torch-2.14.0+cu130
torch-compile-ro	stable	2	32	1382.8	4	torch-2.14.0+cu130
torch-compile-ro	stable	2	33	1405.7	4	torch-2.14.0+cu130
torch-compile-ro	stable	2	34	1384.0	4	torch-2.14.0+cu130
torch-compile-ro	stable	2	35	1354.0	4	torch-2.14.0+cu130
torch-compile-ro	stable	2	36	1385.2	4	torch-2.14.0+cu130
torch-compile-ro	stable	2	37	1368.3	4	torch-2.14.0+cu130
torch-compile-ro	stable	2	38	1352.5	4	torch-2.14.0+cu130
torch-compile-ro	stable	2	39	1375.0	4	torch-2.14.0+cu130
torch-compile-ro	stable	2	40	1355.2	4	torch-2.14.0+cu130
torch-compile-ro	stable	2	41	1385.9	4	torch-2.14.0+cu130
torch-compile-ro	stable	2	42	1389.3	4	torch-2.14.0+cu130
torch-compile-ro	stable	2	43	1349.4	4	torch-2.14.0+cu130
torch-compile-ro	stable	2	44	1371.9	4	torch-2.14.0+cu130
torch-compile-ro	stable	2	45	1351.8	4	torch-2.14.0+cu130
torch-compile-ro	stable	2	46	1382.1	4	torch-2.14.0+cu130
torch-compile-ro	stable	2	47	1359.0	4	torch-2.14.0+cu130
torch-compile-ro	stable	2	48	1354.2	4	torch-2.14.0+cu130
torch-compile-ro	stable	2	49	1377.1	4	torch-2.14.0+cu130
torch-compile-ro	stable	2	50	1370.2	4	torch-2.14.0+cu130
torch-compile-ro	stable	2	51	1362.6	4	torch-2.14.0+cu130
torch-compile-ro	stable	2	52	1361.4	4	torch-2.14.0+cu130
torch-compile-ro	stable	2	53	1354.5	4	torch-2.14.0+cu130
torch-compile-ro	stable	2	54	1374.2	4	torch-2.14.0+cu130
torch-compile-ro	stable	2	55	1348.3	4	torch-2.14.0+cu130
torch-compile-ro	stable	2	56	1373.3	4	torch-2.14.0+cu130
torch-compile-ro	stable	2	57	1397.1	4	torch-2.14.0+cu130
torch-compile-ro	stable	2	58	1373.8	4	torch-2.14.0+cu130
torch-compile-ro	stable	2	59	1371.6	4	torch-2.14.0+cu130
torch-compile-ro	stable	2	60	1405.2	4	torch-2.14.0+cu130
torch-compile-ro	stable	2	61	1354.0	4	torch-2.14.0+cu130
torch-compile-ro	stable	2	62	1348.3	4	torch-2.14.0+cu130
torch-compile-ro	stable	2	63	1415.3	4	torch-2.14.0+cu130
torch-compile-ro	stable	2	64	1362.3	4	torch-2.14.0+cu130
torch-compile-ro	stable	2	65	1364.5	4	torch-2.14.0+cu130
torch-compile-ro	stable	2	66	1346.6	4	torch-2.14.0+cu130
torch-compile-ro	stable	2	67	1368.8	4	torch-2.14.0+cu130
torch-compile-ro	stable	2	68	1371.9	4	torch-2.14.0+cu130
torch-compile-ro	stable	2	69	1385.7	4	torch-2.14.0+cu130
torch-compile-ro	stable	2	70	1373.3	4	torch-2.14.0+cu130
torch-compile-ro	stable	2	71	1359.0	4	torch-2.14.0+cu130
torch-compile-ro	stable	2	72	1367.3	4	torch-2.14.0+cu130
torch-compile-ro	stable	2	73	1387.4	4	torch-2.14.0+cu130
torch-compile-ro	stable	2	74	1374.2	4	torch-2.14.0+cu130
torch-compile-ro	stable	2	75	1367.8	4	torch-2.14.0+cu130
torch-compile-ro	stable	2	76	1379.7	4	torch-2.14.0+cu130
torch-compile-ro	stable	2	77	1370.2	4	torch-2.14.0+cu130
torch-compile-ro	stable	2	78	1380.9	4	torch-2.14.0+cu130
torch-compile-ro	stable	2	79	1358.7	4	torch-2.14.0+cu130
torch-compile-ro	stable	2	80	1378.1	4	torch-2.14.0+cu130
torch-compile-ro	stable	2	81	1347.5	4	torch-2.14.0+cu130
torch-compile-ro	stable	2	82	1384.5	4	torch-2.14.0+cu130
torch-compile-ro	stable	2	83	1381.6	4	torch-2.14.0+cu130
torch-compile-ro	stable	2	84	1370.0	4	torch-2.14.0+cu130
torch-compile-ro	stable	2	85	1364.2	4	torch-2.14.0+cu130
torch-compile-ro	stable	2	86	1369.2	4	torch-2.14.0+cu130
torch-compile-ro	stable	2	87	1392.1	4	torch-2.14.0+cu130
torch-compile-ro	stable	2	88	1387.6	4	torch-2.14.0+cu130
torch-compile-ro	stable	2	89	1373.1	4	torch-2.14.0+cu130
torch-compile-ro	stable	2	90	1399.8	4	torch-2.14.0+cu130
torch-compile-ro	stable	2	91	1374.5	4	torch-2.14.0+cu130
torch-compile-ro	stable	2	92	1374.5	4	torch-2.14.0+cu130
torch-compile-ro	stable	2	93	1384.7	4	torch-2.14.0+cu130
torch-compile-ro	stable	2	94	1372.3	4	torch-2.14.0+cu130
torch-compile-ro	stable	2	95	1384.0	4	torch-2.14.0+cu130
torch-compile-ro	stable	2	96	1395.2	4	torch-2.14.0+cu130
torch-compile-ro	stable	2	97	1353.7	4	torch-2.14.0+cu130
torch-compile-ro	stable	2	98	1347.8	4	torch-2.14.0+cu130
torch-compile-ro	stable	2	99	1421.5	4	torch-2.14.0+cu130
torch-compile-ro	stable	2	100	1345.4	4	torch-2.14.0+cu130
torch-compile-ro	stable	2	101	1387.6	4	torch-2.14.0+cu130
torch-compile-ro	stable	2	102	1368.5	4	torch-2.14.0+cu130
torch-compile-ro	stable	2	103	1387.6	4	torch-2.14.0+cu130
torch-compile-ro	stable	2	104	1357.3	4	torch-2.14.0+cu130
torch-compile-ro	stable	2	105	1366.9	4	torch-2.14.0+cu130
torch-compile-ro	stable	2	106	1349.7	4	torch-2.14.0+cu130
torch-compile-ro	stable	2	107	1385.0	4	torch-2.14.0+cu130
torch-compile-ro	stable	2	108	1354.0	4	torch-2.14.0+cu130
torch-compile-ro	stable	2	109	1381.9	4	torch-2.14.0+cu130
torch-compile-ro	stable	2	110	1384.7	4	torch-2.14.0+cu130
torch-compile-ro	stable	2	111	1358.3	4	torch-2.14.0+cu130
torch-compile-ro	stable	2	112	1350.9	4	torch-2.14.0+cu130
torch-compile-ro	stable	2	113	1362.8	4	torch-2.14.0+cu130
torch-compile-ro	stable	2	114	1365.2	4	torch-2.14.0+cu130
torch-compile-ro	stable	2	115	1359.0	4	torch-2.14.0+cu130
torch-compile-ro	stable	2	116	1361.8	4	torch-2.14.0+cu130
torch-compile-ro	stable	2	117	1375.4	4	torch-2.14.0+cu130
torch-compile-ro	stable	2	118	1360.2	4	torch-2.14.0+cu130
torch-compile-ro	stable	2	119	1355.9	4	torch-2.14.0+cu130
torch-compile-ro	stable	2	120	1384.7	4	torch-2.14.0+cu130
torch-compile-ro	stable	2	121	1359.5	4	torch-2.14.0+cu130
torch-compile-ro	stable	2	122	1395.5	4	torch-2.14.0+cu130
torch-compile-ro	stable	2	123	1361.6	4	torch-2.14.0+cu130
torch-compile-ro	stable	2	124	1359.5	4	torch-2.14.0+cu130
torch-compile-ro	stable	2	125	1378.3	4	torch-2.14.0+cu130
torch-compile-ro	stable	2	126	1363.5	4	torch-2.14.0+cu130
torch-compile-ro	stable	2	127	1382.4	4	torch-2.14.0+cu130
torch-compile-ro	stable	2	128	1375.2	4	torch-2.14.0+cu130
torch-compile-ro	stable	2	129	1367.1	4	torch-2.14.0+cu130
torch-compile-ro	stable	2	130	1415.0	4	torch-2.14.0+cu130
torch-compile-ro	stable	2	131	1378.8	4	torch-2.14.0+cu130
torch-compile-ro	stable	2	132	1343.5	4	torch-2.14.0+cu130
torch-compile-ro	stable	2	133	1375.4	4	torch-2.14.0+cu130
torch-compile-ro	stable	2	134	1361.4	4	torch-2.14.0+cu130
torch-compile-ro	stable	2	135	1369.7	4	torch-2.14.0+cu130
torch-compile-ro	stable	2	136	1417.2	4	torch-2.14.0+cu130
torch-compile-ro	stable	2	137	1392.8	4	torch-2.14.0+cu130
torch-compile-ro	stable	2	138	1359.2	4	torch-2.14.0+cu130
torch-compile-ro	stable	2	139	1376.2	4	torch-2.14.0+cu130
torch-compile-ro	stable	2	140	1360.2	4	torch-2.14.0+cu130
torch-compile-ro	stable	2	141	1409.3	4	torch-2.14.0+cu130
torch-compile-ro	stable	2	142	1383.5	4	torch-2.14.0+cu130
torch-compile-ro	stable	2	143	1372.1	4	torch-2.14.0+cu130
torch-compile-ro	stable	2	144	1390.0	4	torch-2.14.0+cu130
torch-compile-ro	stable	2	145	1355.2	4	torch-2.14.0+cu130
torch-compile-ro	stable	2	146	1362.6	4	torch-2.14.0+cu130
torch-compile-ro	stable	2	147	1367.3	4	torch-2.14.0+cu130
torch-compile-ro	stable	2	148	1349.9	4	torch-2.14.0+cu130
torch-compile-ro	stable	2	149	1374.5	4	torch-2.14.0+cu130
torch-compile-ro	stable	2	150	1378.1	4	torch-2.14.0+cu130
torch-compile-ro	stable	2	151	1348.7	4	torch-2.14.0+cu130
torch-compile-ro	stable	2	152	1333.0	4	torch-2.14.0+cu130
torch-compile-ro	stable	2	153	1363.3	4	torch-2.14.0+cu130
torch-compile-ro	stable	2	154	1355.2	4	torch-2.14.0+cu130
torch-compile-ro	stable	2	155	1378.3	4	torch-2.14.0+cu130
torch-compile-ro	stable	2	156	1368.0	4	torch-2.14.0+cu130
torch-compile-ro	stable	2	157	1367.3	4	torch-2.14.0+cu130
torch-compile-ro	stable	2	158	1343.5	4	torch-2.14.0+cu130
torch-compile-ro	stable	2	159	1346.8	4	torch-2.14.0+cu130
torch-compile-ro	stable	2	160	1364.9	4	torch-2.14.0+cu130
torch-compile-ro	stable	2	161	1400.9	4	torch-2.14.0+cu130
torch-compile-ro	stable	2	162	1415.0	4	torch-2.14.0+cu130
torch-compile-ro	stable	2	163	1381.9	4	torch-2.14.0+cu130
torch-compile-ro	stable	2	164	1383.8	4	torch-2.14.0+cu130
torch-compile-ro	stable	2	165	1369.0	4	torch-2.14.0+cu130
torch-compile-ro	stable	2	166	1355.6	4	torch-2.14.0+cu130
torch-compile-ro	stable	2	167	1351.8	4	torch-2.14.0+cu130
torch-compile-ro	stable	2	168	1364.9	4	torch-2.14.0+cu130
torch-compile-ro	stable	2	169	1371.1	4	torch-2.14.0+cu130
torch-compile-ro	stable	2	170	1409.3	4	torch-2.14.0+cu130
torch-compile-ro	stable	2	171	1360.4	4	torch-2.14.0+cu130
torch-compile-ro	stable	2	172	1381.4	4	torch-2.14.0+cu130
torch-compile-ro	stable	2	173	1350.4	4	torch-2.14.0+cu130
torch-compile-ro	stable	2	174	1372.6	4	torch-2.14.0+cu130
torch-compile-ro	stable	2	175	1375.4	4	torch-2.14.0+cu130
torch-compile-ro	stable	2	176	1343.5	4	torch-2.14.0+cu130
torch-compile-ro	stable	2	177	1371.9	4	torch-2.14.0+cu130
torch-compile-ro	stable	2	178	1372.6	4	torch-2.14.0+cu130
torch-compile-ro	stable	2	179	1354.7	4	torch-2.14.0+cu130
torch-compile-ro	stable	2	180	1375.0	4	torch-2.14.0+cu130
torch-compile-ro	stable	2	181	1368.5	4	torch-2.14.0+cu130
torch-compile-ro	stable	2	182	1359.2	4	torch-2.14.0+cu130
torch-compile-ro	stable	2	183	1353.5	4	torch-2.14.0+cu130
torch-compile-ro	stable	2	184	1369.2	4	torch-2.14.0+cu130
torch-compile-ro	stable	2	185	1351.8	4	torch-2.14.0+cu130
torch-compile-ro	stable	2	186	1369.7	4	torch-2.14.0+cu130
torch-compile-ro	stable	2	187	1389.5	4	torch-2.14.0+cu130
torch-compile-ro	stable	2	188	1373.5	4	torch-2.14.0+cu130
torch-compile-ro	stable	2	189	1390.2	4	torch-2.14.0+cu130
torch-compile-ro	stable	2	190	1381.9	4	torch-2.14.0+cu130
torch-compile-ro	stable	2	191	1395.9	4	torch-2.14.0+cu130
torch-compile-ro	stable	2	192	1381.6	4	torch-2.14.0+cu130
torch-compile-ro	stable	2	193	1381.9	4	torch-2.14.0+cu130
torch-compile-ro	stable	2	194	1387.1	4	torch-2.14.0+cu130
torch-compile-ro	stable	2	195	1371.9	4	torch-2.14.0+cu130
torch-compile-ro	stable	2	196	1378.8	4	torch-2.14.0+cu130
torch-compile-ro	stable	2	197	1375.9	4	torch-2.14.0+cu130
torch-compile-ro	stable	2	198	1385.7	4	torch-2.14.0+cu130
torch-compile-ro	stable	2	199	1370.2	4	torch-2.14.0+cu130
torch-compile-mat	stable	2	0	805721.0	4	torch-2.14.0+cu130
torch-compile-mat	stable	2	1	41455.7	4	torch-2.14.0+cu130
torch-compile-mat	stable	2	2	1487.3	4	torch-2.14.0+cu130
torch-compile-mat	stable	2	3	1352.8	4	torch-2.14.0+cu130
torch-compile-mat	stable	2	4	1329.9	4	torch-2.14.0+cu130
torch-compile-mat	stable	2	5	1325.4	4	torch-2.14.0+cu130
torch-compile-mat	stable	2	6	1330.6	4	torch-2.14.0+cu130
torch-compile-mat	stable	2	7	1289.6	4	torch-2.14.0+cu130
torch-compile-mat	stable	2	8	1315.1	4	torch-2.14.0+cu130
torch-compile-mat	stable	2	9	1368.0	4	torch-2.14.0+cu130
torch-compile-mat	stable	2	10	1312.5	4	torch-2.14.0+cu130
torch-compile-mat	stable	2	11	1304.4	4	torch-2.14.0+cu130
torch-compile-mat	stable	2	12	1317.0	4	torch-2.14.0+cu130
torch-compile-mat	stable	2	13	1303.7	4	torch-2.14.0+cu130
torch-compile-mat	stable	2	14	1325.4	4	torch-2.14.0+cu130
torch-compile-mat	stable	2	15	1303.7	4	torch-2.14.0+cu130
torch-compile-mat	stable	2	16	1331.6	4	torch-2.14.0+cu130
torch-compile-mat	stable	2	17	1313.7	4	torch-2.14.0+cu130
torch-compile-mat	stable	2	18	1333.0	4	torch-2.14.0+cu130
torch-compile-mat	stable	2	19	1317.5	4	torch-2.14.0+cu130
torch-compile-mat	stable	2	20	1351.1	4	torch-2.14.0+cu130
torch-compile-mat	stable	2	21	1287.7	4	torch-2.14.0+cu130
torch-compile-mat	stable	2	22	1315.6	4	torch-2.14.0+cu130
torch-compile-mat	stable	2	23	1298.4	4	torch-2.14.0+cu130
torch-compile-mat	stable	2	24	1312.0	4	torch-2.14.0+cu130
torch-compile-mat	stable	2	25	1369.0	4	torch-2.14.0+cu130
torch-compile-mat	stable	2	26	1310.8	4	torch-2.14.0+cu130
torch-compile-mat	stable	2	27	1332.5	4	torch-2.14.0+cu130
torch-compile-mat	stable	2	28	1337.3	4	torch-2.14.0+cu130
torch-compile-mat	stable	2	29	1287.5	4	torch-2.14.0+cu130
torch-compile-mat	stable	2	30	1319.2	4	torch-2.14.0+cu130
torch-compile-mat	stable	2	31	1323.9	4	torch-2.14.0+cu130
torch-compile-mat	stable	2	32	1319.4	4	torch-2.14.0+cu130
torch-compile-mat	stable	2	33	1301.8	4	torch-2.14.0+cu130
torch-compile-mat	stable	2	34	1282.9	4	torch-2.14.0+cu130
torch-compile-mat	stable	2	35	1310.8	4	torch-2.14.0+cu130
torch-compile-mat	stable	2	36	1318.7	4	torch-2.14.0+cu130
torch-compile-mat	stable	2	37	1305.8	4	torch-2.14.0+cu130
torch-compile-mat	stable	2	38	1310.6	4	torch-2.14.0+cu130
torch-compile-mat	stable	2	39	1300.3	4	torch-2.14.0+cu130
torch-compile-mat	stable	2	40	1312.7	4	torch-2.14.0+cu130
torch-compile-mat	stable	2	41	1324.7	4	torch-2.14.0+cu130
torch-compile-mat	stable	2	42	1316.1	4	torch-2.14.0+cu130
torch-compile-mat	stable	2	43	1296.0	4	torch-2.14.0+cu130
torch-compile-mat	stable	2	44	1320.8	4	torch-2.14.0+cu130
torch-compile-mat	stable	2	45	1338.7	4	torch-2.14.0+cu130
torch-compile-mat	stable	2	46	1317.3	4	torch-2.14.0+cu130
torch-compile-mat	stable	2	47	1314.6	4	torch-2.14.0+cu130
torch-compile-mat	stable	2	48	1296.8	4	torch-2.14.0+cu130
torch-compile-mat	stable	2	49	1291.3	4	torch-2.14.0+cu130
torch-compile-mat	stable	2	50	1310.3	4	torch-2.14.0+cu130
torch-compile-mat	stable	2	51	1328.0	4	torch-2.14.0+cu130
torch-compile-mat	stable	2	52	1295.1	4	torch-2.14.0+cu130
torch-compile-mat	stable	2	53	1315.1	4	torch-2.14.0+cu130
torch-compile-mat	stable	2	54	1298.9	4	torch-2.14.0+cu130
torch-compile-mat	stable	2	55	1301.3	4	torch-2.14.0+cu130
torch-compile-mat	stable	2	56	1327.5	4	torch-2.14.0+cu130
torch-compile-mat	stable	2	57	1303.9	4	torch-2.14.0+cu130
torch-compile-mat	stable	2	58	1309.6	4	torch-2.14.0+cu130
torch-compile-mat	stable	2	59	1306.8	4	torch-2.14.0+cu130
torch-compile-mat	stable	2	60	1309.6	4	torch-2.14.0+cu130
torch-compile-mat	stable	2	61	1321.8	4	torch-2.14.0+cu130
torch-compile-mat	stable	2	62	1304.1	4	torch-2.14.0+cu130
torch-compile-mat	stable	2	63	1302.0	4	torch-2.14.0+cu130
torch-compile-mat	stable	2	64	1300.8	4	torch-2.14.0+cu130
torch-compile-mat	stable	2	65	1303.7	4	torch-2.14.0+cu130
torch-compile-mat	stable	2	66	1312.0	4	torch-2.14.0+cu130
torch-compile-mat	stable	2	67	1331.3	4	torch-2.14.0+cu130
torch-compile-mat	stable	2	68	1302.0	4	torch-2.14.0+cu130
torch-compile-mat	stable	2	69	1295.3	4	torch-2.14.0+cu130
torch-compile-mat	stable	2	70	1296.8	4	torch-2.14.0+cu130
torch-compile-mat	stable	2	71	1322.3	4	torch-2.14.0+cu130
torch-compile-mat	stable	2	72	1305.3	4	torch-2.14.0+cu130
torch-compile-mat	stable	2	73	1326.1	4	torch-2.14.0+cu130
torch-compile-mat	stable	2	74	1280.5	4	torch-2.14.0+cu130
torch-compile-mat	stable	2	75	1280.3	4	torch-2.14.0+cu130
torch-compile-mat	stable	2	76	1310.1	4	torch-2.14.0+cu130
torch-compile-mat	stable	2	77	1304.1	4	torch-2.14.0+cu130
torch-compile-mat	stable	2	78	1313.4	4	torch-2.14.0+cu130
torch-compile-mat	stable	2	79	1299.1	4	torch-2.14.0+cu130
torch-compile-mat	stable	2	80	1307.7	4	torch-2.14.0+cu130
torch-compile-mat	stable	2	81	1304.4	4	torch-2.14.0+cu130
torch-compile-mat	stable	2	82	1286.7	4	torch-2.14.0+cu130
torch-compile-mat	stable	2	83	1303.0	4	torch-2.14.0+cu130
torch-compile-mat	stable	2	84	1303.7	4	torch-2.14.0+cu130
torch-compile-mat	stable	2	85	1310.3	4	torch-2.14.0+cu130
torch-compile-mat	stable	2	86	1334.9	4	torch-2.14.0+cu130
torch-compile-mat	stable	2	87	1312.7	4	torch-2.14.0+cu130
torch-compile-mat	stable	2	88	1312.0	4	torch-2.14.0+cu130
torch-compile-mat	stable	2	89	1298.7	4	torch-2.14.0+cu130
torch-compile-mat	stable	2	90	1294.9	4	torch-2.14.0+cu130
torch-compile-mat	stable	2	91	1330.4	4	torch-2.14.0+cu130
torch-compile-mat	stable	2	92	1313.7	4	torch-2.14.0+cu130
torch-compile-mat	stable	2	93	1317.3	4	torch-2.14.0+cu130
torch-compile-mat	stable	2	94	1299.1	4	torch-2.14.0+cu130
torch-compile-mat	stable	2	95	1355.6	4	torch-2.14.0+cu130
torch-compile-mat	stable	2	96	1291.5	4	torch-2.14.0+cu130
torch-compile-mat	stable	2	97	1300.8	4	torch-2.14.0+cu130
torch-compile-mat	stable	2	98	1285.3	4	torch-2.14.0+cu130
torch-compile-mat	stable	2	99	1287.5	4	torch-2.14.0+cu130
torch-compile-mat	stable	2	100	1313.9	4	torch-2.14.0+cu130
torch-compile-mat	stable	2	101	1297.7	4	torch-2.14.0+cu130
torch-compile-mat	stable	2	102	1283.6	4	torch-2.14.0+cu130
torch-compile-mat	stable	2	103	1292.7	4	torch-2.14.0+cu130
torch-compile-mat	stable	2	104	1326.1	4	torch-2.14.0+cu130
torch-compile-mat	stable	2	105	1318.7	4	torch-2.14.0+cu130
torch-compile-mat	stable	2	106	1312.0	4	torch-2.14.0+cu130
torch-compile-mat	stable	2	107	1306.5	4	torch-2.14.0+cu130
torch-compile-mat	stable	2	108	1314.6	4	torch-2.14.0+cu130
torch-compile-mat	stable	2	109	1304.1	4	torch-2.14.0+cu130
torch-compile-mat	stable	2	110	1299.4	4	torch-2.14.0+cu130
torch-compile-mat	stable	2	111	1305.1	4	torch-2.14.0+cu130
torch-compile-mat	stable	2	112	1288.7	4	torch-2.14.0+cu130
torch-compile-mat	stable	2	113	1296.5	4	torch-2.14.0+cu130
torch-compile-mat	stable	2	114	1275.3	4	torch-2.14.0+cu130
torch-compile-mat	stable	2	115	1334.9	4	torch-2.14.0+cu130
torch-compile-mat	stable	2	116	1309.4	4	torch-2.14.0+cu130
torch-compile-mat	stable	2	117	1297.2	4	torch-2.14.0+cu130
torch-compile-mat	stable	2	118	1295.3	4	torch-2.14.0+cu130
torch-compile-mat	stable	2	119	1305.1	4	torch-2.14.0+cu130
torch-compile-mat	stable	2	120	1325.8	4	torch-2.14.0+cu130
torch-compile-mat	stable	2	121	1287.0	4	torch-2.14.0+cu130
torch-compile-mat	stable	2	122	1295.1	4	torch-2.14.0+cu130
torch-compile-mat	stable	2	123	1318.2	4	torch-2.14.0+cu130
torch-compile-mat	stable	2	124	1312.0	4	torch-2.14.0+cu130
torch-compile-mat	stable	2	125	1343.5	4	torch-2.14.0+cu130
torch-compile-mat	stable	2	126	1279.1	4	torch-2.14.0+cu130
torch-compile-mat	stable	2	127	1276.0	4	torch-2.14.0+cu130
torch-compile-mat	stable	2	128	1306.3	4	torch-2.14.0+cu130
torch-compile-mat	stable	2	129	1307.0	4	torch-2.14.0+cu130
torch-compile-mat	stable	2	130	1307.0	4	torch-2.14.0+cu130
torch-compile-mat	stable	2	131	1308.4	4	torch-2.14.0+cu130
torch-compile-mat	stable	2	132	1313.2	4	torch-2.14.0+cu130
torch-compile-mat	stable	2	133	1299.1	4	torch-2.14.0+cu130
torch-compile-mat	stable	2	134	1310.1	4	torch-2.14.0+cu130
torch-compile-mat	stable	2	135	1306.3	4	torch-2.14.0+cu130
torch-compile-mat	stable	2	136	1290.3	4	torch-2.14.0+cu130
torch-compile-mat	stable	2	137	1321.6	4	torch-2.14.0+cu130
torch-compile-mat	stable	2	138	1324.9	4	torch-2.14.0+cu130
torch-compile-mat	stable	2	139	1349.4	4	torch-2.14.0+cu130
torch-compile-mat	stable	2	140	1289.4	4	torch-2.14.0+cu130
torch-compile-mat	stable	2	141	1298.9	4	torch-2.14.0+cu130
torch-compile-mat	stable	2	142	1309.2	4	torch-2.14.0+cu130
torch-compile-mat	stable	2	143	1319.4	4	torch-2.14.0+cu130
torch-compile-mat	stable	2	144	1366.6	4	torch-2.14.0+cu130
torch-compile-mat	stable	2	145	1349.4	4	torch-2.14.0+cu130
torch-compile-mat	stable	2	146	1294.1	4	torch-2.14.0+cu130
torch-compile-mat	stable	2	147	1303.9	4	torch-2.14.0+cu130
torch-compile-mat	stable	2	148	1309.2	4	torch-2.14.0+cu130
torch-compile-mat	stable	2	149	1307.7	4	torch-2.14.0+cu130
torch-compile-mat	stable	2	150	1320.8	4	torch-2.14.0+cu130
torch-compile-mat	stable	2	151	1311.1	4	torch-2.14.0+cu130
torch-compile-mat	stable	2	152	1306.3	4	torch-2.14.0+cu130
torch-compile-mat	stable	2	153	1303.7	4	torch-2.14.0+cu130
torch-compile-mat	stable	2	154	1318.5	4	torch-2.14.0+cu130
torch-compile-mat	stable	2	155	1312.3	4	torch-2.14.0+cu130
torch-compile-mat	stable	2	156	1300.1	4	torch-2.14.0+cu130
torch-compile-mat	stable	2	157	1304.6	4	torch-2.14.0+cu130
torch-compile-mat	stable	2	158	1322.7	4	torch-2.14.0+cu130
torch-compile-mat	stable	2	159	1332.8	4	torch-2.14.0+cu130
torch-compile-mat	stable	2	160	1316.3	4	torch-2.14.0+cu130
torch-compile-mat	stable	2	161	1285.3	4	torch-2.14.0+cu130
torch-compile-mat	stable	2	162	1333.0	4	torch-2.14.0+cu130
torch-compile-mat	stable	2	163	1318.0	4	torch-2.14.0+cu130
torch-compile-mat	stable	2	164	1299.4	4	torch-2.14.0+cu130
torch-compile-mat	stable	2	165	1301.3	4	torch-2.14.0+cu130
torch-compile-mat	stable	2	166	1344.7	4	torch-2.14.0+cu130
torch-compile-mat	stable	2	167	1353.0	4	torch-2.14.0+cu130
torch-compile-mat	stable	2	168	1288.2	4	torch-2.14.0+cu130
torch-compile-mat	stable	2	169	1318.5	4	torch-2.14.0+cu130
torch-compile-mat	stable	2	170	1318.5	4	torch-2.14.0+cu130
torch-compile-mat	stable	2	171	1303.9	4	torch-2.14.0+cu130
torch-compile-mat	stable	2	172	1308.0	4	torch-2.14.0+cu130
torch-compile-mat	stable	2	173	1281.0	4	torch-2.14.0+cu130
torch-compile-mat	stable	2	174	1296.0	4	torch-2.14.0+cu130
torch-compile-mat	stable	2	175	1278.4	4	torch-2.14.0+cu130
torch-compile-mat	stable	2	176	1294.6	4	torch-2.14.0+cu130
torch-compile-mat	stable	2	177	1330.1	4	torch-2.14.0+cu130
torch-compile-mat	stable	2	178	1288.7	4	torch-2.14.0+cu130
torch-compile-mat	stable	2	179	1287.7	4	torch-2.14.0+cu130
torch-compile-mat	stable	2	180	1283.6	4	torch-2.14.0+cu130
torch-compile-mat	stable	2	181	1268.6	4	torch-2.14.0+cu130
torch-compile-mat	stable	2	182	1273.9	4	torch-2.14.0+cu130
torch-compile-mat	stable	2	183	1321.1	4	torch-2.14.0+cu130
torch-compile-mat	stable	2	184	1298.2	4	torch-2.14.0+cu130
torch-compile-mat	stable	2	185	1273.4	4	torch-2.14.0+cu130
torch-compile-mat	stable	2	186	1304.1	4	torch-2.14.0+cu130
torch-compile-mat	stable	2	187	1265.5	4	torch-2.14.0+cu130
torch-compile-mat	stable	2	188	1294.1	4	torch-2.14.0+cu130
torch-compile-mat	stable	2	189	1276.7	4	torch-2.14.0+cu130
torch-compile-mat	stable	2	190	1288.7	4	torch-2.14.0+cu130
torch-compile-mat	stable	2	191	1277.4	4	torch-2.14.0+cu130
torch-compile-mat	stable	2	192	1292.7	4	torch-2.14.0+cu130
torch-compile-mat	stable	2	193	1246.5	4	torch-2.14.0+cu130
torch-compile-mat	stable	2	194	1284.8	4	torch-2.14.0+cu130
torch-compile-mat	stable	2	195	1304.6	4	torch-2.14.0+cu130
torch-compile-mat	stable	2	196	1307.2	4	torch-2.14.0+cu130
torch-compile-mat	stable	2	197	1283.4	4	torch-2.14.0+cu130
torch-compile-mat	stable	2	198	1275.5	4	torch-2.14.0+cu130
torch-compile-mat	stable	2	199	1263.9	4	torch-2.14.0+cu130
jax-perlayer	stable	2	0	11004692.6	4	jax-0.11.1
jax-perlayer	stable	2	1	2257.6	4	jax-0.11.1
jax-perlayer	stable	2	2	1822.7	4	jax-0.11.1
jax-perlayer	stable	2	3	1818.4	4	jax-0.11.1
jax-perlayer	stable	2	4	1845.8	4	jax-0.11.1
jax-perlayer	stable	2	5	1816.0	4	jax-0.11.1
jax-perlayer	stable	2	6	1791.2	4	jax-0.11.1
jax-perlayer	stable	2	7	1770.5	4	jax-0.11.1
jax-perlayer	stable	2	8	1745.5	4	jax-0.11.1
jax-perlayer	stable	2	9	1719.0	4	jax-0.11.1
jax-perlayer	stable	2	10	1703.5	4	jax-0.11.1
jax-perlayer	stable	2	11	1696.8	4	jax-0.11.1
jax-perlayer	stable	2	12	1675.8	4	jax-0.11.1
jax-perlayer	stable	2	13	1688.7	4	jax-0.11.1
jax-perlayer	stable	2	14	1697.8	4	jax-0.11.1
jax-perlayer	stable	2	15	1695.4	4	jax-0.11.1
jax-perlayer	stable	2	16	1711.6	4	jax-0.11.1
jax-perlayer	stable	2	17	1694.2	4	jax-0.11.1
jax-perlayer	stable	2	18	1684.0	4	jax-0.11.1
jax-perlayer	stable	2	19	1658.7	4	jax-0.11.1
jax-perlayer	stable	2	20	1683.5	4	jax-0.11.1
jax-perlayer	stable	2	21	1682.3	4	jax-0.11.1
jax-perlayer	stable	2	22	1697.8	4	jax-0.11.1
jax-perlayer	stable	2	23	2024.7	4	jax-0.11.1
jax-perlayer	stable	2	24	1913.3	4	jax-0.11.1
jax-perlayer	stable	2	25	1718.0	4	jax-0.11.1
jax-perlayer	stable	2	26	1693.0	4	jax-0.11.1
jax-perlayer	stable	2	27	1662.3	4	jax-0.11.1
jax-perlayer	stable	2	28	1683.2	4	jax-0.11.1
jax-perlayer	stable	2	29	1651.3	4	jax-0.11.1
jax-perlayer	stable	2	30	1672.0	4	jax-0.11.1
jax-perlayer	stable	2	31	1670.1	4	jax-0.11.1
jax-perlayer	stable	2	32	1688.0	4	jax-0.11.1
jax-perlayer	stable	2	33	1741.6	4	jax-0.11.1
jax-perlayer	stable	2	34	1748.8	4	jax-0.11.1
jax-perlayer	stable	2	35	1727.8	4	jax-0.11.1
jax-perlayer	stable	2	36	1722.6	4	jax-0.11.1
jax-perlayer	stable	2	37	1712.3	4	jax-0.11.1
jax-perlayer	stable	2	38	1713.5	4	jax-0.11.1
jax-perlayer	stable	2	39	1698.3	4	jax-0.11.1
jax-perlayer	stable	2	40	1696.6	4	jax-0.11.1
jax-perlayer	stable	2	41	1727.3	4	jax-0.11.1
jax-perlayer	stable	2	42	1714.0	4	jax-0.11.1
jax-perlayer	stable	2	43	1694.7	4	jax-0.11.1
jax-perlayer	stable	2	44	1719.5	4	jax-0.11.1
jax-perlayer	stable	2	45	1711.1	4	jax-0.11.1
jax-perlayer	stable	2	46	1705.6	4	jax-0.11.1
jax-perlayer	stable	2	47	1713.3	4	jax-0.11.1
jax-perlayer	stable	2	48	1695.2	4	jax-0.11.1
jax-perlayer	stable	2	49	1693.5	4	jax-0.11.1
jax-perlayer	stable	2	50	1703.5	4	jax-0.11.1
jax-perlayer	stable	2	51	1700.9	4	jax-0.11.1
jax-perlayer	stable	2	52	1689.0	4	jax-0.11.1
jax-perlayer	stable	2	53	1689.4	4	jax-0.11.1
jax-perlayer	stable	2	54	1696.3	4	jax-0.11.1
jax-perlayer	stable	2	55	1684.7	4	jax-0.11.1
jax-perlayer	stable	2	56	1708.7	4	jax-0.11.1
jax-perlayer	stable	2	57	1699.2	4	jax-0.11.1
jax-perlayer	stable	2	58	1808.6	4	jax-0.11.1
jax-perlayer	stable	2	59	1715.2	4	jax-0.11.1
jax-perlayer	stable	2	60	1710.7	4	jax-0.11.1
jax-perlayer	stable	2	61	1713.0	4	jax-0.11.1
jax-perlayer	stable	2	62	1669.6	4	jax-0.11.1
jax-perlayer	stable	2	63	1763.8	4	jax-0.11.1
jax-perlayer	stable	2	64	1774.5	4	jax-0.11.1
jax-perlayer	stable	2	65	1787.2	4	jax-0.11.1
jax-perlayer	stable	2	66	1771.5	4	jax-0.11.1
jax-perlayer	stable	2	67	1778.4	4	jax-0.11.1
jax-perlayer	stable	2	68	1778.8	4	jax-0.11.1
jax-perlayer	stable	2	69	1752.1	4	jax-0.11.1
jax-perlayer	stable	2	70	1798.2	4	jax-0.11.1
jax-perlayer	stable	2	71	1767.9	4	jax-0.11.1
jax-perlayer	stable	2	72	1769.5	4	jax-0.11.1
jax-perlayer	stable	2	73	1744.0	4	jax-0.11.1
jax-perlayer	stable	2	74	1777.4	4	jax-0.11.1
jax-perlayer	stable	2	75	1775.5	4	jax-0.11.1
jax-perlayer	stable	2	76	1779.1	4	jax-0.11.1
jax-perlayer	stable	2	77	1746.4	4	jax-0.11.1
jax-perlayer	stable	2	78	1729.5	4	jax-0.11.1
jax-perlayer	stable	2	79	1708.0	4	jax-0.11.1
jax-perlayer	stable	2	80	1669.4	4	jax-0.11.1
jax-perlayer	stable	2	81	1632.0	4	jax-0.11.1
jax-perlayer	stable	2	82	1693.5	4	jax-0.11.1
jax-perlayer	stable	2	83	1682.8	4	jax-0.11.1
jax-perlayer	stable	2	84	1658.9	4	jax-0.11.1
jax-perlayer	stable	2	85	1642.2	4	jax-0.11.1
jax-perlayer	stable	2	86	1682.5	4	jax-0.11.1
jax-perlayer	stable	2	87	1681.1	4	jax-0.11.1
jax-perlayer	stable	2	88	1675.1	4	jax-0.11.1
jax-perlayer	stable	2	89	1679.7	4	jax-0.11.1
jax-perlayer	stable	2	90	1674.4	4	jax-0.11.1
jax-perlayer	stable	2	91	1766.0	4	jax-0.11.1
jax-perlayer	stable	2	92	1742.4	4	jax-0.11.1
jax-perlayer	stable	2	93	1740.0	4	jax-0.11.1
jax-perlayer	stable	2	94	1724.2	4	jax-0.11.1
jax-perlayer	stable	2	95	1722.1	4	jax-0.11.1
jax-perlayer	stable	2	96	1776.0	4	jax-0.11.1
jax-perlayer	stable	2	97	1695.6	4	jax-0.11.1
jax-perlayer	stable	2	98	1685.4	4	jax-0.11.1
jax-perlayer	stable	2	99	1719.7	4	jax-0.11.1
jax-perlayer	stable	2	100	1691.1	4	jax-0.11.1
jax-perlayer	stable	2	101	1697.5	4	jax-0.11.1
jax-perlayer	stable	2	102	1685.9	4	jax-0.11.1
jax-perlayer	stable	2	103	1674.4	4	jax-0.11.1
jax-perlayer	stable	2	104	1606.9	4	jax-0.11.1
jax-perlayer	stable	2	105	1646.5	4	jax-0.11.1
jax-perlayer	stable	2	106	1653.2	4	jax-0.11.1
jax-perlayer	stable	2	107	1615.8	4	jax-0.11.1
jax-perlayer	stable	2	108	1668.2	4	jax-0.11.1
jax-perlayer	stable	2	109	1651.5	4	jax-0.11.1
jax-perlayer	stable	2	110	1639.1	4	jax-0.11.1
jax-perlayer	stable	2	111	1660.1	4	jax-0.11.1
jax-perlayer	stable	2	112	1606.9	4	jax-0.11.1
jax-perlayer	stable	2	113	1628.2	4	jax-0.11.1
jax-perlayer	stable	2	114	1639.6	4	jax-0.11.1
jax-perlayer	stable	2	115	1678.5	4	jax-0.11.1
jax-perlayer	stable	2	116	1690.4	4	jax-0.11.1
jax-perlayer	stable	2	117	1669.6	4	jax-0.11.1
jax-perlayer	stable	2	118	1636.0	4	jax-0.11.1
jax-perlayer	stable	2	119	1610.8	4	jax-0.11.1
jax-perlayer	stable	2	120	1607.4	4	jax-0.11.1
jax-perlayer	stable	2	121	1695.2	4	jax-0.11.1
jax-perlayer	stable	2	122	1797.7	4	jax-0.11.1
jax-perlayer	stable	2	123	1784.8	4	jax-0.11.1
jax-perlayer	stable	2	124	1757.4	4	jax-0.11.1
jax-perlayer	stable	2	125	1758.6	4	jax-0.11.1
jax-perlayer	stable	2	126	1755.5	4	jax-0.11.1
jax-perlayer	stable	2	127	1741.6	4	jax-0.11.1
jax-perlayer	stable	2	128	1744.0	4	jax-0.11.1
jax-perlayer	stable	2	129	1739.0	4	jax-0.11.1
jax-perlayer	stable	2	130	1757.4	4	jax-0.11.1
jax-perlayer	stable	2	131	1736.4	4	jax-0.11.1
jax-perlayer	stable	2	132	1773.1	4	jax-0.11.1
jax-perlayer	stable	2	133	1774.3	4	jax-0.11.1
jax-perlayer	stable	2	134	1784.3	4	jax-0.11.1
jax-perlayer	stable	2	135	1741.9	4	jax-0.11.1
jax-perlayer	stable	2	136	1727.3	4	jax-0.11.1
jax-perlayer	stable	2	137	1710.7	4	jax-0.11.1
jax-perlayer	stable	2	138	1715.7	4	jax-0.11.1
jax-perlayer	stable	2	139	1729.7	4	jax-0.11.1
jax-perlayer	stable	2	140	1752.1	4	jax-0.11.1
jax-perlayer	stable	2	141	1665.6	4	jax-0.11.1
jax-perlayer	stable	2	142	1725.0	4	jax-0.11.1
jax-perlayer	stable	2	143	1705.6	4	jax-0.11.1
jax-perlayer	stable	2	144	1713.0	4	jax-0.11.1
jax-perlayer	stable	2	145	1698.5	4	jax-0.11.1
jax-perlayer	stable	2	146	1702.3	4	jax-0.11.1
jax-perlayer	stable	2	147	1725.0	4	jax-0.11.1
jax-perlayer	stable	2	148	1660.8	4	jax-0.11.1
jax-perlayer	stable	2	149	1712.3	4	jax-0.11.1
jax-perlayer	stable	2	150	1725.4	4	jax-0.11.1
jax-perlayer	stable	2	151	1702.1	4	jax-0.11.1
jax-perlayer	stable	2	152	1703.0	4	jax-0.11.1
jax-perlayer	stable	2	153	1718.5	4	jax-0.11.1
jax-perlayer	stable	2	154	1728.3	4	jax-0.11.1
jax-perlayer	stable	2	155	1714.2	4	jax-0.11.1
jax-perlayer	stable	2	156	1716.6	4	jax-0.11.1
jax-perlayer	stable	2	157	1706.4	4	jax-0.11.1
jax-perlayer	stable	2	158	1670.8	4	jax-0.11.1
jax-perlayer	stable	2	159	1718.5	4	jax-0.11.1
jax-perlayer	stable	2	160	1729.0	4	jax-0.11.1
jax-perlayer	stable	2	161	1701.4	4	jax-0.11.1
jax-perlayer	stable	2	162	1701.1	4	jax-0.11.1
jax-perlayer	stable	2	163	1635.8	4	jax-0.11.1
jax-perlayer	stable	2	164	1666.8	4	jax-0.11.1
jax-perlayer	stable	2	165	1680.9	4	jax-0.11.1
jax-perlayer	stable	2	166	1731.4	4	jax-0.11.1
jax-perlayer	stable	2	167	1735.9	4	jax-0.11.1
jax-perlayer	stable	2	168	1763.3	4	jax-0.11.1
jax-perlayer	stable	2	169	1642.0	4	jax-0.11.1
jax-perlayer	stable	2	170	1723.8	4	jax-0.11.1
jax-perlayer	stable	2	171	1641.3	4	jax-0.11.1
jax-perlayer	stable	2	172	1681.8	4	jax-0.11.1
jax-perlayer	stable	2	173	1611.9	4	jax-0.11.1
jax-perlayer	stable	2	174	1689.2	4	jax-0.11.1
jax-perlayer	stable	2	175	1654.6	4	jax-0.11.1
jax-perlayer	stable	2	176	1710.9	4	jax-0.11.1
jax-perlayer	stable	2	177	1735.4	4	jax-0.11.1
jax-perlayer	stable	2	178	1666.8	4	jax-0.11.1
jax-perlayer	stable	2	179	1671.6	4	jax-0.11.1
jax-perlayer	stable	2	180	1724.2	4	jax-0.11.1
jax-perlayer	stable	2	181	1721.6	4	jax-0.11.1
jax-perlayer	stable	2	182	1723.1	4	jax-0.11.1
jax-perlayer	stable	2	183	1710.9	4	jax-0.11.1
jax-perlayer	stable	2	184	1716.6	4	jax-0.11.1
jax-perlayer	stable	2	185	1730.0	4	jax-0.11.1
jax-perlayer	stable	2	186	1709.9	4	jax-0.11.1
jax-perlayer	stable	2	187	1759.1	4	jax-0.11.1
jax-perlayer	stable	2	188	1686.8	4	jax-0.11.1
jax-perlayer	stable	2	189	1720.2	4	jax-0.11.1
jax-perlayer	stable	2	190	1708.0	4	jax-0.11.1
jax-perlayer	stable	2	191	1637.5	4	jax-0.11.1
jax-perlayer	stable	2	192	1653.7	4	jax-0.11.1
jax-perlayer	stable	2	193	1636.7	4	jax-0.11.1
jax-perlayer	stable	2	194	1642.7	4	jax-0.11.1
jax-perlayer	stable	2	195	1640.8	4	jax-0.11.1
jax-perlayer	stable	2	196	1615.0	4	jax-0.11.1
jax-perlayer	stable	2	197	1620.5	4	jax-0.11.1
jax-perlayer	stable	2	198	1631.7	4	jax-0.11.1
jax-perlayer	stable	2	199	1682.5	4	jax-0.11.1
jax-while	stable	2	0	7395284.4	4	jax-0.11.1
jax-while	stable	2	1	1892.1	4	jax-0.11.1
jax-while	stable	2	2	1550.4	4	jax-0.11.1
jax-while	stable	2	3	1404.5	4	jax-0.11.1
jax-while	stable	2	4	1376.2	4	jax-0.11.1
jax-while	stable	2	5	1387.1	4	jax-0.11.1
jax-while	stable	2	6	1330.6	4	jax-0.11.1
jax-while	stable	2	7	1400.5	4	jax-0.11.1
jax-while	stable	2	8	1358.5	4	jax-0.11.1
jax-while	stable	2	9	1398.6	4	jax-0.11.1
jax-while	stable	2	10	1310.1	4	jax-0.11.1
jax-while	stable	2	11	1374.0	4	jax-0.11.1
jax-while	stable	2	12	1342.1	4	jax-0.11.1
jax-while	stable	2	13	1401.9	4	jax-0.11.1
jax-while	stable	2	14	1350.2	4	jax-0.11.1
jax-while	stable	2	15	1363.0	4	jax-0.11.1
jax-while	stable	2	16	1344.4	4	jax-0.11.1
jax-while	stable	2	17	1361.8	4	jax-0.11.1
jax-while	stable	2	18	1320.6	4	jax-0.11.1
jax-while	stable	2	19	1391.4	4	jax-0.11.1
jax-while	stable	2	20	1309.4	4	jax-0.11.1
jax-while	stable	2	21	1374.2	4	jax-0.11.1
jax-while	stable	2	22	1319.4	4	jax-0.11.1
jax-while	stable	2	23	1347.3	4	jax-0.11.1
jax-while	stable	2	24	1340.9	4	jax-0.11.1
jax-while	stable	2	25	1363.3	4	jax-0.11.1
jax-while	stable	2	26	1299.1	4	jax-0.11.1
jax-while	stable	2	27	1372.1	4	jax-0.11.1
jax-while	stable	2	28	1348.5	4	jax-0.11.1
jax-while	stable	2	29	1325.4	4	jax-0.11.1
jax-while	stable	2	30	1312.5	4	jax-0.11.1
jax-while	stable	2	31	1342.3	4	jax-0.11.1
jax-while	stable	2	32	1351.4	4	jax-0.11.1
jax-while	stable	2	33	1305.3	4	jax-0.11.1
jax-while	stable	2	34	1279.8	4	jax-0.11.1
jax-while	stable	2	35	1342.5	4	jax-0.11.1
jax-while	stable	2	36	1300.8	4	jax-0.11.1
jax-while	stable	2	37	1313.0	4	jax-0.11.1
jax-while	stable	2	38	1309.2	4	jax-0.11.1
jax-while	stable	2	39	1318.5	4	jax-0.11.1
jax-while	stable	2	40	1291.5	4	jax-0.11.1
jax-while	stable	2	41	1292.5	4	jax-0.11.1
jax-while	stable	2	42	1323.0	4	jax-0.11.1
jax-while	stable	2	43	1288.4	4	jax-0.11.1
jax-while	stable	2	44	1306.5	4	jax-0.11.1
jax-while	stable	2	45	1360.2	4	jax-0.11.1
jax-while	stable	2	46	1335.1	4	jax-0.11.1
jax-while	stable	2	47	1307.7	4	jax-0.11.1
jax-while	stable	2	48	1338.7	4	jax-0.11.1
jax-while	stable	2	49	1344.0	4	jax-0.11.1
jax-while	stable	2	50	1335.4	4	jax-0.11.1
jax-while	stable	2	51	1333.0	4	jax-0.11.1
jax-while	stable	2	52	1294.9	4	jax-0.11.1
jax-while	stable	2	53	1334.7	4	jax-0.11.1
jax-while	stable	2	54	1289.6	4	jax-0.11.1
jax-while	stable	2	55	1321.3	4	jax-0.11.1
jax-while	stable	2	56	1294.4	4	jax-0.11.1
jax-while	stable	2	57	1319.2	4	jax-0.11.1
jax-while	stable	2	58	1299.9	4	jax-0.11.1
jax-while	stable	2	59	1331.6	4	jax-0.11.1
jax-while	stable	2	60	1278.2	4	jax-0.11.1
jax-while	stable	2	61	1341.6	4	jax-0.11.1
jax-while	stable	2	62	1329.7	4	jax-0.11.1
jax-while	stable	2	63	1339.0	4	jax-0.11.1
jax-while	stable	2	64	1287.9	4	jax-0.11.1
jax-while	stable	2	65	1321.1	4	jax-0.11.1
jax-while	stable	2	66	1342.8	4	jax-0.11.1
jax-while	stable	2	67	1325.6	4	jax-0.11.1
jax-while	stable	2	68	1282.5	4	jax-0.11.1
jax-while	stable	2	69	1287.0	4	jax-0.11.1
jax-while	stable	2	70	1306.1	4	jax-0.11.1
jax-while	stable	2	71	1303.9	4	jax-0.11.1
jax-while	stable	2	72	1328.0	4	jax-0.11.1
jax-while	stable	2	73	1318.7	4	jax-0.11.1
jax-while	stable	2	74	1327.5	4	jax-0.11.1
jax-while	stable	2	75	1305.3	4	jax-0.11.1
jax-while	stable	2	76	1327.0	4	jax-0.11.1
jax-while	stable	2	77	1324.9	4	jax-0.11.1
jax-while	stable	2	78	1308.2	4	jax-0.11.1
jax-while	stable	2	79	1289.4	4	jax-0.11.1
jax-while	stable	2	80	1313.4	4	jax-0.11.1
jax-while	stable	2	81	1324.9	4	jax-0.11.1
jax-while	stable	2	82	1293.2	4	jax-0.11.1
jax-while	stable	2	83	1314.6	4	jax-0.11.1
jax-while	stable	2	84	1320.1	4	jax-0.11.1
jax-while	stable	2	85	1327.3	4	jax-0.11.1
jax-while	stable	2	86	1303.2	4	jax-0.11.1
jax-while	stable	2	87	1317.7	4	jax-0.11.1
jax-while	stable	2	88	1320.8	4	jax-0.11.1
jax-while	stable	2	89	1323.2	4	jax-0.11.1
jax-while	stable	2	90	1311.3	4	jax-0.11.1
jax-while	stable	2	91	1297.7	4	jax-0.11.1
jax-while	stable	2	92	1315.6	4	jax-0.11.1
jax-while	stable	2	93	1315.6	4	jax-0.11.1
jax-while	stable	2	94	1287.7	4	jax-0.11.1
jax-while	stable	2	95	1305.6	4	jax-0.11.1
jax-while	stable	2	96	1290.3	4	jax-0.11.1
jax-while	stable	2	97	1309.4	4	jax-0.11.1
jax-while	stable	2	98	1327.8	4	jax-0.11.1
jax-while	stable	2	99	1334.2	4	jax-0.11.1
jax-while	stable	2	100	1323.5	4	jax-0.11.1
jax-while	stable	2	101	1328.0	4	jax-0.11.1
jax-while	stable	2	102	1328.7	4	jax-0.11.1
jax-while	stable	2	103	1319.6	4	jax-0.11.1
jax-while	stable	2	104	1322.5	4	jax-0.11.1
jax-while	stable	2	105	1316.8	4	jax-0.11.1
jax-while	stable	2	106	1319.9	4	jax-0.11.1
jax-while	stable	2	107	1327.8	4	jax-0.11.1
jax-while	stable	2	108	1313.9	4	jax-0.11.1
jax-while	stable	2	109	1312.5	4	jax-0.11.1
jax-while	stable	2	110	1303.4	4	jax-0.11.1
jax-while	stable	2	111	1318.9	4	jax-0.11.1
jax-while	stable	2	112	1313.9	4	jax-0.11.1
jax-while	stable	2	113	1323.0	4	jax-0.11.1
jax-while	stable	2	114	1312.0	4	jax-0.11.1
jax-while	stable	2	115	1308.9	4	jax-0.11.1
jax-while	stable	2	116	1328.2	4	jax-0.11.1
jax-while	stable	2	117	1307.0	4	jax-0.11.1
jax-while	stable	2	118	1295.8	4	jax-0.11.1
jax-while	stable	2	119	1312.5	4	jax-0.11.1
jax-while	stable	2	120	1295.1	4	jax-0.11.1
jax-while	stable	2	121	1320.6	4	jax-0.11.1
jax-while	stable	2	122	1283.6	4	jax-0.11.1
jax-while	stable	2	123	1335.9	4	jax-0.11.1
jax-while	stable	2	124	1311.8	4	jax-0.11.1
jax-while	stable	2	125	1315.1	4	jax-0.11.1
jax-while	stable	2	126	1321.3	4	jax-0.11.1
jax-while	stable	2	127	1306.8	4	jax-0.11.1
jax-while	stable	2	128	1295.8	4	jax-0.11.1
jax-while	stable	2	129	1339.9	4	jax-0.11.1
jax-while	stable	2	130	1282.2	4	jax-0.11.1
jax-while	stable	2	131	1298.2	4	jax-0.11.1
jax-while	stable	2	132	1284.4	4	jax-0.11.1
jax-while	stable	2	133	1317.3	4	jax-0.11.1
jax-while	stable	2	134	1282.2	4	jax-0.11.1
jax-while	stable	2	135	1318.7	4	jax-0.11.1
jax-while	stable	2	136	1309.2	4	jax-0.11.1
jax-while	stable	2	137	1302.5	4	jax-0.11.1
jax-while	stable	2	138	1331.1	4	jax-0.11.1
jax-while	stable	2	139	1313.0	4	jax-0.11.1
jax-while	stable	2	140	1340.9	4	jax-0.11.1
jax-while	stable	2	141	1311.8	4	jax-0.11.1
jax-while	stable	2	142	1317.5	4	jax-0.11.1
jax-while	stable	2	143	1325.6	4	jax-0.11.1
jax-while	stable	2	144	1289.4	4	jax-0.11.1
jax-while	stable	2	145	1313.7	4	jax-0.11.1
jax-while	stable	2	146	1331.6	4	jax-0.11.1
jax-while	stable	2	147	1324.2	4	jax-0.11.1
jax-while	stable	2	148	1328.9	4	jax-0.11.1
jax-while	stable	2	149	1327.3	4	jax-0.11.1
jax-while	stable	2	150	1307.2	4	jax-0.11.1
jax-while	stable	2	151	1321.6	4	jax-0.11.1
jax-while	stable	2	152	1330.9	4	jax-0.11.1
jax-while	stable	2	153	1319.2	4	jax-0.11.1
jax-while	stable	2	154	1305.3	4	jax-0.11.1
jax-while	stable	2	155	1336.8	4	jax-0.11.1
jax-while	stable	2	156	1304.4	4	jax-0.11.1
jax-while	stable	2	157	1304.1	4	jax-0.11.1
jax-while	stable	2	158	1299.6	4	jax-0.11.1
jax-while	stable	2	159	1315.6	4	jax-0.11.1
jax-while	stable	2	160	1316.3	4	jax-0.11.1
jax-while	stable	2	161	1290.3	4	jax-0.11.1
jax-while	stable	2	162	1272.4	4	jax-0.11.1
jax-while	stable	2	163	1303.9	4	jax-0.11.1
jax-while	stable	2	164	1294.6	4	jax-0.11.1
jax-while	stable	2	165	1301.5	4	jax-0.11.1
jax-while	stable	2	166	1304.6	4	jax-0.11.1
jax-while	stable	2	167	1304.1	4	jax-0.11.1
jax-while	stable	2	168	1287.2	4	jax-0.11.1
jax-while	stable	2	169	1287.2	4	jax-0.11.1
jax-while	stable	2	170	1343.7	4	jax-0.11.1
jax-while	stable	2	171	1308.9	4	jax-0.11.1
jax-while	stable	2	172	1343.0	4	jax-0.11.1
jax-while	stable	2	173	1309.6	4	jax-0.11.1
jax-while	stable	2	174	1333.7	4	jax-0.11.1
jax-while	stable	2	175	1296.3	4	jax-0.11.1
jax-while	stable	2	176	1331.1	4	jax-0.11.1
jax-while	stable	2	177	1301.5	4	jax-0.11.1
jax-while	stable	2	178	1318.2	4	jax-0.11.1
jax-while	stable	2	179	1309.6	4	jax-0.11.1
jax-while	stable	2	180	1334.4	4	jax-0.11.1
jax-while	stable	2	181	1303.2	4	jax-0.11.1
jax-while	stable	2	182	1318.2	4	jax-0.11.1
jax-while	stable	2	183	1304.4	4	jax-0.11.1
jax-while	stable	2	184	1309.4	4	jax-0.11.1
jax-while	stable	2	185	1289.8	4	jax-0.11.1
jax-while	stable	2	186	1339.9	4	jax-0.11.1
jax-while	stable	2	187	1311.1	4	jax-0.11.1
jax-while	stable	2	188	1313.9	4	jax-0.11.1
jax-while	stable	2	189	1336.3	4	jax-0.11.1
jax-while	stable	2	190	1319.2	4	jax-0.11.1
jax-while	stable	2	191	1435.0	4	jax-0.11.1
jax-while	stable	2	192	1388.5	4	jax-0.11.1
jax-while	stable	2	193	1373.5	4	jax-0.11.1
jax-while	stable	2	194	1445.3	4	jax-0.11.1
jax-while	stable	2	195	1385.7	4	jax-0.11.1
jax-while	stable	2	196	1390.9	4	jax-0.11.1
jax-while	stable	2	197	1400.0	4	jax-0.11.1
jax-while	stable	2	198	1402.9	4	jax-0.11.1
jax-while	stable	2	199	1386.4	4	jax-0.11.1
ours	varying	2	0	479731.1	2	ddc8008cdeaf
ours	varying	2	1	13612.0	3	ddc8008cdeaf
ours	varying	2	2	33613.9	5	ddc8008cdeaf
ours	varying	2	3	12554.9	6	ddc8008cdeaf
ours	varying	2	4	11555.9	2	ddc8008cdeaf
ours	varying	2	5	2664.1	3	ddc8008cdeaf
ours	varying	2	6	3350.0	5	ddc8008cdeaf
ours	varying	2	7	1459.8	6	ddc8008cdeaf
ours	varying	2	8	1842.0	2	ddc8008cdeaf
ours	varying	2	9	905.0	3	ddc8008cdeaf
ours	varying	2	10	1220.0	5	ddc8008cdeaf
ours	varying	2	11	3076.1	6	ddc8008cdeaf
ours	varying	2	12	1118.2	2	ddc8008cdeaf
ours	varying	2	13	906.0	3	ddc8008cdeaf
ours	varying	2	14	1225.0	5	ddc8008cdeaf
ours	varying	2	15	2442.1	6	ddc8008cdeaf
ours	varying	2	16	739.1	2	ddc8008cdeaf
ours	varying	2	17	904.1	3	ddc8008cdeaf
ours	varying	2	18	1235.0	5	ddc8008cdeaf
ours	varying	2	19	1396.9	6	ddc8008cdeaf
ours	varying	2	20	1791.0	2	ddc8008cdeaf
ours	varying	2	21	921.0	3	ddc8008cdeaf
ours	varying	2	22	1241.9	5	ddc8008cdeaf
ours	varying	2	23	1391.9	6	ddc8008cdeaf
ours	varying	2	24	744.1	2	ddc8008cdeaf
ours	varying	2	25	963.0	3	ddc8008cdeaf
ours	varying	2	26	2254.0	5	ddc8008cdeaf
ours	varying	2	27	1426.9	6	ddc8008cdeaf
ours	varying	2	28	759.1	2	ddc8008cdeaf
ours	varying	2	29	922.9	3	ddc8008cdeaf
ours	varying	2	30	1215.2	5	ddc8008cdeaf
ours	varying	2	31	1384.0	6	ddc8008cdeaf
ours	varying	2	32	747.9	2	ddc8008cdeaf
ours	varying	2	33	1952.2	3	ddc8008cdeaf
ours	varying	2	34	1215.9	5	ddc8008cdeaf
ours	varying	2	35	1393.1	6	ddc8008cdeaf
ours	varying	2	36	742.0	2	ddc8008cdeaf
ours	varying	2	37	932.0	3	ddc8008cdeaf
ours	varying	2	38	1227.9	5	ddc8008cdeaf
ours	varying	2	39	1386.9	6	ddc8008cdeaf
ours	varying	2	40	762.0	2	ddc8008cdeaf
ours	varying	2	41	1927.9	3	ddc8008cdeaf
ours	varying	2	42	1242.2	5	ddc8008cdeaf
ours	varying	2	43	1446.0	6	ddc8008cdeaf
ours	varying	2	44	741.0	2	ddc8008cdeaf
ours	varying	2	45	909.1	3	ddc8008cdeaf
ours	varying	2	46	1222.1	5	ddc8008cdeaf
ours	varying	2	47	1384.0	6	ddc8008cdeaf
ours	varying	2	48	736.0	2	ddc8008cdeaf
ours	varying	2	49	911.0	3	ddc8008cdeaf
ours	varying	2	50	2249.0	5	ddc8008cdeaf
ours	varying	2	51	1383.1	6	ddc8008cdeaf
ours	varying	2	52	767.0	2	ddc8008cdeaf
ours	varying	2	53	901.9	3	ddc8008cdeaf
ours	varying	2	54	1262.9	5	ddc8008cdeaf
ours	varying	2	55	1392.1	6	ddc8008cdeaf
ours	varying	2	56	746.0	2	ddc8008cdeaf
ours	varying	2	57	938.9	3	ddc8008cdeaf
ours	varying	2	58	1231.0	5	ddc8008cdeaf
ours	varying	2	59	1372.1	6	ddc8008cdeaf
ours	varying	2	60	739.1	2	ddc8008cdeaf
ours	varying	2	61	1934.1	3	ddc8008cdeaf
ours	varying	2	62	1233.1	5	ddc8008cdeaf
ours	varying	2	63	1411.0	6	ddc8008cdeaf
ours	varying	2	64	787.0	2	ddc8008cdeaf
ours	varying	2	65	893.1	3	ddc8008cdeaf
ours	varying	2	66	1219.0	5	ddc8008cdeaf
ours	varying	2	67	1383.1	6	ddc8008cdeaf
ours	varying	2	68	742.9	2	ddc8008cdeaf
ours	varying	2	69	912.2	3	ddc8008cdeaf
ours	varying	2	70	1216.9	5	ddc8008cdeaf
ours	varying	2	71	1397.8	6	ddc8008cdeaf
ours	varying	2	72	747.2	2	ddc8008cdeaf
ours	varying	2	73	1930.0	3	ddc8008cdeaf
ours	varying	2	74	1225.9	5	ddc8008cdeaf
ours	varying	2	75	1445.8	6	ddc8008cdeaf
ours	varying	2	76	752.0	2	ddc8008cdeaf
ours	varying	2	77	924.1	3	ddc8008cdeaf
ours	varying	2	78	1297.0	5	ddc8008cdeaf
ours	varying	2	79	1395.9	6	ddc8008cdeaf
ours	varying	2	80	743.2	2	ddc8008cdeaf
ours	varying	2	81	907.9	3	ddc8008cdeaf
ours	varying	2	82	1241.9	5	ddc8008cdeaf
ours	varying	2	83	1370.0	6	ddc8008cdeaf
ours	varying	2	84	746.0	2	ddc8008cdeaf
ours	varying	2	85	973.0	3	ddc8008cdeaf
ours	varying	2	86	2221.1	5	ddc8008cdeaf
ours	varying	2	87	1355.9	6	ddc8008cdeaf
ours	varying	2	88	737.9	2	ddc8008cdeaf
ours	varying	2	89	875.0	3	ddc8008cdeaf
ours	varying	2	90	1192.1	5	ddc8008cdeaf
ours	varying	2	91	1341.1	6	ddc8008cdeaf
ours	varying	2	92	721.9	2	ddc8008cdeaf
ours	varying	2	93	857.8	3	ddc8008cdeaf
ours	varying	2	94	1171.8	5	ddc8008cdeaf
ours	varying	2	95	1336.8	6	ddc8008cdeaf
ours	varying	2	96	736.0	2	ddc8008cdeaf
ours	varying	2	97	866.9	3	ddc8008cdeaf
ours	varying	2	98	1184.0	5	ddc8008cdeaf
ours	varying	2	99	1335.9	6	ddc8008cdeaf
ours	varying	2	100	728.1	2	ddc8008cdeaf
ours	varying	2	101	895.0	3	ddc8008cdeaf
ours	varying	2	102	1176.1	5	ddc8008cdeaf
ours	varying	2	103	1340.9	6	ddc8008cdeaf
ours	varying	2	104	726.9	2	ddc8008cdeaf
ours	varying	2	105	1890.9	3	ddc8008cdeaf
ours	varying	2	106	1230.0	5	ddc8008cdeaf
ours	varying	2	107	1380.9	6	ddc8008cdeaf
ours	varying	2	108	719.8	2	ddc8008cdeaf
ours	varying	2	109	886.0	3	ddc8008cdeaf
ours	varying	2	110	1193.0	5	ddc8008cdeaf
ours	varying	2	111	1339.9	6	ddc8008cdeaf
ours	varying	2	112	778.0	2	ddc8008cdeaf
ours	varying	2	113	896.0	3	ddc8008cdeaf
ours	varying	2	114	1194.0	5	ddc8008cdeaf
ours	varying	2	115	1356.1	6	ddc8008cdeaf
ours	varying	2	116	726.9	2	ddc8008cdeaf
ours	varying	2	117	886.0	3	ddc8008cdeaf
ours	varying	2	118	1177.1	5	ddc8008cdeaf
ours	varying	2	119	1318.9	6	ddc8008cdeaf
ours	varying	2	120	732.9	2	ddc8008cdeaf
ours	varying	2	121	904.1	3	ddc8008cdeaf
ours	varying	2	122	1241.9	5	ddc8008cdeaf
ours	varying	2	123	2358.9	6	ddc8008cdeaf
ours	varying	2	124	730.0	2	ddc8008cdeaf
ours	varying	2	125	877.1	3	ddc8008cdeaf
ours	varying	2	126	1210.0	5	ddc8008cdeaf
ours	varying	2	127	1377.1	6	ddc8008cdeaf
ours	varying	2	128	719.1	2	ddc8008cdeaf
ours	varying	2	129	886.0	3	ddc8008cdeaf
ours	varying	2	130	1194.0	5	ddc8008cdeaf
ours	varying	2	131	1333.0	6	ddc8008cdeaf
ours	varying	2	132	722.9	2	ddc8008cdeaf
ours	varying	2	133	870.0	3	ddc8008cdeaf
ours	varying	2	134	1184.9	5	ddc8008cdeaf
ours	varying	2	135	1339.9	6	ddc8008cdeaf
ours	varying	2	136	777.0	2	ddc8008cdeaf
ours	varying	2	137	887.9	3	ddc8008cdeaf
ours	varying	2	138	1168.0	5	ddc8008cdeaf
ours	varying	2	139	1397.1	6	ddc8008cdeaf
ours	varying	2	140	723.1	2	ddc8008cdeaf
ours	varying	2	141	880.0	3	ddc8008cdeaf
ours	varying	2	142	1175.9	5	ddc8008cdeaf
ours	varying	2	143	1341.8	6	ddc8008cdeaf
ours	varying	2	144	716.9	2	ddc8008cdeaf
ours	varying	2	145	2213.0	3	ddc8008cdeaf
ours	varying	2	146	1201.2	5	ddc8008cdeaf
ours	varying	2	147	1339.9	6	ddc8008cdeaf
ours	varying	2	148	736.0	2	ddc8008cdeaf
ours	varying	2	149	874.0	3	ddc8008cdeaf
ours	varying	2	150	1183.0	5	ddc8008cdeaf
ours	varying	2	151	1388.1	6	ddc8008cdeaf
ours	varying	2	152	743.9	2	ddc8008cdeaf
ours	varying	2	153	930.8	3	ddc8008cdeaf
ours	varying	2	154	1248.8	5	ddc8008cdeaf
ours	varying	2	155	1366.9	6	ddc8008cdeaf
ours	varying	2	156	721.9	2	ddc8008cdeaf
ours	varying	2	157	875.9	3	ddc8008cdeaf
ours	varying	2	158	1186.1	5	ddc8008cdeaf
ours	varying	2	159	1334.0	6	ddc8008cdeaf
ours	varying	2	160	725.0	2	ddc8008cdeaf
ours	varying	2	161	898.8	3	ddc8008cdeaf
ours	varying	2	162	1228.1	5	ddc8008cdeaf
ours	varying	2	163	1332.0	6	ddc8008cdeaf
ours	varying	2	164	1754.0	2	ddc8008cdeaf
ours	varying	2	165	874.0	3	ddc8008cdeaf
ours	varying	2	166	1184.0	5	ddc8008cdeaf
ours	varying	2	167	1353.0	6	ddc8008cdeaf
ours	varying	2	168	742.9	2	ddc8008cdeaf
ours	varying	2	169	885.0	3	ddc8008cdeaf
ours	varying	2	170	1235.0	5	ddc8008cdeaf
ours	varying	2	171	1324.2	6	ddc8008cdeaf
ours	varying	2	172	726.9	2	ddc8008cdeaf
ours	varying	2	173	877.1	3	ddc8008cdeaf
ours	varying	2	174	1168.0	5	ddc8008cdeaf
ours	varying	2	175	1344.0	6	ddc8008cdeaf
ours	varying	2	176	740.1	2	ddc8008cdeaf
ours	varying	2	177	887.2	3	ddc8008cdeaf
ours	varying	2	178	1179.0	5	ddc8008cdeaf
ours	varying	2	179	1399.0	6	ddc8008cdeaf
ours	varying	2	180	712.2	2	ddc8008cdeaf
ours	varying	2	181	898.8	3	ddc8008cdeaf
ours	varying	2	182	1164.9	5	ddc8008cdeaf
ours	varying	2	183	1330.1	6	ddc8008cdeaf
ours	varying	2	184	794.9	2	ddc8008cdeaf
ours	varying	2	185	868.1	3	ddc8008cdeaf
ours	varying	2	186	1174.0	5	ddc8008cdeaf
ours	varying	2	187	2378.9	6	ddc8008cdeaf
ours	varying	2	188	720.0	2	ddc8008cdeaf
ours	varying	2	189	880.0	3	ddc8008cdeaf
ours	varying	2	190	1179.9	5	ddc8008cdeaf
ours	varying	2	191	1331.1	6	ddc8008cdeaf
ours	varying	2	192	731.9	2	ddc8008cdeaf
ours	varying	2	193	904.1	3	ddc8008cdeaf
ours	varying	2	194	1179.9	5	ddc8008cdeaf
ours	varying	2	195	1340.2	6	ddc8008cdeaf
ours	varying	2	196	729.1	2	ddc8008cdeaf
ours	varying	2	197	898.8	3	ddc8008cdeaf
ours	varying	2	198	1183.0	5	ddc8008cdeaf
ours	varying	2	199	1370.0	6	ddc8008cdeaf
torch-eager	varying	2	0	102926.0	2	torch-2.14.0+cu130
torch-eager	varying	2	1	1659.6	3	torch-2.14.0+cu130
torch-eager	varying	2	2	2284.8	5	torch-2.14.0+cu130
torch-eager	varying	2	3	2639.8	6	torch-2.14.0+cu130
torch-eager	varying	2	4	1218.8	2	torch-2.14.0+cu130
torch-eager	varying	2	5	1544.7	3	torch-2.14.0+cu130
torch-eager	varying	2	6	2267.1	5	torch-2.14.0+cu130
torch-eager	varying	2	7	2630.0	6	torch-2.14.0+cu130
torch-eager	varying	2	8	1225.2	2	torch-2.14.0+cu130
torch-eager	varying	2	9	1560.4	3	torch-2.14.0+cu130
torch-eager	varying	2	10	2263.3	5	torch-2.14.0+cu130
torch-eager	varying	2	11	2614.5	6	torch-2.14.0+cu130
torch-eager	varying	2	12	1186.4	2	torch-2.14.0+cu130
torch-eager	varying	2	13	1589.1	3	torch-2.14.0+cu130
torch-eager	varying	2	14	2293.6	5	torch-2.14.0+cu130
torch-eager	varying	2	15	2611.6	6	torch-2.14.0+cu130
torch-eager	varying	2	16	1188.0	2	torch-2.14.0+cu130
torch-eager	varying	2	17	1537.1	3	torch-2.14.0+cu130
torch-eager	varying	2	18	2244.2	5	torch-2.14.0+cu130
torch-eager	varying	2	19	2605.7	6	torch-2.14.0+cu130
torch-eager	varying	2	20	1221.7	2	torch-2.14.0+cu130
torch-eager	varying	2	21	1535.9	3	torch-2.14.0+cu130
torch-eager	varying	2	22	2260.2	5	torch-2.14.0+cu130
torch-eager	varying	2	23	2630.5	6	torch-2.14.0+cu130
torch-eager	varying	2	24	1173.3	2	torch-2.14.0+cu130
torch-eager	varying	2	25	1552.3	3	torch-2.14.0+cu130
torch-eager	varying	2	26	2252.8	5	torch-2.14.0+cu130
torch-eager	varying	2	27	2592.6	6	torch-2.14.0+cu130
torch-eager	varying	2	28	1197.8	2	torch-2.14.0+cu130
torch-eager	varying	2	29	1540.2	3	torch-2.14.0+cu130
torch-eager	varying	2	30	2270.0	5	torch-2.14.0+cu130
torch-eager	varying	2	31	2620.9	6	torch-2.14.0+cu130
torch-eager	varying	2	32	1189.2	2	torch-2.14.0+cu130
torch-eager	varying	2	33	1540.9	3	torch-2.14.0+cu130
torch-eager	varying	2	34	2264.5	5	torch-2.14.0+cu130
torch-eager	varying	2	35	2606.2	6	torch-2.14.0+cu130
torch-eager	varying	2	36	1208.3	2	torch-2.14.0+cu130
torch-eager	varying	2	37	1555.4	3	torch-2.14.0+cu130
torch-eager	varying	2	38	2241.4	5	torch-2.14.0+cu130
torch-eager	varying	2	39	2633.1	6	torch-2.14.0+cu130
torch-eager	varying	2	40	1205.0	2	torch-2.14.0+cu130
torch-eager	varying	2	41	1552.6	3	torch-2.14.0+cu130
torch-eager	varying	2	42	2255.2	5	torch-2.14.0+cu130
torch-eager	varying	2	43	2628.3	6	torch-2.14.0+cu130
torch-eager	varying	2	44	1201.9	2	torch-2.14.0+cu130
torch-eager	varying	2	45	1569.3	3	torch-2.14.0+cu130
torch-eager	varying	2	46	2251.9	5	torch-2.14.0+cu130
torch-eager	varying	2	47	2629.3	6	torch-2.14.0+cu130
torch-eager	varying	2	48	1188.0	2	torch-2.14.0+cu130
torch-eager	varying	2	49	1573.1	3	torch-2.14.0+cu130
torch-eager	varying	2	50	2237.6	5	torch-2.14.0+cu130
torch-eager	varying	2	51	2604.0	6	torch-2.14.0+cu130
torch-eager	varying	2	52	1208.5	2	torch-2.14.0+cu130
torch-eager	varying	2	53	1541.1	3	torch-2.14.0+cu130
torch-eager	varying	2	54	2237.8	5	torch-2.14.0+cu130
torch-eager	varying	2	55	2613.1	6	torch-2.14.0+cu130
torch-eager	varying	2	56	1179.7	2	torch-2.14.0+cu130
torch-eager	varying	2	57	1512.8	3	torch-2.14.0+cu130
torch-eager	varying	2	58	2245.2	5	torch-2.14.0+cu130
torch-eager	varying	2	59	2593.3	6	torch-2.14.0+cu130
torch-eager	varying	2	60	1180.6	2	torch-2.14.0+cu130
torch-eager	varying	2	61	1547.8	3	torch-2.14.0+cu130
torch-eager	varying	2	62	2270.5	5	torch-2.14.0+cu130
torch-eager	varying	2	63	2602.3	6	torch-2.14.0+cu130
torch-eager	varying	2	64	1183.3	2	torch-2.14.0+cu130
torch-eager	varying	2	65	1526.1	3	torch-2.14.0+cu130
torch-eager	varying	2	66	2274.5	5	torch-2.14.0+cu130
torch-eager	varying	2	67	2635.0	6	torch-2.14.0+cu130
torch-eager	varying	2	68	1204.0	2	torch-2.14.0+cu130
torch-eager	varying	2	69	1529.5	3	torch-2.14.0+cu130
torch-eager	varying	2	70	2237.1	5	torch-2.14.0+cu130
torch-eager	varying	2	71	2619.3	6	torch-2.14.0+cu130
torch-eager	varying	2	72	1203.8	2	torch-2.14.0+cu130
torch-eager	varying	2	73	1579.3	3	torch-2.14.0+cu130
torch-eager	varying	2	74	2234.2	5	torch-2.14.0+cu130
torch-eager	varying	2	75	2626.7	6	torch-2.14.0+cu130
torch-eager	varying	2	76	1178.0	2	torch-2.14.0+cu130
torch-eager	varying	2	77	1539.7	3	torch-2.14.0+cu130
torch-eager	varying	2	78	2244.7	5	torch-2.14.0+cu130
torch-eager	varying	2	79	2609.5	6	torch-2.14.0+cu130
torch-eager	varying	2	80	1175.9	2	torch-2.14.0+cu130
torch-eager	varying	2	81	1556.6	3	torch-2.14.0+cu130
torch-eager	varying	2	82	2244.0	5	torch-2.14.0+cu130
torch-eager	varying	2	83	2624.8	6	torch-2.14.0+cu130
torch-eager	varying	2	84	1201.9	2	torch-2.14.0+cu130
torch-eager	varying	2	85	1535.4	3	torch-2.14.0+cu130
torch-eager	varying	2	86	2239.7	5	torch-2.14.0+cu130
torch-eager	varying	2	87	2589.2	6	torch-2.14.0+cu130
torch-eager	varying	2	88	1212.4	2	torch-2.14.0+cu130
torch-eager	varying	2	89	1555.4	3	torch-2.14.0+cu130
torch-eager	varying	2	90	2261.9	5	torch-2.14.0+cu130
torch-eager	varying	2	91	2605.2	6	torch-2.14.0+cu130
torch-eager	varying	2	92	1188.0	2	torch-2.14.0+cu130
torch-eager	varying	2	93	1565.9	3	torch-2.14.0+cu130
torch-eager	varying	2	94	2270.2	5	torch-2.14.0+cu130
torch-eager	varying	2	95	2582.6	6	torch-2.14.0+cu130
torch-eager	varying	2	96	1205.9	2	torch-2.14.0+cu130
torch-eager	varying	2	97	1519.0	3	torch-2.14.0+cu130
torch-eager	varying	2	98	2239.7	5	torch-2.14.0+cu130
torch-eager	varying	2	99	2615.9	6	torch-2.14.0+cu130
torch-eager	varying	2	100	1194.2	2	torch-2.14.0+cu130
torch-eager	varying	2	101	1557.4	3	torch-2.14.0+cu130
torch-eager	varying	2	102	2262.4	5	torch-2.14.0+cu130
torch-eager	varying	2	103	2623.8	6	torch-2.14.0+cu130
torch-eager	varying	2	104	1183.7	2	torch-2.14.0+cu130
torch-eager	varying	2	105	1534.0	3	torch-2.14.0+cu130
torch-eager	varying	2	106	2255.2	5	torch-2.14.0+cu130
torch-eager	varying	2	107	2631.7	6	torch-2.14.0+cu130
torch-eager	varying	2	108	1184.0	2	torch-2.14.0+cu130
torch-eager	varying	2	109	1582.6	3	torch-2.14.0+cu130
torch-eager	varying	2	110	2252.1	5	torch-2.14.0+cu130
torch-eager	varying	2	111	2610.4	6	torch-2.14.0+cu130
torch-eager	varying	2	112	1194.2	2	torch-2.14.0+cu130
torch-eager	varying	2	113	1560.2	3	torch-2.14.0+cu130
torch-eager	varying	2	114	2266.9	5	torch-2.14.0+cu130
torch-eager	varying	2	115	2626.7	6	torch-2.14.0+cu130
torch-eager	varying	2	116	1170.4	2	torch-2.14.0+cu130
torch-eager	varying	2	117	1545.9	3	torch-2.14.0+cu130
torch-eager	varying	2	118	2234.9	5	torch-2.14.0+cu130
torch-eager	varying	2	119	2604.5	6	torch-2.14.0+cu130
torch-eager	varying	2	120	1192.1	2	torch-2.14.0+cu130
torch-eager	varying	2	121	1539.9	3	torch-2.14.0+cu130
torch-eager	varying	2	122	2253.1	5	torch-2.14.0+cu130
torch-eager	varying	2	123	2611.4	6	torch-2.14.0+cu130
torch-eager	varying	2	124	1182.3	2	torch-2.14.0+cu130
torch-eager	varying	2	125	1560.7	3	torch-2.14.0+cu130
torch-eager	varying	2	126	2270.2	5	torch-2.14.0+cu130
torch-eager	varying	2	127	2609.0	6	torch-2.14.0+cu130
torch-eager	varying	2	128	1233.6	2	torch-2.14.0+cu130
torch-eager	varying	2	129	1546.4	3	torch-2.14.0+cu130
torch-eager	varying	2	130	2254.5	5	torch-2.14.0+cu130
torch-eager	varying	2	131	2595.4	6	torch-2.14.0+cu130
torch-eager	varying	2	132	1198.1	2	torch-2.14.0+cu130
torch-eager	varying	2	133	1543.5	3	torch-2.14.0+cu130
torch-eager	varying	2	134	2260.9	5	torch-2.14.0+cu130
torch-eager	varying	2	135	2603.5	6	torch-2.14.0+cu130
torch-eager	varying	2	136	1201.6	2	torch-2.14.0+cu130
torch-eager	varying	2	137	1533.3	3	torch-2.14.0+cu130
torch-eager	varying	2	138	2250.9	5	torch-2.14.0+cu130
torch-eager	varying	2	139	2588.5	6	torch-2.14.0+cu130
torch-eager	varying	2	140	1174.9	2	torch-2.14.0+cu130
torch-eager	varying	2	141	1554.3	3	torch-2.14.0+cu130
torch-eager	varying	2	142	2240.4	5	torch-2.14.0+cu130
torch-eager	varying	2	143	2630.9	6	torch-2.14.0+cu130
torch-eager	varying	2	144	1183.3	2	torch-2.14.0+cu130
torch-eager	varying	2	145	1576.4	3	torch-2.14.0+cu130
torch-eager	varying	2	146	2219.2	5	torch-2.14.0+cu130
torch-eager	varying	2	147	2548.0	6	torch-2.14.0+cu130
torch-eager	varying	2	148	1171.8	2	torch-2.14.0+cu130
torch-eager	varying	2	149	1518.0	3	torch-2.14.0+cu130
torch-eager	varying	2	150	2230.4	5	torch-2.14.0+cu130
torch-eager	varying	2	151	2551.1	6	torch-2.14.0+cu130
torch-eager	varying	2	152	1177.3	2	torch-2.14.0+cu130
torch-eager	varying	2	153	1545.7	3	torch-2.14.0+cu130
torch-eager	varying	2	154	2254.7	5	torch-2.14.0+cu130
torch-eager	varying	2	155	2550.6	6	torch-2.14.0+cu130
torch-eager	varying	2	156	1178.5	2	torch-2.14.0+cu130
torch-eager	varying	2	157	1522.3	3	torch-2.14.0+cu130
torch-eager	varying	2	158	2214.2	5	torch-2.14.0+cu130
torch-eager	varying	2	159	2567.5	6	torch-2.14.0+cu130
torch-eager	varying	2	160	1159.2	2	torch-2.14.0+cu130
torch-eager	varying	2	161	1543.0	3	torch-2.14.0+cu130
torch-eager	varying	2	162	2202.0	5	torch-2.14.0+cu130
torch-eager	varying	2	163	2553.0	6	torch-2.14.0+cu130
torch-eager	varying	2	164	1204.7	2	torch-2.14.0+cu130
torch-eager	varying	2	165	1534.7	3	torch-2.14.0+cu130
torch-eager	varying	2	166	2206.3	5	torch-2.14.0+cu130
torch-eager	varying	2	167	2591.8	6	torch-2.14.0+cu130
torch-eager	varying	2	168	1183.3	2	torch-2.14.0+cu130
torch-eager	varying	2	169	1517.8	3	torch-2.14.0+cu130
torch-eager	varying	2	170	2214.7	5	torch-2.14.0+cu130
torch-eager	varying	2	171	2558.0	6	torch-2.14.0+cu130
torch-eager	varying	2	172	1179.2	2	torch-2.14.0+cu130
torch-eager	varying	2	173	1543.3	3	torch-2.14.0+cu130
torch-eager	varying	2	174	2213.5	5	torch-2.14.0+cu130
torch-eager	varying	2	175	2553.0	6	torch-2.14.0+cu130
torch-eager	varying	2	176	1168.0	2	torch-2.14.0+cu130
torch-eager	varying	2	177	1563.5	3	torch-2.14.0+cu130
torch-eager	varying	2	178	2254.7	5	torch-2.14.0+cu130
torch-eager	varying	2	179	2716.8	6	torch-2.14.0+cu130
torch-eager	varying	2	180	1170.2	2	torch-2.14.0+cu130
torch-eager	varying	2	181	1505.6	3	torch-2.14.0+cu130
torch-eager	varying	2	182	2225.9	5	torch-2.14.0+cu130
torch-eager	varying	2	183	2575.9	6	torch-2.14.0+cu130
torch-eager	varying	2	184	1169.7	2	torch-2.14.0+cu130
torch-eager	varying	2	185	1548.1	3	torch-2.14.0+cu130
torch-eager	varying	2	186	2210.1	5	torch-2.14.0+cu130
torch-eager	varying	2	187	2545.8	6	torch-2.14.0+cu130
torch-eager	varying	2	188	1160.1	2	torch-2.14.0+cu130
torch-eager	varying	2	189	1533.7	3	torch-2.14.0+cu130
torch-eager	varying	2	190	2198.0	5	torch-2.14.0+cu130
torch-eager	varying	2	191	2568.7	6	torch-2.14.0+cu130
torch-eager	varying	2	192	1160.4	2	torch-2.14.0+cu130
torch-eager	varying	2	193	1501.6	3	torch-2.14.0+cu130
torch-eager	varying	2	194	2208.7	5	torch-2.14.0+cu130
torch-eager	varying	2	195	2568.2	6	torch-2.14.0+cu130
torch-eager	varying	2	196	1207.1	2	torch-2.14.0+cu130
torch-eager	varying	2	197	1496.1	3	torch-2.14.0+cu130
torch-eager	varying	2	198	2205.4	5	torch-2.14.0+cu130
torch-eager	varying	2	199	2576.6	6	torch-2.14.0+cu130
torch-compile	varying	2	0	745313.6	2	torch-2.14.0+cu130
torch-compile	varying	2	1	1507.3	3	torch-2.14.0+cu130
torch-compile	varying	2	2	1824.9	5	torch-2.14.0+cu130
torch-compile	varying	2	3	2004.4	6	torch-2.14.0+cu130
torch-compile	varying	2	4	1054.5	2	torch-2.14.0+cu130
torch-compile	varying	2	5	1261.7	3	torch-2.14.0+cu130
torch-compile	varying	2	6	1730.7	5	torch-2.14.0+cu130
torch-compile	varying	2	7	1982.9	6	torch-2.14.0+cu130
torch-compile	varying	2	8	1018.3	2	torch-2.14.0+cu130
torch-compile	varying	2	9	1251.9	3	torch-2.14.0+cu130
torch-compile	varying	2	10	1745.2	5	torch-2.14.0+cu130
torch-compile	varying	2	11	1999.1	6	torch-2.14.0+cu130
torch-compile	varying	2	12	1024.0	2	torch-2.14.0+cu130
torch-compile	varying	2	13	1266.5	3	torch-2.14.0+cu130
torch-compile	varying	2	14	1724.5	5	torch-2.14.0+cu130
torch-compile	varying	2	15	1972.2	6	torch-2.14.0+cu130
torch-compile	varying	2	16	1025.2	2	torch-2.14.0+cu130
torch-compile	varying	2	17	1278.6	3	torch-2.14.0+cu130
torch-compile	varying	2	18	1747.6	5	torch-2.14.0+cu130
torch-compile	varying	2	19	1967.0	6	torch-2.14.0+cu130
torch-compile	varying	2	20	1051.7	2	torch-2.14.0+cu130
torch-compile	varying	2	21	1251.0	3	torch-2.14.0+cu130
torch-compile	varying	2	22	1740.7	5	torch-2.14.0+cu130
torch-compile	varying	2	23	1982.5	6	torch-2.14.0+cu130
torch-compile	varying	2	24	1023.5	2	torch-2.14.0+cu130
torch-compile	varying	2	25	1301.3	3	torch-2.14.0+cu130
torch-compile	varying	2	26	1737.8	5	torch-2.14.0+cu130
torch-compile	varying	2	27	1995.6	6	torch-2.14.0+cu130
torch-compile	varying	2	28	1034.0	2	torch-2.14.0+cu130
torch-compile	varying	2	29	1247.4	3	torch-2.14.0+cu130
torch-compile	varying	2	30	1725.9	5	torch-2.14.0+cu130
torch-compile	varying	2	31	1964.8	6	torch-2.14.0+cu130
torch-compile	varying	2	32	1013.8	2	torch-2.14.0+cu130
torch-compile	varying	2	33	1277.7	3	torch-2.14.0+cu130
torch-compile	varying	2	34	1724.0	5	torch-2.14.0+cu130
torch-compile	varying	2	35	1981.7	6	torch-2.14.0+cu130
torch-compile	varying	2	36	1022.3	2	torch-2.14.0+cu130
torch-compile	varying	2	37	1266.7	3	torch-2.14.0+cu130
torch-compile	varying	2	38	1733.8	5	torch-2.14.0+cu130
torch-compile	varying	2	39	1975.8	6	torch-2.14.0+cu130
torch-compile	varying	2	40	1018.8	2	torch-2.14.0+cu130
torch-compile	varying	2	41	1247.9	3	torch-2.14.0+cu130
torch-compile	varying	2	42	1739.0	5	torch-2.14.0+cu130
torch-compile	varying	2	43	1964.1	6	torch-2.14.0+cu130
torch-compile	varying	2	44	1001.1	2	torch-2.14.0+cu130
torch-compile	varying	2	45	1258.4	3	torch-2.14.0+cu130
torch-compile	varying	2	46	1735.7	5	torch-2.14.0+cu130
torch-compile	varying	2	47	1986.0	6	torch-2.14.0+cu130
torch-compile	varying	2	48	1032.6	2	torch-2.14.0+cu130
torch-compile	varying	2	49	1247.9	3	torch-2.14.0+cu130
torch-compile	varying	2	50	1737.1	5	torch-2.14.0+cu130
torch-compile	varying	2	51	1969.6	6	torch-2.14.0+cu130
torch-compile	varying	2	52	1035.2	2	torch-2.14.0+cu130
torch-compile	varying	2	53	1255.8	3	torch-2.14.0+cu130
torch-compile	varying	2	54	1750.2	5	torch-2.14.0+cu130
torch-compile	varying	2	55	1997.0	6	torch-2.14.0+cu130
torch-compile	varying	2	56	1004.9	2	torch-2.14.0+cu130
torch-compile	varying	2	57	1304.1	3	torch-2.14.0+cu130
torch-compile	varying	2	58	1741.4	5	torch-2.14.0+cu130
torch-compile	varying	2	59	2032.8	6	torch-2.14.0+cu130
torch-compile	varying	2	60	1027.3	2	torch-2.14.0+cu130
torch-compile	varying	2	61	1254.1	3	torch-2.14.0+cu130
torch-compile	varying	2	62	1731.4	5	torch-2.14.0+cu130
torch-compile	varying	2	63	1940.3	6	torch-2.14.0+cu130
torch-compile	varying	2	64	1011.8	2	torch-2.14.0+cu130
torch-compile	varying	2	65	1264.6	3	torch-2.14.0+cu130
torch-compile	varying	2	66	1723.5	5	torch-2.14.0+cu130
torch-compile	varying	2	67	1961.2	6	torch-2.14.0+cu130
torch-compile	varying	2	68	1031.4	2	torch-2.14.0+cu130
torch-compile	varying	2	69	1243.8	3	torch-2.14.0+cu130
torch-compile	varying	2	70	1730.4	5	torch-2.14.0+cu130
torch-compile	varying	2	71	1949.1	6	torch-2.14.0+cu130
torch-compile	varying	2	72	1005.4	2	torch-2.14.0+cu130
torch-compile	varying	2	73	1273.4	3	torch-2.14.0+cu130
torch-compile	varying	2	74	1716.9	5	torch-2.14.0+cu130
torch-compile	varying	2	75	1964.6	6	torch-2.14.0+cu130
torch-compile	varying	2	76	1035.9	2	torch-2.14.0+cu130
torch-compile	varying	2	77	1253.4	3	torch-2.14.0+cu130
torch-compile	varying	2	78	1744.3	5	torch-2.14.0+cu130
torch-compile	varying	2	79	1988.4	6	torch-2.14.0+cu130
torch-compile	varying	2	80	1031.6	2	torch-2.14.0+cu130
torch-compile	varying	2	81	1239.5	3	torch-2.14.0+cu130
torch-compile	varying	2	82	1728.8	5	torch-2.14.0+cu130
torch-compile	varying	2	83	1962.4	6	torch-2.14.0+cu130
torch-compile	varying	2	84	1054.0	2	torch-2.14.0+cu130
torch-compile	varying	2	85	1246.0	3	torch-2.14.0+cu130
torch-compile	varying	2	86	1762.4	5	torch-2.14.0+cu130
torch-compile	varying	2	87	1973.4	6	torch-2.14.0+cu130
torch-compile	varying	2	88	1022.3	2	torch-2.14.0+cu130
torch-compile	varying	2	89	1255.8	3	torch-2.14.0+cu130
torch-compile	varying	2	90	1728.5	5	torch-2.14.0+cu130
torch-compile	varying	2	91	1960.3	6	torch-2.14.0+cu130
torch-compile	varying	2	92	1045.9	2	torch-2.14.0+cu130
torch-compile	varying	2	93	1258.9	3	torch-2.14.0+cu130
torch-compile	varying	2	94	1732.3	5	torch-2.14.0+cu130
torch-compile	varying	2	95	1989.4	6	torch-2.14.0+cu130
torch-compile	varying	2	96	1056.4	2	torch-2.14.0+cu130
torch-compile	varying	2	97	1263.4	3	torch-2.14.0+cu130
torch-compile	varying	2	98	1739.3	5	torch-2.14.0+cu130
torch-compile	varying	2	99	1942.2	6	torch-2.14.0+cu130
torch-compile	varying	2	100	1026.2	2	torch-2.14.0+cu130
torch-compile	varying	2	101	1253.6	3	torch-2.14.0+cu130
torch-compile	varying	2	102	1720.9	5	torch-2.14.0+cu130
torch-compile	varying	2	103	1941.0	6	torch-2.14.0+cu130
torch-compile	varying	2	104	1021.4	2	torch-2.14.0+cu130
torch-compile	varying	2	105	1264.1	3	torch-2.14.0+cu130
torch-compile	varying	2	106	1738.1	5	torch-2.14.0+cu130
torch-compile	varying	2	107	1949.8	6	torch-2.14.0+cu130
torch-compile	varying	2	108	1032.8	2	torch-2.14.0+cu130
torch-compile	varying	2	109	1237.6	3	torch-2.14.0+cu130
torch-compile	varying	2	110	1750.5	5	torch-2.14.0+cu130
torch-compile	varying	2	111	1930.7	6	torch-2.14.0+cu130
torch-compile	varying	2	112	1018.8	2	torch-2.14.0+cu130
torch-compile	varying	2	113	1212.1	3	torch-2.14.0+cu130
torch-compile	varying	2	114	1695.6	5	torch-2.14.0+cu130
torch-compile	varying	2	115	1942.9	6	torch-2.14.0+cu130
torch-compile	varying	2	116	1036.4	2	torch-2.14.0+cu130
torch-compile	varying	2	117	1245.3	3	torch-2.14.0+cu130
torch-compile	varying	2	118	1706.8	5	torch-2.14.0+cu130
torch-compile	varying	2	119	1936.4	6	torch-2.14.0+cu130
torch-compile	varying	2	120	1019.7	2	torch-2.14.0+cu130
torch-compile	varying	2	121	1253.6	3	torch-2.14.0+cu130
torch-compile	varying	2	122	1714.5	5	torch-2.14.0+cu130
torch-compile	varying	2	123	1942.2	6	torch-2.14.0+cu130
torch-compile	varying	2	124	965.1	2	torch-2.14.0+cu130
torch-compile	varying	2	125	1264.1	3	torch-2.14.0+cu130
torch-compile	varying	2	126	1798.9	5	torch-2.14.0+cu130
torch-compile	varying	2	127	1946.2	6	torch-2.14.0+cu130
torch-compile	varying	2	128	985.6	2	torch-2.14.0+cu130
torch-compile	varying	2	129	1217.6	3	torch-2.14.0+cu130
torch-compile	varying	2	130	1711.8	5	torch-2.14.0+cu130
torch-compile	varying	2	131	1940.5	6	torch-2.14.0+cu130
torch-compile	varying	2	132	1001.4	2	torch-2.14.0+cu130
torch-compile	varying	2	133	1264.6	3	torch-2.14.0+cu130
torch-compile	varying	2	134	1710.4	5	torch-2.14.0+cu130
torch-compile	varying	2	135	1935.0	6	torch-2.14.0+cu130
torch-compile	varying	2	136	987.1	2	torch-2.14.0+cu130
torch-compile	varying	2	137	1218.3	3	torch-2.14.0+cu130
torch-compile	varying	2	138	1702.3	5	torch-2.14.0+cu130
torch-compile	varying	2	139	2032.0	6	torch-2.14.0+cu130
torch-compile	varying	2	140	990.9	2	torch-2.14.0+cu130
torch-compile	varying	2	141	1236.2	3	torch-2.14.0+cu130
torch-compile	varying	2	142	1712.3	5	torch-2.14.0+cu130
torch-compile	varying	2	143	1956.0	6	torch-2.14.0+cu130
torch-compile	varying	2	144	1018.5	2	torch-2.14.0+cu130
torch-compile	varying	2	145	1228.3	3	torch-2.14.0+cu130
torch-compile	varying	2	146	1699.0	5	torch-2.14.0+cu130
torch-compile	varying	2	147	1929.5	6	torch-2.14.0+cu130
torch-compile	varying	2	148	1006.8	2	torch-2.14.0+cu130
torch-compile	varying	2	149	1224.3	3	torch-2.14.0+cu130
torch-compile	varying	2	150	1682.5	5	torch-2.14.0+cu130
torch-compile	varying	2	151	1929.0	6	torch-2.14.0+cu130
torch-compile	varying	2	152	1020.9	2	torch-2.14.0+cu130
torch-compile	varying	2	153	1220.9	3	torch-2.14.0+cu130
torch-compile	varying	2	154	1700.2	5	torch-2.14.0+cu130
torch-compile	varying	2	155	1933.6	6	torch-2.14.0+cu130
torch-compile	varying	2	156	978.2	2	torch-2.14.0+cu130
torch-compile	varying	2	157	1231.0	3	torch-2.14.0+cu130
torch-compile	varying	2	158	1689.4	5	torch-2.14.0+cu130
torch-compile	varying	2	159	1958.4	6	torch-2.14.0+cu130
torch-compile	varying	2	160	1017.6	2	torch-2.14.0+cu130
torch-compile	varying	2	161	1244.8	3	torch-2.14.0+cu130
torch-compile	varying	2	162	1689.9	5	torch-2.14.0+cu130
torch-compile	varying	2	163	1941.0	6	torch-2.14.0+cu130
torch-compile	varying	2	164	999.7	2	torch-2.14.0+cu130
torch-compile	varying	2	165	1233.1	3	torch-2.14.0+cu130
torch-compile	varying	2	166	1685.1	5	torch-2.14.0+cu130
torch-compile	varying	2	167	1935.0	6	torch-2.14.0+cu130
torch-compile	varying	2	168	999.0	2	torch-2.14.0+cu130
torch-compile	varying	2	169	1231.7	3	torch-2.14.0+cu130
torch-compile	varying	2	170	1735.4	5	torch-2.14.0+cu130
torch-compile	varying	2	171	1935.7	6	torch-2.14.0+cu130
torch-compile	varying	2	172	999.5	2	torch-2.14.0+cu130
torch-compile	varying	2	173	1233.6	3	torch-2.14.0+cu130
torch-compile	varying	2	174	1670.1	5	torch-2.14.0+cu130
torch-compile	varying	2	175	1914.3	6	torch-2.14.0+cu130
torch-compile	varying	2	176	1000.2	2	torch-2.14.0+cu130
torch-compile	varying	2	177	1222.1	3	torch-2.14.0+cu130
torch-compile	varying	2	178	1716.9	5	torch-2.14.0+cu130
torch-compile	varying	2	179	1940.3	6	torch-2.14.0+cu130
torch-compile	varying	2	180	1011.1	2	torch-2.14.0+cu130
torch-compile	varying	2	181	1269.1	3	torch-2.14.0+cu130
torch-compile	varying	2	182	1689.0	5	torch-2.14.0+cu130
torch-compile	varying	2	183	1945.7	6	torch-2.14.0+cu130
torch-compile	varying	2	184	1014.2	2	torch-2.14.0+cu130
torch-compile	varying	2	185	1232.4	3	torch-2.14.0+cu130
torch-compile	varying	2	186	1684.4	5	torch-2.14.0+cu130
torch-compile	varying	2	187	1935.2	6	torch-2.14.0+cu130
torch-compile	varying	2	188	996.8	2	torch-2.14.0+cu130
torch-compile	varying	2	189	1241.0	3	torch-2.14.0+cu130
torch-compile	varying	2	190	1715.2	5	torch-2.14.0+cu130
torch-compile	varying	2	191	1953.4	6	torch-2.14.0+cu130
torch-compile	varying	2	192	986.3	2	torch-2.14.0+cu130
torch-compile	varying	2	193	1254.1	3	torch-2.14.0+cu130
torch-compile	varying	2	194	1727.1	5	torch-2.14.0+cu130
torch-compile	varying	2	195	2029.7	6	torch-2.14.0+cu130
torch-compile	varying	2	196	1035.7	2	torch-2.14.0+cu130
torch-compile	varying	2	197	1224.0	3	torch-2.14.0+cu130
torch-compile	varying	2	198	1774.5	5	torch-2.14.0+cu130
torch-compile	varying	2	199	1951.5	6	torch-2.14.0+cu130
torch-compile-ro	varying	2	0	753615.1	2	torch-2.14.0+cu130
torch-compile-ro	varying	2	1	43176.7	3	torch-2.14.0+cu130
torch-compile-ro	varying	2	2	12528.7	5	torch-2.14.0+cu130
torch-compile-ro	varying	2	3	9105.9	6	torch-2.14.0+cu130
torch-compile-ro	varying	2	4	4413.6	2	torch-2.14.0+cu130
torch-compile-ro	varying	2	5	1290.3	3	torch-2.14.0+cu130
torch-compile-ro	varying	2	6	1704.0	5	torch-2.14.0+cu130
torch-compile-ro	varying	2	7	1900.2	6	torch-2.14.0+cu130
torch-compile-ro	varying	2	8	1010.9	2	torch-2.14.0+cu130
torch-compile-ro	varying	2	9	1242.9	3	torch-2.14.0+cu130
torch-compile-ro	varying	2	10	1657.2	5	torch-2.14.0+cu130
torch-compile-ro	varying	2	11	1904.2	6	torch-2.14.0+cu130
torch-compile-ro	varying	2	12	993.3	2	torch-2.14.0+cu130
torch-compile-ro	varying	2	13	1222.1	3	torch-2.14.0+cu130
torch-compile-ro	varying	2	14	1673.2	5	torch-2.14.0+cu130
torch-compile-ro	varying	2	15	1887.3	6	torch-2.14.0+cu130
torch-compile-ro	varying	2	16	992.5	2	torch-2.14.0+cu130
torch-compile-ro	varying	2	17	1208.1	3	torch-2.14.0+cu130
torch-compile-ro	varying	2	18	1641.3	5	torch-2.14.0+cu130
torch-compile-ro	varying	2	19	1869.9	6	torch-2.14.0+cu130
torch-compile-ro	varying	2	20	1004.2	2	torch-2.14.0+cu130
torch-compile-ro	varying	2	21	1232.6	3	torch-2.14.0+cu130
torch-compile-ro	varying	2	22	1683.2	5	torch-2.14.0+cu130
torch-compile-ro	varying	2	23	1884.2	6	torch-2.14.0+cu130
torch-compile-ro	varying	2	24	982.3	2	torch-2.14.0+cu130
torch-compile-ro	varying	2	25	1215.7	3	torch-2.14.0+cu130
torch-compile-ro	varying	2	26	1662.5	5	torch-2.14.0+cu130
torch-compile-ro	varying	2	27	1875.2	6	torch-2.14.0+cu130
torch-compile-ro	varying	2	28	1018.0	2	torch-2.14.0+cu130
torch-compile-ro	varying	2	29	1199.0	3	torch-2.14.0+cu130
torch-compile-ro	varying	2	30	1659.9	5	torch-2.14.0+cu130
torch-compile-ro	varying	2	31	1855.6	6	torch-2.14.0+cu130
torch-compile-ro	varying	2	32	999.2	2	torch-2.14.0+cu130
torch-compile-ro	varying	2	33	1221.7	3	torch-2.14.0+cu130
torch-compile-ro	varying	2	34	1645.6	5	torch-2.14.0+cu130
torch-compile-ro	varying	2	35	1847.0	6	torch-2.14.0+cu130
torch-compile-ro	varying	2	36	978.0	2	torch-2.14.0+cu130
torch-compile-ro	varying	2	37	1207.8	3	torch-2.14.0+cu130
torch-compile-ro	varying	2	38	1642.0	5	torch-2.14.0+cu130
torch-compile-ro	varying	2	39	1888.0	6	torch-2.14.0+cu130
torch-compile-ro	varying	2	40	1001.8	2	torch-2.14.0+cu130
torch-compile-ro	varying	2	41	1228.6	3	torch-2.14.0+cu130
torch-compile-ro	varying	2	42	1665.4	5	torch-2.14.0+cu130
torch-compile-ro	varying	2	43	1859.9	6	torch-2.14.0+cu130
torch-compile-ro	varying	2	44	992.5	2	torch-2.14.0+cu130
torch-compile-ro	varying	2	45	1209.7	3	torch-2.14.0+cu130
torch-compile-ro	varying	2	46	1648.2	5	torch-2.14.0+cu130
torch-compile-ro	varying	2	47	1872.8	6	torch-2.14.0+cu130
torch-compile-ro	varying	2	48	994.0	2	torch-2.14.0+cu130
torch-compile-ro	varying	2	49	1213.1	3	torch-2.14.0+cu130
torch-compile-ro	varying	2	50	1633.4	5	torch-2.14.0+cu130
torch-compile-ro	varying	2	51	1848.5	6	torch-2.14.0+cu130
torch-compile-ro	varying	2	52	1007.3	2	torch-2.14.0+cu130
torch-compile-ro	varying	2	53	1198.1	3	torch-2.14.0+cu130
torch-compile-ro	varying	2	54	1676.8	5	torch-2.14.0+cu130
torch-compile-ro	varying	2	55	1862.3	6	torch-2.14.0+cu130
torch-compile-ro	varying	2	56	979.2	2	torch-2.14.0+cu130
torch-compile-ro	varying	2	57	1197.8	3	torch-2.14.0+cu130
torch-compile-ro	varying	2	58	1647.5	5	torch-2.14.0+cu130
torch-compile-ro	varying	2	59	1868.7	6	torch-2.14.0+cu130
torch-compile-ro	varying	2	60	968.5	2	torch-2.14.0+cu130
torch-compile-ro	varying	2	61	1208.3	3	torch-2.14.0+cu130
torch-compile-ro	varying	2	62	1646.8	5	torch-2.14.0+cu130
torch-compile-ro	varying	2	63	1879.7	6	torch-2.14.0+cu130
torch-compile-ro	varying	2	64	975.4	2	torch-2.14.0+cu130
torch-compile-ro	varying	2	65	1209.0	3	torch-2.14.0+cu130
torch-compile-ro	varying	2	66	1642.5	5	torch-2.14.0+cu130
torch-compile-ro	varying	2	67	1900.9	6	torch-2.14.0+cu130
torch-compile-ro	varying	2	68	977.5	2	torch-2.14.0+cu130
torch-compile-ro	varying	2	69	1205.0	3	torch-2.14.0+cu130
torch-compile-ro	varying	2	70	1620.1	5	torch-2.14.0+cu130
torch-compile-ro	varying	2	71	1909.3	6	torch-2.14.0+cu130
torch-compile-ro	varying	2	72	985.6	2	torch-2.14.0+cu130
torch-compile-ro	varying	2	73	1224.0	3	torch-2.14.0+cu130
torch-compile-ro	varying	2	74	1631.3	5	torch-2.14.0+cu130
torch-compile-ro	varying	2	75	1905.7	6	torch-2.14.0+cu130
torch-compile-ro	varying	2	76	999.0	2	torch-2.14.0+cu130
torch-compile-ro	varying	2	77	1196.4	3	torch-2.14.0+cu130
torch-compile-ro	varying	2	78	1630.8	5	torch-2.14.0+cu130
torch-compile-ro	varying	2	79	1854.7	6	torch-2.14.0+cu130
torch-compile-ro	varying	2	80	1003.7	2	torch-2.14.0+cu130
torch-compile-ro	varying	2	81	1206.4	3	torch-2.14.0+cu130
torch-compile-ro	varying	2	82	1646.8	5	torch-2.14.0+cu130
torch-compile-ro	varying	2	83	1856.6	6	torch-2.14.0+cu130
torch-compile-ro	varying	2	84	990.4	2	torch-2.14.0+cu130
torch-compile-ro	varying	2	85	1201.9	3	torch-2.14.0+cu130
torch-compile-ro	varying	2	86	1657.0	5	torch-2.14.0+cu130
torch-compile-ro	varying	2	87	1892.3	6	torch-2.14.0+cu130
torch-compile-ro	varying	2	88	978.5	2	torch-2.14.0+cu130
torch-compile-ro	varying	2	89	1236.0	3	torch-2.14.0+cu130
torch-compile-ro	varying	2	90	1632.0	5	torch-2.14.0+cu130
torch-compile-ro	varying	2	91	1856.8	6	torch-2.14.0+cu130
torch-compile-ro	varying	2	92	979.9	2	torch-2.14.0+cu130
torch-compile-ro	varying	2	93	1201.2	3	torch-2.14.0+cu130
torch-compile-ro	varying	2	94	1647.9	5	torch-2.14.0+cu130
torch-compile-ro	varying	2	95	1855.9	6	torch-2.14.0+cu130
torch-compile-ro	varying	2	96	997.3	2	torch-2.14.0+cu130
torch-compile-ro	varying	2	97	1193.0	3	torch-2.14.0+cu130
torch-compile-ro	varying	2	98	1653.7	5	torch-2.14.0+cu130
torch-compile-ro	varying	2	99	1873.3	6	torch-2.14.0+cu130
torch-compile-ro	varying	2	100	1000.4	2	torch-2.14.0+cu130
torch-compile-ro	varying	2	101	1210.7	3	torch-2.14.0+cu130
torch-compile-ro	varying	2	102	1653.7	5	torch-2.14.0+cu130
torch-compile-ro	varying	2	103	1853.7	6	torch-2.14.0+cu130
torch-compile-ro	varying	2	104	1007.8	2	torch-2.14.0+cu130
torch-compile-ro	varying	2	105	1210.5	3	torch-2.14.0+cu130
torch-compile-ro	varying	2	106	1664.6	5	torch-2.14.0+cu130
torch-compile-ro	varying	2	107	1860.1	6	torch-2.14.0+cu130
torch-compile-ro	varying	2	108	962.7	2	torch-2.14.0+cu130
torch-compile-ro	varying	2	109	1239.1	3	torch-2.14.0+cu130
torch-compile-ro	varying	2	110	1652.7	5	torch-2.14.0+cu130
torch-compile-ro	varying	2	111	1847.5	6	torch-2.14.0+cu130
torch-compile-ro	varying	2	112	980.6	2	torch-2.14.0+cu130
torch-compile-ro	varying	2	113	1247.6	3	torch-2.14.0+cu130
torch-compile-ro	varying	2	114	1626.5	5	torch-2.14.0+cu130
torch-compile-ro	varying	2	115	1864.0	6	torch-2.14.0+cu130
torch-compile-ro	varying	2	116	989.4	2	torch-2.14.0+cu130
torch-compile-ro	varying	2	117	1215.0	3	torch-2.14.0+cu130
torch-compile-ro	varying	2	118	1643.7	5	torch-2.14.0+cu130
torch-compile-ro	varying	2	119	1853.2	6	torch-2.14.0+cu130
torch-compile-ro	varying	2	120	979.2	2	torch-2.14.0+cu130
torch-compile-ro	varying	2	121	1197.6	3	torch-2.14.0+cu130
torch-compile-ro	varying	2	122	1629.1	5	torch-2.14.0+cu130
torch-compile-ro	varying	2	123	1868.2	6	torch-2.14.0+cu130
torch-compile-ro	varying	2	124	999.9	2	torch-2.14.0+cu130
torch-compile-ro	varying	2	125	1246.5	3	torch-2.14.0+cu130
torch-compile-ro	varying	2	126	1637.7	5	torch-2.14.0+cu130
torch-compile-ro	varying	2	127	1843.9	6	torch-2.14.0+cu130
torch-compile-ro	varying	2	128	995.9	2	torch-2.14.0+cu130
torch-compile-ro	varying	2	129	1214.5	3	torch-2.14.0+cu130
torch-compile-ro	varying	2	130	1635.8	5	torch-2.14.0+cu130
torch-compile-ro	varying	2	131	1889.2	6	torch-2.14.0+cu130
torch-compile-ro	varying	2	132	984.2	2	torch-2.14.0+cu130
torch-compile-ro	varying	2	133	1195.2	3	torch-2.14.0+cu130
torch-compile-ro	varying	2	134	1676.8	5	torch-2.14.0+cu130
torch-compile-ro	varying	2	135	1868.5	6	torch-2.14.0+cu130
torch-compile-ro	varying	2	136	993.0	2	torch-2.14.0+cu130
torch-compile-ro	varying	2	137	1204.3	3	torch-2.14.0+cu130
torch-compile-ro	varying	2	138	1659.4	5	torch-2.14.0+cu130
torch-compile-ro	varying	2	139	1865.6	6	torch-2.14.0+cu130
torch-compile-ro	varying	2	140	986.6	2	torch-2.14.0+cu130
torch-compile-ro	varying	2	141	1201.6	3	torch-2.14.0+cu130
torch-compile-ro	varying	2	142	1641.8	5	torch-2.14.0+cu130
torch-compile-ro	varying	2	143	1863.0	6	torch-2.14.0+cu130
torch-compile-ro	varying	2	144	974.4	2	torch-2.14.0+cu130
torch-compile-ro	varying	2	145	1198.8	3	torch-2.14.0+cu130
torch-compile-ro	varying	2	146	1629.1	5	torch-2.14.0+cu130
torch-compile-ro	varying	2	147	1844.9	6	torch-2.14.0+cu130
torch-compile-ro	varying	2	148	983.0	2	torch-2.14.0+cu130
torch-compile-ro	varying	2	149	1221.9	3	torch-2.14.0+cu130
torch-compile-ro	varying	2	150	1658.4	5	torch-2.14.0+cu130
torch-compile-ro	varying	2	151	1859.2	6	torch-2.14.0+cu130
torch-compile-ro	varying	2	152	1010.7	2	torch-2.14.0+cu130
torch-compile-ro	varying	2	153	1228.3	3	torch-2.14.0+cu130
torch-compile-ro	varying	2	154	1636.5	5	torch-2.14.0+cu130
torch-compile-ro	varying	2	155	1856.3	6	torch-2.14.0+cu130
torch-compile-ro	varying	2	156	988.0	2	torch-2.14.0+cu130
torch-compile-ro	varying	2	157	1221.4	3	torch-2.14.0+cu130
torch-compile-ro	varying	2	158	1633.6	5	torch-2.14.0+cu130
torch-compile-ro	varying	2	159	1869.7	6	torch-2.14.0+cu130
torch-compile-ro	varying	2	160	1028.1	2	torch-2.14.0+cu130
torch-compile-ro	varying	2	161	1215.2	3	torch-2.14.0+cu130
torch-compile-ro	varying	2	162	1617.2	5	torch-2.14.0+cu130
torch-compile-ro	varying	2	163	1807.9	6	torch-2.14.0+cu130
torch-compile-ro	varying	2	164	968.0	2	torch-2.14.0+cu130
torch-compile-ro	varying	2	165	1184.5	3	torch-2.14.0+cu130
torch-compile-ro	varying	2	166	1637.5	5	torch-2.14.0+cu130
torch-compile-ro	varying	2	167	1815.3	6	torch-2.14.0+cu130
torch-compile-ro	varying	2	168	972.7	2	torch-2.14.0+cu130
torch-compile-ro	varying	2	169	1178.5	3	torch-2.14.0+cu130
torch-compile-ro	varying	2	170	1607.4	5	torch-2.14.0+cu130
torch-compile-ro	varying	2	171	1834.2	6	torch-2.14.0+cu130
torch-compile-ro	varying	2	172	972.7	2	torch-2.14.0+cu130
torch-compile-ro	varying	2	173	1169.9	3	torch-2.14.0+cu130
torch-compile-ro	varying	2	174	1659.9	5	torch-2.14.0+cu130
torch-compile-ro	varying	2	175	1801.3	6	torch-2.14.0+cu130
torch-compile-ro	varying	2	176	984.2	2	torch-2.14.0+cu130
torch-compile-ro	varying	2	177	1176.6	3	torch-2.14.0+cu130
torch-compile-ro	varying	2	178	1645.6	5	torch-2.14.0+cu130
torch-compile-ro	varying	2	179	1810.6	6	torch-2.14.0+cu130
torch-compile-ro	varying	2	180	962.0	2	torch-2.14.0+cu130
torch-compile-ro	varying	2	181	1202.3	3	torch-2.14.0+cu130
torch-compile-ro	varying	2	182	1688.2	5	torch-2.14.0+cu130
torch-compile-ro	varying	2	183	1828.7	6	torch-2.14.0+cu130
torch-compile-ro	varying	2	184	981.6	2	torch-2.14.0+cu130
torch-compile-ro	varying	2	185	1184.2	3	torch-2.14.0+cu130
torch-compile-ro	varying	2	186	1616.0	5	torch-2.14.0+cu130
torch-compile-ro	varying	2	187	1801.3	6	torch-2.14.0+cu130
torch-compile-ro	varying	2	188	955.6	2	torch-2.14.0+cu130
torch-compile-ro	varying	2	189	1203.3	3	torch-2.14.0+cu130
torch-compile-ro	varying	2	190	1638.7	5	torch-2.14.0+cu130
torch-compile-ro	varying	2	191	1811.3	6	torch-2.14.0+cu130
torch-compile-ro	varying	2	192	972.3	2	torch-2.14.0+cu130
torch-compile-ro	varying	2	193	1172.8	3	torch-2.14.0+cu130
torch-compile-ro	varying	2	194	1602.9	5	torch-2.14.0+cu130
torch-compile-ro	varying	2	195	1791.2	6	torch-2.14.0+cu130
torch-compile-ro	varying	2	196	992.8	2	torch-2.14.0+cu130
torch-compile-ro	varying	2	197	1190.9	3	torch-2.14.0+cu130
torch-compile-ro	varying	2	198	1705.6	5	torch-2.14.0+cu130
torch-compile-ro	varying	2	199	1816.0	6	torch-2.14.0+cu130
torch-compile-mat	varying	2	0	855154.0	2	torch-2.14.0+cu130
torch-compile-mat	varying	2	1	42246.1	3	torch-2.14.0+cu130
torch-compile-mat	varying	2	2	12075.2	5	torch-2.14.0+cu130
torch-compile-mat	varying	2	3	9250.6	6	torch-2.14.0+cu130
torch-compile-mat	varying	2	4	4369.3	2	torch-2.14.0+cu130
torch-compile-mat	varying	2	5	1256.0	3	torch-2.14.0+cu130
torch-compile-mat	varying	2	6	1637.7	5	torch-2.14.0+cu130
torch-compile-mat	varying	2	7	1804.6	6	torch-2.14.0+cu130
torch-compile-mat	varying	2	8	1012.8	2	torch-2.14.0+cu130
torch-compile-mat	varying	2	9	1175.9	3	torch-2.14.0+cu130
torch-compile-mat	varying	2	10	1585.2	5	torch-2.14.0+cu130
torch-compile-mat	varying	2	11	1813.4	6	torch-2.14.0+cu130
torch-compile-mat	varying	2	12	1038.1	2	torch-2.14.0+cu130
torch-compile-mat	varying	2	13	1187.8	3	torch-2.14.0+cu130
torch-compile-mat	varying	2	14	1602.2	5	torch-2.14.0+cu130
torch-compile-mat	varying	2	15	1801.7	6	torch-2.14.0+cu130
torch-compile-mat	varying	2	16	974.9	2	torch-2.14.0+cu130
torch-compile-mat	varying	2	17	1159.0	3	torch-2.14.0+cu130
torch-compile-mat	varying	2	18	1555.0	5	torch-2.14.0+cu130
torch-compile-mat	varying	2	19	1803.4	6	torch-2.14.0+cu130
torch-compile-mat	varying	2	20	978.7	2	torch-2.14.0+cu130
torch-compile-mat	varying	2	21	1167.8	3	torch-2.14.0+cu130
torch-compile-mat	varying	2	22	1566.4	5	torch-2.14.0+cu130
torch-compile-mat	varying	2	23	1842.0	6	torch-2.14.0+cu130
torch-compile-mat	varying	2	24	995.2	2	torch-2.14.0+cu130
torch-compile-mat	varying	2	25	1174.4	3	torch-2.14.0+cu130
torch-compile-mat	varying	2	26	1611.0	5	torch-2.14.0+cu130
torch-compile-mat	varying	2	27	1786.5	6	torch-2.14.0+cu130
torch-compile-mat	varying	2	28	951.1	2	torch-2.14.0+cu130
torch-compile-mat	varying	2	29	1164.7	3	torch-2.14.0+cu130
torch-compile-mat	varying	2	30	1582.6	5	torch-2.14.0+cu130
torch-compile-mat	varying	2	31	1787.9	6	torch-2.14.0+cu130
torch-compile-mat	varying	2	32	945.1	2	torch-2.14.0+cu130
torch-compile-mat	varying	2	33	1163.5	3	torch-2.14.0+cu130
torch-compile-mat	varying	2	34	1599.3	5	torch-2.14.0+cu130
torch-compile-mat	varying	2	35	1795.1	6	torch-2.14.0+cu130
torch-compile-mat	varying	2	36	993.7	2	torch-2.14.0+cu130
torch-compile-mat	varying	2	37	1159.9	3	torch-2.14.0+cu130
torch-compile-mat	varying	2	38	1568.8	5	torch-2.14.0+cu130
torch-compile-mat	varying	2	39	1775.3	6	torch-2.14.0+cu130
torch-compile-mat	varying	2	40	992.8	2	torch-2.14.0+cu130
torch-compile-mat	varying	2	41	1165.2	3	torch-2.14.0+cu130
torch-compile-mat	varying	2	42	1567.8	5	torch-2.14.0+cu130
torch-compile-mat	varying	2	43	1759.1	6	torch-2.14.0+cu130
torch-compile-mat	varying	2	44	963.7	2	torch-2.14.0+cu130
torch-compile-mat	varying	2	45	1153.7	3	torch-2.14.0+cu130
torch-compile-mat	varying	2	46	1558.8	5	torch-2.14.0+cu130
torch-compile-mat	varying	2	47	1761.2	6	torch-2.14.0+cu130
torch-compile-mat	varying	2	48	1037.6	2	torch-2.14.0+cu130
torch-compile-mat	varying	2	49	1187.8	3	torch-2.14.0+cu130
torch-compile-mat	varying	2	50	1604.6	5	torch-2.14.0+cu130
torch-compile-mat	varying	2	51	1772.6	6	torch-2.14.0+cu130
torch-compile-mat	varying	2	52	949.4	2	torch-2.14.0+cu130
torch-compile-mat	varying	2	53	1149.4	3	torch-2.14.0+cu130
torch-compile-mat	varying	2	54	1579.5	5	torch-2.14.0+cu130
torch-compile-mat	varying	2	55	1774.5	6	torch-2.14.0+cu130
torch-compile-mat	varying	2	56	948.7	2	torch-2.14.0+cu130
torch-compile-mat	varying	2	57	1209.5	3	torch-2.14.0+cu130
torch-compile-mat	varying	2	58	1585.7	5	torch-2.14.0+cu130
torch-compile-mat	varying	2	59	1762.6	6	torch-2.14.0+cu130
torch-compile-mat	varying	2	60	995.9	2	torch-2.14.0+cu130
torch-compile-mat	varying	2	61	1214.0	3	torch-2.14.0+cu130
torch-compile-mat	varying	2	62	1627.2	5	torch-2.14.0+cu130
torch-compile-mat	varying	2	63	1753.3	6	torch-2.14.0+cu130
torch-compile-mat	varying	2	64	975.1	2	torch-2.14.0+cu130
torch-compile-mat	varying	2	65	1220.7	3	torch-2.14.0+cu130
torch-compile-mat	varying	2	66	1543.5	5	torch-2.14.0+cu130
torch-compile-mat	varying	2	67	1760.5	6	torch-2.14.0+cu130
torch-compile-mat	varying	2	68	968.9	2	torch-2.14.0+cu130
torch-compile-mat	varying	2	69	1162.1	3	torch-2.14.0+cu130
torch-compile-mat	varying	2	70	1571.9	5	torch-2.14.0+cu130
torch-compile-mat	varying	2	71	1808.2	6	torch-2.14.0+cu130
torch-compile-mat	varying	2	72	997.5	2	torch-2.14.0+cu130
torch-compile-mat	varying	2	73	1201.9	3	torch-2.14.0+cu130
torch-compile-mat	varying	2	74	1572.4	5	torch-2.14.0+cu130
torch-compile-mat	varying	2	75	1748.3	6	torch-2.14.0+cu130
torch-compile-mat	varying	2	76	1019.5	2	torch-2.14.0+cu130
torch-compile-mat	varying	2	77	1141.1	3	torch-2.14.0+cu130
torch-compile-mat	varying	2	78	1571.7	5	torch-2.14.0+cu130
torch-compile-mat	varying	2	79	1770.3	6	torch-2.14.0+cu130
torch-compile-mat	varying	2	80	941.5	2	torch-2.14.0+cu130
torch-compile-mat	varying	2	81	1175.6	3	torch-2.14.0+cu130
torch-compile-mat	varying	2	82	1554.7	5	torch-2.14.0+cu130
torch-compile-mat	varying	2	83	1771.9	6	torch-2.14.0+cu130
torch-compile-mat	varying	2	84	1010.9	2	torch-2.14.0+cu130
torch-compile-mat	varying	2	85	1171.6	3	torch-2.14.0+cu130
torch-compile-mat	varying	2	86	1590.3	5	torch-2.14.0+cu130
torch-compile-mat	varying	2	87	1816.0	6	torch-2.14.0+cu130
torch-compile-mat	varying	2	88	979.7	2	torch-2.14.0+cu130
torch-compile-mat	varying	2	89	1170.4	3	torch-2.14.0+cu130
torch-compile-mat	varying	2	90	1642.2	5	torch-2.14.0+cu130
torch-compile-mat	varying	2	91	1814.8	6	torch-2.14.0+cu130
torch-compile-mat	varying	2	92	994.4	2	torch-2.14.0+cu130
torch-compile-mat	varying	2	93	1163.2	3	torch-2.14.0+cu130
torch-compile-mat	varying	2	94	1613.1	5	torch-2.14.0+cu130
torch-compile-mat	varying	2	95	1792.0	6	torch-2.14.0+cu130
torch-compile-mat	varying	2	96	1003.5	2	torch-2.14.0+cu130
torch-compile-mat	varying	2	97	1187.1	3	torch-2.14.0+cu130
torch-compile-mat	varying	2	98	1580.0	5	torch-2.14.0+cu130
torch-compile-mat	varying	2	99	1818.4	6	torch-2.14.0+cu130
torch-compile-mat	varying	2	100	991.8	2	torch-2.14.0+cu130
torch-compile-mat	varying	2	101	1195.2	3	torch-2.14.0+cu130
torch-compile-mat	varying	2	102	1621.2	5	torch-2.14.0+cu130
torch-compile-mat	varying	2	103	1780.0	6	torch-2.14.0+cu130
torch-compile-mat	varying	2	104	957.7	2	torch-2.14.0+cu130
torch-compile-mat	varying	2	105	1175.9	3	torch-2.14.0+cu130
torch-compile-mat	varying	2	106	1586.0	5	torch-2.14.0+cu130
torch-compile-mat	varying	2	107	1788.1	6	torch-2.14.0+cu130
torch-compile-mat	varying	2	108	1023.1	2	torch-2.14.0+cu130
torch-compile-mat	varying	2	109	1172.8	3	torch-2.14.0+cu130
torch-compile-mat	varying	2	110	1574.3	5	torch-2.14.0+cu130
torch-compile-mat	varying	2	111	1766.0	6	torch-2.14.0+cu130
torch-compile-mat	varying	2	112	967.0	2	torch-2.14.0+cu130
torch-compile-mat	varying	2	113	1183.7	3	torch-2.14.0+cu130
torch-compile-mat	varying	2	114	1612.4	5	torch-2.14.0+cu130
torch-compile-mat	varying	2	115	1777.6	6	torch-2.14.0+cu130
torch-compile-mat	varying	2	116	972.0	2	torch-2.14.0+cu130
torch-compile-mat	varying	2	117	1190.7	3	torch-2.14.0+cu130
torch-compile-mat	varying	2	118	1587.9	5	torch-2.14.0+cu130
torch-compile-mat	varying	2	119	1779.3	6	torch-2.14.0+cu130
torch-compile-mat	varying	2	120	1002.1	2	torch-2.14.0+cu130
torch-compile-mat	varying	2	121	1231.2	3	torch-2.14.0+cu130
torch-compile-mat	varying	2	122	1618.1	5	torch-2.14.0+cu130
torch-compile-mat	varying	2	123	1790.5	6	torch-2.14.0+cu130
torch-compile-mat	varying	2	124	953.2	2	torch-2.14.0+cu130
torch-compile-mat	varying	2	125	1187.3	3	torch-2.14.0+cu130
torch-compile-mat	varying	2	126	1579.8	5	torch-2.14.0+cu130
torch-compile-mat	varying	2	127	1781.2	6	torch-2.14.0+cu130
torch-compile-mat	varying	2	128	971.8	2	torch-2.14.0+cu130
torch-compile-mat	varying	2	129	1196.4	3	torch-2.14.0+cu130
torch-compile-mat	varying	2	130	1582.4	5	torch-2.14.0+cu130
torch-compile-mat	varying	2	131	1768.1	6	torch-2.14.0+cu130
torch-compile-mat	varying	2	132	1029.0	2	torch-2.14.0+cu130
torch-compile-mat	varying	2	133	1148.0	3	torch-2.14.0+cu130
torch-compile-mat	varying	2	134	1579.3	5	torch-2.14.0+cu130
torch-compile-mat	varying	2	135	1793.9	6	torch-2.14.0+cu130
torch-compile-mat	varying	2	136	1006.1	2	torch-2.14.0+cu130
torch-compile-mat	varying	2	137	1168.7	3	torch-2.14.0+cu130
torch-compile-mat	varying	2	138	1569.3	5	torch-2.14.0+cu130
torch-compile-mat	varying	2	139	1765.0	6	torch-2.14.0+cu130
torch-compile-mat	varying	2	140	997.3	2	torch-2.14.0+cu130
torch-compile-mat	varying	2	141	1193.0	3	torch-2.14.0+cu130
torch-compile-mat	varying	2	142	1575.0	5	torch-2.14.0+cu130
torch-compile-mat	varying	2	143	1788.1	6	torch-2.14.0+cu130
torch-compile-mat	varying	2	144	1011.4	2	torch-2.14.0+cu130
torch-compile-mat	varying	2	145	1175.2	3	torch-2.14.0+cu130
torch-compile-mat	varying	2	146	1580.2	5	torch-2.14.0+cu130
torch-compile-mat	varying	2	147	1769.1	6	torch-2.14.0+cu130
torch-compile-mat	varying	2	148	1033.5	2	torch-2.14.0+cu130
torch-compile-mat	varying	2	149	1191.1	3	torch-2.14.0+cu130
torch-compile-mat	varying	2	150	1590.0	5	torch-2.14.0+cu130
torch-compile-mat	varying	2	151	1769.5	6	torch-2.14.0+cu130
torch-compile-mat	varying	2	152	964.6	2	torch-2.14.0+cu130
torch-compile-mat	varying	2	153	1176.4	3	torch-2.14.0+cu130
torch-compile-mat	varying	2	154	1562.6	5	torch-2.14.0+cu130
torch-compile-mat	varying	2	155	1725.0	6	torch-2.14.0+cu130
torch-compile-mat	varying	2	156	1009.2	2	torch-2.14.0+cu130
torch-compile-mat	varying	2	157	1185.7	3	torch-2.14.0+cu130
torch-compile-mat	varying	2	158	1624.8	5	torch-2.14.0+cu130
torch-compile-mat	varying	2	159	1783.6	6	torch-2.14.0+cu130
torch-compile-mat	varying	2	160	941.8	2	torch-2.14.0+cu130
torch-compile-mat	varying	2	161	1151.8	3	torch-2.14.0+cu130
torch-compile-mat	varying	2	162	1528.7	5	torch-2.14.0+cu130
torch-compile-mat	varying	2	163	1744.0	6	torch-2.14.0+cu130
torch-compile-mat	varying	2	164	945.3	2	torch-2.14.0+cu130
torch-compile-mat	varying	2	165	1136.1	3	torch-2.14.0+cu130
torch-compile-mat	varying	2	166	1572.4	5	torch-2.14.0+cu130
torch-compile-mat	varying	2	167	1717.6	6	torch-2.14.0+cu130
torch-compile-mat	varying	2	168	1026.6	2	torch-2.14.0+cu130
torch-compile-mat	varying	2	169	1145.1	3	torch-2.14.0+cu130
torch-compile-mat	varying	2	170	1540.4	5	torch-2.14.0+cu130
torch-compile-mat	varying	2	171	1712.6	6	torch-2.14.0+cu130
torch-compile-mat	varying	2	172	964.4	2	torch-2.14.0+cu130
torch-compile-mat	varying	2	173	1137.7	3	torch-2.14.0+cu130
torch-compile-mat	varying	2	174	1633.4	5	torch-2.14.0+cu130
torch-compile-mat	varying	2	175	1773.1	6	torch-2.14.0+cu130
torch-compile-mat	varying	2	176	968.2	2	torch-2.14.0+cu130
torch-compile-mat	varying	2	177	1152.5	3	torch-2.14.0+cu130
torch-compile-mat	varying	2	178	1545.0	5	torch-2.14.0+cu130
torch-compile-mat	varying	2	179	1736.9	6	torch-2.14.0+cu130
torch-compile-mat	varying	2	180	997.5	2	torch-2.14.0+cu130
torch-compile-mat	varying	2	181	1211.6	3	torch-2.14.0+cu130
torch-compile-mat	varying	2	182	1525.6	5	torch-2.14.0+cu130
torch-compile-mat	varying	2	183	1725.0	6	torch-2.14.0+cu130
torch-compile-mat	varying	2	184	976.1	2	torch-2.14.0+cu130
torch-compile-mat	varying	2	185	1145.6	3	torch-2.14.0+cu130
torch-compile-mat	varying	2	186	1539.2	5	torch-2.14.0+cu130
torch-compile-mat	varying	2	187	1742.6	6	torch-2.14.0+cu130
torch-compile-mat	varying	2	188	996.4	2	torch-2.14.0+cu130
torch-compile-mat	varying	2	189	1143.5	3	torch-2.14.0+cu130
torch-compile-mat	varying	2	190	1547.8	5	torch-2.14.0+cu130
torch-compile-mat	varying	2	191	1733.5	6	torch-2.14.0+cu130
torch-compile-mat	varying	2	192	960.8	2	torch-2.14.0+cu130
torch-compile-mat	varying	2	193	1191.1	3	torch-2.14.0+cu130
torch-compile-mat	varying	2	194	1536.4	5	torch-2.14.0+cu130
torch-compile-mat	varying	2	195	1729.5	6	torch-2.14.0+cu130
torch-compile-mat	varying	2	196	941.0	2	torch-2.14.0+cu130
torch-compile-mat	varying	2	197	1151.3	3	torch-2.14.0+cu130
torch-compile-mat	varying	2	198	1526.4	5	torch-2.14.0+cu130
torch-compile-mat	varying	2	199	1716.4	6	torch-2.14.0+cu130
jax-perlayer	varying	2	0	10966461.2	2	jax-0.11.1
jax-perlayer	varying	2	1	2001.8	3	jax-0.11.1
jax-perlayer	varying	2	2	2286.7	5	jax-0.11.1
jax-perlayer	varying	2	3	2540.8	6	jax-0.11.1
jax-perlayer	varying	2	4	1193.5	2	jax-0.11.1
jax-perlayer	varying	2	5	1523.7	3	jax-0.11.1
jax-perlayer	varying	2	6	1967.2	5	jax-0.11.1
jax-perlayer	varying	2	7	2348.4	6	jax-0.11.1
jax-perlayer	varying	2	8	1109.1	2	jax-0.11.1
jax-perlayer	varying	2	9	1470.8	3	jax-0.11.1
jax-perlayer	varying	2	10	1945.7	5	jax-0.11.1
jax-perlayer	varying	2	11	2323.6	6	jax-0.11.1
jax-perlayer	varying	2	12	1124.1	2	jax-0.11.1
jax-perlayer	varying	2	13	1470.8	3	jax-0.11.1
jax-perlayer	varying	2	14	1968.6	5	jax-0.11.1
jax-perlayer	varying	2	15	2366.3	6	jax-0.11.1
jax-perlayer	varying	2	16	1128.2	2	jax-0.11.1
jax-perlayer	varying	2	17	1474.1	3	jax-0.11.1
jax-perlayer	varying	2	18	1974.8	5	jax-0.11.1
jax-perlayer	varying	2	19	2337.5	6	jax-0.11.1
jax-perlayer	varying	2	20	1143.5	2	jax-0.11.1
jax-perlayer	varying	2	21	1484.9	3	jax-0.11.1
jax-perlayer	varying	2	22	1966.2	5	jax-0.11.1
jax-perlayer	varying	2	23	2347.7	6	jax-0.11.1
jax-perlayer	varying	2	24	1150.8	2	jax-0.11.1
jax-perlayer	varying	2	25	1478.7	3	jax-0.11.1
jax-perlayer	varying	2	26	1968.9	5	jax-0.11.1
jax-perlayer	varying	2	27	2376.8	6	jax-0.11.1
jax-perlayer	varying	2	28	1134.6	2	jax-0.11.1
jax-perlayer	varying	2	29	1446.5	3	jax-0.11.1
jax-perlayer	varying	2	30	1934.5	5	jax-0.11.1
jax-perlayer	varying	2	31	2420.7	6	jax-0.11.1
jax-perlayer	varying	2	32	1118.2	2	jax-0.11.1
jax-perlayer	varying	2	33	1478.0	3	jax-0.11.1
jax-perlayer	varying	2	34	1996.3	5	jax-0.11.1
jax-perlayer	varying	2	35	2421.4	6	jax-0.11.1
jax-perlayer	varying	2	36	1098.9	2	jax-0.11.1
jax-perlayer	varying	2	37	1486.1	3	jax-0.11.1
jax-perlayer	varying	2	38	1975.1	5	jax-0.11.1
jax-perlayer	varying	2	39	2390.9	6	jax-0.11.1
jax-perlayer	varying	2	40	1140.8	2	jax-0.11.1
jax-perlayer	varying	2	41	1451.0	3	jax-0.11.1
jax-perlayer	varying	2	42	1999.6	5	jax-0.11.1
jax-perlayer	varying	2	43	2376.3	6	jax-0.11.1
jax-perlayer	varying	2	44	1128.4	2	jax-0.11.1
jax-perlayer	varying	2	45	1485.1	3	jax-0.11.1
jax-perlayer	varying	2	46	1974.6	5	jax-0.11.1
jax-perlayer	varying	2	47	2394.9	6	jax-0.11.1
jax-perlayer	varying	2	48	1130.6	2	jax-0.11.1
jax-perlayer	varying	2	49	1636.5	3	jax-0.11.1
jax-perlayer	varying	2	50	2139.3	5	jax-0.11.1
jax-perlayer	varying	2	51	2594.5	6	jax-0.11.1
jax-perlayer	varying	2	52	1205.4	2	jax-0.11.1
jax-perlayer	varying	2	53	1610.5	3	jax-0.11.1
jax-perlayer	varying	2	54	2138.4	5	jax-0.11.1
jax-perlayer	varying	2	55	2567.3	6	jax-0.11.1
jax-perlayer	varying	2	56	1141.1	2	jax-0.11.1
jax-perlayer	varying	2	57	1557.8	3	jax-0.11.1
jax-perlayer	varying	2	58	2052.8	5	jax-0.11.1
jax-perlayer	varying	2	59	2358.2	6	jax-0.11.1
jax-perlayer	varying	2	60	1120.6	2	jax-0.11.1
jax-perlayer	varying	2	61	1456.5	3	jax-0.11.1
jax-perlayer	varying	2	62	2086.4	5	jax-0.11.1
jax-perlayer	varying	2	63	2388.2	6	jax-0.11.1
jax-perlayer	varying	2	64	1128.0	2	jax-0.11.1
jax-perlayer	varying	2	65	1447.4	3	jax-0.11.1
jax-perlayer	varying	2	66	1958.6	5	jax-0.11.1
jax-perlayer	varying	2	67	2389.0	6	jax-0.11.1
jax-perlayer	varying	2	68	1116.5	2	jax-0.11.1
jax-perlayer	varying	2	69	1486.3	3	jax-0.11.1
jax-perlayer	varying	2	70	1980.1	5	jax-0.11.1
jax-perlayer	varying	2	71	2522.5	6	jax-0.11.1
jax-perlayer	varying	2	72	1136.5	2	jax-0.11.1
jax-perlayer	varying	2	73	1531.4	3	jax-0.11.1
jax-perlayer	varying	2	74	1948.6	5	jax-0.11.1
jax-perlayer	varying	2	75	2342.9	6	jax-0.11.1
jax-perlayer	varying	2	76	1094.3	2	jax-0.11.1
jax-perlayer	varying	2	77	1461.7	3	jax-0.11.1
jax-perlayer	varying	2	78	1959.8	5	jax-0.11.1
jax-perlayer	varying	2	79	2376.6	6	jax-0.11.1
jax-perlayer	varying	2	80	1112.7	2	jax-0.11.1
jax-perlayer	varying	2	81	1443.9	3	jax-0.11.1
jax-perlayer	varying	2	82	1962.9	5	jax-0.11.1
jax-perlayer	varying	2	83	2345.1	6	jax-0.11.1
jax-perlayer	varying	2	84	1105.1	2	jax-0.11.1
jax-perlayer	varying	2	85	1467.9	3	jax-0.11.1
jax-perlayer	varying	2	86	1951.7	5	jax-0.11.1
jax-perlayer	varying	2	87	2322.9	6	jax-0.11.1
jax-perlayer	varying	2	88	1110.1	2	jax-0.11.1
jax-perlayer	varying	2	89	1444.6	3	jax-0.11.1
jax-perlayer	varying	2	90	1957.4	5	jax-0.11.1
jax-perlayer	varying	2	91	2349.1	6	jax-0.11.1
jax-perlayer	varying	2	92	1134.4	2	jax-0.11.1
jax-perlayer	varying	2	93	1462.7	3	jax-0.11.1
jax-perlayer	varying	2	94	1962.7	5	jax-0.11.1
jax-perlayer	varying	2	95	2385.1	6	jax-0.11.1
jax-perlayer	varying	2	96	1127.5	2	jax-0.11.1
jax-perlayer	varying	2	97	1495.6	3	jax-0.11.1
jax-perlayer	varying	2	98	1984.1	5	jax-0.11.1
jax-perlayer	varying	2	99	2362.3	6	jax-0.11.1
jax-perlayer	varying	2	100	1160.6	2	jax-0.11.1
jax-perlayer	varying	2	101	1448.2	3	jax-0.11.1
jax-perlayer	varying	2	102	1992.5	5	jax-0.11.1
jax-perlayer	varying	2	103	2344.1	6	jax-0.11.1
jax-perlayer	varying	2	104	1124.9	2	jax-0.11.1
jax-perlayer	varying	2	105	1468.7	3	jax-0.11.1
jax-perlayer	varying	2	106	2008.4	5	jax-0.11.1
jax-perlayer	varying	2	107	2349.9	6	jax-0.11.1
jax-perlayer	varying	2	108	1121.3	2	jax-0.11.1
jax-perlayer	varying	2	109	1467.9	3	jax-0.11.1
jax-perlayer	varying	2	110	1950.3	5	jax-0.11.1
jax-perlayer	varying	2	111	2333.2	6	jax-0.11.1
jax-perlayer	varying	2	112	1134.6	2	jax-0.11.1
jax-perlayer	varying	2	113	1461.3	3	jax-0.11.1
jax-perlayer	varying	2	114	1967.4	5	jax-0.11.1
jax-perlayer	varying	2	115	2415.7	6	jax-0.11.1
jax-perlayer	varying	2	116	1142.7	2	jax-0.11.1
jax-perlayer	varying	2	117	1462.5	3	jax-0.11.1
jax-perlayer	varying	2	118	1932.6	5	jax-0.11.1
jax-perlayer	varying	2	119	2387.0	6	jax-0.11.1
jax-perlayer	varying	2	120	1130.8	2	jax-0.11.1
jax-perlayer	varying	2	121	1472.0	3	jax-0.11.1
jax-perlayer	varying	2	122	1960.5	5	jax-0.11.1
jax-perlayer	varying	2	123	2383.0	6	jax-0.11.1
jax-perlayer	varying	2	124	1137.7	2	jax-0.11.1
jax-perlayer	varying	2	125	1477.0	3	jax-0.11.1
jax-perlayer	varying	2	126	1965.3	5	jax-0.11.1
jax-perlayer	varying	2	127	2338.4	6	jax-0.11.1
jax-perlayer	varying	2	128	1151.8	2	jax-0.11.1
jax-perlayer	varying	2	129	1479.9	3	jax-0.11.1
jax-perlayer	varying	2	130	1985.5	5	jax-0.11.1
jax-perlayer	varying	2	131	2335.1	6	jax-0.11.1
jax-perlayer	varying	2	132	1119.9	2	jax-0.11.1
jax-perlayer	varying	2	133	1514.0	3	jax-0.11.1
jax-perlayer	varying	2	134	1964.1	5	jax-0.11.1
jax-perlayer	varying	2	135	2371.8	6	jax-0.11.1
jax-perlayer	varying	2	136	1131.1	2	jax-0.11.1
jax-perlayer	varying	2	137	1498.7	3	jax-0.11.1
jax-perlayer	varying	2	138	1952.9	5	jax-0.11.1
jax-perlayer	varying	2	139	2346.5	6	jax-0.11.1
jax-perlayer	varying	2	140	1127.0	2	jax-0.11.1
jax-perlayer	varying	2	141	1484.6	3	jax-0.11.1
jax-perlayer	varying	2	142	1950.0	5	jax-0.11.1
jax-perlayer	varying	2	143	2375.4	6	jax-0.11.1
jax-perlayer	varying	2	144	1179.9	2	jax-0.11.1
jax-perlayer	varying	2	145	1516.3	3	jax-0.11.1
jax-perlayer	varying	2	146	1952.4	5	jax-0.11.1
jax-perlayer	varying	2	147	2358.9	6	jax-0.11.1
jax-perlayer	varying	2	148	1153.5	2	jax-0.11.1
jax-perlayer	varying	2	149	1482.2	3	jax-0.11.1
jax-perlayer	varying	2	150	1947.4	5	jax-0.11.1
jax-perlayer	varying	2	151	2374.4	6	jax-0.11.1
jax-perlayer	varying	2	152	1138.0	2	jax-0.11.1
jax-perlayer	varying	2	153	1479.6	3	jax-0.11.1
jax-perlayer	varying	2	154	1965.5	5	jax-0.11.1
jax-perlayer	varying	2	155	2381.1	6	jax-0.11.1
jax-perlayer	varying	2	156	1144.4	2	jax-0.11.1
jax-perlayer	varying	2	157	1462.5	3	jax-0.11.1
jax-perlayer	varying	2	158	1966.5	5	jax-0.11.1
jax-perlayer	varying	2	159	2357.5	6	jax-0.11.1
jax-perlayer	varying	2	160	1137.5	2	jax-0.11.1
jax-perlayer	varying	2	161	1489.4	3	jax-0.11.1
jax-perlayer	varying	2	162	1963.9	5	jax-0.11.1
jax-perlayer	varying	2	163	2346.3	6	jax-0.11.1
jax-perlayer	varying	2	164	1138.2	2	jax-0.11.1
jax-perlayer	varying	2	165	1497.0	3	jax-0.11.1
jax-perlayer	varying	2	166	1962.4	5	jax-0.11.1
jax-perlayer	varying	2	167	2352.5	6	jax-0.11.1
jax-perlayer	varying	2	168	1148.2	2	jax-0.11.1
jax-perlayer	varying	2	169	1473.9	3	jax-0.11.1
jax-perlayer	varying	2	170	1965.3	5	jax-0.11.1
jax-perlayer	varying	2	171	2344.8	6	jax-0.11.1
jax-perlayer	varying	2	172	1160.4	2	jax-0.11.1
jax-perlayer	varying	2	173	1476.5	3	jax-0.11.1
jax-perlayer	varying	2	174	1982.5	5	jax-0.11.1
jax-perlayer	varying	2	175	2342.5	6	jax-0.11.1
jax-perlayer	varying	2	176	1145.1	2	jax-0.11.1
jax-perlayer	varying	2	177	1474.6	3	jax-0.11.1
jax-perlayer	varying	2	178	1956.0	5	jax-0.11.1
jax-perlayer	varying	2	179	2354.4	6	jax-0.11.1
jax-perlayer	varying	2	180	1145.6	2	jax-0.11.1
jax-perlayer	varying	2	181	1472.5	3	jax-0.11.1
jax-perlayer	varying	2	182	1965.0	5	jax-0.11.1
jax-perlayer	varying	2	183	2347.9	6	jax-0.11.1
jax-perlayer	varying	2	184	1138.9	2	jax-0.11.1
jax-perlayer	varying	2	185	1489.4	3	jax-0.11.1
jax-perlayer	varying	2	186	1952.9	5	jax-0.11.1
jax-perlayer	varying	2	187	2371.5	6	jax-0.11.1
jax-perlayer	varying	2	188	1152.0	2	jax-0.11.1
jax-perlayer	varying	2	189	1468.9	3	jax-0.11.1
jax-perlayer	varying	2	190	1955.5	5	jax-0.11.1
jax-perlayer	varying	2	191	2361.3	6	jax-0.11.1
jax-perlayer	varying	2	192	1144.9	2	jax-0.11.1
jax-perlayer	varying	2	193	1479.6	3	jax-0.11.1
jax-perlayer	varying	2	194	1943.6	5	jax-0.11.1
jax-perlayer	varying	2	195	2371.8	6	jax-0.11.1
jax-perlayer	varying	2	196	1143.2	2	jax-0.11.1
jax-perlayer	varying	2	197	1490.4	3	jax-0.11.1
jax-perlayer	varying	2	198	1978.2	5	jax-0.11.1
jax-perlayer	varying	2	199	2350.6	6	jax-0.11.1
jax-while	varying	2	0	7312175.8	2	jax-0.11.1
jax-while	varying	2	1	1705.9	3	jax-0.11.1
jax-while	varying	2	2	1637.7	5	jax-0.11.1
jax-while	varying	2	3	1679.7	6	jax-0.11.1
jax-while	varying	2	4	1157.8	2	jax-0.11.1
jax-while	varying	2	5	1322.5	3	jax-0.11.1
jax-while	varying	2	6	1491.8	5	jax-0.11.1
jax-while	varying	2	7	1631.7	6	jax-0.11.1
jax-while	varying	2	8	1084.6	2	jax-0.11.1
jax-while	varying	2	9	1235.0	3	jax-0.11.1
jax-while	varying	2	10	1455.1	5	jax-0.11.1
jax-while	varying	2	11	1642.7	6	jax-0.11.1
jax-while	varying	2	12	1090.3	2	jax-0.11.1
jax-while	varying	2	13	1208.5	3	jax-0.11.1
jax-while	varying	2	14	1496.6	5	jax-0.11.1
jax-while	varying	2	15	1647.0	6	jax-0.11.1
jax-while	varying	2	16	1048.3	2	jax-0.11.1
jax-while	varying	2	17	1203.8	3	jax-0.11.1
jax-while	varying	2	18	1507.0	5	jax-0.11.1
jax-while	varying	2	19	1668.0	6	jax-0.11.1
jax-while	varying	2	20	1081.9	2	jax-0.11.1
jax-while	varying	2	21	1225.2	3	jax-0.11.1
jax-while	varying	2	22	1503.0	5	jax-0.11.1
jax-while	varying	2	23	1610.5	6	jax-0.11.1
jax-while	varying	2	24	1047.4	2	jax-0.11.1
jax-while	varying	2	25	1186.6	3	jax-0.11.1
jax-while	varying	2	26	1446.2	5	jax-0.11.1
jax-while	varying	2	27	1579.3	6	jax-0.11.1
jax-while	varying	2	28	1075.0	2	jax-0.11.1
jax-while	varying	2	29	1153.5	3	jax-0.11.1
jax-while	varying	2	30	1444.8	5	jax-0.11.1
jax-while	varying	2	31	1612.9	6	jax-0.11.1
jax-while	varying	2	32	1047.1	2	jax-0.11.1
jax-while	varying	2	33	1208.3	3	jax-0.11.1
jax-while	varying	2	34	1507.8	5	jax-0.11.1
jax-while	varying	2	35	1628.4	6	jax-0.11.1
jax-while	varying	2	36	1061.2	2	jax-0.11.1
jax-while	varying	2	37	1160.9	3	jax-0.11.1
jax-while	varying	2	38	1485.3	5	jax-0.11.1
jax-while	varying	2	39	1627.4	6	jax-0.11.1
jax-while	varying	2	40	1020.7	2	jax-0.11.1
jax-while	varying	2	41	1147.5	3	jax-0.11.1
jax-while	varying	2	42	1451.5	5	jax-0.11.1
jax-while	varying	2	43	1613.6	6	jax-0.11.1
jax-while	varying	2	44	1045.7	2	jax-0.11.1
jax-while	varying	2	45	1187.6	3	jax-0.11.1
jax-while	varying	2	46	1445.8	5	jax-0.11.1
jax-while	varying	2	47	1604.1	6	jax-0.11.1
jax-while	varying	2	48	1025.0	2	jax-0.11.1
jax-while	varying	2	49	1192.8	3	jax-0.11.1
jax-while	varying	2	50	1475.1	5	jax-0.11.1
jax-while	varying	2	51	1577.9	6	jax-0.11.1
jax-while	varying	2	52	1030.9	2	jax-0.11.1
jax-while	varying	2	53	1155.1	3	jax-0.11.1
jax-while	varying	2	54	1429.6	5	jax-0.11.1
jax-while	varying	2	55	1599.8	6	jax-0.11.1
jax-while	varying	2	56	1022.1	2	jax-0.11.1
jax-while	varying	2	57	1151.3	3	jax-0.11.1
jax-while	varying	2	58	1450.5	5	jax-0.11.1
jax-while	varying	2	59	1570.9	6	jax-0.11.1
jax-while	varying	2	60	1055.0	2	jax-0.11.1
jax-while	varying	2	61	1169.0	3	jax-0.11.1
jax-while	varying	2	62	1466.3	5	jax-0.11.1
jax-while	varying	2	63	1624.8	6	jax-0.11.1
jax-while	varying	2	64	1059.3	2	jax-0.11.1
jax-while	varying	2	65	1226.4	3	jax-0.11.1
jax-while	varying	2	66	1513.2	5	jax-0.11.1
jax-while	varying	2	67	1609.1	6	jax-0.11.1
jax-while	varying	2	68	1038.1	2	jax-0.11.1
jax-while	varying	2	69	1182.6	3	jax-0.11.1
jax-while	varying	2	70	1489.2	5	jax-0.11.1
jax-while	varying	2	71	1601.7	6	jax-0.11.1
jax-while	varying	2	72	1010.9	2	jax-0.11.1
jax-while	varying	2	73	1161.3	3	jax-0.11.1
jax-while	varying	2	74	1443.9	5	jax-0.11.1
jax-while	varying	2	75	1598.8	6	jax-0.11.1
jax-while	varying	2	76	1019.5	2	jax-0.11.1
jax-while	varying	2	77	1181.4	3	jax-0.11.1
jax-while	varying	2	78	1450.8	5	jax-0.11.1
jax-while	varying	2	79	1599.6	6	jax-0.11.1
jax-while	varying	2	80	1015.9	2	jax-0.11.1
jax-while	varying	2	81	1193.0	3	jax-0.11.1
jax-while	varying	2	82	1462.5	5	jax-0.11.1
jax-while	varying	2	83	1619.3	6	jax-0.11.1
jax-while	varying	2	84	1032.6	2	jax-0.11.1
jax-while	varying	2	85	1167.3	3	jax-0.11.1
jax-while	varying	2	86	1558.5	5	jax-0.11.1
jax-while	varying	2	87	1698.3	6	jax-0.11.1
jax-while	varying	2	88	1050.5	2	jax-0.11.1
jax-while	varying	2	89	1180.9	3	jax-0.11.1
jax-while	varying	2	90	1454.8	5	jax-0.11.1
jax-while	varying	2	91	1556.2	6	jax-0.11.1
jax-while	varying	2	92	1046.9	2	jax-0.11.1
jax-while	varying	2	93	1192.1	3	jax-0.11.1
jax-while	varying	2	94	1464.4	5	jax-0.11.1
jax-while	varying	2	95	1611.0	6	jax-0.11.1
jax-while	varying	2	96	1031.2	2	jax-0.11.1
jax-while	varying	2	97	1191.1	3	jax-0.11.1
jax-while	varying	2	98	1473.7	5	jax-0.11.1
jax-while	varying	2	99	1606.5	6	jax-0.11.1
jax-while	varying	2	100	1014.2	2	jax-0.11.1
jax-while	varying	2	101	1161.3	3	jax-0.11.1
jax-while	varying	2	102	1453.9	5	jax-0.11.1
jax-while	varying	2	103	1615.3	6	jax-0.11.1
jax-while	varying	2	104	1049.0	2	jax-0.11.1
jax-while	varying	2	105	1201.9	3	jax-0.11.1
jax-while	varying	2	106	1464.6	5	jax-0.11.1
jax-while	varying	2	107	1605.7	6	jax-0.11.1
jax-while	varying	2	108	1037.1	2	jax-0.11.1
jax-while	varying	2	109	1165.6	3	jax-0.11.1
jax-while	varying	2	110	1465.1	5	jax-0.11.1
jax-while	varying	2	111	1597.9	6	jax-0.11.1
jax-while	varying	2	112	995.4	2	jax-0.11.1
jax-while	varying	2	113	1187.6	3	jax-0.11.1
jax-while	varying	2	114	1462.9	5	jax-0.11.1
jax-while	varying	2	115	1608.8	6	jax-0.11.1
jax-while	varying	2	116	1041.2	2	jax-0.11.1
jax-while	varying	2	117	1211.2	3	jax-0.11.1
jax-while	varying	2	118	1456.0	5	jax-0.11.1
jax-while	varying	2	119	1601.2	6	jax-0.11.1
jax-while	varying	2	120	1070.0	2	jax-0.11.1
jax-while	varying	2	121	1221.7	3	jax-0.11.1
jax-while	varying	2	122	1470.8	5	jax-0.11.1
jax-while	varying	2	123	1616.0	6	jax-0.11.1
jax-while	varying	2	124	1035.9	2	jax-0.11.1
jax-while	varying	2	125	1181.6	3	jax-0.11.1
jax-while	varying	2	126	1436.5	5	jax-0.11.1
jax-while	varying	2	127	1607.9	6	jax-0.11.1
jax-while	varying	2	128	1058.8	2	jax-0.11.1
jax-while	varying	2	129	1163.5	3	jax-0.11.1
jax-while	varying	2	130	1451.3	5	jax-0.11.1
jax-while	varying	2	131	1600.5	6	jax-0.11.1
jax-while	varying	2	132	1043.1	2	jax-0.11.1
jax-while	varying	2	133	1150.6	3	jax-0.11.1
jax-while	varying	2	134	1428.6	5	jax-0.11.1
jax-while	varying	2	135	1606.9	6	jax-0.11.1
jax-while	varying	2	136	1062.6	2	jax-0.11.1
jax-while	varying	2	137	1158.5	3	jax-0.11.1
jax-while	varying	2	138	1433.6	5	jax-0.11.1
jax-while	varying	2	139	1604.8	6	jax-0.11.1
jax-while	varying	2	140	1039.5	2	jax-0.11.1
jax-while	varying	2	141	1193.0	3	jax-0.11.1
jax-while	varying	2	142	1459.1	5	jax-0.11.1
jax-while	varying	2	143	1639.8	6	jax-0.11.1
jax-while	varying	2	144	1022.1	2	jax-0.11.1
jax-while	varying	2	145	1182.3	3	jax-0.11.1
jax-while	varying	2	146	1487.5	5	jax-0.11.1
jax-while	varying	2	147	1612.9	6	jax-0.11.1
jax-while	varying	2	148	1060.2	2	jax-0.11.1
jax-while	varying	2	149	1153.2	3	jax-0.11.1
jax-while	varying	2	150	1434.6	5	jax-0.11.1
jax-while	varying	2	151	1604.1	6	jax-0.11.1
jax-while	varying	2	152	1010.2	2	jax-0.11.1
jax-while	varying	2	153	1185.7	3	jax-0.11.1
jax-while	varying	2	154	1471.5	5	jax-0.11.1
jax-while	varying	2	155	1598.4	6	jax-0.11.1
jax-while	varying	2	156	1001.6	2	jax-0.11.1
jax-while	varying	2	157	1146.6	3	jax-0.11.1
jax-while	varying	2	158	1477.0	5	jax-0.11.1
jax-while	varying	2	159	1598.1	6	jax-0.11.1
jax-while	varying	2	160	1042.1	2	jax-0.11.1
jax-while	varying	2	161	1186.4	3	jax-0.11.1
jax-while	varying	2	162	1448.2	5	jax-0.11.1
jax-while	varying	2	163	1573.6	6	jax-0.11.1
jax-while	varying	2	164	1054.8	2	jax-0.11.1
jax-while	varying	2	165	1163.7	3	jax-0.11.1
jax-while	varying	2	166	1483.4	5	jax-0.11.1
jax-while	varying	2	167	1565.5	6	jax-0.11.1
jax-while	varying	2	168	1013.0	2	jax-0.11.1
jax-while	varying	2	169	1184.9	3	jax-0.11.1
jax-while	varying	2	170	1457.5	5	jax-0.11.1
jax-while	varying	2	171	1644.8	6	jax-0.11.1
jax-while	varying	2	172	1043.8	2	jax-0.11.1
jax-while	varying	2	173	1147.7	3	jax-0.11.1
jax-while	varying	2	174	1547.3	5	jax-0.11.1
jax-while	varying	2	175	1657.0	6	jax-0.11.1
jax-while	varying	2	176	1087.9	2	jax-0.11.1
jax-while	varying	2	177	1232.4	3	jax-0.11.1
jax-while	varying	2	178	1485.1	5	jax-0.11.1
jax-while	varying	2	179	1624.6	6	jax-0.11.1
jax-while	varying	2	180	1070.5	2	jax-0.11.1
jax-while	varying	2	181	1193.3	3	jax-0.11.1
jax-while	varying	2	182	1461.5	5	jax-0.11.1
jax-while	varying	2	183	1597.2	6	jax-0.11.1
jax-while	varying	2	184	1074.6	2	jax-0.11.1
jax-while	varying	2	185	1215.9	3	jax-0.11.1
jax-while	varying	2	186	1494.4	5	jax-0.11.1
jax-while	varying	2	187	1614.8	6	jax-0.11.1
jax-while	varying	2	188	1082.2	2	jax-0.11.1
jax-while	varying	2	189	1220.5	3	jax-0.11.1
jax-while	varying	2	190	1492.3	5	jax-0.11.1
jax-while	varying	2	191	1607.2	6	jax-0.11.1
jax-while	varying	2	192	1084.6	2	jax-0.11.1
jax-while	varying	2	193	1195.7	3	jax-0.11.1
jax-while	varying	2	194	1463.2	5	jax-0.11.1
jax-while	varying	2	195	1615.0	6	jax-0.11.1
jax-while	varying	2	196	1058.3	2	jax-0.11.1
jax-while	varying	2	197	1218.6	3	jax-0.11.1
jax-while	varying	2	198	1482.5	5	jax-0.11.1
jax-while	varying	2	199	1596.0	6	jax-0.11.1
ours	stable	3	0	472828.9	4	ddc8008cdeaf
ours	stable	3	1	13885.0	4	ddc8008cdeaf
ours	stable	3	2	2749.9	4	ddc8008cdeaf
ours	stable	3	3	1530.9	4	ddc8008cdeaf
ours	stable	3	4	8921.9	4	ddc8008cdeaf
ours	stable	3	5	2812.9	4	ddc8008cdeaf
ours	stable	3	6	1088.9	4	ddc8008cdeaf
ours	stable	3	7	2175.8	4	ddc8008cdeaf
ours	stable	3	8	1063.8	4	ddc8008cdeaf
ours	stable	3	9	1095.1	4	ddc8008cdeaf
ours	stable	3	10	2068.0	4	ddc8008cdeaf
ours	stable	3	11	1062.9	4	ddc8008cdeaf
ours	stable	3	12	1086.0	4	ddc8008cdeaf
ours	stable	3	13	1068.8	4	ddc8008cdeaf
ours	stable	3	14	2111.9	4	ddc8008cdeaf
ours	stable	3	15	1099.1	4	ddc8008cdeaf
ours	stable	3	16	1079.1	4	ddc8008cdeaf
ours	stable	3	17	1050.0	4	ddc8008cdeaf
ours	stable	3	18	1087.0	4	ddc8008cdeaf
ours	stable	3	19	2074.0	4	ddc8008cdeaf
ours	stable	3	20	1061.0	4	ddc8008cdeaf
ours	stable	3	21	1070.0	4	ddc8008cdeaf
ours	stable	3	22	1081.9	4	ddc8008cdeaf
ours	stable	3	23	1117.0	4	ddc8008cdeaf
ours	stable	3	24	1142.0	4	ddc8008cdeaf
ours	stable	3	25	2085.9	4	ddc8008cdeaf
ours	stable	3	26	1133.2	4	ddc8008cdeaf
ours	stable	3	27	1088.9	4	ddc8008cdeaf
ours	stable	3	28	1067.9	4	ddc8008cdeaf
ours	stable	3	29	1078.1	4	ddc8008cdeaf
ours	stable	3	30	1071.0	4	ddc8008cdeaf
ours	stable	3	31	1071.2	4	ddc8008cdeaf
ours	stable	3	32	2080.9	4	ddc8008cdeaf
ours	stable	3	33	1067.2	4	ddc8008cdeaf
ours	stable	3	34	1060.0	4	ddc8008cdeaf
ours	stable	3	35	1060.0	4	ddc8008cdeaf
ours	stable	3	36	1053.1	4	ddc8008cdeaf
ours	stable	3	37	1056.0	4	ddc8008cdeaf
ours	stable	3	38	1078.1	4	ddc8008cdeaf
ours	stable	3	39	1076.9	4	ddc8008cdeaf
ours	stable	3	40	2082.1	4	ddc8008cdeaf
ours	stable	3	41	1060.0	4	ddc8008cdeaf
ours	stable	3	42	1065.0	4	ddc8008cdeaf
ours	stable	3	43	1073.8	4	ddc8008cdeaf
ours	stable	3	44	1079.1	4	ddc8008cdeaf
ours	stable	3	45	1051.9	4	ddc8008cdeaf
ours	stable	3	46	1084.1	4	ddc8008cdeaf
ours	stable	3	47	1084.1	4	ddc8008cdeaf
ours	stable	3	48	1066.0	4	ddc8008cdeaf
ours	stable	3	49	2080.0	4	ddc8008cdeaf
ours	stable	3	50	1088.9	4	ddc8008cdeaf
ours	stable	3	51	1055.0	4	ddc8008cdeaf
ours	stable	3	52	1081.9	4	ddc8008cdeaf
ours	stable	3	53	1066.9	4	ddc8008cdeaf
ours	stable	3	54	1074.8	4	ddc8008cdeaf
ours	stable	3	55	1061.0	4	ddc8008cdeaf
ours	stable	3	56	1077.9	4	ddc8008cdeaf
ours	stable	3	57	1091.0	4	ddc8008cdeaf
ours	stable	3	58	1078.8	4	ddc8008cdeaf
ours	stable	3	59	2086.9	4	ddc8008cdeaf
ours	stable	3	60	1073.8	4	ddc8008cdeaf
ours	stable	3	61	1080.0	4	ddc8008cdeaf
ours	stable	3	62	1088.1	4	ddc8008cdeaf
ours	stable	3	63	1094.1	4	ddc8008cdeaf
ours	stable	3	64	1093.9	4	ddc8008cdeaf
ours	stable	3	65	1061.9	4	ddc8008cdeaf
ours	stable	3	66	1092.0	4	ddc8008cdeaf
ours	stable	3	67	1076.9	4	ddc8008cdeaf
ours	stable	3	68	1071.0	4	ddc8008cdeaf
ours	stable	3	69	1058.1	4	ddc8008cdeaf
ours	stable	3	70	2082.1	4	ddc8008cdeaf
ours	stable	3	71	1067.9	4	ddc8008cdeaf
ours	stable	3	72	1066.0	4	ddc8008cdeaf
ours	stable	3	73	1068.1	4	ddc8008cdeaf
ours	stable	3	74	1090.0	4	ddc8008cdeaf
ours	stable	3	75	1065.0	4	ddc8008cdeaf
ours	stable	3	76	1099.1	4	ddc8008cdeaf
ours	stable	3	77	1086.0	4	ddc8008cdeaf
ours	stable	3	78	1072.2	4	ddc8008cdeaf
ours	stable	3	79	1057.9	4	ddc8008cdeaf
ours	stable	3	80	1071.9	4	ddc8008cdeaf
ours	stable	3	81	1061.0	4	ddc8008cdeaf
ours	stable	3	82	1059.1	4	ddc8008cdeaf
ours	stable	3	83	1089.1	4	ddc8008cdeaf
ours	stable	3	84	1088.1	4	ddc8008cdeaf
ours	stable	3	85	2094.0	4	ddc8008cdeaf
ours	stable	3	86	1074.1	4	ddc8008cdeaf
ours	stable	3	87	1133.0	4	ddc8008cdeaf
ours	stable	3	88	1127.0	4	ddc8008cdeaf
ours	stable	3	89	1073.1	4	ddc8008cdeaf
ours	stable	3	90	1076.0	4	ddc8008cdeaf
ours	stable	3	91	1052.1	4	ddc8008cdeaf
ours	stable	3	92	1054.0	4	ddc8008cdeaf
ours	stable	3	93	1080.0	4	ddc8008cdeaf
ours	stable	3	94	1049.0	4	ddc8008cdeaf
ours	stable	3	95	1049.0	4	ddc8008cdeaf
ours	stable	3	96	1091.0	4	ddc8008cdeaf
ours	stable	3	97	1073.1	4	ddc8008cdeaf
ours	stable	3	98	1065.0	4	ddc8008cdeaf
ours	stable	3	99	1128.0	4	ddc8008cdeaf
ours	stable	3	100	1064.1	4	ddc8008cdeaf
ours	stable	3	101	1088.1	4	ddc8008cdeaf
ours	stable	3	102	1071.9	4	ddc8008cdeaf
ours	stable	3	103	1056.0	4	ddc8008cdeaf
ours	stable	3	104	2672.9	4	ddc8008cdeaf
ours	stable	3	105	1067.2	4	ddc8008cdeaf
ours	stable	3	106	1066.0	4	ddc8008cdeaf
ours	stable	3	107	1062.2	4	ddc8008cdeaf
ours	stable	3	108	1086.0	4	ddc8008cdeaf
ours	stable	3	109	1060.0	4	ddc8008cdeaf
ours	stable	3	110	1107.0	4	ddc8008cdeaf
ours	stable	3	111	1054.0	4	ddc8008cdeaf
ours	stable	3	112	1138.2	4	ddc8008cdeaf
ours	stable	3	113	1088.9	4	ddc8008cdeaf
ours	stable	3	114	1128.0	4	ddc8008cdeaf
ours	stable	3	115	1132.0	4	ddc8008cdeaf
ours	stable	3	116	1066.9	4	ddc8008cdeaf
ours	stable	3	117	1093.9	4	ddc8008cdeaf
ours	stable	3	118	1136.1	4	ddc8008cdeaf
ours	stable	3	119	1071.0	4	ddc8008cdeaf
ours	stable	3	120	1066.0	4	ddc8008cdeaf
ours	stable	3	121	1077.9	4	ddc8008cdeaf
ours	stable	3	122	2909.9	4	ddc8008cdeaf
ours	stable	3	123	1064.1	4	ddc8008cdeaf
ours	stable	3	124	1065.0	4	ddc8008cdeaf
ours	stable	3	125	1050.9	4	ddc8008cdeaf
ours	stable	3	126	1072.9	4	ddc8008cdeaf
ours	stable	3	127	1084.1	4	ddc8008cdeaf
ours	stable	3	128	1050.0	4	ddc8008cdeaf
ours	stable	3	129	1075.0	4	ddc8008cdeaf
ours	stable	3	130	1097.2	4	ddc8008cdeaf
ours	stable	3	131	1085.0	4	ddc8008cdeaf
ours	stable	3	132	1056.9	4	ddc8008cdeaf
ours	stable	3	133	1086.0	4	ddc8008cdeaf
ours	stable	3	134	1045.0	4	ddc8008cdeaf
ours	stable	3	135	1061.0	4	ddc8008cdeaf
ours	stable	3	136	1081.9	4	ddc8008cdeaf
ours	stable	3	137	1076.0	4	ddc8008cdeaf
ours	stable	3	138	1115.1	4	ddc8008cdeaf
ours	stable	3	139	1068.1	4	ddc8008cdeaf
ours	stable	3	140	2136.0	4	ddc8008cdeaf
ours	stable	3	141	1088.1	4	ddc8008cdeaf
ours	stable	3	142	1057.9	4	ddc8008cdeaf
ours	stable	3	143	1123.9	4	ddc8008cdeaf
ours	stable	3	144	1110.1	4	ddc8008cdeaf
ours	stable	3	145	1071.0	4	ddc8008cdeaf
ours	stable	3	146	1092.2	4	ddc8008cdeaf
ours	stable	3	147	1083.9	4	ddc8008cdeaf
ours	stable	3	148	1068.8	4	ddc8008cdeaf
ours	stable	3	149	1058.1	4	ddc8008cdeaf
ours	stable	3	150	1068.1	4	ddc8008cdeaf
ours	stable	3	151	1061.9	4	ddc8008cdeaf
ours	stable	3	152	1085.0	4	ddc8008cdeaf
ours	stable	3	153	1059.1	4	ddc8008cdeaf
ours	stable	3	154	1080.0	4	ddc8008cdeaf
ours	stable	3	155	1062.2	4	ddc8008cdeaf
ours	stable	3	156	1099.1	4	ddc8008cdeaf
ours	stable	3	157	1101.0	4	ddc8008cdeaf
ours	stable	3	158	1052.9	4	ddc8008cdeaf
ours	stable	3	159	1061.9	4	ddc8008cdeaf
ours	stable	3	160	1110.1	4	ddc8008cdeaf
ours	stable	3	161	1129.9	4	ddc8008cdeaf
ours	stable	3	162	1108.9	4	ddc8008cdeaf
ours	stable	3	163	1073.1	4	ddc8008cdeaf
ours	stable	3	164	1099.1	4	ddc8008cdeaf
ours	stable	3	165	1148.9	4	ddc8008cdeaf
ours	stable	3	166	1069.1	4	ddc8008cdeaf
ours	stable	3	167	1146.1	4	ddc8008cdeaf
ours	stable	3	168	2104.0	4	ddc8008cdeaf
ours	stable	3	169	1082.9	4	ddc8008cdeaf
ours	stable	3	170	1065.0	4	ddc8008cdeaf
ours	stable	3	171	1087.0	4	ddc8008cdeaf
ours	stable	3	172	1081.9	4	ddc8008cdeaf
ours	stable	3	173	1058.8	4	ddc8008cdeaf
ours	stable	3	174	1073.8	4	ddc8008cdeaf
ours	stable	3	175	1090.0	4	ddc8008cdeaf
ours	stable	3	176	1068.1	4	ddc8008cdeaf
ours	stable	3	177	1086.0	4	ddc8008cdeaf
ours	stable	3	178	1059.8	4	ddc8008cdeaf
ours	stable	3	179	1092.0	4	ddc8008cdeaf
ours	stable	3	180	1097.9	4	ddc8008cdeaf
ours	stable	3	181	1092.0	4	ddc8008cdeaf
ours	stable	3	182	1062.9	4	ddc8008cdeaf
ours	stable	3	183	1085.0	4	ddc8008cdeaf
ours	stable	3	184	1122.0	4	ddc8008cdeaf
ours	stable	3	185	1080.0	4	ddc8008cdeaf
ours	stable	3	186	1050.9	4	ddc8008cdeaf
ours	stable	3	187	1086.0	4	ddc8008cdeaf
ours	stable	3	188	1067.9	4	ddc8008cdeaf
ours	stable	3	189	1065.0	4	ddc8008cdeaf
ours	stable	3	190	1066.2	4	ddc8008cdeaf
ours	stable	3	191	1066.9	4	ddc8008cdeaf
ours	stable	3	192	1075.0	4	ddc8008cdeaf
ours	stable	3	193	1071.0	4	ddc8008cdeaf
ours	stable	3	194	1097.9	4	ddc8008cdeaf
ours	stable	3	195	2104.0	4	ddc8008cdeaf
ours	stable	3	196	1057.1	4	ddc8008cdeaf
ours	stable	3	197	1084.1	4	ddc8008cdeaf
ours	stable	3	198	1055.0	4	ddc8008cdeaf
ours	stable	3	199	1065.0	4	ddc8008cdeaf
torch-eager	stable	3	0	98290.0	4	torch-2.14.0+cu130
torch-eager	stable	3	1	2030.4	4	torch-2.14.0+cu130
torch-eager	stable	3	2	1927.6	4	torch-2.14.0+cu130
torch-eager	stable	3	3	1914.3	4	torch-2.14.0+cu130
torch-eager	stable	3	4	1909.0	4	torch-2.14.0+cu130
torch-eager	stable	3	5	1890.9	4	torch-2.14.0+cu130
torch-eager	stable	3	6	1919.3	4	torch-2.14.0+cu130
torch-eager	stable	3	7	1942.2	4	torch-2.14.0+cu130
torch-eager	stable	3	8	1878.5	4	torch-2.14.0+cu130
torch-eager	stable	3	9	1895.9	4	torch-2.14.0+cu130
torch-eager	stable	3	10	1901.9	4	torch-2.14.0+cu130
torch-eager	stable	3	11	1918.1	4	torch-2.14.0+cu130
torch-eager	stable	3	12	1894.7	4	torch-2.14.0+cu130
torch-eager	stable	3	13	1919.3	4	torch-2.14.0+cu130
torch-eager	stable	3	14	1940.7	4	torch-2.14.0+cu130
torch-eager	stable	3	15	1910.0	4	torch-2.14.0+cu130
torch-eager	stable	3	16	1899.5	4	torch-2.14.0+cu130
torch-eager	stable	3	17	1900.9	4	torch-2.14.0+cu130
torch-eager	stable	3	18	1894.2	4	torch-2.14.0+cu130
torch-eager	stable	3	19	1875.4	4	torch-2.14.0+cu130
torch-eager	stable	3	20	1903.3	4	torch-2.14.0+cu130
torch-eager	stable	3	21	1895.2	4	torch-2.14.0+cu130
torch-eager	stable	3	22	1936.7	4	torch-2.14.0+cu130
torch-eager	stable	3	23	1915.2	4	torch-2.14.0+cu130
torch-eager	stable	3	24	1917.1	4	torch-2.14.0+cu130
torch-eager	stable	3	25	1929.8	4	torch-2.14.0+cu130
torch-eager	stable	3	26	1941.7	4	torch-2.14.0+cu130
torch-eager	stable	3	27	1916.4	4	torch-2.14.0+cu130
torch-eager	stable	3	28	1910.2	4	torch-2.14.0+cu130
torch-eager	stable	3	29	1922.1	4	torch-2.14.0+cu130
torch-eager	stable	3	30	1924.8	4	torch-2.14.0+cu130
torch-eager	stable	3	31	1898.3	4	torch-2.14.0+cu130
torch-eager	stable	3	32	1917.8	4	torch-2.14.0+cu130
torch-eager	stable	3	33	1904.5	4	torch-2.14.0+cu130
torch-eager	stable	3	34	1901.9	4	torch-2.14.0+cu130
torch-eager	stable	3	35	1931.7	4	torch-2.14.0+cu130
torch-eager	stable	3	36	1884.2	4	torch-2.14.0+cu130
torch-eager	stable	3	37	1920.9	4	torch-2.14.0+cu130
torch-eager	stable	3	38	1911.2	4	torch-2.14.0+cu130
torch-eager	stable	3	39	1887.8	4	torch-2.14.0+cu130
torch-eager	stable	3	40	1906.4	4	torch-2.14.0+cu130
torch-eager	stable	3	41	1899.7	4	torch-2.14.0+cu130
torch-eager	stable	3	42	1900.7	4	torch-2.14.0+cu130
torch-eager	stable	3	43	1953.1	4	torch-2.14.0+cu130
torch-eager	stable	3	44	1932.9	4	torch-2.14.0+cu130
torch-eager	stable	3	45	1914.3	4	torch-2.14.0+cu130
torch-eager	stable	3	46	1915.7	4	torch-2.14.0+cu130
torch-eager	stable	3	47	1910.7	4	torch-2.14.0+cu130
torch-eager	stable	3	48	1899.2	4	torch-2.14.0+cu130
torch-eager	stable	3	49	1891.9	4	torch-2.14.0+cu130
torch-eager	stable	3	50	1897.6	4	torch-2.14.0+cu130
torch-eager	stable	3	51	1883.3	4	torch-2.14.0+cu130
torch-eager	stable	3	52	1907.8	4	torch-2.14.0+cu130
torch-eager	stable	3	53	1915.9	4	torch-2.14.0+cu130
torch-eager	stable	3	54	1898.3	4	torch-2.14.0+cu130
torch-eager	stable	3	55	1907.8	4	torch-2.14.0+cu130
torch-eager	stable	3	56	1922.1	4	torch-2.14.0+cu130
torch-eager	stable	3	57	1929.5	4	torch-2.14.0+cu130
torch-eager	stable	3	58	1907.8	4	torch-2.14.0+cu130
torch-eager	stable	3	59	1884.5	4	torch-2.14.0+cu130
torch-eager	stable	3	60	1947.4	4	torch-2.14.0+cu130
torch-eager	stable	3	61	1892.3	4	torch-2.14.0+cu130
torch-eager	stable	3	62	1926.7	4	torch-2.14.0+cu130
torch-eager	stable	3	63	1907.3	4	torch-2.14.0+cu130
torch-eager	stable	3	64	1898.8	4	torch-2.14.0+cu130
torch-eager	stable	3	65	1901.1	4	torch-2.14.0+cu130
torch-eager	stable	3	66	1885.9	4	torch-2.14.0+cu130
torch-eager	stable	3	67	1911.6	4	torch-2.14.0+cu130
torch-eager	stable	3	68	1894.7	4	torch-2.14.0+cu130
torch-eager	stable	3	69	1902.8	4	torch-2.14.0+cu130
torch-eager	stable	3	70	1928.3	4	torch-2.14.0+cu130
torch-eager	stable	3	71	1938.8	4	torch-2.14.0+cu130
torch-eager	stable	3	72	1918.8	4	torch-2.14.0+cu130
torch-eager	stable	3	73	1923.6	4	torch-2.14.0+cu130
torch-eager	stable	3	74	1917.8	4	torch-2.14.0+cu130
torch-eager	stable	3	75	1892.6	4	torch-2.14.0+cu130
torch-eager	stable	3	76	1894.5	4	torch-2.14.0+cu130
torch-eager	stable	3	77	1906.9	4	torch-2.14.0+cu130
torch-eager	stable	3	78	1887.8	4	torch-2.14.0+cu130
torch-eager	stable	3	79	1931.0	4	torch-2.14.0+cu130
torch-eager	stable	3	80	1954.3	4	torch-2.14.0+cu130
torch-eager	stable	3	81	1920.5	4	torch-2.14.0+cu130
torch-eager	stable	3	82	1909.0	4	torch-2.14.0+cu130
torch-eager	stable	3	83	1917.8	4	torch-2.14.0+cu130
torch-eager	stable	3	84	1939.5	4	torch-2.14.0+cu130
torch-eager	stable	3	85	1914.3	4	torch-2.14.0+cu130
torch-eager	stable	3	86	1891.4	4	torch-2.14.0+cu130
torch-eager	stable	3	87	1890.4	4	torch-2.14.0+cu130
torch-eager	stable	3	88	1885.4	4	torch-2.14.0+cu130
torch-eager	stable	3	89	1889.5	4	torch-2.14.0+cu130
torch-eager	stable	3	90	1892.6	4	torch-2.14.0+cu130
torch-eager	stable	3	91	1922.6	4	torch-2.14.0+cu130
torch-eager	stable	3	92	1909.7	4	torch-2.14.0+cu130
torch-eager	stable	3	93	1990.1	4	torch-2.14.0+cu130
torch-eager	stable	3	94	1904.0	4	torch-2.14.0+cu130
torch-eager	stable	3	95	1905.4	4	torch-2.14.0+cu130
torch-eager	stable	3	96	1905.9	4	torch-2.14.0+cu130
torch-eager	stable	3	97	1948.4	4	torch-2.14.0+cu130
torch-eager	stable	3	98	1958.1	4	torch-2.14.0+cu130
torch-eager	stable	3	99	1895.9	4	torch-2.14.0+cu130
torch-eager	stable	3	100	1926.2	4	torch-2.14.0+cu130
torch-eager	stable	3	101	1958.4	4	torch-2.14.0+cu130
torch-eager	stable	3	102	1907.6	4	torch-2.14.0+cu130
torch-eager	stable	3	103	1909.0	4	torch-2.14.0+cu130
torch-eager	stable	3	104	1947.9	4	torch-2.14.0+cu130
torch-eager	stable	3	105	1890.4	4	torch-2.14.0+cu130
torch-eager	stable	3	106	1890.9	4	torch-2.14.0+cu130
torch-eager	stable	3	107	1908.1	4	torch-2.14.0+cu130
torch-eager	stable	3	108	1896.4	4	torch-2.14.0+cu130
torch-eager	stable	3	109	1936.4	4	torch-2.14.0+cu130
torch-eager	stable	3	110	1893.5	4	torch-2.14.0+cu130
torch-eager	stable	3	111	1899.7	4	torch-2.14.0+cu130
torch-eager	stable	3	112	1903.5	4	torch-2.14.0+cu130
torch-eager	stable	3	113	1879.7	4	torch-2.14.0+cu130
torch-eager	stable	3	114	1898.3	4	torch-2.14.0+cu130
torch-eager	stable	3	115	1889.0	4	torch-2.14.0+cu130
torch-eager	stable	3	116	1910.4	4	torch-2.14.0+cu130
torch-eager	stable	3	117	1900.4	4	torch-2.14.0+cu130
torch-eager	stable	3	118	1908.3	4	torch-2.14.0+cu130
torch-eager	stable	3	119	1934.5	4	torch-2.14.0+cu130
torch-eager	stable	3	120	1906.2	4	torch-2.14.0+cu130
torch-eager	stable	3	121	1909.3	4	torch-2.14.0+cu130
torch-eager	stable	3	122	1898.3	4	torch-2.14.0+cu130
torch-eager	stable	3	123	1917.1	4	torch-2.14.0+cu130
torch-eager	stable	3	124	1887.8	4	torch-2.14.0+cu130
torch-eager	stable	3	125	1916.4	4	torch-2.14.0+cu130
torch-eager	stable	3	126	1910.0	4	torch-2.14.0+cu130
torch-eager	stable	3	127	1947.6	4	torch-2.14.0+cu130
torch-eager	stable	3	128	1890.4	4	torch-2.14.0+cu130
torch-eager	stable	3	129	1892.1	4	torch-2.14.0+cu130
torch-eager	stable	3	130	1901.6	4	torch-2.14.0+cu130
torch-eager	stable	3	131	1898.8	4	torch-2.14.0+cu130
torch-eager	stable	3	132	1919.7	4	torch-2.14.0+cu130
torch-eager	stable	3	133	1897.3	4	torch-2.14.0+cu130
torch-eager	stable	3	134	1904.5	4	torch-2.14.0+cu130
torch-eager	stable	3	135	1895.4	4	torch-2.14.0+cu130
torch-eager	stable	3	136	1911.4	4	torch-2.14.0+cu130
torch-eager	stable	3	137	1893.0	4	torch-2.14.0+cu130
torch-eager	stable	3	138	1902.1	4	torch-2.14.0+cu130
torch-eager	stable	3	139	1901.9	4	torch-2.14.0+cu130
torch-eager	stable	3	140	1879.5	4	torch-2.14.0+cu130
torch-eager	stable	3	141	1905.9	4	torch-2.14.0+cu130
torch-eager	stable	3	142	1888.0	4	torch-2.14.0+cu130
torch-eager	stable	3	143	1940.3	4	torch-2.14.0+cu130
torch-eager	stable	3	144	1897.8	4	torch-2.14.0+cu130
torch-eager	stable	3	145	1905.9	4	torch-2.14.0+cu130
torch-eager	stable	3	146	1914.5	4	torch-2.14.0+cu130
torch-eager	stable	3	147	1882.8	4	torch-2.14.0+cu130
torch-eager	stable	3	148	1931.2	4	torch-2.14.0+cu130
torch-eager	stable	3	149	1950.7	4	torch-2.14.0+cu130
torch-eager	stable	3	150	1903.8	4	torch-2.14.0+cu130
torch-eager	stable	3	151	1904.7	4	torch-2.14.0+cu130
torch-eager	stable	3	152	1893.5	4	torch-2.14.0+cu130
torch-eager	stable	3	153	1869.4	4	torch-2.14.0+cu130
torch-eager	stable	3	154	1869.4	4	torch-2.14.0+cu130
torch-eager	stable	3	155	1861.6	4	torch-2.14.0+cu130
torch-eager	stable	3	156	1870.2	4	torch-2.14.0+cu130
torch-eager	stable	3	157	1872.1	4	torch-2.14.0+cu130
torch-eager	stable	3	158	1887.1	4	torch-2.14.0+cu130
torch-eager	stable	3	159	1882.8	4	torch-2.14.0+cu130
torch-eager	stable	3	160	1895.7	4	torch-2.14.0+cu130
torch-eager	stable	3	161	1866.3	4	torch-2.14.0+cu130
torch-eager	stable	3	162	1869.4	4	torch-2.14.0+cu130
torch-eager	stable	3	163	1883.3	4	torch-2.14.0+cu130
torch-eager	stable	3	164	1877.1	4	torch-2.14.0+cu130
torch-eager	stable	3	165	1867.5	4	torch-2.14.0+cu130
torch-eager	stable	3	166	1905.2	4	torch-2.14.0+cu130
torch-eager	stable	3	167	1898.8	4	torch-2.14.0+cu130
torch-eager	stable	3	168	1906.9	4	torch-2.14.0+cu130
torch-eager	stable	3	169	1886.1	4	torch-2.14.0+cu130
torch-eager	stable	3	170	1885.9	4	torch-2.14.0+cu130
torch-eager	stable	3	171	1873.5	4	torch-2.14.0+cu130
torch-eager	stable	3	172	1879.7	4	torch-2.14.0+cu130
torch-eager	stable	3	173	1875.4	4	torch-2.14.0+cu130
torch-eager	stable	3	174	1864.2	4	torch-2.14.0+cu130
torch-eager	stable	3	175	1871.8	4	torch-2.14.0+cu130
torch-eager	stable	3	176	1880.4	4	torch-2.14.0+cu130
torch-eager	stable	3	177	1865.1	4	torch-2.14.0+cu130
torch-eager	stable	3	178	1889.2	4	torch-2.14.0+cu130
torch-eager	stable	3	179	1936.2	4	torch-2.14.0+cu130
torch-eager	stable	3	180	1867.3	4	torch-2.14.0+cu130
torch-eager	stable	3	181	1861.1	4	torch-2.14.0+cu130
torch-eager	stable	3	182	1870.9	4	torch-2.14.0+cu130
torch-eager	stable	3	183	1854.4	4	torch-2.14.0+cu130
torch-eager	stable	3	184	1882.8	4	torch-2.14.0+cu130
torch-eager	stable	3	185	1887.6	4	torch-2.14.0+cu130
torch-eager	stable	3	186	1895.4	4	torch-2.14.0+cu130
torch-eager	stable	3	187	1874.4	4	torch-2.14.0+cu130
torch-eager	stable	3	188	1900.2	4	torch-2.14.0+cu130
torch-eager	stable	3	189	1873.5	4	torch-2.14.0+cu130
torch-eager	stable	3	190	1878.5	4	torch-2.14.0+cu130
torch-eager	stable	3	191	1905.2	4	torch-2.14.0+cu130
torch-eager	stable	3	192	1885.4	4	torch-2.14.0+cu130
torch-eager	stable	3	193	1875.4	4	torch-2.14.0+cu130
torch-eager	stable	3	194	1893.8	4	torch-2.14.0+cu130
torch-eager	stable	3	195	1886.8	4	torch-2.14.0+cu130
torch-eager	stable	3	196	1902.3	4	torch-2.14.0+cu130
torch-eager	stable	3	197	1896.9	4	torch-2.14.0+cu130
torch-eager	stable	3	198	1865.1	4	torch-2.14.0+cu130
torch-eager	stable	3	199	1884.2	4	torch-2.14.0+cu130
torch-compile	stable	3	0	734897.6	4	torch-2.14.0+cu130
torch-compile	stable	3	1	1750.9	4	torch-2.14.0+cu130
torch-compile	stable	3	2	1527.1	4	torch-2.14.0+cu130
torch-compile	stable	3	3	1557.6	4	torch-2.14.0+cu130
torch-compile	stable	3	4	1513.5	4	torch-2.14.0+cu130
torch-compile	stable	3	5	1515.2	4	torch-2.14.0+cu130
torch-compile	stable	3	6	1513.2	4	torch-2.14.0+cu130
torch-compile	stable	3	7	1506.8	4	torch-2.14.0+cu130
torch-compile	stable	3	8	1505.6	4	torch-2.14.0+cu130
torch-compile	stable	3	9	1524.7	4	torch-2.14.0+cu130
torch-compile	stable	3	10	1523.7	4	torch-2.14.0+cu130
torch-compile	stable	3	11	1516.1	4	torch-2.14.0+cu130
torch-compile	stable	3	12	1501.1	4	torch-2.14.0+cu130
torch-compile	stable	3	13	1485.8	4	torch-2.14.0+cu130
torch-compile	stable	3	14	1517.3	4	torch-2.14.0+cu130
torch-compile	stable	3	15	1506.1	4	torch-2.14.0+cu130
torch-compile	stable	3	16	1490.4	4	torch-2.14.0+cu130
torch-compile	stable	3	17	1493.5	4	torch-2.14.0+cu130
torch-compile	stable	3	18	1495.1	4	torch-2.14.0+cu130
torch-compile	stable	3	19	1510.6	4	torch-2.14.0+cu130
torch-compile	stable	3	20	1491.3	4	torch-2.14.0+cu130
torch-compile	stable	3	21	1495.6	4	torch-2.14.0+cu130
torch-compile	stable	3	22	1504.9	4	torch-2.14.0+cu130
torch-compile	stable	3	23	1496.1	4	torch-2.14.0+cu130
torch-compile	stable	3	24	1491.3	4	torch-2.14.0+cu130
torch-compile	stable	3	25	1545.0	4	torch-2.14.0+cu130
torch-compile	stable	3	26	1499.4	4	torch-2.14.0+cu130
torch-compile	stable	3	27	1522.1	4	torch-2.14.0+cu130
torch-compile	stable	3	28	1536.4	4	torch-2.14.0+cu130
torch-compile	stable	3	29	1501.1	4	torch-2.14.0+cu130
torch-compile	stable	3	30	1531.1	4	torch-2.14.0+cu130
torch-compile	stable	3	31	1488.2	4	torch-2.14.0+cu130
torch-compile	stable	3	32	1512.8	4	torch-2.14.0+cu130
torch-compile	stable	3	33	1516.1	4	torch-2.14.0+cu130
torch-compile	stable	3	34	1518.2	4	torch-2.14.0+cu130
torch-compile	stable	3	35	1538.5	4	torch-2.14.0+cu130
torch-compile	stable	3	36	1509.0	4	torch-2.14.0+cu130
torch-compile	stable	3	37	1485.1	4	torch-2.14.0+cu130
torch-compile	stable	3	38	1502.3	4	torch-2.14.0+cu130
torch-compile	stable	3	39	1513.7	4	torch-2.14.0+cu130
torch-compile	stable	3	40	1498.5	4	torch-2.14.0+cu130
torch-compile	stable	3	41	1496.8	4	torch-2.14.0+cu130
torch-compile	stable	3	42	1507.5	4	torch-2.14.0+cu130
torch-compile	stable	3	43	1529.5	4	torch-2.14.0+cu130
torch-compile	stable	3	44	1506.8	4	torch-2.14.0+cu130
torch-compile	stable	3	45	1528.3	4	torch-2.14.0+cu130
torch-compile	stable	3	46	1507.8	4	torch-2.14.0+cu130
torch-compile	stable	3	47	1531.8	4	torch-2.14.0+cu130
torch-compile	stable	3	48	1486.3	4	torch-2.14.0+cu130
torch-compile	stable	3	49	1518.0	4	torch-2.14.0+cu130
torch-compile	stable	3	50	1495.4	4	torch-2.14.0+cu130
torch-compile	stable	3	51	1501.3	4	torch-2.14.0+cu130
torch-compile	stable	3	52	1518.7	4	torch-2.14.0+cu130
torch-compile	stable	3	53	1506.6	4	torch-2.14.0+cu130
torch-compile	stable	3	54	1502.3	4	torch-2.14.0+cu130
torch-compile	stable	3	55	1481.3	4	torch-2.14.0+cu130
torch-compile	stable	3	56	1497.7	4	torch-2.14.0+cu130
torch-compile	stable	3	57	1488.9	4	torch-2.14.0+cu130
torch-compile	stable	3	58	1509.4	4	torch-2.14.0+cu130
torch-compile	stable	3	59	1480.1	4	torch-2.14.0+cu130
torch-compile	stable	3	60	1476.5	4	torch-2.14.0+cu130
torch-compile	stable	3	61	1490.4	4	torch-2.14.0+cu130
torch-compile	stable	3	62	1507.5	4	torch-2.14.0+cu130
torch-compile	stable	3	63	1519.4	4	torch-2.14.0+cu130
torch-compile	stable	3	64	1535.2	4	torch-2.14.0+cu130
torch-compile	stable	3	65	1523.3	4	torch-2.14.0+cu130
torch-compile	stable	3	66	1525.2	4	torch-2.14.0+cu130
torch-compile	stable	3	67	1519.2	4	torch-2.14.0+cu130
torch-compile	stable	3	68	1512.3	4	torch-2.14.0+cu130
torch-compile	stable	3	69	1498.2	4	torch-2.14.0+cu130
torch-compile	stable	3	70	1500.6	4	torch-2.14.0+cu130
torch-compile	stable	3	71	1520.9	4	torch-2.14.0+cu130
torch-compile	stable	3	72	1500.1	4	torch-2.14.0+cu130
torch-compile	stable	3	73	1486.5	4	torch-2.14.0+cu130
torch-compile	stable	3	74	1503.2	4	torch-2.14.0+cu130
torch-compile	stable	3	75	1520.4	4	torch-2.14.0+cu130
torch-compile	stable	3	76	1483.4	4	torch-2.14.0+cu130
torch-compile	stable	3	77	1545.2	4	torch-2.14.0+cu130
torch-compile	stable	3	78	1507.8	4	torch-2.14.0+cu130
torch-compile	stable	3	79	1489.4	4	torch-2.14.0+cu130
torch-compile	stable	3	80	1490.6	4	torch-2.14.0+cu130
torch-compile	stable	3	81	1534.5	4	torch-2.14.0+cu130
torch-compile	stable	3	82	1508.0	4	torch-2.14.0+cu130
torch-compile	stable	3	83	1501.6	4	torch-2.14.0+cu130
torch-compile	stable	3	84	1469.6	4	torch-2.14.0+cu130
torch-compile	stable	3	85	1492.3	4	torch-2.14.0+cu130
torch-compile	stable	3	86	1481.5	4	torch-2.14.0+cu130
torch-compile	stable	3	87	1501.6	4	torch-2.14.0+cu130
torch-compile	stable	3	88	1538.5	4	torch-2.14.0+cu130
torch-compile	stable	3	89	1532.1	4	torch-2.14.0+cu130
torch-compile	stable	3	90	1515.2	4	torch-2.14.0+cu130
torch-compile	stable	3	91	1510.1	4	torch-2.14.0+cu130
torch-compile	stable	3	92	1560.2	4	torch-2.14.0+cu130
torch-compile	stable	3	93	1564.7	4	torch-2.14.0+cu130
torch-compile	stable	3	94	1514.2	4	torch-2.14.0+cu130
torch-compile	stable	3	95	1493.2	4	torch-2.14.0+cu130
torch-compile	stable	3	96	1498.7	4	torch-2.14.0+cu130
torch-compile	stable	3	97	1505.6	4	torch-2.14.0+cu130
torch-compile	stable	3	98	1485.3	4	torch-2.14.0+cu130
torch-compile	stable	3	99	1543.5	4	torch-2.14.0+cu130
torch-compile	stable	3	100	1478.2	4	torch-2.14.0+cu130
torch-compile	stable	3	101	1480.6	4	torch-2.14.0+cu130
torch-compile	stable	3	102	1491.3	4	torch-2.14.0+cu130
torch-compile	stable	3	103	1506.8	4	torch-2.14.0+cu130
torch-compile	stable	3	104	1474.1	4	torch-2.14.0+cu130
torch-compile	stable	3	105	1514.0	4	torch-2.14.0+cu130
torch-compile	stable	3	106	1501.1	4	torch-2.14.0+cu130
torch-compile	stable	3	107	1488.4	4	torch-2.14.0+cu130
torch-compile	stable	3	108	1456.3	4	torch-2.14.0+cu130
torch-compile	stable	3	109	1482.5	4	torch-2.14.0+cu130
torch-compile	stable	3	110	1487.7	4	torch-2.14.0+cu130
torch-compile	stable	3	111	1499.7	4	torch-2.14.0+cu130
torch-compile	stable	3	112	1500.8	4	torch-2.14.0+cu130
torch-compile	stable	3	113	1490.6	4	torch-2.14.0+cu130
torch-compile	stable	3	114	1480.1	4	torch-2.14.0+cu130
torch-compile	stable	3	115	1477.7	4	torch-2.14.0+cu130
torch-compile	stable	3	116	1485.6	4	torch-2.14.0+cu130
torch-compile	stable	3	117	1512.1	4	torch-2.14.0+cu130
torch-compile	stable	3	118	1576.2	4	torch-2.14.0+cu130
torch-compile	stable	3	119	1510.6	4	torch-2.14.0+cu130
torch-compile	stable	3	120	1497.7	4	torch-2.14.0+cu130
torch-compile	stable	3	121	1483.7	4	torch-2.14.0+cu130
torch-compile	stable	3	122	1498.7	4	torch-2.14.0+cu130
torch-compile	stable	3	123	1494.6	4	torch-2.14.0+cu130
torch-compile	stable	3	124	1506.1	4	torch-2.14.0+cu130
torch-compile	stable	3	125	1488.7	4	torch-2.14.0+cu130
torch-compile	stable	3	126	1535.2	4	torch-2.14.0+cu130
torch-compile	stable	3	127	1529.9	4	torch-2.14.0+cu130
torch-compile	stable	3	128	1502.5	4	torch-2.14.0+cu130
torch-compile	stable	3	129	1532.6	4	torch-2.14.0+cu130
torch-compile	stable	3	130	1483.0	4	torch-2.14.0+cu130
torch-compile	stable	3	131	1481.5	4	torch-2.14.0+cu130
torch-compile	stable	3	132	1478.4	4	torch-2.14.0+cu130
torch-compile	stable	3	133	1488.2	4	torch-2.14.0+cu130
torch-compile	stable	3	134	1527.5	4	torch-2.14.0+cu130
torch-compile	stable	3	135	1488.0	4	torch-2.14.0+cu130
torch-compile	stable	3	136	1489.6	4	torch-2.14.0+cu130
torch-compile	stable	3	137	1481.1	4	torch-2.14.0+cu130
torch-compile	stable	3	138	1493.5	4	torch-2.14.0+cu130
torch-compile	stable	3	139	1467.5	4	torch-2.14.0+cu130
torch-compile	stable	3	140	1472.9	4	torch-2.14.0+cu130
torch-compile	stable	3	141	1494.2	4	torch-2.14.0+cu130
torch-compile	stable	3	142	1486.5	4	torch-2.14.0+cu130
torch-compile	stable	3	143	1491.5	4	torch-2.14.0+cu130
torch-compile	stable	3	144	1476.5	4	torch-2.14.0+cu130
torch-compile	stable	3	145	1481.1	4	torch-2.14.0+cu130
torch-compile	stable	3	146	1501.1	4	torch-2.14.0+cu130
torch-compile	stable	3	147	1479.1	4	torch-2.14.0+cu130
torch-compile	stable	3	148	1472.0	4	torch-2.14.0+cu130
torch-compile	stable	3	149	1483.9	4	torch-2.14.0+cu130
torch-compile	stable	3	150	1481.1	4	torch-2.14.0+cu130
torch-compile	stable	3	151	1475.1	4	torch-2.14.0+cu130
torch-compile	stable	3	152	1493.7	4	torch-2.14.0+cu130
torch-compile	stable	3	153	1500.4	4	torch-2.14.0+cu130
torch-compile	stable	3	154	1520.9	4	torch-2.14.0+cu130
torch-compile	stable	3	155	1491.5	4	torch-2.14.0+cu130
torch-compile	stable	3	156	1484.6	4	torch-2.14.0+cu130
torch-compile	stable	3	157	1509.4	4	torch-2.14.0+cu130
torch-compile	stable	3	158	1497.5	4	torch-2.14.0+cu130
torch-compile	stable	3	159	1503.5	4	torch-2.14.0+cu130
torch-compile	stable	3	160	1485.1	4	torch-2.14.0+cu130
torch-compile	stable	3	161	1485.6	4	torch-2.14.0+cu130
torch-compile	stable	3	162	1495.1	4	torch-2.14.0+cu130
torch-compile	stable	3	163	1497.5	4	torch-2.14.0+cu130
torch-compile	stable	3	164	1539.9	4	torch-2.14.0+cu130
torch-compile	stable	3	165	1474.1	4	torch-2.14.0+cu130
torch-compile	stable	3	166	1480.6	4	torch-2.14.0+cu130
torch-compile	stable	3	167	1491.3	4	torch-2.14.0+cu130
torch-compile	stable	3	168	1477.5	4	torch-2.14.0+cu130
torch-compile	stable	3	169	1487.5	4	torch-2.14.0+cu130
torch-compile	stable	3	170	1507.5	4	torch-2.14.0+cu130
torch-compile	stable	3	171	1495.4	4	torch-2.14.0+cu130
torch-compile	stable	3	172	1496.3	4	torch-2.14.0+cu130
torch-compile	stable	3	173	1469.9	4	torch-2.14.0+cu130
torch-compile	stable	3	174	1486.8	4	torch-2.14.0+cu130
torch-compile	stable	3	175	1477.7	4	torch-2.14.0+cu130
torch-compile	stable	3	176	1474.6	4	torch-2.14.0+cu130
torch-compile	stable	3	177	1475.1	4	torch-2.14.0+cu130
torch-compile	stable	3	178	1477.5	4	torch-2.14.0+cu130
torch-compile	stable	3	179	1508.7	4	torch-2.14.0+cu130
torch-compile	stable	3	180	1477.5	4	torch-2.14.0+cu130
torch-compile	stable	3	181	1498.9	4	torch-2.14.0+cu130
torch-compile	stable	3	182	1501.6	4	torch-2.14.0+cu130
torch-compile	stable	3	183	1475.1	4	torch-2.14.0+cu130
torch-compile	stable	3	184	1468.9	4	torch-2.14.0+cu130
torch-compile	stable	3	185	1481.1	4	torch-2.14.0+cu130
torch-compile	stable	3	186	1499.4	4	torch-2.14.0+cu130
torch-compile	stable	3	187	1488.2	4	torch-2.14.0+cu130
torch-compile	stable	3	188	1475.3	4	torch-2.14.0+cu130
torch-compile	stable	3	189	1474.4	4	torch-2.14.0+cu130
torch-compile	stable	3	190	1510.6	4	torch-2.14.0+cu130
torch-compile	stable	3	191	1481.3	4	torch-2.14.0+cu130
torch-compile	stable	3	192	1471.8	4	torch-2.14.0+cu130
torch-compile	stable	3	193	1471.8	4	torch-2.14.0+cu130
torch-compile	stable	3	194	1459.4	4	torch-2.14.0+cu130
torch-compile	stable	3	195	1458.6	4	torch-2.14.0+cu130
torch-compile	stable	3	196	1488.2	4	torch-2.14.0+cu130
torch-compile	stable	3	197	1520.9	4	torch-2.14.0+cu130
torch-compile	stable	3	198	1495.1	4	torch-2.14.0+cu130
torch-compile	stable	3	199	1498.7	4	torch-2.14.0+cu130
torch-compile-ro	stable	3	0	786318.5	4	torch-2.14.0+cu130
torch-compile-ro	stable	3	1	39085.6	4	torch-2.14.0+cu130
torch-compile-ro	stable	3	2	1528.3	4	torch-2.14.0+cu130
torch-compile-ro	stable	3	3	1403.3	4	torch-2.14.0+cu130
torch-compile-ro	stable	3	4	1387.1	4	torch-2.14.0+cu130
torch-compile-ro	stable	3	5	1405.7	4	torch-2.14.0+cu130
torch-compile-ro	stable	3	6	1387.6	4	torch-2.14.0+cu130
torch-compile-ro	stable	3	7	1414.1	4	torch-2.14.0+cu130
torch-compile-ro	stable	3	8	1382.4	4	torch-2.14.0+cu130
torch-compile-ro	stable	3	9	1378.3	4	torch-2.14.0+cu130
torch-compile-ro	stable	3	10	1416.0	4	torch-2.14.0+cu130
torch-compile-ro	stable	3	11	1383.8	4	torch-2.14.0+cu130
torch-compile-ro	stable	3	12	1388.1	4	torch-2.14.0+cu130
torch-compile-ro	stable	3	13	1379.0	4	torch-2.14.0+cu130
torch-compile-ro	stable	3	14	1396.7	4	torch-2.14.0+cu130
torch-compile-ro	stable	3	15	1343.0	4	torch-2.14.0+cu130
torch-compile-ro	stable	3	16	1447.0	4	torch-2.14.0+cu130
torch-compile-ro	stable	3	17	1377.8	4	torch-2.14.0+cu130
torch-compile-ro	stable	3	18	1388.5	4	torch-2.14.0+cu130
torch-compile-ro	stable	3	19	1398.8	4	torch-2.14.0+cu130
torch-compile-ro	stable	3	20	1389.5	4	torch-2.14.0+cu130
torch-compile-ro	stable	3	21	1416.7	4	torch-2.14.0+cu130
torch-compile-ro	stable	3	22	1366.9	4	torch-2.14.0+cu130
torch-compile-ro	stable	3	23	1380.9	4	torch-2.14.0+cu130
torch-compile-ro	stable	3	24	1397.4	4	torch-2.14.0+cu130
torch-compile-ro	stable	3	25	1369.7	4	torch-2.14.0+cu130
torch-compile-ro	stable	3	26	1407.1	4	torch-2.14.0+cu130
torch-compile-ro	stable	3	27	1375.0	4	torch-2.14.0+cu130
torch-compile-ro	stable	3	28	1362.1	4	torch-2.14.0+cu130
torch-compile-ro	stable	3	29	1389.0	4	torch-2.14.0+cu130
torch-compile-ro	stable	3	30	1431.9	4	torch-2.14.0+cu130
torch-compile-ro	stable	3	31	1374.2	4	torch-2.14.0+cu130
torch-compile-ro	stable	3	32	1393.6	4	torch-2.14.0+cu130
torch-compile-ro	stable	3	33	1368.0	4	torch-2.14.0+cu130
torch-compile-ro	stable	3	34	1382.1	4	torch-2.14.0+cu130
torch-compile-ro	stable	3	35	1368.0	4	torch-2.14.0+cu130
torch-compile-ro	stable	3	36	1370.2	4	torch-2.14.0+cu130
torch-compile-ro	stable	3	37	1381.4	4	torch-2.14.0+cu130
torch-compile-ro	stable	3	38	1379.7	4	torch-2.14.0+cu130
torch-compile-ro	stable	3	39	1384.7	4	torch-2.14.0+cu130
torch-compile-ro	stable	3	40	1399.5	4	torch-2.14.0+cu130
torch-compile-ro	stable	3	41	1377.8	4	torch-2.14.0+cu130
torch-compile-ro	stable	3	42	1383.8	4	torch-2.14.0+cu130
torch-compile-ro	stable	3	43	1383.3	4	torch-2.14.0+cu130
torch-compile-ro	stable	3	44	1371.4	4	torch-2.14.0+cu130
torch-compile-ro	stable	3	45	1443.9	4	torch-2.14.0+cu130
torch-compile-ro	stable	3	46	1402.9	4	torch-2.14.0+cu130
torch-compile-ro	stable	3	47	1386.6	4	torch-2.14.0+cu130
torch-compile-ro	stable	3	48	1400.2	4	torch-2.14.0+cu130
torch-compile-ro	stable	3	49	1368.5	4	torch-2.14.0+cu130
torch-compile-ro	stable	3	50	1366.4	4	torch-2.14.0+cu130
torch-compile-ro	stable	3	51	1385.2	4	torch-2.14.0+cu130
torch-compile-ro	stable	3	52	1365.7	4	torch-2.14.0+cu130
torch-compile-ro	stable	3	53	1367.8	4	torch-2.14.0+cu130
torch-compile-ro	stable	3	54	1378.3	4	torch-2.14.0+cu130
torch-compile-ro	stable	3	55	1365.9	4	torch-2.14.0+cu130
torch-compile-ro	stable	3	56	1372.1	4	torch-2.14.0+cu130
torch-compile-ro	stable	3	57	1380.9	4	torch-2.14.0+cu130
torch-compile-ro	stable	3	58	1392.6	4	torch-2.14.0+cu130
torch-compile-ro	stable	3	59	1372.1	4	torch-2.14.0+cu130
torch-compile-ro	stable	3	60	1390.5	4	torch-2.14.0+cu130
torch-compile-ro	stable	3	61	1368.5	4	torch-2.14.0+cu130
torch-compile-ro	stable	3	62	1377.6	4	torch-2.14.0+cu130
torch-compile-ro	stable	3	63	1380.7	4	torch-2.14.0+cu130
torch-compile-ro	stable	3	64	1377.8	4	torch-2.14.0+cu130
torch-compile-ro	stable	3	65	1371.1	4	torch-2.14.0+cu130
torch-compile-ro	stable	3	66	1362.1	4	torch-2.14.0+cu130
torch-compile-ro	stable	3	67	1360.2	4	torch-2.14.0+cu130
torch-compile-ro	stable	3	68	1365.2	4	torch-2.14.0+cu130
torch-compile-ro	stable	3	69	1388.8	4	torch-2.14.0+cu130
torch-compile-ro	stable	3	70	1365.9	4	torch-2.14.0+cu130
torch-compile-ro	stable	3	71	1375.2	4	torch-2.14.0+cu130
torch-compile-ro	stable	3	72	1386.2	4	torch-2.14.0+cu130
torch-compile-ro	stable	3	73	1424.6	4	torch-2.14.0+cu130
torch-compile-ro	stable	3	74	1377.3	4	torch-2.14.0+cu130
torch-compile-ro	stable	3	75	1363.5	4	torch-2.14.0+cu130
torch-compile-ro	stable	3	76	1364.0	4	torch-2.14.0+cu130
torch-compile-ro	stable	3	77	1393.3	4	torch-2.14.0+cu130
torch-compile-ro	stable	3	78	1381.6	4	torch-2.14.0+cu130
torch-compile-ro	stable	3	79	1373.1	4	torch-2.14.0+cu130
torch-compile-ro	stable	3	80	1372.1	4	torch-2.14.0+cu130
torch-compile-ro	stable	3	81	1364.7	4	torch-2.14.0+cu130
torch-compile-ro	stable	3	82	1383.1	4	torch-2.14.0+cu130
torch-compile-ro	stable	3	83	1396.9	4	torch-2.14.0+cu130
torch-compile-ro	stable	3	84	1366.4	4	torch-2.14.0+cu130
torch-compile-ro	stable	3	85	1411.9	4	torch-2.14.0+cu130
torch-compile-ro	stable	3	86	1383.1	4	torch-2.14.0+cu130
torch-compile-ro	stable	3	87	1375.9	4	torch-2.14.0+cu130
torch-compile-ro	stable	3	88	1354.0	4	torch-2.14.0+cu130
torch-compile-ro	stable	3	89	1371.4	4	torch-2.14.0+cu130
torch-compile-ro	stable	3	90	1363.3	4	torch-2.14.0+cu130
torch-compile-ro	stable	3	91	1385.0	4	torch-2.14.0+cu130
torch-compile-ro	stable	3	92	1373.1	4	torch-2.14.0+cu130
torch-compile-ro	stable	3	93	1375.0	4	torch-2.14.0+cu130
torch-compile-ro	stable	3	94	1384.5	4	torch-2.14.0+cu130
torch-compile-ro	stable	3	95	1411.2	4	torch-2.14.0+cu130
torch-compile-ro	stable	3	96	1380.2	4	torch-2.14.0+cu130
torch-compile-ro	stable	3	97	1369.2	4	torch-2.14.0+cu130
torch-compile-ro	stable	3	98	1390.0	4	torch-2.14.0+cu130
torch-compile-ro	stable	3	99	1382.6	4	torch-2.14.0+cu130
torch-compile-ro	stable	3	100	1400.2	4	torch-2.14.0+cu130
torch-compile-ro	stable	3	101	1367.1	4	torch-2.14.0+cu130
torch-compile-ro	stable	3	102	1390.2	4	torch-2.14.0+cu130
torch-compile-ro	stable	3	103	1396.7	4	torch-2.14.0+cu130
torch-compile-ro	stable	3	104	1398.8	4	torch-2.14.0+cu130
torch-compile-ro	stable	3	105	1358.3	4	torch-2.14.0+cu130
torch-compile-ro	stable	3	106	1379.0	4	torch-2.14.0+cu130
torch-compile-ro	stable	3	107	1384.7	4	torch-2.14.0+cu130
torch-compile-ro	stable	3	108	1373.8	4	torch-2.14.0+cu130
torch-compile-ro	stable	3	109	1375.2	4	torch-2.14.0+cu130
torch-compile-ro	stable	3	110	1417.2	4	torch-2.14.0+cu130
torch-compile-ro	stable	3	111	1425.3	4	torch-2.14.0+cu130
torch-compile-ro	stable	3	112	1379.5	4	torch-2.14.0+cu130
torch-compile-ro	stable	3	113	1355.6	4	torch-2.14.0+cu130
torch-compile-ro	stable	3	114	1378.5	4	torch-2.14.0+cu130
torch-compile-ro	stable	3	115	1371.9	4	torch-2.14.0+cu130
torch-compile-ro	stable	3	116	1361.8	4	torch-2.14.0+cu130
torch-compile-ro	stable	3	117	1386.4	4	torch-2.14.0+cu130
torch-compile-ro	stable	3	118	1374.2	4	torch-2.14.0+cu130
torch-compile-ro	stable	3	119	1379.0	4	torch-2.14.0+cu130
torch-compile-ro	stable	3	120	1351.8	4	torch-2.14.0+cu130
torch-compile-ro	stable	3	121	1371.6	4	torch-2.14.0+cu130
torch-compile-ro	stable	3	122	1373.5	4	torch-2.14.0+cu130
torch-compile-ro	stable	3	123	1426.9	4	torch-2.14.0+cu130
torch-compile-ro	stable	3	124	1367.6	4	torch-2.14.0+cu130
torch-compile-ro	stable	3	125	1396.4	4	torch-2.14.0+cu130
torch-compile-ro	stable	3	126	1360.2	4	torch-2.14.0+cu130
torch-compile-ro	stable	3	127	1365.7	4	torch-2.14.0+cu130
torch-compile-ro	stable	3	128	1353.7	4	torch-2.14.0+cu130
torch-compile-ro	stable	3	129	1380.0	4	torch-2.14.0+cu130
torch-compile-ro	stable	3	130	1386.2	4	torch-2.14.0+cu130
torch-compile-ro	stable	3	131	1380.2	4	torch-2.14.0+cu130
torch-compile-ro	stable	3	132	1387.1	4	torch-2.14.0+cu130
torch-compile-ro	stable	3	133	1389.0	4	torch-2.14.0+cu130
torch-compile-ro	stable	3	134	1396.4	4	torch-2.14.0+cu130
torch-compile-ro	stable	3	135	1357.3	4	torch-2.14.0+cu130
torch-compile-ro	stable	3	136	1364.5	4	torch-2.14.0+cu130
torch-compile-ro	stable	3	137	1376.2	4	torch-2.14.0+cu130
torch-compile-ro	stable	3	138	1414.5	4	torch-2.14.0+cu130
torch-compile-ro	stable	3	139	1367.1	4	torch-2.14.0+cu130
torch-compile-ro	stable	3	140	1365.2	4	torch-2.14.0+cu130
torch-compile-ro	stable	3	141	1377.1	4	torch-2.14.0+cu130
torch-compile-ro	stable	3	142	1369.2	4	torch-2.14.0+cu130
torch-compile-ro	stable	3	143	1372.6	4	torch-2.14.0+cu130
torch-compile-ro	stable	3	144	1399.0	4	torch-2.14.0+cu130
torch-compile-ro	stable	3	145	1358.5	4	torch-2.14.0+cu130
torch-compile-ro	stable	3	146	1374.5	4	torch-2.14.0+cu130
torch-compile-ro	stable	3	147	1353.0	4	torch-2.14.0+cu130
torch-compile-ro	stable	3	148	1384.5	4	torch-2.14.0+cu130
torch-compile-ro	stable	3	149	1402.4	4	torch-2.14.0+cu130
torch-compile-ro	stable	3	150	1372.6	4	torch-2.14.0+cu130
torch-compile-ro	stable	3	151	1357.3	4	torch-2.14.0+cu130
torch-compile-ro	stable	3	152	1372.1	4	torch-2.14.0+cu130
torch-compile-ro	stable	3	153	1397.8	4	torch-2.14.0+cu130
torch-compile-ro	stable	3	154	1364.0	4	torch-2.14.0+cu130
torch-compile-ro	stable	3	155	1376.6	4	torch-2.14.0+cu130
torch-compile-ro	stable	3	156	1405.7	4	torch-2.14.0+cu130
torch-compile-ro	stable	3	157	1392.8	4	torch-2.14.0+cu130
torch-compile-ro	stable	3	158	1442.4	4	torch-2.14.0+cu130
torch-compile-ro	stable	3	159	1394.5	4	torch-2.14.0+cu130
torch-compile-ro	stable	3	160	1387.1	4	torch-2.14.0+cu130
torch-compile-ro	stable	3	161	1387.4	4	torch-2.14.0+cu130
torch-compile-ro	stable	3	162	1396.2	4	torch-2.14.0+cu130
torch-compile-ro	stable	3	163	1385.9	4	torch-2.14.0+cu130
torch-compile-ro	stable	3	164	1405.2	4	torch-2.14.0+cu130
torch-compile-ro	stable	3	165	1398.3	4	torch-2.14.0+cu130
torch-compile-ro	stable	3	166	1379.5	4	torch-2.14.0+cu130
torch-compile-ro	stable	3	167	1387.4	4	torch-2.14.0+cu130
torch-compile-ro	stable	3	168	1378.5	4	torch-2.14.0+cu130
torch-compile-ro	stable	3	169	1395.0	4	torch-2.14.0+cu130
torch-compile-ro	stable	3	170	1387.1	4	torch-2.14.0+cu130
torch-compile-ro	stable	3	171	1384.5	4	torch-2.14.0+cu130
torch-compile-ro	stable	3	172	1394.0	4	torch-2.14.0+cu130
torch-compile-ro	stable	3	173	1357.3	4	torch-2.14.0+cu130
torch-compile-ro	stable	3	174	1382.8	4	torch-2.14.0+cu130
torch-compile-ro	stable	3	175	1411.7	4	torch-2.14.0+cu130
torch-compile-ro	stable	3	176	1406.0	4	torch-2.14.0+cu130
torch-compile-ro	stable	3	177	1379.5	4	torch-2.14.0+cu130
torch-compile-ro	stable	3	178	1395.5	4	torch-2.14.0+cu130
torch-compile-ro	stable	3	179	1388.8	4	torch-2.14.0+cu130
torch-compile-ro	stable	3	180	1391.9	4	torch-2.14.0+cu130
torch-compile-ro	stable	3	181	1406.0	4	torch-2.14.0+cu130
torch-compile-ro	stable	3	182	1406.9	4	torch-2.14.0+cu130
torch-compile-ro	stable	3	183	1395.0	4	torch-2.14.0+cu130
torch-compile-ro	stable	3	184	1378.1	4	torch-2.14.0+cu130
torch-compile-ro	stable	3	185	1419.5	4	torch-2.14.0+cu130
torch-compile-ro	stable	3	186	1380.4	4	torch-2.14.0+cu130
torch-compile-ro	stable	3	187	1385.9	4	torch-2.14.0+cu130
torch-compile-ro	stable	3	188	1388.1	4	torch-2.14.0+cu130
torch-compile-ro	stable	3	189	1381.4	4	torch-2.14.0+cu130
torch-compile-ro	stable	3	190	1381.6	4	torch-2.14.0+cu130
torch-compile-ro	stable	3	191	1385.5	4	torch-2.14.0+cu130
torch-compile-ro	stable	3	192	1396.9	4	torch-2.14.0+cu130
torch-compile-ro	stable	3	193	1395.5	4	torch-2.14.0+cu130
torch-compile-ro	stable	3	194	1376.2	4	torch-2.14.0+cu130
torch-compile-ro	stable	3	195	1386.9	4	torch-2.14.0+cu130
torch-compile-ro	stable	3	196	1397.1	4	torch-2.14.0+cu130
torch-compile-ro	stable	3	197	1389.7	4	torch-2.14.0+cu130
torch-compile-ro	stable	3	198	1409.8	4	torch-2.14.0+cu130
torch-compile-ro	stable	3	199	1403.6	4	torch-2.14.0+cu130
torch-compile-mat	stable	3	0	848826.2	4	torch-2.14.0+cu130
torch-compile-mat	stable	3	1	41101.9	4	torch-2.14.0+cu130
torch-compile-mat	stable	3	2	1494.6	4	torch-2.14.0+cu130
torch-compile-mat	stable	3	3	1370.9	4	torch-2.14.0+cu130
torch-compile-mat	stable	3	4	1347.5	4	torch-2.14.0+cu130
torch-compile-mat	stable	3	5	1368.0	4	torch-2.14.0+cu130
torch-compile-mat	stable	3	6	1401.9	4	torch-2.14.0+cu130
torch-compile-mat	stable	3	7	1359.5	4	torch-2.14.0+cu130
torch-compile-mat	stable	3	8	1356.8	4	torch-2.14.0+cu130
torch-compile-mat	stable	3	9	1352.8	4	torch-2.14.0+cu130
torch-compile-mat	stable	3	10	1362.8	4	torch-2.14.0+cu130
torch-compile-mat	stable	3	11	1363.0	4	torch-2.14.0+cu130
torch-compile-mat	stable	3	12	1344.7	4	torch-2.14.0+cu130
torch-compile-mat	stable	3	13	1358.3	4	torch-2.14.0+cu130
torch-compile-mat	stable	3	14	1367.1	4	torch-2.14.0+cu130
torch-compile-mat	stable	3	15	1360.7	4	torch-2.14.0+cu130
torch-compile-mat	stable	3	16	1343.3	4	torch-2.14.0+cu130
torch-compile-mat	stable	3	17	1376.9	4	torch-2.14.0+cu130
torch-compile-mat	stable	3	18	1353.5	4	torch-2.14.0+cu130
torch-compile-mat	stable	3	19	1372.6	4	torch-2.14.0+cu130
torch-compile-mat	stable	3	20	1350.2	4	torch-2.14.0+cu130
torch-compile-mat	stable	3	21	1370.0	4	torch-2.14.0+cu130
torch-compile-mat	stable	3	22	1332.8	4	torch-2.14.0+cu130
torch-compile-mat	stable	3	23	1347.1	4	torch-2.14.0+cu130
torch-compile-mat	stable	3	24	1355.2	4	torch-2.14.0+cu130
torch-compile-mat	stable	3	25	1332.8	4	torch-2.14.0+cu130
torch-compile-mat	stable	3	26	1350.2	4	torch-2.14.0+cu130
torch-compile-mat	stable	3	27	1365.7	4	torch-2.14.0+cu130
torch-compile-mat	stable	3	28	1356.1	4	torch-2.14.0+cu130
torch-compile-mat	stable	3	29	1355.2	4	torch-2.14.0+cu130
torch-compile-mat	stable	3	30	1358.3	4	torch-2.14.0+cu130
torch-compile-mat	stable	3	31	1388.5	4	torch-2.14.0+cu130
torch-compile-mat	stable	3	32	1361.6	4	torch-2.14.0+cu130
torch-compile-mat	stable	3	33	1380.7	4	torch-2.14.0+cu130
torch-compile-mat	stable	3	34	1357.3	4	torch-2.14.0+cu130
torch-compile-mat	stable	3	35	1354.2	4	torch-2.14.0+cu130
torch-compile-mat	stable	3	36	1339.2	4	torch-2.14.0+cu130
torch-compile-mat	stable	3	37	1354.2	4	torch-2.14.0+cu130
torch-compile-mat	stable	3	38	1358.7	4	torch-2.14.0+cu130
torch-compile-mat	stable	3	39	1354.2	4	torch-2.14.0+cu130
torch-compile-mat	stable	3	40	1346.3	4	torch-2.14.0+cu130
torch-compile-mat	stable	3	41	1333.5	4	torch-2.14.0+cu130
torch-compile-mat	stable	3	42	1341.8	4	torch-2.14.0+cu130
torch-compile-mat	stable	3	43	1334.4	4	torch-2.14.0+cu130
torch-compile-mat	stable	3	44	1346.3	4	torch-2.14.0+cu130
torch-compile-mat	stable	3	45	1376.9	4	torch-2.14.0+cu130
torch-compile-mat	stable	3	46	1423.1	4	torch-2.14.0+cu130
torch-compile-mat	stable	3	47	1352.5	4	torch-2.14.0+cu130
torch-compile-mat	stable	3	48	1364.5	4	torch-2.14.0+cu130
torch-compile-mat	stable	3	49	1343.0	4	torch-2.14.0+cu130
torch-compile-mat	stable	3	50	1319.2	4	torch-2.14.0+cu130
torch-compile-mat	stable	3	51	1350.2	4	torch-2.14.0+cu130
torch-compile-mat	stable	3	52	1362.3	4	torch-2.14.0+cu130
torch-compile-mat	stable	3	53	1332.5	4	torch-2.14.0+cu130
torch-compile-mat	stable	3	54	1360.7	4	torch-2.14.0+cu130
torch-compile-mat	stable	3	55	1343.7	4	torch-2.14.0+cu130
torch-compile-mat	stable	3	56	1366.4	4	torch-2.14.0+cu130
torch-compile-mat	stable	3	57	1371.6	4	torch-2.14.0+cu130
torch-compile-mat	stable	3	58	1340.4	4	torch-2.14.0+cu130
torch-compile-mat	stable	3	59	1361.4	4	torch-2.14.0+cu130
torch-compile-mat	stable	3	60	1328.5	4	torch-2.14.0+cu130
torch-compile-mat	stable	3	61	1383.1	4	torch-2.14.0+cu130
torch-compile-mat	stable	3	62	1352.8	4	torch-2.14.0+cu130
torch-compile-mat	stable	3	63	1330.6	4	torch-2.14.0+cu130
torch-compile-mat	stable	3	64	1394.7	4	torch-2.14.0+cu130
torch-compile-mat	stable	3	65	1334.4	4	torch-2.14.0+cu130
torch-compile-mat	stable	3	66	1331.3	4	torch-2.14.0+cu130
torch-compile-mat	stable	3	67	1360.4	4	torch-2.14.0+cu130
torch-compile-mat	stable	3	68	1339.9	4	torch-2.14.0+cu130
torch-compile-mat	stable	3	69	1372.6	4	torch-2.14.0+cu130
torch-compile-mat	stable	3	70	1342.1	4	torch-2.14.0+cu130
torch-compile-mat	stable	3	71	1355.4	4	torch-2.14.0+cu130
torch-compile-mat	stable	3	72	1370.0	4	torch-2.14.0+cu130
torch-compile-mat	stable	3	73	1328.0	4	torch-2.14.0+cu130
torch-compile-mat	stable	3	74	1354.2	4	torch-2.14.0+cu130
torch-compile-mat	stable	3	75	1354.9	4	torch-2.14.0+cu130
torch-compile-mat	stable	3	76	1379.5	4	torch-2.14.0+cu130
torch-compile-mat	stable	3	77	1343.7	4	torch-2.14.0+cu130
torch-compile-mat	stable	3	78	1356.8	4	torch-2.14.0+cu130
torch-compile-mat	stable	3	79	1382.4	4	torch-2.14.0+cu130
torch-compile-mat	stable	3	80	1379.7	4	torch-2.14.0+cu130
torch-compile-mat	stable	3	81	1365.4	4	torch-2.14.0+cu130
torch-compile-mat	stable	3	82	1357.1	4	torch-2.14.0+cu130
torch-compile-mat	stable	3	83	1362.6	4	torch-2.14.0+cu130
torch-compile-mat	stable	3	84	1387.6	4	torch-2.14.0+cu130
torch-compile-mat	stable	3	85	1343.3	4	torch-2.14.0+cu130
torch-compile-mat	stable	3	86	1343.3	4	torch-2.14.0+cu130
torch-compile-mat	stable	3	87	1352.5	4	torch-2.14.0+cu130
torch-compile-mat	stable	3	88	1348.0	4	torch-2.14.0+cu130
torch-compile-mat	stable	3	89	1355.4	4	torch-2.14.0+cu130
torch-compile-mat	stable	3	90	1377.6	4	torch-2.14.0+cu130
torch-compile-mat	stable	3	91	1390.7	4	torch-2.14.0+cu130
torch-compile-mat	stable	3	92	1351.8	4	torch-2.14.0+cu130
torch-compile-mat	stable	3	93	1382.8	4	torch-2.14.0+cu130
torch-compile-mat	stable	3	94	1353.7	4	torch-2.14.0+cu130
torch-compile-mat	stable	3	95	1362.3	4	torch-2.14.0+cu130
torch-compile-mat	stable	3	96	1336.8	4	torch-2.14.0+cu130
torch-compile-mat	stable	3	97	1337.1	4	torch-2.14.0+cu130
torch-compile-mat	stable	3	98	1356.6	4	torch-2.14.0+cu130
torch-compile-mat	stable	3	99	1354.0	4	torch-2.14.0+cu130
torch-compile-mat	stable	3	100	1350.9	4	torch-2.14.0+cu130
torch-compile-mat	stable	3	101	1348.7	4	torch-2.14.0+cu130
torch-compile-mat	stable	3	102	1343.5	4	torch-2.14.0+cu130
torch-compile-mat	stable	3	103	1354.5	4	torch-2.14.0+cu130
torch-compile-mat	stable	3	104	1364.5	4	torch-2.14.0+cu130
torch-compile-mat	stable	3	105	1358.0	4	torch-2.14.0+cu130
torch-compile-mat	stable	3	106	1363.8	4	torch-2.14.0+cu130
torch-compile-mat	stable	3	107	1375.0	4	torch-2.14.0+cu130
torch-compile-mat	stable	3	108	1383.3	4	torch-2.14.0+cu130
torch-compile-mat	stable	3	109	1389.5	4	torch-2.14.0+cu130
torch-compile-mat	stable	3	110	1341.3	4	torch-2.14.0+cu130
torch-compile-mat	stable	3	111	1340.6	4	torch-2.14.0+cu130
torch-compile-mat	stable	3	112	1328.7	4	torch-2.14.0+cu130
torch-compile-mat	stable	3	113	1349.9	4	torch-2.14.0+cu130
torch-compile-mat	stable	3	114	1363.5	4	torch-2.14.0+cu130
torch-compile-mat	stable	3	115	1336.6	4	torch-2.14.0+cu130
torch-compile-mat	stable	3	116	1396.2	4	torch-2.14.0+cu130
torch-compile-mat	stable	3	117	1342.5	4	torch-2.14.0+cu130
torch-compile-mat	stable	3	118	1357.8	4	torch-2.14.0+cu130
torch-compile-mat	stable	3	119	1374.2	4	torch-2.14.0+cu130
torch-compile-mat	stable	3	120	1336.8	4	torch-2.14.0+cu130
torch-compile-mat	stable	3	121	1361.8	4	torch-2.14.0+cu130
torch-compile-mat	stable	3	122	1354.0	4	torch-2.14.0+cu130
torch-compile-mat	stable	3	123	1337.1	4	torch-2.14.0+cu130
torch-compile-mat	stable	3	124	1351.8	4	torch-2.14.0+cu130
torch-compile-mat	stable	3	125	1354.7	4	torch-2.14.0+cu130
torch-compile-mat	stable	3	126	1355.9	4	torch-2.14.0+cu130
torch-compile-mat	stable	3	127	1334.4	4	torch-2.14.0+cu130
torch-compile-mat	stable	3	128	1362.8	4	torch-2.14.0+cu130
torch-compile-mat	stable	3	129	1387.6	4	torch-2.14.0+cu130
torch-compile-mat	stable	3	130	1346.8	4	torch-2.14.0+cu130
torch-compile-mat	stable	3	131	1339.2	4	torch-2.14.0+cu130
torch-compile-mat	stable	3	132	1345.6	4	torch-2.14.0+cu130
torch-compile-mat	stable	3	133	1338.0	4	torch-2.14.0+cu130
torch-compile-mat	stable	3	134	1342.3	4	torch-2.14.0+cu130
torch-compile-mat	stable	3	135	1365.2	4	torch-2.14.0+cu130
torch-compile-mat	stable	3	136	1335.4	4	torch-2.14.0+cu130
torch-compile-mat	stable	3	137	1348.0	4	torch-2.14.0+cu130
torch-compile-mat	stable	3	138	1346.3	4	torch-2.14.0+cu130
torch-compile-mat	stable	3	139	1336.3	4	torch-2.14.0+cu130
torch-compile-mat	stable	3	140	1373.5	4	torch-2.14.0+cu130
torch-compile-mat	stable	3	141	1355.2	4	torch-2.14.0+cu130
torch-compile-mat	stable	3	142	1352.8	4	torch-2.14.0+cu130
torch-compile-mat	stable	3	143	1329.4	4	torch-2.14.0+cu130
torch-compile-mat	stable	3	144	1336.6	4	torch-2.14.0+cu130
torch-compile-mat	stable	3	145	1353.7	4	torch-2.14.0+cu130
torch-compile-mat	stable	3	146	1380.7	4	torch-2.14.0+cu130
torch-compile-mat	stable	3	147	1346.8	4	torch-2.14.0+cu130
torch-compile-mat	stable	3	148	1354.2	4	torch-2.14.0+cu130
torch-compile-mat	stable	3	149	1362.1	4	torch-2.14.0+cu130
torch-compile-mat	stable	3	150	1342.3	4	torch-2.14.0+cu130
torch-compile-mat	stable	3	151	1348.7	4	torch-2.14.0+cu130
torch-compile-mat	stable	3	152	1341.3	4	torch-2.14.0+cu130
torch-compile-mat	stable	3	153	1364.9	4	torch-2.14.0+cu130
torch-compile-mat	stable	3	154	1359.7	4	torch-2.14.0+cu130
torch-compile-mat	stable	3	155	1348.5	4	torch-2.14.0+cu130
torch-compile-mat	stable	3	156	1340.2	4	torch-2.14.0+cu130
torch-compile-mat	stable	3	157	1349.4	4	torch-2.14.0+cu130
torch-compile-mat	stable	3	158	1338.2	4	torch-2.14.0+cu130
torch-compile-mat	stable	3	159	1351.6	4	torch-2.14.0+cu130
torch-compile-mat	stable	3	160	1360.9	4	torch-2.14.0+cu130
torch-compile-mat	stable	3	161	1361.1	4	torch-2.14.0+cu130
torch-compile-mat	stable	3	162	1348.5	4	torch-2.14.0+cu130
torch-compile-mat	stable	3	163	1357.3	4	torch-2.14.0+cu130
torch-compile-mat	stable	3	164	1409.1	4	torch-2.14.0+cu130
torch-compile-mat	stable	3	165	1362.3	4	torch-2.14.0+cu130
torch-compile-mat	stable	3	166	1348.5	4	torch-2.14.0+cu130
torch-compile-mat	stable	3	167	1359.5	4	torch-2.14.0+cu130
torch-compile-mat	stable	3	168	1348.3	4	torch-2.14.0+cu130
torch-compile-mat	stable	3	169	1413.8	4	torch-2.14.0+cu130
torch-compile-mat	stable	3	170	1368.3	4	torch-2.14.0+cu130
torch-compile-mat	stable	3	171	1344.9	4	torch-2.14.0+cu130
torch-compile-mat	stable	3	172	1342.1	4	torch-2.14.0+cu130
torch-compile-mat	stable	3	173	1350.2	4	torch-2.14.0+cu130
torch-compile-mat	stable	3	174	1371.4	4	torch-2.14.0+cu130
torch-compile-mat	stable	3	175	1370.7	4	torch-2.14.0+cu130
torch-compile-mat	stable	3	176	1360.7	4	torch-2.14.0+cu130
torch-compile-mat	stable	3	177	1369.0	4	torch-2.14.0+cu130
torch-compile-mat	stable	3	178	1344.4	4	torch-2.14.0+cu130
torch-compile-mat	stable	3	179	1345.6	4	torch-2.14.0+cu130
torch-compile-mat	stable	3	180	1341.1	4	torch-2.14.0+cu130
torch-compile-mat	stable	3	181	1355.9	4	torch-2.14.0+cu130
torch-compile-mat	stable	3	182	1347.5	4	torch-2.14.0+cu130
torch-compile-mat	stable	3	183	1336.8	4	torch-2.14.0+cu130
torch-compile-mat	stable	3	184	1353.0	4	torch-2.14.0+cu130
torch-compile-mat	stable	3	185	1360.2	4	torch-2.14.0+cu130
torch-compile-mat	stable	3	186	1375.4	4	torch-2.14.0+cu130
torch-compile-mat	stable	3	187	1344.7	4	torch-2.14.0+cu130
torch-compile-mat	stable	3	188	1355.4	4	torch-2.14.0+cu130
torch-compile-mat	stable	3	189	1342.8	4	torch-2.14.0+cu130
torch-compile-mat	stable	3	190	1365.9	4	torch-2.14.0+cu130
torch-compile-mat	stable	3	191	1346.8	4	torch-2.14.0+cu130
torch-compile-mat	stable	3	192	1327.0	4	torch-2.14.0+cu130
torch-compile-mat	stable	3	193	1357.8	4	torch-2.14.0+cu130
torch-compile-mat	stable	3	194	1350.4	4	torch-2.14.0+cu130
torch-compile-mat	stable	3	195	1384.5	4	torch-2.14.0+cu130
torch-compile-mat	stable	3	196	1361.1	4	torch-2.14.0+cu130
torch-compile-mat	stable	3	197	1334.7	4	torch-2.14.0+cu130
torch-compile-mat	stable	3	198	1358.7	4	torch-2.14.0+cu130
torch-compile-mat	stable	3	199	1363.8	4	torch-2.14.0+cu130
jax-perlayer	stable	3	0	10833179.7	4	jax-0.11.1
jax-perlayer	stable	3	1	3208.4	4	jax-0.11.1
jax-perlayer	stable	3	2	1786.9	4	jax-0.11.1
jax-perlayer	stable	3	3	1664.9	4	jax-0.11.1
jax-perlayer	stable	3	4	1712.3	4	jax-0.11.1
jax-perlayer	stable	3	5	1832.7	4	jax-0.11.1
jax-perlayer	stable	3	6	1798.4	4	jax-0.11.1
jax-perlayer	stable	3	7	1682.5	4	jax-0.11.1
jax-perlayer	stable	3	8	1651.8	4	jax-0.11.1
jax-perlayer	stable	3	9	1606.5	4	jax-0.11.1
jax-perlayer	stable	3	10	1639.8	4	jax-0.11.1
jax-perlayer	stable	3	11	1618.1	4	jax-0.11.1
jax-perlayer	stable	3	12	1645.6	4	jax-0.11.1
jax-perlayer	stable	3	13	1776.9	4	jax-0.11.1
jax-perlayer	stable	3	14	1703.0	4	jax-0.11.1
jax-perlayer	stable	3	15	1707.1	4	jax-0.11.1
jax-perlayer	stable	3	16	1733.3	4	jax-0.11.1
jax-perlayer	stable	3	17	1714.5	4	jax-0.11.1
jax-perlayer	stable	3	18	1673.0	4	jax-0.11.1
jax-perlayer	stable	3	19	1645.8	4	jax-0.11.1
jax-perlayer	stable	3	20	1707.3	4	jax-0.11.1
jax-perlayer	stable	3	21	1685.6	4	jax-0.11.1
jax-perlayer	stable	3	22	1666.3	4	jax-0.11.1
jax-perlayer	stable	3	23	1696.6	4	jax-0.11.1
jax-perlayer	stable	3	24	1706.8	4	jax-0.11.1
jax-perlayer	stable	3	25	1694.7	4	jax-0.11.1
jax-perlayer	stable	3	26	1694.9	4	jax-0.11.1
jax-perlayer	stable	3	27	1672.5	4	jax-0.11.1
jax-perlayer	stable	3	28	1652.5	4	jax-0.11.1
jax-perlayer	stable	3	29	1713.8	4	jax-0.11.1
jax-perlayer	stable	3	30	1682.3	4	jax-0.11.1
jax-perlayer	stable	3	31	1656.1	4	jax-0.11.1
jax-perlayer	stable	3	32	1720.0	4	jax-0.11.1
jax-perlayer	stable	3	33	1669.2	4	jax-0.11.1
jax-perlayer	stable	3	34	1682.5	4	jax-0.11.1
jax-perlayer	stable	3	35	1678.9	4	jax-0.11.1
jax-perlayer	stable	3	36	1657.0	4	jax-0.11.1
jax-perlayer	stable	3	37	1642.9	4	jax-0.11.1
jax-perlayer	stable	3	38	1650.8	4	jax-0.11.1
jax-perlayer	stable	3	39	1635.8	4	jax-0.11.1
jax-perlayer	stable	3	40	1659.6	4	jax-0.11.1
jax-perlayer	stable	3	41	1664.4	4	jax-0.11.1
jax-perlayer	stable	3	42	1627.4	4	jax-0.11.1
jax-perlayer	stable	3	43	1627.2	4	jax-0.11.1
jax-perlayer	stable	3	44	1715.7	4	jax-0.11.1
jax-perlayer	stable	3	45	1712.6	4	jax-0.11.1
jax-perlayer	stable	3	46	1669.2	4	jax-0.11.1
jax-perlayer	stable	3	47	1661.1	4	jax-0.11.1
jax-perlayer	stable	3	48	1681.8	4	jax-0.11.1
jax-perlayer	stable	3	49	1681.6	4	jax-0.11.1
jax-perlayer	stable	3	50	1669.6	4	jax-0.11.1
jax-perlayer	stable	3	51	1668.5	4	jax-0.11.1
jax-perlayer	stable	3	52	1668.5	4	jax-0.11.1
jax-perlayer	stable	3	53	1672.3	4	jax-0.11.1
jax-perlayer	stable	3	54	1676.8	4	jax-0.11.1
jax-perlayer	stable	3	55	1688.2	4	jax-0.11.1
jax-perlayer	stable	3	56	1694.0	4	jax-0.11.1
jax-perlayer	stable	3	57	1664.9	4	jax-0.11.1
jax-perlayer	stable	3	58	1691.1	4	jax-0.11.1
jax-perlayer	stable	3	59	1710.7	4	jax-0.11.1
jax-perlayer	stable	3	60	1703.3	4	jax-0.11.1
jax-perlayer	stable	3	61	1687.0	4	jax-0.11.1
jax-perlayer	stable	3	62	1657.0	4	jax-0.11.1
jax-perlayer	stable	3	63	1677.8	4	jax-0.11.1
jax-perlayer	stable	3	64	1694.2	4	jax-0.11.1
jax-perlayer	stable	3	65	1685.4	4	jax-0.11.1
jax-perlayer	stable	3	66	1638.4	4	jax-0.11.1
jax-perlayer	stable	3	67	1667.3	4	jax-0.11.1
jax-perlayer	stable	3	68	1675.6	4	jax-0.11.1
jax-perlayer	stable	3	69	1657.5	4	jax-0.11.1
jax-perlayer	stable	3	70	1677.0	4	jax-0.11.1
jax-perlayer	stable	3	71	1651.8	4	jax-0.11.1
jax-perlayer	stable	3	72	1678.9	4	jax-0.11.1
jax-perlayer	stable	3	73	1674.9	4	jax-0.11.1
jax-perlayer	stable	3	74	1673.5	4	jax-0.11.1
jax-perlayer	stable	3	75	1687.5	4	jax-0.11.1
jax-perlayer	stable	3	76	1658.4	4	jax-0.11.1
jax-perlayer	stable	3	77	1699.7	4	jax-0.11.1
jax-perlayer	stable	3	78	1670.4	4	jax-0.11.1
jax-perlayer	stable	3	79	1663.9	4	jax-0.11.1
jax-perlayer	stable	3	80	1676.1	4	jax-0.11.1
jax-perlayer	stable	3	81	1661.1	4	jax-0.11.1
jax-perlayer	stable	3	82	1678.0	4	jax-0.11.1
jax-perlayer	stable	3	83	1648.4	4	jax-0.11.1
jax-perlayer	stable	3	84	1661.1	4	jax-0.11.1
jax-perlayer	stable	3	85	1647.5	4	jax-0.11.1
jax-perlayer	stable	3	86	1633.9	4	jax-0.11.1
jax-perlayer	stable	3	87	1655.6	4	jax-0.11.1
jax-perlayer	stable	3	88	1671.8	4	jax-0.11.1
jax-perlayer	stable	3	89	1691.8	4	jax-0.11.1
jax-perlayer	stable	3	90	1673.7	4	jax-0.11.1
jax-perlayer	stable	3	91	1706.4	4	jax-0.11.1
jax-perlayer	stable	3	92	1684.2	4	jax-0.11.1
jax-perlayer	stable	3	93	1722.1	4	jax-0.11.1
jax-perlayer	stable	3	94	1768.4	4	jax-0.11.1
jax-perlayer	stable	3	95	1705.4	4	jax-0.11.1
jax-perlayer	stable	3	96	1687.5	4	jax-0.11.1
jax-perlayer	stable	3	97	1708.3	4	jax-0.11.1
jax-perlayer	stable	3	98	1674.2	4	jax-0.11.1
jax-perlayer	stable	3	99	1682.8	4	jax-0.11.1
jax-perlayer	stable	3	100	1639.8	4	jax-0.11.1
jax-perlayer	stable	3	101	1673.7	4	jax-0.11.1
jax-perlayer	stable	3	102	1644.8	4	jax-0.11.1
jax-perlayer	stable	3	103	1726.4	4	jax-0.11.1
jax-perlayer	stable	3	104	1738.1	4	jax-0.11.1
jax-perlayer	stable	3	105	1691.6	4	jax-0.11.1
jax-perlayer	stable	3	106	1689.7	4	jax-0.11.1
jax-perlayer	stable	3	107	1675.4	4	jax-0.11.1
jax-perlayer	stable	3	108	1673.5	4	jax-0.11.1
jax-perlayer	stable	3	109	1668.5	4	jax-0.11.1
jax-perlayer	stable	3	110	1669.4	4	jax-0.11.1
jax-perlayer	stable	3	111	1682.3	4	jax-0.11.1
jax-perlayer	stable	3	112	1680.4	4	jax-0.11.1
jax-perlayer	stable	3	113	1669.2	4	jax-0.11.1
jax-perlayer	stable	3	114	1665.1	4	jax-0.11.1
jax-perlayer	stable	3	115	1687.5	4	jax-0.11.1
jax-perlayer	stable	3	116	1674.2	4	jax-0.11.1
jax-perlayer	stable	3	117	1659.4	4	jax-0.11.1
jax-perlayer	stable	3	118	1696.3	4	jax-0.11.1
jax-perlayer	stable	3	119	1658.4	4	jax-0.11.1
jax-perlayer	stable	3	120	1670.8	4	jax-0.11.1
jax-perlayer	stable	3	121	1647.9	4	jax-0.11.1
jax-perlayer	stable	3	122	1667.5	4	jax-0.11.1
jax-perlayer	stable	3	123	1660.3	4	jax-0.11.1
jax-perlayer	stable	3	124	1639.1	4	jax-0.11.1
jax-perlayer	stable	3	125	1663.2	4	jax-0.11.1
jax-perlayer	stable	3	126	1679.9	4	jax-0.11.1
jax-perlayer	stable	3	127	1660.3	4	jax-0.11.1
jax-perlayer	stable	3	128	1678.9	4	jax-0.11.1
jax-perlayer	stable	3	129	1630.1	4	jax-0.11.1
jax-perlayer	stable	3	130	1682.3	4	jax-0.11.1
jax-perlayer	stable	3	131	1674.7	4	jax-0.11.1
jax-perlayer	stable	3	132	1671.3	4	jax-0.11.1
jax-perlayer	stable	3	133	1668.7	4	jax-0.11.1
jax-perlayer	stable	3	134	1670.1	4	jax-0.11.1
jax-perlayer	stable	3	135	1649.9	4	jax-0.11.1
jax-perlayer	stable	3	136	1670.4	4	jax-0.11.1
jax-perlayer	stable	3	137	1672.7	4	jax-0.11.1
jax-perlayer	stable	3	138	1664.2	4	jax-0.11.1
jax-perlayer	stable	3	139	1654.9	4	jax-0.11.1
jax-perlayer	stable	3	140	1666.3	4	jax-0.11.1
jax-perlayer	stable	3	141	1650.1	4	jax-0.11.1
jax-perlayer	stable	3	142	1696.1	4	jax-0.11.1
jax-perlayer	stable	3	143	1653.2	4	jax-0.11.1
jax-perlayer	stable	3	144	1672.7	4	jax-0.11.1
jax-perlayer	stable	3	145	1665.6	4	jax-0.11.1
jax-perlayer	stable	3	146	1686.1	4	jax-0.11.1
jax-perlayer	stable	3	147	1677.3	4	jax-0.11.1
jax-perlayer	stable	3	148	1669.6	4	jax-0.11.1
jax-perlayer	stable	3	149	1671.6	4	jax-0.11.1
jax-perlayer	stable	3	150	1680.6	4	jax-0.11.1
jax-perlayer	stable	3	151	1681.1	4	jax-0.11.1
jax-perlayer	stable	3	152	1653.0	4	jax-0.11.1
jax-perlayer	stable	3	153	1704.9	4	jax-0.11.1
jax-perlayer	stable	3	154	1674.4	4	jax-0.11.1
jax-perlayer	stable	3	155	1670.1	4	jax-0.11.1
jax-perlayer	stable	3	156	1668.5	4	jax-0.11.1
jax-perlayer	stable	3	157	1681.3	4	jax-0.11.1
jax-perlayer	stable	3	158	1669.4	4	jax-0.11.1
jax-perlayer	stable	3	159	1679.7	4	jax-0.11.1
jax-perlayer	stable	3	160	1673.7	4	jax-0.11.1
jax-perlayer	stable	3	161	1671.3	4	jax-0.11.1
jax-perlayer	stable	3	162	1698.0	4	jax-0.11.1
jax-perlayer	stable	3	163	1685.4	4	jax-0.11.1
jax-perlayer	stable	3	164	1673.9	4	jax-0.11.1
jax-perlayer	stable	3	165	1672.5	4	jax-0.11.1
jax-perlayer	stable	3	166	1674.4	4	jax-0.11.1
jax-perlayer	stable	3	167	1672.7	4	jax-0.11.1
jax-perlayer	stable	3	168	1674.9	4	jax-0.11.1
jax-perlayer	stable	3	169	1668.9	4	jax-0.11.1
jax-perlayer	stable	3	170	1668.7	4	jax-0.11.1
jax-perlayer	stable	3	171	1642.2	4	jax-0.11.1
jax-perlayer	stable	3	172	1657.7	4	jax-0.11.1
jax-perlayer	stable	3	173	1649.4	4	jax-0.11.1
jax-perlayer	stable	3	174	1664.4	4	jax-0.11.1
jax-perlayer	stable	3	175	1643.7	4	jax-0.11.1
jax-perlayer	stable	3	176	1654.6	4	jax-0.11.1
jax-perlayer	stable	3	177	1640.6	4	jax-0.11.1
jax-perlayer	stable	3	178	1649.6	4	jax-0.11.1
jax-perlayer	stable	3	179	1644.4	4	jax-0.11.1
jax-perlayer	stable	3	180	1645.6	4	jax-0.11.1
jax-perlayer	stable	3	181	1665.1	4	jax-0.11.1
jax-perlayer	stable	3	182	1643.7	4	jax-0.11.1
jax-perlayer	stable	3	183	1659.9	4	jax-0.11.1
jax-perlayer	stable	3	184	1650.8	4	jax-0.11.1
jax-perlayer	stable	3	185	1641.3	4	jax-0.11.1
jax-perlayer	stable	3	186	1759.3	4	jax-0.11.1
jax-perlayer	stable	3	187	1645.1	4	jax-0.11.1
jax-perlayer	stable	3	188	1657.5	4	jax-0.11.1
jax-perlayer	stable	3	189	1642.5	4	jax-0.11.1
jax-perlayer	stable	3	190	1657.7	4	jax-0.11.1
jax-perlayer	stable	3	191	1630.8	4	jax-0.11.1
jax-perlayer	stable	3	192	1655.8	4	jax-0.11.1
jax-perlayer	stable	3	193	1674.2	4	jax-0.11.1
jax-perlayer	stable	3	194	1652.2	4	jax-0.11.1
jax-perlayer	stable	3	195	1655.1	4	jax-0.11.1
jax-perlayer	stable	3	196	1662.3	4	jax-0.11.1
jax-perlayer	stable	3	197	1635.8	4	jax-0.11.1
jax-perlayer	stable	3	198	1695.9	4	jax-0.11.1
jax-perlayer	stable	3	199	1675.8	4	jax-0.11.1
jax-while	stable	3	0	7265847.2	4	jax-0.11.1
jax-while	stable	3	1	1832.7	4	jax-0.11.1
jax-while	stable	3	2	1566.2	4	jax-0.11.1
jax-while	stable	3	3	1449.1	4	jax-0.11.1
jax-while	stable	3	4	1361.6	4	jax-0.11.1
jax-while	stable	3	5	1405.7	4	jax-0.11.1
jax-while	stable	3	6	1370.2	4	jax-0.11.1
jax-while	stable	3	7	1370.7	4	jax-0.11.1
jax-while	stable	3	8	1445.8	4	jax-0.11.1
jax-while	stable	3	9	1438.4	4	jax-0.11.1
jax-while	stable	3	10	1391.6	4	jax-0.11.1
jax-while	stable	3	11	1400.7	4	jax-0.11.1
jax-while	stable	3	12	1423.6	4	jax-0.11.1
jax-while	stable	3	13	1377.8	4	jax-0.11.1
jax-while	stable	3	14	1400.5	4	jax-0.11.1
jax-while	stable	3	15	1412.4	4	jax-0.11.1
jax-while	stable	3	16	1376.4	4	jax-0.11.1
jax-while	stable	3	17	1411.9	4	jax-0.11.1
jax-while	stable	3	18	1343.0	4	jax-0.11.1
jax-while	stable	3	19	1322.3	4	jax-0.11.1
jax-while	stable	3	20	1352.1	4	jax-0.11.1
jax-while	stable	3	21	1348.3	4	jax-0.11.1
jax-while	stable	3	22	1326.3	4	jax-0.11.1
jax-while	stable	3	23	1338.7	4	jax-0.11.1
jax-while	stable	3	24	1341.1	4	jax-0.11.1
jax-while	stable	3	25	1304.1	4	jax-0.11.1
jax-while	stable	3	26	1333.0	4	jax-0.11.1
jax-while	stable	3	27	1371.6	4	jax-0.11.1
jax-while	stable	3	28	1342.5	4	jax-0.11.1
jax-while	stable	3	29	1332.5	4	jax-0.11.1
jax-while	stable	3	30	1299.4	4	jax-0.11.1
jax-while	stable	3	31	1359.7	4	jax-0.11.1
jax-while	stable	3	32	1335.1	4	jax-0.11.1
jax-while	stable	3	33	1308.4	4	jax-0.11.1
jax-while	stable	3	34	1370.2	4	jax-0.11.1
jax-while	stable	3	35	1348.7	4	jax-0.11.1
jax-while	stable	3	36	1315.8	4	jax-0.11.1
jax-while	stable	3	37	1296.0	4	jax-0.11.1
jax-while	stable	3	38	1329.7	4	jax-0.11.1
jax-while	stable	3	39	1333.5	4	jax-0.11.1
jax-while	stable	3	40	1303.9	4	jax-0.11.1
jax-while	stable	3	41	1338.7	4	jax-0.11.1
jax-while	stable	3	42	1344.2	4	jax-0.11.1
jax-while	stable	3	43	1349.0	4	jax-0.11.1
jax-while	stable	3	44	1407.1	4	jax-0.11.1
jax-while	stable	3	45	1387.1	4	jax-0.11.1
jax-while	stable	3	46	1363.8	4	jax-0.11.1
jax-while	stable	3	47	1360.7	4	jax-0.11.1
jax-while	stable	3	48	1389.3	4	jax-0.11.1
jax-while	stable	3	49	1373.8	4	jax-0.11.1
jax-while	stable	3	50	1393.3	4	jax-0.11.1
jax-while	stable	3	51	1379.0	4	jax-0.11.1
jax-while	stable	3	52	1356.6	4	jax-0.11.1
jax-while	stable	3	53	1372.3	4	jax-0.11.1
jax-while	stable	3	54	1406.7	4	jax-0.11.1
jax-while	stable	3	55	1397.6	4	jax-0.11.1
jax-while	stable	3	56	1362.1	4	jax-0.11.1
jax-while	stable	3	57	1333.5	4	jax-0.11.1
jax-while	stable	3	58	1326.8	4	jax-0.11.1
jax-while	stable	3	59	1324.9	4	jax-0.11.1
jax-while	stable	3	60	1312.7	4	jax-0.11.1
jax-while	stable	3	61	1315.6	4	jax-0.11.1
jax-while	stable	3	62	1339.0	4	jax-0.11.1
jax-while	stable	3	63	1335.9	4	jax-0.11.1
jax-while	stable	3	64	1327.5	4	jax-0.11.1
jax-while	stable	3	65	1351.6	4	jax-0.11.1
jax-while	stable	3	66	1333.7	4	jax-0.11.1
jax-while	stable	3	67	1326.8	4	jax-0.11.1
jax-while	stable	3	68	1350.2	4	jax-0.11.1
jax-while	stable	3	69	1301.3	4	jax-0.11.1
jax-while	stable	3	70	1308.0	4	jax-0.11.1
jax-while	stable	3	71	1363.0	4	jax-0.11.1
jax-while	stable	3	72	1312.7	4	jax-0.11.1
jax-while	stable	3	73	1303.4	4	jax-0.11.1
jax-while	stable	3	74	1332.5	4	jax-0.11.1
jax-while	stable	3	75	1349.2	4	jax-0.11.1
jax-while	stable	3	76	1286.5	4	jax-0.11.1
jax-while	stable	3	77	1319.9	4	jax-0.11.1
jax-while	stable	3	78	1276.5	4	jax-0.11.1
jax-while	stable	3	79	1360.9	4	jax-0.11.1
jax-while	stable	3	80	1369.7	4	jax-0.11.1
jax-while	stable	3	81	1364.9	4	jax-0.11.1
jax-while	stable	3	82	1365.7	4	jax-0.11.1
jax-while	stable	3	83	1337.5	4	jax-0.11.1
jax-while	stable	3	84	1357.1	4	jax-0.11.1
jax-while	stable	3	85	1355.2	4	jax-0.11.1
jax-while	stable	3	86	1324.2	4	jax-0.11.1
jax-while	stable	3	87	1357.1	4	jax-0.11.1
jax-while	stable	3	88	1306.8	4	jax-0.11.1
jax-while	stable	3	89	1389.7	4	jax-0.11.1
jax-while	stable	3	90	1313.0	4	jax-0.11.1
jax-while	stable	3	91	1407.9	4	jax-0.11.1
jax-while	stable	3	92	1360.2	4	jax-0.11.1
jax-while	stable	3	93	1355.4	4	jax-0.11.1
jax-while	stable	3	94	1326.8	4	jax-0.11.1
jax-while	stable	3	95	1328.7	4	jax-0.11.1
jax-while	stable	3	96	1365.9	4	jax-0.11.1
jax-while	stable	3	97	1322.7	4	jax-0.11.1
jax-while	stable	3	98	1343.7	4	jax-0.11.1
jax-while	stable	3	99	1341.3	4	jax-0.11.1
jax-while	stable	3	100	1399.3	4	jax-0.11.1
jax-while	stable	3	101	1344.9	4	jax-0.11.1
jax-while	stable	3	102	1316.8	4	jax-0.11.1
jax-while	stable	3	103	1357.8	4	jax-0.11.1
jax-while	stable	3	104	1321.6	4	jax-0.11.1
jax-while	stable	3	105	1363.0	4	jax-0.11.1
jax-while	stable	3	106	1345.4	4	jax-0.11.1
jax-while	stable	3	107	1324.2	4	jax-0.11.1
jax-while	stable	3	108	1338.5	4	jax-0.11.1
jax-while	stable	3	109	1381.4	4	jax-0.11.1
jax-while	stable	3	110	1343.5	4	jax-0.11.1
jax-while	stable	3	111	1361.4	4	jax-0.11.1
jax-while	stable	3	112	1327.0	4	jax-0.11.1
jax-while	stable	3	113	1305.8	4	jax-0.11.1
jax-while	stable	3	114	1325.6	4	jax-0.11.1
jax-while	stable	3	115	1376.4	4	jax-0.11.1
jax-while	stable	3	116	1369.2	4	jax-0.11.1
jax-while	stable	3	117	1365.2	4	jax-0.11.1
jax-while	stable	3	118	1332.5	4	jax-0.11.1
jax-while	stable	3	119	1350.4	4	jax-0.11.1
jax-while	stable	3	120	1362.8	4	jax-0.11.1
jax-while	stable	3	121	1371.1	4	jax-0.11.1
jax-while	stable	3	122	1359.7	4	jax-0.11.1
jax-while	stable	3	123	1385.0	4	jax-0.11.1
jax-while	stable	3	124	1342.3	4	jax-0.11.1
jax-while	stable	3	125	1350.6	4	jax-0.11.1
jax-while	stable	3	126	1365.4	4	jax-0.11.1
jax-while	stable	3	127	1350.4	4	jax-0.11.1
jax-while	stable	3	128	1346.8	4	jax-0.11.1
jax-while	stable	3	129	1360.4	4	jax-0.11.1
jax-while	stable	3	130	1378.1	4	jax-0.11.1
jax-while	stable	3	131	1358.3	4	jax-0.11.1
jax-while	stable	3	132	1352.8	4	jax-0.11.1
jax-while	stable	3	133	1350.2	4	jax-0.11.1
jax-while	stable	3	134	1359.5	4	jax-0.11.1
jax-while	stable	3	135	1323.9	4	jax-0.11.1
jax-while	stable	3	136	1422.9	4	jax-0.11.1
jax-while	stable	3	137	1345.2	4	jax-0.11.1
jax-while	stable	3	138	1387.1	4	jax-0.11.1
jax-while	stable	3	139	1357.3	4	jax-0.11.1
jax-while	stable	3	140	1388.1	4	jax-0.11.1
jax-while	stable	3	141	1350.6	4	jax-0.11.1
jax-while	stable	3	142	1348.5	4	jax-0.11.1
jax-while	stable	3	143	1392.4	4	jax-0.11.1
jax-while	stable	3	144	1348.0	4	jax-0.11.1
jax-while	stable	3	145	1386.2	4	jax-0.11.1
jax-while	stable	3	146	1339.4	4	jax-0.11.1
jax-while	stable	3	147	1408.8	4	jax-0.11.1
jax-while	stable	3	148	1299.1	4	jax-0.11.1
jax-while	stable	3	149	1349.9	4	jax-0.11.1
jax-while	stable	3	150	1344.9	4	jax-0.11.1
jax-while	stable	3	151	1383.5	4	jax-0.11.1
jax-while	stable	3	152	1350.9	4	jax-0.11.1
jax-while	stable	3	153	1365.7	4	jax-0.11.1
jax-while	stable	3	154	1407.1	4	jax-0.11.1
jax-while	stable	3	155	1317.5	4	jax-0.11.1
jax-while	stable	3	156	1378.3	4	jax-0.11.1
jax-while	stable	3	157	1312.0	4	jax-0.11.1
jax-while	stable	3	158	1339.2	4	jax-0.11.1
jax-while	stable	3	159	1356.4	4	jax-0.11.1
jax-while	stable	3	160	1402.9	4	jax-0.11.1
jax-while	stable	3	161	1388.8	4	jax-0.11.1
jax-while	stable	3	162	1451.7	4	jax-0.11.1
jax-while	stable	3	163	1372.1	4	jax-0.11.1
jax-while	stable	3	164	1392.8	4	jax-0.11.1
jax-while	stable	3	165	1407.1	4	jax-0.11.1
jax-while	stable	3	166	1434.6	4	jax-0.11.1
jax-while	stable	3	167	1357.1	4	jax-0.11.1
jax-while	stable	3	168	1412.6	4	jax-0.11.1
jax-while	stable	3	169	1391.4	4	jax-0.11.1
jax-while	stable	3	170	1364.5	4	jax-0.11.1
jax-while	stable	3	171	1350.9	4	jax-0.11.1
jax-while	stable	3	172	1357.8	4	jax-0.11.1
jax-while	stable	3	173	1338.7	4	jax-0.11.1
jax-while	stable	3	174	1360.2	4	jax-0.11.1
jax-while	stable	3	175	1374.7	4	jax-0.11.1
jax-while	stable	3	176	1339.9	4	jax-0.11.1
jax-while	stable	3	177	1383.3	4	jax-0.11.1
jax-while	stable	3	178	1340.2	4	jax-0.11.1
jax-while	stable	3	179	1410.7	4	jax-0.11.1
jax-while	stable	3	180	1378.1	4	jax-0.11.1
jax-while	stable	3	181	1305.6	4	jax-0.11.1
jax-while	stable	3	182	1349.0	4	jax-0.11.1
jax-while	stable	3	183	1363.0	4	jax-0.11.1
jax-while	stable	3	184	1339.4	4	jax-0.11.1
jax-while	stable	3	185	1345.6	4	jax-0.11.1
jax-while	stable	3	186	1318.5	4	jax-0.11.1
jax-while	stable	3	187	1339.4	4	jax-0.11.1
jax-while	stable	3	188	1355.2	4	jax-0.11.1
jax-while	stable	3	189	1344.2	4	jax-0.11.1
jax-while	stable	3	190	1337.8	4	jax-0.11.1
jax-while	stable	3	191	1427.9	4	jax-0.11.1
jax-while	stable	3	192	1415.0	4	jax-0.11.1
jax-while	stable	3	193	1371.1	4	jax-0.11.1
jax-while	stable	3	194	1380.2	4	jax-0.11.1
jax-while	stable	3	195	1364.5	4	jax-0.11.1
jax-while	stable	3	196	1393.6	4	jax-0.11.1
jax-while	stable	3	197	1361.8	4	jax-0.11.1
jax-while	stable	3	198	1402.9	4	jax-0.11.1
jax-while	stable	3	199	1365.9	4	jax-0.11.1
ours	varying	3	0	483206.0	2	ddc8008cdeaf
ours	varying	3	1	13355.0	3	ddc8008cdeaf
ours	varying	3	2	33891.0	5	ddc8008cdeaf
ours	varying	3	3	13193.1	6	ddc8008cdeaf
ours	varying	3	4	9679.1	2	ddc8008cdeaf
ours	varying	3	5	2693.9	3	ddc8008cdeaf
ours	varying	3	6	4104.9	5	ddc8008cdeaf
ours	varying	3	7	1519.0	6	ddc8008cdeaf
ours	varying	3	8	1915.9	2	ddc8008cdeaf
ours	varying	3	9	968.9	3	ddc8008cdeaf
ours	varying	3	10	1276.0	5	ddc8008cdeaf
ours	varying	3	11	3117.1	6	ddc8008cdeaf
ours	varying	3	12	1133.0	2	ddc8008cdeaf
ours	varying	3	13	905.0	3	ddc8008cdeaf
ours	varying	3	14	1236.9	5	ddc8008cdeaf
ours	varying	3	15	2444.0	6	ddc8008cdeaf
ours	varying	3	16	780.8	2	ddc8008cdeaf
ours	varying	3	17	923.9	3	ddc8008cdeaf
ours	varying	3	18	1215.0	5	ddc8008cdeaf
ours	varying	3	19	1377.8	6	ddc8008cdeaf
ours	varying	3	20	1770.0	2	ddc8008cdeaf
ours	varying	3	21	900.0	3	ddc8008cdeaf
ours	varying	3	22	1231.0	5	ddc8008cdeaf
ours	varying	3	23	1374.0	6	ddc8008cdeaf
ours	varying	3	24	749.1	2	ddc8008cdeaf
ours	varying	3	25	952.0	3	ddc8008cdeaf
ours	varying	3	26	2250.2	5	ddc8008cdeaf
ours	varying	3	27	1383.1	6	ddc8008cdeaf
ours	varying	3	28	742.9	2	ddc8008cdeaf
ours	varying	3	29	937.0	3	ddc8008cdeaf
ours	varying	3	30	1226.9	5	ddc8008cdeaf
ours	varying	3	31	1461.0	6	ddc8008cdeaf
ours	varying	3	32	733.1	2	ddc8008cdeaf
ours	varying	3	33	1965.0	3	ddc8008cdeaf
ours	varying	3	34	1225.9	5	ddc8008cdeaf
ours	varying	3	35	1387.1	6	ddc8008cdeaf
ours	varying	3	36	734.1	2	ddc8008cdeaf
ours	varying	3	37	893.1	3	ddc8008cdeaf
ours	varying	3	38	1210.0	5	ddc8008cdeaf
ours	varying	3	39	1400.9	6	ddc8008cdeaf
ours	varying	3	40	767.0	2	ddc8008cdeaf
ours	varying	3	41	1936.9	3	ddc8008cdeaf
ours	varying	3	42	1294.9	5	ddc8008cdeaf
ours	varying	3	43	1401.2	6	ddc8008cdeaf
ours	varying	3	44	780.1	2	ddc8008cdeaf
ours	varying	3	45	901.9	3	ddc8008cdeaf
ours	varying	3	46	1283.2	5	ddc8008cdeaf
ours	varying	3	47	1383.1	6	ddc8008cdeaf
ours	varying	3	48	742.0	2	ddc8008cdeaf
ours	varying	3	49	919.1	3	ddc8008cdeaf
ours	varying	3	50	2458.1	5	ddc8008cdeaf
ours	varying	3	51	1380.9	6	ddc8008cdeaf
ours	varying	3	52	798.0	2	ddc8008cdeaf
ours	varying	3	53	912.9	3	ddc8008cdeaf
ours	varying	3	54	1230.0	5	ddc8008cdeaf
ours	varying	3	55	1390.0	6	ddc8008cdeaf
ours	varying	3	56	757.9	2	ddc8008cdeaf
ours	varying	3	57	913.1	3	ddc8008cdeaf
ours	varying	3	58	1254.1	5	ddc8008cdeaf
ours	varying	3	59	1374.0	6	ddc8008cdeaf
ours	varying	3	60	773.9	2	ddc8008cdeaf
ours	varying	3	61	2131.0	3	ddc8008cdeaf
ours	varying	3	62	1246.0	5	ddc8008cdeaf
ours	varying	3	63	1412.2	6	ddc8008cdeaf
ours	varying	3	64	769.9	2	ddc8008cdeaf
ours	varying	3	65	893.8	3	ddc8008cdeaf
ours	varying	3	66	1245.0	5	ddc8008cdeaf
ours	varying	3	67	1411.0	6	ddc8008cdeaf
ours	varying	3	68	737.0	2	ddc8008cdeaf
ours	varying	3	69	893.1	3	ddc8008cdeaf
ours	varying	3	70	1241.0	5	ddc8008cdeaf
ours	varying	3	71	1395.0	6	ddc8008cdeaf
ours	varying	3	72	746.0	2	ddc8008cdeaf
ours	varying	3	73	1900.0	3	ddc8008cdeaf
ours	varying	3	74	1206.2	5	ddc8008cdeaf
ours	varying	3	75	1376.2	6	ddc8008cdeaf
ours	varying	3	76	766.0	2	ddc8008cdeaf
ours	varying	3	77	917.9	3	ddc8008cdeaf
ours	varying	3	78	1235.0	5	ddc8008cdeaf
ours	varying	3	79	1374.0	6	ddc8008cdeaf
ours	varying	3	80	739.1	2	ddc8008cdeaf
ours	varying	3	81	961.1	3	ddc8008cdeaf
ours	varying	3	82	1221.9	5	ddc8008cdeaf
ours	varying	3	83	1382.8	6	ddc8008cdeaf
ours	varying	3	84	744.8	2	ddc8008cdeaf
ours	varying	3	85	997.1	3	ddc8008cdeaf
ours	varying	3	86	2247.8	5	ddc8008cdeaf
ours	varying	3	87	1460.8	6	ddc8008cdeaf
ours	varying	3	88	759.8	2	ddc8008cdeaf
ours	varying	3	89	902.9	3	ddc8008cdeaf
ours	varying	3	90	1226.2	5	ddc8008cdeaf
ours	varying	3	91	1390.0	6	ddc8008cdeaf
ours	varying	3	92	733.1	2	ddc8008cdeaf
ours	varying	3	93	902.9	3	ddc8008cdeaf
ours	varying	3	94	1256.0	5	ddc8008cdeaf
ours	varying	3	95	1406.0	6	ddc8008cdeaf
ours	varying	3	96	749.1	2	ddc8008cdeaf
ours	varying	3	97	922.9	3	ddc8008cdeaf
ours	varying	3	98	1244.1	5	ddc8008cdeaf
ours	varying	3	99	1380.0	6	ddc8008cdeaf
ours	varying	3	100	761.0	2	ddc8008cdeaf
ours	varying	3	101	913.9	3	ddc8008cdeaf
ours	varying	3	102	1235.0	5	ddc8008cdeaf
ours	varying	3	103	1381.9	6	ddc8008cdeaf
ours	varying	3	104	757.0	2	ddc8008cdeaf
ours	varying	3	105	1926.9	3	ddc8008cdeaf
ours	varying	3	106	1220.0	5	ddc8008cdeaf
ours	varying	3	107	1468.9	6	ddc8008cdeaf
ours	varying	3	108	734.1	2	ddc8008cdeaf
ours	varying	3	109	895.0	3	ddc8008cdeaf
ours	varying	3	110	1225.0	5	ddc8008cdeaf
ours	varying	3	111	1391.2	6	ddc8008cdeaf
ours	varying	3	112	738.9	2	ddc8008cdeaf
ours	varying	3	113	904.8	3	ddc8008cdeaf
ours	varying	3	114	1210.9	5	ddc8008cdeaf
ours	varying	3	115	1369.0	6	ddc8008cdeaf
ours	varying	3	116	746.0	2	ddc8008cdeaf
ours	varying	3	117	900.0	3	ddc8008cdeaf
ours	varying	3	118	1222.1	5	ddc8008cdeaf
ours	varying	3	119	1370.0	6	ddc8008cdeaf
ours	varying	3	120	752.9	2	ddc8008cdeaf
ours	varying	3	121	914.1	3	ddc8008cdeaf
ours	varying	3	122	1211.9	5	ddc8008cdeaf
ours	varying	3	123	2418.0	6	ddc8008cdeaf
ours	varying	3	124	779.9	2	ddc8008cdeaf
ours	varying	3	125	917.0	3	ddc8008cdeaf
ours	varying	3	126	1210.0	5	ddc8008cdeaf
ours	varying	3	127	1403.1	6	ddc8008cdeaf
ours	varying	3	128	741.0	2	ddc8008cdeaf
ours	varying	3	129	917.0	3	ddc8008cdeaf
ours	varying	3	130	1217.1	5	ddc8008cdeaf
ours	varying	3	131	1395.9	6	ddc8008cdeaf
ours	varying	3	132	740.1	2	ddc8008cdeaf
ours	varying	3	133	915.1	3	ddc8008cdeaf
ours	varying	3	134	1267.0	5	ddc8008cdeaf
ours	varying	3	135	1386.2	6	ddc8008cdeaf
ours	varying	3	136	745.1	2	ddc8008cdeaf
ours	varying	3	137	912.0	3	ddc8008cdeaf
ours	varying	3	138	1225.0	5	ddc8008cdeaf
ours	varying	3	139	1429.1	6	ddc8008cdeaf
ours	varying	3	140	731.9	2	ddc8008cdeaf
ours	varying	3	141	926.0	3	ddc8008cdeaf
ours	varying	3	142	1210.9	5	ddc8008cdeaf
ours	varying	3	143	1422.2	6	ddc8008cdeaf
ours	varying	3	144	800.8	2	ddc8008cdeaf
ours	varying	3	145	2233.0	3	ddc8008cdeaf
ours	varying	3	146	1207.8	5	ddc8008cdeaf
ours	varying	3	147	1376.9	6	ddc8008cdeaf
ours	varying	3	148	749.1	2	ddc8008cdeaf
ours	varying	3	149	906.9	3	ddc8008cdeaf
ours	varying	3	150	1243.8	5	ddc8008cdeaf
ours	varying	3	151	1390.2	6	ddc8008cdeaf
ours	varying	3	152	736.0	2	ddc8008cdeaf
ours	varying	3	153	900.0	3	ddc8008cdeaf
ours	varying	3	154	1251.9	5	ddc8008cdeaf
ours	varying	3	155	1378.1	6	ddc8008cdeaf
ours	varying	3	156	742.2	2	ddc8008cdeaf
ours	varying	3	157	892.9	3	ddc8008cdeaf
ours	varying	3	158	1227.1	5	ddc8008cdeaf
ours	varying	3	159	1434.1	6	ddc8008cdeaf
ours	varying	3	160	750.1	2	ddc8008cdeaf
ours	varying	3	161	895.0	3	ddc8008cdeaf
ours	varying	3	162	1216.9	5	ddc8008cdeaf
ours	varying	3	163	1411.0	6	ddc8008cdeaf
ours	varying	3	164	1794.1	2	ddc8008cdeaf
ours	varying	3	165	927.0	3	ddc8008cdeaf
ours	varying	3	166	1215.0	5	ddc8008cdeaf
ours	varying	3	167	1375.0	6	ddc8008cdeaf
ours	varying	3	168	734.8	2	ddc8008cdeaf
ours	varying	3	169	902.9	3	ddc8008cdeaf
ours	varying	3	170	1256.0	5	ddc8008cdeaf
ours	varying	3	171	1406.0	6	ddc8008cdeaf
ours	varying	3	172	750.1	2	ddc8008cdeaf
ours	varying	3	173	897.9	3	ddc8008cdeaf
ours	varying	3	174	1209.0	5	ddc8008cdeaf
ours	varying	3	175	1388.1	6	ddc8008cdeaf
ours	varying	3	176	744.8	2	ddc8008cdeaf
ours	varying	3	177	906.2	3	ddc8008cdeaf
ours	varying	3	178	1209.0	5	ddc8008cdeaf
ours	varying	3	179	1412.9	6	ddc8008cdeaf
ours	varying	3	180	741.0	2	ddc8008cdeaf
ours	varying	3	181	894.8	3	ddc8008cdeaf
ours	varying	3	182	1236.9	5	ddc8008cdeaf
ours	varying	3	183	1379.0	6	ddc8008cdeaf
ours	varying	3	184	723.1	2	ddc8008cdeaf
ours	varying	3	185	919.1	3	ddc8008cdeaf
ours	varying	3	186	1246.9	5	ddc8008cdeaf
ours	varying	3	187	2475.0	6	ddc8008cdeaf
ours	varying	3	188	747.0	2	ddc8008cdeaf
ours	varying	3	189	901.9	3	ddc8008cdeaf
ours	varying	3	190	1212.1	5	ddc8008cdeaf
ours	varying	3	191	1381.9	6	ddc8008cdeaf
ours	varying	3	192	731.9	2	ddc8008cdeaf
ours	varying	3	193	894.1	3	ddc8008cdeaf
ours	varying	3	194	1251.0	5	ddc8008cdeaf
ours	varying	3	195	1373.1	6	ddc8008cdeaf
ours	varying	3	196	760.1	2	ddc8008cdeaf
ours	varying	3	197	912.9	3	ddc8008cdeaf
ours	varying	3	198	1232.9	5	ddc8008cdeaf
ours	varying	3	199	1387.1	6	ddc8008cdeaf
torch-eager	varying	3	0	102788.4	2	torch-2.14.0+cu130
torch-eager	varying	3	1	1674.4	3	torch-2.14.0+cu130
torch-eager	varying	3	2	2270.2	5	torch-2.14.0+cu130
torch-eager	varying	3	3	2654.6	6	torch-2.14.0+cu130
torch-eager	varying	3	4	1195.7	2	torch-2.14.0+cu130
torch-eager	varying	3	5	1555.4	3	torch-2.14.0+cu130
torch-eager	varying	3	6	2273.8	5	torch-2.14.0+cu130
torch-eager	varying	3	7	2680.5	6	torch-2.14.0+cu130
torch-eager	varying	3	8	1198.3	2	torch-2.14.0+cu130
torch-eager	varying	3	9	1541.4	3	torch-2.14.0+cu130
torch-eager	varying	3	10	2312.9	5	torch-2.14.0+cu130
torch-eager	varying	3	11	2683.4	6	torch-2.14.0+cu130
torch-eager	varying	3	12	1195.2	2	torch-2.14.0+cu130
torch-eager	varying	3	13	1596.2	3	torch-2.14.0+cu130
torch-eager	varying	3	14	2265.5	5	torch-2.14.0+cu130
torch-eager	varying	3	15	2665.5	6	torch-2.14.0+cu130
torch-eager	varying	3	16	1184.2	2	torch-2.14.0+cu130
torch-eager	varying	3	17	1567.6	3	torch-2.14.0+cu130
torch-eager	varying	3	18	2258.8	5	torch-2.14.0+cu130
torch-eager	varying	3	19	2620.0	6	torch-2.14.0+cu130
torch-eager	varying	3	20	1195.9	2	torch-2.14.0+cu130
torch-eager	varying	3	21	1566.6	3	torch-2.14.0+cu130
torch-eager	varying	3	22	2244.0	5	torch-2.14.0+cu130
torch-eager	varying	3	23	2596.9	6	torch-2.14.0+cu130
torch-eager	varying	3	24	1226.4	2	torch-2.14.0+cu130
torch-eager	varying	3	25	1519.2	3	torch-2.14.0+cu130
torch-eager	varying	3	26	2275.7	5	torch-2.14.0+cu130
torch-eager	varying	3	27	2610.7	6	torch-2.14.0+cu130
torch-eager	varying	3	28	1181.6	2	torch-2.14.0+cu130
torch-eager	varying	3	29	1559.5	3	torch-2.14.0+cu130
torch-eager	varying	3	30	2291.2	5	torch-2.14.0+cu130
torch-eager	varying	3	31	2633.3	6	torch-2.14.0+cu130
torch-eager	varying	3	32	1228.6	2	torch-2.14.0+cu130
torch-eager	varying	3	33	1569.3	3	torch-2.14.0+cu130
torch-eager	varying	3	34	2267.4	5	torch-2.14.0+cu130
torch-eager	varying	3	35	2613.5	6	torch-2.14.0+cu130
torch-eager	varying	3	36	1221.9	2	torch-2.14.0+cu130
torch-eager	varying	3	37	1546.1	3	torch-2.14.0+cu130
torch-eager	varying	3	38	2280.7	5	torch-2.14.0+cu130
torch-eager	varying	3	39	2633.1	6	torch-2.14.0+cu130
torch-eager	varying	3	40	1207.1	2	torch-2.14.0+cu130
torch-eager	varying	3	41	1548.5	3	torch-2.14.0+cu130
torch-eager	varying	3	42	2263.1	5	torch-2.14.0+cu130
torch-eager	varying	3	43	2583.7	6	torch-2.14.0+cu130
torch-eager	varying	3	44	1201.9	2	torch-2.14.0+cu130
torch-eager	varying	3	45	1549.2	3	torch-2.14.0+cu130
torch-eager	varying	3	46	2261.6	5	torch-2.14.0+cu130
torch-eager	varying	3	47	2609.0	6	torch-2.14.0+cu130
torch-eager	varying	3	48	1171.6	2	torch-2.14.0+cu130
torch-eager	varying	3	49	1589.1	3	torch-2.14.0+cu130
torch-eager	varying	3	50	2246.4	5	torch-2.14.0+cu130
torch-eager	varying	3	51	2621.4	6	torch-2.14.0+cu130
torch-eager	varying	3	52	1181.1	2	torch-2.14.0+cu130
torch-eager	varying	3	53	1536.1	3	torch-2.14.0+cu130
torch-eager	varying	3	54	2269.5	5	torch-2.14.0+cu130
torch-eager	varying	3	55	2612.1	6	torch-2.14.0+cu130
torch-eager	varying	3	56	1162.1	2	torch-2.14.0+cu130
torch-eager	varying	3	57	1535.7	3	torch-2.14.0+cu130
torch-eager	varying	3	58	2295.0	5	torch-2.14.0+cu130
torch-eager	varying	3	59	2647.4	6	torch-2.14.0+cu130
torch-eager	varying	3	60	1192.6	2	torch-2.14.0+cu130
torch-eager	varying	3	61	1564.0	3	torch-2.14.0+cu130
torch-eager	varying	3	62	2324.8	5	torch-2.14.0+cu130
torch-eager	varying	3	63	2617.8	6	torch-2.14.0+cu130
torch-eager	varying	3	64	1177.3	2	torch-2.14.0+cu130
torch-eager	varying	3	65	1593.8	3	torch-2.14.0+cu130
torch-eager	varying	3	66	2273.3	5	torch-2.14.0+cu130
torch-eager	varying	3	67	2637.9	6	torch-2.14.0+cu130
torch-eager	varying	3	68	1202.1	2	torch-2.14.0+cu130
torch-eager	varying	3	69	1543.3	3	torch-2.14.0+cu130
torch-eager	varying	3	70	2282.6	5	torch-2.14.0+cu130
torch-eager	varying	3	71	2618.8	6	torch-2.14.0+cu130
torch-eager	varying	3	72	1201.2	2	torch-2.14.0+cu130
torch-eager	varying	3	73	1554.5	3	torch-2.14.0+cu130
torch-eager	varying	3	74	2255.7	5	torch-2.14.0+cu130
torch-eager	varying	3	75	2610.9	6	torch-2.14.0+cu130
torch-eager	varying	3	76	1172.3	2	torch-2.14.0+cu130
torch-eager	varying	3	77	1585.2	3	torch-2.14.0+cu130
torch-eager	varying	3	78	2250.4	5	torch-2.14.0+cu130
torch-eager	varying	3	79	2594.0	6	torch-2.14.0+cu130
torch-eager	varying	3	80	1175.2	2	torch-2.14.0+cu130
torch-eager	varying	3	81	1531.6	3	torch-2.14.0+cu130
torch-eager	varying	3	82	2264.3	5	torch-2.14.0+cu130
torch-eager	varying	3	83	2602.8	6	torch-2.14.0+cu130
torch-eager	varying	3	84	1173.7	2	torch-2.14.0+cu130
torch-eager	varying	3	85	1559.0	3	torch-2.14.0+cu130
torch-eager	varying	3	86	2272.4	5	torch-2.14.0+cu130
torch-eager	varying	3	87	2601.9	6	torch-2.14.0+cu130
torch-eager	varying	3	88	1192.6	2	torch-2.14.0+cu130
torch-eager	varying	3	89	1547.1	3	torch-2.14.0+cu130
torch-eager	varying	3	90	2239.0	5	torch-2.14.0+cu130
torch-eager	varying	3	91	2654.8	6	torch-2.14.0+cu130
torch-eager	varying	3	92	1181.1	2	torch-2.14.0+cu130
torch-eager	varying	3	93	1550.2	3	torch-2.14.0+cu130
torch-eager	varying	3	94	2280.5	5	torch-2.14.0+cu130
torch-eager	varying	3	95	2640.2	6	torch-2.14.0+cu130
torch-eager	varying	3	96	1208.1	2	torch-2.14.0+cu130
torch-eager	varying	3	97	1563.1	3	torch-2.14.0+cu130
torch-eager	varying	3	98	2298.1	5	torch-2.14.0+cu130
torch-eager	varying	3	99	2615.5	6	torch-2.14.0+cu130
torch-eager	varying	3	100	1178.7	2	torch-2.14.0+cu130
torch-eager	varying	3	101	1534.9	3	torch-2.14.0+cu130
torch-eager	varying	3	102	2225.4	5	torch-2.14.0+cu130
torch-eager	varying	3	103	2594.0	6	torch-2.14.0+cu130
torch-eager	varying	3	104	1208.3	2	torch-2.14.0+cu130
torch-eager	varying	3	105	1537.6	3	torch-2.14.0+cu130
torch-eager	varying	3	106	2238.8	5	torch-2.14.0+cu130
torch-eager	varying	3	107	2610.9	6	torch-2.14.0+cu130
torch-eager	varying	3	108	1196.6	2	torch-2.14.0+cu130
torch-eager	varying	3	109	1543.8	3	torch-2.14.0+cu130
torch-eager	varying	3	110	2278.8	5	torch-2.14.0+cu130
torch-eager	varying	3	111	2633.6	6	torch-2.14.0+cu130
torch-eager	varying	3	112	1198.5	2	torch-2.14.0+cu130
torch-eager	varying	3	113	1538.0	3	torch-2.14.0+cu130
torch-eager	varying	3	114	2255.7	5	torch-2.14.0+cu130
torch-eager	varying	3	115	2588.0	6	torch-2.14.0+cu130
torch-eager	varying	3	116	1179.5	2	torch-2.14.0+cu130
torch-eager	varying	3	117	1548.3	3	torch-2.14.0+cu130
torch-eager	varying	3	118	2217.1	5	torch-2.14.0+cu130
torch-eager	varying	3	119	2646.0	6	torch-2.14.0+cu130
torch-eager	varying	3	120	1224.8	2	torch-2.14.0+cu130
torch-eager	varying	3	121	1553.1	3	torch-2.14.0+cu130
torch-eager	varying	3	122	2297.4	5	torch-2.14.0+cu130
torch-eager	varying	3	123	2597.6	6	torch-2.14.0+cu130
torch-eager	varying	3	124	1176.4	2	torch-2.14.0+cu130
torch-eager	varying	3	125	1545.0	3	torch-2.14.0+cu130
torch-eager	varying	3	126	2265.2	5	torch-2.14.0+cu130
torch-eager	varying	3	127	2592.1	6	torch-2.14.0+cu130
torch-eager	varying	3	128	1172.5	2	torch-2.14.0+cu130
torch-eager	varying	3	129	1581.0	3	torch-2.14.0+cu130
torch-eager	varying	3	130	2251.4	5	torch-2.14.0+cu130
torch-eager	varying	3	131	2647.6	6	torch-2.14.0+cu130
torch-eager	varying	3	132	1191.1	2	torch-2.14.0+cu130
torch-eager	varying	3	133	1544.2	3	torch-2.14.0+cu130
torch-eager	varying	3	134	2262.1	5	torch-2.14.0+cu130
torch-eager	varying	3	135	2631.9	6	torch-2.14.0+cu130
torch-eager	varying	3	136	1203.1	2	torch-2.14.0+cu130
torch-eager	varying	3	137	1536.8	3	torch-2.14.0+cu130
torch-eager	varying	3	138	2265.2	5	torch-2.14.0+cu130
torch-eager	varying	3	139	2600.2	6	torch-2.14.0+cu130
torch-eager	varying	3	140	1180.2	2	torch-2.14.0+cu130
torch-eager	varying	3	141	1534.7	3	torch-2.14.0+cu130
torch-eager	varying	3	142	2234.2	5	torch-2.14.0+cu130
torch-eager	varying	3	143	2600.7	6	torch-2.14.0+cu130
torch-eager	varying	3	144	1211.2	2	torch-2.14.0+cu130
torch-eager	varying	3	145	1557.8	3	torch-2.14.0+cu130
torch-eager	varying	3	146	2257.3	5	torch-2.14.0+cu130
torch-eager	varying	3	147	2583.5	6	torch-2.14.0+cu130
torch-eager	varying	3	148	1174.2	2	torch-2.14.0+cu130
torch-eager	varying	3	149	1521.1	3	torch-2.14.0+cu130
torch-eager	varying	3	150	2256.6	5	torch-2.14.0+cu130
torch-eager	varying	3	151	2617.1	6	torch-2.14.0+cu130
torch-eager	varying	3	152	1180.4	2	torch-2.14.0+cu130
torch-eager	varying	3	153	1539.0	3	torch-2.14.0+cu130
torch-eager	varying	3	154	2261.9	5	torch-2.14.0+cu130
torch-eager	varying	3	155	2625.7	6	torch-2.14.0+cu130
torch-eager	varying	3	156	1211.4	2	torch-2.14.0+cu130
torch-eager	varying	3	157	1540.7	3	torch-2.14.0+cu130
torch-eager	varying	3	158	2271.2	5	torch-2.14.0+cu130
torch-eager	varying	3	159	2615.9	6	torch-2.14.0+cu130
torch-eager	varying	3	160	1194.7	2	torch-2.14.0+cu130
torch-eager	varying	3	161	1547.8	3	torch-2.14.0+cu130
torch-eager	varying	3	162	2255.2	5	torch-2.14.0+cu130
torch-eager	varying	3	163	2626.2	6	torch-2.14.0+cu130
torch-eager	varying	3	164	1184.7	2	torch-2.14.0+cu130
torch-eager	varying	3	165	1543.5	3	torch-2.14.0+cu130
torch-eager	varying	3	166	2278.6	5	torch-2.14.0+cu130
torch-eager	varying	3	167	2634.8	6	torch-2.14.0+cu130
torch-eager	varying	3	168	1258.6	2	torch-2.14.0+cu130
torch-eager	varying	3	169	1550.9	3	torch-2.14.0+cu130
torch-eager	varying	3	170	2242.1	5	torch-2.14.0+cu130
torch-eager	varying	3	171	2573.5	6	torch-2.14.0+cu130
torch-eager	varying	3	172	1168.3	2	torch-2.14.0+cu130
torch-eager	varying	3	173	1561.2	3	torch-2.14.0+cu130
torch-eager	varying	3	174	2198.7	5	torch-2.14.0+cu130
torch-eager	varying	3	175	2551.8	6	torch-2.14.0+cu130
torch-eager	varying	3	176	1188.5	2	torch-2.14.0+cu130
torch-eager	varying	3	177	1497.0	3	torch-2.14.0+cu130
torch-eager	varying	3	178	2214.0	5	torch-2.14.0+cu130
torch-eager	varying	3	179	2577.1	6	torch-2.14.0+cu130
torch-eager	varying	3	180	1186.8	2	torch-2.14.0+cu130
torch-eager	varying	3	181	1524.4	3	torch-2.14.0+cu130
torch-eager	varying	3	182	2236.1	5	torch-2.14.0+cu130
torch-eager	varying	3	183	2552.5	6	torch-2.14.0+cu130
torch-eager	varying	3	184	1222.6	2	torch-2.14.0+cu130
torch-eager	varying	3	185	1530.2	3	torch-2.14.0+cu130
torch-eager	varying	3	186	2224.2	5	torch-2.14.0+cu130
torch-eager	varying	3	187	2558.0	6	torch-2.14.0+cu130
torch-eager	varying	3	188	1187.8	2	torch-2.14.0+cu130
torch-eager	varying	3	189	1560.9	3	torch-2.14.0+cu130
torch-eager	varying	3	190	2220.4	5	torch-2.14.0+cu130
torch-eager	varying	3	191	2541.3	6	torch-2.14.0+cu130
torch-eager	varying	3	192	1159.9	2	torch-2.14.0+cu130
torch-eager	varying	3	193	1520.6	3	torch-2.14.0+cu130
torch-eager	varying	3	194	2193.5	5	torch-2.14.0+cu130
torch-eager	varying	3	195	2547.7	6	torch-2.14.0+cu130
torch-eager	varying	3	196	1154.4	2	torch-2.14.0+cu130
torch-eager	varying	3	197	1524.9	3	torch-2.14.0+cu130
torch-eager	varying	3	198	2490.8	5	torch-2.14.0+cu130
torch-eager	varying	3	199	2612.6	6	torch-2.14.0+cu130
torch-compile	varying	3	0	728917.1	2	torch-2.14.0+cu130
torch-compile	varying	3	1	1466.3	3	torch-2.14.0+cu130
torch-compile	varying	3	2	1651.0	5	torch-2.14.0+cu130
torch-compile	varying	3	3	1894.2	6	torch-2.14.0+cu130
torch-compile	varying	3	4	993.0	2	torch-2.14.0+cu130
torch-compile	varying	3	5	1210.9	3	torch-2.14.0+cu130
torch-compile	varying	3	6	1634.8	5	torch-2.14.0+cu130
torch-compile	varying	3	7	1939.3	6	torch-2.14.0+cu130
torch-compile	varying	3	8	972.7	2	torch-2.14.0+cu130
torch-compile	varying	3	9	1210.7	3	torch-2.14.0+cu130
torch-compile	varying	3	10	1699.2	5	torch-2.14.0+cu130
torch-compile	varying	3	11	1844.2	6	torch-2.14.0+cu130
torch-compile	varying	3	12	964.6	2	torch-2.14.0+cu130
torch-compile	varying	3	13	1181.1	3	torch-2.14.0+cu130
torch-compile	varying	3	14	1621.2	5	torch-2.14.0+cu130
torch-compile	varying	3	15	1859.9	6	torch-2.14.0+cu130
torch-compile	varying	3	16	957.7	2	torch-2.14.0+cu130
torch-compile	varying	3	17	1220.9	3	torch-2.14.0+cu130
torch-compile	varying	3	18	1647.7	5	torch-2.14.0+cu130
torch-compile	varying	3	19	1869.9	6	torch-2.14.0+cu130
torch-compile	varying	3	20	976.6	2	torch-2.14.0+cu130
torch-compile	varying	3	21	1183.5	3	torch-2.14.0+cu130
torch-compile	varying	3	22	1624.6	5	torch-2.14.0+cu130
torch-compile	varying	3	23	1872.1	6	torch-2.14.0+cu130
torch-compile	varying	3	24	958.4	2	torch-2.14.0+cu130
torch-compile	varying	3	25	1220.5	3	torch-2.14.0+cu130
torch-compile	varying	3	26	1634.8	5	torch-2.14.0+cu130
torch-compile	varying	3	27	1873.3	6	torch-2.14.0+cu130
torch-compile	varying	3	28	952.5	2	torch-2.14.0+cu130
torch-compile	varying	3	29	1173.3	3	torch-2.14.0+cu130
torch-compile	varying	3	30	1649.6	5	torch-2.14.0+cu130
torch-compile	varying	3	31	1839.4	6	torch-2.14.0+cu130
torch-compile	varying	3	32	985.1	2	torch-2.14.0+cu130
torch-compile	varying	3	33	1173.0	3	torch-2.14.0+cu130
torch-compile	varying	3	34	1646.5	5	torch-2.14.0+cu130
torch-compile	varying	3	35	1876.6	6	torch-2.14.0+cu130
torch-compile	varying	3	36	990.2	2	torch-2.14.0+cu130
torch-compile	varying	3	37	1163.7	3	torch-2.14.0+cu130
torch-compile	varying	3	38	1655.6	5	torch-2.14.0+cu130
torch-compile	varying	3	39	1858.9	6	torch-2.14.0+cu130
torch-compile	varying	3	40	955.8	2	torch-2.14.0+cu130
torch-compile	varying	3	41	1182.1	3	torch-2.14.0+cu130
torch-compile	varying	3	42	1687.3	5	torch-2.14.0+cu130
torch-compile	varying	3	43	1873.5	6	torch-2.14.0+cu130
torch-compile	varying	3	44	965.1	2	torch-2.14.0+cu130
torch-compile	varying	3	45	1188.8	3	torch-2.14.0+cu130
torch-compile	varying	3	46	1636.5	5	torch-2.14.0+cu130
torch-compile	varying	3	47	1868.7	6	torch-2.14.0+cu130
torch-compile	varying	3	48	971.6	2	torch-2.14.0+cu130
torch-compile	varying	3	49	1176.1	3	torch-2.14.0+cu130
torch-compile	varying	3	50	1641.8	5	torch-2.14.0+cu130
torch-compile	varying	3	51	1875.9	6	torch-2.14.0+cu130
torch-compile	varying	3	52	969.9	2	torch-2.14.0+cu130
torch-compile	varying	3	53	1177.8	3	torch-2.14.0+cu130
torch-compile	varying	3	54	1641.3	5	torch-2.14.0+cu130
torch-compile	varying	3	55	1860.9	6	torch-2.14.0+cu130
torch-compile	varying	3	56	957.5	2	torch-2.14.0+cu130
torch-compile	varying	3	57	1186.1	3	torch-2.14.0+cu130
torch-compile	varying	3	58	1642.9	5	torch-2.14.0+cu130
torch-compile	varying	3	59	1849.4	6	torch-2.14.0+cu130
torch-compile	varying	3	60	969.9	2	torch-2.14.0+cu130
torch-compile	varying	3	61	1197.1	3	torch-2.14.0+cu130
torch-compile	varying	3	62	1642.9	5	torch-2.14.0+cu130
torch-compile	varying	3	63	1846.6	6	torch-2.14.0+cu130
torch-compile	varying	3	64	963.0	2	torch-2.14.0+cu130
torch-compile	varying	3	65	1200.2	3	torch-2.14.0+cu130
torch-compile	varying	3	66	1668.2	5	torch-2.14.0+cu130
torch-compile	varying	3	67	1846.1	6	torch-2.14.0+cu130
torch-compile	varying	3	68	962.7	2	torch-2.14.0+cu130
torch-compile	varying	3	69	1226.7	3	torch-2.14.0+cu130
torch-compile	varying	3	70	1632.5	5	torch-2.14.0+cu130
torch-compile	varying	3	71	1845.1	6	torch-2.14.0+cu130
torch-compile	varying	3	72	963.9	2	torch-2.14.0+cu130
torch-compile	varying	3	73	1176.6	3	torch-2.14.0+cu130
torch-compile	varying	3	74	1645.1	5	torch-2.14.0+cu130
torch-compile	varying	3	75	1846.8	6	torch-2.14.0+cu130
torch-compile	varying	3	76	975.4	2	torch-2.14.0+cu130
torch-compile	varying	3	77	1183.5	3	torch-2.14.0+cu130
torch-compile	varying	3	78	1635.3	5	torch-2.14.0+cu130
torch-compile	varying	3	79	1843.7	6	torch-2.14.0+cu130
torch-compile	varying	3	80	961.3	2	torch-2.14.0+cu130
torch-compile	varying	3	81	1205.9	3	torch-2.14.0+cu130
torch-compile	varying	3	82	1630.3	5	torch-2.14.0+cu130
torch-compile	varying	3	83	1883.5	6	torch-2.14.0+cu130
torch-compile	varying	3	84	971.1	2	torch-2.14.0+cu130
torch-compile	varying	3	85	1175.2	3	torch-2.14.0+cu130
torch-compile	varying	3	86	1654.9	5	torch-2.14.0+cu130
torch-compile	varying	3	87	1827.5	6	torch-2.14.0+cu130
torch-compile	varying	3	88	959.4	2	torch-2.14.0+cu130
torch-compile	varying	3	89	1203.3	3	torch-2.14.0+cu130
torch-compile	varying	3	90	1630.8	5	torch-2.14.0+cu130
torch-compile	varying	3	91	1849.2	6	torch-2.14.0+cu130
torch-compile	varying	3	92	980.9	2	torch-2.14.0+cu130
torch-compile	varying	3	93	1191.6	3	torch-2.14.0+cu130
torch-compile	varying	3	94	1651.8	5	torch-2.14.0+cu130
torch-compile	varying	3	95	1854.4	6	torch-2.14.0+cu130
torch-compile	varying	3	96	960.8	2	torch-2.14.0+cu130
torch-compile	varying	3	97	1177.5	3	torch-2.14.0+cu130
torch-compile	varying	3	98	1647.5	5	torch-2.14.0+cu130
torch-compile	varying	3	99	1832.7	6	torch-2.14.0+cu130
torch-compile	varying	3	100	961.1	2	torch-2.14.0+cu130
torch-compile	varying	3	101	1172.8	3	torch-2.14.0+cu130
torch-compile	varying	3	102	1618.6	5	torch-2.14.0+cu130
torch-compile	varying	3	103	1844.9	6	torch-2.14.0+cu130
torch-compile	varying	3	104	958.0	2	torch-2.14.0+cu130
torch-compile	varying	3	105	1188.3	3	torch-2.14.0+cu130
torch-compile	varying	3	106	1621.0	5	torch-2.14.0+cu130
torch-compile	varying	3	107	1871.3	6	torch-2.14.0+cu130
torch-compile	varying	3	108	962.5	2	torch-2.14.0+cu130
torch-compile	varying	3	109	1176.4	3	torch-2.14.0+cu130
torch-compile	varying	3	110	1635.3	5	torch-2.14.0+cu130
torch-compile	varying	3	111	1835.8	6	torch-2.14.0+cu130
torch-compile	varying	3	112	954.9	2	torch-2.14.0+cu130
torch-compile	varying	3	113	1184.9	3	torch-2.14.0+cu130
torch-compile	varying	3	114	1624.3	5	torch-2.14.0+cu130
torch-compile	varying	3	115	1869.9	6	torch-2.14.0+cu130
torch-compile	varying	3	116	978.0	2	torch-2.14.0+cu130
torch-compile	varying	3	117	1190.9	3	torch-2.14.0+cu130
torch-compile	varying	3	118	1648.4	5	torch-2.14.0+cu130
torch-compile	varying	3	119	1861.6	6	torch-2.14.0+cu130
torch-compile	varying	3	120	941.5	2	torch-2.14.0+cu130
torch-compile	varying	3	121	1176.4	3	torch-2.14.0+cu130
torch-compile	varying	3	122	1644.6	5	torch-2.14.0+cu130
torch-compile	varying	3	123	1840.8	6	torch-2.14.0+cu130
torch-compile	varying	3	124	958.9	2	torch-2.14.0+cu130
torch-compile	varying	3	125	1184.7	3	torch-2.14.0+cu130
torch-compile	varying	3	126	1629.6	5	torch-2.14.0+cu130
torch-compile	varying	3	127	1840.6	6	torch-2.14.0+cu130
torch-compile	varying	3	128	975.6	2	torch-2.14.0+cu130
torch-compile	varying	3	129	1175.6	3	torch-2.14.0+cu130
torch-compile	varying	3	130	1630.3	5	torch-2.14.0+cu130
torch-compile	varying	3	131	1840.1	6	torch-2.14.0+cu130
torch-compile	varying	3	132	952.2	2	torch-2.14.0+cu130
torch-compile	varying	3	133	1175.4	3	torch-2.14.0+cu130
torch-compile	varying	3	134	1607.7	5	torch-2.14.0+cu130
torch-compile	varying	3	135	1851.1	6	torch-2.14.0+cu130
torch-compile	varying	3	136	950.6	2	torch-2.14.0+cu130
torch-compile	varying	3	137	1182.6	3	torch-2.14.0+cu130
torch-compile	varying	3	138	1646.8	5	torch-2.14.0+cu130
torch-compile	varying	3	139	1845.1	6	torch-2.14.0+cu130
torch-compile	varying	3	140	980.4	2	torch-2.14.0+cu130
torch-compile	varying	3	141	1178.7	3	torch-2.14.0+cu130
torch-compile	varying	3	142	1620.1	5	torch-2.14.0+cu130
torch-compile	varying	3	143	1844.9	6	torch-2.14.0+cu130
torch-compile	varying	3	144	998.0	2	torch-2.14.0+cu130
torch-compile	varying	3	145	1179.7	3	torch-2.14.0+cu130
torch-compile	varying	3	146	1642.7	5	torch-2.14.0+cu130
torch-compile	varying	3	147	1847.3	6	torch-2.14.0+cu130
torch-compile	varying	3	148	949.4	2	torch-2.14.0+cu130
torch-compile	varying	3	149	1164.7	3	torch-2.14.0+cu130
torch-compile	varying	3	150	1623.9	5	torch-2.14.0+cu130
torch-compile	varying	3	151	1848.5	6	torch-2.14.0+cu130
torch-compile	varying	3	152	1005.2	2	torch-2.14.0+cu130
torch-compile	varying	3	153	1206.9	3	torch-2.14.0+cu130
torch-compile	varying	3	154	1633.9	5	torch-2.14.0+cu130
torch-compile	varying	3	155	1838.9	6	torch-2.14.0+cu130
torch-compile	varying	3	156	963.2	2	torch-2.14.0+cu130
torch-compile	varying	3	157	1208.1	3	torch-2.14.0+cu130
torch-compile	varying	3	158	1634.4	5	torch-2.14.0+cu130
torch-compile	varying	3	159	1862.0	6	torch-2.14.0+cu130
torch-compile	varying	3	160	948.7	2	torch-2.14.0+cu130
torch-compile	varying	3	161	1166.1	3	torch-2.14.0+cu130
torch-compile	varying	3	162	1622.4	5	torch-2.14.0+cu130
torch-compile	varying	3	163	1879.7	6	torch-2.14.0+cu130
torch-compile	varying	3	164	970.8	2	torch-2.14.0+cu130
torch-compile	varying	3	165	1168.7	3	torch-2.14.0+cu130
torch-compile	varying	3	166	1638.7	5	torch-2.14.0+cu130
torch-compile	varying	3	167	1841.8	6	torch-2.14.0+cu130
torch-compile	varying	3	168	959.6	2	torch-2.14.0+cu130
torch-compile	varying	3	169	1162.3	3	torch-2.14.0+cu130
torch-compile	varying	3	170	1606.5	5	torch-2.14.0+cu130
torch-compile	varying	3	171	1853.7	6	torch-2.14.0+cu130
torch-compile	varying	3	172	960.1	2	torch-2.14.0+cu130
torch-compile	varying	3	173	1179.0	3	torch-2.14.0+cu130
torch-compile	varying	3	174	1647.7	5	torch-2.14.0+cu130
torch-compile	varying	3	175	1779.1	6	torch-2.14.0+cu130
torch-compile	varying	3	176	942.5	2	torch-2.14.0+cu130
torch-compile	varying	3	177	1139.4	3	torch-2.14.0+cu130
torch-compile	varying	3	178	1557.4	5	torch-2.14.0+cu130
torch-compile	varying	3	179	1796.7	6	torch-2.14.0+cu130
torch-compile	varying	3	180	963.4	2	torch-2.14.0+cu130
torch-compile	varying	3	181	1155.9	3	torch-2.14.0+cu130
torch-compile	varying	3	182	1642.7	5	torch-2.14.0+cu130
torch-compile	varying	3	183	1797.9	6	torch-2.14.0+cu130
torch-compile	varying	3	184	954.9	2	torch-2.14.0+cu130
torch-compile	varying	3	185	1155.9	3	torch-2.14.0+cu130
torch-compile	varying	3	186	1601.0	5	torch-2.14.0+cu130
torch-compile	varying	3	187	1784.6	6	torch-2.14.0+cu130
torch-compile	varying	3	188	943.9	2	torch-2.14.0+cu130
torch-compile	varying	3	189	1149.2	3	torch-2.14.0+cu130
torch-compile	varying	3	190	1589.5	5	torch-2.14.0+cu130
torch-compile	varying	3	191	1766.4	6	torch-2.14.0+cu130
torch-compile	varying	3	192	938.7	2	torch-2.14.0+cu130
torch-compile	varying	3	193	1161.8	3	torch-2.14.0+cu130
torch-compile	varying	3	194	1604.8	5	torch-2.14.0+cu130
torch-compile	varying	3	195	1780.0	6	torch-2.14.0+cu130
torch-compile	varying	3	196	938.7	2	torch-2.14.0+cu130
torch-compile	varying	3	197	1154.7	3	torch-2.14.0+cu130
torch-compile	varying	3	198	1628.4	5	torch-2.14.0+cu130
torch-compile	varying	3	199	1779.1	6	torch-2.14.0+cu130
torch-compile-ro	varying	3	0	739531.3	2	torch-2.14.0+cu130
torch-compile-ro	varying	3	1	37524.9	3	torch-2.14.0+cu130
torch-compile-ro	varying	3	2	10658.3	5	torch-2.14.0+cu130
torch-compile-ro	varying	3	3	7703.1	6	torch-2.14.0+cu130
torch-compile-ro	varying	3	4	3702.9	2	torch-2.14.0+cu130
torch-compile-ro	varying	3	5	1253.8	3	torch-2.14.0+cu130
torch-compile-ro	varying	3	6	1607.4	5	torch-2.14.0+cu130
torch-compile-ro	varying	3	7	1816.5	6	torch-2.14.0+cu130
torch-compile-ro	varying	3	8	998.3	2	torch-2.14.0+cu130
torch-compile-ro	varying	3	9	1172.8	3	torch-2.14.0+cu130
torch-compile-ro	varying	3	10	1601.5	5	torch-2.14.0+cu130
torch-compile-ro	varying	3	11	1797.9	6	torch-2.14.0+cu130
torch-compile-ro	varying	3	12	963.2	2	torch-2.14.0+cu130
torch-compile-ro	varying	3	13	1154.9	3	torch-2.14.0+cu130
torch-compile-ro	varying	3	14	1625.5	5	torch-2.14.0+cu130
torch-compile-ro	varying	3	15	1818.4	6	torch-2.14.0+cu130
torch-compile-ro	varying	3	16	961.3	2	torch-2.14.0+cu130
torch-compile-ro	varying	3	17	1139.2	3	torch-2.14.0+cu130
torch-compile-ro	varying	3	18	1590.3	5	torch-2.14.0+cu130
torch-compile-ro	varying	3	19	1818.4	6	torch-2.14.0+cu130
torch-compile-ro	varying	3	20	937.0	2	torch-2.14.0+cu130
torch-compile-ro	varying	3	21	1182.1	3	torch-2.14.0+cu130
torch-compile-ro	varying	3	22	1590.3	5	torch-2.14.0+cu130
torch-compile-ro	varying	3	23	1786.7	6	torch-2.14.0+cu130
torch-compile-ro	varying	3	24	999.0	2	torch-2.14.0+cu130
torch-compile-ro	varying	3	25	1145.8	3	torch-2.14.0+cu130
torch-compile-ro	varying	3	26	1592.6	5	torch-2.14.0+cu130
torch-compile-ro	varying	3	27	1794.1	6	torch-2.14.0+cu130
torch-compile-ro	varying	3	28	942.0	2	torch-2.14.0+cu130
torch-compile-ro	varying	3	29	1161.1	3	torch-2.14.0+cu130
torch-compile-ro	varying	3	30	1594.3	5	torch-2.14.0+cu130
torch-compile-ro	varying	3	31	1770.5	6	torch-2.14.0+cu130
torch-compile-ro	varying	3	32	942.0	2	torch-2.14.0+cu130
torch-compile-ro	varying	3	33	1170.9	3	torch-2.14.0+cu130
torch-compile-ro	varying	3	34	1584.8	5	torch-2.14.0+cu130
torch-compile-ro	varying	3	35	1803.9	6	torch-2.14.0+cu130
torch-compile-ro	varying	3	36	966.5	2	torch-2.14.0+cu130
torch-compile-ro	varying	3	37	1148.2	3	torch-2.14.0+cu130
torch-compile-ro	varying	3	38	1569.7	5	torch-2.14.0+cu130
torch-compile-ro	varying	3	39	1795.1	6	torch-2.14.0+cu130
torch-compile-ro	varying	3	40	938.2	2	torch-2.14.0+cu130
torch-compile-ro	varying	3	41	1215.0	3	torch-2.14.0+cu130
torch-compile-ro	varying	3	42	1586.0	5	torch-2.14.0+cu130
torch-compile-ro	varying	3	43	1784.1	6	torch-2.14.0+cu130
torch-compile-ro	varying	3	44	969.2	2	torch-2.14.0+cu130
torch-compile-ro	varying	3	45	1169.0	3	torch-2.14.0+cu130
torch-compile-ro	varying	3	46	1616.5	5	torch-2.14.0+cu130
torch-compile-ro	varying	3	47	1792.4	6	torch-2.14.0+cu130
torch-compile-ro	varying	3	48	942.7	2	torch-2.14.0+cu130
torch-compile-ro	varying	3	49	1174.9	3	torch-2.14.0+cu130
torch-compile-ro	varying	3	50	1577.9	5	torch-2.14.0+cu130
torch-compile-ro	varying	3	51	1765.7	6	torch-2.14.0+cu130
torch-compile-ro	varying	3	52	960.1	2	torch-2.14.0+cu130
torch-compile-ro	varying	3	53	1205.9	3	torch-2.14.0+cu130
torch-compile-ro	varying	3	54	1592.6	5	torch-2.14.0+cu130
torch-compile-ro	varying	3	55	1766.2	6	torch-2.14.0+cu130
torch-compile-ro	varying	3	56	975.4	2	torch-2.14.0+cu130
torch-compile-ro	varying	3	57	1168.3	3	torch-2.14.0+cu130
torch-compile-ro	varying	3	58	1586.9	5	torch-2.14.0+cu130
torch-compile-ro	varying	3	59	1805.1	6	torch-2.14.0+cu130
torch-compile-ro	varying	3	60	979.4	2	torch-2.14.0+cu130
torch-compile-ro	varying	3	61	1164.4	3	torch-2.14.0+cu130
torch-compile-ro	varying	3	62	1568.8	5	torch-2.14.0+cu130
torch-compile-ro	varying	3	63	1771.9	6	torch-2.14.0+cu130
torch-compile-ro	varying	3	64	950.3	2	torch-2.14.0+cu130
torch-compile-ro	varying	3	65	1162.8	3	torch-2.14.0+cu130
torch-compile-ro	varying	3	66	1574.8	5	torch-2.14.0+cu130
torch-compile-ro	varying	3	67	1810.8	6	torch-2.14.0+cu130
torch-compile-ro	varying	3	68	942.0	2	torch-2.14.0+cu130
torch-compile-ro	varying	3	69	1148.7	3	torch-2.14.0+cu130
torch-compile-ro	varying	3	70	1603.4	5	torch-2.14.0+cu130
torch-compile-ro	varying	3	71	1788.4	6	torch-2.14.0+cu130
torch-compile-ro	varying	3	72	972.7	2	torch-2.14.0+cu130
torch-compile-ro	varying	3	73	1150.1	3	torch-2.14.0+cu130
torch-compile-ro	varying	3	74	1604.3	5	torch-2.14.0+cu130
torch-compile-ro	varying	3	75	1774.3	6	torch-2.14.0+cu130
torch-compile-ro	varying	3	76	933.6	2	torch-2.14.0+cu130
torch-compile-ro	varying	3	77	1212.4	3	torch-2.14.0+cu130
torch-compile-ro	varying	3	78	1561.4	5	torch-2.14.0+cu130
torch-compile-ro	varying	3	79	1802.9	6	torch-2.14.0+cu130
torch-compile-ro	varying	3	80	955.3	2	torch-2.14.0+cu130
torch-compile-ro	varying	3	81	1162.8	3	torch-2.14.0+cu130
torch-compile-ro	varying	3	82	1615.0	5	torch-2.14.0+cu130
torch-compile-ro	varying	3	83	1761.4	6	torch-2.14.0+cu130
torch-compile-ro	varying	3	84	946.3	2	torch-2.14.0+cu130
torch-compile-ro	varying	3	85	1165.6	3	torch-2.14.0+cu130
torch-compile-ro	varying	3	86	1563.3	5	torch-2.14.0+cu130
torch-compile-ro	varying	3	87	1800.1	6	torch-2.14.0+cu130
torch-compile-ro	varying	3	88	962.0	2	torch-2.14.0+cu130
torch-compile-ro	varying	3	89	1188.3	3	torch-2.14.0+cu130
torch-compile-ro	varying	3	90	1617.4	5	torch-2.14.0+cu130
torch-compile-ro	varying	3	91	1771.2	6	torch-2.14.0+cu130
torch-compile-ro	varying	3	92	935.3	2	torch-2.14.0+cu130
torch-compile-ro	varying	3	93	1168.7	3	torch-2.14.0+cu130
torch-compile-ro	varying	3	94	1572.6	5	torch-2.14.0+cu130
torch-compile-ro	varying	3	95	1796.2	6	torch-2.14.0+cu130
torch-compile-ro	varying	3	96	962.0	2	torch-2.14.0+cu130
torch-compile-ro	varying	3	97	1155.9	3	torch-2.14.0+cu130
torch-compile-ro	varying	3	98	1565.7	5	torch-2.14.0+cu130
torch-compile-ro	varying	3	99	1812.2	6	torch-2.14.0+cu130
torch-compile-ro	varying	3	100	942.0	2	torch-2.14.0+cu130
torch-compile-ro	varying	3	101	1163.0	3	torch-2.14.0+cu130
torch-compile-ro	varying	3	102	1568.1	5	torch-2.14.0+cu130
torch-compile-ro	varying	3	103	1795.1	6	torch-2.14.0+cu130
torch-compile-ro	varying	3	104	966.1	2	torch-2.14.0+cu130
torch-compile-ro	varying	3	105	1152.3	3	torch-2.14.0+cu130
torch-compile-ro	varying	3	106	1582.6	5	torch-2.14.0+cu130
torch-compile-ro	varying	3	107	1805.1	6	torch-2.14.0+cu130
torch-compile-ro	varying	3	108	934.4	2	torch-2.14.0+cu130
torch-compile-ro	varying	3	109	1176.4	3	torch-2.14.0+cu130
torch-compile-ro	varying	3	110	1570.9	5	torch-2.14.0+cu130
torch-compile-ro	varying	3	111	1774.1	6	torch-2.14.0+cu130
torch-compile-ro	varying	3	112	975.6	2	torch-2.14.0+cu130
torch-compile-ro	varying	3	113	1200.4	3	torch-2.14.0+cu130
torch-compile-ro	varying	3	114	1582.4	5	torch-2.14.0+cu130
torch-compile-ro	varying	3	115	1796.2	6	torch-2.14.0+cu130
torch-compile-ro	varying	3	116	956.5	2	torch-2.14.0+cu130
torch-compile-ro	varying	3	117	1171.4	3	torch-2.14.0+cu130
torch-compile-ro	varying	3	118	1582.6	5	torch-2.14.0+cu130
torch-compile-ro	varying	3	119	1796.0	6	torch-2.14.0+cu130
torch-compile-ro	varying	3	120	931.5	2	torch-2.14.0+cu130
torch-compile-ro	varying	3	121	1176.8	3	torch-2.14.0+cu130
torch-compile-ro	varying	3	122	1582.6	5	torch-2.14.0+cu130
torch-compile-ro	varying	3	123	1766.9	6	torch-2.14.0+cu130
torch-compile-ro	varying	3	124	940.6	2	torch-2.14.0+cu130
torch-compile-ro	varying	3	125	1221.7	3	torch-2.14.0+cu130
torch-compile-ro	varying	3	126	1553.5	5	torch-2.14.0+cu130
torch-compile-ro	varying	3	127	1818.9	6	torch-2.14.0+cu130
torch-compile-ro	varying	3	128	954.4	2	torch-2.14.0+cu130
torch-compile-ro	varying	3	129	1181.8	3	torch-2.14.0+cu130
torch-compile-ro	varying	3	130	1601.7	5	torch-2.14.0+cu130
torch-compile-ro	varying	3	131	1804.6	6	torch-2.14.0+cu130
torch-compile-ro	varying	3	132	952.7	2	torch-2.14.0+cu130
torch-compile-ro	varying	3	133	1168.5	3	torch-2.14.0+cu130
torch-compile-ro	varying	3	134	1568.1	5	torch-2.14.0+cu130
torch-compile-ro	varying	3	135	1830.6	6	torch-2.14.0+cu130
torch-compile-ro	varying	3	136	972.5	2	torch-2.14.0+cu130
torch-compile-ro	varying	3	137	1167.5	3	torch-2.14.0+cu130
torch-compile-ro	varying	3	138	1595.5	5	torch-2.14.0+cu130
torch-compile-ro	varying	3	139	1811.7	6	torch-2.14.0+cu130
torch-compile-ro	varying	3	140	967.7	2	torch-2.14.0+cu130
torch-compile-ro	varying	3	141	1199.7	3	torch-2.14.0+cu130
torch-compile-ro	varying	3	142	1580.0	5	torch-2.14.0+cu130
torch-compile-ro	varying	3	143	1801.0	6	torch-2.14.0+cu130
torch-compile-ro	varying	3	144	940.8	2	torch-2.14.0+cu130
torch-compile-ro	varying	3	145	1153.9	3	torch-2.14.0+cu130
torch-compile-ro	varying	3	146	1571.4	5	torch-2.14.0+cu130
torch-compile-ro	varying	3	147	1779.1	6	torch-2.14.0+cu130
torch-compile-ro	varying	3	148	944.6	2	torch-2.14.0+cu130
torch-compile-ro	varying	3	149	1147.0	3	torch-2.14.0+cu130
torch-compile-ro	varying	3	150	1577.4	5	torch-2.14.0+cu130
torch-compile-ro	varying	3	151	1780.5	6	torch-2.14.0+cu130
torch-compile-ro	varying	3	152	937.0	2	torch-2.14.0+cu130
torch-compile-ro	varying	3	153	1146.1	3	torch-2.14.0+cu130
torch-compile-ro	varying	3	154	1569.0	5	torch-2.14.0+cu130
torch-compile-ro	varying	3	155	1828.4	6	torch-2.14.0+cu130
torch-compile-ro	varying	3	156	936.0	2	torch-2.14.0+cu130
torch-compile-ro	varying	3	157	1186.6	3	torch-2.14.0+cu130
torch-compile-ro	varying	3	158	1565.5	5	torch-2.14.0+cu130
torch-compile-ro	varying	3	159	1775.5	6	torch-2.14.0+cu130
torch-compile-ro	varying	3	160	949.9	2	torch-2.14.0+cu130
torch-compile-ro	varying	3	161	1159.2	3	torch-2.14.0+cu130
torch-compile-ro	varying	3	162	1581.4	5	torch-2.14.0+cu130
torch-compile-ro	varying	3	163	1768.6	6	torch-2.14.0+cu130
torch-compile-ro	varying	3	164	972.7	2	torch-2.14.0+cu130
torch-compile-ro	varying	3	165	1157.8	3	torch-2.14.0+cu130
torch-compile-ro	varying	3	166	1591.0	5	torch-2.14.0+cu130
torch-compile-ro	varying	3	167	1771.0	6	torch-2.14.0+cu130
torch-compile-ro	varying	3	168	931.5	2	torch-2.14.0+cu130
torch-compile-ro	varying	3	169	1141.3	3	torch-2.14.0+cu130
torch-compile-ro	varying	3	170	1596.0	5	torch-2.14.0+cu130
torch-compile-ro	varying	3	171	1814.6	6	torch-2.14.0+cu130
torch-compile-ro	varying	3	172	945.6	2	torch-2.14.0+cu130
torch-compile-ro	varying	3	173	1192.8	3	torch-2.14.0+cu130
torch-compile-ro	varying	3	174	1617.4	5	torch-2.14.0+cu130
torch-compile-ro	varying	3	175	1815.1	6	torch-2.14.0+cu130
torch-compile-ro	varying	3	176	981.6	2	torch-2.14.0+cu130
torch-compile-ro	varying	3	177	1180.2	3	torch-2.14.0+cu130
torch-compile-ro	varying	3	178	1582.6	5	torch-2.14.0+cu130
torch-compile-ro	varying	3	179	1756.0	6	torch-2.14.0+cu130
torch-compile-ro	varying	3	180	942.2	2	torch-2.14.0+cu130
torch-compile-ro	varying	3	181	1136.5	3	torch-2.14.0+cu130
torch-compile-ro	varying	3	182	1594.1	5	torch-2.14.0+cu130
torch-compile-ro	varying	3	183	1735.7	6	torch-2.14.0+cu130
torch-compile-ro	varying	3	184	938.4	2	torch-2.14.0+cu130
torch-compile-ro	varying	3	185	1145.6	3	torch-2.14.0+cu130
torch-compile-ro	varying	3	186	1554.5	5	torch-2.14.0+cu130
torch-compile-ro	varying	3	187	1774.1	6	torch-2.14.0+cu130
torch-compile-ro	varying	3	188	933.2	2	torch-2.14.0+cu130
torch-compile-ro	varying	3	189	1163.5	3	torch-2.14.0+cu130
torch-compile-ro	varying	3	190	1553.5	5	torch-2.14.0+cu130
torch-compile-ro	varying	3	191	1766.0	6	torch-2.14.0+cu130
torch-compile-ro	varying	3	192	936.7	2	torch-2.14.0+cu130
torch-compile-ro	varying	3	193	1128.4	3	torch-2.14.0+cu130
torch-compile-ro	varying	3	194	1595.3	5	torch-2.14.0+cu130
torch-compile-ro	varying	3	195	1756.9	6	torch-2.14.0+cu130
torch-compile-ro	varying	3	196	955.6	2	torch-2.14.0+cu130
torch-compile-ro	varying	3	197	1127.5	3	torch-2.14.0+cu130
torch-compile-ro	varying	3	198	1557.1	5	torch-2.14.0+cu130
torch-compile-ro	varying	3	199	1739.0	6	torch-2.14.0+cu130
torch-compile-mat	varying	3	0	799511.2	2	torch-2.14.0+cu130
torch-compile-mat	varying	3	1	44615.0	3	torch-2.14.0+cu130
torch-compile-mat	varying	3	2	12120.2	5	torch-2.14.0+cu130
torch-compile-mat	varying	3	3	8845.6	6	torch-2.14.0+cu130
torch-compile-mat	varying	3	4	4370.0	2	torch-2.14.0+cu130
torch-compile-mat	varying	3	5	1279.4	3	torch-2.14.0+cu130
torch-compile-mat	varying	3	6	1630.3	5	torch-2.14.0+cu130
torch-compile-mat	varying	3	7	1807.0	6	torch-2.14.0+cu130
torch-compile-mat	varying	3	8	981.8	2	torch-2.14.0+cu130
torch-compile-mat	varying	3	9	1181.8	3	torch-2.14.0+cu130
torch-compile-mat	varying	3	10	1603.4	5	torch-2.14.0+cu130
torch-compile-mat	varying	3	11	1789.8	6	torch-2.14.0+cu130
torch-compile-mat	varying	3	12	970.6	2	torch-2.14.0+cu130
torch-compile-mat	varying	3	13	1178.5	3	torch-2.14.0+cu130
torch-compile-mat	varying	3	14	1581.7	5	torch-2.14.0+cu130
torch-compile-mat	varying	3	15	1806.0	6	torch-2.14.0+cu130
torch-compile-mat	varying	3	16	982.8	2	torch-2.14.0+cu130
torch-compile-mat	varying	3	17	1182.8	3	torch-2.14.0+cu130
torch-compile-mat	varying	3	18	1582.9	5	torch-2.14.0+cu130
torch-compile-mat	varying	3	19	1788.6	6	torch-2.14.0+cu130
torch-compile-mat	varying	3	20	957.5	2	torch-2.14.0+cu130
torch-compile-mat	varying	3	21	1188.5	3	torch-2.14.0+cu130
torch-compile-mat	varying	3	22	1586.4	5	torch-2.14.0+cu130
torch-compile-mat	varying	3	23	1792.9	6	torch-2.14.0+cu130
torch-compile-mat	varying	3	24	969.4	2	torch-2.14.0+cu130
torch-compile-mat	varying	3	25	1187.3	3	torch-2.14.0+cu130
torch-compile-mat	varying	3	26	1585.7	5	torch-2.14.0+cu130
torch-compile-mat	varying	3	27	1792.4	6	torch-2.14.0+cu130
torch-compile-mat	varying	3	28	960.4	2	torch-2.14.0+cu130
torch-compile-mat	varying	3	29	1184.9	3	torch-2.14.0+cu130
torch-compile-mat	varying	3	30	1577.6	5	torch-2.14.0+cu130
torch-compile-mat	varying	3	31	1783.8	6	torch-2.14.0+cu130
torch-compile-mat	varying	3	32	970.6	2	torch-2.14.0+cu130
torch-compile-mat	varying	3	33	1169.2	3	torch-2.14.0+cu130
torch-compile-mat	varying	3	34	1563.5	5	torch-2.14.0+cu130
torch-compile-mat	varying	3	35	1794.8	6	torch-2.14.0+cu130
torch-compile-mat	varying	3	36	1042.6	2	torch-2.14.0+cu130
torch-compile-mat	varying	3	37	1157.8	3	torch-2.14.0+cu130
torch-compile-mat	varying	3	38	1567.6	5	torch-2.14.0+cu130
torch-compile-mat	varying	3	39	1772.4	6	torch-2.14.0+cu130
torch-compile-mat	varying	3	40	973.5	2	torch-2.14.0+cu130
torch-compile-mat	varying	3	41	1168.0	3	torch-2.14.0+cu130
torch-compile-mat	varying	3	42	1596.0	5	torch-2.14.0+cu130
torch-compile-mat	varying	3	43	1783.1	6	torch-2.14.0+cu130
torch-compile-mat	varying	3	44	959.4	2	torch-2.14.0+cu130
torch-compile-mat	varying	3	45	1161.8	3	torch-2.14.0+cu130
torch-compile-mat	varying	3	46	1569.7	5	torch-2.14.0+cu130
torch-compile-mat	varying	3	47	1766.4	6	torch-2.14.0+cu130
torch-compile-mat	varying	3	48	961.5	2	torch-2.14.0+cu130
torch-compile-mat	varying	3	49	1179.5	3	torch-2.14.0+cu130
torch-compile-mat	varying	3	50	1583.3	5	torch-2.14.0+cu130
torch-compile-mat	varying	3	51	1768.6	6	torch-2.14.0+cu130
torch-compile-mat	varying	3	52	1001.6	2	torch-2.14.0+cu130
torch-compile-mat	varying	3	53	1164.0	3	torch-2.14.0+cu130
torch-compile-mat	varying	3	54	1552.3	5	torch-2.14.0+cu130
torch-compile-mat	varying	3	55	1810.8	6	torch-2.14.0+cu130
torch-compile-mat	varying	3	56	942.2	2	torch-2.14.0+cu130
torch-compile-mat	varying	3	57	1184.9	3	torch-2.14.0+cu130
torch-compile-mat	varying	3	58	1577.1	5	torch-2.14.0+cu130
torch-compile-mat	varying	3	59	1789.1	6	torch-2.14.0+cu130
torch-compile-mat	varying	3	60	964.9	2	torch-2.14.0+cu130
torch-compile-mat	varying	3	61	1170.2	3	torch-2.14.0+cu130
torch-compile-mat	varying	3	62	1564.0	5	torch-2.14.0+cu130
torch-compile-mat	varying	3	63	1755.0	6	torch-2.14.0+cu130
torch-compile-mat	varying	3	64	965.8	2	torch-2.14.0+cu130
torch-compile-mat	varying	3	65	1161.8	3	torch-2.14.0+cu130
torch-compile-mat	varying	3	66	1594.1	5	torch-2.14.0+cu130
torch-compile-mat	varying	3	67	1781.2	6	torch-2.14.0+cu130
torch-compile-mat	varying	3	68	946.0	2	torch-2.14.0+cu130
torch-compile-mat	varying	3	69	1156.1	3	torch-2.14.0+cu130
torch-compile-mat	varying	3	70	1562.8	5	torch-2.14.0+cu130
torch-compile-mat	varying	3	71	1776.9	6	torch-2.14.0+cu130
torch-compile-mat	varying	3	72	958.2	2	torch-2.14.0+cu130
torch-compile-mat	varying	3	73	1172.1	3	torch-2.14.0+cu130
torch-compile-mat	varying	3	74	1583.3	5	torch-2.14.0+cu130
torch-compile-mat	varying	3	75	1776.0	6	torch-2.14.0+cu130
torch-compile-mat	varying	3	76	969.4	2	torch-2.14.0+cu130
torch-compile-mat	varying	3	77	1154.9	3	torch-2.14.0+cu130
torch-compile-mat	varying	3	78	1532.8	5	torch-2.14.0+cu130
torch-compile-mat	varying	3	79	1787.4	6	torch-2.14.0+cu130
torch-compile-mat	varying	3	80	973.0	2	torch-2.14.0+cu130
torch-compile-mat	varying	3	81	1154.2	3	torch-2.14.0+cu130
torch-compile-mat	varying	3	82	1570.0	5	torch-2.14.0+cu130
torch-compile-mat	varying	3	83	1807.0	6	torch-2.14.0+cu130
torch-compile-mat	varying	3	84	988.0	2	torch-2.14.0+cu130
torch-compile-mat	varying	3	85	1150.4	3	torch-2.14.0+cu130
torch-compile-mat	varying	3	86	1563.8	5	torch-2.14.0+cu130
torch-compile-mat	varying	3	87	1785.8	6	torch-2.14.0+cu130
torch-compile-mat	varying	3	88	945.3	2	torch-2.14.0+cu130
torch-compile-mat	varying	3	89	1203.8	3	torch-2.14.0+cu130
torch-compile-mat	varying	3	90	1594.1	5	torch-2.14.0+cu130
torch-compile-mat	varying	3	91	1771.7	6	torch-2.14.0+cu130
torch-compile-mat	varying	3	92	951.3	2	torch-2.14.0+cu130
torch-compile-mat	varying	3	93	1161.6	3	torch-2.14.0+cu130
torch-compile-mat	varying	3	94	1578.8	5	torch-2.14.0+cu130
torch-compile-mat	varying	3	95	1798.9	6	torch-2.14.0+cu130
torch-compile-mat	varying	3	96	959.9	2	torch-2.14.0+cu130
torch-compile-mat	varying	3	97	1182.8	3	torch-2.14.0+cu130
torch-compile-mat	varying	3	98	1580.0	5	torch-2.14.0+cu130
torch-compile-mat	varying	3	99	1793.6	6	torch-2.14.0+cu130
torch-compile-mat	varying	3	100	986.3	2	torch-2.14.0+cu130
torch-compile-mat	varying	3	101	1147.7	3	torch-2.14.0+cu130
torch-compile-mat	varying	3	102	1548.8	5	torch-2.14.0+cu130
torch-compile-mat	varying	3	103	1765.5	6	torch-2.14.0+cu130
torch-compile-mat	varying	3	104	957.5	2	torch-2.14.0+cu130
torch-compile-mat	varying	3	105	1163.5	3	torch-2.14.0+cu130
torch-compile-mat	varying	3	106	1569.0	5	torch-2.14.0+cu130
torch-compile-mat	varying	3	107	1747.4	6	torch-2.14.0+cu130
torch-compile-mat	varying	3	108	949.4	2	torch-2.14.0+cu130
torch-compile-mat	varying	3	109	1174.7	3	torch-2.14.0+cu130
torch-compile-mat	varying	3	110	1572.6	5	torch-2.14.0+cu130
torch-compile-mat	varying	3	111	1792.2	6	torch-2.14.0+cu130
torch-compile-mat	varying	3	112	993.0	2	torch-2.14.0+cu130
torch-compile-mat	varying	3	113	1163.7	3	torch-2.14.0+cu130
torch-compile-mat	varying	3	114	1586.4	5	torch-2.14.0+cu130
torch-compile-mat	varying	3	115	1764.8	6	torch-2.14.0+cu130
torch-compile-mat	varying	3	116	958.4	2	torch-2.14.0+cu130
torch-compile-mat	varying	3	117	1161.3	3	torch-2.14.0+cu130
torch-compile-mat	varying	3	118	1555.4	5	torch-2.14.0+cu130
torch-compile-mat	varying	3	119	1788.6	6	torch-2.14.0+cu130
torch-compile-mat	varying	3	120	945.1	2	torch-2.14.0+cu130
torch-compile-mat	varying	3	121	1161.8	3	torch-2.14.0+cu130
torch-compile-mat	varying	3	122	1611.7	5	torch-2.14.0+cu130
torch-compile-mat	varying	3	123	1768.6	6	torch-2.14.0+cu130
torch-compile-mat	varying	3	124	957.5	2	torch-2.14.0+cu130
torch-compile-mat	varying	3	125	1178.0	3	torch-2.14.0+cu130
torch-compile-mat	varying	3	126	1600.0	5	torch-2.14.0+cu130
torch-compile-mat	varying	3	127	1817.0	6	torch-2.14.0+cu130
torch-compile-mat	varying	3	128	953.2	2	torch-2.14.0+cu130
torch-compile-mat	varying	3	129	1166.1	3	torch-2.14.0+cu130
torch-compile-mat	varying	3	130	1598.8	5	torch-2.14.0+cu130
torch-compile-mat	varying	3	131	1781.0	6	torch-2.14.0+cu130
torch-compile-mat	varying	3	132	979.2	2	torch-2.14.0+cu130
torch-compile-mat	varying	3	133	1186.1	3	torch-2.14.0+cu130
torch-compile-mat	varying	3	134	1607.4	5	torch-2.14.0+cu130
torch-compile-mat	varying	3	135	1755.0	6	torch-2.14.0+cu130
torch-compile-mat	varying	3	136	962.3	2	torch-2.14.0+cu130
torch-compile-mat	varying	3	137	1174.4	3	torch-2.14.0+cu130
torch-compile-mat	varying	3	138	1590.0	5	torch-2.14.0+cu130
torch-compile-mat	varying	3	139	1771.5	6	torch-2.14.0+cu130
torch-compile-mat	varying	3	140	968.9	2	torch-2.14.0+cu130
torch-compile-mat	varying	3	141	1206.6	3	torch-2.14.0+cu130
torch-compile-mat	varying	3	142	1595.7	5	torch-2.14.0+cu130
torch-compile-mat	varying	3	143	1781.9	6	torch-2.14.0+cu130
torch-compile-mat	varying	3	144	956.3	2	torch-2.14.0+cu130
torch-compile-mat	varying	3	145	1167.8	3	torch-2.14.0+cu130
torch-compile-mat	varying	3	146	1518.2	5	torch-2.14.0+cu130
torch-compile-mat	varying	3	147	1707.8	6	torch-2.14.0+cu130
torch-compile-mat	varying	3	148	953.2	2	torch-2.14.0+cu130
torch-compile-mat	varying	3	149	1137.7	3	torch-2.14.0+cu130
torch-compile-mat	varying	3	150	1541.4	5	torch-2.14.0+cu130
torch-compile-mat	varying	3	151	1738.8	6	torch-2.14.0+cu130
torch-compile-mat	varying	3	152	944.1	2	torch-2.14.0+cu130
torch-compile-mat	varying	3	153	1147.3	3	torch-2.14.0+cu130
torch-compile-mat	varying	3	154	1508.7	5	torch-2.14.0+cu130
torch-compile-mat	varying	3	155	1726.6	6	torch-2.14.0+cu130
torch-compile-mat	varying	3	156	935.6	2	torch-2.14.0+cu130
torch-compile-mat	varying	3	157	1145.4	3	torch-2.14.0+cu130
torch-compile-mat	varying	3	158	1544.0	5	torch-2.14.0+cu130
torch-compile-mat	varying	3	159	1733.5	6	torch-2.14.0+cu130
torch-compile-mat	varying	3	160	940.1	2	torch-2.14.0+cu130
torch-compile-mat	varying	3	161	1155.1	3	torch-2.14.0+cu130
torch-compile-mat	varying	3	162	1583.8	5	torch-2.14.0+cu130
torch-compile-mat	varying	3	163	1749.3	6	torch-2.14.0+cu130
torch-compile-mat	varying	3	164	950.6	2	torch-2.14.0+cu130
torch-compile-mat	varying	3	165	1136.8	3	torch-2.14.0+cu130
torch-compile-mat	varying	3	166	1528.3	5	torch-2.14.0+cu130
torch-compile-mat	varying	3	167	1747.4	6	torch-2.14.0+cu130
torch-compile-mat	varying	3	168	953.9	2	torch-2.14.0+cu130
torch-compile-mat	varying	3	169	1142.7	3	torch-2.14.0+cu130
torch-compile-mat	varying	3	170	1526.1	5	torch-2.14.0+cu130
torch-compile-mat	varying	3	171	1731.6	6	torch-2.14.0+cu130
torch-compile-mat	varying	3	172	929.1	2	torch-2.14.0+cu130
torch-compile-mat	varying	3	173	1150.6	3	torch-2.14.0+cu130
torch-compile-mat	varying	3	174	1569.7	5	torch-2.14.0+cu130
torch-compile-mat	varying	3	175	1722.1	6	torch-2.14.0+cu130
torch-compile-mat	varying	3	176	923.6	2	torch-2.14.0+cu130
torch-compile-mat	varying	3	177	1139.6	3	torch-2.14.0+cu130
torch-compile-mat	varying	3	178	1521.6	5	torch-2.14.0+cu130
torch-compile-mat	varying	3	179	1712.1	6	torch-2.14.0+cu130
torch-compile-mat	varying	3	180	928.6	2	torch-2.14.0+cu130
torch-compile-mat	varying	3	181	1150.8	3	torch-2.14.0+cu130
torch-compile-mat	varying	3	182	1523.3	5	torch-2.14.0+cu130
torch-compile-mat	varying	3	183	1764.8	6	torch-2.14.0+cu130
torch-compile-mat	varying	3	184	956.1	2	torch-2.14.0+cu130
torch-compile-mat	varying	3	185	1134.9	3	torch-2.14.0+cu130
torch-compile-mat	varying	3	186	1523.3	5	torch-2.14.0+cu130
torch-compile-mat	varying	3	187	1736.4	6	torch-2.14.0+cu130
torch-compile-mat	varying	3	188	929.1	2	torch-2.14.0+cu130
torch-compile-mat	varying	3	189	1147.7	3	torch-2.14.0+cu130
torch-compile-mat	varying	3	190	1546.6	5	torch-2.14.0+cu130
torch-compile-mat	varying	3	191	1746.7	6	torch-2.14.0+cu130
torch-compile-mat	varying	3	192	960.8	2	torch-2.14.0+cu130
torch-compile-mat	varying	3	193	1131.1	3	torch-2.14.0+cu130
torch-compile-mat	varying	3	194	1554.0	5	torch-2.14.0+cu130
torch-compile-mat	varying	3	195	1738.1	6	torch-2.14.0+cu130
torch-compile-mat	varying	3	196	953.7	2	torch-2.14.0+cu130
torch-compile-mat	varying	3	197	1135.8	3	torch-2.14.0+cu130
torch-compile-mat	varying	3	198	1554.3	5	torch-2.14.0+cu130
torch-compile-mat	varying	3	199	1737.6	6	torch-2.14.0+cu130
jax-perlayer	varying	3	0	10948121.3	2	jax-0.11.1
jax-perlayer	varying	3	1	1999.1	3	jax-0.11.1
jax-perlayer	varying	3	2	2337.2	5	jax-0.11.1
jax-perlayer	varying	3	3	2646.9	6	jax-0.11.1
jax-perlayer	varying	3	4	1223.6	2	jax-0.11.1
jax-perlayer	varying	3	5	1615.0	3	jax-0.11.1
jax-perlayer	varying	3	6	2122.6	5	jax-0.11.1
jax-perlayer	varying	3	7	2322.9	6	jax-0.11.1
jax-perlayer	varying	3	8	1077.9	2	jax-0.11.1
jax-perlayer	varying	3	9	1426.5	3	jax-0.11.1
jax-perlayer	varying	3	10	1876.4	5	jax-0.11.1
jax-perlayer	varying	3	11	2240.2	6	jax-0.11.1
jax-perlayer	varying	3	12	1062.2	2	jax-0.11.1
jax-perlayer	varying	3	13	1384.5	3	jax-0.11.1
jax-perlayer	varying	3	14	1878.5	5	jax-0.11.1
jax-perlayer	varying	3	15	2274.3	6	jax-0.11.1
jax-perlayer	varying	3	16	1058.3	2	jax-0.11.1
jax-perlayer	varying	3	17	1423.4	3	jax-0.11.1
jax-perlayer	varying	3	18	1856.1	5	jax-0.11.1
jax-perlayer	varying	3	19	2370.8	6	jax-0.11.1
jax-perlayer	varying	3	20	1159.0	2	jax-0.11.1
jax-perlayer	varying	3	21	1534.7	3	jax-0.11.1
jax-perlayer	varying	3	22	2041.6	5	jax-0.11.1
jax-perlayer	varying	3	23	2453.8	6	jax-0.11.1
jax-perlayer	varying	3	24	1182.1	2	jax-0.11.1
jax-perlayer	varying	3	25	1499.4	3	jax-0.11.1
jax-perlayer	varying	3	26	2015.1	5	jax-0.11.1
jax-perlayer	varying	3	27	2460.5	6	jax-0.11.1
jax-perlayer	varying	3	28	1170.2	2	jax-0.11.1
jax-perlayer	varying	3	29	1540.4	3	jax-0.11.1
jax-perlayer	varying	3	30	2055.4	5	jax-0.11.1
jax-perlayer	varying	3	31	2416.4	6	jax-0.11.1
jax-perlayer	varying	3	32	1167.3	2	jax-0.11.1
jax-perlayer	varying	3	33	1508.2	3	jax-0.11.1
jax-perlayer	varying	3	34	2007.7	5	jax-0.11.1
jax-perlayer	varying	3	35	2435.2	6	jax-0.11.1
jax-perlayer	varying	3	36	1190.2	2	jax-0.11.1
jax-perlayer	varying	3	37	1526.1	3	jax-0.11.1
jax-perlayer	varying	3	38	2039.7	5	jax-0.11.1
jax-perlayer	varying	3	39	2424.5	6	jax-0.11.1
jax-perlayer	varying	3	40	1193.3	2	jax-0.11.1
jax-perlayer	varying	3	41	1519.9	3	jax-0.11.1
jax-perlayer	varying	3	42	2022.5	5	jax-0.11.1
jax-perlayer	varying	3	43	2430.2	6	jax-0.11.1
jax-perlayer	varying	3	44	1189.2	2	jax-0.11.1
jax-perlayer	varying	3	45	1478.0	3	jax-0.11.1
jax-perlayer	varying	3	46	2031.3	5	jax-0.11.1
jax-perlayer	varying	3	47	2426.6	6	jax-0.11.1
jax-perlayer	varying	3	48	1142.5	2	jax-0.11.1
jax-perlayer	varying	3	49	1524.2	3	jax-0.11.1
jax-perlayer	varying	3	50	2051.1	5	jax-0.11.1
jax-perlayer	varying	3	51	2443.6	6	jax-0.11.1
jax-perlayer	varying	3	52	1135.1	2	jax-0.11.1
jax-perlayer	varying	3	53	1520.9	3	jax-0.11.1
jax-perlayer	varying	3	54	2053.0	5	jax-0.11.1
jax-perlayer	varying	3	55	2430.9	6	jax-0.11.1
jax-perlayer	varying	3	56	1165.6	2	jax-0.11.1
jax-perlayer	varying	3	57	1484.2	3	jax-0.11.1
jax-perlayer	varying	3	58	2003.0	5	jax-0.11.1
jax-perlayer	varying	3	59	2403.0	6	jax-0.11.1
jax-perlayer	varying	3	60	1164.9	2	jax-0.11.1
jax-perlayer	varying	3	61	1500.8	3	jax-0.11.1
jax-perlayer	varying	3	62	2046.6	5	jax-0.11.1
jax-perlayer	varying	3	63	2386.3	6	jax-0.11.1
jax-perlayer	varying	3	64	1137.7	2	jax-0.11.1
jax-perlayer	varying	3	65	1513.7	3	jax-0.11.1
jax-perlayer	varying	3	66	2001.3	5	jax-0.11.1
jax-perlayer	varying	3	67	2417.1	6	jax-0.11.1
jax-perlayer	varying	3	68	1171.8	2	jax-0.11.1
jax-perlayer	varying	3	69	1519.2	3	jax-0.11.1
jax-perlayer	varying	3	70	2030.1	5	jax-0.11.1
jax-perlayer	varying	3	71	2419.9	6	jax-0.11.1
jax-perlayer	varying	3	72	1173.0	2	jax-0.11.1
jax-perlayer	varying	3	73	1525.4	3	jax-0.11.1
jax-perlayer	varying	3	74	2028.2	5	jax-0.11.1
jax-perlayer	varying	3	75	2425.7	6	jax-0.11.1
jax-perlayer	varying	3	76	1181.6	2	jax-0.11.1
jax-perlayer	varying	3	77	1501.8	3	jax-0.11.1
jax-perlayer	varying	3	78	2025.4	5	jax-0.11.1
jax-perlayer	varying	3	79	2426.9	6	jax-0.11.1
jax-perlayer	varying	3	80	1161.8	2	jax-0.11.1
jax-perlayer	varying	3	81	1472.0	3	jax-0.11.1
jax-perlayer	varying	3	82	2120.5	5	jax-0.11.1
jax-perlayer	varying	3	83	2424.7	6	jax-0.11.1
jax-perlayer	varying	3	84	1166.8	2	jax-0.11.1
jax-perlayer	varying	3	85	1465.8	3	jax-0.11.1
jax-perlayer	varying	3	86	2035.6	5	jax-0.11.1
jax-perlayer	varying	3	87	2405.4	6	jax-0.11.1
jax-perlayer	varying	3	88	1166.6	2	jax-0.11.1
jax-perlayer	varying	3	89	1507.8	3	jax-0.11.1
jax-perlayer	varying	3	90	2018.0	5	jax-0.11.1
jax-perlayer	varying	3	91	2413.5	6	jax-0.11.1
jax-perlayer	varying	3	92	1166.8	2	jax-0.11.1
jax-perlayer	varying	3	93	1532.6	3	jax-0.11.1
jax-perlayer	varying	3	94	2026.1	5	jax-0.11.1
jax-perlayer	varying	3	95	2406.8	6	jax-0.11.1
jax-perlayer	varying	3	96	1146.6	2	jax-0.11.1
jax-perlayer	varying	3	97	1512.1	3	jax-0.11.1
jax-perlayer	varying	3	98	2023.2	5	jax-0.11.1
jax-perlayer	varying	3	99	2415.2	6	jax-0.11.1
jax-perlayer	varying	3	100	1144.6	2	jax-0.11.1
jax-perlayer	varying	3	101	1478.2	3	jax-0.11.1
jax-perlayer	varying	3	102	2026.8	5	jax-0.11.1
jax-perlayer	varying	3	103	2635.0	6	jax-0.11.1
jax-perlayer	varying	3	104	1233.8	2	jax-0.11.1
jax-perlayer	varying	3	105	1555.4	3	jax-0.11.1
jax-perlayer	varying	3	106	2100.0	5	jax-0.11.1
jax-perlayer	varying	3	107	2566.8	6	jax-0.11.1
jax-perlayer	varying	3	108	1186.6	2	jax-0.11.1
jax-perlayer	varying	3	109	1415.3	3	jax-0.11.1
jax-perlayer	varying	3	110	1846.1	5	jax-0.11.1
jax-perlayer	varying	3	111	2252.6	6	jax-0.11.1
jax-perlayer	varying	3	112	1049.5	2	jax-0.11.1
jax-perlayer	varying	3	113	1407.4	3	jax-0.11.1
jax-perlayer	varying	3	114	1883.0	5	jax-0.11.1
jax-perlayer	varying	3	115	2240.7	6	jax-0.11.1
jax-perlayer	varying	3	116	1067.6	2	jax-0.11.1
jax-perlayer	varying	3	117	1377.6	3	jax-0.11.1
jax-perlayer	varying	3	118	1887.6	5	jax-0.11.1
jax-perlayer	varying	3	119	2241.8	6	jax-0.11.1
jax-perlayer	varying	3	120	1183.7	2	jax-0.11.1
jax-perlayer	varying	3	121	1451.0	3	jax-0.11.1
jax-perlayer	varying	3	122	1856.8	5	jax-0.11.1
jax-perlayer	varying	3	123	2248.8	6	jax-0.11.1
jax-perlayer	varying	3	124	1047.4	2	jax-0.11.1
jax-perlayer	varying	3	125	1390.2	3	jax-0.11.1
jax-perlayer	varying	3	126	1871.8	5	jax-0.11.1
jax-perlayer	varying	3	127	2235.7	6	jax-0.11.1
jax-perlayer	varying	3	128	1059.5	2	jax-0.11.1
jax-perlayer	varying	3	129	1415.7	3	jax-0.11.1
jax-perlayer	varying	3	130	1851.3	5	jax-0.11.1
jax-perlayer	varying	3	131	2239.0	6	jax-0.11.1
jax-perlayer	varying	3	132	1069.8	2	jax-0.11.1
jax-perlayer	varying	3	133	1368.0	3	jax-0.11.1
jax-perlayer	varying	3	134	1854.7	5	jax-0.11.1
jax-perlayer	varying	3	135	2212.5	6	jax-0.11.1
jax-perlayer	varying	3	136	1070.5	2	jax-0.11.1
jax-perlayer	varying	3	137	1387.6	3	jax-0.11.1
jax-perlayer	varying	3	138	1830.3	5	jax-0.11.1
jax-perlayer	varying	3	139	2190.4	6	jax-0.11.1
jax-perlayer	varying	3	140	1055.0	2	jax-0.11.1
jax-perlayer	varying	3	141	1379.5	3	jax-0.11.1
jax-perlayer	varying	3	142	1884.2	5	jax-0.11.1
jax-perlayer	varying	3	143	2290.5	6	jax-0.11.1
jax-perlayer	varying	3	144	1343.0	2	jax-0.11.1
jax-perlayer	varying	3	145	1397.1	3	jax-0.11.1
jax-perlayer	varying	3	146	1848.9	5	jax-0.11.1
jax-perlayer	varying	3	147	2232.8	6	jax-0.11.1
jax-perlayer	varying	3	148	1054.3	2	jax-0.11.1
jax-perlayer	varying	3	149	1393.8	3	jax-0.11.1
jax-perlayer	varying	3	150	1847.5	5	jax-0.11.1
jax-perlayer	varying	3	151	2222.5	6	jax-0.11.1
jax-perlayer	varying	3	152	1067.4	2	jax-0.11.1
jax-perlayer	varying	3	153	1416.0	3	jax-0.11.1
jax-perlayer	varying	3	154	1856.3	5	jax-0.11.1
jax-perlayer	varying	3	155	2219.0	6	jax-0.11.1
jax-perlayer	varying	3	156	1061.2	2	jax-0.11.1
jax-perlayer	varying	3	157	1400.2	3	jax-0.11.1
jax-perlayer	varying	3	158	1856.6	5	jax-0.11.1
jax-perlayer	varying	3	159	2225.6	6	jax-0.11.1
jax-perlayer	varying	3	160	1076.5	2	jax-0.11.1
jax-perlayer	varying	3	161	1387.6	3	jax-0.11.1
jax-perlayer	varying	3	162	1876.8	5	jax-0.11.1
jax-perlayer	varying	3	163	2222.5	6	jax-0.11.1
jax-perlayer	varying	3	164	1061.2	2	jax-0.11.1
jax-perlayer	varying	3	165	1386.6	3	jax-0.11.1
jax-perlayer	varying	3	166	1849.2	5	jax-0.11.1
jax-perlayer	varying	3	167	2221.6	6	jax-0.11.1
jax-perlayer	varying	3	168	1062.4	2	jax-0.11.1
jax-perlayer	varying	3	169	1399.5	3	jax-0.11.1
jax-perlayer	varying	3	170	1838.9	5	jax-0.11.1
jax-perlayer	varying	3	171	2225.4	6	jax-0.11.1
jax-perlayer	varying	3	172	1054.0	2	jax-0.11.1
jax-perlayer	varying	3	173	1404.8	3	jax-0.11.1
jax-perlayer	varying	3	174	1856.3	5	jax-0.11.1
jax-perlayer	varying	3	175	2225.4	6	jax-0.11.1
jax-perlayer	varying	3	176	1073.1	2	jax-0.11.1
jax-perlayer	varying	3	177	1400.2	3	jax-0.11.1
jax-perlayer	varying	3	178	1865.6	5	jax-0.11.1
jax-perlayer	varying	3	179	2213.2	6	jax-0.11.1
jax-perlayer	varying	3	180	1083.6	2	jax-0.11.1
jax-perlayer	varying	3	181	1395.2	3	jax-0.11.1
jax-perlayer	varying	3	182	1867.1	5	jax-0.11.1
jax-perlayer	varying	3	183	2249.2	6	jax-0.11.1
jax-perlayer	varying	3	184	1053.3	2	jax-0.11.1
jax-perlayer	varying	3	185	1399.0	3	jax-0.11.1
jax-perlayer	varying	3	186	1828.4	5	jax-0.11.1
jax-perlayer	varying	3	187	2205.8	6	jax-0.11.1
jax-perlayer	varying	3	188	1101.7	2	jax-0.11.1
jax-perlayer	varying	3	189	1436.0	3	jax-0.11.1
jax-perlayer	varying	3	190	1885.9	5	jax-0.11.1
jax-perlayer	varying	3	191	2214.2	6	jax-0.11.1
jax-perlayer	varying	3	192	1069.5	2	jax-0.11.1
jax-perlayer	varying	3	193	1380.4	3	jax-0.11.1
jax-perlayer	varying	3	194	1852.3	5	jax-0.11.1
jax-perlayer	varying	3	195	2211.8	6	jax-0.11.1
jax-perlayer	varying	3	196	1056.4	2	jax-0.11.1
jax-perlayer	varying	3	197	1415.0	3	jax-0.11.1
jax-perlayer	varying	3	198	1874.4	5	jax-0.11.1
jax-perlayer	varying	3	199	2253.1	6	jax-0.11.1
jax-while	varying	3	0	7332901.7	2	jax-0.11.1
jax-while	varying	3	1	1784.1	3	jax-0.11.1
jax-while	varying	3	2	1684.7	5	jax-0.11.1
jax-while	varying	3	3	1720.9	6	jax-0.11.1
jax-while	varying	3	4	1153.7	2	jax-0.11.1
jax-while	varying	3	5	1280.3	3	jax-0.11.1
jax-while	varying	3	6	1523.0	5	jax-0.11.1
jax-while	varying	3	7	1643.2	6	jax-0.11.1
jax-while	varying	3	8	1106.0	2	jax-0.11.1
jax-while	varying	3	9	1218.8	3	jax-0.11.1
jax-while	varying	3	10	1516.8	5	jax-0.11.1
jax-while	varying	3	11	1697.1	6	jax-0.11.1
jax-while	varying	3	12	1099.8	2	jax-0.11.1
jax-while	varying	3	13	1245.5	3	jax-0.11.1
jax-while	varying	3	14	1470.3	5	jax-0.11.1
jax-while	varying	3	15	1642.7	6	jax-0.11.1
jax-while	varying	3	16	1069.5	2	jax-0.11.1
jax-while	varying	3	17	1782.4	3	jax-0.11.1
jax-while	varying	3	18	1527.8	5	jax-0.11.1
jax-while	varying	3	19	1658.4	6	jax-0.11.1
jax-while	varying	3	20	1083.4	2	jax-0.11.1
jax-while	varying	3	21	1232.9	3	jax-0.11.1
jax-while	varying	3	22	1585.2	5	jax-0.11.1
jax-while	varying	3	23	1589.8	6	jax-0.11.1
jax-while	varying	3	24	1047.8	2	jax-0.11.1
jax-while	varying	3	25	1201.2	3	jax-0.11.1
jax-while	varying	3	26	1469.9	5	jax-0.11.1
jax-while	varying	3	27	1599.3	6	jax-0.11.1
jax-while	varying	3	28	1043.6	2	jax-0.11.1
jax-while	varying	3	29	1182.1	3	jax-0.11.1
jax-while	varying	3	30	1461.3	5	jax-0.11.1
jax-while	varying	3	31	1607.4	6	jax-0.11.1
jax-while	varying	3	32	1012.8	2	jax-0.11.1
jax-while	varying	3	33	1187.3	3	jax-0.11.1
jax-while	varying	3	34	1442.7	5	jax-0.11.1
jax-while	varying	3	35	1599.6	6	jax-0.11.1
jax-while	varying	3	36	1076.9	2	jax-0.11.1
jax-while	varying	3	37	1193.3	3	jax-0.11.1
jax-while	varying	3	38	1465.1	5	jax-0.11.1
jax-while	varying	3	39	1609.6	6	jax-0.11.1
jax-while	varying	3	40	1020.0	2	jax-0.11.1
jax-while	varying	3	41	1170.6	3	jax-0.11.1
jax-while	varying	3	42	1453.4	5	jax-0.11.1
jax-while	varying	3	43	1619.8	6	jax-0.11.1
jax-while	varying	3	44	1015.9	2	jax-0.11.1
jax-while	varying	3	45	1205.7	3	jax-0.11.1
jax-while	varying	3	46	1460.8	5	jax-0.11.1
jax-while	varying	3	47	1568.3	6	jax-0.11.1
jax-while	varying	3	48	1068.1	2	jax-0.11.1
jax-while	varying	3	49	1158.7	3	jax-0.11.1
jax-while	varying	3	50	1444.6	5	jax-0.11.1
jax-while	varying	3	51	1600.5	6	jax-0.11.1
jax-while	varying	3	52	1017.1	2	jax-0.11.1
jax-while	varying	3	53	1173.3	3	jax-0.11.1
jax-while	varying	3	54	1480.8	5	jax-0.11.1
jax-while	varying	3	55	1579.8	6	jax-0.11.1
jax-while	varying	3	56	1012.1	2	jax-0.11.1
jax-while	varying	3	57	1201.2	3	jax-0.11.1
jax-while	varying	3	58	1465.6	5	jax-0.11.1
jax-while	varying	3	59	1591.0	6	jax-0.11.1
jax-while	varying	3	60	1025.4	2	jax-0.11.1
jax-while	varying	3	61	1179.7	3	jax-0.11.1
jax-while	varying	3	62	1476.8	5	jax-0.11.1
jax-while	varying	3	63	1588.3	6	jax-0.11.1
jax-while	varying	3	64	1083.6	2	jax-0.11.1
jax-while	varying	3	65	1192.6	3	jax-0.11.1
jax-while	varying	3	66	1467.2	5	jax-0.11.1
jax-while	varying	3	67	1614.1	6	jax-0.11.1
jax-while	varying	3	68	1048.1	2	jax-0.11.1
jax-while	varying	3	69	1248.4	3	jax-0.11.1
jax-while	varying	3	70	1476.3	5	jax-0.11.1
jax-while	varying	3	71	1578.8	6	jax-0.11.1
jax-while	varying	3	72	1060.2	2	jax-0.11.1
jax-while	varying	3	73	1193.8	3	jax-0.11.1
jax-while	varying	3	74	1463.9	5	jax-0.11.1
jax-while	varying	3	75	1594.8	6	jax-0.11.1
jax-while	varying	3	76	1044.8	2	jax-0.11.1
jax-while	varying	3	77	1179.7	3	jax-0.11.1
jax-while	varying	3	78	1478.0	5	jax-0.11.1
jax-while	varying	3	79	1577.9	6	jax-0.11.1
jax-while	varying	3	80	1012.6	2	jax-0.11.1
jax-while	varying	3	81	1179.7	3	jax-0.11.1
jax-while	varying	3	82	1443.4	5	jax-0.11.1
jax-while	varying	3	83	1621.0	6	jax-0.11.1
jax-while	varying	3	84	1033.1	2	jax-0.11.1
jax-while	varying	3	85	1155.6	3	jax-0.11.1
jax-while	varying	3	86	1463.7	5	jax-0.11.1
jax-while	varying	3	87	1562.4	6	jax-0.11.1
jax-while	varying	3	88	1031.2	2	jax-0.11.1
jax-while	varying	3	89	1191.4	3	jax-0.11.1
jax-while	varying	3	90	1454.4	5	jax-0.11.1
jax-while	varying	3	91	1602.9	6	jax-0.11.1
jax-while	varying	3	92	998.3	2	jax-0.11.1
jax-while	varying	3	93	1164.4	3	jax-0.11.1
jax-while	varying	3	94	1467.7	5	jax-0.11.1
jax-while	varying	3	95	1570.5	6	jax-0.11.1
jax-while	varying	3	96	1039.7	2	jax-0.11.1
jax-while	varying	3	97	1194.7	3	jax-0.11.1
jax-while	varying	3	98	1422.6	5	jax-0.11.1
jax-while	varying	3	99	1585.5	6	jax-0.11.1
jax-while	varying	3	100	1052.4	2	jax-0.11.1
jax-while	varying	3	101	1188.0	3	jax-0.11.1
jax-while	varying	3	102	1478.9	5	jax-0.11.1
jax-while	varying	3	103	1609.3	6	jax-0.11.1
jax-while	varying	3	104	1002.3	2	jax-0.11.1
jax-while	varying	3	105	1164.4	3	jax-0.11.1
jax-while	varying	3	106	1452.7	5	jax-0.11.1
jax-while	varying	3	107	1577.4	6	jax-0.11.1
jax-while	varying	3	108	1057.1	2	jax-0.11.1
jax-while	varying	3	109	1190.9	3	jax-0.11.1
jax-while	varying	3	110	1447.4	5	jax-0.11.1
jax-while	varying	3	111	1667.7	6	jax-0.11.1
jax-while	varying	3	112	1109.8	2	jax-0.11.1
jax-while	varying	3	113	1222.6	3	jax-0.11.1
jax-while	varying	3	114	1489.2	5	jax-0.11.1
jax-while	varying	3	115	1618.6	6	jax-0.11.1
jax-while	varying	3	116	1086.7	2	jax-0.11.1
jax-while	varying	3	117	1238.6	3	jax-0.11.1
jax-while	varying	3	118	1491.3	5	jax-0.11.1
jax-while	varying	3	119	1646.0	6	jax-0.11.1
jax-while	varying	3	120	1095.8	2	jax-0.11.1
jax-while	varying	3	121	1227.6	3	jax-0.11.1
jax-while	varying	3	122	1480.1	5	jax-0.11.1
jax-while	varying	3	123	1630.3	6	jax-0.11.1
jax-while	varying	3	124	1077.9	2	jax-0.11.1
jax-while	varying	3	125	1206.4	3	jax-0.11.1
jax-while	varying	3	126	1493.5	5	jax-0.11.1
jax-while	varying	3	127	1616.0	6	jax-0.11.1
jax-while	varying	3	128	1069.5	2	jax-0.11.1
jax-while	varying	3	129	1216.7	3	jax-0.11.1
jax-while	varying	3	130	1485.3	5	jax-0.11.1
jax-while	varying	3	131	1614.6	6	jax-0.11.1
jax-while	varying	3	132	1084.3	2	jax-0.11.1
jax-while	varying	3	133	1236.9	3	jax-0.11.1
jax-while	varying	3	134	1489.9	5	jax-0.11.1
jax-while	varying	3	135	1625.8	6	jax-0.11.1
jax-while	varying	3	136	1094.3	2	jax-0.11.1
jax-while	varying	3	137	1210.5	3	jax-0.11.1
jax-while	varying	3	138	1509.4	5	jax-0.11.1
jax-while	varying	3	139	1622.4	6	jax-0.11.1
jax-while	varying	3	140	1087.2	2	jax-0.11.1
jax-while	varying	3	141	1229.3	3	jax-0.11.1
jax-while	varying	3	142	1473.7	5	jax-0.11.1
jax-while	varying	3	143	1647.0	6	jax-0.11.1
jax-while	varying	3	144	1071.2	2	jax-0.11.1
jax-while	varying	3	145	1220.7	3	jax-0.11.1
jax-while	varying	3	146	1485.3	5	jax-0.11.1
jax-while	varying	3	147	1630.8	6	jax-0.11.1
jax-while	varying	3	148	1081.5	2	jax-0.11.1
jax-while	varying	3	149	1232.6	3	jax-0.11.1
jax-while	varying	3	150	1474.9	5	jax-0.11.1
jax-while	varying	3	151	1612.7	6	jax-0.11.1
jax-while	varying	3	152	1096.2	2	jax-0.11.1
jax-while	varying	3	153	1229.0	3	jax-0.11.1
jax-while	varying	3	154	1493.0	5	jax-0.11.1
jax-while	varying	3	155	1658.0	6	jax-0.11.1
jax-while	varying	3	156	1072.2	2	jax-0.11.1
jax-while	varying	3	157	1241.4	3	jax-0.11.1
jax-while	varying	3	158	1501.1	5	jax-0.11.1
jax-while	varying	3	159	1601.0	6	jax-0.11.1
jax-while	varying	3	160	1099.3	2	jax-0.11.1
jax-while	varying	3	161	1214.5	3	jax-0.11.1
jax-while	varying	3	162	1480.1	5	jax-0.11.1
jax-while	varying	3	163	1606.5	6	jax-0.11.1
jax-while	varying	3	164	1107.7	2	jax-0.11.1
jax-while	varying	3	165	1212.1	3	jax-0.11.1
jax-while	varying	3	166	1496.8	5	jax-0.11.1
jax-while	varying	3	167	1610.0	6	jax-0.11.1
jax-while	varying	3	168	1120.6	2	jax-0.11.1
jax-while	varying	3	169	1223.8	3	jax-0.11.1
jax-while	varying	3	170	1503.0	5	jax-0.11.1
jax-while	varying	3	171	1591.0	6	jax-0.11.1
jax-while	varying	3	172	1097.9	2	jax-0.11.1
jax-while	varying	3	173	1212.8	3	jax-0.11.1
jax-while	varying	3	174	1436.9	5	jax-0.11.1
jax-while	varying	3	175	1626.7	6	jax-0.11.1
jax-while	varying	3	176	1064.3	2	jax-0.11.1
jax-while	varying	3	177	1222.6	3	jax-0.11.1
jax-while	varying	3	178	1480.6	5	jax-0.11.1
jax-while	varying	3	179	1621.5	6	jax-0.11.1
jax-while	varying	3	180	1055.2	2	jax-0.11.1
jax-while	varying	3	181	1224.0	3	jax-0.11.1
jax-while	varying	3	182	1507.0	5	jax-0.11.1
jax-while	varying	3	183	1616.7	6	jax-0.11.1
jax-while	varying	3	184	1098.4	2	jax-0.11.1
jax-while	varying	3	185	1207.4	3	jax-0.11.1
jax-while	varying	3	186	1531.6	5	jax-0.11.1
jax-while	varying	3	187	1619.8	6	jax-0.11.1
jax-while	varying	3	188	1076.7	2	jax-0.11.1
jax-while	varying	3	189	1228.1	3	jax-0.11.1
jax-while	varying	3	190	1475.6	5	jax-0.11.1
jax-while	varying	3	191	1642.7	6	jax-0.11.1
jax-while	varying	3	192	1070.3	2	jax-0.11.1
jax-while	varying	3	193	1226.7	3	jax-0.11.1
jax-while	varying	3	194	1493.7	5	jax-0.11.1
jax-while	varying	3	195	1604.8	6	jax-0.11.1
jax-while	varying	3	196	1076.7	2	jax-0.11.1
jax-while	varying	3	197	1221.4	3	jax-0.11.1
jax-while	varying	3	198	1490.8	5	jax-0.11.1
jax-while	varying	3	199	1616.7	6	jax-0.11.1
