system	round	pass	length	us	build_us	binary
ours	1	first	32	24268.2	834.9	ddc8008cdeaf
ours	1	first	48	24884.0	701.9	ddc8008cdeaf
ours	1	first	64	2816.9	2706.1	ddc8008cdeaf
ours	1	first	96	9578.0	1845.1	ddc8008cdeaf
ours	1	first	128	15223.0	3237.0	ddc8008cdeaf
ours	1	first	32	7014.0	221.0	ddc8008cdeaf
ours	1	first	48	1411.0	351.0	ddc8008cdeaf
ours	1	first	64	1426.0	394.1	ddc8008cdeaf
ours	1	first	96	1714.0	659.9	ddc8008cdeaf
ours	1	first	128	5365.1	825.9	ddc8008cdeaf
ours	1	first	32	2488.1	248.9	ddc8008cdeaf
ours	1	first	48	1375.9	339.0	ddc8008cdeaf
ours	1	first	64	1489.2	385.0	ddc8008cdeaf
ours	1	first	96	1709.0	621.1	ddc8008cdeaf
ours	1	first	128	2020.8	803.0	ddc8008cdeaf
ours	1	first	32	2769.9	201.0	ddc8008cdeaf
ours	1	first	48	1419.1	309.9	ddc8008cdeaf
ours	1	first	64	1421.0	378.1	ddc8008cdeaf
ours	1	first	96	1698.0	590.1	ddc8008cdeaf
ours	1	first	128	2011.1	769.9	ddc8008cdeaf
ours	1	first	32	969.2	182.9	ddc8008cdeaf
ours	1	first	48	2693.9	271.1	ddc8008cdeaf
ours	1	first	64	1430.0	405.1	ddc8008cdeaf
ours	1	first	96	1704.2	585.8	ddc8008cdeaf
ours	1	first	128	2052.1	781.1	ddc8008cdeaf
ours	1	first	32	972.0	184.1	ddc8008cdeaf
ours	1	first	48	2533.0	271.1	ddc8008cdeaf
ours	1	first	64	1421.9	395.1	ddc8008cdeaf
ours	1	first	96	1699.0	588.9	ddc8008cdeaf
ours	1	first	128	2023.0	776.1	ddc8008cdeaf
ours	1	first	32	973.0	182.2	ddc8008cdeaf
ours	1	first	48	1380.0	274.2	ddc8008cdeaf
ours	1	first	64	2811.9	389.1	ddc8008cdeaf
ours	1	first	96	1714.9	674.0	ddc8008cdeaf
ours	1	first	128	2003.0	767.9	ddc8008cdeaf
ours	1	first	32	971.1	176.9	ddc8008cdeaf
ours	1	first	48	1355.9	267.0	ddc8008cdeaf
ours	1	first	64	1417.2	358.8	ddc8008cdeaf
ours	1	first	96	1690.9	579.1	ddc8008cdeaf
ours	1	first	128	2980.9	749.1	ddc8008cdeaf
ours	1	first	32	974.9	204.1	ddc8008cdeaf
ours	1	first	48	1375.0	320.0	ddc8008cdeaf
ours	1	first	64	1426.9	396.0	ddc8008cdeaf
ours	1	first	96	1705.9	598.0	ddc8008cdeaf
ours	1	first	128	2013.2	814.9	ddc8008cdeaf
ours	1	first	32	969.9	177.1	ddc8008cdeaf
ours	1	first	48	1370.2	271.8	ddc8008cdeaf
ours	1	first	64	1412.9	373.1	ddc8008cdeaf
ours	1	first	96	1705.9	564.1	ddc8008cdeaf
ours	1	first	128	3423.0	788.0	ddc8008cdeaf
ours	1	first	32	974.2	202.9	ddc8008cdeaf
ours	1	first	48	1426.0	302.1	ddc8008cdeaf
ours	1	first	64	1436.0	408.9	ddc8008cdeaf
ours	1	first	96	1699.0	588.9	ddc8008cdeaf
ours	1	first	128	2038.0	767.9	ddc8008cdeaf
ours	1	first	32	968.9	175.0	ddc8008cdeaf
ours	1	first	48	1358.0	268.0	ddc8008cdeaf
ours	1	first	64	1420.0	371.9	ddc8008cdeaf
ours	1	first	96	1699.9	547.2	ddc8008cdeaf
ours	1	first	128	2031.1	751.0	ddc8008cdeaf
ours	1	first	32	967.0	181.0	ddc8008cdeaf
ours	1	first	48	3104.0	263.0	ddc8008cdeaf
ours	1	first	64	1426.0	376.0	ddc8008cdeaf
ours	1	first	96	1696.1	561.0	ddc8008cdeaf
ours	1	first	128	2025.8	750.1	ddc8008cdeaf
ours	1	first	32	969.2	171.9	ddc8008cdeaf
ours	1	revisit	32	968.0	175.0	ddc8008cdeaf
ours	1	revisit	48	1366.9	259.2	ddc8008cdeaf
ours	1	revisit	64	1466.0	623.0	ddc8008cdeaf
ours	1	revisit	96	1730.0	542.9	ddc8008cdeaf
ours	1	revisit	128	2047.1	747.9	ddc8008cdeaf
ours	1	revisit	32	2897.0	173.1	ddc8008cdeaf
ours	1	revisit	48	1397.8	278.0	ddc8008cdeaf
ours	1	revisit	64	1483.0	638.0	ddc8008cdeaf
ours	1	revisit	96	1659.2	551.0	ddc8008cdeaf
ours	1	revisit	128	1926.9	749.1	ddc8008cdeaf
ours	1	revisit	32	928.9	170.9	ddc8008cdeaf
ours	1	revisit	48	1321.1	258.0	ddc8008cdeaf
ours	1	revisit	64	1361.1	366.9	ddc8008cdeaf
ours	1	revisit	96	1630.1	535.0	ddc8008cdeaf
ours	1	revisit	128	1941.0	721.9	ddc8008cdeaf
ours	1	revisit	32	934.8	175.0	ddc8008cdeaf
ours	1	revisit	48	1308.9	256.1	ddc8008cdeaf
ours	1	revisit	64	3063.0	360.0	ddc8008cdeaf
ours	1	revisit	96	1631.0	588.9	ddc8008cdeaf
ours	1	revisit	128	1941.9	721.9	ddc8008cdeaf
ours	1	revisit	32	933.9	194.1	ddc8008cdeaf
ours	1	revisit	48	1316.1	263.9	ddc8008cdeaf
ours	1	revisit	64	1418.8	368.1	ddc8008cdeaf
ours	1	revisit	96	1635.8	529.1	ddc8008cdeaf
ours	1	revisit	128	1940.0	721.0	ddc8008cdeaf
ours	1	revisit	32	929.8	190.0	ddc8008cdeaf
ours	1	revisit	48	1333.0	263.9	ddc8008cdeaf
ours	1	revisit	64	1377.8	365.0	ddc8008cdeaf
ours	1	revisit	96	3060.1	526.9	ddc8008cdeaf
ours	1	revisit	128	1919.0	778.0	ddc8008cdeaf
ours	1	revisit	32	936.0	198.8	ddc8008cdeaf
ours	1	revisit	48	1328.0	268.9	ddc8008cdeaf
ours	1	revisit	64	1378.1	369.8	ddc8008cdeaf
ours	1	revisit	96	1619.1	537.9	ddc8008cdeaf
ours	1	revisit	128	1978.2	714.8	ddc8008cdeaf
ours	1	revisit	32	935.1	199.8	ddc8008cdeaf
ours	1	revisit	48	1328.0	258.9	ddc8008cdeaf
ours	1	revisit	64	1379.0	371.0	ddc8008cdeaf
ours	1	revisit	96	1634.8	538.1	ddc8008cdeaf
ours	1	revisit	128	3065.1	742.0	ddc8008cdeaf
ours	1	revisit	32	937.9	191.9	ddc8008cdeaf
ours	1	revisit	48	1310.1	284.9	ddc8008cdeaf
ours	1	revisit	64	1372.8	377.2	ddc8008cdeaf
ours	1	revisit	96	1638.9	560.0	ddc8008cdeaf
ours	1	revisit	128	1910.0	756.0	ddc8008cdeaf
ours	1	revisit	32	938.2	201.0	ddc8008cdeaf
ours	1	revisit	48	1319.9	266.1	ddc8008cdeaf
ours	1	revisit	64	1373.1	371.0	ddc8008cdeaf
ours	1	revisit	96	1635.8	531.2	ddc8008cdeaf
ours	1	revisit	128	1940.0	731.0	ddc8008cdeaf
ours	1	revisit	32	942.0	200.0	ddc8008cdeaf
ours	1	revisit	48	1323.0	260.1	ddc8008cdeaf
ours	1	revisit	64	1362.1	370.0	ddc8008cdeaf
ours	1	revisit	96	1632.9	538.1	ddc8008cdeaf
ours	1	revisit	128	3701.9	736.0	ddc8008cdeaf
ours	1	revisit	32	943.9	185.0	ddc8008cdeaf
ours	1	revisit	48	1327.0	378.8	ddc8008cdeaf
ours	1	revisit	64	1381.9	502.1	ddc8008cdeaf
ours	1	revisit	96	1642.9	745.1	ddc8008cdeaf
ours	1	revisit	128	1949.1	810.9	ddc8008cdeaf
ours	1	revisit	32	942.9	202.9	ddc8008cdeaf
ours	1	revisit	48	1319.2	264.9	ddc8008cdeaf
ours	1	revisit	64	1383.1	386.0	ddc8008cdeaf
ours	1	revisit	96	1636.0	562.0	ddc8008cdeaf
ours	1	revisit	128	3498.1	734.1	ddc8008cdeaf
ours	1	revisit	32	949.1	181.0	ddc8008cdeaf
ours	1	new	160	13737.9	4255.1	ddc8008cdeaf
ours	1	new	192	12145.0	5970.0	ddc8008cdeaf
ours	1	new	224	11531.1	8244.0	ddc8008cdeaf
ours	1	new	256	12722.0	12970.9	ddc8008cdeaf
ours	1	new	288	14839.2	15545.8	ddc8008cdeaf
ours	1	new	160	2448.1	1426.0	ddc8008cdeaf
ours	1	new	192	2711.1	1289.8	ddc8008cdeaf
ours	1	new	224	3108.0	1446.0	ddc8008cdeaf
ours	1	new	256	3964.9	2826.0	ddc8008cdeaf
ours	1	new	288	3752.9	3433.9	ddc8008cdeaf
ours	1	new	160	3833.1	1021.9	ddc8008cdeaf
ours	1	new	192	2728.0	1535.9	ddc8008cdeaf
ours	1	new	224	3111.8	1468.2	ddc8008cdeaf
ours	1	new	256	3219.1	2842.9	ddc8008cdeaf
ours	1	new	288	3732.0	3298.0	ddc8008cdeaf
ours	1	new	160	4815.1	1033.1	ddc8008cdeaf
ours	1	new	192	2717.0	1555.0	ddc8008cdeaf
ours	1	new	224	3857.1	1709.9	ddc8008cdeaf
ours	1	new	256	3222.9	3213.2	ddc8008cdeaf
ours	1	new	288	3809.9	3406.0	ddc8008cdeaf
ours	1	new	160	2435.0	1103.9	ddc8008cdeaf
ours	1	new	192	2718.9	1233.1	ddc8008cdeaf
ours	1	new	224	5196.1	1410.0	ddc8008cdeaf
ours	1	new	256	3233.2	3371.0	ddc8008cdeaf
ours	1	new	288	3768.0	3418.0	ddc8008cdeaf
ours	1	new	160	2409.9	1085.0	ddc8008cdeaf
ours	1	new	192	4437.9	1303.9	ddc8008cdeaf
ours	1	new	224	3150.9	1908.1	ddc8008cdeaf
ours	1	new	256	3221.0	2888.0	ddc8008cdeaf
ours	1	new	288	3745.1	3348.8	ddc8008cdeaf
ours	1	new	160	2424.0	1076.0	ddc8008cdeaf
ours	1	new	192	2710.8	1295.1	ddc8008cdeaf
ours	1	new	224	4512.1	1444.1	ddc8008cdeaf
ours	1	new	256	3227.0	3351.2	ddc8008cdeaf
ours	1	new	288	3786.1	3392.9	ddc8008cdeaf
ours	1	new	160	2420.9	1139.2	ddc8008cdeaf
ours	1	new	192	2707.0	1242.9	ddc8008cdeaf
ours	1	new	224	3153.1	1416.9	ddc8008cdeaf
ours	1	new	256	3219.8	2895.1	ddc8008cdeaf
ours	1	new	288	5348.9	3397.0	ddc8008cdeaf
ours	1	new	160	2460.0	1411.9	ddc8008cdeaf
ours	1	new	192	2707.0	1298.2	ddc8008cdeaf
ours	1	new	224	3130.9	1408.1	ddc8008cdeaf
ours	1	new	256	3223.9	2822.2	ddc8008cdeaf
ours	1	new	288	3845.0	3370.0	ddc8008cdeaf
ours	1	new	160	4414.1	1239.1	ddc8008cdeaf
ours	1	new	192	2708.9	1654.1	ddc8008cdeaf
ours	1	new	224	3115.2	1437.9	ddc8008cdeaf
ours	1	new	256	3216.0	2893.9	ddc8008cdeaf
ours	1	new	288	3748.9	3304.0	ddc8008cdeaf
ours	1	new	160	2403.0	1086.0	ddc8008cdeaf
ours	1	new	192	2727.0	1266.0	ddc8008cdeaf
ours	1	new	224	3164.1	1461.0	ddc8008cdeaf
ours	1	new	256	4581.9	2800.0	ddc8008cdeaf
ours	1	new	288	3783.0	3702.2	ddc8008cdeaf
ours	1	new	160	2400.2	1050.9	ddc8008cdeaf
ours	1	new	192	2728.9	1260.0	ddc8008cdeaf
ours	1	new	224	3123.0	1431.9	ddc8008cdeaf
ours	1	new	256	3276.8	2773.0	ddc8008cdeaf
ours	1	new	288	4810.1	3317.1	ddc8008cdeaf
ours	1	new	160	2441.9	1365.2	ddc8008cdeaf
ours	1	new	192	2721.1	1222.8	ddc8008cdeaf
ours	1	new	224	3150.9	1457.0	ddc8008cdeaf
ours	1	new	256	3224.1	2794.0	ddc8008cdeaf
ours	1	new	288	3773.9	3318.1	ddc8008cdeaf
ours	1	new	160	2402.1	1079.1	ddc8008cdeaf
torch-eager	1	first	32	2657.4	127.1	torch-2.14.0+cu130
torch-eager	1	first	48	2640.0	135.7	torch-2.14.0+cu130
torch-eager	1	first	64	2613.3	138.5	torch-2.14.0+cu130
torch-eager	1	first	96	2550.8	156.4	torch-2.14.0+cu130
torch-eager	1	first	128	2695.3	165.9	torch-2.14.0+cu130
torch-eager	1	first	32	2171.0	133.5	torch-2.14.0+cu130
torch-eager	1	first	48	2365.1	130.7	torch-2.14.0+cu130
torch-eager	1	first	64	2373.7	134.7	torch-2.14.0+cu130
torch-eager	1	first	96	2442.4	152.3	torch-2.14.0+cu130
torch-eager	1	first	128	2603.8	158.3	torch-2.14.0+cu130
torch-eager	1	first	32	2183.4	135.4	torch-2.14.0+cu130
torch-eager	1	first	48	2395.9	137.8	torch-2.14.0+cu130
torch-eager	1	first	64	2367.7	133.8	torch-2.14.0+cu130
torch-eager	1	first	96	2412.1	155.9	torch-2.14.0+cu130
torch-eager	1	first	128	2472.4	162.4	torch-2.14.0+cu130
torch-eager	1	first	32	2180.3	124.5	torch-2.14.0+cu130
torch-eager	1	first	48	2358.0	130.4	torch-2.14.0+cu130
torch-eager	1	first	64	2369.4	142.1	torch-2.14.0+cu130
torch-eager	1	first	96	2418.0	151.4	torch-2.14.0+cu130
torch-eager	1	first	128	2498.1	158.1	torch-2.14.0+cu130
torch-eager	1	first	32	2207.3	123.3	torch-2.14.0+cu130
torch-eager	1	first	48	2349.9	134.9	torch-2.14.0+cu130
torch-eager	1	first	64	2367.0	133.3	torch-2.14.0+cu130
torch-eager	1	first	96	2424.0	151.6	torch-2.14.0+cu130
torch-eager	1	first	128	2492.2	156.4	torch-2.14.0+cu130
torch-eager	1	first	32	2172.5	124.9	torch-2.14.0+cu130
torch-eager	1	first	48	2354.4	129.0	torch-2.14.0+cu130
torch-eager	1	first	64	2348.2	134.2	torch-2.14.0+cu130
torch-eager	1	first	96	2427.1	147.6	torch-2.14.0+cu130
torch-eager	1	first	128	2481.0	158.5	torch-2.14.0+cu130
torch-eager	1	first	32	2170.1	122.5	torch-2.14.0+cu130
torch-eager	1	first	48	2346.3	130.9	torch-2.14.0+cu130
torch-eager	1	first	64	2356.5	134.9	torch-2.14.0+cu130
torch-eager	1	first	96	2412.3	148.1	torch-2.14.0+cu130
torch-eager	1	first	128	2478.8	156.4	torch-2.14.0+cu130
torch-eager	1	first	32	2167.0	123.5	torch-2.14.0+cu130
torch-eager	1	first	48	2342.9	129.0	torch-2.14.0+cu130
torch-eager	1	first	64	2368.5	134.0	torch-2.14.0+cu130
torch-eager	1	first	96	2426.9	145.7	torch-2.14.0+cu130
torch-eager	1	first	128	2486.0	163.3	torch-2.14.0+cu130
torch-eager	1	first	32	2157.4	122.8	torch-2.14.0+cu130
torch-eager	1	first	48	2340.8	128.0	torch-2.14.0+cu130
torch-eager	1	first	64	2361.8	133.0	torch-2.14.0+cu130
torch-eager	1	first	96	2417.8	147.1	torch-2.14.0+cu130
torch-eager	1	first	128	2512.9	158.1	torch-2.14.0+cu130
torch-eager	1	first	32	2165.6	122.5	torch-2.14.0+cu130
torch-eager	1	first	48	2404.7	128.3	torch-2.14.0+cu130
torch-eager	1	first	64	2372.5	135.4	torch-2.14.0+cu130
torch-eager	1	first	96	2440.0	153.1	torch-2.14.0+cu130
torch-eager	1	first	128	2486.7	158.1	torch-2.14.0+cu130
torch-eager	1	first	32	2169.8	123.0	torch-2.14.0+cu130
torch-eager	1	first	48	2343.9	130.2	torch-2.14.0+cu130
torch-eager	1	first	64	2357.7	132.6	torch-2.14.0+cu130
torch-eager	1	first	96	2429.7	148.1	torch-2.14.0+cu130
torch-eager	1	first	128	2502.0	161.9	torch-2.14.0+cu130
torch-eager	1	first	32	2168.4	124.0	torch-2.14.0+cu130
torch-eager	1	first	48	2357.5	128.5	torch-2.14.0+cu130
torch-eager	1	first	64	2355.1	135.9	torch-2.14.0+cu130
torch-eager	1	first	96	2429.2	147.8	torch-2.14.0+cu130
torch-eager	1	first	128	2486.7	157.6	torch-2.14.0+cu130
torch-eager	1	first	32	2158.9	127.8	torch-2.14.0+cu130
torch-eager	1	first	48	2350.8	130.4	torch-2.14.0+cu130
torch-eager	1	first	64	2365.1	135.4	torch-2.14.0+cu130
torch-eager	1	first	96	2414.0	148.3	torch-2.14.0+cu130
torch-eager	1	first	128	2500.5	156.6	torch-2.14.0+cu130
torch-eager	1	first	32	2163.4	124.2	torch-2.14.0+cu130
torch-eager	1	revisit	32	2164.6	122.3	torch-2.14.0+cu130
torch-eager	1	revisit	48	2404.5	137.3	torch-2.14.0+cu130
torch-eager	1	revisit	64	2363.7	134.9	torch-2.14.0+cu130
torch-eager	1	revisit	96	2419.2	146.2	torch-2.14.0+cu130
torch-eager	1	revisit	128	2514.4	163.3	torch-2.14.0+cu130
torch-eager	1	revisit	32	2173.4	124.9	torch-2.14.0+cu130
torch-eager	1	revisit	48	2336.3	128.5	torch-2.14.0+cu130
torch-eager	1	revisit	64	2332.0	134.5	torch-2.14.0+cu130
torch-eager	1	revisit	96	2427.6	145.4	torch-2.14.0+cu130
torch-eager	1	revisit	128	2481.5	157.8	torch-2.14.0+cu130
torch-eager	1	revisit	32	2163.2	122.3	torch-2.14.0+cu130
torch-eager	1	revisit	48	2363.7	129.7	torch-2.14.0+cu130
torch-eager	1	revisit	64	2383.0	133.3	torch-2.14.0+cu130
torch-eager	1	revisit	96	2430.9	151.2	torch-2.14.0+cu130
torch-eager	1	revisit	128	2504.8	157.4	torch-2.14.0+cu130
torch-eager	1	revisit	32	2177.0	123.0	torch-2.14.0+cu130
torch-eager	1	revisit	48	2362.0	128.7	torch-2.14.0+cu130
torch-eager	1	revisit	64	2341.7	134.5	torch-2.14.0+cu130
torch-eager	1	revisit	96	2429.2	147.3	torch-2.14.0+cu130
torch-eager	1	revisit	128	2501.5	157.8	torch-2.14.0+cu130
torch-eager	1	revisit	32	2183.7	122.5	torch-2.14.0+cu130
torch-eager	1	revisit	48	2395.9	129.9	torch-2.14.0+cu130
torch-eager	1	revisit	64	2420.4	133.8	torch-2.14.0+cu130
torch-eager	1	revisit	96	2436.9	152.8	torch-2.14.0+cu130
torch-eager	1	revisit	128	2502.2	157.8	torch-2.14.0+cu130
torch-eager	1	revisit	32	2155.5	124.5	torch-2.14.0+cu130
torch-eager	1	revisit	48	2342.0	128.7	torch-2.14.0+cu130
torch-eager	1	revisit	64	2369.2	135.7	torch-2.14.0+cu130
torch-eager	1	revisit	96	2421.1	146.6	torch-2.14.0+cu130
torch-eager	1	revisit	128	2499.8	158.3	torch-2.14.0+cu130
torch-eager	1	revisit	32	2166.5	131.1	torch-2.14.0+cu130
torch-eager	1	revisit	48	2353.7	128.3	torch-2.14.0+cu130
torch-eager	1	revisit	64	2377.7	133.0	torch-2.14.0+cu130
torch-eager	1	revisit	96	2430.4	146.9	torch-2.14.0+cu130
torch-eager	1	revisit	128	2514.8	170.9	torch-2.14.0+cu130
torch-eager	1	revisit	32	2166.7	124.5	torch-2.14.0+cu130
torch-eager	1	revisit	48	2343.7	129.0	torch-2.14.0+cu130
torch-eager	1	revisit	64	2354.4	134.9	torch-2.14.0+cu130
torch-eager	1	revisit	96	2420.9	147.1	torch-2.14.0+cu130
torch-eager	1	revisit	128	2500.1	158.3	torch-2.14.0+cu130
torch-eager	1	revisit	32	2171.0	124.5	torch-2.14.0+cu130
torch-eager	1	revisit	48	2348.2	130.2	torch-2.14.0+cu130
torch-eager	1	revisit	64	2365.8	132.3	torch-2.14.0+cu130
torch-eager	1	revisit	96	2439.5	149.5	torch-2.14.0+cu130
torch-eager	1	revisit	128	2492.0	161.2	torch-2.14.0+cu130
torch-eager	1	revisit	32	2158.9	122.3	torch-2.14.0+cu130
torch-eager	1	revisit	48	2340.6	127.8	torch-2.14.0+cu130
torch-eager	1	revisit	64	2363.4	134.7	torch-2.14.0+cu130
torch-eager	1	revisit	96	2420.9	146.6	torch-2.14.0+cu130
torch-eager	1	revisit	128	2496.7	159.3	torch-2.14.0+cu130
torch-eager	1	revisit	32	2176.5	124.0	torch-2.14.0+cu130
torch-eager	1	revisit	48	2344.1	128.5	torch-2.14.0+cu130
torch-eager	1	revisit	64	2343.7	132.3	torch-2.14.0+cu130
torch-eager	1	revisit	96	2404.9	147.8	torch-2.14.0+cu130
torch-eager	1	revisit	128	2476.9	169.0	torch-2.14.0+cu130
torch-eager	1	revisit	32	2166.7	122.8	torch-2.14.0+cu130
torch-eager	1	revisit	48	2362.7	127.6	torch-2.14.0+cu130
torch-eager	1	revisit	64	2366.8	135.9	torch-2.14.0+cu130
torch-eager	1	revisit	96	2419.7	145.2	torch-2.14.0+cu130
torch-eager	1	revisit	128	2514.1	158.8	torch-2.14.0+cu130
torch-eager	1	revisit	32	2178.4	123.5	torch-2.14.0+cu130
torch-eager	1	revisit	48	2351.0	129.7	torch-2.14.0+cu130
torch-eager	1	revisit	64	2353.7	140.9	torch-2.14.0+cu130
torch-eager	1	revisit	96	2427.1	146.9	torch-2.14.0+cu130
torch-eager	1	revisit	128	2481.5	165.5	torch-2.14.0+cu130
torch-eager	1	revisit	32	2164.8	122.5	torch-2.14.0+cu130
torch-eager	1	new	160	2869.4	179.8	torch-2.14.0+cu130
torch-eager	1	new	192	2859.6	197.6	torch-2.14.0+cu130
torch-eager	1	new	224	3290.7	200.7	torch-2.14.0+cu130
torch-eager	1	new	256	3500.5	212.9	torch-2.14.0+cu130
torch-eager	1	new	288	4122.7	228.4	torch-2.14.0+cu130
torch-eager	1	new	160	2731.8	178.8	torch-2.14.0+cu130
torch-eager	1	new	192	2819.5	183.1	torch-2.14.0+cu130
torch-eager	1	new	224	3272.5	200.3	torch-2.14.0+cu130
torch-eager	1	new	256	3423.2	210.0	torch-2.14.0+cu130
torch-eager	1	new	288	4093.9	217.7	torch-2.14.0+cu130
torch-eager	1	new	160	2710.6	177.9	torch-2.14.0+cu130
torch-eager	1	new	192	2832.2	189.8	torch-2.14.0+cu130
torch-eager	1	new	224	3273.5	219.1	torch-2.14.0+cu130
torch-eager	1	new	256	3464.2	204.1	torch-2.14.0+cu130
torch-eager	1	new	288	4144.7	219.1	torch-2.14.0+cu130
torch-eager	1	new	160	2727.0	172.4	torch-2.14.0+cu130
torch-eager	1	new	192	2876.0	182.9	torch-2.14.0+cu130
torch-eager	1	new	224	3289.0	192.4	torch-2.14.0+cu130
torch-eager	1	new	256	3463.5	209.6	torch-2.14.0+cu130
torch-eager	1	new	288	4123.4	218.9	torch-2.14.0+cu130
torch-eager	1	new	160	2735.1	177.9	torch-2.14.0+cu130
torch-eager	1	new	192	2893.7	181.9	torch-2.14.0+cu130
torch-eager	1	new	224	3311.2	201.0	torch-2.14.0+cu130
torch-eager	1	new	256	3482.6	206.5	torch-2.14.0+cu130
torch-eager	1	new	288	4130.4	215.8	torch-2.14.0+cu130
torch-eager	1	new	160	2737.5	170.9	torch-2.14.0+cu130
torch-eager	1	new	192	2874.6	181.9	torch-2.14.0+cu130
torch-eager	1	new	224	3309.7	193.6	torch-2.14.0+cu130
torch-eager	1	new	256	3491.6	206.0	torch-2.14.0+cu130
torch-eager	1	new	288	4162.3	223.4	torch-2.14.0+cu130
torch-eager	1	new	160	2734.9	222.2	torch-2.14.0+cu130
torch-eager	1	new	192	2891.5	190.0	torch-2.14.0+cu130
torch-eager	1	new	224	3328.8	193.6	torch-2.14.0+cu130
torch-eager	1	new	256	3492.1	205.5	torch-2.14.0+cu130
torch-eager	1	new	288	4155.4	215.8	torch-2.14.0+cu130
torch-eager	1	new	160	2727.0	173.3	torch-2.14.0+cu130
torch-eager	1	new	192	2895.1	182.2	torch-2.14.0+cu130
torch-eager	1	new	224	3331.2	194.5	torch-2.14.0+cu130
torch-eager	1	new	256	3482.8	204.3	torch-2.14.0+cu130
torch-eager	1	new	288	4163.3	225.8	torch-2.14.0+cu130
torch-eager	1	new	160	2728.7	170.5	torch-2.14.0+cu130
torch-eager	1	new	192	2890.8	182.4	torch-2.14.0+cu130
torch-eager	1	new	224	3298.8	193.1	torch-2.14.0+cu130
torch-eager	1	new	256	3498.8	205.8	torch-2.14.0+cu130
torch-eager	1	new	288	4141.3	218.4	torch-2.14.0+cu130
torch-eager	1	new	160	2730.8	170.2	torch-2.14.0+cu130
torch-eager	1	new	192	2900.4	184.3	torch-2.14.0+cu130
torch-eager	1	new	224	3333.8	194.3	torch-2.14.0+cu130
torch-eager	1	new	256	3497.6	205.3	torch-2.14.0+cu130
torch-eager	1	new	288	4179.0	216.0	torch-2.14.0+cu130
torch-eager	1	new	160	2728.7	171.9	torch-2.14.0+cu130
torch-eager	1	new	192	2910.4	182.6	torch-2.14.0+cu130
torch-eager	1	new	224	3338.3	193.4	torch-2.14.0+cu130
torch-eager	1	new	256	3500.0	212.2	torch-2.14.0+cu130
torch-eager	1	new	288	4172.6	217.0	torch-2.14.0+cu130
torch-eager	1	new	160	2723.9	170.0	torch-2.14.0+cu130
torch-eager	1	new	192	2905.8	189.3	torch-2.14.0+cu130
torch-eager	1	new	224	3313.1	194.5	torch-2.14.0+cu130
torch-eager	1	new	256	3511.7	203.6	torch-2.14.0+cu130
torch-eager	1	new	288	4164.2	217.7	torch-2.14.0+cu130
torch-eager	1	new	160	2723.9	170.9	torch-2.14.0+cu130
torch-eager	1	new	192	2915.4	182.9	torch-2.14.0+cu130
torch-eager	1	new	224	3331.7	192.4	torch-2.14.0+cu130
torch-eager	1	new	256	3500.5	206.7	torch-2.14.0+cu130
torch-eager	1	new	288	4182.1	223.4	torch-2.14.0+cu130
torch-eager	1	new	160	2737.5	172.4	torch-2.14.0+cu130
torch-compile-static	1	first	32	390909.9	152.6	torch-2.14.0+cu130
torch-compile-static	1	first	48	433050.6	267.3	torch-2.14.0+cu130
torch-compile-static	1	first	64	375119.4	277.3	torch-2.14.0+cu130
torch-compile-static	1	first	96	364283.3	291.1	torch-2.14.0+cu130
torch-compile-static	1	first	128	305286.9	284.0	torch-2.14.0+cu130
torch-compile-static	1	first	32	1091.0	222.2	torch-2.14.0+cu130
torch-compile-static	1	first	48	1400.2	158.1	torch-2.14.0+cu130
torch-compile-static	1	first	64	1406.7	144.5	torch-2.14.0+cu130
torch-compile-static	1	first	96	1658.4	156.4	torch-2.14.0+cu130
torch-compile-static	1	first	128	1799.6	170.7	torch-2.14.0+cu130
torch-compile-static	1	first	32	1020.7	127.8	torch-2.14.0+cu130
torch-compile-static	1	first	48	1348.5	142.1	torch-2.14.0+cu130
torch-compile-static	1	first	64	1393.3	136.9	torch-2.14.0+cu130
torch-compile-static	1	first	96	1645.3	155.0	torch-2.14.0+cu130
torch-compile-static	1	first	128	1799.3	161.6	torch-2.14.0+cu130
torch-compile-static	1	first	32	1004.0	124.7	torch-2.14.0+cu130
torch-compile-static	1	first	48	1338.5	136.9	torch-2.14.0+cu130
torch-compile-static	1	first	64	1387.4	135.2	torch-2.14.0+cu130
torch-compile-static	1	first	96	1626.3	156.9	torch-2.14.0+cu130
torch-compile-static	1	first	128	1780.3	164.7	torch-2.14.0+cu130
torch-compile-static	1	first	32	996.1	125.6	torch-2.14.0+cu130
torch-compile-static	1	first	48	1368.8	129.9	torch-2.14.0+cu130
torch-compile-static	1	first	64	1403.8	138.0	torch-2.14.0+cu130
torch-compile-static	1	first	96	1636.0	147.8	torch-2.14.0+cu130
torch-compile-static	1	first	128	1777.2	160.5	torch-2.14.0+cu130
torch-compile-static	1	first	32	999.7	125.9	torch-2.14.0+cu130
torch-compile-static	1	first	48	1337.5	129.5	torch-2.14.0+cu130
torch-compile-static	1	first	64	1408.6	137.1	torch-2.14.0+cu130
torch-compile-static	1	first	96	1629.1	149.7	torch-2.14.0+cu130
torch-compile-static	1	first	128	1787.9	160.9	torch-2.14.0+cu130
torch-compile-static	1	first	32	996.8	124.9	torch-2.14.0+cu130
torch-compile-static	1	first	48	1344.0	131.1	torch-2.14.0+cu130
torch-compile-static	1	first	64	1388.5	139.2	torch-2.14.0+cu130
torch-compile-static	1	first	96	1629.6	148.5	torch-2.14.0+cu130
torch-compile-static	1	first	128	1789.6	158.5	torch-2.14.0+cu130
torch-compile-static	1	first	32	992.5	129.9	torch-2.14.0+cu130
torch-compile-static	1	first	48	1336.1	131.8	torch-2.14.0+cu130
torch-compile-static	1	first	64	1389.5	143.3	torch-2.14.0+cu130
torch-compile-static	1	first	96	1624.3	147.6	torch-2.14.0+cu130
torch-compile-static	1	first	128	1786.5	159.5	torch-2.14.0+cu130
torch-compile-static	1	first	32	991.6	124.2	torch-2.14.0+cu130
torch-compile-static	1	first	48	1359.0	131.1	torch-2.14.0+cu130
torch-compile-static	1	first	64	1404.0	134.5	torch-2.14.0+cu130
torch-compile-static	1	first	96	1626.0	150.4	torch-2.14.0+cu130
torch-compile-static	1	first	128	1786.7	160.7	torch-2.14.0+cu130
torch-compile-static	1	first	32	990.9	124.9	torch-2.14.0+cu130
torch-compile-static	1	first	48	1355.9	131.4	torch-2.14.0+cu130
torch-compile-static	1	first	64	1374.7	135.9	torch-2.14.0+cu130
torch-compile-static	1	first	96	1618.1	149.7	torch-2.14.0+cu130
torch-compile-static	1	first	128	1773.6	166.9	torch-2.14.0+cu130
torch-compile-static	1	first	32	992.5	130.4	torch-2.14.0+cu130
torch-compile-static	1	first	48	1369.0	136.9	torch-2.14.0+cu130
torch-compile-static	1	first	64	1406.2	136.1	torch-2.14.0+cu130
torch-compile-static	1	first	96	1626.3	158.3	torch-2.14.0+cu130
torch-compile-static	1	first	128	1777.2	170.2	torch-2.14.0+cu130
torch-compile-static	1	first	32	1008.7	124.0	torch-2.14.0+cu130
torch-compile-static	1	first	48	1366.1	141.9	torch-2.14.0+cu130
torch-compile-static	1	first	64	1367.8	134.5	torch-2.14.0+cu130
torch-compile-static	1	first	96	1619.8	155.0	torch-2.14.0+cu130
torch-compile-static	1	first	128	1797.2	158.8	torch-2.14.0+cu130
torch-compile-static	1	first	32	1000.2	124.0	torch-2.14.0+cu130
torch-compile-static	1	first	48	1345.6	130.4	torch-2.14.0+cu130
torch-compile-static	1	first	64	1379.5	135.2	torch-2.14.0+cu130
torch-compile-static	1	first	96	1620.8	153.1	torch-2.14.0+cu130
torch-compile-static	1	first	128	1788.1	161.4	torch-2.14.0+cu130
torch-compile-static	1	first	32	996.8	124.7	torch-2.14.0+cu130
torch-compile-static	1	revisit	32	991.1	122.8	torch-2.14.0+cu130
torch-compile-static	1	revisit	48	1359.0	129.0	torch-2.14.0+cu130
torch-compile-static	1	revisit	64	1376.4	134.2	torch-2.14.0+cu130
torch-compile-static	1	revisit	96	1627.0	147.3	torch-2.14.0+cu130
torch-compile-static	1	revisit	128	1785.3	161.6	torch-2.14.0+cu130
torch-compile-static	1	revisit	32	1001.1	125.6	torch-2.14.0+cu130
torch-compile-static	1	revisit	48	1341.3	129.0	torch-2.14.0+cu130
torch-compile-static	1	revisit	64	1400.0	135.7	torch-2.14.0+cu130
torch-compile-static	1	revisit	96	1624.3	149.0	torch-2.14.0+cu130
torch-compile-static	1	revisit	128	1783.6	159.5	torch-2.14.0+cu130
torch-compile-static	1	revisit	32	994.9	125.4	torch-2.14.0+cu130
torch-compile-static	1	revisit	48	1357.8	129.5	torch-2.14.0+cu130
torch-compile-static	1	revisit	64	1403.1	133.8	torch-2.14.0+cu130
torch-compile-static	1	revisit	96	1622.0	147.6	torch-2.14.0+cu130
torch-compile-static	1	revisit	128	1781.0	158.5	torch-2.14.0+cu130
torch-compile-static	1	revisit	32	999.2	124.9	torch-2.14.0+cu130
torch-compile-static	1	revisit	48	1354.7	129.2	torch-2.14.0+cu130
torch-compile-static	1	revisit	64	1390.2	139.2	torch-2.14.0+cu130
torch-compile-static	1	revisit	96	1627.0	148.1	torch-2.14.0+cu130
torch-compile-static	1	revisit	128	1769.5	158.1	torch-2.14.0+cu130
torch-compile-static	1	revisit	32	995.9	124.2	torch-2.14.0+cu130
torch-compile-static	1	revisit	48	1336.3	130.7	torch-2.14.0+cu130
torch-compile-static	1	revisit	64	1382.4	135.2	torch-2.14.0+cu130
torch-compile-static	1	revisit	96	1619.8	149.3	torch-2.14.0+cu130
torch-compile-static	1	revisit	128	1788.9	159.3	torch-2.14.0+cu130
torch-compile-static	1	revisit	32	996.4	124.0	torch-2.14.0+cu130
torch-compile-static	1	revisit	48	1333.7	129.9	torch-2.14.0+cu130
torch-compile-static	1	revisit	64	1435.3	134.5	torch-2.14.0+cu130
torch-compile-static	1	revisit	96	1626.3	148.5	torch-2.14.0+cu130
torch-compile-static	1	revisit	128	1783.8	166.4	torch-2.14.0+cu130
torch-compile-static	1	revisit	32	997.5	131.6	torch-2.14.0+cu130
torch-compile-static	1	revisit	48	1353.0	130.4	torch-2.14.0+cu130
torch-compile-static	1	revisit	64	1379.0	136.6	torch-2.14.0+cu130
torch-compile-static	1	revisit	96	1624.1	148.5	torch-2.14.0+cu130
torch-compile-static	1	revisit	128	1789.6	167.4	torch-2.14.0+cu130
torch-compile-static	1	revisit	32	999.7	123.7	torch-2.14.0+cu130
torch-compile-static	1	revisit	48	1339.9	139.0	torch-2.14.0+cu130
torch-compile-static	1	revisit	64	1371.4	136.6	torch-2.14.0+cu130
torch-compile-static	1	revisit	96	1618.1	148.8	torch-2.14.0+cu130
torch-compile-static	1	revisit	128	1809.8	160.2	torch-2.14.0+cu130
torch-compile-static	1	revisit	32	993.7	123.7	torch-2.14.0+cu130
torch-compile-static	1	revisit	48	1349.9	129.5	torch-2.14.0+cu130
torch-compile-static	1	revisit	64	1373.3	135.4	torch-2.14.0+cu130
torch-compile-static	1	revisit	96	1631.0	148.1	torch-2.14.0+cu130
torch-compile-static	1	revisit	128	1782.9	159.7	torch-2.14.0+cu130
torch-compile-static	1	revisit	32	1001.6	127.3	torch-2.14.0+cu130
torch-compile-static	1	revisit	48	1366.1	129.7	torch-2.14.0+cu130
torch-compile-static	1	revisit	64	1395.0	137.1	torch-2.14.0+cu130
torch-compile-static	1	revisit	96	1619.6	150.0	torch-2.14.0+cu130
torch-compile-static	1	revisit	128	1792.0	161.6	torch-2.14.0+cu130
torch-compile-static	1	revisit	32	992.8	126.1	torch-2.14.0+cu130
torch-compile-static	1	revisit	48	1365.9	130.2	torch-2.14.0+cu130
torch-compile-static	1	revisit	64	1397.1	136.1	torch-2.14.0+cu130
torch-compile-static	1	revisit	96	1625.8	148.5	torch-2.14.0+cu130
torch-compile-static	1	revisit	128	1783.1	158.1	torch-2.14.0+cu130
torch-compile-static	1	revisit	32	992.1	124.7	torch-2.14.0+cu130
torch-compile-static	1	revisit	48	1341.3	130.2	torch-2.14.0+cu130
torch-compile-static	1	revisit	64	1392.8	141.1	torch-2.14.0+cu130
torch-compile-static	1	revisit	96	1622.4	150.2	torch-2.14.0+cu130
torch-compile-static	1	revisit	128	1776.5	159.5	torch-2.14.0+cu130
torch-compile-static	1	revisit	32	998.0	123.7	torch-2.14.0+cu130
torch-compile-static	1	revisit	48	1339.2	129.7	torch-2.14.0+cu130
torch-compile-static	1	revisit	64	1412.4	139.5	torch-2.14.0+cu130
torch-compile-static	1	revisit	96	1626.0	148.5	torch-2.14.0+cu130
torch-compile-static	1	revisit	128	1803.2	159.5	torch-2.14.0+cu130
torch-compile-static	1	revisit	32	998.5	128.7	torch-2.14.0+cu130
torch-compile-static	1	new	160	306620.4	173.8	torch-2.14.0+cu130
torch-compile-static	1	new	192	306206.7	293.0	torch-2.14.0+cu130
torch-compile-static	1	new	224	49135.2	305.7	torch-2.14.0+cu130
torch-compile-static	1	new	256	3626.3	316.9	torch-2.14.0+cu130
torch-compile-static	1	new	288	4198.1	233.7	torch-2.14.0+cu130
torch-compile-static	1	new	160	2259.7	183.3	torch-2.14.0+cu130
torch-compile-static	1	new	192	2383.5	186.0	torch-2.14.0+cu130
torch-compile-static	1	new	224	3290.4	200.7	torch-2.14.0+cu130
torch-compile-static	1	new	256	3448.7	208.9	torch-2.14.0+cu130
torch-compile-static	1	new	288	4125.1	220.1	torch-2.14.0+cu130
torch-compile-static	1	new	160	2187.0	178.8	torch-2.14.0+cu130
torch-compile-static	1	new	192	2359.4	186.9	torch-2.14.0+cu130
torch-compile-static	1	new	224	3320.0	204.1	torch-2.14.0+cu130
torch-compile-static	1	new	256	3478.5	206.7	torch-2.14.0+cu130
torch-compile-static	1	new	288	4133.9	218.6	torch-2.14.0+cu130
torch-compile-static	1	new	160	2186.8	174.8	torch-2.14.0+cu130
torch-compile-static	1	new	192	2410.7	184.8	torch-2.14.0+cu130
torch-compile-static	1	new	224	3354.5	194.5	torch-2.14.0+cu130
torch-compile-static	1	new	256	3537.4	215.3	torch-2.14.0+cu130
torch-compile-static	1	new	288	4228.6	218.6	torch-2.14.0+cu130
torch-compile-static	1	new	160	2218.7	172.1	torch-2.14.0+cu130
torch-compile-static	1	new	192	2401.4	184.1	torch-2.14.0+cu130
torch-compile-static	1	new	224	3349.1	195.7	torch-2.14.0+cu130
torch-compile-static	1	new	256	3532.2	207.2	torch-2.14.0+cu130
torch-compile-static	1	new	288	4196.4	218.2	torch-2.14.0+cu130
torch-compile-static	1	new	160	2221.6	173.6	torch-2.14.0+cu130
torch-compile-static	1	new	192	2403.7	184.1	torch-2.14.0+cu130
torch-compile-static	1	new	224	3363.8	201.5	torch-2.14.0+cu130
torch-compile-static	1	new	256	3534.8	208.1	torch-2.14.0+cu130
torch-compile-static	1	new	288	4196.6	217.7	torch-2.14.0+cu130
torch-compile-static	1	new	160	2219.2	173.8	torch-2.14.0+cu130
torch-compile-static	1	new	192	2407.1	193.6	torch-2.14.0+cu130
torch-compile-static	1	new	224	3358.6	195.3	torch-2.14.0+cu130
torch-compile-static	1	new	256	3533.6	207.9	torch-2.14.0+cu130
torch-compile-static	1	new	288	4203.1	221.7	torch-2.14.0+cu130
torch-compile-static	1	new	160	2208.7	173.6	torch-2.14.0+cu130
torch-compile-static	1	new	192	2399.7	185.3	torch-2.14.0+cu130
torch-compile-static	1	new	224	3351.2	193.4	torch-2.14.0+cu130
torch-compile-static	1	new	256	3521.0	215.3	torch-2.14.0+cu130
torch-compile-static	1	new	288	4230.7	219.1	torch-2.14.0+cu130
torch-compile-static	1	new	160	2222.8	171.7	torch-2.14.0+cu130
torch-compile-static	1	new	192	2410.9	184.8	torch-2.14.0+cu130
torch-compile-static	1	new	224	3373.4	196.5	torch-2.14.0+cu130
torch-compile-static	1	new	256	3537.2	208.6	torch-2.14.0+cu130
torch-compile-static	1	new	288	4203.6	225.3	torch-2.14.0+cu130
torch-compile-static	1	new	160	2221.8	174.0	torch-2.14.0+cu130
torch-compile-static	1	new	192	2398.0	185.3	torch-2.14.0+cu130
torch-compile-static	1	new	224	3370.3	194.8	torch-2.14.0+cu130
torch-compile-static	1	new	256	3529.3	207.7	torch-2.14.0+cu130
torch-compile-static	1	new	288	4183.3	217.7	torch-2.14.0+cu130
torch-compile-static	1	new	160	2199.9	173.1	torch-2.14.0+cu130
torch-compile-static	1	new	192	2403.3	192.2	torch-2.14.0+cu130
torch-compile-static	1	new	224	3349.5	194.8	torch-2.14.0+cu130
torch-compile-static	1	new	256	3523.8	210.0	torch-2.14.0+cu130
torch-compile-static	1	new	288	4193.5	217.9	torch-2.14.0+cu130
torch-compile-static	1	new	160	2236.6	173.3	torch-2.14.0+cu130
torch-compile-static	1	new	192	2401.6	182.6	torch-2.14.0+cu130
torch-compile-static	1	new	224	3355.5	193.6	torch-2.14.0+cu130
torch-compile-static	1	new	256	3552.9	208.4	torch-2.14.0+cu130
torch-compile-static	1	new	288	4211.2	217.9	torch-2.14.0+cu130
torch-compile-static	1	new	160	2214.0	179.5	torch-2.14.0+cu130
torch-compile-static	1	new	192	2413.0	184.8	torch-2.14.0+cu130
torch-compile-static	1	new	224	3355.5	202.7	torch-2.14.0+cu130
torch-compile-static	1	new	256	3552.2	206.9	torch-2.14.0+cu130
torch-compile-static	1	new	288	4209.0	217.0	torch-2.14.0+cu130
torch-compile-static	1	new	160	2214.0	173.1	torch-2.14.0+cu130
torch-compile-dynamic	1	first	32	1421.9	125.9	torch-2.14.0+cu130
torch-compile-dynamic	1	first	48	1642.7	134.9	torch-2.14.0+cu130
torch-compile-dynamic	1	first	64	1604.1	156.6	torch-2.14.0+cu130
torch-compile-dynamic	1	first	96	1745.7	155.4	torch-2.14.0+cu130
torch-compile-dynamic	1	first	128	2036.3	167.1	torch-2.14.0+cu130
torch-compile-dynamic	1	first	32	1084.1	127.8	torch-2.14.0+cu130
torch-compile-dynamic	1	first	48	1464.6	134.2	torch-2.14.0+cu130
torch-compile-dynamic	1	first	64	1527.1	137.3	torch-2.14.0+cu130
torch-compile-dynamic	1	first	96	1716.1	150.4	torch-2.14.0+cu130
torch-compile-dynamic	1	first	128	1927.4	162.8	torch-2.14.0+cu130
torch-compile-dynamic	1	first	32	1065.7	127.3	torch-2.14.0+cu130
torch-compile-dynamic	1	first	48	1500.4	130.9	torch-2.14.0+cu130
torch-compile-dynamic	1	first	64	1515.9	135.9	torch-2.14.0+cu130
torch-compile-dynamic	1	first	96	1723.3	150.2	torch-2.14.0+cu130
torch-compile-dynamic	1	first	128	1912.6	159.7	torch-2.14.0+cu130
torch-compile-dynamic	1	first	32	1080.8	126.4	torch-2.14.0+cu130
torch-compile-dynamic	1	first	48	1485.3	139.5	torch-2.14.0+cu130
torch-compile-dynamic	1	first	64	1526.4	136.6	torch-2.14.0+cu130
torch-compile-dynamic	1	first	96	1718.8	152.1	torch-2.14.0+cu130
torch-compile-dynamic	1	first	128	1907.6	159.7	torch-2.14.0+cu130
torch-compile-dynamic	1	first	32	1069.3	125.4	torch-2.14.0+cu130
torch-compile-dynamic	1	first	48	1522.8	132.1	torch-2.14.0+cu130
torch-compile-dynamic	1	first	64	1535.7	136.6	torch-2.14.0+cu130
torch-compile-dynamic	1	first	96	1712.8	148.3	torch-2.14.0+cu130
torch-compile-dynamic	1	first	128	1912.8	160.0	torch-2.14.0+cu130
torch-compile-dynamic	1	first	32	1063.3	124.2	torch-2.14.0+cu130
torch-compile-dynamic	1	first	48	1521.8	129.5	torch-2.14.0+cu130
torch-compile-dynamic	1	first	64	1559.0	136.6	torch-2.14.0+cu130
torch-compile-dynamic	1	first	96	1718.3	153.8	torch-2.14.0+cu130
torch-compile-dynamic	1	first	128	1928.6	159.7	torch-2.14.0+cu130
torch-compile-dynamic	1	first	32	1071.9	125.4	torch-2.14.0+cu130
torch-compile-dynamic	1	first	48	1460.8	130.9	torch-2.14.0+cu130
torch-compile-dynamic	1	first	64	1563.8	142.8	torch-2.14.0+cu130
torch-compile-dynamic	1	first	96	1717.6	149.3	torch-2.14.0+cu130
torch-compile-dynamic	1	first	128	1916.9	159.0	torch-2.14.0+cu130
torch-compile-dynamic	1	first	32	1070.7	127.6	torch-2.14.0+cu130
torch-compile-dynamic	1	first	48	1479.9	132.1	torch-2.14.0+cu130
torch-compile-dynamic	1	first	64	1573.3	136.4	torch-2.14.0+cu130
torch-compile-dynamic	1	first	96	1715.4	152.1	torch-2.14.0+cu130
torch-compile-dynamic	1	first	128	1921.2	159.5	torch-2.14.0+cu130
torch-compile-dynamic	1	first	32	1065.0	124.0	torch-2.14.0+cu130
torch-compile-dynamic	1	first	48	1497.7	133.0	torch-2.14.0+cu130
torch-compile-dynamic	1	first	64	1534.5	143.8	torch-2.14.0+cu130
torch-compile-dynamic	1	first	96	1712.8	149.5	torch-2.14.0+cu130
torch-compile-dynamic	1	first	128	1911.2	163.8	torch-2.14.0+cu130
torch-compile-dynamic	1	first	32	1060.2	124.5	torch-2.14.0+cu130
torch-compile-dynamic	1	first	48	1475.3	129.9	torch-2.14.0+cu130
torch-compile-dynamic	1	first	64	1553.8	136.4	torch-2.14.0+cu130
torch-compile-dynamic	1	first	96	1717.3	149.3	torch-2.14.0+cu130
torch-compile-dynamic	1	first	128	1910.9	171.4	torch-2.14.0+cu130
torch-compile-dynamic	1	first	32	1063.6	124.9	torch-2.14.0+cu130
torch-compile-dynamic	1	first	48	1526.6	132.8	torch-2.14.0+cu130
torch-compile-dynamic	1	first	64	1579.8	143.5	torch-2.14.0+cu130
torch-compile-dynamic	1	first	96	1712.3	149.0	torch-2.14.0+cu130
torch-compile-dynamic	1	first	128	1916.2	164.0	torch-2.14.0+cu130
torch-compile-dynamic	1	first	32	1065.5	126.1	torch-2.14.0+cu130
torch-compile-dynamic	1	first	48	1513.5	132.3	torch-2.14.0+cu130
torch-compile-dynamic	1	first	64	1526.4	135.4	torch-2.14.0+cu130
torch-compile-dynamic	1	first	96	1711.8	148.5	torch-2.14.0+cu130
torch-compile-dynamic	1	first	128	1914.7	166.2	torch-2.14.0+cu130
torch-compile-dynamic	1	first	32	1065.3	125.2	torch-2.14.0+cu130
torch-compile-dynamic	1	first	48	1522.5	130.7	torch-2.14.0+cu130
torch-compile-dynamic	1	first	64	1513.2	142.8	torch-2.14.0+cu130
torch-compile-dynamic	1	first	96	1715.2	148.5	torch-2.14.0+cu130
torch-compile-dynamic	1	first	128	1919.0	159.5	torch-2.14.0+cu130
torch-compile-dynamic	1	first	32	1066.2	126.1	torch-2.14.0+cu130
torch-compile-dynamic	1	revisit	32	1073.6	124.5	torch-2.14.0+cu130
torch-compile-dynamic	1	revisit	48	1493.5	137.3	torch-2.14.0+cu130
torch-compile-dynamic	1	revisit	64	1513.5	136.6	torch-2.14.0+cu130
torch-compile-dynamic	1	revisit	96	1716.4	150.2	torch-2.14.0+cu130
torch-compile-dynamic	1	revisit	128	1904.2	159.0	torch-2.14.0+cu130
torch-compile-dynamic	1	revisit	32	1064.8	125.9	torch-2.14.0+cu130
torch-compile-dynamic	1	revisit	48	1475.6	130.7	torch-2.14.0+cu130
torch-compile-dynamic	1	revisit	64	1556.2	137.8	torch-2.14.0+cu130
torch-compile-dynamic	1	revisit	96	1720.2	150.0	torch-2.14.0+cu130
torch-compile-dynamic	1	revisit	128	1904.2	160.9	torch-2.14.0+cu130
torch-compile-dynamic	1	revisit	32	1070.3	125.4	torch-2.14.0+cu130
torch-compile-dynamic	1	revisit	48	1465.3	130.2	torch-2.14.0+cu130
torch-compile-dynamic	1	revisit	64	1518.7	134.9	torch-2.14.0+cu130
torch-compile-dynamic	1	revisit	96	1711.1	148.3	torch-2.14.0+cu130
torch-compile-dynamic	1	revisit	128	1914.7	166.7	torch-2.14.0+cu130
torch-compile-dynamic	1	revisit	32	1065.5	130.2	torch-2.14.0+cu130
torch-compile-dynamic	1	revisit	48	1464.1	130.7	torch-2.14.0+cu130
torch-compile-dynamic	1	revisit	64	1541.6	136.6	torch-2.14.0+cu130
torch-compile-dynamic	1	revisit	96	1710.2	148.8	torch-2.14.0+cu130
torch-compile-dynamic	1	revisit	128	1913.5	160.7	torch-2.14.0+cu130
torch-compile-dynamic	1	revisit	32	1067.2	127.1	torch-2.14.0+cu130
torch-compile-dynamic	1	revisit	48	1520.2	130.4	torch-2.14.0+cu130
torch-compile-dynamic	1	revisit	64	1562.8	135.7	torch-2.14.0+cu130
torch-compile-dynamic	1	revisit	96	1716.4	155.2	torch-2.14.0+cu130
torch-compile-dynamic	1	revisit	128	1918.3	165.7	torch-2.14.0+cu130
torch-compile-dynamic	1	revisit	32	1070.7	134.9	torch-2.14.0+cu130
torch-compile-dynamic	1	revisit	48	1460.3	130.7	torch-2.14.0+cu130
torch-compile-dynamic	1	revisit	64	1517.5	137.1	torch-2.14.0+cu130
torch-compile-dynamic	1	revisit	96	1640.3	148.1	torch-2.14.0+cu130
torch-compile-dynamic	1	revisit	128	1829.6	160.7	torch-2.14.0+cu130
torch-compile-dynamic	1	revisit	32	1033.8	125.9	torch-2.14.0+cu130
torch-compile-dynamic	1	revisit	48	1433.8	130.4	torch-2.14.0+cu130
torch-compile-dynamic	1	revisit	64	1500.8	143.5	torch-2.14.0+cu130
torch-compile-dynamic	1	revisit	96	1648.2	152.1	torch-2.14.0+cu130
torch-compile-dynamic	1	revisit	128	1828.2	159.0	torch-2.14.0+cu130
torch-compile-dynamic	1	revisit	32	1033.5	124.7	torch-2.14.0+cu130
torch-compile-dynamic	1	revisit	48	1412.2	129.7	torch-2.14.0+cu130
torch-compile-dynamic	1	revisit	64	1469.4	136.1	torch-2.14.0+cu130
torch-compile-dynamic	1	revisit	96	1644.8	149.3	torch-2.14.0+cu130
torch-compile-dynamic	1	revisit	128	1834.9	157.6	torch-2.14.0+cu130
torch-compile-dynamic	1	revisit	32	1031.6	124.7	torch-2.14.0+cu130
torch-compile-dynamic	1	revisit	48	1417.2	130.9	torch-2.14.0+cu130
torch-compile-dynamic	1	revisit	64	1506.3	138.0	torch-2.14.0+cu130
torch-compile-dynamic	1	revisit	96	1654.4	148.1	torch-2.14.0+cu130
torch-compile-dynamic	1	revisit	128	1831.5	160.2	torch-2.14.0+cu130
torch-compile-dynamic	1	revisit	32	1035.9	124.9	torch-2.14.0+cu130
torch-compile-dynamic	1	revisit	48	1431.2	131.4	torch-2.14.0+cu130
torch-compile-dynamic	1	revisit	64	1497.7	136.1	torch-2.14.0+cu130
torch-compile-dynamic	1	revisit	96	1652.5	147.3	torch-2.14.0+cu130
torch-compile-dynamic	1	revisit	128	1848.9	159.7	torch-2.14.0+cu130
torch-compile-dynamic	1	revisit	32	1046.4	126.4	torch-2.14.0+cu130
torch-compile-dynamic	1	revisit	48	1455.3	132.3	torch-2.14.0+cu130
torch-compile-dynamic	1	revisit	64	1487.5	136.1	torch-2.14.0+cu130
torch-compile-dynamic	1	revisit	96	1650.8	148.1	torch-2.14.0+cu130
torch-compile-dynamic	1	revisit	128	1838.0	158.8	torch-2.14.0+cu130
torch-compile-dynamic	1	revisit	32	1035.7	124.2	torch-2.14.0+cu130
torch-compile-dynamic	1	revisit	48	1465.3	135.4	torch-2.14.0+cu130
torch-compile-dynamic	1	revisit	64	1527.1	133.5	torch-2.14.0+cu130
torch-compile-dynamic	1	revisit	96	1650.1	148.3	torch-2.14.0+cu130
torch-compile-dynamic	1	revisit	128	1840.8	158.5	torch-2.14.0+cu130
torch-compile-dynamic	1	revisit	32	1040.9	123.7	torch-2.14.0+cu130
torch-compile-dynamic	1	revisit	48	1425.7	131.6	torch-2.14.0+cu130
torch-compile-dynamic	1	revisit	64	1512.1	136.4	torch-2.14.0+cu130
torch-compile-dynamic	1	revisit	96	1652.5	147.6	torch-2.14.0+cu130
torch-compile-dynamic	1	revisit	128	1835.8	159.7	torch-2.14.0+cu130
torch-compile-dynamic	1	revisit	32	1041.2	125.4	torch-2.14.0+cu130
torch-compile-dynamic	1	new	160	2308.4	177.4	torch-2.14.0+cu130
torch-compile-dynamic	1	new	192	2497.9	188.6	torch-2.14.0+cu130
torch-compile-dynamic	1	new	224	2912.3	210.5	torch-2.14.0+cu130
torch-compile-dynamic	1	new	256	3025.1	220.8	torch-2.14.0+cu130
torch-compile-dynamic	1	new	288	3655.9	224.8	torch-2.14.0+cu130
torch-compile-dynamic	1	new	160	2281.2	181.0	torch-2.14.0+cu130
torch-compile-dynamic	1	new	192	2491.2	185.5	torch-2.14.0+cu130
torch-compile-dynamic	1	new	224	2902.3	199.6	torch-2.14.0+cu130
torch-compile-dynamic	1	new	256	2989.5	206.7	torch-2.14.0+cu130
torch-compile-dynamic	1	new	288	3701.2	217.7	torch-2.14.0+cu130
torch-compile-dynamic	1	new	160	2324.1	174.3	torch-2.14.0+cu130
torch-compile-dynamic	1	new	192	2561.8	198.4	torch-2.14.0+cu130
torch-compile-dynamic	1	new	224	2991.7	202.4	torch-2.14.0+cu130
torch-compile-dynamic	1	new	256	3044.8	216.5	torch-2.14.0+cu130
torch-compile-dynamic	1	new	288	3686.0	220.1	torch-2.14.0+cu130
torch-compile-dynamic	1	new	160	2347.5	176.0	torch-2.14.0+cu130
torch-compile-dynamic	1	new	192	2572.5	186.2	torch-2.14.0+cu130
torch-compile-dynamic	1	new	224	2989.1	196.7	torch-2.14.0+cu130
torch-compile-dynamic	1	new	256	3068.4	209.3	torch-2.14.0+cu130
torch-compile-dynamic	1	new	288	3731.0	224.6	torch-2.14.0+cu130
torch-compile-dynamic	1	new	160	2353.0	180.2	torch-2.14.0+cu130
torch-compile-dynamic	1	new	192	2570.6	184.3	torch-2.14.0+cu130
torch-compile-dynamic	1	new	224	2994.3	196.5	torch-2.14.0+cu130
torch-compile-dynamic	1	new	256	3062.2	207.7	torch-2.14.0+cu130
torch-compile-dynamic	1	new	288	3751.3	219.8	torch-2.14.0+cu130
torch-compile-dynamic	1	new	160	2340.6	173.3	torch-2.14.0+cu130
torch-compile-dynamic	1	new	192	2569.9	185.3	torch-2.14.0+cu130
torch-compile-dynamic	1	new	224	2993.6	204.1	torch-2.14.0+cu130
torch-compile-dynamic	1	new	256	3078.9	208.1	torch-2.14.0+cu130
torch-compile-dynamic	1	new	288	3760.6	223.6	torch-2.14.0+cu130
torch-compile-dynamic	1	new	160	2352.2	176.7	torch-2.14.0+cu130
torch-compile-dynamic	1	new	192	2589.0	198.1	torch-2.14.0+cu130
torch-compile-dynamic	1	new	224	3005.7	194.3	torch-2.14.0+cu130
torch-compile-dynamic	1	new	256	3083.0	210.3	torch-2.14.0+cu130
torch-compile-dynamic	1	new	288	3731.7	219.6	torch-2.14.0+cu130
torch-compile-dynamic	1	new	160	2349.6	173.1	torch-2.14.0+cu130
torch-compile-dynamic	1	new	192	2589.9	186.0	torch-2.14.0+cu130
torch-compile-dynamic	1	new	224	3006.5	195.0	torch-2.14.0+cu130
torch-compile-dynamic	1	new	256	3076.6	207.4	torch-2.14.0+cu130
torch-compile-dynamic	1	new	288	3733.9	225.3	torch-2.14.0+cu130
torch-compile-dynamic	1	new	160	2347.5	182.9	torch-2.14.0+cu130
torch-compile-dynamic	1	new	192	2585.9	184.5	torch-2.14.0+cu130
torch-compile-dynamic	1	new	224	3007.2	195.0	torch-2.14.0+cu130
torch-compile-dynamic	1	new	256	3077.0	206.5	torch-2.14.0+cu130
torch-compile-dynamic	1	new	288	3726.2	218.9	torch-2.14.0+cu130
torch-compile-dynamic	1	new	160	2342.9	173.3	torch-2.14.0+cu130
torch-compile-dynamic	1	new	192	2572.1	185.3	torch-2.14.0+cu130
torch-compile-dynamic	1	new	224	3005.7	200.0	torch-2.14.0+cu130
torch-compile-dynamic	1	new	256	3077.7	207.7	torch-2.14.0+cu130
torch-compile-dynamic	1	new	288	3739.1	217.7	torch-2.14.0+cu130
torch-compile-dynamic	1	new	160	2350.3	172.9	torch-2.14.0+cu130
torch-compile-dynamic	1	new	192	2585.2	186.0	torch-2.14.0+cu130
torch-compile-dynamic	1	new	224	3006.7	195.5	torch-2.14.0+cu130
torch-compile-dynamic	1	new	256	3079.7	209.1	torch-2.14.0+cu130
torch-compile-dynamic	1	new	288	3734.1	218.2	torch-2.14.0+cu130
torch-compile-dynamic	1	new	160	2350.8	174.3	torch-2.14.0+cu130
torch-compile-dynamic	1	new	192	2582.1	187.9	torch-2.14.0+cu130
torch-compile-dynamic	1	new	224	3005.0	197.6	torch-2.14.0+cu130
torch-compile-dynamic	1	new	256	3076.6	206.9	torch-2.14.0+cu130
torch-compile-dynamic	1	new	288	3748.4	225.8	torch-2.14.0+cu130
torch-compile-dynamic	1	new	160	2346.5	175.5	torch-2.14.0+cu130
torch-compile-dynamic	1	new	192	2586.4	184.8	torch-2.14.0+cu130
torch-compile-dynamic	1	new	224	3006.9	194.8	torch-2.14.0+cu130
torch-compile-dynamic	1	new	256	3082.5	209.6	torch-2.14.0+cu130
torch-compile-dynamic	1	new	288	3728.2	219.8	torch-2.14.0+cu130
torch-compile-dynamic	1	new	160	2347.7	171.7	torch-2.14.0+cu130
ours	2	first	32	21965.0	834.0	ddc8008cdeaf
ours	2	first	48	22481.2	623.9	ddc8008cdeaf
ours	2	first	64	2790.9	2473.1	ddc8008cdeaf
ours	2	first	96	8914.0	1663.0	ddc8008cdeaf
ours	2	first	128	13938.9	3035.1	ddc8008cdeaf
ours	2	first	32	6346.9	227.0	ddc8008cdeaf
ours	2	first	48	1411.0	335.9	ddc8008cdeaf
ours	2	first	64	1430.0	381.0	ddc8008cdeaf
ours	2	first	96	1710.2	625.8	ddc8008cdeaf
ours	2	first	128	5070.0	819.9	ddc8008cdeaf
ours	2	first	32	2266.9	228.2	ddc8008cdeaf
ours	2	first	48	1370.9	309.9	ddc8008cdeaf
ours	2	first	64	1421.2	361.0	ddc8008cdeaf
ours	2	first	96	1712.8	583.2	ddc8008cdeaf
ours	2	first	128	2023.9	765.1	ddc8008cdeaf
ours	2	first	32	2471.0	176.0	ddc8008cdeaf
ours	2	first	48	1370.9	299.0	ddc8008cdeaf
ours	2	first	64	1420.0	361.0	ddc8008cdeaf
ours	2	first	96	1694.9	562.9	ddc8008cdeaf
ours	2	first	128	2017.0	734.1	ddc8008cdeaf
ours	2	first	32	965.8	173.1	ddc8008cdeaf
ours	2	first	48	2583.0	263.0	ddc8008cdeaf
ours	2	first	64	1418.8	380.0	ddc8008cdeaf
ours	2	first	96	1694.9	555.0	ddc8008cdeaf
ours	2	first	128	2016.1	748.9	ddc8008cdeaf
ours	2	first	32	966.1	172.9	ddc8008cdeaf
ours	2	first	48	2342.0	259.9	ddc8008cdeaf
ours	2	first	64	1436.0	371.9	ddc8008cdeaf
ours	2	first	96	1700.2	563.9	ddc8008cdeaf
ours	2	first	128	2020.1	742.0	ddc8008cdeaf
ours	2	first	32	964.9	178.1	ddc8008cdeaf
ours	2	first	48	1370.9	261.1	ddc8008cdeaf
ours	2	first	64	2691.0	381.0	ddc8008cdeaf
ours	2	first	96	1708.0	613.9	ddc8008cdeaf
ours	2	first	128	2030.8	733.1	ddc8008cdeaf
ours	2	first	32	971.1	174.0	ddc8008cdeaf
ours	2	first	48	1380.2	268.9	ddc8008cdeaf
ours	2	first	64	1413.8	347.1	ddc8008cdeaf
ours	2	first	96	1694.9	550.0	ddc8008cdeaf
ours	2	first	128	3315.9	763.9	ddc8008cdeaf
ours	2	first	32	973.9	205.0	ddc8008cdeaf
ours	2	first	48	1395.9	317.1	ddc8008cdeaf
ours	2	first	64	1428.1	420.8	ddc8008cdeaf
ours	2	first	96	1704.0	636.8	ddc8008cdeaf
ours	2	first	128	2049.0	803.0	ddc8008cdeaf
ours	2	first	32	964.2	181.9	ddc8008cdeaf
ours	2	first	48	1364.0	299.0	ddc8008cdeaf
ours	2	first	64	1443.1	381.9	ddc8008cdeaf
ours	2	first	96	1699.0	583.2	ddc8008cdeaf
ours	2	first	128	3550.1	800.1	ddc8008cdeaf
ours	2	first	32	974.9	202.2	ddc8008cdeaf
ours	2	first	48	1374.0	290.9	ddc8008cdeaf
ours	2	first	64	1410.0	401.0	ddc8008cdeaf
ours	2	first	96	1700.2	569.8	ddc8008cdeaf
ours	2	first	128	2010.1	790.1	ddc8008cdeaf
ours	2	first	32	961.8	177.1	ddc8008cdeaf
ours	2	first	48	1345.2	269.9	ddc8008cdeaf
ours	2	first	64	1430.0	374.1	ddc8008cdeaf
ours	2	first	96	1694.2	544.8	ddc8008cdeaf
ours	2	first	128	2028.0	745.1	ddc8008cdeaf
ours	2	first	32	966.1	173.8	ddc8008cdeaf
ours	2	first	48	3287.1	260.8	ddc8008cdeaf
ours	2	first	64	1462.9	509.0	ddc8008cdeaf
ours	2	first	96	1706.8	599.1	ddc8008cdeaf
ours	2	first	128	2026.1	773.0	ddc8008cdeaf
ours	2	first	32	968.0	181.2	ddc8008cdeaf
ours	2	revisit	32	974.9	180.0	ddc8008cdeaf
ours	2	revisit	48	1367.8	267.0	ddc8008cdeaf
ours	2	revisit	64	1427.9	611.1	ddc8008cdeaf
ours	2	revisit	96	1709.0	565.1	ddc8008cdeaf
ours	2	revisit	128	2031.8	758.2	ddc8008cdeaf
ours	2	revisit	32	2906.1	176.0	ddc8008cdeaf
ours	2	revisit	48	1362.8	289.2	ddc8008cdeaf
ours	2	revisit	64	1426.0	652.1	ddc8008cdeaf
ours	2	revisit	96	1695.2	571.0	ddc8008cdeaf
ours	2	revisit	128	2018.0	745.1	ddc8008cdeaf
ours	2	revisit	32	967.0	173.8	ddc8008cdeaf
ours	2	revisit	48	1364.0	266.1	ddc8008cdeaf
ours	2	revisit	64	1411.0	390.1	ddc8008cdeaf
ours	2	revisit	96	1698.0	547.9	ddc8008cdeaf
ours	2	revisit	128	2055.2	744.8	ddc8008cdeaf
ours	2	revisit	32	968.9	181.2	ddc8008cdeaf
ours	2	revisit	48	1381.9	280.1	ddc8008cdeaf
ours	2	revisit	64	3151.9	374.1	ddc8008cdeaf
ours	2	revisit	96	1703.0	607.0	ddc8008cdeaf
ours	2	revisit	128	1996.0	754.8	ddc8008cdeaf
ours	2	revisit	32	964.2	203.8	ddc8008cdeaf
ours	2	revisit	48	1361.8	269.2	ddc8008cdeaf
ours	2	revisit	64	1412.2	382.9	ddc8008cdeaf
ours	2	revisit	96	1704.9	556.0	ddc8008cdeaf
ours	2	revisit	128	2013.0	752.0	ddc8008cdeaf
ours	2	revisit	32	963.9	195.0	ddc8008cdeaf
ours	2	revisit	48	1355.9	273.0	ddc8008cdeaf
ours	2	revisit	64	1434.1	376.9	ddc8008cdeaf
ours	2	revisit	96	3136.9	553.1	ddc8008cdeaf
ours	2	revisit	128	2034.9	827.1	ddc8008cdeaf
ours	2	revisit	32	966.1	212.0	ddc8008cdeaf
ours	2	revisit	48	1387.8	274.2	ddc8008cdeaf
ours	2	revisit	64	1431.0	384.1	ddc8008cdeaf
ours	2	revisit	96	1702.1	550.0	ddc8008cdeaf
ours	2	revisit	128	2025.8	747.2	ddc8008cdeaf
ours	2	revisit	32	964.9	196.0	ddc8008cdeaf
ours	2	revisit	48	1384.0	273.9	ddc8008cdeaf
ours	2	revisit	64	1415.0	392.0	ddc8008cdeaf
ours	2	revisit	96	1699.0	560.0	ddc8008cdeaf
ours	2	revisit	128	3117.8	765.1	ddc8008cdeaf
ours	2	revisit	32	973.0	198.1	ddc8008cdeaf
ours	2	revisit	48	1353.0	302.1	ddc8008cdeaf
ours	2	revisit	64	1410.0	395.1	ddc8008cdeaf
ours	2	revisit	96	1695.9	567.9	ddc8008cdeaf
ours	2	revisit	128	2017.0	768.9	ddc8008cdeaf
ours	2	revisit	32	965.1	196.0	ddc8008cdeaf
ours	2	revisit	48	1354.0	268.0	ddc8008cdeaf
ours	2	revisit	64	1408.1	378.8	ddc8008cdeaf
ours	2	revisit	96	1693.0	569.8	ddc8008cdeaf
ours	2	revisit	128	2050.9	771.0	ddc8008cdeaf
ours	2	revisit	32	963.9	199.1	ddc8008cdeaf
ours	2	revisit	48	1365.9	274.2	ddc8008cdeaf
ours	2	revisit	64	1414.1	379.1	ddc8008cdeaf
ours	2	revisit	96	1696.1	549.1	ddc8008cdeaf
ours	2	revisit	128	4209.0	778.0	ddc8008cdeaf
ours	2	revisit	32	1040.0	341.2	ddc8008cdeaf
ours	2	revisit	48	1365.9	437.0	ddc8008cdeaf
ours	2	revisit	64	1431.9	462.1	ddc8008cdeaf
ours	2	revisit	96	1700.2	681.9	ddc8008cdeaf
ours	2	revisit	128	2042.1	848.1	ddc8008cdeaf
ours	2	revisit	32	964.9	221.0	ddc8008cdeaf
ours	2	revisit	48	1353.0	289.0	ddc8008cdeaf
ours	2	revisit	64	1416.0	412.9	ddc8008cdeaf
ours	2	revisit	96	1699.0	644.9	ddc8008cdeaf
ours	2	revisit	128	3416.1	846.9	ddc8008cdeaf
ours	2	revisit	32	981.1	228.9	ddc8008cdeaf
ours	2	new	160	14942.9	4501.1	ddc8008cdeaf
ours	2	new	192	12612.8	6580.1	ddc8008cdeaf
ours	2	new	224	11797.9	8859.2	ddc8008cdeaf
ours	2	new	256	12950.2	13483.0	ddc8008cdeaf
ours	2	new	288	15098.1	16589.9	ddc8008cdeaf
ours	2	new	160	2426.1	1503.9	ddc8008cdeaf
ours	2	new	192	2717.0	1413.1	ddc8008cdeaf
ours	2	new	224	3120.9	1556.9	ddc8008cdeaf
ours	2	new	256	4107.0	3119.0	ddc8008cdeaf
ours	2	new	288	3767.0	3771.1	ddc8008cdeaf
ours	2	new	160	4008.8	1148.2	ddc8008cdeaf
ours	2	new	192	2708.9	1646.0	ddc8008cdeaf
ours	2	new	224	3125.0	1614.1	ddc8008cdeaf
ours	2	new	256	3233.0	3131.2	ddc8008cdeaf
ours	2	new	288	3746.0	3602.0	ddc8008cdeaf
ours	2	new	160	5127.0	1601.9	ddc8008cdeaf
ours	2	new	192	2714.9	1751.2	ddc8008cdeaf
ours	2	new	224	3730.8	1649.1	ddc8008cdeaf
ours	2	new	256	3237.0	3548.1	ddc8008cdeaf
ours	2	new	288	3723.1	3702.9	ddc8008cdeaf
ours	2	new	160	2411.8	1261.9	ddc8008cdeaf
ours	2	new	192	2729.9	1368.0	ddc8008cdeaf
ours	2	new	224	5417.1	1561.9	ddc8008cdeaf
ours	2	new	256	3238.9	3729.1	ddc8008cdeaf
ours	2	new	288	3741.0	3642.1	ddc8008cdeaf
ours	2	new	160	2399.0	1155.1	ddc8008cdeaf
ours	2	new	192	4793.9	1545.0	ddc8008cdeaf
ours	2	new	224	3133.1	2039.0	ddc8008cdeaf
ours	2	new	256	3221.0	3127.1	ddc8008cdeaf
ours	2	new	288	3746.0	3699.1	ddc8008cdeaf
ours	2	new	160	2430.9	1169.0	ddc8008cdeaf
ours	2	new	192	2725.1	1349.0	ddc8008cdeaf
ours	2	new	224	4842.0	1586.0	ddc8008cdeaf
ours	2	new	256	3237.0	3648.0	ddc8008cdeaf
ours	2	new	288	3749.1	3650.0	ddc8008cdeaf
ours	2	new	160	2420.9	1156.1	ddc8008cdeaf
ours	2	new	192	2708.0	1429.1	ddc8008cdeaf
ours	2	new	224	3116.8	1615.0	ddc8008cdeaf
ours	2	new	256	3220.1	3069.9	ddc8008cdeaf
ours	2	new	288	5524.9	3571.0	ddc8008cdeaf
ours	2	new	160	2441.9	1446.0	ddc8008cdeaf
ours	2	new	192	2725.1	1415.0	ddc8008cdeaf
ours	2	new	224	3121.9	1556.2	ddc8008cdeaf
ours	2	new	256	3231.0	3192.9	ddc8008cdeaf
ours	2	new	288	3755.1	3614.9	ddc8008cdeaf
ours	2	new	160	4596.9	1165.2	ddc8008cdeaf
ours	2	new	192	2721.1	1762.9	ddc8008cdeaf
ours	2	new	224	3120.9	1601.0	ddc8008cdeaf
ours	2	new	256	3221.0	3146.9	ddc8008cdeaf
ours	2	new	288	3762.0	3605.1	ddc8008cdeaf
ours	2	new	160	2429.0	1198.1	ddc8008cdeaf
ours	2	new	192	2736.1	1389.0	ddc8008cdeaf
ours	2	new	224	3135.9	1587.2	ddc8008cdeaf
ours	2	new	256	4690.9	3146.2	ddc8008cdeaf
ours	2	new	288	3742.0	4022.1	ddc8008cdeaf
ours	2	new	160	2409.9	1174.0	ddc8008cdeaf
ours	2	new	192	2716.1	1390.9	ddc8008cdeaf
ours	2	new	224	3119.9	1641.0	ddc8008cdeaf
ours	2	new	256	3221.0	3129.0	ddc8008cdeaf
ours	2	new	288	5023.0	3555.1	ddc8008cdeaf
ours	2	new	160	2449.0	1484.9	ddc8008cdeaf
ours	2	new	192	2699.9	1469.1	ddc8008cdeaf
ours	2	new	224	3141.2	1637.9	ddc8008cdeaf
ours	2	new	256	3222.9	3119.0	ddc8008cdeaf
ours	2	new	288	3747.0	3649.0	ddc8008cdeaf
ours	2	new	160	2400.2	1189.9	ddc8008cdeaf
torch-eager	2	first	32	2636.2	124.5	torch-2.14.0+cu130
torch-eager	2	first	48	2606.4	132.3	torch-2.14.0+cu130
torch-eager	2	first	64	2569.0	137.1	torch-2.14.0+cu130
torch-eager	2	first	96	2546.5	155.0	torch-2.14.0+cu130
torch-eager	2	first	128	2663.6	162.1	torch-2.14.0+cu130
torch-eager	2	first	32	2159.8	126.4	torch-2.14.0+cu130
torch-eager	2	first	48	2350.8	145.9	torch-2.14.0+cu130
torch-eager	2	first	64	2326.5	133.0	torch-2.14.0+cu130
torch-eager	2	first	96	2416.6	149.0	torch-2.14.0+cu130
torch-eager	2	first	128	2512.0	163.6	torch-2.14.0+cu130
torch-eager	2	first	32	2148.6	125.2	torch-2.14.0+cu130
torch-eager	2	first	48	2332.7	128.7	torch-2.14.0+cu130
torch-eager	2	first	64	2357.5	134.2	torch-2.14.0+cu130
torch-eager	2	first	96	2415.4	145.0	torch-2.14.0+cu130
torch-eager	2	first	128	2475.3	161.2	torch-2.14.0+cu130
torch-eager	2	first	32	2144.6	120.9	torch-2.14.0+cu130
torch-eager	2	first	48	2324.1	127.8	torch-2.14.0+cu130
torch-eager	2	first	64	2360.8	137.1	torch-2.14.0+cu130
torch-eager	2	first	96	2421.6	146.6	torch-2.14.0+cu130
torch-eager	2	first	128	2501.2	154.5	torch-2.14.0+cu130
torch-eager	2	first	32	2144.6	122.8	torch-2.14.0+cu130
torch-eager	2	first	48	2359.2	133.5	torch-2.14.0+cu130
torch-eager	2	first	64	2332.9	132.1	torch-2.14.0+cu130
torch-eager	2	first	96	2414.9	145.0	torch-2.14.0+cu130
torch-eager	2	first	128	2475.7	160.7	torch-2.14.0+cu130
torch-eager	2	first	32	2142.7	121.8	torch-2.14.0+cu130
torch-eager	2	first	48	2329.3	135.2	torch-2.14.0+cu130
torch-eager	2	first	64	2354.9	134.0	torch-2.14.0+cu130
torch-eager	2	first	96	2443.6	148.5	torch-2.14.0+cu130
torch-eager	2	first	128	2487.4	156.9	torch-2.14.0+cu130
torch-eager	2	first	32	2161.5	122.1	torch-2.14.0+cu130
torch-eager	2	first	48	2383.7	129.7	torch-2.14.0+cu130
torch-eager	2	first	64	2388.0	139.2	torch-2.14.0+cu130
torch-eager	2	first	96	2469.1	145.9	torch-2.14.0+cu130
torch-eager	2	first	128	2462.1	162.6	torch-2.14.0+cu130
torch-eager	2	first	32	2134.3	120.9	torch-2.14.0+cu130
torch-eager	2	first	48	2334.4	130.2	torch-2.14.0+cu130
torch-eager	2	first	64	2338.6	131.6	torch-2.14.0+cu130
torch-eager	2	first	96	2401.1	156.9	torch-2.14.0+cu130
torch-eager	2	first	128	2482.9	155.4	torch-2.14.0+cu130
torch-eager	2	first	32	2153.4	122.3	torch-2.14.0+cu130
torch-eager	2	first	48	2315.0	127.1	torch-2.14.0+cu130
torch-eager	2	first	64	2334.1	140.7	torch-2.14.0+cu130
torch-eager	2	first	96	2410.9	149.3	torch-2.14.0+cu130
torch-eager	2	first	128	2475.7	159.3	torch-2.14.0+cu130
torch-eager	2	first	32	2139.8	119.4	torch-2.14.0+cu130
torch-eager	2	first	48	2319.6	127.6	torch-2.14.0+cu130
torch-eager	2	first	64	2330.3	133.0	torch-2.14.0+cu130
torch-eager	2	first	96	2416.6	146.2	torch-2.14.0+cu130
torch-eager	2	first	128	2474.5	160.5	torch-2.14.0+cu130
torch-eager	2	first	32	2127.4	128.5	torch-2.14.0+cu130
torch-eager	2	first	48	2365.1	129.0	torch-2.14.0+cu130
torch-eager	2	first	64	2343.9	132.3	torch-2.14.0+cu130
torch-eager	2	first	96	2410.4	147.6	torch-2.14.0+cu130
torch-eager	2	first	128	2451.4	155.9	torch-2.14.0+cu130
torch-eager	2	first	32	2146.7	121.8	torch-2.14.0+cu130
torch-eager	2	first	48	2340.6	126.8	torch-2.14.0+cu130
torch-eager	2	first	64	2341.0	132.6	torch-2.14.0+cu130
torch-eager	2	first	96	2401.8	143.8	torch-2.14.0+cu130
torch-eager	2	first	128	2466.9	157.1	torch-2.14.0+cu130
torch-eager	2	first	32	2146.0	119.4	torch-2.14.0+cu130
torch-eager	2	first	48	2324.3	129.9	torch-2.14.0+cu130
torch-eager	2	first	64	2326.0	130.7	torch-2.14.0+cu130
torch-eager	2	first	96	2389.4	157.6	torch-2.14.0+cu130
torch-eager	2	first	128	2501.2	156.2	torch-2.14.0+cu130
torch-eager	2	first	32	2130.7	121.8	torch-2.14.0+cu130
torch-eager	2	revisit	32	2115.0	125.6	torch-2.14.0+cu130
torch-eager	2	revisit	48	2301.2	125.4	torch-2.14.0+cu130
torch-eager	2	revisit	64	2335.1	131.6	torch-2.14.0+cu130
torch-eager	2	revisit	96	2394.2	143.5	torch-2.14.0+cu130
torch-eager	2	revisit	128	2455.9	157.1	torch-2.14.0+cu130
torch-eager	2	revisit	32	2135.3	120.4	torch-2.14.0+cu130
torch-eager	2	revisit	48	2309.3	134.2	torch-2.14.0+cu130
torch-eager	2	revisit	64	2302.9	137.8	torch-2.14.0+cu130
torch-eager	2	revisit	96	2377.0	154.0	torch-2.14.0+cu130
torch-eager	2	revisit	128	2452.4	156.2	torch-2.14.0+cu130
torch-eager	2	revisit	32	2134.1	121.1	torch-2.14.0+cu130
torch-eager	2	revisit	48	2358.2	125.6	torch-2.14.0+cu130
torch-eager	2	revisit	64	2325.8	130.4	torch-2.14.0+cu130
torch-eager	2	revisit	96	2391.6	144.0	torch-2.14.0+cu130
torch-eager	2	revisit	128	2460.2	159.0	torch-2.14.0+cu130
torch-eager	2	revisit	32	2142.9	119.7	torch-2.14.0+cu130
torch-eager	2	revisit	48	2312.4	126.1	torch-2.14.0+cu130
torch-eager	2	revisit	64	2360.8	133.5	torch-2.14.0+cu130
torch-eager	2	revisit	96	2418.0	145.2	torch-2.14.0+cu130
torch-eager	2	revisit	128	2481.9	157.8	torch-2.14.0+cu130
torch-eager	2	revisit	32	2131.7	121.6	torch-2.14.0+cu130
torch-eager	2	revisit	48	2322.4	127.8	torch-2.14.0+cu130
torch-eager	2	revisit	64	2346.8	130.9	torch-2.14.0+cu130
torch-eager	2	revisit	96	2403.5	145.9	torch-2.14.0+cu130
torch-eager	2	revisit	128	2478.4	155.2	torch-2.14.0+cu130
torch-eager	2	revisit	32	2137.4	121.4	torch-2.14.0+cu130
torch-eager	2	revisit	48	2306.9	126.1	torch-2.14.0+cu130
torch-eager	2	revisit	64	2333.6	139.7	torch-2.14.0+cu130
torch-eager	2	revisit	96	2430.7	145.7	torch-2.14.0+cu130
torch-eager	2	revisit	128	2490.8	182.6	torch-2.14.0+cu130
torch-eager	2	revisit	32	2161.7	119.4	torch-2.14.0+cu130
torch-eager	2	revisit	48	2337.2	137.3	torch-2.14.0+cu130
torch-eager	2	revisit	64	2387.8	135.4	torch-2.14.0+cu130
torch-eager	2	revisit	96	2412.8	162.4	torch-2.14.0+cu130
torch-eager	2	revisit	128	2489.6	156.6	torch-2.14.0+cu130
torch-eager	2	revisit	32	2156.3	122.3	torch-2.14.0+cu130
torch-eager	2	revisit	48	2349.6	128.0	torch-2.14.0+cu130
torch-eager	2	revisit	64	2332.2	143.3	torch-2.14.0+cu130
torch-eager	2	revisit	96	2418.3	146.6	torch-2.14.0+cu130
torch-eager	2	revisit	128	2487.2	164.3	torch-2.14.0+cu130
torch-eager	2	revisit	32	2138.9	119.7	torch-2.14.0+cu130
torch-eager	2	revisit	48	2313.6	133.5	torch-2.14.0+cu130
torch-eager	2	revisit	64	2325.8	132.6	torch-2.14.0+cu130
torch-eager	2	revisit	96	2376.1	142.8	torch-2.14.0+cu130
torch-eager	2	revisit	128	2442.6	155.7	torch-2.14.0+cu130
torch-eager	2	revisit	32	2122.6	128.0	torch-2.14.0+cu130
torch-eager	2	revisit	48	2312.9	126.8	torch-2.14.0+cu130
torch-eager	2	revisit	64	2312.9	130.7	torch-2.14.0+cu130
torch-eager	2	revisit	96	2398.5	145.0	torch-2.14.0+cu130
torch-eager	2	revisit	128	2454.5	155.4	torch-2.14.0+cu130
torch-eager	2	revisit	32	2125.7	121.6	torch-2.14.0+cu130
torch-eager	2	revisit	48	2335.8	126.4	torch-2.14.0+cu130
torch-eager	2	revisit	64	2336.7	141.1	torch-2.14.0+cu130
torch-eager	2	revisit	96	2386.3	143.5	torch-2.14.0+cu130
torch-eager	2	revisit	128	2430.7	162.1	torch-2.14.0+cu130
torch-eager	2	revisit	32	2136.7	120.6	torch-2.14.0+cu130
torch-eager	2	revisit	48	2347.2	125.9	torch-2.14.0+cu130
torch-eager	2	revisit	64	2377.0	131.4	torch-2.14.0+cu130
torch-eager	2	revisit	96	2389.2	143.3	torch-2.14.0+cu130
torch-eager	2	revisit	128	2463.3	156.4	torch-2.14.0+cu130
torch-eager	2	revisit	32	2119.1	130.7	torch-2.14.0+cu130
torch-eager	2	revisit	48	2347.9	126.8	torch-2.14.0+cu130
torch-eager	2	revisit	64	2350.6	130.7	torch-2.14.0+cu130
torch-eager	2	revisit	96	2391.1	145.7	torch-2.14.0+cu130
torch-eager	2	revisit	128	2453.6	154.3	torch-2.14.0+cu130
torch-eager	2	revisit	32	2147.7	121.6	torch-2.14.0+cu130
torch-eager	2	new	160	2813.1	173.1	torch-2.14.0+cu130
torch-eager	2	new	192	2855.5	188.1	torch-2.14.0+cu130
torch-eager	2	new	224	3295.7	196.9	torch-2.14.0+cu130
torch-eager	2	new	256	3477.6	209.3	torch-2.14.0+cu130
torch-eager	2	new	288	4126.3	230.1	torch-2.14.0+cu130
torch-eager	2	new	160	2704.4	179.3	torch-2.14.0+cu130
torch-eager	2	new	192	2801.2	183.1	torch-2.14.0+cu130
torch-eager	2	new	224	3228.4	197.9	torch-2.14.0+cu130
torch-eager	2	new	256	3396.0	204.3	torch-2.14.0+cu130
torch-eager	2	new	288	4041.9	215.3	torch-2.14.0+cu130
torch-eager	2	new	160	2681.7	170.0	torch-2.14.0+cu130
torch-eager	2	new	192	2800.2	181.2	torch-2.14.0+cu130
torch-eager	2	new	224	3255.1	191.7	torch-2.14.0+cu130
torch-eager	2	new	256	3415.1	202.7	torch-2.14.0+cu130
torch-eager	2	new	288	4054.5	215.8	torch-2.14.0+cu130
torch-eager	2	new	160	2679.1	169.5	torch-2.14.0+cu130
torch-eager	2	new	192	2814.1	180.5	torch-2.14.0+cu130
torch-eager	2	new	224	3243.4	191.9	torch-2.14.0+cu130
torch-eager	2	new	256	3407.0	216.7	torch-2.14.0+cu130
torch-eager	2	new	288	4125.1	219.3	torch-2.14.0+cu130
torch-eager	2	new	160	2680.8	177.4	torch-2.14.0+cu130
torch-eager	2	new	192	2988.8	180.0	torch-2.14.0+cu130
torch-eager	2	new	224	3316.2	208.9	torch-2.14.0+cu130
torch-eager	2	new	256	3460.4	206.5	torch-2.14.0+cu130
torch-eager	2	new	288	4114.9	216.0	torch-2.14.0+cu130
torch-eager	2	new	160	2712.2	170.5	torch-2.14.0+cu130
torch-eager	2	new	192	2876.8	180.2	torch-2.14.0+cu130
torch-eager	2	new	224	3299.2	191.9	torch-2.14.0+cu130
torch-eager	2	new	256	3464.0	210.5	torch-2.14.0+cu130
torch-eager	2	new	288	4150.6	214.8	torch-2.14.0+cu130
torch-eager	2	new	160	2681.0	179.3	torch-2.14.0+cu130
torch-eager	2	new	192	2882.7	181.4	torch-2.14.0+cu130
torch-eager	2	new	224	3292.1	197.2	torch-2.14.0+cu130
torch-eager	2	new	256	3462.1	205.5	torch-2.14.0+cu130
torch-eager	2	new	288	4157.8	223.9	torch-2.14.0+cu130
torch-eager	2	new	160	2677.9	169.5	torch-2.14.0+cu130
torch-eager	2	new	192	2887.5	181.0	torch-2.14.0+cu130
torch-eager	2	new	224	3313.1	191.2	torch-2.14.0+cu130
torch-eager	2	new	256	3490.0	221.0	torch-2.14.0+cu130
torch-eager	2	new	288	4134.2	215.3	torch-2.14.0+cu130
torch-eager	2	new	160	2706.1	177.4	torch-2.14.0+cu130
torch-eager	2	new	192	2900.4	181.4	torch-2.14.0+cu130
torch-eager	2	new	224	3299.7	197.9	torch-2.14.0+cu130
torch-eager	2	new	256	3474.7	203.1	torch-2.14.0+cu130
torch-eager	2	new	288	4142.3	214.3	torch-2.14.0+cu130
torch-eager	2	new	160	2688.9	169.0	torch-2.14.0+cu130
torch-eager	2	new	192	2883.7	180.2	torch-2.14.0+cu130
torch-eager	2	new	224	3304.2	190.7	torch-2.14.0+cu130
torch-eager	2	new	256	3482.1	209.6	torch-2.14.0+cu130
torch-eager	2	new	288	4136.6	213.4	torch-2.14.0+cu130
torch-eager	2	new	160	2689.8	178.6	torch-2.14.0+cu130
torch-eager	2	new	192	2892.3	180.5	torch-2.14.0+cu130
torch-eager	2	new	224	3309.2	199.6	torch-2.14.0+cu130
torch-eager	2	new	256	3481.4	206.2	torch-2.14.0+cu130
torch-eager	2	new	288	4150.6	216.7	torch-2.14.0+cu130
torch-eager	2	new	160	2694.6	168.8	torch-2.14.0+cu130
torch-eager	2	new	192	2886.8	181.4	torch-2.14.0+cu130
torch-eager	2	new	224	3297.6	191.7	torch-2.14.0+cu130
torch-eager	2	new	256	3477.6	211.2	torch-2.14.0+cu130
torch-eager	2	new	288	4171.6	216.7	torch-2.14.0+cu130
torch-eager	2	new	160	2675.8	171.4	torch-2.14.0+cu130
torch-eager	2	new	192	2895.6	181.4	torch-2.14.0+cu130
torch-eager	2	new	224	3319.0	198.6	torch-2.14.0+cu130
torch-eager	2	new	256	3492.8	203.4	torch-2.14.0+cu130
torch-eager	2	new	288	4187.3	215.5	torch-2.14.0+cu130
torch-eager	2	new	160	2690.3	169.5	torch-2.14.0+cu130
torch-compile-static	2	first	32	386356.4	142.1	torch-2.14.0+cu130
torch-compile-static	2	first	48	429285.5	275.6	torch-2.14.0+cu130
torch-compile-static	2	first	64	374319.8	277.3	torch-2.14.0+cu130
torch-compile-static	2	first	96	344692.0	300.9	torch-2.14.0+cu130
torch-compile-static	2	first	128	312173.4	280.9	torch-2.14.0+cu130
torch-compile-static	2	first	32	1112.9	238.7	torch-2.14.0+cu130
torch-compile-static	2	first	48	1419.1	162.1	torch-2.14.0+cu130
torch-compile-static	2	first	64	1498.9	158.3	torch-2.14.0+cu130
torch-compile-static	2	first	96	1664.2	171.4	torch-2.14.0+cu130
torch-compile-static	2	first	128	1797.2	189.1	torch-2.14.0+cu130
torch-compile-static	2	first	32	1029.7	148.3	torch-2.14.0+cu130
torch-compile-static	2	first	48	1365.9	146.4	torch-2.14.0+cu130
torch-compile-static	2	first	64	1411.4	151.6	torch-2.14.0+cu130
torch-compile-static	2	first	96	1648.2	164.0	torch-2.14.0+cu130
torch-compile-static	2	first	128	1797.0	182.2	torch-2.14.0+cu130
torch-compile-static	2	first	32	1016.9	139.2	torch-2.14.0+cu130
torch-compile-static	2	first	48	1405.2	144.2	torch-2.14.0+cu130
torch-compile-static	2	first	64	1398.8	149.0	torch-2.14.0+cu130
torch-compile-static	2	first	96	1639.1	163.6	torch-2.14.0+cu130
torch-compile-static	2	first	128	1814.1	175.0	torch-2.14.0+cu130
torch-compile-static	2	first	32	1022.1	143.5	torch-2.14.0+cu130
torch-compile-static	2	first	48	1370.7	144.0	torch-2.14.0+cu130
torch-compile-static	2	first	64	1427.2	147.6	torch-2.14.0+cu130
torch-compile-static	2	first	96	1641.0	163.1	torch-2.14.0+cu130
torch-compile-static	2	first	128	1788.9	173.3	torch-2.14.0+cu130
torch-compile-static	2	first	32	1012.6	138.3	torch-2.14.0+cu130
torch-compile-static	2	first	48	1358.3	142.1	torch-2.14.0+cu130
torch-compile-static	2	first	64	1421.9	146.9	torch-2.14.0+cu130
torch-compile-static	2	first	96	1637.9	163.6	torch-2.14.0+cu130
torch-compile-static	2	first	128	1808.6	173.1	torch-2.14.0+cu130
torch-compile-static	2	first	32	1015.7	139.2	torch-2.14.0+cu130
torch-compile-static	2	first	48	1360.4	145.7	torch-2.14.0+cu130
torch-compile-static	2	first	64	1403.3	147.6	torch-2.14.0+cu130
torch-compile-static	2	first	96	1638.9	163.1	torch-2.14.0+cu130
torch-compile-static	2	first	128	1820.3	173.6	torch-2.14.0+cu130
torch-compile-static	2	first	32	1012.3	136.9	torch-2.14.0+cu130
torch-compile-static	2	first	48	1360.2	143.8	torch-2.14.0+cu130
torch-compile-static	2	first	64	1418.4	148.8	torch-2.14.0+cu130
torch-compile-static	2	first	96	1630.3	162.4	torch-2.14.0+cu130
torch-compile-static	2	first	128	1808.9	176.0	torch-2.14.0+cu130
torch-compile-static	2	first	32	1016.9	138.0	torch-2.14.0+cu130
torch-compile-static	2	first	48	1360.2	142.3	torch-2.14.0+cu130
torch-compile-static	2	first	64	1403.1	148.1	torch-2.14.0+cu130
torch-compile-static	2	first	96	1634.1	169.3	torch-2.14.0+cu130
torch-compile-static	2	first	128	1801.3	174.0	torch-2.14.0+cu130
torch-compile-static	2	first	32	1017.6	137.3	torch-2.14.0+cu130
torch-compile-static	2	first	48	1361.6	142.1	torch-2.14.0+cu130
torch-compile-static	2	first	64	1404.5	148.3	torch-2.14.0+cu130
torch-compile-static	2	first	96	1640.6	163.1	torch-2.14.0+cu130
torch-compile-static	2	first	128	1786.5	174.3	torch-2.14.0+cu130
torch-compile-static	2	first	32	1013.0	137.3	torch-2.14.0+cu130
torch-compile-static	2	first	48	1355.4	141.4	torch-2.14.0+cu130
torch-compile-static	2	first	64	1428.1	148.3	torch-2.14.0+cu130
torch-compile-static	2	first	96	1636.7	162.6	torch-2.14.0+cu130
torch-compile-static	2	first	128	1788.6	173.6	torch-2.14.0+cu130
torch-compile-static	2	first	32	1014.7	135.9	torch-2.14.0+cu130
torch-compile-static	2	first	48	1359.7	143.3	torch-2.14.0+cu130
torch-compile-static	2	first	64	1403.6	159.3	torch-2.14.0+cu130
torch-compile-static	2	first	96	1636.0	162.1	torch-2.14.0+cu130
torch-compile-static	2	first	128	1812.7	172.9	torch-2.14.0+cu130
torch-compile-static	2	first	32	1012.8	136.1	torch-2.14.0+cu130
torch-compile-static	2	first	48	1363.8	142.1	torch-2.14.0+cu130
torch-compile-static	2	first	64	1412.2	170.7	torch-2.14.0+cu130
torch-compile-static	2	first	96	1632.7	162.4	torch-2.14.0+cu130
torch-compile-static	2	first	128	1796.7	172.1	torch-2.14.0+cu130
torch-compile-static	2	first	32	1015.9	136.6	torch-2.14.0+cu130
torch-compile-static	2	revisit	32	1010.4	137.6	torch-2.14.0+cu130
torch-compile-static	2	revisit	48	1359.2	141.6	torch-2.14.0+cu130
torch-compile-static	2	revisit	64	1403.6	148.8	torch-2.14.0+cu130
torch-compile-static	2	revisit	96	1635.3	160.9	torch-2.14.0+cu130
torch-compile-static	2	revisit	128	1798.2	171.7	torch-2.14.0+cu130
torch-compile-static	2	revisit	32	1013.5	136.1	torch-2.14.0+cu130
torch-compile-static	2	revisit	48	1355.9	141.9	torch-2.14.0+cu130
torch-compile-static	2	revisit	64	1449.6	147.6	torch-2.14.0+cu130
torch-compile-static	2	revisit	96	1634.1	160.5	torch-2.14.0+cu130
torch-compile-static	2	revisit	128	1793.4	172.6	torch-2.14.0+cu130
torch-compile-static	2	revisit	32	1006.4	136.1	torch-2.14.0+cu130
torch-compile-static	2	revisit	48	1367.1	143.3	torch-2.14.0+cu130
torch-compile-static	2	revisit	64	1397.4	147.8	torch-2.14.0+cu130
torch-compile-static	2	revisit	96	1640.1	161.6	torch-2.14.0+cu130
torch-compile-static	2	revisit	128	1797.2	171.9	torch-2.14.0+cu130
torch-compile-static	2	revisit	32	1009.7	136.4	torch-2.14.0+cu130
torch-compile-static	2	revisit	48	1370.0	141.6	torch-2.14.0+cu130
torch-compile-static	2	revisit	64	1426.5	159.0	torch-2.14.0+cu130
torch-compile-static	2	revisit	96	1640.1	162.4	torch-2.14.0+cu130
torch-compile-static	2	revisit	128	1788.1	174.0	torch-2.14.0+cu130
torch-compile-static	2	revisit	32	1013.3	136.4	torch-2.14.0+cu130
torch-compile-static	2	revisit	48	1381.4	142.3	torch-2.14.0+cu130
torch-compile-static	2	revisit	64	1404.0	148.1	torch-2.14.0+cu130
torch-compile-static	2	revisit	96	1639.8	161.4	torch-2.14.0+cu130
torch-compile-static	2	revisit	128	1792.4	171.9	torch-2.14.0+cu130
torch-compile-static	2	revisit	32	1013.5	136.4	torch-2.14.0+cu130
torch-compile-static	2	revisit	48	1356.1	140.9	torch-2.14.0+cu130
torch-compile-static	2	revisit	64	1349.0	146.9	torch-2.14.0+cu130
torch-compile-static	2	revisit	96	1574.5	159.7	torch-2.14.0+cu130
torch-compile-static	2	revisit	128	1717.1	171.9	torch-2.14.0+cu130
torch-compile-static	2	revisit	32	988.7	137.3	torch-2.14.0+cu130
torch-compile-static	2	revisit	48	1307.5	141.9	torch-2.14.0+cu130
torch-compile-static	2	revisit	64	1378.1	145.7	torch-2.14.0+cu130
torch-compile-static	2	revisit	96	1574.5	161.2	torch-2.14.0+cu130
torch-compile-static	2	revisit	128	1722.1	172.9	torch-2.14.0+cu130
torch-compile-static	2	revisit	32	991.1	135.9	torch-2.14.0+cu130
torch-compile-static	2	revisit	48	1365.4	155.9	torch-2.14.0+cu130
torch-compile-static	2	revisit	64	1362.6	147.8	torch-2.14.0+cu130
torch-compile-static	2	revisit	96	1571.7	165.7	torch-2.14.0+cu130
torch-compile-static	2	revisit	128	1720.0	181.4	torch-2.14.0+cu130
torch-compile-static	2	revisit	32	994.0	144.5	torch-2.14.0+cu130
torch-compile-static	2	revisit	48	1313.7	159.3	torch-2.14.0+cu130
torch-compile-static	2	revisit	64	1370.7	153.1	torch-2.14.0+cu130
torch-compile-static	2	revisit	96	1571.9	168.8	torch-2.14.0+cu130
torch-compile-static	2	revisit	128	1744.5	172.1	torch-2.14.0+cu130
torch-compile-static	2	revisit	32	1001.4	135.7	torch-2.14.0+cu130
torch-compile-static	2	revisit	48	1340.2	142.1	torch-2.14.0+cu130
torch-compile-static	2	revisit	64	1402.6	156.4	torch-2.14.0+cu130
torch-compile-static	2	revisit	96	1577.9	168.1	torch-2.14.0+cu130
torch-compile-static	2	revisit	128	1741.9	172.1	torch-2.14.0+cu130
torch-compile-static	2	revisit	32	983.0	138.0	torch-2.14.0+cu130
torch-compile-static	2	revisit	48	1321.8	142.1	torch-2.14.0+cu130
torch-compile-static	2	revisit	64	1359.7	148.1	torch-2.14.0+cu130
torch-compile-static	2	revisit	96	1575.9	160.9	torch-2.14.0+cu130
torch-compile-static	2	revisit	128	1726.9	172.4	torch-2.14.0+cu130
torch-compile-static	2	revisit	32	987.1	136.6	torch-2.14.0+cu130
torch-compile-static	2	revisit	48	1316.3	142.6	torch-2.14.0+cu130
torch-compile-static	2	revisit	64	1353.7	155.2	torch-2.14.0+cu130
torch-compile-static	2	revisit	96	1567.6	161.6	torch-2.14.0+cu130
torch-compile-static	2	revisit	128	1729.0	174.5	torch-2.14.0+cu130
torch-compile-static	2	revisit	32	986.8	135.7	torch-2.14.0+cu130
torch-compile-static	2	revisit	48	1306.5	143.8	torch-2.14.0+cu130
torch-compile-static	2	revisit	64	1360.9	146.6	torch-2.14.0+cu130
torch-compile-static	2	revisit	96	1571.9	161.6	torch-2.14.0+cu130
torch-compile-static	2	revisit	128	1717.1	181.9	torch-2.14.0+cu130
torch-compile-static	2	revisit	32	999.0	142.6	torch-2.14.0+cu130
torch-compile-static	2	new	160	339374.5	188.4	torch-2.14.0+cu130
torch-compile-static	2	new	192	333435.1	308.5	torch-2.14.0+cu130
torch-compile-static	2	new	224	51804.1	298.0	torch-2.14.0+cu130
torch-compile-static	2	new	256	3714.6	318.1	torch-2.14.0+cu130
torch-compile-static	2	new	288	4276.5	275.1	torch-2.14.0+cu130
torch-compile-static	2	new	160	2267.4	221.3	torch-2.14.0+cu130
torch-compile-static	2	new	192	2381.6	209.3	torch-2.14.0+cu130
torch-compile-static	2	new	224	3506.2	254.6	torch-2.14.0+cu130
torch-compile-static	2	new	256	3485.0	240.8	torch-2.14.0+cu130
torch-compile-static	2	new	288	4143.0	241.3	torch-2.14.0+cu130
torch-compile-static	2	new	160	2217.8	199.6	torch-2.14.0+cu130
torch-compile-static	2	new	192	2366.5	204.3	torch-2.14.0+cu130
torch-compile-static	2	new	224	3498.1	220.3	torch-2.14.0+cu130
torch-compile-static	2	new	256	3542.9	225.1	torch-2.14.0+cu130
torch-compile-static	2	new	288	4209.8	247.0	torch-2.14.0+cu130
torch-compile-static	2	new	160	2215.6	205.8	torch-2.14.0+cu130
torch-compile-static	2	new	192	2403.5	200.0	torch-2.14.0+cu130
torch-compile-static	2	new	224	3584.6	245.6	torch-2.14.0+cu130
torch-compile-static	2	new	256	3573.2	223.4	torch-2.14.0+cu130
torch-compile-static	2	new	288	4245.8	234.1	torch-2.14.0+cu130
torch-compile-static	2	new	160	2217.8	187.9	torch-2.14.0+cu130
torch-compile-static	2	new	192	2426.9	201.9	torch-2.14.0+cu130
torch-compile-static	2	new	224	3378.9	211.7	torch-2.14.0+cu130
torch-compile-static	2	new	256	3577.0	222.0	torch-2.14.0+cu130
torch-compile-static	2	new	288	4262.2	235.1	torch-2.14.0+cu130
torch-compile-static	2	new	160	2217.1	187.9	torch-2.14.0+cu130
torch-compile-static	2	new	192	2416.6	199.3	torch-2.14.0+cu130
torch-compile-static	2	new	224	3396.0	213.1	torch-2.14.0+cu130
torch-compile-static	2	new	256	3576.0	223.4	torch-2.14.0+cu130
torch-compile-static	2	new	288	4241.9	232.9	torch-2.14.0+cu130
torch-compile-static	2	new	160	2213.5	198.4	torch-2.14.0+cu130
torch-compile-static	2	new	192	2420.2	200.7	torch-2.14.0+cu130
torch-compile-static	2	new	224	3384.6	216.5	torch-2.14.0+cu130
torch-compile-static	2	new	256	3580.6	227.7	torch-2.14.0+cu130
torch-compile-static	2	new	288	4239.8	234.8	torch-2.14.0+cu130
torch-compile-static	2	new	160	2218.5	197.9	torch-2.14.0+cu130
torch-compile-static	2	new	192	2423.5	217.4	torch-2.14.0+cu130
torch-compile-static	2	new	224	3381.5	217.0	torch-2.14.0+cu130
torch-compile-static	2	new	256	3575.8	222.9	torch-2.14.0+cu130
torch-compile-static	2	new	288	4247.0	259.2	torch-2.14.0+cu130
torch-compile-static	2	new	160	2221.3	196.9	torch-2.14.0+cu130
torch-compile-static	2	new	192	2417.3	201.2	torch-2.14.0+cu130
torch-compile-static	2	new	224	3396.3	215.8	torch-2.14.0+cu130
torch-compile-static	2	new	256	3575.6	222.7	torch-2.14.0+cu130
torch-compile-static	2	new	288	4238.6	233.4	torch-2.14.0+cu130
torch-compile-static	2	new	160	2228.7	197.2	torch-2.14.0+cu130
torch-compile-static	2	new	192	2416.4	201.0	torch-2.14.0+cu130
torch-compile-static	2	new	224	3396.7	217.7	torch-2.14.0+cu130
torch-compile-static	2	new	256	3605.6	224.1	torch-2.14.0+cu130
torch-compile-static	2	new	288	4257.7	233.4	torch-2.14.0+cu130
torch-compile-static	2	new	160	2229.2	193.6	torch-2.14.0+cu130
torch-compile-static	2	new	192	2438.1	202.9	torch-2.14.0+cu130
torch-compile-static	2	new	224	3406.5	212.4	torch-2.14.0+cu130
torch-compile-static	2	new	256	3603.2	222.4	torch-2.14.0+cu130
torch-compile-static	2	new	288	4241.9	237.5	torch-2.14.0+cu130
torch-compile-static	2	new	160	2246.6	195.7	torch-2.14.0+cu130
torch-compile-static	2	new	192	2433.5	202.9	torch-2.14.0+cu130
torch-compile-static	2	new	224	3410.3	220.3	torch-2.14.0+cu130
torch-compile-static	2	new	256	3587.5	222.4	torch-2.14.0+cu130
torch-compile-static	2	new	288	4244.3	233.9	torch-2.14.0+cu130
torch-compile-static	2	new	160	2229.5	198.8	torch-2.14.0+cu130
torch-compile-static	2	new	192	2431.4	198.4	torch-2.14.0+cu130
torch-compile-static	2	new	224	3405.8	216.2	torch-2.14.0+cu130
torch-compile-static	2	new	256	3590.6	229.4	torch-2.14.0+cu130
torch-compile-static	2	new	288	4243.1	234.1	torch-2.14.0+cu130
torch-compile-static	2	new	160	2229.7	195.7	torch-2.14.0+cu130
torch-compile-dynamic	2	first	32	1412.4	132.1	torch-2.14.0+cu130
torch-compile-dynamic	2	first	48	1646.8	134.2	torch-2.14.0+cu130
torch-compile-dynamic	2	first	64	1583.3	141.1	torch-2.14.0+cu130
torch-compile-dynamic	2	first	96	1750.5	156.9	torch-2.14.0+cu130
torch-compile-dynamic	2	first	128	2038.5	168.8	torch-2.14.0+cu130
torch-compile-dynamic	2	first	32	1074.1	136.1	torch-2.14.0+cu130
torch-compile-dynamic	2	first	48	1485.1	134.5	torch-2.14.0+cu130
torch-compile-dynamic	2	first	64	1562.6	135.9	torch-2.14.0+cu130
torch-compile-dynamic	2	first	96	1715.4	150.0	torch-2.14.0+cu130
torch-compile-dynamic	2	first	128	1923.8	160.5	torch-2.14.0+cu130
torch-compile-dynamic	2	first	32	1071.7	126.8	torch-2.14.0+cu130
torch-compile-dynamic	2	first	48	1504.9	131.8	torch-2.14.0+cu130
torch-compile-dynamic	2	first	64	1518.7	136.6	torch-2.14.0+cu130
torch-compile-dynamic	2	first	96	1717.6	157.8	torch-2.14.0+cu130
torch-compile-dynamic	2	first	128	1926.9	166.7	torch-2.14.0+cu130
torch-compile-dynamic	2	first	32	1073.4	130.7	torch-2.14.0+cu130
torch-compile-dynamic	2	first	48	1485.8	131.8	torch-2.14.0+cu130
torch-compile-dynamic	2	first	64	1548.8	136.6	torch-2.14.0+cu130
torch-compile-dynamic	2	first	96	1715.7	155.4	torch-2.14.0+cu130
torch-compile-dynamic	2	first	128	1916.6	160.0	torch-2.14.0+cu130
torch-compile-dynamic	2	first	32	1073.1	126.4	torch-2.14.0+cu130
torch-compile-dynamic	2	first	48	1484.6	132.6	torch-2.14.0+cu130
torch-compile-dynamic	2	first	64	1580.0	138.5	torch-2.14.0+cu130
torch-compile-dynamic	2	first	96	1730.7	158.8	torch-2.14.0+cu130
torch-compile-dynamic	2	first	128	1926.4	168.1	torch-2.14.0+cu130
torch-compile-dynamic	2	first	32	1076.0	142.6	torch-2.14.0+cu130
torch-compile-dynamic	2	first	48	1514.0	133.8	torch-2.14.0+cu130
torch-compile-dynamic	2	first	64	1544.0	139.5	torch-2.14.0+cu130
torch-compile-dynamic	2	first	96	1716.6	155.7	torch-2.14.0+cu130
torch-compile-dynamic	2	first	128	1940.5	163.6	torch-2.14.0+cu130
torch-compile-dynamic	2	first	32	1070.5	126.6	torch-2.14.0+cu130
torch-compile-dynamic	2	first	48	1534.2	133.3	torch-2.14.0+cu130
torch-compile-dynamic	2	first	64	1545.2	143.5	torch-2.14.0+cu130
torch-compile-dynamic	2	first	96	1715.2	149.7	torch-2.14.0+cu130
torch-compile-dynamic	2	first	128	1918.6	166.4	torch-2.14.0+cu130
torch-compile-dynamic	2	first	32	1078.1	126.1	torch-2.14.0+cu130
torch-compile-dynamic	2	first	48	1513.5	131.8	torch-2.14.0+cu130
torch-compile-dynamic	2	first	64	1506.6	145.0	torch-2.14.0+cu130
torch-compile-dynamic	2	first	96	1717.6	150.7	torch-2.14.0+cu130
torch-compile-dynamic	2	first	128	1912.4	160.0	torch-2.14.0+cu130
torch-compile-dynamic	2	first	32	1069.8	125.6	torch-2.14.0+cu130
torch-compile-dynamic	2	first	48	1468.4	129.5	torch-2.14.0+cu130
torch-compile-dynamic	2	first	64	1522.1	135.9	torch-2.14.0+cu130
torch-compile-dynamic	2	first	96	1717.3	156.2	torch-2.14.0+cu130
torch-compile-dynamic	2	first	128	1909.7	170.7	torch-2.14.0+cu130
torch-compile-dynamic	2	first	32	1066.0	131.4	torch-2.14.0+cu130
torch-compile-dynamic	2	first	48	1481.3	130.4	torch-2.14.0+cu130
torch-compile-dynamic	2	first	64	1540.2	135.7	torch-2.14.0+cu130
torch-compile-dynamic	2	first	96	1713.8	149.3	torch-2.14.0+cu130
torch-compile-dynamic	2	first	128	1920.2	159.7	torch-2.14.0+cu130
torch-compile-dynamic	2	first	32	1060.7	125.4	torch-2.14.0+cu130
torch-compile-dynamic	2	first	48	1508.7	130.2	torch-2.14.0+cu130
torch-compile-dynamic	2	first	64	1564.0	136.4	torch-2.14.0+cu130
torch-compile-dynamic	2	first	96	1714.0	155.0	torch-2.14.0+cu130
torch-compile-dynamic	2	first	128	1923.6	163.8	torch-2.14.0+cu130
torch-compile-dynamic	2	first	32	1069.5	133.8	torch-2.14.0+cu130
torch-compile-dynamic	2	first	48	1463.7	131.4	torch-2.14.0+cu130
torch-compile-dynamic	2	first	64	1519.0	136.6	torch-2.14.0+cu130
torch-compile-dynamic	2	first	96	1715.9	149.3	torch-2.14.0+cu130
torch-compile-dynamic	2	first	128	1924.3	167.1	torch-2.14.0+cu130
torch-compile-dynamic	2	first	32	1070.3	127.8	torch-2.14.0+cu130
torch-compile-dynamic	2	first	48	1468.7	132.3	torch-2.14.0+cu130
torch-compile-dynamic	2	first	64	1575.2	136.6	torch-2.14.0+cu130
torch-compile-dynamic	2	first	96	1725.4	147.6	torch-2.14.0+cu130
torch-compile-dynamic	2	first	128	1913.8	158.8	torch-2.14.0+cu130
torch-compile-dynamic	2	first	32	1082.9	126.6	torch-2.14.0+cu130
torch-compile-dynamic	2	revisit	32	1062.6	124.9	torch-2.14.0+cu130
torch-compile-dynamic	2	revisit	48	1520.9	131.1	torch-2.14.0+cu130
torch-compile-dynamic	2	revisit	64	1574.0	135.4	torch-2.14.0+cu130
torch-compile-dynamic	2	revisit	96	1730.2	148.8	torch-2.14.0+cu130
torch-compile-dynamic	2	revisit	128	1923.6	161.2	torch-2.14.0+cu130
torch-compile-dynamic	2	revisit	32	1069.8	125.4	torch-2.14.0+cu130
torch-compile-dynamic	2	revisit	48	1467.0	131.6	torch-2.14.0+cu130
torch-compile-dynamic	2	revisit	64	1536.1	137.1	torch-2.14.0+cu130
torch-compile-dynamic	2	revisit	96	1689.0	150.4	torch-2.14.0+cu130
torch-compile-dynamic	2	revisit	128	1866.8	168.1	torch-2.14.0+cu130
torch-compile-dynamic	2	revisit	32	1062.6	132.3	torch-2.14.0+cu130
torch-compile-dynamic	2	revisit	48	1475.1	132.8	torch-2.14.0+cu130
torch-compile-dynamic	2	revisit	64	1554.0	136.4	torch-2.14.0+cu130
torch-compile-dynamic	2	revisit	96	1681.6	149.7	torch-2.14.0+cu130
torch-compile-dynamic	2	revisit	128	1876.6	160.2	torch-2.14.0+cu130
torch-compile-dynamic	2	revisit	32	1055.0	125.9	torch-2.14.0+cu130
torch-compile-dynamic	2	revisit	48	1482.7	130.7	torch-2.14.0+cu130
torch-compile-dynamic	2	revisit	64	1532.6	137.6	torch-2.14.0+cu130
torch-compile-dynamic	2	revisit	96	1682.0	149.7	torch-2.14.0+cu130
torch-compile-dynamic	2	revisit	128	1880.9	159.3	torch-2.14.0+cu130
torch-compile-dynamic	2	revisit	32	1049.0	124.7	torch-2.14.0+cu130
torch-compile-dynamic	2	revisit	48	1517.1	130.7	torch-2.14.0+cu130
torch-compile-dynamic	2	revisit	64	1493.9	139.0	torch-2.14.0+cu130
torch-compile-dynamic	2	revisit	96	1678.9	150.9	torch-2.14.0+cu130
torch-compile-dynamic	2	revisit	128	1872.5	166.7	torch-2.14.0+cu130
torch-compile-dynamic	2	revisit	32	1053.6	125.9	torch-2.14.0+cu130
torch-compile-dynamic	2	revisit	48	1439.3	130.9	torch-2.14.0+cu130
torch-compile-dynamic	2	revisit	64	1500.4	137.1	torch-2.14.0+cu130
torch-compile-dynamic	2	revisit	96	1677.8	148.8	torch-2.14.0+cu130
torch-compile-dynamic	2	revisit	128	1869.2	161.2	torch-2.14.0+cu130
torch-compile-dynamic	2	revisit	32	1050.0	124.5	torch-2.14.0+cu130
torch-compile-dynamic	2	revisit	48	1450.3	131.1	torch-2.14.0+cu130
torch-compile-dynamic	2	revisit	64	1545.0	136.1	torch-2.14.0+cu130
torch-compile-dynamic	2	revisit	96	1692.1	148.1	torch-2.14.0+cu130
torch-compile-dynamic	2	revisit	128	1873.7	160.2	torch-2.14.0+cu130
torch-compile-dynamic	2	revisit	32	1050.2	124.7	torch-2.14.0+cu130
torch-compile-dynamic	2	revisit	48	1463.2	130.4	torch-2.14.0+cu130
torch-compile-dynamic	2	revisit	64	1493.5	137.1	torch-2.14.0+cu130
torch-compile-dynamic	2	revisit	96	1680.1	150.0	torch-2.14.0+cu130
torch-compile-dynamic	2	revisit	128	1869.7	167.8	torch-2.14.0+cu130
torch-compile-dynamic	2	revisit	32	1054.8	133.0	torch-2.14.0+cu130
torch-compile-dynamic	2	revisit	48	1472.0	132.8	torch-2.14.0+cu130
torch-compile-dynamic	2	revisit	64	1539.0	134.9	torch-2.14.0+cu130
torch-compile-dynamic	2	revisit	96	1681.1	148.5	torch-2.14.0+cu130
torch-compile-dynamic	2	revisit	128	1868.7	160.0	torch-2.14.0+cu130
torch-compile-dynamic	2	revisit	32	1049.3	125.6	torch-2.14.0+cu130
torch-compile-dynamic	2	revisit	48	1488.2	131.1	torch-2.14.0+cu130
torch-compile-dynamic	2	revisit	64	1493.7	136.4	torch-2.14.0+cu130
torch-compile-dynamic	2	revisit	96	1681.8	148.5	torch-2.14.0+cu130
torch-compile-dynamic	2	revisit	128	1871.8	160.7	torch-2.14.0+cu130
torch-compile-dynamic	2	revisit	32	1052.9	124.9	torch-2.14.0+cu130
torch-compile-dynamic	2	revisit	48	1468.7	129.9	torch-2.14.0+cu130
torch-compile-dynamic	2	revisit	64	1505.4	134.7	torch-2.14.0+cu130
torch-compile-dynamic	2	revisit	96	1683.0	166.9	torch-2.14.0+cu130
torch-compile-dynamic	2	revisit	128	1878.3	161.2	torch-2.14.0+cu130
torch-compile-dynamic	2	revisit	32	1053.6	131.6	torch-2.14.0+cu130
torch-compile-dynamic	2	revisit	48	1475.6	131.4	torch-2.14.0+cu130
torch-compile-dynamic	2	revisit	64	1483.2	135.2	torch-2.14.0+cu130
torch-compile-dynamic	2	revisit	96	1677.3	147.8	torch-2.14.0+cu130
torch-compile-dynamic	2	revisit	128	1870.9	163.3	torch-2.14.0+cu130
torch-compile-dynamic	2	revisit	32	1057.9	126.6	torch-2.14.0+cu130
torch-compile-dynamic	2	revisit	48	1458.4	132.1	torch-2.14.0+cu130
torch-compile-dynamic	2	revisit	64	1500.4	142.6	torch-2.14.0+cu130
torch-compile-dynamic	2	revisit	96	1680.1	149.7	torch-2.14.0+cu130
torch-compile-dynamic	2	revisit	128	1868.5	159.7	torch-2.14.0+cu130
torch-compile-dynamic	2	revisit	32	1053.8	127.6	torch-2.14.0+cu130
torch-compile-dynamic	2	new	160	2312.4	178.6	torch-2.14.0+cu130
torch-compile-dynamic	2	new	192	2532.7	186.0	torch-2.14.0+cu130
torch-compile-dynamic	2	new	224	2954.2	208.4	torch-2.14.0+cu130
torch-compile-dynamic	2	new	256	3068.0	221.0	torch-2.14.0+cu130
torch-compile-dynamic	2	new	288	3686.2	224.8	torch-2.14.0+cu130
torch-compile-dynamic	2	new	160	2307.2	180.0	torch-2.14.0+cu130
torch-compile-dynamic	2	new	192	2537.7	186.4	torch-2.14.0+cu130
torch-compile-dynamic	2	new	224	2942.1	196.9	torch-2.14.0+cu130
torch-compile-dynamic	2	new	256	3012.4	205.0	torch-2.14.0+cu130
torch-compile-dynamic	2	new	288	3658.5	231.7	torch-2.14.0+cu130
torch-compile-dynamic	2	new	160	2337.0	175.5	torch-2.14.0+cu130
torch-compile-dynamic	2	new	192	2552.0	185.0	torch-2.14.0+cu130
torch-compile-dynamic	2	new	224	2969.7	201.5	torch-2.14.0+cu130
torch-compile-dynamic	2	new	256	3046.5	206.5	torch-2.14.0+cu130
torch-compile-dynamic	2	new	288	3717.7	219.6	torch-2.14.0+cu130
torch-compile-dynamic	2	new	160	2327.7	177.4	torch-2.14.0+cu130
torch-compile-dynamic	2	new	192	2566.6	195.7	torch-2.14.0+cu130
torch-compile-dynamic	2	new	224	2989.8	194.8	torch-2.14.0+cu130
torch-compile-dynamic	2	new	256	3058.4	215.3	torch-2.14.0+cu130
torch-compile-dynamic	2	new	288	3712.4	219.8	torch-2.14.0+cu130
torch-compile-dynamic	2	new	160	2341.3	172.1	torch-2.14.0+cu130
torch-compile-dynamic	2	new	192	2568.5	184.5	torch-2.14.0+cu130
torch-compile-dynamic	2	new	224	2986.7	196.5	torch-2.14.0+cu130
torch-compile-dynamic	2	new	256	3064.4	207.4	torch-2.14.0+cu130
torch-compile-dynamic	2	new	288	3714.6	222.9	torch-2.14.0+cu130
torch-compile-dynamic	2	new	160	2360.8	174.0	torch-2.14.0+cu130
torch-compile-dynamic	2	new	192	2582.1	185.3	torch-2.14.0+cu130
torch-compile-dynamic	2	new	224	3003.1	196.0	torch-2.14.0+cu130
torch-compile-dynamic	2	new	256	3073.5	209.1	torch-2.14.0+cu130
torch-compile-dynamic	2	new	288	3729.8	219.1	torch-2.14.0+cu130
torch-compile-dynamic	2	new	160	2342.5	172.1	torch-2.14.0+cu130
torch-compile-dynamic	2	new	192	2575.9	192.2	torch-2.14.0+cu130
torch-compile-dynamic	2	new	224	3007.7	200.0	torch-2.14.0+cu130
torch-compile-dynamic	2	new	256	3079.2	214.6	torch-2.14.0+cu130
torch-compile-dynamic	2	new	288	3721.2	216.5	torch-2.14.0+cu130
torch-compile-dynamic	2	new	160	2356.3	173.8	torch-2.14.0+cu130
torch-compile-dynamic	2	new	192	2599.2	183.8	torch-2.14.0+cu130
torch-compile-dynamic	2	new	224	3003.4	195.7	torch-2.14.0+cu130
torch-compile-dynamic	2	new	256	3084.7	209.8	torch-2.14.0+cu130
torch-compile-dynamic	2	new	288	3741.5	217.7	torch-2.14.0+cu130
torch-compile-dynamic	2	new	160	2355.1	173.6	torch-2.14.0+cu130
torch-compile-dynamic	2	new	192	2585.6	184.8	torch-2.14.0+cu130
torch-compile-dynamic	2	new	224	3003.1	196.0	torch-2.14.0+cu130
torch-compile-dynamic	2	new	256	3082.0	206.2	torch-2.14.0+cu130
torch-compile-dynamic	2	new	288	3736.5	225.3	torch-2.14.0+cu130
torch-compile-dynamic	2	new	160	2353.9	173.3	torch-2.14.0+cu130
torch-compile-dynamic	2	new	192	2590.7	184.3	torch-2.14.0+cu130
torch-compile-dynamic	2	new	224	3003.8	196.5	torch-2.14.0+cu130
torch-compile-dynamic	2	new	256	3085.1	207.9	torch-2.14.0+cu130
torch-compile-dynamic	2	new	288	3748.9	217.7	torch-2.14.0+cu130
torch-compile-dynamic	2	new	160	2350.1	173.6	torch-2.14.0+cu130
torch-compile-dynamic	2	new	192	2587.1	188.4	torch-2.14.0+cu130
torch-compile-dynamic	2	new	224	3005.0	201.0	torch-2.14.0+cu130
torch-compile-dynamic	2	new	256	3074.9	207.7	torch-2.14.0+cu130
torch-compile-dynamic	2	new	288	3747.2	218.2	torch-2.14.0+cu130
torch-compile-dynamic	2	new	160	2352.0	172.1	torch-2.14.0+cu130
torch-compile-dynamic	2	new	192	2590.7	192.2	torch-2.14.0+cu130
torch-compile-dynamic	2	new	224	3006.2	193.8	torch-2.14.0+cu130
torch-compile-dynamic	2	new	256	3082.5	214.1	torch-2.14.0+cu130
torch-compile-dynamic	2	new	288	3756.3	218.9	torch-2.14.0+cu130
torch-compile-dynamic	2	new	160	2349.4	172.9	torch-2.14.0+cu130
torch-compile-dynamic	2	new	192	2586.4	184.5	torch-2.14.0+cu130
torch-compile-dynamic	2	new	224	3002.9	195.3	torch-2.14.0+cu130
torch-compile-dynamic	2	new	256	3080.1	211.2	torch-2.14.0+cu130
torch-compile-dynamic	2	new	288	3746.3	225.3	torch-2.14.0+cu130
torch-compile-dynamic	2	new	160	2340.8	176.0	torch-2.14.0+cu130
ours	3	first	32	21048.1	777.0	ddc8008cdeaf
ours	3	first	48	23445.8	647.1	ddc8008cdeaf
ours	3	first	64	2811.2	2517.0	ddc8008cdeaf
ours	3	first	96	8839.8	1679.2	ddc8008cdeaf
ours	3	first	128	14129.9	2947.1	ddc8008cdeaf
ours	3	first	32	6474.0	217.0	ddc8008cdeaf
ours	3	first	48	1382.1	337.8	ddc8008cdeaf
ours	3	first	64	1448.2	368.8	ddc8008cdeaf
ours	3	first	96	1709.0	609.2	ddc8008cdeaf
ours	3	first	128	4635.1	774.9	ddc8008cdeaf
ours	3	first	32	2199.2	221.0	ddc8008cdeaf
ours	3	first	48	1431.0	288.0	ddc8008cdeaf
ours	3	first	64	1416.0	383.1	ddc8008cdeaf
ours	3	first	96	1704.9	572.9	ddc8008cdeaf
ours	3	first	128	2024.2	738.9	ddc8008cdeaf
ours	3	first	32	2422.1	170.0	ddc8008cdeaf
ours	3	first	48	1354.9	291.1	ddc8008cdeaf
ours	3	first	64	1414.1	345.0	ddc8008cdeaf
ours	3	first	96	1694.9	544.1	ddc8008cdeaf
ours	3	first	128	2022.0	718.8	ddc8008cdeaf
ours	3	first	32	968.2	167.8	ddc8008cdeaf
ours	3	first	48	2578.0	255.1	ddc8008cdeaf
ours	3	first	64	1417.2	373.8	ddc8008cdeaf
ours	3	first	96	1699.0	545.0	ddc8008cdeaf
ours	3	first	128	2003.9	724.1	ddc8008cdeaf
ours	3	first	32	966.1	170.0	ddc8008cdeaf
ours	3	first	48	2295.0	261.1	ddc8008cdeaf
ours	3	first	64	1419.1	365.0	ddc8008cdeaf
ours	3	first	96	1697.1	542.9	ddc8008cdeaf
ours	3	first	128	1976.0	711.9	ddc8008cdeaf
ours	3	first	32	966.1	168.1	ddc8008cdeaf
ours	3	first	48	1359.0	256.1	ddc8008cdeaf
ours	3	first	64	2474.1	362.9	ddc8008cdeaf
ours	3	first	96	1698.0	579.8	ddc8008cdeaf
ours	3	first	128	1997.0	707.1	ddc8008cdeaf
ours	3	first	32	965.8	168.1	ddc8008cdeaf
ours	3	first	48	1374.0	261.1	ddc8008cdeaf
ours	3	first	64	1441.0	338.1	ddc8008cdeaf
ours	3	first	96	1689.9	526.9	ddc8008cdeaf
ours	3	first	128	2831.9	725.0	ddc8008cdeaf
ours	3	first	32	973.0	202.2	ddc8008cdeaf
ours	3	first	48	1421.9	300.2	ddc8008cdeaf
ours	3	first	64	1444.1	368.1	ddc8008cdeaf
ours	3	first	96	1695.9	600.1	ddc8008cdeaf
ours	3	first	128	2001.0	726.0	ddc8008cdeaf
ours	3	first	32	973.0	183.1	ddc8008cdeaf
ours	3	first	48	1366.9	258.9	ddc8008cdeaf
ours	3	first	64	1411.9	363.1	ddc8008cdeaf
ours	3	first	96	1689.9	531.0	ddc8008cdeaf
ours	3	first	128	3158.1	757.9	ddc8008cdeaf
ours	3	first	32	981.1	206.9	ddc8008cdeaf
ours	3	first	48	1400.9	317.1	ddc8008cdeaf
ours	3	first	64	1417.9	412.0	ddc8008cdeaf
ours	3	first	96	1699.0	576.0	ddc8008cdeaf
ours	3	first	128	2018.0	722.2	ddc8008cdeaf
ours	3	first	32	969.2	174.0	ddc8008cdeaf
ours	3	first	48	1373.1	257.0	ddc8008cdeaf
ours	3	first	64	1416.0	356.2	ddc8008cdeaf
ours	3	first	96	1689.0	526.2	ddc8008cdeaf
ours	3	first	128	2036.1	736.0	ddc8008cdeaf
ours	3	first	32	967.0	194.1	ddc8008cdeaf
ours	3	first	48	3018.9	258.0	ddc8008cdeaf
ours	3	first	64	1428.8	398.2	ddc8008cdeaf
ours	3	first	96	1700.2	562.0	ddc8008cdeaf
ours	3	first	128	2011.1	731.0	ddc8008cdeaf
ours	3	first	32	965.1	166.9	ddc8008cdeaf
ours	3	revisit	32	975.8	170.0	ddc8008cdeaf
ours	3	revisit	48	1359.0	253.9	ddc8008cdeaf
ours	3	revisit	64	1459.8	595.1	ddc8008cdeaf
ours	3	revisit	96	1691.1	536.0	ddc8008cdeaf
ours	3	revisit	128	2022.0	739.1	ddc8008cdeaf
ours	3	revisit	32	2770.9	169.0	ddc8008cdeaf
ours	3	revisit	48	1363.0	299.9	ddc8008cdeaf
ours	3	revisit	64	1428.8	665.2	ddc8008cdeaf
ours	3	revisit	96	1693.0	572.9	ddc8008cdeaf
ours	3	revisit	128	2010.1	742.9	ddc8008cdeaf
ours	3	revisit	32	967.0	172.9	ddc8008cdeaf
ours	3	revisit	48	1369.0	254.9	ddc8008cdeaf
ours	3	revisit	64	1479.1	372.9	ddc8008cdeaf
ours	3	revisit	96	1632.9	535.0	ddc8008cdeaf
ours	3	revisit	128	1916.9	714.1	ddc8008cdeaf
ours	3	revisit	32	932.0	168.1	ddc8008cdeaf
ours	3	revisit	48	1322.0	253.0	ddc8008cdeaf
ours	3	revisit	64	2969.0	356.9	ddc8008cdeaf
ours	3	revisit	96	1647.9	628.0	ddc8008cdeaf
ours	3	revisit	128	1930.0	720.0	ddc8008cdeaf
ours	3	revisit	32	933.9	201.0	ddc8008cdeaf
ours	3	revisit	48	1320.1	254.9	ddc8008cdeaf
ours	3	revisit	64	1393.1	363.1	ddc8008cdeaf
ours	3	revisit	96	1630.1	530.0	ddc8008cdeaf
ours	3	revisit	128	1922.1	733.9	ddc8008cdeaf
ours	3	revisit	32	930.8	192.2	ddc8008cdeaf
ours	3	revisit	48	1321.1	257.0	ddc8008cdeaf
ours	3	revisit	64	1389.0	359.1	ddc8008cdeaf
ours	3	revisit	96	3154.0	531.2	ddc8008cdeaf
ours	3	revisit	128	1935.0	862.1	ddc8008cdeaf
ours	3	revisit	32	938.9	218.2	ddc8008cdeaf
ours	3	revisit	48	1363.0	254.9	ddc8008cdeaf
ours	3	revisit	64	1361.8	360.0	ddc8008cdeaf
ours	3	revisit	96	1622.2	526.9	ddc8008cdeaf
ours	3	revisit	128	1943.8	722.2	ddc8008cdeaf
ours	3	revisit	32	939.8	193.1	ddc8008cdeaf
ours	3	revisit	48	1319.9	258.0	ddc8008cdeaf
ours	3	revisit	64	1361.8	363.1	ddc8008cdeaf
ours	3	revisit	96	1620.1	545.0	ddc8008cdeaf
ours	3	revisit	128	3118.0	742.0	ddc8008cdeaf
ours	3	revisit	32	942.9	206.9	ddc8008cdeaf
ours	3	revisit	48	1328.0	310.9	ddc8008cdeaf
ours	3	revisit	64	1359.9	368.1	ddc8008cdeaf
ours	3	revisit	96	1626.0	580.1	ddc8008cdeaf
ours	3	revisit	128	1924.0	737.0	ddc8008cdeaf
ours	3	revisit	32	928.9	188.1	ddc8008cdeaf
ours	3	revisit	48	1326.8	259.2	ddc8008cdeaf
ours	3	revisit	64	1361.1	367.9	ddc8008cdeaf
ours	3	revisit	96	1618.9	531.2	ddc8008cdeaf
ours	3	revisit	128	1941.9	752.9	ddc8008cdeaf
ours	3	revisit	32	939.1	196.0	ddc8008cdeaf
ours	3	revisit	48	1314.9	255.1	ddc8008cdeaf
ours	3	revisit	64	1387.1	367.9	ddc8008cdeaf
ours	3	revisit	96	1617.2	530.0	ddc8008cdeaf
ours	3	revisit	128	3589.9	722.2	ddc8008cdeaf
ours	3	revisit	32	948.0	213.1	ddc8008cdeaf
ours	3	revisit	48	1309.2	322.8	ddc8008cdeaf
ours	3	revisit	64	1362.1	386.0	ddc8008cdeaf
ours	3	revisit	96	1630.1	593.9	ddc8008cdeaf
ours	3	revisit	128	1945.0	723.1	ddc8008cdeaf
ours	3	revisit	32	935.1	190.0	ddc8008cdeaf
ours	3	revisit	48	1321.1	256.1	ddc8008cdeaf
ours	3	revisit	64	1368.0	361.9	ddc8008cdeaf
ours	3	revisit	96	1632.9	538.1	ddc8008cdeaf
ours	3	revisit	128	2960.0	737.9	ddc8008cdeaf
ours	3	revisit	32	944.9	212.2	ddc8008cdeaf
ours	3	new	160	13745.8	4321.1	ddc8008cdeaf
ours	3	new	192	11850.1	5909.0	ddc8008cdeaf
ours	3	new	224	11753.1	8361.8	ddc8008cdeaf
ours	3	new	256	12630.0	12627.1	ddc8008cdeaf
ours	3	new	288	14922.1	15528.9	ddc8008cdeaf
ours	3	new	160	2419.0	1586.0	ddc8008cdeaf
ours	3	new	192	2692.9	1445.1	ddc8008cdeaf
ours	3	new	224	3114.0	1485.1	ddc8008cdeaf
ours	3	new	256	3967.0	2935.9	ddc8008cdeaf
ours	3	new	288	3728.9	3498.1	ddc8008cdeaf
ours	3	new	160	3852.1	1098.9	ddc8008cdeaf
ours	3	new	192	2686.0	1491.1	ddc8008cdeaf
ours	3	new	224	3115.9	1430.0	ddc8008cdeaf
ours	3	new	256	3204.1	2836.9	ddc8008cdeaf
ours	3	new	288	3745.1	3304.0	ddc8008cdeaf
ours	3	new	160	4766.0	1107.0	ddc8008cdeaf
ours	3	new	192	2711.1	1623.9	ddc8008cdeaf
ours	3	new	224	3522.9	1457.0	ddc8008cdeaf
ours	3	new	256	3205.1	3068.0	ddc8008cdeaf
ours	3	new	288	3761.1	3377.0	ddc8008cdeaf
ours	3	new	160	2395.2	1091.0	ddc8008cdeaf
ours	3	new	192	2695.1	1248.8	ddc8008cdeaf
ours	3	new	224	5125.0	1457.0	ddc8008cdeaf
ours	3	new	256	3217.2	3310.0	ddc8008cdeaf
ours	3	new	288	3752.9	3330.0	ddc8008cdeaf
ours	3	new	160	2399.0	1093.1	ddc8008cdeaf
ours	3	new	192	4450.1	1287.9	ddc8008cdeaf
ours	3	new	224	3124.0	1887.1	ddc8008cdeaf
ours	3	new	256	3234.1	3067.0	ddc8008cdeaf
ours	3	new	288	3736.0	3298.0	ddc8008cdeaf
ours	3	new	160	2445.0	1030.0	ddc8008cdeaf
ours	3	new	192	2683.9	1278.2	ddc8008cdeaf
ours	3	new	224	4496.1	1462.9	ddc8008cdeaf
ours	3	new	256	3222.9	3315.2	ddc8008cdeaf
ours	3	new	288	3758.9	3374.1	ddc8008cdeaf
ours	3	new	160	2395.9	1078.1	ddc8008cdeaf
ours	3	new	192	2702.0	1258.1	ddc8008cdeaf
ours	3	new	224	3126.9	1426.0	ddc8008cdeaf
ours	3	new	256	3202.9	2905.1	ddc8008cdeaf
ours	3	new	288	5178.2	3410.8	ddc8008cdeaf
ours	3	new	160	2421.9	1369.0	ddc8008cdeaf
ours	3	new	192	2713.9	1280.1	ddc8008cdeaf
ours	3	new	224	3121.9	1419.1	ddc8008cdeaf
ours	3	new	256	3212.0	2880.1	ddc8008cdeaf
ours	3	new	288	3742.0	3359.1	ddc8008cdeaf
ours	3	new	160	4334.0	1117.9	ddc8008cdeaf
ours	3	new	192	2703.2	1612.9	ddc8008cdeaf
ours	3	new	224	3124.0	1459.8	ddc8008cdeaf
ours	3	new	256	3201.0	2866.0	ddc8008cdeaf
ours	3	new	288	3708.8	3331.2	ddc8008cdeaf
ours	3	new	160	2373.9	1101.0	ddc8008cdeaf
ours	3	new	192	2723.0	1281.0	ddc8008cdeaf
ours	3	new	224	3130.0	1413.1	ddc8008cdeaf
ours	3	new	256	4611.0	2821.0	ddc8008cdeaf
ours	3	new	288	3758.9	3700.0	ddc8008cdeaf
ours	3	new	160	2424.0	1072.9	ddc8008cdeaf
ours	3	new	192	2682.9	1236.9	ddc8008cdeaf
ours	3	new	224	3112.1	1464.8	ddc8008cdeaf
ours	3	new	256	3237.0	2919.9	ddc8008cdeaf
ours	3	new	288	4850.9	3319.0	ddc8008cdeaf
ours	3	new	160	2440.0	1327.0	ddc8008cdeaf
ours	3	new	192	2721.1	1262.9	ddc8008cdeaf
ours	3	new	224	3146.9	1448.2	ddc8008cdeaf
ours	3	new	256	3222.0	2906.1	ddc8008cdeaf
ours	3	new	288	3760.1	3330.0	ddc8008cdeaf
ours	3	new	160	2414.9	1074.1	ddc8008cdeaf
torch-eager	3	first	32	2656.0	123.7	torch-2.14.0+cu130
torch-eager	3	first	48	2636.2	134.5	torch-2.14.0+cu130
torch-eager	3	first	64	2593.3	151.4	torch-2.14.0+cu130
torch-eager	3	first	96	2540.3	155.0	torch-2.14.0+cu130
torch-eager	3	first	128	2658.8	163.1	torch-2.14.0+cu130
torch-eager	3	first	32	2164.6	125.9	torch-2.14.0+cu130
torch-eager	3	first	48	2331.7	130.9	torch-2.14.0+cu130
torch-eager	3	first	64	2356.1	141.4	torch-2.14.0+cu130
torch-eager	3	first	96	2417.3	146.2	torch-2.14.0+cu130
torch-eager	3	first	128	2525.3	193.1	torch-2.14.0+cu130
torch-eager	3	first	32	2153.6	123.7	torch-2.14.0+cu130
torch-eager	3	first	48	2347.2	136.1	torch-2.14.0+cu130
torch-eager	3	first	64	2341.3	133.0	torch-2.14.0+cu130
torch-eager	3	first	96	2404.7	153.3	torch-2.14.0+cu130
torch-eager	3	first	128	2487.2	159.5	torch-2.14.0+cu130
torch-eager	3	first	32	2153.4	121.4	torch-2.14.0+cu130
torch-eager	3	first	48	2376.6	127.6	torch-2.14.0+cu130
torch-eager	3	first	64	2355.3	140.4	torch-2.14.0+cu130
torch-eager	3	first	96	2413.7	144.5	torch-2.14.0+cu130
torch-eager	3	first	128	2456.9	155.4	torch-2.14.0+cu130
torch-eager	3	first	32	2142.4	121.8	torch-2.14.0+cu130
torch-eager	3	first	48	2300.5	140.4	torch-2.14.0+cu130
torch-eager	3	first	64	2370.1	133.3	torch-2.14.0+cu130
torch-eager	3	first	96	2406.1	145.0	torch-2.14.0+cu130
torch-eager	3	first	128	2475.7	160.2	torch-2.14.0+cu130
torch-eager	3	first	32	2143.6	123.5	torch-2.14.0+cu130
torch-eager	3	first	48	2322.0	126.4	torch-2.14.0+cu130
torch-eager	3	first	64	2347.9	132.1	torch-2.14.0+cu130
torch-eager	3	first	96	2413.3	149.5	torch-2.14.0+cu130
torch-eager	3	first	128	2473.4	155.0	torch-2.14.0+cu130
torch-eager	3	first	32	2150.3	123.0	torch-2.14.0+cu130
torch-eager	3	first	48	2314.6	127.8	torch-2.14.0+cu130
torch-eager	3	first	64	2351.3	134.0	torch-2.14.0+cu130
torch-eager	3	first	96	2431.4	145.7	torch-2.14.0+cu130
torch-eager	3	first	128	2464.5	160.5	torch-2.14.0+cu130
torch-eager	3	first	32	2146.2	120.9	torch-2.14.0+cu130
torch-eager	3	first	48	2347.2	131.1	torch-2.14.0+cu130
torch-eager	3	first	64	2370.4	131.8	torch-2.14.0+cu130
torch-eager	3	first	96	2664.1	145.4	torch-2.14.0+cu130
torch-eager	3	first	128	2502.7	175.0	torch-2.14.0+cu130
torch-eager	3	first	32	2162.2	121.6	torch-2.14.0+cu130
torch-eager	3	first	48	2313.9	138.3	torch-2.14.0+cu130
torch-eager	3	first	64	2367.0	133.5	torch-2.14.0+cu130
torch-eager	3	first	96	2396.1	154.3	torch-2.14.0+cu130
torch-eager	3	first	128	2479.3	160.9	torch-2.14.0+cu130
torch-eager	3	first	32	2150.1	122.3	torch-2.14.0+cu130
torch-eager	3	first	48	2322.4	127.3	torch-2.14.0+cu130
torch-eager	3	first	64	2329.1	132.1	torch-2.14.0+cu130
torch-eager	3	first	96	2412.1	151.4	torch-2.14.0+cu130
torch-eager	3	first	128	2481.0	156.2	torch-2.14.0+cu130
torch-eager	3	first	32	2150.8	122.1	torch-2.14.0+cu130
torch-eager	3	first	48	2322.2	128.5	torch-2.14.0+cu130
torch-eager	3	first	64	2362.7	133.5	torch-2.14.0+cu130
torch-eager	3	first	96	2403.7	149.7	torch-2.14.0+cu130
torch-eager	3	first	128	2469.3	157.6	torch-2.14.0+cu130
torch-eager	3	first	32	2140.5	129.7	torch-2.14.0+cu130
torch-eager	3	first	48	2356.5	128.7	torch-2.14.0+cu130
torch-eager	3	first	64	2346.8	133.8	torch-2.14.0+cu130
torch-eager	3	first	96	2410.9	146.4	torch-2.14.0+cu130
torch-eager	3	first	128	2447.4	154.7	torch-2.14.0+cu130
torch-eager	3	first	32	2178.4	122.3	torch-2.14.0+cu130
torch-eager	3	first	48	2351.8	128.5	torch-2.14.0+cu130
torch-eager	3	first	64	2378.9	145.2	torch-2.14.0+cu130
torch-eager	3	first	96	2426.9	150.7	torch-2.14.0+cu130
torch-eager	3	first	128	2502.9	156.2	torch-2.14.0+cu130
torch-eager	3	first	32	2149.1	121.4	torch-2.14.0+cu130
torch-eager	3	revisit	32	2146.2	122.1	torch-2.14.0+cu130
torch-eager	3	revisit	48	2346.5	127.6	torch-2.14.0+cu130
torch-eager	3	revisit	64	2331.5	140.7	torch-2.14.0+cu130
torch-eager	3	revisit	96	2388.0	145.7	torch-2.14.0+cu130
torch-eager	3	revisit	128	2486.0	159.3	torch-2.14.0+cu130
torch-eager	3	revisit	32	2149.3	124.5	torch-2.14.0+cu130
torch-eager	3	revisit	48	2354.6	128.3	torch-2.14.0+cu130
torch-eager	3	revisit	64	2327.4	133.0	torch-2.14.0+cu130
torch-eager	3	revisit	96	2377.7	143.1	torch-2.14.0+cu130
torch-eager	3	revisit	128	2477.6	156.4	torch-2.14.0+cu130
torch-eager	3	revisit	32	2132.9	129.2	torch-2.14.0+cu130
torch-eager	3	revisit	48	2372.5	128.0	torch-2.14.0+cu130
torch-eager	3	revisit	64	2404.9	131.6	torch-2.14.0+cu130
torch-eager	3	revisit	96	2418.5	146.4	torch-2.14.0+cu130
torch-eager	3	revisit	128	2456.2	159.7	torch-2.14.0+cu130
torch-eager	3	revisit	32	2152.4	121.4	torch-2.14.0+cu130
torch-eager	3	revisit	48	2342.5	127.3	torch-2.14.0+cu130
torch-eager	3	revisit	64	2351.3	134.2	torch-2.14.0+cu130
torch-eager	3	revisit	96	2406.6	145.2	torch-2.14.0+cu130
torch-eager	3	revisit	128	2443.3	156.4	torch-2.14.0+cu130
torch-eager	3	revisit	32	2163.6	120.6	torch-2.14.0+cu130
torch-eager	3	revisit	48	2364.4	129.2	torch-2.14.0+cu130
torch-eager	3	revisit	64	2343.9	132.3	torch-2.14.0+cu130
torch-eager	3	revisit	96	2400.2	145.7	torch-2.14.0+cu130
torch-eager	3	revisit	128	2454.8	153.8	torch-2.14.0+cu130
torch-eager	3	revisit	32	2139.8	121.4	torch-2.14.0+cu130
torch-eager	3	revisit	48	2330.5	126.4	torch-2.14.0+cu130
torch-eager	3	revisit	64	2343.2	133.0	torch-2.14.0+cu130
torch-eager	3	revisit	96	2394.4	143.3	torch-2.14.0+cu130
torch-eager	3	revisit	128	2445.0	157.1	torch-2.14.0+cu130
torch-eager	3	revisit	32	2140.3	121.6	torch-2.14.0+cu130
torch-eager	3	revisit	48	2306.5	135.7	torch-2.14.0+cu130
torch-eager	3	revisit	64	2341.7	131.4	torch-2.14.0+cu130
torch-eager	3	revisit	96	2389.7	144.7	torch-2.14.0+cu130
torch-eager	3	revisit	128	2457.4	156.6	torch-2.14.0+cu130
torch-eager	3	revisit	32	2140.8	128.5	torch-2.14.0+cu130
torch-eager	3	revisit	48	2322.9	127.8	torch-2.14.0+cu130
torch-eager	3	revisit	64	2367.3	133.5	torch-2.14.0+cu130
torch-eager	3	revisit	96	2387.0	145.7	torch-2.14.0+cu130
torch-eager	3	revisit	128	2481.0	155.7	torch-2.14.0+cu130
torch-eager	3	revisit	32	2143.4	122.3	torch-2.14.0+cu130
torch-eager	3	revisit	48	2331.7	126.4	torch-2.14.0+cu130
torch-eager	3	revisit	64	2359.9	133.3	torch-2.14.0+cu130
torch-eager	3	revisit	96	2391.8	145.4	torch-2.14.0+cu130
torch-eager	3	revisit	128	2451.7	157.1	torch-2.14.0+cu130
torch-eager	3	revisit	32	2150.1	120.9	torch-2.14.0+cu130
torch-eager	3	revisit	48	2341.5	132.3	torch-2.14.0+cu130
torch-eager	3	revisit	64	2334.4	132.3	torch-2.14.0+cu130
torch-eager	3	revisit	96	2421.9	152.6	torch-2.14.0+cu130
torch-eager	3	revisit	128	2474.5	160.5	torch-2.14.0+cu130
torch-eager	3	revisit	32	2150.8	122.1	torch-2.14.0+cu130
torch-eager	3	revisit	48	2324.1	126.1	torch-2.14.0+cu130
torch-eager	3	revisit	64	2314.6	133.3	torch-2.14.0+cu130
torch-eager	3	revisit	96	2397.8	144.0	torch-2.14.0+cu130
torch-eager	3	revisit	128	2436.9	164.5	torch-2.14.0+cu130
torch-eager	3	revisit	32	2194.9	129.9	torch-2.14.0+cu130
torch-eager	3	revisit	48	2325.5	133.8	torch-2.14.0+cu130
torch-eager	3	revisit	64	2346.8	133.3	torch-2.14.0+cu130
torch-eager	3	revisit	96	2408.7	144.7	torch-2.14.0+cu130
torch-eager	3	revisit	128	2477.2	155.9	torch-2.14.0+cu130
torch-eager	3	revisit	32	2125.3	120.2	torch-2.14.0+cu130
torch-eager	3	revisit	48	2320.3	126.4	torch-2.14.0+cu130
torch-eager	3	revisit	64	2381.3	131.4	torch-2.14.0+cu130
torch-eager	3	revisit	96	2401.1	146.6	torch-2.14.0+cu130
torch-eager	3	revisit	128	2442.8	155.2	torch-2.14.0+cu130
torch-eager	3	revisit	32	2147.4	122.1	torch-2.14.0+cu130
torch-eager	3	new	160	2856.0	174.5	torch-2.14.0+cu130
torch-eager	3	new	192	2861.5	188.8	torch-2.14.0+cu130
torch-eager	3	new	224	3296.4	194.8	torch-2.14.0+cu130
torch-eager	3	new	256	3480.2	209.8	torch-2.14.0+cu130
torch-eager	3	new	288	4132.3	235.6	torch-2.14.0+cu130
torch-eager	3	new	160	2701.0	173.3	torch-2.14.0+cu130
torch-eager	3	new	192	2804.3	186.9	torch-2.14.0+cu130
torch-eager	3	new	224	3229.6	197.4	torch-2.14.0+cu130
torch-eager	3	new	256	3411.5	202.2	torch-2.14.0+cu130
torch-eager	3	new	288	4119.9	217.0	torch-2.14.0+cu130
torch-eager	3	new	160	2689.6	170.7	torch-2.14.0+cu130
torch-eager	3	new	192	2855.3	182.4	torch-2.14.0+cu130
torch-eager	3	new	224	3291.1	191.5	torch-2.14.0+cu130
torch-eager	3	new	256	3453.5	208.9	torch-2.14.0+cu130
torch-eager	3	new	288	4133.9	218.6	torch-2.14.0+cu130
torch-eager	3	new	160	2735.6	174.5	torch-2.14.0+cu130
torch-eager	3	new	192	2877.7	184.3	torch-2.14.0+cu130
torch-eager	3	new	224	3299.2	197.6	torch-2.14.0+cu130
torch-eager	3	new	256	3463.7	202.4	torch-2.14.0+cu130
torch-eager	3	new	288	4140.1	216.5	torch-2.14.0+cu130
torch-eager	3	new	160	2698.9	169.5	torch-2.14.0+cu130
torch-eager	3	new	192	2875.3	181.4	torch-2.14.0+cu130
torch-eager	3	new	224	3279.0	192.6	torch-2.14.0+cu130
torch-eager	3	new	256	3469.0	211.5	torch-2.14.0+cu130
torch-eager	3	new	288	4139.9	215.8	torch-2.14.0+cu130
torch-eager	3	new	160	2680.1	177.1	torch-2.14.0+cu130
torch-eager	3	new	192	2887.7	186.0	torch-2.14.0+cu130
torch-eager	3	new	224	3304.0	196.7	torch-2.14.0+cu130
torch-eager	3	new	256	3481.4	204.3	torch-2.14.0+cu130
torch-eager	3	new	288	4154.4	216.7	torch-2.14.0+cu130
torch-eager	3	new	160	2702.0	169.3	torch-2.14.0+cu130
torch-eager	3	new	192	2892.7	181.4	torch-2.14.0+cu130
torch-eager	3	new	224	3298.5	192.2	torch-2.14.0+cu130
torch-eager	3	new	256	3497.1	213.6	torch-2.14.0+cu130
torch-eager	3	new	288	4203.3	215.5	torch-2.14.0+cu130
torch-eager	3	new	160	2733.5	172.1	torch-2.14.0+cu130
torch-eager	3	new	192	2898.9	192.2	torch-2.14.0+cu130
torch-eager	3	new	224	3308.3	193.6	torch-2.14.0+cu130
torch-eager	3	new	256	3497.4	202.9	torch-2.14.0+cu130
torch-eager	3	new	288	4168.7	216.2	torch-2.14.0+cu130
torch-eager	3	new	160	2707.7	169.8	torch-2.14.0+cu130
torch-eager	3	new	192	2907.8	188.6	torch-2.14.0+cu130
torch-eager	3	new	224	3325.5	192.2	torch-2.14.0+cu130
torch-eager	3	new	256	3499.5	203.6	torch-2.14.0+cu130
torch-eager	3	new	288	4162.8	216.5	torch-2.14.0+cu130
torch-eager	3	new	160	2721.3	172.6	torch-2.14.0+cu130
torch-eager	3	new	192	2900.1	183.6	torch-2.14.0+cu130
torch-eager	3	new	224	3326.2	192.9	torch-2.14.0+cu130
torch-eager	3	new	256	3508.8	203.4	torch-2.14.0+cu130
torch-eager	3	new	288	4199.0	216.5	torch-2.14.0+cu130
torch-eager	3	new	160	2708.4	178.3	torch-2.14.0+cu130
torch-eager	3	new	192	2915.4	181.4	torch-2.14.0+cu130
torch-eager	3	new	224	3314.5	193.1	torch-2.14.0+cu130
torch-eager	3	new	256	3497.1	203.8	torch-2.14.0+cu130
torch-eager	3	new	288	4196.4	234.8	torch-2.14.0+cu130
torch-eager	3	new	160	2712.0	176.2	torch-2.14.0+cu130
torch-eager	3	new	192	2940.7	190.0	torch-2.14.0+cu130
torch-eager	3	new	224	3327.4	192.9	torch-2.14.0+cu130
torch-eager	3	new	256	3500.5	204.6	torch-2.14.0+cu130
torch-eager	3	new	288	4164.7	222.4	torch-2.14.0+cu130
torch-eager	3	new	160	2697.2	169.5	torch-2.14.0+cu130
torch-eager	3	new	192	2900.6	181.2	torch-2.14.0+cu130
torch-eager	3	new	224	3328.8	191.2	torch-2.14.0+cu130
torch-eager	3	new	256	3512.4	206.0	torch-2.14.0+cu130
torch-eager	3	new	288	4173.0	214.3	torch-2.14.0+cu130
torch-eager	3	new	160	2709.4	170.2	torch-2.14.0+cu130
torch-compile-static	3	first	32	352239.1	136.9	torch-2.14.0+cu130
torch-compile-static	3	first	48	377181.5	268.5	torch-2.14.0+cu130
torch-compile-static	3	first	64	307214.7	249.9	torch-2.14.0+cu130
torch-compile-static	3	first	96	310563.3	261.3	torch-2.14.0+cu130
torch-compile-static	3	first	128	314013.0	279.9	torch-2.14.0+cu130
torch-compile-static	3	first	32	1098.9	238.9	torch-2.14.0+cu130
torch-compile-static	3	first	48	1426.5	160.9	torch-2.14.0+cu130
torch-compile-static	3	first	64	1444.3	165.9	torch-2.14.0+cu130
torch-compile-static	3	first	96	1662.0	158.1	torch-2.14.0+cu130
torch-compile-static	3	first	128	1833.9	166.7	torch-2.14.0+cu130
torch-compile-static	3	first	32	1024.2	127.1	torch-2.14.0+cu130
torch-compile-static	3	first	48	1362.6	132.6	torch-2.14.0+cu130
torch-compile-static	3	first	64	1408.6	138.8	torch-2.14.0+cu130
torch-compile-static	3	first	96	1639.1	151.2	torch-2.14.0+cu130
torch-compile-static	3	first	128	1794.8	161.9	torch-2.14.0+cu130
torch-compile-static	3	first	32	1001.8	124.9	torch-2.14.0+cu130
torch-compile-static	3	first	48	1391.9	130.2	torch-2.14.0+cu130
torch-compile-static	3	first	64	1389.5	140.2	torch-2.14.0+cu130
torch-compile-static	3	first	96	1627.9	151.2	torch-2.14.0+cu130
torch-compile-static	3	first	128	1792.2	160.7	torch-2.14.0+cu130
torch-compile-static	3	first	32	996.8	125.9	torch-2.14.0+cu130
torch-compile-static	3	first	48	1374.2	133.0	torch-2.14.0+cu130
torch-compile-static	3	first	64	1373.3	137.6	torch-2.14.0+cu130
torch-compile-static	3	first	96	1625.5	150.9	torch-2.14.0+cu130
torch-compile-static	3	first	128	1784.3	160.0	torch-2.14.0+cu130
torch-compile-static	3	first	32	996.4	124.9	torch-2.14.0+cu130
torch-compile-static	3	first	48	1347.1	130.9	torch-2.14.0+cu130
torch-compile-static	3	first	64	1388.3	137.8	torch-2.14.0+cu130
torch-compile-static	3	first	96	1622.9	152.1	torch-2.14.0+cu130
torch-compile-static	3	first	128	1813.9	163.6	torch-2.14.0+cu130
torch-compile-static	3	first	32	994.7	127.1	torch-2.14.0+cu130
torch-compile-static	3	first	48	1342.3	131.8	torch-2.14.0+cu130
torch-compile-static	3	first	64	1388.1	136.6	torch-2.14.0+cu130
torch-compile-static	3	first	96	1623.2	149.7	torch-2.14.0+cu130
torch-compile-static	3	first	128	1781.9	160.5	torch-2.14.0+cu130
torch-compile-static	3	first	32	995.6	134.5	torch-2.14.0+cu130
torch-compile-static	3	first	48	1338.0	133.8	torch-2.14.0+cu130
torch-compile-static	3	first	64	1385.2	137.3	torch-2.14.0+cu130
torch-compile-static	3	first	96	1622.9	149.0	torch-2.14.0+cu130
torch-compile-static	3	first	128	1786.2	167.1	torch-2.14.0+cu130
torch-compile-static	3	first	32	1001.4	127.3	torch-2.14.0+cu130
torch-compile-static	3	first	48	1337.3	139.2	torch-2.14.0+cu130
torch-compile-static	3	first	64	1378.8	136.6	torch-2.14.0+cu130
torch-compile-static	3	first	96	1617.2	157.4	torch-2.14.0+cu130
torch-compile-static	3	first	128	1783.4	159.0	torch-2.14.0+cu130
torch-compile-static	3	first	32	989.9	126.1	torch-2.14.0+cu130
torch-compile-static	3	first	48	1349.4	130.9	torch-2.14.0+cu130
torch-compile-static	3	first	64	1383.1	135.7	torch-2.14.0+cu130
torch-compile-static	3	first	96	1629.8	149.0	torch-2.14.0+cu130
torch-compile-static	3	first	128	1780.3	165.7	torch-2.14.0+cu130
torch-compile-static	3	first	32	996.1	128.0	torch-2.14.0+cu130
torch-compile-static	3	first	48	1360.4	131.6	torch-2.14.0+cu130
torch-compile-static	3	first	64	1389.5	137.3	torch-2.14.0+cu130
torch-compile-static	3	first	96	1629.8	152.6	torch-2.14.0+cu130
torch-compile-static	3	first	128	1783.4	161.4	torch-2.14.0+cu130
torch-compile-static	3	first	32	994.2	124.9	torch-2.14.0+cu130
torch-compile-static	3	first	48	1365.7	130.4	torch-2.14.0+cu130
torch-compile-static	3	first	64	1364.0	135.4	torch-2.14.0+cu130
torch-compile-static	3	first	96	1620.5	147.3	torch-2.14.0+cu130
torch-compile-static	3	first	128	1773.4	163.3	torch-2.14.0+cu130
torch-compile-static	3	first	32	994.0	123.5	torch-2.14.0+cu130
torch-compile-static	3	first	48	1344.7	129.5	torch-2.14.0+cu130
torch-compile-static	3	first	64	1400.2	141.1	torch-2.14.0+cu130
torch-compile-static	3	first	96	1625.1	149.0	torch-2.14.0+cu130
torch-compile-static	3	first	128	1792.9	159.7	torch-2.14.0+cu130
torch-compile-static	3	first	32	990.6	124.7	torch-2.14.0+cu130
torch-compile-static	3	revisit	32	985.9	125.6	torch-2.14.0+cu130
torch-compile-static	3	revisit	48	1352.8	129.9	torch-2.14.0+cu130
torch-compile-static	3	revisit	64	1403.1	144.5	torch-2.14.0+cu130
torch-compile-static	3	revisit	96	1619.8	146.9	torch-2.14.0+cu130
torch-compile-static	3	revisit	128	1794.8	161.9	torch-2.14.0+cu130
torch-compile-static	3	revisit	32	993.5	125.2	torch-2.14.0+cu130
torch-compile-static	3	revisit	48	1343.3	131.1	torch-2.14.0+cu130
torch-compile-static	3	revisit	64	1399.8	134.2	torch-2.14.0+cu130
torch-compile-static	3	revisit	96	1624.8	147.6	torch-2.14.0+cu130
torch-compile-static	3	revisit	128	1802.7	159.0	torch-2.14.0+cu130
torch-compile-static	3	revisit	32	994.9	125.2	torch-2.14.0+cu130
torch-compile-static	3	revisit	48	1357.3	130.9	torch-2.14.0+cu130
torch-compile-static	3	revisit	64	1382.6	134.7	torch-2.14.0+cu130
torch-compile-static	3	revisit	96	1623.6	149.0	torch-2.14.0+cu130
torch-compile-static	3	revisit	128	1789.1	164.7	torch-2.14.0+cu130
torch-compile-static	3	revisit	32	995.2	131.1	torch-2.14.0+cu130
torch-compile-static	3	revisit	48	1360.4	134.9	torch-2.14.0+cu130
torch-compile-static	3	revisit	64	1378.5	136.4	torch-2.14.0+cu130
torch-compile-static	3	revisit	96	1620.5	150.2	torch-2.14.0+cu130
torch-compile-static	3	revisit	128	1792.4	165.5	torch-2.14.0+cu130
torch-compile-static	3	revisit	32	996.6	124.0	torch-2.14.0+cu130
torch-compile-static	3	revisit	48	1345.6	132.3	torch-2.14.0+cu130
torch-compile-static	3	revisit	64	1389.7	133.8	torch-2.14.0+cu130
torch-compile-static	3	revisit	96	1622.0	155.4	torch-2.14.0+cu130
torch-compile-static	3	revisit	128	1781.9	159.0	torch-2.14.0+cu130
torch-compile-static	3	revisit	32	988.7	123.3	torch-2.14.0+cu130
torch-compile-static	3	revisit	48	1348.3	131.4	torch-2.14.0+cu130
torch-compile-static	3	revisit	64	1372.1	140.9	torch-2.14.0+cu130
torch-compile-static	3	revisit	96	1628.4	146.4	torch-2.14.0+cu130
torch-compile-static	3	revisit	128	1782.4	159.3	torch-2.14.0+cu130
torch-compile-static	3	revisit	32	993.3	124.5	torch-2.14.0+cu130
torch-compile-static	3	revisit	48	1331.8	129.2	torch-2.14.0+cu130
torch-compile-static	3	revisit	64	1440.8	134.9	torch-2.14.0+cu130
torch-compile-static	3	revisit	96	1625.8	148.1	torch-2.14.0+cu130
torch-compile-static	3	revisit	128	1777.2	159.7	torch-2.14.0+cu130
torch-compile-static	3	revisit	32	991.6	123.5	torch-2.14.0+cu130
torch-compile-static	3	revisit	48	1344.9	129.0	torch-2.14.0+cu130
torch-compile-static	3	revisit	64	1388.1	136.4	torch-2.14.0+cu130
torch-compile-static	3	revisit	96	1625.5	154.0	torch-2.14.0+cu130
torch-compile-static	3	revisit	128	1793.1	159.5	torch-2.14.0+cu130
torch-compile-static	3	revisit	32	988.7	124.2	torch-2.14.0+cu130
torch-compile-static	3	revisit	48	1366.4	129.5	torch-2.14.0+cu130
torch-compile-static	3	revisit	64	1403.1	143.8	torch-2.14.0+cu130
torch-compile-static	3	revisit	96	1628.2	148.1	torch-2.14.0+cu130
torch-compile-static	3	revisit	128	1782.7	159.3	torch-2.14.0+cu130
torch-compile-static	3	revisit	32	995.4	124.0	torch-2.14.0+cu130
torch-compile-static	3	revisit	48	1346.8	131.4	torch-2.14.0+cu130
torch-compile-static	3	revisit	64	1402.4	134.0	torch-2.14.0+cu130
torch-compile-static	3	revisit	96	1627.7	149.5	torch-2.14.0+cu130
torch-compile-static	3	revisit	128	1777.4	160.2	torch-2.14.0+cu130
torch-compile-static	3	revisit	32	994.0	126.8	torch-2.14.0+cu130
torch-compile-static	3	revisit	48	1358.3	129.5	torch-2.14.0+cu130
torch-compile-static	3	revisit	64	1379.5	136.1	torch-2.14.0+cu130
torch-compile-static	3	revisit	96	1623.6	148.1	torch-2.14.0+cu130
torch-compile-static	3	revisit	128	1789.1	165.5	torch-2.14.0+cu130
torch-compile-static	3	revisit	32	996.4	132.8	torch-2.14.0+cu130
torch-compile-static	3	revisit	48	1392.4	153.8	torch-2.14.0+cu130
torch-compile-static	3	revisit	64	1431.7	142.1	torch-2.14.0+cu130
torch-compile-static	3	revisit	96	1628.9	152.1	torch-2.14.0+cu130
torch-compile-static	3	revisit	128	1788.6	167.4	torch-2.14.0+cu130
torch-compile-static	3	revisit	32	999.2	132.6	torch-2.14.0+cu130
torch-compile-static	3	revisit	48	1351.8	131.4	torch-2.14.0+cu130
torch-compile-static	3	revisit	64	1380.4	144.2	torch-2.14.0+cu130
torch-compile-static	3	revisit	96	1622.4	148.3	torch-2.14.0+cu130
torch-compile-static	3	revisit	128	1784.6	166.4	torch-2.14.0+cu130
torch-compile-static	3	revisit	32	1007.3	124.5	torch-2.14.0+cu130
torch-compile-static	3	new	160	305505.3	180.0	torch-2.14.0+cu130
torch-compile-static	3	new	192	311438.8	286.3	torch-2.14.0+cu130
torch-compile-static	3	new	224	55043.5	315.9	torch-2.14.0+cu130
torch-compile-static	3	new	256	3718.1	353.3	torch-2.14.0+cu130
torch-compile-static	3	new	288	4229.3	256.3	torch-2.14.0+cu130
torch-compile-static	3	new	160	2272.1	195.7	torch-2.14.0+cu130
torch-compile-static	3	new	192	2393.5	200.0	torch-2.14.0+cu130
torch-compile-static	3	new	224	3343.3	209.3	torch-2.14.0+cu130
torch-compile-static	3	new	256	3479.0	233.2	torch-2.14.0+cu130
torch-compile-static	3	new	288	4126.1	232.5	torch-2.14.0+cu130
torch-compile-static	3	new	160	2205.6	187.2	torch-2.14.0+cu130
torch-compile-static	3	new	192	2392.5	199.8	torch-2.14.0+cu130
torch-compile-static	3	new	224	3356.7	209.3	torch-2.14.0+cu130
torch-compile-static	3	new	256	3522.6	221.3	torch-2.14.0+cu130
torch-compile-static	3	new	288	4192.4	237.2	torch-2.14.0+cu130
torch-compile-static	3	new	160	2223.3	186.7	torch-2.14.0+cu130
torch-compile-static	3	new	192	2384.9	199.6	torch-2.14.0+cu130
torch-compile-static	3	new	224	3419.2	216.2	torch-2.14.0+cu130
torch-compile-static	3	new	256	3555.8	229.6	torch-2.14.0+cu130
torch-compile-static	3	new	288	4217.1	247.0	torch-2.14.0+cu130
torch-compile-static	3	new	160	2226.6	186.4	torch-2.14.0+cu130
torch-compile-static	3	new	192	2409.2	200.3	torch-2.14.0+cu130
torch-compile-static	3	new	224	3385.8	209.3	torch-2.14.0+cu130
torch-compile-static	3	new	256	3564.1	222.0	torch-2.14.0+cu130
torch-compile-static	3	new	288	4227.6	232.5	torch-2.14.0+cu130
torch-compile-static	3	new	160	2232.3	189.3	torch-2.14.0+cu130
torch-compile-static	3	new	192	2423.0	202.9	torch-2.14.0+cu130
torch-compile-static	3	new	224	3400.1	214.8	torch-2.14.0+cu130
torch-compile-static	3	new	256	3565.3	222.0	torch-2.14.0+cu130
torch-compile-static	3	new	288	4233.4	234.6	torch-2.14.0+cu130
torch-compile-static	3	new	160	2238.0	185.7	torch-2.14.0+cu130
torch-compile-static	3	new	192	2421.4	206.2	torch-2.14.0+cu130
torch-compile-static	3	new	224	3518.6	211.7	torch-2.14.0+cu130
torch-compile-static	3	new	256	3566.3	223.2	torch-2.14.0+cu130
torch-compile-static	3	new	288	4236.0	232.7	torch-2.14.0+cu130
torch-compile-static	3	new	160	2224.4	186.4	torch-2.14.0+cu130
torch-compile-static	3	new	192	2421.9	201.0	torch-2.14.0+cu130
torch-compile-static	3	new	224	3458.3	214.1	torch-2.14.0+cu130
torch-compile-static	3	new	256	3562.5	221.3	torch-2.14.0+cu130
torch-compile-static	3	new	288	4235.0	233.4	torch-2.14.0+cu130
torch-compile-static	3	new	160	2216.8	185.7	torch-2.14.0+cu130
torch-compile-static	3	new	192	2418.8	203.8	torch-2.14.0+cu130
torch-compile-static	3	new	224	3473.3	208.9	torch-2.14.0+cu130
torch-compile-static	3	new	256	3561.5	222.4	torch-2.14.0+cu130
torch-compile-static	3	new	288	4227.9	232.9	torch-2.14.0+cu130
torch-compile-static	3	new	160	2231.6	187.2	torch-2.14.0+cu130
torch-compile-static	3	new	192	2418.0	205.0	torch-2.14.0+cu130
torch-compile-static	3	new	224	3614.7	245.6	torch-2.14.0+cu130
torch-compile-static	3	new	256	3580.3	246.3	torch-2.14.0+cu130
torch-compile-static	3	new	288	4254.1	234.4	torch-2.14.0+cu130
torch-compile-static	3	new	160	2239.0	186.7	torch-2.14.0+cu130
torch-compile-static	3	new	192	2424.0	198.8	torch-2.14.0+cu130
torch-compile-static	3	new	224	3391.0	221.3	torch-2.14.0+cu130
torch-compile-static	3	new	256	3570.3	221.3	torch-2.14.0+cu130
torch-compile-static	3	new	288	4247.4	232.2	torch-2.14.0+cu130
torch-compile-static	3	new	160	2221.1	188.4	torch-2.14.0+cu130
torch-compile-static	3	new	192	2419.7	207.7	torch-2.14.0+cu130
torch-compile-static	3	new	224	3382.9	217.2	torch-2.14.0+cu130
torch-compile-static	3	new	256	3571.7	219.6	torch-2.14.0+cu130
torch-compile-static	3	new	288	4221.0	232.0	torch-2.14.0+cu130
torch-compile-static	3	new	160	2226.1	185.7	torch-2.14.0+cu130
torch-compile-static	3	new	192	2417.3	197.9	torch-2.14.0+cu130
torch-compile-static	3	new	224	3403.2	210.8	torch-2.14.0+cu130
torch-compile-static	3	new	256	3569.8	221.5	torch-2.14.0+cu130
torch-compile-static	3	new	288	4257.7	230.6	torch-2.14.0+cu130
torch-compile-static	3	new	160	2237.3	186.9	torch-2.14.0+cu130
torch-compile-dynamic	3	first	32	1412.4	130.2	torch-2.14.0+cu130
torch-compile-dynamic	3	first	48	1650.8	132.8	torch-2.14.0+cu130
torch-compile-dynamic	3	first	64	1577.6	140.4	torch-2.14.0+cu130
torch-compile-dynamic	3	first	96	1745.2	159.0	torch-2.14.0+cu130
torch-compile-dynamic	3	first	128	2021.6	165.5	torch-2.14.0+cu130
torch-compile-dynamic	3	first	32	1074.8	130.4	torch-2.14.0+cu130
torch-compile-dynamic	3	first	48	1515.2	132.8	torch-2.14.0+cu130
torch-compile-dynamic	3	first	64	1528.5	142.1	torch-2.14.0+cu130
torch-compile-dynamic	3	first	96	1718.8	148.5	torch-2.14.0+cu130
torch-compile-dynamic	3	first	128	1915.0	158.8	torch-2.14.0+cu130
torch-compile-dynamic	3	first	32	1068.4	125.9	torch-2.14.0+cu130
torch-compile-dynamic	3	first	48	1475.8	131.6	torch-2.14.0+cu130
torch-compile-dynamic	3	first	64	1562.4	135.7	torch-2.14.0+cu130
torch-compile-dynamic	3	first	96	1723.8	148.8	torch-2.14.0+cu130
torch-compile-dynamic	3	first	128	1917.1	175.0	torch-2.14.0+cu130
torch-compile-dynamic	3	first	32	1076.2	125.9	torch-2.14.0+cu130
torch-compile-dynamic	3	first	48	1464.8	130.9	torch-2.14.0+cu130
torch-compile-dynamic	3	first	64	1527.1	147.1	torch-2.14.0+cu130
torch-compile-dynamic	3	first	96	1717.8	152.6	torch-2.14.0+cu130
torch-compile-dynamic	3	first	128	1907.3	159.3	torch-2.14.0+cu130
torch-compile-dynamic	3	first	32	1070.0	124.2	torch-2.14.0+cu130
torch-compile-dynamic	3	first	48	1470.1	131.6	torch-2.14.0+cu130
torch-compile-dynamic	3	first	64	1524.0	136.4	torch-2.14.0+cu130
torch-compile-dynamic	3	first	96	1715.2	156.4	torch-2.14.0+cu130
torch-compile-dynamic	3	first	128	1916.4	165.7	torch-2.14.0+cu130
torch-compile-dynamic	3	first	32	1068.6	131.8	torch-2.14.0+cu130
torch-compile-dynamic	3	first	48	1457.2	135.9	torch-2.14.0+cu130
torch-compile-dynamic	3	first	64	1547.3	136.1	torch-2.14.0+cu130
torch-compile-dynamic	3	first	96	1719.7	147.8	torch-2.14.0+cu130
torch-compile-dynamic	3	first	128	1919.5	162.4	torch-2.14.0+cu130
torch-compile-dynamic	3	first	32	1061.9	123.5	torch-2.14.0+cu130
torch-compile-dynamic	3	first	48	1482.7	130.2	torch-2.14.0+cu130
torch-compile-dynamic	3	first	64	1556.4	135.2	torch-2.14.0+cu130
torch-compile-dynamic	3	first	96	1712.8	155.2	torch-2.14.0+cu130
torch-compile-dynamic	3	first	128	1922.8	158.5	torch-2.14.0+cu130
torch-compile-dynamic	3	first	32	1086.5	125.2	torch-2.14.0+cu130
torch-compile-dynamic	3	first	48	1508.5	133.8	torch-2.14.0+cu130
torch-compile-dynamic	3	first	64	1530.2	135.4	torch-2.14.0+cu130
torch-compile-dynamic	3	first	96	1716.4	149.0	torch-2.14.0+cu130
torch-compile-dynamic	3	first	128	1911.4	159.0	torch-2.14.0+cu130
torch-compile-dynamic	3	first	32	1065.0	124.0	torch-2.14.0+cu130
torch-compile-dynamic	3	first	48	1485.6	129.9	torch-2.14.0+cu130
torch-compile-dynamic	3	first	64	1535.7	134.9	torch-2.14.0+cu130
torch-compile-dynamic	3	first	96	1723.8	148.8	torch-2.14.0+cu130
torch-compile-dynamic	3	first	128	1907.6	158.8	torch-2.14.0+cu130
torch-compile-dynamic	3	first	32	1071.7	124.0	torch-2.14.0+cu130
torch-compile-dynamic	3	first	48	1496.3	147.6	torch-2.14.0+cu130
torch-compile-dynamic	3	first	64	1523.3	136.6	torch-2.14.0+cu130
torch-compile-dynamic	3	first	96	1716.1	148.3	torch-2.14.0+cu130
torch-compile-dynamic	3	first	128	1911.6	159.3	torch-2.14.0+cu130
torch-compile-dynamic	3	first	32	1066.2	124.9	torch-2.14.0+cu130
torch-compile-dynamic	3	first	48	1511.3	129.9	torch-2.14.0+cu130
torch-compile-dynamic	3	first	64	1513.2	136.1	torch-2.14.0+cu130
torch-compile-dynamic	3	first	96	1714.7	148.3	torch-2.14.0+cu130
torch-compile-dynamic	3	first	128	1916.2	166.2	torch-2.14.0+cu130
torch-compile-dynamic	3	first	32	1076.0	124.2	torch-2.14.0+cu130
torch-compile-dynamic	3	first	48	1489.4	138.8	torch-2.14.0+cu130
torch-compile-dynamic	3	first	64	1525.4	135.7	torch-2.14.0+cu130
torch-compile-dynamic	3	first	96	1720.0	148.3	torch-2.14.0+cu130
torch-compile-dynamic	3	first	128	1914.5	162.8	torch-2.14.0+cu130
torch-compile-dynamic	3	first	32	1063.8	124.0	torch-2.14.0+cu130
torch-compile-dynamic	3	first	48	1514.9	129.9	torch-2.14.0+cu130
torch-compile-dynamic	3	first	64	1532.8	142.6	torch-2.14.0+cu130
torch-compile-dynamic	3	first	96	1717.1	148.1	torch-2.14.0+cu130
torch-compile-dynamic	3	first	128	1911.2	159.3	torch-2.14.0+cu130
torch-compile-dynamic	3	first	32	1066.7	124.0	torch-2.14.0+cu130
torch-compile-dynamic	3	revisit	32	1073.6	125.2	torch-2.14.0+cu130
torch-compile-dynamic	3	revisit	48	1524.7	128.7	torch-2.14.0+cu130
torch-compile-dynamic	3	revisit	64	1520.9	135.7	torch-2.14.0+cu130
torch-compile-dynamic	3	revisit	96	1715.2	147.8	torch-2.14.0+cu130
torch-compile-dynamic	3	revisit	128	1907.6	159.5	torch-2.14.0+cu130
torch-compile-dynamic	3	revisit	32	1070.3	125.2	torch-2.14.0+cu130
torch-compile-dynamic	3	revisit	48	1524.9	169.8	torch-2.14.0+cu130
torch-compile-dynamic	3	revisit	64	1571.4	140.0	torch-2.14.0+cu130
torch-compile-dynamic	3	revisit	96	1722.8	156.4	torch-2.14.0+cu130
torch-compile-dynamic	3	revisit	128	1928.1	159.5	torch-2.14.0+cu130
torch-compile-dynamic	3	revisit	32	1077.4	128.5	torch-2.14.0+cu130
torch-compile-dynamic	3	revisit	48	1464.1	133.5	torch-2.14.0+cu130
torch-compile-dynamic	3	revisit	64	1573.8	136.1	torch-2.14.0+cu130
torch-compile-dynamic	3	revisit	96	1716.9	148.8	torch-2.14.0+cu130
torch-compile-dynamic	3	revisit	128	1839.2	159.5	torch-2.14.0+cu130
torch-compile-dynamic	3	revisit	32	1033.3	124.0	torch-2.14.0+cu130
torch-compile-dynamic	3	revisit	48	1437.4	129.9	torch-2.14.0+cu130
torch-compile-dynamic	3	revisit	64	1470.6	136.6	torch-2.14.0+cu130
torch-compile-dynamic	3	revisit	96	1642.0	146.6	torch-2.14.0+cu130
torch-compile-dynamic	3	revisit	128	1835.6	158.3	torch-2.14.0+cu130
torch-compile-dynamic	3	revisit	32	1036.6	124.5	torch-2.14.0+cu130
torch-compile-dynamic	3	revisit	48	1459.4	130.4	torch-2.14.0+cu130
torch-compile-dynamic	3	revisit	64	1469.6	136.6	torch-2.14.0+cu130
torch-compile-dynamic	3	revisit	96	1658.4	147.8	torch-2.14.0+cu130
torch-compile-dynamic	3	revisit	128	1828.9	158.3	torch-2.14.0+cu130
torch-compile-dynamic	3	revisit	32	1034.3	124.5	torch-2.14.0+cu130
torch-compile-dynamic	3	revisit	48	1444.1	129.0	torch-2.14.0+cu130
torch-compile-dynamic	3	revisit	64	1464.8	135.9	torch-2.14.0+cu130
torch-compile-dynamic	3	revisit	96	1644.4	149.0	torch-2.14.0+cu130
torch-compile-dynamic	3	revisit	128	1833.4	157.6	torch-2.14.0+cu130
torch-compile-dynamic	3	revisit	32	1041.9	125.4	torch-2.14.0+cu130
torch-compile-dynamic	3	revisit	48	1461.3	136.1	torch-2.14.0+cu130
torch-compile-dynamic	3	revisit	64	1493.7	134.7	torch-2.14.0+cu130
torch-compile-dynamic	3	revisit	96	1648.4	146.6	torch-2.14.0+cu130
torch-compile-dynamic	3	revisit	128	1831.5	159.7	torch-2.14.0+cu130
torch-compile-dynamic	3	revisit	32	1036.2	131.1	torch-2.14.0+cu130
torch-compile-dynamic	3	revisit	48	1443.6	129.9	torch-2.14.0+cu130
torch-compile-dynamic	3	revisit	64	1510.9	136.9	torch-2.14.0+cu130
torch-compile-dynamic	3	revisit	96	1642.9	148.8	torch-2.14.0+cu130
torch-compile-dynamic	3	revisit	128	1837.3	158.1	torch-2.14.0+cu130
torch-compile-dynamic	3	revisit	32	1035.5	131.8	torch-2.14.0+cu130
torch-compile-dynamic	3	revisit	48	1457.0	130.4	torch-2.14.0+cu130
torch-compile-dynamic	3	revisit	64	1490.1	147.3	torch-2.14.0+cu130
torch-compile-dynamic	3	revisit	96	1650.1	147.8	torch-2.14.0+cu130
torch-compile-dynamic	3	revisit	128	1835.8	166.7	torch-2.14.0+cu130
torch-compile-dynamic	3	revisit	32	1034.7	123.7	torch-2.14.0+cu130
torch-compile-dynamic	3	revisit	48	1448.2	136.1	torch-2.14.0+cu130
torch-compile-dynamic	3	revisit	64	1465.6	133.8	torch-2.14.0+cu130
torch-compile-dynamic	3	revisit	96	1647.5	147.3	torch-2.14.0+cu130
torch-compile-dynamic	3	revisit	128	1841.1	157.8	torch-2.14.0+cu130
torch-compile-dynamic	3	revisit	32	1032.1	124.9	torch-2.14.0+cu130
torch-compile-dynamic	3	revisit	48	1465.6	130.7	torch-2.14.0+cu130
torch-compile-dynamic	3	revisit	64	1501.3	133.5	torch-2.14.0+cu130
torch-compile-dynamic	3	revisit	96	1645.6	155.2	torch-2.14.0+cu130
torch-compile-dynamic	3	revisit	128	1829.6	158.5	torch-2.14.0+cu130
torch-compile-dynamic	3	revisit	32	1039.3	124.2	torch-2.14.0+cu130
torch-compile-dynamic	3	revisit	48	1464.6	130.4	torch-2.14.0+cu130
torch-compile-dynamic	3	revisit	64	1496.6	134.5	torch-2.14.0+cu130
torch-compile-dynamic	3	revisit	96	1640.6	147.3	torch-2.14.0+cu130
torch-compile-dynamic	3	revisit	128	1832.7	164.5	torch-2.14.0+cu130
torch-compile-dynamic	3	revisit	32	1045.0	129.7	torch-2.14.0+cu130
torch-compile-dynamic	3	revisit	48	1454.6	132.1	torch-2.14.0+cu130
torch-compile-dynamic	3	revisit	64	1498.7	134.0	torch-2.14.0+cu130
torch-compile-dynamic	3	revisit	96	1643.9	149.0	torch-2.14.0+cu130
torch-compile-dynamic	3	revisit	128	1829.4	158.3	torch-2.14.0+cu130
torch-compile-dynamic	3	revisit	32	1030.9	125.4	torch-2.14.0+cu130
torch-compile-dynamic	3	new	160	2271.9	170.7	torch-2.14.0+cu130
torch-compile-dynamic	3	new	192	2496.0	186.9	torch-2.14.0+cu130
torch-compile-dynamic	3	new	224	2903.5	203.1	torch-2.14.0+cu130
torch-compile-dynamic	3	new	256	3019.6	214.8	torch-2.14.0+cu130
torch-compile-dynamic	3	new	288	3628.0	227.9	torch-2.14.0+cu130
torch-compile-dynamic	3	new	160	2274.8	176.9	torch-2.14.0+cu130
torch-compile-dynamic	3	new	192	2490.8	184.8	torch-2.14.0+cu130
torch-compile-dynamic	3	new	224	2911.3	195.3	torch-2.14.0+cu130
torch-compile-dynamic	3	new	256	2979.8	217.2	torch-2.14.0+cu130
torch-compile-dynamic	3	new	288	3602.7	233.2	torch-2.14.0+cu130
torch-compile-dynamic	3	new	160	2303.1	188.4	torch-2.14.0+cu130
torch-compile-dynamic	3	new	192	2580.4	183.6	torch-2.14.0+cu130
torch-compile-dynamic	3	new	224	3002.9	195.3	torch-2.14.0+cu130
torch-compile-dynamic	3	new	256	3088.0	214.1	torch-2.14.0+cu130
torch-compile-dynamic	3	new	288	3710.3	219.3	torch-2.14.0+cu130
torch-compile-dynamic	3	new	160	2352.2	172.6	torch-2.14.0+cu130
torch-compile-dynamic	3	new	192	2577.3	183.1	torch-2.14.0+cu130
torch-compile-dynamic	3	new	224	3003.8	195.5	torch-2.14.0+cu130
torch-compile-dynamic	3	new	256	3080.1	211.2	torch-2.14.0+cu130
torch-compile-dynamic	3	new	288	3721.7	219.8	torch-2.14.0+cu130
torch-compile-dynamic	3	new	160	2358.7	173.8	torch-2.14.0+cu130
torch-compile-dynamic	3	new	192	2577.3	191.7	torch-2.14.0+cu130
torch-compile-dynamic	3	new	224	3002.4	195.0	torch-2.14.0+cu130
torch-compile-dynamic	3	new	256	3092.1	214.8	torch-2.14.0+cu130
torch-compile-dynamic	3	new	288	3762.2	225.8	torch-2.14.0+cu130
torch-compile-dynamic	3	new	160	2356.8	172.9	torch-2.14.0+cu130
torch-compile-dynamic	3	new	192	2593.8	184.1	torch-2.14.0+cu130
torch-compile-dynamic	3	new	224	3005.3	195.3	torch-2.14.0+cu130
torch-compile-dynamic	3	new	256	3082.5	212.0	torch-2.14.0+cu130
torch-compile-dynamic	3	new	288	3745.6	225.3	torch-2.14.0+cu130
torch-compile-dynamic	3	new	160	2357.2	180.0	torch-2.14.0+cu130
torch-compile-dynamic	3	new	192	2602.6	184.5	torch-2.14.0+cu130
torch-compile-dynamic	3	new	224	3027.7	195.5	torch-2.14.0+cu130
torch-compile-dynamic	3	new	256	3094.7	204.6	torch-2.14.0+cu130
torch-compile-dynamic	3	new	288	3751.5	224.1	torch-2.14.0+cu130
torch-compile-dynamic	3	new	160	2366.5	174.8	torch-2.14.0+cu130
torch-compile-dynamic	3	new	192	2605.7	184.3	torch-2.14.0+cu130
torch-compile-dynamic	3	new	224	3020.5	195.5	torch-2.14.0+cu130
torch-compile-dynamic	3	new	256	3096.6	205.8	torch-2.14.0+cu130
torch-compile-dynamic	3	new	288	3770.1	216.5	torch-2.14.0+cu130
torch-compile-dynamic	3	new	160	2360.6	171.4	torch-2.14.0+cu130
torch-compile-dynamic	3	new	192	2596.9	182.9	torch-2.14.0+cu130
torch-compile-dynamic	3	new	224	3025.5	199.8	torch-2.14.0+cu130
torch-compile-dynamic	3	new	256	3098.5	205.8	torch-2.14.0+cu130
torch-compile-dynamic	3	new	288	3754.6	217.9	torch-2.14.0+cu130
torch-compile-dynamic	3	new	160	2387.0	174.8	torch-2.14.0+cu130
torch-compile-dynamic	3	new	192	2598.5	186.2	torch-2.14.0+cu130
torch-compile-dynamic	3	new	224	3022.7	201.0	torch-2.14.0+cu130
torch-compile-dynamic	3	new	256	3098.7	206.0	torch-2.14.0+cu130
torch-compile-dynamic	3	new	288	3747.7	216.7	torch-2.14.0+cu130
torch-compile-dynamic	3	new	160	2358.4	176.9	torch-2.14.0+cu130
torch-compile-dynamic	3	new	192	2603.1	185.5	torch-2.14.0+cu130
torch-compile-dynamic	3	new	224	3023.4	193.8	torch-2.14.0+cu130
torch-compile-dynamic	3	new	256	3096.8	208.9	torch-2.14.0+cu130
torch-compile-dynamic	3	new	288	3747.0	217.7	torch-2.14.0+cu130
torch-compile-dynamic	3	new	160	2361.8	172.4	torch-2.14.0+cu130
torch-compile-dynamic	3	new	192	2605.0	183.6	torch-2.14.0+cu130
torch-compile-dynamic	3	new	224	3025.1	195.3	torch-2.14.0+cu130
torch-compile-dynamic	3	new	256	3100.2	205.5	torch-2.14.0+cu130
torch-compile-dynamic	3	new	288	3764.9	217.7	torch-2.14.0+cu130
torch-compile-dynamic	3	new	160	2358.9	171.2	torch-2.14.0+cu130
torch-compile-dynamic	3	new	192	2605.4	185.3	torch-2.14.0+cu130
torch-compile-dynamic	3	new	224	3026.2	193.6	torch-2.14.0+cu130
torch-compile-dynamic	3	new	256	3098.2	206.7	torch-2.14.0+cu130
torch-compile-dynamic	3	new	288	3752.9	224.6	torch-2.14.0+cu130
torch-compile-dynamic	3	new	160	2362.5	181.7	torch-2.14.0+cu130
