mode	variant	k	n	iters	warm_s	steady_us	kernels	acc	compiled_in_timed	launches_per_iter	graphs	breaks	compile_ms	first_run_ms	binary
fused	0	1	1000000	200	0.001448	29.044151	52	1000000.000000	0	1.015000	float64				6cbe459c1039
eager	0	1	1000000	200	0.002650	77.354908	51	1000000.000000	0	3.005000	float64				6cbe459c1039
nojit	0	1	1000000	200	0.002321	77.434778	51	1000000.000000	0	3.005000	float64				6cbe459c1039
torch-compile	0	1	1000000	200	0.441500	54.600239	0	1000000.000000	0	1	0	float64	-1	439.585	torch-2.14.0+cu130
torch-eager	0	1	1000000	200	0.036890	78.327656	0	1000000.000000	0	-1	-1	float64	-1	34.496	torch-2.14.0+cu130
triton	0	1	1000000	200	0.312393	30.741692	1	1000000.000000	0	-1	-1	float64	297.375	0.113	triton-3.8.0
torch-compile-ro	0	1	1000000	200	0.488018	111.067295	0	1000000.000000	0	1	0	float64	-1	449.473	torch-2.14.0+cu130
torch-compile-mat	0	1	1000000	200	0.717437	120.745897	0	1000000.000000	0	1	0	float64	-1	679.851	torch-2.14.0+cu130
jax	0	1	1000000	200	0.003862	52.200556	0	1000000.000000	0	-1	-1	float64	206.616	0.533	jax-0.11.1
iree	0	1	1000000	200	0.322184	6126.219034	0	1000000.000000	0	-1	-1	float64	599.598	24.207	iree-3.11.0
fused	0	4	1000000	200	0.002181	39.445162	52	1000000.000000	0	1.060000	float64				6cbe459c1039
eager	0	4	1000000	200	0.009386	306.129456	51	1000000.000000	0	12.005000	float64				6cbe459c1039
nojit	0	4	1000000	200	0.008914	306.384563	51	1000000.000000	0	12.005000	float64				6cbe459c1039
torch-compile	0	4	1000000	200	0.450947	68.356991	0	1000000.000000	0	1	0	float64	-1	448.761	torch-2.14.0+cu130
torch-eager	0	4	1000000	200	0.045398	312.329531	0	1000000.000000	0	-1	-1	float64	-1	36.275	torch-2.14.0+cu130
triton	0	4	1000000	200	0.310878	39.236546	1	1000000.000000	0	-1	-1	float64	295.558	0.126	triton-3.8.0
torch-compile-ro	0	4	1000000	200	0.514498	134.085417	0	1000000.000000	0	1	0	float64	-1	481.226	torch-2.14.0+cu130
torch-compile-mat	0	4	1000000	200	0.611411	134.096146	0	1000000.000000	0	1	0	float64	-1	577.504	torch-2.14.0+cu130
jax	0	4	1000000	200	0.004986	94.850063	0	1000000.000000	0	-1	-1	float64	215.862	0.608	jax-0.11.1
iree	0	4	1000000	200	0.328957	5833.964348	0	1000000.000000	0	-1	-1	float64	601.214	25.321	iree-3.11.0
fused	0	8	1000000	200	0.003484	69.785118	52	1000000.000000	0	1.120000	float64				6cbe459c1039
eager	0	8	1000000	200	0.018258	612.349510	51	1000000.000000	0	24.005000	float64				6cbe459c1039
nojit	0	8	1000000	200	0.017798	612.645149	51	1000000.000000	0	24.005000	float64				6cbe459c1039
torch-compile	0	8	1000000	200	0.460481	132.733583	0	1000000.000000	0	1	0	float64	-1	456.418	torch-2.14.0+cu130
torch-eager	0	8	1000000	200	0.055784	624.768734	0	1000000.000000	0	-1	-1	float64	-1	37.545	torch-2.14.0+cu130
triton	0	8	1000000	200	0.311089	66.854954	1	1000000.000000	0	-1	-1	float64	294.943	0.153	triton-3.8.0
torch-compile-ro	0	8	1000000	200	0.498784	197.855234	0	1000000.000000	0	1	0	float64	-1	458.455	torch-2.14.0+cu130
torch-compile-mat	0	8	1000000	200	0.606677	198.689699	0	1000000.000000	0	1	0	float64	-1	567.017	torch-2.14.0+cu130
jax	0	8	1000000	200	0.007338	175.906420	0	1000000.000000	0	-1	-1	float64	219.173	0.638	jax-0.11.1
iree	0	8	1000000	200	0.328418	6377.242804	0	1000000.000000	0	-1	-1	float64	571.501	24.384	iree-3.11.0
fused	0	4	10000	200	0.000962	12.885332	53	10000.000000	1	1.060000	float64				6cbe459c1039
eager	0	4	10000	200	0.001713	39.099455	51	10000.000000	0	12.005000	float64				6cbe459c1039
nojit	0	4	10000	200	0.001154	39.390326	51	10000.000000	0	12.005000	float64				6cbe459c1039
torch-compile	0	4	10000	200	0.447766	62.043667	0	10000.000000	0	1	0	float64	-1	445.590	torch-2.14.0+cu130
torch-eager	0	4	10000	200	0.036116	55.415630	0	10000.000000	0	-1	-1	float64	-1	34.391	torch-2.14.0+cu130
triton	0	4	10000	200	0.310012	19.016266	1	10000.000000	0	-1	-1	float64	296.073	0.092	triton-3.8.0
torch-compile-ro	0	4	10000	200	0.540548	115.089417	0	10000.000000	0	1	0	float64	-1	502.345	torch-2.14.0+cu130
torch-compile-mat	0	4	10000	200	0.705157	117.619038	0	10000.000000	0	1	0	float64	-1	669.493	torch-2.14.0+cu130
jax	0	4	10000	200	0.001989	41.443110	0	10000.000000	0	-1	-1	float64	202.825	0.501	jax-0.11.1
iree	0	4	10000	200	0.027054	459.671021	0	10000.000000	0	-1	-1	float64	597.221	11.066	iree-3.11.0
fused	0	4	100000	200	0.001083	13.815165	53	100000.000000	1	1.060000	float64				6cbe459c1039
eager	0	4	100000	200	0.001858	43.355227	51	100000.000000	0	12.005000	float64				6cbe459c1039
nojit	0	4	100000	200	0.001261	43.250322	51	100000.000000	0	12.005000	float64				6cbe459c1039
torch-compile	0	4	100000	200	0.450438	61.933994	0	100000.000000	0	1	0	float64	-1	448.224	torch-2.14.0+cu130
torch-eager	0	4	100000	200	0.041569	56.653023	0	100000.000000	0	-1	-1	float64	-1	39.756	torch-2.14.0+cu130
triton	0	4	100000	200	0.312613	20.345449	1	100000.000000	0	-1	-1	float64	298.266	0.096	triton-3.8.0
torch-compile-ro	0	4	100000	200	0.545181	100.549459	0	100000.000000	0	1	0	float64	-1	514.184	torch-2.14.0+cu130
torch-compile-mat	0	4	100000	200	0.681376	119.746923	0	100000.000000	0	1	0	float64	-1	645.521	torch-2.14.0+cu130
jax	0	4	100000	200	0.002395	58.188438	0	100000.000000	0	-1	-1	float64	199.810	0.503	jax-0.11.1
iree	0	4	100000	200	0.055115	1006.509066	0	100000.000000	0	-1	-1	float64	604.306	12.802	iree-3.11.0
fused	0	4	1000000	200	0.002249	41.145086	52	1000000.000000	0	1.060000	float64				6cbe459c1039
eager	0	4	1000000	200	0.009460	307.605267	51	1000000.000000	0	12.005000	float64				6cbe459c1039
nojit	0	4	1000000	200	0.008902	306.684971	51	1000000.000000	0	12.005000	float64				6cbe459c1039
torch-compile	0	4	1000000	200	0.454194	68.681240	0	1000000.000000	0	1	0	float64	-1	451.938	torch-2.14.0+cu130
torch-eager	0	4	1000000	200	0.042297	312.362909	0	1000000.000000	0	-1	-1	float64	-1	33.174	torch-2.14.0+cu130
triton	0	4	1000000	200	0.311449	39.539337	1	1000000.000000	0	-1	-1	float64	296.579	0.179	triton-3.8.0
torch-compile-ro	0	4	1000000	200	0.542312	134.161711	0	1000000.000000	0	1	0	float64	-1	508.945	torch-2.14.0+cu130
torch-compile-mat	0	4	1000000	200	0.609741	133.098364	0	1000000.000000	0	1	0	float64	-1	573.575	torch-2.14.0+cu130
jax	0	4	1000000	200	0.004975	94.543695	0	1000000.000000	0	-1	-1	float64	206.028	0.602	jax-0.11.1
iree	0	4	1000000	200	0.312693	5855.019093	0	1000000.000000	0	-1	-1	float64	572.276	24.416	iree-3.11.0
fused	0	4	10000000	200	0.015110	329.200029	52	10000000.000000	0	1.060000	float64				6cbe459c1039
eager	0	4	10000000	200	0.088102	3026.920557	51	10000000.000000	0	12.005000	float64				6cbe459c1039
nojit	0	4	10000000	200	0.087896	3027.164936	51	10000000.000000	0	12.005000	float64				6cbe459c1039
torch-compile	0	4	10000000	200	0.448631	645.896196	0	10000000.000000	0	1	0	float64	-1	429.598	torch-2.14.0+cu130
torch-eager	0	4	10000000	200	0.127544	3045.321703	0	10000000.000000	0	-1	-1	float64	-1	39.049	torch-2.14.0+cu130
triton	0	4	10000000	200	0.310424	327.132940	1	10000000.000000	0	-1	-1	float64	287.159	0.577	triton-3.8.0
torch-compile-ro	0	4	10000000	200	0.512134	1229.883432	0	10000000.000000	0	1	0	float64	-1	444.726	torch-2.14.0+cu130
torch-compile-mat	0	4	10000000	200	0.734043	1195.991039	0	10000000.000000	0	1	0	float64	-1	670.942	torch-2.14.0+cu130
jax	0	4	10000000	200	0.051552	949.441195	0	10000000.000000	0	-1	-1	float64	218.592	1.292	jax-0.11.1
iree	0	4	10000000	200	2.847038	51001.900434	0	10000000.000000	0	-1	-1	float64	572.395	170.564	iree-3.11.0
fused	1	4	1000000	200	0.003364	41.630268	53	1000122.070313	0	1.060000	float64				6cbe459c1039
eager	1	4	1000000	200	0.009536	311.490297	51	1000122.070313	0	12.150000	float64				6cbe459c1039
nojit	1	4	1000000	200	0.009056	310.939550	51	1000122.070313	0	12.150000	float64				6cbe459c1039
torch-compile	1	4	1000000	200	0.707999	307.410955	0	1000122.070313	0	1	0	float64	-1	439.465	torch-2.14.0+cu130
torch-eager	1	4	1000000	200	0.046118	316.802263	0	1000122.070313	0	-1	-1	float64	-1	36.830	torch-2.14.0+cu130
triton	1	4	1000000	200	0.337052	43.445826	2	1000122.070313	0	-1	-1	float64	322.677	0.085	triton-3.8.0
torch-compile-ro	1	4	1000000	200	0.798610	402.035713	0	1000122.070313	0	1	0	float64	-1	452.648	torch-2.14.0+cu130
torch-compile-mat	1	4	1000000	200	1.312455	385.974646	0	1000122.070313	0	1	0	float64	-1	514.867	torch-2.14.0+cu130
jax	1	4	1000000	200	0.005326	98.193884	0	1000122.070313	0	-1	-1	float64	207.413	0.557	jax-0.11.1
iree	1	4	1000000	200	0.334780	6410.166025	0	1000122.070313	0	-1	-1	float64	571.286	24.684	iree-3.11.0
fused	2	4	1000000	200	0.002208	42.675734	53	1000122.070313	0	1.150000	float64				6cbe459c1039
eager	2	4	1000000	200	0.009584	310.940742	51	1000122.070313	0	12.150000	float64				6cbe459c1039
nojit	2	4	1000000	200	0.009066	310.975313	51	1000122.070313	0	12.150000	float64				6cbe459c1039
torch-compile	2	4	1000000	200	0.506300	72.666407	0	1000122.070313	0	2	1	float64	-1	499.248	torch-2.14.0+cu130
torch-eager	2	4	1000000	200	0.042724	325.564146	0	1000122.070313	0	-1	-1	float64	-1	33.185	torch-2.14.0+cu130
triton	2	4	1000000	200	0.309538	69.643259	2	1000122.070313	0	-1	-1	float64	293.563	0.084	triton-3.8.0
torch-compile-ro	2	4	1000000	200	0.557383	140.022039	0	1000122.070313	0	2	1	float64	-1	516.282	torch-2.14.0+cu130
torch-compile-mat	2	4	1000000	200	0.741529	133.336782	0	1000122.070313	0	2	1	float64	-1	702.034	torch-2.14.0+cu130
jax	2	4	1000000	200	0.007600	175.565481	0	1000122.070313	0	-1	-1	float64	205.666	0.602	jax-0.11.1
iree	2	4	1000000	200	0.419241	8978.085518	0	1000122.070313	0	-1	-1	float64	578.988	24.328	iree-3.11.0
fused	3	4	1000000	200	0.003857	98.605156	53	1533333.333333	0	2.005000	float64				6cbe459c1039
eager	3	4	1000000	200	0.011449	360.734463	51	1533333.333333	0	14.005000	float64				6cbe459c1039
nojit	3	4	1000000	200	0.010585	365.899801	51	1533333.333333	0	14.005000	float64				6cbe459c1039
torch-compile	3	4	1000000	200	0.771526	165.069103	0	1533333.333333	0	2	1	float64	-1	572.022	torch-2.14.0+cu130
torch-eager	3	4	1000000	200	0.050113	377.151966	0	1533333.333333	0	-1	-1	float64	-1	39.129	torch-2.14.0+cu130
triton	3	4	1000000	200	0.339513	124.303102	2	1533333.333333	0	-1	-1	float64	321.885	0.083	triton-3.8.0
torch-compile-ro	3	4	1000000	200	0.824424	393.289328	0	1533333.333333	0	2	1	float64	-1	535.197	torch-2.14.0+cu130
torch-compile-mat	3	4	1000000	200	2.048903	378.901958	0	1533333.333333	0	2	1	float64	-1	1216.266	torch-2.14.0+cu130
jax	3	4	1000000	200	0.012424	308.629274	0	1533333.333333	0	-1	-1	float64	199.518	0.603	jax-0.11.1
iree	3	4	1000000	200	2.607482	81937.792301	0	1533333.333333	0	-1	-1	float64	569.623	23.980	iree-3.11.0
fused	4	4	1000000	200	0.003846	53.410530	54	1533317.820224	1	1.065000	float64				6cbe459c1039
eager	4	4	1000000	200	0.010256	335.994959	51	1533317.820224	0	13.005000	float64				6cbe459c1039
nojit	4	4	1000000	200	0.009755	335.664749	51	1533317.820224	0	13.005000	float64				6cbe459c1039
torch-compile	4	4	1000000	200	0.742559	332.336426	0	1533317.820224	0	1	0	float64	-1	443.618	torch-2.14.0+cu130
torch-eager	4	4	1000000	200	0.047373	342.200994	0	1533317.820224	0	-1	-1	float64	-1	37.377	torch-2.14.0+cu130
triton	4	4	1000000	200	0.338422	69.538355	3	1533317.820224	0	-1	-1	float64	322.282	0.083	triton-3.8.0
torch-compile-ro	4	4	1000000	200	0.854038	424.401760	0	1533317.820224	0	1	0	float64	-1	510.864	torch-2.14.0+cu130
torch-compile-mat	4	4	1000000	200	1.536472	441.949368	0	1533317.820224	0	1	0	float64	-1	588.623	torch-2.14.0+cu130
jax	4	4	1000000	200	0.006139	124.785900	0	1533317.820224	0	-1	-1	float64	201.422	0.572	jax-0.11.1
iree	4	4	1000000	200	0.466775	10839.999914	0	1533317.820224	0	-1	-1	float64	579.803	24.562	iree-3.11.0
fused	5	4	1000000	200	0.003921	53.504705	53	1533333.333333	1	1.065000	float64				6cbe459c1039
eager	5	4	1000000	200	0.010395	335.800648	51	1533333.333333	0	13.005000	float64				6cbe459c1039
nojit	5	4	1000000	200	0.009753	335.685015	51	1533333.333333	0	13.005000	float64				6cbe459c1039
torch-compile	5	4	1000000	200	0.831961	332.262516	0	1533333.333333	0	2	1	float64	-1	581.043	torch-2.14.0+cu130
torch-eager	5	4	1000000	200	0.045409	342.222452	0	1533333.333333	0	-1	-1	float64	-1	35.425	torch-2.14.0+cu130
triton	5	4	1000000	200	0.305363	69.727898	2	1533333.333333	0	-1	-1	float64	289.140	0.084	triton-3.8.0
torch-compile-ro	5	4	1000000	200	0.945324	427.261591	0	1533333.333333	0	2	1	float64	-1	607.655	torch-2.14.0+cu130
torch-compile-mat	5	4	1000000	200	1.589468	433.728695	0	1533333.333333	0	2	1	float64	-1	719.615	torch-2.14.0+cu130
jax	5	4	1000000	200	0.006092	127.726793	0	1533333.333333	0	-1	-1	float64	202.751	0.559	jax-0.11.1
iree	5	4	1000000	200	0.474687	10808.948278	0	1533333.333333	0	-1	-1	float64	571.636	24.087	iree-3.11.0
fused	11	1	25600	200	0.001013	3.619194	52	95540.500674	0	1.040000	float64				6cbe459c1039
eager	11	1	25600	200	0.002438	56.849718	51	95540.500674	0	8.005000	float64				6cbe459c1039
nojit	11	1	25600	200	0.001799	57.245493	51	95540.500674	0	8.005000	float64				6cbe459c1039
torch-compile	11	1	25600	200	1.644728	67.278147	0	95540.500674	0	-1	-1	float64	-1	1638.819	torch-2.14.0+cu130
torch-eager	11	1	25600	200	0.194306	56.973696	0	95540.500674	0	-1	-1	float64	-1	190.795	torch-2.14.0+cu130
triton	11	1	25600	200	0.339022	18.732548	1	95540.500674	0	-1	-1	float64	319.738	0.104	triton-3.8.0
torch-compile-ro	11	1	25600	200	1.811169	132.244825	0	95540.500674	0	-1	-1	float64	-1	1771.759	torch-2.14.0+cu130
torch-compile-mat	11	1	25600	200	1.856608	132.626295	0	95540.500674	0	-1	-1	float64	-1	1814.718	torch-2.14.0+cu130
jax	11	1	25600	200	0.002380	51.021576	0	95540.500674	0	-1	-1	float64	87.986	0.505	jax-0.11.1
iree	11	1	25600	200	0.015389	57.467222	0	95540.500674	0	-1	-1	float64	189.120	9.357	iree-3.11.0
fused	11	1	256000	200	0.002387	15.939474	52	955405.006738	0	1.040000	float64				6cbe459c1039
eager	11	1	256000	200	0.005831	143.295527	51	955405.006738	0	8.005000	float64				6cbe459c1039
nojit	11	1	256000	200	0.005176	141.414404	51	955405.006738	0	8.005000	float64				6cbe459c1039
torch-compile	11	1	256000	200	1.784133	144.987106	0	955405.006738	0	-1	-1	float64	-1	1759.836	torch-2.14.0+cu130
torch-eager	11	1	256000	200	0.240250	154.848099	0	955405.006738	0	-1	-1	float64	-1	216.270	torch-2.14.0+cu130
triton	11	1	256000	200	0.344187	20.010471	1	955405.006738	0	-1	-1	float64	325.295	0.110	triton-3.8.0
torch-compile-ro	11	1	256000	200	1.770310	203.939676	0	955405.006738	0	-1	-1	float64	-1	1703.071	torch-2.14.0+cu130
torch-compile-mat	11	1	256000	200	1.842695	207.176208	0	955405.006738	0	-1	-1	float64	-1	1789.693	torch-2.14.0+cu130
jax	11	1	256000	200	0.003363	52.747726	0	955405.006738	0	-1	-1	float64	84.255	0.516	jax-0.11.1
iree	11	1	256000	200	0.046854	190.222263	0	955405.006738	0	-1	-1	float64	188.258	10.213	iree-3.11.0
fused	12	1	25600	200	0.004884	98.694563	53	256.065387	0	2.005000	float64				6cbe459c1039
eager	12	1	25600	200	0.004561	98.375082	51	256.065387	0	2.005000	float64				6cbe459c1039
nojit	12	1	25600	200	0.003386	98.285675	51	256.065387	0	2.005000	float64				6cbe459c1039
torch-compile	12	1	25600	200	1.707077	145.468712	0	256.065387	0	-1	-1	float64	-1	1688.863	torch-2.14.0+cu130
torch-eager	12	1	25600	200	0.228455	137.068033	0	256.065387	0	-1	-1	float64	-1	216.477	torch-2.14.0+cu130
triton	12	1	25600	200	0.343617	299.013853	1	256.065387	0	-1	-1	float64	321.873	0.400	triton-3.8.0
torch-compile-ro	12	1	25600	200	1.819674	164.990425	0	256.065387	0	-1	-1	float64	-1	1774.176	torch-2.14.0+cu130
torch-compile-mat	12	1	25600	200	1.981791	168.029070	0	256.065387	0	-1	-1	float64	-1	1935.663	torch-2.14.0+cu130
jax	12	1	25600	200	0.002357	45.077801	0	256.065387	0	-1	-1	float64	1532.524	0.669	jax-0.11.1
iree	12	1	25600	200	0.073321	1836.860180	0	256.065387	0	-1	-1	float64	218.913	14.546	iree-3.11.0
fused	12	1	256000	200	0.012967	343.419313	53	2560.654532	0	2.005000	float64				6cbe459c1039
eager	12	1	256000	200	0.012787	343.126059	51	2560.654532	0	2.005000	float64				6cbe459c1039
nojit	12	1	256000	200	0.012303	342.814922	51	2560.654532	0	2.005000	float64				6cbe459c1039
torch-compile	12	1	256000	200	1.782601	509.184599	0	2560.654532	0	-1	-1	float64	-1	1736.949	torch-2.14.0+cu130
torch-eager	12	1	256000	200	0.284811	494.670868	0	2560.654532	0	-1	-1	float64	-1	244.949	torch-2.14.0+cu130
triton	12	1	256000	200	0.310293	292.429924	1	2560.654532	0	-1	-1	float64	288.543	0.391	triton-3.8.0
torch-compile-ro	12	1	256000	200	1.805467	548.756123	0	2560.654532	0	-1	-1	float64	-1	1729.235	torch-2.14.0+cu130
torch-compile-mat	12	1	256000	200	2.055861	553.795099	0	2560.654532	0	-1	-1	float64	-1	1978.435	torch-2.14.0+cu130
jax	12	1	256000	200	0.009828	258.210897	0	2560.654532	0	-1	-1	float64	1608.462	0.900	jax-0.11.1
iree	12	1	256000	200	0.054246	438.255072	0	2560.654532	0	-1	-1	float64	233.220	9.863	iree-3.11.0
fused	13	1	25600	200	0.014960	437.165499	52	0.000000	0	1.005000	float64				6cbe459c1039
eager	13	1	25600	200	0.017416	526.809692	51	0.000000	0	6.005000	float64				6cbe459c1039
nojit	13	1	25600	200	0.016838	526.694059	51	0.000000	0	6.005000	float64				6cbe459c1039
torch-compile	13	1	25600	200	1.891415	599.696636	0	0.000000	0	-1	-1	float64	-1	1846.543	torch-2.14.0+cu130
torch-eager	13	1	25600	200	0.296453	593.328476	0	0.000000	0	-1	-1	float64	-1	253.693	torch-2.14.0+cu130
triton	13	1	25600	200	0.380537	1286.588907	2	0.000000	0	-1	-1	float64	324.801	1.279	triton-3.8.0
torch-compile-ro	13	1	25600	200	1.920553	620.983839	0	0.000000	0	-1	-1	float64	-1	1845.999	torch-2.14.0+cu130
torch-compile-mat	13	1	25600	200	2.101881	622.627735	0	0.000000	0	-1	-1	float64	-1	2024.531	torch-2.14.0+cu130
jax	13	1	25600	200	0.004931	123.366117	0	0.000000	0	-1	-1	float64	1924.842	0.990	jax-0.11.1
iree	13	1	25600	200	0.103101	2824.099064	0	0.000000	0	-1	-1	float64	332.557	11.206	iree-3.11.0
fused	13	1	256000	200	0.141784	4742.184877	52	-0.000000	0	1.005000	float64				6cbe459c1039
eager	13	1	256000	200	0.160348	5423.851013	51	-0.000000	0	6.005000	float64				6cbe459c1039
nojit	13	1	256000	200	0.160533	5428.279638	51	-0.000000	0	6.005000	float64				6cbe459c1039
torch-compile	13	1	256000	200	1.943757	5034.449100	0	-0.000000	0	-1	-1	float64	-1	1739.120	torch-2.14.0+cu130
torch-eager	13	1	256000	200	0.466868	4874.477386	0	-0.000000	0	-1	-1	float64	-1	275.095	torch-2.14.0+cu130
triton	13	1	256000	200	0.482013	4679.396152	2	-0.000000	0	-1	-1	float64	327.058	4.722	triton-3.8.0
torch-compile-ro	13	1	256000	200	1.988596	5007.287264	0	-0.000000	0	-1	-1	float64	-1	1765.223	torch-2.14.0+cu130
torch-compile-mat	13	1	256000	200	2.192257	5007.346869	0	-0.000000	0	-1	-1	float64	-1	1953.401	torch-2.14.0+cu130
jax	13	1	256000	200	0.119392	3723.634481	0	-0.000000	0	-1	-1	float64	1963.626	4.756	jax-0.11.1
iree	13	1	256000	200	0.204135	5178.956985	0	-0.000000	0	-1	-1	float64	647.885	19.823	iree-3.11.0
fused	6	1	25600	200	0.012315	278.429985	55	256.065463	0	6.005000	float64				6cbe459c1039
eager	6	1	25600	200	0.012069	278.134346	51	256.065463	0	6.005000	float64				6cbe459c1039
nojit	6	1	25600	200	0.009150	277.670622	51	256.065463	0	6.005000	float64				6cbe459c1039
torch-compile	6	1	25600	200	1.770011	405.927896	0	256.065463	0	-1	-1	float64	-1	1733.408	torch-2.14.0+cu130
torch-eager	6	1	25600	200	0.260301	384.262800	0	256.065463	0	-1	-1	float64	-1	229.653	torch-2.14.0+cu130
triton	6	1	25600	200	0.361459	866.867304	1	256.065463	0	-1	-1	float64	320.541	0.937	triton-3.8.0
torch-compile-ro	6	1	25600	200	1.860781	432.380438	0	256.065463	0	-1	-1	float64	-1	1792.772	torch-2.14.0+cu130
torch-compile-mat	6	1	25600	200	1.968316	433.105230	0	256.065463	0	-1	-1	float64	-1	1899.336	torch-2.14.0+cu130
jax	6	1	25600	200	0.004471	107.465982	0	256.065463	0	-1	-1	float64	1643.339	1.000	jax-0.11.1
iree	6	1	25600	200	0.183497	5383.809805	0	256.065463	0	-1	-1	float64	230.297	16.889	iree-3.11.0
fused	6	1	256000	200	0.034311	1015.834808	55	2560.654707	0	6.005000	float64				6cbe459c1039
eager	6	1	256000	200	0.034403	1016.935110	51	2560.654707	0	6.005000	float64				6cbe459c1039
nojit	6	1	256000	200	0.032409	1016.190052	51	2560.654707	0	6.005000	float64				6cbe459c1039
torch-compile	6	1	256000	200	1.817338	1252.858639	0	2560.654707	0	-1	-1	float64	-1	1741.541	torch-2.14.0+cu130
torch-eager	6	1	256000	200	0.315443	1228.616238	0	2560.654707	0	-1	-1	float64	-1	245.459	torch-2.14.0+cu130
triton	6	1	256000	200	0.324992	850.220919	1	2560.654707	0	-1	-1	float64	286.193	0.892	triton-3.8.0
torch-compile-ro	6	1	256000	200	1.797173	1275.199652	0	2560.654707	0	-1	-1	float64	-1	1693.394	torch-2.14.0+cu130
torch-compile-mat	6	1	256000	200	2.100260	1313.220263	0	2560.654707	0	-1	-1	float64	-1	1988.318	torch-2.14.0+cu130
jax	6	1	256000	200	0.025204	759.857893	0	2560.654707	0	-1	-1	float64	1683.824	1.626	jax-0.11.1
iree	6	1	256000	200	0.068421	907.938480	0	2560.654707	0	-1	-1	float64	241.125	10.256	iree-3.11.0
fused	7	1	25600	200	0.029199	647.701025	57	25.611041	0	16.000000	float64				6cbe459c1039
eager	7	1	25600	200	0.030855	668.535233	51	25.611041	0	26.000000	float64				6cbe459c1039
nojit	7	1	25600	200	0.020534	668.715239	51	25.611041	0	26.000000	float64				6cbe459c1039
torch-compile	7	1	25600	200	1.882638	839.079618	0	25.611041	0	-1	-1	float64	-1	1837.079	torch-2.14.0+cu130
torch-eager	7	1	25600	200	0.286433	790.370703	0	25.611041	0	-1	-1	float64	-1	243.279	torch-2.14.0+cu130
torch-compile-ro	7	1	25600	200	1.772063	877.559185	0	25.611041	0	-1	-1	float64	-1	1694.638	torch-2.14.0+cu130
torch-compile-mat	7	1	25600	200	2.688104	864.638090	0	25.611041	0	-1	-1	float64	-1	2611.604	torch-2.14.0+cu130
jax	7	1	25600	200	0.011442	329.430103	0	25.611041	0	-1	-1	float64	2264.825	1.514	jax-0.11.1
iree	7	1	25600	200	0.380035	11541.773081	0	25.611041	0	-1	-1	float64	331.004	29.182	iree-3.11.0
fused	7	1	256000	200	0.092160	2808.209658	57	0.000000	0	16.000000	float64				6cbe459c1039
eager	7	1	256000	200	0.094260	2834.289074	51	0.000000	0	26.000000	float64				6cbe459c1039
nojit	7	1	256000	200	0.084164	2830.414772	51	0.000000	0	26.000000	float64				6cbe459c1039
torch-compile	7	1	256000	200	1.886057	3055.561781	0	0.000000	0	-1	-1	float64	-1	1749.097	torch-2.14.0+cu130
torch-eager	7	1	256000	200	0.399246	3091.315031	0	0.000000	0	-1	-1	float64	-1	269.220	torch-2.14.0+cu130
torch-compile-ro	7	1	256000	200	1.935016	3095.303774	0	0.000000	0	-1	-1	float64	-1	1769.864	torch-2.14.0+cu130
torch-compile-mat	7	1	256000	200	3.205327	3067.371845	0	0.000000	0	-1	-1	float64	-1	3047.547	torch-2.14.0+cu130
jax	7	1	256000	200	0.063264	1968.075037	0	0.000000	0	-1	-1	float64	2284.489	3.833	jax-0.11.1
iree	7	1	256000	200	0.968114	31541.513205	0	0.000000	0	-1	-1	float64	433.141	43.162	iree-3.11.0
fused	8	1	25600	200	0.016921	464.309454	56	3221914.952339	0	5.015000	float64				6cbe459c1039
eager	8	1	25600	200	0.026322	779.395103	51	3221914.952339	0	34.005000	float64				6cbe459c1039
nojit	8	1	25600	200	0.022995	779.933929	51	3221914.952339	0	34.005000	float64				6cbe459c1039
torch-compile	8	1	25600	200	1.756682	513.429642	0	3221914.952339	0	-1	-1	float64	-1	1736.262	torch-2.14.0+cu130
torch-eager	8	1	25600	200	0.293580	557.894707	0	3221914.952339	0	-1	-1	float64	-1	272.958	torch-2.14.0+cu130
torch-compile-ro	8	1	25600	200	1.803957	522.211790	0	3221914.952339	0	-1	-1	float64	-1	1754.102	torch-2.14.0+cu130
torch-compile-mat	8	1	25600	200	2.669996	511.341095	0	3221914.952339	0	-1	-1	float64	-1	2616.041	torch-2.14.0+cu130
jax	8	1	25600	200	0.009568	266.927481	0	3221914.952339	0	-1	-1	float64	1278.235	1.341	jax-0.11.1
iree	8	1	25600	200	0.041342	922.869444	0	3221914.952339	0	-1	-1	float64	503.376	10.105	iree-3.11.0
fused	8	1	256000	200	0.653881	22309.035063	56	32261731.495851	0	5.015000	float64				6cbe459c1039
eager	8	1	256000	200	0.727690	25079.715252	51	32261731.495851	0	34.005000	float64				6cbe459c1039
nojit	8	1	256000	200	0.729793	25098.619461	51	32261731.495851	0	34.005000	float64				6cbe459c1039
torch-compile	8	1	256000	200	2.809612	29737.584591	0	32261731.495851	0	-1	-1	float64	-1	1914.942	torch-2.14.0+cu130
torch-eager	8	1	256000	200	1.144948	27353.163958	0	32261731.495851	0	-1	-1	float64	-1	320.604	torch-2.14.0+cu130
torch-compile-ro	8	1	256000	200	2.742927	29735.875130	0	32261731.495851	0	-1	-1	float64	-1	1825.100	torch-2.14.0+cu130
torch-compile-mat	8	1	256000	200	7.301184	27960.721254	0	32261731.495851	0	-1	-1	float64	-1	6360.601	torch-2.14.0+cu130
jax	8	1	256000	200	0.465067	15419.164896	0	32261731.495851	0	-1	-1	float64	1556.987	16.779	jax-0.11.1
iree	8	1	256000	200	1.279533	38526.446819	0	32261731.495851	0	-1	-1	float64	21623.842	102.537	iree-3.11.0
fused	9	1	25600	200	0.024417	754.364729	57	214.208506	0	6.000000	float64				6cbe459c1039
eager	9	1	25600	200	0.024444	761.175156	54	214.208506	0	10.000000	float64				6cbe459c1039
nojit	9	1	25600	200	0.022382	762.090683	54	214.208506	0	10.000000	float64				6cbe459c1039
torch-compile	9	1	25600	200	1.897077	863.767862	0	214.208506	0	-1	-1	float64	-1	1867.069	torch-2.14.0+cu130
torch-eager	9	1	25600	200	0.292007	789.440870	0	214.208506	0	-1	-1	float64	-1	264.859	torch-2.14.0+cu130
torch-compile-ro	9	1	25600	200	1.848024	863.051414	0	214.208506	0	-1	-1	float64	-1	1790.671	torch-2.14.0+cu130
torch-compile-mat	9	1	25600	200	3.221557	864.925385	0	214.208506	0	-1	-1	float64	-1	3166.925	torch-2.14.0+cu130
jax	9	1	25600	200	0.008642	245.614052	0	214.208506	0	-1	-1	float64	383.463	0.816	jax-0.11.1
fused	9	1	256000	200	0.021671	574.319363	57	2158.224764	0	6.000000	float64				6cbe459c1039
eager	9	1	256000	200	0.020694	602.664948	54	2158.224764	0	10.000000	float64				6cbe459c1039
nojit	9	1	256000	200	0.019295	571.604967	54	2158.224764	0	10.000000	float64				6cbe459c1039
torch-compile	9	1	256000	200	1.845881	642.685890	0	2158.224764	0	-1	-1	float64	-1	1805.136	torch-2.14.0+cu130
torch-eager	9	1	256000	200	0.337332	586.450100	0	2158.224764	0	-1	-1	float64	-1	298.933	torch-2.14.0+cu130
torch-compile-ro	9	1	256000	200	1.875294	698.384047	0	2158.224764	0	-1	-1	float64	-1	1801.619	torch-2.14.0+cu130
torch-compile-mat	9	1	256000	200	2.755602	695.390701	0	2158.224764	0	-1	-1	float64	-1	2680.394	torch-2.14.0+cu130
jax	9	1	256000	200	0.011233	320.743322	0	2158.224764	0	-1	-1	float64	818.765	1.010	jax-0.11.1
fused	10	1	25600	200	0.258478	3935.824633	76	0.000000	0	78.000000	float64				6cbe459c1039
eager	10	1	25600	200	0.347624	4828.745127	51	0.000000	0	235.000000	float64				6cbe459c1039
nojit	10	1	25600	200	0.138481	4817.163944	51	0.000000	0	238.000000	float64				6cbe459c1039
torch-compile	10	1	25600	200	1.967663	3176.780939	0	0.000000	0	-1	-1	float64	-1	1861.278	torch-2.14.0+cu130
torch-eager	10	1	25600	200	0.443466	3760.218620	0	0.000000	0	-1	-1	float64	-1	324.461	torch-2.14.0+cu130
torch-compile-ro	10	1	25600	200	2.158719	3131.803274	0	0.000000	0	-1	-1	float64	-1	2013.002	torch-2.14.0+cu130
torch-compile-mat	10	1	25600	200	5.749732	3119.338751	0	0.000000	0	-1	-1	float64	-1	5608.806	torch-2.14.0+cu130
jax	10	1	25600	200	0.051225	1500.803232	0	0.000000	0	-1	-1	float64	4875.478	6.679	jax-0.11.1
iree	10	1	25600	200	0.339274	10422.713757	0	0.000000	0	-1	-1	float64	1533.346	25.864	iree-3.11.0
fused	10	1	191488	200	2.724304	94003.475904	76	0.000000	0	78.000000	float64				6cbe459c1039
eager	10	1	191488	200	2.935340	99037.590027	51	0.000000	0	235.000000	float64				6cbe459c1039
nojit	10	1	191488	200	2.731216	99049.444199	51	0.000000	0	238.000000	float64				6cbe459c1039
torch-compile	10	1	191488	200	4.281722	78491.001129	0	0.000000	0	-1	-1	float64	-1	1975.284	torch-2.14.0+cu130
torch-eager	10	1	191488	200	2.684481	78744.528294	0	0.000000	0	-1	-1	float64	-1	380.458	torch-2.14.0+cu130
torch-compile-ro	10	1	191488	200	4.326352	78492.494822	0	0.000000	0	-1	-1	float64	-1	1975.676	torch-2.14.0+cu130
torch-compile-mat	10	1	191488	200	8.970936	75494.948626	0	0.000000	0	-1	-1	float64	-1	6648.127	torch-2.14.0+cu130
jax	10	1	191488	200	1.208715	41870.760918	0	0.000000	0	-1	-1	float64	4783.682	70.739	jax-0.11.1
iree	10	1	191488	200	4.184523	136200.174093	0	0.000000	0	-1	-1	float64	3801.205	208.276	iree-3.11.0
fused	0	1	1000000	200	0.001503	29.029846	52	1000000.000000	0	1.015000	float64				6cbe459c1039
eager	0	1	1000000	200	0.002703	77.239275	51	1000000.000000	0	3.005000	float64				6cbe459c1039
nojit	0	1	1000000	200	0.002327	77.140331	51	1000000.000000	0	3.005000	float64				6cbe459c1039
torch-compile	0	1	1000000	200	0.499564	45.605898	0	1000000.000000	0	1	0	float64	-1	497.867	torch-2.14.0+cu130
torch-eager	0	1	1000000	200	0.037577	78.264475	0	1000000.000000	0	-1	-1	float64	-1	35.218	torch-2.14.0+cu130
triton	0	1	1000000	200	0.334127	30.758381	1	1000000.000000	0	-1	-1	float64	319.998	0.119	triton-3.8.0
torch-compile-ro	0	1	1000000	200	0.523845	101.622343	0	1000000.000000	0	1	0	float64	-1	491.508	torch-2.14.0+cu130
torch-compile-mat	0	1	1000000	200	0.530634	101.698637	0	1000000.000000	0	1	0	float64	-1	500.398	torch-2.14.0+cu130
jax	0	1	1000000	200	0.003646	55.643320	0	1000000.000000	0	-1	-1	float64	200.259	0.502	jax-0.11.1
iree	0	1	1000000	200	0.310081	5606.149435	0	1000000.000000	0	-1	-1	float64	570.522	25.274	iree-3.11.0
fused	0	4	1000000	200	0.002043	39.809942	52	1000000.000000	0	1.060000	float64				6cbe459c1039
eager	0	4	1000000	200	0.009258	306.450129	51	1000000.000000	0	12.005000	float64				6cbe459c1039
nojit	0	4	1000000	200	0.008919	306.900740	51	1000000.000000	0	12.005000	float64				6cbe459c1039
torch-compile	0	4	1000000	200	0.440386	68.445206	0	1000000.000000	0	1	0	float64	-1	438.143	torch-2.14.0+cu130
torch-eager	0	4	1000000	200	0.048072	312.529802	0	1000000.000000	0	-1	-1	float64	-1	38.933	torch-2.14.0+cu130
triton	0	4	1000000	200	0.301454	39.497614	1	1000000.000000	0	-1	-1	float64	286.633	0.124	triton-3.8.0
torch-compile-ro	0	4	1000000	200	0.484217	134.013891	0	1000000.000000	0	1	0	float64	-1	443.650	torch-2.14.0+cu130
torch-compile-mat	0	4	1000000	200	0.591897	132.589340	0	1000000.000000	0	1	0	float64	-1	555.562	torch-2.14.0+cu130
jax	0	4	1000000	200	0.004890	95.616579	0	1000000.000000	0	-1	-1	float64	208.844	0.558	jax-0.11.1
iree	0	4	1000000	200	0.314763	5800.937414	0	1000000.000000	0	-1	-1	float64	574.077	24.255	iree-3.11.0
fused	0	8	1000000	200	0.003569	70.074797	52	1000000.000000	0	1.120000	float64				6cbe459c1039
eager	0	8	1000000	200	0.018348	612.494946	51	1000000.000000	0	24.005000	float64				6cbe459c1039
nojit	0	8	1000000	200	0.017816	613.235235	51	1000000.000000	0	24.005000	float64				6cbe459c1039
torch-compile	0	8	1000000	200	0.451030	132.734776	0	1000000.000000	0	1	0	float64	-1	446.958	torch-2.14.0+cu130
torch-eager	0	8	1000000	200	0.054694	624.141693	0	1000000.000000	0	-1	-1	float64	-1	36.513	torch-2.14.0+cu130
triton	0	8	1000000	200	0.334886	70.382357	1	1000000.000000	0	-1	-1	float64	319.237	0.169	triton-3.8.0
torch-compile-ro	0	8	1000000	200	0.490077	198.526382	0	1000000.000000	0	1	0	float64	-1	450.296	torch-2.14.0+cu130
torch-compile-mat	0	8	1000000	200	0.590731	198.452473	0	1000000.000000	0	1	0	float64	-1	555.236	torch-2.14.0+cu130
jax	0	8	1000000	200	0.007398	176.821947	0	1000000.000000	0	-1	-1	float64	214.698	0.702	jax-0.11.1
iree	0	8	1000000	200	0.319066	5969.213247	0	1000000.000000	0	-1	-1	float64	580.668	24.121	iree-3.11.0
fused	0	4	10000	200	0.001049	13.059378	53	10000.000000	1	1.060000	float64				6cbe459c1039
eager	0	4	10000	200	0.001720	39.310455	51	10000.000000	0	12.005000	float64				6cbe459c1039
nojit	0	4	10000	200	0.001155	39.564371	51	10000.000000	0	12.005000	float64				6cbe459c1039
torch-compile	0	4	10000	200	0.429099	49.896240	0	10000.000000	0	1	0	float64	-1	427.333	torch-2.14.0+cu130
torch-eager	0	4	10000	200	0.041169	59.583187	0	10000.000000	0	-1	-1	float64	-1	39.339	torch-2.14.0+cu130
triton	0	4	10000	200	0.333858	18.316507	1	10000.000000	0	-1	-1	float64	319.345	0.138	triton-3.8.0
torch-compile-ro	0	4	10000	200	0.538501	97.459555	0	10000.000000	0	1	0	float64	-1	507.240	torch-2.14.0+cu130
torch-compile-mat	0	4	10000	200	0.596594	109.471083	0	10000.000000	0	1	0	float64	-1	564.190	torch-2.14.0+cu130
jax	0	4	10000	200	0.002079	48.005581	0	10000.000000	0	-1	-1	float64	200.278	0.487	jax-0.11.1
iree	0	4	10000	200	0.025755	439.465046	0	10000.000000	0	-1	-1	float64	576.593	10.411	iree-3.11.0
fused	0	4	100000	200	0.001034	13.719797	53	100000.000000	1	1.060000	float64				6cbe459c1039
eager	0	4	100000	200	0.001829	43.359995	51	100000.000000	0	12.005000	float64				6cbe459c1039
nojit	0	4	100000	200	0.001265	43.255091	51	100000.000000	0	12.005000	float64				6cbe459c1039
torch-compile	0	4	100000	200	0.428759	43.346882	0	100000.000000	0	1	0	float64	-1	427.171	torch-2.14.0+cu130
torch-eager	0	4	100000	200	0.042234	61.039925	0	100000.000000	0	-1	-1	float64	-1	40.301	torch-2.14.0+cu130
triton	0	4	100000	200	0.333423	20.612478	1	100000.000000	0	-1	-1	float64	319.695	0.098	triton-3.8.0
torch-compile-ro	0	4	100000	200	0.551542	119.056702	0	100000.000000	0	1	0	float64	-1	516.540	torch-2.14.0+cu130
torch-compile-mat	0	4	100000	200	0.604704	108.803511	0	100000.000000	0	1	0	float64	-1	571.923	torch-2.14.0+cu130
jax	0	4	100000	200	0.002510	44.254065	0	100000.000000	0	-1	-1	float64	189.154	0.495	jax-0.11.1
iree	0	4	100000	200	0.052231	920.209885	0	100000.000000	0	-1	-1	float64	574.795	12.132	iree-3.11.0
fused	0	4	1000000	200	0.002126	41.168928	52	1000000.000000	0	1.060000	float64				6cbe459c1039
eager	0	4	1000000	200	0.009326	307.425261	51	1000000.000000	0	12.005000	float64				6cbe459c1039
nojit	0	4	1000000	200	0.008918	306.504965	51	1000000.000000	0	12.005000	float64				6cbe459c1039
torch-compile	0	4	1000000	200	0.437507	68.424940	0	1000000.000000	0	1	0	float64	-1	435.261	torch-2.14.0+cu130
torch-eager	0	4	1000000	200	0.048377	312.350988	0	1000000.000000	0	-1	-1	float64	-1	39.243	torch-2.14.0+cu130
triton	0	4	1000000	200	0.334571	39.069653	1	1000000.000000	0	-1	-1	float64	319.766	0.127	triton-3.8.0
torch-compile-ro	0	4	1000000	200	0.489852	133.533478	0	1000000.000000	0	1	0	float64	-1	447.887	torch-2.14.0+cu130
torch-compile-mat	0	4	1000000	200	0.636106	132.991076	0	1000000.000000	0	1	0	float64	-1	602.740	torch-2.14.0+cu130
jax	0	4	1000000	200	0.004862	93.511343	0	1000000.000000	0	-1	-1	float64	211.329	0.559	jax-0.11.1
iree	0	4	1000000	200	0.313683	5711.590052	0	1000000.000000	0	-1	-1	float64	580.089	25.169	iree-3.11.0
fused	0	4	10000000	200	0.015136	329.120159	52	10000000.000000	0	1.060000	float64				6cbe459c1039
eager	0	4	10000000	200	0.088064	3026.854992	51	10000000.000000	0	12.005000	float64				6cbe459c1039
nojit	0	4	10000000	200	0.087913	3027.445078	51	10000000.000000	0	12.005000	float64				6cbe459c1039
torch-compile	0	4	10000000	200	0.450942	646.070242	0	10000000.000000	0	1	0	float64	-1	431.925	torch-2.14.0+cu130
torch-eager	0	4	10000000	200	0.128004	3045.525551	0	10000000.000000	0	-1	-1	float64	-1	39.486	torch-2.14.0+cu130
triton	0	4	10000000	200	0.309427	326.849222	1	10000000.000000	0	-1	-1	float64	287.210	0.660	triton-3.8.0
torch-compile-ro	0	4	10000000	200	0.526071	1211.781502	0	10000000.000000	0	1	0	float64	-1	455.365	torch-2.14.0+cu130
torch-compile-mat	0	4	10000000	200	0.667592	1198.284626	0	10000000.000000	0	1	0	float64	-1	603.116	torch-2.14.0+cu130
jax	0	4	10000000	200	0.051881	946.696997	0	10000000.000000	0	-1	-1	float64	219.669	1.349	jax-0.11.1
iree	0	4	10000000	200	2.907382	51561.473608	0	10000000.000000	0	-1	-1	float64	578.950	173.529	iree-3.11.0
fused	1	4	1000000	200	0.003319	41.584969	53	1000122.070313	0	1.060000	float64				6cbe459c1039
eager	1	4	1000000	200	0.009552	311.205387	51	1000122.070313	0	12.150000	float64				6cbe459c1039
nojit	1	4	1000000	200	0.009048	310.760736	51	1000122.070313	0	12.150000	float64				6cbe459c1039
torch-compile	1	4	1000000	200	0.750074	307.767391	0	1000122.070313	0	1	0	float64	-1	433.320	torch-2.14.0+cu130
torch-eager	1	4	1000000	200	0.048434	316.740274	0	1000122.070313	0	-1	-1	float64	-1	39.161	torch-2.14.0+cu130
triton	1	4	1000000	200	0.303751	43.448210	2	1000122.070313	0	-1	-1	float64	288.491	0.082	triton-3.8.0
torch-compile-ro	1	4	1000000	200	0.728596	389.177799	0	1000122.070313	0	1	0	float64	-1	431.911	torch-2.14.0+cu130
torch-compile-mat	1	4	1000000	200	1.548240	396.528244	0	1000122.070313	0	1	0	float64	-1	589.895	torch-2.14.0+cu130
jax	1	4	1000000	200	0.005296	100.270510	0	1000122.070313	0	-1	-1	float64	206.770	0.583	jax-0.11.1
iree	1	4	1000000	200	0.334223	6602.514982	0	1000122.070313	0	-1	-1	float64	574.383	24.447	iree-3.11.0
fused	2	4	1000000	200	0.002227	42.625666	53	1000122.070313	0	1.150000	float64				6cbe459c1039
eager	2	4	1000000	200	0.009590	310.865641	51	1000122.070313	0	12.150000	float64				6cbe459c1039
nojit	2	4	1000000	200	0.009057	310.804844	51	1000122.070313	0	12.150000	float64				6cbe459c1039
torch-compile	2	4	1000000	200	0.563962	72.649717	0	1000122.070313	0	2	1	float64	-1	556.671	torch-2.14.0+cu130
torch-eager	2	4	1000000	200	0.048533	326.104164	0	1000122.070313	0	-1	-1	float64	-1	38.982	torch-2.14.0+cu130
triton	2	4	1000000	200	0.337254	69.077015	2	1000122.070313	0	-1	-1	float64	321.573	0.087	triton-3.8.0
torch-compile-ro	2	4	1000000	200	0.574476	138.130188	0	1000122.070313	0	2	1	float64	-1	530.811	torch-2.14.0+cu130
torch-compile-mat	2	4	1000000	200	0.753052	138.601065	0	1000122.070313	0	2	1	float64	-1	708.615	torch-2.14.0+cu130
jax	2	4	1000000	200	0.007944	177.093744	0	1000122.070313	0	-1	-1	float64	207.539	0.634	jax-0.11.1
iree	2	4	1000000	200	0.421190	9158.760309	0	1000122.070313	0	-1	-1	float64	575.626	25.878	iree-3.11.0
fused	3	4	1000000	200	0.003799	95.745325	53	1533333.333333	0	2.005000	float64				6cbe459c1039
eager	3	4	1000000	200	0.011420	358.849764	51	1533333.333333	0	14.005000	float64				6cbe459c1039
nojit	3	4	1000000	200	0.010612	365.639925	51	1533333.333333	0	14.005000	float64				6cbe459c1039
torch-compile	3	4	1000000	200	0.732743	167.244673	0	1533333.333333	0	2	1	float64	-1	523.280	torch-2.14.0+cu130
torch-eager	3	4	1000000	200	0.045993	376.389027	0	1533333.333333	0	-1	-1	float64	-1	35.019	torch-2.14.0+cu130
triton	3	4	1000000	200	0.339230	122.814178	2	1533333.333333	0	-1	-1	float64	322.396	0.090	triton-3.8.0
torch-compile-ro	3	4	1000000	200	0.807671	352.098942	0	1533333.333333	0	2	1	float64	-1	563.996	torch-2.14.0+cu130
torch-compile-mat	3	4	1000000	200	1.616954	343.950987	0	1533333.333333	0	2	1	float64	-1	895.849	torch-2.14.0+cu130
jax	3	4	1000000	200	0.011860	325.340033	0	1533333.333333	0	-1	-1	float64	208.494	0.568	jax-0.11.1
iree	3	4	1000000	200	2.604235	81579.741240	0	1533333.333333	0	-1	-1	float64	578.769	24.055	iree-3.11.0
fused	4	4	1000000	200	0.003789	53.400993	54	1533317.820224	1	1.065000	float64				6cbe459c1039
eager	4	4	1000000	200	0.010235	335.880518	51	1533317.820224	0	13.005000	float64				6cbe459c1039
nojit	4	4	1000000	200	0.009763	335.645676	51	1533317.820224	0	13.005000	float64				6cbe459c1039
torch-compile	4	4	1000000	200	0.782586	332.294703	0	1533317.820224	0	1	0	float64	-1	507.555	torch-2.14.0+cu130
torch-eager	4	4	1000000	200	0.046967	342.383385	0	1533317.820224	0	-1	-1	float64	-1	36.952	torch-2.14.0+cu130
triton	4	4	1000000	200	0.334255	69.169998	3	1533317.820224	0	-1	-1	float64	318.617	0.085	triton-3.8.0
torch-compile-ro	4	4	1000000	200	0.782283	424.810648	0	1533317.820224	0	1	0	float64	-1	441.984	torch-2.14.0+cu130
torch-compile-mat	4	4	1000000	200	1.462264	412.064791	0	1533317.820224	0	1	0	float64	-1	584.539	torch-2.14.0+cu130
jax	4	4	1000000	200	0.006366	126.602650	0	1533317.820224	0	-1	-1	float64	207.457	0.581	jax-0.11.1
iree	4	4	1000000	200	0.468279	10780.123472	0	1533317.820224	0	-1	-1	float64	577.888	24.731	iree-3.11.0
fused	5	4	1000000	200	0.003891	53.404570	53	1533333.333333	1	1.065000	float64				6cbe459c1039
eager	5	4	1000000	200	0.010397	335.785151	51	1533333.333333	0	13.005000	float64				6cbe459c1039
nojit	5	4	1000000	200	0.009756	335.614681	51	1533333.333333	0	13.005000	float64				6cbe459c1039
torch-compile	5	4	1000000	200	0.777605	332.340002	0	1533333.333333	0	2	1	float64	-1	529.918	torch-2.14.0+cu130
torch-eager	5	4	1000000	200	0.048567	342.316628	0	1533333.333333	0	-1	-1	float64	-1	38.569	torch-2.14.0+cu130
triton	5	4	1000000	200	0.337983	69.699287	2	1533333.333333	0	-1	-1	float64	321.965	0.083	triton-3.8.0
torch-compile-ro	5	4	1000000	200	0.891202	424.377918	0	1533333.333333	0	2	1	float64	-1	538.585	torch-2.14.0+cu130
torch-compile-mat	5	4	1000000	200	1.646894	411.689281	0	1533333.333333	0	2	1	float64	-1	735.819	torch-2.14.0+cu130
jax	5	4	1000000	200	0.006158	125.757456	0	1533333.333333	0	-1	-1	float64	206.632	0.593	jax-0.11.1
iree	5	4	1000000	200	0.468533	10874.881744	0	1533333.333333	0	-1	-1	float64	579.939	25.158	iree-3.11.0
fused	11	1	25600	200	0.001026	3.589392	52	95540.500674	0	1.040000	float64				6cbe459c1039
eager	11	1	25600	200	0.002408	56.694746	51	95540.500674	0	8.005000	float64				6cbe459c1039
nojit	11	1	25600	200	0.001805	57.084560	51	95540.500674	0	8.005000	float64				6cbe459c1039
torch-compile	11	1	25600	200	1.620181	68.147182	0	95540.500674	0	-1	-1	float64	-1	1614.271	torch-2.14.0+cu130
torch-eager	11	1	25600	200	0.193179	57.772398	0	95540.500674	0	-1	-1	float64	-1	189.643	torch-2.14.0+cu130
triton	11	1	25600	200	0.317127	16.816854	1	95540.500674	0	-1	-1	float64	298.518	0.099	triton-3.8.0
torch-compile-ro	11	1	25600	200	1.641890	111.101866	0	95540.500674	0	-1	-1	float64	-1	1594.719	torch-2.14.0+cu130
torch-compile-mat	11	1	25600	200	1.857588	122.146606	0	95540.500674	0	-1	-1	float64	-1	1822.001	torch-2.14.0+cu130
jax	11	1	25600	200	0.002262	49.030781	0	95540.500674	0	-1	-1	float64	84.717	0.478	jax-0.11.1
iree	11	1	25600	200	0.014980	55.875778	0	95540.500674	0	-1	-1	float64	187.677	9.078	iree-3.11.0
fused	11	1	256000	200	0.002349	15.884638	52	955405.006738	0	1.040000	float64				6cbe459c1039
eager	11	1	256000	200	0.005966	143.200159	51	955405.006738	0	8.005000	float64				6cbe459c1039
nojit	11	1	256000	200	0.005108	140.970945	51	955405.006738	0	8.005000	float64				6cbe459c1039
torch-compile	11	1	256000	200	1.699188	158.864260	0	955405.006738	0	-1	-1	float64	-1	1656.849	torch-2.14.0+cu130
torch-eager	11	1	256000	200	0.227491	139.787197	0	955405.006738	0	-1	-1	float64	-1	205.777	torch-2.14.0+cu130
triton	11	1	256000	200	0.339383	20.165443	1	955405.006738	0	-1	-1	float64	319.695	0.113	triton-3.8.0
torch-compile-ro	11	1	256000	200	1.667576	206.050873	0	955405.006738	0	-1	-1	float64	-1	1600.092	torch-2.14.0+cu130
torch-compile-mat	11	1	256000	200	1.802872	206.389427	0	955405.006738	0	-1	-1	float64	-1	1752.743	torch-2.14.0+cu130
jax	11	1	256000	200	0.003372	51.749945	0	955405.006738	0	-1	-1	float64	84.555	0.514	jax-0.11.1
iree	11	1	256000	200	0.047906	191.352367	0	955405.006738	0	-1	-1	float64	184.436	10.889	iree-3.11.0
fused	12	1	25600	200	0.004894	98.755360	53	256.065387	0	2.005000	float64				6cbe459c1039
eager	12	1	25600	200	0.004670	98.429918	51	256.065387	0	2.005000	float64				6cbe459c1039
nojit	12	1	25600	200	0.003395	98.279715	51	256.065387	0	2.005000	float64				6cbe459c1039
torch-compile	12	1	25600	200	1.813990	137.929916	0	256.065387	0	-1	-1	float64	-1	1800.338	torch-2.14.0+cu130
torch-eager	12	1	25600	200	0.235069	137.991905	0	256.065387	0	-1	-1	float64	-1	222.875	torch-2.14.0+cu130
triton	12	1	25600	200	0.343451	298.814774	1	256.065387	0	-1	-1	float64	320.519	0.407	triton-3.8.0
torch-compile-ro	12	1	25600	200	1.730324	164.701939	0	256.065387	0	-1	-1	float64	-1	1679.720	torch-2.14.0+cu130
torch-compile-mat	12	1	25600	200	1.987595	167.990923	0	256.065387	0	-1	-1	float64	-1	1944.970	torch-2.14.0+cu130
jax	12	1	25600	200	0.002362	50.988197	0	256.065387	0	-1	-1	float64	1600.359	0.615	jax-0.11.1
iree	12	1	25600	200	0.073089	1817.213297	0	256.065387	0	-1	-1	float64	220.277	14.086	iree-3.11.0
fused	12	1	256000	200	0.012773	342.985392	53	2560.654532	0	2.005000	float64				6cbe459c1039
eager	12	1	256000	200	0.012562	342.769623	51	2560.654532	0	2.005000	float64				6cbe459c1039
nojit	12	1	256000	200	0.011896	342.670679	51	2560.654532	0	2.005000	float64				6cbe459c1039
torch-compile	12	1	256000	200	1.723003	493.906736	0	2560.654532	0	-1	-1	float64	-1	1668.757	torch-2.14.0+cu130
torch-eager	12	1	256000	200	0.283848	493.994951	0	2560.654532	0	-1	-1	float64	-1	244.204	torch-2.14.0+cu130
triton	12	1	256000	200	0.307983	299.795866	1	2560.654532	0	-1	-1	float64	286.751	0.395	triton-3.8.0
torch-compile-ro	12	1	256000	200	1.893073	536.373854	0	2560.654532	0	-1	-1	float64	-1	1820.210	torch-2.14.0+cu130
torch-compile-mat	12	1	256000	200	2.038102	519.278049	0	2560.654532	0	-1	-1	float64	-1	1971.106	torch-2.14.0+cu130
jax	12	1	256000	200	0.009860	257.441998	0	2560.654532	0	-1	-1	float64	1609.489	0.892	jax-0.11.1
iree	12	1	256000	200	0.053820	434.050560	0	2560.654532	0	-1	-1	float64	230.646	10.068	iree-3.11.0
fused	13	1	25600	200	0.014822	437.195301	52	0.000000	0	1.005000	float64				6cbe459c1039
eager	13	1	25600	200	0.017468	526.660681	51	0.000000	0	6.005000	float64				6cbe459c1039
nojit	13	1	25600	200	0.016530	526.520014	51	0.000000	0	6.005000	float64				6cbe459c1039
torch-compile	13	1	25600	200	1.869843	597.598553	0	0.000000	0	-1	-1	float64	-1	1825.750	torch-2.14.0+cu130
torch-eager	13	1	25600	200	0.298763	597.292185	0	0.000000	0	-1	-1	float64	-1	255.810	torch-2.14.0+cu130
triton	13	1	25600	200	0.344877	1235.808134	2	0.000000	0	-1	-1	float64	290.380	1.280	triton-3.8.0
torch-compile-ro	13	1	25600	200	1.896064	615.540743	0	0.000000	0	-1	-1	float64	-1	1823.751	torch-2.14.0+cu130
torch-compile-mat	13	1	25600	200	1.945719	613.086224	0	0.000000	0	-1	-1	float64	-1	1872.317	torch-2.14.0+cu130
jax	13	1	25600	200	0.004943	123.322010	0	0.000000	0	-1	-1	float64	1903.070	1.004	jax-0.11.1
iree	13	1	25600	200	0.103521	2797.324657	0	0.000000	0	-1	-1	float64	339.438	11.401	iree-3.11.0
fused	13	1	256000	200	0.141865	4742.189646	52	-0.000000	0	1.005000	float64				6cbe459c1039
eager	13	1	256000	200	0.160522	5423.814058	51	-0.000000	0	6.005000	float64				6cbe459c1039
nojit	13	1	256000	200	0.160387	5427.830219	51	-0.000000	0	6.005000	float64				6cbe459c1039
torch-compile	13	1	256000	200	1.906359	5000.389814	0	-0.000000	0	-1	-1	float64	-1	1711.310	torch-2.14.0+cu130
torch-eager	13	1	256000	200	0.459434	4874.769449	0	-0.000000	0	-1	-1	float64	-1	269.461	torch-2.14.0+cu130
triton	13	1	256000	200	0.488858	4698.475599	2	-0.000000	0	-1	-1	float64	326.832	4.723	triton-3.8.0
torch-compile-ro	13	1	256000	200	2.092239	5059.078932	0	-0.000000	0	-1	-1	float64	-1	1853.093	torch-2.14.0+cu130
torch-compile-mat	13	1	256000	200	2.344587	5028.978586	0	-0.000000	0	-1	-1	float64	-1	2106.934	torch-2.14.0+cu130
jax	13	1	256000	200	0.119596	3706.425428	0	-0.000000	0	-1	-1	float64	1950.468	4.782	jax-0.11.1
iree	13	1	256000	200	0.201169	5130.008459	0	-0.000000	0	-1	-1	float64	648.598	19.404	iree-3.11.0
fused	6	1	25600	200	0.011799	279.865265	55	256.065463	0	6.005000	float64				6cbe459c1039
eager	6	1	25600	200	0.011906	279.625654	51	256.065463	0	6.005000	float64				6cbe459c1039
nojit	6	1	25600	200	0.009276	279.325247	51	256.065463	0	6.005000	float64				6cbe459c1039
torch-compile	6	1	25600	200	1.765406	405.623913	0	256.065463	0	-1	-1	float64	-1	1728.744	torch-2.14.0+cu130
torch-eager	6	1	25600	200	0.269339	393.682718	0	256.065463	0	-1	-1	float64	-1	238.334	torch-2.14.0+cu130
triton	6	1	25600	200	0.364251	877.562761	1	256.065463	0	-1	-1	float64	324.040	0.947	triton-3.8.0
torch-compile-ro	6	1	25600	200	1.920747	432.715416	0	256.065463	0	-1	-1	float64	-1	1847.740	torch-2.14.0+cu130
torch-compile-mat	6	1	25600	200	1.913156	407.494307	0	256.065463	0	-1	-1	float64	-1	1853.937	torch-2.14.0+cu130
jax	6	1	25600	200	0.004452	107.020140	0	256.065463	0	-1	-1	float64	1594.355	0.979	jax-0.11.1
iree	6	1	25600	200	0.183689	5402.005911	0	256.065463	0	-1	-1	float64	230.528	16.717	iree-3.11.0
fused	6	1	256000	200	0.034131	1015.704870	55	2560.654707	0	6.005000	float64				6cbe459c1039
eager	6	1	256000	200	0.034384	1016.675234	51	2560.654707	0	6.005000	float64				6cbe459c1039
nojit	6	1	256000	200	0.032144	1015.504599	51	2560.654707	0	6.005000	float64				6cbe459c1039
torch-compile	6	1	256000	200	1.918241	1244.016886	0	2560.654707	0	-1	-1	float64	-1	1842.245	torch-2.14.0+cu130
torch-eager	6	1	256000	200	0.322212	1258.125305	0	2560.654707	0	-1	-1	float64	-1	248.823	torch-2.14.0+cu130
triton	6	1	256000	200	0.360476	882.571936	1	2560.654707	0	-1	-1	float64	320.067	0.941	triton-3.8.0
torch-compile-ro	6	1	256000	200	1.963146	1305.679083	0	2560.654707	0	-1	-1	float64	-1	1857.647	torch-2.14.0+cu130
torch-compile-mat	6	1	256000	200	1.949354	1244.487762	0	2560.654707	0	-1	-1	float64	-1	1847.098	torch-2.14.0+cu130
jax	6	1	256000	200	0.025063	752.437115	0	2560.654707	0	-1	-1	float64	1608.560	1.605	jax-0.11.1
iree	6	1	256000	200	0.068290	912.868977	0	2560.654707	0	-1	-1	float64	242.058	10.202	iree-3.11.0
fused	7	1	25600	200	0.029191	647.485256	57	25.611041	0	16.000000	float64				6cbe459c1039
eager	7	1	25600	200	0.030876	668.743849	51	25.611041	0	26.000000	float64				6cbe459c1039
nojit	7	1	25600	200	0.020542	668.669939	51	25.611041	0	26.000000	float64				6cbe459c1039
torch-compile	7	1	25600	200	1.916301	828.207731	0	25.611041	0	-1	-1	float64	-1	1870.705	torch-2.14.0+cu130
torch-eager	7	1	25600	200	0.283269	804.629326	0	25.611041	0	-1	-1	float64	-1	240.629	torch-2.14.0+cu130
torch-compile-ro	7	1	25600	200	1.924462	890.610218	0	25.611041	0	-1	-1	float64	-1	1843.347	torch-2.14.0+cu130
torch-compile-mat	7	1	25600	200	2.722169	876.170397	0	25.611041	0	-1	-1	float64	-1	2644.741	torch-2.14.0+cu130
jax	7	1	25600	200	0.011998	324.586630	0	25.611041	0	-1	-1	float64	2212.464	1.597	jax-0.11.1
iree	7	1	25600	200	0.379945	11542.834044	0	25.611041	0	-1	-1	float64	335.005	28.209	iree-3.11.0
fused	7	1	256000	200	0.092473	2807.800770	57	0.000000	0	16.000000	float64				6cbe459c1039
eager	7	1	256000	200	0.094421	2833.755016	51	0.000000	0	26.000000	float64				6cbe459c1039
nojit	7	1	256000	200	0.084038	2830.765247	51	0.000000	0	26.000000	float64				6cbe459c1039
torch-compile	7	1	256000	200	1.872688	3003.193140	0	0.000000	0	-1	-1	float64	-1	1744.261	torch-2.14.0+cu130
torch-eager	7	1	256000	200	0.394286	3060.481548	0	0.000000	0	-1	-1	float64	-1	263.510	torch-2.14.0+cu130
torch-compile-ro	7	1	256000	200	1.925506	3109.766245	0	0.000000	0	-1	-1	float64	-1	1754.960	torch-2.14.0+cu130
torch-compile-mat	7	1	256000	200	2.699409	3111.026287	0	0.000000	0	-1	-1	float64	-1	2525.633	torch-2.14.0+cu130
jax	7	1	256000	200	0.063154	1943.397522	0	0.000000	0	-1	-1	float64	2214.026	3.741	jax-0.11.1
iree	7	1	256000	200	0.965884	31568.212509	0	0.000000	0	-1	-1	float64	435.942	42.907	iree-3.11.0
fused	8	1	25600	200	0.016373	464.044809	56	3221914.952339	0	5.015000	float64				6cbe459c1039
eager	8	1	25600	200	0.026281	779.049397	51	3221914.952339	0	34.005000	float64				6cbe459c1039
nojit	8	1	25600	200	0.022969	779.459476	51	3221914.952339	0	34.005000	float64				6cbe459c1039
torch-compile	8	1	25600	200	1.877633	512.983799	0	3221914.952339	0	-1	-1	float64	-1	1857.091	torch-2.14.0+cu130
torch-eager	8	1	25600	200	0.288835	555.789471	0	3221914.952339	0	-1	-1	float64	-1	268.252	torch-2.14.0+cu130
torch-compile-ro	8	1	25600	200	1.820338	522.873402	0	3221914.952339	0	-1	-1	float64	-1	1769.888	torch-2.14.0+cu130
torch-compile-mat	8	1	25600	200	2.737911	539.774895	0	3221914.952339	0	-1	-1	float64	-1	2681.426	torch-2.14.0+cu130
jax	8	1	25600	200	0.009439	266.765356	0	3221914.952339	0	-1	-1	float64	1294.229	1.277	jax-0.11.1
iree	8	1	25600	200	0.041160	940.015316	0	3221914.952339	0	-1	-1	float64	500.711	9.653	iree-3.11.0
fused	8	1	256000	200	0.653922	22328.064442	56	32261731.495851	0	5.015000	float64				6cbe459c1039
eager	8	1	256000	200	0.729687	25098.979473	51	32261731.495851	0	34.005000	float64				6cbe459c1039
nojit	8	1	256000	200	0.730002	25099.015236	51	32261731.495851	0	34.005000	float64				6cbe459c1039
torch-compile	8	1	256000	200	2.817824	29734.522104	0	32261731.495851	0	-1	-1	float64	-1	1926.544	torch-2.14.0+cu130
torch-eager	8	1	256000	200	1.141139	27353.260517	0	32261731.495851	0	-1	-1	float64	-1	317.205	torch-2.14.0+cu130
torch-compile-ro	8	1	256000	200	2.686042	29785.400629	0	32261731.495851	0	-1	-1	float64	-1	1758.577	torch-2.14.0+cu130
torch-compile-mat	8	1	256000	200	5.809647	27770.913839	0	32261731.495851	0	-1	-1	float64	-1	4874.429	torch-2.14.0+cu130
jax	8	1	256000	200	0.463853	15348.905325	0	32261731.495851	0	-1	-1	float64	1524.690	16.649	jax-0.11.1
iree	8	1	256000	200	1.271420	38532.868624	0	32261731.495851	0	-1	-1	float64	21593.693	96.533	iree-3.11.0
fused	9	1	25600	200	0.024713	755.399466	57	214.208506	0	6.000000	float64				6cbe459c1039
eager	9	1	25600	200	0.024755	763.025284	54	214.208506	0	10.000000	float64				6cbe459c1039
nojit	9	1	25600	200	0.022381	761.759281	54	214.208506	0	10.000000	float64				6cbe459c1039
torch-compile	9	1	25600	200	1.827152	855.282545	0	214.208506	0	-1	-1	float64	-1	1797.388	torch-2.14.0+cu130
torch-eager	9	1	25600	200	0.272822	797.710419	0	214.208506	0	-1	-1	float64	-1	246.187	torch-2.14.0+cu130
torch-compile-ro	9	1	25600	200	1.902905	891.772509	0	214.208506	0	-1	-1	float64	-1	1839.712	torch-2.14.0+cu130
torch-compile-mat	9	1	25600	200	2.320615	885.801315	0	214.208506	0	-1	-1	float64	-1	2259.512	torch-2.14.0+cu130
jax	9	1	25600	200	0.009612	271.625519	0	214.208506	0	-1	-1	float64	382.673	0.896	jax-0.11.1
fused	9	1	256000	200	0.021417	567.489862	57	2158.224764	0	6.000000	float64				6cbe459c1039
eager	9	1	256000	200	0.021159	613.709688	54	2158.224764	0	10.000000	float64				6cbe459c1039
nojit	9	1	256000	200	0.019350	566.821098	54	2158.224764	0	10.000000	float64				6cbe459c1039
torch-compile	9	1	256000	200	1.863257	680.960417	0	2158.224764	0	-1	-1	float64	-1	1817.223	torch-2.14.0+cu130
torch-eager	9	1	256000	200	0.338856	588.457584	0	2158.224764	0	-1	-1	float64	-1	300.526	torch-2.14.0+cu130
torch-compile-ro	9	1	256000	200	1.933478	700.168610	0	2158.224764	0	-1	-1	float64	-1	1859.052	torch-2.14.0+cu130
torch-compile-mat	9	1	256000	200	2.727523	661.786795	0	2158.224764	0	-1	-1	float64	-1	2658.951	torch-2.14.0+cu130
jax	9	1	256000	200	0.011692	333.641768	0	2158.224764	0	-1	-1	float64	806.936	0.957	jax-0.11.1
fused	10	1	25600	200	0.255264	3882.060051	76	0.000000	0	78.000000	float64				6cbe459c1039
eager	10	1	25600	200	0.346107	4810.580015	51	0.000000	0	235.000000	float64				6cbe459c1039
nojit	10	1	25600	200	0.137981	4795.789719	51	0.000000	0	238.000000	float64				6cbe459c1039
torch-compile	10	1	25600	200	1.961279	3162.127733	0	0.000000	0	-1	-1	float64	-1	1854.934	torch-2.14.0+cu130
torch-eager	10	1	25600	200	0.444409	3563.320637	0	0.000000	0	-1	-1	float64	-1	321.083	torch-2.14.0+cu130
torch-compile-ro	10	1	25600	200	1.961417	3078.191280	0	0.000000	0	-1	-1	float64	-1	1821.913	torch-2.14.0+cu130
torch-compile-mat	10	1	25600	200	6.477214	3161.281347	0	0.000000	0	-1	-1	float64	-1	6333.331	torch-2.14.0+cu130
jax	10	1	25600	200	0.051413	1496.456861	0	0.000000	0	-1	-1	float64	4257.124	6.790	jax-0.11.1
iree	10	1	25600	200	0.334559	10443.216562	0	0.000000	0	-1	-1	float64	1505.567	25.237	iree-3.11.0
fused	10	1	191488	200	2.722901	93971.799612	76	0.000000	0	78.000000	float64				6cbe459c1039
eager	10	1	191488	200	2.926547	99329.125881	51	0.000000	0	235.000000	float64				6cbe459c1039
nojit	10	1	191488	200	2.740144	99377.945662	51	0.000000	0	238.000000	float64				6cbe459c1039
torch-compile	10	1	191488	200	4.359655	78676.866293	0	0.000000	0	-1	-1	float64	-1	2051.506	torch-2.14.0+cu130
torch-eager	10	1	191488	200	2.686172	78948.817253	0	0.000000	0	-1	-1	float64	-1	374.046	torch-2.14.0+cu130
torch-compile-ro	10	1	191488	200	4.237066	78684.144020	0	0.000000	0	-1	-1	float64	-1	1911.665	torch-2.14.0+cu130
torch-compile-mat	10	1	191488	200	10.515507	75790.107250	0	0.000000	0	-1	-1	float64	-1	8166.817	torch-2.14.0+cu130
jax	10	1	191488	200	1.222849	41818.782091	0	0.000000	0	-1	-1	float64	5005.444	70.154	jax-0.11.1
iree	10	1	191488	200	4.188669	136419.830322	0	0.000000	0	-1	-1	float64	3789.364	205.610	iree-3.11.0
fused	0	1	1000000	200	0.001505	29.025078	52	1000000.000000	0	1.015000	float64				6cbe459c1039
eager	0	1	1000000	200	0.002682	77.224970	51	1000000.000000	0	3.005000	float64				6cbe459c1039
nojit	0	1	1000000	200	0.002328	77.090263	51	1000000.000000	0	3.005000	float64				6cbe459c1039
torch-compile	0	1	1000000	200	0.430633	61.446428	0	1000000.000000	0	1	0	float64	-1	428.520	torch-2.14.0+cu130
torch-eager	0	1	1000000	200	0.038646	78.277588	0	1000000.000000	0	-1	-1	float64	-1	36.273	torch-2.14.0+cu130
triton	0	1	1000000	200	0.334370	30.786991	1	1000000.000000	0	-1	-1	float64	319.433	0.114	triton-3.8.0
torch-compile-ro	0	1	1000000	200	0.535524	99.874735	0	1000000.000000	0	1	0	float64	-1	503.429	torch-2.14.0+cu130
torch-compile-mat	0	1	1000000	200	0.639781	102.900267	0	1000000.000000	0	1	0	float64	-1	606.979	torch-2.14.0+cu130
jax	0	1	1000000	200	0.003774	49.976110	0	1000000.000000	0	-1	-1	float64	201.168	0.525	jax-0.11.1
iree	0	1	1000000	200	0.309932	5786.730051	0	1000000.000000	0	-1	-1	float64	565.825	24.211	iree-3.11.0
fused	0	4	1000000	200	0.002099	39.725304	52	1000000.000000	0	1.060000	float64				6cbe459c1039
eager	0	4	1000000	200	0.009293	306.529999	51	1000000.000000	0	12.005000	float64				6cbe459c1039
nojit	0	4	1000000	200	0.008915	306.514502	51	1000000.000000	0	12.005000	float64				6cbe459c1039
torch-compile	0	4	1000000	200	0.438171	71.302652	0	1000000.000000	0	1	0	float64	-1	435.868	torch-2.14.0+cu130
torch-eager	0	4	1000000	200	0.045656	312.331915	0	1000000.000000	0	-1	-1	float64	-1	36.524	torch-2.14.0+cu130
triton	0	4	1000000	200	0.301688	39.139986	1	1000000.000000	0	-1	-1	float64	286.558	0.135	triton-3.8.0
torch-compile-ro	0	4	1000000	200	0.550393	133.669376	0	1000000.000000	0	1	0	float64	-1	514.271	torch-2.14.0+cu130
torch-compile-mat	0	4	1000000	200	0.625251	132.961273	0	1000000.000000	0	1	0	float64	-1	593.989	torch-2.14.0+cu130
jax	0	4	1000000	200	0.004957	94.746351	0	1000000.000000	0	-1	-1	float64	206.511	0.583	jax-0.11.1
iree	0	4	1000000	200	0.308776	5707.328320	0	1000000.000000	0	-1	-1	float64	570.547	25.016	iree-3.11.0
fused	0	8	1000000	200	0.003531	70.070028	52	1000000.000000	0	1.120000	float64				6cbe459c1039
eager	0	8	1000000	200	0.018338	612.680912	51	1000000.000000	0	24.005000	float64				6cbe459c1039
nojit	0	8	1000000	200	0.017806	612.895489	51	1000000.000000	0	24.005000	float64				6cbe459c1039
torch-compile	0	8	1000000	200	0.454006	132.712126	0	1000000.000000	0	1	0	float64	-1	449.945	torch-2.14.0+cu130
torch-eager	0	8	1000000	200	0.055948	624.325275	0	1000000.000000	0	-1	-1	float64	-1	37.760	torch-2.14.0+cu130
triton	0	8	1000000	200	0.300802	66.860914	1	1000000.000000	0	-1	-1	float64	285.769	0.161	triton-3.8.0
torch-compile-ro	0	8	1000000	200	0.493671	198.173523	0	1000000.000000	0	1	0	float64	-1	448.339	torch-2.14.0+cu130
torch-compile-mat	0	8	1000000	200	0.628700	197.788477	0	1000000.000000	0	1	0	float64	-1	592.925	torch-2.14.0+cu130
jax	0	8	1000000	200	0.007495	175.663233	0	1000000.000000	0	-1	-1	float64	218.867	0.702	jax-0.11.1
iree	0	8	1000000	200	0.314413	5890.625715	0	1000000.000000	0	-1	-1	float64	583.454	25.510	iree-3.11.0
fused	0	4	10000	200	0.001017	13.020039	53	10000.000000	1	1.060000	float64				6cbe459c1039
eager	0	4	10000	200	0.001734	39.290190	51	10000.000000	0	12.005000	float64				6cbe459c1039
nojit	0	4	10000	200	0.001156	39.640665	51	10000.000000	0	12.005000	float64				6cbe459c1039
torch-compile	0	4	10000	200	0.440666	51.772594	0	10000.000000	0	1	0	float64	-1	438.812	torch-2.14.0+cu130
torch-eager	0	4	10000	200	0.040420	59.015751	0	10000.000000	0	-1	-1	float64	-1	38.598	torch-2.14.0+cu130
triton	0	4	10000	200	0.335490	20.306110	1	10000.000000	0	-1	-1	float64	321.088	0.097	triton-3.8.0
torch-compile-ro	0	4	10000	200	0.485693	106.352568	0	10000.000000	0	1	0	float64	-1	448.607	torch-2.14.0+cu130
torch-compile-mat	0	4	10000	200	0.540581	96.706152	0	10000.000000	0	1	0	float64	-1	509.724	torch-2.14.0+cu130
jax	0	4	10000	200	0.002142	38.967133	0	10000.000000	0	-1	-1	float64	203.056	0.503	jax-0.11.1
iree	0	4	10000	200	0.025695	436.246395	0	10000.000000	0	-1	-1	float64	578.881	10.150	iree-3.11.0
fused	0	4	100000	200	0.001017	13.749599	53	100000.000000	1	1.060000	float64				6cbe459c1039
eager	0	4	100000	200	0.001839	43.369532	51	100000.000000	0	12.005000	float64				6cbe459c1039
nojit	0	4	100000	200	0.001261	43.209791	51	100000.000000	0	12.005000	float64				6cbe459c1039
torch-compile	0	4	100000	200	0.429972	45.036077	0	100000.000000	0	1	0	float64	-1	428.391	torch-2.14.0+cu130
torch-eager	0	4	100000	200	0.042042	60.899258	0	100000.000000	0	-1	-1	float64	-1	40.119	torch-2.14.0+cu130
triton	0	4	100000	200	0.314626	17.734766	1	100000.000000	0	-1	-1	float64	301.053	0.096	triton-3.8.0
torch-compile-ro	0	4	100000	200	0.492681	109.212399	0	100000.000000	0	1	0	float64	-1	453.554	torch-2.14.0+cu130
torch-compile-mat	0	4	100000	200	0.616133	118.206739	0	100000.000000	0	1	0	float64	-1	577.190	torch-2.14.0+cu130
jax	0	4	100000	200	0.002181	42.713881	0	100000.000000	0	-1	-1	float64	197.971	0.499	jax-0.11.1
iree	0	4	100000	200	0.052217	975.916386	0	100000.000000	0	-1	-1	float64	573.840	11.085	iree-3.11.0
fused	0	4	1000000	200	0.002171	41.199923	52	1000000.000000	0	1.060000	float64				6cbe459c1039
eager	0	4	1000000	200	0.009377	307.619572	51	1000000.000000	0	12.005000	float64				6cbe459c1039
nojit	0	4	1000000	200	0.008913	306.684971	51	1000000.000000	0	12.005000	float64				6cbe459c1039
torch-compile	0	4	1000000	200	0.506175	68.364143	0	1000000.000000	0	1	0	float64	-1	503.942	torch-2.14.0+cu130
torch-eager	0	4	1000000	200	0.048451	312.381983	0	1000000.000000	0	-1	-1	float64	-1	39.325	torch-2.14.0+cu130
triton	0	4	1000000	200	0.314231	39.038658	1	1000000.000000	0	-1	-1	float64	299.744	0.126	triton-3.8.0
torch-compile-ro	0	4	1000000	200	0.541971	134.117603	0	1000000.000000	0	1	0	float64	-1	506.448	torch-2.14.0+cu130
torch-compile-mat	0	4	1000000	200	0.653162	133.088827	0	1000000.000000	0	1	0	float64	-1	614.101	torch-2.14.0+cu130
jax	0	4	1000000	200	0.005070	94.922781	0	1000000.000000	0	-1	-1	float64	214.962	0.605	jax-0.11.1
iree	0	4	1000000	200	0.308074	5653.588772	0	1000000.000000	0	-1	-1	float64	579.486	24.607	iree-3.11.0
fused	0	4	10000000	200	0.015133	329.145193	52	10000000.000000	0	1.060000	float64				6cbe459c1039
eager	0	4	10000000	200	0.088080	3026.725054	51	10000000.000000	0	12.005000	float64				6cbe459c1039
nojit	0	4	10000000	200	0.087882	3027.255535	51	10000000.000000	0	12.005000	float64				6cbe459c1039
torch-compile	0	4	10000000	200	0.532722	645.915270	0	10000000.000000	0	1	0	float64	-1	513.718	torch-2.14.0+cu130
torch-eager	0	4	10000000	200	0.130176	3045.202494	0	10000000.000000	0	-1	-1	float64	-1	41.677	torch-2.14.0+cu130
triton	0	4	10000000	200	0.321483	327.037573	1	10000000.000000	0	-1	-1	float64	298.328	0.576	triton-3.8.0
torch-compile-ro	0	4	10000000	200	0.517556	1224.005222	0	10000000.000000	0	1	0	float64	-1	446.504	torch-2.14.0+cu130
torch-compile-mat	0	4	10000000	200	0.668082	1195.137501	0	10000000.000000	0	1	0	float64	-1	604.736	torch-2.14.0+cu130
jax	0	4	10000000	200	0.052430	944.377184	0	10000000.000000	0	-1	-1	float64	223.016	1.352	jax-0.11.1
iree	0	4	10000000	200	2.909244	51696.436405	0	10000000.000000	0	-1	-1	float64	576.103	173.033	iree-3.11.0
fused	1	4	1000000	200	0.003440	41.619539	53	1000122.070313	0	1.060000	float64				6cbe459c1039
eager	1	4	1000000	200	0.009589	312.074423	51	1000122.070313	0	12.150000	float64				6cbe459c1039
nojit	1	4	1000000	200	0.009072	310.900211	51	1000122.070313	0	12.150000	float64				6cbe459c1039
torch-compile	1	4	1000000	200	0.746908	307.787657	0	1000122.070313	0	1	0	float64	-1	445.422	torch-2.14.0+cu130
torch-eager	1	4	1000000	200	0.044785	317.000151	0	1000122.070313	0	-1	-1	float64	-1	35.500	torch-2.14.0+cu130
triton	1	4	1000000	200	0.337287	43.343306	2	1000122.070313	0	-1	-1	float64	321.698	0.083	triton-3.8.0
torch-compile-ro	1	4	1000000	200	0.849560	400.036573	0	1000122.070313	0	1	0	float64	-1	511.746	torch-2.14.0+cu130
torch-compile-mat	1	4	1000000	200	1.406575	400.588512	0	1000122.070313	0	1	0	float64	-1	558.401	torch-2.14.0+cu130
jax	1	4	1000000	200	0.005324	99.269152	0	1000122.070313	0	-1	-1	float64	208.507	0.580	jax-0.11.1
iree	1	4	1000000	200	0.336963	6366.710663	0	1000122.070313	0	-1	-1	float64	572.332	25.314	iree-3.11.0
fused	2	4	1000000	200	0.002220	42.655468	53	1000122.070313	0	1.150000	float64				6cbe459c1039
eager	2	4	1000000	200	0.009619	311.011076	51	1000122.070313	0	12.150000	float64				6cbe459c1039
nojit	2	4	1000000	200	0.009063	310.860872	51	1000122.070313	0	12.150000	float64				6cbe459c1039
torch-compile	2	4	1000000	200	0.560010	72.731972	0	1000122.070313	0	2	1	float64	-1	552.268	torch-2.14.0+cu130
torch-eager	2	4	1000000	200	0.049110	325.968266	0	1000122.070313	0	-1	-1	float64	-1	39.558	torch-2.14.0+cu130
triton	2	4	1000000	200	0.304796	67.912340	2	1000122.070313	0	-1	-1	float64	289.302	0.097	triton-3.8.0
torch-compile-ro	2	4	1000000	200	0.628121	138.490200	0	1000122.070313	0	2	1	float64	-1	584.138	torch-2.14.0+cu130
torch-compile-mat	2	4	1000000	200	0.721909	134.507418	0	1000122.070313	0	2	1	float64	-1	682.517	torch-2.14.0+cu130
jax	2	4	1000000	200	0.007722	177.904367	0	1000122.070313	0	-1	-1	float64	210.417	0.599	jax-0.11.1
iree	2	4	1000000	200	0.424398	8939.585686	0	1000122.070313	0	-1	-1	float64	573.296	24.554	iree-3.11.0
fused	3	4	1000000	200	0.003770	98.930597	53	1533333.333333	0	2.005000	float64				6cbe459c1039
eager	3	4	1000000	200	0.011478	360.580683	51	1533333.333333	0	14.005000	float64				6cbe459c1039
nojit	3	4	1000000	200	0.010611	365.644693	51	1533333.333333	0	14.005000	float64				6cbe459c1039
torch-compile	3	4	1000000	200	0.789617	177.072287	0	1533333.333333	0	2	1	float64	-1	581.697	torch-2.14.0+cu130
torch-eager	3	4	1000000	200	0.047436	376.830101	0	1533333.333333	0	-1	-1	float64	-1	36.460	torch-2.14.0+cu130
triton	3	4	1000000	200	0.303863	117.771626	2	1533333.333333	0	-1	-1	float64	288.616	0.077	triton-3.8.0
torch-compile-ro	3	4	1000000	200	0.777291	350.786448	0	1533333.333333	0	2	1	float64	-1	543.843	torch-2.14.0+cu130
torch-compile-mat	3	4	1000000	200	1.487019	349.600315	0	1533333.333333	0	2	1	float64	-1	834.027	torch-2.14.0+cu130
jax	3	4	1000000	200	0.011636	308.635235	0	1533333.333333	0	-1	-1	float64	206.178	0.569	jax-0.11.1
iree	3	4	1000000	200	2.595073	81591.224670	0	1533333.333333	0	-1	-1	float64	568.689	23.713	iree-3.11.0
fused	4	4	1000000	200	0.003816	53.360462	54	1533317.820224	1	1.065000	float64				6cbe459c1039
eager	4	4	1000000	200	0.010240	336.060524	51	1533317.820224	0	13.005000	float64				6cbe459c1039
nojit	4	4	1000000	200	0.009760	335.694551	51	1533317.820224	0	13.005000	float64				6cbe459c1039
torch-compile	4	4	1000000	200	0.711047	332.120657	0	1533317.820224	0	1	0	float64	-1	435.695	torch-2.14.0+cu130
torch-eager	4	4	1000000	200	0.045296	342.344046	0	1533317.820224	0	-1	-1	float64	-1	35.307	torch-2.14.0+cu130
triton	4	4	1000000	200	0.339784	69.545507	3	1533317.820224	0	-1	-1	float64	323.296	0.084	triton-3.8.0
torch-compile-ro	4	4	1000000	200	0.806768	424.256325	0	1533317.820224	0	1	0	float64	-1	442.098	torch-2.14.0+cu130
torch-compile-mat	4	4	1000000	200	1.369815	412.161350	0	1533317.820224	0	1	0	float64	-1	559.170	torch-2.14.0+cu130
jax	4	4	1000000	200	0.006319	127.694607	0	1533317.820224	0	-1	-1	float64	207.513	0.586	jax-0.11.1
iree	4	4	1000000	200	0.460598	10790.295601	0	1533317.820224	0	-1	-1	float64	575.204	24.258	iree-3.11.0
fused	5	4	1000000	200	0.003932	53.509474	53	1533333.333333	1	1.065000	float64				6cbe459c1039
eager	5	4	1000000	200	0.010372	335.785151	51	1533333.333333	0	13.005000	float64				6cbe459c1039
nojit	5	4	1000000	200	0.009759	335.710049	51	1533333.333333	0	13.005000	float64				6cbe459c1039
torch-compile	5	4	1000000	200	0.873645	332.490206	0	1533333.333333	0	2	1	float64	-1	594.195	torch-2.14.0+cu130
torch-eager	5	4	1000000	200	0.049399	342.110395	0	1533333.333333	0	-1	-1	float64	-1	39.405	torch-2.14.0+cu130
triton	5	4	1000000	200	0.336891	69.228411	2	1533333.333333	0	-1	-1	float64	321.440	0.090	triton-3.8.0
torch-compile-ro	5	4	1000000	200	0.885941	418.729782	0	1533333.333333	0	2	1	float64	-1	575.008	torch-2.14.0+cu130
torch-compile-mat	5	4	1000000	200	1.658782	420.998335	0	1533333.333333	0	2	1	float64	-1	746.566	torch-2.14.0+cu130
jax	5	4	1000000	200	0.005989	128.042698	0	1533333.333333	0	-1	-1	float64	206.826	0.597	jax-0.11.1
iree	5	4	1000000	200	0.472535	10781.750679	0	1533333.333333	0	-1	-1	float64	576.710	24.919	iree-3.11.0
fused	11	1	25600	200	0.001032	3.654957	52	95540.500674	0	1.040000	float64				6cbe459c1039
eager	11	1	25600	200	0.002438	56.920052	51	95540.500674	0	8.005000	float64				6cbe459c1039
nojit	11	1	25600	200	0.001806	57.275295	51	95540.500674	0	8.005000	float64				6cbe459c1039
torch-compile	11	1	25600	200	1.691411	60.534477	0	95540.500674	0	-1	-1	float64	-1	1685.941	torch-2.14.0+cu130
torch-eager	11	1	25600	200	0.198706	56.738853	0	95540.500674	0	-1	-1	float64	-1	195.176	torch-2.14.0+cu130
triton	11	1	25600	200	0.337992	18.659830	1	95540.500674	0	-1	-1	float64	319.270	0.094	triton-3.8.0
torch-compile-ro	11	1	25600	200	1.744173	128.841400	0	95540.500674	0	-1	-1	float64	-1	1701.709	torch-2.14.0+cu130
torch-compile-mat	11	1	25600	200	1.880645	132.739544	0	95540.500674	0	-1	-1	float64	-1	1841.544	torch-2.14.0+cu130
jax	11	1	25600	200	0.002313	49.510002	0	95540.500674	0	-1	-1	float64	98.106	0.491	jax-0.11.1
iree	11	1	25600	200	0.014564	56.263208	0	95540.500674	0	-1	-1	float64	186.613	8.663	iree-3.11.0
fused	11	1	256000	200	0.002490	15.889406	52	955405.006738	0	1.040000	float64				6cbe459c1039
eager	11	1	256000	200	0.005982	143.305063	51	955405.006738	0	8.005000	float64				6cbe459c1039
nojit	11	1	256000	200	0.005213	141.469240	51	955405.006738	0	8.005000	float64				6cbe459c1039
torch-compile	11	1	256000	200	1.672976	159.041882	0	955405.006738	0	-1	-1	float64	-1	1628.874	torch-2.14.0+cu130
torch-eager	11	1	256000	200	0.233509	151.195526	0	955405.006738	0	-1	-1	float64	-1	210.379	torch-2.14.0+cu130
triton	11	1	256000	200	0.337263	20.062923	1	955405.006738	0	-1	-1	float64	318.812	0.112	triton-3.8.0
torch-compile-ro	11	1	256000	200	1.841149	249.321461	0	955405.006738	0	-1	-1	float64	-1	1776.845	torch-2.14.0+cu130
torch-compile-mat	11	1	256000	200	1.917713	250.507593	0	955405.006738	0	-1	-1	float64	-1	1855.368	torch-2.14.0+cu130
jax	11	1	256000	200	0.003345	53.880215	0	955405.006738	0	-1	-1	float64	86.030	0.489	jax-0.11.1
iree	11	1	256000	200	0.046843	188.202858	0	955405.006738	0	-1	-1	float64	183.604	10.223	iree-3.11.0
fused	12	1	25600	200	0.004786	98.650455	53	256.065387	0	2.005000	float64				6cbe459c1039
eager	12	1	25600	200	0.004841	98.475218	51	256.065387	0	2.005000	float64				6cbe459c1039
nojit	12	1	25600	200	0.003384	98.299980	51	256.065387	0	2.005000	float64				6cbe459c1039
torch-compile	12	1	25600	200	1.805077	135.536194	0	256.065387	0	-1	-1	float64	-1	1788.848	torch-2.14.0+cu130
torch-eager	12	1	25600	200	0.235873	136.921406	0	256.065387	0	-1	-1	float64	-1	223.841	torch-2.14.0+cu130
triton	12	1	25600	200	0.314268	298.898220	1	256.065387	0	-1	-1	float64	292.560	0.405	triton-3.8.0
torch-compile-ro	12	1	25600	200	1.704008	179.930925	0	256.065387	0	-1	-1	float64	-1	1657.013	torch-2.14.0+cu130
torch-compile-mat	12	1	25600	200	2.005603	175.297260	0	256.065387	0	-1	-1	float64	-1	1957.689	torch-2.14.0+cu130
jax	12	1	25600	200	0.002246	40.912628	0	256.065387	0	-1	-1	float64	1692.273	0.638	jax-0.11.1
iree	12	1	25600	200	0.072086	1832.946539	0	256.065387	0	-1	-1	float64	217.514	13.731	iree-3.11.0
fused	12	1	256000	200	0.013007	343.350172	53	2560.654532	0	2.005000	float64				6cbe459c1039
eager	12	1	256000	200	0.012723	342.594385	51	2560.654532	0	2.005000	float64				6cbe459c1039
nojit	12	1	256000	200	0.011891	342.565775	51	2560.654532	0	2.005000	float64				6cbe459c1039
torch-compile	12	1	256000	200	1.853516	486.484766	0	2560.654532	0	-1	-1	float64	-1	1813.610	torch-2.14.0+cu130
torch-eager	12	1	256000	200	0.282861	491.807461	0	2560.654532	0	-1	-1	float64	-1	243.306	torch-2.14.0+cu130
triton	12	1	256000	200	0.342632	299.773216	1	2560.654532	0	-1	-1	float64	320.868	0.402	triton-3.8.0
torch-compile-ro	12	1	256000	200	1.845920	520.901680	0	2560.654532	0	-1	-1	float64	-1	1773.061	torch-2.14.0+cu130
torch-compile-mat	12	1	256000	200	1.845826	519.163609	0	2560.654532	0	-1	-1	float64	-1	1779.466	torch-2.14.0+cu130
jax	12	1	256000	200	0.009846	258.420706	0	2560.654532	0	-1	-1	float64	1609.857	0.909	jax-0.11.1
iree	12	1	256000	200	0.053951	436.044931	0	2560.654532	0	-1	-1	float64	230.588	9.889	iree-3.11.0
fused	13	1	25600	200	0.014972	437.265635	52	0.000000	0	1.005000	float64				6cbe459c1039
eager	13	1	25600	200	0.018293	556.994677	51	0.000000	0	6.005000	float64				6cbe459c1039
nojit	13	1	25600	200	0.016524	526.694059	51	0.000000	0	6.005000	float64				6cbe459c1039
torch-compile	13	1	25600	200	1.877234	597.655773	0	0.000000	0	-1	-1	float64	-1	1832.894	torch-2.14.0+cu130
torch-eager	13	1	25600	200	0.295453	594.536066	0	0.000000	0	-1	-1	float64	-1	252.605	torch-2.14.0+cu130
triton	13	1	25600	200	0.383334	1272.190809	2	0.000000	0	-1	-1	float64	324.914	1.350	triton-3.8.0
torch-compile-ro	13	1	25600	200	1.921468	620.495081	0	0.000000	0	-1	-1	float64	-1	1846.741	torch-2.14.0+cu130
torch-compile-mat	13	1	25600	200	2.018832	637.779236	0	0.000000	0	-1	-1	float64	-1	1934.733	torch-2.14.0+cu130
jax	13	1	25600	200	0.004979	123.279095	0	0.000000	0	-1	-1	float64	2054.813	1.014	jax-0.11.1
iree	13	1	25600	200	0.099519	2784.041166	0	0.000000	0	-1	-1	float64	330.315	11.382	iree-3.11.0
fused	13	1	256000	200	0.141720	4742.149115	52	-0.000000	0	1.005000	float64				6cbe459c1039
eager	13	1	256000	200	0.160040	5423.719883	51	-0.000000	0	6.005000	float64				6cbe459c1039
nojit	13	1	256000	200	0.160356	5427.354574	51	-0.000000	0	6.005000	float64				6cbe459c1039
torch-compile	13	1	256000	200	2.005499	5029.357672	0	-0.000000	0	-1	-1	float64	-1	1809.420	torch-2.14.0+cu130
torch-eager	13	1	256000	200	0.473085	4862.636328	0	-0.000000	0	-1	-1	float64	-1	282.081	torch-2.14.0+cu130
triton	13	1	256000	200	0.446924	4679.349661	2	-0.000000	0	-1	-1	float64	292.865	4.719	triton-3.8.0
torch-compile-ro	13	1	256000	200	1.995617	5006.918907	0	-0.000000	0	-1	-1	float64	-1	1771.845	torch-2.14.0+cu130
torch-compile-mat	13	1	256000	200	2.279071	5024.052858	0	-0.000000	0	-1	-1	float64	-1	2053.459	torch-2.14.0+cu130
jax	13	1	256000	200	0.119534	3703.831434	0	-0.000000	0	-1	-1	float64	2004.945	4.777	jax-0.11.1
iree	13	1	256000	200	0.201486	5130.205154	0	-0.000000	0	-1	-1	float64	646.224	19.431	iree-3.11.0
fused	6	1	25600	200	0.012459	278.639793	55	256.065463	0	6.005000	float64				6cbe459c1039
eager	6	1	25600	200	0.012081	278.114080	51	256.065463	0	6.005000	float64				6cbe459c1039
nojit	6	1	25600	200	0.009224	277.639627	51	256.065463	0	6.005000	float64				6cbe459c1039
torch-compile	6	1	25600	200	1.726306	407.205820	0	256.065463	0	-1	-1	float64	-1	1693.287	torch-2.14.0+cu130
torch-eager	6	1	25600	200	0.267550	394.377708	0	256.065463	0	-1	-1	float64	-1	236.337	torch-2.14.0+cu130
triton	6	1	25600	200	0.360792	874.712467	1	256.065463	0	-1	-1	float64	320.332	0.940	triton-3.8.0
torch-compile-ro	6	1	25600	200	1.839313	433.055162	0	256.065463	0	-1	-1	float64	-1	1770.459	torch-2.14.0+cu130
torch-compile-mat	6	1	25600	200	1.937768	433.571339	0	256.065463	0	-1	-1	float64	-1	1865.385	torch-2.14.0+cu130
jax	6	1	25600	200	0.004398	107.209682	0	256.065463	0	-1	-1	float64	1569.102	0.930	jax-0.11.1
iree	6	1	25600	200	0.184380	5379.402637	0	256.065463	0	-1	-1	float64	222.497	16.825	iree-3.11.0
fused	6	1	256000	200	0.034293	1015.934944	55	2560.654707	0	6.005000	float64				6cbe459c1039
eager	6	1	256000	200	0.034409	1016.825438	51	2560.654707	0	6.005000	float64				6cbe459c1039
nojit	6	1	256000	200	0.031992	1016.110182	51	2560.654707	0	6.005000	float64				6cbe459c1039
torch-compile	6	1	256000	200	1.839485	1266.931295	0	2560.654707	0	-1	-1	float64	-1	1763.264	torch-2.14.0+cu130
torch-eager	6	1	256000	200	0.329770	1249.444485	0	2560.654707	0	-1	-1	float64	-1	255.787	torch-2.14.0+cu130
triton	6	1	256000	200	0.357493	850.090981	1	2560.654707	0	-1	-1	float64	319.312	0.895	triton-3.8.0
torch-compile-ro	6	1	256000	200	1.828949	1329.206228	0	2560.654707	0	-1	-1	float64	-1	1711.280	torch-2.14.0+cu130
torch-compile-mat	6	1	256000	200	1.913603	1283.485889	0	2560.654707	0	-1	-1	float64	-1	1813.583	torch-2.14.0+cu130
jax	6	1	256000	200	0.025340	737.642050	0	2560.654707	0	-1	-1	float64	1701.683	1.643	jax-0.11.1
iree	6	1	256000	200	0.069041	910.106897	0	2560.654707	0	-1	-1	float64	243.527	10.899	iree-3.11.0
fused	7	1	25600	200	0.029143	647.965670	57	25.611041	0	16.000000	float64				6cbe459c1039
eager	7	1	25600	200	0.030571	669.330359	51	25.611041	0	26.000000	float64				6cbe459c1039
nojit	7	1	25600	200	0.020540	668.385029	51	25.611041	0	26.000000	float64				6cbe459c1039
torch-compile	7	1	25600	200	1.860945	863.145590	0	25.611041	0	-1	-1	float64	-1	1812.335	torch-2.14.0+cu130
torch-eager	7	1	25600	200	0.281262	805.022717	0	25.611041	0	-1	-1	float64	-1	238.544	torch-2.14.0+cu130
torch-compile-ro	7	1	25600	200	1.936155	880.674124	0	25.611041	0	-1	-1	float64	-1	1857.542	torch-2.14.0+cu130
torch-compile-mat	7	1	25600	200	2.851028	894.619226	0	25.611041	0	-1	-1	float64	-1	2770.162	torch-2.14.0+cu130
jax	7	1	25600	200	0.011922	324.609280	0	25.611041	0	-1	-1	float64	2253.154	1.584	jax-0.11.1
iree	7	1	25600	200	0.376477	11542.073488	0	25.611041	0	-1	-1	float64	332.332	28.208	iree-3.11.0
fused	7	1	256000	200	0.092478	2808.300257	57	0.000000	0	16.000000	float64				6cbe459c1039
eager	7	1	256000	200	0.094148	2834.739685	51	0.000000	0	26.000000	float64				6cbe459c1039
nojit	7	1	256000	200	0.084015	2830.530405	51	0.000000	0	26.000000	float64				6cbe459c1039
torch-compile	7	1	256000	200	1.974742	3075.376749	0	0.000000	0	-1	-1	float64	-1	1838.404	torch-2.14.0+cu130
torch-eager	7	1	256000	200	0.404569	3069.158792	0	0.000000	0	-1	-1	float64	-1	274.102	torch-2.14.0+cu130
torch-compile-ro	7	1	256000	200	2.032228	3059.626818	0	0.000000	0	-1	-1	float64	-1	1869.816	torch-2.14.0+cu130
torch-compile-mat	7	1	256000	200	2.858474	3090.879917	0	0.000000	0	-1	-1	float64	-1	2686.012	torch-2.14.0+cu130
jax	7	1	256000	200	0.063174	1959.069967	0	0.000000	0	-1	-1	float64	2229.926	3.778	jax-0.11.1
iree	7	1	256000	200	0.969987	31690.309048	0	0.000000	0	-1	-1	float64	430.405	43.386	iree-3.11.0
fused	8	1	25600	200	0.016438	465.134382	56	3221914.952339	0	5.015000	float64				6cbe459c1039
eager	8	1	25600	200	0.026231	781.174898	51	3221914.952339	0	34.005000	float64				6cbe459c1039
nojit	8	1	25600	200	0.023010	781.404972	51	3221914.952339	0	34.005000	float64				6cbe459c1039
torch-compile	8	1	25600	200	1.775821	517.401695	0	3221914.952339	0	-1	-1	float64	-1	1753.727	torch-2.14.0+cu130
torch-eager	8	1	25600	200	0.288945	555.886030	0	3221914.952339	0	-1	-1	float64	-1	268.797	torch-2.14.0+cu130
torch-compile-ro	8	1	25600	200	1.848896	524.401665	0	3221914.952339	0	-1	-1	float64	-1	1799.119	torch-2.14.0+cu130
torch-compile-mat	8	1	25600	200	2.555426	505.297184	0	3221914.952339	0	-1	-1	float64	-1	2496.946	torch-2.14.0+cu130
jax	8	1	25600	200	0.009522	266.783237	0	3221914.952339	0	-1	-1	float64	1299.484	1.336	jax-0.11.1
iree	8	1	25600	200	0.041391	917.842388	0	3221914.952339	0	-1	-1	float64	496.122	9.931	iree-3.11.0
fused	8	1	256000	200	0.654536	22328.659296	56	32261731.495851	0	5.015000	float64				6cbe459c1039
eager	8	1	256000	200	0.727662	25092.834234	51	32261731.495851	0	34.005000	float64				6cbe459c1039
nojit	8	1	256000	200	0.732381	25211.049318	51	32261731.495851	0	34.005000	float64				6cbe459c1039
torch-compile	8	1	256000	200	2.800085	29680.597782	0	32261731.495851	0	-1	-1	float64	-1	1913.355	torch-2.14.0+cu130
torch-eager	8	1	256000	200	1.138057	27488.602400	0	32261731.495851	0	-1	-1	float64	-1	309.221	torch-2.14.0+cu130
torch-compile-ro	8	1	256000	200	2.696937	29681.479931	0	32261731.495851	0	-1	-1	float64	-1	1784.388	torch-2.14.0+cu130
torch-compile-mat	8	1	256000	200	5.587099	27673.393488	0	32261731.495851	0	-1	-1	float64	-1	4657.634	torch-2.14.0+cu130
jax	8	1	256000	200	0.467822	15470.199585	0	32261731.495851	0	-1	-1	float64	1557.059	16.625	jax-0.11.1
iree	8	1	256000	200	1.294937	38568.767309	0	32261731.495851	0	-1	-1	float64	21656.975	122.734	iree-3.11.0
fused	9	1	25600	200	0.024813	756.274462	57	214.208506	0	6.000000	float64				6cbe459c1039
eager	9	1	25600	200	0.024821	763.400793	54	214.208506	0	10.000000	float64				6cbe459c1039
nojit	9	1	25600	200	0.022540	764.620304	54	214.208506	0	10.000000	float64				6cbe459c1039
torch-compile	9	1	25600	200	1.916218	871.940851	0	214.208506	0	-1	-1	float64	-1	1885.706	torch-2.14.0+cu130
torch-eager	9	1	25600	200	0.291451	804.077387	0	214.208506	0	-1	-1	float64	-1	264.176	torch-2.14.0+cu130
torch-compile-ro	9	1	25600	200	1.839203	881.042480	0	214.208506	0	-1	-1	float64	-1	1777.669	torch-2.14.0+cu130
torch-compile-mat	9	1	25600	200	2.319343	875.469446	0	214.208506	0	-1	-1	float64	-1	2258.319	torch-2.14.0+cu130
jax	9	1	25600	200	0.008354	253.715515	0	214.208506	0	-1	-1	float64	374.019	0.766	jax-0.11.1
fused	9	1	256000	200	0.021589	572.949648	57	2158.224764	0	6.000000	float64				6cbe459c1039
eager	9	1	256000	200	0.020844	602.315664	54	2158.224764	0	10.000000	float64				6cbe459c1039
nojit	9	1	256000	200	0.019231	570.244789	54	2158.224764	0	10.000000	float64				6cbe459c1039
torch-compile	9	1	256000	200	1.881452	678.402185	0	2158.224764	0	-1	-1	float64	-1	1835.344	torch-2.14.0+cu130
torch-eager	9	1	256000	200	0.337333	584.925413	0	2158.224764	0	-1	-1	float64	-1	298.571	torch-2.14.0+cu130
torch-compile-ro	9	1	256000	200	1.896055	712.999105	0	2158.224764	0	-1	-1	float64	-1	1821.452	torch-2.14.0+cu130
torch-compile-mat	9	1	256000	200	2.759315	663.107634	0	2158.224764	0	-1	-1	float64	-1	2692.274	torch-2.14.0+cu130
jax	9	1	256000	200	0.011353	327.465534	0	2158.224764	0	-1	-1	float64	764.454	1.053	jax-0.11.1
fused	10	1	25600	200	0.256798	3885.595798	76	0.000000	0	78.000000	float64				6cbe459c1039
eager	10	1	25600	200	0.348421	4827.624559	51	0.000000	0	235.000000	float64				6cbe459c1039
nojit	10	1	25600	200	0.138601	4820.830822	51	0.000000	0	238.000000	float64				6cbe459c1039
torch-compile	10	1	25600	200	2.065597	3177.545071	0	0.000000	0	-1	-1	float64	-1	1961.936	torch-2.14.0+cu130
torch-eager	10	1	25600	200	0.441764	3690.640926	0	0.000000	0	-1	-1	float64	-1	322.893	torch-2.14.0+cu130
torch-compile-ro	10	1	25600	200	2.118401	3092.426062	0	0.000000	0	-1	-1	float64	-1	1980.121	torch-2.14.0+cu130
torch-compile-mat	10	1	25600	200	4.907944	3166.006804	0	0.000000	0	-1	-1	float64	-1	4766.163	torch-2.14.0+cu130
jax	10	1	25600	200	0.050962	1502.887011	0	0.000000	0	-1	-1	float64	4169.401	6.503	jax-0.11.1
iree	10	1	25600	200	0.335812	10437.884331	0	0.000000	0	-1	-1	float64	1535.526	26.252	iree-3.11.0
fused	10	1	191488	200	2.725997	93964.234591	76	0.000000	0	78.000000	float64				6cbe459c1039
eager	10	1	191488	200	2.941501	99353.199005	51	0.000000	0	235.000000	float64				6cbe459c1039
nojit	10	1	191488	200	2.739779	99373.154640	51	0.000000	0	238.000000	float64				6cbe459c1039
torch-compile	10	1	191488	200	4.204095	78673.989773	0	0.000000	0	-1	-1	float64	-1	1895.545	torch-2.14.0+cu130
torch-eager	10	1	191488	200	2.681631	78928.629160	0	0.000000	0	-1	-1	float64	-1	371.462	torch-2.14.0+cu130
torch-compile-ro	10	1	191488	200	4.418458	78678.011894	0	0.000000	0	-1	-1	float64	-1	2061.412	torch-2.14.0+cu130
torch-compile-mat	10	1	191488	200	9.200763	75792.475939	0	0.000000	0	-1	-1	float64	-1	6848.526	torch-2.14.0+cu130
jax	10	1	191488	200	1.214803	41889.160872	0	0.000000	0	-1	-1	float64	4775.803	71.202	jax-0.11.1
iree	10	1	191488	200	4.194696	136367.740631	0	0.000000	0	-1	-1	float64	3962.500	209.352	iree-3.11.0
fused	8	1	256000	200	0.047534	1393.785477	107	32261718.000000	0	5.015000	float32				6cbe459c1039
eager	8	1	256000	200	0.116151	3914.604187	102	32261720.000000	0	34.005000	float32				6cbe459c1039
nojit	8	1	256000	200	0.116176	3918.104172	102	32261722.000000	0	34.005000	float32				6cbe459c1039
torch-compile	8	1	256000	200	1.857142	2035.771608	0	32261731.000113	0	-1	-1	float32	-1	1775.799	torch-2.14.0+cu130
torch-eager	8	1	256000	200	0.431096	2664.831877	0	32261724.455585	0	-1	-1	float32	-1	331.164	torch-2.14.0+cu130
torch-tensorrt	8	1	256000	200	4.313875	1490.328312	0	32261721.388920	0	-1	-1	float32	-1	4247.626	torch_tensorrt-2.14.0+cu130
torch-compile-ro	8	1	256000	200	2.016764	2059.961557	0	32261731.000113	0	-1	-1	float32	-1	1899.202	torch-2.14.0+cu130
torch-compile-mat	8	1	256000	200	2.806795	1497.299671	0	32261725.866217	0	-1	-1	float32	-1	2649.279	torch-2.14.0+cu130
jax	8	1	256000	200	0.040528	1261.538267	0	32261725.412777	0	-1	-1	float32	1853.785	2.258	jax-0.11.1
iree	8	1	256000	200	0.263810	7307.381630	0	32261724.389252	0	-1	-1	float32	421.311	30.095	iree-3.11.0
fused	8	1	256000	200	0.028162	708.894730	107	32340771.718750	0	5.010000	float16				6cbe459c1039
eager	8	1	256000	200	0.065947	2056.369781	102	32332888.187500	0	34.000000	float16				6cbe459c1039
nojit	8	1	256000	200	0.063658	2059.800625	102	32332888.187500	0	34.000000	float16				6cbe459c1039
torch-compile	8	1	256000	200	1.947622	858.113766	0	32303902.171875	0	-1	-1	float16	-1	1901.353	torch-2.14.0+cu130
torch-eager	8	1	256000	200	0.447169	1445.939541	0	32296342.671875	0	-1	-1	float16	-1	383.966	torch-2.14.0+cu130
torch-tensorrt	8	1	256000	200	4.628901	320.042372	0	32294186.078125	0	-1	-1	float16	-1	4595.100	torch_tensorrt-2.14.0+cu130
torch-compile-ro	8	1	256000	200	2.056712	864.404440	0	32303902.171875	0	-1	-1	float16	-1	1981.583	torch-2.14.0+cu130
torch-compile-mat	8	1	256000	200	2.358529	778.229237	0	32311264.593750	0	-1	-1	float16	-1	2288.126	torch-2.14.0+cu130
jax	8	1	256000	200	0.021402	635.015965	0	32293071.671875	0	-1	-1	float16	587.768	1.440	jax-0.11.1
iree	8	1	256000	200	0.102974	1876.351833	0	32333088.093750	0	-1	-1	float16	552.317	16.736	iree-3.11.0
fused	11	1	256000	200	0.001935	6.784201	103	955405.437500	0	1.040000	float32				6cbe459c1039
eager	11	1	256000	200	0.003238	42.093992	102	955405.437500	0	8.005000	float32				6cbe459c1039
nojit	11	1	256000	200	0.002058	37.205219	102	955405.437500	0	8.005000	float32				6cbe459c1039
torch-compile	11	1	256000	200	1.744478	143.773556	0	955405.029297	0	-1	-1	float32	-1	1720.062	torch-2.14.0+cu130
torch-eager	11	1	256000	200	0.240452	144.566298	0	955404.907227	0	-1	-1	float32	-1	217.469	torch-2.14.0+cu130
triton	11	1	256000	200	0.347595	18.695593	1	955405.029297	0	-1	-1	float32	318.584	0.239	triton-3.8.0
torch-tensorrt	11	1	256000	200	2.729689	210.790634	0	955404.907227	0	-1	-1	float32	-1	2703.751	torch_tensorrt-2.14.0+cu130
torch-compile-ro	11	1	256000	200	1.793360	250.512362	0	955405.029297	0	-1	-1	float32	-1	1725.574	torch-2.14.0+cu130
torch-compile-mat	11	1	256000	200	1.913143	219.410658	0	955405.029297	0	-1	-1	float32	-1	1858.868	torch-2.14.0+cu130
jax	11	1	256000	200	0.002487	47.609806	0	955405.029297	0	-1	-1	float32	85.033	0.428	jax-0.11.1
iree	11	1	256000	200	0.022801	79.318285	0	955404.907227	0	-1	-1	float32	182.860	9.166	iree-3.11.0
fused	11	1	256000	200	0.005139	22.355318	103	955000.000000	0	1.035000	float16				6cbe459c1039
eager	11	1	256000	200	0.007040	59.015751	102	955000.000000	0	8.000000	float16				6cbe459c1039
nojit	11	1	256000	200	0.005285	55.429935	102	955000.000000	0	8.000000	float16				6cbe459c1039
torch-compile	11	1	256000	200	1.788730	137.300491	0	955000.000000	0	-1	-1	float16	-1	1766.116	torch-2.14.0+cu130
torch-eager	11	1	256000	200	0.248584	146.285295	0	955000.000000	0	-1	-1	float16	-1	225.523	torch-2.14.0+cu130
triton	11	1	256000	200	0.352566	19.291639	1	955000.000000	0	-1	-1	float16	322.875	0.102	triton-3.8.0
torch-tensorrt	11	1	256000	200	2.724266	210.348368	0	955000.000000	0	-1	-1	float16	-1	2698.735	torch_tensorrt-2.14.0+cu130
torch-compile-ro	11	1	256000	200	1.784926	206.135511	0	955000.000000	0	-1	-1	float16	-1	1716.870	torch-2.14.0+cu130
torch-compile-mat	11	1	256000	200	1.811744	203.300714	0	955000.000000	0	-1	-1	float16	-1	1761.011	torch-2.14.0+cu130
jax	11	1	256000	200	0.002241	40.473938	0	955000.000000	0	-1	-1	float16	78.620	0.463	jax-0.11.1
iree	11	1	256000	200	0.040383	177.330971	0	955000.000000	0	-1	-1	float16	171.141	8.807	iree-3.11.0
fused	13	1	256000	200	0.012637	271.099806	103	-0.000000	0	1.005000	float32				6cbe459c1039
eager	13	1	256000	200	0.021421	580.409765	102	-0.000000	0	6.005000	float32				6cbe459c1039
nojit	13	1	256000	200	0.020496	583.059788	102	-0.000000	0	6.005000	float32				6cbe459c1039
torch-compile	13	1	256000	200	1.799300	548.186302	0	-0.000000	0	-1	-1	float32	-1	1741.490	torch-2.14.0+cu130
torch-eager	13	1	256000	200	0.362183	637.043715	0	-0.000000	0	-1	-1	float32	-1	300.640	torch-2.14.0+cu130
triton	13	1	256000	200	0.324239	120.553970	2	-0.000000	0	-1	-1	float32	291.924	0.252	triton-3.8.0
torch-tensorrt	13	1	256000	200	4.127679	472.662449	0	-0.000000	0	-1	-1	float32	-1	4070.948	torch_tensorrt-2.14.0+cu130
torch-compile-ro	13	1	256000	200	1.836003	574.160814	0	-0.000000	0	-1	-1	float32	-1	1748.084	torch-2.14.0+cu130
torch-compile-mat	13	1	256000	200	1.987098	499.196053	0	-0.000000	0	-1	-1	float32	-1	1901.104	torch-2.14.0+cu130
jax	13	1	256000	200	0.009246	215.692520	0	-0.000000	0	-1	-1	float32	4360.314	1.014	jax-0.11.1
iree	13	1	256000	200	0.061739	1324.239969	0	-0.000000	0	-1	-1	float32	438.061	10.794	iree-3.11.0
fused	13	1	256000	200	0.025270	211.139917	103	0.001907	0	1.000000	float16				6cbe459c1039
eager	13	1	256000	200	0.030570	333.155394	102	0.000000	0	6.000000	float16				6cbe459c1039
nojit	13	1	256000	200	0.029107	335.799456	102	0.000000	0	6.000000	float16				6cbe459c1039
torch-compile	13	1	256000	200	2.043517	436.775684	0	0.000000	0	-1	-1	float16	-1	1981.044	torch-2.14.0+cu130
torch-eager	13	1	256000	200	0.396578	391.749144	0	0.000000	0	-1	-1	float16	-1	346.035	torch-2.14.0+cu130
triton	13	1	256000	200	0.324940	119.675398	2	0.000000	0	-1	-1	float16	294.216	0.172	triton-3.8.0
torch-tensorrt	13	1	256000	200	4.277972	368.996859	0	0.000000	0	-1	-1	float16	-1	4224.246	torch_tensorrt-2.14.0+cu130
torch-compile-ro	13	1	256000	200	1.901087	375.263691	0	0.000000	0	-1	-1	float16	-1	1819.021	torch-2.14.0+cu130
torch-compile-mat	13	1	256000	200	2.222955	360.857248	0	0.000000	0	-1	-1	float16	-1	2139.275	torch-2.14.0+cu130
jax	13	1	256000	200	0.005520	99.545717	0	0.001252	0	-1	-1	float16	811.619	0.809	jax-0.11.1
iree	13	1	256000	200	0.053125	601.161718	0	0.000000	0	-1	-1	float16	591.069	8.914	iree-3.11.0
fused	8	1	256000	200	0.047124	1390.260458	107	32261718.000000	0	5.015000	float32				6cbe459c1039
eager	8	1	256000	200	0.116527	3912.320137	102	32261718.000000	0	34.005000	float32				6cbe459c1039
nojit	8	1	256000	200	0.115988	3916.095495	102	32261720.000000	0	34.005000	float32				6cbe459c1039
torch-compile	8	1	256000	200	1.933368	2021.903992	0	32261731.000113	0	-1	-1	float32	-1	1851.965	torch-2.14.0+cu130
torch-eager	8	1	256000	200	0.419929	2659.183741	0	32261724.455585	0	-1	-1	float32	-1	320.472	torch-2.14.0+cu130
torch-tensorrt	8	1	256000	200	4.592248	1502.375603	0	32261721.388920	0	-1	-1	float32	-1	4523.945	torch_tensorrt-2.14.0+cu130
torch-compile-ro	8	1	256000	200	1.986592	2021.282911	0	32261731.000113	0	-1	-1	float32	-1	1876.601	torch-2.14.0+cu130
torch-compile-mat	8	1	256000	200	2.801708	1499.089003	0	32261725.866217	0	-1	-1	float32	-1	2645.295	torch-2.14.0+cu130
jax	8	1	256000	200	0.040633	1260.231733	0	32261725.412777	0	-1	-1	float32	1815.903	2.247	jax-0.11.1
iree	8	1	256000	200	0.264109	7329.664230	0	32261724.389252	0	-1	-1	float32	407.982	29.938	iree-3.11.0
fused	8	1	256000	200	0.027965	708.205700	107	32340771.718750	0	5.010000	float16				6cbe459c1039
eager	8	1	256000	200	0.065521	2051.634789	102	32332888.187500	0	34.000000	float16				6cbe459c1039
nojit	8	1	256000	200	0.063304	2055.735588	102	32332888.187500	0	34.000000	float16				6cbe459c1039
torch-compile	8	1	256000	200	1.882144	888.116360	0	32303902.171875	0	-1	-1	float16	-1	1829.469	torch-2.14.0+cu130
torch-eager	8	1	256000	200	0.462453	1450.836658	0	32296342.671875	0	-1	-1	float16	-1	399.884	torch-2.14.0+cu130
torch-tensorrt	8	1	256000	200	4.311044	283.041000	0	32294186.078125	0	-1	-1	float16	-1	4279.441	torch_tensorrt-2.14.0+cu130
torch-compile-ro	8	1	256000	200	2.086064	876.070261	0	32303902.171875	0	-1	-1	float16	-1	2007.013	torch-2.14.0+cu130
torch-compile-mat	8	1	256000	200	2.426942	775.142908	0	32311264.593750	0	-1	-1	float16	-1	2357.983	torch-2.14.0+cu130
jax	8	1	256000	200	0.021494	634.938478	0	32293071.671875	0	-1	-1	float16	584.458	1.453	jax-0.11.1
iree	8	1	256000	200	0.103945	1886.723042	0	32333088.093750	0	-1	-1	float16	546.884	17.680	iree-3.11.0
fused	11	1	256000	200	0.002062	6.824732	103	955405.437500	0	1.040000	float32				6cbe459c1039
eager	11	1	256000	200	0.003099	42.240620	102	955405.437500	0	8.005000	float32				6cbe459c1039
nojit	11	1	256000	200	0.002176	37.724972	102	955405.437500	0	8.005000	float32				6cbe459c1039
torch-compile	11	1	256000	200	1.733934	153.355598	0	955405.029297	0	-1	-1	float32	-1	1708.830	torch-2.14.0+cu130
torch-eager	11	1	256000	200	0.242867	144.559145	0	955404.907227	0	-1	-1	float32	-1	220.074	torch-2.14.0+cu130
triton	11	1	256000	200	0.349931	19.427538	1	955405.029297	0	-1	-1	float32	319.635	0.258	triton-3.8.0
torch-tensorrt	11	1	256000	200	2.647880	212.205648	0	955404.907227	0	-1	-1	float32	-1	2621.959	torch_tensorrt-2.14.0+cu130
torch-compile-ro	11	1	256000	200	1.838798	222.436190	0	955405.029297	0	-1	-1	float32	-1	1784.425	torch-2.14.0+cu130
torch-compile-mat	11	1	256000	200	1.897419	208.101273	0	955405.029297	0	-1	-1	float32	-1	1842.875	torch-2.14.0+cu130
jax	11	1	256000	200	0.002264	40.981770	0	955405.029297	0	-1	-1	float32	74.480	0.417	jax-0.11.1
iree	11	1	256000	200	0.023556	81.187487	0	955404.907227	0	-1	-1	float32	181.544	9.325	iree-3.11.0
fused	11	1	256000	200	0.005179	22.380352	103	955000.000000	0	1.035000	float16				6cbe459c1039
eager	11	1	256000	200	0.007040	58.405399	102	955000.000000	0	8.000000	float16				6cbe459c1039
nojit	11	1	256000	200	0.005282	54.979324	102	955000.000000	0	8.000000	float16				6cbe459c1039
torch-compile	11	1	256000	200	1.741117	144.331455	0	955000.000000	0	-1	-1	float16	-1	1709.023	torch-2.14.0+cu130
torch-eager	11	1	256000	200	0.251561	145.766735	0	955000.000000	0	-1	-1	float16	-1	228.644	torch-2.14.0+cu130
triton	11	1	256000	200	0.314160	19.887686	1	955000.000000	0	-1	-1	float16	285.728	0.103	triton-3.8.0
torch-tensorrt	11	1	256000	200	2.589605	208.656788	0	955000.000000	0	-1	-1	float16	-1	2563.454	torch_tensorrt-2.14.0+cu130
torch-compile-ro	11	1	256000	200	1.715579	243.645906	0	955000.000000	0	-1	-1	float16	-1	1643.948	torch-2.14.0+cu130
torch-compile-mat	11	1	256000	200	1.942898	224.863291	0	955000.000000	0	-1	-1	float16	-1	1885.220	torch-2.14.0+cu130
jax	11	1	256000	200	0.002444	48.764944	0	955000.000000	0	-1	-1	float16	76.554	0.447	jax-0.11.1
iree	11	1	256000	200	0.041420	181.927681	0	955000.000000	0	-1	-1	float16	171.139	9.638	iree-3.11.0
fused	13	1	256000	200	0.012806	271.239281	103	-0.000000	0	1.005000	float32				6cbe459c1039
eager	13	1	256000	200	0.021614	588.095188	102	-0.000000	0	6.005000	float32				6cbe459c1039
nojit	13	1	256000	200	0.020198	582.680702	102	-0.000000	0	6.005000	float32				6cbe459c1039
torch-compile	13	1	256000	200	1.973295	597.648621	0	-0.000000	0	-1	-1	float32	-1	1905.887	torch-2.14.0+cu130
torch-eager	13	1	256000	200	0.355652	636.214018	0	-0.000000	0	-1	-1	float32	-1	294.779	torch-2.14.0+cu130
triton	13	1	256000	200	0.357249	139.411688	2	-0.000000	0	-1	-1	float32	323.919	0.208	triton-3.8.0
torch-tensorrt	13	1	256000	200	4.335930	481.321812	0	-0.000000	0	-1	-1	float32	-1	4275.869	torch_tensorrt-2.14.0+cu130
torch-compile-ro	13	1	256000	200	2.005463	569.162369	0	-0.000000	0	-1	-1	float32	-1	1918.320	torch-2.14.0+cu130
torch-compile-mat	13	1	256000	200	1.889848	492.625237	0	-0.000000	0	-1	-1	float32	-1	1803.474	torch-2.14.0+cu130
jax	13	1	256000	200	0.009169	215.541124	0	-0.000000	0	-1	-1	float32	4317.741	1.057	jax-0.11.1
iree	13	1	256000	200	0.061583	1302.126646	0	-0.000000	0	-1	-1	float32	444.659	11.474	iree-3.11.0
fused	13	1	256000	200	0.024920	210.959911	103	0.001907	0	1.000000	float16				6cbe459c1039
eager	13	1	256000	200	0.030503	332.875252	102	0.000000	0	6.000000	float16				6cbe459c1039
nojit	13	1	256000	200	0.029099	335.544348	102	0.000000	0	6.000000	float16				6cbe459c1039
torch-compile	13	1	256000	200	2.017467	391.788483	0	0.000000	0	-1	-1	float16	-1	1962.004	torch-2.14.0+cu130
torch-eager	13	1	256000	200	0.416487	409.345627	0	0.000000	0	-1	-1	float16	-1	361.720	torch-2.14.0+cu130
triton	13	1	256000	200	0.356057	131.894350	2	0.000000	0	-1	-1	float16	323.025	0.189	triton-3.8.0
torch-tensorrt	13	1	256000	200	4.267123	402.107239	0	0.000000	0	-1	-1	float16	-1	4209.434	torch_tensorrt-2.14.0+cu130
torch-compile-ro	13	1	256000	200	1.891923	435.316563	0	0.000000	0	-1	-1	float16	-1	1798.173	torch-2.14.0+cu130
torch-compile-mat	13	1	256000	200	2.101388	358.114243	0	0.000000	0	-1	-1	float16	-1	2017.933	torch-2.14.0+cu130
jax	13	1	256000	200	0.005813	99.312067	0	0.001252	0	-1	-1	float16	858.520	0.833	jax-0.11.1
iree	13	1	256000	200	0.053271	598.700047	0	0.000000	0	-1	-1	float16	586.135	9.438	iree-3.11.0
fused	8	1	256000	200	0.047866	1395.379305	107	32261716.000000	0	5.015000	float32				6cbe459c1039
eager	8	1	256000	200	0.116453	3912.240267	102	32261722.000000	0	34.005000	float32				6cbe459c1039
nojit	8	1	256000	200	0.115834	3916.360140	102	32261718.000000	0	34.005000	float32				6cbe459c1039
torch-compile	8	1	256000	200	1.935707	2034.236193	0	32261731.000113	0	-1	-1	float32	-1	1853.046	torch-2.14.0+cu130
torch-eager	8	1	256000	200	0.432610	2657.264471	0	32261724.455585	0	-1	-1	float32	-1	332.743	torch-2.14.0+cu130
torch-tensorrt	8	1	256000	200	4.498726	1489.207745	0	32261721.388920	0	-1	-1	float32	-1	4432.564	torch_tensorrt-2.14.0+cu130
torch-compile-ro	8	1	256000	200	1.935885	2050.852776	0	32261731.000113	0	-1	-1	float32	-1	1818.080	torch-2.14.0+cu130
torch-compile-mat	8	1	256000	200	2.756204	1474.289894	0	32261725.866217	0	-1	-1	float32	-1	2619.253	torch-2.14.0+cu130
jax	8	1	256000	200	0.040608	1261.794567	0	32261725.412777	0	-1	-1	float32	1831.884	2.285	jax-0.11.1
iree	8	1	256000	200	0.264803	7278.712988	0	32261724.389252	0	-1	-1	float32	414.728	29.809	iree-3.11.0
fused	8	1	256000	200	0.028138	707.920790	107	32340771.718750	0	5.010000	float16				6cbe459c1039
eager	8	1	256000	200	0.065561	2052.659988	102	32332888.187500	0	34.000000	float16				6cbe459c1039
nojit	8	1	256000	200	0.063563	2058.070898	102	32332888.187500	0	34.000000	float16				6cbe459c1039
torch-compile	8	1	256000	200	2.025159	867.127180	0	32303902.171875	0	-1	-1	float16	-1	1977.449	torch-2.14.0+cu130
torch-eager	8	1	256000	200	0.440316	1456.735134	0	32296342.671875	0	-1	-1	float16	-1	378.414	torch-2.14.0+cu130
torch-tensorrt	8	1	256000	200	4.351152	282.051563	0	32294186.078125	0	-1	-1	float16	-1	4319.031	torch_tensorrt-2.14.0+cu130
torch-compile-ro	8	1	256000	200	1.940021	867.713690	0	32303902.171875	0	-1	-1	float16	-1	1864.043	torch-2.14.0+cu130
torch-compile-mat	8	1	256000	200	2.632975	807.781219	0	32311264.593750	0	-1	-1	float16	-1	2550.685	torch-2.14.0+cu130
jax	8	1	256000	200	0.021457	635.459423	0	32293071.671875	0	-1	-1	float16	608.790	1.507	jax-0.11.1
iree	8	1	256000	200	0.103808	1889.826059	0	32333088.093750	0	-1	-1	float16	547.291	17.614	iree-3.11.0
fused	11	1	256000	200	0.002057	6.864071	103	955405.437500	0	1.040000	float32				6cbe459c1039
eager	11	1	256000	200	0.003089	42.124987	102	955405.437500	0	8.005000	float32				6cbe459c1039
nojit	11	1	256000	200	0.002173	37.939548	102	955405.437500	0	8.005000	float32				6cbe459c1039
torch-compile	11	1	256000	200	1.678998	147.109032	0	955405.029297	0	-1	-1	float32	-1	1643.913	torch-2.14.0+cu130
torch-eager	11	1	256000	200	0.233248	134.660006	0	955404.907227	0	-1	-1	float32	-1	211.757	torch-2.14.0+cu130
triton	11	1	256000	200	0.314501	19.196272	1	955405.029297	0	-1	-1	float32	286.970	0.246	triton-3.8.0
torch-tensorrt	11	1	256000	200	2.681017	211.212635	0	955404.907227	0	-1	-1	float32	-1	2655.590	torch_tensorrt-2.14.0+cu130
torch-compile-ro	11	1	256000	200	1.840835	221.279860	0	955405.029297	0	-1	-1	float32	-1	1783.586	torch-2.14.0+cu130
torch-compile-mat	11	1	256000	200	2.068489	243.426561	0	955405.029297	0	-1	-1	float32	-1	2006.592	torch-2.14.0+cu130
jax	11	1	256000	200	0.002227	40.906668	0	955405.029297	0	-1	-1	float32	78.561	0.420	jax-0.11.1
iree	11	1	256000	200	0.022789	80.968142	0	955404.907227	0	-1	-1	float32	181.696	8.951	iree-3.11.0
fused	11	1	256000	200	0.005168	22.385120	103	955000.000000	0	1.035000	float16				6cbe459c1039
eager	11	1	256000	200	0.007046	59.164762	102	955000.000000	0	8.000000	float16				6cbe459c1039
nojit	11	1	256000	200	0.005248	55.398941	102	955000.000000	0	8.000000	float16				6cbe459c1039
torch-compile	11	1	256000	200	1.708734	152.665377	0	955000.000000	0	-1	-1	float16	-1	1677.897	torch-2.14.0+cu130
torch-eager	11	1	256000	200	0.246790	145.697594	0	955000.000000	0	-1	-1	float16	-1	224.098	torch-2.14.0+cu130
triton	11	1	256000	200	0.348224	19.005537	1	955000.000000	0	-1	-1	float16	319.495	0.099	triton-3.8.0
torch-tensorrt	11	1	256000	200	2.637416	211.308002	0	955000.000000	0	-1	-1	float16	-1	2611.544	torch_tensorrt-2.14.0+cu130
torch-compile-ro	11	1	256000	200	1.690389	241.792202	0	955000.000000	0	-1	-1	float16	-1	1624.374	torch-2.14.0+cu130
torch-compile-mat	11	1	256000	200	1.765174	209.797621	0	955000.000000	0	-1	-1	float16	-1	1710.951	torch-2.14.0+cu130
jax	11	1	256000	200	0.002258	41.613579	0	955000.000000	0	-1	-1	float16	87.261	0.420	jax-0.11.1
iree	11	1	256000	200	0.041173	182.147026	0	955000.000000	0	-1	-1	float16	170.936	9.409	iree-3.11.0
fused	13	1	256000	200	0.012462	271.409750	103	-0.000000	0	1.005000	float32				6cbe459c1039
eager	13	1	256000	200	0.021098	580.970049	102	-0.000000	0	6.005000	float32				6cbe459c1039
nojit	13	1	256000	200	0.020107	582.884550	102	-0.000000	0	6.005000	float32				6cbe459c1039
torch-compile	13	1	256000	200	1.969298	559.855700	0	-0.000000	0	-1	-1	float32	-1	1909.074	torch-2.14.0+cu130
torch-eager	13	1	256000	200	0.336579	617.480278	0	-0.000000	0	-1	-1	float32	-1	279.612	torch-2.14.0+cu130
triton	13	1	256000	200	0.321283	117.394924	2	-0.000000	0	-1	-1	float32	290.547	0.195	triton-3.8.0
torch-tensorrt	13	1	256000	200	4.150450	474.795103	0	-0.000000	0	-1	-1	float32	-1	4093.566	torch_tensorrt-2.14.0+cu130
torch-compile-ro	13	1	256000	200	1.933423	567.871332	0	-0.000000	0	-1	-1	float32	-1	1846.396	torch-2.14.0+cu130
torch-compile-mat	13	1	256000	200	1.948397	494.840145	0	-0.000000	0	-1	-1	float32	-1	1863.744	torch-2.14.0+cu130
jax	13	1	256000	200	0.009170	215.905905	0	-0.000000	0	-1	-1	float32	4207.671	1.097	jax-0.11.1
iree	13	1	256000	200	0.061477	1313.673258	0	-0.000000	0	-1	-1	float32	443.238	10.719	iree-3.11.0
fused	13	1	256000	200	0.024918	210.930109	103	0.001907	0	1.000000	float16				6cbe459c1039
eager	13	1	256000	200	0.030326	333.064795	102	0.000000	0	6.000000	float16				6cbe459c1039
nojit	13	1	256000	200	0.029075	335.600376	102	0.000000	0	6.000000	float16				6cbe459c1039
torch-compile	13	1	256000	200	1.924919	434.945822	0	0.000000	0	-1	-1	float16	-1	1861.539	torch-2.14.0+cu130
torch-eager	13	1	256000	200	0.427998	416.018963	0	0.000000	0	-1	-1	float16	-1	372.298	torch-2.14.0+cu130
triton	13	1	256000	200	0.356572	134.851933	2	0.000000	0	-1	-1	float16	323.662	0.197	triton-3.8.0
torch-tensorrt	13	1	256000	200	4.271137	369.468927	0	0.000000	0	-1	-1	float16	-1	4217.757	torch_tensorrt-2.14.0+cu130
torch-compile-ro	13	1	256000	200	1.964828	373.972654	0	0.000000	0	-1	-1	float16	-1	1885.906	torch-2.14.0+cu130
torch-compile-mat	13	1	256000	200	2.114118	412.666798	0	0.000000	0	-1	-1	float16	-1	2014.725	torch-2.14.0+cu130
jax	13	1	256000	200	0.005938	99.302530	0	0.001252	0	-1	-1	float16	791.927	0.951	jax-0.11.1
iree	13	1	256000	200	0.053914	597.777367	0	0.000000	0	-1	-1	float16	589.878	9.803	iree-3.11.0
app	0	1	1000000	200	0.003711	29.050112	52	1000000.000000	0	1.015000	float64				ddc8008cdeaf
app	0	4	1000000	200	0.003887	117.599964	53	1000000.000000	1	4.015000	float64				ddc8008cdeaf
app	0	8	1000000	200	0.008105	230.075121	52	1000000.000000	0	8.015000	float64				ddc8008cdeaf
app	0	4	10000	200	0.001013	19.184351	53	10000.000000	1	4.015000	float64				ddc8008cdeaf
app	0	4	100000	200	0.001065	20.564795	53	100000.000000	1	4.015000	float64				ddc8008cdeaf
app	0	4	1000000	200	0.003870	117.390156	53	1000000.000000	1	4.015000	float64				ddc8008cdeaf
app	0	4	10000000	200	0.034699	1133.584976	53	10000000.000000	0	4.015000	float64				ddc8008cdeaf
app	1	4	1000000	200	0.004084	119.389296	52	1000122.070313	0	4.160000	float64				ddc8008cdeaf
app	2	4	1000000	200	0.004121	119.464397	52	1000122.070313	0	4.160000	float64				ddc8008cdeaf
app	3	4	1000000	200	0.006005	178.529024	53	1533333.333333	0	6.015000	float64				ddc8008cdeaf
app	4	4	1000000	200	0.005469	145.330429	52	1533317.820224	0	5.015000	float64				ddc8008cdeaf
app	5	4	1000000	200	0.004793	147.225857	52	1533333.333333	0	5.035000	float64				ddc8008cdeaf
app	11	1	25600	200	0.003045	4.910231	53	95540.500674	0	2.035000	float64				ddc8008cdeaf
app	11	1	256000	200	0.003519	14.600754	53	955405.006738	0	2.035000	float64				ddc8008cdeaf
app	12	1	25600	200	0.006767	88.770390	52	256.065387	0	1.010000	float64				ddc8008cdeaf
app	12	1	256000	200	0.012952	330.675840	52	2560.654532	0	1.010000	float64				ddc8008cdeaf
app	13	1	25600	200	0.021710	448.454618	54	0.000000	0	5.005000	float64				ddc8008cdeaf
app	13	1	256000	200	0.143080	4718.184471	54	-0.000000	0	5.005000	float64				ddc8008cdeaf
app	6	1	25600	200	0.011899	266.094208	52	256.065463	0	3.005000	float64				ddc8008cdeaf
app	6	1	256000	200	0.029822	991.710424	52	2560.654707	0	3.005000	float64				ddc8008cdeaf
app	7	1	25600	200	0.060250	771.460533	58	25.611041	0	21.010000	float64				ddc8008cdeaf
app	7	1	256000	200	0.124111	2895.004749	58	0.000000	0	21.010000	float64				ddc8008cdeaf
app	8	1	25600	200	0.033366	501.289368	58	3221914.952339	0	11.140000	float64				ddc8008cdeaf
app	8	1	256000	200	0.660354	22250.618935	58	32261731.495851	0	11.140000	float64				ddc8008cdeaf
app	9	1	25600	200	0.036123	751.110315	58	214.208506	0	7.010000	float64				ddc8008cdeaf
app	9	1	256000	200	0.028244	557.374954	58	2158.224764	0	7.010000	float64				ddc8008cdeaf
app	10	1	25600	200	1.774426	4868.439436	89	0.000000	0	212.010000	float64				ddc8008cdeaf
app	10	1	191488	200	4.539793	96571.794748	92	0.000000	0	212.010000	float64				ddc8008cdeaf
app	0	1	1000000	200	0.003508	29.025078	52	1000000.000000	0	1.015000	float64				ddc8008cdeaf
app	0	4	1000000	200	0.003899	117.620230	53	1000000.000000	1	4.015000	float64				ddc8008cdeaf
app	0	8	1000000	200	0.008183	229.425430	52	1000000.000000	0	8.015000	float64				ddc8008cdeaf
app	0	4	10000	200	0.001025	19.910336	53	10000.000000	1	4.015000	float64				ddc8008cdeaf
app	0	4	100000	200	0.001159	21.995306	53	100000.000000	1	4.015000	float64				ddc8008cdeaf
app	0	4	1000000	200	0.003943	117.890835	53	1000000.000000	1	4.015000	float64				ddc8008cdeaf
app	0	4	10000000	200	0.034743	1133.354902	53	10000000.000000	0	4.015000	float64				ddc8008cdeaf
app	1	4	1000000	200	0.004050	119.585991	52	1000122.070313	0	4.160000	float64				ddc8008cdeaf
app	2	4	1000000	200	0.004095	119.270086	52	1000122.070313	0	4.160000	float64				ddc8008cdeaf
app	3	4	1000000	200	0.005895	176.120996	53	1533333.333333	0	6.015000	float64				ddc8008cdeaf
app	4	4	1000000	200	0.005394	144.934654	52	1533317.820224	0	5.015000	float64				ddc8008cdeaf
app	5	4	1000000	200	0.004738	146.650076	52	1533333.333333	0	5.035000	float64				ddc8008cdeaf
app	11	1	25600	200	0.002845	4.914999	53	95540.500674	0	2.035000	float64				ddc8008cdeaf
app	11	1	256000	200	0.003200	14.660358	53	955405.006738	0	2.035000	float64				ddc8008cdeaf
app	12	1	25600	200	0.006598	89.404583	52	256.065387	0	1.010000	float64				ddc8008cdeaf
app	12	1	256000	200	0.013007	333.263874	52	2560.654532	0	1.010000	float64				ddc8008cdeaf
app	13	1	25600	200	0.021688	448.424816	54	0.000000	0	5.005000	float64				ddc8008cdeaf
app	13	1	256000	200	0.144170	4754.658937	54	-0.000000	0	5.005000	float64				ddc8008cdeaf
app	6	1	25600	200	0.011952	268.125534	52	256.065463	0	3.005000	float64				ddc8008cdeaf
app	6	1	256000	200	0.030313	999.485254	52	2560.654707	0	3.005000	float64				ddc8008cdeaf
app	7	1	25600	200	0.061324	780.069828	58	25.611041	0	21.010000	float64				ddc8008cdeaf
app	7	1	256000	200	0.131338	2933.984995	58	0.000000	0	21.010000	float64				ddc8008cdeaf
app	8	1	25600	200	0.033124	505.059958	58	3221914.952339	0	11.140000	float64				ddc8008cdeaf
app	8	1	256000	200	0.664145	22353.860140	58	32261731.495851	0	11.140000	float64				ddc8008cdeaf
app	9	1	25600	200	0.034520	748.125315	58	214.208506	0	7.010000	float64				ddc8008cdeaf
app	9	1	256000	200	0.026536	553.730726	58	2158.224764	0	7.010000	float64				ddc8008cdeaf
app	10	1	25600	200	0.271644	4845.299721	89	0.000000	0	212.010000	float64				ddc8008cdeaf
app	10	1	191488	200	2.749008	96704.734564	92	0.000000	0	212.010000	float64				ddc8008cdeaf
app	0	1	1000000	200	0.003704	29.084682	52	1000000.000000	0	1.015000	float64				ddc8008cdeaf
app	0	4	1000000	200	0.003879	117.290020	53	1000000.000000	1	4.015000	float64				ddc8008cdeaf
app	0	8	1000000	200	0.008228	229.454041	52	1000000.000000	0	8.015000	float64				ddc8008cdeaf
app	0	4	10000	200	0.001036	19.509792	53	10000.000000	1	4.015000	float64				ddc8008cdeaf
app	0	4	100000	200	0.001076	20.805597	53	100000.000000	1	4.015000	float64				ddc8008cdeaf
app	0	4	1000000	200	0.003900	117.399693	53	1000000.000000	1	4.015000	float64				ddc8008cdeaf
app	0	4	10000000	200	0.034617	1133.060455	53	10000000.000000	0	4.015000	float64				ddc8008cdeaf
app	1	4	1000000	200	0.004091	119.520426	52	1000122.070313	0	4.160000	float64				ddc8008cdeaf
app	2	4	1000000	200	0.004153	119.389296	52	1000122.070313	0	4.160000	float64				ddc8008cdeaf
app	3	4	1000000	200	0.006060	178.325176	53	1533333.333333	0	6.015000	float64				ddc8008cdeaf
app	4	4	1000000	200	0.005390	144.979954	52	1533317.820224	0	5.015000	float64				ddc8008cdeaf
app	5	4	1000000	200	0.004789	146.754980	52	1533333.333333	0	5.035000	float64				ddc8008cdeaf
app	11	1	25600	200	0.003040	4.949570	53	95540.500674	0	2.035000	float64				ddc8008cdeaf
app	11	1	256000	200	0.003937	14.799833	53	955405.006738	0	2.035000	float64				ddc8008cdeaf
app	12	1	25600	200	0.006784	89.454651	52	256.065387	0	1.010000	float64				ddc8008cdeaf
app	12	1	256000	200	0.012993	333.224535	52	2560.654532	0	1.010000	float64				ddc8008cdeaf
app	13	1	25600	200	0.020947	423.810482	54	0.000000	0	5.005000	float64				ddc8008cdeaf
app	13	1	256000	200	0.144165	4754.645824	54	-0.000000	0	5.005000	float64				ddc8008cdeaf
app	6	1	25600	200	0.012571	268.144608	52	256.065463	0	3.005000	float64				ddc8008cdeaf
app	6	1	256000	200	0.030668	999.350548	52	2560.654707	0	3.005000	float64				ddc8008cdeaf
app	7	1	25600	200	0.064011	785.114765	58	25.611041	0	21.010000	float64				ddc8008cdeaf
app	7	1	256000	200	0.129727	2926.861048	58	0.000000	0	21.010000	float64				ddc8008cdeaf
app	8	1	25600	200	0.035214	506.554842	58	3221914.952339	0	11.140000	float64				ddc8008cdeaf
app	8	1	256000	200	0.663695	22354.035378	58	32261731.495851	0	11.140000	float64				ddc8008cdeaf
app	9	1	25600	200	0.034492	749.709606	58	214.208506	0	7.010000	float64				ddc8008cdeaf
app	9	1	256000	200	0.026572	554.460287	58	2158.224764	0	7.010000	float64				ddc8008cdeaf
app	10	1	25600	200	0.254922	4856.649637	89	0.000000	0	212.010000	float64				ddc8008cdeaf
app	10	1	191488	200	2.750188	96944.270134	92	0.000000	0	212.010000	float64				ddc8008cdeaf
